  Learning: 0 closed trades | win rate 0.0% | avg P&L +0.00%
  Learning status: need 12 closed trades, have 0
============================================================
  🪙 Crypto ADA Swing Trading Bot 🟢 LIVE 🤖 AUTO
  Pair: ADAUSD
  Risk per trade: 2.0%
  Min risk/reward: 2.0:1
  Profit target: 6.0%
  Stop loss: 3.0%
  RSI thresholds: 30/70
============================================================

[00:50:26] Cycle 1
  💰 Current Price: $0.26
  🎯 Signal: BUY (confidence: 0.42)
  📝 Reason: 5m: MACD bullish; 15m: MACD bullish; 1h: RSI oversold (26.0); 1h: MACD bearish

[00:50:57] Cycle 2
  💰 Current Price: $0.26
  🎯 Signal: BUY (confidence: 0.42)
  📝 Reason: 5m: MACD bullish; 15m: MACD bullish; 1h: RSI oversold (26.0); 1h: MACD bearish

[00:51:28] Cycle 3
  💰 Current Price: $0.26
  🎯 Signal: BUY (confidence: 0.42)
  📝 Reason: 5m: MACD bullish; 15m: MACD bullish; 1h: RSI oversold (26.0); 1h: MACD bearish

[00:51:59] Cycle 4
  💰 Current Price: $0.26
  🎯 Signal: BUY (confidence: 0.42)
  📝 Reason: 5m: MACD bullish; 15m: MACD bullish; 1h: RSI oversold (26.9); 1h: MACD bearish

[00:52:30] Cycle 5
  💰 Current Price: $0.26
  🎯 Signal: BUY (confidence: 0.42)
  📝 Reason: 5m: MACD bullish; 15m: MACD bullish; 1h: RSI oversold (26.9); 1h: MACD bearish

[00:53:01] Cycle 6
  💰 Current Price: $0.26
  🎯 Signal: BUY (confidence: 0.42)
  📝 Reason: 5m: MACD bullish; 15m: MACD bullish; 1h: RSI oversold (26.9); 1h: MACD bearish

[00:53:32] Cycle 7
  💰 Current Price: $0.26
  🎯 Signal: BUY (confidence: 0.42)
  📝 Reason: 5m: MACD bullish; 15m: MACD bullish; 1h: RSI oversold (26.9); 1h: MACD bearish

[00:54:03] Cycle 8
  💰 Current Price: $0.26
  🎯 Signal: BUY (confidence: 0.42)
  📝 Reason: 5m: MACD bullish; 15m: MACD bullish; 1h: RSI oversold (26.9); 1h: MACD bearish

[00:54:34] Cycle 9
  💰 Current Price: $0.26
  🎯 Signal: BUY (confidence: 0.42)
  📝 Reason: 5m: MACD bullish; 15m: MACD bullish; 1h: RSI oversold (26.9); 1h: MACD bearish

[00:55:04] Cycle 10
  💰 Current Price: $0.26
  🎯 Signal: BUY (confidence: 0.42)
  📝 Reason: 5m: MACD bullish; 15m: MACD bullish; 1h: RSI oversold (26.9); 1h: MACD bearish

[00:55:35] Cycle 11
  💰 Current Price: $0.26
  🎯 Signal: BUY (confidence: 0.42)
  📝 Reason: 5m: MACD bullish; 15m: MACD bullish; 1h: RSI oversold (26.9); 1h: MACD bearish

[00:56:06] Cycle 12
  💰 Current Price: $0.26
  🎯 Signal: BUY (confidence: 0.42)
  📝 Reason: 5m: MACD bullish; 15m: MACD bullish; 1h: RSI oversold (26.9); 1h: MACD bearish

[00:56:37] Cycle 13
  💰 Current Price: $0.26
  🎯 Signal: BUY (confidence: 0.42)
  📝 Reason: 5m: MACD bullish; 15m: MACD bullish; 1h: RSI oversold (26.3); 1h: MACD bearish

[00:57:08] Cycle 14
  💰 Current Price: $0.26
  🎯 Signal: BUY (confidence: 0.42)
  📝 Reason: 5m: MACD bullish; 15m: MACD bullish; 1h: RSI oversold (26.2); 1h: MACD bearish

[00:57:39] Cycle 15
  💰 Current Price: $0.26
  🎯 Signal: BUY (confidence: 0.42)
  📝 Reason: 5m: MACD bullish; 15m: MACD bullish; 1h: RSI oversold (26.3); 1h: MACD bearish

[00:58:10] Cycle 16
  💰 Current Price: $0.26
  🎯 Signal: BUY (confidence: 0.42)
  📝 Reason: 5m: MACD bullish; 15m: MACD bullish; 1h: RSI oversold (26.3); 1h: MACD bearish

[00:58:41] Cycle 17
  💰 Current Price: $0.26
  🎯 Signal: BUY (confidence: 0.42)
  📝 Reason: 5m: MACD bullish; 15m: MACD bullish; 1h: RSI oversold (25.8); 1h: MACD bearish

[00:59:12] Cycle 18
  💰 Current Price: $0.26
  🎯 Signal: BUY (confidence: 0.42)
  📝 Reason: 5m: MACD bullish; 15m: MACD bullish; 1h: RSI oversold (25.8); 1h: MACD bearish

[00:59:43] Cycle 19
  💰 Current Price: $0.26
  🎯 Signal: BUY (confidence: 0.42)
  📝 Reason: 5m: MACD bullish; 15m: MACD bullish; 1h: RSI oversold (25.8); 1h: MACD bearish

[01:00:14] Cycle 20
  💰 Current Price: $0.26
  🎯 Signal: BUY (confidence: 0.42)
  📝 Reason: 5m: MACD bullish; 15m: MACD bullish; 1h: RSI oversold (28.1); 1h: MACD bearish

[01:00:45] Cycle 21
  💰 Current Price: $0.26
  🎯 Signal: BUY (confidence: 0.42)
  📝 Reason: 5m: MACD bullish; 15m: MACD bullish; 1h: RSI oversold (28.1); 1h: MACD bearish

[01:01:16] Cycle 22
  💰 Current Price: $0.26
  🎯 Signal: BUY (confidence: 0.42)
  📝 Reason: 5m: MACD bullish; 15m: MACD bullish; 1h: RSI oversold (28.9); 1h: MACD bearish

[01:01:47] Cycle 23
  💰 Current Price: $0.26
  🎯 Signal: BUY (confidence: 0.42)
  📝 Reason: 5m: MACD bullish; 15m: MACD bullish; 1h: RSI oversold (29.5); 1h: MACD bearish

[01:02:18] Cycle 24
  💰 Current Price: $0.26
  🎯 Signal: HOLD (confidence: 0.12)
  📝 Reason: 5m: MACD bullish; 15m: MACD bullish; 1h: MACD bearish; 4h: RSI oversold (20.4)

[01:02:48] Cycle 25
  💰 Current Price: $0.26
  🎯 Signal: HOLD (confidence: 0.12)
  📝 Reason: 5m: MACD bullish; 15m: MACD bullish; 1h: MACD bearish; 4h: RSI oversold (20.6)

[01:03:19] Cycle 26
  💰 Current Price: $0.26
  🎯 Signal: HOLD (confidence: 0.12)
  📝 Reason: 5m: MACD bullish; 15m: MACD bullish; 1h: MACD bearish; 4h: RSI oversold (20.6)

[01:03:50] Cycle 27
  💰 Current Price: $0.26
  🎯 Signal: HOLD (confidence: 0.12)
  📝 Reason: 5m: MACD bullish; 15m: MACD bullish; 1h: MACD bearish; 4h: RSI oversold (20.5)

[01:04:21] Cycle 28
  💰 Current Price: $0.26
  🎯 Signal: HOLD (confidence: 0.12)
  📝 Reason: 5m: MACD bullish; 15m: MACD bullish; 1h: MACD bearish; 4h: RSI oversold (20.5)

[01:04:52] Cycle 29
  💰 Current Price: $0.26
  🎯 Signal: HOLD (confidence: 0.12)
  📝 Reason: 5m: MACD bullish; 15m: MACD bullish; 1h: MACD bearish; 4h: RSI oversold (20.4)

[01:05:23] Cycle 30
  💰 Current Price: $0.26
  🎯 Signal: HOLD (confidence: 0.12)
  📝 Reason: 5m: MACD bullish; 15m: MACD bullish; 1h: MACD bearish; 4h: RSI oversold (20.4)

[01:05:54] Cycle 31
  💰 Current Price: $0.26
  🎯 Signal: BUY (confidence: 0.42)
  📝 Reason: 5m: MACD bullish; 15m: MACD bullish; 1h: RSI oversold (29.6); 1h: MACD bearish

[01:06:25] Cycle 32
  💰 Current Price: $0.26
  🎯 Signal: BUY (confidence: 0.42)
  📝 Reason: 5m: MACD bullish; 15m: MACD bullish; 1h: RSI oversold (29.6); 1h: MACD bearish

[01:06:56] Cycle 33
  💰 Current Price: $0.26
  🎯 Signal: BUY (confidence: 0.42)
  📝 Reason: 5m: MACD bullish; 15m: MACD bullish; 1h: RSI oversold (29.6); 1h: MACD bearish

[01:07:27] Cycle 34
  💰 Current Price: $0.26
  🎯 Signal: BUY (confidence: 0.42)
  📝 Reason: 5m: MACD bullish; 15m: MACD bullish; 1h: RSI oversold (29.4); 1h: MACD bearish

[01:07:58] Cycle 35
  💰 Current Price: $0.26
  🎯 Signal: BUY (confidence: 0.42)
  📝 Reason: 5m: MACD bullish; 15m: MACD bullish; 1h: RSI oversold (29.4); 1h: MACD bearish

[01:08:29] Cycle 36
  💰 Current Price: $0.26
  🎯 Signal: BUY (confidence: 0.42)
  📝 Reason: 5m: MACD bullish; 15m: MACD bullish; 1h: RSI oversold (29.4); 1h: MACD bearish

[01:09:00] Cycle 37
  💰 Current Price: $0.26
  🎯 Signal: HOLD (confidence: 0.12)
  📝 Reason: 5m: MACD bullish; 15m: MACD bullish; 1h: MACD bearish; 4h: RSI oversold (20.3)

[01:09:31] Cycle 38
  💰 Current Price: $0.26
  🎯 Signal: HOLD (confidence: 0.12)
  📝 Reason: 5m: MACD bullish; 15m: MACD bullish; 1h: MACD bearish; 4h: RSI oversold (20.4)

[01:10:02] Cycle 39
  💰 Current Price: $0.26
  🎯 Signal: HOLD (confidence: 0.12)
  📝 Reason: 5m: MACD bullish; 15m: MACD bullish; 1h: MACD bearish; 4h: RSI oversold (20.4)

[01:10:33] Cycle 40
  💰 Current Price: $0.26
  🎯 Signal: HOLD (confidence: 0.12)
  📝 Reason: 5m: MACD bullish; 15m: MACD bullish; 1h: MACD bearish; 4h: RSI oversold (20.4)

[01:11:04] Cycle 41
  💰 Current Price: $0.26
  🎯 Signal: HOLD (confidence: 0.12)
  📝 Reason: 5m: MACD bullish; 15m: MACD bullish; 1h: MACD bearish; 4h: RSI oversold (20.4)

[01:11:35] Cycle 42
  💰 Current Price: $0.26
  🎯 Signal: HOLD (confidence: 0.12)
  📝 Reason: 5m: MACD bullish; 15m: MACD bullish; 1h: MACD bearish; 4h: RSI oversold (20.5)

[01:12:06] Cycle 43
  💰 Current Price: $0.26
  🎯 Signal: HOLD (confidence: 0.12)
  Learning: 0 closed trades | win rate 0.0% | avg P&L +0.00%
  Learning status: need 12 closed trades, have 0
============================================================
  🪙 Crypto ADA Swing Trading Bot 🟢 LIVE 🤖 AUTO
  Pair: ADAUSD
  Risk per trade: 2.0%
  Min risk/reward: 2.0:1
  Profit target: 6.0%
  Stop loss: 3.0%
  RSI thresholds: 30/70
============================================================

[00:53:09] Cycle 1
  💰 Current Price: $0.26
  🎯 Signal: BUY (confidence: 0.42)
  📝 Reason: 5m: MACD bullish; 15m: MACD bullish; 1h: RSI oversold (26.9); 1h: MACD bearish

[00:53:40] Cycle 2
  💰 Current Price: $0.26
  🎯 Signal: BUY (confidence: 0.42)
  📝 Reason: 5m: MACD bullish; 15m: MACD bullish; 1h: RSI oversold (26.9); 1h: MACD bearish

[00:54:11] Cycle 3
  💰 Current Price: $0.26
  🎯 Signal: BUY (confidence: 0.42)
  📝 Reason: 5m: MACD bullish; 15m: MACD bullish; 1h: RSI oversold (26.9); 1h: MACD bearish

[00:54:42] Cycle 4
  💰 Current Price: $0.26
  🎯 Signal: BUY (confidence: 0.42)
  📝 Reason: 5m: MACD bullish; 15m: MACD bullish; 1h: RSI oversold (26.9); 1h: MACD bearish

[00:55:13] Cycle 5
  💰 Current Price: $0.26
  🎯 Signal: BUY (confidence: 0.42)
  📝 Reason: 5m: MACD bullish; 15m: MACD bullish; 1h: RSI oversold (26.9); 1h: MACD bearish

[00:55:44] Cycle 6
  💰 Current Price: $0.26
  🎯 Signal: BUY (confidence: 0.42)
  📝 Reason: 5m: MACD bullish; 15m: MACD bullish; 1h: RSI oversold (26.9); 1h: MACD bearish

[00:56:15] Cycle 7
  💰 Current Price: $0.26
  🎯 Signal: BUY (confidence: 0.42)
  📝 Reason: 5m: MACD bullish; 15m: MACD bullish; 1h: RSI oversold (26.3); 1h: MACD bearish

[00:56:46] Cycle 8
  💰 Current Price: $0.26
  🎯 Signal: BUY (confidence: 0.42)
  📝 Reason: 5m: MACD bullish; 15m: MACD bullish; 1h: RSI oversold (26.3); 1h: MACD bearish

[00:57:17] Cycle 9
  💰 Current Price: $0.26
  🎯 Signal: BUY (confidence: 0.42)
  📝 Reason: 5m: MACD bullish; 15m: MACD bullish; 1h: RSI oversold (26.3); 1h: MACD bearish

[00:57:48] Cycle 10
  💰 Current Price: $0.26
  🎯 Signal: BUY (confidence: 0.42)
  📝 Reason: 5m: MACD bullish; 15m: MACD bullish; 1h: RSI oversold (26.3); 1h: MACD bearish

[00:58:18] Cycle 11
  💰 Current Price: $0.26
  🎯 Signal: BUY (confidence: 0.42)
  📝 Reason: 5m: MACD bullish; 15m: MACD bullish; 1h: RSI oversold (26.3); 1h: MACD bearish

[00:58:49] Cycle 12
  💰 Current Price: $0.26
  🎯 Signal: BUY (confidence: 0.42)
  📝 Reason: 5m: MACD bullish; 15m: MACD bullish; 1h: RSI oversold (25.8); 1h: MACD bearish

[00:59:20] Cycle 13
  💰 Current Price: $0.26
  🎯 Signal: BUY (confidence: 0.42)
  📝 Reason: 5m: MACD bullish; 15m: MACD bullish; 1h: RSI oversold (25.8); 1h: MACD bearish

[00:59:51] Cycle 14
  💰 Current Price: $0.26
  🎯 Signal: BUY (confidence: 0.42)
  📝 Reason: 5m: MACD bullish; 15m: MACD bullish; 1h: RSI oversold (25.8); 1h: MACD bearish

[01:00:22] Cycle 15
  💰 Current Price: $0.26
  🎯 Signal: BUY (confidence: 0.42)
  📝 Reason: 5m: MACD bullish; 15m: MACD bullish; 1h: RSI oversold (28.1); 1h: MACD bearish

[01:00:53] Cycle 16
  💰 Current Price: $0.26
  🎯 Signal: BUY (confidence: 0.42)
  📝 Reason: 5m: MACD bullish; 15m: MACD bullish; 1h: RSI oversold (28.5); 1h: MACD bearish

[01:01:24] Cycle 17
  💰 Current Price: $0.26
  🎯 Signal: BUY (confidence: 0.42)
  📝 Reason: 5m: MACD bullish; 15m: MACD bullish; 1h: RSI oversold (28.9); 1h: MACD bearish

[01:01:55] Cycle 18
  💰 Current Price: $0.26
  🎯 Signal: HOLD (confidence: 0.12)
  📝 Reason: 5m: MACD bullish; 15m: MACD bullish; 1h: MACD bearish; 4h: RSI oversold (20.4)

[01:02:25] Cycle 19
  💰 Current Price: $0.26
  🎯 Signal: HOLD (confidence: 0.12)
  📝 Reason: 5m: MACD bullish; 15m: MACD bullish; 1h: MACD bearish; 4h: RSI oversold (20.6)

[01:02:56] Cycle 20
  💰 Current Price: $0.26
  🎯 Signal: HOLD (confidence: 0.12)
  📝 Reason: 5m: MACD bullish; 15m: MACD bullish; 1h: MACD bearish; 4h: RSI oversold (20.8)

[01:03:27] Cycle 21
  💰 Current Price: $0.26
  🎯 Signal: HOLD (confidence: 0.12)
  📝 Reason: 5m: MACD bullish; 15m: MACD bullish; 1h: MACD bearish; 4h: RSI oversold (20.5)

[01:03:58] Cycle 22
  💰 Current Price: $0.26
  🎯 Signal: HOLD (confidence: 0.12)
  📝 Reason: 5m: MACD bullish; 15m: MACD bullish; 1h: MACD bearish; 4h: RSI oversold (20.5)

[01:04:29] Cycle 23
  💰 Current Price: $0.26
  🎯 Signal: HOLD (confidence: 0.12)
  📝 Reason: 5m: MACD bullish; 15m: MACD bullish; 1h: MACD bearish; 4h: RSI oversold (20.5)

[01:05:00] Cycle 24
  💰 Current Price: $0.26
  🎯 Signal: HOLD (confidence: 0.12)
  📝 Reason: 5m: MACD bullish; 15m: MACD bullish; 1h: MACD bearish; 4h: RSI oversold (20.4)

[01:05:31] Cycle 25
  💰 Current Price: $0.26
  🎯 Signal: BUY (confidence: 0.42)
  📝 Reason: 5m: MACD bullish; 15m: MACD bullish; 1h: RSI oversold (29.9); 1h: MACD bearish

[01:06:02] Cycle 26
  💰 Current Price: $0.26
  🎯 Signal: BUY (confidence: 0.42)
  📝 Reason: 5m: MACD bullish; 15m: MACD bullish; 1h: RSI oversold (29.6); 1h: MACD bearish

[01:06:33] Cycle 27
  💰 Current Price: $0.26
  🎯 Signal: BUY (confidence: 0.42)
  📝 Reason: 5m: MACD bullish; 15m: MACD bullish; 1h: RSI oversold (29.6); 1h: MACD bearish

[01:07:04] Cycle 28
  💰 Current Price: $0.26
  🎯 Signal: BUY (confidence: 0.42)
  📝 Reason: 5m: MACD bullish; 15m: MACD bullish; 1h: RSI oversold (29.6); 1h: MACD bearish

[01:07:35] Cycle 29
  💰 Current Price: $0.26
  🎯 Signal: BUY (confidence: 0.42)
  📝 Reason: 5m: MACD bullish; 15m: MACD bullish; 1h: RSI oversold (29.4); 1h: MACD bearish

[01:08:06] Cycle 30
  💰 Current Price: $0.26
  🎯 Signal: BUY (confidence: 0.42)
  📝 Reason: 5m: MACD bullish; 15m: MACD bullish; 1h: RSI oversold (29.4); 1h: MACD bearish

[01:08:36] Cycle 31
  💰 Current Price: $0.26
  🎯 Signal: BUY (confidence: 0.42)
  📝 Reason: 5m: MACD bullish; 15m: MACD bullish; 1h: RSI oversold (29.4); 1h: MACD bearish

[01:09:07] Cycle 32
  💰 Current Price: $0.26
  🎯 Signal: HOLD (confidence: 0.12)
  📝 Reason: 5m: MACD bullish; 15m: MACD bullish; 1h: MACD bearish; 4h: RSI oversold (20.3)

[01:09:38] Cycle 33
  💰 Current Price: $0.26
  🎯 Signal: HOLD (confidence: 0.12)
  📝 Reason: 5m: MACD bullish; 15m: MACD bullish; 1h: MACD bearish; 4h: RSI oversold (20.4)

[01:10:10] Cycle 34
  💰 Current Price: $0.26
  🎯 Signal: HOLD (confidence: 0.12)
  📝 Reason: 5m: MACD bullish; 15m: MACD bullish; 1h: MACD bearish; 4h: RSI oversold (20.4)

[01:10:41] Cycle 35
  💰 Current Price: $0.26
  🎯 Signal: HOLD (confidence: 0.12)
  📝 Reason: 5m: MACD bullish; 15m: MACD bullish; 1h: MACD bearish; 4h: RSI oversold (20.4)

[01:11:12] Cycle 36
  💰 Current Price: $0.26
  🎯 Signal: HOLD (confidence: 0.12)
  📝 Reason: 5m: MACD bullish; 15m: MACD bullish; 1h: MACD bearish; 4h: RSI oversold (20.5)

[01:11:43] Cycle 37
  💰 Current Price: $0.26
  🎯 Signal: HOLD (confidence: 0.12)
  📝 Reason: 5m: MACD bullish; 15m: MACD bullish; 1h: MACD bearish; 4h: RSI oversold (20.5)

[01:12:14] Cycle 38
  💰 Current Price: $0.26
  🎯 Signal: HOLD (confidence: 0.12)
  📝 Reason: 5m: MACD bullish; 15m: MACD bullish; 1h: MACD bearish; 4h: RSI oversold (20.5)

[01:12:45] Cycle 39
  💰 Current Price: $0.26
  🎯 Signal: BUY (confidence: 0.42)
  📝 Reason: 5m: MACD bullish; 15m: MACD bullish; 1h: RSI oversold (29.8); 1h: MACD bearish

[01:13:16] Cycle 40
  💰 Current Price: $0.26
  🎯 Signal: BUY (confidence: 0.42)
  📝 Reason: 5m: MACD bullish; 15m: MACD bullish; 1h: RSI oversold (29.9); 1h: MACD bearish

[01:13:47] Cycle 41
  💰 Current Price: $0.26
  🎯 Signal: BUY (confidence: 0.42)
  📝 Reason: 5m: MACD bullish; 15m: MACD bullish; 1h: RSI oversold (29.9); 1h: MACD bearish

[01:14:18] Cycle 42
  💰 Current Price: $0.26
  🎯 Signal: BUY (confidence: 0.42)
  📝 Reason: 5m: MACD bullish; 15m: MACD bullish; 1h: RSI oversold (29.9); 1h: MACD bearish

[01:14:49] Cycle 43
  💰 Current Price: $0.26
  🎯 Signal: BUY (confidence: 0.42)
  📝 Reason: 5m: MACD bullish; 15m: MACD bullish; 1h: MACD bearish; 4h: RSI oversold (20.5)

[01:12:36] Cycle 44
  💰 Current Price: $0.26
  🎯 Signal: BUY (confidence: 0.42)
  📝 Reason: 5m: MACD bullish; 15m: MACD bullish; 1h: RSI oversold (29.8); 1h: MACD bearish

[01:13:07] Cycle 45
  💰 Current Price: $0.26
  🎯 Signal: BUY (confidence: 0.42)
  📝 Reason: 5m: MACD bullish; 15m: MACD bullish; 1h: RSI oversold (29.9); 1h: MACD bearish

[01:13:38] Cycle 46
  💰 Current Price: $0.26
  🎯 Signal: BUY (confidence: 0.42)
  📝 Reason: 5m: MACD bullish; 15m: MACD bullish; 1h: RSI oversold (29.9); 1h: MACD bearish

[01:14:09] Cycle 47
  💰 Current Price: $0.26
  🎯 Signal: BUY (confidence: 0.42)
  📝 Reason: 5m: MACD bullish; 15m: MACD bullish; 1h: RSI oversold (29.9); 1h: MACD bearish

[01:14:40] Cycle 48
  💰 Current Price: $0.26
  🎯 Signal: BUY (confidence: 0.42)
  📝 Reason: 5m: MACD bullish; 15m: MACD bullish; 1h: RSI oversold (29.9); 1h: MACD bearish

[01:15:11] Cycle 49
  💰 Current Price: $0.26
  🎯 Signal: BUY (confidence: 0.42)
  📝 Reason: 5m: MACD bullish; 15m: MACD bullish; 1h: RSI oversold (29.9); 1h: MACD bearish

[01:15:42] Cycle 50
  💰 Current Price: $0.26
  🎯 Signal: BUY (confidence: 0.42)
  📝 Reason: 5m: MACD bullish; 15m: MACD bullish; 1h: RSI oversold (29.6); 1h: MACD bearish

[01:16:13] Cycle 51
  💰 Current Price: $0.26
  🎯 Signal: BUY (confidence: 0.42)
  📝 Reason: 5m: MACD bullish; 15m: MACD bullish; 1h: RSI oversold (29.6); 1h: MACD bearish

[01:16:44] Cycle 52
  💰 Current Price: $0.26
  🎯 Signal: BUY (confidence: 0.42)
  📝 Reason: 5m: MACD bullish; 15m: MACD bullish; 1h: RSI oversold (29.6); 1h: MACD bearish

[01:17:15] Cycle 53
  💰 Current Price: $0.26
  🎯 Signal: BUY (confidence: 0.42)
  📝 Reason: 5m: MACD bullish; 15m: MACD bullish; 1h: RSI oversold (29.7); 1h: MACD bearish

[01:17:46] Cycle 54
  💰 Current Price: $0.26
  🎯 Signal: BUY (confidence: 0.42)
  📝 Reason: 5m: MACD bullish; 15m: MACD bullish; 1h: RSI oversold (29.7); 1h: MACD bearish

[01:18:17] Cycle 55
  💰 Current Price: $0.26
  🎯 Signal: BUY (confidence: 0.42)
  📝 Reason: 5m: MACD bullish; 15m: MACD bullish; 1h: RSI oversold (29.5); 1h: MACD bearish

[01:18:48] Cycle 56
  💰 Current Price: $0.26
  🎯 Signal: BUY (confidence: 0.42)
  📝 Reason: 5m: MACD bullish; 15m: MACD bullish; 1h: RSI oversold (29.0); 1h: MACD bearish

[01:19:19] Cycle 57
  💰 Current Price: $0.26
  🎯 Signal: BUY (confidence: 0.42)
  📝 Reason: 5m: MACD bullish; 15m: MACD bullish; 1h: RSI oversold (29.5); 1h: MACD bearish

[01:19:50] Cycle 58
  💰 Current Price: $0.26
  🎯 Signal: BUY (confidence: 0.42)
  📝 Reason: 5m: MACD bullish; 15m: MACD bullish; 1h: RSI oversold (29.5); 1h: MACD bearish

[01:20:22] Cycle 59
  💰 Current Price: $0.26
  🎯 Signal: BUY (confidence: 0.42)
  📝 Reason: 5m: MACD bullish; 15m: MACD bullish; 1h: RSI oversold (29.5); 1h: MACD bearish

[01:20:52] Cycle 60
  💰 Current Price: $0.26
  🎯 Signal: BUY (confidence: 0.42)
  📝 Reason: 5m: MACD bullish; 15m: MACD bullish; 1h: RSI oversold (29.5); 1h: MACD bearish

[01:21:31] Cycle 61
  💰 Current Price: $0.26
  🎯 Signal: BUY (confidence: 0.42)
  📝 Reason: 5m: MACD bullish; 15m: MACD bullish; 1h: RSI oversold (29.0); 1h: MACD bearish

[01:22:03] Cycle 62
  💰 Current Price: $0.26
  🎯 Signal: BUY (confidence: 0.42)
  📝 Reason: 5m: MACD bullish; 15m: MACD bullish; 1h: RSI oversold (28.8); 1h: MACD bearish

[01:22:34] Cycle 63
  💰 Current Price: $0.26
  🎯 Signal: BUY (confidence: 0.42)
  📝 Reason: 5m: MACD bullish; 15m: MACD bullish; 1h: RSI oversold (28.8); 1h: MACD bearish

[01:23:05] Cycle 64
  💰 Current Price: $0.26
  🎯 Signal: BUY (confidence: 0.42)
  📝 Reason: 5m: MACD bullish; 15m: MACD bullish; 1h: RSI oversold (28.7); 1h: MACD bearish

[01:23:43] Cycle 65
  💰 Current Price: $0.26
  🎯 Signal: BUY (confidence: 0.42)
  📝 Reason: 5m: MACD bullish; 15m: MACD bullish; 1h: RSI oversold (28.7); 1h: MACD bearish

[01:24:13] Cycle 66
  💰 Current Price: $0.26
  🎯 Signal: BUY (confidence: 0.42)
  📝 Reason: 5m: MACD bullish; 15m: MACD bullish; 1h: RSI oversold (28.1); 1h: MACD bearish

[01:24:44] Cycle 67
  💰 Current Price: $0.26
  🎯 Signal: BUY (confidence: 0.42)
  📝 Reason: 5m: MACD bullish; 15m: MACD bullish; 1h: RSI oversold (28.1); 1h: MACD bearish

[01:25:15] Cycle 68
  💰 Current Price: $0.26
  🎯 Signal: BUY (confidence: 0.42)
  📝 Reason: 5m: MACD bullish; 15m: MACD bullish; 1h: RSI oversold (28.1); 1h: MACD bearish

[01:25:46] Cycle 69
  💰 Current Price: $0.26
  🎯 Signal: BUY (confidence: 0.42)
  📝 Reason: 5m: MACD bullish; 15m: MACD bullish; 1h: RSI oversold (28.0); 1h: MACD bearish

[01:26:17] Cycle 70
  💰 Current Price: $0.26
  🎯 Signal: BUY (confidence: 0.42)
  📝 Reason: 5m: MACD bullish; 15m: MACD bullish; 1h: RSI oversold (28.0); 1h: MACD bearish

[01:26:48] Cycle 71
  💰 Current Price: $0.26
  🎯 Signal: BUY (confidence: 0.42)
  📝 Reason: 5m: MACD bullish; 15m: MACD bullish; 1h: RSI oversold (28.2); 1h: MACD bearish

[01:27:19] Cycle 72
  💰 Current Price: $0.26
  🎯 Signal: BUY (confidence: 0.42)
  📝 Reason: 5m: MACD bullish; 15m: MACD bullish; 1h: RSI oversold (28.0); 1h: MACD bearish

[01:27:49] Cycle 73
  💰 Current Price: $0.26
  🎯 Signal: BUY (confidence: 0.42)
  📝 Reason: 5m: MACD bullish; 15m: MACD bullish; 1h: RSI oversold (28.0); 1h: MACD bearish

[01:28:20] Cycle 74
  💰 Current Price: $0.26
  🎯 Signal: BUY (confidence: 0.42)
  📝 Reason: 5m: MACD bullish; 15m: MACD bullish; 1h: RSI oversold (28.0); 1h: MACD bearish

[01:28:51] Cycle 75
  💰 Current Price: $0.26
  🎯 Signal: BUY (confidence: 0.42)
  📝 Reason: 5m: MACD bullish; 15m: MACD bullish; 1h: RSI oversold (28.0); 1h: MACD bearish

[01:29:22] Cycle 76
  💰 Current Price: $0.26
  🎯 Signal: BUY (confidence: 0.42)
  📝 Reason: 5m: MACD bullish; 15m: MACD bullish; 1h: RSI oversold (28.1); 1h: MACD bearish

[01:29:53] Cycle 77
  💰 Current Price: $0.26
  🎯 Signal: BUY (confidence: 0.42)
  📝 Reason: 5m: MACD bullish; 15m: MACD bullish; 1h: RSI oversold (28.1); 1h: MACD bearish

[01:30:24] Cycle 78
  💰 Current Price: $0.26
  🎯 Signal: BUY (confidence: 0.42)
  📝 Reason: 5m: MACD bullish; 15m: MACD bullish; 1h: RSI oversold (28.5); 1h: MACD bearish

[01:30:56] Cycle 79
  💰 Current Price: $0.26
  🎯 Signal: BUY (confidence: 0.42)
  📝 Reason: 5m: MACD bullish; 15m: MACD bullish; 1h: RSI oversold (27.9); 1h: MACD bearish

[01:31:26] Cycle 80
  💰 Current Price: $0.26
  🎯 Signal: BUY (confidence: 0.42)
  📝 Reason: 5m: MACD bullish; 15m: MACD bullish; 1h: RSI oversold (27.9); 1h: MACD bearish

[01:31:57] Cycle 81
  💰 Current Price: $0.26
  🎯 Signal: BUY (confidence: 0.42)
  📝 Reason: 5m: MACD bullish; 15m: MACD bullish; 1h: RSI oversold (27.9); 1h: MACD bearish

[01:32:29] Cycle 82
  💰 Current Price: $0.26
  🎯 Signal: BUY (confidence: 0.42)
  📝 Reason: 5m: MACD bullish; 15m: MACD bullish; 1h: RSI oversold (27.9); 1h: MACD bearish

[01:32:59] Cycle 83
  💰 Current Price: $0.26
  🎯 Signal: BUY (confidence: 0.42)
  📝 Reason: 5m: MACD bullish; 15m: MACD bullish; 1h: RSI oversold (27.9); 1h: MACD bearish

[01:33:30] Cycle 84
  💰 Current Price: $0.26
  🎯 Signal: BUY (confidence: 0.42)
  📝 Reason: 5m: MACD bullish; 15m: MACD bullish; 1h: RSI oversold (27.9); 1h: MACD bearish

[01:34:01] Cycle 85
  💰 Current Price: $0.26
  🎯 Signal: BUY (confidence: 0.42)
  📝 Reason: 5m: MACD bullish; 15m: MACD bullish; 1h: RSI oversold (27.9); 1h: MACD bearish

[01:34:32] Cycle 86
  💰 Current Price: $0.26
  🎯 Signal: BUY (confidence: 0.42)
  📝 Reason: 5m: MACD bullish; 15m: MACD bullish; 1h: RSI oversold (27.9); 1h: MACD bearish

[01:35:03] Cycle 87
  💰 Current Price: $0.26
  🎯 Signal: BUY (confidence: 0.42)
  📝 Reason: 5m: MACD bullish; 15m: MACD bullish; 1h: RSI oversold (27.8); 1h: MACD bearish

[01:35:34] Cycle 88
  💰 Current Price: $0.26
  🎯 Signal: BUY (confidence: 0.42)
  📝 Reason: 5m: MACD bullish; 15m: MACD bullish; 1h: RSI oversold (29.9); 1h: MACD bearish

[01:15:19] Cycle 44
  💰 Current Price: $0.26
  🎯 Signal: BUY (confidence: 0.42)
  📝 Reason: 5m: MACD bullish; 15m: MACD bullish; 1h: RSI oversold (29.9); 1h: MACD bearish

[01:15:50] Cycle 45
  💰 Current Price: $0.26
  🎯 Signal: BUY (confidence: 0.42)
  📝 Reason: 5m: MACD bullish; 15m: MACD bullish; 1h: RSI oversold (29.6); 1h: MACD bearish

[01:16:21] Cycle 46
  💰 Current Price: $0.26
  🎯 Signal: BUY (confidence: 0.42)
  📝 Reason: 5m: MACD bullish; 15m: MACD bullish; 1h: RSI oversold (29.6); 1h: MACD bearish

[01:16:52] Cycle 47
  💰 Current Price: $0.26
  🎯 Signal: BUY (confidence: 0.42)
  📝 Reason: 5m: MACD bullish; 15m: MACD bullish; 1h: RSI oversold (29.6); 1h: MACD bearish

[01:17:23] Cycle 48
  💰 Current Price: $0.26
  🎯 Signal: BUY (confidence: 0.42)
  📝 Reason: 5m: MACD bullish; 15m: MACD bullish; 1h: RSI oversold (29.7); 1h: MACD bearish

[01:17:54] Cycle 49
  💰 Current Price: $0.26
  🎯 Signal: BUY (confidence: 0.42)
  📝 Reason: 5m: MACD bullish; 15m: MACD bullish; 1h: RSI oversold (29.7); 1h: MACD bearish

[01:18:25] Cycle 50
  💰 Current Price: $0.26
  🎯 Signal: BUY (confidence: 0.42)
  📝 Reason: 5m: MACD bullish; 15m: MACD bullish; 1h: RSI oversold (29.0); 1h: MACD bearish

[01:18:56] Cycle 51
  💰 Current Price: $0.26
  🎯 Signal: BUY (confidence: 0.42)
  📝 Reason: 5m: MACD bullish; 15m: MACD bullish; 1h: RSI oversold (29.0); 1h: MACD bearish

[01:19:27] Cycle 52
  💰 Current Price: $0.26
  🎯 Signal: BUY (confidence: 0.42)
  📝 Reason: 5m: MACD bullish; 15m: MACD bullish; 1h: RSI oversold (29.5); 1h: MACD bearish

[01:19:58] Cycle 53
  💰 Current Price: $0.26
  🎯 Signal: BUY (confidence: 0.42)
  📝 Reason: 5m: MACD bullish; 15m: MACD bullish; 1h: RSI oversold (29.5); 1h: MACD bearish

[01:20:29] Cycle 54
  💰 Current Price: $0.26
  🎯 Signal: BUY (confidence: 0.42)
  📝 Reason: 5m: MACD bullish; 15m: MACD bullish; 1h: RSI oversold (29.5); 1h: MACD bearish

[01:21:00] Cycle 55
  💰 Current Price: $0.26
  🎯 Signal: BUY (confidence: 0.42)
  📝 Reason: 5m: MACD bullish; 15m: MACD bullish; 1h: RSI oversold (29.5); 1h: MACD bearish

[01:21:39] Cycle 56
  💰 Current Price: $0.26
  🎯 Signal: BUY (confidence: 0.42)
  📝 Reason: 5m: MACD bullish; 15m: MACD bullish; 1h: RSI oversold (29.0); 1h: MACD bearish

[01:22:17] Cycle 57
  💰 Current Price: $0.26
  🎯 Signal: BUY (confidence: 0.42)
  📝 Reason: 5m: MACD bullish; 15m: MACD bullish; 1h: RSI oversold (28.8); 1h: MACD bearish

[01:22:56] Cycle 58
  💰 Current Price: $0.26
  🎯 Signal: BUY (confidence: 0.42)
  📝 Reason: 5m: MACD bullish; 15m: MACD bullish; 1h: RSI oversold (28.8); 1h: MACD bearish

[01:23:27] Cycle 59
  💰 Current Price: $0.26
  🎯 Signal: BUY (confidence: 0.42)
  📝 Reason: 5m: MACD bullish; 15m: MACD bullish; 1h: RSI oversold (28.7); 1h: MACD bearish

[01:23:58] Cycle 60
  💰 Current Price: $0.26
  🎯 Signal: BUY (confidence: 0.42)
  📝 Reason: 5m: MACD bullish; 15m: MACD bullish; 1h: RSI oversold (28.7); 1h: MACD bearish

[01:24:29] Cycle 61
  💰 Current Price: $0.26
  🎯 Signal: BUY (confidence: 0.42)
  📝 Reason: 5m: MACD bullish; 15m: MACD bullish; 1h: RSI oversold (28.1); 1h: MACD bearish

[01:25:00] Cycle 62
  💰 Current Price: $0.26
  🎯 Signal: BUY (confidence: 0.42)
  📝 Reason: 5m: MACD bullish; 15m: MACD bullish; 1h: RSI oversold (28.1); 1h: MACD bearish

[01:25:31] Cycle 63
  💰 Current Price: $0.26
  🎯 Signal: BUY (confidence: 0.42)
  📝 Reason: 5m: MACD bullish; 15m: MACD bullish; 1h: RSI oversold (28.1); 1h: MACD bearish

[01:26:02] Cycle 64
  💰 Current Price: $0.26
  🎯 Signal: BUY (confidence: 0.42)
  📝 Reason: 5m: MACD bullish; 15m: MACD bullish; 1h: RSI oversold (28.0); 1h: MACD bearish

[01:26:33] Cycle 65
  💰 Current Price: $0.26
  🎯 Signal: BUY (confidence: 0.42)
  📝 Reason: 5m: MACD bullish; 15m: MACD bullish; 1h: RSI oversold (28.0); 1h: MACD bearish

[01:27:03] Cycle 66
  💰 Current Price: $0.26
  🎯 Signal: BUY (confidence: 0.42)
  📝 Reason: 5m: MACD bullish; 15m: MACD bullish; 1h: RSI oversold (28.0); 1h: MACD bearish

[01:27:34] Cycle 67
  💰 Current Price: $0.26
  🎯 Signal: BUY (confidence: 0.42)
  📝 Reason: 5m: MACD bullish; 15m: MACD bullish; 1h: RSI oversold (28.0); 1h: MACD bearish

[01:28:05] Cycle 68
  💰 Current Price: $0.26
  🎯 Signal: BUY (confidence: 0.42)
  📝 Reason: 5m: MACD bullish; 15m: MACD bullish; 1h: RSI oversold (28.0); 1h: MACD bearish

[01:28:36] Cycle 69
  💰 Current Price: $0.26
  🎯 Signal: BUY (confidence: 0.42)
  📝 Reason: 5m: MACD bullish; 15m: MACD bullish; 1h: RSI oversold (28.0); 1h: MACD bearish

[01:29:07] Cycle 70
  💰 Current Price: $0.26
  🎯 Signal: BUY (confidence: 0.42)
  📝 Reason: 5m: MACD bullish; 15m: MACD bullish; 1h: RSI oversold (28.0); 1h: MACD bearish

[01:29:38] Cycle 71
  💰 Current Price: $0.26
  🎯 Signal: BUY (confidence: 0.42)
  📝 Reason: 5m: MACD bullish; 15m: MACD bullish; 1h: RSI oversold (28.1); 1h: MACD bearish

[01:30:09] Cycle 72
  💰 Current Price: $0.26
  🎯 Signal: BUY (confidence: 0.42)
  📝 Reason: 5m: MACD bullish; 15m: MACD bullish; 1h: RSI oversold (28.1); 1h: MACD bearish

[01:30:40] Cycle 73
  💰 Current Price: $0.26
  🎯 Signal: BUY (confidence: 0.42)
  📝 Reason: 5m: MACD bullish; 15m: MACD bullish; 1h: RSI oversold (28.5); 1h: MACD bearish

[01:31:11] Cycle 74
  💰 Current Price: $0.26
  🎯 Signal: BUY (confidence: 0.42)
  📝 Reason: 5m: MACD bullish; 15m: MACD bullish; 1h: RSI oversold (27.9); 1h: MACD bearish

[01:31:42] Cycle 75
  💰 Current Price: $0.26
  🎯 Signal: BUY (confidence: 0.42)
  📝 Reason: 5m: MACD bullish; 15m: MACD bullish; 1h: RSI oversold (27.9); 1h: MACD bearish

[01:32:13] Cycle 76
  💰 Current Price: $0.26
  🎯 Signal: BUY (confidence: 0.42)
  📝 Reason: 5m: MACD bullish; 15m: MACD bullish; 1h: RSI oversold (27.9); 1h: MACD bearish

[01:32:44] Cycle 77
  💰 Current Price: $0.26
  🎯 Signal: BUY (confidence: 0.42)
  📝 Reason: 5m: MACD bullish; 15m: MACD bullish; 1h: RSI oversold (27.9); 1h: MACD bearish

[01:33:15] Cycle 78
  💰 Current Price: $0.26
  🎯 Signal: BUY (confidence: 0.42)
  📝 Reason: 5m: MACD bullish; 15m: MACD bullish; 1h: RSI oversold (27.9); 1h: MACD bearish

[01:33:46] Cycle 79
  💰 Current Price: $0.26
  🎯 Signal: BUY (confidence: 0.42)
  📝 Reason: 5m: MACD bullish; 15m: MACD bullish; 1h: RSI oversold (27.9); 1h: MACD bearish

[01:34:17] Cycle 80
  💰 Current Price: $0.26
  🎯 Signal: BUY (confidence: 0.42)
  📝 Reason: 5m: MACD bullish; 15m: MACD bullish; 1h: RSI oversold (27.9); 1h: MACD bearish

[01:34:48] Cycle 81
  💰 Current Price: $0.26
  🎯 Signal: BUY (confidence: 0.42)
  📝 Reason: 5m: MACD bullish; 15m: MACD bullish; 1h: RSI oversold (27.8); 1h: MACD bearish

[01:35:19] Cycle 82
  💰 Current Price: $0.26
  🎯 Signal: BUY (confidence: 0.42)
  📝 Reason: 5m: MACD bullish; 15m: MACD bullish; 1h: RSI oversold (27.8); 1h: MACD bearish

[01:35:50] Cycle 83
  💰 Current Price: $0.26
  🎯 Signal: BUY (confidence: 0.42)
  📝 Reason: 5m: MACD bullish; 15m: MACD bullish; 1h: RSI oversold (27.9); 1h: MACD bearish

[01:36:21] Cycle 84
  💰 Current Price: $0.26
  🎯 Signal: BUY (confidence: 0.42)
  📝 Reason: 5m: MACD bullish; 15m: MACD bullish; 1h: RSI oversold (27.9); 1h: MACD bearish

[01:36:52] Cycle 85
  💰 Current Price: $0.26
  🎯 Signal: BUY (confidence: 0.42)
  📝 Reason: 5m: MACD bullish; 15m: MACD bullish; 1h: RSI oversold (27.7); 1h: MACD bearish

[01:37:23] Cycle 86
  💰 Current Price: $0.26
  🎯 Signal: BUY (confidence: 0.42)
  📝 Reason: 5m: MACD bullish; 15m: MACD bullish; 1h: RSI oversold (27.7); 1h: MACD bearish

[01:37:54] Cycle 87
  💰 Current Price: $0.26
  🎯 Signal: BUY (confidence: 0.42)
  📝 Reason: 5m: MACD bullish; 15m: MACD bullish; 1h: RSI oversold (28.0); 1h: MACD bearish

[01:38:25] Cycle 88
  💰 Current Price: $0.26
  🎯 Signal: BUY (confidence: 0.42)
  📝 Reason: 5m: MACD bullish; 15m: MACD bullish; 1h: RSI oversold (27.8); 1h: MACD bearish

[01:36:05] Cycle 89
  💰 Current Price: $0.26
  🎯 Signal: BUY (confidence: 0.42)
  📝 Reason: 5m: MACD bullish; 15m: MACD bullish; 1h: RSI oversold (27.9); 1h: MACD bearish

[01:36:36] Cycle 90
  💰 Current Price: $0.26
  🎯 Signal: BUY (confidence: 0.42)
  📝 Reason: 5m: MACD bullish; 15m: MACD bullish; 1h: RSI oversold (27.9); 1h: MACD bearish

[01:37:07] Cycle 91
  💰 Current Price: $0.26
  🎯 Signal: BUY (confidence: 0.42)
  📝 Reason: 5m: MACD bullish; 15m: MACD bullish; 1h: RSI oversold (27.7); 1h: MACD bearish

[01:37:38] Cycle 92
  💰 Current Price: $0.26
  🎯 Signal: BUY (confidence: 0.42)
  📝 Reason: 5m: MACD bullish; 15m: MACD bullish; 1h: RSI oversold (28.0); 1h: MACD bearish

[01:38:09] Cycle 93
  💰 Current Price: $0.26
  🎯 Signal: BUY (confidence: 0.42)
  📝 Reason: 5m: MACD bullish; 15m: MACD bullish; 1h: RSI oversold (28.0); 1h: MACD bearish

[01:38:40] Cycle 94
  💰 Current Price: $0.26
  🎯 Signal: BUY (confidence: 0.42)
  📝 Reason: 5m: MACD bullish; 15m: MACD bullish; 1h: RSI oversold (28.0); 1h: MACD bearish

[01:39:11] Cycle 95
  💰 Current Price: $0.26
  🎯 Signal: BUY (confidence: 0.42)
  📝 Reason: 5m: MACD bullish; 15m: MACD bullish; 1h: RSI oversold (28.0); 1h: MACD bearish

[01:39:42] Cycle 96
  💰 Current Price: $0.26
  🎯 Signal: BUY (confidence: 0.42)
  📝 Reason: 5m: MACD bullish; 15m: MACD bullish; 1h: RSI oversold (28.0); 1h: MACD bearish

[01:40:13] Cycle 97
  💰 Current Price: $0.26
  🎯 Signal: BUY (confidence: 0.42)
  📝 Reason: 5m: MACD bullish; 15m: MACD bullish; 1h: RSI oversold (28.3); 1h: MACD bearish

[01:40:44] Cycle 98
  💰 Current Price: $0.26
  🎯 Signal: BUY (confidence: 0.42)
  📝 Reason: 5m: MACD bullish; 15m: MACD bullish; 1h: RSI oversold (28.0); 1h: MACD bearish

[01:41:14] Cycle 99
  💰 Current Price: $0.26
  🎯 Signal: BUY (confidence: 0.42)
  📝 Reason: 5m: MACD bullish; 15m: MACD bullish; 1h: RSI oversold (28.0); 1h: MACD bearish

[01:41:46] Cycle 100
  💰 Current Price: $0.26
  🎯 Signal: BUY (confidence: 0.42)
  📝 Reason: 5m: MACD bullish; 15m: MACD bullish; 1h: RSI oversold (28.0); 1h: MACD bearish

[01:42:16] Cycle 101
  💰 Current Price: $0.26
  🎯 Signal: BUY (confidence: 0.42)
  📝 Reason: 5m: MACD bullish; 15m: MACD bullish; 1h: RSI oversold (28.0); 1h: MACD bearish

[01:42:47] Cycle 102
  💰 Current Price: $0.26
  🎯 Signal: BUY (confidence: 0.42)
  📝 Reason: 5m: MACD bullish; 15m: MACD bullish; 1h: RSI oversold (28.0); 1h: MACD bearish

[01:43:18] Cycle 103
  💰 Current Price: $0.26
  🎯 Signal: BUY (confidence: 0.42)
  📝 Reason: 5m: MACD bullish; 15m: MACD bullish; 1h: RSI oversold (28.0); 1h: MACD bearish

[01:43:49] Cycle 104
  💰 Current Price: $0.26
  🎯 Signal: BUY (confidence: 0.42)
  📝 Reason: 5m: MACD bullish; 15m: MACD bullish; 1h: RSI oversold (27.9); 1h: MACD bearish

[01:44:20] Cycle 105
  💰 Current Price: $0.26
  🎯 Signal: BUY (confidence: 0.42)
  📝 Reason: 5m: MACD bullish; 15m: MACD bullish; 1h: RSI oversold (27.9); 1h: MACD bearish

[01:44:51] Cycle 106
  💰 Current Price: $0.26
  🎯 Signal: BUY (confidence: 0.42)
  📝 Reason: 5m: MACD bullish; 15m: MACD bullish; 1h: RSI oversold (27.9); 1h: MACD bearish

[01:45:22] Cycle 107
  💰 Current Price: $0.26
  🎯 Signal: BUY (confidence: 0.42)
  📝 Reason: 5m: MACD bullish; 15m: MACD bullish; 1h: RSI oversold (28.0); 1h: MACD bearish

[01:45:53] Cycle 108
  💰 Current Price: $0.26
  🎯 Signal: BUY (confidence: 0.42)
  📝 Reason: 5m: MACD bullish; 15m: MACD bullish; 1h: RSI oversold (28.0); 1h: MACD bearish

[01:46:23] Cycle 109
  💰 Current Price: $0.26
  🎯 Signal: BUY (confidence: 0.42)
  📝 Reason: 5m: MACD bullish; 15m: MACD bullish; 1h: RSI oversold (28.0); 1h: MACD bearish

[01:46:54] Cycle 110
  💰 Current Price: $0.26
  🎯 Signal: BUY (confidence: 0.42)
  📝 Reason: 5m: MACD bullish; 15m: MACD bullish; 1h: RSI oversold (28.0); 1h: MACD bearish

[01:47:26] Cycle 111
  💰 Current Price: $0.26
  🎯 Signal: BUY (confidence: 0.42)
  📝 Reason: 5m: MACD bullish; 15m: MACD bullish; 1h: RSI oversold (28.0); 1h: MACD bearish

[01:47:57] Cycle 112
  💰 Current Price: $0.26
  🎯 Signal: BUY (confidence: 0.42)
  📝 Reason: 5m: MACD bullish; 15m: MACD bullish; 1h: RSI oversold (28.0); 1h: MACD bearish

[01:48:28] Cycle 113
  💰 Current Price: $0.26
  🎯 Signal: BUY (confidence: 0.42)
  📝 Reason: 5m: MACD bullish; 15m: MACD bullish; 1h: RSI oversold (28.1); 1h: MACD bearish

[01:48:59] Cycle 114
  💰 Current Price: $0.26
  🎯 Signal: BUY (confidence: 0.42)
  📝 Reason: 5m: MACD bullish; 15m: MACD bullish; 1h: RSI oversold (28.1); 1h: MACD bearish

[01:49:30] Cycle 115
  💰 Current Price: $0.26
  🎯 Signal: BUY (confidence: 0.42)
  📝 Reason: 5m: MACD bullish; 15m: MACD bullish; 1h: RSI oversold (28.1); 1h: MACD bearish

[01:50:01] Cycle 116
  💰 Current Price: $0.26
  🎯 Signal: BUY (confidence: 0.33)
  📝 Reason: 5m: MACD bearish; 15m: MACD bullish; 1h: RSI oversold (28.1); 1h: MACD bearish

[01:50:32] Cycle 117
  💰 Current Price: $0.26
  🎯 Signal: BUY (confidence: 0.42)
  📝 Reason: 5m: MACD bullish; 15m: MACD bullish; 1h: RSI oversold (28.5); 1h: MACD bearish

[01:51:03] Cycle 118
  💰 Current Price: $0.26
  🎯 Signal: BUY (confidence: 0.42)
  📝 Reason: 5m: MACD bullish; 15m: MACD bullish; 1h: RSI oversold (28.5); 1h: MACD bearish

[01:51:34] Cycle 119
  💰 Current Price: $0.26
  🎯 Signal: BUY (confidence: 0.42)
  📝 Reason: 5m: MACD bullish; 15m: MACD bullish; 1h: RSI oversold (28.5); 1h: MACD bearish

[01:52:05] Cycle 120
  💰 Current Price: $0.26
  🎯 Signal: BUY (confidence: 0.42)
  📝 Reason: 5m: MACD bullish; 15m: MACD bullish; 1h: RSI oversold (28.5); 1h: MACD bearish

[01:52:36] Cycle 121
  💰 Current Price: $0.26
  🎯 Signal: BUY (confidence: 0.42)
  📝 Reason: 5m: MACD bullish; 15m: MACD bullish; 1h: RSI oversold (29.0); 1h: MACD bearish

[01:53:07] Cycle 122
  💰 Current Price: $0.26
  🎯 Signal: BUY (confidence: 0.42)
  📝 Reason: 5m: MACD bullish; 15m: MACD bullish; 1h: RSI oversold (29.0); 1h: MACD bearish

[01:53:38] Cycle 123
  💰 Current Price: $0.26
  🎯 Signal: BUY (confidence: 0.42)
  📝 Reason: 5m: MACD bullish; 15m: MACD bullish; 1h: RSI oversold (28.8); 1h: MACD bearish

[01:54:09] Cycle 124
  💰 Current Price: $0.26
  🎯 Signal: BUY (confidence: 0.42)
  📝 Reason: 5m: MACD bullish; 15m: MACD bullish; 1h: RSI oversold (28.8); 1h: MACD bearish

[01:54:40] Cycle 125
  💰 Current Price: $0.26
  🎯 Signal: BUY (confidence: 0.42)
  📝 Reason: 5m: MACD bullish; 15m: MACD bullish; 1h: RSI oversold (28.8); 1h: MACD bearish

[01:55:11] Cycle 126
  💰 Current Price: $0.26
  🎯 Signal: BUY (confidence: 0.42)
  📝 Reason: 5m: MACD bullish; 15m: MACD bullish; 1h: RSI oversold (28.8); 1h: MACD bearish

[01:55:42] Cycle 127
  💰 Current Price: $0.26
  🎯 Signal: BUY (confidence: 0.42)
  📝 Reason: 5m: MACD bullish; 15m: MACD bullish; 1h: RSI oversold (28.4); 1h: MACD bearish

[01:56:13] Cycle 128
  💰 Current Price: $0.26
  🎯 Signal: BUY (confidence: 0.42)
  📝 Reason: 5m: MACD bullish; 15m: MACD bullish; 1h: RSI oversold (28.4); 1h: MACD bearish

[01:56:44] Cycle 129
  💰 Current Price: $0.26
  🎯 Signal: BUY (confidence: 0.42)
  📝 Reason: 5m: MACD bullish; 15m: MACD bullish; 1h: RSI oversold (28.1); 1h: MACD bearish

[01:57:15] Cycle 130
  💰 Current Price: $0.26
  🎯 Signal: BUY (confidence: 0.42)
  📝 Reason: 5m: MACD bullish; 15m: MACD bullish; 1h: RSI oversold (28.1); 1h: MACD bearish

[01:57:46] Cycle 131
  💰 Current Price: $0.26
  🎯 Signal: BUY (confidence: 0.42)
  📝 Reason: 5m: MACD bullish; 15m: MACD bullish; 1h: RSI oversold (28.1); 1h: MACD bearish

[01:58:17] Cycle 132
  💰 Current Price: $0.26
  🎯 Signal: BUY (confidence: 0.33)
  📝 Reason: 5m: MACD bearish; 15m: MACD bullish; 1h: RSI oversold (27.7); 1h: MACD bearish

[01:58:48] Cycle 133
  💰 Current Price: $0.26
  🎯 Signal: BUY (confidence: 0.33)
  📝 Reason: 5m: MACD bullish; 15m: MACD bullish; 1h: RSI oversold (28.0); 1h: MACD bearish

[01:38:56] Cycle 89
  💰 Current Price: $0.26
  🎯 Signal: BUY (confidence: 0.42)
  📝 Reason: 5m: MACD bullish; 15m: MACD bullish; 1h: RSI oversold (28.0); 1h: MACD bearish

[01:39:27] Cycle 90
  💰 Current Price: $0.26
  🎯 Signal: BUY (confidence: 0.42)
  📝 Reason: 5m: MACD bullish; 15m: MACD bullish; 1h: RSI oversold (28.0); 1h: MACD bearish

[01:39:58] Cycle 91
  💰 Current Price: $0.26
  🎯 Signal: BUY (confidence: 0.42)
  📝 Reason: 5m: MACD bullish; 15m: MACD bullish; 1h: RSI oversold (28.3); 1h: MACD bearish

[01:40:29] Cycle 92
  💰 Current Price: $0.26
  🎯 Signal: BUY (confidence: 0.42)
  📝 Reason: 5m: MACD bullish; 15m: MACD bullish; 1h: RSI oversold (28.3); 1h: MACD bearish

[01:41:00] Cycle 93
  💰 Current Price: $0.26
  🎯 Signal: BUY (confidence: 0.42)
  📝 Reason: 5m: MACD bullish; 15m: MACD bullish; 1h: RSI oversold (28.0); 1h: MACD bearish

[01:41:31] Cycle 94
  💰 Current Price: $0.26
  🎯 Signal: BUY (confidence: 0.42)
  📝 Reason: 5m: MACD bullish; 15m: MACD bullish; 1h: RSI oversold (28.0); 1h: MACD bearish

[01:42:02] Cycle 95
  💰 Current Price: $0.26
  🎯 Signal: BUY (confidence: 0.42)
  📝 Reason: 5m: MACD bullish; 15m: MACD bullish; 1h: RSI oversold (28.0); 1h: MACD bearish

[01:42:33] Cycle 96
  💰 Current Price: $0.26
  🎯 Signal: BUY (confidence: 0.42)
  📝 Reason: 5m: MACD bullish; 15m: MACD bullish; 1h: RSI oversold (28.0); 1h: MACD bearish

[01:43:04] Cycle 97
  💰 Current Price: $0.26
  🎯 Signal: BUY (confidence: 0.42)
  📝 Reason: 5m: MACD bullish; 15m: MACD bullish; 1h: RSI oversold (28.0); 1h: MACD bearish

[01:43:35] Cycle 98
  💰 Current Price: $0.26
  🎯 Signal: BUY (confidence: 0.42)
  📝 Reason: 5m: MACD bullish; 15m: MACD bullish; 1h: RSI oversold (27.9); 1h: MACD bearish

[01:44:06] Cycle 99
  💰 Current Price: $0.26
  🎯 Signal: BUY (confidence: 0.42)
  📝 Reason: 5m: MACD bullish; 15m: MACD bullish; 1h: RSI oversold (27.9); 1h: MACD bearish

[01:44:37] Cycle 100
  💰 Current Price: $0.26
  🎯 Signal: BUY (confidence: 0.42)
  📝 Reason: 5m: MACD bullish; 15m: MACD bullish; 1h: RSI oversold (27.9); 1h: MACD bearish

[01:45:08] Cycle 101
  💰 Current Price: $0.26
  🎯 Signal: BUY (confidence: 0.42)
  📝 Reason: 5m: MACD bullish; 15m: MACD bullish; 1h: RSI oversold (28.0); 1h: MACD bearish

[01:45:39] Cycle 102
  💰 Current Price: $0.26
  🎯 Signal: BUY (confidence: 0.42)
  📝 Reason: 5m: MACD bullish; 15m: MACD bullish; 1h: RSI oversold (28.0); 1h: MACD bearish

[01:46:10] Cycle 103
  💰 Current Price: $0.26
  🎯 Signal: BUY (confidence: 0.42)
  📝 Reason: 5m: MACD bullish; 15m: MACD bullish; 1h: RSI oversold (28.0); 1h: MACD bearish

[01:46:41] Cycle 104
  💰 Current Price: $0.26
  🎯 Signal: BUY (confidence: 0.42)
  📝 Reason: 5m: MACD bullish; 15m: MACD bullish; 1h: RSI oversold (28.0); 1h: MACD bearish

[01:47:12] Cycle 105
  💰 Current Price: $0.26
  🎯 Signal: BUY (confidence: 0.42)
  📝 Reason: 5m: MACD bullish; 15m: MACD bullish; 1h: RSI oversold (28.0); 1h: MACD bearish

[01:47:43] Cycle 106
  💰 Current Price: $0.26
  🎯 Signal: BUY (confidence: 0.42)
  📝 Reason: 5m: MACD bullish; 15m: MACD bullish; 1h: RSI oversold (28.0); 1h: MACD bearish

[01:48:14] Cycle 107
  💰 Current Price: $0.26
  🎯 Signal: BUY (confidence: 0.42)
  📝 Reason: 5m: MACD bullish; 15m: MACD bullish; 1h: RSI oversold (28.0); 1h: MACD bearish

[01:48:45] Cycle 108
  💰 Current Price: $0.26
  🎯 Signal: BUY (confidence: 0.42)
  📝 Reason: 5m: MACD bullish; 15m: MACD bullish; 1h: RSI oversold (28.1); 1h: MACD bearish

[01:49:16] Cycle 109
  💰 Current Price: $0.26
  🎯 Signal: BUY (confidence: 0.42)
  📝 Reason: 5m: MACD bullish; 15m: MACD bullish; 1h: RSI oversold (28.1); 1h: MACD bearish

[01:49:46] Cycle 110
  💰 Current Price: $0.26
  🎯 Signal: BUY (confidence: 0.42)
  📝 Reason: 5m: MACD bullish; 15m: MACD bullish; 1h: RSI oversold (28.1); 1h: MACD bearish

[01:50:18] Cycle 111
  💰 Current Price: $0.26
  🎯 Signal: BUY (confidence: 0.33)
  📝 Reason: 5m: MACD bearish; 15m: MACD bullish; 1h: RSI oversold (27.9); 1h: MACD bearish

[01:50:49] Cycle 112
  💰 Current Price: $0.26
  🎯 Signal: BUY (confidence: 0.42)
  📝 Reason: 5m: MACD bullish; 15m: MACD bullish; 1h: RSI oversold (28.5); 1h: MACD bearish

[01:51:19] Cycle 113
  💰 Current Price: $0.26
  🎯 Signal: BUY (confidence: 0.42)
  📝 Reason: 5m: MACD bullish; 15m: MACD bullish; 1h: RSI oversold (28.5); 1h: MACD bearish

[01:51:50] Cycle 114
  💰 Current Price: $0.26
  🎯 Signal: BUY (confidence: 0.42)
  📝 Reason: 5m: MACD bullish; 15m: MACD bullish; 1h: RSI oversold (28.5); 1h: MACD bearish

[01:52:21] Cycle 115
  💰 Current Price: $0.26
  🎯 Signal: BUY (confidence: 0.42)
  📝 Reason: 5m: MACD bullish; 15m: MACD bullish; 1h: RSI oversold (28.5); 1h: MACD bearish

[01:52:52] Cycle 116
  💰 Current Price: $0.26
  🎯 Signal: BUY (confidence: 0.42)
  📝 Reason: 5m: MACD bullish; 15m: MACD bullish; 1h: RSI oversold (29.0); 1h: MACD bearish

[01:53:23] Cycle 117
  💰 Current Price: $0.26
  🎯 Signal: BUY (confidence: 0.42)
  📝 Reason: 5m: MACD bullish; 15m: MACD bullish; 1h: RSI oversold (28.8); 1h: MACD bearish

[01:53:54] Cycle 118
  💰 Current Price: $0.26
  🎯 Signal: BUY (confidence: 0.42)
  📝 Reason: 5m: MACD bullish; 15m: MACD bullish; 1h: RSI oversold (28.8); 1h: MACD bearish

[01:54:25] Cycle 119
  💰 Current Price: $0.26
  🎯 Signal: BUY (confidence: 0.42)
  📝 Reason: 5m: MACD bullish; 15m: MACD bullish; 1h: RSI oversold (28.8); 1h: MACD bearish

[01:54:56] Cycle 120
  💰 Current Price: $0.26
  🎯 Signal: BUY (confidence: 0.42)
  📝 Reason: 5m: MACD bullish; 15m: MACD bullish; 1h: RSI oversold (28.8); 1h: MACD bearish

[01:55:27] Cycle 121
  💰 Current Price: $0.26
  🎯 Signal: BUY (confidence: 0.42)
  📝 Reason: 5m: MACD bullish; 15m: MACD bullish; 1h: RSI oversold (28.4); 1h: MACD bearish

[01:55:58] Cycle 122
  💰 Current Price: $0.26
  🎯 Signal: BUY (confidence: 0.42)
  📝 Reason: 5m: MACD bullish; 15m: MACD bullish; 1h: RSI oversold (28.4); 1h: MACD bearish

[01:56:29] Cycle 123
  💰 Current Price: $0.26
  🎯 Signal: BUY (confidence: 0.42)
  📝 Reason: 5m: MACD bullish; 15m: MACD bullish; 1h: RSI oversold (28.1); 1h: MACD bearish

[01:57:00] Cycle 124
  💰 Current Price: $0.26
  🎯 Signal: BUY (confidence: 0.42)
  📝 Reason: 5m: MACD bullish; 15m: MACD bullish; 1h: RSI oversold (28.1); 1h: MACD bearish

[01:57:31] Cycle 125
  💰 Current Price: $0.26
  🎯 Signal: BUY (confidence: 0.42)
  📝 Reason: 5m: MACD bullish; 15m: MACD bullish; 1h: RSI oversold (28.1); 1h: MACD bearish

[01:58:02] Cycle 126
  💰 Current Price: $0.26
  🎯 Signal: BUY (confidence: 0.42)
  📝 Reason: 5m: MACD bullish; 15m: MACD bullish; 1h: RSI oversold (28.1); 1h: MACD bearish

[01:58:33] Cycle 127
  💰 Current Price: $0.26
  🎯 Signal: BUY (confidence: 0.33)
  📝 Reason: 5m: MACD bearish; 15m: MACD bullish; 1h: RSI oversold (27.7); 1h: MACD bearish

[01:59:03] Cycle 128
  💰 Current Price: $0.26
  🎯 Signal: BUY (confidence: 0.33)
  📝 Reason: 5m: MACD bearish; 15m: MACD bullish; 1h: RSI oversold (27.7); 1h: MACD bearish

[01:59:34] Cycle 129
  💰 Current Price: $0.26
  🎯 Signal: BUY (confidence: 0.33)
  📝 Reason: 5m: MACD bearish; 15m: MACD bullish; 1h: RSI oversold (27.7); 1h: MACD bearish

[02:00:05] Cycle 130
  💰 Current Price: $0.26
  🎯 Signal: BUY (confidence: 0.33)
  📝 Reason: 5m: MACD bearish; 15m: MACD bullish; 1h: RSI oversold (27.3); 1h: MACD bearish

[02:00:36] Cycle 131
  💰 Current Price: $0.26
  🎯 Signal: BUY (confidence: 0.33)
  📝 Reason: 5m: MACD bearish; 15m: MACD bullish; 1h: RSI oversold (27.3); 1h: MACD bearish

[02:01:07] Cycle 132
  💰 Current Price: $0.26
  🎯 Signal: BUY (confidence: 0.33)
  📝 Reason: 5m: MACD bearish; 15m: MACD bullish; 1h: RSI oversold (27.3); 1h: MACD bearish

[02:01:38] Cycle 133
  💰 Current Price: $0.26
  🎯 Signal: BUY (confidence: 0.33)
  📝 Reason: 5m: MACD bearish; 15m: MACD bullish; 1h: RSI oversold (27.7); 1h: MACD bearish

[01:59:18] Cycle 134
  💰 Current Price: $0.26
  🎯 Signal: BUY (confidence: 0.33)
  📝 Reason: 5m: MACD bearish; 15m: MACD bullish; 1h: RSI oversold (27.7); 1h: MACD bearish

[01:59:49] Cycle 135
  💰 Current Price: $0.26
  🎯 Signal: BUY (confidence: 0.33)
  📝 Reason: 5m: MACD bearish; 15m: MACD bullish; 1h: RSI oversold (27.7); 1h: MACD bearish

[02:00:20] Cycle 136
  💰 Current Price: $0.26
  🎯 Signal: BUY (confidence: 0.33)
  📝 Reason: 5m: MACD bearish; 15m: MACD bullish; 1h: RSI oversold (27.3); 1h: MACD bearish

[02:00:51] Cycle 137
  💰 Current Price: $0.26
  🎯 Signal: BUY (confidence: 0.33)
  📝 Reason: 5m: MACD bearish; 15m: MACD bullish; 1h: RSI oversold (27.3); 1h: MACD bearish

[02:01:22] Cycle 138
  💰 Current Price: $0.26
  🎯 Signal: BUY (confidence: 0.33)
  📝 Reason: 5m: MACD bearish; 15m: MACD bullish; 1h: RSI oversold (27.3); 1h: MACD bearish

[02:01:53] Cycle 139
  💰 Current Price: $0.26
  🎯 Signal: BUY (confidence: 0.33)
  📝 Reason: 5m: MACD bearish; 15m: MACD bullish; 1h: RSI oversold (27.3); 1h: MACD bearish

[02:02:24] Cycle 140
  💰 Current Price: $0.26
  🎯 Signal: BUY (confidence: 0.33)
  📝 Reason: 5m: MACD bearish; 15m: MACD bullish; 1h: RSI oversold (27.3); 1h: MACD bearish

[02:02:54] Cycle 141
  💰 Current Price: $0.26
  🎯 Signal: BUY (confidence: 0.33)
  📝 Reason: 5m: MACD bearish; 15m: MACD bullish; 1h: RSI oversold (27.1); 1h: MACD bearish

[02:03:25] Cycle 142
  💰 Current Price: $0.26
  🎯 Signal: BUY (confidence: 0.33)
  📝 Reason: 5m: MACD bearish; 15m: MACD bullish; 1h: RSI oversold (27.0); 1h: MACD bearish

[02:03:56] Cycle 143
  💰 Current Price: $0.26
  🎯 Signal: BUY (confidence: 0.33)
  📝 Reason: 5m: MACD bearish; 15m: MACD bullish; 1h: RSI oversold (27.0); 1h: MACD bearish

[02:04:28] Cycle 144
  💰 Current Price: $0.26
  🎯 Signal: BUY (confidence: 0.33)
  📝 Reason: 5m: MACD bearish; 15m: MACD bullish; 1h: RSI oversold (27.0); 1h: MACD bearish

[02:04:59] Cycle 145
  💰 Current Price: $0.26
  🎯 Signal: BUY (confidence: 0.33)
  📝 Reason: 5m: MACD bearish; 15m: MACD bullish; 1h: RSI oversold (26.9); 1h: MACD bearish

[02:05:30] Cycle 146
  💰 Current Price: $0.26
  🎯 Signal: BUY (confidence: 0.33)
  📝 Reason: 5m: MACD bearish; 15m: MACD bullish; 1h: RSI oversold (27.0); 1h: MACD bearish

[02:06:01] Cycle 147
  💰 Current Price: $0.26
  🎯 Signal: BUY (confidence: 0.33)
  📝 Reason: 5m: MACD bearish; 15m: MACD bullish; 1h: RSI oversold (26.9); 1h: MACD bearish

[02:06:32] Cycle 148
  💰 Current Price: $0.26
  🎯 Signal: BUY (confidence: 0.33)
  📝 Reason: 5m: MACD bearish; 15m: MACD bullish; 1h: RSI oversold (26.9); 1h: MACD bearish

[02:07:03] Cycle 149
  💰 Current Price: $0.26
  🎯 Signal: BUY (confidence: 0.33)
  📝 Reason: 5m: MACD bearish; 15m: MACD bullish; 1h: RSI oversold (26.9); 1h: MACD bearish

[02:07:34] Cycle 150
  💰 Current Price: $0.26
  🎯 Signal: BUY (confidence: 0.33)
  📝 Reason: 5m: MACD bearish; 15m: MACD bullish; 1h: RSI oversold (26.9); 1h: MACD bearish

[02:08:05] Cycle 151
  💰 Current Price: $0.26
  🎯 Signal: BUY (confidence: 0.33)
  📝 Reason: 5m: MACD bearish; 15m: MACD bullish; 1h: RSI oversold (26.9); 1h: MACD bearish

[02:08:36] Cycle 152
  💰 Current Price: $0.26
  🎯 Signal: BUY (confidence: 0.33)
  📝 Reason: 5m: MACD bearish; 15m: MACD bullish; 1h: RSI oversold (27.0); 1h: MACD bearish

[02:09:07] Cycle 153
  💰 Current Price: $0.26
  🎯 Signal: BUY (confidence: 0.33)
  📝 Reason: 5m: MACD bearish; 15m: MACD bullish; 1h: RSI oversold (27.0); 1h: MACD bearish

[02:09:38] Cycle 154
  💰 Current Price: $0.26
  🎯 Signal: BUY (confidence: 0.33)
  📝 Reason: 5m: MACD bearish; 15m: MACD bullish; 1h: RSI oversold (27.0); 1h: MACD bearish

[02:10:08] Cycle 155
  💰 Current Price: $0.26
  🎯 Signal: BUY (confidence: 0.33)
  📝 Reason: 5m: MACD bearish; 15m: MACD bullish; 1h: RSI oversold (27.3); 1h: MACD bearish

[02:10:39] Cycle 156
  💰 Current Price: $0.26
  🎯 Signal: BUY (confidence: 0.33)
  📝 Reason: 5m: MACD bearish; 15m: MACD bullish; 1h: RSI oversold (27.3); 1h: MACD bearish

[02:11:10] Cycle 157
  💰 Current Price: $0.26
  🎯 Signal: BUY (confidence: 0.33)
  📝 Reason: 5m: MACD bearish; 15m: MACD bullish; 1h: RSI oversold (27.3); 1h: MACD bearish

[02:11:41] Cycle 158
  💰 Current Price: $0.26
  🎯 Signal: BUY (confidence: 0.33)
  📝 Reason: 5m: MACD bearish; 15m: MACD bullish; 1h: RSI oversold (27.3); 1h: MACD bearish

[02:12:12] Cycle 159
  💰 Current Price: $0.26
  🎯 Signal: BUY (confidence: 0.33)
  📝 Reason: 5m: MACD bearish; 15m: MACD bullish; 1h: RSI oversold (27.2); 1h: MACD bearish

[02:12:43] Cycle 160
  💰 Current Price: $0.26
  🎯 Signal: BUY (confidence: 0.33)
  📝 Reason: 5m: MACD bearish; 15m: MACD bullish; 1h: RSI oversold (27.2); 1h: MACD bearish

[02:13:14] Cycle 161
  💰 Current Price: $0.26
  🎯 Signal: BUY (confidence: 0.33)
  📝 Reason: 5m: MACD bearish; 15m: MACD bullish; 1h: RSI oversold (27.2); 1h: MACD bearish

[02:13:45] Cycle 162
  💰 Current Price: $0.26
  🎯 Signal: BUY (confidence: 0.33)
  📝 Reason: 5m: MACD bearish; 15m: MACD bullish; 1h: RSI oversold (27.2); 1h: MACD bearish

[02:14:16] Cycle 163
  💰 Current Price: $0.26
  🎯 Signal: BUY (confidence: 0.33)
  📝 Reason: 5m: MACD bearish; 15m: MACD bullish; 1h: RSI oversold (27.2); 1h: MACD bearish

[02:14:47] Cycle 164
  💰 Current Price: $0.26
  🎯 Signal: BUY (confidence: 0.33)
  📝 Reason: 5m: MACD bearish; 15m: MACD bullish; 1h: RSI oversold (27.2); 1h: MACD bearish

[02:15:18] Cycle 165
  💰 Current Price: $0.26
  🎯 Signal: BUY (confidence: 0.33)
  📝 Reason: 5m: MACD bearish; 15m: MACD bullish; 1h: RSI oversold (27.2); 1h: MACD bearish

[02:15:49] Cycle 166
  💰 Current Price: $0.26
  🎯 Signal: BUY (confidence: 0.33)
  📝 Reason: 5m: MACD bearish; 15m: MACD bullish; 1h: RSI oversold (27.1); 1h: MACD bearish

[02:16:19] Cycle 167
  💰 Current Price: $0.26
  🎯 Signal: BUY (confidence: 0.33)
  📝 Reason: 5m: MACD bearish; 15m: MACD bullish; 1h: RSI oversold (27.1); 1h: MACD bearish

[02:16:50] Cycle 168
  💰 Current Price: $0.26
  🎯 Signal: BUY (confidence: 0.33)
  📝 Reason: 5m: MACD bearish; 15m: MACD bullish; 1h: RSI oversold (27.1); 1h: MACD bearish

[02:17:21] Cycle 169
  💰 Current Price: $0.26
  🎯 Signal: BUY (confidence: 0.33)
  📝 Reason: 5m: MACD bearish; 15m: MACD bullish; 1h: RSI oversold (27.1); 1h: MACD bearish

[02:17:52] Cycle 170
  💰 Current Price: $0.26
  🎯 Signal: BUY (confidence: 0.33)
  📝 Reason: 5m: MACD bearish; 15m: MACD bullish; 1h: RSI oversold (27.1); 1h: MACD bearish

[02:18:23] Cycle 171
  💰 Current Price: $0.26
  🎯 Signal: BUY (confidence: 0.33)
  📝 Reason: 5m: MACD bearish; 15m: MACD bullish; 1h: RSI oversold (27.1); 1h: MACD bearish

[02:18:54] Cycle 172
  💰 Current Price: $0.26
  🎯 Signal: BUY (confidence: 0.33)
  📝 Reason: 5m: MACD bearish; 15m: MACD bullish; 1h: RSI oversold (27.1); 1h: MACD bearish

[02:19:25] Cycle 173
  💰 Current Price: $0.26
  🎯 Signal: BUY (confidence: 0.33)
  📝 Reason: 5m: MACD bearish; 15m: MACD bullish; 1h: RSI oversold (27.2); 1h: MACD bearish

[02:19:56] Cycle 174
  💰 Current Price: $0.26
  🎯 Signal: BUY (confidence: 0.33)
  📝 Reason: 5m: MACD bearish; 15m: MACD bullish; 1h: RSI oversold (27.2); 1h: MACD bearish

[02:20:27] Cycle 175
  💰 Current Price: $0.26
  🎯 Signal: BUY (confidence: 0.33)
  📝 Reason: 5m: MACD bearish; 15m: MACD bullish; 1h: RSI oversold (27.2); 1h: MACD bearish

[02:20:58] Cycle 176
  💰 Current Price: $0.26
  🎯 Signal: BUY (confidence: 0.33)
  📝 Reason: 5m: MACD bearish; 15m: MACD bullish; 1h: RSI oversold (27.2); 1h: MACD bearish

[02:21:29] Cycle 177
  💰 Current Price: $0.26
  🎯 Signal: BUY (confidence: 0.33)
  📝 Reason: 5m: MACD bearish; 15m: MACD bullish; 1h: RSI oversold (27.2); 1h: MACD bearish

[02:21:59] Cycle 178
  💰 Current Price: $0.26
  🎯 Signal: BUY (confidence: 0.33)
  📝 Reason: 5m: MACD bearish; 15m: MACD bullish; 1h: RSI oversold (27.3); 1h: MACD bearish

[02:02:09] Cycle 134
  💰 Current Price: $0.26
  🎯 Signal: BUY (confidence: 0.33)
  📝 Reason: 5m: MACD bearish; 15m: MACD bullish; 1h: RSI oversold (27.3); 1h: MACD bearish

[02:02:40] Cycle 135
  💰 Current Price: $0.26
  🎯 Signal: BUY (confidence: 0.33)
  📝 Reason: 5m: MACD bearish; 15m: MACD bullish; 1h: RSI oversold (27.1); 1h: MACD bearish

[02:03:11] Cycle 136
  💰 Current Price: $0.26
  🎯 Signal: BUY (confidence: 0.33)
  📝 Reason: 5m: MACD bearish; 15m: MACD bullish; 1h: RSI oversold (27.0); 1h: MACD bearish

[02:03:42] Cycle 137
  💰 Current Price: $0.26
  🎯 Signal: BUY (confidence: 0.33)
  📝 Reason: 5m: MACD bearish; 15m: MACD bullish; 1h: RSI oversold (27.0); 1h: MACD bearish

[02:04:13] Cycle 138
  💰 Current Price: $0.26
  🎯 Signal: BUY (confidence: 0.33)
  📝 Reason: 5m: MACD bearish; 15m: MACD bullish; 1h: RSI oversold (27.0); 1h: MACD bearish

[02:04:44] Cycle 139
  💰 Current Price: $0.26
  🎯 Signal: BUY (confidence: 0.33)
  📝 Reason: 5m: MACD bearish; 15m: MACD bullish; 1h: RSI oversold (26.9); 1h: MACD bearish

[02:05:15] Cycle 140
  💰 Current Price: $0.26
  🎯 Signal: BUY (confidence: 0.33)
  📝 Reason: 5m: MACD bearish; 15m: MACD bullish; 1h: RSI oversold (27.0); 1h: MACD bearish

[02:05:45] Cycle 141
  💰 Current Price: $0.26
  🎯 Signal: BUY (confidence: 0.33)
  📝 Reason: 5m: MACD bearish; 15m: MACD bullish; 1h: RSI oversold (27.0); 1h: MACD bearish

[02:06:16] Cycle 142
  💰 Current Price: $0.26
  🎯 Signal: BUY (confidence: 0.33)
  📝 Reason: 5m: MACD bearish; 15m: MACD bullish; 1h: RSI oversold (26.9); 1h: MACD bearish

[02:06:47] Cycle 143
  💰 Current Price: $0.26
  🎯 Signal: BUY (confidence: 0.33)
  📝 Reason: 5m: MACD bearish; 15m: MACD bullish; 1h: RSI oversold (26.9); 1h: MACD bearish

[02:07:18] Cycle 144
  💰 Current Price: $0.26
  🎯 Signal: BUY (confidence: 0.33)
  📝 Reason: 5m: MACD bearish; 15m: MACD bullish; 1h: RSI oversold (26.9); 1h: MACD bearish

[02:07:49] Cycle 145
  💰 Current Price: $0.26
  🎯 Signal: BUY (confidence: 0.33)
  📝 Reason: 5m: MACD bearish; 15m: MACD bullish; 1h: RSI oversold (26.9); 1h: MACD bearish

[02:08:20] Cycle 146
  💰 Current Price: $0.26
  🎯 Signal: BUY (confidence: 0.33)
  📝 Reason: 5m: MACD bearish; 15m: MACD bullish; 1h: RSI oversold (27.0); 1h: MACD bearish

[02:08:51] Cycle 147
  💰 Current Price: $0.26
  🎯 Signal: BUY (confidence: 0.33)
  📝 Reason: 5m: MACD bearish; 15m: MACD bullish; 1h: RSI oversold (27.0); 1h: MACD bearish

[02:09:21] Cycle 148
  💰 Current Price: $0.26
  🎯 Signal: BUY (confidence: 0.33)
  📝 Reason: 5m: MACD bearish; 15m: MACD bullish; 1h: RSI oversold (27.0); 1h: MACD bearish

[02:09:52] Cycle 149
  💰 Current Price: $0.26
  🎯 Signal: BUY (confidence: 0.33)
  📝 Reason: 5m: MACD bearish; 15m: MACD bullish; 1h: RSI oversold (27.0); 1h: MACD bearish

[02:10:23] Cycle 150
  💰 Current Price: $0.26
  🎯 Signal: BUY (confidence: 0.33)
  📝 Reason: 5m: MACD bearish; 15m: MACD bullish; 1h: RSI oversold (27.3); 1h: MACD bearish

[02:10:54] Cycle 151
  💰 Current Price: $0.26
  🎯 Signal: BUY (confidence: 0.33)
  📝 Reason: 5m: MACD bearish; 15m: MACD bullish; 1h: RSI oversold (27.3); 1h: MACD bearish

[02:11:25] Cycle 152
  💰 Current Price: $0.26
  🎯 Signal: BUY (confidence: 0.33)
  📝 Reason: 5m: MACD bearish; 15m: MACD bullish; 1h: RSI oversold (27.3); 1h: MACD bearish

[02:11:56] Cycle 153
  💰 Current Price: $0.26
  🎯 Signal: BUY (confidence: 0.33)
  📝 Reason: 5m: MACD bearish; 15m: MACD bullish; 1h: RSI oversold (27.3); 1h: MACD bearish

[02:12:27] Cycle 154
  💰 Current Price: $0.26
  🎯 Signal: BUY (confidence: 0.33)
  📝 Reason: 5m: MACD bearish; 15m: MACD bullish; 1h: RSI oversold (27.2); 1h: MACD bearish

[02:12:58] Cycle 155
  💰 Current Price: $0.26
  🎯 Signal: BUY (confidence: 0.33)
  📝 Reason: 5m: MACD bearish; 15m: MACD bullish; 1h: RSI oversold (27.2); 1h: MACD bearish

[02:13:29] Cycle 156
  💰 Current Price: $0.26
  🎯 Signal: BUY (confidence: 0.33)
  📝 Reason: 5m: MACD bearish; 15m: MACD bullish; 1h: RSI oversold (27.2); 1h: MACD bearish

[02:14:00] Cycle 157
  💰 Current Price: $0.26
  🎯 Signal: BUY (confidence: 0.33)
  📝 Reason: 5m: MACD bearish; 15m: MACD bullish; 1h: RSI oversold (27.2); 1h: MACD bearish

[02:14:31] Cycle 158
  💰 Current Price: $0.26
  🎯 Signal: BUY (confidence: 0.33)
  📝 Reason: 5m: MACD bearish; 15m: MACD bullish; 1h: RSI oversold (27.2); 1h: MACD bearish

[02:15:02] Cycle 159
  💰 Current Price: $0.26
  🎯 Signal: BUY (confidence: 0.33)
  📝 Reason: 5m: MACD bearish; 15m: MACD bullish; 1h: RSI oversold (27.2); 1h: MACD bearish

[02:15:33] Cycle 160
  💰 Current Price: $0.26
  🎯 Signal: BUY (confidence: 0.33)
  📝 Reason: 5m: MACD bearish; 15m: MACD bullish; 1h: RSI oversold (27.2); 1h: MACD bearish

[02:16:04] Cycle 161
  💰 Current Price: $0.26
  🎯 Signal: BUY (confidence: 0.33)
  📝 Reason: 5m: MACD bearish; 15m: MACD bullish; 1h: RSI oversold (27.1); 1h: MACD bearish

[02:16:35] Cycle 162
  💰 Current Price: $0.26
  🎯 Signal: BUY (confidence: 0.33)
  📝 Reason: 5m: MACD bearish; 15m: MACD bullish; 1h: RSI oversold (27.1); 1h: MACD bearish

[02:17:06] Cycle 163
  💰 Current Price: $0.26
  🎯 Signal: BUY (confidence: 0.33)
  📝 Reason: 5m: MACD bearish; 15m: MACD bullish; 1h: RSI oversold (27.1); 1h: MACD bearish

[02:17:37] Cycle 164
  💰 Current Price: $0.26
  🎯 Signal: BUY (confidence: 0.33)
  📝 Reason: 5m: MACD bearish; 15m: MACD bullish; 1h: RSI oversold (27.1); 1h: MACD bearish

[02:18:08] Cycle 165
  💰 Current Price: $0.26
  🎯 Signal: BUY (confidence: 0.33)
  📝 Reason: 5m: MACD bearish; 15m: MACD bullish; 1h: RSI oversold (27.1); 1h: MACD bearish

[02:18:39] Cycle 166
  💰 Current Price: $0.26
  🎯 Signal: BUY (confidence: 0.33)
  📝 Reason: 5m: MACD bearish; 15m: MACD bullish; 1h: RSI oversold (27.1); 1h: MACD bearish

[02:19:10] Cycle 167
  💰 Current Price: $0.26
  🎯 Signal: BUY (confidence: 0.33)
  📝 Reason: 5m: MACD bearish; 15m: MACD bullish; 1h: RSI oversold (27.1); 1h: MACD bearish

[02:19:40] Cycle 168
  💰 Current Price: $0.26
  🎯 Signal: BUY (confidence: 0.33)
  📝 Reason: 5m: MACD bearish; 15m: MACD bullish; 1h: RSI oversold (27.2); 1h: MACD bearish

[02:20:11] Cycle 169
  💰 Current Price: $0.26
  🎯 Signal: BUY (confidence: 0.33)
  📝 Reason: 5m: MACD bearish; 15m: MACD bullish; 1h: RSI oversold (27.2); 1h: MACD bearish

[02:20:42] Cycle 170
  💰 Current Price: $0.26
  🎯 Signal: BUY (confidence: 0.33)
  📝 Reason: 5m: MACD bearish; 15m: MACD bullish; 1h: RSI oversold (27.2); 1h: MACD bearish

[02:21:13] Cycle 171
  💰 Current Price: $0.26
  🎯 Signal: BUY (confidence: 0.33)
  📝 Reason: 5m: MACD bearish; 15m: MACD bullish; 1h: RSI oversold (27.2); 1h: MACD bearish

[02:21:44] Cycle 172
  💰 Current Price: $0.26
  🎯 Signal: BUY (confidence: 0.33)
  📝 Reason: 5m: MACD bearish; 15m: MACD bullish; 1h: RSI oversold (27.2); 1h: MACD bearish

[02:22:15] Cycle 173
  💰 Current Price: $0.26
  🎯 Signal: BUY (confidence: 0.33)
  📝 Reason: 5m: MACD bearish; 15m: MACD bullish; 1h: RSI oversold (27.2); 1h: MACD bearish

[02:22:46] Cycle 174
  💰 Current Price: $0.26
  🎯 Signal: BUY (confidence: 0.33)
  📝 Reason: 5m: MACD bearish; 15m: MACD bullish; 1h: RSI oversold (26.8); 1h: MACD bearish

[02:23:17] Cycle 175
  💰 Current Price: $0.26
  🎯 Signal: BUY (confidence: 0.33)
  📝 Reason: 5m: MACD bearish; 15m: MACD bullish; 1h: RSI oversold (26.8); 1h: MACD bearish

[02:23:48] Cycle 176
  💰 Current Price: $0.26
  🎯 Signal: BUY (confidence: 0.42)
  📝 Reason: 5m: RSI oversold (29.5); 5m: MACD bearish; 15m: MACD bullish; 1h: RSI oversold (26.7)

[02:24:18] Cycle 177
  💰 Current Price: $0.26
  🎯 Signal: BUY (confidence: 0.42)
  📝 Reason: 5m: RSI oversold (28.2); 5m: MACD bearish; 15m: MACD bullish; 1h: RSI oversold (26.5)

[02:24:49] Cycle 178
  💰 Current Price: $0.26
  📝 Reason: 5m: MACD bearish; 15m: MACD bullish; 1h: RSI oversold (27.2); 1h: MACD bearish

[02:22:30] Cycle 179
  💰 Current Price: $0.26
  🎯 Signal: BUY (confidence: 0.33)
  📝 Reason: 5m: MACD bearish; 15m: MACD bullish; 1h: RSI oversold (27.2); 1h: MACD bearish

[02:23:01] Cycle 180
  💰 Current Price: $0.26
  🎯 Signal: BUY (confidence: 0.33)
  📝 Reason: 5m: MACD bearish; 15m: MACD bullish; 1h: RSI oversold (26.8); 1h: MACD bearish

[02:23:32] Cycle 181
  💰 Current Price: $0.26
  🎯 Signal: BUY (confidence: 0.33)
  📝 Reason: 5m: MACD bearish; 15m: MACD bullish; 1h: RSI oversold (26.8); 1h: MACD bearish

[02:24:03] Cycle 182
  💰 Current Price: $0.26
  🎯 Signal: BUY (confidence: 0.42)
  📝 Reason: 5m: RSI oversold (28.2); 5m: MACD bearish; 15m: MACD bullish; 1h: RSI oversold (26.5)

[02:24:34] Cycle 183
  💰 Current Price: $0.26
  🎯 Signal: BUY (confidence: 0.42)
  📝 Reason: 5m: RSI oversold (28.2); 5m: MACD bearish; 15m: MACD bullish; 1h: RSI oversold (26.5)

[02:25:05] Cycle 184
  💰 Current Price: $0.26
  🎯 Signal: BUY (confidence: 0.42)
  📝 Reason: 5m: RSI oversold (29.0); 5m: MACD bearish; 15m: MACD bullish; 1h: RSI oversold (26.5)

[02:25:36] Cycle 185
  💰 Current Price: $0.26
  🎯 Signal: BUY (confidence: 0.42)
  📝 Reason: 5m: RSI oversold (29.0); 5m: MACD bearish; 15m: MACD bullish; 1h: RSI oversold (26.5)

[02:26:07] Cycle 186
  💰 Current Price: $0.26
  🎯 Signal: BUY (confidence: 0.42)
  📝 Reason: 5m: RSI oversold (29.5); 5m: MACD bearish; 15m: MACD bullish; 1h: RSI oversold (26.5)

[02:26:38] Cycle 187
  💰 Current Price: $0.26
  🎯 Signal: BUY (confidence: 0.42)
  📝 Reason: 5m: RSI oversold (28.9); 5m: MACD bearish; 15m: MACD bullish; 1h: RSI oversold (26.5)

[02:27:09] Cycle 188
  💰 Current Price: $0.26
  🎯 Signal: BUY (confidence: 0.42)
  📝 Reason: 5m: RSI oversold (28.7); 5m: MACD bearish; 15m: MACD bullish; 1h: RSI oversold (26.4)

[02:27:40] Cycle 189
  💰 Current Price: $0.26
  🎯 Signal: BUY (confidence: 0.42)
  📝 Reason: 5m: RSI oversold (28.7); 5m: MACD bearish; 15m: MACD bullish; 1h: RSI oversold (26.4)

[02:28:11] Cycle 190
  💰 Current Price: $0.26
  🎯 Signal: BUY (confidence: 0.42)
  📝 Reason: 5m: RSI oversold (28.7); 5m: MACD bearish; 15m: MACD bullish; 1h: RSI oversold (26.4)

[02:28:42] Cycle 191
  💰 Current Price: $0.26
  🎯 Signal: BUY (confidence: 0.42)
  📝 Reason: 5m: RSI oversold (28.7); 5m: MACD bearish; 15m: MACD bullish; 1h: RSI oversold (26.4)

[02:29:13] Cycle 192
  💰 Current Price: $0.26
  🎯 Signal: BUY (confidence: 0.42)
  📝 Reason: 5m: RSI oversold (27.6); 5m: MACD bearish; 15m: MACD bullish; 1h: RSI oversold (26.3)

[02:29:44] Cycle 193
  💰 Current Price: $0.26
  🎯 Signal: BUY (confidence: 0.42)
  📝 Reason: 5m: RSI oversold (27.6); 5m: MACD bearish; 15m: MACD bullish; 1h: RSI oversold (26.3)

[02:30:15] Cycle 194
  💰 Current Price: $0.26
  🎯 Signal: HOLD (confidence: 0.12)
  📝 Reason: 5m: MACD bearish; 15m: MACD bearish; 1h: RSI oversold (26.3); 1h: MACD bearish

[02:30:46] Cycle 195
  💰 Current Price: $0.26
  🎯 Signal: BUY (confidence: 0.33)
  📝 Reason: 5m: MACD bearish; 15m: MACD bullish; 1h: RSI oversold (26.4); 1h: MACD bearish

[02:31:17] Cycle 196
  💰 Current Price: $0.26
  🎯 Signal: BUY (confidence: 0.33)
  📝 Reason: 5m: MACD bearish; 15m: MACD bullish; 1h: RSI oversold (26.4); 1h: MACD bearish

[02:31:48] Cycle 197
  💰 Current Price: $0.26
  🎯 Signal: BUY (confidence: 0.33)
  📝 Reason: 5m: MACD bearish; 15m: MACD bullish; 1h: RSI oversold (26.4); 1h: MACD bearish

[02:32:19] Cycle 198
  💰 Current Price: $0.26
  🎯 Signal: BUY (confidence: 0.33)
  📝 Reason: 5m: MACD bearish; 15m: MACD bullish; 1h: RSI oversold (26.4); 1h: MACD bearish

[02:32:50] Cycle 199
  💰 Current Price: $0.26
  🎯 Signal: BUY (confidence: 0.33)
  📝 Reason: 5m: MACD bearish; 15m: MACD bullish; 1h: RSI oversold (26.4); 1h: MACD bearish

[02:33:20] Cycle 200
  💰 Current Price: $0.26
  🎯 Signal: BUY (confidence: 0.33)
  📝 Reason: 5m: MACD bearish; 15m: MACD bullish; 1h: RSI oversold (26.5); 1h: MACD bearish

[02:33:51] Cycle 201
  💰 Current Price: $0.26
  🎯 Signal: BUY (confidence: 0.33)
  📝 Reason: 5m: MACD bearish; 15m: MACD bullish; 1h: RSI oversold (26.4); 1h: MACD bearish

[02:34:22] Cycle 202
  💰 Current Price: $0.26
  🎯 Signal: BUY (confidence: 0.33)
  📝 Reason: 5m: MACD bearish; 15m: MACD bullish; 1h: RSI oversold (26.4); 1h: MACD bearish

[02:34:53] Cycle 203
  💰 Current Price: $0.26
  🎯 Signal: BUY (confidence: 0.33)
  📝 Reason: 5m: MACD bearish; 15m: MACD bullish; 1h: RSI oversold (26.4); 1h: MACD bearish

[02:35:24] Cycle 204
  💰 Current Price: $0.26
  🎯 Signal: BUY (confidence: 0.33)
  📝 Reason: 5m: MACD bearish; 15m: MACD bullish; 1h: RSI oversold (26.4); 1h: MACD bearish

[02:35:55] Cycle 205
  💰 Current Price: $0.26
  🎯 Signal: BUY (confidence: 0.33)
  📝 Reason: 5m: MACD bearish; 15m: MACD bullish; 1h: RSI oversold (26.4); 1h: MACD bearish

[02:36:26] Cycle 206
  💰 Current Price: $0.26
  🎯 Signal: BUY (confidence: 0.33)
  📝 Reason: 5m: MACD bearish; 15m: MACD bullish; 1h: RSI oversold (26.5); 1h: MACD bearish

[02:36:58] Cycle 207
  💰 Current Price: $0.26
  🎯 Signal: BUY (confidence: 0.33)
  📝 Reason: 5m: MACD bearish; 15m: MACD bullish; 1h: RSI oversold (26.5); 1h: MACD bearish

[02:37:29] Cycle 208
  💰 Current Price: $0.26
  🎯 Signal: BUY (confidence: 0.33)
  📝 Reason: 5m: MACD bearish; 15m: MACD bullish; 1h: RSI oversold (26.4); 1h: MACD bearish

[02:37:59] Cycle 209
  💰 Current Price: $0.26
  🎯 Signal: HOLD (confidence: 0.12)
  📝 Reason: 5m: MACD bearish; 15m: MACD bearish; 1h: RSI oversold (26.3); 1h: MACD bearish

[02:38:31] Cycle 210
  💰 Current Price: $0.26
  🎯 Signal: HOLD (confidence: 0.12)
  📝 Reason: 5m: MACD bearish; 15m: MACD bearish; 1h: RSI oversold (26.3); 1h: MACD bearish

[02:39:01] Cycle 211
  💰 Current Price: $0.26
  🎯 Signal: HOLD (confidence: 0.12)
  📝 Reason: 5m: MACD bearish; 15m: MACD bearish; 1h: RSI oversold (26.3); 1h: MACD bearish

[02:39:32] Cycle 212
  💰 Current Price: $0.26
  🎯 Signal: HOLD (confidence: 0.12)
  📝 Reason: 5m: MACD bearish; 15m: MACD bearish; 1h: RSI oversold (26.3); 1h: MACD bearish

[02:40:03] Cycle 213
  💰 Current Price: $0.26
  🎯 Signal: HOLD (confidence: 0.12)
  📝 Reason: 5m: MACD bearish; 15m: MACD bearish; 1h: RSI oversold (26.3); 1h: MACD bearish

[02:40:35] Cycle 214
  💰 Current Price: $0.26
  🎯 Signal: HOLD (confidence: 0.12)
  📝 Reason: 5m: MACD bearish; 15m: MACD bearish; 1h: RSI oversold (26.3); 1h: MACD bearish

[02:41:06] Cycle 215
  💰 Current Price: $0.26
  🎯 Signal: HOLD (confidence: 0.12)
  📝 Reason: 5m: MACD bearish; 15m: MACD bearish; 1h: RSI oversold (26.3); 1h: MACD bearish

[02:41:36] Cycle 216
  💰 Current Price: $0.26
  🎯 Signal: HOLD (confidence: 0.12)
  📝 Reason: 5m: MACD bearish; 15m: MACD bearish; 1h: RSI oversold (26.3); 1h: MACD bearish

[02:42:07] Cycle 217
  💰 Current Price: $0.26
  🎯 Signal: HOLD (confidence: 0.12)
  📝 Reason: 5m: MACD bearish; 15m: MACD bearish; 1h: RSI oversold (26.3); 1h: MACD bearish

[02:42:38] Cycle 218
  💰 Current Price: $0.26
  🎯 Signal: BUY (confidence: 0.33)
  📝 Reason: 5m: MACD bearish; 15m: MACD bullish; 1h: RSI oversold (26.5); 1h: MACD bearish

[02:43:09] Cycle 219
  💰 Current Price: $0.26
  🎯 Signal: BUY (confidence: 0.33)
  📝 Reason: 5m: MACD bearish; 15m: MACD bullish; 1h: RSI oversold (26.5); 1h: MACD bearish

[02:43:40] Cycle 220
  💰 Current Price: $0.26
  🎯 Signal: BUY (confidence: 0.33)
  📝 Reason: 5m: MACD bearish; 15m: MACD bullish; 1h: RSI oversold (26.5); 1h: MACD bearish

[02:44:11] Cycle 221
  💰 Current Price: $0.26
  🎯 Signal: BUY (confidence: 0.33)
  📝 Reason: 5m: MACD bearish; 15m: MACD bullish; 1h: RSI oversold (26.5); 1h: MACD bearish

[02:44:42] Cycle 222
  💰 Current Price: $0.26
  🎯 Signal: BUY (confidence: 0.33)
  🎯 Signal: BUY (confidence: 0.42)
  📝 Reason: 5m: RSI oversold (27.8); 5m: MACD bearish; 15m: MACD bullish; 1h: RSI oversold (26.5)

[02:25:20] Cycle 179
  💰 Current Price: $0.26
  🎯 Signal: BUY (confidence: 0.42)
  📝 Reason: 5m: RSI oversold (29.0); 5m: MACD bearish; 15m: MACD bullish; 1h: RSI oversold (26.5)

[02:25:51] Cycle 180
  💰 Current Price: $0.26
  🎯 Signal: BUY (confidence: 0.42)
  📝 Reason: 5m: RSI oversold (29.0); 5m: MACD bearish; 15m: MACD bullish; 1h: RSI oversold (26.5)

[02:26:22] Cycle 181
  💰 Current Price: $0.26
  🎯 Signal: BUY (confidence: 0.42)
  📝 Reason: 5m: RSI oversold (28.9); 5m: MACD bearish; 15m: MACD bullish; 1h: RSI oversold (26.5)

[02:26:53] Cycle 182
  💰 Current Price: $0.26
  🎯 Signal: BUY (confidence: 0.42)
  📝 Reason: 5m: RSI oversold (28.9); 5m: MACD bearish; 15m: MACD bullish; 1h: RSI oversold (26.5)

[02:27:24] Cycle 183
  💰 Current Price: $0.26
  🎯 Signal: BUY (confidence: 0.42)
  📝 Reason: 5m: RSI oversold (28.7); 5m: MACD bearish; 15m: MACD bullish; 1h: RSI oversold (26.4)

[02:27:55] Cycle 184
  💰 Current Price: $0.26
  🎯 Signal: BUY (confidence: 0.42)
  📝 Reason: 5m: RSI oversold (28.7); 5m: MACD bearish; 15m: MACD bullish; 1h: RSI oversold (26.4)

[02:28:26] Cycle 185
  💰 Current Price: $0.26
  🎯 Signal: BUY (confidence: 0.42)
  📝 Reason: 5m: RSI oversold (28.7); 5m: MACD bearish; 15m: MACD bullish; 1h: RSI oversold (26.4)

[02:28:57] Cycle 186
  💰 Current Price: $0.26
  🎯 Signal: BUY (confidence: 0.42)
  📝 Reason: 5m: RSI oversold (27.6); 5m: MACD bearish; 15m: MACD bullish; 1h: RSI oversold (26.3)

[02:29:28] Cycle 187
  💰 Current Price: $0.26
  🎯 Signal: BUY (confidence: 0.42)
  📝 Reason: 5m: RSI oversold (27.6); 5m: MACD bearish; 15m: MACD bullish; 1h: RSI oversold (26.3)

[02:30:00] Cycle 188
  💰 Current Price: $0.26
  🎯 Signal: BUY (confidence: 0.23)
  📝 Reason: 5m: RSI oversold (27.6); 5m: MACD bearish; 15m: MACD bearish; 1h: RSI oversold (26.3)

[02:30:31] Cycle 189
  💰 Current Price: $0.26
  🎯 Signal: HOLD (confidence: 0.12)
  📝 Reason: 5m: MACD bearish; 15m: MACD bearish; 1h: RSI oversold (26.3); 1h: MACD bearish

[02:31:01] Cycle 190
  💰 Current Price: $0.26
  🎯 Signal: BUY (confidence: 0.33)
  📝 Reason: 5m: MACD bearish; 15m: MACD bullish; 1h: RSI oversold (26.4); 1h: MACD bearish

[02:31:32] Cycle 191
  💰 Current Price: $0.26
  🎯 Signal: BUY (confidence: 0.33)
  📝 Reason: 5m: MACD bearish; 15m: MACD bullish; 1h: RSI oversold (26.4); 1h: MACD bearish

[02:32:03] Cycle 192
  💰 Current Price: $0.26
  🎯 Signal: BUY (confidence: 0.33)
  📝 Reason: 5m: MACD bearish; 15m: MACD bullish; 1h: RSI oversold (26.4); 1h: MACD bearish

[02:32:34] Cycle 193
  💰 Current Price: $0.26
  🎯 Signal: BUY (confidence: 0.33)
  📝 Reason: 5m: MACD bearish; 15m: MACD bullish; 1h: RSI oversold (26.4); 1h: MACD bearish

[02:33:05] Cycle 194
  💰 Current Price: $0.26
  🎯 Signal: BUY (confidence: 0.33)
  📝 Reason: 5m: MACD bearish; 15m: MACD bullish; 1h: RSI oversold (26.5); 1h: MACD bearish

[02:33:36] Cycle 195
  💰 Current Price: $0.26
  🎯 Signal: BUY (confidence: 0.33)
  📝 Reason: 5m: MACD bearish; 15m: MACD bullish; 1h: RSI oversold (26.4); 1h: MACD bearish

[02:34:07] Cycle 196
  💰 Current Price: $0.26
  🎯 Signal: BUY (confidence: 0.33)
  📝 Reason: 5m: MACD bearish; 15m: MACD bullish; 1h: RSI oversold (26.4); 1h: MACD bearish

[02:34:38] Cycle 197
  💰 Current Price: $0.26
  🎯 Signal: BUY (confidence: 0.33)
  📝 Reason: 5m: MACD bearish; 15m: MACD bullish; 1h: RSI oversold (26.4); 1h: MACD bearish

[02:35:08] Cycle 198
  💰 Current Price: $0.26
  🎯 Signal: BUY (confidence: 0.33)
  📝 Reason: 5m: MACD bearish; 15m: MACD bullish; 1h: RSI oversold (26.4); 1h: MACD bearish

[02:35:39] Cycle 199
  💰 Current Price: $0.26
  🎯 Signal: BUY (confidence: 0.33)
  📝 Reason: 5m: MACD bearish; 15m: MACD bullish; 1h: RSI oversold (26.4); 1h: MACD bearish

[02:36:10] Cycle 200
  💰 Current Price: $0.26
  🎯 Signal: BUY (confidence: 0.33)
  📝 Reason: 5m: MACD bearish; 15m: MACD bullish; 1h: RSI oversold (26.4); 1h: MACD bearish

[02:36:41] Cycle 201
  💰 Current Price: $0.26
  🎯 Signal: BUY (confidence: 0.33)
  📝 Reason: 5m: MACD bearish; 15m: MACD bullish; 1h: RSI oversold (26.5); 1h: MACD bearish

[02:37:12] Cycle 202
  💰 Current Price: $0.26
  🎯 Signal: BUY (confidence: 0.33)
  📝 Reason: 5m: MACD bearish; 15m: MACD bullish; 1h: RSI oversold (26.5); 1h: MACD bearish

[02:37:43] Cycle 203
  💰 Current Price: $0.26
  🎯 Signal: HOLD (confidence: 0.12)
  📝 Reason: 5m: MACD bearish; 15m: MACD bearish; 1h: RSI oversold (26.0); 1h: MACD bearish

[02:38:14] Cycle 204
  💰 Current Price: $0.26
  🎯 Signal: HOLD (confidence: 0.12)
  📝 Reason: 5m: MACD bearish; 15m: MACD bearish; 1h: RSI oversold (26.3); 1h: MACD bearish

[02:38:45] Cycle 205
  💰 Current Price: $0.26
  🎯 Signal: HOLD (confidence: 0.12)
  📝 Reason: 5m: MACD bearish; 15m: MACD bearish; 1h: RSI oversold (26.3); 1h: MACD bearish

[02:39:16] Cycle 206
  💰 Current Price: $0.26
  🎯 Signal: HOLD (confidence: 0.12)
  📝 Reason: 5m: MACD bearish; 15m: MACD bearish; 1h: RSI oversold (26.3); 1h: MACD bearish

[02:39:46] Cycle 207
  💰 Current Price: $0.26
  🎯 Signal: HOLD (confidence: 0.12)
  📝 Reason: 5m: MACD bearish; 15m: MACD bearish; 1h: RSI oversold (26.3); 1h: MACD bearish

[02:40:17] Cycle 208
  💰 Current Price: $0.26
  🎯 Signal: HOLD (confidence: 0.12)
  📝 Reason: 5m: MACD bearish; 15m: MACD bearish; 1h: RSI oversold (26.3); 1h: MACD bearish

[02:40:48] Cycle 209
  💰 Current Price: $0.26
  🎯 Signal: HOLD (confidence: 0.12)
  📝 Reason: 5m: MACD bearish; 15m: MACD bearish; 1h: RSI oversold (26.3); 1h: MACD bearish

[02:41:19] Cycle 210
  💰 Current Price: $0.26
  🎯 Signal: HOLD (confidence: 0.12)
  📝 Reason: 5m: MACD bearish; 15m: MACD bearish; 1h: RSI oversold (26.3); 1h: MACD bearish

[02:41:49] Cycle 211
  💰 Current Price: $0.26
  🎯 Signal: HOLD (confidence: 0.12)
  📝 Reason: 5m: MACD bearish; 15m: MACD bearish; 1h: RSI oversold (26.3); 1h: MACD bearish

[02:42:20] Cycle 212
  💰 Current Price: $0.26
  🎯 Signal: HOLD (confidence: 0.12)
  📝 Reason: 5m: MACD bearish; 15m: MACD bearish; 1h: RSI oversold (26.5); 1h: MACD bearish

[02:42:51] Cycle 213
  💰 Current Price: $0.26
  🎯 Signal: BUY (confidence: 0.33)
  📝 Reason: 5m: MACD bearish; 15m: MACD bullish; 1h: RSI oversold (26.5); 1h: MACD bearish

[02:43:22] Cycle 214
  💰 Current Price: $0.26
  🎯 Signal: BUY (confidence: 0.33)
  📝 Reason: 5m: MACD bearish; 15m: MACD bullish; 1h: RSI oversold (26.5); 1h: MACD bearish

[02:43:53] Cycle 215
  💰 Current Price: $0.26
  🎯 Signal: BUY (confidence: 0.33)
  📝 Reason: 5m: MACD bearish; 15m: MACD bullish; 1h: RSI oversold (26.5); 1h: MACD bearish

[02:44:24] Cycle 216
  💰 Current Price: $0.26
  🎯 Signal: BUY (confidence: 0.33)
  📝 Reason: 5m: MACD bearish; 15m: MACD bullish; 1h: RSI oversold (26.5); 1h: MACD bearish

[02:44:55] Cycle 217
  💰 Current Price: $0.26
  🎯 Signal: BUY (confidence: 0.33)
  📝 Reason: 5m: MACD bearish; 15m: MACD bullish; 1h: RSI oversold (26.5); 1h: MACD bearish

[02:45:26] Cycle 218
  💰 Current Price: $0.26
  🎯 Signal: HOLD (confidence: 0.12)
  📝 Reason: 5m: MACD bearish; 15m: MACD bearish; 1h: RSI oversold (26.5); 1h: MACD bearish

[02:45:57] Cycle 219
  💰 Current Price: $0.26
  🎯 Signal: HOLD (confidence: 0.12)
  📝 Reason: 5m: MACD bearish; 15m: MACD bearish; 1h: RSI oversold (26.5); 1h: MACD bearish

[02:46:28] Cycle 220
  💰 Current Price: $0.26
  🎯 Signal: HOLD (confidence: 0.12)
  📝 Reason: 5m: MACD bearish; 15m: MACD bearish; 1h: RSI oversold (26.5); 1h: MACD bearish

[02:46:59] Cycle 221
  💰 Current Price: $0.26
  🎯 Signal: HOLD (confidence: 0.12)
  📝 Reason: 5m: MACD bearish; 15m: MACD bearish; 1h: RSI oversold (26.5); 1h: MACD bearish

[02:47:30] Cycle 222
  💰 Current Price: $0.26
  🎯 Signal: HOLD (confidence: 0.12)
  📝 Reason: 5m: MACD bearish; 15m: MACD bullish; 1h: RSI oversold (26.5); 1h: MACD bearish

[02:45:13] Cycle 223
  💰 Current Price: $0.26
  🎯 Signal: HOLD (confidence: 0.12)
  📝 Reason: 5m: MACD bearish; 15m: MACD bearish; 1h: RSI oversold (26.5); 1h: MACD bearish

[02:45:44] Cycle 224
  💰 Current Price: $0.26
  🎯 Signal: HOLD (confidence: 0.12)
  📝 Reason: 5m: MACD bearish; 15m: MACD bearish; 1h: RSI oversold (26.5); 1h: MACD bearish

[02:46:15] Cycle 225
  💰 Current Price: $0.26
  🎯 Signal: HOLD (confidence: 0.12)
  📝 Reason: 5m: MACD bearish; 15m: MACD bearish; 1h: RSI oversold (26.5); 1h: MACD bearish

[02:46:46] Cycle 226
  💰 Current Price: $0.26
  🎯 Signal: HOLD (confidence: 0.12)
  📝 Reason: 5m: MACD bearish; 15m: MACD bearish; 1h: RSI oversold (26.5); 1h: MACD bearish

[02:47:17] Cycle 227
  💰 Current Price: $0.26
  🎯 Signal: HOLD (confidence: 0.12)
  📝 Reason: 5m: MACD bearish; 15m: MACD bearish; 1h: RSI oversold (26.5); 1h: MACD bearish

[02:47:48] Cycle 228
  💰 Current Price: $0.26
  🎯 Signal: HOLD (confidence: 0.12)
  📝 Reason: 5m: MACD bearish; 15m: MACD bearish; 1h: RSI oversold (26.5); 1h: MACD bearish

[02:48:19] Cycle 229
  💰 Current Price: $0.26
  🎯 Signal: HOLD (confidence: 0.12)
  📝 Reason: 5m: MACD bearish; 15m: MACD bearish; 1h: RSI oversold (26.5); 1h: MACD bearish

[02:48:50] Cycle 230
  💰 Current Price: $0.26
  🎯 Signal: HOLD (confidence: 0.12)
  📝 Reason: 5m: MACD bearish; 15m: MACD bearish; 1h: RSI oversold (26.5); 1h: MACD bearish

[02:49:20] Cycle 231
  💰 Current Price: $0.26
  🎯 Signal: HOLD (confidence: 0.12)
  📝 Reason: 5m: MACD bearish; 15m: MACD bearish; 1h: RSI oversold (26.5); 1h: MACD bearish

[02:49:51] Cycle 232
  💰 Current Price: $0.26
  🎯 Signal: HOLD (confidence: 0.12)
  📝 Reason: 5m: MACD bearish; 15m: MACD bearish; 1h: RSI oversold (26.5); 1h: MACD bearish

[02:50:22] Cycle 233
  💰 Current Price: $0.26
  🎯 Signal: HOLD (confidence: 0.12)
  📝 Reason: 5m: MACD bearish; 15m: MACD bearish; 1h: RSI oversold (26.5); 1h: MACD bearish

[02:50:53] Cycle 234
  💰 Current Price: $0.26
  🎯 Signal: HOLD (confidence: 0.12)
  📝 Reason: 5m: MACD bearish; 15m: MACD bearish; 1h: RSI oversold (26.5); 1h: MACD bearish

[02:51:24] Cycle 235
  💰 Current Price: $0.26
  🎯 Signal: HOLD (confidence: 0.12)
  📝 Reason: 5m: MACD bearish; 15m: MACD bearish; 1h: RSI oversold (26.5); 1h: MACD bearish

[02:51:55] Cycle 236
  💰 Current Price: $0.26
  🎯 Signal: HOLD (confidence: 0.12)
  📝 Reason: 5m: MACD bearish; 15m: MACD bearish; 1h: RSI oversold (26.5); 1h: MACD bearish

[02:52:26] Cycle 237
  💰 Current Price: $0.26
  🎯 Signal: HOLD (confidence: 0.12)
  📝 Reason: 5m: MACD bearish; 15m: MACD bearish; 1h: RSI oversold (26.5); 1h: MACD bearish

[02:52:57] Cycle 238
  💰 Current Price: $0.26
  🎯 Signal: HOLD (confidence: 0.12)
  📝 Reason: 5m: MACD bearish; 15m: MACD bearish; 1h: RSI oversold (26.5); 1h: MACD bearish

[02:53:28] Cycle 239
  💰 Current Price: $0.26
  🎯 Signal: HOLD (confidence: 0.12)
  📝 Reason: 5m: MACD bearish; 15m: MACD bearish; 1h: RSI oversold (26.7); 1h: MACD bearish

[02:53:58] Cycle 240
  💰 Current Price: $0.26
  🎯 Signal: HOLD (confidence: 0.12)
  📝 Reason: 5m: MACD bearish; 15m: MACD bearish; 1h: RSI oversold (26.9); 1h: MACD bearish

[02:54:30] Cycle 241
  💰 Current Price: $0.26
  🎯 Signal: HOLD (confidence: 0.12)
  📝 Reason: 5m: MACD bearish; 15m: MACD bearish; 1h: RSI oversold (27.0); 1h: MACD bearish

[02:55:00] Cycle 242
  💰 Current Price: $0.26
  🎯 Signal: HOLD (confidence: 0.12)
  📝 Reason: 5m: MACD bearish; 15m: MACD bearish; 1h: RSI oversold (27.0); 1h: MACD bearish

[02:55:31] Cycle 243
  💰 Current Price: $0.26
  🎯 Signal: HOLD (confidence: 0.12)
  📝 Reason: 5m: MACD bearish; 15m: MACD bearish; 1h: RSI oversold (27.0); 1h: MACD bearish

[02:56:02] Cycle 244
  💰 Current Price: $0.26
  🎯 Signal: HOLD (confidence: 0.12)
  📝 Reason: 5m: MACD bearish; 15m: MACD bearish; 1h: RSI oversold (27.0); 1h: MACD bearish

[02:56:33] Cycle 245
  💰 Current Price: $0.26
  🎯 Signal: HOLD (confidence: 0.12)
  📝 Reason: 5m: MACD bearish; 15m: MACD bearish; 1h: RSI oversold (27.0); 1h: MACD bearish

[02:57:05] Cycle 246
  💰 Current Price: $0.26
  🎯 Signal: HOLD (confidence: 0.12)
  📝 Reason: 5m: MACD bearish; 15m: MACD bearish; 1h: RSI oversold (27.0); 1h: MACD bearish

[02:57:36] Cycle 247
  💰 Current Price: $0.26
  🎯 Signal: HOLD (confidence: 0.12)
  📝 Reason: 5m: MACD bearish; 15m: MACD bearish; 1h: RSI oversold (27.0); 1h: MACD bearish

[02:58:06] Cycle 248
  💰 Current Price: $0.26
  🎯 Signal: BUY (confidence: 0.33)
  📝 Reason: 5m: MACD bearish; 15m: MACD bullish; 1h: RSI oversold (27.5); 1h: MACD bearish

[02:58:38] Cycle 249
  💰 Current Price: $0.26
  🎯 Signal: BUY (confidence: 0.33)
  📝 Reason: 5m: MACD bearish; 15m: MACD bullish; 1h: RSI oversold (27.5); 1h: MACD bearish

[02:59:08] Cycle 250
  💰 Current Price: $0.26
  🎯 Signal: BUY (confidence: 0.33)
  📝 Reason: 5m: MACD bearish; 15m: MACD bullish; 1h: RSI oversold (27.5); 1h: MACD bearish

[02:59:39] Cycle 251
  💰 Current Price: $0.26
  🎯 Signal: BUY (confidence: 0.33)
  📝 Reason: 5m: MACD bearish; 15m: MACD bullish; 1h: RSI oversold (28.1); 1h: MACD bearish

[03:00:10] Cycle 252
  💰 Current Price: $0.26
  🎯 Signal: HOLD (confidence: 0.03)
  📝 Reason: 5m: MACD bearish; 15m: MACD bullish; 1h: MACD bearish; 4h: RSI oversold (19.2)

[03:00:41] Cycle 253
  💰 Current Price: $0.26
  🎯 Signal: HOLD (confidence: 0.03)
  📝 Reason: 5m: MACD bearish; 15m: MACD bullish; 1h: MACD bearish; 4h: RSI oversold (19.3)

[03:01:12] Cycle 254
  💰 Current Price: $0.26
  🎯 Signal: HOLD (confidence: 0.03)
  📝 Reason: 5m: MACD bearish; 15m: MACD bullish; 1h: MACD bearish; 4h: RSI oversold (19.3)

[03:01:43] Cycle 255
  💰 Current Price: $0.26
  🎯 Signal: HOLD (confidence: 0.03)
  📝 Reason: 5m: MACD bearish; 15m: MACD bullish; 1h: MACD bearish; 4h: RSI oversold (19.3)

[03:02:14] Cycle 256
  💰 Current Price: $0.26
  🎯 Signal: HOLD (confidence: 0.03)
  📝 Reason: 5m: MACD bearish; 15m: MACD bullish; 1h: MACD bearish; 4h: RSI oversold (20.6)

[03:02:45] Cycle 257
  💰 Current Price: $0.26
  🎯 Signal: HOLD (confidence: 0.03)
  📝 Reason: 5m: MACD bearish; 15m: MACD bullish; 1h: MACD bearish; 4h: RSI oversold (20.4)

[03:03:16] Cycle 258
  💰 Current Price: $0.26
  🎯 Signal: HOLD (confidence: 0.03)
  📝 Reason: 5m: MACD bearish; 15m: MACD bullish; 1h: MACD bearish; 4h: RSI oversold (20.4)

[03:03:47] Cycle 259
  💰 Current Price: $0.26
  🎯 Signal: HOLD (confidence: 0.03)
  📝 Reason: 5m: MACD bearish; 15m: MACD bullish; 1h: MACD bearish; 4h: RSI oversold (20.4)

[03:04:18] Cycle 260
  💰 Current Price: $0.26
  🎯 Signal: HOLD (confidence: 0.03)
  📝 Reason: 5m: MACD bearish; 15m: MACD bullish; 1h: MACD bearish; 4h: RSI oversold (19.9)

[03:04:49] Cycle 261
  💰 Current Price: $0.26
  🎯 Signal: HOLD (confidence: 0.03)
  📝 Reason: 5m: MACD bearish; 15m: MACD bullish; 1h: MACD bearish; 4h: RSI oversold (19.9)

[03:05:19] Cycle 262
  💰 Current Price: $0.26
  🎯 Signal: HOLD (confidence: 0.03)
  📝 Reason: 5m: MACD bearish; 15m: MACD bullish; 1h: MACD bearish; 4h: RSI oversold (19.9)

[03:05:50] Cycle 263
  💰 Current Price: $0.26
  🎯 Signal: HOLD (confidence: 0.03)
  📝 Reason: 5m: MACD bearish; 15m: MACD bullish; 1h: MACD bearish; 4h: RSI oversold (20.2)

[03:06:21] Cycle 264
  💰 Current Price: $0.26
  🎯 Signal: HOLD (confidence: 0.03)
  📝 Reason: 5m: MACD bearish; 15m: MACD bullish; 1h: MACD bearish; 4h: RSI oversold (20.2)

[03:06:52] Cycle 265
  💰 Current Price: $0.26
  🎯 Signal: HOLD (confidence: 0.03)
  📝 Reason: 5m: MACD bearish; 15m: MACD bullish; 1h: MACD bearish; 4h: RSI oversold (20.2)

[03:07:23] Cycle 266
  💰 Current Price: $0.26
  🎯 Signal: HOLD (confidence: 0.03)
  📝 Reason: 5m: MACD bearish; 15m: MACD bullish; 1h: MACD bearish; 4h: RSI oversold (20.2)

[03:07:54] Cycle 267
  💰 Current Price: $0.26
  📝 Reason: 5m: MACD bearish; 15m: MACD bearish; 1h: RSI oversold (26.5); 1h: MACD bearish

[02:48:01] Cycle 223
  💰 Current Price: $0.26
  🎯 Signal: HOLD (confidence: 0.12)
  📝 Reason: 5m: MACD bearish; 15m: MACD bearish; 1h: RSI oversold (26.5); 1h: MACD bearish

[02:48:32] Cycle 224
  💰 Current Price: $0.26
  🎯 Signal: HOLD (confidence: 0.12)
  📝 Reason: 5m: MACD bearish; 15m: MACD bearish; 1h: RSI oversold (26.5); 1h: MACD bearish

[02:49:03] Cycle 225
  💰 Current Price: $0.26
  🎯 Signal: HOLD (confidence: 0.12)
  📝 Reason: 5m: MACD bearish; 15m: MACD bearish; 1h: RSI oversold (26.5); 1h: MACD bearish

[02:49:34] Cycle 226
  💰 Current Price: $0.26
  🎯 Signal: HOLD (confidence: 0.12)
  📝 Reason: 5m: MACD bearish; 15m: MACD bearish; 1h: RSI oversold (26.5); 1h: MACD bearish

[02:50:05] Cycle 227
  💰 Current Price: $0.26
  🎯 Signal: HOLD (confidence: 0.12)
  📝 Reason: 5m: MACD bearish; 15m: MACD bearish; 1h: RSI oversold (26.5); 1h: MACD bearish

[02:50:36] Cycle 228
  💰 Current Price: $0.26
  🎯 Signal: HOLD (confidence: 0.12)
  📝 Reason: 5m: MACD bearish; 15m: MACD bearish; 1h: RSI oversold (26.5); 1h: MACD bearish

[02:51:07] Cycle 229
  💰 Current Price: $0.26
  🎯 Signal: HOLD (confidence: 0.12)
  📝 Reason: 5m: MACD bearish; 15m: MACD bearish; 1h: RSI oversold (26.5); 1h: MACD bearish

[02:51:38] Cycle 230
  💰 Current Price: $0.26
  🎯 Signal: HOLD (confidence: 0.12)
  📝 Reason: 5m: MACD bearish; 15m: MACD bearish; 1h: RSI oversold (26.5); 1h: MACD bearish

[02:52:09] Cycle 231
  💰 Current Price: $0.26
  🎯 Signal: HOLD (confidence: 0.12)
  📝 Reason: 5m: MACD bearish; 15m: MACD bearish; 1h: RSI oversold (26.5); 1h: MACD bearish

[02:52:40] Cycle 232
  💰 Current Price: $0.26
  🎯 Signal: HOLD (confidence: 0.12)
  📝 Reason: 5m: MACD bearish; 15m: MACD bearish; 1h: RSI oversold (26.5); 1h: MACD bearish

[02:53:11] Cycle 233
  💰 Current Price: $0.26
  🎯 Signal: HOLD (confidence: 0.12)
  📝 Reason: 5m: MACD bearish; 15m: MACD bearish; 1h: RSI oversold (26.5); 1h: MACD bearish

[02:53:42] Cycle 234
  💰 Current Price: $0.26
  🎯 Signal: HOLD (confidence: 0.12)
  📝 Reason: 5m: MACD bearish; 15m: MACD bearish; 1h: RSI oversold (26.7); 1h: MACD bearish

[02:54:12] Cycle 235
  💰 Current Price: $0.26
  🎯 Signal: HOLD (confidence: 0.12)
  📝 Reason: 5m: MACD bearish; 15m: MACD bearish; 1h: RSI oversold (26.9); 1h: MACD bearish

[02:54:43] Cycle 236
  💰 Current Price: $0.26
  🎯 Signal: HOLD (confidence: 0.12)
  📝 Reason: 5m: MACD bearish; 15m: MACD bearish; 1h: RSI oversold (27.0); 1h: MACD bearish

[02:55:14] Cycle 237
  💰 Current Price: $0.26
  🎯 Signal: HOLD (confidence: 0.12)
  📝 Reason: 5m: MACD bearish; 15m: MACD bearish; 1h: RSI oversold (27.0); 1h: MACD bearish

[02:55:45] Cycle 238
  💰 Current Price: $0.26
  🎯 Signal: HOLD (confidence: 0.12)
  📝 Reason: 5m: MACD bearish; 15m: MACD bearish; 1h: RSI oversold (27.0); 1h: MACD bearish

[02:56:16] Cycle 239
  💰 Current Price: $0.26
  🎯 Signal: HOLD (confidence: 0.12)
  📝 Reason: 5m: MACD bearish; 15m: MACD bearish; 1h: RSI oversold (27.0); 1h: MACD bearish

[02:56:47] Cycle 240
  💰 Current Price: $0.26
  🎯 Signal: HOLD (confidence: 0.12)
  📝 Reason: 5m: MACD bearish; 15m: MACD bearish; 1h: RSI oversold (27.0); 1h: MACD bearish

[02:57:18] Cycle 241
  💰 Current Price: $0.26
  🎯 Signal: HOLD (confidence: 0.12)
  📝 Reason: 5m: MACD bearish; 15m: MACD bearish; 1h: RSI oversold (27.0); 1h: MACD bearish

[02:57:49] Cycle 242
  💰 Current Price: $0.26
  🎯 Signal: HOLD (confidence: 0.12)
  📝 Reason: 5m: MACD bearish; 15m: MACD bearish; 1h: RSI oversold (27.0); 1h: MACD bearish

[02:58:20] Cycle 243
  💰 Current Price: $0.26
  🎯 Signal: BUY (confidence: 0.33)
  📝 Reason: 5m: MACD bearish; 15m: MACD bullish; 1h: RSI oversold (27.5); 1h: MACD bearish

[02:58:51] Cycle 244
  💰 Current Price: $0.26
  🎯 Signal: BUY (confidence: 0.33)
  📝 Reason: 5m: MACD bearish; 15m: MACD bullish; 1h: RSI oversold (27.5); 1h: MACD bearish

[02:59:22] Cycle 245
  💰 Current Price: $0.26
  🎯 Signal: BUY (confidence: 0.33)
  📝 Reason: 5m: MACD bearish; 15m: MACD bullish; 1h: RSI oversold (28.1); 1h: MACD bearish

[02:59:53] Cycle 246
  💰 Current Price: $0.26
  🎯 Signal: BUY (confidence: 0.33)
  📝 Reason: 5m: MACD bearish; 15m: MACD bullish; 1h: RSI oversold (28.1); 1h: MACD bearish

[03:00:24] Cycle 247
  💰 Current Price: $0.26
  🎯 Signal: HOLD (confidence: 0.03)
  📝 Reason: 5m: MACD bearish; 15m: MACD bullish; 1h: MACD bearish; 4h: RSI oversold (19.2)

[03:00:55] Cycle 248
  💰 Current Price: $0.26
  🎯 Signal: HOLD (confidence: 0.03)
  📝 Reason: 5m: MACD bearish; 15m: MACD bullish; 1h: MACD bearish; 4h: RSI oversold (19.3)

[03:01:26] Cycle 249
  💰 Current Price: $0.26
  🎯 Signal: HOLD (confidence: 0.03)
  📝 Reason: 5m: MACD bearish; 15m: MACD bullish; 1h: MACD bearish; 4h: RSI oversold (19.3)

[03:01:57] Cycle 250
  💰 Current Price: $0.26
  🎯 Signal: HOLD (confidence: 0.03)
  📝 Reason: 5m: MACD bearish; 15m: MACD bullish; 1h: MACD bearish; 4h: RSI oversold (19.6)

[03:02:28] Cycle 251
  💰 Current Price: $0.26
  🎯 Signal: HOLD (confidence: 0.03)
  📝 Reason: 5m: MACD bearish; 15m: MACD bullish; 1h: MACD bearish; 4h: RSI oversold (20.6)

[03:02:59] Cycle 252
  💰 Current Price: $0.26
  🎯 Signal: HOLD (confidence: 0.03)
  📝 Reason: 5m: MACD bearish; 15m: MACD bullish; 1h: MACD bearish; 4h: RSI oversold (20.4)

[03:03:30] Cycle 253
  💰 Current Price: $0.26
  🎯 Signal: HOLD (confidence: 0.03)
  📝 Reason: 5m: MACD bearish; 15m: MACD bullish; 1h: MACD bearish; 4h: RSI oversold (20.4)

[03:04:01] Cycle 254
  💰 Current Price: $0.26
  🎯 Signal: HOLD (confidence: 0.03)
  📝 Reason: 5m: MACD bearish; 15m: MACD bullish; 1h: MACD bearish; 4h: RSI oversold (19.9)

[03:04:31] Cycle 255
  💰 Current Price: $0.26
  🎯 Signal: HOLD (confidence: 0.03)
  📝 Reason: 5m: MACD bearish; 15m: MACD bullish; 1h: MACD bearish; 4h: RSI oversold (19.9)

[03:05:03] Cycle 256
  💰 Current Price: $0.26
  🎯 Signal: HOLD (confidence: 0.03)
  📝 Reason: 5m: MACD bearish; 15m: MACD bullish; 1h: MACD bearish; 4h: RSI oversold (19.9)

[03:05:34] Cycle 257
  💰 Current Price: $0.26
  🎯 Signal: HOLD (confidence: 0.03)
  📝 Reason: 5m: MACD bearish; 15m: MACD bullish; 1h: MACD bearish; 4h: RSI oversold (19.9)

[03:06:05] Cycle 258
  💰 Current Price: $0.26
  🎯 Signal: HOLD (confidence: 0.03)
  📝 Reason: 5m: MACD bearish; 15m: MACD bullish; 1h: MACD bearish; 4h: RSI oversold (20.2)

[03:06:36] Cycle 259
  💰 Current Price: $0.26
  🎯 Signal: HOLD (confidence: 0.03)
  📝 Reason: 5m: MACD bearish; 15m: MACD bullish; 1h: MACD bearish; 4h: RSI oversold (20.2)

[03:07:07] Cycle 260
  💰 Current Price: $0.26
  🎯 Signal: HOLD (confidence: 0.03)
  📝 Reason: 5m: MACD bearish; 15m: MACD bullish; 1h: MACD bearish; 4h: RSI oversold (20.2)

[03:07:38] Cycle 261
  💰 Current Price: $0.26
  🎯 Signal: HOLD (confidence: 0.03)
  📝 Reason: 5m: MACD bearish; 15m: MACD bullish; 1h: MACD bearish; 4h: RSI oversold (20.3)

[03:08:09] Cycle 262
  💰 Current Price: $0.26
  🎯 Signal: HOLD (confidence: 0.03)
  📝 Reason: 5m: MACD bearish; 15m: MACD bullish; 1h: MACD bearish; 4h: RSI oversold (20.3)

[03:08:40] Cycle 263
  💰 Current Price: $0.26
  🎯 Signal: HOLD (confidence: 0.03)
  📝 Reason: 5m: MACD bearish; 15m: MACD bullish; 1h: MACD bearish; 4h: RSI oversold (20.3)

[03:09:11] Cycle 264
  💰 Current Price: $0.26
  🎯 Signal: HOLD (confidence: 0.03)
  📝 Reason: 5m: MACD bearish; 15m: MACD bullish; 1h: MACD bearish; 4h: RSI oversold (20.3)

[03:09:41] Cycle 265
  💰 Current Price: $0.26
  🎯 Signal: HOLD (confidence: 0.03)
  📝 Reason: 5m: MACD bearish; 15m: MACD bullish; 1h: MACD bearish; 4h: RSI oversold (19.9)

[03:10:13] Cycle 266
  💰 Current Price: $0.26
  🎯 Signal: HOLD (confidence: 0.12)
  📝 Reason: 5m: MACD bullish; 15m: MACD bullish; 1h: MACD bearish; 4h: RSI oversold (19.9)

[03:10:44] Cycle 267
  💰 Current Price: $0.26
  🎯 Signal: HOLD (confidence: 0.03)
  📝 Reason: 5m: MACD bearish; 15m: MACD bullish; 1h: MACD bearish; 4h: RSI oversold (20.3)

[03:08:25] Cycle 268
  💰 Current Price: $0.26
  🎯 Signal: HOLD (confidence: 0.03)
  📝 Reason: 5m: MACD bearish; 15m: MACD bullish; 1h: MACD bearish; 4h: RSI oversold (20.3)

[03:08:56] Cycle 269
  💰 Current Price: $0.26
  🎯 Signal: HOLD (confidence: 0.03)
  📝 Reason: 5m: MACD bearish; 15m: MACD bullish; 1h: MACD bearish; 4h: RSI oversold (20.3)

[03:09:27] Cycle 270
  💰 Current Price: $0.26
  🎯 Signal: HOLD (confidence: 0.03)
  📝 Reason: 5m: MACD bearish; 15m: MACD bullish; 1h: MACD bearish; 4h: RSI oversold (19.9)

[03:09:58] Cycle 271
  💰 Current Price: $0.26
  🎯 Signal: HOLD (confidence: 0.03)
  📝 Reason: 5m: MACD bearish; 15m: MACD bullish; 1h: MACD bearish; 4h: RSI oversold (19.9)

[03:10:29] Cycle 272
  💰 Current Price: $0.26
  🎯 Signal: HOLD (confidence: 0.12)
  📝 Reason: 5m: MACD bullish; 15m: MACD bullish; 1h: MACD bearish; 4h: RSI oversold (19.9)

[03:10:59] Cycle 273
  💰 Current Price: $0.26
  🎯 Signal: HOLD (confidence: 0.12)
  📝 Reason: 5m: MACD bullish; 15m: MACD bullish; 1h: MACD bearish; 4h: RSI oversold (19.9)

[03:11:30] Cycle 274
  💰 Current Price: $0.26
  🎯 Signal: HOLD (confidence: 0.12)
  📝 Reason: 5m: MACD bullish; 15m: MACD bullish; 1h: MACD bearish; 4h: RSI oversold (19.9)

[03:12:01] Cycle 275
  💰 Current Price: $0.26
  🎯 Signal: HOLD (confidence: 0.12)
  📝 Reason: 5m: MACD bullish; 15m: MACD bullish; 1h: MACD bearish; 4h: RSI oversold (19.9)

[03:12:32] Cycle 276
  💰 Current Price: $0.26
  🎯 Signal: HOLD (confidence: 0.12)
  📝 Reason: 5m: MACD bullish; 15m: MACD bullish; 1h: MACD bearish; 4h: RSI oversold (19.9)

[03:13:03] Cycle 277
  💰 Current Price: $0.26
  🎯 Signal: HOLD (confidence: 0.12)
  📝 Reason: 5m: MACD bullish; 15m: MACD bullish; 1h: MACD bearish; 4h: RSI oversold (19.9)

[03:13:34] Cycle 278
  💰 Current Price: $0.26
  🎯 Signal: HOLD (confidence: 0.12)
  📝 Reason: 5m: MACD bullish; 15m: MACD bullish; 1h: MACD bearish; 4h: RSI oversold (20.1)

[03:14:05] Cycle 279
  💰 Current Price: $0.26
  🎯 Signal: HOLD (confidence: 0.03)
  📝 Reason: 5m: RSI overbought (77.0); 5m: MACD bullish; 15m: MACD bullish; 1h: MACD bearish

[03:14:36] Cycle 280
  💰 Current Price: $0.26
  🎯 Signal: HOLD (confidence: 0.03)
  📝 Reason: 5m: RSI overbought (76.7); 5m: MACD bullish; 15m: MACD bullish; 1h: MACD bearish

[03:15:07] Cycle 281
  💰 Current Price: $0.26
  🎯 Signal: HOLD (confidence: 0.03)
  📝 Reason: 5m: RSI overbought (74.6); 5m: MACD bullish; 15m: MACD bullish; 1h: MACD bearish

[03:15:38] Cycle 282
  💰 Current Price: $0.26
  🎯 Signal: HOLD (confidence: 0.03)
  📝 Reason: 5m: RSI overbought (72.9); 5m: MACD bullish; 15m: MACD bullish; 1h: MACD bearish

[03:16:09] Cycle 283
  💰 Current Price: $0.26
  🎯 Signal: HOLD (confidence: 0.12)
  📝 Reason: 5m: MACD bullish; 15m: MACD bullish; 1h: MACD bearish; 4h: RSI oversold (21.1)

[03:16:40] Cycle 284
  💰 Current Price: $0.26
  🎯 Signal: HOLD (confidence: 0.12)
  📝 Reason: 5m: MACD bullish; 15m: MACD bullish; 1h: MACD bearish; 4h: RSI oversold (21.1)

[03:17:11] Cycle 285
  💰 Current Price: $0.26
  🎯 Signal: HOLD (confidence: 0.03)
  📝 Reason: 5m: RSI overbought (70.2); 5m: MACD bullish; 15m: MACD bullish; 1h: MACD bearish

[03:17:42] Cycle 286
  💰 Current Price: $0.26
  🎯 Signal: HOLD (confidence: 0.03)
  📝 Reason: 5m: RSI overbought (70.2); 5m: MACD bullish; 15m: MACD bullish; 1h: MACD bearish

[03:18:13] Cycle 287
  💰 Current Price: $0.26
  🎯 Signal: HOLD (confidence: 0.03)
  📝 Reason: 5m: RSI overbought (70.2); 5m: MACD bullish; 15m: MACD bullish; 1h: MACD bearish

[03:18:44] Cycle 288
  💰 Current Price: $0.26
  🎯 Signal: HOLD (confidence: 0.12)
  📝 Reason: 5m: MACD bullish; 15m: MACD bullish; 1h: MACD bearish; 4h: RSI oversold (20.7)

[03:19:15] Cycle 289
  💰 Current Price: $0.26
  🎯 Signal: HOLD (confidence: 0.12)
  📝 Reason: 5m: MACD bullish; 15m: MACD bullish; 1h: MACD bearish; 4h: RSI oversold (20.7)

[03:19:46] Cycle 290
  💰 Current Price: $0.26
  🎯 Signal: HOLD (confidence: 0.12)
  📝 Reason: 5m: MACD bullish; 15m: MACD bullish; 1h: MACD bearish; 4h: RSI oversold (20.7)

[03:20:17] Cycle 291
  💰 Current Price: $0.26
  🎯 Signal: HOLD (confidence: 0.12)
  📝 Reason: 5m: MACD bullish; 15m: MACD bullish; 1h: MACD bearish; 4h: RSI oversold (21.0)

[03:20:47] Cycle 292
  💰 Current Price: $0.26
  🎯 Signal: HOLD (confidence: 0.12)
  📝 Reason: 5m: MACD bullish; 15m: MACD bullish; 1h: MACD bearish; 4h: RSI oversold (20.7)

[03:21:18] Cycle 293
  💰 Current Price: $0.26
  🎯 Signal: HOLD (confidence: 0.12)
  📝 Reason: 5m: MACD bullish; 15m: MACD bullish; 1h: MACD bearish; 4h: RSI oversold (20.7)

[03:21:49] Cycle 294
  💰 Current Price: $0.26
  🎯 Signal: HOLD (confidence: 0.12)
  📝 Reason: 5m: MACD bullish; 15m: MACD bullish; 1h: MACD bearish; 4h: RSI oversold (20.7)

[03:22:20] Cycle 295
  💰 Current Price: $0.26
  🎯 Signal: HOLD (confidence: 0.12)
  📝 Reason: 5m: MACD bullish; 15m: MACD bullish; 1h: MACD bearish; 4h: RSI oversold (20.6)

[03:22:51] Cycle 296
  💰 Current Price: $0.26
  🎯 Signal: HOLD (confidence: 0.12)
  📝 Reason: 5m: MACD bullish; 15m: MACD bullish; 1h: MACD bearish; 4h: RSI oversold (20.3)

[03:23:22] Cycle 297
  💰 Current Price: $0.26
  🎯 Signal: HOLD (confidence: 0.12)
  📝 Reason: 5m: MACD bullish; 15m: MACD bullish; 1h: MACD bearish; 4h: RSI oversold (19.9)

[03:23:53] Cycle 298
  💰 Current Price: $0.26
  🎯 Signal: HOLD (confidence: 0.12)
  📝 Reason: 5m: MACD bullish; 15m: MACD bullish; 1h: MACD bearish; 4h: RSI oversold (19.9)

[03:24:24] Cycle 299
  💰 Current Price: $0.26
  🎯 Signal: HOLD (confidence: 0.12)
  📝 Reason: 5m: MACD bullish; 15m: MACD bullish; 1h: MACD bearish; 4h: RSI oversold (19.9)

[03:24:55] Cycle 300
  💰 Current Price: $0.26
  🎯 Signal: HOLD (confidence: 0.12)
  📝 Reason: 5m: MACD bullish; 15m: MACD bullish; 1h: MACD bearish; 4h: RSI oversold (19.9)

[03:25:26] Cycle 301
  💰 Current Price: $0.26
  🎯 Signal: HOLD (confidence: 0.12)
  📝 Reason: 5m: MACD bullish; 15m: MACD bullish; 1h: MACD bearish; 4h: RSI oversold (19.6)

[03:25:57] Cycle 302
  💰 Current Price: $0.26
  🎯 Signal: HOLD (confidence: 0.12)
  📝 Reason: 5m: MACD bullish; 15m: MACD bullish; 1h: MACD bearish; 4h: RSI oversold (19.9)

[03:26:28] Cycle 303
  💰 Current Price: $0.26
  🎯 Signal: HOLD (confidence: 0.12)
  📝 Reason: 5m: MACD bullish; 15m: MACD bullish; 1h: MACD bearish; 4h: RSI oversold (19.7)

[03:26:59] Cycle 304
  💰 Current Price: $0.26
  🎯 Signal: HOLD (confidence: 0.12)
  📝 Reason: 5m: MACD bullish; 15m: MACD bullish; 1h: MACD bearish; 4h: RSI oversold (18.8)

[03:27:30] Cycle 305
  💰 Current Price: $0.26
  🎯 Signal: HOLD (confidence: 0.12)
  📝 Reason: 5m: MACD bullish; 15m: MACD bullish; 1h: MACD bearish; 4h: RSI oversold (18.8)

[03:28:01] Cycle 306
  💰 Current Price: $0.26
  🎯 Signal: HOLD (confidence: 0.12)
  📝 Reason: 5m: MACD bullish; 15m: MACD bullish; 1h: MACD bearish; 4h: RSI oversold (18.7)

[03:28:32] Cycle 307
  💰 Current Price: $0.26
  🎯 Signal: HOLD (confidence: 0.12)
  📝 Reason: 5m: MACD bullish; 15m: MACD bullish; 1h: MACD bearish; 4h: RSI oversold (18.7)

[03:29:02] Cycle 308
  💰 Current Price: $0.26
  🎯 Signal: HOLD (confidence: 0.12)
  📝 Reason: 5m: MACD bullish; 15m: MACD bullish; 1h: MACD bearish; 4h: RSI oversold (18.7)

[03:29:33] Cycle 309
  💰 Current Price: $0.26
  🎯 Signal: HOLD (confidence: 0.12)
  📝 Reason: 5m: MACD bullish; 15m: MACD bullish; 1h: MACD bearish; 4h: RSI oversold (18.7)

[03:30:04] Cycle 310
  💰 Current Price: $0.26
  🎯 Signal: HOLD (confidence: 0.12)
  📝 Reason: 5m: MACD bullish; 15m: MACD bullish; 1h: MACD bearish; 4h: RSI oversold (18.7)

[03:30:35] Cycle 311
  💰 Current Price: $0.26
  🎯 Signal: HOLD (confidence: 0.12)
  🎯 Signal: HOLD (confidence: 0.12)
  📝 Reason: 5m: MACD bullish; 15m: MACD bullish; 1h: MACD bearish; 4h: RSI oversold (19.9)

[03:11:15] Cycle 268
  💰 Current Price: $0.26
  🎯 Signal: HOLD (confidence: 0.12)
  📝 Reason: 5m: MACD bullish; 15m: MACD bullish; 1h: MACD bearish; 4h: RSI oversold (19.9)

[03:11:45] Cycle 269
  💰 Current Price: $0.26
  🎯 Signal: HOLD (confidence: 0.12)
  📝 Reason: 5m: MACD bullish; 15m: MACD bullish; 1h: MACD bearish; 4h: RSI oversold (19.9)

[03:12:16] Cycle 270
  💰 Current Price: $0.26
  🎯 Signal: HOLD (confidence: 0.12)
  📝 Reason: 5m: MACD bullish; 15m: MACD bullish; 1h: MACD bearish; 4h: RSI oversold (19.9)

[03:12:47] Cycle 271
  💰 Current Price: $0.26
  🎯 Signal: HOLD (confidence: 0.12)
  📝 Reason: 5m: MACD bullish; 15m: MACD bullish; 1h: MACD bearish; 4h: RSI oversold (19.9)

[03:13:18] Cycle 272
  💰 Current Price: $0.26
  🎯 Signal: HOLD (confidence: 0.12)
  📝 Reason: 5m: MACD bullish; 15m: MACD bullish; 1h: MACD bearish; 4h: RSI oversold (20.1)

[03:13:49] Cycle 273
  💰 Current Price: $0.26
  🎯 Signal: HOLD (confidence: 0.03)
  📝 Reason: 5m: RSI overbought (71.1); 5m: MACD bullish; 15m: MACD bullish; 1h: MACD bearish

[03:14:20] Cycle 274
  💰 Current Price: $0.26
  🎯 Signal: HOLD (confidence: 0.03)
  📝 Reason: 5m: RSI overbought (77.0); 5m: MACD bullish; 15m: MACD bullish; 1h: MACD bearish

[03:14:51] Cycle 275
  💰 Current Price: $0.26
  🎯 Signal: HOLD (confidence: 0.03)
  📝 Reason: 5m: RSI overbought (76.7); 5m: MACD bullish; 15m: MACD bullish; 1h: MACD bearish

[03:15:22] Cycle 276
  💰 Current Price: $0.26
  🎯 Signal: HOLD (confidence: 0.03)
  📝 Reason: 5m: RSI overbought (74.6); 5m: MACD bullish; 15m: MACD bullish; 1h: MACD bearish

[03:15:53] Cycle 277
  💰 Current Price: $0.26
  🎯 Signal: HOLD (confidence: 0.03)
  📝 Reason: 5m: RSI overbought (72.9); 5m: MACD bullish; 15m: MACD bullish; 1h: MACD bearish

[03:16:24] Cycle 278
  💰 Current Price: $0.26
  🎯 Signal: HOLD (confidence: 0.12)
  📝 Reason: 5m: MACD bullish; 15m: MACD bullish; 1h: MACD bearish; 4h: RSI oversold (21.1)

[03:16:55] Cycle 279
  💰 Current Price: $0.26
  🎯 Signal: HOLD (confidence: 0.03)
  📝 Reason: 5m: RSI overbought (70.2); 5m: MACD bullish; 15m: MACD bullish; 1h: MACD bearish

[03:17:26] Cycle 280
  💰 Current Price: $0.26
  🎯 Signal: HOLD (confidence: 0.03)
  📝 Reason: 5m: RSI overbought (70.2); 5m: MACD bullish; 15m: MACD bullish; 1h: MACD bearish

[03:17:57] Cycle 281
  💰 Current Price: $0.26
  🎯 Signal: HOLD (confidence: 0.03)
  📝 Reason: 5m: RSI overbought (70.2); 5m: MACD bullish; 15m: MACD bullish; 1h: MACD bearish

[03:18:27] Cycle 282
  💰 Current Price: $0.26
  🎯 Signal: HOLD (confidence: 0.03)
  📝 Reason: 5m: RSI overbought (70.2); 5m: MACD bullish; 15m: MACD bullish; 1h: MACD bearish

[03:18:58] Cycle 283
  💰 Current Price: $0.26
  🎯 Signal: HOLD (confidence: 0.12)
  📝 Reason: 5m: MACD bullish; 15m: MACD bullish; 1h: MACD bearish; 4h: RSI oversold (20.7)

[03:19:29] Cycle 284
  💰 Current Price: $0.26
  🎯 Signal: HOLD (confidence: 0.12)
  📝 Reason: 5m: MACD bullish; 15m: MACD bullish; 1h: MACD bearish; 4h: RSI oversold (20.7)

[03:20:00] Cycle 285
  💰 Current Price: $0.26
  🎯 Signal: HOLD (confidence: 0.12)
  📝 Reason: 5m: MACD bullish; 15m: MACD bullish; 1h: MACD bearish; 4h: RSI oversold (21.0)

[03:20:31] Cycle 286
  💰 Current Price: $0.26
  🎯 Signal: HOLD (confidence: 0.12)
  📝 Reason: 5m: MACD bullish; 15m: MACD bullish; 1h: MACD bearish; 4h: RSI oversold (21.0)

[03:21:02] Cycle 287
  💰 Current Price: $0.26
  🎯 Signal: HOLD (confidence: 0.12)
  📝 Reason: 5m: MACD bullish; 15m: MACD bullish; 1h: MACD bearish; 4h: RSI oversold (20.7)

[03:21:33] Cycle 288
  💰 Current Price: $0.26
  🎯 Signal: HOLD (confidence: 0.12)
  📝 Reason: 5m: MACD bullish; 15m: MACD bullish; 1h: MACD bearish; 4h: RSI oversold (20.7)

[03:22:03] Cycle 289
  💰 Current Price: $0.26
  🎯 Signal: HOLD (confidence: 0.12)
  📝 Reason: 5m: MACD bullish; 15m: MACD bullish; 1h: MACD bearish; 4h: RSI oversold (20.7)

[03:22:34] Cycle 290
  💰 Current Price: $0.26
  🎯 Signal: HOLD (confidence: 0.12)
  📝 Reason: 5m: MACD bullish; 15m: MACD bullish; 1h: MACD bearish; 4h: RSI oversold (20.6)

[03:23:05] Cycle 291
  💰 Current Price: $0.26
  🎯 Signal: HOLD (confidence: 0.12)
  📝 Reason: 5m: MACD bullish; 15m: MACD bullish; 1h: MACD bearish; 4h: RSI oversold (20.3)

[03:23:36] Cycle 292
  💰 Current Price: $0.26
  🎯 Signal: HOLD (confidence: 0.12)
  📝 Reason: 5m: MACD bullish; 15m: MACD bullish; 1h: MACD bearish; 4h: RSI oversold (19.9)

[03:24:07] Cycle 293
  💰 Current Price: $0.26
  🎯 Signal: HOLD (confidence: 0.12)
  📝 Reason: 5m: MACD bullish; 15m: MACD bullish; 1h: MACD bearish; 4h: RSI oversold (19.9)

[03:24:38] Cycle 294
  💰 Current Price: $0.26
  🎯 Signal: HOLD (confidence: 0.12)
  📝 Reason: 5m: MACD bullish; 15m: MACD bullish; 1h: MACD bearish; 4h: RSI oversold (19.9)

[03:25:09] Cycle 295
  💰 Current Price: $0.26
  🎯 Signal: HOLD (confidence: 0.12)
  📝 Reason: 5m: MACD bullish; 15m: MACD bullish; 1h: MACD bearish; 4h: RSI oversold (19.9)

[03:25:40] Cycle 296
  💰 Current Price: $0.26
  🎯 Signal: HOLD (confidence: 0.12)
  📝 Reason: 5m: MACD bullish; 15m: MACD bullish; 1h: MACD bearish; 4h: RSI oversold (19.6)

[03:26:11] Cycle 297
  💰 Current Price: $0.26
  🎯 Signal: HOLD (confidence: 0.12)
  📝 Reason: 5m: MACD bullish; 15m: MACD bullish; 1h: MACD bearish; 4h: RSI oversold (19.9)

[03:26:42] Cycle 298
  💰 Current Price: $0.26
  🎯 Signal: HOLD (confidence: 0.12)
  📝 Reason: 5m: MACD bullish; 15m: MACD bullish; 1h: MACD bearish; 4h: RSI oversold (19.2)

[03:27:13] Cycle 299
  💰 Current Price: $0.26
  🎯 Signal: HOLD (confidence: 0.12)
  📝 Reason: 5m: MACD bullish; 15m: MACD bullish; 1h: MACD bearish; 4h: RSI oversold (18.8)

[03:27:43] Cycle 300
  💰 Current Price: $0.26
  🎯 Signal: HOLD (confidence: 0.12)
  📝 Reason: 5m: MACD bullish; 15m: MACD bullish; 1h: MACD bearish; 4h: RSI oversold (19.0)

[03:28:14] Cycle 301
  💰 Current Price: $0.26
  🎯 Signal: HOLD (confidence: 0.12)
  📝 Reason: 5m: MACD bullish; 15m: MACD bullish; 1h: MACD bearish; 4h: RSI oversold (18.7)

[03:28:45] Cycle 302
  💰 Current Price: $0.26
  🎯 Signal: HOLD (confidence: 0.12)
  📝 Reason: 5m: MACD bullish; 15m: MACD bullish; 1h: MACD bearish; 4h: RSI oversold (18.7)

[03:29:16] Cycle 303
  💰 Current Price: $0.26
  🎯 Signal: HOLD (confidence: 0.12)
  📝 Reason: 5m: MACD bullish; 15m: MACD bullish; 1h: MACD bearish; 4h: RSI oversold (18.7)

[03:29:47] Cycle 304
  💰 Current Price: $0.26
  🎯 Signal: HOLD (confidence: 0.12)
  📝 Reason: 5m: MACD bullish; 15m: MACD bullish; 1h: MACD bearish; 4h: RSI oversold (18.7)

[03:30:18] Cycle 305
  💰 Current Price: $0.26
  🎯 Signal: HOLD (confidence: 0.12)
  📝 Reason: 5m: MACD bullish; 15m: MACD bullish; 1h: MACD bearish; 4h: RSI oversold (18.7)

[03:30:49] Cycle 306
  💰 Current Price: $0.26
  🎯 Signal: HOLD (confidence: 0.12)
  📝 Reason: 5m: MACD bullish; 15m: MACD bullish; 1h: MACD bearish; 4h: RSI oversold (18.7)

[03:31:20] Cycle 307
  💰 Current Price: $0.26
  🎯 Signal: HOLD (confidence: 0.12)
  📝 Reason: 5m: MACD bullish; 15m: MACD bullish; 1h: MACD bearish; 4h: RSI oversold (18.5)

[03:31:50] Cycle 308
  💰 Current Price: $0.26
  🎯 Signal: HOLD (confidence: 0.12)
  📝 Reason: 5m: MACD bullish; 15m: MACD bullish; 1h: MACD bearish; 4h: RSI oversold (18.5)

[03:32:21] Cycle 309
  💰 Current Price: $0.26
  🎯 Signal: HOLD (confidence: 0.12)
  📝 Reason: 5m: MACD bullish; 15m: MACD bullish; 1h: MACD bearish; 4h: RSI oversold (18.5)

[03:32:52] Cycle 310
  💰 Current Price: $0.26
  🎯 Signal: HOLD (confidence: 0.12)
  📝 Reason: 5m: MACD bullish; 15m: MACD bullish; 1h: MACD bearish; 4h: RSI oversold (18.5)

[03:33:23] Cycle 311
  💰 Current Price: $0.26
  🎯 Signal: HOLD (confidence: 0.12)
  📝 Reason: 5m: MACD bullish; 15m: MACD bullish; 1h: MACD bearish; 4h: RSI oversold (18.7)

[03:31:06] Cycle 312
  💰 Current Price: $0.26
  🎯 Signal: HOLD (confidence: 0.12)
  📝 Reason: 5m: MACD bullish; 15m: MACD bullish; 1h: MACD bearish; 4h: RSI oversold (18.5)

[03:31:37] Cycle 313
  💰 Current Price: $0.26
  🎯 Signal: HOLD (confidence: 0.12)
  📝 Reason: 5m: MACD bullish; 15m: MACD bullish; 1h: MACD bearish; 4h: RSI oversold (18.5)

[03:32:08] Cycle 314
  💰 Current Price: $0.26
  🎯 Signal: HOLD (confidence: 0.12)
  📝 Reason: 5m: MACD bullish; 15m: MACD bullish; 1h: MACD bearish; 4h: RSI oversold (18.5)

[03:32:39] Cycle 315
  💰 Current Price: $0.26
  🎯 Signal: HOLD (confidence: 0.12)
  📝 Reason: 5m: MACD bullish; 15m: MACD bullish; 1h: MACD bearish; 4h: RSI oversold (18.5)

[03:33:10] Cycle 316
  💰 Current Price: $0.26
  🎯 Signal: HOLD (confidence: 0.12)
  📝 Reason: 5m: MACD bullish; 15m: MACD bullish; 1h: MACD bearish; 4h: RSI oversold (18.5)

[03:33:41] Cycle 317
  💰 Current Price: $0.26
  🎯 Signal: HOLD (confidence: 0.12)
  📝 Reason: 5m: MACD bullish; 15m: MACD bullish; 1h: MACD bearish; 4h: RSI oversold (18.5)

[03:34:12] Cycle 318
  💰 Current Price: $0.26
  🎯 Signal: HOLD (confidence: 0.12)
  📝 Reason: 5m: MACD bullish; 15m: MACD bullish; 1h: MACD bearish; 4h: RSI oversold (18.5)

[03:34:43] Cycle 319
  💰 Current Price: $0.26
  🎯 Signal: HOLD (confidence: 0.12)
  📝 Reason: 5m: MACD bullish; 15m: MACD bullish; 1h: MACD bearish; 4h: RSI oversold (19.1)

[03:35:30] Cycle 320
  💰 Current Price: $0.26
  🎯 Signal: HOLD (confidence: 0.12)
  📝 Reason: 5m: MACD bullish; 15m: MACD bullish; 1h: MACD bearish; 4h: RSI oversold (19.1)

[03:36:01] Cycle 321
  💰 Current Price: $0.26
  🎯 Signal: HOLD (confidence: 0.12)
  📝 Reason: 5m: MACD bullish; 15m: MACD bullish; 1h: MACD bearish; 4h: RSI oversold (19.0)

[03:36:32] Cycle 322
  💰 Current Price: $0.26
  🎯 Signal: HOLD (confidence: 0.12)
  📝 Reason: 5m: MACD bullish; 15m: MACD bullish; 1h: MACD bearish; 4h: RSI oversold (19.0)

[03:37:03] Cycle 323
  💰 Current Price: $0.26
  🎯 Signal: HOLD (confidence: 0.12)
  📝 Reason: 5m: MACD bullish; 15m: MACD bullish; 1h: MACD bearish; 4h: RSI oversold (19.0)

[03:37:34] Cycle 324
  💰 Current Price: $0.26
  🎯 Signal: HOLD (confidence: 0.12)
  📝 Reason: 5m: MACD bullish; 15m: MACD bullish; 1h: MACD bearish; 4h: RSI oversold (19.0)

[03:38:05] Cycle 325
  💰 Current Price: $0.26
  🎯 Signal: HOLD (confidence: 0.12)
  📝 Reason: 5m: MACD bullish; 15m: MACD bullish; 1h: MACD bearish; 4h: RSI oversold (18.9)

[03:38:36] Cycle 326
  💰 Current Price: $0.26
  🎯 Signal: HOLD (confidence: 0.12)
  📝 Reason: 5m: MACD bullish; 15m: MACD bullish; 1h: MACD bearish; 4h: RSI oversold (18.9)

[03:39:07] Cycle 327
  💰 Current Price: $0.26
  🎯 Signal: HOLD (confidence: 0.12)
  📝 Reason: 5m: MACD bullish; 15m: MACD bullish; 1h: MACD bearish; 4h: RSI oversold (18.6)

[03:39:38] Cycle 328
  💰 Current Price: $0.26
  🎯 Signal: HOLD (confidence: 0.12)
  📝 Reason: 5m: MACD bullish; 15m: MACD bullish; 1h: MACD bearish; 4h: RSI oversold (18.6)

[03:40:08] Cycle 329
  💰 Current Price: $0.26
  🎯 Signal: HOLD (confidence: 0.12)
  📝 Reason: 5m: MACD bullish; 15m: MACD bullish; 1h: MACD bearish; 4h: RSI oversold (18.6)

[03:40:39] Cycle 330
  💰 Current Price: $0.26
  🎯 Signal: HOLD (confidence: 0.12)
  📝 Reason: 5m: MACD bullish; 15m: MACD bullish; 1h: MACD bearish; 4h: RSI oversold (18.2)

[03:41:10] Cycle 331
  💰 Current Price: $0.26
  🎯 Signal: HOLD (confidence: 0.12)
  📝 Reason: 5m: MACD bullish; 15m: MACD bullish; 1h: MACD bearish; 4h: RSI oversold (18.2)

[03:41:41] Cycle 332
  💰 Current Price: $0.26
  🎯 Signal: HOLD (confidence: 0.12)
  📝 Reason: 5m: MACD bullish; 15m: MACD bullish; 1h: MACD bearish; 4h: RSI oversold (18.2)

[03:42:12] Cycle 333
  💰 Current Price: $0.26
  🎯 Signal: HOLD (confidence: 0.12)
  📝 Reason: 5m: MACD bullish; 15m: MACD bullish; 1h: MACD bearish; 4h: RSI oversold (18.4)

[03:42:43] Cycle 334
  💰 Current Price: $0.26
  🎯 Signal: HOLD (confidence: 0.12)
  📝 Reason: 5m: MACD bullish; 15m: MACD bullish; 1h: MACD bearish; 4h: RSI oversold (18.4)

[03:43:14] Cycle 335
  💰 Current Price: $0.26
  🎯 Signal: HOLD (confidence: 0.12)
  📝 Reason: 5m: MACD bullish; 15m: MACD bullish; 1h: MACD bearish; 4h: RSI oversold (18.4)

[03:43:45] Cycle 336
  💰 Current Price: $0.26
  🎯 Signal: HOLD (confidence: 0.12)
  📝 Reason: 5m: MACD bullish; 15m: MACD bullish; 1h: MACD bearish; 4h: RSI oversold (18.7)

[03:44:16] Cycle 337
  💰 Current Price: $0.26
  🎯 Signal: HOLD (confidence: 0.12)
  📝 Reason: 5m: MACD bullish; 15m: MACD bullish; 1h: MACD bearish; 4h: RSI oversold (18.7)

[03:44:47] Cycle 338
  💰 Current Price: $0.26
  🎯 Signal: HOLD (confidence: 0.12)
  📝 Reason: 5m: MACD bullish; 15m: MACD bullish; 1h: MACD bearish; 4h: RSI oversold (18.7)

[03:45:17] Cycle 339
  💰 Current Price: $0.26
  🎯 Signal: HOLD (confidence: 0.07)
  📝 Reason: 5m: MACD bullish; 15m: MACD bearish; 1h: MACD bearish; 4h: RSI oversold (18.5)

[03:45:48] Cycle 340
  💰 Current Price: $0.26
  🎯 Signal: HOLD (confidence: 0.07)
  📝 Reason: 5m: MACD bullish; 15m: MACD bearish; 1h: MACD bearish; 4h: RSI oversold (18.5)

[03:46:19] Cycle 341
  💰 Current Price: $0.26
  🎯 Signal: HOLD (confidence: 0.07)
  📝 Reason: 5m: MACD bullish; 15m: MACD bearish; 1h: MACD bearish; 4h: RSI oversold (18.5)

[03:46:50] Cycle 342
  💰 Current Price: $0.26
  🎯 Signal: HOLD (confidence: 0.07)
  📝 Reason: 5m: MACD bullish; 15m: MACD bearish; 1h: MACD bearish; 4h: RSI oversold (18.4)

[03:47:21] Cycle 343
  💰 Current Price: $0.26
  ⚠️ OHLC exception: HTTPSConnectionPool(host='api.kraken.com', port=443): Max retries exceeded with url: /0/public/OHLC?pair=ADAUSD&interval=5 (Caused by ConnectTimeoutError(<HTTPSConnection(host='api.kraken.com', port=443) at 0x7fb3145a40d0>, 'Connection to api.kraken.com timed out. (connect timeout=8)'))
  🎯 Signal: HOLD (confidence: 0.14)
  📝 Reason: 15m: MACD bearish; 1h: MACD bearish; 4h: RSI oversold (18.4); 4h: MACD bearish

[03:49:12] Cycle 344
  💰 Current Price: $0.26
  🎯 Signal: HOLD (confidence: 0.07)
  📝 Reason: 5m: MACD bullish; 15m: MACD bearish; 1h: MACD bearish; 4h: RSI oversold (18.4)

[03:49:43] Cycle 345
  💰 Current Price: $0.26
  🎯 Signal: HOLD (confidence: 0.07)
  📝 Reason: 5m: MACD bullish; 15m: MACD bearish; 1h: MACD bearish; 4h: RSI oversold (18.2)

[03:50:14] Cycle 346
  💰 Current Price: $0.26
  🎯 Signal: HOLD (confidence: 0.07)
  📝 Reason: 5m: MACD bullish; 15m: MACD bearish; 1h: MACD bearish; 4h: RSI oversold (18.2)

[03:50:45] Cycle 347
  💰 Current Price: $0.26
  🎯 Signal: HOLD (confidence: 0.07)
  📝 Reason: 5m: MACD bullish; 15m: MACD bearish; 1h: MACD bearish; 4h: RSI oversold (18.2)

[03:51:16] Cycle 348
  💰 Current Price: $0.26
  🎯 Signal: HOLD (confidence: 0.07)
  📝 Reason: 5m: MACD bullish; 15m: MACD bearish; 1h: MACD bearish; 4h: RSI oversold (18.1)

[03:51:47] Cycle 349
  💰 Current Price: $0.26
  🎯 Signal: HOLD (confidence: 0.07)
  📝 Reason: 5m: MACD bullish; 15m: MACD bearish; 1h: MACD bearish; 4h: RSI oversold (18.1)

[03:52:18] Cycle 350
  💰 Current Price: $0.26
  🎯 Signal: HOLD (confidence: 0.07)
  📝 Reason: 5m: MACD bullish; 15m: MACD bearish; 1h: MACD bearish; 4h: RSI oversold (18.1)

[03:52:49] Cycle 351
  💰 Current Price: $0.26
  🎯 Signal: HOLD (confidence: 0.07)
  📝 Reason: 5m: MACD bullish; 15m: MACD bearish; 1h: MACD bearish; 4h: RSI oversold (18.1)

[03:53:19] Cycle 352
  💰 Current Price: $0.26
  🎯 Signal: HOLD (confidence: 0.07)
  📝 Reason: 5m: MACD bullish; 15m: MACD bearish; 1h: MACD bearish; 4h: RSI oversold (18.1)

[03:53:50] Cycle 353
  💰 Current Price: $0.26
  🎯 Signal: HOLD (confidence: 0.07)
  📝 Reason: 5m: MACD bullish; 15m: MACD bearish; 1h: MACD bearish; 4h: RSI oversold (18.0)

[03:54:21] Cycle 354
  💰 Current Price: $0.26
  🎯 Signal: HOLD (confidence: 0.07)
  📝 Reason: 5m: MACD bullish; 15m: MACD bullish; 1h: MACD bearish; 4h: RSI oversold (18.5)

[03:33:54] Cycle 312
  💰 Current Price: $0.26
  🎯 Signal: HOLD (confidence: 0.12)
  📝 Reason: 5m: MACD bullish; 15m: MACD bullish; 1h: MACD bearish; 4h: RSI oversold (18.5)

[03:34:25] Cycle 313
  💰 Current Price: $0.26
  🎯 Signal: HOLD (confidence: 0.12)
  📝 Reason: 5m: MACD bullish; 15m: MACD bullish; 1h: MACD bearish; 4h: RSI oversold (18.9)

[03:34:56] Cycle 314
  💰 Current Price: $0.26
  🎯 Signal: HOLD (confidence: 0.12)
  📝 Reason: 5m: MACD bullish; 15m: MACD bullish; 1h: MACD bearish; 4h: RSI oversold (19.1)

[03:35:34] Cycle 315
  💰 Current Price: $0.26
  🎯 Signal: HOLD (confidence: 0.12)
  📝 Reason: 5m: MACD bullish; 15m: MACD bullish; 1h: MACD bearish; 4h: RSI oversold (19.1)

[03:36:05] Cycle 316
  💰 Current Price: $0.26
  🎯 Signal: HOLD (confidence: 0.12)
  📝 Reason: 5m: MACD bullish; 15m: MACD bullish; 1h: MACD bearish; 4h: RSI oversold (19.0)

[03:36:36] Cycle 317
  💰 Current Price: $0.26
  🎯 Signal: HOLD (confidence: 0.12)
  📝 Reason: 5m: MACD bullish; 15m: MACD bullish; 1h: MACD bearish; 4h: RSI oversold (19.0)

[03:37:07] Cycle 318
  💰 Current Price: $0.26
  🎯 Signal: HOLD (confidence: 0.12)
  📝 Reason: 5m: MACD bullish; 15m: MACD bullish; 1h: MACD bearish; 4h: RSI oversold (19.0)

[03:37:38] Cycle 319
  💰 Current Price: $0.26
  🎯 Signal: HOLD (confidence: 0.12)
  📝 Reason: 5m: MACD bullish; 15m: MACD bullish; 1h: MACD bearish; 4h: RSI oversold (19.0)

[03:38:09] Cycle 320
  💰 Current Price: $0.26
  🎯 Signal: HOLD (confidence: 0.12)
  📝 Reason: 5m: MACD bullish; 15m: MACD bullish; 1h: MACD bearish; 4h: RSI oversold (18.9)

[03:38:40] Cycle 321
  💰 Current Price: $0.26
  🎯 Signal: HOLD (confidence: 0.12)
  📝 Reason: 5m: MACD bullish; 15m: MACD bullish; 1h: MACD bearish; 4h: RSI oversold (18.9)

[03:39:11] Cycle 322
  💰 Current Price: $0.26
  🎯 Signal: HOLD (confidence: 0.12)
  📝 Reason: 5m: MACD bullish; 15m: MACD bullish; 1h: MACD bearish; 4h: RSI oversold (18.6)

[03:39:42] Cycle 323
  💰 Current Price: $0.26
  🎯 Signal: HOLD (confidence: 0.12)
  📝 Reason: 5m: MACD bullish; 15m: MACD bullish; 1h: MACD bearish; 4h: RSI oversold (18.6)

[03:40:13] Cycle 324
  💰 Current Price: $0.26
  🎯 Signal: HOLD (confidence: 0.12)
  📝 Reason: 5m: MACD bullish; 15m: MACD bullish; 1h: MACD bearish; 4h: RSI oversold (18.6)

[03:40:44] Cycle 325
  💰 Current Price: $0.26
  🎯 Signal: HOLD (confidence: 0.12)
  📝 Reason: 5m: MACD bullish; 15m: MACD bullish; 1h: MACD bearish; 4h: RSI oversold (18.2)

[03:41:14] Cycle 326
  💰 Current Price: $0.26
  🎯 Signal: HOLD (confidence: 0.12)
  📝 Reason: 5m: MACD bullish; 15m: MACD bullish; 1h: MACD bearish; 4h: RSI oversold (18.2)

[03:41:45] Cycle 327
  💰 Current Price: $0.26
  🎯 Signal: HOLD (confidence: 0.12)
  📝 Reason: 5m: MACD bullish; 15m: MACD bullish; 1h: MACD bearish; 4h: RSI oversold (18.2)

[03:42:16] Cycle 328
  💰 Current Price: $0.26
  🎯 Signal: HOLD (confidence: 0.12)
  📝 Reason: 5m: MACD bullish; 15m: MACD bullish; 1h: MACD bearish; 4h: RSI oversold (18.4)

[03:42:47] Cycle 329
  💰 Current Price: $0.26
  🎯 Signal: HOLD (confidence: 0.12)
  📝 Reason: 5m: MACD bullish; 15m: MACD bullish; 1h: MACD bearish; 4h: RSI oversold (18.4)

[03:43:18] Cycle 330
  💰 Current Price: $0.26
  🎯 Signal: HOLD (confidence: 0.12)
  📝 Reason: 5m: MACD bullish; 15m: MACD bullish; 1h: MACD bearish; 4h: RSI oversold (18.4)

[03:43:49] Cycle 331
  💰 Current Price: $0.26
  🎯 Signal: HOLD (confidence: 0.12)
  📝 Reason: 5m: MACD bullish; 15m: MACD bullish; 1h: MACD bearish; 4h: RSI oversold (18.7)

[03:44:20] Cycle 332
  💰 Current Price: $0.26
  🎯 Signal: HOLD (confidence: 0.12)
  📝 Reason: 5m: MACD bullish; 15m: MACD bullish; 1h: MACD bearish; 4h: RSI oversold (18.7)

[03:44:50] Cycle 333
  💰 Current Price: $0.26
  🎯 Signal: HOLD (confidence: 0.12)
  📝 Reason: 5m: MACD bullish; 15m: MACD bullish; 1h: MACD bearish; 4h: RSI oversold (18.7)

[03:45:21] Cycle 334
  💰 Current Price: $0.26
  🎯 Signal: HOLD (confidence: 0.07)
  📝 Reason: 5m: MACD bullish; 15m: MACD bearish; 1h: MACD bearish; 4h: RSI oversold (18.5)

[03:45:52] Cycle 335
  💰 Current Price: $0.26
  🎯 Signal: HOLD (confidence: 0.07)
  📝 Reason: 5m: MACD bullish; 15m: MACD bearish; 1h: MACD bearish; 4h: RSI oversold (18.5)

[03:46:22] Cycle 336
  💰 Current Price: $0.26
  🎯 Signal: HOLD (confidence: 0.07)
  📝 Reason: 5m: MACD bullish; 15m: MACD bearish; 1h: MACD bearish; 4h: RSI oversold (18.5)

[03:46:53] Cycle 337
  💰 Current Price: $0.26
  🎯 Signal: HOLD (confidence: 0.07)
  📝 Reason: 5m: MACD bullish; 15m: MACD bearish; 1h: MACD bearish; 4h: RSI oversold (18.4)

[03:47:24] Cycle 338
  ⚠️ Ticker exception: HTTPSConnectionPool(host='api.kraken.com', port=443): Max retries exceeded with url: /0/public/Ticker?pair=ADAUSD (Caused by ConnectTimeoutError(<HTTPSConnection(host='api.kraken.com', port=443) at 0x7f0ae3a72590>, 'Connection to api.kraken.com timed out. (connect timeout=8)'))
  ⚠️ No ticker data

[03:48:35] Cycle 339
  💰 Current Price: $0.26
  🎯 Signal: HOLD (confidence: 0.07)
  📝 Reason: 5m: MACD bullish; 15m: MACD bearish; 1h: MACD bearish; 4h: RSI oversold (18.4)

[03:49:13] Cycle 340
  💰 Current Price: $0.26
  🎯 Signal: HOLD (confidence: 0.07)
  📝 Reason: 5m: MACD bullish; 15m: MACD bearish; 1h: MACD bearish; 4h: RSI oversold (18.4)

[03:49:43] Cycle 341
  💰 Current Price: $0.26
  🎯 Signal: HOLD (confidence: 0.07)
  📝 Reason: 5m: MACD bullish; 15m: MACD bearish; 1h: MACD bearish; 4h: RSI oversold (18.2)

[03:50:14] Cycle 342
  💰 Current Price: $0.26
  🎯 Signal: HOLD (confidence: 0.07)
  📝 Reason: 5m: MACD bullish; 15m: MACD bearish; 1h: MACD bearish; 4h: RSI oversold (18.2)

[03:50:45] Cycle 343
  💰 Current Price: $0.26
  🎯 Signal: HOLD (confidence: 0.07)
  📝 Reason: 5m: MACD bullish; 15m: MACD bearish; 1h: MACD bearish; 4h: RSI oversold (18.2)

[03:51:16] Cycle 344
  💰 Current Price: $0.26
  🎯 Signal: HOLD (confidence: 0.07)
  📝 Reason: 5m: MACD bullish; 15m: MACD bearish; 1h: MACD bearish; 4h: RSI oversold (18.1)

[03:51:47] Cycle 345
  💰 Current Price: $0.26
  🎯 Signal: HOLD (confidence: 0.07)
  📝 Reason: 5m: MACD bullish; 15m: MACD bearish; 1h: MACD bearish; 4h: RSI oversold (18.1)

[03:52:18] Cycle 346
  💰 Current Price: $0.26
  🎯 Signal: HOLD (confidence: 0.07)
  📝 Reason: 5m: MACD bullish; 15m: MACD bearish; 1h: MACD bearish; 4h: RSI oversold (18.1)

[03:52:49] Cycle 347
  💰 Current Price: $0.26
  🎯 Signal: HOLD (confidence: 0.07)
  📝 Reason: 5m: MACD bullish; 15m: MACD bearish; 1h: MACD bearish; 4h: RSI oversold (18.1)

[03:53:19] Cycle 348
  💰 Current Price: $0.26
  🎯 Signal: HOLD (confidence: 0.07)
  📝 Reason: 5m: MACD bullish; 15m: MACD bearish; 1h: MACD bearish; 4h: RSI oversold (18.1)

[03:53:50] Cycle 349
  💰 Current Price: $0.26
  🎯 Signal: HOLD (confidence: 0.07)
  📝 Reason: 5m: MACD bullish; 15m: MACD bearish; 1h: MACD bearish; 4h: RSI oversold (18.0)

[03:54:21] Cycle 350
  💰 Current Price: $0.26
  🎯 Signal: HOLD (confidence: 0.07)
  📝 Reason: 5m: MACD bullish; 15m: MACD bearish; 1h: MACD bearish; 4h: RSI oversold (18.0)

[03:54:52] Cycle 351
  💰 Current Price: $0.26
  🎯 Signal: HOLD (confidence: 0.07)
  📝 Reason: 5m: MACD bullish; 15m: MACD bearish; 1h: MACD bearish; 4h: RSI oversold (18.0)

[03:55:22] Cycle 352
  💰 Current Price: $0.26
  🎯 Signal: SELL (confidence: 0.17)
  📝 Reason: 5m: MACD bearish; 15m: MACD bearish; 1h: MACD bearish; 4h: RSI oversold (18.0)
  ⚠️ Sell signal but no position

[03:55:54] Cycle 353
  💰 Current Price: $0.26
  🎯 Signal: HOLD (confidence: 0.07)
  📝 Reason: 5m: MACD bullish; 15m: MACD bearish; 1h: MACD bearish; 4h: RSI oversold (18.1)

[03:56:25] Cycle 354
  💰 Current Price: $0.26
  🎯 Signal: HOLD (confidence: 0.07)
  📝 Reason: 5m: MACD bullish; 15m: MACD bearish; 1h: MACD bearish; 4h: RSI oversold (18.1)

[03:56:56] Cycle 355
  📝 Reason: 5m: MACD bullish; 15m: MACD bearish; 1h: MACD bearish; 4h: RSI oversold (18.0)

[03:54:52] Cycle 355
  💰 Current Price: $0.26
  🎯 Signal: HOLD (confidence: 0.07)
  📝 Reason: 5m: MACD bullish; 15m: MACD bearish; 1h: MACD bearish; 4h: RSI oversold (18.0)

[03:55:22] Cycle 356
  💰 Current Price: $0.26
  🎯 Signal: SELL (confidence: 0.17)
  📝 Reason: 5m: MACD bearish; 15m: MACD bearish; 1h: MACD bearish; 4h: RSI oversold (18.0)
  ⚠️ Sell signal but no position

[03:55:54] Cycle 357
  💰 Current Price: $0.26
  🎯 Signal: HOLD (confidence: 0.07)
  📝 Reason: 5m: MACD bullish; 15m: MACD bearish; 1h: MACD bearish; 4h: RSI oversold (18.1)

[03:56:25] Cycle 358
  💰 Current Price: $0.26
  🎯 Signal: HOLD (confidence: 0.07)
  📝 Reason: 5m: MACD bullish; 15m: MACD bearish; 1h: MACD bearish; 4h: RSI oversold (18.1)

[03:56:56] Cycle 359
  💰 Current Price: $0.26
  🎯 Signal: HOLD (confidence: 0.07)
  📝 Reason: 5m: MACD bullish; 15m: MACD bearish; 1h: MACD bearish; 4h: RSI oversold (18.1)

[03:57:27] Cycle 360
  💰 Current Price: $0.26
  🎯 Signal: SELL (confidence: 0.17)
  📝 Reason: 5m: MACD bearish; 15m: MACD bearish; 1h: MACD bearish; 4h: RSI oversold (18.1)
  ⚠️ Sell signal but no position

[03:57:58] Cycle 361
  💰 Current Price: $0.26
  🎯 Signal: SELL (confidence: 0.17)
  📝 Reason: 5m: MACD bearish; 15m: MACD bearish; 1h: MACD bearish; 4h: RSI oversold (18.1)
  ⚠️ Sell signal but no position

[03:58:29] Cycle 362
  💰 Current Price: $0.26
  🎯 Signal: SELL (confidence: 0.17)
  📝 Reason: 5m: MACD bearish; 15m: MACD bearish; 1h: MACD bearish; 4h: RSI oversold (18.1)
  ⚠️ Sell signal but no position

[03:59:01] Cycle 363
  💰 Current Price: $0.26
  🎯 Signal: SELL (confidence: 0.17)
  📝 Reason: 5m: MACD bearish; 15m: MACD bearish; 1h: MACD bearish; 4h: RSI oversold (18.1)
  ⚠️ Sell signal but no position

[03:59:32] Cycle 364
  💰 Current Price: $0.26
  🎯 Signal: SELL (confidence: 0.17)
  📝 Reason: 5m: MACD bearish; 15m: MACD bearish; 1h: MACD bearish; 4h: RSI oversold (18.1)
  ⚠️ Sell signal but no position

[04:00:03] Cycle 365
  💰 Current Price: $0.26
  🎯 Signal: SELL (confidence: 0.17)
  📝 Reason: 5m: MACD bearish; 15m: MACD bearish; 1h: MACD bearish; 4h: RSI oversold (21.6)
  ⚠️ Sell signal but no position

[04:00:34] Cycle 366
  💰 Current Price: $0.26
  🎯 Signal: SELL (confidence: 0.17)
  📝 Reason: 5m: MACD bearish; 15m: MACD bearish; 1h: MACD bearish; 4h: RSI oversold (21.5)
  ⚠️ Sell signal but no position

[04:01:05] Cycle 367
  💰 Current Price: $0.26
  🎯 Signal: SELL (confidence: 0.17)
  📝 Reason: 5m: MACD bearish; 15m: MACD bearish; 1h: MACD bearish; 4h: RSI oversold (21.5)
  ⚠️ Sell signal but no position

[04:01:36] Cycle 368
  💰 Current Price: $0.26
  🎯 Signal: SELL (confidence: 0.17)
  📝 Reason: 5m: MACD bearish; 15m: MACD bearish; 1h: MACD bearish; 4h: RSI oversold (21.8)
  ⚠️ Sell signal but no position

[04:02:06] Cycle 369
  💰 Current Price: $0.26
  🎯 Signal: SELL (confidence: 0.17)
  📝 Reason: 5m: MACD bearish; 15m: MACD bearish; 1h: MACD bearish; 4h: RSI oversold (21.8)
  ⚠️ Sell signal but no position

[04:02:37] Cycle 370
  💰 Current Price: $0.26
  🎯 Signal: SELL (confidence: 0.17)
  📝 Reason: 5m: MACD bearish; 15m: MACD bearish; 1h: MACD bearish; 4h: RSI oversold (21.8)
  ⚠️ Sell signal but no position

[04:03:08] Cycle 371
  💰 Current Price: $0.26
  🎯 Signal: SELL (confidence: 0.17)
  📝 Reason: 5m: MACD bearish; 15m: MACD bearish; 1h: MACD bearish; 4h: RSI oversold (21.5)
  ⚠️ Sell signal but no position

[04:03:39] Cycle 372
  💰 Current Price: $0.26
  🎯 Signal: SELL (confidence: 0.17)
  📝 Reason: 5m: MACD bearish; 15m: MACD bearish; 1h: MACD bearish; 4h: RSI oversold (21.3)
  ⚠️ Sell signal but no position

[04:04:10] Cycle 373
  💰 Current Price: $0.26
  🎯 Signal: SELL (confidence: 0.17)
  📝 Reason: 5m: MACD bearish; 15m: MACD bearish; 1h: MACD bearish; 4h: RSI oversold (21.0)
  ⚠️ Sell signal but no position

[04:04:40] Cycle 374
  💰 Current Price: $0.26
  🎯 Signal: SELL (confidence: 0.17)
  📝 Reason: 5m: MACD bearish; 15m: MACD bearish; 1h: MACD bearish; 4h: RSI oversold (20.6)
  ⚠️ Sell signal but no position

[04:05:11] Cycle 375
  💰 Current Price: $0.26
  🎯 Signal: SELL (confidence: 0.17)
  📝 Reason: 5m: RSI oversold (29.3); 5m: MACD bearish; 15m: MACD bearish; 1h: MACD bearish
  ⚠️ Sell signal but no position

[04:05:42] Cycle 376
  💰 Current Price: $0.26
  🎯 Signal: SELL (confidence: 0.17)
  📝 Reason: 5m: MACD bearish; 15m: MACD bearish; 1h: MACD bearish; 4h: RSI oversold (21.0)
  ⚠️ Sell signal but no position

[04:06:13] Cycle 377
  💰 Current Price: $0.26
  🎯 Signal: SELL (confidence: 0.17)
  📝 Reason: 5m: MACD bearish; 15m: MACD bearish; 1h: MACD bearish; 4h: RSI oversold (21.0)
  ⚠️ Sell signal but no position

[04:06:44] Cycle 378
  💰 Current Price: $0.26
  🎯 Signal: SELL (confidence: 0.17)
  📝 Reason: 5m: MACD bearish; 15m: MACD bearish; 1h: MACD bearish; 4h: RSI oversold (21.1)
  ⚠️ Sell signal but no position

[04:07:15] Cycle 379
  💰 Current Price: $0.26
  🎯 Signal: SELL (confidence: 0.17)
  📝 Reason: 5m: MACD bearish; 15m: MACD bearish; 1h: MACD bearish; 4h: RSI oversold (20.9)
  ⚠️ Sell signal but no position

[04:07:45] Cycle 380
  💰 Current Price: $0.26
  🎯 Signal: SELL (confidence: 0.17)
  📝 Reason: 5m: MACD bearish; 15m: MACD bearish; 1h: MACD bearish; 4h: RSI oversold (20.9)
  ⚠️ Sell signal but no position

[04:08:16] Cycle 381
  💰 Current Price: $0.26
  🎯 Signal: SELL (confidence: 0.17)
  📝 Reason: 5m: MACD bearish; 15m: MACD bearish; 1h: MACD bearish; 4h: RSI oversold (20.9)
  ⚠️ Sell signal but no position

[04:08:47] Cycle 382
  💰 Current Price: $0.26
  🎯 Signal: SELL (confidence: 0.17)
  📝 Reason: 5m: MACD bearish; 15m: MACD bearish; 1h: MACD bearish; 4h: RSI oversold (20.9)
  ⚠️ Sell signal but no position

[04:09:18] Cycle 383
  💰 Current Price: $0.26
  🎯 Signal: SELL (confidence: 0.17)
  📝 Reason: 5m: MACD bearish; 15m: MACD bearish; 1h: MACD bearish; 4h: RSI oversold (20.9)
  ⚠️ Sell signal but no position

[04:09:49] Cycle 384
  💰 Current Price: $0.26
  🎯 Signal: SELL (confidence: 0.17)
  📝 Reason: 5m: MACD bearish; 15m: MACD bearish; 1h: MACD bearish; 4h: RSI oversold (20.9)
  ⚠️ Sell signal but no position

[04:10:19] Cycle 385
  💰 Current Price: $0.26
  🎯 Signal: SELL (confidence: 0.17)
  📝 Reason: 5m: MACD bearish; 15m: MACD bearish; 1h: MACD bearish; 4h: RSI oversold (20.8)
  ⚠️ Sell signal but no position

[04:10:50] Cycle 386
  💰 Current Price: $0.26
  🎯 Signal: SELL (confidence: 0.17)
  📝 Reason: 5m: MACD bearish; 15m: MACD bearish; 1h: MACD bearish; 4h: RSI oversold (20.8)
  ⚠️ Sell signal but no position

[04:11:21] Cycle 387
  💰 Current Price: $0.26
  🎯 Signal: SELL (confidence: 0.17)
  📝 Reason: 5m: MACD bearish; 15m: MACD bearish; 1h: MACD bearish; 4h: RSI oversold (20.9)
  ⚠️ Sell signal but no position

[04:11:52] Cycle 388
  💰 Current Price: $0.26
  🎯 Signal: SELL (confidence: 0.17)
  📝 Reason: 5m: MACD bearish; 15m: MACD bearish; 1h: MACD bearish; 4h: RSI oversold (20.9)
  ⚠️ Sell signal but no position

[04:12:22] Cycle 389
  💰 Current Price: $0.26
  🎯 Signal: SELL (confidence: 0.17)
  📝 Reason: 5m: MACD bearish; 15m: MACD bearish; 1h: MACD bearish; 4h: RSI oversold (20.9)
  ⚠️ Sell signal but no position

[04:12:53] Cycle 390
  💰 Current Price: $0.26
  🎯 Signal: SELL (confidence: 0.17)
  📝 Reason: 5m: MACD bearish; 15m: MACD bearish; 1h: MACD bearish; 4h: RSI oversold (20.9)
  ⚠️ Sell signal but no position

[04:13:24] Cycle 391
  💰 Current Price: $0.26
  🎯 Signal: SELL (confidence: 0.17)
  📝 Reason: 5m: MACD bearish; 15m: MACD bearish; 1h: MACD bearish; 4h: RSI oversold (20.9)
  ⚠️ Sell signal but no position

[04:13:55] Cycle 392
  💰 Current Price: $0.26
  🎯 Signal: SELL (confidence: 0.17)
  💰 Current Price: $0.26
  🎯 Signal: HOLD (confidence: 0.07)
  📝 Reason: 5m: MACD bullish; 15m: MACD bearish; 1h: MACD bearish; 4h: RSI oversold (18.1)

[03:57:27] Cycle 356
  💰 Current Price: $0.26
  🎯 Signal: SELL (confidence: 0.17)
  📝 Reason: 5m: MACD bearish; 15m: MACD bearish; 1h: MACD bearish; 4h: RSI oversold (18.1)
  ⚠️ Sell signal but no position

[03:57:58] Cycle 357
  💰 Current Price: $0.26
  🎯 Signal: SELL (confidence: 0.17)
  📝 Reason: 5m: MACD bearish; 15m: MACD bearish; 1h: MACD bearish; 4h: RSI oversold (18.1)
  ⚠️ Sell signal but no position

[03:58:29] Cycle 358
  💰 Current Price: $0.26
  🎯 Signal: SELL (confidence: 0.17)
  📝 Reason: 5m: MACD bearish; 15m: MACD bearish; 1h: MACD bearish; 4h: RSI oversold (18.1)
  ⚠️ Sell signal but no position

[03:59:01] Cycle 359
  💰 Current Price: $0.26
  🎯 Signal: SELL (confidence: 0.17)
  📝 Reason: 5m: MACD bearish; 15m: MACD bearish; 1h: MACD bearish; 4h: RSI oversold (18.1)
  ⚠️ Sell signal but no position

[03:59:32] Cycle 360
  💰 Current Price: $0.26
  🎯 Signal: SELL (confidence: 0.17)
  📝 Reason: 5m: MACD bearish; 15m: MACD bearish; 1h: MACD bearish; 4h: RSI oversold (18.1)
  ⚠️ Sell signal but no position

[04:00:03] Cycle 361
  💰 Current Price: $0.26
  🎯 Signal: SELL (confidence: 0.17)
  📝 Reason: 5m: MACD bearish; 15m: MACD bearish; 1h: MACD bearish; 4h: RSI oversold (21.6)
  ⚠️ Sell signal but no position

[04:00:34] Cycle 362
  💰 Current Price: $0.26
  🎯 Signal: SELL (confidence: 0.17)
  📝 Reason: 5m: MACD bearish; 15m: MACD bearish; 1h: MACD bearish; 4h: RSI oversold (21.5)
  ⚠️ Sell signal but no position

[04:01:05] Cycle 363
  💰 Current Price: $0.26
  🎯 Signal: SELL (confidence: 0.17)
  📝 Reason: 5m: MACD bearish; 15m: MACD bearish; 1h: MACD bearish; 4h: RSI oversold (21.5)
  ⚠️ Sell signal but no position

[04:01:36] Cycle 364
  💰 Current Price: $0.26
  🎯 Signal: SELL (confidence: 0.17)
  📝 Reason: 5m: MACD bearish; 15m: MACD bearish; 1h: MACD bearish; 4h: RSI oversold (21.8)
  ⚠️ Sell signal but no position

[04:02:06] Cycle 365
  💰 Current Price: $0.26
  🎯 Signal: SELL (confidence: 0.17)
  📝 Reason: 5m: MACD bearish; 15m: MACD bearish; 1h: MACD bearish; 4h: RSI oversold (21.8)
  ⚠️ Sell signal but no position

[04:02:37] Cycle 366
  💰 Current Price: $0.26
  🎯 Signal: SELL (confidence: 0.17)
  📝 Reason: 5m: MACD bearish; 15m: MACD bearish; 1h: MACD bearish; 4h: RSI oversold (21.8)
  ⚠️ Sell signal but no position

[04:03:08] Cycle 367
  💰 Current Price: $0.26
  🎯 Signal: SELL (confidence: 0.17)
  📝 Reason: 5m: MACD bearish; 15m: MACD bearish; 1h: MACD bearish; 4h: RSI oversold (21.5)
  ⚠️ Sell signal but no position

[04:03:39] Cycle 368
  💰 Current Price: $0.26
  🎯 Signal: SELL (confidence: 0.17)
  📝 Reason: 5m: MACD bearish; 15m: MACD bearish; 1h: MACD bearish; 4h: RSI oversold (21.3)
  ⚠️ Sell signal but no position

[04:04:10] Cycle 369
  💰 Current Price: $0.26
  🎯 Signal: SELL (confidence: 0.17)
  📝 Reason: 5m: MACD bearish; 15m: MACD bearish; 1h: MACD bearish; 4h: RSI oversold (21.0)
  ⚠️ Sell signal but no position

[04:04:40] Cycle 370
  💰 Current Price: $0.26
  🎯 Signal: SELL (confidence: 0.17)
  📝 Reason: 5m: MACD bearish; 15m: MACD bearish; 1h: MACD bearish; 4h: RSI oversold (20.6)
  ⚠️ Sell signal but no position

[04:05:11] Cycle 371
  💰 Current Price: $0.26
  🎯 Signal: SELL (confidence: 0.17)
  📝 Reason: 5m: RSI oversold (29.3); 5m: MACD bearish; 15m: MACD bearish; 1h: MACD bearish
  ⚠️ Sell signal but no position

[04:05:42] Cycle 372
  💰 Current Price: $0.26
  🎯 Signal: SELL (confidence: 0.17)
  📝 Reason: 5m: MACD bearish; 15m: MACD bearish; 1h: MACD bearish; 4h: RSI oversold (21.0)
  ⚠️ Sell signal but no position

[04:06:13] Cycle 373
  💰 Current Price: $0.26
  🎯 Signal: SELL (confidence: 0.17)
  📝 Reason: 5m: MACD bearish; 15m: MACD bearish; 1h: MACD bearish; 4h: RSI oversold (21.0)
  ⚠️ Sell signal but no position

[04:06:44] Cycle 374
  💰 Current Price: $0.26
  🎯 Signal: SELL (confidence: 0.17)
  📝 Reason: 5m: MACD bearish; 15m: MACD bearish; 1h: MACD bearish; 4h: RSI oversold (21.1)
  ⚠️ Sell signal but no position

[04:07:15] Cycle 375
  💰 Current Price: $0.26
  🎯 Signal: SELL (confidence: 0.17)
  📝 Reason: 5m: MACD bearish; 15m: MACD bearish; 1h: MACD bearish; 4h: RSI oversold (20.9)
  ⚠️ Sell signal but no position

[04:07:45] Cycle 376
  💰 Current Price: $0.26
  🎯 Signal: SELL (confidence: 0.17)
  📝 Reason: 5m: MACD bearish; 15m: MACD bearish; 1h: MACD bearish; 4h: RSI oversold (20.9)
  ⚠️ Sell signal but no position

[04:08:16] Cycle 377
  💰 Current Price: $0.26
  🎯 Signal: SELL (confidence: 0.17)
  📝 Reason: 5m: MACD bearish; 15m: MACD bearish; 1h: MACD bearish; 4h: RSI oversold (20.9)
  ⚠️ Sell signal but no position

[04:08:47] Cycle 378
  💰 Current Price: $0.26
  🎯 Signal: SELL (confidence: 0.17)
  📝 Reason: 5m: MACD bearish; 15m: MACD bearish; 1h: MACD bearish; 4h: RSI oversold (20.9)
  ⚠️ Sell signal but no position

[04:09:18] Cycle 379
  💰 Current Price: $0.26
  🎯 Signal: SELL (confidence: 0.17)
  📝 Reason: 5m: MACD bearish; 15m: MACD bearish; 1h: MACD bearish; 4h: RSI oversold (20.9)
  ⚠️ Sell signal but no position

[04:09:49] Cycle 380
  💰 Current Price: $0.26
  🎯 Signal: SELL (confidence: 0.17)
  📝 Reason: 5m: MACD bearish; 15m: MACD bearish; 1h: MACD bearish; 4h: RSI oversold (20.9)
  ⚠️ Sell signal but no position

[04:10:19] Cycle 381
  💰 Current Price: $0.26
  🎯 Signal: SELL (confidence: 0.17)
  📝 Reason: 5m: MACD bearish; 15m: MACD bearish; 1h: MACD bearish; 4h: RSI oversold (20.8)
  ⚠️ Sell signal but no position

[04:10:50] Cycle 382
  💰 Current Price: $0.26
  🎯 Signal: SELL (confidence: 0.17)
  📝 Reason: 5m: MACD bearish; 15m: MACD bearish; 1h: MACD bearish; 4h: RSI oversold (20.8)
  ⚠️ Sell signal but no position

[04:11:21] Cycle 383
  💰 Current Price: $0.26
  🎯 Signal: SELL (confidence: 0.17)
  📝 Reason: 5m: MACD bearish; 15m: MACD bearish; 1h: MACD bearish; 4h: RSI oversold (20.9)
  ⚠️ Sell signal but no position

[04:11:52] Cycle 384
  💰 Current Price: $0.26
  🎯 Signal: SELL (confidence: 0.17)
  📝 Reason: 5m: MACD bearish; 15m: MACD bearish; 1h: MACD bearish; 4h: RSI oversold (20.9)
  ⚠️ Sell signal but no position

[04:12:22] Cycle 385
  💰 Current Price: $0.26
  🎯 Signal: SELL (confidence: 0.17)
  📝 Reason: 5m: MACD bearish; 15m: MACD bearish; 1h: MACD bearish; 4h: RSI oversold (20.9)
  ⚠️ Sell signal but no position

[04:12:53] Cycle 386
  💰 Current Price: $0.26
  🎯 Signal: SELL (confidence: 0.17)
  📝 Reason: 5m: MACD bearish; 15m: MACD bearish; 1h: MACD bearish; 4h: RSI oversold (20.9)
  ⚠️ Sell signal but no position

[04:13:24] Cycle 387
  💰 Current Price: $0.26
  🎯 Signal: SELL (confidence: 0.17)
  📝 Reason: 5m: MACD bearish; 15m: MACD bearish; 1h: MACD bearish; 4h: RSI oversold (20.9)
  ⚠️ Sell signal but no position

[04:13:55] Cycle 388
  💰 Current Price: $0.26
  🎯 Signal: SELL (confidence: 0.17)
  📝 Reason: 5m: MACD bearish; 15m: MACD bearish; 1h: MACD bearish; 4h: RSI oversold (20.9)
  ⚠️ Sell signal but no position

[04:14:26] Cycle 389
  💰 Current Price: $0.26
  🎯 Signal: SELL (confidence: 0.17)
  📝 Reason: 5m: MACD bearish; 15m: MACD bearish; 1h: MACD bearish; 4h: RSI oversold (20.9)
  ⚠️ Sell signal but no position

[04:14:56] Cycle 390
  💰 Current Price: $0.26
  🎯 Signal: SELL (confidence: 0.17)
  📝 Reason: 5m: MACD bearish; 15m: MACD bearish; 1h: MACD bearish; 4h: RSI oversold (20.9)
  ⚠️ Sell signal but no position

[04:15:27] Cycle 391
  💰 Current Price: $0.26
  🎯 Signal: SELL (confidence: 0.17)
  📝 Reason: 5m: MACD bearish; 15m: MACD bearish; 1h: MACD bearish; 4h: RSI oversold (20.8)
  ⚠️ Sell signal but no position

[04:15:58] Cycle 392
  💰 Current Price: $0.26
  🎯 Signal: SELL (confidence: 0.17)
  📝 Reason: 5m: MACD bearish; 15m: MACD bearish; 1h: MACD bearish; 4h: RSI oversold (20.9)
  ⚠️ Sell signal but no position

[04:14:26] Cycle 393
  💰 Current Price: $0.26
  🎯 Signal: SELL (confidence: 0.17)
  📝 Reason: 5m: MACD bearish; 15m: MACD bearish; 1h: MACD bearish; 4h: RSI oversold (20.9)
  ⚠️ Sell signal but no position

[04:14:56] Cycle 394
  💰 Current Price: $0.26
  🎯 Signal: SELL (confidence: 0.17)
  📝 Reason: 5m: MACD bearish; 15m: MACD bearish; 1h: MACD bearish; 4h: RSI oversold (20.9)
  ⚠️ Sell signal but no position

[04:15:27] Cycle 395
  💰 Current Price: $0.26
  🎯 Signal: SELL (confidence: 0.17)
  📝 Reason: 5m: MACD bearish; 15m: MACD bearish; 1h: MACD bearish; 4h: RSI oversold (20.8)
  ⚠️ Sell signal but no position

[04:15:58] Cycle 396
  💰 Current Price: $0.26
  🎯 Signal: SELL (confidence: 0.17)
  📝 Reason: 5m: MACD bearish; 15m: MACD bearish; 1h: MACD bearish; 4h: RSI oversold (20.8)
  ⚠️ Sell signal but no position

[04:16:29] Cycle 397
  💰 Current Price: $0.26
  🎯 Signal: SELL (confidence: 0.17)
  📝 Reason: 5m: MACD bearish; 15m: MACD bearish; 1h: MACD bearish; 4h: RSI oversold (20.8)
  ⚠️ Sell signal but no position

[04:17:00] Cycle 398
  💰 Current Price: $0.26
  🎯 Signal: SELL (confidence: 0.17)
  📝 Reason: 5m: MACD bearish; 15m: MACD bearish; 1h: MACD bearish; 4h: RSI oversold (20.8)
  ⚠️ Sell signal but no position

[04:17:31] Cycle 399
  💰 Current Price: $0.26
  🎯 Signal: SELL (confidence: 0.17)
  📝 Reason: 5m: MACD bearish; 15m: MACD bearish; 1h: MACD bearish; 4h: RSI oversold (21.0)
  ⚠️ Sell signal but no position

[04:18:02] Cycle 400
  💰 Current Price: $0.26
  🎯 Signal: SELL (confidence: 0.17)
  📝 Reason: 5m: MACD bearish; 15m: MACD bearish; 1h: MACD bearish; 4h: RSI oversold (21.0)
  ⚠️ Sell signal but no position

[04:18:33] Cycle 401
  💰 Current Price: $0.26
  🎯 Signal: SELL (confidence: 0.17)
  📝 Reason: 5m: MACD bearish; 15m: MACD bearish; 1h: MACD bearish; 4h: RSI oversold (21.1)
  ⚠️ Sell signal but no position

[04:19:03] Cycle 402
  💰 Current Price: $0.26
  🎯 Signal: SELL (confidence: 0.17)
  📝 Reason: 5m: MACD bearish; 15m: MACD bearish; 1h: MACD bearish; 4h: RSI oversold (21.1)
  ⚠️ Sell signal but no position

[04:19:34] Cycle 403
  💰 Current Price: $0.26
  🎯 Signal: SELL (confidence: 0.17)
  📝 Reason: 5m: MACD bearish; 15m: MACD bearish; 1h: MACD bearish; 4h: RSI oversold (21.1)
  ⚠️ Sell signal but no position

[04:20:05] Cycle 404
  💰 Current Price: $0.26
  🎯 Signal: HOLD (confidence: 0.07)
  📝 Reason: 5m: RSI oversold (24.0); 5m: MACD bearish; 15m: MACD bearish; 1h: MACD bearish

[04:20:36] Cycle 405
  💰 Current Price: $0.26
  🎯 Signal: HOLD (confidence: 0.07)
  📝 Reason: 5m: RSI oversold (23.7); 5m: MACD bearish; 15m: MACD bearish; 1h: MACD bearish

[04:21:07] Cycle 406
  💰 Current Price: $0.26
  🎯 Signal: HOLD (confidence: 0.07)
  📝 Reason: 5m: RSI oversold (23.7); 5m: MACD bearish; 15m: MACD bearish; 1h: MACD bearish

[04:21:38] Cycle 407
  💰 Current Price: $0.26
  🎯 Signal: HOLD (confidence: 0.07)
  📝 Reason: 5m: RSI oversold (23.7); 5m: MACD bearish; 15m: MACD bearish; 1h: MACD bearish

[04:22:09] Cycle 408
  💰 Current Price: $0.26
  🎯 Signal: HOLD (confidence: 0.07)
  📝 Reason: 5m: RSI oversold (23.7); 5m: MACD bearish; 15m: MACD bearish; 1h: MACD bearish

[04:22:40] Cycle 409
  💰 Current Price: $0.26
  🎯 Signal: HOLD (confidence: 0.07)
  📝 Reason: 5m: RSI oversold (25.3); 5m: MACD bearish; 15m: MACD bearish; 1h: MACD bearish

[04:23:11] Cycle 410
  💰 Current Price: $0.26
  🎯 Signal: HOLD (confidence: 0.07)
  📝 Reason: 5m: RSI oversold (25.3); 5m: MACD bearish; 15m: MACD bearish; 1h: MACD bearish

[04:23:41] Cycle 411
  💰 Current Price: $0.26
  🎯 Signal: HOLD (confidence: 0.07)
  📝 Reason: 5m: RSI oversold (25.3); 5m: MACD bearish; 15m: MACD bearish; 1h: MACD bearish

[04:24:12] Cycle 412
  💰 Current Price: $0.26
  🎯 Signal: HOLD (confidence: 0.07)
  📝 Reason: 5m: RSI oversold (25.3); 5m: MACD bearish; 15m: MACD bearish; 1h: MACD bearish

[04:24:43] Cycle 413
  💰 Current Price: $0.26
  🎯 Signal: HOLD (confidence: 0.07)
  📝 Reason: 5m: RSI oversold (25.3); 5m: MACD bearish; 15m: MACD bearish; 1h: MACD bearish

[04:25:14] Cycle 414
  💰 Current Price: $0.26
  🎯 Signal: HOLD (confidence: 0.07)
  📝 Reason: 5m: RSI oversold (28.3); 5m: MACD bearish; 15m: MACD bearish; 1h: MACD bearish

[04:25:45] Cycle 415
  💰 Current Price: $0.26
  🎯 Signal: HOLD (confidence: 0.07)
  📝 Reason: 5m: RSI oversold (28.3); 5m: MACD bearish; 15m: MACD bearish; 1h: MACD bearish

[04:26:16] Cycle 416
  💰 Current Price: $0.26
  🎯 Signal: HOLD (confidence: 0.07)
  📝 Reason: 5m: RSI oversold (28.3); 5m: MACD bearish; 15m: MACD bearish; 1h: MACD bearish

[04:26:47] Cycle 417
  💰 Current Price: $0.26
  🎯 Signal: SELL (confidence: 0.17)
  📝 Reason: 5m: MACD bearish; 15m: MACD bearish; 1h: MACD bearish; 4h: RSI oversold (21.4)
  ⚠️ Sell signal but no position

[04:27:18] Cycle 418
  💰 Current Price: $0.26
  🎯 Signal: HOLD (confidence: 0.07)
  📝 Reason: 5m: RSI oversold (30.0); 5m: MACD bearish; 15m: MACD bearish; 1h: MACD bearish

[04:27:49] Cycle 419
  💰 Current Price: $0.26
  🎯 Signal: SELL (confidence: 0.17)
  📝 Reason: 5m: MACD bearish; 15m: MACD bearish; 1h: MACD bearish; 4h: RSI oversold (21.3)
  ⚠️ Sell signal but no position

[04:28:20] Cycle 420
  💰 Current Price: $0.26
  🎯 Signal: SELL (confidence: 0.17)
  📝 Reason: 5m: MACD bearish; 15m: MACD bearish; 1h: MACD bearish; 4h: RSI oversold (21.3)
  ⚠️ Sell signal but no position

[04:28:51] Cycle 421
  💰 Current Price: $0.26
  🎯 Signal: SELL (confidence: 0.17)
  📝 Reason: 5m: MACD bearish; 15m: MACD bearish; 1h: MACD bearish; 4h: RSI oversold (21.3)
  ⚠️ Sell signal but no position

[04:29:21] Cycle 422
  💰 Current Price: $0.26
  🎯 Signal: SELL (confidence: 0.17)
  📝 Reason: 5m: MACD bearish; 15m: MACD bearish; 1h: MACD bearish; 4h: RSI oversold (21.3)
  ⚠️ Sell signal but no position

[04:29:52] Cycle 423
  💰 Current Price: $0.26
  🎯 Signal: SELL (confidence: 0.17)
  📝 Reason: 5m: MACD bearish; 15m: MACD bearish; 1h: MACD bearish; 4h: RSI oversold (21.3)
  ⚠️ Sell signal but no position

[04:30:23] Cycle 424
  💰 Current Price: $0.26
  🎯 Signal: SELL (confidence: 0.17)
  📝 Reason: 5m: MACD bearish; 15m: MACD bearish; 1h: MACD bearish; 4h: RSI oversold (21.3)
  ⚠️ Sell signal but no position

[04:30:54] Cycle 425
  💰 Current Price: $0.26
  🎯 Signal: SELL (confidence: 0.17)
  📝 Reason: 5m: MACD bearish; 15m: MACD bearish; 1h: MACD bearish; 4h: RSI oversold (21.3)
  ⚠️ Sell signal but no position

[04:31:25] Cycle 426
  💰 Current Price: $0.26
  🎯 Signal: SELL (confidence: 0.17)
  📝 Reason: 5m: MACD bearish; 15m: MACD bearish; 1h: MACD bearish; 4h: RSI oversold (21.3)
  ⚠️ Sell signal but no position

[04:31:56] Cycle 427
  💰 Current Price: $0.26
  🎯 Signal: SELL (confidence: 0.17)
  📝 Reason: 5m: MACD bearish; 15m: MACD bearish; 1h: MACD bearish; 4h: RSI oversold (21.3)
  ⚠️ Sell signal but no position

[04:32:26] Cycle 428
  💰 Current Price: $0.26
  🎯 Signal: SELL (confidence: 0.17)
  📝 Reason: 5m: MACD bearish; 15m: MACD bearish; 1h: MACD bearish; 4h: RSI oversold (21.3)
  ⚠️ Sell signal but no position

[04:32:57] Cycle 429
  💰 Current Price: $0.26
  🎯 Signal: SELL (confidence: 0.17)
  📝 Reason: 5m: MACD bearish; 15m: MACD bearish; 1h: MACD bearish; 4h: RSI oversold (21.4)
  ⚠️ Sell signal but no position

[04:33:28] Cycle 430
  💰 Current Price: $0.26
  🎯 Signal: SELL (confidence: 0.17)
  📝 Reason: 5m: MACD bearish; 15m: MACD bearish; 1h: MACD bearish; 4h: RSI oversold (21.4)
  ⚠️ Sell signal but no position

[04:33:59] Cycle 431
  💰 Current Price: $0.26
  🎯 Signal: SELL (confidence: 0.17)
  📝 Reason: 5m: MACD bearish; 15m: MACD bearish; 1h: MACD bearish; 4h: RSI oversold (21.4)
  ⚠️ Sell signal but no position  📝 Reason: 5m: MACD bearish; 15m: MACD bearish; 1h: MACD bearish; 4h: RSI oversold (20.8)
  ⚠️ Sell signal but no position

[04:16:29] Cycle 393
  💰 Current Price: $0.26
  🎯 Signal: SELL (confidence: 0.17)
  📝 Reason: 5m: MACD bearish; 15m: MACD bearish; 1h: MACD bearish; 4h: RSI oversold (20.8)
  ⚠️ Sell signal but no position

[04:17:00] Cycle 394
  💰 Current Price: $0.26
  🎯 Signal: SELL (confidence: 0.17)
  📝 Reason: 5m: MACD bearish; 15m: MACD bearish; 1h: MACD bearish; 4h: RSI oversold (20.8)
  ⚠️ Sell signal but no position

[04:17:31] Cycle 395
  💰 Current Price: $0.26
  🎯 Signal: SELL (confidence: 0.17)
  📝 Reason: 5m: MACD bearish; 15m: MACD bearish; 1h: MACD bearish; 4h: RSI oversold (21.0)
  ⚠️ Sell signal but no position

[04:18:02] Cycle 396
  💰 Current Price: $0.26
  🎯 Signal: SELL (confidence: 0.17)
  📝 Reason: 5m: MACD bearish; 15m: MACD bearish; 1h: MACD bearish; 4h: RSI oversold (21.0)
  ⚠️ Sell signal but no position

[04:18:33] Cycle 397
  💰 Current Price: $0.26
  🎯 Signal: SELL (confidence: 0.17)
  📝 Reason: 5m: MACD bearish; 15m: MACD bearish; 1h: MACD bearish; 4h: RSI oversold (21.1)
  ⚠️ Sell signal but no position

[04:19:03] Cycle 398
  💰 Current Price: $0.26
  🎯 Signal: SELL (confidence: 0.17)
  📝 Reason: 5m: MACD bearish; 15m: MACD bearish; 1h: MACD bearish; 4h: RSI oversold (21.1)
  ⚠️ Sell signal but no position

[04:19:34] Cycle 399
  💰 Current Price: $0.26
  🎯 Signal: SELL (confidence: 0.17)
  📝 Reason: 5m: MACD bearish; 15m: MACD bearish; 1h: MACD bearish; 4h: RSI oversold (21.1)
  ⚠️ Sell signal but no position

[04:20:05] Cycle 400
  💰 Current Price: $0.26
  🎯 Signal: HOLD (confidence: 0.07)
  📝 Reason: 5m: RSI oversold (24.0); 5m: MACD bearish; 15m: MACD bearish; 1h: MACD bearish

[04:20:36] Cycle 401
  💰 Current Price: $0.26
  🎯 Signal: HOLD (confidence: 0.07)
  📝 Reason: 5m: RSI oversold (23.7); 5m: MACD bearish; 15m: MACD bearish; 1h: MACD bearish

[04:21:07] Cycle 402
  💰 Current Price: $0.26
  🎯 Signal: HOLD (confidence: 0.07)
  📝 Reason: 5m: RSI oversold (23.7); 5m: MACD bearish; 15m: MACD bearish; 1h: MACD bearish

[04:21:38] Cycle 403
  💰 Current Price: $0.26
  🎯 Signal: HOLD (confidence: 0.07)
  📝 Reason: 5m: RSI oversold (23.7); 5m: MACD bearish; 15m: MACD bearish; 1h: MACD bearish

[04:22:09] Cycle 404
  💰 Current Price: $0.26
  🎯 Signal: HOLD (confidence: 0.07)
  📝 Reason: 5m: RSI oversold (23.7); 5m: MACD bearish; 15m: MACD bearish; 1h: MACD bearish

[04:22:40] Cycle 405
  💰 Current Price: $0.26
  🎯 Signal: HOLD (confidence: 0.07)
  📝 Reason: 5m: RSI oversold (25.3); 5m: MACD bearish; 15m: MACD bearish; 1h: MACD bearish

[04:23:11] Cycle 406
  💰 Current Price: $0.26
  🎯 Signal: HOLD (confidence: 0.07)
  📝 Reason: 5m: RSI oversold (25.3); 5m: MACD bearish; 15m: MACD bearish; 1h: MACD bearish

[04:23:41] Cycle 407
  💰 Current Price: $0.26
  🎯 Signal: HOLD (confidence: 0.07)
  📝 Reason: 5m: RSI oversold (25.3); 5m: MACD bearish; 15m: MACD bearish; 1h: MACD bearish

[04:24:12] Cycle 408
  💰 Current Price: $0.26
  🎯 Signal: HOLD (confidence: 0.07)
  📝 Reason: 5m: RSI oversold (25.3); 5m: MACD bearish; 15m: MACD bearish; 1h: MACD bearish

[04:24:43] Cycle 409
  💰 Current Price: $0.26
  🎯 Signal: HOLD (confidence: 0.07)
  📝 Reason: 5m: RSI oversold (25.3); 5m: MACD bearish; 15m: MACD bearish; 1h: MACD bearish

[04:25:14] Cycle 410
  💰 Current Price: $0.26
  🎯 Signal: HOLD (confidence: 0.07)
  📝 Reason: 5m: RSI oversold (28.3); 5m: MACD bearish; 15m: MACD bearish; 1h: MACD bearish

[04:25:45] Cycle 411
  💰 Current Price: $0.26
  🎯 Signal: HOLD (confidence: 0.07)
  📝 Reason: 5m: RSI oversold (28.3); 5m: MACD bearish; 15m: MACD bearish; 1h: MACD bearish

[04:26:16] Cycle 412
  💰 Current Price: $0.26
  🎯 Signal: HOLD (confidence: 0.07)
  📝 Reason: 5m: RSI oversold (28.3); 5m: MACD bearish; 15m: MACD bearish; 1h: MACD bearish

[04:26:47] Cycle 413
  💰 Current Price: $0.26
  🎯 Signal: SELL (confidence: 0.17)
  📝 Reason: 5m: MACD bearish; 15m: MACD bearish; 1h: MACD bearish; 4h: RSI oversold (21.4)
  ⚠️ Sell signal but no position

[04:27:18] Cycle 414
  💰 Current Price: $0.26
  🎯 Signal: HOLD (confidence: 0.07)
  📝 Reason: 5m: RSI oversold (30.0); 5m: MACD bearish; 15m: MACD bearish; 1h: MACD bearish

[04:27:49] Cycle 415
  💰 Current Price: $0.26
  🎯 Signal: SELL (confidence: 0.17)
  📝 Reason: 5m: MACD bearish; 15m: MACD bearish; 1h: MACD bearish; 4h: RSI oversold (21.3)
  ⚠️ Sell signal but no position

[04:28:20] Cycle 416
  💰 Current Price: $0.26
  🎯 Signal: SELL (confidence: 0.17)
  📝 Reason: 5m: MACD bearish; 15m: MACD bearish; 1h: MACD bearish; 4h: RSI oversold (21.3)
  ⚠️ Sell signal but no position

[04:28:51] Cycle 417
  💰 Current Price: $0.26
  🎯 Signal: SELL (confidence: 0.17)
  📝 Reason: 5m: MACD bearish; 15m: MACD bearish; 1h: MACD bearish; 4h: RSI oversold (21.3)
  ⚠️ Sell signal but no position

[04:29:21] Cycle 418
  💰 Current Price: $0.26
  🎯 Signal: SELL (confidence: 0.17)
  📝 Reason: 5m: MACD bearish; 15m: MACD bearish; 1h: MACD bearish; 4h: RSI oversold (21.3)
  ⚠️ Sell signal but no position

[04:29:52] Cycle 419
  💰 Current Price: $0.26
  🎯 Signal: SELL (confidence: 0.17)
  📝 Reason: 5m: MACD bearish; 15m: MACD bearish; 1h: MACD bearish; 4h: RSI oversold (21.3)
  ⚠️ Sell signal but no position

[04:30:23] Cycle 420
  💰 Current Price: $0.26
  🎯 Signal: SELL (confidence: 0.17)
  📝 Reason: 5m: MACD bearish; 15m: MACD bearish; 1h: MACD bearish; 4h: RSI oversold (21.3)
  ⚠️ Sell signal but no position

[04:30:54] Cycle 421
  💰 Current Price: $0.26
  🎯 Signal: SELL (confidence: 0.17)
  📝 Reason: 5m: MACD bearish; 15m: MACD bearish; 1h: MACD bearish; 4h: RSI oversold (21.3)
  ⚠️ Sell signal but no position

[04:31:25] Cycle 422
  💰 Current Price: $0.26
  🎯 Signal: SELL (confidence: 0.17)
  📝 Reason: 5m: MACD bearish; 15m: MACD bearish; 1h: MACD bearish; 4h: RSI oversold (21.3)
  ⚠️ Sell signal but no position

[04:31:56] Cycle 423
  💰 Current Price: $0.26
  🎯 Signal: SELL (confidence: 0.17)
  📝 Reason: 5m: MACD bearish; 15m: MACD bearish; 1h: MACD bearish; 4h: RSI oversold (21.3)
  ⚠️ Sell signal but no position

[04:32:26] Cycle 424
  💰 Current Price: $0.26
  🎯 Signal: SELL (confidence: 0.17)
  📝 Reason: 5m: MACD bearish; 15m: MACD bearish; 1h: MACD bearish; 4h: RSI oversold (21.3)
  ⚠️ Sell signal but no position

[04:32:57] Cycle 425
  💰 Current Price: $0.26
  🎯 Signal: SELL (confidence: 0.17)
  📝 Reason: 5m: MACD bearish; 15m: MACD bearish; 1h: MACD bearish; 4h: RSI oversold (21.4)
  ⚠️ Sell signal but no position

[04:33:28] Cycle 426
  💰 Current Price: $0.26
  🎯 Signal: SELL (confidence: 0.17)
  📝 Reason: 5m: MACD bearish; 15m: MACD bearish; 1h: MACD bearish; 4h: RSI oversold (21.4)
  ⚠️ Sell signal but no position

[04:33:59] Cycle 427
  💰 Current Price: $0.26
  🎯 Signal: SELL (confidence: 0.17)
  📝 Reason: 5m: MACD bearish; 15m: MACD bearish; 1h: MACD bearish; 4h: RSI oversold (21.4)
  ⚠️ Sell signal but no position

[04:34:30] Cycle 428
  💰 Current Price: $0.26
  🎯 Signal: SELL (confidence: 0.17)
  📝 Reason: 5m: MACD bearish; 15m: MACD bearish; 1h: MACD bearish; 4h: RSI oversold (21.4)
  ⚠️ Sell signal but no position

[04:35:01] Cycle 429
  💰 Current Price: $0.26
  🎯 Signal: SELL (confidence: 0.17)
  📝 Reason: 5m: MACD bearish; 15m: MACD bearish; 1h: MACD bearish; 4h: RSI oversold (21.3)
  ⚠️ Sell signal but no position

[04:35:32] Cycle 430
  💰 Current Price: $0.26
  🎯 Signal: SELL (confidence: 0.17)
  📝 Reason: 5m: MACD bearish; 15m: MACD bearish; 1h: MACD bearish; 4h: RSI oversold (21.2)
  ⚠️ Sell signal but no position

[04:36:03] Cycle 431
  💰 Current Price: $0.26
  🎯 Signal: SELL (confidence: 0.17)
  📝 Reason: 5m: MACD bearish; 15m: MACD bearish; 1h: MACD bearish; 4h: RSI oversold (21.3)
  ⚠️ Sell signal but no position

[04:34:30] Cycle 432
  💰 Current Price: $0.26
  🎯 Signal: SELL (confidence: 0.17)
  📝 Reason: 5m: MACD bearish; 15m: MACD bearish; 1h: MACD bearish; 4h: RSI oversold (21.4)
  ⚠️ Sell signal but no position

[04:35:01] Cycle 433
  💰 Current Price: $0.26
  🎯 Signal: SELL (confidence: 0.17)
  📝 Reason: 5m: MACD bearish; 15m: MACD bearish; 1h: MACD bearish; 4h: RSI oversold (21.3)
  ⚠️ Sell signal but no position

[04:35:32] Cycle 434
  💰 Current Price: $0.26
  🎯 Signal: SELL (confidence: 0.17)
  📝 Reason: 5m: MACD bearish; 15m: MACD bearish; 1h: MACD bearish; 4h: RSI oversold (21.2)
  ⚠️ Sell signal but no position

[04:36:03] Cycle 435
  💰 Current Price: $0.26
  🎯 Signal: SELL (confidence: 0.17)
  📝 Reason: 5m: MACD bearish; 15m: MACD bearish; 1h: MACD bearish; 4h: RSI oversold (21.3)
  ⚠️ Sell signal but no position

[04:36:34] Cycle 436
  💰 Current Price: $0.26
  🎯 Signal: SELL (confidence: 0.17)
  📝 Reason: 5m: MACD bearish; 15m: MACD bearish; 1h: MACD bearish; 4h: RSI oversold (21.3)
  ⚠️ Sell signal but no position

[04:37:04] Cycle 437
  💰 Current Price: $0.26
  🎯 Signal: SELL (confidence: 0.17)
  📝 Reason: 5m: MACD bearish; 15m: MACD bearish; 1h: MACD bearish; 4h: RSI oversold (21.3)
  ⚠️ Sell signal but no position

[04:37:35] Cycle 438
  💰 Current Price: $0.26
  🎯 Signal: SELL (confidence: 0.17)
  📝 Reason: 5m: MACD bearish; 15m: MACD bearish; 1h: MACD bearish; 4h: RSI oversold (21.3)
  ⚠️ Sell signal but no position

[04:38:06] Cycle 439
  💰 Current Price: $0.26
  🎯 Signal: SELL (confidence: 0.17)
  📝 Reason: 5m: MACD bearish; 15m: MACD bearish; 1h: MACD bearish; 4h: RSI oversold (21.3)
  ⚠️ Sell signal but no position

[04:38:37] Cycle 440
  💰 Current Price: $0.26
  🎯 Signal: SELL (confidence: 0.17)
  📝 Reason: 5m: MACD bearish; 15m: MACD bearish; 1h: MACD bearish; 4h: RSI oversold (21.4)
  ⚠️ Sell signal but no position

[04:39:08] Cycle 441
  💰 Current Price: $0.26
  🎯 Signal: SELL (confidence: 0.17)
  📝 Reason: 5m: MACD bearish; 15m: MACD bearish; 1h: MACD bearish; 4h: RSI oversold (21.4)
  ⚠️ Sell signal but no position

[04:39:39] Cycle 442
  💰 Current Price: $0.26
  🎯 Signal: SELL (confidence: 0.17)
  📝 Reason: 5m: MACD bearish; 15m: MACD bearish; 1h: MACD bearish; 4h: RSI oversold (21.4)
  ⚠️ Sell signal but no position

[04:40:10] Cycle 443
  💰 Current Price: $0.26
  🎯 Signal: SELL (confidence: 0.17)
  📝 Reason: 5m: MACD bearish; 15m: MACD bearish; 1h: MACD bearish; 4h: RSI oversold (21.4)
  ⚠️ Sell signal but no position

[04:40:41] Cycle 444
  💰 Current Price: $0.26
  🎯 Signal: SELL (confidence: 0.17)
  📝 Reason: 5m: MACD bearish; 15m: MACD bearish; 1h: MACD bearish; 4h: RSI oversold (21.4)
  ⚠️ Sell signal but no position

[04:41:12] Cycle 445
  💰 Current Price: $0.26
  🎯 Signal: SELL (confidence: 0.17)
  📝 Reason: 5m: MACD bearish; 15m: MACD bearish; 1h: MACD bearish; 4h: RSI oversold (21.4)
  ⚠️ Sell signal but no position

[04:41:42] Cycle 446
  💰 Current Price: $0.26
  🎯 Signal: SELL (confidence: 0.17)
  📝 Reason: 5m: MACD bearish; 15m: MACD bearish; 1h: MACD bearish; 4h: RSI oversold (21.4)
  ⚠️ Sell signal but no position

[04:42:13] Cycle 447
  💰 Current Price: $0.26
  🎯 Signal: SELL (confidence: 0.17)
  📝 Reason: 5m: MACD bearish; 15m: MACD bearish; 1h: MACD bearish; 4h: RSI oversold (21.4)
  ⚠️ Sell signal but no position

[04:42:44] Cycle 448
  💰 Current Price: $0.26
  🎯 Signal: SELL (confidence: 0.17)
  📝 Reason: 5m: MACD bearish; 15m: MACD bearish; 1h: MACD bearish; 4h: RSI oversold (21.4)
  ⚠️ Sell signal but no position

[04:43:14] Cycle 449
  💰 Current Price: $0.26
  🎯 Signal: SELL (confidence: 0.17)
  📝 Reason: 5m: MACD bearish; 15m: MACD bearish; 1h: MACD bearish; 4h: RSI oversold (21.7)
  ⚠️ Sell signal but no position

[04:43:45] Cycle 450
  💰 Current Price: $0.26
  🎯 Signal: SELL (confidence: 0.17)
  📝 Reason: 5m: MACD bearish; 15m: MACD bearish; 1h: MACD bearish; 4h: RSI oversold (21.7)
  ⚠️ Sell signal but no position

[04:44:16] Cycle 451
  💰 Current Price: $0.26
  🎯 Signal: SELL (confidence: 0.17)
  📝 Reason: 5m: MACD bearish; 15m: MACD bearish; 1h: MACD bearish; 4h: RSI oversold (21.7)
  ⚠️ Sell signal but no position

[04:44:47] Cycle 452
  💰 Current Price: $0.26
  🎯 Signal: SELL (confidence: 0.17)
  📝 Reason: 5m: MACD bearish; 15m: MACD bearish; 1h: MACD bearish; 4h: RSI oversold (21.7)
  ⚠️ Sell signal but no position

[04:45:18] Cycle 453
  💰 Current Price: $0.26
  🎯 Signal: SELL (confidence: 0.17)
  📝 Reason: 5m: MACD bearish; 15m: MACD bearish; 1h: MACD bearish; 4h: RSI oversold (21.7)
  ⚠️ Sell signal but no position

[04:45:48] Cycle 454
  💰 Current Price: $0.26
  🎯 Signal: SELL (confidence: 0.17)
  📝 Reason: 5m: MACD bearish; 15m: MACD bearish; 1h: MACD bearish; 4h: RSI oversold (21.7)
  ⚠️ Sell signal but no position

[04:46:19] Cycle 455
  💰 Current Price: $0.26
  🎯 Signal: SELL (confidence: 0.17)
  📝 Reason: 5m: MACD bearish; 15m: MACD bearish; 1h: MACD bearish; 4h: RSI oversold (21.4)
  ⚠️ Sell signal but no position

[04:46:50] Cycle 456
  💰 Current Price: $0.26
  🎯 Signal: SELL (confidence: 0.17)
  📝 Reason: 5m: MACD bearish; 15m: MACD bearish; 1h: MACD bearish; 4h: RSI oversold (21.3)
  ⚠️ Sell signal but no position

[04:47:21] Cycle 457
  💰 Current Price: $0.26
  🎯 Signal: SELL (confidence: 0.17)
  📝 Reason: 5m: MACD bearish; 15m: MACD bearish; 1h: MACD bearish; 4h: RSI oversold (21.3)
  ⚠️ Sell signal but no position

[04:47:52] Cycle 458
  💰 Current Price: $0.26
  🎯 Signal: SELL (confidence: 0.17)
  📝 Reason: 5m: MACD bearish; 15m: MACD bearish; 1h: MACD bearish; 4h: RSI oversold (21.3)
  ⚠️ Sell signal but no position

[04:48:23] Cycle 459
  💰 Current Price: $0.26
  🎯 Signal: SELL (confidence: 0.17)
  📝 Reason: 5m: MACD bearish; 15m: MACD bearish; 1h: MACD bearish; 4h: RSI oversold (21.3)
  ⚠️ Sell signal but no position

[04:48:53] Cycle 460
  💰 Current Price: $0.26
  🎯 Signal: SELL (confidence: 0.17)
  📝 Reason: 5m: MACD bearish; 15m: MACD bearish; 1h: MACD bearish; 4h: RSI oversold (21.3)
  ⚠️ Sell signal but no position

[04:49:24] Cycle 461
  💰 Current Price: $0.26
  🎯 Signal: SELL (confidence: 0.17)
  📝 Reason: 5m: MACD bearish; 15m: MACD bearish; 1h: MACD bearish; 4h: RSI oversold (21.3)
  ⚠️ Sell signal but no position

[04:49:55] Cycle 462
  💰 Current Price: $0.26
  🎯 Signal: SELL (confidence: 0.17)
  📝 Reason: 5m: MACD bearish; 15m: MACD bearish; 1h: MACD bearish; 4h: RSI oversold (21.3)
  ⚠️ Sell signal but no position

[04:50:26] Cycle 463
  💰 Current Price: $0.26
  🎯 Signal: SELL (confidence: 0.17)
  📝 Reason: 5m: MACD bearish; 15m: MACD bearish; 1h: MACD bearish; 4h: RSI oversold (21.4)
  ⚠️ Sell signal but no position

[04:50:57] Cycle 464
  💰 Current Price: $0.26
  🎯 Signal: SELL (confidence: 0.17)
  📝 Reason: 5m: MACD bearish; 15m: MACD bearish; 1h: MACD bearish; 4h: RSI oversold (21.4)
  ⚠️ Sell signal but no position

[04:51:28] Cycle 465
  💰 Current Price: $0.26
  🎯 Signal: SELL (confidence: 0.17)
  📝 Reason: 5m: MACD bearish; 15m: MACD bearish; 1h: MACD bearish; 4h: RSI oversold (21.4)
  ⚠️ Sell signal but no position

[04:51:59] Cycle 466
  💰 Current Price: $0.26
  🎯 Signal: SELL (confidence: 0.17)
  📝 Reason: 5m: MACD bearish; 15m: MACD bearish; 1h: MACD bearish; 4h: RSI oversold (21.4)
  ⚠️ Sell signal but no position

[04:52:29] Cycle 467
  💰 Current Price: $0.26
  🎯 Signal: SELL (confidence: 0.17)
  📝 Reason: 5m: MACD bearish; 15m: MACD bearish; 1h: MACD bearish; 4h: RSI oversold (21.4)
  ⚠️ Sell signal but no position

[04:53:00] Cycle 468
  💰 Current Price: $0.26
  🎯 Signal: SELL (confidence: 0.17)
  📝 Reason: 5m: MACD bearish; 15m: MACD bearish; 1h: MACD bearish; 4h: RSI oversold (21.4)
  ⚠️ Sell signal but no position

[04:53:31] Cycle 469
  💰 Current Price: $0.26


[04:36:34] Cycle 432
  💰 Current Price: $0.26
  🎯 Signal: SELL (confidence: 0.17)
  📝 Reason: 5m: MACD bearish; 15m: MACD bearish; 1h: MACD bearish; 4h: RSI oversold (21.3)
  ⚠️ Sell signal but no position

[04:37:04] Cycle 433
  💰 Current Price: $0.26
  🎯 Signal: SELL (confidence: 0.17)
  📝 Reason: 5m: MACD bearish; 15m: MACD bearish; 1h: MACD bearish; 4h: RSI oversold (21.3)
  ⚠️ Sell signal but no position

[04:37:35] Cycle 434
  💰 Current Price: $0.26
  🎯 Signal: SELL (confidence: 0.17)
  📝 Reason: 5m: MACD bearish; 15m: MACD bearish; 1h: MACD bearish; 4h: RSI oversold (21.3)
  ⚠️ Sell signal but no position

[04:38:06] Cycle 435
  💰 Current Price: $0.26
  🎯 Signal: SELL (confidence: 0.17)
  📝 Reason: 5m: MACD bearish; 15m: MACD bearish; 1h: MACD bearish; 4h: RSI oversold (21.3)
  ⚠️ Sell signal but no position

[04:38:37] Cycle 436
  💰 Current Price: $0.26
  🎯 Signal: SELL (confidence: 0.17)
  📝 Reason: 5m: MACD bearish; 15m: MACD bearish; 1h: MACD bearish; 4h: RSI oversold (21.4)
  ⚠️ Sell signal but no position

[04:39:08] Cycle 437
  💰 Current Price: $0.26
  🎯 Signal: SELL (confidence: 0.17)
  📝 Reason: 5m: MACD bearish; 15m: MACD bearish; 1h: MACD bearish; 4h: RSI oversold (21.4)
  ⚠️ Sell signal but no position

[04:39:39] Cycle 438
  💰 Current Price: $0.26
  🎯 Signal: SELL (confidence: 0.17)
  📝 Reason: 5m: MACD bearish; 15m: MACD bearish; 1h: MACD bearish; 4h: RSI oversold (21.4)
  ⚠️ Sell signal but no position

[04:40:10] Cycle 439
  💰 Current Price: $0.26
  🎯 Signal: SELL (confidence: 0.17)
  📝 Reason: 5m: MACD bearish; 15m: MACD bearish; 1h: MACD bearish; 4h: RSI oversold (21.4)
  ⚠️ Sell signal but no position

[04:40:41] Cycle 440
  💰 Current Price: $0.26
  🎯 Signal: SELL (confidence: 0.17)
  📝 Reason: 5m: MACD bearish; 15m: MACD bearish; 1h: MACD bearish; 4h: RSI oversold (21.4)
  ⚠️ Sell signal but no position

[04:41:12] Cycle 441
  💰 Current Price: $0.26
  🎯 Signal: SELL (confidence: 0.17)
  📝 Reason: 5m: MACD bearish; 15m: MACD bearish; 1h: MACD bearish; 4h: RSI oversold (21.4)
  ⚠️ Sell signal but no position

[04:41:42] Cycle 442
  💰 Current Price: $0.26
  🎯 Signal: SELL (confidence: 0.17)
  📝 Reason: 5m: MACD bearish; 15m: MACD bearish; 1h: MACD bearish; 4h: RSI oversold (21.4)
  ⚠️ Sell signal but no position

[04:42:13] Cycle 443
  💰 Current Price: $0.26
  🎯 Signal: SELL (confidence: 0.17)
  📝 Reason: 5m: MACD bearish; 15m: MACD bearish; 1h: MACD bearish; 4h: RSI oversold (21.4)
  ⚠️ Sell signal but no position

[04:42:44] Cycle 444
  💰 Current Price: $0.26
  🎯 Signal: SELL (confidence: 0.17)
  📝 Reason: 5m: MACD bearish; 15m: MACD bearish; 1h: MACD bearish; 4h: RSI oversold (21.4)
  ⚠️ Sell signal but no position

[04:43:15] Cycle 445
  💰 Current Price: $0.26
  🎯 Signal: SELL (confidence: 0.17)
  📝 Reason: 5m: MACD bearish; 15m: MACD bearish; 1h: MACD bearish; 4h: RSI oversold (21.7)
  ⚠️ Sell signal but no position

[04:43:45] Cycle 446
  💰 Current Price: $0.26
  🎯 Signal: SELL (confidence: 0.17)
  📝 Reason: 5m: MACD bearish; 15m: MACD bearish; 1h: MACD bearish; 4h: RSI oversold (21.7)
  ⚠️ Sell signal but no position

[04:44:16] Cycle 447
  💰 Current Price: $0.26
  🎯 Signal: SELL (confidence: 0.17)
  📝 Reason: 5m: MACD bearish; 15m: MACD bearish; 1h: MACD bearish; 4h: RSI oversold (21.7)
  ⚠️ Sell signal but no position

[04:44:47] Cycle 448
  💰 Current Price: $0.26
  🎯 Signal: SELL (confidence: 0.17)
  📝 Reason: 5m: MACD bearish; 15m: MACD bearish; 1h: MACD bearish; 4h: RSI oversold (21.7)
  ⚠️ Sell signal but no position

[04:45:18] Cycle 449
  💰 Current Price: $0.26
  🎯 Signal: SELL (confidence: 0.17)
  📝 Reason: 5m: MACD bearish; 15m: MACD bearish; 1h: MACD bearish; 4h: RSI oversold (21.7)
  ⚠️ Sell signal but no position

[04:45:48] Cycle 450
  💰 Current Price: $0.26
  🎯 Signal: SELL (confidence: 0.17)
  📝 Reason: 5m: MACD bearish; 15m: MACD bearish; 1h: MACD bearish; 4h: RSI oversold (21.7)
  ⚠️ Sell signal but no position

[04:46:19] Cycle 451
  💰 Current Price: $0.26
  🎯 Signal: SELL (confidence: 0.17)
  📝 Reason: 5m: MACD bearish; 15m: MACD bearish; 1h: MACD bearish; 4h: RSI oversold (21.4)
  ⚠️ Sell signal but no position

[04:46:50] Cycle 452
  💰 Current Price: $0.26
  🎯 Signal: SELL (confidence: 0.17)
  📝 Reason: 5m: MACD bearish; 15m: MACD bearish; 1h: MACD bearish; 4h: RSI oversold (21.3)
  ⚠️ Sell signal but no position

[04:47:21] Cycle 453
  💰 Current Price: $0.26
  🎯 Signal: SELL (confidence: 0.17)
  📝 Reason: 5m: MACD bearish; 15m: MACD bearish; 1h: MACD bearish; 4h: RSI oversold (21.3)
  ⚠️ Sell signal but no position

[04:47:52] Cycle 454
  💰 Current Price: $0.26
  🎯 Signal: SELL (confidence: 0.17)
  📝 Reason: 5m: MACD bearish; 15m: MACD bearish; 1h: MACD bearish; 4h: RSI oversold (21.3)
  ⚠️ Sell signal but no position

[04:48:23] Cycle 455
  💰 Current Price: $0.26
  🎯 Signal: SELL (confidence: 0.17)
  📝 Reason: 5m: MACD bearish; 15m: MACD bearish; 1h: MACD bearish; 4h: RSI oversold (21.3)
  ⚠️ Sell signal but no position

[04:48:53] Cycle 456
  💰 Current Price: $0.26
  🎯 Signal: SELL (confidence: 0.17)
  📝 Reason: 5m: MACD bearish; 15m: MACD bearish; 1h: MACD bearish; 4h: RSI oversold (21.3)
  ⚠️ Sell signal but no position

[04:49:24] Cycle 457
  💰 Current Price: $0.26
  🎯 Signal: SELL (confidence: 0.17)
  📝 Reason: 5m: MACD bearish; 15m: MACD bearish; 1h: MACD bearish; 4h: RSI oversold (21.3)
  ⚠️ Sell signal but no position

[04:49:55] Cycle 458
  💰 Current Price: $0.26
  🎯 Signal: SELL (confidence: 0.17)
  📝 Reason: 5m: MACD bearish; 15m: MACD bearish; 1h: MACD bearish; 4h: RSI oversold (21.3)
  ⚠️ Sell signal but no position

[04:50:26] Cycle 459
  💰 Current Price: $0.26
  🎯 Signal: SELL (confidence: 0.17)
  📝 Reason: 5m: MACD bearish; 15m: MACD bearish; 1h: MACD bearish; 4h: RSI oversold (21.4)
  ⚠️ Sell signal but no position

[04:50:57] Cycle 460
  💰 Current Price: $0.26
  🎯 Signal: SELL (confidence: 0.17)
  📝 Reason: 5m: MACD bearish; 15m: MACD bearish; 1h: MACD bearish; 4h: RSI oversold (21.4)
  ⚠️ Sell signal but no position

[04:51:28] Cycle 461
  💰 Current Price: $0.26
  🎯 Signal: SELL (confidence: 0.17)
  📝 Reason: 5m: MACD bearish; 15m: MACD bearish; 1h: MACD bearish; 4h: RSI oversold (21.4)
  ⚠️ Sell signal but no position

[04:51:59] Cycle 462
  💰 Current Price: $0.26
  🎯 Signal: SELL (confidence: 0.17)
  📝 Reason: 5m: MACD bearish; 15m: MACD bearish; 1h: MACD bearish; 4h: RSI oversold (21.4)
  ⚠️ Sell signal but no position

[04:52:29] Cycle 463
  💰 Current Price: $0.26
  🎯 Signal: SELL (confidence: 0.17)
  📝 Reason: 5m: MACD bearish; 15m: MACD bearish; 1h: MACD bearish; 4h: RSI oversold (21.4)
  ⚠️ Sell signal but no position

[04:53:00] Cycle 464
  💰 Current Price: $0.26
  🎯 Signal: SELL (confidence: 0.17)
  📝 Reason: 5m: MACD bearish; 15m: MACD bearish; 1h: MACD bearish; 4h: RSI oversold (21.4)
  ⚠️ Sell signal but no position

[04:53:31] Cycle 465
  💰 Current Price: $0.26
  🎯 Signal: SELL (confidence: 0.17)
  📝 Reason: 5m: MACD bearish; 15m: MACD bearish; 1h: MACD bearish; 4h: RSI oversold (21.4)
  ⚠️ Sell signal but no position

[04:54:02] Cycle 466
  💰 Current Price: $0.26
  🎯 Signal: SELL (confidence: 0.17)
  📝 Reason: 5m: MACD bearish; 15m: MACD bearish; 1h: MACD bearish; 4h: RSI oversold (21.5)
  ⚠️ Sell signal but no position

[04:54:33] Cycle 467
  💰 Current Price: $0.26
  🎯 Signal: SELL (confidence: 0.17)
  📝 Reason: 5m: MACD bearish; 15m: MACD bearish; 1h: MACD bearish; 4h: RSI oversold (21.5)
  ⚠️ Sell signal but no position

[04:55:04] Cycle 468
  💰 Current Price: $0.26
  🎯 Signal: SELL (confidence: 0.17)
  📝 Reason: 5m: MACD bearish; 15m: MACD bearish; 1h: MACD bearish; 4h: RSI oversold (21.5)
  ⚠️ Sell signal but no position

[04:55:35] Cycle 469
  💰 Current Price: $0.26
  🎯 Signal: SELL (confidence: 0.17)
  📝 Reason: 5m: MACD bearish; 15m: MACD bearish; 1h: MACD bearish; 4h: RSI oversold (21.4)
  ⚠️ Sell signal but no position

[04:54:02] Cycle 470
  💰 Current Price: $0.26
  🎯 Signal: SELL (confidence: 0.17)
  📝 Reason: 5m: MACD bearish; 15m: MACD bearish; 1h: MACD bearish; 4h: RSI oversold (21.5)
  ⚠️ Sell signal but no position

[04:54:33] Cycle 471
  💰 Current Price: $0.26
  🎯 Signal: SELL (confidence: 0.17)
  📝 Reason: 5m: MACD bearish; 15m: MACD bearish; 1h: MACD bearish; 4h: RSI oversold (21.5)
  ⚠️ Sell signal but no position

[04:55:04] Cycle 472
  💰 Current Price: $0.26
  🎯 Signal: SELL (confidence: 0.17)
  📝 Reason: 5m: MACD bearish; 15m: MACD bearish; 1h: MACD bearish; 4h: RSI oversold (21.5)
  ⚠️ Sell signal but no position

[04:55:35] Cycle 473
  💰 Current Price: $0.26
  🎯 Signal: SELL (confidence: 0.17)
  📝 Reason: 5m: MACD bearish; 15m: MACD bearish; 1h: MACD bearish; 4h: RSI oversold (21.5)
  ⚠️ Sell signal but no position

[04:56:05] Cycle 474
  💰 Current Price: $0.26
  🎯 Signal: SELL (confidence: 0.17)
  📝 Reason: 5m: MACD bearish; 15m: MACD bearish; 1h: MACD bearish; 4h: RSI oversold (21.5)
  ⚠️ Sell signal but no position

[04:56:36] Cycle 475
  💰 Current Price: $0.26
  🎯 Signal: SELL (confidence: 0.17)
  📝 Reason: 5m: MACD bearish; 15m: MACD bearish; 1h: MACD bearish; 4h: RSI oversold (21.5)
  ⚠️ Sell signal but no position

[04:57:07] Cycle 476
  💰 Current Price: $0.26
  🎯 Signal: SELL (confidence: 0.17)
  📝 Reason: 5m: MACD bearish; 15m: MACD bearish; 1h: MACD bearish; 4h: RSI oversold (21.5)
  ⚠️ Sell signal but no position

[04:57:38] Cycle 477
  💰 Current Price: $0.26
  🎯 Signal: SELL (confidence: 0.17)
  📝 Reason: 5m: MACD bearish; 15m: MACD bearish; 1h: MACD bearish; 4h: RSI oversold (21.5)
  ⚠️ Sell signal but no position

[04:58:09] Cycle 478
  💰 Current Price: $0.26
  🎯 Signal: SELL (confidence: 0.17)
  📝 Reason: 5m: MACD bearish; 15m: MACD bearish; 1h: MACD bearish; 4h: RSI oversold (21.5)
  ⚠️ Sell signal but no position

[04:58:40] Cycle 479
  💰 Current Price: $0.26
  🎯 Signal: SELL (confidence: 0.17)
  📝 Reason: 5m: MACD bearish; 15m: MACD bearish; 1h: MACD bearish; 4h: RSI oversold (21.5)
  ⚠️ Sell signal but no position

[04:59:11] Cycle 480
  💰 Current Price: $0.26
  🎯 Signal: SELL (confidence: 0.17)
  📝 Reason: 5m: MACD bearish; 15m: MACD bearish; 1h: MACD bearish; 4h: RSI oversold (21.5)
  ⚠️ Sell signal but no position

[04:59:42] Cycle 481
  💰 Current Price: $0.26
  🎯 Signal: SELL (confidence: 0.17)
  📝 Reason: 5m: MACD bearish; 15m: MACD bearish; 1h: MACD bearish; 4h: RSI oversold (21.5)
  ⚠️ Sell signal but no position

[05:00:13] Cycle 482
  💰 Current Price: $0.26
  🎯 Signal: SELL (confidence: 0.17)
  📝 Reason: 5m: MACD bearish; 15m: MACD bearish; 1h: MACD bearish; 4h: RSI oversold (21.5)
  ⚠️ Sell signal but no position

[05:00:44] Cycle 483
  💰 Current Price: $0.26
  🎯 Signal: SELL (confidence: 0.17)
  📝 Reason: 5m: MACD bearish; 15m: MACD bearish; 1h: MACD bearish; 4h: RSI oversold (21.5)
  ⚠️ Sell signal but no position

[05:01:15] Cycle 484
  💰 Current Price: $0.26
  🎯 Signal: SELL (confidence: 0.17)
  📝 Reason: 5m: MACD bearish; 15m: MACD bearish; 1h: MACD bearish; 4h: RSI oversold (21.5)
  ⚠️ Sell signal but no position

[05:01:46] Cycle 485
  💰 Current Price: $0.26
  🎯 Signal: SELL (confidence: 0.17)
  📝 Reason: 5m: MACD bearish; 15m: MACD bearish; 1h: MACD bearish; 4h: RSI oversold (21.5)
  ⚠️ Sell signal but no position

[05:02:17] Cycle 486
  💰 Current Price: $0.26
  🎯 Signal: SELL (confidence: 0.17)
  📝 Reason: 5m: MACD bearish; 15m: MACD bearish; 1h: MACD bearish; 4h: RSI oversold (21.5)
  ⚠️ Sell signal but no position

[05:02:47] Cycle 487
  💰 Current Price: $0.26
  🎯 Signal: SELL (confidence: 0.17)
  📝 Reason: 5m: MACD bearish; 15m: MACD bearish; 1h: MACD bearish; 4h: RSI oversold (21.5)
  ⚠️ Sell signal but no position

[05:03:18] Cycle 488
  💰 Current Price: $0.26
  🎯 Signal: SELL (confidence: 0.17)
  📝 Reason: 5m: MACD bearish; 15m: MACD bearish; 1h: MACD bearish; 4h: RSI oversold (21.5)
  ⚠️ Sell signal but no position

[05:03:49] Cycle 489
  💰 Current Price: $0.26
  🎯 Signal: SELL (confidence: 0.17)
  📝 Reason: 5m: MACD bearish; 15m: MACD bearish; 1h: MACD bearish; 4h: RSI oversold (21.5)
  ⚠️ Sell signal but no position

[05:04:20] Cycle 490
  💰 Current Price: $0.26
  🎯 Signal: SELL (confidence: 0.17)
  📝 Reason: 5m: MACD bearish; 15m: MACD bearish; 1h: MACD bearish; 4h: RSI oversold (21.5)
  ⚠️ Sell signal but no position

[05:04:50] Cycle 491
  💰 Current Price: $0.26
  🎯 Signal: SELL (confidence: 0.17)
  📝 Reason: 5m: MACD bearish; 15m: MACD bearish; 1h: MACD bearish; 4h: RSI oversold (21.5)
  ⚠️ Sell signal but no position

[05:05:21] Cycle 492
  💰 Current Price: $0.26
  🎯 Signal: SELL (confidence: 0.17)
  📝 Reason: 5m: MACD bearish; 15m: MACD bearish; 1h: MACD bearish; 4h: RSI oversold (21.5)
  ⚠️ Sell signal but no position

[05:05:52] Cycle 493
  💰 Current Price: $0.26
  🎯 Signal: SELL (confidence: 0.17)
  📝 Reason: 5m: MACD bearish; 15m: MACD bearish; 1h: MACD bearish; 4h: RSI oversold (21.5)
  ⚠️ Sell signal but no position

[05:06:23] Cycle 494
  💰 Current Price: $0.26
  🎯 Signal: SELL (confidence: 0.17)
  📝 Reason: 5m: MACD bearish; 15m: MACD bearish; 1h: MACD bearish; 4h: RSI oversold (21.5)
  ⚠️ Sell signal but no position

[05:06:54] Cycle 495
  💰 Current Price: $0.26
  🎯 Signal: SELL (confidence: 0.17)
  📝 Reason: 5m: MACD bearish; 15m: MACD bearish; 1h: MACD bearish; 4h: RSI oversold (21.5)
  ⚠️ Sell signal but no position

[05:07:25] Cycle 496
  💰 Current Price: $0.26
  🎯 Signal: SELL (confidence: 0.17)
  📝 Reason: 5m: MACD bearish; 15m: MACD bearish; 1h: MACD bearish; 4h: RSI oversold (21.5)
  ⚠️ Sell signal but no position

[05:07:56] Cycle 497
  💰 Current Price: $0.26
  🎯 Signal: SELL (confidence: 0.17)
  📝 Reason: 5m: MACD bearish; 15m: MACD bearish; 1h: MACD bearish; 4h: RSI oversold (21.7)
  ⚠️ Sell signal but no position

[05:08:26] Cycle 498
  💰 Current Price: $0.26
  🎯 Signal: SELL (confidence: 0.17)
  📝 Reason: 5m: MACD bearish; 15m: MACD bearish; 1h: MACD bearish; 4h: RSI oversold (21.7)
  ⚠️ Sell signal but no position

[05:08:57] Cycle 499
  💰 Current Price: $0.26
  🎯 Signal: SELL (confidence: 0.17)
  📝 Reason: 5m: MACD bearish; 15m: MACD bearish; 1h: MACD bearish; 4h: RSI oversold (21.7)
  ⚠️ Sell signal but no position

[05:09:28] Cycle 500
  💰 Current Price: $0.26
  🎯 Signal: SELL (confidence: 0.17)
  📝 Reason: 5m: MACD bearish; 15m: MACD bearish; 1h: MACD bearish; 4h: RSI oversold (21.7)
  ⚠️ Sell signal but no position

[05:09:59] Cycle 501
  💰 Current Price: $0.26
  🎯 Signal: SELL (confidence: 0.17)
  📝 Reason: 5m: MACD bearish; 15m: MACD bearish; 1h: MACD bearish; 4h: RSI oversold (21.7)
  ⚠️ Sell signal but no position

[05:10:30] Cycle 502
  💰 Current Price: $0.26
  🎯 Signal: SELL (confidence: 0.28)
  📝 Reason: 5m: RSI overbought (79.9); 5m: MACD bearish; 15m: MACD bearish; 1h: MACD bearish
  ⚠️ Sell signal but no position

[05:11:00] Cycle 503
  💰 Current Price: $0.26
  🎯 Signal: SELL (confidence: 0.28)
  📝 Reason: 5m: RSI overbought (79.9); 5m: MACD bearish; 15m: MACD bearish; 1h: MACD bearish
  ⚠️ Sell signal but no position

[05:11:31] Cycle 504
  💰 Current Price: $0.26
  🎯 Signal: SELL (confidence: 0.28)
  📝 Reason: 5m: RSI overbought (79.9); 5m: MACD bearish; 15m: MACD bearish; 1h: MACD bearish
  ⚠️ Sell signal but no position

[05:12:02] Cycle 505
  💰 Current Price: $0.26
  🎯 Signal: SELL (confidence: 0.28)
  📝 Reason: 5m: RSI overbought (79.9); 5m: MACD bearish; 15m: MACD bearish; 1h: MACD bearish
  ⚠️ Sell signal but no position

[05:12:33] Cycle 506
  💰 Current Price: $0.26
  🎯 Signal: SELL (confidence: 0.28)
  🎯 Signal: SELL (confidence: 0.17)
  📝 Reason: 5m: MACD bearish; 15m: MACD bearish; 1h: MACD bearish; 4h: RSI oversold (21.5)
  ⚠️ Sell signal but no position

[04:56:05] Cycle 470
  💰 Current Price: $0.26
  🎯 Signal: SELL (confidence: 0.17)
  📝 Reason: 5m: MACD bearish; 15m: MACD bearish; 1h: MACD bearish; 4h: RSI oversold (21.5)
  ⚠️ Sell signal but no position

[04:56:36] Cycle 471
  💰 Current Price: $0.26
  🎯 Signal: SELL (confidence: 0.17)
  📝 Reason: 5m: MACD bearish; 15m: MACD bearish; 1h: MACD bearish; 4h: RSI oversold (21.5)
  ⚠️ Sell signal but no position

[04:57:07] Cycle 472
  💰 Current Price: $0.26
  🎯 Signal: SELL (confidence: 0.17)
  📝 Reason: 5m: MACD bearish; 15m: MACD bearish; 1h: MACD bearish; 4h: RSI oversold (21.5)
  ⚠️ Sell signal but no position

[04:57:38] Cycle 473
  💰 Current Price: $0.26
  🎯 Signal: SELL (confidence: 0.17)
  📝 Reason: 5m: MACD bearish; 15m: MACD bearish; 1h: MACD bearish; 4h: RSI oversold (21.5)
  ⚠️ Sell signal but no position

[04:58:09] Cycle 474
  💰 Current Price: $0.26
  🎯 Signal: SELL (confidence: 0.17)
  📝 Reason: 5m: MACD bearish; 15m: MACD bearish; 1h: MACD bearish; 4h: RSI oversold (21.5)
  ⚠️ Sell signal but no position

[04:58:40] Cycle 475
  💰 Current Price: $0.26
  🎯 Signal: SELL (confidence: 0.17)
  📝 Reason: 5m: MACD bearish; 15m: MACD bearish; 1h: MACD bearish; 4h: RSI oversold (21.5)
  ⚠️ Sell signal but no position

[04:59:11] Cycle 476
  💰 Current Price: $0.26
  🎯 Signal: SELL (confidence: 0.17)
  📝 Reason: 5m: MACD bearish; 15m: MACD bearish; 1h: MACD bearish; 4h: RSI oversold (21.5)
  ⚠️ Sell signal but no position

[04:59:42] Cycle 477
  💰 Current Price: $0.26
  🎯 Signal: SELL (confidence: 0.17)
  📝 Reason: 5m: MACD bearish; 15m: MACD bearish; 1h: MACD bearish; 4h: RSI oversold (21.5)
  ⚠️ Sell signal but no position

[05:00:13] Cycle 478
  💰 Current Price: $0.26
  🎯 Signal: SELL (confidence: 0.17)
  📝 Reason: 5m: MACD bearish; 15m: MACD bearish; 1h: MACD bearish; 4h: RSI oversold (21.5)
  ⚠️ Sell signal but no position

[05:00:44] Cycle 479
  💰 Current Price: $0.26
  🎯 Signal: SELL (confidence: 0.17)
  📝 Reason: 5m: MACD bearish; 15m: MACD bearish; 1h: MACD bearish; 4h: RSI oversold (21.5)
  ⚠️ Sell signal but no position

[05:01:15] Cycle 480
  💰 Current Price: $0.26
  🎯 Signal: SELL (confidence: 0.17)
  📝 Reason: 5m: MACD bearish; 15m: MACD bearish; 1h: MACD bearish; 4h: RSI oversold (21.5)
  ⚠️ Sell signal but no position

[05:01:46] Cycle 481
  💰 Current Price: $0.26
  🎯 Signal: SELL (confidence: 0.17)
  📝 Reason: 5m: MACD bearish; 15m: MACD bearish; 1h: MACD bearish; 4h: RSI oversold (21.5)
  ⚠️ Sell signal but no position

[05:02:17] Cycle 482
  💰 Current Price: $0.26
  🎯 Signal: SELL (confidence: 0.17)
  📝 Reason: 5m: MACD bearish; 15m: MACD bearish; 1h: MACD bearish; 4h: RSI oversold (21.5)
  ⚠️ Sell signal but no position

[05:02:47] Cycle 483
  💰 Current Price: $0.26
  🎯 Signal: SELL (confidence: 0.17)
  📝 Reason: 5m: MACD bearish; 15m: MACD bearish; 1h: MACD bearish; 4h: RSI oversold (21.5)
  ⚠️ Sell signal but no position

[05:03:18] Cycle 484
  💰 Current Price: $0.26
  🎯 Signal: SELL (confidence: 0.17)
  📝 Reason: 5m: MACD bearish; 15m: MACD bearish; 1h: MACD bearish; 4h: RSI oversold (21.5)
  ⚠️ Sell signal but no position

[05:03:49] Cycle 485
  💰 Current Price: $0.26
  🎯 Signal: SELL (confidence: 0.17)
  📝 Reason: 5m: MACD bearish; 15m: MACD bearish; 1h: MACD bearish; 4h: RSI oversold (21.5)
  ⚠️ Sell signal but no position

[05:04:20] Cycle 486
  💰 Current Price: $0.26
  🎯 Signal: SELL (confidence: 0.17)
  📝 Reason: 5m: MACD bearish; 15m: MACD bearish; 1h: MACD bearish; 4h: RSI oversold (21.5)
  ⚠️ Sell signal but no position

[05:04:51] Cycle 487
  💰 Current Price: $0.26
  🎯 Signal: SELL (confidence: 0.17)
  📝 Reason: 5m: MACD bearish; 15m: MACD bearish; 1h: MACD bearish; 4h: RSI oversold (21.5)
  ⚠️ Sell signal but no position

[05:05:21] Cycle 488
  💰 Current Price: $0.26
  🎯 Signal: SELL (confidence: 0.17)
  📝 Reason: 5m: MACD bearish; 15m: MACD bearish; 1h: MACD bearish; 4h: RSI oversold (21.5)
  ⚠️ Sell signal but no position

[05:05:52] Cycle 489
  💰 Current Price: $0.26
  🎯 Signal: SELL (confidence: 0.17)
  📝 Reason: 5m: MACD bearish; 15m: MACD bearish; 1h: MACD bearish; 4h: RSI oversold (21.5)
  ⚠️ Sell signal but no position

[05:06:23] Cycle 490
  💰 Current Price: $0.26
  🎯 Signal: SELL (confidence: 0.17)
  📝 Reason: 5m: MACD bearish; 15m: MACD bearish; 1h: MACD bearish; 4h: RSI oversold (21.5)
  ⚠️ Sell signal but no position

[05:06:54] Cycle 491
  💰 Current Price: $0.26
  🎯 Signal: SELL (confidence: 0.17)
  📝 Reason: 5m: MACD bearish; 15m: MACD bearish; 1h: MACD bearish; 4h: RSI oversold (21.5)
  ⚠️ Sell signal but no position

[05:07:25] Cycle 492
  💰 Current Price: $0.26
  🎯 Signal: SELL (confidence: 0.17)
  📝 Reason: 5m: MACD bearish; 15m: MACD bearish; 1h: MACD bearish; 4h: RSI oversold (21.5)
  ⚠️ Sell signal but no position

[05:07:56] Cycle 493
  💰 Current Price: $0.26
  🎯 Signal: SELL (confidence: 0.17)
  📝 Reason: 5m: MACD bearish; 15m: MACD bearish; 1h: MACD bearish; 4h: RSI oversold (21.7)
  ⚠️ Sell signal but no position

[05:08:26] Cycle 494
  💰 Current Price: $0.26
  🎯 Signal: SELL (confidence: 0.17)
  📝 Reason: 5m: MACD bearish; 15m: MACD bearish; 1h: MACD bearish; 4h: RSI oversold (21.7)
  ⚠️ Sell signal but no position

[05:08:57] Cycle 495
  💰 Current Price: $0.26
  🎯 Signal: SELL (confidence: 0.17)
  📝 Reason: 5m: MACD bearish; 15m: MACD bearish; 1h: MACD bearish; 4h: RSI oversold (21.7)
  ⚠️ Sell signal but no position

[05:09:28] Cycle 496
  💰 Current Price: $0.26
  🎯 Signal: SELL (confidence: 0.17)
  📝 Reason: 5m: MACD bearish; 15m: MACD bearish; 1h: MACD bearish; 4h: RSI oversold (21.7)
  ⚠️ Sell signal but no position

[05:09:59] Cycle 497
  💰 Current Price: $0.26
  🎯 Signal: SELL (confidence: 0.17)
  📝 Reason: 5m: MACD bearish; 15m: MACD bearish; 1h: MACD bearish; 4h: RSI oversold (21.7)
  ⚠️ Sell signal but no position

[05:10:30] Cycle 498
  💰 Current Price: $0.26
  🎯 Signal: SELL (confidence: 0.28)
  📝 Reason: 5m: RSI overbought (79.9); 5m: MACD bearish; 15m: MACD bearish; 1h: MACD bearish
  ⚠️ Sell signal but no position

[05:11:00] Cycle 499
  💰 Current Price: $0.26
  🎯 Signal: SELL (confidence: 0.28)
  📝 Reason: 5m: RSI overbought (79.9); 5m: MACD bearish; 15m: MACD bearish; 1h: MACD bearish
  ⚠️ Sell signal but no position

[05:11:31] Cycle 500
  💰 Current Price: $0.26
  🎯 Signal: SELL (confidence: 0.28)
  📝 Reason: 5m: RSI overbought (79.9); 5m: MACD bearish; 15m: MACD bearish; 1h: MACD bearish
  ⚠️ Sell signal but no position

[05:12:02] Cycle 501
  💰 Current Price: $0.26
  🎯 Signal: SELL (confidence: 0.28)
  📝 Reason: 5m: RSI overbought (79.9); 5m: MACD bearish; 15m: MACD bearish; 1h: MACD bearish
  ⚠️ Sell signal but no position

[05:12:33] Cycle 502
  💰 Current Price: $0.26
  🎯 Signal: SELL (confidence: 0.28)
  📝 Reason: 5m: RSI overbought (71.2); 5m: MACD bearish; 15m: MACD bearish; 1h: MACD bearish
  ⚠️ Sell signal but no position

[05:13:04] Cycle 503
  💰 Current Price: $0.26
  🎯 Signal: SELL (confidence: 0.28)
  📝 Reason: 5m: RSI overbought (71.2); 5m: MACD bearish; 15m: MACD bearish; 1h: MACD bearish
  ⚠️ Sell signal but no position

[05:13:35] Cycle 504
  💰 Current Price: $0.26
  🎯 Signal: SELL (confidence: 0.28)
  📝 Reason: 5m: RSI overbought (71.2); 5m: MACD bearish; 15m: MACD bearish; 1h: MACD bearish
  ⚠️ Sell signal but no position

[05:14:06] Cycle 505
  💰 Current Price: $0.26
  🎯 Signal: SELL (confidence: 0.28)
  📝 Reason: 5m: RSI overbought (71.2); 5m: MACD bearish; 15m: MACD bearish; 1h: MACD bearish
  ⚠️ Sell signal but no position

[05:14:36] Cycle 506
  💰 Current Price: $0.26
  📝 Reason: 5m: RSI overbought (71.2); 5m: MACD bearish; 15m: MACD bearish; 1h: MACD bearish
  ⚠️ Sell signal but no position

[05:13:04] Cycle 507
  💰 Current Price: $0.26
  🎯 Signal: SELL (confidence: 0.28)
  📝 Reason: 5m: RSI overbought (71.2); 5m: MACD bearish; 15m: MACD bearish; 1h: MACD bearish
  ⚠️ Sell signal but no position

[05:13:35] Cycle 508
  💰 Current Price: $0.26
  🎯 Signal: SELL (confidence: 0.28)
  📝 Reason: 5m: RSI overbought (71.2); 5m: MACD bearish; 15m: MACD bearish; 1h: MACD bearish
  ⚠️ Sell signal but no position

[05:14:06] Cycle 509
  💰 Current Price: $0.26
  🎯 Signal: SELL (confidence: 0.28)
  📝 Reason: 5m: RSI overbought (71.2); 5m: MACD bearish; 15m: MACD bearish; 1h: MACD bearish
  ⚠️ Sell signal but no position

[05:14:36] Cycle 510
  💰 Current Price: $0.26
  🎯 Signal: SELL (confidence: 0.28)
  📝 Reason: 5m: RSI overbought (71.2); 5m: MACD bearish; 15m: MACD bearish; 1h: MACD bearish
  ⚠️ Sell signal but no position

[05:15:07] Cycle 511
  💰 Current Price: $0.26
  🎯 Signal: SELL (confidence: 0.28)
  📝 Reason: 5m: RSI overbought (72.5); 5m: MACD bearish; 15m: MACD bearish; 1h: MACD bearish
  ⚠️ Sell signal but no position

[05:15:38] Cycle 512
  💰 Current Price: $0.26
  🎯 Signal: SELL (confidence: 0.28)
  📝 Reason: 5m: RSI overbought (72.5); 5m: MACD bearish; 15m: MACD bearish; 1h: MACD bearish
  ⚠️ Sell signal but no position

[05:16:09] Cycle 513
  💰 Current Price: $0.26
  🎯 Signal: SELL (confidence: 0.28)
  📝 Reason: 5m: RSI overbought (72.5); 5m: MACD bearish; 15m: MACD bearish; 1h: MACD bearish
  ⚠️ Sell signal but no position

[05:16:40] Cycle 514
  💰 Current Price: $0.26
  🎯 Signal: SELL (confidence: 0.28)
  📝 Reason: 5m: RSI overbought (72.5); 5m: MACD bearish; 15m: MACD bearish; 1h: MACD bearish
  ⚠️ Sell signal but no position

[05:17:11] Cycle 515
  💰 Current Price: $0.26
  🎯 Signal: SELL (confidence: 0.28)
  📝 Reason: 5m: RSI overbought (70.4); 5m: MACD bearish; 15m: MACD bearish; 1h: MACD bearish
  ⚠️ Sell signal but no position

[05:17:42] Cycle 516
  💰 Current Price: $0.26
  🎯 Signal: SELL (confidence: 0.28)
  📝 Reason: 5m: RSI overbought (70.4); 5m: MACD bearish; 15m: MACD bearish; 1h: MACD bearish
  ⚠️ Sell signal but no position

[05:18:13] Cycle 517
  💰 Current Price: $0.26
  🎯 Signal: SELL (confidence: 0.28)
  📝 Reason: 5m: RSI overbought (70.4); 5m: MACD bearish; 15m: MACD bearish; 1h: MACD bearish
  ⚠️ Sell signal but no position

[05:18:44] Cycle 518
  💰 Current Price: $0.26
  🎯 Signal: SELL (confidence: 0.28)
  📝 Reason: 5m: RSI overbought (70.4); 5m: MACD bearish; 15m: MACD bearish; 1h: MACD bearish
  ⚠️ Sell signal but no position

[05:19:15] Cycle 519
  💰 Current Price: $0.26
  🎯 Signal: SELL (confidence: 0.28)
  📝 Reason: 5m: RSI overbought (70.4); 5m: MACD bearish; 15m: MACD bearish; 1h: MACD bearish
  ⚠️ Sell signal but no position

[05:19:46] Cycle 520
  💰 Current Price: $0.26
  🎯 Signal: SELL (confidence: 0.28)
  📝 Reason: 5m: RSI overbought (70.4); 5m: MACD bearish; 15m: MACD bearish; 1h: MACD bearish
  ⚠️ Sell signal but no position

[05:20:17] Cycle 521
  💰 Current Price: $0.26
  🎯 Signal: HOLD (confidence: 0.07)
  📝 Reason: 5m: MACD bullish; 15m: MACD bearish; 1h: MACD bearish; 4h: RSI oversold (21.4)

[05:20:47] Cycle 522
  💰 Current Price: $0.26
  🎯 Signal: HOLD (confidence: 0.07)
  📝 Reason: 5m: MACD bullish; 15m: MACD bearish; 1h: MACD bearish; 4h: RSI oversold (21.5)

[05:21:18] Cycle 523
  💰 Current Price: $0.26
  🎯 Signal: HOLD (confidence: 0.07)
  📝 Reason: 5m: MACD bullish; 15m: MACD bearish; 1h: MACD bearish; 4h: RSI oversold (21.5)

[05:21:49] Cycle 524
  💰 Current Price: $0.26
  🎯 Signal: HOLD (confidence: 0.07)
  📝 Reason: 5m: MACD bullish; 15m: MACD bearish; 1h: MACD bearish; 4h: RSI oversold (21.5)

[05:22:20] Cycle 525
  💰 Current Price: $0.26
  🎯 Signal: SELL (confidence: 0.17)
  📝 Reason: 5m: RSI overbought (70.2); 5m: MACD bullish; 15m: MACD bearish; 1h: MACD bearish
  ⚠️ Sell signal but no position

[05:22:51] Cycle 526
  💰 Current Price: $0.26
  🎯 Signal: SELL (confidence: 0.17)
  📝 Reason: 5m: RSI overbought (70.2); 5m: MACD bullish; 15m: MACD bearish; 1h: MACD bearish
  ⚠️ Sell signal but no position

[05:23:22] Cycle 527
  💰 Current Price: $0.26
  🎯 Signal: SELL (confidence: 0.17)
  📝 Reason: 5m: RSI overbought (70.2); 5m: MACD bullish; 15m: MACD bearish; 1h: MACD bearish
  ⚠️ Sell signal but no position

[05:23:53] Cycle 528
  💰 Current Price: $0.26
  🎯 Signal: SELL (confidence: 0.17)
  📝 Reason: 5m: RSI overbought (70.2); 5m: MACD bullish; 15m: MACD bearish; 1h: MACD bearish
  ⚠️ Sell signal but no position

[05:24:24] Cycle 529
  💰 Current Price: $0.26
  🎯 Signal: SELL (confidence: 0.17)
  📝 Reason: 5m: RSI overbought (70.2); 5m: MACD bullish; 15m: MACD bearish; 1h: MACD bearish
  ⚠️ Sell signal but no position

[05:24:54] Cycle 530
  💰 Current Price: $0.26
  🎯 Signal: SELL (confidence: 0.17)
  📝 Reason: 5m: RSI overbought (70.2); 5m: MACD bullish; 15m: MACD bearish; 1h: MACD bearish
  ⚠️ Sell signal but no position

[05:25:25] Cycle 531
  💰 Current Price: $0.26
  🎯 Signal: HOLD (confidence: 0.07)
  📝 Reason: 5m: MACD bullish; 15m: MACD bearish; 1h: MACD bearish; 4h: RSI oversold (22.1)

[05:25:56] Cycle 532
  💰 Current Price: $0.26
  🎯 Signal: HOLD (confidence: 0.07)
  📝 Reason: 5m: MACD bullish; 15m: MACD bearish; 1h: MACD bearish; 4h: RSI oversold (22.1)

[05:26:27] Cycle 533
  💰 Current Price: $0.26
  🎯 Signal: HOLD (confidence: 0.07)
  📝 Reason: 5m: MACD bullish; 15m: MACD bearish; 1h: MACD bearish; 4h: RSI oversold (21.7)

[05:26:58] Cycle 534
  💰 Current Price: $0.26
  🎯 Signal: HOLD (confidence: 0.07)
  📝 Reason: 5m: MACD bullish; 15m: MACD bearish; 1h: MACD bearish; 4h: RSI oversold (21.7)

[05:27:29] Cycle 535
  💰 Current Price: $0.26
  🎯 Signal: HOLD (confidence: 0.07)
  📝 Reason: 5m: MACD bullish; 15m: MACD bearish; 1h: MACD bearish; 4h: RSI oversold (21.7)

[05:27:59] Cycle 536
  💰 Current Price: $0.26
  🎯 Signal: HOLD (confidence: 0.07)
  📝 Reason: 5m: MACD bullish; 15m: MACD bearish; 1h: MACD bearish; 4h: RSI oversold (21.9)

[05:28:30] Cycle 537
  💰 Current Price: $0.26
  🎯 Signal: HOLD (confidence: 0.07)
  📝 Reason: 5m: MACD bullish; 15m: MACD bearish; 1h: MACD bearish; 4h: RSI oversold (22.2)

[05:29:01] Cycle 538
  💰 Current Price: $0.26
  🎯 Signal: HOLD (confidence: 0.07)
  📝 Reason: 5m: MACD bullish; 15m: MACD bearish; 1h: MACD bearish; 4h: RSI oversold (22.2)

[05:29:32] Cycle 539
  💰 Current Price: $0.26
  🎯 Signal: HOLD (confidence: 0.07)
  📝 Reason: 5m: MACD bullish; 15m: MACD bearish; 1h: MACD bearish; 4h: RSI oversold (22.2)

[05:30:03] Cycle 540
  💰 Current Price: $0.26
  🎯 Signal: HOLD (confidence: 0.07)
  📝 Reason: 5m: MACD bullish; 15m: MACD bearish; 1h: MACD bearish; 4h: RSI oversold (22.2)

[05:30:34] Cycle 541
  💰 Current Price: $0.26
  🎯 Signal: HOLD (confidence: 0.07)
  📝 Reason: 5m: MACD bullish; 15m: MACD bearish; 1h: MACD bearish; 4h: RSI oversold (22.2)

[05:31:04] Cycle 542
  💰 Current Price: $0.26
  🎯 Signal: HOLD (confidence: 0.07)
  📝 Reason: 5m: MACD bullish; 15m: MACD bearish; 1h: MACD bearish; 4h: RSI oversold (22.2)

[05:31:35] Cycle 543
  💰 Current Price: $0.26
  🎯 Signal: HOLD (confidence: 0.07)
  📝 Reason: 5m: MACD bullish; 15m: MACD bearish; 1h: MACD bearish; 4h: RSI oversold (22.2)

[05:32:06] Cycle 544
  💰 Current Price: $0.26
  🎯 Signal: HOLD (confidence: 0.07)
  📝 Reason: 5m: MACD bullish; 15m: MACD bearish; 1h: MACD bearish; 4h: RSI oversold (22.2)

[05:32:37] Cycle 545
  💰 Current Price: $0.26
  🎯 Signal: HOLD (confidence: 0.07)
  📝 Reason: 5m: MACD bullish; 15m: MACD bearish; 1h: MACD bearish; 4h: RSI oversold (22.2)

[05:33:08] Cycle 546
  💰 Current Price: $0.26
  🎯 Signal: HOLD (confidence: 0.07)
  🎯 Signal: SELL (confidence: 0.28)
  📝 Reason: 5m: RSI overbought (71.2); 5m: MACD bearish; 15m: MACD bearish; 1h: MACD bearish
  ⚠️ Sell signal but no position

[05:15:07] Cycle 507
  💰 Current Price: $0.26
  🎯 Signal: SELL (confidence: 0.28)
  📝 Reason: 5m: RSI overbought (72.5); 5m: MACD bearish; 15m: MACD bearish; 1h: MACD bearish
  ⚠️ Sell signal but no position

[05:15:38] Cycle 508
  💰 Current Price: $0.26
  🎯 Signal: SELL (confidence: 0.28)
  📝 Reason: 5m: RSI overbought (72.5); 5m: MACD bearish; 15m: MACD bearish; 1h: MACD bearish
  ⚠️ Sell signal but no position

[05:16:09] Cycle 509
  💰 Current Price: $0.26
  🎯 Signal: SELL (confidence: 0.28)
  📝 Reason: 5m: RSI overbought (72.5); 5m: MACD bearish; 15m: MACD bearish; 1h: MACD bearish
  ⚠️ Sell signal but no position

[05:16:40] Cycle 510
  💰 Current Price: $0.26
  🎯 Signal: SELL (confidence: 0.28)
  📝 Reason: 5m: RSI overbought (72.5); 5m: MACD bearish; 15m: MACD bearish; 1h: MACD bearish
  ⚠️ Sell signal but no position

[05:17:11] Cycle 511
  💰 Current Price: $0.26
  🎯 Signal: SELL (confidence: 0.28)
  📝 Reason: 5m: RSI overbought (70.4); 5m: MACD bearish; 15m: MACD bearish; 1h: MACD bearish
  ⚠️ Sell signal but no position

[05:17:42] Cycle 512
  💰 Current Price: $0.26
  🎯 Signal: SELL (confidence: 0.28)
  📝 Reason: 5m: RSI overbought (70.4); 5m: MACD bearish; 15m: MACD bearish; 1h: MACD bearish
  ⚠️ Sell signal but no position

[05:18:13] Cycle 513
  💰 Current Price: $0.26
  🎯 Signal: SELL (confidence: 0.28)
  📝 Reason: 5m: RSI overbought (70.4); 5m: MACD bearish; 15m: MACD bearish; 1h: MACD bearish
  ⚠️ Sell signal but no position

[05:18:44] Cycle 514
  💰 Current Price: $0.26
  🎯 Signal: SELL (confidence: 0.28)
  📝 Reason: 5m: RSI overbought (70.4); 5m: MACD bearish; 15m: MACD bearish; 1h: MACD bearish
  ⚠️ Sell signal but no position

[05:19:15] Cycle 515
  💰 Current Price: $0.26
  🎯 Signal: SELL (confidence: 0.28)
  📝 Reason: 5m: RSI overbought (70.4); 5m: MACD bearish; 15m: MACD bearish; 1h: MACD bearish
  ⚠️ Sell signal but no position

[05:19:46] Cycle 516
  💰 Current Price: $0.26
  🎯 Signal: SELL (confidence: 0.28)
  📝 Reason: 5m: RSI overbought (70.4); 5m: MACD bearish; 15m: MACD bearish; 1h: MACD bearish
  ⚠️ Sell signal but no position

[05:20:17] Cycle 517
  💰 Current Price: $0.26
  🎯 Signal: HOLD (confidence: 0.07)
  📝 Reason: 5m: MACD bullish; 15m: MACD bearish; 1h: MACD bearish; 4h: RSI oversold (21.4)

[05:20:47] Cycle 518
  💰 Current Price: $0.26
  🎯 Signal: HOLD (confidence: 0.07)
  📝 Reason: 5m: MACD bullish; 15m: MACD bearish; 1h: MACD bearish; 4h: RSI oversold (21.5)

[05:21:18] Cycle 519
  💰 Current Price: $0.26
  🎯 Signal: HOLD (confidence: 0.07)
  📝 Reason: 5m: MACD bullish; 15m: MACD bearish; 1h: MACD bearish; 4h: RSI oversold (21.5)

[05:21:49] Cycle 520
  💰 Current Price: $0.26
  🎯 Signal: HOLD (confidence: 0.07)
  📝 Reason: 5m: MACD bullish; 15m: MACD bearish; 1h: MACD bearish; 4h: RSI oversold (21.5)

[05:22:20] Cycle 521
  💰 Current Price: $0.26
  🎯 Signal: SELL (confidence: 0.17)
  📝 Reason: 5m: RSI overbought (70.2); 5m: MACD bullish; 15m: MACD bearish; 1h: MACD bearish
  ⚠️ Sell signal but no position

[05:22:51] Cycle 522
  💰 Current Price: $0.26
  🎯 Signal: SELL (confidence: 0.17)
  📝 Reason: 5m: RSI overbought (70.2); 5m: MACD bullish; 15m: MACD bearish; 1h: MACD bearish
  ⚠️ Sell signal but no position

[05:23:22] Cycle 523
  💰 Current Price: $0.26
  🎯 Signal: SELL (confidence: 0.17)
  📝 Reason: 5m: RSI overbought (70.2); 5m: MACD bullish; 15m: MACD bearish; 1h: MACD bearish
  ⚠️ Sell signal but no position

[05:23:53] Cycle 524
  💰 Current Price: $0.26
  🎯 Signal: SELL (confidence: 0.17)
  📝 Reason: 5m: RSI overbought (70.2); 5m: MACD bullish; 15m: MACD bearish; 1h: MACD bearish
  ⚠️ Sell signal but no position

[05:24:24] Cycle 525
  💰 Current Price: $0.26
  🎯 Signal: SELL (confidence: 0.17)
  📝 Reason: 5m: RSI overbought (70.2); 5m: MACD bullish; 15m: MACD bearish; 1h: MACD bearish
  ⚠️ Sell signal but no position

[05:24:54] Cycle 526
  💰 Current Price: $0.26
  🎯 Signal: SELL (confidence: 0.17)
  📝 Reason: 5m: RSI overbought (70.2); 5m: MACD bullish; 15m: MACD bearish; 1h: MACD bearish
  ⚠️ Sell signal but no position

[05:25:25] Cycle 527
  💰 Current Price: $0.26
  🎯 Signal: HOLD (confidence: 0.07)
  📝 Reason: 5m: MACD bullish; 15m: MACD bearish; 1h: MACD bearish; 4h: RSI oversold (22.1)

[05:25:56] Cycle 528
  💰 Current Price: $0.26
  🎯 Signal: HOLD (confidence: 0.07)
  📝 Reason: 5m: MACD bullish; 15m: MACD bearish; 1h: MACD bearish; 4h: RSI oversold (22.1)

[05:26:27] Cycle 529
  💰 Current Price: $0.26
  🎯 Signal: HOLD (confidence: 0.07)
  📝 Reason: 5m: MACD bullish; 15m: MACD bearish; 1h: MACD bearish; 4h: RSI oversold (21.7)

[05:26:58] Cycle 530
  💰 Current Price: $0.26
  🎯 Signal: HOLD (confidence: 0.07)
  📝 Reason: 5m: MACD bullish; 15m: MACD bearish; 1h: MACD bearish; 4h: RSI oversold (21.7)

[05:27:29] Cycle 531
  💰 Current Price: $0.26
  🎯 Signal: HOLD (confidence: 0.07)
  📝 Reason: 5m: MACD bullish; 15m: MACD bearish; 1h: MACD bearish; 4h: RSI oversold (21.7)

[05:27:59] Cycle 532
  💰 Current Price: $0.26
  🎯 Signal: HOLD (confidence: 0.07)
  📝 Reason: 5m: MACD bullish; 15m: MACD bearish; 1h: MACD bearish; 4h: RSI oversold (21.9)

[05:28:30] Cycle 533
  💰 Current Price: $0.26
  🎯 Signal: HOLD (confidence: 0.07)
  📝 Reason: 5m: MACD bullish; 15m: MACD bearish; 1h: MACD bearish; 4h: RSI oversold (22.2)

[05:29:01] Cycle 534
  💰 Current Price: $0.26
  🎯 Signal: HOLD (confidence: 0.07)
  📝 Reason: 5m: MACD bullish; 15m: MACD bearish; 1h: MACD bearish; 4h: RSI oversold (22.2)

[05:29:32] Cycle 535
  💰 Current Price: $0.26
  🎯 Signal: HOLD (confidence: 0.07)
  📝 Reason: 5m: MACD bullish; 15m: MACD bearish; 1h: MACD bearish; 4h: RSI oversold (22.2)

[05:30:03] Cycle 536
  💰 Current Price: $0.26
  🎯 Signal: HOLD (confidence: 0.07)
  📝 Reason: 5m: MACD bullish; 15m: MACD bearish; 1h: MACD bearish; 4h: RSI oversold (22.2)

[05:30:34] Cycle 537
  💰 Current Price: $0.26
  🎯 Signal: HOLD (confidence: 0.07)
  📝 Reason: 5m: MACD bullish; 15m: MACD bearish; 1h: MACD bearish; 4h: RSI oversold (22.2)

[05:31:04] Cycle 538
  💰 Current Price: $0.26
  🎯 Signal: HOLD (confidence: 0.07)
  📝 Reason: 5m: MACD bullish; 15m: MACD bearish; 1h: MACD bearish; 4h: RSI oversold (22.2)

[05:31:35] Cycle 539
  💰 Current Price: $0.26
  🎯 Signal: HOLD (confidence: 0.07)
  📝 Reason: 5m: MACD bullish; 15m: MACD bearish; 1h: MACD bearish; 4h: RSI oversold (22.2)

[05:32:06] Cycle 540
  💰 Current Price: $0.26
  🎯 Signal: HOLD (confidence: 0.07)
  📝 Reason: 5m: MACD bullish; 15m: MACD bearish; 1h: MACD bearish; 4h: RSI oversold (22.2)

[05:32:37] Cycle 541
  💰 Current Price: $0.26
  🎯 Signal: HOLD (confidence: 0.07)
  📝 Reason: 5m: MACD bullish; 15m: MACD bearish; 1h: MACD bearish; 4h: RSI oversold (22.2)

[05:33:08] Cycle 542
  💰 Current Price: $0.26
  🎯 Signal: HOLD (confidence: 0.07)
  📝 Reason: 5m: MACD bullish; 15m: MACD bearish; 1h: MACD bearish; 4h: RSI oversold (21.9)

[05:33:39] Cycle 543
  💰 Current Price: $0.26
  🎯 Signal: HOLD (confidence: 0.07)
  📝 Reason: 5m: MACD bullish; 15m: MACD bearish; 1h: MACD bearish; 4h: RSI oversold (21.8)

[05:34:10] Cycle 544
  💰 Current Price: $0.26
  🎯 Signal: HOLD (confidence: 0.07)
  📝 Reason: 5m: MACD bullish; 15m: MACD bearish; 1h: MACD bearish; 4h: RSI oversold (21.7)

[05:34:41] Cycle 545
  💰 Current Price: $0.26
  🎯 Signal: HOLD (confidence: 0.07)
  📝 Reason: 5m: MACD bullish; 15m: MACD bearish; 1h: MACD bearish; 4h: RSI oversold (21.5)

[05:35:12] Cycle 546
  💰 Current Price: $0.26
  🎯 Signal: HOLD (confidence: 0.07)
  📝 Reason: 5m: MACD bullish; 15m: MACD bearish; 1h: MACD bearish; 4h: RSI oversold (21.5)

[05:35:42] Cycle 547
  💰 Current Price: $0.26
  📝 Reason: 5m: MACD bullish; 15m: MACD bearish; 1h: MACD bearish; 4h: RSI oversold (21.9)

[05:33:39] Cycle 547
  💰 Current Price: $0.26
  🎯 Signal: HOLD (confidence: 0.07)
  📝 Reason: 5m: MACD bullish; 15m: MACD bearish; 1h: MACD bearish; 4h: RSI oversold (21.8)

[05:34:10] Cycle 548
  💰 Current Price: $0.26
  🎯 Signal: HOLD (confidence: 0.07)
  📝 Reason: 5m: MACD bullish; 15m: MACD bearish; 1h: MACD bearish; 4h: RSI oversold (21.7)

[05:34:41] Cycle 549
  💰 Current Price: $0.26
  🎯 Signal: HOLD (confidence: 0.07)
  📝 Reason: 5m: MACD bullish; 15m: MACD bearish; 1h: MACD bearish; 4h: RSI oversold (21.5)

[05:35:12] Cycle 550
  💰 Current Price: $0.26
  🎯 Signal: HOLD (confidence: 0.07)
  📝 Reason: 5m: MACD bullish; 15m: MACD bearish; 1h: MACD bearish; 4h: RSI oversold (21.5)

[05:35:42] Cycle 551
  💰 Current Price: $0.26
  🎯 Signal: HOLD (confidence: 0.07)
  📝 Reason: 5m: MACD bullish; 15m: MACD bearish; 1h: MACD bearish; 4h: RSI oversold (21.5)

[05:36:13] Cycle 552
  💰 Current Price: $0.26
  🎯 Signal: HOLD (confidence: 0.07)
  📝 Reason: 5m: MACD bullish; 15m: MACD bearish; 1h: MACD bearish; 4h: RSI oversold (21.5)

[05:36:44] Cycle 553
  💰 Current Price: $0.26
  🎯 Signal: HOLD (confidence: 0.07)
  📝 Reason: 5m: MACD bullish; 15m: MACD bearish; 1h: MACD bearish; 4h: RSI oversold (21.5)

[05:37:15] Cycle 554
  💰 Current Price: $0.26
  🎯 Signal: HOLD (confidence: 0.07)
  📝 Reason: 5m: MACD bullish; 15m: MACD bearish; 1h: MACD bearish; 4h: RSI oversold (21.6)

[05:37:46] Cycle 555
  💰 Current Price: $0.26
  🎯 Signal: HOLD (confidence: 0.07)
  📝 Reason: 5m: MACD bullish; 15m: MACD bearish; 1h: MACD bearish; 4h: RSI oversold (21.4)

[05:38:17] Cycle 556
  💰 Current Price: $0.26
  🎯 Signal: HOLD (confidence: 0.07)
  📝 Reason: 5m: MACD bullish; 15m: MACD bearish; 1h: MACD bearish; 4h: RSI oversold (21.4)

[05:38:48] Cycle 557
  💰 Current Price: $0.26
  🎯 Signal: HOLD (confidence: 0.07)
  📝 Reason: 5m: MACD bullish; 15m: MACD bearish; 1h: MACD bearish; 4h: RSI oversold (21.5)

[05:39:18] Cycle 558
  💰 Current Price: $0.26
  🎯 Signal: HOLD (confidence: 0.07)
  📝 Reason: 5m: MACD bullish; 15m: MACD bearish; 1h: MACD bearish; 4h: RSI oversold (21.5)

[05:39:49] Cycle 559
  💰 Current Price: $0.26
  🎯 Signal: HOLD (confidence: 0.07)
  📝 Reason: 5m: MACD bullish; 15m: MACD bearish; 1h: MACD bearish; 4h: RSI oversold (21.5)

[05:40:20] Cycle 560
  💰 Current Price: $0.26
  🎯 Signal: HOLD (confidence: 0.07)
  📝 Reason: 5m: MACD bullish; 15m: MACD bearish; 1h: MACD bearish; 4h: RSI oversold (21.6)

[05:40:51] Cycle 561
  💰 Current Price: $0.26
  🎯 Signal: HOLD (confidence: 0.07)
  📝 Reason: 5m: MACD bullish; 15m: MACD bearish; 1h: MACD bearish; 4h: RSI oversold (22.2)

[05:41:21] Cycle 562
  💰 Current Price: $0.26
  🎯 Signal: HOLD (confidence: 0.07)
  📝 Reason: 5m: MACD bullish; 15m: MACD bearish; 1h: MACD bearish; 4h: RSI oversold (22.2)

[05:41:52] Cycle 563
  💰 Current Price: $0.26
  🎯 Signal: HOLD (confidence: 0.07)
  📝 Reason: 5m: MACD bullish; 15m: MACD bearish; 1h: MACD bearish; 4h: RSI oversold (22.5)

[05:42:23] Cycle 564
  💰 Current Price: $0.26
  🎯 Signal: HOLD (confidence: 0.07)
  📝 Reason: 5m: MACD bullish; 15m: MACD bearish; 1h: MACD bearish; 4h: RSI oversold (22.5)

[05:42:54] Cycle 565
  💰 Current Price: $0.26
  🎯 Signal: HOLD (confidence: 0.07)
  📝 Reason: 5m: MACD bullish; 15m: MACD bearish; 1h: MACD bearish; 4h: RSI oversold (22.5)

[05:43:25] Cycle 566
  💰 Current Price: $0.26
  🎯 Signal: HOLD (confidence: 0.07)
  📝 Reason: 5m: MACD bullish; 15m: MACD bearish; 1h: MACD bearish; 4h: RSI oversold (22.5)

[05:43:56] Cycle 567
  💰 Current Price: $0.26
  🎯 Signal: HOLD (confidence: 0.07)
  📝 Reason: 5m: MACD bullish; 15m: MACD bearish; 1h: MACD bearish; 4h: RSI oversold (22.5)

[05:44:27] Cycle 568
  💰 Current Price: $0.26
  🎯 Signal: HOLD (confidence: 0.07)
  📝 Reason: 5m: MACD bullish; 15m: MACD bearish; 1h: MACD bearish; 4h: RSI oversold (22.0)

[05:44:58] Cycle 569
  💰 Current Price: $0.26
  🎯 Signal: HOLD (confidence: 0.07)
  📝 Reason: 5m: MACD bullish; 15m: MACD bearish; 1h: MACD bearish; 4h: RSI oversold (22.0)

[05:45:29] Cycle 570
  💰 Current Price: $0.26
  🎯 Signal: HOLD (confidence: 0.07)
  📝 Reason: 5m: MACD bullish; 15m: MACD bearish; 1h: MACD bearish; 4h: RSI oversold (22.0)

[05:45:59] Cycle 571
  💰 Current Price: $0.26
  🎯 Signal: HOLD (confidence: 0.07)
  📝 Reason: 5m: MACD bullish; 15m: MACD bearish; 1h: MACD bearish; 4h: RSI oversold (22.0)

[05:46:30] Cycle 572
  💰 Current Price: $0.26
  🎯 Signal: HOLD (confidence: 0.07)
  📝 Reason: 5m: MACD bullish; 15m: MACD bearish; 1h: MACD bearish; 4h: RSI oversold (22.1)

[05:47:01] Cycle 573
  💰 Current Price: $0.26
  🎯 Signal: HOLD (confidence: 0.07)
  📝 Reason: 5m: MACD bullish; 15m: MACD bearish; 1h: MACD bearish; 4h: RSI oversold (22.1)

[05:47:32] Cycle 574
  💰 Current Price: $0.26
  🎯 Signal: HOLD (confidence: 0.07)
  📝 Reason: 5m: MACD bullish; 15m: MACD bearish; 1h: MACD bearish; 4h: RSI oversold (22.1)

[05:48:02] Cycle 575
  💰 Current Price: $0.26
  🎯 Signal: HOLD (confidence: 0.07)
  📝 Reason: 5m: MACD bullish; 15m: MACD bearish; 1h: MACD bearish; 4h: RSI oversold (22.1)

[05:48:33] Cycle 576
  💰 Current Price: $0.26
  🎯 Signal: HOLD (confidence: 0.07)
  📝 Reason: 5m: MACD bullish; 15m: MACD bearish; 1h: MACD bearish; 4h: RSI oversold (21.9)

[05:49:04] Cycle 577
  💰 Current Price: $0.26
  🎯 Signal: HOLD (confidence: 0.07)
  📝 Reason: 5m: MACD bullish; 15m: MACD bearish; 1h: MACD bearish; 4h: RSI oversold (21.9)

[05:49:35] Cycle 578
  💰 Current Price: $0.26
  🎯 Signal: HOLD (confidence: 0.07)
  📝 Reason: 5m: MACD bullish; 15m: MACD bearish; 1h: MACD bearish; 4h: RSI oversold (21.9)

[05:50:06] Cycle 579
  💰 Current Price: $0.26
  🎯 Signal: HOLD (confidence: 0.07)
  📝 Reason: 5m: MACD bullish; 15m: MACD bearish; 1h: MACD bearish; 4h: RSI oversold (21.9)

[05:50:37] Cycle 580
  💰 Current Price: $0.26
  🎯 Signal: HOLD (confidence: 0.07)
  📝 Reason: 5m: MACD bullish; 15m: MACD bearish; 1h: MACD bearish; 4h: RSI oversold (22.1)

[05:51:07] Cycle 581
  💰 Current Price: $0.26
  🎯 Signal: HOLD (confidence: 0.07)
  📝 Reason: 5m: MACD bullish; 15m: MACD bearish; 1h: MACD bearish; 4h: RSI oversold (22.1)

[05:51:38] Cycle 582
  💰 Current Price: $0.26
  🎯 Signal: HOLD (confidence: 0.07)
  📝 Reason: 5m: MACD bullish; 15m: MACD bearish; 1h: MACD bearish; 4h: RSI oversold (22.2)

[05:52:09] Cycle 583
  💰 Current Price: $0.26
  🎯 Signal: HOLD (confidence: 0.07)
  📝 Reason: 5m: MACD bullish; 15m: MACD bearish; 1h: MACD bearish; 4h: RSI oversold (22.3)

[05:52:40] Cycle 584
  💰 Current Price: $0.26
  🎯 Signal: HOLD (confidence: 0.07)
  📝 Reason: 5m: MACD bullish; 15m: MACD bearish; 1h: MACD bearish; 4h: RSI oversold (22.3)

[05:53:11] Cycle 585
  💰 Current Price: $0.26
  🎯 Signal: HOLD (confidence: 0.07)
  📝 Reason: 5m: MACD bullish; 15m: MACD bearish; 1h: MACD bearish; 4h: RSI oversold (22.3)

[05:53:42] Cycle 586
  💰 Current Price: $0.26
  🎯 Signal: HOLD (confidence: 0.07)
  📝 Reason: 5m: MACD bullish; 15m: MACD bearish; 1h: MACD bearish; 4h: RSI oversold (22.4)

[05:54:13] Cycle 587
  💰 Current Price: $0.26
  🎯 Signal: HOLD (confidence: 0.07)
  📝 Reason: 5m: MACD bullish; 15m: MACD bearish; 1h: MACD bearish; 4h: RSI oversold (22.4)

[05:54:44] Cycle 588
  💰 Current Price: $0.26
  🎯 Signal: HOLD (confidence: 0.07)
  📝 Reason: 5m: MACD bullish; 15m: MACD bearish; 1h: MACD bearish; 4h: RSI oversold (22.4)

[05:55:14] Cycle 589
  💰 Current Price: $0.26
  🎯 Signal: HOLD (confidence: 0.07)
  📝 Reason: 5m: MACD bullish; 15m: MACD bearish; 1h: MACD bearish; 4h: RSI oversold (22.4)

[05:55:45] Cycle 590
  💰 Current Price: $0.26
  🎯 Signal: HOLD (confidence: 0.07)
  📝 Reason: 5m: MACD bullish; 15m: MACD bearish; 1h: MACD bearish; 4h: RSI oversold (22.4)

[05:56:16] Cycle 591
  🎯 Signal: HOLD (confidence: 0.07)
  📝 Reason: 5m: MACD bullish; 15m: MACD bearish; 1h: MACD bearish; 4h: RSI oversold (21.5)

[05:36:13] Cycle 548
  💰 Current Price: $0.26
  🎯 Signal: HOLD (confidence: 0.07)
  📝 Reason: 5m: MACD bullish; 15m: MACD bearish; 1h: MACD bearish; 4h: RSI oversold (21.5)

[05:36:44] Cycle 549
  💰 Current Price: $0.26
  🎯 Signal: HOLD (confidence: 0.07)
  📝 Reason: 5m: MACD bullish; 15m: MACD bearish; 1h: MACD bearish; 4h: RSI oversold (21.5)

[05:37:15] Cycle 550
  💰 Current Price: $0.26
  🎯 Signal: HOLD (confidence: 0.07)
  📝 Reason: 5m: MACD bullish; 15m: MACD bearish; 1h: MACD bearish; 4h: RSI oversold (21.6)

[05:37:46] Cycle 551
  💰 Current Price: $0.26
  🎯 Signal: HOLD (confidence: 0.07)
  📝 Reason: 5m: MACD bullish; 15m: MACD bearish; 1h: MACD bearish; 4h: RSI oversold (21.4)

[05:38:17] Cycle 552
  💰 Current Price: $0.26
  🎯 Signal: HOLD (confidence: 0.07)
  📝 Reason: 5m: MACD bullish; 15m: MACD bearish; 1h: MACD bearish; 4h: RSI oversold (21.4)

[05:38:48] Cycle 553
  💰 Current Price: $0.26
  🎯 Signal: HOLD (confidence: 0.07)
  📝 Reason: 5m: MACD bullish; 15m: MACD bearish; 1h: MACD bearish; 4h: RSI oversold (21.5)

[05:39:18] Cycle 554
  💰 Current Price: $0.26
  🎯 Signal: HOLD (confidence: 0.07)
  📝 Reason: 5m: MACD bullish; 15m: MACD bearish; 1h: MACD bearish; 4h: RSI oversold (21.5)

[05:39:49] Cycle 555
  💰 Current Price: $0.26
  🎯 Signal: HOLD (confidence: 0.07)
  📝 Reason: 5m: MACD bullish; 15m: MACD bearish; 1h: MACD bearish; 4h: RSI oversold (21.5)

[05:40:20] Cycle 556
  💰 Current Price: $0.26
  🎯 Signal: HOLD (confidence: 0.07)
  📝 Reason: 5m: MACD bullish; 15m: MACD bearish; 1h: MACD bearish; 4h: RSI oversold (21.6)

[05:40:51] Cycle 557
  💰 Current Price: $0.26
  🎯 Signal: HOLD (confidence: 0.07)
  📝 Reason: 5m: MACD bullish; 15m: MACD bearish; 1h: MACD bearish; 4h: RSI oversold (22.2)

[05:41:21] Cycle 558
  💰 Current Price: $0.26
  🎯 Signal: HOLD (confidence: 0.07)
  📝 Reason: 5m: MACD bullish; 15m: MACD bearish; 1h: MACD bearish; 4h: RSI oversold (22.2)

[05:41:52] Cycle 559
  💰 Current Price: $0.26
  🎯 Signal: HOLD (confidence: 0.07)
  📝 Reason: 5m: MACD bullish; 15m: MACD bearish; 1h: MACD bearish; 4h: RSI oversold (22.5)

[05:42:23] Cycle 560
  💰 Current Price: $0.26
  🎯 Signal: HOLD (confidence: 0.07)
  📝 Reason: 5m: MACD bullish; 15m: MACD bearish; 1h: MACD bearish; 4h: RSI oversold (22.5)

[05:42:54] Cycle 561
  💰 Current Price: $0.26
  🎯 Signal: HOLD (confidence: 0.07)
  📝 Reason: 5m: MACD bullish; 15m: MACD bearish; 1h: MACD bearish; 4h: RSI oversold (22.5)

[05:43:25] Cycle 562
  💰 Current Price: $0.26
  🎯 Signal: HOLD (confidence: 0.07)
  📝 Reason: 5m: MACD bullish; 15m: MACD bearish; 1h: MACD bearish; 4h: RSI oversold (22.5)

[05:43:56] Cycle 563
  💰 Current Price: $0.26
  🎯 Signal: HOLD (confidence: 0.07)
  📝 Reason: 5m: MACD bullish; 15m: MACD bearish; 1h: MACD bearish; 4h: RSI oversold (22.5)

[05:44:27] Cycle 564
  💰 Current Price: $0.26
  🎯 Signal: HOLD (confidence: 0.07)
  📝 Reason: 5m: MACD bullish; 15m: MACD bearish; 1h: MACD bearish; 4h: RSI oversold (22.0)

[05:44:58] Cycle 565
  💰 Current Price: $0.26
  🎯 Signal: HOLD (confidence: 0.07)
  📝 Reason: 5m: MACD bullish; 15m: MACD bearish; 1h: MACD bearish; 4h: RSI oversold (22.0)

[05:45:29] Cycle 566
  💰 Current Price: $0.26
  🎯 Signal: HOLD (confidence: 0.07)
  📝 Reason: 5m: MACD bullish; 15m: MACD bearish; 1h: MACD bearish; 4h: RSI oversold (22.0)

[05:45:59] Cycle 567
  💰 Current Price: $0.26
  🎯 Signal: HOLD (confidence: 0.07)
  📝 Reason: 5m: MACD bullish; 15m: MACD bearish; 1h: MACD bearish; 4h: RSI oversold (22.0)

[05:46:30] Cycle 568
  💰 Current Price: $0.26
  🎯 Signal: HOLD (confidence: 0.07)
  📝 Reason: 5m: MACD bullish; 15m: MACD bearish; 1h: MACD bearish; 4h: RSI oversold (22.1)

[05:47:01] Cycle 569
  💰 Current Price: $0.26
  🎯 Signal: HOLD (confidence: 0.07)
  📝 Reason: 5m: MACD bullish; 15m: MACD bearish; 1h: MACD bearish; 4h: RSI oversold (22.1)

[05:47:32] Cycle 570
  💰 Current Price: $0.26
  🎯 Signal: HOLD (confidence: 0.07)
  📝 Reason: 5m: MACD bullish; 15m: MACD bearish; 1h: MACD bearish; 4h: RSI oversold (22.1)

[05:48:02] Cycle 571
  💰 Current Price: $0.26
  🎯 Signal: HOLD (confidence: 0.07)
  📝 Reason: 5m: MACD bullish; 15m: MACD bearish; 1h: MACD bearish; 4h: RSI oversold (22.1)

[05:48:33] Cycle 572
  💰 Current Price: $0.26
  🎯 Signal: HOLD (confidence: 0.07)
  📝 Reason: 5m: MACD bullish; 15m: MACD bearish; 1h: MACD bearish; 4h: RSI oversold (21.9)

[05:49:04] Cycle 573
  💰 Current Price: $0.26
  🎯 Signal: HOLD (confidence: 0.07)
  📝 Reason: 5m: MACD bullish; 15m: MACD bearish; 1h: MACD bearish; 4h: RSI oversold (21.9)

[05:49:35] Cycle 574
  💰 Current Price: $0.26
  🎯 Signal: HOLD (confidence: 0.07)
  📝 Reason: 5m: MACD bullish; 15m: MACD bearish; 1h: MACD bearish; 4h: RSI oversold (21.9)

[05:50:06] Cycle 575
  💰 Current Price: $0.26
  🎯 Signal: HOLD (confidence: 0.07)
  📝 Reason: 5m: MACD bullish; 15m: MACD bearish; 1h: MACD bearish; 4h: RSI oversold (21.9)

[05:50:37] Cycle 576
  💰 Current Price: $0.26
  🎯 Signal: HOLD (confidence: 0.07)
  📝 Reason: 5m: MACD bullish; 15m: MACD bearish; 1h: MACD bearish; 4h: RSI oversold (22.1)

[05:51:07] Cycle 577
  💰 Current Price: $0.26
  🎯 Signal: HOLD (confidence: 0.07)
  📝 Reason: 5m: MACD bullish; 15m: MACD bearish; 1h: MACD bearish; 4h: RSI oversold (22.1)

[05:51:38] Cycle 578
  💰 Current Price: $0.26
  🎯 Signal: HOLD (confidence: 0.07)
  📝 Reason: 5m: MACD bullish; 15m: MACD bearish; 1h: MACD bearish; 4h: RSI oversold (22.2)

[05:52:09] Cycle 579
  💰 Current Price: $0.26
  🎯 Signal: HOLD (confidence: 0.07)
  📝 Reason: 5m: MACD bullish; 15m: MACD bearish; 1h: MACD bearish; 4h: RSI oversold (22.3)

[05:52:40] Cycle 580
  💰 Current Price: $0.26
  🎯 Signal: HOLD (confidence: 0.07)
  📝 Reason: 5m: MACD bullish; 15m: MACD bearish; 1h: MACD bearish; 4h: RSI oversold (22.3)

[05:53:11] Cycle 581
  💰 Current Price: $0.26
  🎯 Signal: HOLD (confidence: 0.07)
  📝 Reason: 5m: MACD bullish; 15m: MACD bearish; 1h: MACD bearish; 4h: RSI oversold (22.3)

[05:53:42] Cycle 582
  💰 Current Price: $0.26
  🎯 Signal: HOLD (confidence: 0.07)
  📝 Reason: 5m: MACD bullish; 15m: MACD bearish; 1h: MACD bearish; 4h: RSI oversold (22.4)

[05:54:13] Cycle 583
  💰 Current Price: $0.26
  🎯 Signal: HOLD (confidence: 0.07)
  📝 Reason: 5m: MACD bullish; 15m: MACD bearish; 1h: MACD bearish; 4h: RSI oversold (22.4)

[05:54:44] Cycle 584
  💰 Current Price: $0.26
  🎯 Signal: HOLD (confidence: 0.07)
  📝 Reason: 5m: MACD bullish; 15m: MACD bearish; 1h: MACD bearish; 4h: RSI oversold (22.4)

[05:55:14] Cycle 585
  💰 Current Price: $0.26
  🎯 Signal: HOLD (confidence: 0.07)
  📝 Reason: 5m: MACD bullish; 15m: MACD bearish; 1h: MACD bearish; 4h: RSI oversold (22.4)

[05:55:45] Cycle 586
  💰 Current Price: $0.26
  🎯 Signal: HOLD (confidence: 0.07)
  📝 Reason: 5m: MACD bullish; 15m: MACD bearish; 1h: MACD bearish; 4h: RSI oversold (22.4)

[05:56:16] Cycle 587
  💰 Current Price: $0.26
  🎯 Signal: HOLD (confidence: 0.07)
  📝 Reason: 5m: MACD bullish; 15m: MACD bearish; 1h: MACD bearish; 4h: RSI oversold (22.4)

[05:56:47] Cycle 588
  💰 Current Price: $0.26
  🎯 Signal: HOLD (confidence: 0.07)
  📝 Reason: 5m: MACD bullish; 15m: MACD bearish; 1h: MACD bearish; 4h: RSI oversold (22.4)

[05:57:18] Cycle 589
  💰 Current Price: $0.26
  🎯 Signal: HOLD (confidence: 0.07)
  📝 Reason: 5m: MACD bullish; 15m: MACD bearish; 1h: MACD bearish; 4h: RSI oversold (22.4)

[05:57:48] Cycle 590
  💰 Current Price: $0.26
  🎯 Signal: HOLD (confidence: 0.07)
  📝 Reason: 5m: MACD bullish; 15m: MACD bearish; 1h: MACD bearish; 4h: RSI oversold (22.2)

[05:58:19] Cycle 591
  💰 Current Price: $0.26
  🎯 Signal: HOLD (confidence: 0.07)
  📝 Reason: 5m: MACD bullish; 15m: MACD bearish; 1h: MACD bearish; 4h: RSI oversold (22.2)
  💰 Current Price: $0.26
  🎯 Signal: HOLD (confidence: 0.07)
  📝 Reason: 5m: MACD bullish; 15m: MACD bearish; 1h: MACD bearish; 4h: RSI oversold (22.4)

[05:56:47] Cycle 592
  💰 Current Price: $0.26
  🎯 Signal: HOLD (confidence: 0.07)
  📝 Reason: 5m: MACD bullish; 15m: MACD bearish; 1h: MACD bearish; 4h: RSI oversold (22.4)

[05:57:18] Cycle 593
  💰 Current Price: $0.26
  🎯 Signal: HOLD (confidence: 0.07)
  📝 Reason: 5m: MACD bullish; 15m: MACD bearish; 1h: MACD bearish; 4h: RSI oversold (22.4)

[05:57:48] Cycle 594
  💰 Current Price: $0.26
  🎯 Signal: HOLD (confidence: 0.07)
  📝 Reason: 5m: MACD bullish; 15m: MACD bearish; 1h: MACD bearish; 4h: RSI oversold (22.2)

[05:58:19] Cycle 595
  💰 Current Price: $0.26
  🎯 Signal: HOLD (confidence: 0.07)
  📝 Reason: 5m: MACD bullish; 15m: MACD bearish; 1h: MACD bearish; 4h: RSI oversold (22.2)

[05:58:50] Cycle 596
  💰 Current Price: $0.26
  🎯 Signal: HOLD (confidence: 0.07)
  📝 Reason: 5m: MACD bullish; 15m: MACD bearish; 1h: MACD bearish; 4h: RSI oversold (22.1)

[05:59:21] Cycle 597
  💰 Current Price: $0.26
  🎯 Signal: HOLD (confidence: 0.07)
  📝 Reason: 5m: MACD bullish; 15m: MACD bearish; 1h: MACD bearish; 4h: RSI oversold (22.0)

[05:59:52] Cycle 598
  💰 Current Price: $0.26
  🎯 Signal: HOLD (confidence: 0.07)
  📝 Reason: 5m: MACD bullish; 15m: MACD bearish; 1h: MACD bearish; 4h: RSI oversold (22.0)

[06:00:22] Cycle 599
  💰 Current Price: $0.26
  🎯 Signal: HOLD (confidence: 0.07)
  📝 Reason: 5m: MACD bullish; 15m: MACD bearish; 1h: MACD bearish; 4h: RSI oversold (22.0)

[06:00:53] Cycle 600
  💰 Current Price: $0.26
  🎯 Signal: HOLD (confidence: 0.07)
  📝 Reason: 5m: MACD bullish; 15m: MACD bearish; 1h: MACD bearish; 4h: RSI oversold (21.9)

[06:01:24] Cycle 601
  💰 Current Price: $0.26
  🎯 Signal: HOLD (confidence: 0.07)
  📝 Reason: 5m: MACD bullish; 15m: MACD bearish; 1h: MACD bearish; 4h: RSI oversold (21.9)

[06:01:55] Cycle 602
  💰 Current Price: $0.26
  🎯 Signal: HOLD (confidence: 0.07)
  📝 Reason: 5m: MACD bullish; 15m: MACD bearish; 1h: MACD bearish; 4h: RSI oversold (21.7)

[06:02:26] Cycle 603
  💰 Current Price: $0.26
  🎯 Signal: HOLD (confidence: 0.07)
  📝 Reason: 5m: MACD bullish; 15m: MACD bearish; 1h: MACD bearish; 4h: RSI oversold (21.7)

[06:02:57] Cycle 604
  💰 Current Price: $0.26
  🎯 Signal: HOLD (confidence: 0.07)
  📝 Reason: 5m: MACD bullish; 15m: MACD bearish; 1h: MACD bearish; 4h: RSI oversold (21.4)

[06:03:28] Cycle 605
  💰 Current Price: $0.26
  🎯 Signal: HOLD (confidence: 0.07)
  📝 Reason: 5m: MACD bullish; 15m: MACD bearish; 1h: MACD bearish; 4h: RSI oversold (21.4)

[06:03:59] Cycle 606
  💰 Current Price: $0.26
  🎯 Signal: HOLD (confidence: 0.07)
  📝 Reason: 5m: MACD bullish; 15m: MACD bearish; 1h: MACD bearish; 4h: RSI oversold (21.4)

[06:04:29] Cycle 607
  💰 Current Price: $0.26
  🎯 Signal: HOLD (confidence: 0.07)
  📝 Reason: 5m: MACD bullish; 15m: MACD bearish; 1h: MACD bearish; 4h: RSI oversold (21.4)

[06:05:00] Cycle 608
  💰 Current Price: $0.26
  🎯 Signal: HOLD (confidence: 0.07)
  📝 Reason: 5m: MACD bullish; 15m: MACD bearish; 1h: MACD bearish; 4h: RSI oversold (21.7)

[06:05:31] Cycle 609
  💰 Current Price: $0.26
  🎯 Signal: HOLD (confidence: 0.07)
  📝 Reason: 5m: MACD bullish; 15m: MACD bearish; 1h: MACD bearish; 4h: RSI oversold (21.6)

[06:06:02] Cycle 610
  💰 Current Price: $0.26
  🎯 Signal: HOLD (confidence: 0.07)
  📝 Reason: 5m: MACD bullish; 15m: MACD bearish; 1h: MACD bearish; 4h: RSI oversold (21.6)

[06:06:33] Cycle 611
  💰 Current Price: $0.26
  🎯 Signal: HOLD (confidence: 0.07)
  📝 Reason: 5m: MACD bullish; 15m: MACD bearish; 1h: MACD bearish; 4h: RSI oversold (21.7)

[06:07:04] Cycle 612
  💰 Current Price: $0.26
  🎯 Signal: HOLD (confidence: 0.07)
  📝 Reason: 5m: MACD bullish; 15m: MACD bearish; 1h: MACD bearish; 4h: RSI oversold (21.5)

[06:07:35] Cycle 613
  💰 Current Price: $0.26
  🎯 Signal: HOLD (confidence: 0.07)
  📝 Reason: 5m: MACD bullish; 15m: MACD bearish; 1h: MACD bearish; 4h: RSI oversold (21.5)

[06:08:05] Cycle 614
  💰 Current Price: $0.26
  🎯 Signal: HOLD (confidence: 0.07)
  📝 Reason: 5m: MACD bullish; 15m: MACD bearish; 1h: MACD bearish; 4h: RSI oversold (21.5)

[06:08:36] Cycle 615
  💰 Current Price: $0.26
  🎯 Signal: HOLD (confidence: 0.07)
  📝 Reason: 5m: MACD bullish; 15m: MACD bearish; 1h: MACD bearish; 4h: RSI oversold (21.5)

[06:09:07] Cycle 616
  💰 Current Price: $0.26
  🎯 Signal: HOLD (confidence: 0.07)
  📝 Reason: 5m: MACD bullish; 15m: MACD bearish; 1h: MACD bearish; 4h: RSI oversold (21.5)

[06:09:38] Cycle 617
  💰 Current Price: $0.26
  🎯 Signal: HOLD (confidence: 0.07)
  📝 Reason: 5m: MACD bullish; 15m: MACD bearish; 1h: MACD bearish; 4h: RSI oversold (21.5)

[06:10:09] Cycle 618
  💰 Current Price: $0.26
  🎯 Signal: HOLD (confidence: 0.07)
  📝 Reason: 5m: MACD bullish; 15m: MACD bearish; 1h: MACD bearish; 4h: RSI oversold (21.5)

[06:10:40] Cycle 619
  💰 Current Price: $0.26
  🎯 Signal: HOLD (confidence: 0.07)
  📝 Reason: 5m: MACD bullish; 15m: MACD bearish; 1h: MACD bearish; 4h: RSI oversold (21.5)

[06:11:10] Cycle 620
  💰 Current Price: $0.26
  🎯 Signal: HOLD (confidence: 0.07)
  📝 Reason: 5m: MACD bullish; 15m: MACD bearish; 1h: MACD bearish; 4h: RSI oversold (21.6)

[06:11:41] Cycle 621
  💰 Current Price: $0.26
  🎯 Signal: HOLD (confidence: 0.07)
  📝 Reason: 5m: MACD bullish; 15m: MACD bearish; 1h: MACD bearish; 4h: RSI oversold (21.6)

[06:12:12] Cycle 622
  💰 Current Price: $0.26
  🎯 Signal: HOLD (confidence: 0.07)
  📝 Reason: 5m: MACD bullish; 15m: MACD bearish; 1h: MACD bearish; 4h: RSI oversold (21.5)

[06:12:43] Cycle 623
  💰 Current Price: $0.26
  🎯 Signal: HOLD (confidence: 0.07)
  📝 Reason: 5m: MACD bullish; 15m: MACD bearish; 1h: MACD bearish; 4h: RSI oversold (21.5)

[06:13:14] Cycle 624
  💰 Current Price: $0.26
  🎯 Signal: HOLD (confidence: 0.07)
  📝 Reason: 5m: MACD bullish; 15m: MACD bearish; 1h: MACD bearish; 4h: RSI oversold (21.5)

[06:13:45] Cycle 625
  💰 Current Price: $0.26
  🎯 Signal: HOLD (confidence: 0.07)
  📝 Reason: 5m: MACD bullish; 15m: MACD bearish; 1h: MACD bearish; 4h: RSI oversold (21.5)

[06:14:16] Cycle 626
  💰 Current Price: $0.26
  🎯 Signal: HOLD (confidence: 0.07)
  📝 Reason: 5m: MACD bullish; 15m: MACD bearish; 1h: MACD bearish; 4h: RSI oversold (21.5)

[06:14:46] Cycle 627
  💰 Current Price: $0.26
  🎯 Signal: HOLD (confidence: 0.07)
  📝 Reason: 5m: MACD bullish; 15m: MACD bearish; 1h: MACD bearish; 4h: RSI oversold (21.5)

[06:15:17] Cycle 628
  💰 Current Price: $0.26
  🎯 Signal: HOLD (confidence: 0.07)
  📝 Reason: 5m: MACD bullish; 15m: MACD bearish; 1h: MACD bearish; 4h: RSI oversold (21.5)

[06:15:48] Cycle 629
  💰 Current Price: $0.26
  🎯 Signal: HOLD (confidence: 0.07)
  📝 Reason: 5m: MACD bullish; 15m: MACD bearish; 1h: MACD bearish; 4h: RSI oversold (21.5)

[06:16:19] Cycle 630
  💰 Current Price: $0.26
  🎯 Signal: HOLD (confidence: 0.07)
  📝 Reason: 5m: MACD bullish; 15m: MACD bearish; 1h: MACD bearish; 4h: RSI oversold (21.5)

[06:16:50] Cycle 631
  💰 Current Price: $0.26
  🎯 Signal: HOLD (confidence: 0.07)
  📝 Reason: 5m: MACD bullish; 15m: MACD bearish; 1h: MACD bearish; 4h: RSI oversold (21.4)

[06:17:21] Cycle 632
  💰 Current Price: $0.26
  🎯 Signal: HOLD (confidence: 0.07)
  📝 Reason: 5m: MACD bullish; 15m: MACD bearish; 1h: MACD bearish; 4h: RSI oversold (21.4)

[06:17:51] Cycle 633
  💰 Current Price: $0.26
  🎯 Signal: HOLD (confidence: 0.07)
  📝 Reason: 5m: MACD bullish; 15m: MACD bearish; 1h: MACD bearish; 4h: RSI oversold (21.4)

[06:18:22] Cycle 634
  💰 Current Price: $0.26
  🎯 Signal: HOLD (confidence: 0.07)
  📝 Reason: 5m: MACD bullish; 15m: MACD bearish; 1h: MACD bearish; 4h: RSI oversold (21.4)

[06:18:53] Cycle 635
  💰 Current Price: $0.26
  🎯 Signal: HOLD (confidence: 0.07)

[05:58:50] Cycle 592
  💰 Current Price: $0.26
  🎯 Signal: HOLD (confidence: 0.07)
  📝 Reason: 5m: MACD bullish; 15m: MACD bearish; 1h: MACD bearish; 4h: RSI oversold (22.1)

[05:59:21] Cycle 593
  💰 Current Price: $0.26
  🎯 Signal: HOLD (confidence: 0.07)
  📝 Reason: 5m: MACD bullish; 15m: MACD bearish; 1h: MACD bearish; 4h: RSI oversold (22.0)

[05:59:52] Cycle 594
  💰 Current Price: $0.26
  🎯 Signal: HOLD (confidence: 0.07)
  📝 Reason: 5m: MACD bullish; 15m: MACD bearish; 1h: MACD bearish; 4h: RSI oversold (22.0)

[06:00:22] Cycle 595
  💰 Current Price: $0.26
  🎯 Signal: HOLD (confidence: 0.07)
  📝 Reason: 5m: MACD bullish; 15m: MACD bearish; 1h: MACD bearish; 4h: RSI oversold (22.0)

[06:00:53] Cycle 596
  💰 Current Price: $0.26
  🎯 Signal: HOLD (confidence: 0.07)
  📝 Reason: 5m: MACD bullish; 15m: MACD bearish; 1h: MACD bearish; 4h: RSI oversold (21.9)

[06:01:24] Cycle 597
  💰 Current Price: $0.26
  🎯 Signal: HOLD (confidence: 0.07)
  📝 Reason: 5m: MACD bullish; 15m: MACD bearish; 1h: MACD bearish; 4h: RSI oversold (21.9)

[06:01:55] Cycle 598
  💰 Current Price: $0.26
  🎯 Signal: HOLD (confidence: 0.07)
  📝 Reason: 5m: MACD bullish; 15m: MACD bearish; 1h: MACD bearish; 4h: RSI oversold (21.7)

[06:02:26] Cycle 599
  💰 Current Price: $0.26
  🎯 Signal: HOLD (confidence: 0.07)
  📝 Reason: 5m: MACD bullish; 15m: MACD bearish; 1h: MACD bearish; 4h: RSI oversold (21.7)

[06:02:57] Cycle 600
  💰 Current Price: $0.26
  🎯 Signal: HOLD (confidence: 0.07)
  📝 Reason: 5m: MACD bullish; 15m: MACD bearish; 1h: MACD bearish; 4h: RSI oversold (21.4)

[06:03:28] Cycle 601
  💰 Current Price: $0.26
  🎯 Signal: HOLD (confidence: 0.07)
  📝 Reason: 5m: MACD bullish; 15m: MACD bearish; 1h: MACD bearish; 4h: RSI oversold (21.4)

[06:03:59] Cycle 602
  💰 Current Price: $0.26
  🎯 Signal: HOLD (confidence: 0.07)
  📝 Reason: 5m: MACD bullish; 15m: MACD bearish; 1h: MACD bearish; 4h: RSI oversold (21.4)

[06:04:29] Cycle 603
  💰 Current Price: $0.26
  🎯 Signal: HOLD (confidence: 0.07)
  📝 Reason: 5m: MACD bullish; 15m: MACD bearish; 1h: MACD bearish; 4h: RSI oversold (21.4)

[06:05:00] Cycle 604
  💰 Current Price: $0.26
  🎯 Signal: HOLD (confidence: 0.07)
  📝 Reason: 5m: MACD bullish; 15m: MACD bearish; 1h: MACD bearish; 4h: RSI oversold (21.7)

[06:05:31] Cycle 605
  💰 Current Price: $0.26
  🎯 Signal: HOLD (confidence: 0.07)
  📝 Reason: 5m: MACD bullish; 15m: MACD bearish; 1h: MACD bearish; 4h: RSI oversold (21.6)

[06:06:02] Cycle 606
  💰 Current Price: $0.26
  🎯 Signal: HOLD (confidence: 0.07)
  📝 Reason: 5m: MACD bullish; 15m: MACD bearish; 1h: MACD bearish; 4h: RSI oversold (21.6)

[06:06:33] Cycle 607
  💰 Current Price: $0.26
  🎯 Signal: HOLD (confidence: 0.07)
  📝 Reason: 5m: MACD bullish; 15m: MACD bearish; 1h: MACD bearish; 4h: RSI oversold (21.7)

[06:07:04] Cycle 608
  💰 Current Price: $0.26
  🎯 Signal: HOLD (confidence: 0.07)
  📝 Reason: 5m: MACD bullish; 15m: MACD bearish; 1h: MACD bearish; 4h: RSI oversold (21.5)

[06:07:35] Cycle 609
  💰 Current Price: $0.26
  🎯 Signal: HOLD (confidence: 0.07)
  📝 Reason: 5m: MACD bullish; 15m: MACD bearish; 1h: MACD bearish; 4h: RSI oversold (21.5)

[06:08:05] Cycle 610
  💰 Current Price: $0.26
  🎯 Signal: HOLD (confidence: 0.07)
  📝 Reason: 5m: MACD bullish; 15m: MACD bearish; 1h: MACD bearish; 4h: RSI oversold (21.5)

[06:08:36] Cycle 611
  💰 Current Price: $0.26
  🎯 Signal: HOLD (confidence: 0.07)
  📝 Reason: 5m: MACD bullish; 15m: MACD bearish; 1h: MACD bearish; 4h: RSI oversold (21.5)

[06:09:07] Cycle 612
  💰 Current Price: $0.26
  🎯 Signal: HOLD (confidence: 0.07)
  📝 Reason: 5m: MACD bullish; 15m: MACD bearish; 1h: MACD bearish; 4h: RSI oversold (21.5)

[06:09:38] Cycle 613
  💰 Current Price: $0.26
  🎯 Signal: HOLD (confidence: 0.07)
  📝 Reason: 5m: MACD bullish; 15m: MACD bearish; 1h: MACD bearish; 4h: RSI oversold (21.5)

[06:10:09] Cycle 614
  💰 Current Price: $0.26
  🎯 Signal: HOLD (confidence: 0.07)
  📝 Reason: 5m: MACD bullish; 15m: MACD bearish; 1h: MACD bearish; 4h: RSI oversold (21.5)

[06:10:40] Cycle 615
  💰 Current Price: $0.26
  🎯 Signal: HOLD (confidence: 0.07)
  📝 Reason: 5m: MACD bullish; 15m: MACD bearish; 1h: MACD bearish; 4h: RSI oversold (21.5)

[06:11:10] Cycle 616
  💰 Current Price: $0.26
  🎯 Signal: HOLD (confidence: 0.07)
  📝 Reason: 5m: MACD bullish; 15m: MACD bearish; 1h: MACD bearish; 4h: RSI oversold (21.6)

[06:11:41] Cycle 617
  💰 Current Price: $0.26
  🎯 Signal: HOLD (confidence: 0.07)
  📝 Reason: 5m: MACD bullish; 15m: MACD bearish; 1h: MACD bearish; 4h: RSI oversold (21.6)

[06:12:12] Cycle 618
  💰 Current Price: $0.26
  🎯 Signal: HOLD (confidence: 0.07)
  📝 Reason: 5m: MACD bullish; 15m: MACD bearish; 1h: MACD bearish; 4h: RSI oversold (21.5)

[06:12:43] Cycle 619
  💰 Current Price: $0.26
  🎯 Signal: HOLD (confidence: 0.07)
  📝 Reason: 5m: MACD bullish; 15m: MACD bearish; 1h: MACD bearish; 4h: RSI oversold (21.5)

[06:13:14] Cycle 620
  💰 Current Price: $0.26
  🎯 Signal: HOLD (confidence: 0.07)
  📝 Reason: 5m: MACD bullish; 15m: MACD bearish; 1h: MACD bearish; 4h: RSI oversold (21.5)

[06:13:45] Cycle 621
  💰 Current Price: $0.26
  🎯 Signal: HOLD (confidence: 0.07)
  📝 Reason: 5m: MACD bullish; 15m: MACD bearish; 1h: MACD bearish; 4h: RSI oversold (21.5)

[06:14:16] Cycle 622
  💰 Current Price: $0.26
  🎯 Signal: HOLD (confidence: 0.07)
  📝 Reason: 5m: MACD bullish; 15m: MACD bearish; 1h: MACD bearish; 4h: RSI oversold (21.5)

[06:14:46] Cycle 623
  💰 Current Price: $0.26
  🎯 Signal: HOLD (confidence: 0.07)
  📝 Reason: 5m: MACD bullish; 15m: MACD bearish; 1h: MACD bearish; 4h: RSI oversold (21.5)

[06:15:17] Cycle 624
  💰 Current Price: $0.26
  🎯 Signal: HOLD (confidence: 0.07)
  📝 Reason: 5m: MACD bullish; 15m: MACD bearish; 1h: MACD bearish; 4h: RSI oversold (21.5)

[06:15:48] Cycle 625
  💰 Current Price: $0.26
  🎯 Signal: HOLD (confidence: 0.07)
  📝 Reason: 5m: MACD bullish; 15m: MACD bearish; 1h: MACD bearish; 4h: RSI oversold (21.5)

[06:16:19] Cycle 626
  💰 Current Price: $0.26
  🎯 Signal: HOLD (confidence: 0.07)
  📝 Reason: 5m: MACD bullish; 15m: MACD bearish; 1h: MACD bearish; 4h: RSI oversold (21.5)

[06:16:50] Cycle 627
  💰 Current Price: $0.26
  🎯 Signal: HOLD (confidence: 0.07)
  📝 Reason: 5m: MACD bullish; 15m: MACD bearish; 1h: MACD bearish; 4h: RSI oversold (21.4)

[06:17:21] Cycle 628
  💰 Current Price: $0.26
  🎯 Signal: HOLD (confidence: 0.07)
  📝 Reason: 5m: MACD bullish; 15m: MACD bearish; 1h: MACD bearish; 4h: RSI oversold (21.4)

[06:17:51] Cycle 629
  💰 Current Price: $0.26
  🎯 Signal: HOLD (confidence: 0.07)
  📝 Reason: 5m: MACD bullish; 15m: MACD bearish; 1h: MACD bearish; 4h: RSI oversold (21.4)

[06:18:22] Cycle 630
  💰 Current Price: $0.26
  🎯 Signal: HOLD (confidence: 0.07)
  📝 Reason: 5m: MACD bullish; 15m: MACD bearish; 1h: MACD bearish; 4h: RSI oversold (21.4)

[06:18:53] Cycle 631
  💰 Current Price: $0.26
  🎯 Signal: HOLD (confidence: 0.07)
  📝 Reason: 5m: MACD bullish; 15m: MACD bearish; 1h: MACD bearish; 4h: RSI oversold (21.4)

[06:19:24] Cycle 632
  💰 Current Price: $0.26
  🎯 Signal: HOLD (confidence: 0.07)
  📝 Reason: 5m: MACD bullish; 15m: MACD bearish; 1h: MACD bearish; 4h: RSI oversold (21.4)

[06:19:55] Cycle 633
  💰 Current Price: $0.26
  🎯 Signal: HOLD (confidence: 0.07)
  📝 Reason: 5m: MACD bullish; 15m: MACD bearish; 1h: MACD bearish; 4h: RSI oversold (21.4)

[06:20:26] Cycle 634
  💰 Current Price: $0.26
  🎯 Signal: HOLD (confidence: 0.07)
  📝 Reason: 5m: MACD bullish; 15m: MACD bearish; 1h: MACD bearish; 4h: RSI oversold (21.3)

[06:20:57] Cycle 635
  💰 Current Price: $0.26
  🎯 Signal: SELL (confidence: 0.17)
  📝 Reason: 5m: MACD bearish; 15m: MACD bearish; 1h: MACD bearish; 4h: RSI oversold (21.2)
  ⚠️ Sell signal but no position

[06:21:28] Cycle 636
  💰 Current Price: $0.26
  🎯 Signal: HOLD (confidence: 0.07)
  📝 Reason: 5m: MACD bullish; 15m: MACD bearish; 1h: MACD bearish; 4h: RSI oversold (21.4)

[06:19:24] Cycle 636
  💰 Current Price: $0.26
  🎯 Signal: HOLD (confidence: 0.07)
  📝 Reason: 5m: MACD bullish; 15m: MACD bearish; 1h: MACD bearish; 4h: RSI oversold (21.4)

[06:19:55] Cycle 637
  💰 Current Price: $0.26
  🎯 Signal: HOLD (confidence: 0.07)
  📝 Reason: 5m: MACD bullish; 15m: MACD bearish; 1h: MACD bearish; 4h: RSI oversold (21.4)

[06:20:26] Cycle 638
  💰 Current Price: $0.26
  🎯 Signal: HOLD (confidence: 0.07)
  📝 Reason: 5m: MACD bullish; 15m: MACD bearish; 1h: MACD bearish; 4h: RSI oversold (21.3)

[06:20:57] Cycle 639
  💰 Current Price: $0.26
  🎯 Signal: SELL (confidence: 0.17)
  📝 Reason: 5m: MACD bearish; 15m: MACD bearish; 1h: MACD bearish; 4h: RSI oversold (21.2)
  ⚠️ Sell signal but no position

[06:21:28] Cycle 640
  💰 Current Price: $0.26
  🎯 Signal: HOLD (confidence: 0.07)
  📝 Reason: 5m: MACD bullish; 15m: MACD bearish; 1h: MACD bearish; 4h: RSI oversold (21.3)

[06:21:58] Cycle 641
  💰 Current Price: $0.26
  🎯 Signal: HOLD (confidence: 0.07)
  📝 Reason: 5m: MACD bullish; 15m: MACD bearish; 1h: MACD bearish; 4h: RSI oversold (21.3)

[06:22:29] Cycle 642
  💰 Current Price: $0.26
  🎯 Signal: HOLD (confidence: 0.07)
  📝 Reason: 5m: MACD bullish; 15m: MACD bearish; 1h: MACD bearish; 4h: RSI oversold (21.3)

[06:23:00] Cycle 643
  💰 Current Price: $0.26
  🎯 Signal: HOLD (confidence: 0.07)
  📝 Reason: 5m: MACD bullish; 15m: MACD bearish; 1h: MACD bearish; 4h: RSI oversold (21.3)

[06:23:31] Cycle 644
  💰 Current Price: $0.26
  🎯 Signal: HOLD (confidence: 0.07)
  📝 Reason: 5m: MACD bullish; 15m: MACD bearish; 1h: MACD bearish; 4h: RSI oversold (21.3)

[06:24:02] Cycle 645
  💰 Current Price: $0.26
  🎯 Signal: HOLD (confidence: 0.07)
  📝 Reason: 5m: MACD bullish; 15m: MACD bearish; 1h: MACD bearish; 4h: RSI oversold (21.3)

[06:24:33] Cycle 646
  💰 Current Price: $0.26
  🎯 Signal: HOLD (confidence: 0.07)
  📝 Reason: 5m: MACD bullish; 15m: MACD bearish; 1h: MACD bearish; 4h: RSI oversold (21.2)

[06:25:04] Cycle 647
  💰 Current Price: $0.26
  🎯 Signal: SELL (confidence: 0.17)
  📝 Reason: 5m: MACD bearish; 15m: MACD bearish; 1h: MACD bearish; 4h: RSI oversold (21.2)
  ⚠️ Sell signal but no position

[06:25:34] Cycle 648
  💰 Current Price: $0.26
  🎯 Signal: SELL (confidence: 0.17)
  📝 Reason: 5m: MACD bearish; 15m: MACD bearish; 1h: MACD bearish; 4h: RSI oversold (21.3)
  ⚠️ Sell signal but no position

[06:26:05] Cycle 649
  💰 Current Price: $0.26
  🎯 Signal: SELL (confidence: 0.17)
  📝 Reason: 5m: MACD bearish; 15m: MACD bearish; 1h: MACD bearish; 4h: RSI oversold (21.3)
  ⚠️ Sell signal but no position

[06:26:36] Cycle 650
  💰 Current Price: $0.26
  🎯 Signal: SELL (confidence: 0.17)
  📝 Reason: 5m: MACD bearish; 15m: MACD bearish; 1h: MACD bearish; 4h: RSI oversold (21.3)
  ⚠️ Sell signal but no position

[06:27:07] Cycle 651
  💰 Current Price: $0.26
  🎯 Signal: SELL (confidence: 0.17)
  📝 Reason: 5m: MACD bearish; 15m: MACD bearish; 1h: MACD bearish; 4h: RSI oversold (21.3)
  ⚠️ Sell signal but no position

[06:27:37] Cycle 652
  💰 Current Price: $0.26
  🎯 Signal: SELL (confidence: 0.17)
  📝 Reason: 5m: MACD bearish; 15m: MACD bearish; 1h: MACD bearish; 4h: RSI oversold (21.3)
  ⚠️ Sell signal but no position

[06:28:08] Cycle 653
  💰 Current Price: $0.26
  🎯 Signal: SELL (confidence: 0.17)
  📝 Reason: 5m: MACD bearish; 15m: MACD bearish; 1h: MACD bearish; 4h: RSI oversold (21.3)
  ⚠️ Sell signal but no position

[06:28:39] Cycle 654
  💰 Current Price: $0.26
  🎯 Signal: SELL (confidence: 0.17)
  📝 Reason: 5m: MACD bearish; 15m: MACD bearish; 1h: MACD bearish; 4h: RSI oversold (21.3)
  ⚠️ Sell signal but no position

[06:29:10] Cycle 655
  💰 Current Price: $0.26
  🎯 Signal: SELL (confidence: 0.17)
  📝 Reason: 5m: MACD bearish; 15m: MACD bearish; 1h: MACD bearish; 4h: RSI oversold (21.3)
  ⚠️ Sell signal but no position

[06:29:41] Cycle 656
  💰 Current Price: $0.26
  🎯 Signal: SELL (confidence: 0.17)
  📝 Reason: 5m: MACD bearish; 15m: MACD bearish; 1h: MACD bearish; 4h: RSI oversold (21.3)
  ⚠️ Sell signal but no position

[06:30:11] Cycle 657
  💰 Current Price: $0.26
  🎯 Signal: HOLD (confidence: 0.03)
  📝 Reason: 5m: MACD bearish; 15m: RSI oversold (27.9); 15m: MACD bearish; 1h: MACD bearish

[06:30:42] Cycle 658
  💰 Current Price: $0.26
  🎯 Signal: HOLD (confidence: 0.03)
  📝 Reason: 5m: MACD bearish; 15m: RSI oversold (27.9); 15m: MACD bearish; 1h: MACD bearish

[06:31:13] Cycle 659
  💰 Current Price: $0.26
  🎯 Signal: HOLD (confidence: 0.03)
  📝 Reason: 5m: MACD bearish; 15m: RSI oversold (27.9); 15m: MACD bearish; 1h: MACD bearish

[06:31:44] Cycle 660
  💰 Current Price: $0.26
  🎯 Signal: HOLD (confidence: 0.03)
  📝 Reason: 5m: MACD bearish; 15m: RSI oversold (27.9); 15m: MACD bearish; 1h: MACD bearish

[06:32:15] Cycle 661
  💰 Current Price: $0.26
  🎯 Signal: SELL (confidence: 0.17)
  📝 Reason: 5m: MACD bearish; 15m: MACD bearish; 1h: MACD bearish; 4h: RSI oversold (21.4)
  ⚠️ Sell signal but no position

[06:32:46] Cycle 662
  💰 Current Price: $0.26
  🎯 Signal: SELL (confidence: 0.17)
  📝 Reason: 5m: MACD bearish; 15m: MACD bearish; 1h: MACD bearish; 4h: RSI oversold (21.4)
  ⚠️ Sell signal but no position

[06:33:17] Cycle 663
  💰 Current Price: $0.26
  🎯 Signal: SELL (confidence: 0.17)
  📝 Reason: 5m: MACD bearish; 15m: MACD bearish; 1h: MACD bearish; 4h: RSI oversold (21.4)
  ⚠️ Sell signal but no position

[06:33:48] Cycle 664
  💰 Current Price: $0.26
  🎯 Signal: SELL (confidence: 0.17)
  📝 Reason: 5m: MACD bearish; 15m: MACD bearish; 1h: MACD bearish; 4h: RSI oversold (21.4)
  ⚠️ Sell signal but no position

[06:34:18] Cycle 665
  💰 Current Price: $0.26
  🎯 Signal: SELL (confidence: 0.17)
  📝 Reason: 5m: MACD bearish; 15m: MACD bearish; 1h: MACD bearish; 4h: RSI oversold (21.4)
  ⚠️ Sell signal but no position

[06:34:49] Cycle 666
  💰 Current Price: $0.26
  🎯 Signal: SELL (confidence: 0.17)
  📝 Reason: 5m: MACD bearish; 15m: MACD bearish; 1h: MACD bearish; 4h: RSI oversold (21.4)
  ⚠️ Sell signal but no position

[06:35:20] Cycle 667
  💰 Current Price: $0.26
  🎯 Signal: HOLD (confidence: 0.12)
  📝 Reason: 5m: RSI oversold (29.2); 5m: MACD bearish; 15m: RSI oversold (27.3); 15m: MACD bearish

[06:35:51] Cycle 668
  💰 Current Price: $0.26
  🎯 Signal: HOLD (confidence: 0.03)
  📝 Reason: 5m: MACD bearish; 15m: RSI oversold (27.4); 15m: MACD bearish; 1h: MACD bearish

[06:36:21] Cycle 669
  💰 Current Price: $0.26
  🎯 Signal: HOLD (confidence: 0.03)
  📝 Reason: 5m: MACD bearish; 15m: RSI oversold (27.4); 15m: MACD bearish; 1h: MACD bearish

[06:36:52] Cycle 670
  💰 Current Price: $0.26
  🎯 Signal: HOLD (confidence: 0.03)
  📝 Reason: 5m: MACD bearish; 15m: RSI oversold (27.5); 15m: MACD bearish; 1h: MACD bearish

[06:37:23] Cycle 671
  💰 Current Price: $0.26
  🎯 Signal: HOLD (confidence: 0.03)
  📝 Reason: 5m: MACD bearish; 15m: RSI oversold (28.0); 15m: MACD bearish; 1h: MACD bearish

[06:37:54] Cycle 672
  💰 Current Price: $0.26
  🎯 Signal: HOLD (confidence: 0.03)
  📝 Reason: 5m: MACD bearish; 15m: RSI oversold (28.0); 15m: MACD bearish; 1h: MACD bearish

[06:38:24] Cycle 673
  💰 Current Price: $0.26
  🎯 Signal: HOLD (confidence: 0.03)
  📝 Reason: 5m: MACD bearish; 15m: RSI oversold (27.9); 15m: MACD bearish; 1h: MACD bearish

[06:38:55] Cycle 674
  💰 Current Price: $0.26
  🎯 Signal: HOLD (confidence: 0.03)
  📝 Reason: 5m: MACD bearish; 15m: RSI oversold (27.9); 15m: MACD bearish; 1h: MACD bearish

[06:39:26] Cycle 675
  💰 Current Price: $0.26
  🎯 Signal: HOLD (confidence: 0.03)
  📝 Reason: 5m: MACD bearish; 15m: RSI oversold (27.8); 15m: MACD bearish; 1h: MACD bearish

[06:39:57] Cycle 676
  💰 Current Price: $0.26
  🎯 Signal: HOLD (confidence: 0.03)
  📝 Reason: 5m: MACD bullish; 15m: MACD bearish; 1h: MACD bearish; 4h: RSI oversold (21.3)

[06:21:58] Cycle 637
  💰 Current Price: $0.26
  🎯 Signal: HOLD (confidence: 0.07)
  📝 Reason: 5m: MACD bullish; 15m: MACD bearish; 1h: MACD bearish; 4h: RSI oversold (21.3)

[06:22:29] Cycle 638
  💰 Current Price: $0.26
  🎯 Signal: HOLD (confidence: 0.07)
  📝 Reason: 5m: MACD bullish; 15m: MACD bearish; 1h: MACD bearish; 4h: RSI oversold (21.3)

[06:23:00] Cycle 639
  💰 Current Price: $0.26
  🎯 Signal: HOLD (confidence: 0.07)
  📝 Reason: 5m: MACD bullish; 15m: MACD bearish; 1h: MACD bearish; 4h: RSI oversold (21.3)

[06:23:31] Cycle 640
  💰 Current Price: $0.26
  🎯 Signal: HOLD (confidence: 0.07)
  📝 Reason: 5m: MACD bullish; 15m: MACD bearish; 1h: MACD bearish; 4h: RSI oversold (21.3)

[06:24:02] Cycle 641
  💰 Current Price: $0.26
  🎯 Signal: HOLD (confidence: 0.07)
  📝 Reason: 5m: MACD bullish; 15m: MACD bearish; 1h: MACD bearish; 4h: RSI oversold (21.3)

[06:24:33] Cycle 642
  💰 Current Price: $0.26
  🎯 Signal: HOLD (confidence: 0.07)
  📝 Reason: 5m: MACD bullish; 15m: MACD bearish; 1h: MACD bearish; 4h: RSI oversold (21.2)

[06:25:04] Cycle 643
  💰 Current Price: $0.26
  🎯 Signal: SELL (confidence: 0.17)
  📝 Reason: 5m: MACD bearish; 15m: MACD bearish; 1h: MACD bearish; 4h: RSI oversold (21.2)
  ⚠️ Sell signal but no position

[06:25:34] Cycle 644
  💰 Current Price: $0.26
  🎯 Signal: SELL (confidence: 0.17)
  📝 Reason: 5m: MACD bearish; 15m: MACD bearish; 1h: MACD bearish; 4h: RSI oversold (21.3)
  ⚠️ Sell signal but no position

[06:26:05] Cycle 645
  💰 Current Price: $0.26
  🎯 Signal: SELL (confidence: 0.17)
  📝 Reason: 5m: MACD bearish; 15m: MACD bearish; 1h: MACD bearish; 4h: RSI oversold (21.3)
  ⚠️ Sell signal but no position

[06:26:36] Cycle 646
  💰 Current Price: $0.26
  🎯 Signal: SELL (confidence: 0.17)
  📝 Reason: 5m: MACD bearish; 15m: MACD bearish; 1h: MACD bearish; 4h: RSI oversold (21.3)
  ⚠️ Sell signal but no position

[06:27:07] Cycle 647
  💰 Current Price: $0.26
  🎯 Signal: SELL (confidence: 0.17)
  📝 Reason: 5m: MACD bearish; 15m: MACD bearish; 1h: MACD bearish; 4h: RSI oversold (21.3)
  ⚠️ Sell signal but no position

[06:27:37] Cycle 648
  💰 Current Price: $0.26
  🎯 Signal: SELL (confidence: 0.17)
  📝 Reason: 5m: MACD bearish; 15m: MACD bearish; 1h: MACD bearish; 4h: RSI oversold (21.3)
  ⚠️ Sell signal but no position

[06:28:08] Cycle 649
  💰 Current Price: $0.26
  🎯 Signal: SELL (confidence: 0.17)
  📝 Reason: 5m: MACD bearish; 15m: MACD bearish; 1h: MACD bearish; 4h: RSI oversold (21.3)
  ⚠️ Sell signal but no position

[06:28:39] Cycle 650
  💰 Current Price: $0.26
  🎯 Signal: SELL (confidence: 0.17)
  📝 Reason: 5m: MACD bearish; 15m: MACD bearish; 1h: MACD bearish; 4h: RSI oversold (21.3)
  ⚠️ Sell signal but no position

[06:29:10] Cycle 651
  💰 Current Price: $0.26
  🎯 Signal: SELL (confidence: 0.17)
  📝 Reason: 5m: MACD bearish; 15m: MACD bearish; 1h: MACD bearish; 4h: RSI oversold (21.3)
  ⚠️ Sell signal but no position

[06:29:41] Cycle 652
  💰 Current Price: $0.26
  🎯 Signal: SELL (confidence: 0.17)
  📝 Reason: 5m: MACD bearish; 15m: MACD bearish; 1h: MACD bearish; 4h: RSI oversold (21.3)
  ⚠️ Sell signal but no position

[06:30:11] Cycle 653
  💰 Current Price: $0.26
  🎯 Signal: HOLD (confidence: 0.03)
  📝 Reason: 5m: MACD bearish; 15m: RSI oversold (27.9); 15m: MACD bearish; 1h: MACD bearish

[06:30:42] Cycle 654
  💰 Current Price: $0.26
  🎯 Signal: HOLD (confidence: 0.03)
  📝 Reason: 5m: MACD bearish; 15m: RSI oversold (27.9); 15m: MACD bearish; 1h: MACD bearish

[06:31:13] Cycle 655
  💰 Current Price: $0.26
  🎯 Signal: HOLD (confidence: 0.03)
  📝 Reason: 5m: MACD bearish; 15m: RSI oversold (27.9); 15m: MACD bearish; 1h: MACD bearish

[06:31:44] Cycle 656
  💰 Current Price: $0.26
  🎯 Signal: HOLD (confidence: 0.03)
  📝 Reason: 5m: MACD bearish; 15m: RSI oversold (27.9); 15m: MACD bearish; 1h: MACD bearish

[06:32:15] Cycle 657
  💰 Current Price: $0.26
  🎯 Signal: SELL (confidence: 0.17)
  📝 Reason: 5m: MACD bearish; 15m: MACD bearish; 1h: MACD bearish; 4h: RSI oversold (21.4)
  ⚠️ Sell signal but no position

[06:32:46] Cycle 658
  💰 Current Price: $0.26
  🎯 Signal: SELL (confidence: 0.17)
  📝 Reason: 5m: MACD bearish; 15m: MACD bearish; 1h: MACD bearish; 4h: RSI oversold (21.4)
  ⚠️ Sell signal but no position

[06:33:17] Cycle 659
  💰 Current Price: $0.26
  🎯 Signal: SELL (confidence: 0.17)
  📝 Reason: 5m: MACD bearish; 15m: MACD bearish; 1h: MACD bearish; 4h: RSI oversold (21.4)
  ⚠️ Sell signal but no position

[06:33:48] Cycle 660
  💰 Current Price: $0.26
  🎯 Signal: SELL (confidence: 0.17)
  📝 Reason: 5m: MACD bearish; 15m: MACD bearish; 1h: MACD bearish; 4h: RSI oversold (21.4)
  ⚠️ Sell signal but no position

[06:34:18] Cycle 661
  💰 Current Price: $0.26
  🎯 Signal: SELL (confidence: 0.17)
  📝 Reason: 5m: MACD bearish; 15m: MACD bearish; 1h: MACD bearish; 4h: RSI oversold (21.4)
  ⚠️ Sell signal but no position

[06:34:49] Cycle 662
  💰 Current Price: $0.26
  🎯 Signal: SELL (confidence: 0.17)
  📝 Reason: 5m: MACD bearish; 15m: MACD bearish; 1h: MACD bearish; 4h: RSI oversold (21.4)
  ⚠️ Sell signal but no position

[06:35:20] Cycle 663
  💰 Current Price: $0.26
  🎯 Signal: HOLD (confidence: 0.12)
  📝 Reason: 5m: RSI oversold (29.2); 5m: MACD bearish; 15m: RSI oversold (27.3); 15m: MACD bearish

[06:35:51] Cycle 664
  💰 Current Price: $0.26
  🎯 Signal: HOLD (confidence: 0.03)
  📝 Reason: 5m: MACD bearish; 15m: RSI oversold (27.4); 15m: MACD bearish; 1h: MACD bearish

[06:36:21] Cycle 665
  💰 Current Price: $0.26
  🎯 Signal: HOLD (confidence: 0.03)
  📝 Reason: 5m: MACD bearish; 15m: RSI oversold (27.4); 15m: MACD bearish; 1h: MACD bearish

[06:36:52] Cycle 666
  💰 Current Price: $0.26
  🎯 Signal: HOLD (confidence: 0.03)
  📝 Reason: 5m: MACD bearish; 15m: RSI oversold (27.5); 15m: MACD bearish; 1h: MACD bearish

[06:37:23] Cycle 667
  💰 Current Price: $0.26
  🎯 Signal: HOLD (confidence: 0.03)
  📝 Reason: 5m: MACD bearish; 15m: RSI oversold (28.0); 15m: MACD bearish; 1h: MACD bearish

[06:37:54] Cycle 668
  💰 Current Price: $0.26
  🎯 Signal: HOLD (confidence: 0.03)
  📝 Reason: 5m: MACD bearish; 15m: RSI oversold (28.0); 15m: MACD bearish; 1h: MACD bearish

[06:38:24] Cycle 669
  💰 Current Price: $0.26
  🎯 Signal: HOLD (confidence: 0.03)
  📝 Reason: 5m: MACD bearish; 15m: RSI oversold (27.9); 15m: MACD bearish; 1h: MACD bearish

[06:38:55] Cycle 670
  💰 Current Price: $0.26
  🎯 Signal: HOLD (confidence: 0.03)
  📝 Reason: 5m: MACD bearish; 15m: RSI oversold (27.9); 15m: MACD bearish; 1h: MACD bearish

[06:39:26] Cycle 671
  💰 Current Price: $0.26
  🎯 Signal: HOLD (confidence: 0.03)
  📝 Reason: 5m: MACD bearish; 15m: RSI oversold (27.8); 15m: MACD bearish; 1h: MACD bearish

[06:39:57] Cycle 672
  💰 Current Price: $0.26
  🎯 Signal: HOLD (confidence: 0.03)
  📝 Reason: 5m: MACD bearish; 15m: RSI oversold (27.7); 15m: MACD bearish; 1h: MACD bearish

[06:40:28] Cycle 673
  💰 Current Price: $0.26
  🎯 Signal: HOLD (confidence: 0.03)
  📝 Reason: 5m: MACD bearish; 15m: RSI oversold (27.7); 15m: MACD bearish; 1h: MACD bearish

[06:40:58] Cycle 674
  💰 Current Price: $0.26
  🎯 Signal: HOLD (confidence: 0.03)
  📝 Reason: 5m: MACD bearish; 15m: RSI oversold (27.7); 15m: MACD bearish; 1h: MACD bearish

[06:41:29] Cycle 675
  💰 Current Price: $0.26
  🎯 Signal: HOLD (confidence: 0.03)
  📝 Reason: 5m: MACD bearish; 15m: RSI oversold (27.7); 15m: MACD bearish; 1h: MACD bearish

[06:42:00] Cycle 676
  💰 Current Price: $0.26
  🎯 Signal: HOLD (confidence: 0.03)
  📝 Reason: 5m: MACD bearish; 15m: RSI oversold (27.1); 15m: MACD bearish; 1h: MACD bearish

[06:42:31] Cycle 677
  💰 Current Price: $0.26
  🎯 Signal: HOLD (confidence: 0.03)
  📝 Reason: 5m: MACD bearish; 15m: RSI oversold (27.7); 15m: MACD bearish; 1h: MACD bearish

[06:40:28] Cycle 677
  💰 Current Price: $0.26
  🎯 Signal: HOLD (confidence: 0.03)
  📝 Reason: 5m: MACD bearish; 15m: RSI oversold (27.7); 15m: MACD bearish; 1h: MACD bearish

[06:40:58] Cycle 678
  💰 Current Price: $0.26
  🎯 Signal: HOLD (confidence: 0.03)
  📝 Reason: 5m: MACD bearish; 15m: RSI oversold (27.7); 15m: MACD bearish; 1h: MACD bearish

[06:41:29] Cycle 679
  💰 Current Price: $0.26
  🎯 Signal: HOLD (confidence: 0.03)
  📝 Reason: 5m: MACD bearish; 15m: RSI oversold (27.7); 15m: MACD bearish; 1h: MACD bearish

[06:42:00] Cycle 680
  💰 Current Price: $0.26
  🎯 Signal: HOLD (confidence: 0.03)
  📝 Reason: 5m: MACD bearish; 15m: RSI oversold (27.1); 15m: MACD bearish; 1h: MACD bearish

[06:42:31] Cycle 681
  💰 Current Price: $0.26
  🎯 Signal: HOLD (confidence: 0.03)
  📝 Reason: 5m: MACD bearish; 15m: RSI oversold (27.7); 15m: MACD bearish; 1h: MACD bearish

[06:43:02] Cycle 682
  💰 Current Price: $0.26
  🎯 Signal: HOLD (confidence: 0.03)
  📝 Reason: 5m: MACD bearish; 15m: RSI oversold (27.7); 15m: MACD bearish; 1h: MACD bearish

[06:43:33] Cycle 683
  💰 Current Price: $0.26
  🎯 Signal: HOLD (confidence: 0.03)
  📝 Reason: 5m: MACD bearish; 15m: RSI oversold (27.7); 15m: MACD bearish; 1h: MACD bearish

[06:44:04] Cycle 684
  💰 Current Price: $0.26
  🎯 Signal: HOLD (confidence: 0.03)
  📝 Reason: 5m: MACD bearish; 15m: RSI oversold (27.7); 15m: MACD bearish; 1h: MACD bearish

[06:44:35] Cycle 685
  💰 Current Price: $0.26
  🎯 Signal: HOLD (confidence: 0.03)
  📝 Reason: 5m: MACD bearish; 15m: RSI oversold (28.4); 15m: MACD bearish; 1h: MACD bearish

[06:45:05] Cycle 686
  💰 Current Price: $0.26
  🎯 Signal: SELL (confidence: 0.17)
  📝 Reason: 5m: MACD bearish; 15m: MACD bearish; 1h: MACD bearish; 4h: RSI oversold (21.3)
  ⚠️ Sell signal but no position

[06:45:36] Cycle 687
  💰 Current Price: $0.26
  🎯 Signal: SELL (confidence: 0.17)
  📝 Reason: 5m: MACD bearish; 15m: MACD bearish; 1h: MACD bearish; 4h: RSI oversold (21.4)
  ⚠️ Sell signal but no position

[06:46:07] Cycle 688
  💰 Current Price: $0.26
  🎯 Signal: SELL (confidence: 0.17)
  📝 Reason: 5m: MACD bearish; 15m: MACD bearish; 1h: MACD bearish; 4h: RSI oversold (21.3)
  ⚠️ Sell signal but no position

[06:46:38] Cycle 689
  💰 Current Price: $0.26
  🎯 Signal: SELL (confidence: 0.17)
  📝 Reason: 5m: MACD bearish; 15m: MACD bearish; 1h: MACD bearish; 4h: RSI oversold (21.4)
  ⚠️ Sell signal but no position

[06:47:09] Cycle 690
  💰 Current Price: $0.26
  🎯 Signal: SELL (confidence: 0.17)
  📝 Reason: 5m: MACD bearish; 15m: MACD bearish; 1h: MACD bearish; 4h: RSI oversold (21.4)
  ⚠️ Sell signal but no position

[06:47:40] Cycle 691
  💰 Current Price: $0.26
  🎯 Signal: SELL (confidence: 0.17)
  📝 Reason: 5m: MACD bearish; 15m: MACD bearish; 1h: MACD bearish; 4h: RSI oversold (21.4)
  ⚠️ Sell signal but no position

[06:48:10] Cycle 692
  💰 Current Price: $0.26
  🎯 Signal: SELL (confidence: 0.17)
  📝 Reason: 5m: MACD bearish; 15m: MACD bearish; 1h: MACD bearish; 4h: RSI oversold (21.3)
  ⚠️ Sell signal but no position

[06:48:41] Cycle 693
  💰 Current Price: $0.26
  🎯 Signal: SELL (confidence: 0.17)
  📝 Reason: 5m: MACD bearish; 15m: MACD bearish; 1h: MACD bearish; 4h: RSI oversold (21.3)
  ⚠️ Sell signal but no position

[06:49:12] Cycle 694
  💰 Current Price: $0.26
  🎯 Signal: SELL (confidence: 0.17)
  📝 Reason: 5m: MACD bearish; 15m: MACD bearish; 1h: MACD bearish; 4h: RSI oversold (21.3)
  ⚠️ Sell signal but no position

[06:49:43] Cycle 695
  💰 Current Price: $0.26
  🎯 Signal: SELL (confidence: 0.17)
  📝 Reason: 5m: MACD bearish; 15m: MACD bearish; 1h: MACD bearish; 4h: RSI oversold (21.3)
  ⚠️ Sell signal but no position

[06:50:14] Cycle 696
  💰 Current Price: $0.26
  🎯 Signal: SELL (confidence: 0.17)
  📝 Reason: 5m: MACD bearish; 15m: MACD bearish; 1h: MACD bearish; 4h: RSI oversold (21.3)
  ⚠️ Sell signal but no position

[06:50:44] Cycle 697
  💰 Current Price: $0.26
  🎯 Signal: HOLD (confidence: 0.07)
  📝 Reason: 5m: RSI oversold (28.6); 5m: MACD bearish; 15m: MACD bearish; 1h: MACD bearish

[06:51:15] Cycle 698
  💰 Current Price: $0.26
  🎯 Signal: HOLD (confidence: 0.07)
  📝 Reason: 5m: RSI oversold (28.6); 5m: MACD bearish; 15m: MACD bearish; 1h: MACD bearish

[06:51:46] Cycle 699
  💰 Current Price: $0.26
  🎯 Signal: HOLD (confidence: 0.07)
  📝 Reason: 5m: RSI oversold (25.5); 5m: MACD bearish; 15m: MACD bearish; 1h: MACD bearish

[06:52:17] Cycle 700
  💰 Current Price: $0.26
  🎯 Signal: HOLD (confidence: 0.07)
  📝 Reason: 5m: RSI oversold (25.5); 5m: MACD bearish; 15m: MACD bearish; 1h: MACD bearish

[06:52:48] Cycle 701
  💰 Current Price: $0.26
  🎯 Signal: HOLD (confidence: 0.07)
  📝 Reason: 5m: RSI oversold (25.5); 5m: MACD bearish; 15m: MACD bearish; 1h: MACD bearish

[06:53:18] Cycle 702
  💰 Current Price: $0.26
  🎯 Signal: HOLD (confidence: 0.07)
  📝 Reason: 5m: RSI oversold (21.7); 5m: MACD bearish; 15m: MACD bearish; 1h: MACD bearish

[06:53:49] Cycle 703
  💰 Current Price: $0.26
  🎯 Signal: HOLD (confidence: 0.07)
  📝 Reason: 5m: RSI oversold (21.7); 5m: MACD bearish; 15m: MACD bearish; 1h: MACD bearish

[06:54:20] Cycle 704
  💰 Current Price: $0.26
  🎯 Signal: HOLD (confidence: 0.07)
  📝 Reason: 5m: RSI oversold (21.7); 5m: MACD bearish; 15m: MACD bearish; 1h: MACD bearish

[06:54:51] Cycle 705
  💰 Current Price: $0.26
  🎯 Signal: HOLD (confidence: 0.07)
  📝 Reason: 5m: RSI oversold (21.7); 5m: MACD bearish; 15m: MACD bearish; 1h: MACD bearish

[06:55:22] Cycle 706
  💰 Current Price: $0.26
  🎯 Signal: HOLD (confidence: 0.07)
  📝 Reason: 5m: RSI oversold (26.7); 5m: MACD bearish; 15m: MACD bearish; 1h: MACD bearish

[06:55:53] Cycle 707
  💰 Current Price: $0.26
  🎯 Signal: HOLD (confidence: 0.07)
  📝 Reason: 5m: RSI oversold (29.4); 5m: MACD bearish; 15m: MACD bearish; 1h: MACD bearish

[06:56:23] Cycle 708
  💰 Current Price: $0.26
  🎯 Signal: HOLD (confidence: 0.07)
  📝 Reason: 5m: RSI oversold (29.4); 5m: MACD bearish; 15m: MACD bearish; 1h: MACD bearish

[06:56:54] Cycle 709
  💰 Current Price: $0.26
  🎯 Signal: HOLD (confidence: 0.07)
  📝 Reason: 5m: RSI oversold (29.4); 5m: MACD bearish; 15m: MACD bearish; 1h: MACD bearish

[06:57:25] Cycle 710
  💰 Current Price: $0.26
  🎯 Signal: HOLD (confidence: 0.07)
  📝 Reason: 5m: RSI oversold (29.4); 5m: MACD bearish; 15m: MACD bearish; 1h: MACD bearish

[06:57:56] Cycle 711
  💰 Current Price: $0.26
  🎯 Signal: HOLD (confidence: 0.07)
  📝 Reason: 5m: RSI oversold (29.4); 5m: MACD bearish; 15m: MACD bearish; 1h: MACD bearish

[06:58:27] Cycle 712
  💰 Current Price: $0.26
  🎯 Signal: HOLD (confidence: 0.07)
  📝 Reason: 5m: RSI oversold (29.4); 5m: MACD bearish; 15m: MACD bearish; 1h: MACD bearish

[06:58:57] Cycle 713
  💰 Current Price: $0.26
  🎯 Signal: SELL (confidence: 0.17)
  📝 Reason: 5m: MACD bearish; 15m: MACD bearish; 1h: MACD bearish; 4h: RSI oversold (21.1)
  ⚠️ Sell signal but no position

[06:59:28] Cycle 714
  💰 Current Price: $0.26
  🎯 Signal: SELL (confidence: 0.17)
  📝 Reason: 5m: MACD bearish; 15m: MACD bearish; 1h: MACD bearish; 4h: RSI oversold (21.1)
  ⚠️ Sell signal but no position

[06:59:59] Cycle 715
  💰 Current Price: $0.26
  🎯 Signal: SELL (confidence: 0.17)
  📝 Reason: 5m: MACD bearish; 15m: MACD bearish; 1h: MACD bearish; 4h: RSI oversold (21.0)
  ⚠️ Sell signal but no position

[07:00:30] Cycle 716
  💰 Current Price: $0.26
  🎯 Signal: HOLD (confidence: 0.07)
  📝 Reason: 5m: RSI oversold (26.1); 5m: MACD bearish; 15m: MACD bearish; 1h: MACD bearish

[07:01:01] Cycle 717
  💰 Current Price: $0.26
  🎯 Signal: HOLD (confidence: 0.07)
  📝 Reason: 5m: RSI oversold (24.4); 5m: MACD bearish; 15m: MACD bearish; 1h: MACD bearish

[07:01:32] Cycle 718
  💰 Current Price: $0.26
  📝 Reason: 5m: MACD bearish; 15m: RSI oversold (27.7); 15m: MACD bearish; 1h: MACD bearish

[06:43:02] Cycle 678
  💰 Current Price: $0.26
  🎯 Signal: HOLD (confidence: 0.03)
  📝 Reason: 5m: MACD bearish; 15m: RSI oversold (27.7); 15m: MACD bearish; 1h: MACD bearish

[06:43:33] Cycle 679
  💰 Current Price: $0.26
  🎯 Signal: HOLD (confidence: 0.03)
  📝 Reason: 5m: MACD bearish; 15m: RSI oversold (27.7); 15m: MACD bearish; 1h: MACD bearish

[06:44:04] Cycle 680
  💰 Current Price: $0.26
  🎯 Signal: HOLD (confidence: 0.03)
  📝 Reason: 5m: MACD bearish; 15m: RSI oversold (27.7); 15m: MACD bearish; 1h: MACD bearish

[06:44:35] Cycle 681
  💰 Current Price: $0.26
  🎯 Signal: HOLD (confidence: 0.03)
  📝 Reason: 5m: MACD bearish; 15m: RSI oversold (28.4); 15m: MACD bearish; 1h: MACD bearish

[06:45:05] Cycle 682
  💰 Current Price: $0.26
  🎯 Signal: SELL (confidence: 0.17)
  📝 Reason: 5m: MACD bearish; 15m: MACD bearish; 1h: MACD bearish; 4h: RSI oversold (21.3)
  ⚠️ Sell signal but no position

[06:45:36] Cycle 683
  💰 Current Price: $0.26
  🎯 Signal: SELL (confidence: 0.17)
  📝 Reason: 5m: MACD bearish; 15m: MACD bearish; 1h: MACD bearish; 4h: RSI oversold (21.4)
  ⚠️ Sell signal but no position

[06:46:07] Cycle 684
  💰 Current Price: $0.26
  🎯 Signal: SELL (confidence: 0.17)
  📝 Reason: 5m: MACD bearish; 15m: MACD bearish; 1h: MACD bearish; 4h: RSI oversold (21.3)
  ⚠️ Sell signal but no position

[06:46:38] Cycle 685
  💰 Current Price: $0.26
  🎯 Signal: SELL (confidence: 0.17)
  📝 Reason: 5m: MACD bearish; 15m: MACD bearish; 1h: MACD bearish; 4h: RSI oversold (21.4)
  ⚠️ Sell signal but no position

[06:47:09] Cycle 686
  💰 Current Price: $0.26
  🎯 Signal: SELL (confidence: 0.17)
  📝 Reason: 5m: MACD bearish; 15m: MACD bearish; 1h: MACD bearish; 4h: RSI oversold (21.4)
  ⚠️ Sell signal but no position

[06:47:40] Cycle 687
  💰 Current Price: $0.26
  🎯 Signal: SELL (confidence: 0.17)
  📝 Reason: 5m: MACD bearish; 15m: MACD bearish; 1h: MACD bearish; 4h: RSI oversold (21.4)
  ⚠️ Sell signal but no position

[06:48:10] Cycle 688
  💰 Current Price: $0.26
  🎯 Signal: SELL (confidence: 0.17)
  📝 Reason: 5m: MACD bearish; 15m: MACD bearish; 1h: MACD bearish; 4h: RSI oversold (21.3)
  ⚠️ Sell signal but no position

[06:48:41] Cycle 689
  💰 Current Price: $0.26
  🎯 Signal: SELL (confidence: 0.17)
  📝 Reason: 5m: MACD bearish; 15m: MACD bearish; 1h: MACD bearish; 4h: RSI oversold (21.3)
  ⚠️ Sell signal but no position

[06:49:12] Cycle 690
  💰 Current Price: $0.26
  🎯 Signal: SELL (confidence: 0.17)
  📝 Reason: 5m: MACD bearish; 15m: MACD bearish; 1h: MACD bearish; 4h: RSI oversold (21.3)
  ⚠️ Sell signal but no position

[06:49:43] Cycle 691
  💰 Current Price: $0.26
  🎯 Signal: SELL (confidence: 0.17)
  📝 Reason: 5m: MACD bearish; 15m: MACD bearish; 1h: MACD bearish; 4h: RSI oversold (21.3)
  ⚠️ Sell signal but no position

[06:50:14] Cycle 692
  💰 Current Price: $0.26
  🎯 Signal: SELL (confidence: 0.17)
  📝 Reason: 5m: MACD bearish; 15m: MACD bearish; 1h: MACD bearish; 4h: RSI oversold (21.3)
  ⚠️ Sell signal but no position

[06:50:44] Cycle 693
  💰 Current Price: $0.26
  🎯 Signal: HOLD (confidence: 0.07)
  📝 Reason: 5m: RSI oversold (28.6); 5m: MACD bearish; 15m: MACD bearish; 1h: MACD bearish

[06:51:15] Cycle 694
  💰 Current Price: $0.26
  🎯 Signal: HOLD (confidence: 0.07)
  📝 Reason: 5m: RSI oversold (28.6); 5m: MACD bearish; 15m: MACD bearish; 1h: MACD bearish

[06:51:46] Cycle 695
  💰 Current Price: $0.26
  🎯 Signal: HOLD (confidence: 0.07)
  📝 Reason: 5m: RSI oversold (25.5); 5m: MACD bearish; 15m: MACD bearish; 1h: MACD bearish

[06:52:17] Cycle 696
  💰 Current Price: $0.26
  🎯 Signal: HOLD (confidence: 0.07)
  📝 Reason: 5m: RSI oversold (25.5); 5m: MACD bearish; 15m: MACD bearish; 1h: MACD bearish

[06:52:48] Cycle 697
  💰 Current Price: $0.26
  🎯 Signal: HOLD (confidence: 0.07)
  📝 Reason: 5m: RSI oversold (25.5); 5m: MACD bearish; 15m: MACD bearish; 1h: MACD bearish

[06:53:18] Cycle 698
  💰 Current Price: $0.26
  🎯 Signal: HOLD (confidence: 0.07)
  📝 Reason: 5m: RSI oversold (21.7); 5m: MACD bearish; 15m: MACD bearish; 1h: MACD bearish

[06:53:49] Cycle 699
  💰 Current Price: $0.26
  🎯 Signal: HOLD (confidence: 0.07)
  📝 Reason: 5m: RSI oversold (21.7); 5m: MACD bearish; 15m: MACD bearish; 1h: MACD bearish

[06:54:20] Cycle 700
  💰 Current Price: $0.26
  🎯 Signal: HOLD (confidence: 0.07)
  📝 Reason: 5m: RSI oversold (21.7); 5m: MACD bearish; 15m: MACD bearish; 1h: MACD bearish

[06:54:51] Cycle 701
  💰 Current Price: $0.26
  🎯 Signal: HOLD (confidence: 0.07)
  📝 Reason: 5m: RSI oversold (21.7); 5m: MACD bearish; 15m: MACD bearish; 1h: MACD bearish

[06:55:22] Cycle 702
  💰 Current Price: $0.26
  🎯 Signal: HOLD (confidence: 0.07)
  📝 Reason: 5m: RSI oversold (26.7); 5m: MACD bearish; 15m: MACD bearish; 1h: MACD bearish

[06:55:53] Cycle 703
  💰 Current Price: $0.26
  🎯 Signal: HOLD (confidence: 0.07)
  📝 Reason: 5m: RSI oversold (29.4); 5m: MACD bearish; 15m: MACD bearish; 1h: MACD bearish

[06:56:23] Cycle 704
  💰 Current Price: $0.26
  🎯 Signal: HOLD (confidence: 0.07)
  📝 Reason: 5m: RSI oversold (29.4); 5m: MACD bearish; 15m: MACD bearish; 1h: MACD bearish

[06:56:54] Cycle 705
  💰 Current Price: $0.26
  🎯 Signal: HOLD (confidence: 0.07)
  📝 Reason: 5m: RSI oversold (29.4); 5m: MACD bearish; 15m: MACD bearish; 1h: MACD bearish

[06:57:25] Cycle 706
  💰 Current Price: $0.26
  🎯 Signal: HOLD (confidence: 0.07)
  📝 Reason: 5m: RSI oversold (29.4); 5m: MACD bearish; 15m: MACD bearish; 1h: MACD bearish

[06:57:56] Cycle 707
  💰 Current Price: $0.26
  🎯 Signal: HOLD (confidence: 0.07)
  📝 Reason: 5m: RSI oversold (29.4); 5m: MACD bearish; 15m: MACD bearish; 1h: MACD bearish

[06:58:27] Cycle 708
  💰 Current Price: $0.26
  🎯 Signal: HOLD (confidence: 0.07)
  📝 Reason: 5m: RSI oversold (29.4); 5m: MACD bearish; 15m: MACD bearish; 1h: MACD bearish

[06:58:57] Cycle 709
  💰 Current Price: $0.26
  🎯 Signal: SELL (confidence: 0.17)
  📝 Reason: 5m: MACD bearish; 15m: MACD bearish; 1h: MACD bearish; 4h: RSI oversold (21.1)
  ⚠️ Sell signal but no position

[06:59:28] Cycle 710
  💰 Current Price: $0.26
  🎯 Signal: SELL (confidence: 0.17)
  📝 Reason: 5m: MACD bearish; 15m: MACD bearish; 1h: MACD bearish; 4h: RSI oversold (21.1)
  ⚠️ Sell signal but no position

[06:59:59] Cycle 711
  💰 Current Price: $0.26
  🎯 Signal: SELL (confidence: 0.17)
  📝 Reason: 5m: MACD bearish; 15m: MACD bearish; 1h: MACD bearish; 4h: RSI oversold (21.0)
  ⚠️ Sell signal but no position

[07:00:30] Cycle 712
  💰 Current Price: $0.26
  🎯 Signal: HOLD (confidence: 0.07)
  📝 Reason: 5m: RSI oversold (26.1); 5m: MACD bearish; 15m: MACD bearish; 1h: MACD bearish

[07:01:01] Cycle 713
  💰 Current Price: $0.26
  🎯 Signal: HOLD (confidence: 0.07)
  📝 Reason: 5m: RSI oversold (24.4); 5m: MACD bearish; 15m: MACD bearish; 1h: MACD bearish

[07:01:32] Cycle 714
  💰 Current Price: $0.26
  🎯 Signal: HOLD (confidence: 0.07)
  📝 Reason: 5m: RSI oversold (24.6); 5m: MACD bearish; 15m: MACD bearish; 1h: MACD bearish

[07:02:02] Cycle 715
  💰 Current Price: $0.26
  🎯 Signal: HOLD (confidence: 0.07)
  📝 Reason: 5m: RSI oversold (24.6); 5m: MACD bearish; 15m: MACD bearish; 1h: MACD bearish

[07:02:33] Cycle 716
  💰 Current Price: $0.26
  🎯 Signal: HOLD (confidence: 0.07)
  📝 Reason: 5m: RSI oversold (24.4); 5m: MACD bearish; 15m: MACD bearish; 1h: MACD bearish

[07:03:04] Cycle 717
  💰 Current Price: $0.26
  🎯 Signal: HOLD (confidence: 0.07)
  📝 Reason: 5m: RSI oversold (24.4); 5m: MACD bearish; 15m: MACD bearish; 1h: MACD bearish

[07:03:35] Cycle 718
  💰 Current Price: $0.26
  🎯 Signal: HOLD (confidence: 0.07)
  📝 Reason: 5m: RSI oversold (24.9); 5m: MACD bearish; 15m: MACD bearish; 1h: MACD bearish

[07:04:06] Cycle 719
  💰 Current Price: $0.26
  🎯 Signal: HOLD (confidence: 0.07)
  📝 Reason: 5m: RSI oversold (24.6); 5m: MACD bearish; 15m: MACD bearish; 1h: MACD bearish

[07:02:02] Cycle 719
  💰 Current Price: $0.26
  🎯 Signal: HOLD (confidence: 0.07)
  📝 Reason: 5m: RSI oversold (24.6); 5m: MACD bearish; 15m: MACD bearish; 1h: MACD bearish

[07:02:33] Cycle 720
  💰 Current Price: $0.26
  🎯 Signal: HOLD (confidence: 0.07)
  📝 Reason: 5m: RSI oversold (24.4); 5m: MACD bearish; 15m: MACD bearish; 1h: MACD bearish

[07:03:04] Cycle 721
  💰 Current Price: $0.26
  🎯 Signal: HOLD (confidence: 0.07)
  📝 Reason: 5m: RSI oversold (24.4); 5m: MACD bearish; 15m: MACD bearish; 1h: MACD bearish

[07:03:35] Cycle 722
  💰 Current Price: $0.26
  🎯 Signal: HOLD (confidence: 0.07)
  📝 Reason: 5m: RSI oversold (24.9); 5m: MACD bearish; 15m: MACD bearish; 1h: MACD bearish

[07:04:06] Cycle 723
  💰 Current Price: $0.26
  🎯 Signal: HOLD (confidence: 0.07)
  📝 Reason: 5m: RSI oversold (24.9); 5m: MACD bearish; 15m: MACD bearish; 1h: MACD bearish

[07:04:37] Cycle 724
  💰 Current Price: $0.26
  🎯 Signal: HOLD (confidence: 0.07)
  📝 Reason: 5m: RSI oversold (24.9); 5m: MACD bearish; 15m: MACD bearish; 1h: MACD bearish

[07:05:08] Cycle 725
  💰 Current Price: $0.26
  🎯 Signal: HOLD (confidence: 0.07)
  📝 Reason: 5m: RSI oversold (24.8); 5m: MACD bearish; 15m: MACD bearish; 1h: MACD bearish

[07:05:38] Cycle 726
  💰 Current Price: $0.26
  🎯 Signal: HOLD (confidence: 0.07)
  📝 Reason: 5m: RSI oversold (24.8); 5m: MACD bearish; 15m: MACD bearish; 1h: MACD bearish

[07:06:09] Cycle 727
  💰 Current Price: $0.26
  🎯 Signal: HOLD (confidence: 0.07)
  📝 Reason: 5m: RSI oversold (22.8); 5m: MACD bearish; 15m: MACD bearish; 1h: MACD bearish

[07:06:40] Cycle 728
  💰 Current Price: $0.26
  🎯 Signal: SELL (confidence: 0.17)
  📝 Reason: 5m: RSI oversold (19.1); 5m: MACD bearish; 15m: MACD bearish; 1h: MACD bearish
  ⚠️ Sell signal but no position

[07:07:11] Cycle 729
  💰 Current Price: $0.26
  🎯 Signal: SELL (confidence: 0.17)
  📝 Reason: 5m: RSI oversold (19.4); 5m: MACD bearish; 15m: MACD bearish; 1h: MACD bearish
  ⚠️ Sell signal but no position

[07:07:42] Cycle 730
  💰 Current Price: $0.26
  🎯 Signal: SELL (confidence: 0.17)
  📝 Reason: 5m: RSI oversold (19.4); 5m: MACD bearish; 15m: MACD bearish; 1h: MACD bearish
  ⚠️ Sell signal but no position

[07:08:12] Cycle 731
  💰 Current Price: $0.26
  🎯 Signal: SELL (confidence: 0.17)
  📝 Reason: 5m: RSI oversold (19.2); 5m: MACD bearish; 15m: MACD bearish; 1h: MACD bearish
  ⚠️ Sell signal but no position

[07:08:43] Cycle 732
  💰 Current Price: $0.26
  🎯 Signal: SELL (confidence: 0.17)
  📝 Reason: 5m: RSI oversold (19.2); 5m: MACD bearish; 15m: MACD bearish; 1h: MACD bearish
  ⚠️ Sell signal but no position

[07:09:14] Cycle 733
  💰 Current Price: $0.26
  🎯 Signal: SELL (confidence: 0.17)
  📝 Reason: 5m: RSI oversold (20.1); 5m: MACD bearish; 15m: MACD bearish; 1h: MACD bearish
  ⚠️ Sell signal but no position

[07:09:45] Cycle 734
  💰 Current Price: $0.26
  🎯 Signal: HOLD (confidence: 0.07)
  📝 Reason: 5m: RSI oversold (21.0); 5m: MACD bearish; 15m: MACD bearish; 1h: MACD bearish

[07:10:16] Cycle 735
  💰 Current Price: $0.26
  🎯 Signal: HOLD (confidence: 0.07)
  📝 Reason: 5m: RSI oversold (22.1); 5m: MACD bearish; 15m: MACD bearish; 1h: MACD bearish

[07:10:46] Cycle 736
  💰 Current Price: $0.26
  🎯 Signal: HOLD (confidence: 0.07)
  📝 Reason: 5m: RSI oversold (22.1); 5m: MACD bearish; 15m: MACD bearish; 1h: MACD bearish

[07:11:17] Cycle 737
  💰 Current Price: $0.26
  🎯 Signal: HOLD (confidence: 0.07)
  📝 Reason: 5m: RSI oversold (22.5); 5m: MACD bearish; 15m: MACD bearish; 1h: MACD bearish

[07:11:48] Cycle 738
  💰 Current Price: $0.26
  🎯 Signal: HOLD (confidence: 0.07)
  📝 Reason: 5m: RSI oversold (25.5); 5m: MACD bearish; 15m: MACD bearish; 1h: MACD bearish

[07:12:19] Cycle 739
  💰 Current Price: $0.26
  🎯 Signal: HOLD (confidence: 0.07)
  📝 Reason: 5m: RSI oversold (25.5); 5m: MACD bearish; 15m: MACD bearish; 1h: MACD bearish

[07:12:50] Cycle 740
  💰 Current Price: $0.26
  🎯 Signal: SELL (confidence: 0.17)
  📝 Reason: 5m: MACD bearish; 15m: MACD bearish; 1h: MACD bearish; 4h: RSI oversold (20.9)
  ⚠️ Sell signal but no position

[07:13:20] Cycle 741
  💰 Current Price: $0.26
  🎯 Signal: SELL (confidence: 0.17)
  📝 Reason: 5m: MACD bearish; 15m: MACD bearish; 1h: MACD bearish; 4h: RSI oversold (20.9)
  ⚠️ Sell signal but no position

[07:13:51] Cycle 742
  💰 Current Price: $0.26
  🎯 Signal: SELL (confidence: 0.17)
  📝 Reason: 5m: MACD bearish; 15m: MACD bearish; 1h: MACD bearish; 4h: RSI oversold (20.9)
  ⚠️ Sell signal but no position

[07:14:22] Cycle 743
  💰 Current Price: $0.26
  🎯 Signal: SELL (confidence: 0.17)
  📝 Reason: 5m: MACD bearish; 15m: MACD bearish; 1h: MACD bearish; 4h: RSI oversold (20.9)
  ⚠️ Sell signal but no position

[07:14:52] Cycle 744
  💰 Current Price: $0.26
  🎯 Signal: SELL (confidence: 0.17)
  📝 Reason: 5m: MACD bearish; 15m: MACD bearish; 1h: MACD bearish; 4h: RSI oversold (20.9)
  ⚠️ Sell signal but no position

[07:15:23] Cycle 745
  💰 Current Price: $0.26
  🎯 Signal: SELL (confidence: 0.17)
  📝 Reason: 5m: MACD bearish; 15m: MACD bearish; 1h: MACD bearish; 4h: RSI oversold (20.9)
  ⚠️ Sell signal but no position

[07:15:54] Cycle 746
  💰 Current Price: $0.26
  🎯 Signal: SELL (confidence: 0.17)
  📝 Reason: 5m: MACD bearish; 15m: MACD bearish; 1h: MACD bearish; 4h: RSI oversold (20.9)
  ⚠️ Sell signal but no position

[07:16:25] Cycle 747
  💰 Current Price: $0.26
  🎯 Signal: SELL (confidence: 0.17)
  📝 Reason: 5m: MACD bearish; 15m: MACD bearish; 1h: MACD bearish; 4h: RSI oversold (20.9)
  ⚠️ Sell signal but no position

[07:16:56] Cycle 748
  💰 Current Price: $0.26
  🎯 Signal: SELL (confidence: 0.17)
  📝 Reason: 5m: MACD bearish; 15m: MACD bearish; 1h: MACD bearish; 4h: RSI oversold (20.9)
  ⚠️ Sell signal but no position

[07:17:26] Cycle 749
  💰 Current Price: $0.26
  🎯 Signal: SELL (confidence: 0.17)
  📝 Reason: 5m: MACD bearish; 15m: MACD bearish; 1h: MACD bearish; 4h: RSI oversold (21.0)
  ⚠️ Sell signal but no position

[07:17:58] Cycle 750
  💰 Current Price: $0.26
  🎯 Signal: SELL (confidence: 0.17)
  📝 Reason: 5m: MACD bearish; 15m: MACD bearish; 1h: MACD bearish; 4h: RSI oversold (21.0)
  ⚠️ Sell signal but no position

[07:18:28] Cycle 751
  💰 Current Price: $0.26
  🎯 Signal: SELL (confidence: 0.17)
  📝 Reason: 5m: MACD bearish; 15m: MACD bearish; 1h: MACD bearish; 4h: RSI oversold (21.0)
  ⚠️ Sell signal but no position

[07:18:59] Cycle 752
  💰 Current Price: $0.26
  🎯 Signal: SELL (confidence: 0.17)
  📝 Reason: 5m: MACD bearish; 15m: MACD bearish; 1h: MACD bearish; 4h: RSI oversold (21.0)
  ⚠️ Sell signal but no position

[07:19:30] Cycle 753
  💰 Current Price: $0.26
  🎯 Signal: SELL (confidence: 0.17)
  📝 Reason: 5m: MACD bearish; 15m: MACD bearish; 1h: MACD bearish; 4h: RSI oversold (21.0)
  ⚠️ Sell signal but no position

[07:20:01] Cycle 754
  💰 Current Price: $0.26
  🎯 Signal: SELL (confidence: 0.17)
  📝 Reason: 5m: MACD bearish; 15m: MACD bearish; 1h: MACD bearish; 4h: RSI oversold (21.0)
  ⚠️ Sell signal but no position

[07:20:32] Cycle 755
  💰 Current Price: $0.26
  🎯 Signal: SELL (confidence: 0.17)
  📝 Reason: 5m: MACD bearish; 15m: MACD bearish; 1h: MACD bearish; 4h: RSI oversold (20.9)
  ⚠️ Sell signal but no position

[07:21:03] Cycle 756
  💰 Current Price: $0.26
  🎯 Signal: SELL (confidence: 0.17)
  📝 Reason: 5m: MACD bearish; 15m: MACD bearish; 1h: MACD bearish; 4h: RSI oversold (20.8)
  ⚠️ Sell signal but no position

[07:21:33] Cycle 757
  💰 Current Price: $0.26
  🎯 Signal: SELL (confidence: 0.17)
  📝 Reason: 5m: MACD bearish; 15m: MACD bearish; 1h: MACD bearish; 4h: RSI oversold (20.9)
  ⚠️ Sell signal but no position

[07:22:04] Cycle 758
  🎯 Signal: HOLD (confidence: 0.07)
  📝 Reason: 5m: RSI oversold (24.9); 5m: MACD bearish; 15m: MACD bearish; 1h: MACD bearish

[07:04:37] Cycle 720
  💰 Current Price: $0.26
  🎯 Signal: HOLD (confidence: 0.07)
  📝 Reason: 5m: RSI oversold (24.9); 5m: MACD bearish; 15m: MACD bearish; 1h: MACD bearish

[07:05:08] Cycle 721
  💰 Current Price: $0.26
  🎯 Signal: HOLD (confidence: 0.07)
  📝 Reason: 5m: RSI oversold (24.8); 5m: MACD bearish; 15m: MACD bearish; 1h: MACD bearish

[07:05:38] Cycle 722
  💰 Current Price: $0.26
  🎯 Signal: HOLD (confidence: 0.07)
  📝 Reason: 5m: RSI oversold (24.8); 5m: MACD bearish; 15m: MACD bearish; 1h: MACD bearish

[07:06:09] Cycle 723
  💰 Current Price: $0.26
  🎯 Signal: HOLD (confidence: 0.07)
  📝 Reason: 5m: RSI oversold (22.8); 5m: MACD bearish; 15m: MACD bearish; 1h: MACD bearish

[07:06:40] Cycle 724
  💰 Current Price: $0.26
  🎯 Signal: SELL (confidence: 0.17)
  📝 Reason: 5m: RSI oversold (19.1); 5m: MACD bearish; 15m: MACD bearish; 1h: MACD bearish
  ⚠️ Sell signal but no position

[07:07:11] Cycle 725
  💰 Current Price: $0.26
  🎯 Signal: SELL (confidence: 0.17)
  📝 Reason: 5m: RSI oversold (19.4); 5m: MACD bearish; 15m: MACD bearish; 1h: MACD bearish
  ⚠️ Sell signal but no position

[07:07:42] Cycle 726
  💰 Current Price: $0.26
  🎯 Signal: SELL (confidence: 0.17)
  📝 Reason: 5m: RSI oversold (19.4); 5m: MACD bearish; 15m: MACD bearish; 1h: MACD bearish
  ⚠️ Sell signal but no position

[07:08:12] Cycle 727
  💰 Current Price: $0.26
  🎯 Signal: SELL (confidence: 0.17)
  📝 Reason: 5m: RSI oversold (19.2); 5m: MACD bearish; 15m: MACD bearish; 1h: MACD bearish
  ⚠️ Sell signal but no position

[07:08:43] Cycle 728
  💰 Current Price: $0.26
  🎯 Signal: SELL (confidence: 0.17)
  📝 Reason: 5m: RSI oversold (19.2); 5m: MACD bearish; 15m: MACD bearish; 1h: MACD bearish
  ⚠️ Sell signal but no position

[07:09:14] Cycle 729
  💰 Current Price: $0.26
  🎯 Signal: SELL (confidence: 0.17)
  📝 Reason: 5m: RSI oversold (20.1); 5m: MACD bearish; 15m: MACD bearish; 1h: MACD bearish
  ⚠️ Sell signal but no position

[07:09:45] Cycle 730
  💰 Current Price: $0.26
  🎯 Signal: HOLD (confidence: 0.07)
  📝 Reason: 5m: RSI oversold (21.0); 5m: MACD bearish; 15m: MACD bearish; 1h: MACD bearish

[07:10:16] Cycle 731
  💰 Current Price: $0.26
  🎯 Signal: HOLD (confidence: 0.07)
  📝 Reason: 5m: RSI oversold (22.1); 5m: MACD bearish; 15m: MACD bearish; 1h: MACD bearish

[07:10:46] Cycle 732
  💰 Current Price: $0.26
  🎯 Signal: HOLD (confidence: 0.07)
  📝 Reason: 5m: RSI oversold (22.1); 5m: MACD bearish; 15m: MACD bearish; 1h: MACD bearish

[07:11:17] Cycle 733
  💰 Current Price: $0.26
  🎯 Signal: HOLD (confidence: 0.07)
  📝 Reason: 5m: RSI oversold (22.5); 5m: MACD bearish; 15m: MACD bearish; 1h: MACD bearish

[07:11:48] Cycle 734
  💰 Current Price: $0.26
  🎯 Signal: HOLD (confidence: 0.07)
  📝 Reason: 5m: RSI oversold (25.5); 5m: MACD bearish; 15m: MACD bearish; 1h: MACD bearish

[07:12:19] Cycle 735
  💰 Current Price: $0.26
  🎯 Signal: HOLD (confidence: 0.07)
  📝 Reason: 5m: RSI oversold (25.5); 5m: MACD bearish; 15m: MACD bearish; 1h: MACD bearish

[07:12:50] Cycle 736
  💰 Current Price: $0.26
  🎯 Signal: SELL (confidence: 0.17)
  📝 Reason: 5m: MACD bearish; 15m: MACD bearish; 1h: MACD bearish; 4h: RSI oversold (20.9)
  ⚠️ Sell signal but no position

[07:13:20] Cycle 737
  💰 Current Price: $0.26
  🎯 Signal: SELL (confidence: 0.17)
  📝 Reason: 5m: MACD bearish; 15m: MACD bearish; 1h: MACD bearish; 4h: RSI oversold (20.9)
  ⚠️ Sell signal but no position

[07:13:51] Cycle 738
  💰 Current Price: $0.26
  🎯 Signal: SELL (confidence: 0.17)
  📝 Reason: 5m: MACD bearish; 15m: MACD bearish; 1h: MACD bearish; 4h: RSI oversold (20.9)
  ⚠️ Sell signal but no position

[07:14:22] Cycle 739
  💰 Current Price: $0.26
  🎯 Signal: SELL (confidence: 0.17)
  📝 Reason: 5m: MACD bearish; 15m: MACD bearish; 1h: MACD bearish; 4h: RSI oversold (20.9)
  ⚠️ Sell signal but no position

[07:14:52] Cycle 740
  💰 Current Price: $0.26
  🎯 Signal: SELL (confidence: 0.17)
  📝 Reason: 5m: MACD bearish; 15m: MACD bearish; 1h: MACD bearish; 4h: RSI oversold (20.9)
  ⚠️ Sell signal but no position

[07:15:23] Cycle 741
  💰 Current Price: $0.26
  🎯 Signal: SELL (confidence: 0.17)
  📝 Reason: 5m: MACD bearish; 15m: MACD bearish; 1h: MACD bearish; 4h: RSI oversold (20.9)
  ⚠️ Sell signal but no position

[07:15:54] Cycle 742
  💰 Current Price: $0.26
  🎯 Signal: SELL (confidence: 0.17)
  📝 Reason: 5m: MACD bearish; 15m: MACD bearish; 1h: MACD bearish; 4h: RSI oversold (20.9)
  ⚠️ Sell signal but no position

[07:16:25] Cycle 743
  💰 Current Price: $0.26
  🎯 Signal: SELL (confidence: 0.17)
  📝 Reason: 5m: MACD bearish; 15m: MACD bearish; 1h: MACD bearish; 4h: RSI oversold (20.9)
  ⚠️ Sell signal but no position

[07:16:56] Cycle 744
  💰 Current Price: $0.26
  🎯 Signal: SELL (confidence: 0.17)
  📝 Reason: 5m: MACD bearish; 15m: MACD bearish; 1h: MACD bearish; 4h: RSI oversold (20.9)
  ⚠️ Sell signal but no position

[07:17:26] Cycle 745
  💰 Current Price: $0.26
  🎯 Signal: SELL (confidence: 0.17)
  📝 Reason: 5m: MACD bearish; 15m: MACD bearish; 1h: MACD bearish; 4h: RSI oversold (21.0)
  ⚠️ Sell signal but no position

[07:17:58] Cycle 746
  💰 Current Price: $0.26
  🎯 Signal: SELL (confidence: 0.17)
  📝 Reason: 5m: MACD bearish; 15m: MACD bearish; 1h: MACD bearish; 4h: RSI oversold (21.0)
  ⚠️ Sell signal but no position

[07:18:28] Cycle 747
  💰 Current Price: $0.26
  🎯 Signal: SELL (confidence: 0.17)
  📝 Reason: 5m: MACD bearish; 15m: MACD bearish; 1h: MACD bearish; 4h: RSI oversold (21.0)
  ⚠️ Sell signal but no position

[07:18:59] Cycle 748
  💰 Current Price: $0.26
  🎯 Signal: SELL (confidence: 0.17)
  📝 Reason: 5m: MACD bearish; 15m: MACD bearish; 1h: MACD bearish; 4h: RSI oversold (21.0)
  ⚠️ Sell signal but no position

[07:19:30] Cycle 749
  💰 Current Price: $0.26
  🎯 Signal: SELL (confidence: 0.17)
  📝 Reason: 5m: MACD bearish; 15m: MACD bearish; 1h: MACD bearish; 4h: RSI oversold (21.0)
  ⚠️ Sell signal but no position

[07:20:01] Cycle 750
  💰 Current Price: $0.26
  🎯 Signal: SELL (confidence: 0.17)
  📝 Reason: 5m: MACD bearish; 15m: MACD bearish; 1h: MACD bearish; 4h: RSI oversold (21.0)
  ⚠️ Sell signal but no position

[07:20:32] Cycle 751
  💰 Current Price: $0.26
  🎯 Signal: SELL (confidence: 0.17)
  📝 Reason: 5m: MACD bearish; 15m: MACD bearish; 1h: MACD bearish; 4h: RSI oversold (20.9)
  ⚠️ Sell signal but no position

[07:21:03] Cycle 752
  💰 Current Price: $0.26
  🎯 Signal: SELL (confidence: 0.17)
  📝 Reason: 5m: MACD bearish; 15m: MACD bearish; 1h: MACD bearish; 4h: RSI oversold (20.8)
  ⚠️ Sell signal but no position

[07:21:33] Cycle 753
  💰 Current Price: $0.26
  🎯 Signal: SELL (confidence: 0.17)
  📝 Reason: 5m: MACD bearish; 15m: MACD bearish; 1h: MACD bearish; 4h: RSI oversold (20.9)
  ⚠️ Sell signal but no position

[07:22:04] Cycle 754
  💰 Current Price: $0.26
  🎯 Signal: SELL (confidence: 0.17)
  📝 Reason: 5m: MACD bearish; 15m: MACD bearish; 1h: MACD bearish; 4h: RSI oversold (20.9)
  ⚠️ Sell signal but no position

[07:22:35] Cycle 755
  💰 Current Price: $0.26
  🎯 Signal: SELL (confidence: 0.17)
  📝 Reason: 5m: MACD bearish; 15m: MACD bearish; 1h: MACD bearish; 4h: RSI oversold (20.9)
  ⚠️ Sell signal but no position

[07:23:06] Cycle 756
  💰 Current Price: $0.26
  🎯 Signal: SELL (confidence: 0.17)
  📝 Reason: 5m: MACD bearish; 15m: MACD bearish; 1h: MACD bearish; 4h: RSI oversold (20.9)
  ⚠️ Sell signal but no position

[07:23:37] Cycle 757
  💰 Current Price: $0.26
  🎯 Signal: SELL (confidence: 0.17)
  📝 Reason: 5m: MACD bearish; 15m: MACD bearish; 1h: MACD bearish; 4h: RSI oversold (20.9)
  ⚠️ Sell signal but no position

[07:24:08] Cycle 758
  💰 Current Price: $0.26
  💰 Current Price: $0.26
  🎯 Signal: SELL (confidence: 0.17)
  📝 Reason: 5m: MACD bearish; 15m: MACD bearish; 1h: MACD bearish; 4h: RSI oversold (20.9)
  ⚠️ Sell signal but no position

[07:22:35] Cycle 759
  💰 Current Price: $0.26
  🎯 Signal: SELL (confidence: 0.17)
  📝 Reason: 5m: MACD bearish; 15m: MACD bearish; 1h: MACD bearish; 4h: RSI oversold (20.9)
  ⚠️ Sell signal but no position

[07:23:06] Cycle 760
  💰 Current Price: $0.26
  🎯 Signal: SELL (confidence: 0.17)
  📝 Reason: 5m: MACD bearish; 15m: MACD bearish; 1h: MACD bearish; 4h: RSI oversold (20.9)
  ⚠️ Sell signal but no position

[07:23:37] Cycle 761
  💰 Current Price: $0.26
  🎯 Signal: SELL (confidence: 0.17)
  📝 Reason: 5m: MACD bearish; 15m: MACD bearish; 1h: MACD bearish; 4h: RSI oversold (20.9)
  ⚠️ Sell signal but no position

[07:24:08] Cycle 762
  💰 Current Price: $0.26
  🎯 Signal: SELL (confidence: 0.17)
  📝 Reason: 5m: MACD bearish; 15m: MACD bearish; 1h: MACD bearish; 4h: RSI oversold (20.9)
  ⚠️ Sell signal but no position

[07:24:38] Cycle 763
  💰 Current Price: $0.26
  🎯 Signal: SELL (confidence: 0.17)
  📝 Reason: 5m: MACD bearish; 15m: MACD bearish; 1h: MACD bearish; 4h: RSI oversold (21.1)
  ⚠️ Sell signal but no position

[07:25:09] Cycle 764
  💰 Current Price: $0.26
  🎯 Signal: SELL (confidence: 0.17)
  📝 Reason: 5m: MACD bearish; 15m: MACD bearish; 1h: MACD bearish; 4h: RSI oversold (21.1)
  ⚠️ Sell signal but no position

[07:25:40] Cycle 765
  💰 Current Price: $0.26
  🎯 Signal: SELL (confidence: 0.17)
  📝 Reason: 5m: MACD bearish; 15m: MACD bearish; 1h: MACD bearish; 4h: RSI oversold (21.1)
  ⚠️ Sell signal but no position

[07:26:11] Cycle 766
  💰 Current Price: $0.26
  🎯 Signal: SELL (confidence: 0.17)
  📝 Reason: 5m: MACD bearish; 15m: MACD bearish; 1h: MACD bearish; 4h: RSI oversold (21.1)
  ⚠️ Sell signal but no position

[07:26:42] Cycle 767
  💰 Current Price: $0.26
  🎯 Signal: SELL (confidence: 0.17)
  📝 Reason: 5m: MACD bearish; 15m: MACD bearish; 1h: MACD bearish; 4h: RSI oversold (21.1)
  ⚠️ Sell signal but no position

[07:27:13] Cycle 768
  💰 Current Price: $0.26
  🎯 Signal: SELL (confidence: 0.17)
  📝 Reason: 5m: MACD bearish; 15m: MACD bearish; 1h: MACD bearish; 4h: RSI oversold (21.1)
  ⚠️ Sell signal but no position

[07:27:43] Cycle 769
  💰 Current Price: $0.26
  🎯 Signal: SELL (confidence: 0.17)
  📝 Reason: 5m: MACD bearish; 15m: MACD bearish; 1h: MACD bearish; 4h: RSI oversold (21.1)
  ⚠️ Sell signal but no position

[07:28:14] Cycle 770
  💰 Current Price: $0.26
  🎯 Signal: SELL (confidence: 0.17)
  📝 Reason: 5m: MACD bearish; 15m: MACD bearish; 1h: MACD bearish; 4h: RSI oversold (21.2)
  ⚠️ Sell signal but no position

[07:28:45] Cycle 771
  💰 Current Price: $0.26
  🎯 Signal: SELL (confidence: 0.17)
  📝 Reason: 5m: MACD bearish; 15m: MACD bearish; 1h: MACD bearish; 4h: RSI oversold (21.2)
  ⚠️ Sell signal but no position

[07:29:16] Cycle 772
  💰 Current Price: $0.26
  🎯 Signal: SELL (confidence: 0.17)
  📝 Reason: 5m: MACD bearish; 15m: MACD bearish; 1h: MACD bearish; 4h: RSI oversold (21.2)
  ⚠️ Sell signal but no position

[07:29:47] Cycle 773
  💰 Current Price: $0.26
  🎯 Signal: SELL (confidence: 0.17)
  📝 Reason: 5m: MACD bearish; 15m: MACD bearish; 1h: MACD bearish; 4h: RSI oversold (21.2)
  ⚠️ Sell signal but no position

[07:30:18] Cycle 774
  💰 Current Price: $0.26
  🎯 Signal: SELL (confidence: 0.17)
  📝 Reason: 5m: MACD bearish; 15m: MACD bearish; 1h: MACD bearish; 4h: RSI oversold (21.2)
  ⚠️ Sell signal but no position

[07:30:48] Cycle 775
  💰 Current Price: $0.26
  🎯 Signal: SELL (confidence: 0.17)
  📝 Reason: 5m: MACD bearish; 15m: MACD bearish; 1h: MACD bearish; 4h: RSI oversold (21.2)
  ⚠️ Sell signal but no position

[07:31:19] Cycle 776
  💰 Current Price: $0.26
  🎯 Signal: SELL (confidence: 0.17)
  📝 Reason: 5m: MACD bearish; 15m: MACD bearish; 1h: MACD bearish; 4h: RSI oversold (21.2)
  ⚠️ Sell signal but no position

[07:31:50] Cycle 777
  💰 Current Price: $0.26
  🎯 Signal: SELL (confidence: 0.17)
  📝 Reason: 5m: MACD bearish; 15m: MACD bearish; 1h: MACD bearish; 4h: RSI oversold (21.2)
  ⚠️ Sell signal but no position

[07:32:21] Cycle 778
  💰 Current Price: $0.26
  🎯 Signal: SELL (confidence: 0.17)
  📝 Reason: 5m: MACD bearish; 15m: MACD bearish; 1h: MACD bearish; 4h: RSI oversold (21.2)
  ⚠️ Sell signal but no position

[07:32:51] Cycle 779
  💰 Current Price: $0.26
  🎯 Signal: SELL (confidence: 0.17)
  📝 Reason: 5m: MACD bearish; 15m: MACD bearish; 1h: MACD bearish; 4h: RSI oversold (21.2)
  ⚠️ Sell signal but no position

[07:33:22] Cycle 780
  💰 Current Price: $0.26
  🎯 Signal: SELL (confidence: 0.17)
  📝 Reason: 5m: MACD bearish; 15m: MACD bearish; 1h: MACD bearish; 4h: RSI oversold (21.2)
  ⚠️ Sell signal but no position

[07:33:53] Cycle 781
  💰 Current Price: $0.26
  🎯 Signal: SELL (confidence: 0.17)
  📝 Reason: 5m: MACD bearish; 15m: MACD bearish; 1h: MACD bearish; 4h: RSI oversold (21.2)
  ⚠️ Sell signal but no position

[07:34:24] Cycle 782
  💰 Current Price: $0.26
  🎯 Signal: SELL (confidence: 0.17)
  📝 Reason: 5m: MACD bearish; 15m: MACD bearish; 1h: MACD bearish; 4h: RSI oversold (21.0)
  ⚠️ Sell signal but no position

[07:34:55] Cycle 783
  💰 Current Price: $0.26
  🎯 Signal: SELL (confidence: 0.17)
  📝 Reason: 5m: MACD bearish; 15m: MACD bearish; 1h: MACD bearish; 4h: RSI oversold (21.0)
  ⚠️ Sell signal but no position

[07:35:26] Cycle 784
  💰 Current Price: $0.26
  🎯 Signal: SELL (confidence: 0.17)
  📝 Reason: 5m: MACD bearish; 15m: MACD bearish; 1h: MACD bearish; 4h: RSI oversold (21.0)
  ⚠️ Sell signal but no position

[07:35:56] Cycle 785
  💰 Current Price: $0.26
  🎯 Signal: SELL (confidence: 0.17)
  📝 Reason: 5m: MACD bearish; 15m: MACD bearish; 1h: MACD bearish; 4h: RSI oversold (21.0)
  ⚠️ Sell signal but no position

[07:36:27] Cycle 786
  💰 Current Price: $0.26
  🎯 Signal: SELL (confidence: 0.17)
  📝 Reason: 5m: MACD bearish; 15m: MACD bearish; 1h: MACD bearish; 4h: RSI oversold (21.0)
  ⚠️ Sell signal but no position

[07:36:58] Cycle 787
  💰 Current Price: $0.26
  🎯 Signal: SELL (confidence: 0.17)
  📝 Reason: 5m: MACD bearish; 15m: MACD bearish; 1h: MACD bearish; 4h: RSI oversold (21.0)
  ⚠️ Sell signal but no position

[07:37:29] Cycle 788
  💰 Current Price: $0.26
  🎯 Signal: SELL (confidence: 0.17)
  📝 Reason: 5m: MACD bearish; 15m: MACD bearish; 1h: MACD bearish; 4h: RSI oversold (20.9)
  ⚠️ Sell signal but no position

[07:38:00] Cycle 789
  💰 Current Price: $0.26
  🎯 Signal: SELL (confidence: 0.17)
  📝 Reason: 5m: MACD bearish; 15m: MACD bearish; 1h: MACD bearish; 4h: RSI oversold (20.9)
  ⚠️ Sell signal but no position

[07:38:30] Cycle 790
  💰 Current Price: $0.26
  🎯 Signal: SELL (confidence: 0.17)
  📝 Reason: 5m: MACD bearish; 15m: MACD bearish; 1h: MACD bearish; 4h: RSI oversold (20.8)
  ⚠️ Sell signal but no position

[07:39:01] Cycle 791
  💰 Current Price: $0.26
  🎯 Signal: SELL (confidence: 0.17)
  📝 Reason: 5m: MACD bearish; 15m: MACD bearish; 1h: MACD bearish; 4h: RSI oversold (20.8)
  ⚠️ Sell signal but no position

[07:39:32] Cycle 792
  💰 Current Price: $0.26
  🎯 Signal: SELL (confidence: 0.17)
  📝 Reason: 5m: MACD bearish; 15m: MACD bearish; 1h: MACD bearish; 4h: RSI oversold (20.8)
  ⚠️ Sell signal but no position

[07:40:03] Cycle 793
  💰 Current Price: $0.26
  🎯 Signal: SELL (confidence: 0.17)
  📝 Reason: 5m: MACD bearish; 15m: MACD bearish; 1h: MACD bearish; 4h: RSI oversold (20.8)
  ⚠️ Sell signal but no position

[07:40:34] Cycle 794
  💰 Current Price: $0.26
  🎯 Signal: SELL (confidence: 0.17)
  📝 Reason: 5m: MACD bearish; 15m: MACD bearish; 1h: MACD bearish; 4h: RSI oversold (20.9)
  ⚠️ Sell signal but no position

[07:41:05] Cycle 795
  💰 Current Price: $0.26
  🎯 Signal: SELL (confidence: 0.17)
  📝 Reason: 5m: MACD bearish; 15m: MACD bearish; 1h: MACD bearish; 4h: RSI oversold (20.9)
  ⚠️ Sell signal but no position

[07:24:38] Cycle 759
  💰 Current Price: $0.26
  🎯 Signal: SELL (confidence: 0.17)
  📝 Reason: 5m: MACD bearish; 15m: MACD bearish; 1h: MACD bearish; 4h: RSI oversold (21.1)
  ⚠️ Sell signal but no position

[07:25:09] Cycle 760
  💰 Current Price: $0.26
  🎯 Signal: SELL (confidence: 0.17)
  📝 Reason: 5m: MACD bearish; 15m: MACD bearish; 1h: MACD bearish; 4h: RSI oversold (21.1)
  ⚠️ Sell signal but no position

[07:25:40] Cycle 761
  💰 Current Price: $0.26
  🎯 Signal: SELL (confidence: 0.17)
  📝 Reason: 5m: MACD bearish; 15m: MACD bearish; 1h: MACD bearish; 4h: RSI oversold (21.1)
  ⚠️ Sell signal but no position

[07:26:11] Cycle 762
  💰 Current Price: $0.26
  🎯 Signal: SELL (confidence: 0.17)
  📝 Reason: 5m: MACD bearish; 15m: MACD bearish; 1h: MACD bearish; 4h: RSI oversold (21.1)
  ⚠️ Sell signal but no position

[07:26:42] Cycle 763
  💰 Current Price: $0.26
  🎯 Signal: SELL (confidence: 0.17)
  📝 Reason: 5m: MACD bearish; 15m: MACD bearish; 1h: MACD bearish; 4h: RSI oversold (21.1)
  ⚠️ Sell signal but no position

[07:27:13] Cycle 764
  💰 Current Price: $0.26
  🎯 Signal: SELL (confidence: 0.17)
  📝 Reason: 5m: MACD bearish; 15m: MACD bearish; 1h: MACD bearish; 4h: RSI oversold (21.1)
  ⚠️ Sell signal but no position

[07:27:43] Cycle 765
  💰 Current Price: $0.26
  🎯 Signal: SELL (confidence: 0.17)
  📝 Reason: 5m: MACD bearish; 15m: MACD bearish; 1h: MACD bearish; 4h: RSI oversold (21.1)
  ⚠️ Sell signal but no position

[07:28:14] Cycle 766
  💰 Current Price: $0.26
  🎯 Signal: SELL (confidence: 0.17)
  📝 Reason: 5m: MACD bearish; 15m: MACD bearish; 1h: MACD bearish; 4h: RSI oversold (21.2)
  ⚠️ Sell signal but no position

[07:28:45] Cycle 767
  💰 Current Price: $0.26
  🎯 Signal: SELL (confidence: 0.17)
  📝 Reason: 5m: MACD bearish; 15m: MACD bearish; 1h: MACD bearish; 4h: RSI oversold (21.2)
  ⚠️ Sell signal but no position

[07:29:16] Cycle 768
  💰 Current Price: $0.26
  🎯 Signal: SELL (confidence: 0.17)
  📝 Reason: 5m: MACD bearish; 15m: MACD bearish; 1h: MACD bearish; 4h: RSI oversold (21.2)
  ⚠️ Sell signal but no position

[07:29:47] Cycle 769
  💰 Current Price: $0.26
  🎯 Signal: SELL (confidence: 0.17)
  📝 Reason: 5m: MACD bearish; 15m: MACD bearish; 1h: MACD bearish; 4h: RSI oversold (21.2)
  ⚠️ Sell signal but no position

[07:30:18] Cycle 770
  💰 Current Price: $0.26
  🎯 Signal: SELL (confidence: 0.17)
  📝 Reason: 5m: MACD bearish; 15m: MACD bearish; 1h: MACD bearish; 4h: RSI oversold (21.2)
  ⚠️ Sell signal but no position

[07:30:48] Cycle 771
  💰 Current Price: $0.26
  🎯 Signal: SELL (confidence: 0.17)
  📝 Reason: 5m: MACD bearish; 15m: MACD bearish; 1h: MACD bearish; 4h: RSI oversold (21.2)
  ⚠️ Sell signal but no position

[07:31:19] Cycle 772
  💰 Current Price: $0.26
  🎯 Signal: SELL (confidence: 0.17)
  📝 Reason: 5m: MACD bearish; 15m: MACD bearish; 1h: MACD bearish; 4h: RSI oversold (21.2)
  ⚠️ Sell signal but no position

[07:31:50] Cycle 773
  💰 Current Price: $0.26
  🎯 Signal: SELL (confidence: 0.17)
  📝 Reason: 5m: MACD bearish; 15m: MACD bearish; 1h: MACD bearish; 4h: RSI oversold (21.2)
  ⚠️ Sell signal but no position

[07:32:21] Cycle 774
  💰 Current Price: $0.26
  🎯 Signal: SELL (confidence: 0.17)
  📝 Reason: 5m: MACD bearish; 15m: MACD bearish; 1h: MACD bearish; 4h: RSI oversold (21.2)
  ⚠️ Sell signal but no position

[07:32:51] Cycle 775
  💰 Current Price: $0.26
  🎯 Signal: SELL (confidence: 0.17)
  📝 Reason: 5m: MACD bearish; 15m: MACD bearish; 1h: MACD bearish; 4h: RSI oversold (21.2)
  ⚠️ Sell signal but no position

[07:33:22] Cycle 776
  💰 Current Price: $0.26
  🎯 Signal: SELL (confidence: 0.17)
  📝 Reason: 5m: MACD bearish; 15m: MACD bearish; 1h: MACD bearish; 4h: RSI oversold (21.2)
  ⚠️ Sell signal but no position

[07:33:53] Cycle 777
  💰 Current Price: $0.26
  🎯 Signal: SELL (confidence: 0.17)
  📝 Reason: 5m: MACD bearish; 15m: MACD bearish; 1h: MACD bearish; 4h: RSI oversold (21.2)
  ⚠️ Sell signal but no position

[07:34:24] Cycle 778
  💰 Current Price: $0.26
  🎯 Signal: SELL (confidence: 0.17)
  📝 Reason: 5m: MACD bearish; 15m: MACD bearish; 1h: MACD bearish; 4h: RSI oversold (21.0)
  ⚠️ Sell signal but no position

[07:34:55] Cycle 779
  💰 Current Price: $0.26
  🎯 Signal: SELL (confidence: 0.17)
  📝 Reason: 5m: MACD bearish; 15m: MACD bearish; 1h: MACD bearish; 4h: RSI oversold (21.0)
  ⚠️ Sell signal but no position

[07:35:26] Cycle 780
  💰 Current Price: $0.26
  🎯 Signal: SELL (confidence: 0.17)
  📝 Reason: 5m: MACD bearish; 15m: MACD bearish; 1h: MACD bearish; 4h: RSI oversold (21.0)
  ⚠️ Sell signal but no position

[07:35:56] Cycle 781
  💰 Current Price: $0.26
  🎯 Signal: SELL (confidence: 0.17)
  📝 Reason: 5m: MACD bearish; 15m: MACD bearish; 1h: MACD bearish; 4h: RSI oversold (21.0)
  ⚠️ Sell signal but no position

[07:36:27] Cycle 782
  💰 Current Price: $0.26
  🎯 Signal: SELL (confidence: 0.17)
  📝 Reason: 5m: MACD bearish; 15m: MACD bearish; 1h: MACD bearish; 4h: RSI oversold (21.0)
  ⚠️ Sell signal but no position

[07:36:58] Cycle 783
  💰 Current Price: $0.26
  🎯 Signal: SELL (confidence: 0.17)
  📝 Reason: 5m: MACD bearish; 15m: MACD bearish; 1h: MACD bearish; 4h: RSI oversold (21.0)
  ⚠️ Sell signal but no position

[07:37:29] Cycle 784
  💰 Current Price: $0.26
  🎯 Signal: SELL (confidence: 0.17)
  📝 Reason: 5m: MACD bearish; 15m: MACD bearish; 1h: MACD bearish; 4h: RSI oversold (20.9)
  ⚠️ Sell signal but no position

[07:38:00] Cycle 785
  💰 Current Price: $0.26
  🎯 Signal: SELL (confidence: 0.17)
  📝 Reason: 5m: MACD bearish; 15m: MACD bearish; 1h: MACD bearish; 4h: RSI oversold (20.9)
  ⚠️ Sell signal but no position

[07:38:30] Cycle 786
  💰 Current Price: $0.26
  🎯 Signal: SELL (confidence: 0.17)
  📝 Reason: 5m: MACD bearish; 15m: MACD bearish; 1h: MACD bearish; 4h: RSI oversold (20.8)
  ⚠️ Sell signal but no position

[07:39:01] Cycle 787
  💰 Current Price: $0.26
  🎯 Signal: SELL (confidence: 0.17)
  📝 Reason: 5m: MACD bearish; 15m: MACD bearish; 1h: MACD bearish; 4h: RSI oversold (20.8)
  ⚠️ Sell signal but no position

[07:39:32] Cycle 788
  💰 Current Price: $0.26
  🎯 Signal: SELL (confidence: 0.17)
  📝 Reason: 5m: MACD bearish; 15m: MACD bearish; 1h: MACD bearish; 4h: RSI oversold (20.8)
  ⚠️ Sell signal but no position

[07:40:03] Cycle 789
  💰 Current Price: $0.26
  🎯 Signal: SELL (confidence: 0.17)
  📝 Reason: 5m: MACD bearish; 15m: MACD bearish; 1h: MACD bearish; 4h: RSI oversold (20.8)
  ⚠️ Sell signal but no position

[07:40:34] Cycle 790
  💰 Current Price: $0.26
  🎯 Signal: SELL (confidence: 0.17)
  📝 Reason: 5m: MACD bearish; 15m: MACD bearish; 1h: MACD bearish; 4h: RSI oversold (20.9)
  ⚠️ Sell signal but no position

[07:41:05] Cycle 791
  💰 Current Price: $0.26
  🎯 Signal: SELL (confidence: 0.17)
  📝 Reason: 5m: MACD bearish; 15m: MACD bearish; 1h: MACD bearish; 4h: RSI oversold (20.9)
  ⚠️ Sell signal but no position

[07:41:36] Cycle 792
  💰 Current Price: $0.26
  🎯 Signal: SELL (confidence: 0.17)
  📝 Reason: 5m: MACD bearish; 15m: MACD bearish; 1h: MACD bearish; 4h: RSI oversold (21.0)
  ⚠️ Sell signal but no position

[07:42:06] Cycle 793
  💰 Current Price: $0.26
  🎯 Signal: SELL (confidence: 0.17)
  📝 Reason: 5m: MACD bearish; 15m: MACD bearish; 1h: MACD bearish; 4h: RSI oversold (20.9)
  ⚠️ Sell signal but no position

[07:42:37] Cycle 794
  💰 Current Price: $0.26
  🎯 Signal: SELL (confidence: 0.17)
  📝 Reason: 5m: MACD bearish; 15m: MACD bearish; 1h: MACD bearish; 4h: RSI oversold (20.9)
  ⚠️ Sell signal but no position

[07:43:08] Cycle 795
  💰 Current Price: $0.26
  🎯 Signal: SELL (confidence: 0.17)
  🎯 Signal: SELL (confidence: 0.17)
  📝 Reason: 5m: MACD bearish; 15m: MACD bearish; 1h: MACD bearish; 4h: RSI oversold (20.9)
  ⚠️ Sell signal but no position

[07:41:36] Cycle 796
  💰 Current Price: $0.26
  🎯 Signal: SELL (confidence: 0.17)
  📝 Reason: 5m: MACD bearish; 15m: MACD bearish; 1h: MACD bearish; 4h: RSI oversold (21.0)
  ⚠️ Sell signal but no position

[07:42:06] Cycle 797
  💰 Current Price: $0.26
  🎯 Signal: SELL (confidence: 0.17)
  📝 Reason: 5m: MACD bearish; 15m: MACD bearish; 1h: MACD bearish; 4h: RSI oversold (20.9)
  ⚠️ Sell signal but no position

[07:42:37] Cycle 798
  💰 Current Price: $0.26
  🎯 Signal: SELL (confidence: 0.17)
  📝 Reason: 5m: MACD bearish; 15m: MACD bearish; 1h: MACD bearish; 4h: RSI oversold (20.9)
  ⚠️ Sell signal but no position

[07:43:08] Cycle 799
  💰 Current Price: $0.26
  🎯 Signal: SELL (confidence: 0.17)
  📝 Reason: 5m: MACD bearish; 15m: MACD bearish; 1h: MACD bearish; 4h: RSI oversold (20.9)
  ⚠️ Sell signal but no position

[07:43:39] Cycle 800
  💰 Current Price: $0.26
  🎯 Signal: SELL (confidence: 0.17)
  📝 Reason: 5m: MACD bearish; 15m: MACD bearish; 1h: MACD bearish; 4h: RSI oversold (21.1)
  ⚠️ Sell signal but no position

[07:44:09] Cycle 801
  💰 Current Price: $0.26
  🎯 Signal: SELL (confidence: 0.17)
  📝 Reason: 5m: MACD bearish; 15m: MACD bearish; 1h: MACD bearish; 4h: RSI oversold (21.1)
  ⚠️ Sell signal but no position

[07:44:40] Cycle 802
  💰 Current Price: $0.26
  🎯 Signal: SELL (confidence: 0.17)
  📝 Reason: 5m: MACD bearish; 15m: MACD bearish; 1h: MACD bearish; 4h: RSI oversold (21.1)
  ⚠️ Sell signal but no position

[07:45:11] Cycle 803
  💰 Current Price: $0.26
  🎯 Signal: SELL (confidence: 0.17)
  📝 Reason: 5m: MACD bearish; 15m: MACD bearish; 1h: MACD bearish; 4h: RSI oversold (21.1)
  ⚠️ Sell signal but no position

[07:45:42] Cycle 804
  💰 Current Price: $0.26
  🎯 Signal: SELL (confidence: 0.17)
  📝 Reason: 5m: MACD bearish; 15m: MACD bearish; 1h: MACD bearish; 4h: RSI oversold (21.1)
  ⚠️ Sell signal but no position

[07:46:13] Cycle 805
  💰 Current Price: $0.26
  🎯 Signal: SELL (confidence: 0.17)
  📝 Reason: 5m: MACD bearish; 15m: MACD bearish; 1h: MACD bearish; 4h: RSI oversold (21.1)
  ⚠️ Sell signal but no position

[07:46:43] Cycle 806
  💰 Current Price: $0.26
  🎯 Signal: SELL (confidence: 0.17)
  📝 Reason: 5m: MACD bearish; 15m: MACD bearish; 1h: MACD bearish; 4h: RSI oversold (21.1)
  ⚠️ Sell signal but no position

[07:47:14] Cycle 807
  💰 Current Price: $0.26
  🎯 Signal: SELL (confidence: 0.17)
  📝 Reason: 5m: MACD bearish; 15m: MACD bearish; 1h: MACD bearish; 4h: RSI oversold (21.1)
  ⚠️ Sell signal but no position

[07:47:45] Cycle 808
  💰 Current Price: $0.26
  🎯 Signal: SELL (confidence: 0.17)
  📝 Reason: 5m: MACD bearish; 15m: MACD bearish; 1h: MACD bearish; 4h: RSI oversold (21.2)
  ⚠️ Sell signal but no position

[07:48:16] Cycle 809
  💰 Current Price: $0.26
  🎯 Signal: SELL (confidence: 0.17)
  📝 Reason: 5m: MACD bearish; 15m: MACD bearish; 1h: MACD bearish; 4h: RSI oversold (21.2)
  ⚠️ Sell signal but no position

[07:48:47] Cycle 810
  💰 Current Price: $0.26
  🎯 Signal: SELL (confidence: 0.17)
  📝 Reason: 5m: MACD bearish; 15m: MACD bearish; 1h: MACD bearish; 4h: RSI oversold (21.2)
  ⚠️ Sell signal but no position

[07:49:17] Cycle 811
  💰 Current Price: $0.26
  🎯 Signal: SELL (confidence: 0.17)
  📝 Reason: 5m: MACD bearish; 15m: MACD bearish; 1h: MACD bearish; 4h: RSI oversold (21.2)
  ⚠️ Sell signal but no position

[07:49:48] Cycle 812
  💰 Current Price: $0.26
  🎯 Signal: SELL (confidence: 0.17)
  📝 Reason: 5m: MACD bearish; 15m: MACD bearish; 1h: MACD bearish; 4h: RSI oversold (21.2)
  ⚠️ Sell signal but no position

[07:50:19] Cycle 813
  💰 Current Price: $0.26
  🎯 Signal: SELL (confidence: 0.17)
  📝 Reason: 5m: MACD bearish; 15m: MACD bearish; 1h: MACD bearish; 4h: RSI oversold (21.2)
  ⚠️ Sell signal but no position

[07:50:50] Cycle 814
  💰 Current Price: $0.26
  🎯 Signal: SELL (confidence: 0.17)
  📝 Reason: 5m: MACD bearish; 15m: MACD bearish; 1h: MACD bearish; 4h: RSI oversold (21.2)
  ⚠️ Sell signal but no position

[07:51:20] Cycle 815
  💰 Current Price: $0.26
  🎯 Signal: SELL (confidence: 0.17)
  📝 Reason: 5m: MACD bearish; 15m: MACD bearish; 1h: MACD bearish; 4h: RSI oversold (21.2)
  ⚠️ Sell signal but no position

[07:51:51] Cycle 816
  💰 Current Price: $0.26
  🎯 Signal: SELL (confidence: 0.17)
  📝 Reason: 5m: MACD bearish; 15m: MACD bearish; 1h: MACD bearish; 4h: RSI oversold (21.1)
  ⚠️ Sell signal but no position

[07:52:22] Cycle 817
  💰 Current Price: $0.26
  🎯 Signal: SELL (confidence: 0.17)
  📝 Reason: 5m: MACD bearish; 15m: MACD bearish; 1h: MACD bearish; 4h: RSI oversold (21.1)
  ⚠️ Sell signal but no position

[07:52:53] Cycle 818
  💰 Current Price: $0.26
  🎯 Signal: SELL (confidence: 0.17)
  📝 Reason: 5m: MACD bearish; 15m: MACD bearish; 1h: MACD bearish; 4h: RSI oversold (21.1)
  ⚠️ Sell signal but no position

[07:53:23] Cycle 819
  💰 Current Price: $0.26
  🎯 Signal: SELL (confidence: 0.17)
  📝 Reason: 5m: MACD bearish; 15m: MACD bearish; 1h: MACD bearish; 4h: RSI oversold (21.1)
  ⚠️ Sell signal but no position

[07:53:54] Cycle 820
  💰 Current Price: $0.26
  🎯 Signal: SELL (confidence: 0.17)
  📝 Reason: 5m: MACD bearish; 15m: MACD bearish; 1h: MACD bearish; 4h: RSI oversold (21.1)
  ⚠️ Sell signal but no position

[07:54:25] Cycle 821
  💰 Current Price: $0.26
  🎯 Signal: SELL (confidence: 0.17)
  📝 Reason: 5m: MACD bearish; 15m: MACD bearish; 1h: MACD bearish; 4h: RSI oversold (21.1)
  ⚠️ Sell signal but no position

[07:54:56] Cycle 822
  💰 Current Price: $0.26
  🎯 Signal: SELL (confidence: 0.17)
  📝 Reason: 5m: MACD bearish; 15m: MACD bearish; 1h: MACD bearish; 4h: RSI oversold (21.1)
  ⚠️ Sell signal but no position

[07:55:26] Cycle 823
  💰 Current Price: $0.26
  🎯 Signal: SELL (confidence: 0.17)
  📝 Reason: 5m: MACD bearish; 15m: MACD bearish; 1h: MACD bearish; 4h: RSI oversold (21.1)
  ⚠️ Sell signal but no position

[07:55:57] Cycle 824
  💰 Current Price: $0.26
  🎯 Signal: SELL (confidence: 0.17)
  📝 Reason: 5m: MACD bearish; 15m: MACD bearish; 1h: MACD bearish; 4h: RSI oversold (21.1)
  ⚠️ Sell signal but no position

[07:56:28] Cycle 825
  💰 Current Price: $0.26
  🎯 Signal: SELL (confidence: 0.17)
  📝 Reason: 5m: MACD bearish; 15m: MACD bearish; 1h: MACD bearish; 4h: RSI oversold (21.1)
  ⚠️ Sell signal but no position

[07:56:59] Cycle 826
  💰 Current Price: $0.26
  🎯 Signal: SELL (confidence: 0.17)
  📝 Reason: 5m: MACD bearish; 15m: MACD bearish; 1h: MACD bearish; 4h: RSI oversold (21.1)
  ⚠️ Sell signal but no position

[07:57:30] Cycle 827
  💰 Current Price: $0.26
  🎯 Signal: SELL (confidence: 0.17)
  📝 Reason: 5m: MACD bearish; 15m: MACD bearish; 1h: MACD bearish; 4h: RSI oversold (21.1)
  ⚠️ Sell signal but no position

[07:58:00] Cycle 828
  💰 Current Price: $0.26
  🎯 Signal: SELL (confidence: 0.17)
  📝 Reason: 5m: MACD bearish; 15m: MACD bearish; 1h: MACD bearish; 4h: RSI oversold (21.1)
  ⚠️ Sell signal but no position

[07:58:31] Cycle 829
  💰 Current Price: $0.26
  🎯 Signal: SELL (confidence: 0.17)
  📝 Reason: 5m: MACD bearish; 15m: MACD bearish; 1h: MACD bearish; 4h: RSI oversold (21.1)
  ⚠️ Sell signal but no position

[07:59:02] Cycle 830
  💰 Current Price: $0.26
  🎯 Signal: SELL (confidence: 0.17)
  📝 Reason: 5m: MACD bearish; 15m: MACD bearish; 1h: MACD bearish; 4h: RSI oversold (21.1)
  ⚠️ Sell signal but no position

[07:59:33] Cycle 831
  💰 Current Price: $0.26
  🎯 Signal: SELL (confidence: 0.17)
  📝 Reason: 5m: MACD bearish; 15m: MACD bearish; 1h: MACD bearish; 4h: RSI oversold (21.1)
  ⚠️ Sell signal but no position

[08:00:04] Cycle 832
  💰 Current Price: $0.26
  🎯 Signal: SELL (confidence: 0.28)
  📝 Reason: 5m: MACD bearish; 15m: MACD bearish; 1h: MACD bearish; 4h: RSI oversold (20.9)
  ⚠️ Sell signal but no position

[07:43:39] Cycle 796
  💰 Current Price: $0.26
  🎯 Signal: SELL (confidence: 0.17)
  📝 Reason: 5m: MACD bearish; 15m: MACD bearish; 1h: MACD bearish; 4h: RSI oversold (21.1)
  ⚠️ Sell signal but no position

[07:44:09] Cycle 797
  💰 Current Price: $0.26
  🎯 Signal: SELL (confidence: 0.17)
  📝 Reason: 5m: MACD bearish; 15m: MACD bearish; 1h: MACD bearish; 4h: RSI oversold (21.1)
  ⚠️ Sell signal but no position

[07:44:40] Cycle 798
  💰 Current Price: $0.26
  🎯 Signal: SELL (confidence: 0.17)
  📝 Reason: 5m: MACD bearish; 15m: MACD bearish; 1h: MACD bearish; 4h: RSI oversold (21.1)
  ⚠️ Sell signal but no position

[07:45:11] Cycle 799
  💰 Current Price: $0.26
  🎯 Signal: SELL (confidence: 0.17)
  📝 Reason: 5m: MACD bearish; 15m: MACD bearish; 1h: MACD bearish; 4h: RSI oversold (21.1)
  ⚠️ Sell signal but no position

[07:45:42] Cycle 800
  💰 Current Price: $0.26
  🎯 Signal: SELL (confidence: 0.17)
  📝 Reason: 5m: MACD bearish; 15m: MACD bearish; 1h: MACD bearish; 4h: RSI oversold (21.1)
  ⚠️ Sell signal but no position

[07:46:13] Cycle 801
  💰 Current Price: $0.26
  🎯 Signal: SELL (confidence: 0.17)
  📝 Reason: 5m: MACD bearish; 15m: MACD bearish; 1h: MACD bearish; 4h: RSI oversold (21.1)
  ⚠️ Sell signal but no position

[07:46:43] Cycle 802
  💰 Current Price: $0.26
  🎯 Signal: SELL (confidence: 0.17)
  📝 Reason: 5m: MACD bearish; 15m: MACD bearish; 1h: MACD bearish; 4h: RSI oversold (21.1)
  ⚠️ Sell signal but no position

[07:47:14] Cycle 803
  💰 Current Price: $0.26
  🎯 Signal: SELL (confidence: 0.17)
  📝 Reason: 5m: MACD bearish; 15m: MACD bearish; 1h: MACD bearish; 4h: RSI oversold (21.1)
  ⚠️ Sell signal but no position

[07:47:45] Cycle 804
  💰 Current Price: $0.26
  🎯 Signal: SELL (confidence: 0.17)
  📝 Reason: 5m: MACD bearish; 15m: MACD bearish; 1h: MACD bearish; 4h: RSI oversold (21.2)
  ⚠️ Sell signal but no position

[07:48:16] Cycle 805
  💰 Current Price: $0.26
  🎯 Signal: SELL (confidence: 0.17)
  📝 Reason: 5m: MACD bearish; 15m: MACD bearish; 1h: MACD bearish; 4h: RSI oversold (21.2)
  ⚠️ Sell signal but no position

[07:48:47] Cycle 806
  💰 Current Price: $0.26
  🎯 Signal: SELL (confidence: 0.17)
  📝 Reason: 5m: MACD bearish; 15m: MACD bearish; 1h: MACD bearish; 4h: RSI oversold (21.2)
  ⚠️ Sell signal but no position

[07:49:17] Cycle 807
  💰 Current Price: $0.26
  🎯 Signal: SELL (confidence: 0.17)
  📝 Reason: 5m: MACD bearish; 15m: MACD bearish; 1h: MACD bearish; 4h: RSI oversold (21.2)
  ⚠️ Sell signal but no position

[07:49:48] Cycle 808
  💰 Current Price: $0.26
  🎯 Signal: SELL (confidence: 0.17)
  📝 Reason: 5m: MACD bearish; 15m: MACD bearish; 1h: MACD bearish; 4h: RSI oversold (21.2)
  ⚠️ Sell signal but no position

[07:50:19] Cycle 809
  💰 Current Price: $0.26
  🎯 Signal: SELL (confidence: 0.17)
  📝 Reason: 5m: MACD bearish; 15m: MACD bearish; 1h: MACD bearish; 4h: RSI oversold (21.2)
  ⚠️ Sell signal but no position

[07:50:50] Cycle 810
  💰 Current Price: $0.26
  🎯 Signal: SELL (confidence: 0.17)
  📝 Reason: 5m: MACD bearish; 15m: MACD bearish; 1h: MACD bearish; 4h: RSI oversold (21.2)
  ⚠️ Sell signal but no position

[07:51:20] Cycle 811
  💰 Current Price: $0.26
  🎯 Signal: SELL (confidence: 0.17)
  📝 Reason: 5m: MACD bearish; 15m: MACD bearish; 1h: MACD bearish; 4h: RSI oversold (21.2)
  ⚠️ Sell signal but no position

[07:51:51] Cycle 812
  💰 Current Price: $0.26
  🎯 Signal: SELL (confidence: 0.17)
  📝 Reason: 5m: MACD bearish; 15m: MACD bearish; 1h: MACD bearish; 4h: RSI oversold (21.1)
  ⚠️ Sell signal but no position

[07:52:22] Cycle 813
  💰 Current Price: $0.26
  🎯 Signal: SELL (confidence: 0.17)
  📝 Reason: 5m: MACD bearish; 15m: MACD bearish; 1h: MACD bearish; 4h: RSI oversold (21.1)
  ⚠️ Sell signal but no position

[07:52:53] Cycle 814
  💰 Current Price: $0.26
  🎯 Signal: SELL (confidence: 0.17)
  📝 Reason: 5m: MACD bearish; 15m: MACD bearish; 1h: MACD bearish; 4h: RSI oversold (21.1)
  ⚠️ Sell signal but no position

[07:53:23] Cycle 815
  💰 Current Price: $0.26
  🎯 Signal: SELL (confidence: 0.17)
  📝 Reason: 5m: MACD bearish; 15m: MACD bearish; 1h: MACD bearish; 4h: RSI oversold (21.1)
  ⚠️ Sell signal but no position

[07:53:54] Cycle 816
  💰 Current Price: $0.26
  🎯 Signal: SELL (confidence: 0.17)
  📝 Reason: 5m: MACD bearish; 15m: MACD bearish; 1h: MACD bearish; 4h: RSI oversold (21.1)
  ⚠️ Sell signal but no position

[07:54:25] Cycle 817
  💰 Current Price: $0.26
  🎯 Signal: SELL (confidence: 0.17)
  📝 Reason: 5m: MACD bearish; 15m: MACD bearish; 1h: MACD bearish; 4h: RSI oversold (21.1)
  ⚠️ Sell signal but no position

[07:54:56] Cycle 818
  💰 Current Price: $0.26
  🎯 Signal: SELL (confidence: 0.17)
  📝 Reason: 5m: MACD bearish; 15m: MACD bearish; 1h: MACD bearish; 4h: RSI oversold (21.1)
  ⚠️ Sell signal but no position

[07:55:26] Cycle 819
  💰 Current Price: $0.26
  🎯 Signal: SELL (confidence: 0.17)
  📝 Reason: 5m: MACD bearish; 15m: MACD bearish; 1h: MACD bearish; 4h: RSI oversold (21.1)
  ⚠️ Sell signal but no position

[07:55:57] Cycle 820
  💰 Current Price: $0.26
  🎯 Signal: SELL (confidence: 0.17)
  📝 Reason: 5m: MACD bearish; 15m: MACD bearish; 1h: MACD bearish; 4h: RSI oversold (21.1)
  ⚠️ Sell signal but no position

[07:56:28] Cycle 821
  💰 Current Price: $0.26
  🎯 Signal: SELL (confidence: 0.17)
  📝 Reason: 5m: MACD bearish; 15m: MACD bearish; 1h: MACD bearish; 4h: RSI oversold (21.1)
  ⚠️ Sell signal but no position

[07:56:59] Cycle 822
  💰 Current Price: $0.26
  🎯 Signal: SELL (confidence: 0.17)
  📝 Reason: 5m: MACD bearish; 15m: MACD bearish; 1h: MACD bearish; 4h: RSI oversold (21.1)
  ⚠️ Sell signal but no position

[07:57:30] Cycle 823
  💰 Current Price: $0.26
  🎯 Signal: SELL (confidence: 0.17)
  📝 Reason: 5m: MACD bearish; 15m: MACD bearish; 1h: MACD bearish; 4h: RSI oversold (21.1)
  ⚠️ Sell signal but no position

[07:58:00] Cycle 824
  💰 Current Price: $0.26
  🎯 Signal: SELL (confidence: 0.17)
  📝 Reason: 5m: MACD bearish; 15m: MACD bearish; 1h: MACD bearish; 4h: RSI oversold (21.1)
  ⚠️ Sell signal but no position

[07:58:31] Cycle 825
  💰 Current Price: $0.26
  🎯 Signal: SELL (confidence: 0.17)
  📝 Reason: 5m: MACD bearish; 15m: MACD bearish; 1h: MACD bearish; 4h: RSI oversold (21.1)
  ⚠️ Sell signal but no position

[07:59:02] Cycle 826
  💰 Current Price: $0.26
  🎯 Signal: SELL (confidence: 0.17)
  📝 Reason: 5m: MACD bearish; 15m: MACD bearish; 1h: MACD bearish; 4h: RSI oversold (21.1)
  ⚠️ Sell signal but no position

[07:59:33] Cycle 827
  💰 Current Price: $0.26
  🎯 Signal: SELL (confidence: 0.17)
  📝 Reason: 5m: MACD bearish; 15m: MACD bearish; 1h: MACD bearish; 4h: RSI oversold (21.1)
  ⚠️ Sell signal but no position

[08:00:04] Cycle 828
  💰 Current Price: $0.26
  🎯 Signal: SELL (confidence: 0.28)
  📝 Reason: 5m: MACD bearish; 15m: MACD bearish; 1h: MACD bearish; 4h: RSI oversold (23.2)
  ⚠️ Sell signal but no position

[08:00:35] Cycle 829
  💰 Current Price: $0.26
  🎯 Signal: SELL (confidence: 0.28)
  📝 Reason: 5m: MACD bearish; 15m: MACD bearish; 1h: MACD bearish; 4h: RSI oversold (22.9)
  ⚠️ Sell signal but no position

[08:01:05] Cycle 830
  💰 Current Price: $0.26
  🎯 Signal: SELL (confidence: 0.28)
  📝 Reason: 5m: MACD bearish; 15m: MACD bearish; 1h: MACD bearish; 4h: RSI oversold (23.3)
  ⚠️ Sell signal but no position

[08:01:36] Cycle 831
  💰 Current Price: $0.26
  🎯 Signal: SELL (confidence: 0.28)
  📝 Reason: 5m: MACD bearish; 15m: MACD bearish; 1h: MACD bearish; 4h: RSI oversold (23.2)
  ⚠️ Sell signal but no position

[08:02:07] Cycle 832
  💰 Current Price: $0.26
  🎯 Signal: SELL (confidence: 0.28)
  📝 Reason: 5m: MACD bearish; 15m: MACD bearish; 1h: MACD bearish; 4h: RSI oversold (23.2)
  ⚠️ Sell signal but no position

[08:00:35] Cycle 833
  💰 Current Price: $0.26
  🎯 Signal: SELL (confidence: 0.28)
  📝 Reason: 5m: MACD bearish; 15m: MACD bearish; 1h: MACD bearish; 4h: RSI oversold (22.9)
  ⚠️ Sell signal but no position

[08:01:05] Cycle 834
  💰 Current Price: $0.26
  🎯 Signal: SELL (confidence: 0.28)
  📝 Reason: 5m: MACD bearish; 15m: MACD bearish; 1h: MACD bearish; 4h: RSI oversold (23.3)
  ⚠️ Sell signal but no position

[08:01:36] Cycle 835
  💰 Current Price: $0.26
  🎯 Signal: SELL (confidence: 0.28)
  📝 Reason: 5m: MACD bearish; 15m: MACD bearish; 1h: MACD bearish; 4h: RSI oversold (23.2)
  ⚠️ Sell signal but no position

[08:02:07] Cycle 836
  💰 Current Price: $0.26
  🎯 Signal: SELL (confidence: 0.28)
  📝 Reason: 5m: MACD bearish; 15m: MACD bearish; 1h: MACD bearish; 4h: RSI oversold (23.2)
  ⚠️ Sell signal but no position

[08:02:38] Cycle 837
  💰 Current Price: $0.26
  🎯 Signal: SELL (confidence: 0.28)
  📝 Reason: 5m: MACD bearish; 15m: MACD bearish; 1h: MACD bearish; 4h: RSI oversold (23.2)
  ⚠️ Sell signal but no position

[08:03:09] Cycle 838
  💰 Current Price: $0.26
  🎯 Signal: SELL (confidence: 0.28)
  📝 Reason: 5m: MACD bearish; 15m: MACD bearish; 1h: MACD bearish; 4h: RSI oversold (23.6)
  ⚠️ Sell signal but no position

[08:03:40] Cycle 839
  💰 Current Price: $0.26
  🎯 Signal: SELL (confidence: 0.28)
  📝 Reason: 5m: MACD bearish; 15m: MACD bearish; 1h: MACD bearish; 4h: RSI oversold (23.6)
  ⚠️ Sell signal but no position

[08:04:11] Cycle 840
  💰 Current Price: $0.26
  🎯 Signal: SELL (confidence: 0.28)
  📝 Reason: 5m: MACD bearish; 15m: MACD bearish; 1h: MACD bearish; 4h: RSI oversold (23.6)
  ⚠️ Sell signal but no position

[08:04:41] Cycle 841
  💰 Current Price: $0.26
  🎯 Signal: SELL (confidence: 0.28)
  📝 Reason: 5m: MACD bearish; 15m: MACD bearish; 1h: MACD bearish; 4h: RSI oversold (24.0)
  ⚠️ Sell signal but no position

[08:05:12] Cycle 842
  💰 Current Price: $0.26
  🎯 Signal: SELL (confidence: 0.17)
  📝 Reason: 5m: MACD bullish; 15m: MACD bearish; 1h: MACD bearish; 4h: RSI oversold (24.0)
  ⚠️ Sell signal but no position

[08:05:43] Cycle 843
  💰 Current Price: $0.26
  🎯 Signal: SELL (confidence: 0.17)
  📝 Reason: 5m: MACD bullish; 15m: MACD bearish; 1h: MACD bearish; 4h: RSI oversold (24.0)
  ⚠️ Sell signal but no position

[08:06:14] Cycle 844
  💰 Current Price: $0.26
  🎯 Signal: SELL (confidence: 0.17)
  📝 Reason: 5m: MACD bullish; 15m: MACD bearish; 1h: MACD bearish; 4h: RSI oversold (24.0)
  ⚠️ Sell signal but no position

[08:06:45] Cycle 845
  💰 Current Price: $0.26
  🎯 Signal: SELL (confidence: 0.17)
  📝 Reason: 5m: MACD bullish; 15m: MACD bearish; 1h: MACD bearish; 4h: RSI oversold (24.0)
  ⚠️ Sell signal but no position

[08:07:16] Cycle 846
  💰 Current Price: $0.26
  🎯 Signal: SELL (confidence: 0.17)
  📝 Reason: 5m: MACD bullish; 15m: MACD bearish; 1h: MACD bearish; 4h: RSI oversold (24.0)
  ⚠️ Sell signal but no position

[08:07:46] Cycle 847
  💰 Current Price: $0.26
  🎯 Signal: SELL (confidence: 0.17)
  📝 Reason: 5m: MACD bullish; 15m: MACD bearish; 1h: MACD bearish; 4h: RSI oversold (22.9)
  ⚠️ Sell signal but no position

[08:08:17] Cycle 848
  💰 Current Price: $0.26
  🎯 Signal: SELL (confidence: 0.17)
  📝 Reason: 5m: MACD bullish; 15m: MACD bearish; 1h: MACD bearish; 4h: RSI oversold (22.9)
  ⚠️ Sell signal but no position

[08:08:48] Cycle 849
  💰 Current Price: $0.26
  🎯 Signal: SELL (confidence: 0.17)
  📝 Reason: 5m: MACD bullish; 15m: MACD bearish; 1h: MACD bearish; 4h: RSI oversold (23.0)
  ⚠️ Sell signal but no position

[08:09:19] Cycle 850
  💰 Current Price: $0.26
  🎯 Signal: SELL (confidence: 0.17)
  📝 Reason: 5m: MACD bullish; 15m: MACD bearish; 1h: MACD bearish; 4h: RSI oversold (23.0)
  ⚠️ Sell signal but no position

[08:09:49] Cycle 851
  💰 Current Price: $0.26
  🎯 Signal: SELL (confidence: 0.17)
  📝 Reason: 5m: MACD bullish; 15m: MACD bearish; 1h: MACD bearish; 4h: RSI oversold (23.1)
  ⚠️ Sell signal but no position

[08:10:20] Cycle 852
  💰 Current Price: $0.26
  🎯 Signal: SELL (confidence: 0.17)
  📝 Reason: 5m: MACD bullish; 15m: MACD bearish; 1h: MACD bearish; 4h: RSI oversold (23.1)
  ⚠️ Sell signal but no position

[08:10:51] Cycle 853
  💰 Current Price: $0.26
  🎯 Signal: SELL (confidence: 0.17)
  📝 Reason: 5m: MACD bullish; 15m: MACD bearish; 1h: MACD bearish; 4h: RSI oversold (23.1)
  ⚠️ Sell signal but no position

[08:11:22] Cycle 854
  💰 Current Price: $0.26
  🎯 Signal: SELL (confidence: 0.17)
  📝 Reason: 5m: MACD bullish; 15m: MACD bearish; 1h: MACD bearish; 4h: RSI oversold (23.1)
  ⚠️ Sell signal but no position

[08:11:53] Cycle 855
  💰 Current Price: $0.26
  🎯 Signal: SELL (confidence: 0.17)
  📝 Reason: 5m: MACD bullish; 15m: MACD bearish; 1h: MACD bearish; 4h: RSI oversold (23.4)
  ⚠️ Sell signal but no position

[08:12:23] Cycle 856
  💰 Current Price: $0.26
  🎯 Signal: SELL (confidence: 0.17)
  📝 Reason: 5m: MACD bullish; 15m: MACD bearish; 1h: MACD bearish; 4h: RSI oversold (23.4)
  ⚠️ Sell signal but no position

[08:12:54] Cycle 857
  💰 Current Price: $0.26
  🎯 Signal: SELL (confidence: 0.17)
  📝 Reason: 5m: MACD bullish; 15m: MACD bearish; 1h: MACD bearish; 4h: RSI oversold (23.4)
  ⚠️ Sell signal but no position

[08:13:25] Cycle 858
  💰 Current Price: $0.26
  🎯 Signal: SELL (confidence: 0.17)
  📝 Reason: 5m: MACD bullish; 15m: MACD bearish; 1h: MACD bearish; 4h: RSI oversold (23.0)
  ⚠️ Sell signal but no position

[08:13:56] Cycle 859
  💰 Current Price: $0.26
  🎯 Signal: SELL (confidence: 0.17)
  📝 Reason: 5m: MACD bullish; 15m: MACD bearish; 1h: MACD bearish; 4h: RSI oversold (23.0)
  ⚠️ Sell signal but no position

[08:14:27] Cycle 860
  💰 Current Price: $0.26
  🎯 Signal: SELL (confidence: 0.17)
  📝 Reason: 5m: MACD bullish; 15m: MACD bearish; 1h: MACD bearish; 4h: RSI oversold (23.0)
  ⚠️ Sell signal but no position

[08:14:58] Cycle 861
  💰 Current Price: $0.26
  🎯 Signal: SELL (confidence: 0.17)
  📝 Reason: 5m: MACD bullish; 15m: MACD bearish; 1h: MACD bearish; 4h: RSI oversold (23.0)
  ⚠️ Sell signal but no position

[08:15:29] Cycle 862
  💰 Current Price: $0.26
  🎯 Signal: SELL (confidence: 0.17)
  📝 Reason: 5m: MACD bullish; 15m: MACD bearish; 1h: MACD bearish; 4h: RSI oversold (23.1)
  ⚠️ Sell signal but no position

[08:15:59] Cycle 863
  💰 Current Price: $0.26
  🎯 Signal: SELL (confidence: 0.17)
  📝 Reason: 5m: MACD bullish; 15m: MACD bearish; 1h: MACD bearish; 4h: RSI oversold (23.1)
  ⚠️ Sell signal but no position

[08:16:30] Cycle 864
  💰 Current Price: $0.26
  🎯 Signal: SELL (confidence: 0.17)
  📝 Reason: 5m: MACD bullish; 15m: MACD bearish; 1h: MACD bearish; 4h: RSI oversold (23.1)
  ⚠️ Sell signal but no position

[08:17:01] Cycle 865
  💰 Current Price: $0.26
  🎯 Signal: SELL (confidence: 0.17)
  📝 Reason: 5m: MACD bullish; 15m: MACD bearish; 1h: MACD bearish; 4h: RSI oversold (23.1)
  ⚠️ Sell signal but no position

[08:17:32] Cycle 866
  💰 Current Price: $0.26
  🎯 Signal: SELL (confidence: 0.17)
  📝 Reason: 5m: MACD bullish; 15m: MACD bearish; 1h: MACD bearish; 4h: RSI oversold (23.1)
  ⚠️ Sell signal but no position

[08:18:03] Cycle 867
  💰 Current Price: $0.26
  🎯 Signal: SELL (confidence: 0.17)
  📝 Reason: 5m: MACD bullish; 15m: MACD bearish; 1h: MACD bearish; 4h: RSI oversold (23.1)
  ⚠️ Sell signal but no position

[08:18:33] Cycle 868
  💰 Current Price: $0.26
  🎯 Signal: SELL (confidence: 0.20)
  📝 Reason: 5m: RSI overbought (70.3); 5m: MACD bullish; 15m: MACD bearish; 1h: MACD bearish
  ⚠️ Sell signal but no position

[08:19:04] Cycle 869
  💰 Current Price: $0.26
  🎯 Signal: SELL (confidence: 0.20)
  📝 Reason: 5m: MACD bearish; 15m: MACD bearish; 1h: MACD bearish; 4h: RSI oversold (23.2)
  ⚠️ Sell signal but no position

[08:02:38] Cycle 833
  💰 Current Price: $0.26
  🎯 Signal: SELL (confidence: 0.28)
  📝 Reason: 5m: MACD bearish; 15m: MACD bearish; 1h: MACD bearish; 4h: RSI oversold (23.2)
  ⚠️ Sell signal but no position

[08:03:09] Cycle 834
  💰 Current Price: $0.26
  🎯 Signal: SELL (confidence: 0.28)
  📝 Reason: 5m: MACD bearish; 15m: MACD bearish; 1h: MACD bearish; 4h: RSI oversold (23.6)
  ⚠️ Sell signal but no position

[08:03:40] Cycle 835
  💰 Current Price: $0.26
  🎯 Signal: SELL (confidence: 0.28)
  📝 Reason: 5m: MACD bearish; 15m: MACD bearish; 1h: MACD bearish; 4h: RSI oversold (23.6)
  ⚠️ Sell signal but no position

[08:04:11] Cycle 836
  💰 Current Price: $0.26
  🎯 Signal: SELL (confidence: 0.28)
  📝 Reason: 5m: MACD bearish; 15m: MACD bearish; 1h: MACD bearish; 4h: RSI oversold (23.6)
  ⚠️ Sell signal but no position

[08:04:41] Cycle 837
  💰 Current Price: $0.26
  🎯 Signal: SELL (confidence: 0.28)
  📝 Reason: 5m: MACD bearish; 15m: MACD bearish; 1h: MACD bearish; 4h: RSI oversold (24.0)
  ⚠️ Sell signal but no position

[08:05:12] Cycle 838
  💰 Current Price: $0.26
  🎯 Signal: SELL (confidence: 0.17)
  📝 Reason: 5m: MACD bullish; 15m: MACD bearish; 1h: MACD bearish; 4h: RSI oversold (24.0)
  ⚠️ Sell signal but no position

[08:05:43] Cycle 839
  💰 Current Price: $0.26
  🎯 Signal: SELL (confidence: 0.17)
  📝 Reason: 5m: MACD bullish; 15m: MACD bearish; 1h: MACD bearish; 4h: RSI oversold (24.0)
  ⚠️ Sell signal but no position

[08:06:14] Cycle 840
  💰 Current Price: $0.26
  🎯 Signal: SELL (confidence: 0.17)
  📝 Reason: 5m: MACD bullish; 15m: MACD bearish; 1h: MACD bearish; 4h: RSI oversold (24.0)
  ⚠️ Sell signal but no position

[08:06:45] Cycle 841
  💰 Current Price: $0.26
  🎯 Signal: SELL (confidence: 0.17)
  📝 Reason: 5m: MACD bullish; 15m: MACD bearish; 1h: MACD bearish; 4h: RSI oversold (24.0)
  ⚠️ Sell signal but no position

[08:07:16] Cycle 842
  💰 Current Price: $0.26
  🎯 Signal: SELL (confidence: 0.17)
  📝 Reason: 5m: MACD bullish; 15m: MACD bearish; 1h: MACD bearish; 4h: RSI oversold (24.0)
  ⚠️ Sell signal but no position

[08:07:46] Cycle 843
  💰 Current Price: $0.26
  🎯 Signal: SELL (confidence: 0.17)
  📝 Reason: 5m: MACD bullish; 15m: MACD bearish; 1h: MACD bearish; 4h: RSI oversold (22.9)
  ⚠️ Sell signal but no position

[08:08:17] Cycle 844
  💰 Current Price: $0.26
  🎯 Signal: SELL (confidence: 0.17)
  📝 Reason: 5m: MACD bullish; 15m: MACD bearish; 1h: MACD bearish; 4h: RSI oversold (22.9)
  ⚠️ Sell signal but no position

[08:08:48] Cycle 845
  💰 Current Price: $0.26
  🎯 Signal: SELL (confidence: 0.17)
  📝 Reason: 5m: MACD bullish; 15m: MACD bearish; 1h: MACD bearish; 4h: RSI oversold (23.0)
  ⚠️ Sell signal but no position

[08:09:19] Cycle 846
  💰 Current Price: $0.26
  🎯 Signal: SELL (confidence: 0.17)
  📝 Reason: 5m: MACD bullish; 15m: MACD bearish; 1h: MACD bearish; 4h: RSI oversold (23.0)
  ⚠️ Sell signal but no position

[08:09:49] Cycle 847
  💰 Current Price: $0.26
  🎯 Signal: SELL (confidence: 0.17)
  📝 Reason: 5m: MACD bullish; 15m: MACD bearish; 1h: MACD bearish; 4h: RSI oversold (23.1)
  ⚠️ Sell signal but no position

[08:10:20] Cycle 848
  💰 Current Price: $0.26
  🎯 Signal: SELL (confidence: 0.17)
  📝 Reason: 5m: MACD bullish; 15m: MACD bearish; 1h: MACD bearish; 4h: RSI oversold (23.1)
  ⚠️ Sell signal but no position

[08:10:51] Cycle 849
  💰 Current Price: $0.26
  🎯 Signal: SELL (confidence: 0.17)
  📝 Reason: 5m: MACD bullish; 15m: MACD bearish; 1h: MACD bearish; 4h: RSI oversold (23.1)
  ⚠️ Sell signal but no position

[08:11:22] Cycle 850
  💰 Current Price: $0.26
  🎯 Signal: SELL (confidence: 0.17)
  📝 Reason: 5m: MACD bullish; 15m: MACD bearish; 1h: MACD bearish; 4h: RSI oversold (23.1)
  ⚠️ Sell signal but no position

[08:11:53] Cycle 851
  💰 Current Price: $0.26
  🎯 Signal: SELL (confidence: 0.17)
  📝 Reason: 5m: MACD bullish; 15m: MACD bearish; 1h: MACD bearish; 4h: RSI oversold (23.4)
  ⚠️ Sell signal but no position

[08:12:23] Cycle 852
  💰 Current Price: $0.26
  🎯 Signal: SELL (confidence: 0.17)
  📝 Reason: 5m: MACD bullish; 15m: MACD bearish; 1h: MACD bearish; 4h: RSI oversold (23.4)
  ⚠️ Sell signal but no position

[08:12:54] Cycle 853
  💰 Current Price: $0.26
  🎯 Signal: SELL (confidence: 0.17)
  📝 Reason: 5m: MACD bullish; 15m: MACD bearish; 1h: MACD bearish; 4h: RSI oversold (23.4)
  ⚠️ Sell signal but no position

[08:13:25] Cycle 854
  💰 Current Price: $0.26
  🎯 Signal: SELL (confidence: 0.17)
  📝 Reason: 5m: MACD bullish; 15m: MACD bearish; 1h: MACD bearish; 4h: RSI oversold (23.0)
  ⚠️ Sell signal but no position

[08:13:56] Cycle 855
  💰 Current Price: $0.26
  🎯 Signal: SELL (confidence: 0.17)
  📝 Reason: 5m: MACD bullish; 15m: MACD bearish; 1h: MACD bearish; 4h: RSI oversold (23.0)
  ⚠️ Sell signal but no position

[08:14:27] Cycle 856
  💰 Current Price: $0.26
  🎯 Signal: SELL (confidence: 0.17)
  📝 Reason: 5m: MACD bullish; 15m: MACD bearish; 1h: MACD bearish; 4h: RSI oversold (23.0)
  ⚠️ Sell signal but no position

[08:14:58] Cycle 857
  💰 Current Price: $0.26
  🎯 Signal: SELL (confidence: 0.17)
  📝 Reason: 5m: MACD bullish; 15m: MACD bearish; 1h: MACD bearish; 4h: RSI oversold (23.0)
  ⚠️ Sell signal but no position

[08:15:29] Cycle 858
  💰 Current Price: $0.26
  🎯 Signal: SELL (confidence: 0.17)
  📝 Reason: 5m: MACD bullish; 15m: MACD bearish; 1h: MACD bearish; 4h: RSI oversold (23.1)
  ⚠️ Sell signal but no position

[08:15:59] Cycle 859
  💰 Current Price: $0.26
  🎯 Signal: SELL (confidence: 0.17)
  📝 Reason: 5m: MACD bullish; 15m: MACD bearish; 1h: MACD bearish; 4h: RSI oversold (23.1)
  ⚠️ Sell signal but no position

[08:16:30] Cycle 860
  💰 Current Price: $0.26
  🎯 Signal: SELL (confidence: 0.17)
  📝 Reason: 5m: MACD bullish; 15m: MACD bearish; 1h: MACD bearish; 4h: RSI oversold (23.1)
  ⚠️ Sell signal but no position

[08:17:01] Cycle 861
  💰 Current Price: $0.26
  🎯 Signal: SELL (confidence: 0.17)
  📝 Reason: 5m: MACD bullish; 15m: MACD bearish; 1h: MACD bearish; 4h: RSI oversold (23.1)
  ⚠️ Sell signal but no position

[08:17:32] Cycle 862
  💰 Current Price: $0.26
  🎯 Signal: SELL (confidence: 0.17)
  📝 Reason: 5m: MACD bullish; 15m: MACD bearish; 1h: MACD bearish; 4h: RSI oversold (23.1)
  ⚠️ Sell signal but no position

[08:18:03] Cycle 863
  💰 Current Price: $0.26
  🎯 Signal: SELL (confidence: 0.17)
  📝 Reason: 5m: MACD bullish; 15m: MACD bearish; 1h: MACD bearish; 4h: RSI oversold (23.1)
  ⚠️ Sell signal but no position

[08:18:33] Cycle 864
  💰 Current Price: $0.26
  🎯 Signal: SELL (confidence: 0.20)
  📝 Reason: 5m: RSI overbought (70.3); 5m: MACD bullish; 15m: MACD bearish; 1h: MACD bearish
  ⚠️ Sell signal but no position

[08:19:04] Cycle 865
  💰 Current Price: $0.26
  🎯 Signal: SELL (confidence: 0.20)
  📝 Reason: 5m: RSI overbought (70.3); 5m: MACD bullish; 15m: MACD bearish; 1h: MACD bearish
  ⚠️ Sell signal but no position

[08:19:35] Cycle 866
  💰 Current Price: $0.26
  🎯 Signal: SELL (confidence: 0.20)
  📝 Reason: 5m: RSI overbought (70.3); 5m: MACD bullish; 15m: MACD bearish; 1h: MACD bearish
  ⚠️ Sell signal but no position

[08:20:06] Cycle 867
  💰 Current Price: $0.26
  🎯 Signal: HOLD (confidence: 0.10)
  📝 Reason: 5m: MACD bullish; 15m: MACD bearish; 1h: MACD bearish; 4h: RSI oversold (24.3)

[08:20:37] Cycle 868
  💰 Current Price: $0.26
  🎯 Signal: HOLD (confidence: 0.10)
  📝 Reason: 5m: MACD bullish; 15m: MACD bearish; 1h: MACD bearish; 4h: RSI oversold (24.3)

[08:21:08] Cycle 869
  💰 Current Price: $0.26
  🎯 Signal: SELL (confidence: 0.17)
  📝 Reason: 5m: MACD bullish; 15m: MACD bearish; 1h: MACD bearish; 4h: RSI oversold (24.0)
  📝 Reason: 5m: RSI overbought (70.3); 5m: MACD bullish; 15m: MACD bearish; 1h: MACD bearish
  ⚠️ Sell signal but no position

[08:19:35] Cycle 870
  💰 Current Price: $0.26
  🎯 Signal: SELL (confidence: 0.20)
  📝 Reason: 5m: RSI overbought (70.3); 5m: MACD bullish; 15m: MACD bearish; 1h: MACD bearish
  ⚠️ Sell signal but no position

[08:20:06] Cycle 871
  💰 Current Price: $0.26
  🎯 Signal: HOLD (confidence: 0.10)
  📝 Reason: 5m: MACD bullish; 15m: MACD bearish; 1h: MACD bearish; 4h: RSI oversold (24.3)

[08:20:37] Cycle 872
  💰 Current Price: $0.26
  🎯 Signal: HOLD (confidence: 0.10)
  📝 Reason: 5m: MACD bullish; 15m: MACD bearish; 1h: MACD bearish; 4h: RSI oversold (24.3)

[08:21:08] Cycle 873
  💰 Current Price: $0.26
  🎯 Signal: SELL (confidence: 0.17)
  📝 Reason: 5m: MACD bullish; 15m: MACD bearish; 1h: MACD bearish; 4h: RSI oversold (24.0)
  ⚠️ Sell signal but no position

[08:21:38] Cycle 874
  💰 Current Price: $0.26
  🎯 Signal: SELL (confidence: 0.17)
  📝 Reason: 5m: MACD bullish; 15m: MACD bearish; 1h: MACD bearish; 4h: RSI oversold (23.7)
  ⚠️ Sell signal but no position

[08:22:09] Cycle 875
  💰 Current Price: $0.26
  🎯 Signal: SELL (confidence: 0.17)
  📝 Reason: 5m: MACD bullish; 15m: MACD bearish; 1h: MACD bearish; 4h: RSI oversold (23.7)
  ⚠️ Sell signal but no position

[08:22:40] Cycle 876
  💰 Current Price: $0.26
  🎯 Signal: SELL (confidence: 0.17)
  📝 Reason: 5m: MACD bullish; 15m: MACD bearish; 1h: MACD bearish; 4h: RSI oversold (23.7)
  ⚠️ Sell signal but no position

[08:23:11] Cycle 877
  💰 Current Price: $0.26
  🎯 Signal: SELL (confidence: 0.17)
  📝 Reason: 5m: MACD bullish; 15m: MACD bearish; 1h: MACD bearish; 4h: RSI oversold (23.7)
  ⚠️ Sell signal but no position

[08:23:41] Cycle 878
  💰 Current Price: $0.26
  🎯 Signal: SELL (confidence: 0.17)
  📝 Reason: 5m: MACD bullish; 15m: MACD bearish; 1h: MACD bearish; 4h: RSI oversold (24.1)
  ⚠️ Sell signal but no position

[08:24:12] Cycle 879
  💰 Current Price: $0.26
  🎯 Signal: SELL (confidence: 0.17)
  📝 Reason: 5m: MACD bullish; 15m: MACD bearish; 1h: MACD bearish; 4h: RSI oversold (24.1)
  ⚠️ Sell signal but no position

[08:24:43] Cycle 880
  💰 Current Price: $0.26
  🎯 Signal: SELL (confidence: 0.17)
  📝 Reason: 5m: MACD bullish; 15m: MACD bearish; 1h: MACD bearish; 4h: RSI oversold (24.1)
  ⚠️ Sell signal but no position

[08:25:14] Cycle 881
  💰 Current Price: $0.26
  🎯 Signal: SELL (confidence: 0.17)
  📝 Reason: 5m: MACD bullish; 15m: MACD bearish; 1h: MACD bearish; 4h: RSI oversold (24.1)
  ⚠️ Sell signal but no position

[08:25:44] Cycle 882
  💰 Current Price: $0.26
  🎯 Signal: SELL (confidence: 0.17)
  📝 Reason: 5m: MACD bullish; 15m: MACD bearish; 1h: MACD bearish; 4h: RSI oversold (24.1)
  ⚠️ Sell signal but no position

[08:26:15] Cycle 883
  💰 Current Price: $0.26
  🎯 Signal: HOLD (confidence: 0.10)
  📝 Reason: 5m: MACD bullish; 15m: MACD bearish; 1h: MACD bearish; 4h: RSI oversold (24.3)

[08:26:46] Cycle 884
  💰 Current Price: $0.26
  🎯 Signal: SELL (confidence: 0.17)
  📝 Reason: 5m: MACD bullish; 15m: MACD bearish; 1h: MACD bearish; 4h: RSI oversold (24.1)
  ⚠️ Sell signal but no position

[08:27:17] Cycle 885
  💰 Current Price: $0.26
  🎯 Signal: SELL (confidence: 0.17)
  📝 Reason: 5m: MACD bullish; 15m: MACD bearish; 1h: MACD bearish; 4h: RSI oversold (24.1)
  ⚠️ Sell signal but no position

[08:27:48] Cycle 886
  💰 Current Price: $0.26
  🎯 Signal: SELL (confidence: 0.17)
  📝 Reason: 5m: MACD bullish; 15m: MACD bearish; 1h: MACD bearish; 4h: RSI oversold (24.1)
  ⚠️ Sell signal but no position

[08:28:18] Cycle 887
  💰 Current Price: $0.26
  🎯 Signal: SELL (confidence: 0.17)
  📝 Reason: 5m: MACD bullish; 15m: MACD bearish; 1h: MACD bearish; 4h: RSI oversold (24.1)
  ⚠️ Sell signal but no position

[08:28:49] Cycle 888
  💰 Current Price: $0.26
  🎯 Signal: SELL (confidence: 0.17)
  📝 Reason: 5m: MACD bullish; 15m: MACD bearish; 1h: MACD bearish; 4h: RSI oversold (24.1)
  ⚠️ Sell signal but no position

[08:29:20] Cycle 889
  💰 Current Price: $0.26
  🎯 Signal: HOLD (confidence: 0.10)
  📝 Reason: 5m: MACD bullish; 15m: MACD bearish; 1h: MACD bearish; 4h: RSI oversold (24.5)

[08:29:51] Cycle 890
  💰 Current Price: $0.26
  🎯 Signal: HOLD (confidence: 0.10)
  📝 Reason: 5m: MACD bullish; 15m: MACD bearish; 1h: MACD bearish; 4h: RSI oversold (24.5)

[08:30:21] Cycle 891
  💰 Current Price: $0.26
  🎯 Signal: SELL (confidence: 0.17)
  📝 Reason: 5m: MACD bullish; 15m: MACD bearish; 1h: MACD bearish; 4h: RSI oversold (24.2)
  ⚠️ Sell signal but no position

[08:30:52] Cycle 892
  💰 Current Price: $0.26
  🎯 Signal: SELL (confidence: 0.17)
  📝 Reason: 5m: MACD bullish; 15m: MACD bearish; 1h: MACD bearish; 4h: RSI oversold (24.2)
  ⚠️ Sell signal but no position

[08:31:23] Cycle 893
  💰 Current Price: $0.26
  🎯 Signal: SELL (confidence: 0.17)
  📝 Reason: 5m: MACD bullish; 15m: MACD bearish; 1h: MACD bearish; 4h: RSI oversold (24.2)
  ⚠️ Sell signal but no position

[08:31:53] Cycle 894
  💰 Current Price: $0.26
  🎯 Signal: SELL (confidence: 0.17)
  📝 Reason: 5m: MACD bullish; 15m: MACD bearish; 1h: MACD bearish; 4h: RSI oversold (24.2)
  ⚠️ Sell signal but no position

[08:32:24] Cycle 895
  💰 Current Price: $0.26
  🎯 Signal: SELL (confidence: 0.17)
  📝 Reason: 5m: MACD bullish; 15m: MACD bearish; 1h: MACD bearish; 4h: RSI oversold (24.2)
  ⚠️ Sell signal but no position

[08:32:55] Cycle 896
  💰 Current Price: $0.26
  🎯 Signal: SELL (confidence: 0.17)
  📝 Reason: 5m: MACD bullish; 15m: MACD bearish; 1h: MACD bearish; 4h: RSI oversold (24.2)
  ⚠️ Sell signal but no position

[08:33:26] Cycle 897
  💰 Current Price: $0.26
  🎯 Signal: SELL (confidence: 0.17)
  📝 Reason: 5m: MACD bullish; 15m: MACD bearish; 1h: MACD bearish; 4h: RSI oversold (23.9)
  ⚠️ Sell signal but no position

[08:33:57] Cycle 898
  💰 Current Price: $0.26
  🎯 Signal: SELL (confidence: 0.17)
  📝 Reason: 5m: MACD bullish; 15m: MACD bearish; 1h: MACD bearish; 4h: RSI oversold (24.0)
  ⚠️ Sell signal but no position

[08:34:28] Cycle 899
  💰 Current Price: $0.26
  🎯 Signal: SELL (confidence: 0.17)
  📝 Reason: 5m: MACD bullish; 15m: MACD bearish; 1h: MACD bearish; 4h: RSI oversold (24.0)
  ⚠️ Sell signal but no position

[08:34:59] Cycle 900
  💰 Current Price: $0.26
  🎯 Signal: SELL (confidence: 0.17)
  📝 Reason: 5m: MACD bullish; 15m: MACD bearish; 1h: MACD bearish; 4h: RSI oversold (24.0)
  ⚠️ Sell signal but no position

[08:35:29] Cycle 901
  💰 Current Price: $0.26
  🎯 Signal: SELL (confidence: 0.17)
  📝 Reason: 5m: MACD bullish; 15m: MACD bearish; 1h: MACD bearish; 4h: RSI oversold (24.0)
  ⚠️ Sell signal but no position

[08:36:00] Cycle 902
  💰 Current Price: $0.26
  🎯 Signal: SELL (confidence: 0.17)
  📝 Reason: 5m: MACD bullish; 15m: MACD bearish; 1h: MACD bearish; 4h: RSI oversold (24.0)
  ⚠️ Sell signal but no position

[08:36:31] Cycle 903
  💰 Current Price: $0.26
  🎯 Signal: SELL (confidence: 0.17)
  📝 Reason: 5m: MACD bullish; 15m: MACD bearish; 1h: MACD bearish; 4h: RSI oversold (24.0)
  ⚠️ Sell signal but no position

[08:37:02] Cycle 904
  💰 Current Price: $0.26
  🎯 Signal: SELL (confidence: 0.17)
  📝 Reason: 5m: MACD bullish; 15m: MACD bearish; 1h: MACD bearish; 4h: RSI oversold (24.0)
  ⚠️ Sell signal but no position

[08:37:32] Cycle 905
  💰 Current Price: $0.26
  🎯 Signal: SELL (confidence: 0.17)
  📝 Reason: 5m: MACD bullish; 15m: MACD bearish; 1h: MACD bearish; 4h: RSI oversold (24.0)
  ⚠️ Sell signal but no position

[08:38:03] Cycle 906
  💰 Current Price: $0.26
  🎯 Signal: SELL (confidence: 0.17)
  📝 Reason: 5m: MACD bullish; 15m: MACD bearish; 1h: MACD bearish; 4h: RSI oversold (24.0)
  ⚠️ Sell signal but no position

[08:38:34] Cycle 907
  💰 Current Price: $0.26
  🎯 Signal: SELL (confidence: 0.17)
  ⚠️ Sell signal but no position

[08:21:38] Cycle 870
  💰 Current Price: $0.26
  🎯 Signal: SELL (confidence: 0.17)
  📝 Reason: 5m: MACD bullish; 15m: MACD bearish; 1h: MACD bearish; 4h: RSI oversold (23.7)
  ⚠️ Sell signal but no position

[08:22:09] Cycle 871
  💰 Current Price: $0.26
  🎯 Signal: SELL (confidence: 0.17)
  📝 Reason: 5m: MACD bullish; 15m: MACD bearish; 1h: MACD bearish; 4h: RSI oversold (23.7)
  ⚠️ Sell signal but no position

[08:22:40] Cycle 872
  💰 Current Price: $0.26
  🎯 Signal: SELL (confidence: 0.17)
  📝 Reason: 5m: MACD bullish; 15m: MACD bearish; 1h: MACD bearish; 4h: RSI oversold (23.7)
  ⚠️ Sell signal but no position

[08:23:11] Cycle 873
  💰 Current Price: $0.26
  🎯 Signal: SELL (confidence: 0.17)
  📝 Reason: 5m: MACD bullish; 15m: MACD bearish; 1h: MACD bearish; 4h: RSI oversold (23.7)
  ⚠️ Sell signal but no position

[08:23:41] Cycle 874
  💰 Current Price: $0.26
  🎯 Signal: SELL (confidence: 0.17)
  📝 Reason: 5m: MACD bullish; 15m: MACD bearish; 1h: MACD bearish; 4h: RSI oversold (24.1)
  ⚠️ Sell signal but no position

[08:24:12] Cycle 875
  💰 Current Price: $0.26
  🎯 Signal: SELL (confidence: 0.17)
  📝 Reason: 5m: MACD bullish; 15m: MACD bearish; 1h: MACD bearish; 4h: RSI oversold (24.1)
  ⚠️ Sell signal but no position

[08:24:43] Cycle 876
  💰 Current Price: $0.26
  🎯 Signal: SELL (confidence: 0.17)
  📝 Reason: 5m: MACD bullish; 15m: MACD bearish; 1h: MACD bearish; 4h: RSI oversold (24.1)
  ⚠️ Sell signal but no position

[08:25:14] Cycle 877
  💰 Current Price: $0.26
  🎯 Signal: SELL (confidence: 0.17)
  📝 Reason: 5m: MACD bullish; 15m: MACD bearish; 1h: MACD bearish; 4h: RSI oversold (24.1)
  ⚠️ Sell signal but no position

[08:25:44] Cycle 878
  💰 Current Price: $0.26
  🎯 Signal: SELL (confidence: 0.17)
  📝 Reason: 5m: MACD bullish; 15m: MACD bearish; 1h: MACD bearish; 4h: RSI oversold (24.1)
  ⚠️ Sell signal but no position

[08:26:15] Cycle 879
  💰 Current Price: $0.26
  🎯 Signal: HOLD (confidence: 0.10)
  📝 Reason: 5m: MACD bullish; 15m: MACD bearish; 1h: MACD bearish; 4h: RSI oversold (24.3)

[08:26:46] Cycle 880
  💰 Current Price: $0.26
  🎯 Signal: SELL (confidence: 0.17)
  📝 Reason: 5m: MACD bullish; 15m: MACD bearish; 1h: MACD bearish; 4h: RSI oversold (24.1)
  ⚠️ Sell signal but no position

[08:27:17] Cycle 881
  💰 Current Price: $0.26
  🎯 Signal: SELL (confidence: 0.17)
  📝 Reason: 5m: MACD bullish; 15m: MACD bearish; 1h: MACD bearish; 4h: RSI oversold (24.1)
  ⚠️ Sell signal but no position

[08:27:48] Cycle 882
  💰 Current Price: $0.26
  🎯 Signal: SELL (confidence: 0.17)
  📝 Reason: 5m: MACD bullish; 15m: MACD bearish; 1h: MACD bearish; 4h: RSI oversold (24.1)
  ⚠️ Sell signal but no position

[08:28:18] Cycle 883
  💰 Current Price: $0.26
  🎯 Signal: SELL (confidence: 0.17)
  📝 Reason: 5m: MACD bullish; 15m: MACD bearish; 1h: MACD bearish; 4h: RSI oversold (24.1)
  ⚠️ Sell signal but no position

[08:28:49] Cycle 884
  💰 Current Price: $0.26
  🎯 Signal: SELL (confidence: 0.17)
  📝 Reason: 5m: MACD bullish; 15m: MACD bearish; 1h: MACD bearish; 4h: RSI oversold (24.1)
  ⚠️ Sell signal but no position

[08:29:20] Cycle 885
  💰 Current Price: $0.26
  🎯 Signal: HOLD (confidence: 0.10)
  📝 Reason: 5m: MACD bullish; 15m: MACD bearish; 1h: MACD bearish; 4h: RSI oversold (24.5)

[08:29:51] Cycle 886
  💰 Current Price: $0.26
  🎯 Signal: HOLD (confidence: 0.10)
  📝 Reason: 5m: MACD bullish; 15m: MACD bearish; 1h: MACD bearish; 4h: RSI oversold (24.5)

[08:30:21] Cycle 887
  💰 Current Price: $0.26
  🎯 Signal: SELL (confidence: 0.17)
  📝 Reason: 5m: MACD bullish; 15m: MACD bearish; 1h: MACD bearish; 4h: RSI oversold (24.2)
  ⚠️ Sell signal but no position

[08:30:52] Cycle 888
  💰 Current Price: $0.26
  🎯 Signal: SELL (confidence: 0.17)
  📝 Reason: 5m: MACD bullish; 15m: MACD bearish; 1h: MACD bearish; 4h: RSI oversold (24.2)
  ⚠️ Sell signal but no position

[08:31:23] Cycle 889
  💰 Current Price: $0.26
  🎯 Signal: SELL (confidence: 0.17)
  📝 Reason: 5m: MACD bullish; 15m: MACD bearish; 1h: MACD bearish; 4h: RSI oversold (24.2)
  ⚠️ Sell signal but no position

[08:31:53] Cycle 890
  💰 Current Price: $0.26
  🎯 Signal: SELL (confidence: 0.17)
  📝 Reason: 5m: MACD bullish; 15m: MACD bearish; 1h: MACD bearish; 4h: RSI oversold (24.2)
  ⚠️ Sell signal but no position

[08:32:24] Cycle 891
  💰 Current Price: $0.26
  🎯 Signal: SELL (confidence: 0.17)
  📝 Reason: 5m: MACD bullish; 15m: MACD bearish; 1h: MACD bearish; 4h: RSI oversold (24.2)
  ⚠️ Sell signal but no position

[08:32:55] Cycle 892
  💰 Current Price: $0.26
  🎯 Signal: SELL (confidence: 0.17)
  📝 Reason: 5m: MACD bullish; 15m: MACD bearish; 1h: MACD bearish; 4h: RSI oversold (24.2)
  ⚠️ Sell signal but no position

[08:33:26] Cycle 893
  💰 Current Price: $0.26
  🎯 Signal: SELL (confidence: 0.17)
  📝 Reason: 5m: MACD bullish; 15m: MACD bearish; 1h: MACD bearish; 4h: RSI oversold (23.9)
  ⚠️ Sell signal but no position

[08:33:57] Cycle 894
  💰 Current Price: $0.26
  🎯 Signal: SELL (confidence: 0.17)
  📝 Reason: 5m: MACD bullish; 15m: MACD bearish; 1h: MACD bearish; 4h: RSI oversold (24.0)
  ⚠️ Sell signal but no position

[08:34:28] Cycle 895
  💰 Current Price: $0.26
  🎯 Signal: SELL (confidence: 0.17)
  📝 Reason: 5m: MACD bullish; 15m: MACD bearish; 1h: MACD bearish; 4h: RSI oversold (24.0)
  ⚠️ Sell signal but no position

[08:34:59] Cycle 896
  💰 Current Price: $0.26
  🎯 Signal: SELL (confidence: 0.17)
  📝 Reason: 5m: MACD bullish; 15m: MACD bearish; 1h: MACD bearish; 4h: RSI oversold (24.0)
  ⚠️ Sell signal but no position

[08:35:29] Cycle 897
  💰 Current Price: $0.26
  🎯 Signal: SELL (confidence: 0.17)
  📝 Reason: 5m: MACD bullish; 15m: MACD bearish; 1h: MACD bearish; 4h: RSI oversold (24.0)
  ⚠️ Sell signal but no position

[08:36:00] Cycle 898
  💰 Current Price: $0.26
  🎯 Signal: SELL (confidence: 0.17)
  📝 Reason: 5m: MACD bullish; 15m: MACD bearish; 1h: MACD bearish; 4h: RSI oversold (24.0)
  ⚠️ Sell signal but no position

[08:36:31] Cycle 899
  💰 Current Price: $0.26
  🎯 Signal: SELL (confidence: 0.17)
  📝 Reason: 5m: MACD bullish; 15m: MACD bearish; 1h: MACD bearish; 4h: RSI oversold (24.0)
  ⚠️ Sell signal but no position

[08:37:02] Cycle 900
  💰 Current Price: $0.26
  🎯 Signal: SELL (confidence: 0.17)
  📝 Reason: 5m: MACD bullish; 15m: MACD bearish; 1h: MACD bearish; 4h: RSI oversold (24.0)
  ⚠️ Sell signal but no position

[08:37:32] Cycle 901
  💰 Current Price: $0.26
  🎯 Signal: SELL (confidence: 0.17)
  📝 Reason: 5m: MACD bullish; 15m: MACD bearish; 1h: MACD bearish; 4h: RSI oversold (24.0)
  ⚠️ Sell signal but no position

[08:38:03] Cycle 902
  💰 Current Price: $0.26
  🎯 Signal: SELL (confidence: 0.17)
  📝 Reason: 5m: MACD bullish; 15m: MACD bearish; 1h: MACD bearish; 4h: RSI oversold (24.0)
  ⚠️ Sell signal but no position

[08:38:34] Cycle 903
  💰 Current Price: $0.26
  🎯 Signal: SELL (confidence: 0.17)
  📝 Reason: 5m: MACD bullish; 15m: MACD bearish; 1h: MACD bearish; 4h: RSI oversold (24.0)
  ⚠️ Sell signal but no position

[08:39:05] Cycle 904
  💰 Current Price: $0.26
  🎯 Signal: SELL (confidence: 0.17)
  📝 Reason: 5m: MACD bullish; 15m: MACD bearish; 1h: MACD bearish; 4h: RSI oversold (24.2)
  ⚠️ Sell signal but no position

[08:39:36] Cycle 905
  💰 Current Price: $0.26
  🎯 Signal: SELL (confidence: 0.17)
  📝 Reason: 5m: MACD bullish; 15m: MACD bearish; 1h: MACD bearish; 4h: RSI oversold (24.2)
  ⚠️ Sell signal but no position

[08:40:07] Cycle 906
  💰 Current Price: $0.26
  🎯 Signal: SELL (confidence: 0.17)
  📝 Reason: 5m: MACD bullish; 15m: MACD bearish; 1h: MACD bearish; 4h: RSI oversold (24.2)
  ⚠️ Sell signal but no position

[08:40:38] Cycle 907
  💰 Current Price: $0.26
  🎯 Signal: HOLD (confidence: 0.10)
  📝 Reason: 5m: MACD bullish; 15m: MACD bearish; 1h: MACD bearish; 4h: RSI oversold (24.0)
  ⚠️ Sell signal but no position

[08:39:05] Cycle 908
  💰 Current Price: $0.26
  🎯 Signal: SELL (confidence: 0.17)
  📝 Reason: 5m: MACD bullish; 15m: MACD bearish; 1h: MACD bearish; 4h: RSI oversold (24.2)
  ⚠️ Sell signal but no position

[08:39:36] Cycle 909
  💰 Current Price: $0.26
  🎯 Signal: SELL (confidence: 0.17)
  📝 Reason: 5m: MACD bullish; 15m: MACD bearish; 1h: MACD bearish; 4h: RSI oversold (24.2)
  ⚠️ Sell signal but no position

[08:40:07] Cycle 910
  💰 Current Price: $0.26
  🎯 Signal: SELL (confidence: 0.17)
  📝 Reason: 5m: MACD bullish; 15m: MACD bearish; 1h: MACD bearish; 4h: RSI oversold (24.2)
  ⚠️ Sell signal but no position

[08:40:38] Cycle 911
  💰 Current Price: $0.26
  🎯 Signal: HOLD (confidence: 0.10)
  📝 Reason: 5m: MACD bullish; 15m: MACD bearish; 1h: MACD bearish; 4h: RSI oversold (24.5)

[08:41:08] Cycle 912
  💰 Current Price: $0.26
  🎯 Signal: HOLD (confidence: 0.10)
  📝 Reason: 5m: MACD bullish; 15m: MACD bearish; 1h: MACD bearish; 4h: RSI oversold (24.4)

[08:41:39] Cycle 913
  💰 Current Price: $0.26
  🎯 Signal: HOLD (confidence: 0.10)
  📝 Reason: 5m: MACD bullish; 15m: MACD bearish; 1h: MACD bearish; 4h: RSI oversold (24.4)

[08:42:10] Cycle 914
  💰 Current Price: $0.26
  🎯 Signal: HOLD (confidence: 0.10)
  📝 Reason: 5m: MACD bullish; 15m: MACD bearish; 1h: MACD bearish; 4h: RSI oversold (24.4)

[08:42:41] Cycle 915
  💰 Current Price: $0.26
  🎯 Signal: HOLD (confidence: 0.10)
  📝 Reason: 5m: MACD bullish; 15m: MACD bearish; 1h: MACD bearish; 4h: RSI oversold (24.4)

[08:43:11] Cycle 916
  💰 Current Price: $0.26
  🎯 Signal: HOLD (confidence: 0.10)
  📝 Reason: 5m: MACD bullish; 15m: MACD bearish; 1h: MACD bearish; 4h: RSI oversold (24.4)

[08:43:42] Cycle 917
  💰 Current Price: $0.26
  🎯 Signal: HOLD (confidence: 0.10)
  📝 Reason: 5m: MACD bullish; 15m: MACD bearish; 1h: MACD bearish; 4h: RSI oversold (24.4)

[08:44:13] Cycle 918
  💰 Current Price: $0.26
  🎯 Signal: HOLD (confidence: 0.10)
  📝 Reason: 5m: MACD bullish; 15m: MACD bearish; 1h: MACD bearish; 4h: RSI oversold (24.4)

[08:44:44] Cycle 919
  💰 Current Price: $0.26
  🎯 Signal: HOLD (confidence: 0.10)
  📝 Reason: 5m: MACD bullish; 15m: MACD bearish; 1h: MACD bearish; 4h: RSI oversold (24.4)

[08:45:15] Cycle 920
  💰 Current Price: $0.26
  🎯 Signal: SELL (confidence: 0.20)
  📝 Reason: 5m: RSI overbought (71.9); 5m: MACD bullish; 15m: MACD bearish; 1h: MACD bearish
  ⚠️ Sell signal but no position

[08:45:46] Cycle 921
  💰 Current Price: $0.26
  🎯 Signal: SELL (confidence: 0.20)
  📝 Reason: 5m: RSI overbought (71.9); 5m: MACD bullish; 15m: MACD bearish; 1h: MACD bearish
  ⚠️ Sell signal but no position

[08:46:16] Cycle 922
  💰 Current Price: $0.26
  🎯 Signal: SELL (confidence: 0.20)
  📝 Reason: 5m: RSI overbought (71.9); 5m: MACD bullish; 15m: MACD bearish; 1h: MACD bearish
  ⚠️ Sell signal but no position

[08:46:47] Cycle 923
  💰 Current Price: $0.26
  🎯 Signal: SELL (confidence: 0.20)
  📝 Reason: 5m: RSI overbought (71.9); 5m: MACD bullish; 15m: MACD bearish; 1h: MACD bearish
  ⚠️ Sell signal but no position

[08:47:18] Cycle 924
  💰 Current Price: $0.26
  🎯 Signal: SELL (confidence: 0.20)
  📝 Reason: 5m: RSI overbought (71.9); 5m: MACD bullish; 15m: MACD bearish; 1h: MACD bearish
  ⚠️ Sell signal but no position

[08:47:49] Cycle 925
  💰 Current Price: $0.26
  🎯 Signal: SELL (confidence: 0.20)
  📝 Reason: 5m: RSI overbought (70.8); 5m: MACD bullish; 15m: MACD bearish; 1h: MACD bearish
  ⚠️ Sell signal but no position

[08:48:20] Cycle 926
  💰 Current Price: $0.26
  🎯 Signal: SELL (confidence: 0.20)
  📝 Reason: 5m: RSI overbought (70.8); 5m: MACD bullish; 15m: MACD bearish; 1h: MACD bearish
  ⚠️ Sell signal but no position

[08:48:51] Cycle 927
  💰 Current Price: $0.26
  🎯 Signal: SELL (confidence: 0.20)
  📝 Reason: 5m: RSI overbought (70.8); 5m: MACD bullish; 15m: MACD bearish; 1h: MACD bearish
  ⚠️ Sell signal but no position

[08:49:21] Cycle 928
  💰 Current Price: $0.26
  🎯 Signal: SELL (confidence: 0.20)
  📝 Reason: 5m: RSI overbought (72.0); 5m: MACD bullish; 15m: MACD bearish; 1h: MACD bearish
  ⚠️ Sell signal but no position

[08:49:52] Cycle 929
  💰 Current Price: $0.26
  🎯 Signal: SELL (confidence: 0.20)
  📝 Reason: 5m: RSI overbought (72.0); 5m: MACD bullish; 15m: MACD bearish; 1h: MACD bearish
  ⚠️ Sell signal but no position

[08:50:23] Cycle 930
  💰 Current Price: $0.26
  🎯 Signal: HOLD (confidence: 0.10)
  📝 Reason: 5m: MACD bullish; 15m: MACD bearish; 1h: MACD bearish; 4h: RSI oversold (24.4)

[08:50:54] Cycle 931
  💰 Current Price: $0.26
  🎯 Signal: HOLD (confidence: 0.10)
  📝 Reason: 5m: MACD bullish; 15m: MACD bearish; 1h: MACD bearish; 4h: RSI oversold (24.6)

[08:51:25] Cycle 932
  💰 Current Price: $0.26
  🎯 Signal: HOLD (confidence: 0.10)
  📝 Reason: 5m: MACD bullish; 15m: MACD bearish; 1h: MACD bearish; 4h: RSI oversold (24.6)

[08:51:55] Cycle 933
  💰 Current Price: $0.26
  🎯 Signal: HOLD (confidence: 0.10)
  📝 Reason: 5m: MACD bullish; 15m: MACD bearish; 1h: MACD bearish; 4h: RSI oversold (24.4)

[08:52:26] Cycle 934
  💰 Current Price: $0.26
  🎯 Signal: HOLD (confidence: 0.10)
  📝 Reason: 5m: MACD bullish; 15m: MACD bearish; 1h: MACD bearish; 4h: RSI oversold (24.4)

[08:52:57] Cycle 935
  💰 Current Price: $0.26
  🎯 Signal: HOLD (confidence: 0.10)
  📝 Reason: 5m: MACD bullish; 15m: MACD bearish; 1h: MACD bearish; 4h: RSI oversold (24.4)

[08:53:28] Cycle 936
  💰 Current Price: $0.26
  🎯 Signal: HOLD (confidence: 0.10)
  📝 Reason: 5m: MACD bullish; 15m: MACD bearish; 1h: MACD bearish; 4h: RSI oversold (24.6)

[08:53:59] Cycle 937
  💰 Current Price: $0.26
  🎯 Signal: HOLD (confidence: 0.10)
  📝 Reason: 5m: MACD bullish; 15m: MACD bearish; 1h: MACD bearish; 4h: RSI oversold (24.6)

[08:54:30] Cycle 938
  💰 Current Price: $0.26
  🎯 Signal: HOLD (confidence: 0.10)
  📝 Reason: 5m: MACD bullish; 15m: MACD bearish; 1h: MACD bearish; 4h: RSI oversold (24.6)

[08:55:00] Cycle 939
  💰 Current Price: $0.26
  🎯 Signal: HOLD (confidence: 0.10)
  📝 Reason: 5m: MACD bullish; 15m: MACD bearish; 1h: MACD bearish; 4h: RSI oversold (24.6)

[08:55:31] Cycle 940
  💰 Current Price: $0.26
  🎯 Signal: SELL (confidence: 0.17)
  📝 Reason: 5m: MACD bullish; 15m: MACD bearish; 1h: MACD bearish; 4h: RSI oversold (23.8)
  ⚠️ Sell signal but no position

[08:56:02] Cycle 941
  💰 Current Price: $0.26
  🎯 Signal: SELL (confidence: 0.17)
  📝 Reason: 5m: MACD bullish; 15m: MACD bearish; 1h: MACD bearish; 4h: RSI oversold (23.8)
  ⚠️ Sell signal but no position

[08:56:33] Cycle 942
  💰 Current Price: $0.26
  🎯 Signal: SELL (confidence: 0.17)
  📝 Reason: 5m: MACD bullish; 15m: MACD bearish; 1h: MACD bearish; 4h: RSI oversold (23.0)
  ⚠️ Sell signal but no position

[08:57:04] Cycle 943
  💰 Current Price: $0.26
  🎯 Signal: SELL (confidence: 0.17)
  📝 Reason: 5m: MACD bullish; 15m: MACD bearish; 1h: MACD bearish; 4h: RSI oversold (22.7)
  ⚠️ Sell signal but no position

[08:57:34] Cycle 944
  💰 Current Price: $0.26
  🎯 Signal: SELL (confidence: 0.17)
  📝 Reason: 5m: MACD bullish; 15m: MACD bearish; 1h: MACD bearish; 4h: RSI oversold (22.7)
  ⚠️ Sell signal but no position

[08:58:05] Cycle 945
  💰 Current Price: $0.26
  🎯 Signal: SELL (confidence: 0.17)
  📝 Reason: 5m: MACD bullish; 15m: MACD bearish; 1h: MACD bearish; 4h: RSI oversold (22.7)
  ⚠️ Sell signal but no position

[08:58:36] Cycle 946
  💰 Current Price: $0.26
  🎯 Signal: SELL (confidence: 0.17)
  📝 Reason: 5m: MACD bullish; 15m: MACD bearish; 1h: MACD bearish; 4h: RSI oversold (22.7)
  ⚠️ Sell signal but no position

[08:59:07] Cycle 947
  💰 Current Price: $0.26
  🎯 Signal: SELL (confidence: 0.17)
  📝 Reason: 5m: MACD bullish; 15m: MACD bearish; 1h: MACD bearish; 4h: RSI oversold (24.5)

[08:41:08] Cycle 908
  💰 Current Price: $0.26
  🎯 Signal: HOLD (confidence: 0.10)
  📝 Reason: 5m: MACD bullish; 15m: MACD bearish; 1h: MACD bearish; 4h: RSI oversold (24.4)

[08:41:39] Cycle 909
  💰 Current Price: $0.26
  🎯 Signal: HOLD (confidence: 0.10)
  📝 Reason: 5m: MACD bullish; 15m: MACD bearish; 1h: MACD bearish; 4h: RSI oversold (24.4)

[08:42:10] Cycle 910
  💰 Current Price: $0.26
  🎯 Signal: HOLD (confidence: 0.10)
  📝 Reason: 5m: MACD bullish; 15m: MACD bearish; 1h: MACD bearish; 4h: RSI oversold (24.4)

[08:42:41] Cycle 911
  💰 Current Price: $0.26
  🎯 Signal: HOLD (confidence: 0.10)
  📝 Reason: 5m: MACD bullish; 15m: MACD bearish; 1h: MACD bearish; 4h: RSI oversold (24.4)

[08:43:11] Cycle 912
  💰 Current Price: $0.26
  🎯 Signal: HOLD (confidence: 0.10)
  📝 Reason: 5m: MACD bullish; 15m: MACD bearish; 1h: MACD bearish; 4h: RSI oversold (24.4)

[08:43:42] Cycle 913
  💰 Current Price: $0.26
  🎯 Signal: HOLD (confidence: 0.10)
  📝 Reason: 5m: MACD bullish; 15m: MACD bearish; 1h: MACD bearish; 4h: RSI oversold (24.4)

[08:44:13] Cycle 914
  💰 Current Price: $0.26
  🎯 Signal: HOLD (confidence: 0.10)
  📝 Reason: 5m: MACD bullish; 15m: MACD bearish; 1h: MACD bearish; 4h: RSI oversold (24.4)

[08:44:44] Cycle 915
  💰 Current Price: $0.26
  🎯 Signal: HOLD (confidence: 0.10)
  📝 Reason: 5m: MACD bullish; 15m: MACD bearish; 1h: MACD bearish; 4h: RSI oversold (24.4)

[08:45:15] Cycle 916
  💰 Current Price: $0.26
  🎯 Signal: SELL (confidence: 0.20)
  📝 Reason: 5m: RSI overbought (71.9); 5m: MACD bullish; 15m: MACD bearish; 1h: MACD bearish
  ⚠️ Sell signal but no position

[08:45:46] Cycle 917
  💰 Current Price: $0.26
  🎯 Signal: SELL (confidence: 0.20)
  📝 Reason: 5m: RSI overbought (71.9); 5m: MACD bullish; 15m: MACD bearish; 1h: MACD bearish
  ⚠️ Sell signal but no position

[08:46:16] Cycle 918
  💰 Current Price: $0.26
  🎯 Signal: SELL (confidence: 0.20)
  📝 Reason: 5m: RSI overbought (71.9); 5m: MACD bullish; 15m: MACD bearish; 1h: MACD bearish
  ⚠️ Sell signal but no position

[08:46:47] Cycle 919
  💰 Current Price: $0.26
  🎯 Signal: SELL (confidence: 0.20)
  📝 Reason: 5m: RSI overbought (71.9); 5m: MACD bullish; 15m: MACD bearish; 1h: MACD bearish
  ⚠️ Sell signal but no position

[08:47:18] Cycle 920
  💰 Current Price: $0.26
  🎯 Signal: SELL (confidence: 0.20)
  📝 Reason: 5m: RSI overbought (71.9); 5m: MACD bullish; 15m: MACD bearish; 1h: MACD bearish
  ⚠️ Sell signal but no position

[08:47:49] Cycle 921
  💰 Current Price: $0.26
  🎯 Signal: SELL (confidence: 0.20)
  📝 Reason: 5m: RSI overbought (70.8); 5m: MACD bullish; 15m: MACD bearish; 1h: MACD bearish
  ⚠️ Sell signal but no position

[08:48:20] Cycle 922
  💰 Current Price: $0.26
  🎯 Signal: SELL (confidence: 0.20)
  📝 Reason: 5m: RSI overbought (70.8); 5m: MACD bullish; 15m: MACD bearish; 1h: MACD bearish
  ⚠️ Sell signal but no position

[08:48:51] Cycle 923
  💰 Current Price: $0.26
  🎯 Signal: SELL (confidence: 0.20)
  📝 Reason: 5m: RSI overbought (70.8); 5m: MACD bullish; 15m: MACD bearish; 1h: MACD bearish
  ⚠️ Sell signal but no position

[08:49:21] Cycle 924
  💰 Current Price: $0.26
  🎯 Signal: SELL (confidence: 0.20)
  📝 Reason: 5m: RSI overbought (72.0); 5m: MACD bullish; 15m: MACD bearish; 1h: MACD bearish
  ⚠️ Sell signal but no position

[08:49:52] Cycle 925
  💰 Current Price: $0.26
  🎯 Signal: SELL (confidence: 0.20)
  📝 Reason: 5m: RSI overbought (72.0); 5m: MACD bullish; 15m: MACD bearish; 1h: MACD bearish
  ⚠️ Sell signal but no position

[08:50:23] Cycle 926
  💰 Current Price: $0.26
  🎯 Signal: HOLD (confidence: 0.10)
  📝 Reason: 5m: MACD bullish; 15m: MACD bearish; 1h: MACD bearish; 4h: RSI oversold (24.4)

[08:50:54] Cycle 927
  💰 Current Price: $0.26
  🎯 Signal: HOLD (confidence: 0.10)
  📝 Reason: 5m: MACD bullish; 15m: MACD bearish; 1h: MACD bearish; 4h: RSI oversold (24.6)

[08:51:25] Cycle 928
  💰 Current Price: $0.26
  🎯 Signal: HOLD (confidence: 0.10)
  📝 Reason: 5m: MACD bullish; 15m: MACD bearish; 1h: MACD bearish; 4h: RSI oversold (24.6)

[08:51:55] Cycle 929
  💰 Current Price: $0.26
  🎯 Signal: HOLD (confidence: 0.10)
  📝 Reason: 5m: MACD bullish; 15m: MACD bearish; 1h: MACD bearish; 4h: RSI oversold (24.4)

[08:52:26] Cycle 930
  💰 Current Price: $0.26
  🎯 Signal: HOLD (confidence: 0.10)
  📝 Reason: 5m: MACD bullish; 15m: MACD bearish; 1h: MACD bearish; 4h: RSI oversold (24.4)

[08:52:57] Cycle 931
  💰 Current Price: $0.26
  🎯 Signal: HOLD (confidence: 0.10)
  📝 Reason: 5m: MACD bullish; 15m: MACD bearish; 1h: MACD bearish; 4h: RSI oversold (24.4)

[08:53:28] Cycle 932
  💰 Current Price: $0.26
  🎯 Signal: HOLD (confidence: 0.10)
  📝 Reason: 5m: MACD bullish; 15m: MACD bearish; 1h: MACD bearish; 4h: RSI oversold (24.6)

[08:53:59] Cycle 933
  💰 Current Price: $0.26
  🎯 Signal: HOLD (confidence: 0.10)
  📝 Reason: 5m: MACD bullish; 15m: MACD bearish; 1h: MACD bearish; 4h: RSI oversold (24.6)

[08:54:30] Cycle 934
  💰 Current Price: $0.26
  🎯 Signal: HOLD (confidence: 0.10)
  📝 Reason: 5m: MACD bullish; 15m: MACD bearish; 1h: MACD bearish; 4h: RSI oversold (24.6)

[08:55:00] Cycle 935
  💰 Current Price: $0.26
  🎯 Signal: HOLD (confidence: 0.10)
  📝 Reason: 5m: MACD bullish; 15m: MACD bearish; 1h: MACD bearish; 4h: RSI oversold (24.6)

[08:55:31] Cycle 936
  💰 Current Price: $0.26
  🎯 Signal: SELL (confidence: 0.17)
  📝 Reason: 5m: MACD bullish; 15m: MACD bearish; 1h: MACD bearish; 4h: RSI oversold (23.8)
  ⚠️ Sell signal but no position

[08:56:02] Cycle 937
  💰 Current Price: $0.26
  🎯 Signal: SELL (confidence: 0.17)
  📝 Reason: 5m: MACD bullish; 15m: MACD bearish; 1h: MACD bearish; 4h: RSI oversold (23.8)
  ⚠️ Sell signal but no position

[08:56:33] Cycle 938
  💰 Current Price: $0.26
  🎯 Signal: SELL (confidence: 0.17)
  📝 Reason: 5m: MACD bullish; 15m: MACD bearish; 1h: MACD bearish; 4h: RSI oversold (23.0)
  ⚠️ Sell signal but no position

[08:57:04] Cycle 939
  💰 Current Price: $0.26
  🎯 Signal: SELL (confidence: 0.17)
  📝 Reason: 5m: MACD bullish; 15m: MACD bearish; 1h: MACD bearish; 4h: RSI oversold (22.7)
  ⚠️ Sell signal but no position

[08:57:34] Cycle 940
  💰 Current Price: $0.26
  🎯 Signal: SELL (confidence: 0.17)
  📝 Reason: 5m: MACD bullish; 15m: MACD bearish; 1h: MACD bearish; 4h: RSI oversold (22.7)
  ⚠️ Sell signal but no position

[08:58:05] Cycle 941
  💰 Current Price: $0.26
  🎯 Signal: SELL (confidence: 0.17)
  📝 Reason: 5m: MACD bullish; 15m: MACD bearish; 1h: MACD bearish; 4h: RSI oversold (22.7)
  ⚠️ Sell signal but no position

[08:58:36] Cycle 942
  💰 Current Price: $0.26
  🎯 Signal: SELL (confidence: 0.17)
  📝 Reason: 5m: MACD bullish; 15m: MACD bearish; 1h: MACD bearish; 4h: RSI oversold (22.7)
  ⚠️ Sell signal but no position

[08:59:07] Cycle 943
  💰 Current Price: $0.26
  🎯 Signal: SELL (confidence: 0.17)
  📝 Reason: 5m: MACD bullish; 15m: MACD bearish; 1h: MACD bearish; 4h: RSI oversold (22.7)
  ⚠️ Sell signal but no position

[08:59:37] Cycle 944
  💰 Current Price: $0.26
  🎯 Signal: SELL (confidence: 0.17)
  📝 Reason: 5m: MACD bullish; 15m: MACD bearish; 1h: MACD bearish; 4h: RSI oversold (22.6)
  ⚠️ Sell signal but no position

[09:00:08] Cycle 945
  💰 Current Price: $0.26
  🎯 Signal: HOLD (confidence: 0.10)
  📝 Reason: 5m: MACD bullish; 15m: MACD bearish; 1h: MACD bearish; 4h: RSI oversold (22.6)

[09:00:39] Cycle 946
  💰 Current Price: $0.26
  🎯 Signal: HOLD (confidence: 0.10)
  📝 Reason: 5m: MACD bullish; 15m: MACD bearish; 1h: MACD bearish; 4h: RSI oversold (22.6)

[09:01:10] Cycle 947
  💰 Current Price: $0.26
  🎯 Signal: HOLD (confidence: 0.10)
  📝 Reason: 5m: MACD bullish; 15m: MACD bearish; 1h: MACD bearish; 4h: RSI oversold (22.6)

[09:01:41] Cycle 948
  💰 Current Price: $0.26
  📝 Reason: 5m: MACD bullish; 15m: MACD bearish; 1h: MACD bearish; 4h: RSI oversold (22.7)
  ⚠️ Sell signal but no position

[08:59:37] Cycle 948
  💰 Current Price: $0.26
  🎯 Signal: SELL (confidence: 0.17)
  📝 Reason: 5m: MACD bullish; 15m: MACD bearish; 1h: MACD bearish; 4h: RSI oversold (22.6)
  ⚠️ Sell signal but no position

[09:00:08] Cycle 949
  💰 Current Price: $0.26
  🎯 Signal: HOLD (confidence: 0.10)
  📝 Reason: 5m: MACD bullish; 15m: MACD bearish; 1h: MACD bearish; 4h: RSI oversold (22.6)

[09:00:39] Cycle 950
  💰 Current Price: $0.26
  🎯 Signal: HOLD (confidence: 0.10)
  📝 Reason: 5m: MACD bullish; 15m: MACD bearish; 1h: MACD bearish; 4h: RSI oversold (22.6)

[09:01:10] Cycle 951
  💰 Current Price: $0.26
  🎯 Signal: HOLD (confidence: 0.10)
  📝 Reason: 5m: MACD bullish; 15m: MACD bearish; 1h: MACD bearish; 4h: RSI oversold (22.6)

[09:01:41] Cycle 952
  💰 Current Price: $0.26
  🎯 Signal: HOLD (confidence: 0.10)
  📝 Reason: 5m: MACD bullish; 15m: MACD bearish; 1h: MACD bearish; 4h: RSI oversold (22.6)

[09:02:12] Cycle 953
  💰 Current Price: $0.26
  🎯 Signal: HOLD (confidence: 0.10)
  📝 Reason: 5m: MACD bullish; 15m: MACD bearish; 1h: MACD bearish; 4h: RSI oversold (22.4)

[09:02:42] Cycle 954
  💰 Current Price: $0.26
  🎯 Signal: HOLD (confidence: 0.10)
  📝 Reason: 5m: MACD bullish; 15m: MACD bearish; 1h: MACD bearish; 4h: RSI oversold (22.4)

[09:03:13] Cycle 955
  💰 Current Price: $0.26
  🎯 Signal: HOLD (confidence: 0.10)
  📝 Reason: 5m: MACD bullish; 15m: MACD bearish; 1h: MACD bearish; 4h: RSI oversold (22.4)

[09:03:44] Cycle 956
  💰 Current Price: $0.26
  🎯 Signal: HOLD (confidence: 0.10)
  📝 Reason: 5m: MACD bullish; 15m: MACD bearish; 1h: MACD bearish; 4h: RSI oversold (22.4)

[09:04:15] Cycle 957
  💰 Current Price: $0.26
  🎯 Signal: HOLD (confidence: 0.10)
  📝 Reason: 5m: MACD bullish; 15m: MACD bearish; 1h: MACD bearish; 4h: RSI oversold (22.4)

[09:04:45] Cycle 958
  💰 Current Price: $0.26
  🎯 Signal: HOLD (confidence: 0.10)
  📝 Reason: 5m: MACD bullish; 15m: MACD bearish; 1h: MACD bearish; 4h: RSI oversold (22.4)

[09:05:16] Cycle 959
  💰 Current Price: $0.26
  🎯 Signal: HOLD (confidence: 0.10)
  📝 Reason: 5m: MACD bullish; 15m: MACD bearish; 1h: MACD bearish; 4h: RSI oversold (22.4)

[09:05:47] Cycle 960
  💰 Current Price: $0.26
  🎯 Signal: HOLD (confidence: 0.10)
  📝 Reason: 5m: MACD bullish; 15m: MACD bearish; 1h: MACD bearish; 4h: RSI oversold (22.4)

[09:06:18] Cycle 961
  💰 Current Price: $0.26
  🎯 Signal: HOLD (confidence: 0.10)
  📝 Reason: 5m: MACD bullish; 15m: MACD bearish; 1h: MACD bearish; 4h: RSI oversold (22.4)

[09:06:49] Cycle 962
  💰 Current Price: $0.26
  🎯 Signal: HOLD (confidence: 0.10)
  📝 Reason: 5m: MACD bullish; 15m: MACD bearish; 1h: MACD bearish; 4h: RSI oversold (22.4)

[09:07:20] Cycle 963
  💰 Current Price: $0.26
  🎯 Signal: HOLD (confidence: 0.10)
  📝 Reason: 5m: MACD bullish; 15m: MACD bearish; 1h: MACD bearish; 4h: RSI oversold (22.4)

[09:07:50] Cycle 964
  💰 Current Price: $0.26
  🎯 Signal: HOLD (confidence: 0.10)
  📝 Reason: 5m: MACD bullish; 15m: MACD bearish; 1h: MACD bearish; 4h: RSI oversold (22.4)

[09:08:21] Cycle 965
  💰 Current Price: $0.26
  🎯 Signal: HOLD (confidence: 0.10)
  📝 Reason: 5m: MACD bullish; 15m: MACD bearish; 1h: MACD bearish; 4h: RSI oversold (22.5)

[09:08:52] Cycle 966
  💰 Current Price: $0.26
  🎯 Signal: HOLD (confidence: 0.10)
  📝 Reason: 5m: MACD bullish; 15m: MACD bearish; 1h: MACD bearish; 4h: RSI oversold (22.5)

[09:09:23] Cycle 967
  💰 Current Price: $0.26
  🎯 Signal: HOLD (confidence: 0.10)
  📝 Reason: 5m: MACD bullish; 15m: MACD bearish; 1h: MACD bearish; 4h: RSI oversold (22.5)

[09:09:54] Cycle 968
  💰 Current Price: $0.26
  🎯 Signal: HOLD (confidence: 0.10)
  📝 Reason: 5m: MACD bullish; 15m: MACD bearish; 1h: MACD bearish; 4h: RSI oversold (22.5)

[09:10:25] Cycle 969
  💰 Current Price: $0.26
  🎯 Signal: SELL (confidence: 0.20)
  📝 Reason: 5m: MACD bearish; 15m: MACD bearish; 1h: MACD bearish; 4h: RSI oversold (22.5)
  ⚠️ Sell signal but no position

[09:10:55] Cycle 970
  💰 Current Price: $0.26
  🎯 Signal: SELL (confidence: 0.20)
  📝 Reason: 5m: MACD bearish; 15m: MACD bearish; 1h: MACD bearish; 4h: RSI oversold (22.4)
  ⚠️ Sell signal but no position

[09:11:26] Cycle 971
  💰 Current Price: $0.26
  🎯 Signal: SELL (confidence: 0.20)
  📝 Reason: 5m: MACD bearish; 15m: MACD bearish; 1h: MACD bearish; 4h: RSI oversold (22.4)
  ⚠️ Sell signal but no position

[09:11:57] Cycle 972
  💰 Current Price: $0.26
  🎯 Signal: SELL (confidence: 0.20)
  📝 Reason: 5m: MACD bearish; 15m: MACD bearish; 1h: MACD bearish; 4h: RSI oversold (22.4)
  ⚠️ Sell signal but no position

[09:12:28] Cycle 973
  💰 Current Price: $0.26
  🎯 Signal: SELL (confidence: 0.20)
  📝 Reason: 5m: MACD bearish; 15m: MACD bearish; 1h: MACD bearish; 4h: RSI oversold (22.4)
  ⚠️ Sell signal but no position

[09:12:59] Cycle 974
  💰 Current Price: $0.26
  🎯 Signal: SELL (confidence: 0.20)
  📝 Reason: 5m: MACD bearish; 15m: MACD bearish; 1h: MACD bearish; 4h: RSI oversold (22.4)
  ⚠️ Sell signal but no position

[09:13:30] Cycle 975
  💰 Current Price: $0.26
  🎯 Signal: SELL (confidence: 0.20)
  📝 Reason: 5m: MACD bearish; 15m: MACD bearish; 1h: MACD bearish; 4h: RSI oversold (22.6)
  ⚠️ Sell signal but no position

[09:14:01] Cycle 976
  💰 Current Price: $0.26
  🎯 Signal: HOLD (confidence: 0.10)
  📝 Reason: 5m: MACD bullish; 15m: MACD bearish; 1h: MACD bearish; 4h: RSI oversold (22.7)

[09:14:31] Cycle 977
  💰 Current Price: $0.26
  🎯 Signal: HOLD (confidence: 0.10)
  📝 Reason: 5m: MACD bullish; 15m: MACD bearish; 1h: MACD bearish; 4h: RSI oversold (22.7)

[09:15:02] Cycle 978
  💰 Current Price: $0.26
  🎯 Signal: SELL (confidence: 0.20)
  📝 Reason: 5m: MACD bearish; 15m: MACD bearish; 1h: MACD bearish; 4h: RSI oversold (22.7)
  ⚠️ Sell signal but no position

[09:15:33] Cycle 979
  💰 Current Price: $0.26
  🎯 Signal: SELL (confidence: 0.20)
  📝 Reason: 5m: MACD bearish; 15m: MACD bearish; 1h: MACD bearish; 4h: RSI oversold (22.7)
  ⚠️ Sell signal but no position

[09:16:04] Cycle 980
  💰 Current Price: $0.26
  🎯 Signal: SELL (confidence: 0.20)
  📝 Reason: 5m: MACD bearish; 15m: MACD bearish; 1h: MACD bearish; 4h: RSI oversold (22.7)
  ⚠️ Sell signal but no position

[09:16:35] Cycle 981
  💰 Current Price: $0.26
  🎯 Signal: SELL (confidence: 0.20)
  📝 Reason: 5m: MACD bearish; 15m: MACD bearish; 1h: MACD bearish; 4h: RSI oversold (23.5)
  ⚠️ Sell signal but no position

[09:17:05] Cycle 982
  💰 Current Price: $0.26
  🎯 Signal: SELL (confidence: 0.20)
  📝 Reason: 5m: MACD bearish; 15m: MACD bearish; 1h: MACD bearish; 4h: RSI oversold (23.5)
  ⚠️ Sell signal but no position

[09:17:36] Cycle 983
  💰 Current Price: $0.26
  🎯 Signal: HOLD (confidence: 0.10)
  📝 Reason: 5m: MACD bullish; 15m: MACD bearish; 1h: MACD bearish; 4h: RSI oversold (23.8)

[09:18:07] Cycle 984
  💰 Current Price: $0.26
  🎯 Signal: HOLD (confidence: 0.10)
  📝 Reason: 5m: MACD bullish; 15m: MACD bearish; 1h: MACD bearish; 4h: RSI oversold (23.8)

[09:18:38] Cycle 985
  💰 Current Price: $0.26
  🎯 Signal: HOLD (confidence: 0.10)
  📝 Reason: 5m: MACD bullish; 15m: MACD bearish; 1h: MACD bearish; 4h: RSI oversold (23.8)

[09:19:09] Cycle 986
  💰 Current Price: $0.26
  🎯 Signal: HOLD (confidence: 0.10)
  📝 Reason: 5m: MACD bullish; 15m: MACD bearish; 1h: MACD bearish; 4h: RSI oversold (23.8)

[09:19:39] Cycle 987
  💰 Current Price: $0.26
  🎯 Signal: HOLD (confidence: 0.10)
  📝 Reason: 5m: MACD bullish; 15m: MACD bearish; 1h: MACD bearish; 4h: RSI oversold (23.8)

[09:20:10] Cycle 988
  💰 Current Price: $0.26
  🎯 Signal: HOLD (confidence: 0.10)
  📝 Reason: 5m: MACD bullish; 15m: MACD bearish; 1h: MACD bearish; 4h: RSI oversold (23.8)

[09:20:41] Cycle 989
  💰 Current Price: $0.26
  🎯 Signal: HOLD (confidence: 0.10)
  📝 Reason: 5m: MACD bullish; 15m: MACD bearish; 1h: MACD bearish; 4h: RSI oversold (22.6)

[09:02:12] Cycle 949
  💰 Current Price: $0.26
  🎯 Signal: HOLD (confidence: 0.10)
  📝 Reason: 5m: MACD bullish; 15m: MACD bearish; 1h: MACD bearish; 4h: RSI oversold (22.4)

[09:02:42] Cycle 950
  💰 Current Price: $0.26
  🎯 Signal: HOLD (confidence: 0.10)
  📝 Reason: 5m: MACD bullish; 15m: MACD bearish; 1h: MACD bearish; 4h: RSI oversold (22.4)

[09:03:13] Cycle 951
  💰 Current Price: $0.26
  🎯 Signal: HOLD (confidence: 0.10)
  📝 Reason: 5m: MACD bullish; 15m: MACD bearish; 1h: MACD bearish; 4h: RSI oversold (22.4)

[09:03:44] Cycle 952
  💰 Current Price: $0.26
  🎯 Signal: HOLD (confidence: 0.10)
  📝 Reason: 5m: MACD bullish; 15m: MACD bearish; 1h: MACD bearish; 4h: RSI oversold (22.4)

[09:04:15] Cycle 953
  💰 Current Price: $0.26
  🎯 Signal: HOLD (confidence: 0.10)
  📝 Reason: 5m: MACD bullish; 15m: MACD bearish; 1h: MACD bearish; 4h: RSI oversold (22.4)

[09:04:45] Cycle 954
  💰 Current Price: $0.26
  🎯 Signal: HOLD (confidence: 0.10)
  📝 Reason: 5m: MACD bullish; 15m: MACD bearish; 1h: MACD bearish; 4h: RSI oversold (22.4)

[09:05:17] Cycle 955
  💰 Current Price: $0.26
  🎯 Signal: HOLD (confidence: 0.10)
  📝 Reason: 5m: MACD bullish; 15m: MACD bearish; 1h: MACD bearish; 4h: RSI oversold (22.4)

[09:05:47] Cycle 956
  💰 Current Price: $0.26
  🎯 Signal: HOLD (confidence: 0.10)
  📝 Reason: 5m: MACD bullish; 15m: MACD bearish; 1h: MACD bearish; 4h: RSI oversold (22.4)

[09:06:18] Cycle 957
  💰 Current Price: $0.26
  🎯 Signal: HOLD (confidence: 0.10)
  📝 Reason: 5m: MACD bullish; 15m: MACD bearish; 1h: MACD bearish; 4h: RSI oversold (22.4)

[09:06:49] Cycle 958
  💰 Current Price: $0.26
  🎯 Signal: HOLD (confidence: 0.10)
  📝 Reason: 5m: MACD bullish; 15m: MACD bearish; 1h: MACD bearish; 4h: RSI oversold (22.4)

[09:07:20] Cycle 959
  💰 Current Price: $0.26
  🎯 Signal: HOLD (confidence: 0.10)
  📝 Reason: 5m: MACD bullish; 15m: MACD bearish; 1h: MACD bearish; 4h: RSI oversold (22.4)

[09:07:50] Cycle 960
  💰 Current Price: $0.26
  🎯 Signal: HOLD (confidence: 0.10)
  📝 Reason: 5m: MACD bullish; 15m: MACD bearish; 1h: MACD bearish; 4h: RSI oversold (22.4)

[09:08:21] Cycle 961
  💰 Current Price: $0.26
  🎯 Signal: HOLD (confidence: 0.10)
  📝 Reason: 5m: MACD bullish; 15m: MACD bearish; 1h: MACD bearish; 4h: RSI oversold (22.5)

[09:08:52] Cycle 962
  💰 Current Price: $0.26
  🎯 Signal: HOLD (confidence: 0.10)
  📝 Reason: 5m: MACD bullish; 15m: MACD bearish; 1h: MACD bearish; 4h: RSI oversold (22.5)

[09:09:23] Cycle 963
  💰 Current Price: $0.26
  🎯 Signal: HOLD (confidence: 0.10)
  📝 Reason: 5m: MACD bullish; 15m: MACD bearish; 1h: MACD bearish; 4h: RSI oversold (22.5)

[09:09:54] Cycle 964
  💰 Current Price: $0.26
  🎯 Signal: HOLD (confidence: 0.10)
  📝 Reason: 5m: MACD bullish; 15m: MACD bearish; 1h: MACD bearish; 4h: RSI oversold (22.5)

[09:10:25] Cycle 965
  💰 Current Price: $0.26
  🎯 Signal: SELL (confidence: 0.20)
  📝 Reason: 5m: MACD bearish; 15m: MACD bearish; 1h: MACD bearish; 4h: RSI oversold (22.5)
  ⚠️ Sell signal but no position

[09:10:55] Cycle 966
  💰 Current Price: $0.26
  🎯 Signal: SELL (confidence: 0.20)
  📝 Reason: 5m: MACD bearish; 15m: MACD bearish; 1h: MACD bearish; 4h: RSI oversold (22.4)
  ⚠️ Sell signal but no position

[09:11:26] Cycle 967
  💰 Current Price: $0.26
  🎯 Signal: SELL (confidence: 0.20)
  📝 Reason: 5m: MACD bearish; 15m: MACD bearish; 1h: MACD bearish; 4h: RSI oversold (22.4)
  ⚠️ Sell signal but no position

[09:11:57] Cycle 968
  💰 Current Price: $0.26
  🎯 Signal: SELL (confidence: 0.20)
  📝 Reason: 5m: MACD bearish; 15m: MACD bearish; 1h: MACD bearish; 4h: RSI oversold (22.4)
  ⚠️ Sell signal but no position

[09:12:28] Cycle 969
  💰 Current Price: $0.26
  🎯 Signal: SELL (confidence: 0.20)
  📝 Reason: 5m: MACD bearish; 15m: MACD bearish; 1h: MACD bearish; 4h: RSI oversold (22.4)
  ⚠️ Sell signal but no position

[09:12:59] Cycle 970
  💰 Current Price: $0.26
  🎯 Signal: SELL (confidence: 0.20)
  📝 Reason: 5m: MACD bearish; 15m: MACD bearish; 1h: MACD bearish; 4h: RSI oversold (22.4)
  ⚠️ Sell signal but no position

[09:13:30] Cycle 971
  💰 Current Price: $0.26
  🎯 Signal: SELL (confidence: 0.20)
  📝 Reason: 5m: MACD bearish; 15m: MACD bearish; 1h: MACD bearish; 4h: RSI oversold (22.6)
  ⚠️ Sell signal but no position

[09:14:01] Cycle 972
  💰 Current Price: $0.26
  🎯 Signal: HOLD (confidence: 0.10)
  📝 Reason: 5m: MACD bullish; 15m: MACD bearish; 1h: MACD bearish; 4h: RSI oversold (22.7)

[09:14:31] Cycle 973
  💰 Current Price: $0.26
  🎯 Signal: HOLD (confidence: 0.10)
  📝 Reason: 5m: MACD bullish; 15m: MACD bearish; 1h: MACD bearish; 4h: RSI oversold (22.7)

[09:15:02] Cycle 974
  💰 Current Price: $0.26
  🎯 Signal: SELL (confidence: 0.20)
  📝 Reason: 5m: MACD bearish; 15m: MACD bearish; 1h: MACD bearish; 4h: RSI oversold (22.7)
  ⚠️ Sell signal but no position

[09:15:33] Cycle 975
  💰 Current Price: $0.26
  🎯 Signal: SELL (confidence: 0.20)
  📝 Reason: 5m: MACD bearish; 15m: MACD bearish; 1h: MACD bearish; 4h: RSI oversold (22.7)
  ⚠️ Sell signal but no position

[09:16:04] Cycle 976
  💰 Current Price: $0.26
  🎯 Signal: SELL (confidence: 0.20)
  📝 Reason: 5m: MACD bearish; 15m: MACD bearish; 1h: MACD bearish; 4h: RSI oversold (22.7)
  ⚠️ Sell signal but no position

[09:16:35] Cycle 977
  💰 Current Price: $0.26
  🎯 Signal: SELL (confidence: 0.20)
  📝 Reason: 5m: MACD bearish; 15m: MACD bearish; 1h: MACD bearish; 4h: RSI oversold (23.5)
  ⚠️ Sell signal but no position

[09:17:05] Cycle 978
  💰 Current Price: $0.26
  🎯 Signal: SELL (confidence: 0.20)
  📝 Reason: 5m: MACD bearish; 15m: MACD bearish; 1h: MACD bearish; 4h: RSI oversold (23.5)
  ⚠️ Sell signal but no position

[09:17:36] Cycle 979
  💰 Current Price: $0.26
  🎯 Signal: HOLD (confidence: 0.10)
  📝 Reason: 5m: MACD bullish; 15m: MACD bearish; 1h: MACD bearish; 4h: RSI oversold (23.8)

[09:18:07] Cycle 980
  💰 Current Price: $0.26
  🎯 Signal: HOLD (confidence: 0.10)
  📝 Reason: 5m: MACD bullish; 15m: MACD bearish; 1h: MACD bearish; 4h: RSI oversold (23.8)

[09:18:38] Cycle 981
  💰 Current Price: $0.26
  🎯 Signal: HOLD (confidence: 0.10)
  📝 Reason: 5m: MACD bullish; 15m: MACD bearish; 1h: MACD bearish; 4h: RSI oversold (23.8)

[09:19:09] Cycle 982
  💰 Current Price: $0.26
  🎯 Signal: HOLD (confidence: 0.10)
  📝 Reason: 5m: MACD bullish; 15m: MACD bearish; 1h: MACD bearish; 4h: RSI oversold (23.8)

[09:19:39] Cycle 983
  💰 Current Price: $0.26
  🎯 Signal: HOLD (confidence: 0.10)
  📝 Reason: 5m: MACD bullish; 15m: MACD bearish; 1h: MACD bearish; 4h: RSI oversold (23.8)

[09:20:10] Cycle 984
  💰 Current Price: $0.26
  🎯 Signal: HOLD (confidence: 0.10)
  📝 Reason: 5m: MACD bullish; 15m: MACD bearish; 1h: MACD bearish; 4h: RSI oversold (23.8)

[09:20:41] Cycle 985
  💰 Current Price: $0.26
  🎯 Signal: HOLD (confidence: 0.10)
  📝 Reason: 5m: MACD bullish; 15m: MACD bearish; 1h: MACD bearish; 4h: RSI oversold (23.8)

[09:21:12] Cycle 986
  💰 Current Price: $0.26
  🎯 Signal: HOLD (confidence: 0.10)
  📝 Reason: 5m: MACD bullish; 15m: MACD bearish; 1h: MACD bearish; 4h: RSI oversold (23.8)

[09:21:43] Cycle 987
  💰 Current Price: $0.26
  🎯 Signal: SELL (confidence: 0.20)
  📝 Reason: 5m: MACD bearish; 15m: MACD bearish; 1h: MACD bearish; 4h: RSI oversold (23.1)
  ⚠️ Sell signal but no position

[09:22:14] Cycle 988
  💰 Current Price: $0.26
  🎯 Signal: SELL (confidence: 0.20)
  📝 Reason: 5m: MACD bearish; 15m: MACD bearish; 1h: MACD bearish; 4h: RSI oversold (23.1)
  ⚠️ Sell signal but no position

[09:22:45] Cycle 989
  💰 Current Price: $0.26
  🎯 Signal: SELL (confidence: 0.20)
  📝 Reason: 5m: MACD bearish; 15m: MACD bearish; 1h: MACD bearish; 4h: RSI oversold (22.7)
  ⚠️ Sell signal but no position
  🎯 Signal: HOLD (confidence: 0.10)
  📝 Reason: 5m: MACD bullish; 15m: MACD bearish; 1h: MACD bearish; 4h: RSI oversold (23.8)

[09:21:12] Cycle 990
  💰 Current Price: $0.26
  🎯 Signal: HOLD (confidence: 0.10)
  📝 Reason: 5m: MACD bullish; 15m: MACD bearish; 1h: MACD bearish; 4h: RSI oversold (23.8)

[09:21:43] Cycle 991
  💰 Current Price: $0.26
  🎯 Signal: SELL (confidence: 0.20)
  📝 Reason: 5m: MACD bearish; 15m: MACD bearish; 1h: MACD bearish; 4h: RSI oversold (23.1)
  ⚠️ Sell signal but no position

[09:22:14] Cycle 992
  💰 Current Price: $0.26
  🎯 Signal: SELL (confidence: 0.20)
  📝 Reason: 5m: MACD bearish; 15m: MACD bearish; 1h: MACD bearish; 4h: RSI oversold (23.1)
  ⚠️ Sell signal but no position

[09:22:45] Cycle 993
  💰 Current Price: $0.26
  🎯 Signal: SELL (confidence: 0.20)
  📝 Reason: 5m: MACD bearish; 15m: MACD bearish; 1h: MACD bearish; 4h: RSI oversold (22.7)
  ⚠️ Sell signal but no position

[09:23:15] Cycle 994
  💰 Current Price: $0.26
  🎯 Signal: SELL (confidence: 0.20)
  📝 Reason: 5m: MACD bearish; 15m: MACD bearish; 1h: MACD bearish; 4h: RSI oversold (22.7)
  ⚠️ Sell signal but no position

[09:23:46] Cycle 995
  💰 Current Price: $0.26
  🎯 Signal: SELL (confidence: 0.20)
  📝 Reason: 5m: MACD bearish; 15m: MACD bearish; 1h: MACD bearish; 4h: RSI oversold (22.7)
  ⚠️ Sell signal but no position

[09:24:17] Cycle 996
  💰 Current Price: $0.26
  🎯 Signal: SELL (confidence: 0.20)
  📝 Reason: 5m: MACD bearish; 15m: MACD bearish; 1h: MACD bearish; 4h: RSI oversold (22.7)
  ⚠️ Sell signal but no position

[09:24:48] Cycle 997
  💰 Current Price: $0.26
  🎯 Signal: SELL (confidence: 0.20)
  📝 Reason: 5m: MACD bearish; 15m: MACD bearish; 1h: MACD bearish; 4h: RSI oversold (22.7)
  ⚠️ Sell signal but no position

[09:25:19] Cycle 998
  💰 Current Price: $0.26
  🎯 Signal: SELL (confidence: 0.20)
  📝 Reason: 5m: MACD bearish; 15m: MACD bearish; 1h: MACD bearish; 4h: RSI oversold (22.7)
  ⚠️ Sell signal but no position

[09:25:49] Cycle 999
  💰 Current Price: $0.26
  🎯 Signal: SELL (confidence: 0.20)
  📝 Reason: 5m: MACD bearish; 15m: MACD bearish; 1h: MACD bearish; 4h: RSI oversold (22.8)
  ⚠️ Sell signal but no position

[09:26:20] Cycle 1000
  💰 Current Price: $0.26
  🎯 Signal: SELL (confidence: 0.20)
  📝 Reason: 5m: MACD bearish; 15m: MACD bearish; 1h: MACD bearish; 4h: RSI oversold (22.8)
  ⚠️ Sell signal but no position

[09:26:51] Cycle 1001
  💰 Current Price: $0.26
  🎯 Signal: SELL (confidence: 0.20)
  📝 Reason: 5m: MACD bearish; 15m: MACD bearish; 1h: MACD bearish; 4h: RSI oversold (22.8)
  ⚠️ Sell signal but no position

[09:27:22] Cycle 1002
  💰 Current Price: $0.26
  🎯 Signal: SELL (confidence: 0.20)
  📝 Reason: 5m: MACD bearish; 15m: MACD bearish; 1h: MACD bearish; 4h: RSI oversold (22.8)
  ⚠️ Sell signal but no position

[09:27:53] Cycle 1003
  💰 Current Price: $0.26
  🎯 Signal: SELL (confidence: 0.20)
  📝 Reason: 5m: MACD bearish; 15m: MACD bearish; 1h: MACD bearish; 4h: RSI oversold (22.8)
  ⚠️ Sell signal but no position

[09:28:23] Cycle 1004
  💰 Current Price: $0.26
  🎯 Signal: SELL (confidence: 0.20)
  📝 Reason: 5m: MACD bearish; 15m: MACD bearish; 1h: MACD bearish; 4h: RSI oversold (22.8)
  ⚠️ Sell signal but no position

[09:28:54] Cycle 1005
  💰 Current Price: $0.26
  🎯 Signal: SELL (confidence: 0.20)
  📝 Reason: 5m: MACD bearish; 15m: MACD bearish; 1h: MACD bearish; 4h: RSI oversold (22.8)
  ⚠️ Sell signal but no position

[09:29:25] Cycle 1006
  💰 Current Price: $0.26
  🎯 Signal: SELL (confidence: 0.20)
  📝 Reason: 5m: MACD bearish; 15m: MACD bearish; 1h: MACD bearish; 4h: RSI oversold (22.8)
  ⚠️ Sell signal but no position

[09:29:56] Cycle 1007
  💰 Current Price: $0.26
  🎯 Signal: SELL (confidence: 0.20)
  📝 Reason: 5m: MACD bearish; 15m: MACD bearish; 1h: MACD bearish; 4h: RSI oversold (22.7)
  ⚠️ Sell signal but no position

[09:30:27] Cycle 1008
  💰 Current Price: $0.26
  🎯 Signal: SELL (confidence: 0.20)
  📝 Reason: 5m: MACD bearish; 15m: MACD bearish; 1h: MACD bearish; 4h: RSI oversold (22.7)
  ⚠️ Sell signal but no position

[09:30:58] Cycle 1009
  💰 Current Price: $0.26
  🎯 Signal: SELL (confidence: 0.20)
  📝 Reason: 5m: MACD bearish; 15m: MACD bearish; 1h: MACD bearish; 4h: RSI oversold (22.7)
  ⚠️ Sell signal but no position

[09:31:29] Cycle 1010
  💰 Current Price: $0.26
  🎯 Signal: SELL (confidence: 0.20)
  📝 Reason: 5m: MACD bearish; 15m: MACD bearish; 1h: MACD bearish; 4h: RSI oversold (23.5)
  ⚠️ Sell signal but no position

[09:32:00] Cycle 1011
  💰 Current Price: $0.26
  🎯 Signal: SELL (confidence: 0.20)
  📝 Reason: 5m: MACD bearish; 15m: MACD bearish; 1h: MACD bearish; 4h: RSI oversold (23.5)
  ⚠️ Sell signal but no position

[09:32:30] Cycle 1012
  💰 Current Price: $0.26
  🎯 Signal: SELL (confidence: 0.20)
  📝 Reason: 5m: MACD bearish; 15m: MACD bearish; 1h: MACD bearish; 4h: RSI oversold (23.5)
  ⚠️ Sell signal but no position

[09:33:01] Cycle 1013
  💰 Current Price: $0.26
  🎯 Signal: SELL (confidence: 0.20)
  📝 Reason: 5m: MACD bearish; 15m: MACD bearish; 1h: MACD bearish; 4h: RSI oversold (23.5)
  ⚠️ Sell signal but no position

[09:33:32] Cycle 1014
  💰 Current Price: $0.26
  🎯 Signal: SELL (confidence: 0.20)
  📝 Reason: 5m: MACD bearish; 15m: MACD bearish; 1h: MACD bearish; 4h: RSI oversold (23.5)
  ⚠️ Sell signal but no position

[09:34:03] Cycle 1015
  💰 Current Price: $0.26
  🎯 Signal: SELL (confidence: 0.20)
  📝 Reason: 5m: MACD bearish; 15m: MACD bearish; 1h: MACD bearish; 4h: RSI oversold (23.5)
  ⚠️ Sell signal but no position

[09:34:34] Cycle 1016
  💰 Current Price: $0.26
  🎯 Signal: SELL (confidence: 0.20)
  📝 Reason: 5m: MACD bearish; 15m: MACD bearish; 1h: MACD bearish; 4h: RSI oversold (23.5)
  ⚠️ Sell signal but no position

[09:35:05] Cycle 1017
  💰 Current Price: $0.26
  🎯 Signal: SELL (confidence: 0.20)
  📝 Reason: 5m: MACD bearish; 15m: MACD bearish; 1h: MACD bearish; 4h: RSI oversold (23.4)
  ⚠️ Sell signal but no position

[09:35:36] Cycle 1018
  💰 Current Price: $0.26
  🎯 Signal: SELL (confidence: 0.20)
  📝 Reason: 5m: MACD bearish; 15m: MACD bearish; 1h: MACD bearish; 4h: RSI oversold (23.3)
  ⚠️ Sell signal but no position

[09:36:06] Cycle 1019
  💰 Current Price: $0.26
  🎯 Signal: SELL (confidence: 0.20)
  📝 Reason: 5m: MACD bearish; 15m: MACD bearish; 1h: MACD bearish; 4h: RSI oversold (23.6)
  ⚠️ Sell signal but no position

[09:36:37] Cycle 1020
  💰 Current Price: $0.26
  🎯 Signal: SELL (confidence: 0.20)
  📝 Reason: 5m: MACD bearish; 15m: MACD bearish; 1h: MACD bearish; 4h: RSI oversold (23.4)
  ⚠️ Sell signal but no position

[09:37:08] Cycle 1021
  💰 Current Price: $0.26
  🎯 Signal: SELL (confidence: 0.20)
  📝 Reason: 5m: MACD bearish; 15m: MACD bearish; 1h: MACD bearish; 4h: RSI oversold (23.4)
  ⚠️ Sell signal but no position

[09:37:39] Cycle 1022
  💰 Current Price: $0.26
  🎯 Signal: SELL (confidence: 0.20)
  📝 Reason: 5m: MACD bearish; 15m: MACD bearish; 1h: MACD bearish; 4h: RSI oversold (23.2)
  ⚠️ Sell signal but no position

[09:38:10] Cycle 1023
  💰 Current Price: $0.26
  🎯 Signal: SELL (confidence: 0.20)
  📝 Reason: 5m: MACD bearish; 15m: MACD bearish; 1h: MACD bearish; 4h: RSI oversold (23.2)
  ⚠️ Sell signal but no position

[09:38:41] Cycle 1024
  💰 Current Price: $0.26
  🎯 Signal: SELL (confidence: 0.20)
  📝 Reason: 5m: MACD bearish; 15m: MACD bearish; 1h: MACD bearish; 4h: RSI oversold (23.2)
  ⚠️ Sell signal but no position

[09:39:11] Cycle 1025
  💰 Current Price: $0.26
  🎯 Signal: SELL (confidence: 0.20)
  📝 Reason: 5m: MACD bearish; 15m: MACD bearish; 1h: MACD bearish; 4h: RSI oversold (23.3)
  ⚠️ Sell signal but no position

[09:39:42] Cycle 1026
  💰 Current Price: $0.26
  🎯 Signal: SELL (confidence: 0.20)

[09:23:15] Cycle 990
  💰 Current Price: $0.26
  🎯 Signal: SELL (confidence: 0.20)
  📝 Reason: 5m: MACD bearish; 15m: MACD bearish; 1h: MACD bearish; 4h: RSI oversold (22.7)
  ⚠️ Sell signal but no position

[09:23:46] Cycle 991
  💰 Current Price: $0.26
  🎯 Signal: SELL (confidence: 0.20)
  📝 Reason: 5m: MACD bearish; 15m: MACD bearish; 1h: MACD bearish; 4h: RSI oversold (22.7)
  ⚠️ Sell signal but no position

[09:24:17] Cycle 992
  💰 Current Price: $0.26
  🎯 Signal: SELL (confidence: 0.20)
  📝 Reason: 5m: MACD bearish; 15m: MACD bearish; 1h: MACD bearish; 4h: RSI oversold (22.7)
  ⚠️ Sell signal but no position

[09:24:48] Cycle 993
  💰 Current Price: $0.26
  🎯 Signal: SELL (confidence: 0.20)
  📝 Reason: 5m: MACD bearish; 15m: MACD bearish; 1h: MACD bearish; 4h: RSI oversold (22.7)
  ⚠️ Sell signal but no position

[09:25:19] Cycle 994
  💰 Current Price: $0.26
  🎯 Signal: SELL (confidence: 0.20)
  📝 Reason: 5m: MACD bearish; 15m: MACD bearish; 1h: MACD bearish; 4h: RSI oversold (22.7)
  ⚠️ Sell signal but no position

[09:25:49] Cycle 995
  💰 Current Price: $0.26
  🎯 Signal: SELL (confidence: 0.20)
  📝 Reason: 5m: MACD bearish; 15m: MACD bearish; 1h: MACD bearish; 4h: RSI oversold (22.8)
  ⚠️ Sell signal but no position

[09:26:20] Cycle 996
  💰 Current Price: $0.26
  🎯 Signal: SELL (confidence: 0.20)
  📝 Reason: 5m: MACD bearish; 15m: MACD bearish; 1h: MACD bearish; 4h: RSI oversold (22.8)
  ⚠️ Sell signal but no position

[09:26:51] Cycle 997
  💰 Current Price: $0.26
  🎯 Signal: SELL (confidence: 0.20)
  📝 Reason: 5m: MACD bearish; 15m: MACD bearish; 1h: MACD bearish; 4h: RSI oversold (22.8)
  ⚠️ Sell signal but no position

[09:27:22] Cycle 998
  💰 Current Price: $0.26
  🎯 Signal: SELL (confidence: 0.20)
  📝 Reason: 5m: MACD bearish; 15m: MACD bearish; 1h: MACD bearish; 4h: RSI oversold (22.8)
  ⚠️ Sell signal but no position

[09:27:52] Cycle 999
  💰 Current Price: $0.26
  🎯 Signal: SELL (confidence: 0.20)
  📝 Reason: 5m: MACD bearish; 15m: MACD bearish; 1h: MACD bearish; 4h: RSI oversold (22.8)
  ⚠️ Sell signal but no position

[09:28:23] Cycle 1000
  💰 Current Price: $0.26
  🎯 Signal: SELL (confidence: 0.20)
  📝 Reason: 5m: MACD bearish; 15m: MACD bearish; 1h: MACD bearish; 4h: RSI oversold (22.8)
  ⚠️ Sell signal but no position

[09:28:54] Cycle 1001
  💰 Current Price: $0.26
  🎯 Signal: SELL (confidence: 0.20)
  📝 Reason: 5m: MACD bearish; 15m: MACD bearish; 1h: MACD bearish; 4h: RSI oversold (22.8)
  ⚠️ Sell signal but no position

[09:29:25] Cycle 1002
  💰 Current Price: $0.26
  🎯 Signal: SELL (confidence: 0.20)
  📝 Reason: 5m: MACD bearish; 15m: MACD bearish; 1h: MACD bearish; 4h: RSI oversold (22.8)
  ⚠️ Sell signal but no position

[09:29:56] Cycle 1003
  💰 Current Price: $0.26
  🎯 Signal: SELL (confidence: 0.20)
  📝 Reason: 5m: MACD bearish; 15m: MACD bearish; 1h: MACD bearish; 4h: RSI oversold (22.7)
  ⚠️ Sell signal but no position

[09:30:27] Cycle 1004
  💰 Current Price: $0.26
  🎯 Signal: SELL (confidence: 0.20)
  📝 Reason: 5m: MACD bearish; 15m: MACD bearish; 1h: MACD bearish; 4h: RSI oversold (22.7)
  ⚠️ Sell signal but no position

[09:30:58] Cycle 1005
  💰 Current Price: $0.26
  🎯 Signal: SELL (confidence: 0.20)
  📝 Reason: 5m: MACD bearish; 15m: MACD bearish; 1h: MACD bearish; 4h: RSI oversold (22.7)
  ⚠️ Sell signal but no position

[09:31:29] Cycle 1006
  💰 Current Price: $0.26
  🎯 Signal: SELL (confidence: 0.20)
  📝 Reason: 5m: MACD bearish; 15m: MACD bearish; 1h: MACD bearish; 4h: RSI oversold (23.5)
  ⚠️ Sell signal but no position

[09:32:00] Cycle 1007
  💰 Current Price: $0.26
  🎯 Signal: SELL (confidence: 0.20)
  📝 Reason: 5m: MACD bearish; 15m: MACD bearish; 1h: MACD bearish; 4h: RSI oversold (23.5)
  ⚠️ Sell signal but no position

[09:32:30] Cycle 1008
  💰 Current Price: $0.26
  🎯 Signal: SELL (confidence: 0.20)
  📝 Reason: 5m: MACD bearish; 15m: MACD bearish; 1h: MACD bearish; 4h: RSI oversold (23.5)
  ⚠️ Sell signal but no position

[09:33:01] Cycle 1009
  💰 Current Price: $0.26
  🎯 Signal: SELL (confidence: 0.20)
  📝 Reason: 5m: MACD bearish; 15m: MACD bearish; 1h: MACD bearish; 4h: RSI oversold (23.5)
  ⚠️ Sell signal but no position

[09:33:32] Cycle 1010
  💰 Current Price: $0.26
  🎯 Signal: SELL (confidence: 0.20)
  📝 Reason: 5m: MACD bearish; 15m: MACD bearish; 1h: MACD bearish; 4h: RSI oversold (23.5)
  ⚠️ Sell signal but no position

[09:34:03] Cycle 1011
  💰 Current Price: $0.26
  🎯 Signal: SELL (confidence: 0.20)
  📝 Reason: 5m: MACD bearish; 15m: MACD bearish; 1h: MACD bearish; 4h: RSI oversold (23.5)
  ⚠️ Sell signal but no position

[09:34:34] Cycle 1012
  💰 Current Price: $0.26
  🎯 Signal: SELL (confidence: 0.20)
  📝 Reason: 5m: MACD bearish; 15m: MACD bearish; 1h: MACD bearish; 4h: RSI oversold (23.5)
  ⚠️ Sell signal but no position

[09:35:05] Cycle 1013
  💰 Current Price: $0.26
  🎯 Signal: SELL (confidence: 0.20)
  📝 Reason: 5m: MACD bearish; 15m: MACD bearish; 1h: MACD bearish; 4h: RSI oversold (23.4)
  ⚠️ Sell signal but no position

[09:35:36] Cycle 1014
  💰 Current Price: $0.26
  🎯 Signal: SELL (confidence: 0.20)
  📝 Reason: 5m: MACD bearish; 15m: MACD bearish; 1h: MACD bearish; 4h: RSI oversold (23.3)
  ⚠️ Sell signal but no position

[09:36:06] Cycle 1015
  💰 Current Price: $0.26
  🎯 Signal: SELL (confidence: 0.20)
  📝 Reason: 5m: MACD bearish; 15m: MACD bearish; 1h: MACD bearish; 4h: RSI oversold (23.6)
  ⚠️ Sell signal but no position

[09:36:37] Cycle 1016
  💰 Current Price: $0.26
  🎯 Signal: SELL (confidence: 0.20)
  📝 Reason: 5m: MACD bearish; 15m: MACD bearish; 1h: MACD bearish; 4h: RSI oversold (23.4)
  ⚠️ Sell signal but no position

[09:37:08] Cycle 1017
  💰 Current Price: $0.26
  🎯 Signal: SELL (confidence: 0.20)
  📝 Reason: 5m: MACD bearish; 15m: MACD bearish; 1h: MACD bearish; 4h: RSI oversold (23.4)
  ⚠️ Sell signal but no position

[09:37:39] Cycle 1018
  💰 Current Price: $0.26
  🎯 Signal: SELL (confidence: 0.20)
  📝 Reason: 5m: MACD bearish; 15m: MACD bearish; 1h: MACD bearish; 4h: RSI oversold (23.2)
  ⚠️ Sell signal but no position

[09:38:10] Cycle 1019
  💰 Current Price: $0.26
  🎯 Signal: SELL (confidence: 0.20)
  📝 Reason: 5m: MACD bearish; 15m: MACD bearish; 1h: MACD bearish; 4h: RSI oversold (23.2)
  ⚠️ Sell signal but no position

[09:38:41] Cycle 1020
  💰 Current Price: $0.26
  🎯 Signal: SELL (confidence: 0.20)
  📝 Reason: 5m: MACD bearish; 15m: MACD bearish; 1h: MACD bearish; 4h: RSI oversold (23.2)
  ⚠️ Sell signal but no position

[09:39:11] Cycle 1021
  💰 Current Price: $0.26
  🎯 Signal: SELL (confidence: 0.20)
  📝 Reason: 5m: MACD bearish; 15m: MACD bearish; 1h: MACD bearish; 4h: RSI oversold (23.3)
  ⚠️ Sell signal but no position

[09:39:42] Cycle 1022
  💰 Current Price: $0.26
  🎯 Signal: SELL (confidence: 0.20)
  📝 Reason: 5m: MACD bearish; 15m: MACD bearish; 1h: MACD bearish; 4h: RSI oversold (23.3)
  ⚠️ Sell signal but no position

[09:40:13] Cycle 1023
  💰 Current Price: $0.26
  🎯 Signal: SELL (confidence: 0.20)
  📝 Reason: 5m: MACD bearish; 15m: MACD bearish; 1h: MACD bearish; 4h: RSI oversold (23.3)
  ⚠️ Sell signal but no position

[09:40:44] Cycle 1024
  💰 Current Price: $0.26
  🎯 Signal: SELL (confidence: 0.20)
  📝 Reason: 5m: MACD bearish; 15m: MACD bearish; 1h: MACD bearish; 4h: RSI oversold (23.3)
  ⚠️ Sell signal but no position

[09:41:15] Cycle 1025
  💰 Current Price: $0.26
  🎯 Signal: SELL (confidence: 0.20)
  📝 Reason: 5m: MACD bearish; 15m: MACD bearish; 1h: MACD bearish; 4h: RSI oversold (23.3)
  ⚠️ Sell signal but no position

[09:41:45] Cycle 1026
  💰 Current Price: $0.26
  🎯 Signal: SELL (confidence: 0.20)
  📝 Reason: 5m: MACD bearish; 15m: MACD bearish; 1h: MACD bearish; 4h: RSI oversold (23.0)
  ⚠️ Sell signal but no position

[09:42:16] Cycle 1027
  📝 Reason: 5m: MACD bearish; 15m: MACD bearish; 1h: MACD bearish; 4h: RSI oversold (23.3)
  ⚠️ Sell signal but no position

[09:40:13] Cycle 1027
  💰 Current Price: $0.26
  🎯 Signal: SELL (confidence: 0.20)
  📝 Reason: 5m: MACD bearish; 15m: MACD bearish; 1h: MACD bearish; 4h: RSI oversold (23.3)
  ⚠️ Sell signal but no position

[09:40:44] Cycle 1028
  💰 Current Price: $0.26
  🎯 Signal: SELL (confidence: 0.20)
  📝 Reason: 5m: MACD bearish; 15m: MACD bearish; 1h: MACD bearish; 4h: RSI oversold (23.3)
  ⚠️ Sell signal but no position

[09:41:15] Cycle 1029
  💰 Current Price: $0.26
  🎯 Signal: SELL (confidence: 0.20)
  📝 Reason: 5m: MACD bearish; 15m: MACD bearish; 1h: MACD bearish; 4h: RSI oversold (23.3)
  ⚠️ Sell signal but no position

[09:41:45] Cycle 1030
  💰 Current Price: $0.26
  🎯 Signal: SELL (confidence: 0.20)
  📝 Reason: 5m: MACD bearish; 15m: MACD bearish; 1h: MACD bearish; 4h: RSI oversold (23.0)
  ⚠️ Sell signal but no position

[09:42:16] Cycle 1031
  💰 Current Price: $0.26
  🎯 Signal: SELL (confidence: 0.20)
  📝 Reason: 5m: MACD bearish; 15m: MACD bearish; 1h: MACD bearish; 4h: RSI oversold (23.0)
  ⚠️ Sell signal but no position

[09:42:47] Cycle 1032
  💰 Current Price: $0.26
  🎯 Signal: SELL (confidence: 0.20)
  📝 Reason: 5m: MACD bearish; 15m: MACD bearish; 1h: MACD bearish; 4h: RSI oversold (23.0)
  ⚠️ Sell signal but no position

[09:43:18] Cycle 1033
  💰 Current Price: $0.26
  🎯 Signal: SELL (confidence: 0.20)
  📝 Reason: 5m: MACD bearish; 15m: MACD bearish; 1h: MACD bearish; 4h: RSI oversold (23.0)
  ⚠️ Sell signal but no position

[09:43:49] Cycle 1034
  💰 Current Price: $0.26
  🎯 Signal: SELL (confidence: 0.20)
  📝 Reason: 5m: MACD bearish; 15m: MACD bearish; 1h: MACD bearish; 4h: RSI oversold (22.9)
  ⚠️ Sell signal but no position

[09:44:19] Cycle 1035
  💰 Current Price: $0.26
  🎯 Signal: SELL (confidence: 0.20)
  📝 Reason: 5m: MACD bearish; 15m: MACD bearish; 1h: MACD bearish; 4h: RSI oversold (22.9)
  ⚠️ Sell signal but no position

[09:44:50] Cycle 1036
  💰 Current Price: $0.26
  🎯 Signal: SELL (confidence: 0.20)
  📝 Reason: 5m: MACD bearish; 15m: MACD bearish; 1h: MACD bearish; 4h: RSI oversold (22.9)
  ⚠️ Sell signal but no position

[09:45:21] Cycle 1037
  💰 Current Price: $0.26
  🎯 Signal: SELL (confidence: 0.20)
  📝 Reason: 5m: MACD bearish; 15m: MACD bearish; 1h: MACD bearish; 4h: RSI oversold (22.9)
  ⚠️ Sell signal but no position

[09:45:52] Cycle 1038
  💰 Current Price: $0.26
  🎯 Signal: SELL (confidence: 0.20)
  📝 Reason: 5m: MACD bearish; 15m: MACD bearish; 1h: MACD bearish; 4h: RSI oversold (22.9)
  ⚠️ Sell signal but no position

[09:46:23] Cycle 1039
  💰 Current Price: $0.26
  🎯 Signal: SELL (confidence: 0.20)
  📝 Reason: 5m: MACD bearish; 15m: MACD bearish; 1h: MACD bearish; 4h: RSI oversold (22.9)
  ⚠️ Sell signal but no position

[09:46:54] Cycle 1040
  💰 Current Price: $0.26
  🎯 Signal: SELL (confidence: 0.20)
  📝 Reason: 5m: MACD bearish; 15m: MACD bearish; 1h: MACD bearish; 4h: RSI oversold (23.0)
  ⚠️ Sell signal but no position

[09:47:24] Cycle 1041
  💰 Current Price: $0.26
  🎯 Signal: SELL (confidence: 0.20)
  📝 Reason: 5m: MACD bearish; 15m: MACD bearish; 1h: MACD bearish; 4h: RSI oversold (23.0)
  ⚠️ Sell signal but no position

[09:47:55] Cycle 1042
  💰 Current Price: $0.26
  🎯 Signal: SELL (confidence: 0.20)
  📝 Reason: 5m: MACD bearish; 15m: MACD bearish; 1h: MACD bearish; 4h: RSI oversold (23.4)
  ⚠️ Sell signal but no position

[09:48:26] Cycle 1043
  💰 Current Price: $0.26
  🎯 Signal: SELL (confidence: 0.20)
  📝 Reason: 5m: MACD bearish; 15m: MACD bearish; 1h: MACD bearish; 4h: RSI oversold (23.7)
  ⚠️ Sell signal but no position

[09:48:57] Cycle 1044
  💰 Current Price: $0.26
  🎯 Signal: SELL (confidence: 0.20)
  📝 Reason: 5m: MACD bearish; 15m: MACD bearish; 1h: MACD bearish; 4h: RSI oversold (23.7)
  ⚠️ Sell signal but no position

[09:49:28] Cycle 1045
  💰 Current Price: $0.26
  🎯 Signal: SELL (confidence: 0.20)
  📝 Reason: 5m: MACD bearish; 15m: MACD bearish; 1h: MACD bearish; 4h: RSI oversold (23.4)
  ⚠️ Sell signal but no position

[09:49:59] Cycle 1046
  💰 Current Price: $0.26
  🎯 Signal: SELL (confidence: 0.20)
  📝 Reason: 5m: MACD bearish; 15m: MACD bearish; 1h: MACD bearish; 4h: RSI oversold (23.6)
  ⚠️ Sell signal but no position

[09:50:29] Cycle 1047
  💰 Current Price: $0.26
  🎯 Signal: SELL (confidence: 0.20)
  📝 Reason: 5m: MACD bearish; 15m: MACD bearish; 1h: MACD bearish; 4h: RSI oversold (23.6)
  ⚠️ Sell signal but no position

[09:51:00] Cycle 1048
  💰 Current Price: $0.26
  🎯 Signal: SELL (confidence: 0.20)
  📝 Reason: 5m: MACD bearish; 15m: MACD bearish; 1h: MACD bearish; 4h: RSI oversold (23.5)
  ⚠️ Sell signal but no position

[09:51:31] Cycle 1049
  💰 Current Price: $0.26
  🎯 Signal: SELL (confidence: 0.20)
  📝 Reason: 5m: MACD bearish; 15m: MACD bearish; 1h: MACD bearish; 4h: RSI oversold (23.5)
  ⚠️ Sell signal but no position

[09:52:02] Cycle 1050
  💰 Current Price: $0.26
  🎯 Signal: SELL (confidence: 0.20)
  📝 Reason: 5m: MACD bearish; 15m: MACD bearish; 1h: MACD bearish; 4h: RSI oversold (23.5)
  ⚠️ Sell signal but no position

[09:52:33] Cycle 1051
  💰 Current Price: $0.26
  🎯 Signal: SELL (confidence: 0.20)
  📝 Reason: 5m: MACD bearish; 15m: MACD bearish; 1h: MACD bearish; 4h: RSI oversold (23.5)
  ⚠️ Sell signal but no position

[09:53:03] Cycle 1052
  💰 Current Price: $0.26
  🎯 Signal: SELL (confidence: 0.20)
  📝 Reason: 5m: MACD bearish; 15m: MACD bearish; 1h: MACD bearish; 4h: RSI oversold (23.3)
  ⚠️ Sell signal but no position

[09:53:34] Cycle 1053
  💰 Current Price: $0.26
  🎯 Signal: SELL (confidence: 0.20)
  📝 Reason: 5m: MACD bearish; 15m: MACD bearish; 1h: MACD bearish; 4h: RSI oversold (23.3)
  ⚠️ Sell signal but no position

[09:54:05] Cycle 1054
  💰 Current Price: $0.26
  🎯 Signal: SELL (confidence: 0.20)
  📝 Reason: 5m: MACD bearish; 15m: MACD bearish; 1h: MACD bearish; 4h: RSI oversold (23.5)
  ⚠️ Sell signal but no position

[09:54:36] Cycle 1055
  💰 Current Price: $0.26
  🎯 Signal: SELL (confidence: 0.20)
  📝 Reason: 5m: MACD bearish; 15m: MACD bearish; 1h: MACD bearish; 4h: RSI oversold (23.5)
  ⚠️ Sell signal but no position

[09:55:07] Cycle 1056
  💰 Current Price: $0.26
  🎯 Signal: SELL (confidence: 0.20)
  📝 Reason: 5m: MACD bearish; 15m: MACD bearish; 1h: MACD bearish; 4h: RSI oversold (23.5)
  ⚠️ Sell signal but no position

[09:55:37] Cycle 1057
  💰 Current Price: $0.26
  🎯 Signal: SELL (confidence: 0.20)
  📝 Reason: 5m: MACD bearish; 15m: MACD bearish; 1h: MACD bearish; 4h: RSI oversold (23.5)
  ⚠️ Sell signal but no position

[09:56:08] Cycle 1058
  💰 Current Price: $0.26
  🎯 Signal: SELL (confidence: 0.20)
  📝 Reason: 5m: MACD bearish; 15m: MACD bearish; 1h: MACD bearish; 4h: RSI oversold (23.5)
  ⚠️ Sell signal but no position

[09:56:39] Cycle 1059
  💰 Current Price: $0.26
  🎯 Signal: SELL (confidence: 0.20)
  📝 Reason: 5m: MACD bearish; 15m: MACD bearish; 1h: MACD bearish; 4h: RSI oversold (23.5)
  ⚠️ Sell signal but no position

[09:57:10] Cycle 1060
  💰 Current Price: $0.26
  🎯 Signal: SELL (confidence: 0.20)
  📝 Reason: 5m: MACD bearish; 15m: MACD bearish; 1h: MACD bearish; 4h: RSI oversold (23.5)
  ⚠️ Sell signal but no position

[09:57:41] Cycle 1061
  💰 Current Price: $0.26
  🎯 Signal: SELL (confidence: 0.20)
  📝 Reason: 5m: MACD bearish; 15m: MACD bearish; 1h: MACD bearish; 4h: RSI oversold (23.5)
  ⚠️ Sell signal but no position

[09:58:11] Cycle 1062
  💰 Current Price: $0.26
  🎯 Signal: SELL (confidence: 0.20)
  📝 Reason: 5m: MACD bearish; 15m: MACD bearish; 1h: MACD bearish; 4h: RSI oversold (23.5)
  ⚠️ Sell signal but no position

[09:58:42] Cycle 1063
  💰 Current Price: $0.26
  🎯 Signal: SELL (confidence: 0.20)
  💰 Current Price: $0.26
  🎯 Signal: SELL (confidence: 0.20)
  📝 Reason: 5m: MACD bearish; 15m: MACD bearish; 1h: MACD bearish; 4h: RSI oversold (23.0)
  ⚠️ Sell signal but no position

[09:42:47] Cycle 1028
  💰 Current Price: $0.26
  🎯 Signal: SELL (confidence: 0.20)
  📝 Reason: 5m: MACD bearish; 15m: MACD bearish; 1h: MACD bearish; 4h: RSI oversold (23.0)
  ⚠️ Sell signal but no position

[09:43:18] Cycle 1029
  💰 Current Price: $0.26
  🎯 Signal: SELL (confidence: 0.20)
  📝 Reason: 5m: MACD bearish; 15m: MACD bearish; 1h: MACD bearish; 4h: RSI oversold (23.0)
  ⚠️ Sell signal but no position

[09:43:49] Cycle 1030
  💰 Current Price: $0.26
  🎯 Signal: SELL (confidence: 0.20)
  📝 Reason: 5m: MACD bearish; 15m: MACD bearish; 1h: MACD bearish; 4h: RSI oversold (22.9)
  ⚠️ Sell signal but no position

[09:44:19] Cycle 1031
  💰 Current Price: $0.26
  🎯 Signal: SELL (confidence: 0.20)
  📝 Reason: 5m: MACD bearish; 15m: MACD bearish; 1h: MACD bearish; 4h: RSI oversold (22.9)
  ⚠️ Sell signal but no position

[09:44:50] Cycle 1032
  💰 Current Price: $0.26
  🎯 Signal: SELL (confidence: 0.20)
  📝 Reason: 5m: MACD bearish; 15m: MACD bearish; 1h: MACD bearish; 4h: RSI oversold (22.9)
  ⚠️ Sell signal but no position

[09:45:21] Cycle 1033
  💰 Current Price: $0.26
  🎯 Signal: SELL (confidence: 0.20)
  📝 Reason: 5m: MACD bearish; 15m: MACD bearish; 1h: MACD bearish; 4h: RSI oversold (22.9)
  ⚠️ Sell signal but no position

[09:45:52] Cycle 1034
  💰 Current Price: $0.26
  🎯 Signal: SELL (confidence: 0.20)
  📝 Reason: 5m: MACD bearish; 15m: MACD bearish; 1h: MACD bearish; 4h: RSI oversold (22.9)
  ⚠️ Sell signal but no position

[09:46:23] Cycle 1035
  💰 Current Price: $0.26
  🎯 Signal: SELL (confidence: 0.20)
  📝 Reason: 5m: MACD bearish; 15m: MACD bearish; 1h: MACD bearish; 4h: RSI oversold (22.9)
  ⚠️ Sell signal but no position

[09:46:54] Cycle 1036
  💰 Current Price: $0.26
  🎯 Signal: SELL (confidence: 0.20)
  📝 Reason: 5m: MACD bearish; 15m: MACD bearish; 1h: MACD bearish; 4h: RSI oversold (23.0)
  ⚠️ Sell signal but no position

[09:47:24] Cycle 1037
  💰 Current Price: $0.26
  🎯 Signal: SELL (confidence: 0.20)
  📝 Reason: 5m: MACD bearish; 15m: MACD bearish; 1h: MACD bearish; 4h: RSI oversold (23.0)
  ⚠️ Sell signal but no position

[09:47:55] Cycle 1038
  💰 Current Price: $0.26
  🎯 Signal: SELL (confidence: 0.20)
  📝 Reason: 5m: MACD bearish; 15m: MACD bearish; 1h: MACD bearish; 4h: RSI oversold (23.4)
  ⚠️ Sell signal but no position

[09:48:26] Cycle 1039
  💰 Current Price: $0.26
  🎯 Signal: SELL (confidence: 0.20)
  📝 Reason: 5m: MACD bearish; 15m: MACD bearish; 1h: MACD bearish; 4h: RSI oversold (23.7)
  ⚠️ Sell signal but no position

[09:48:57] Cycle 1040
  💰 Current Price: $0.26
  🎯 Signal: SELL (confidence: 0.20)
  📝 Reason: 5m: MACD bearish; 15m: MACD bearish; 1h: MACD bearish; 4h: RSI oversold (23.7)
  ⚠️ Sell signal but no position

[09:49:28] Cycle 1041
  💰 Current Price: $0.26
  🎯 Signal: SELL (confidence: 0.20)
  📝 Reason: 5m: MACD bearish; 15m: MACD bearish; 1h: MACD bearish; 4h: RSI oversold (23.4)
  ⚠️ Sell signal but no position

[09:49:59] Cycle 1042
  💰 Current Price: $0.26
  🎯 Signal: SELL (confidence: 0.20)
  📝 Reason: 5m: MACD bearish; 15m: MACD bearish; 1h: MACD bearish; 4h: RSI oversold (23.6)
  ⚠️ Sell signal but no position

[09:50:29] Cycle 1043
  💰 Current Price: $0.26
  🎯 Signal: SELL (confidence: 0.20)
  📝 Reason: 5m: MACD bearish; 15m: MACD bearish; 1h: MACD bearish; 4h: RSI oversold (23.6)
  ⚠️ Sell signal but no position

[09:51:00] Cycle 1044
  💰 Current Price: $0.26
  🎯 Signal: SELL (confidence: 0.20)
  📝 Reason: 5m: MACD bearish; 15m: MACD bearish; 1h: MACD bearish; 4h: RSI oversold (23.5)
  ⚠️ Sell signal but no position

[09:51:31] Cycle 1045
  💰 Current Price: $0.26
  🎯 Signal: SELL (confidence: 0.20)
  📝 Reason: 5m: MACD bearish; 15m: MACD bearish; 1h: MACD bearish; 4h: RSI oversold (23.5)
  ⚠️ Sell signal but no position

[09:52:02] Cycle 1046
  💰 Current Price: $0.26
  🎯 Signal: SELL (confidence: 0.20)
  📝 Reason: 5m: MACD bearish; 15m: MACD bearish; 1h: MACD bearish; 4h: RSI oversold (23.5)
  ⚠️ Sell signal but no position

[09:52:33] Cycle 1047
  💰 Current Price: $0.26
  🎯 Signal: SELL (confidence: 0.20)
  📝 Reason: 5m: MACD bearish; 15m: MACD bearish; 1h: MACD bearish; 4h: RSI oversold (23.5)
  ⚠️ Sell signal but no position

[09:53:03] Cycle 1048
  💰 Current Price: $0.26
  🎯 Signal: SELL (confidence: 0.20)
  📝 Reason: 5m: MACD bearish; 15m: MACD bearish; 1h: MACD bearish; 4h: RSI oversold (23.3)
  ⚠️ Sell signal but no position

[09:53:34] Cycle 1049
  💰 Current Price: $0.26
  🎯 Signal: SELL (confidence: 0.20)
  📝 Reason: 5m: MACD bearish; 15m: MACD bearish; 1h: MACD bearish; 4h: RSI oversold (23.3)
  ⚠️ Sell signal but no position

[09:54:05] Cycle 1050
  💰 Current Price: $0.26
  🎯 Signal: SELL (confidence: 0.20)
  📝 Reason: 5m: MACD bearish; 15m: MACD bearish; 1h: MACD bearish; 4h: RSI oversold (23.5)
  ⚠️ Sell signal but no position

[09:54:36] Cycle 1051
  💰 Current Price: $0.26
  🎯 Signal: SELL (confidence: 0.20)
  📝 Reason: 5m: MACD bearish; 15m: MACD bearish; 1h: MACD bearish; 4h: RSI oversold (23.5)
  ⚠️ Sell signal but no position

[09:55:07] Cycle 1052
  💰 Current Price: $0.26
  🎯 Signal: SELL (confidence: 0.20)
  📝 Reason: 5m: MACD bearish; 15m: MACD bearish; 1h: MACD bearish; 4h: RSI oversold (23.5)
  ⚠️ Sell signal but no position

[09:55:37] Cycle 1053
  💰 Current Price: $0.26
  🎯 Signal: SELL (confidence: 0.20)
  📝 Reason: 5m: MACD bearish; 15m: MACD bearish; 1h: MACD bearish; 4h: RSI oversold (23.5)
  ⚠️ Sell signal but no position

[09:56:08] Cycle 1054
  💰 Current Price: $0.26
  🎯 Signal: SELL (confidence: 0.20)
  📝 Reason: 5m: MACD bearish; 15m: MACD bearish; 1h: MACD bearish; 4h: RSI oversold (23.5)
  ⚠️ Sell signal but no position

[09:56:39] Cycle 1055
  💰 Current Price: $0.26
  🎯 Signal: SELL (confidence: 0.20)
  📝 Reason: 5m: MACD bearish; 15m: MACD bearish; 1h: MACD bearish; 4h: RSI oversold (23.5)
  ⚠️ Sell signal but no position

[09:57:10] Cycle 1056
  💰 Current Price: $0.26
  🎯 Signal: SELL (confidence: 0.20)
  📝 Reason: 5m: MACD bearish; 15m: MACD bearish; 1h: MACD bearish; 4h: RSI oversold (23.5)
  ⚠️ Sell signal but no position

[09:57:41] Cycle 1057
  💰 Current Price: $0.26
  🎯 Signal: SELL (confidence: 0.20)
  📝 Reason: 5m: MACD bearish; 15m: MACD bearish; 1h: MACD bearish; 4h: RSI oversold (23.5)
  ⚠️ Sell signal but no position

[09:58:11] Cycle 1058
  💰 Current Price: $0.26
  🎯 Signal: SELL (confidence: 0.20)
  📝 Reason: 5m: MACD bearish; 15m: MACD bearish; 1h: MACD bearish; 4h: RSI oversold (23.5)
  ⚠️ Sell signal but no position

[09:58:42] Cycle 1059
  💰 Current Price: $0.26
  🎯 Signal: SELL (confidence: 0.20)
  📝 Reason: 5m: MACD bearish; 15m: MACD bearish; 1h: MACD bearish; 4h: RSI oversold (23.4)
  ⚠️ Sell signal but no position

[09:59:13] Cycle 1060
  💰 Current Price: $0.26
  🎯 Signal: SELL (confidence: 0.20)
  📝 Reason: 5m: MACD bearish; 15m: MACD bearish; 1h: MACD bearish; 4h: RSI oversold (23.4)
  ⚠️ Sell signal but no position

[09:59:44] Cycle 1061
  💰 Current Price: $0.26
  🎯 Signal: SELL (confidence: 0.20)
  📝 Reason: 5m: MACD bearish; 15m: MACD bearish; 1h: MACD bearish; 4h: RSI oversold (23.4)
  ⚠️ Sell signal but no position

[10:00:15] Cycle 1062
  💰 Current Price: $0.26
  🎯 Signal: SELL (confidence: 0.20)
  📝 Reason: 5m: MACD bearish; 15m: MACD bearish; 1h: MACD bearish; 4h: RSI oversold (23.4)
  ⚠️ Sell signal but no position

[10:00:45] Cycle 1063
  💰 Current Price: $0.26
  🎯 Signal: SELL (confidence: 0.20)
  📝 Reason: 5m: MACD bearish; 15m: MACD bearish; 1h: MACD bearish; 4h: RSI oversold (23.5)
  ⚠️ Sell signal but no position

[10:01:16] Cycle 1064
  📝 Reason: 5m: MACD bearish; 15m: MACD bearish; 1h: MACD bearish; 4h: RSI oversold (23.4)
  ⚠️ Sell signal but no position

[09:59:13] Cycle 1064
  💰 Current Price: $0.26
  🎯 Signal: SELL (confidence: 0.20)
  📝 Reason: 5m: MACD bearish; 15m: MACD bearish; 1h: MACD bearish; 4h: RSI oversold (23.4)
  ⚠️ Sell signal but no position

[09:59:44] Cycle 1065
  💰 Current Price: $0.26
  🎯 Signal: SELL (confidence: 0.20)
  📝 Reason: 5m: MACD bearish; 15m: MACD bearish; 1h: MACD bearish; 4h: RSI oversold (23.4)
  ⚠️ Sell signal but no position

[10:00:15] Cycle 1066
  💰 Current Price: $0.26
  🎯 Signal: SELL (confidence: 0.20)
  📝 Reason: 5m: MACD bearish; 15m: MACD bearish; 1h: MACD bearish; 4h: RSI oversold (23.4)
  ⚠️ Sell signal but no position

[10:00:45] Cycle 1067
  💰 Current Price: $0.26
  🎯 Signal: SELL (confidence: 0.20)
  📝 Reason: 5m: MACD bearish; 15m: MACD bearish; 1h: MACD bearish; 4h: RSI oversold (23.5)
  ⚠️ Sell signal but no position

[10:01:16] Cycle 1068
  💰 Current Price: $0.26
  🎯 Signal: SELL (confidence: 0.20)
  📝 Reason: 5m: MACD bearish; 15m: MACD bearish; 1h: MACD bearish; 4h: RSI oversold (23.5)
  ⚠️ Sell signal but no position

[10:01:47] Cycle 1069
  💰 Current Price: $0.26
  🎯 Signal: SELL (confidence: 0.20)
  📝 Reason: 5m: MACD bearish; 15m: MACD bearish; 1h: MACD bearish; 4h: RSI oversold (23.1)
  ⚠️ Sell signal but no position

[10:02:18] Cycle 1070
  💰 Current Price: $0.26
  🎯 Signal: SELL (confidence: 0.20)
  📝 Reason: 5m: MACD bearish; 15m: MACD bearish; 1h: MACD bearish; 4h: RSI oversold (22.8)
  ⚠️ Sell signal but no position

[10:02:48] Cycle 1071
  💰 Current Price: $0.26
  🎯 Signal: SELL (confidence: 0.20)
  📝 Reason: 5m: MACD bearish; 15m: MACD bearish; 1h: MACD bearish; 4h: RSI oversold (22.8)
  ⚠️ Sell signal but no position

[10:03:19] Cycle 1072
  💰 Current Price: $0.26
  🎯 Signal: SELL (confidence: 0.20)
  📝 Reason: 5m: MACD bearish; 15m: MACD bearish; 1h: MACD bearish; 4h: RSI oversold (22.8)
  ⚠️ Sell signal but no position

[10:03:50] Cycle 1073
  💰 Current Price: $0.26
  🎯 Signal: SELL (confidence: 0.20)
  📝 Reason: 5m: MACD bearish; 15m: MACD bearish; 1h: MACD bearish; 4h: RSI oversold (22.8)
  ⚠️ Sell signal but no position

[10:04:21] Cycle 1074
  💰 Current Price: $0.26
  🎯 Signal: SELL (confidence: 0.20)
  📝 Reason: 5m: MACD bearish; 15m: MACD bearish; 1h: MACD bearish; 4h: RSI oversold (22.8)
  ⚠️ Sell signal but no position

[10:04:52] Cycle 1075
  💰 Current Price: $0.26
  🎯 Signal: SELL (confidence: 0.20)
  📝 Reason: 5m: MACD bearish; 15m: MACD bearish; 1h: MACD bearish; 4h: RSI oversold (22.8)
  ⚠️ Sell signal but no position

[10:05:22] Cycle 1076
  💰 Current Price: $0.26
  🎯 Signal: SELL (confidence: 0.20)
  📝 Reason: 5m: MACD bearish; 15m: MACD bearish; 1h: MACD bearish; 4h: RSI oversold (22.8)
  ⚠️ Sell signal but no position

[10:05:53] Cycle 1077
  💰 Current Price: $0.26
  🎯 Signal: SELL (confidence: 0.20)
  📝 Reason: 5m: MACD bearish; 15m: MACD bearish; 1h: MACD bearish; 4h: RSI oversold (22.8)
  ⚠️ Sell signal but no position

[10:06:24] Cycle 1078
  💰 Current Price: $0.26
  🎯 Signal: SELL (confidence: 0.20)
  📝 Reason: 5m: MACD bearish; 15m: MACD bearish; 1h: MACD bearish; 4h: RSI oversold (23.3)
  ⚠️ Sell signal but no position

[10:06:55] Cycle 1079
  💰 Current Price: $0.26
  🎯 Signal: SELL (confidence: 0.20)
  📝 Reason: 5m: MACD bearish; 15m: MACD bearish; 1h: MACD bearish; 4h: RSI oversold (23.3)
  ⚠️ Sell signal but no position

[10:07:25] Cycle 1080
  💰 Current Price: $0.26
  🎯 Signal: SELL (confidence: 0.20)
  📝 Reason: 5m: MACD bearish; 15m: MACD bearish; 1h: MACD bearish; 4h: RSI oversold (23.3)
  ⚠️ Sell signal but no position

[10:07:56] Cycle 1081
  💰 Current Price: $0.26
  🎯 Signal: SELL (confidence: 0.20)
  📝 Reason: 5m: MACD bearish; 15m: MACD bearish; 1h: MACD bearish; 4h: RSI oversold (23.3)
  ⚠️ Sell signal but no position

[10:08:27] Cycle 1082
  💰 Current Price: $0.26
  🎯 Signal: SELL (confidence: 0.20)
  📝 Reason: 5m: MACD bearish; 15m: MACD bearish; 1h: MACD bearish; 4h: RSI oversold (23.1)
  ⚠️ Sell signal but no position

[10:08:58] Cycle 1083
  💰 Current Price: $0.26
  🎯 Signal: SELL (confidence: 0.20)
  📝 Reason: 5m: MACD bearish; 15m: MACD bearish; 1h: MACD bearish; 4h: RSI oversold (23.1)
  ⚠️ Sell signal but no position

[10:09:29] Cycle 1084
  💰 Current Price: $0.26
  🎯 Signal: SELL (confidence: 0.20)
  📝 Reason: 5m: MACD bearish; 15m: MACD bearish; 1h: MACD bearish; 4h: RSI oversold (23.1)
  ⚠️ Sell signal but no position

[10:09:59] Cycle 1085
  💰 Current Price: $0.26
  🎯 Signal: SELL (confidence: 0.20)
  📝 Reason: 5m: MACD bearish; 15m: MACD bearish; 1h: MACD bearish; 4h: RSI oversold (23.5)
  ⚠️ Sell signal but no position

[10:10:30] Cycle 1086
  💰 Current Price: $0.26
  🎯 Signal: SELL (confidence: 0.20)
  📝 Reason: 5m: MACD bearish; 15m: MACD bearish; 1h: MACD bearish; 4h: RSI oversold (23.5)
  ⚠️ Sell signal but no position

[10:11:01] Cycle 1087
  💰 Current Price: $0.26
  🎯 Signal: SELL (confidence: 0.20)
  📝 Reason: 5m: MACD bearish; 15m: MACD bearish; 1h: MACD bearish; 4h: RSI oversold (23.5)
  ⚠️ Sell signal but no position

[10:11:32] Cycle 1088
  💰 Current Price: $0.26
  🎯 Signal: SELL (confidence: 0.20)
  📝 Reason: 5m: MACD bearish; 15m: MACD bearish; 1h: MACD bearish; 4h: RSI oversold (23.2)
  ⚠️ Sell signal but no position

[10:12:03] Cycle 1089
  💰 Current Price: $0.26
  🎯 Signal: SELL (confidence: 0.20)
  📝 Reason: 5m: MACD bearish; 15m: MACD bearish; 1h: MACD bearish; 4h: RSI oversold (23.5)
  ⚠️ Sell signal but no position

[10:12:33] Cycle 1090
  💰 Current Price: $0.26
  🎯 Signal: SELL (confidence: 0.20)
  📝 Reason: 5m: MACD bearish; 15m: MACD bearish; 1h: MACD bearish; 4h: RSI oversold (23.5)
  ⚠️ Sell signal but no position

[10:13:04] Cycle 1091
  💰 Current Price: $0.26
  🎯 Signal: HOLD (confidence: 0.10)
  📝 Reason: 5m: MACD bullish; 15m: MACD bearish; 1h: MACD bearish; 4h: RSI oversold (23.6)

[10:13:35] Cycle 1092
  💰 Current Price: $0.26
  🎯 Signal: SELL (confidence: 0.20)
  📝 Reason: 5m: MACD bearish; 15m: MACD bearish; 1h: MACD bearish; 4h: RSI oversold (23.5)
  ⚠️ Sell signal but no position

[10:14:06] Cycle 1093
  💰 Current Price: $0.26
  🎯 Signal: SELL (confidence: 0.20)
  📝 Reason: 5m: MACD bearish; 15m: MACD bearish; 1h: MACD bearish; 4h: RSI oversold (23.5)
  ⚠️ Sell signal but no position

[10:14:36] Cycle 1094
  💰 Current Price: $0.26
  🎯 Signal: SELL (confidence: 0.20)
  📝 Reason: 5m: MACD bearish; 15m: MACD bearish; 1h: MACD bearish; 4h: RSI oversold (23.5)
  ⚠️ Sell signal but no position

[10:15:07] Cycle 1095
  💰 Current Price: $0.26
  🎯 Signal: SELL (confidence: 0.20)
  📝 Reason: 5m: MACD bearish; 15m: MACD bearish; 1h: MACD bearish; 4h: RSI oversold (23.5)
  ⚠️ Sell signal but no position

[10:15:38] Cycle 1096
  💰 Current Price: $0.26
  🎯 Signal: SELL (confidence: 0.20)
  📝 Reason: 5m: MACD bearish; 15m: MACD bearish; 1h: MACD bearish; 4h: RSI oversold (23.5)
  ⚠️ Sell signal but no position

[10:16:09] Cycle 1097
  💰 Current Price: $0.26
  🎯 Signal: SELL (confidence: 0.20)
  📝 Reason: 5m: MACD bearish; 15m: MACD bearish; 1h: MACD bearish; 4h: RSI oversold (23.5)
  ⚠️ Sell signal but no position

[10:16:40] Cycle 1098
  💰 Current Price: $0.26
  🎯 Signal: SELL (confidence: 0.20)
  📝 Reason: 5m: MACD bearish; 15m: MACD bearish; 1h: MACD bearish; 4h: RSI oversold (23.5)
  ⚠️ Sell signal but no position

[10:17:11] Cycle 1099
  💰 Current Price: $0.26
  🎯 Signal: SELL (confidence: 0.20)
  📝 Reason: 5m: MACD bearish; 15m: MACD bearish; 1h: MACD bearish; 4h: RSI oversold (23.5)
  ⚠️ Sell signal but no position

[10:17:42] Cycle 1100
  💰 Current Price: $0.26
  🎯 Signal: SELL (confidence: 0.20)
  💰 Current Price: $0.26
  🎯 Signal: SELL (confidence: 0.20)
  📝 Reason: 5m: MACD bearish; 15m: MACD bearish; 1h: MACD bearish; 4h: RSI oversold (23.5)
  ⚠️ Sell signal but no position

[10:01:47] Cycle 1065
  💰 Current Price: $0.26
  🎯 Signal: SELL (confidence: 0.20)
  📝 Reason: 5m: MACD bearish; 15m: MACD bearish; 1h: MACD bearish; 4h: RSI oversold (23.1)
  ⚠️ Sell signal but no position

[10:02:18] Cycle 1066
  💰 Current Price: $0.26
  🎯 Signal: SELL (confidence: 0.20)
  📝 Reason: 5m: MACD bearish; 15m: MACD bearish; 1h: MACD bearish; 4h: RSI oversold (22.8)
  ⚠️ Sell signal but no position

[10:02:48] Cycle 1067
  💰 Current Price: $0.26
  🎯 Signal: SELL (confidence: 0.20)
  📝 Reason: 5m: MACD bearish; 15m: MACD bearish; 1h: MACD bearish; 4h: RSI oversold (22.8)
  ⚠️ Sell signal but no position

[10:03:19] Cycle 1068
  💰 Current Price: $0.26
  🎯 Signal: SELL (confidence: 0.20)
  📝 Reason: 5m: MACD bearish; 15m: MACD bearish; 1h: MACD bearish; 4h: RSI oversold (22.8)
  ⚠️ Sell signal but no position

[10:03:50] Cycle 1069
  💰 Current Price: $0.26
  🎯 Signal: SELL (confidence: 0.20)
  📝 Reason: 5m: MACD bearish; 15m: MACD bearish; 1h: MACD bearish; 4h: RSI oversold (22.8)
  ⚠️ Sell signal but no position

[10:04:21] Cycle 1070
  💰 Current Price: $0.26
  🎯 Signal: SELL (confidence: 0.20)
  📝 Reason: 5m: MACD bearish; 15m: MACD bearish; 1h: MACD bearish; 4h: RSI oversold (22.8)
  ⚠️ Sell signal but no position

[10:04:52] Cycle 1071
  💰 Current Price: $0.26
  🎯 Signal: SELL (confidence: 0.20)
  📝 Reason: 5m: MACD bearish; 15m: MACD bearish; 1h: MACD bearish; 4h: RSI oversold (22.8)
  ⚠️ Sell signal but no position

[10:05:22] Cycle 1072
  💰 Current Price: $0.26
  🎯 Signal: SELL (confidence: 0.20)
  📝 Reason: 5m: MACD bearish; 15m: MACD bearish; 1h: MACD bearish; 4h: RSI oversold (22.8)
  ⚠️ Sell signal but no position

[10:05:53] Cycle 1073
  💰 Current Price: $0.26
  🎯 Signal: SELL (confidence: 0.20)
  📝 Reason: 5m: MACD bearish; 15m: MACD bearish; 1h: MACD bearish; 4h: RSI oversold (22.8)
  ⚠️ Sell signal but no position

[10:06:24] Cycle 1074
  💰 Current Price: $0.26
  🎯 Signal: SELL (confidence: 0.20)
  📝 Reason: 5m: MACD bearish; 15m: MACD bearish; 1h: MACD bearish; 4h: RSI oversold (23.3)
  ⚠️ Sell signal but no position

[10:06:55] Cycle 1075
  💰 Current Price: $0.26
  🎯 Signal: SELL (confidence: 0.20)
  📝 Reason: 5m: MACD bearish; 15m: MACD bearish; 1h: MACD bearish; 4h: RSI oversold (23.3)
  ⚠️ Sell signal but no position

[10:07:25] Cycle 1076
  💰 Current Price: $0.26
  🎯 Signal: SELL (confidence: 0.20)
  📝 Reason: 5m: MACD bearish; 15m: MACD bearish; 1h: MACD bearish; 4h: RSI oversold (23.3)
  ⚠️ Sell signal but no position

[10:07:56] Cycle 1077
  💰 Current Price: $0.26
  🎯 Signal: SELL (confidence: 0.20)
  📝 Reason: 5m: MACD bearish; 15m: MACD bearish; 1h: MACD bearish; 4h: RSI oversold (23.3)
  ⚠️ Sell signal but no position

[10:08:27] Cycle 1078
  💰 Current Price: $0.26
  🎯 Signal: SELL (confidence: 0.20)
  📝 Reason: 5m: MACD bearish; 15m: MACD bearish; 1h: MACD bearish; 4h: RSI oversold (23.1)
  ⚠️ Sell signal but no position

[10:08:58] Cycle 1079
  💰 Current Price: $0.26
  🎯 Signal: SELL (confidence: 0.20)
  📝 Reason: 5m: MACD bearish; 15m: MACD bearish; 1h: MACD bearish; 4h: RSI oversold (23.1)
  ⚠️ Sell signal but no position

[10:09:29] Cycle 1080
  💰 Current Price: $0.26
  🎯 Signal: SELL (confidence: 0.20)
  📝 Reason: 5m: MACD bearish; 15m: MACD bearish; 1h: MACD bearish; 4h: RSI oversold (23.1)
  ⚠️ Sell signal but no position

[10:09:59] Cycle 1081
  💰 Current Price: $0.26
  🎯 Signal: SELL (confidence: 0.20)
  📝 Reason: 5m: MACD bearish; 15m: MACD bearish; 1h: MACD bearish; 4h: RSI oversold (23.5)
  ⚠️ Sell signal but no position

[10:10:30] Cycle 1082
  💰 Current Price: $0.26
  🎯 Signal: SELL (confidence: 0.20)
  📝 Reason: 5m: MACD bearish; 15m: MACD bearish; 1h: MACD bearish; 4h: RSI oversold (23.5)
  ⚠️ Sell signal but no position

[10:11:01] Cycle 1083
  💰 Current Price: $0.26
  🎯 Signal: SELL (confidence: 0.20)
  📝 Reason: 5m: MACD bearish; 15m: MACD bearish; 1h: MACD bearish; 4h: RSI oversold (23.5)
  ⚠️ Sell signal but no position

[10:11:32] Cycle 1084
  💰 Current Price: $0.26
  🎯 Signal: SELL (confidence: 0.20)
  📝 Reason: 5m: MACD bearish; 15m: MACD bearish; 1h: MACD bearish; 4h: RSI oversold (23.2)
  ⚠️ Sell signal but no position

[10:12:03] Cycle 1085
  💰 Current Price: $0.26
  🎯 Signal: SELL (confidence: 0.20)
  📝 Reason: 5m: MACD bearish; 15m: MACD bearish; 1h: MACD bearish; 4h: RSI oversold (23.5)
  ⚠️ Sell signal but no position

[10:12:33] Cycle 1086
  💰 Current Price: $0.26
  🎯 Signal: SELL (confidence: 0.20)
  📝 Reason: 5m: MACD bearish; 15m: MACD bearish; 1h: MACD bearish; 4h: RSI oversold (23.5)
  ⚠️ Sell signal but no position

[10:13:04] Cycle 1087
  💰 Current Price: $0.26
  🎯 Signal: HOLD (confidence: 0.10)
  📝 Reason: 5m: MACD bullish; 15m: MACD bearish; 1h: MACD bearish; 4h: RSI oversold (23.6)

[10:13:35] Cycle 1088
  💰 Current Price: $0.26
  🎯 Signal: SELL (confidence: 0.20)
  📝 Reason: 5m: MACD bearish; 15m: MACD bearish; 1h: MACD bearish; 4h: RSI oversold (23.5)
  ⚠️ Sell signal but no position

[10:14:06] Cycle 1089
  💰 Current Price: $0.26
  🎯 Signal: SELL (confidence: 0.20)
  📝 Reason: 5m: MACD bearish; 15m: MACD bearish; 1h: MACD bearish; 4h: RSI oversold (23.5)
  ⚠️ Sell signal but no position

[10:14:36] Cycle 1090
  💰 Current Price: $0.26
  🎯 Signal: SELL (confidence: 0.20)
  📝 Reason: 5m: MACD bearish; 15m: MACD bearish; 1h: MACD bearish; 4h: RSI oversold (23.5)
  ⚠️ Sell signal but no position

[10:15:07] Cycle 1091
  💰 Current Price: $0.26
  🎯 Signal: SELL (confidence: 0.20)
  📝 Reason: 5m: MACD bearish; 15m: MACD bearish; 1h: MACD bearish; 4h: RSI oversold (23.5)
  ⚠️ Sell signal but no position

[10:15:38] Cycle 1092
  💰 Current Price: $0.26
  🎯 Signal: SELL (confidence: 0.20)
  📝 Reason: 5m: MACD bearish; 15m: MACD bearish; 1h: MACD bearish; 4h: RSI oversold (23.5)
  ⚠️ Sell signal but no position

[10:16:09] Cycle 1093
  💰 Current Price: $0.26
  🎯 Signal: SELL (confidence: 0.20)
  📝 Reason: 5m: MACD bearish; 15m: MACD bearish; 1h: MACD bearish; 4h: RSI oversold (23.5)
  ⚠️ Sell signal but no position

[10:16:40] Cycle 1094
  💰 Current Price: $0.26
  🎯 Signal: SELL (confidence: 0.20)
  📝 Reason: 5m: MACD bearish; 15m: MACD bearish; 1h: MACD bearish; 4h: RSI oversold (23.5)
  ⚠️ Sell signal but no position

[10:17:11] Cycle 1095
  💰 Current Price: $0.26
  🎯 Signal: SELL (confidence: 0.20)
  📝 Reason: 5m: MACD bearish; 15m: MACD bearish; 1h: MACD bearish; 4h: RSI oversold (23.5)
  ⚠️ Sell signal but no position

[10:17:42] Cycle 1096
  💰 Current Price: $0.26
  🎯 Signal: SELL (confidence: 0.20)
  📝 Reason: 5m: MACD bearish; 15m: MACD bearish; 1h: MACD bearish; 4h: RSI oversold (23.5)
  ⚠️ Sell signal but no position

[10:18:13] Cycle 1097
  💰 Current Price: $0.26
  🎯 Signal: SELL (confidence: 0.20)
  📝 Reason: 5m: MACD bearish; 15m: MACD bearish; 1h: MACD bearish; 4h: RSI oversold (23.5)
  ⚠️ Sell signal but no position

[10:18:43] Cycle 1098
  💰 Current Price: $0.26
  🎯 Signal: SELL (confidence: 0.20)
  📝 Reason: 5m: MACD bearish; 15m: MACD bearish; 1h: MACD bearish; 4h: RSI oversold (23.5)
  ⚠️ Sell signal but no position

[10:19:14] Cycle 1099
  💰 Current Price: $0.26
  🎯 Signal: SELL (confidence: 0.20)
  📝 Reason: 5m: MACD bearish; 15m: MACD bearish; 1h: MACD bearish; 4h: RSI oversold (23.5)
  ⚠️ Sell signal but no position

[10:19:45] Cycle 1100
  💰 Current Price: $0.26
  🎯 Signal: SELL (confidence: 0.20)
  📝 Reason: 5m: MACD bearish; 15m: MACD bearish; 1h: MACD bearish; 4h: RSI oversold (23.5)
  ⚠️ Sell signal but no position

[10:20:16] Cycle 1101
  💰 Current Price: $0.26
  📝 Reason: 5m: MACD bearish; 15m: MACD bearish; 1h: MACD bearish; 4h: RSI oversold (23.5)
  ⚠️ Sell signal but no position

[10:18:13] Cycle 1101
  💰 Current Price: $0.26
  🎯 Signal: SELL (confidence: 0.20)
  📝 Reason: 5m: MACD bearish; 15m: MACD bearish; 1h: MACD bearish; 4h: RSI oversold (23.5)
  ⚠️ Sell signal but no position

[10:18:43] Cycle 1102
  💰 Current Price: $0.26
  🎯 Signal: SELL (confidence: 0.20)
  📝 Reason: 5m: MACD bearish; 15m: MACD bearish; 1h: MACD bearish; 4h: RSI oversold (23.5)
  ⚠️ Sell signal but no position

[10:19:14] Cycle 1103
  💰 Current Price: $0.26
  🎯 Signal: SELL (confidence: 0.20)
  📝 Reason: 5m: MACD bearish; 15m: MACD bearish; 1h: MACD bearish; 4h: RSI oversold (23.5)
  ⚠️ Sell signal but no position

[10:19:45] Cycle 1104
  💰 Current Price: $0.26
  🎯 Signal: SELL (confidence: 0.20)
  📝 Reason: 5m: MACD bearish; 15m: MACD bearish; 1h: MACD bearish; 4h: RSI oversold (23.5)
  ⚠️ Sell signal but no position

[10:20:16] Cycle 1105
  💰 Current Price: $0.26
  🎯 Signal: HOLD (confidence: 0.10)
  📝 Reason: 5m: MACD bullish; 15m: MACD bearish; 1h: MACD bearish; 4h: RSI oversold (23.5)

[10:20:47] Cycle 1106
  💰 Current Price: $0.26
  🎯 Signal: HOLD (confidence: 0.10)
  📝 Reason: 5m: MACD bullish; 15m: MACD bearish; 1h: MACD bearish; 4h: RSI oversold (23.5)

[10:21:17] Cycle 1107
  💰 Current Price: $0.26
  🎯 Signal: SELL (confidence: 0.20)
  📝 Reason: 5m: MACD bearish; 15m: MACD bearish; 1h: MACD bearish; 4h: RSI oversold (22.7)
  ⚠️ Sell signal but no position

[10:21:48] Cycle 1108
  💰 Current Price: $0.26
  🎯 Signal: SELL (confidence: 0.20)
  📝 Reason: 5m: MACD bearish; 15m: MACD bearish; 1h: MACD bearish; 4h: RSI oversold (22.7)
  ⚠️ Sell signal but no position

[10:22:19] Cycle 1109
  💰 Current Price: $0.26
  🎯 Signal: SELL (confidence: 0.20)
  📝 Reason: 5m: MACD bearish; 15m: MACD bearish; 1h: MACD bearish; 4h: RSI oversold (22.7)
  ⚠️ Sell signal but no position

[10:22:50] Cycle 1110
  💰 Current Price: $0.26
  🎯 Signal: SELL (confidence: 0.20)
  📝 Reason: 5m: MACD bearish; 15m: MACD bearish; 1h: MACD bearish; 4h: RSI oversold (22.7)
  ⚠️ Sell signal but no position

[10:23:20] Cycle 1111
  💰 Current Price: $0.26
  🎯 Signal: SELL (confidence: 0.20)
  📝 Reason: 5m: MACD bearish; 15m: MACD bearish; 1h: MACD bearish; 4h: RSI oversold (22.7)
  ⚠️ Sell signal but no position

[10:23:51] Cycle 1112
  💰 Current Price: $0.26
  🎯 Signal: SELL (confidence: 0.20)
  📝 Reason: 5m: MACD bearish; 15m: MACD bearish; 1h: MACD bearish; 4h: RSI oversold (23.1)
  ⚠️ Sell signal but no position

[10:24:22] Cycle 1113
  💰 Current Price: $0.26
  🎯 Signal: SELL (confidence: 0.20)
  📝 Reason: 5m: MACD bearish; 15m: MACD bearish; 1h: MACD bearish; 4h: RSI oversold (23.0)
  ⚠️ Sell signal but no position

[10:24:53] Cycle 1114
  💰 Current Price: $0.26
  🎯 Signal: SELL (confidence: 0.20)
  📝 Reason: 5m: MACD bearish; 15m: MACD bearish; 1h: MACD bearish; 4h: RSI oversold (23.0)
  ⚠️ Sell signal but no position

[10:25:23] Cycle 1115
  💰 Current Price: $0.26
  🎯 Signal: HOLD (confidence: 0.10)
  📝 Reason: 5m: MACD bullish; 15m: MACD bearish; 1h: MACD bearish; 4h: RSI oversold (23.0)

[10:25:54] Cycle 1116
  💰 Current Price: $0.26
  🎯 Signal: HOLD (confidence: 0.10)
  📝 Reason: 5m: MACD bullish; 15m: MACD bearish; 1h: MACD bearish; 4h: RSI oversold (23.0)

[10:26:25] Cycle 1117
  💰 Current Price: $0.26
  🎯 Signal: SELL (confidence: 0.20)
  📝 Reason: 5m: MACD bearish; 15m: MACD bearish; 1h: MACD bearish; 4h: RSI oversold (22.7)
  ⚠️ Sell signal but no position

[10:26:56] Cycle 1118
  💰 Current Price: $0.26
  🎯 Signal: SELL (confidence: 0.20)
  📝 Reason: 5m: MACD bearish; 15m: MACD bearish; 1h: MACD bearish; 4h: RSI oversold (22.7)
  ⚠️ Sell signal but no position

[10:27:27] Cycle 1119
  💰 Current Price: $0.26
  🎯 Signal: SELL (confidence: 0.20)
  📝 Reason: 5m: MACD bearish; 15m: MACD bearish; 1h: MACD bearish; 4h: RSI oversold (22.7)
  ⚠️ Sell signal but no position

[10:27:58] Cycle 1120
  💰 Current Price: $0.26
  🎯 Signal: SELL (confidence: 0.20)
  📝 Reason: 5m: MACD bearish; 15m: MACD bearish; 1h: MACD bearish; 4h: RSI oversold (22.7)
  ⚠️ Sell signal but no position

[10:28:29] Cycle 1121
  💰 Current Price: $0.26
  🎯 Signal: SELL (confidence: 0.20)
  📝 Reason: 5m: MACD bearish; 15m: MACD bearish; 1h: MACD bearish; 4h: RSI oversold (22.7)
  ⚠️ Sell signal but no position

[10:28:59] Cycle 1122
  💰 Current Price: $0.26
  🎯 Signal: SELL (confidence: 0.20)
  📝 Reason: 5m: MACD bearish; 15m: MACD bearish; 1h: MACD bearish; 4h: RSI oversold (22.6)
  ⚠️ Sell signal but no position

[10:29:30] Cycle 1123
  💰 Current Price: $0.26
  🎯 Signal: SELL (confidence: 0.20)
  📝 Reason: 5m: MACD bearish; 15m: MACD bearish; 1h: MACD bearish; 4h: RSI oversold (22.6)
  ⚠️ Sell signal but no position

[10:30:01] Cycle 1124
  💰 Current Price: $0.26
  🎯 Signal: SELL (confidence: 0.20)
  📝 Reason: 5m: MACD bearish; 15m: MACD bearish; 1h: MACD bearish; 4h: RSI oversold (22.6)
  ⚠️ Sell signal but no position

[10:30:32] Cycle 1125
  💰 Current Price: $0.26
  🎯 Signal: SELL (confidence: 0.20)
  📝 Reason: 5m: MACD bearish; 15m: MACD bearish; 1h: MACD bearish; 4h: RSI oversold (22.6)
  ⚠️ Sell signal but no position

[10:31:03] Cycle 1126
  💰 Current Price: $0.26
  🎯 Signal: SELL (confidence: 0.20)
  📝 Reason: 5m: MACD bearish; 15m: MACD bearish; 1h: MACD bearish; 4h: RSI oversold (22.6)
  ⚠️ Sell signal but no position

[10:31:34] Cycle 1127
  💰 Current Price: $0.26
  🎯 Signal: SELL (confidence: 0.20)
  📝 Reason: 5m: MACD bearish; 15m: MACD bearish; 1h: MACD bearish; 4h: RSI oversold (22.6)
  ⚠️ Sell signal but no position

[10:32:05] Cycle 1128
  💰 Current Price: $0.26
  🎯 Signal: SELL (confidence: 0.20)
  📝 Reason: 5m: MACD bearish; 15m: MACD bearish; 1h: MACD bearish; 4h: RSI oversold (22.6)
  ⚠️ Sell signal but no position

[10:32:35] Cycle 1129
  💰 Current Price: $0.26
  🎯 Signal: SELL (confidence: 0.20)
  📝 Reason: 5m: MACD bearish; 15m: MACD bearish; 1h: MACD bearish; 4h: RSI oversold (22.6)
  ⚠️ Sell signal but no position

[10:33:06] Cycle 1130
  💰 Current Price: $0.26
  🎯 Signal: SELL (confidence: 0.20)
  📝 Reason: 5m: MACD bearish; 15m: MACD bearish; 1h: MACD bearish; 4h: RSI oversold (22.6)
  ⚠️ Sell signal but no position

[10:33:37] Cycle 1131
  💰 Current Price: $0.26
  🎯 Signal: SELL (confidence: 0.20)
  📝 Reason: 5m: MACD bearish; 15m: MACD bearish; 1h: MACD bearish; 4h: RSI oversold (22.6)
  ⚠️ Sell signal but no position

[10:34:08] Cycle 1132
  💰 Current Price: $0.26
  🎯 Signal: SELL (confidence: 0.20)
  📝 Reason: 5m: MACD bearish; 15m: MACD bearish; 1h: MACD bearish; 4h: RSI oversold (22.6)
  ⚠️ Sell signal but no position

[10:34:39] Cycle 1133
  💰 Current Price: $0.26
  🎯 Signal: SELL (confidence: 0.20)
  📝 Reason: 5m: MACD bearish; 15m: MACD bearish; 1h: MACD bearish; 4h: RSI oversold (22.6)
  ⚠️ Sell signal but no position

[10:35:09] Cycle 1134
  💰 Current Price: $0.26
  🎯 Signal: SELL (confidence: 0.20)
  📝 Reason: 5m: MACD bearish; 15m: MACD bearish; 1h: MACD bearish; 4h: RSI oversold (22.4)
  ⚠️ Sell signal but no position

[10:35:40] Cycle 1135
  💰 Current Price: $0.26
  🎯 Signal: SELL (confidence: 0.20)
  📝 Reason: 5m: MACD bearish; 15m: MACD bearish; 1h: MACD bearish; 4h: RSI oversold (22.3)
  ⚠️ Sell signal but no position

[10:36:11] Cycle 1136
  💰 Current Price: $0.26
  🎯 Signal: SELL (confidence: 0.20)
  📝 Reason: 5m: MACD bearish; 15m: MACD bearish; 1h: MACD bearish; 4h: RSI oversold (22.4)
  ⚠️ Sell signal but no position

[10:36:42] Cycle 1137
  💰 Current Price: $0.26
  🎯 Signal: SELL (confidence: 0.20)
  📝 Reason: 5m: MACD bearish; 15m: MACD bearish; 1h: MACD bearish; 4h: RSI oversold (22.5)
  ⚠️ Sell signal but no position

[10:37:12] Cycle 1138
  🎯 Signal: HOLD (confidence: 0.10)
  📝 Reason: 5m: MACD bullish; 15m: MACD bearish; 1h: MACD bearish; 4h: RSI oversold (23.5)

[10:20:47] Cycle 1102
  💰 Current Price: $0.26
  🎯 Signal: HOLD (confidence: 0.10)
  📝 Reason: 5m: MACD bullish; 15m: MACD bearish; 1h: MACD bearish; 4h: RSI oversold (23.5)

[10:21:17] Cycle 1103
  💰 Current Price: $0.26
  🎯 Signal: SELL (confidence: 0.20)
  📝 Reason: 5m: MACD bearish; 15m: MACD bearish; 1h: MACD bearish; 4h: RSI oversold (22.7)
  ⚠️ Sell signal but no position

[10:21:48] Cycle 1104
  💰 Current Price: $0.26
  🎯 Signal: SELL (confidence: 0.20)
  📝 Reason: 5m: MACD bearish; 15m: MACD bearish; 1h: MACD bearish; 4h: RSI oversold (22.7)
  ⚠️ Sell signal but no position

[10:22:19] Cycle 1105
  💰 Current Price: $0.26
  🎯 Signal: SELL (confidence: 0.20)
  📝 Reason: 5m: MACD bearish; 15m: MACD bearish; 1h: MACD bearish; 4h: RSI oversold (22.7)
  ⚠️ Sell signal but no position

[10:22:50] Cycle 1106
  💰 Current Price: $0.26
  🎯 Signal: SELL (confidence: 0.20)
  📝 Reason: 5m: MACD bearish; 15m: MACD bearish; 1h: MACD bearish; 4h: RSI oversold (22.7)
  ⚠️ Sell signal but no position

[10:23:20] Cycle 1107
  💰 Current Price: $0.26
  🎯 Signal: SELL (confidence: 0.20)
  📝 Reason: 5m: MACD bearish; 15m: MACD bearish; 1h: MACD bearish; 4h: RSI oversold (22.7)
  ⚠️ Sell signal but no position

[10:23:51] Cycle 1108
  💰 Current Price: $0.26
  🎯 Signal: SELL (confidence: 0.20)
  📝 Reason: 5m: MACD bearish; 15m: MACD bearish; 1h: MACD bearish; 4h: RSI oversold (23.1)
  ⚠️ Sell signal but no position

[10:24:22] Cycle 1109
  💰 Current Price: $0.26
  🎯 Signal: SELL (confidence: 0.20)
  📝 Reason: 5m: MACD bearish; 15m: MACD bearish; 1h: MACD bearish; 4h: RSI oversold (23.0)
  ⚠️ Sell signal but no position

[10:24:53] Cycle 1110
  💰 Current Price: $0.26
  🎯 Signal: SELL (confidence: 0.20)
  📝 Reason: 5m: MACD bearish; 15m: MACD bearish; 1h: MACD bearish; 4h: RSI oversold (23.0)
  ⚠️ Sell signal but no position

[10:25:23] Cycle 1111
  💰 Current Price: $0.26
  🎯 Signal: HOLD (confidence: 0.10)
  📝 Reason: 5m: MACD bullish; 15m: MACD bearish; 1h: MACD bearish; 4h: RSI oversold (23.0)

[10:25:54] Cycle 1112
  💰 Current Price: $0.26
  🎯 Signal: HOLD (confidence: 0.10)
  📝 Reason: 5m: MACD bullish; 15m: MACD bearish; 1h: MACD bearish; 4h: RSI oversold (23.0)

[10:26:25] Cycle 1113
  💰 Current Price: $0.26
  🎯 Signal: SELL (confidence: 0.20)
  📝 Reason: 5m: MACD bearish; 15m: MACD bearish; 1h: MACD bearish; 4h: RSI oversold (22.7)
  ⚠️ Sell signal but no position

[10:26:56] Cycle 1114
  💰 Current Price: $0.26
  🎯 Signal: SELL (confidence: 0.20)
  📝 Reason: 5m: MACD bearish; 15m: MACD bearish; 1h: MACD bearish; 4h: RSI oversold (22.7)
  ⚠️ Sell signal but no position

[10:27:27] Cycle 1115
  💰 Current Price: $0.26
  🎯 Signal: SELL (confidence: 0.20)
  📝 Reason: 5m: MACD bearish; 15m: MACD bearish; 1h: MACD bearish; 4h: RSI oversold (22.7)
  ⚠️ Sell signal but no position

[10:27:58] Cycle 1116
  💰 Current Price: $0.26
  🎯 Signal: SELL (confidence: 0.20)
  📝 Reason: 5m: MACD bearish; 15m: MACD bearish; 1h: MACD bearish; 4h: RSI oversold (22.7)
  ⚠️ Sell signal but no position

[10:28:29] Cycle 1117
  💰 Current Price: $0.26
  🎯 Signal: SELL (confidence: 0.20)
  📝 Reason: 5m: MACD bearish; 15m: MACD bearish; 1h: MACD bearish; 4h: RSI oversold (22.7)
  ⚠️ Sell signal but no position

[10:28:59] Cycle 1118
  💰 Current Price: $0.26
  🎯 Signal: SELL (confidence: 0.20)
  📝 Reason: 5m: MACD bearish; 15m: MACD bearish; 1h: MACD bearish; 4h: RSI oversold (22.6)
  ⚠️ Sell signal but no position

[10:29:30] Cycle 1119
  💰 Current Price: $0.26
  🎯 Signal: SELL (confidence: 0.20)
  📝 Reason: 5m: MACD bearish; 15m: MACD bearish; 1h: MACD bearish; 4h: RSI oversold (22.6)
  ⚠️ Sell signal but no position

[10:30:01] Cycle 1120
  💰 Current Price: $0.26
  🎯 Signal: SELL (confidence: 0.20)
  📝 Reason: 5m: MACD bearish; 15m: MACD bearish; 1h: MACD bearish; 4h: RSI oversold (22.6)
  ⚠️ Sell signal but no position

[10:30:32] Cycle 1121
  💰 Current Price: $0.26
  🎯 Signal: SELL (confidence: 0.20)
  📝 Reason: 5m: MACD bearish; 15m: MACD bearish; 1h: MACD bearish; 4h: RSI oversold (22.6)
  ⚠️ Sell signal but no position

[10:31:03] Cycle 1122
  💰 Current Price: $0.26
  🎯 Signal: SELL (confidence: 0.20)
  📝 Reason: 5m: MACD bearish; 15m: MACD bearish; 1h: MACD bearish; 4h: RSI oversold (22.6)
  ⚠️ Sell signal but no position

[10:31:34] Cycle 1123
  💰 Current Price: $0.26
  🎯 Signal: SELL (confidence: 0.20)
  📝 Reason: 5m: MACD bearish; 15m: MACD bearish; 1h: MACD bearish; 4h: RSI oversold (22.6)
  ⚠️ Sell signal but no position

[10:32:05] Cycle 1124
  💰 Current Price: $0.26
  🎯 Signal: SELL (confidence: 0.20)
  📝 Reason: 5m: MACD bearish; 15m: MACD bearish; 1h: MACD bearish; 4h: RSI oversold (22.6)
  ⚠️ Sell signal but no position

[10:32:35] Cycle 1125
  💰 Current Price: $0.26
  🎯 Signal: SELL (confidence: 0.20)
  📝 Reason: 5m: MACD bearish; 15m: MACD bearish; 1h: MACD bearish; 4h: RSI oversold (22.6)
  ⚠️ Sell signal but no position

[10:33:06] Cycle 1126
  💰 Current Price: $0.26
  🎯 Signal: SELL (confidence: 0.20)
  📝 Reason: 5m: MACD bearish; 15m: MACD bearish; 1h: MACD bearish; 4h: RSI oversold (22.6)
  ⚠️ Sell signal but no position

[10:33:37] Cycle 1127
  💰 Current Price: $0.26
  🎯 Signal: SELL (confidence: 0.20)
  📝 Reason: 5m: MACD bearish; 15m: MACD bearish; 1h: MACD bearish; 4h: RSI oversold (22.6)
  ⚠️ Sell signal but no position

[10:34:08] Cycle 1128
  💰 Current Price: $0.26
  🎯 Signal: SELL (confidence: 0.20)
  📝 Reason: 5m: MACD bearish; 15m: MACD bearish; 1h: MACD bearish; 4h: RSI oversold (22.6)
  ⚠️ Sell signal but no position

[10:34:39] Cycle 1129
  💰 Current Price: $0.26
  🎯 Signal: SELL (confidence: 0.20)
  📝 Reason: 5m: MACD bearish; 15m: MACD bearish; 1h: MACD bearish; 4h: RSI oversold (22.6)
  ⚠️ Sell signal but no position

[10:35:09] Cycle 1130
  💰 Current Price: $0.26
  🎯 Signal: SELL (confidence: 0.20)
  📝 Reason: 5m: MACD bearish; 15m: MACD bearish; 1h: MACD bearish; 4h: RSI oversold (22.4)
  ⚠️ Sell signal but no position

[10:35:40] Cycle 1131
  💰 Current Price: $0.26
  🎯 Signal: SELL (confidence: 0.20)
  📝 Reason: 5m: MACD bearish; 15m: MACD bearish; 1h: MACD bearish; 4h: RSI oversold (22.3)
  ⚠️ Sell signal but no position

[10:36:11] Cycle 1132
  💰 Current Price: $0.26
  🎯 Signal: SELL (confidence: 0.20)
  📝 Reason: 5m: MACD bearish; 15m: MACD bearish; 1h: MACD bearish; 4h: RSI oversold (22.4)
  ⚠️ Sell signal but no position

[10:36:42] Cycle 1133
  💰 Current Price: $0.26
  🎯 Signal: SELL (confidence: 0.20)
  📝 Reason: 5m: MACD bearish; 15m: MACD bearish; 1h: MACD bearish; 4h: RSI oversold (22.5)
  ⚠️ Sell signal but no position

[10:37:12] Cycle 1134
  💰 Current Price: $0.26
  🎯 Signal: SELL (confidence: 0.20)
  📝 Reason: 5m: MACD bearish; 15m: MACD bearish; 1h: MACD bearish; 4h: RSI oversold (22.5)
  ⚠️ Sell signal but no position

[10:37:43] Cycle 1135
  💰 Current Price: $0.26
  🎯 Signal: SELL (confidence: 0.20)
  📝 Reason: 5m: MACD bearish; 15m: MACD bearish; 1h: MACD bearish; 4h: RSI oversold (22.5)
  ⚠️ Sell signal but no position

[10:38:14] Cycle 1136
  💰 Current Price: $0.26
  🎯 Signal: SELL (confidence: 0.20)
  📝 Reason: 5m: MACD bearish; 15m: MACD bearish; 1h: MACD bearish; 4h: RSI oversold (22.5)
  ⚠️ Sell signal but no position

[10:38:45] Cycle 1137
  💰 Current Price: $0.26
  🎯 Signal: SELL (confidence: 0.20)
  📝 Reason: 5m: MACD bearish; 15m: MACD bearish; 1h: MACD bearish; 4h: RSI oversold (22.5)
  ⚠️ Sell signal but no position

[10:39:16] Cycle 1138
  💰 Current Price: $0.26
  🎯 Signal: SELL (confidence: 0.20)
  📝 Reason: 5m: MACD bearish; 15m: MACD bearish; 1h: MACD bearish; 4h: RSI oversold (22.5)
  💰 Current Price: $0.26
  🎯 Signal: SELL (confidence: 0.20)
  📝 Reason: 5m: MACD bearish; 15m: MACD bearish; 1h: MACD bearish; 4h: RSI oversold (22.5)
  ⚠️ Sell signal but no position

[10:37:43] Cycle 1139
  💰 Current Price: $0.26
  🎯 Signal: SELL (confidence: 0.20)
  📝 Reason: 5m: MACD bearish; 15m: MACD bearish; 1h: MACD bearish; 4h: RSI oversold (22.5)
  ⚠️ Sell signal but no position

[10:38:14] Cycle 1140
  💰 Current Price: $0.26
  🎯 Signal: SELL (confidence: 0.20)
  📝 Reason: 5m: MACD bearish; 15m: MACD bearish; 1h: MACD bearish; 4h: RSI oversold (22.5)
  ⚠️ Sell signal but no position

[10:38:45] Cycle 1141
  💰 Current Price: $0.26
  🎯 Signal: SELL (confidence: 0.20)
  📝 Reason: 5m: MACD bearish; 15m: MACD bearish; 1h: MACD bearish; 4h: RSI oversold (22.5)
  ⚠️ Sell signal but no position

[10:39:16] Cycle 1142
  💰 Current Price: $0.26
  🎯 Signal: SELL (confidence: 0.20)
  📝 Reason: 5m: MACD bearish; 15m: MACD bearish; 1h: MACD bearish; 4h: RSI oversold (22.5)
  ⚠️ Sell signal but no position

[10:39:46] Cycle 1143
  💰 Current Price: $0.26
  🎯 Signal: SELL (confidence: 0.20)
  📝 Reason: 5m: MACD bearish; 15m: MACD bearish; 1h: MACD bearish; 4h: RSI oversold (22.5)
  ⚠️ Sell signal but no position

[10:40:17] Cycle 1144
  💰 Current Price: $0.26
  🎯 Signal: SELL (confidence: 0.20)
  📝 Reason: 5m: MACD bearish; 15m: MACD bearish; 1h: MACD bearish; 4h: RSI oversold (22.5)
  ⚠️ Sell signal but no position

[10:40:48] Cycle 1145
  💰 Current Price: $0.26
  🎯 Signal: SELL (confidence: 0.20)
  📝 Reason: 5m: MACD bearish; 15m: MACD bearish; 1h: MACD bearish; 4h: RSI oversold (22.6)
  ⚠️ Sell signal but no position

[10:41:19] Cycle 1146
  💰 Current Price: $0.26
  🎯 Signal: SELL (confidence: 0.20)
  📝 Reason: 5m: MACD bearish; 15m: MACD bearish; 1h: MACD bearish; 4h: RSI oversold (22.6)
  ⚠️ Sell signal but no position

[10:41:49] Cycle 1147
  💰 Current Price: $0.26
  🎯 Signal: SELL (confidence: 0.20)
  📝 Reason: 5m: MACD bearish; 15m: MACD bearish; 1h: MACD bearish; 4h: RSI oversold (22.6)
  ⚠️ Sell signal but no position

[10:42:20] Cycle 1148
  💰 Current Price: $0.26
  🎯 Signal: SELL (confidence: 0.20)
  📝 Reason: 5m: MACD bearish; 15m: MACD bearish; 1h: MACD bearish; 4h: RSI oversold (22.6)
  ⚠️ Sell signal but no position

[10:42:51] Cycle 1149
  💰 Current Price: $0.26
  🎯 Signal: SELL (confidence: 0.20)
  📝 Reason: 5m: MACD bearish; 15m: MACD bearish; 1h: MACD bearish; 4h: RSI oversold (22.6)
  ⚠️ Sell signal but no position

[10:43:21] Cycle 1150
  💰 Current Price: $0.26
  🎯 Signal: SELL (confidence: 0.20)
  📝 Reason: 5m: MACD bearish; 15m: MACD bearish; 1h: MACD bearish; 4h: RSI oversold (22.6)
  ⚠️ Sell signal but no position

[10:43:52] Cycle 1151
  💰 Current Price: $0.26
  🎯 Signal: SELL (confidence: 0.20)
  📝 Reason: 5m: MACD bearish; 15m: MACD bearish; 1h: MACD bearish; 4h: RSI oversold (22.6)
  ⚠️ Sell signal but no position

[10:44:23] Cycle 1152
  💰 Current Price: $0.26
  🎯 Signal: SELL (confidence: 0.20)
  📝 Reason: 5m: MACD bearish; 15m: MACD bearish; 1h: MACD bearish; 4h: RSI oversold (22.6)
  ⚠️ Sell signal but no position

[10:44:54] Cycle 1153
  💰 Current Price: $0.26
  🎯 Signal: SELL (confidence: 0.20)
  📝 Reason: 5m: MACD bearish; 15m: MACD bearish; 1h: MACD bearish; 4h: RSI oversold (22.6)
  ⚠️ Sell signal but no position

[10:45:25] Cycle 1154
  💰 Current Price: $0.26
  🎯 Signal: SELL (confidence: 0.20)
  📝 Reason: 5m: MACD bearish; 15m: MACD bearish; 1h: MACD bearish; 4h: RSI oversold (22.6)
  ⚠️ Sell signal but no position

[10:45:56] Cycle 1155
  💰 Current Price: $0.26
  🎯 Signal: SELL (confidence: 0.20)
  📝 Reason: 5m: MACD bearish; 15m: MACD bearish; 1h: MACD bearish; 4h: RSI oversold (22.4)
  ⚠️ Sell signal but no position

[10:46:26] Cycle 1156
  💰 Current Price: $0.26
  🎯 Signal: SELL (confidence: 0.20)
  📝 Reason: 5m: MACD bearish; 15m: MACD bearish; 1h: MACD bearish; 4h: RSI oversold (22.4)
  ⚠️ Sell signal but no position

[10:46:57] Cycle 1157
  💰 Current Price: $0.26
  🎯 Signal: SELL (confidence: 0.20)
  📝 Reason: 5m: MACD bearish; 15m: MACD bearish; 1h: MACD bearish; 4h: RSI oversold (22.4)
  ⚠️ Sell signal but no position

[10:47:28] Cycle 1158
  💰 Current Price: $0.26
  🎯 Signal: SELL (confidence: 0.20)
  📝 Reason: 5m: MACD bearish; 15m: MACD bearish; 1h: MACD bearish; 4h: RSI oversold (22.4)
  ⚠️ Sell signal but no position

[10:47:59] Cycle 1159
  💰 Current Price: $0.26
  🎯 Signal: SELL (confidence: 0.20)
  📝 Reason: 5m: MACD bearish; 15m: MACD bearish; 1h: MACD bearish; 4h: RSI oversold (22.6)
  ⚠️ Sell signal but no position

[10:48:30] Cycle 1160
  💰 Current Price: $0.26
  🎯 Signal: SELL (confidence: 0.20)
  📝 Reason: 5m: MACD bearish; 15m: MACD bearish; 1h: MACD bearish; 4h: RSI oversold (22.5)
  ⚠️ Sell signal but no position

[10:49:00] Cycle 1161
  💰 Current Price: $0.26
  🎯 Signal: SELL (confidence: 0.20)
  📝 Reason: 5m: MACD bearish; 15m: MACD bearish; 1h: MACD bearish; 4h: RSI oversold (22.5)
  ⚠️ Sell signal but no position

[10:49:31] Cycle 1162
  💰 Current Price: $0.26
  🎯 Signal: SELL (confidence: 0.20)
  📝 Reason: 5m: MACD bearish; 15m: MACD bearish; 1h: MACD bearish; 4h: RSI oversold (22.5)
  ⚠️ Sell signal but no position

[10:50:02] Cycle 1163
  💰 Current Price: $0.26
  🎯 Signal: SELL (confidence: 0.20)
  📝 Reason: 5m: MACD bearish; 15m: MACD bearish; 1h: MACD bearish; 4h: RSI oversold (22.7)
  ⚠️ Sell signal but no position

[10:50:33] Cycle 1164
  💰 Current Price: $0.26
  🎯 Signal: SELL (confidence: 0.20)
  📝 Reason: 5m: MACD bearish; 15m: MACD bearish; 1h: MACD bearish; 4h: RSI oversold (22.7)
  ⚠️ Sell signal but no position

[10:51:04] Cycle 1165
  💰 Current Price: $0.26
  🎯 Signal: SELL (confidence: 0.20)
  📝 Reason: 5m: MACD bearish; 15m: MACD bearish; 1h: MACD bearish; 4h: RSI oversold (22.7)
  ⚠️ Sell signal but no position

[10:51:35] Cycle 1166
  💰 Current Price: $0.26
  🎯 Signal: SELL (confidence: 0.20)
  📝 Reason: 5m: MACD bearish; 15m: MACD bearish; 1h: MACD bearish; 4h: RSI oversold (22.7)
  ⚠️ Sell signal but no position

[10:52:06] Cycle 1167
  💰 Current Price: $0.26
  🎯 Signal: SELL (confidence: 0.20)
  📝 Reason: 5m: MACD bearish; 15m: MACD bearish; 1h: MACD bearish; 4h: RSI oversold (22.5)
  ⚠️ Sell signal but no position

[10:52:36] Cycle 1168
  💰 Current Price: $0.26
  🎯 Signal: SELL (confidence: 0.20)
  📝 Reason: 5m: MACD bearish; 15m: MACD bearish; 1h: MACD bearish; 4h: RSI oversold (22.5)
  ⚠️ Sell signal but no position

[10:53:07] Cycle 1169
  💰 Current Price: $0.26
  🎯 Signal: SELL (confidence: 0.20)
  📝 Reason: 5m: MACD bearish; 15m: MACD bearish; 1h: MACD bearish; 4h: RSI oversold (22.3)
  ⚠️ Sell signal but no position

[10:53:38] Cycle 1170
  💰 Current Price: $0.26
  🎯 Signal: SELL (confidence: 0.20)
  📝 Reason: 5m: MACD bearish; 15m: MACD bearish; 1h: MACD bearish; 4h: RSI oversold (22.3)
  ⚠️ Sell signal but no position

[10:54:09] Cycle 1171
  💰 Current Price: $0.26
  🎯 Signal: SELL (confidence: 0.20)
  📝 Reason: 5m: MACD bearish; 15m: MACD bearish; 1h: MACD bearish; 4h: RSI oversold (22.3)
  ⚠️ Sell signal but no position

[10:54:40] Cycle 1172
  💰 Current Price: $0.26
  🎯 Signal: SELL (confidence: 0.20)
  📝 Reason: 5m: MACD bearish; 15m: MACD bearish; 1h: MACD bearish; 4h: RSI oversold (22.5)
  ⚠️ Sell signal but no position

[10:55:10] Cycle 1173
  💰 Current Price: $0.26
  🎯 Signal: SELL (confidence: 0.20)
  📝 Reason: 5m: MACD bearish; 15m: MACD bearish; 1h: MACD bearish; 4h: RSI oversold (22.5)
  ⚠️ Sell signal but no position

[10:55:41] Cycle 1174
  💰 Current Price: $0.26
  🎯 Signal: SELL (confidence: 0.20)
  📝 Reason: 5m: MACD bearish; 15m: MACD bearish; 1h: MACD bearish; 4h: RSI oversold (22.5)
  ⚠️ Sell signal but no position

[10:56:12] Cycle 1175
  ⚠️ Sell signal but no position

[10:39:46] Cycle 1139
  💰 Current Price: $0.26
  🎯 Signal: SELL (confidence: 0.20)
  📝 Reason: 5m: MACD bearish; 15m: MACD bearish; 1h: MACD bearish; 4h: RSI oversold (22.5)
  ⚠️ Sell signal but no position

[10:40:17] Cycle 1140
  💰 Current Price: $0.26
  🎯 Signal: SELL (confidence: 0.20)
  📝 Reason: 5m: MACD bearish; 15m: MACD bearish; 1h: MACD bearish; 4h: RSI oversold (22.5)
  ⚠️ Sell signal but no position

[10:40:48] Cycle 1141
  💰 Current Price: $0.26
  🎯 Signal: SELL (confidence: 0.20)
  📝 Reason: 5m: MACD bearish; 15m: MACD bearish; 1h: MACD bearish; 4h: RSI oversold (22.6)
  ⚠️ Sell signal but no position

[10:41:19] Cycle 1142
  💰 Current Price: $0.26
  🎯 Signal: SELL (confidence: 0.20)
  📝 Reason: 5m: MACD bearish; 15m: MACD bearish; 1h: MACD bearish; 4h: RSI oversold (22.6)
  ⚠️ Sell signal but no position

[10:41:49] Cycle 1143
  💰 Current Price: $0.26
  🎯 Signal: SELL (confidence: 0.20)
  📝 Reason: 5m: MACD bearish; 15m: MACD bearish; 1h: MACD bearish; 4h: RSI oversold (22.6)
  ⚠️ Sell signal but no position

[10:42:20] Cycle 1144
  💰 Current Price: $0.26
  🎯 Signal: SELL (confidence: 0.20)
  📝 Reason: 5m: MACD bearish; 15m: MACD bearish; 1h: MACD bearish; 4h: RSI oversold (22.6)
  ⚠️ Sell signal but no position

[10:42:51] Cycle 1145
  💰 Current Price: $0.26
  🎯 Signal: SELL (confidence: 0.20)
  📝 Reason: 5m: MACD bearish; 15m: MACD bearish; 1h: MACD bearish; 4h: RSI oversold (22.6)
  ⚠️ Sell signal but no position

[10:43:21] Cycle 1146
  💰 Current Price: $0.26
  🎯 Signal: SELL (confidence: 0.20)
  📝 Reason: 5m: MACD bearish; 15m: MACD bearish; 1h: MACD bearish; 4h: RSI oversold (22.6)
  ⚠️ Sell signal but no position

[10:43:52] Cycle 1147
  💰 Current Price: $0.26
  🎯 Signal: SELL (confidence: 0.20)
  📝 Reason: 5m: MACD bearish; 15m: MACD bearish; 1h: MACD bearish; 4h: RSI oversold (22.6)
  ⚠️ Sell signal but no position

[10:44:23] Cycle 1148
  💰 Current Price: $0.26
  🎯 Signal: SELL (confidence: 0.20)
  📝 Reason: 5m: MACD bearish; 15m: MACD bearish; 1h: MACD bearish; 4h: RSI oversold (22.6)
  ⚠️ Sell signal but no position

[10:44:54] Cycle 1149
  💰 Current Price: $0.26
  🎯 Signal: SELL (confidence: 0.20)
  📝 Reason: 5m: MACD bearish; 15m: MACD bearish; 1h: MACD bearish; 4h: RSI oversold (22.6)
  ⚠️ Sell signal but no position

[10:45:25] Cycle 1150
  💰 Current Price: $0.26
  🎯 Signal: SELL (confidence: 0.20)
  📝 Reason: 5m: MACD bearish; 15m: MACD bearish; 1h: MACD bearish; 4h: RSI oversold (22.6)
  ⚠️ Sell signal but no position

[10:45:56] Cycle 1151
  💰 Current Price: $0.26
  🎯 Signal: SELL (confidence: 0.20)
  📝 Reason: 5m: MACD bearish; 15m: MACD bearish; 1h: MACD bearish; 4h: RSI oversold (22.4)
  ⚠️ Sell signal but no position

[10:46:26] Cycle 1152
  💰 Current Price: $0.26
  🎯 Signal: SELL (confidence: 0.20)
  📝 Reason: 5m: MACD bearish; 15m: MACD bearish; 1h: MACD bearish; 4h: RSI oversold (22.4)
  ⚠️ Sell signal but no position

[10:46:57] Cycle 1153
  💰 Current Price: $0.26
  🎯 Signal: SELL (confidence: 0.20)
  📝 Reason: 5m: MACD bearish; 15m: MACD bearish; 1h: MACD bearish; 4h: RSI oversold (22.4)
  ⚠️ Sell signal but no position

[10:47:28] Cycle 1154
  💰 Current Price: $0.26
  🎯 Signal: SELL (confidence: 0.20)
  📝 Reason: 5m: MACD bearish; 15m: MACD bearish; 1h: MACD bearish; 4h: RSI oversold (22.4)
  ⚠️ Sell signal but no position

[10:47:59] Cycle 1155
  💰 Current Price: $0.26
  🎯 Signal: SELL (confidence: 0.20)
  📝 Reason: 5m: MACD bearish; 15m: MACD bearish; 1h: MACD bearish; 4h: RSI oversold (22.6)
  ⚠️ Sell signal but no position

[10:48:30] Cycle 1156
  💰 Current Price: $0.26
  🎯 Signal: SELL (confidence: 0.20)
  📝 Reason: 5m: MACD bearish; 15m: MACD bearish; 1h: MACD bearish; 4h: RSI oversold (22.5)
  ⚠️ Sell signal but no position

[10:49:00] Cycle 1157
  💰 Current Price: $0.26
  🎯 Signal: SELL (confidence: 0.20)
  📝 Reason: 5m: MACD bearish; 15m: MACD bearish; 1h: MACD bearish; 4h: RSI oversold (22.5)
  ⚠️ Sell signal but no position

[10:49:31] Cycle 1158
  💰 Current Price: $0.26
  🎯 Signal: SELL (confidence: 0.20)
  📝 Reason: 5m: MACD bearish; 15m: MACD bearish; 1h: MACD bearish; 4h: RSI oversold (22.5)
  ⚠️ Sell signal but no position

[10:50:02] Cycle 1159
  💰 Current Price: $0.26
  🎯 Signal: SELL (confidence: 0.20)
  📝 Reason: 5m: MACD bearish; 15m: MACD bearish; 1h: MACD bearish; 4h: RSI oversold (22.7)
  ⚠️ Sell signal but no position

[10:50:33] Cycle 1160
  💰 Current Price: $0.26
  🎯 Signal: SELL (confidence: 0.20)
  📝 Reason: 5m: MACD bearish; 15m: MACD bearish; 1h: MACD bearish; 4h: RSI oversold (22.7)
  ⚠️ Sell signal but no position

[10:51:04] Cycle 1161
  💰 Current Price: $0.26
  🎯 Signal: SELL (confidence: 0.20)
  📝 Reason: 5m: MACD bearish; 15m: MACD bearish; 1h: MACD bearish; 4h: RSI oversold (22.7)
  ⚠️ Sell signal but no position

[10:51:35] Cycle 1162
  💰 Current Price: $0.26
  🎯 Signal: SELL (confidence: 0.20)
  📝 Reason: 5m: MACD bearish; 15m: MACD bearish; 1h: MACD bearish; 4h: RSI oversold (22.7)
  ⚠️ Sell signal but no position

[10:52:06] Cycle 1163
  💰 Current Price: $0.26
  🎯 Signal: SELL (confidence: 0.20)
  📝 Reason: 5m: MACD bearish; 15m: MACD bearish; 1h: MACD bearish; 4h: RSI oversold (22.5)
  ⚠️ Sell signal but no position

[10:52:36] Cycle 1164
  💰 Current Price: $0.26
  🎯 Signal: SELL (confidence: 0.20)
  📝 Reason: 5m: MACD bearish; 15m: MACD bearish; 1h: MACD bearish; 4h: RSI oversold (22.5)
  ⚠️ Sell signal but no position

[10:53:07] Cycle 1165
  💰 Current Price: $0.26
  🎯 Signal: SELL (confidence: 0.20)
  📝 Reason: 5m: MACD bearish; 15m: MACD bearish; 1h: MACD bearish; 4h: RSI oversold (22.3)
  ⚠️ Sell signal but no position

[10:53:38] Cycle 1166
  💰 Current Price: $0.26
  🎯 Signal: SELL (confidence: 0.20)
  📝 Reason: 5m: MACD bearish; 15m: MACD bearish; 1h: MACD bearish; 4h: RSI oversold (22.3)
  ⚠️ Sell signal but no position

[10:54:09] Cycle 1167
  💰 Current Price: $0.26
  🎯 Signal: SELL (confidence: 0.20)
  📝 Reason: 5m: MACD bearish; 15m: MACD bearish; 1h: MACD bearish; 4h: RSI oversold (22.3)
  ⚠️ Sell signal but no position

[10:54:40] Cycle 1168
  💰 Current Price: $0.26
  🎯 Signal: SELL (confidence: 0.20)
  📝 Reason: 5m: MACD bearish; 15m: MACD bearish; 1h: MACD bearish; 4h: RSI oversold (22.5)
  ⚠️ Sell signal but no position

[10:55:10] Cycle 1169
  💰 Current Price: $0.26
  🎯 Signal: SELL (confidence: 0.20)
  📝 Reason: 5m: MACD bearish; 15m: MACD bearish; 1h: MACD bearish; 4h: RSI oversold (22.5)
  ⚠️ Sell signal but no position

[10:55:41] Cycle 1170
  💰 Current Price: $0.26
  🎯 Signal: SELL (confidence: 0.20)
  📝 Reason: 5m: MACD bearish; 15m: MACD bearish; 1h: MACD bearish; 4h: RSI oversold (22.5)
  ⚠️ Sell signal but no position

[10:56:12] Cycle 1171
  💰 Current Price: $0.26
  🎯 Signal: SELL (confidence: 0.20)
  📝 Reason: 5m: MACD bearish; 15m: MACD bearish; 1h: MACD bearish; 4h: RSI oversold (22.6)
  ⚠️ Sell signal but no position

[10:56:43] Cycle 1172
  💰 Current Price: $0.26
  🎯 Signal: SELL (confidence: 0.20)
  📝 Reason: 5m: MACD bearish; 15m: MACD bearish; 1h: MACD bearish; 4h: RSI oversold (22.6)
  ⚠️ Sell signal but no position

[10:57:14] Cycle 1173
  💰 Current Price: $0.26
  🎯 Signal: SELL (confidence: 0.20)
  📝 Reason: 5m: MACD bearish; 15m: MACD bearish; 1h: MACD bearish; 4h: RSI oversold (22.6)
  ⚠️ Sell signal but no position

[10:57:45] Cycle 1174
  💰 Current Price: $0.26
  🎯 Signal: SELL (confidence: 0.20)
  📝 Reason: 5m: MACD bearish; 15m: MACD bearish; 1h: MACD bearish; 4h: RSI oversold (22.6)
  ⚠️ Sell signal but no position

[10:58:15] Cycle 1175
  💰 Current Price: $0.26
  🎯 Signal: SELL (confidence: 0.20)
  📝 Reason: 5m: MACD bearish; 15m: MACD bearish; 1h: MACD bearish; 4h: RSI oversold (22.5)
  💰 Current Price: $0.26
  🎯 Signal: SELL (confidence: 0.20)
  📝 Reason: 5m: MACD bearish; 15m: MACD bearish; 1h: MACD bearish; 4h: RSI oversold (22.6)
  ⚠️ Sell signal but no position

[10:56:43] Cycle 1176
  💰 Current Price: $0.26
  🎯 Signal: SELL (confidence: 0.20)
  📝 Reason: 5m: MACD bearish; 15m: MACD bearish; 1h: MACD bearish; 4h: RSI oversold (22.6)
  ⚠️ Sell signal but no position

[10:57:14] Cycle 1177
  💰 Current Price: $0.26
  🎯 Signal: SELL (confidence: 0.20)
  📝 Reason: 5m: MACD bearish; 15m: MACD bearish; 1h: MACD bearish; 4h: RSI oversold (22.6)
  ⚠️ Sell signal but no position

[10:57:45] Cycle 1178
  💰 Current Price: $0.26
  🎯 Signal: SELL (confidence: 0.20)
  📝 Reason: 5m: MACD bearish; 15m: MACD bearish; 1h: MACD bearish; 4h: RSI oversold (22.6)
  ⚠️ Sell signal but no position

[10:58:15] Cycle 1179
  💰 Current Price: $0.26
  🎯 Signal: SELL (confidence: 0.20)
  📝 Reason: 5m: MACD bearish; 15m: MACD bearish; 1h: MACD bearish; 4h: RSI oversold (22.5)
  ⚠️ Sell signal but no position

[10:58:46] Cycle 1180
  💰 Current Price: $0.26
  🎯 Signal: SELL (confidence: 0.20)
  📝 Reason: 5m: MACD bearish; 15m: MACD bearish; 1h: MACD bearish; 4h: RSI oversold (22.5)
  ⚠️ Sell signal but no position

[10:59:17] Cycle 1181
  💰 Current Price: $0.26
  🎯 Signal: SELL (confidence: 0.20)
  📝 Reason: 5m: MACD bearish; 15m: MACD bearish; 1h: MACD bearish; 4h: RSI oversold (22.5)
  ⚠️ Sell signal but no position

[10:59:48] Cycle 1182
  💰 Current Price: $0.26
  🎯 Signal: SELL (confidence: 0.20)
  📝 Reason: 5m: MACD bearish; 15m: MACD bearish; 1h: MACD bearish; 4h: RSI oversold (22.5)
  ⚠️ Sell signal but no position

[11:00:18] Cycle 1183
  💰 Current Price: $0.26
  🎯 Signal: SELL (confidence: 0.20)
  📝 Reason: 5m: MACD bearish; 15m: MACD bearish; 1h: MACD bearish; 4h: RSI oversold (22.5)
  ⚠️ Sell signal but no position

[11:00:49] Cycle 1184
  💰 Current Price: $0.26
  🎯 Signal: SELL (confidence: 0.20)
  📝 Reason: 5m: MACD bearish; 15m: MACD bearish; 1h: MACD bearish; 4h: RSI oversold (22.4)
  ⚠️ Sell signal but no position

[11:01:20] Cycle 1185
  💰 Current Price: $0.26
  🎯 Signal: SELL (confidence: 0.20)
  📝 Reason: 5m: MACD bearish; 15m: MACD bearish; 1h: MACD bearish; 4h: RSI oversold (22.4)
  ⚠️ Sell signal but no position

[11:01:51] Cycle 1186
  💰 Current Price: $0.26
  🎯 Signal: SELL (confidence: 0.20)
  📝 Reason: 5m: MACD bearish; 15m: MACD bearish; 1h: MACD bearish; 4h: RSI oversold (22.4)
  ⚠️ Sell signal but no position

[11:02:22] Cycle 1187
  💰 Current Price: $0.26
  🎯 Signal: SELL (confidence: 0.20)
  📝 Reason: 5m: MACD bearish; 15m: MACD bearish; 1h: MACD bearish; 4h: RSI oversold (22.4)
  ⚠️ Sell signal but no position

[11:02:53] Cycle 1188
  💰 Current Price: $0.26
  🎯 Signal: SELL (confidence: 0.20)
  📝 Reason: 5m: MACD bearish; 15m: MACD bearish; 1h: MACD bearish; 4h: RSI oversold (22.4)
  ⚠️ Sell signal but no position

[11:03:23] Cycle 1189
  💰 Current Price: $0.26
  🎯 Signal: SELL (confidence: 0.20)
  📝 Reason: 5m: MACD bearish; 15m: MACD bearish; 1h: MACD bearish; 4h: RSI oversold (22.4)
  ⚠️ Sell signal but no position

[11:03:54] Cycle 1190
  💰 Current Price: $0.26
  🎯 Signal: HOLD (confidence: 0.10)
  📝 Reason: 5m: RSI oversold (28.7); 5m: MACD bearish; 15m: MACD bearish; 1h: MACD bearish

[11:04:25] Cycle 1191
  💰 Current Price: $0.26
  🎯 Signal: HOLD (confidence: 0.10)
  📝 Reason: 5m: RSI oversold (28.7); 5m: MACD bearish; 15m: MACD bearish; 1h: MACD bearish

[11:04:56] Cycle 1192
  💰 Current Price: $0.26
  🎯 Signal: HOLD (confidence: 0.10)
  📝 Reason: 5m: RSI oversold (28.7); 5m: MACD bearish; 15m: MACD bearish; 1h: MACD bearish

[11:05:27] Cycle 1193
  💰 Current Price: $0.26
  🎯 Signal: SELL (confidence: 0.20)
  📝 Reason: 5m: MACD bearish; 15m: MACD bearish; 1h: MACD bearish; 4h: RSI oversold (22.4)
  ⚠️ Sell signal but no position

[11:05:58] Cycle 1194
  💰 Current Price: $0.26
  🎯 Signal: SELL (confidence: 0.20)
  📝 Reason: 5m: MACD bearish; 15m: MACD bearish; 1h: MACD bearish; 4h: RSI oversold (22.4)
  ⚠️ Sell signal but no position

[11:06:29] Cycle 1195
  💰 Current Price: $0.26
  🎯 Signal: SELL (confidence: 0.20)
  📝 Reason: 5m: MACD bearish; 15m: MACD bearish; 1h: MACD bearish; 4h: RSI oversold (22.4)
  ⚠️ Sell signal but no position

[11:07:00] Cycle 1196
  💰 Current Price: $0.26
  🎯 Signal: SELL (confidence: 0.20)
  📝 Reason: 5m: MACD bearish; 15m: MACD bearish; 1h: MACD bearish; 4h: RSI oversold (22.4)
  ⚠️ Sell signal but no position

[11:07:31] Cycle 1197
  💰 Current Price: $0.26
  🎯 Signal: SELL (confidence: 0.20)
  📝 Reason: 5m: MACD bearish; 15m: MACD bearish; 1h: MACD bearish; 4h: RSI oversold (22.4)
  ⚠️ Sell signal but no position

[11:08:02] Cycle 1198
  💰 Current Price: $0.26
  🎯 Signal: SELL (confidence: 0.20)
  📝 Reason: 5m: MACD bearish; 15m: MACD bearish; 1h: MACD bearish; 4h: RSI oversold (22.4)
  ⚠️ Sell signal but no position

[11:08:32] Cycle 1199
  💰 Current Price: $0.26
  🎯 Signal: SELL (confidence: 0.20)
  📝 Reason: 5m: MACD bearish; 15m: MACD bearish; 1h: MACD bearish; 4h: RSI oversold (22.4)
  ⚠️ Sell signal but no position

[11:09:03] Cycle 1200
  💰 Current Price: $0.26
  🎯 Signal: SELL (confidence: 0.20)
  📝 Reason: 5m: MACD bearish; 15m: MACD bearish; 1h: MACD bearish; 4h: RSI oversold (22.5)
  ⚠️ Sell signal but no position

[11:09:34] Cycle 1201
  💰 Current Price: $0.26
  🎯 Signal: SELL (confidence: 0.20)
  📝 Reason: 5m: MACD bearish; 15m: MACD bearish; 1h: MACD bearish; 4h: RSI oversold (22.5)
  ⚠️ Sell signal but no position

[11:10:05] Cycle 1202
  💰 Current Price: $0.26
  🎯 Signal: SELL (confidence: 0.20)
  📝 Reason: 5m: MACD bearish; 15m: MACD bearish; 1h: MACD bearish; 4h: RSI oversold (22.3)
  ⚠️ Sell signal but no position

[11:10:35] Cycle 1203
  💰 Current Price: $0.26
  🎯 Signal: SELL (confidence: 0.20)
  📝 Reason: 5m: MACD bearish; 15m: MACD bearish; 1h: MACD bearish; 4h: RSI oversold (22.3)
  ⚠️ Sell signal but no position

[11:11:06] Cycle 1204
  💰 Current Price: $0.26
  🎯 Signal: SELL (confidence: 0.20)
  📝 Reason: 5m: MACD bearish; 15m: MACD bearish; 1h: MACD bearish; 4h: RSI oversold (22.3)
  ⚠️ Sell signal but no position

[11:11:37] Cycle 1205
  💰 Current Price: $0.26
  🎯 Signal: SELL (confidence: 0.20)
  📝 Reason: 5m: MACD bearish; 15m: MACD bearish; 1h: MACD bearish; 4h: RSI oversold (22.6)
  ⚠️ Sell signal but no position

[11:12:08] Cycle 1206
  💰 Current Price: $0.26
  🎯 Signal: SELL (confidence: 0.20)
  📝 Reason: 5m: MACD bearish; 15m: MACD bearish; 1h: MACD bearish; 4h: RSI oversold (22.6)
  ⚠️ Sell signal but no position

[11:12:38] Cycle 1207
  💰 Current Price: $0.26
  🎯 Signal: SELL (confidence: 0.20)
  📝 Reason: 5m: MACD bearish; 15m: MACD bearish; 1h: MACD bearish; 4h: RSI oversold (22.6)
  ⚠️ Sell signal but no position

[11:13:09] Cycle 1208
  💰 Current Price: $0.26
  🎯 Signal: SELL (confidence: 0.20)
  📝 Reason: 5m: MACD bearish; 15m: MACD bearish; 1h: MACD bearish; 4h: RSI oversold (22.9)
  ⚠️ Sell signal but no position

[11:13:40] Cycle 1209
  💰 Current Price: $0.26
  🎯 Signal: SELL (confidence: 0.20)
  📝 Reason: 5m: MACD bearish; 15m: MACD bearish; 1h: MACD bearish; 4h: RSI oversold (23.5)
  ⚠️ Sell signal but no position

[11:14:11] Cycle 1210
  💰 Current Price: $0.26
  🎯 Signal: SELL (confidence: 0.20)
  📝 Reason: 5m: MACD bearish; 15m: MACD bearish; 1h: MACD bearish; 4h: RSI oversold (23.5)
  ⚠️ Sell signal but no position

[11:14:42] Cycle 1211
  💰 Current Price: $0.26
  🎯 Signal: SELL (confidence: 0.20)
  📝 Reason: 5m: MACD bearish; 15m: MACD bearish; 1h: MACD bearish; 4h: RSI oversold (23.8)
  ⚠️ Sell signal but no position

[11:15:13] Cycle 1212
  💰 Current Price: $0.26
  🎯 Signal: HOLD (confidence: 0.10)
  ⚠️ Sell signal but no position

[10:58:46] Cycle 1176
  💰 Current Price: $0.26
  🎯 Signal: SELL (confidence: 0.20)
  📝 Reason: 5m: MACD bearish; 15m: MACD bearish; 1h: MACD bearish; 4h: RSI oversold (22.5)
  ⚠️ Sell signal but no position

[10:59:17] Cycle 1177
  💰 Current Price: $0.26
  🎯 Signal: SELL (confidence: 0.20)
  📝 Reason: 5m: MACD bearish; 15m: MACD bearish; 1h: MACD bearish; 4h: RSI oversold (22.5)
  ⚠️ Sell signal but no position

[10:59:48] Cycle 1178
  💰 Current Price: $0.26
  🎯 Signal: SELL (confidence: 0.20)
  📝 Reason: 5m: MACD bearish; 15m: MACD bearish; 1h: MACD bearish; 4h: RSI oversold (22.5)
  ⚠️ Sell signal but no position

[11:00:18] Cycle 1179
  💰 Current Price: $0.26
  🎯 Signal: SELL (confidence: 0.20)
  📝 Reason: 5m: MACD bearish; 15m: MACD bearish; 1h: MACD bearish; 4h: RSI oversold (22.5)
  ⚠️ Sell signal but no position

[11:00:49] Cycle 1180
  💰 Current Price: $0.26
  🎯 Signal: SELL (confidence: 0.20)
  📝 Reason: 5m: MACD bearish; 15m: MACD bearish; 1h: MACD bearish; 4h: RSI oversold (22.4)
  ⚠️ Sell signal but no position

[11:01:20] Cycle 1181
  💰 Current Price: $0.26
  🎯 Signal: SELL (confidence: 0.20)
  📝 Reason: 5m: MACD bearish; 15m: MACD bearish; 1h: MACD bearish; 4h: RSI oversold (22.4)
  ⚠️ Sell signal but no position

[11:01:51] Cycle 1182
  💰 Current Price: $0.26
  🎯 Signal: SELL (confidence: 0.20)
  📝 Reason: 5m: MACD bearish; 15m: MACD bearish; 1h: MACD bearish; 4h: RSI oversold (22.4)
  ⚠️ Sell signal but no position

[11:02:22] Cycle 1183
  💰 Current Price: $0.26
  🎯 Signal: SELL (confidence: 0.20)
  📝 Reason: 5m: MACD bearish; 15m: MACD bearish; 1h: MACD bearish; 4h: RSI oversold (22.4)
  ⚠️ Sell signal but no position

[11:02:53] Cycle 1184
  💰 Current Price: $0.26
  🎯 Signal: SELL (confidence: 0.20)
  📝 Reason: 5m: MACD bearish; 15m: MACD bearish; 1h: MACD bearish; 4h: RSI oversold (22.4)
  ⚠️ Sell signal but no position

[11:03:23] Cycle 1185
  💰 Current Price: $0.26
  🎯 Signal: SELL (confidence: 0.20)
  📝 Reason: 5m: MACD bearish; 15m: MACD bearish; 1h: MACD bearish; 4h: RSI oversold (22.4)
  ⚠️ Sell signal but no position

[11:03:54] Cycle 1186
  💰 Current Price: $0.26
  🎯 Signal: HOLD (confidence: 0.10)
  📝 Reason: 5m: RSI oversold (28.7); 5m: MACD bearish; 15m: MACD bearish; 1h: MACD bearish

[11:04:25] Cycle 1187
  💰 Current Price: $0.26
  🎯 Signal: HOLD (confidence: 0.10)
  📝 Reason: 5m: RSI oversold (28.7); 5m: MACD bearish; 15m: MACD bearish; 1h: MACD bearish

[11:04:56] Cycle 1188
  💰 Current Price: $0.26
  🎯 Signal: HOLD (confidence: 0.10)
  📝 Reason: 5m: RSI oversold (28.7); 5m: MACD bearish; 15m: MACD bearish; 1h: MACD bearish

[11:05:27] Cycle 1189
  💰 Current Price: $0.26
  🎯 Signal: SELL (confidence: 0.20)
  📝 Reason: 5m: MACD bearish; 15m: MACD bearish; 1h: MACD bearish; 4h: RSI oversold (22.4)
  ⚠️ Sell signal but no position

[11:05:58] Cycle 1190
  💰 Current Price: $0.26
  🎯 Signal: SELL (confidence: 0.20)
  📝 Reason: 5m: MACD bearish; 15m: MACD bearish; 1h: MACD bearish; 4h: RSI oversold (22.4)
  ⚠️ Sell signal but no position

[11:06:29] Cycle 1191
  💰 Current Price: $0.26
  🎯 Signal: SELL (confidence: 0.20)
  📝 Reason: 5m: MACD bearish; 15m: MACD bearish; 1h: MACD bearish; 4h: RSI oversold (22.4)
  ⚠️ Sell signal but no position

[11:07:00] Cycle 1192
  💰 Current Price: $0.26
  🎯 Signal: SELL (confidence: 0.20)
  📝 Reason: 5m: MACD bearish; 15m: MACD bearish; 1h: MACD bearish; 4h: RSI oversold (22.4)
  ⚠️ Sell signal but no position

[11:07:31] Cycle 1193
  💰 Current Price: $0.26
  🎯 Signal: SELL (confidence: 0.20)
  📝 Reason: 5m: MACD bearish; 15m: MACD bearish; 1h: MACD bearish; 4h: RSI oversold (22.4)
  ⚠️ Sell signal but no position

[11:08:02] Cycle 1194
  💰 Current Price: $0.26
  🎯 Signal: SELL (confidence: 0.20)
  📝 Reason: 5m: MACD bearish; 15m: MACD bearish; 1h: MACD bearish; 4h: RSI oversold (22.4)
  ⚠️ Sell signal but no position

[11:08:32] Cycle 1195
  💰 Current Price: $0.26
  🎯 Signal: SELL (confidence: 0.20)
  📝 Reason: 5m: MACD bearish; 15m: MACD bearish; 1h: MACD bearish; 4h: RSI oversold (22.4)
  ⚠️ Sell signal but no position

[11:09:03] Cycle 1196
  💰 Current Price: $0.26
  🎯 Signal: SELL (confidence: 0.20)
  📝 Reason: 5m: MACD bearish; 15m: MACD bearish; 1h: MACD bearish; 4h: RSI oversold (22.5)
  ⚠️ Sell signal but no position

[11:09:34] Cycle 1197
  💰 Current Price: $0.26
  🎯 Signal: SELL (confidence: 0.20)
  📝 Reason: 5m: MACD bearish; 15m: MACD bearish; 1h: MACD bearish; 4h: RSI oversold (22.5)
  ⚠️ Sell signal but no position

[11:10:05] Cycle 1198
  💰 Current Price: $0.26
  🎯 Signal: SELL (confidence: 0.20)
  📝 Reason: 5m: MACD bearish; 15m: MACD bearish; 1h: MACD bearish; 4h: RSI oversold (22.3)
  ⚠️ Sell signal but no position

[11:10:35] Cycle 1199
  💰 Current Price: $0.26
  🎯 Signal: SELL (confidence: 0.20)
  📝 Reason: 5m: MACD bearish; 15m: MACD bearish; 1h: MACD bearish; 4h: RSI oversold (22.3)
  ⚠️ Sell signal but no position

[11:11:06] Cycle 1200
  💰 Current Price: $0.26
  🎯 Signal: SELL (confidence: 0.20)
  📝 Reason: 5m: MACD bearish; 15m: MACD bearish; 1h: MACD bearish; 4h: RSI oversold (22.3)
  ⚠️ Sell signal but no position

[11:11:37] Cycle 1201
  💰 Current Price: $0.26
  🎯 Signal: SELL (confidence: 0.20)
  📝 Reason: 5m: MACD bearish; 15m: MACD bearish; 1h: MACD bearish; 4h: RSI oversold (22.6)
  ⚠️ Sell signal but no position

[11:12:08] Cycle 1202
  💰 Current Price: $0.26
  🎯 Signal: SELL (confidence: 0.20)
  📝 Reason: 5m: MACD bearish; 15m: MACD bearish; 1h: MACD bearish; 4h: RSI oversold (22.6)
  ⚠️ Sell signal but no position

[11:12:38] Cycle 1203
  💰 Current Price: $0.26
  🎯 Signal: SELL (confidence: 0.20)
  📝 Reason: 5m: MACD bearish; 15m: MACD bearish; 1h: MACD bearish; 4h: RSI oversold (22.6)
  ⚠️ Sell signal but no position

[11:13:09] Cycle 1204
  💰 Current Price: $0.26
  🎯 Signal: SELL (confidence: 0.20)
  📝 Reason: 5m: MACD bearish; 15m: MACD bearish; 1h: MACD bearish; 4h: RSI oversold (22.9)
  ⚠️ Sell signal but no position

[11:13:40] Cycle 1205
  💰 Current Price: $0.26
  🎯 Signal: SELL (confidence: 0.20)
  📝 Reason: 5m: MACD bearish; 15m: MACD bearish; 1h: MACD bearish; 4h: RSI oversold (23.5)
  ⚠️ Sell signal but no position

[11:14:11] Cycle 1206
  💰 Current Price: $0.26
  🎯 Signal: SELL (confidence: 0.20)
  📝 Reason: 5m: MACD bearish; 15m: MACD bearish; 1h: MACD bearish; 4h: RSI oversold (23.5)
  ⚠️ Sell signal but no position

[11:14:42] Cycle 1207
  💰 Current Price: $0.26
  🎯 Signal: SELL (confidence: 0.20)
  📝 Reason: 5m: MACD bearish; 15m: MACD bearish; 1h: MACD bearish; 4h: RSI oversold (23.8)
  ⚠️ Sell signal but no position

[11:15:13] Cycle 1208
  💰 Current Price: $0.26
  🎯 Signal: HOLD (confidence: 0.10)
  📝 Reason: 5m: MACD bullish; 15m: MACD bullish; 1h: MACD bearish; 4h: RSI oversold (25.8)

[11:15:43] Cycle 1209
  💰 Current Price: $0.26
  🎯 Signal: HOLD (confidence: 0.10)
  📝 Reason: 5m: MACD bullish; 15m: MACD bullish; 1h: MACD bearish; 4h: RSI oversold (25.6)

[11:16:14] Cycle 1210
  💰 Current Price: $0.26
  🎯 Signal: HOLD (confidence: 0.10)
  📝 Reason: 5m: MACD bullish; 15m: MACD bullish; 1h: MACD bearish; 4h: RSI oversold (25.6)

[11:16:45] Cycle 1211
  💰 Current Price: $0.26
  🎯 Signal: HOLD (confidence: 0.10)
  📝 Reason: 5m: MACD bullish; 15m: MACD bullish; 1h: MACD bearish; 4h: RSI oversold (25.6)

[11:17:16] Cycle 1212
  💰 Current Price: $0.26
  🎯 Signal: HOLD (confidence: 0.10)
  📝 Reason: 5m: MACD bullish; 15m: MACD bullish; 1h: MACD bearish; 4h: RSI oversold (25.3)

[11:17:47] Cycle 1213
  💰 Current Price: $0.26
  🎯 Signal: HOLD (confidence: 0.10)
  📝 Reason: 5m: MACD bullish; 15m: MACD bullish; 1h: MACD bearish; 4h: RSI oversold (25.3)

[11:18:18] Cycle 1214
  💰 Current Price: $0.26
  🎯 Signal: HOLD (confidence: 0.10)
  📝 Reason: 5m: MACD bullish; 15m: MACD bullish; 1h: MACD bearish; 4h: RSI oversold (25.8)

[11:15:43] Cycle 1213
  💰 Current Price: $0.26
  🎯 Signal: HOLD (confidence: 0.10)
  📝 Reason: 5m: MACD bullish; 15m: MACD bullish; 1h: MACD bearish; 4h: RSI oversold (25.6)

[11:16:14] Cycle 1214
  💰 Current Price: $0.26
  🎯 Signal: HOLD (confidence: 0.10)
  📝 Reason: 5m: MACD bullish; 15m: MACD bullish; 1h: MACD bearish; 4h: RSI oversold (25.6)

[11:16:45] Cycle 1215
  💰 Current Price: $0.26
  🎯 Signal: HOLD (confidence: 0.10)
  📝 Reason: 5m: MACD bullish; 15m: MACD bullish; 1h: MACD bearish; 4h: RSI oversold (25.6)

[11:17:16] Cycle 1216
  💰 Current Price: $0.26
  🎯 Signal: HOLD (confidence: 0.10)
  📝 Reason: 5m: MACD bullish; 15m: MACD bullish; 1h: MACD bearish; 4h: RSI oversold (25.3)

[11:17:47] Cycle 1217
  💰 Current Price: $0.26
  🎯 Signal: HOLD (confidence: 0.10)
  📝 Reason: 5m: MACD bullish; 15m: MACD bullish; 1h: MACD bearish; 4h: RSI oversold (25.3)

[11:18:18] Cycle 1218
  💰 Current Price: $0.26
  🎯 Signal: HOLD (confidence: 0.10)
  📝 Reason: 5m: MACD bullish; 15m: MACD bullish; 1h: MACD bearish; 4h: RSI oversold (25.3)

[11:18:49] Cycle 1219
  💰 Current Price: $0.26
  🎯 Signal: HOLD (confidence: 0.10)
  📝 Reason: 5m: MACD bullish; 15m: MACD bullish; 1h: MACD bearish; 4h: RSI oversold (25.1)

[11:19:19] Cycle 1220
  💰 Current Price: $0.26
  🎯 Signal: HOLD (confidence: 0.10)
  📝 Reason: 5m: MACD bullish; 15m: MACD bullish; 1h: MACD bearish; 4h: RSI oversold (25.1)

[11:19:50] Cycle 1221
  💰 Current Price: $0.26
  🎯 Signal: HOLD (confidence: 0.10)
  📝 Reason: 5m: MACD bullish; 15m: MACD bullish; 1h: MACD bearish; 4h: RSI oversold (25.1)

[11:20:21] Cycle 1222
  💰 Current Price: $0.26
  🎯 Signal: HOLD (confidence: 0.10)
  📝 Reason: 5m: MACD bullish; 15m: MACD bullish; 1h: MACD bearish; 4h: RSI oversold (25.7)

[11:20:52] Cycle 1223
  💰 Current Price: $0.26
  🎯 Signal: HOLD (confidence: 0.10)
  📝 Reason: 5m: MACD bullish; 15m: MACD bullish; 1h: MACD bearish; 4h: RSI oversold (25.7)

[11:21:22] Cycle 1224
  💰 Current Price: $0.26
  🎯 Signal: HOLD (confidence: 0.10)
  📝 Reason: 5m: MACD bullish; 15m: MACD bullish; 1h: MACD bearish; 4h: RSI oversold (25.7)

[11:21:53] Cycle 1225
  💰 Current Price: $0.26
  🎯 Signal: HOLD (confidence: 0.10)
  📝 Reason: 5m: MACD bullish; 15m: MACD bullish; 1h: MACD bearish; 4h: RSI oversold (24.7)

[11:22:24] Cycle 1226
  💰 Current Price: $0.26
  🎯 Signal: HOLD (confidence: 0.10)
  📝 Reason: 5m: MACD bullish; 15m: MACD bullish; 1h: MACD bearish; 4h: RSI oversold (24.7)

[11:22:55] Cycle 1227
  💰 Current Price: $0.26
  🎯 Signal: HOLD (confidence: 0.10)
  📝 Reason: 5m: MACD bullish; 15m: MACD bullish; 1h: MACD bearish; 4h: RSI oversold (24.7)

[11:23:26] Cycle 1228
  💰 Current Price: $0.26
  🎯 Signal: HOLD (confidence: 0.10)
  📝 Reason: 5m: MACD bullish; 15m: MACD bullish; 1h: MACD bearish; 4h: RSI oversold (24.7)

[11:23:57] Cycle 1229
  💰 Current Price: $0.26
  🎯 Signal: HOLD (confidence: 0.10)
  📝 Reason: 5m: MACD bullish; 15m: MACD bullish; 1h: MACD bearish; 4h: RSI oversold (24.7)

[11:24:27] Cycle 1230
  💰 Current Price: $0.26
  🎯 Signal: HOLD (confidence: 0.10)
  📝 Reason: 5m: MACD bullish; 15m: MACD bullish; 1h: MACD bearish; 4h: RSI oversold (24.7)

[11:24:58] Cycle 1231
  💰 Current Price: $0.26
  🎯 Signal: HOLD (confidence: 0.10)
  📝 Reason: 5m: MACD bullish; 15m: MACD bullish; 1h: MACD bearish; 4h: RSI oversold (24.7)

[11:25:29] Cycle 1232
  💰 Current Price: $0.26
  🎯 Signal: HOLD (confidence: 0.10)
  📝 Reason: 5m: MACD bullish; 15m: MACD bullish; 1h: MACD bearish; 4h: RSI oversold (24.7)

[11:26:00] Cycle 1233
  💰 Current Price: $0.26
  🎯 Signal: HOLD (confidence: 0.10)
  📝 Reason: 5m: MACD bullish; 15m: MACD bullish; 1h: MACD bearish; 4h: RSI oversold (24.4)

[11:26:31] Cycle 1234
  💰 Current Price: $0.26
  🎯 Signal: HOLD (confidence: 0.10)
  📝 Reason: 5m: MACD bullish; 15m: MACD bullish; 1h: MACD bearish; 4h: RSI oversold (24.4)

[11:27:02] Cycle 1235
  💰 Current Price: $0.26
  🎯 Signal: HOLD (confidence: 0.10)
  📝 Reason: 5m: MACD bullish; 15m: MACD bullish; 1h: MACD bearish; 4h: RSI oversold (24.4)

[11:27:32] Cycle 1236
  💰 Current Price: $0.26
  🎯 Signal: HOLD (confidence: 0.10)
  📝 Reason: 5m: MACD bullish; 15m: MACD bullish; 1h: MACD bearish; 4h: RSI oversold (24.4)

[11:28:03] Cycle 1237
  💰 Current Price: $0.26
  🎯 Signal: HOLD (confidence: 0.10)
  📝 Reason: 5m: MACD bullish; 15m: MACD bearish; 1h: MACD bearish; 4h: RSI oversold (23.7)

[11:28:34] Cycle 1238
  💰 Current Price: $0.26
  🎯 Signal: HOLD (confidence: 0.10)
  📝 Reason: 5m: MACD bullish; 15m: MACD bullish; 1h: MACD bearish; 4h: RSI oversold (24.0)

[11:29:05] Cycle 1239
  💰 Current Price: $0.26
  🎯 Signal: HOLD (confidence: 0.10)
  📝 Reason: 5m: MACD bullish; 15m: MACD bullish; 1h: MACD bearish; 4h: RSI oversold (24.0)

[11:29:36] Cycle 1240
  💰 Current Price: $0.26
  🎯 Signal: HOLD (confidence: 0.10)
  📝 Reason: 5m: MACD bullish; 15m: MACD bullish; 1h: MACD bearish; 4h: RSI oversold (24.0)

[11:30:06] Cycle 1241
  💰 Current Price: $0.26
  🎯 Signal: HOLD (confidence: 0.10)
  📝 Reason: 5m: MACD bullish; 15m: MACD bullish; 1h: MACD bearish; 4h: RSI oversold (24.0)

[11:30:37] Cycle 1242
  💰 Current Price: $0.26
  🎯 Signal: HOLD (confidence: 0.10)
  📝 Reason: 5m: MACD bullish; 15m: MACD bullish; 1h: MACD bearish; 4h: RSI oversold (24.0)

[11:31:08] Cycle 1243
  💰 Current Price: $0.26
  🎯 Signal: HOLD (confidence: 0.10)
  📝 Reason: 5m: MACD bullish; 15m: MACD bullish; 1h: MACD bearish; 4h: RSI oversold (23.7)

[11:31:39] Cycle 1244
  💰 Current Price: $0.26
  🎯 Signal: HOLD (confidence: 0.10)
  📝 Reason: 5m: MACD bullish; 15m: MACD bearish; 1h: MACD bearish; 4h: RSI oversold (23.3)

[11:32:10] Cycle 1245
  💰 Current Price: $0.26
  🎯 Signal: HOLD (confidence: 0.10)
  📝 Reason: 5m: MACD bullish; 15m: MACD bullish; 1h: MACD bearish; 4h: RSI oversold (23.9)

[11:32:40] Cycle 1246
  💰 Current Price: $0.26
  🎯 Signal: HOLD (confidence: 0.10)
  📝 Reason: 5m: MACD bullish; 15m: MACD bullish; 1h: MACD bearish; 4h: RSI oversold (23.9)

[11:33:11] Cycle 1247
  💰 Current Price: $0.26
  🎯 Signal: HOLD (confidence: 0.10)
  📝 Reason: 5m: MACD bullish; 15m: MACD bullish; 1h: MACD bearish; 4h: RSI oversold (23.9)

[11:33:42] Cycle 1248
  💰 Current Price: $0.26
  🎯 Signal: HOLD (confidence: 0.10)
  📝 Reason: 5m: MACD bullish; 15m: MACD bullish; 1h: MACD bearish; 4h: RSI oversold (23.9)

[11:34:13] Cycle 1249
  💰 Current Price: $0.26
  🎯 Signal: HOLD (confidence: 0.10)
  📝 Reason: 5m: MACD bullish; 15m: MACD bullish; 1h: MACD bearish; 4h: RSI oversold (24.0)

[11:34:44] Cycle 1250
  💰 Current Price: $0.26
  🎯 Signal: HOLD (confidence: 0.10)
  📝 Reason: 5m: MACD bullish; 15m: MACD bullish; 1h: MACD bearish; 4h: RSI oversold (24.0)

[11:35:15] Cycle 1251
  💰 Current Price: $0.26
  🎯 Signal: HOLD (confidence: 0.10)
  📝 Reason: 5m: MACD bullish; 15m: MACD bullish; 1h: MACD bearish; 4h: RSI oversold (24.8)

[11:35:46] Cycle 1252
  💰 Current Price: $0.26
  🎯 Signal: HOLD (confidence: 0.10)
  📝 Reason: 5m: MACD bullish; 15m: MACD bullish; 1h: MACD bearish; 4h: RSI oversold (24.5)

[11:36:16] Cycle 1253
  💰 Current Price: $0.26
  🎯 Signal: HOLD (confidence: 0.10)
  📝 Reason: 5m: MACD bullish; 15m: MACD bullish; 1h: MACD bearish; 4h: RSI oversold (24.5)

[11:36:47] Cycle 1254
  💰 Current Price: $0.26
  🎯 Signal: HOLD (confidence: 0.10)
  📝 Reason: 5m: MACD bullish; 15m: MACD bullish; 1h: MACD bearish; 4h: RSI oversold (24.5)

[11:37:18] Cycle 1255
  💰 Current Price: $0.26
  🎯 Signal: HOLD (confidence: 0.10)
  📝 Reason: 5m: MACD bullish; 15m: MACD bullish; 1h: MACD bearish; 4h: RSI oversold (24.5)

[11:37:49] Cycle 1256
  💰 Current Price: $0.26
  🎯 Signal: HOLD (confidence: 0.10)
  📝 Reason: 5m: MACD bullish; 15m: MACD bullish; 1h: MACD bearish; 4h: RSI oversold (24.8)
  📝 Reason: 5m: MACD bullish; 15m: MACD bullish; 1h: MACD bearish; 4h: RSI oversold (25.3)

[11:18:49] Cycle 1215
  💰 Current Price: $0.26
  🎯 Signal: HOLD (confidence: 0.10)
  📝 Reason: 5m: MACD bullish; 15m: MACD bullish; 1h: MACD bearish; 4h: RSI oversold (25.1)

[11:19:19] Cycle 1216
  💰 Current Price: $0.26
  🎯 Signal: HOLD (confidence: 0.10)
  📝 Reason: 5m: MACD bullish; 15m: MACD bullish; 1h: MACD bearish; 4h: RSI oversold (25.1)

[11:19:50] Cycle 1217
  💰 Current Price: $0.26
  🎯 Signal: HOLD (confidence: 0.10)
  📝 Reason: 5m: MACD bullish; 15m: MACD bullish; 1h: MACD bearish; 4h: RSI oversold (25.1)

[11:20:21] Cycle 1218
  💰 Current Price: $0.26
  🎯 Signal: HOLD (confidence: 0.10)
  📝 Reason: 5m: MACD bullish; 15m: MACD bullish; 1h: MACD bearish; 4h: RSI oversold (25.7)

[11:20:52] Cycle 1219
  💰 Current Price: $0.26
  🎯 Signal: HOLD (confidence: 0.10)
  📝 Reason: 5m: MACD bullish; 15m: MACD bullish; 1h: MACD bearish; 4h: RSI oversold (25.7)

[11:21:22] Cycle 1220
  💰 Current Price: $0.26
  🎯 Signal: HOLD (confidence: 0.10)
  📝 Reason: 5m: MACD bullish; 15m: MACD bullish; 1h: MACD bearish; 4h: RSI oversold (25.7)

[11:21:53] Cycle 1221
  💰 Current Price: $0.26
  🎯 Signal: HOLD (confidence: 0.10)
  📝 Reason: 5m: MACD bullish; 15m: MACD bullish; 1h: MACD bearish; 4h: RSI oversold (24.7)

[11:22:24] Cycle 1222
  💰 Current Price: $0.26
  🎯 Signal: HOLD (confidence: 0.10)
  📝 Reason: 5m: MACD bullish; 15m: MACD bullish; 1h: MACD bearish; 4h: RSI oversold (24.7)

[11:22:55] Cycle 1223
  💰 Current Price: $0.26
  🎯 Signal: HOLD (confidence: 0.10)
  📝 Reason: 5m: MACD bullish; 15m: MACD bullish; 1h: MACD bearish; 4h: RSI oversold (24.7)

[11:23:26] Cycle 1224
  💰 Current Price: $0.26
  🎯 Signal: HOLD (confidence: 0.10)
  📝 Reason: 5m: MACD bullish; 15m: MACD bullish; 1h: MACD bearish; 4h: RSI oversold (24.7)

[11:23:57] Cycle 1225
  💰 Current Price: $0.26
  🎯 Signal: HOLD (confidence: 0.10)
  📝 Reason: 5m: MACD bullish; 15m: MACD bullish; 1h: MACD bearish; 4h: RSI oversold (24.7)

[11:24:27] Cycle 1226
  💰 Current Price: $0.26
  🎯 Signal: HOLD (confidence: 0.10)
  📝 Reason: 5m: MACD bullish; 15m: MACD bullish; 1h: MACD bearish; 4h: RSI oversold (24.7)

[11:24:58] Cycle 1227
  💰 Current Price: $0.26
  🎯 Signal: HOLD (confidence: 0.10)
  📝 Reason: 5m: MACD bullish; 15m: MACD bullish; 1h: MACD bearish; 4h: RSI oversold (24.7)

[11:25:29] Cycle 1228
  💰 Current Price: $0.26
  🎯 Signal: HOLD (confidence: 0.10)
  📝 Reason: 5m: MACD bullish; 15m: MACD bullish; 1h: MACD bearish; 4h: RSI oversold (24.7)

[11:26:00] Cycle 1229
  💰 Current Price: $0.26
  🎯 Signal: HOLD (confidence: 0.10)
  📝 Reason: 5m: MACD bullish; 15m: MACD bullish; 1h: MACD bearish; 4h: RSI oversold (24.4)

[11:26:31] Cycle 1230
  💰 Current Price: $0.26
  🎯 Signal: HOLD (confidence: 0.10)
  📝 Reason: 5m: MACD bullish; 15m: MACD bullish; 1h: MACD bearish; 4h: RSI oversold (24.4)

[11:27:02] Cycle 1231
  💰 Current Price: $0.26
  🎯 Signal: HOLD (confidence: 0.10)
  📝 Reason: 5m: MACD bullish; 15m: MACD bullish; 1h: MACD bearish; 4h: RSI oversold (24.4)

[11:27:32] Cycle 1232
  💰 Current Price: $0.26
  🎯 Signal: HOLD (confidence: 0.10)
  📝 Reason: 5m: MACD bullish; 15m: MACD bullish; 1h: MACD bearish; 4h: RSI oversold (24.4)

[11:28:03] Cycle 1233
  💰 Current Price: $0.26
  🎯 Signal: HOLD (confidence: 0.10)
  📝 Reason: 5m: MACD bullish; 15m: MACD bearish; 1h: MACD bearish; 4h: RSI oversold (23.7)

[11:28:34] Cycle 1234
  💰 Current Price: $0.26
  🎯 Signal: HOLD (confidence: 0.10)
  📝 Reason: 5m: MACD bullish; 15m: MACD bullish; 1h: MACD bearish; 4h: RSI oversold (24.0)

[11:29:05] Cycle 1235
  💰 Current Price: $0.26
  🎯 Signal: HOLD (confidence: 0.10)
  📝 Reason: 5m: MACD bullish; 15m: MACD bullish; 1h: MACD bearish; 4h: RSI oversold (24.0)

[11:29:36] Cycle 1236
  💰 Current Price: $0.26
  🎯 Signal: HOLD (confidence: 0.10)
  📝 Reason: 5m: MACD bullish; 15m: MACD bullish; 1h: MACD bearish; 4h: RSI oversold (24.0)

[11:30:06] Cycle 1237
  💰 Current Price: $0.26
  🎯 Signal: HOLD (confidence: 0.10)
  📝 Reason: 5m: MACD bullish; 15m: MACD bullish; 1h: MACD bearish; 4h: RSI oversold (24.0)

[11:30:37] Cycle 1238
  💰 Current Price: $0.26
  🎯 Signal: HOLD (confidence: 0.10)
  📝 Reason: 5m: MACD bullish; 15m: MACD bullish; 1h: MACD bearish; 4h: RSI oversold (24.0)

[11:31:08] Cycle 1239
  💰 Current Price: $0.26
  🎯 Signal: HOLD (confidence: 0.10)
  📝 Reason: 5m: MACD bullish; 15m: MACD bullish; 1h: MACD bearish; 4h: RSI oversold (23.7)

[11:31:39] Cycle 1240
  💰 Current Price: $0.26
  🎯 Signal: HOLD (confidence: 0.10)
  📝 Reason: 5m: MACD bullish; 15m: MACD bearish; 1h: MACD bearish; 4h: RSI oversold (23.3)

[11:32:10] Cycle 1241
  💰 Current Price: $0.26
  🎯 Signal: HOLD (confidence: 0.10)
  📝 Reason: 5m: MACD bullish; 15m: MACD bullish; 1h: MACD bearish; 4h: RSI oversold (23.9)

[11:32:40] Cycle 1242
  💰 Current Price: $0.26
  🎯 Signal: HOLD (confidence: 0.10)
  📝 Reason: 5m: MACD bullish; 15m: MACD bullish; 1h: MACD bearish; 4h: RSI oversold (23.9)

[11:33:11] Cycle 1243
  💰 Current Price: $0.26
  🎯 Signal: HOLD (confidence: 0.10)
  📝 Reason: 5m: MACD bullish; 15m: MACD bullish; 1h: MACD bearish; 4h: RSI oversold (23.9)

[11:33:42] Cycle 1244
  💰 Current Price: $0.26
  🎯 Signal: HOLD (confidence: 0.10)
  📝 Reason: 5m: MACD bullish; 15m: MACD bullish; 1h: MACD bearish; 4h: RSI oversold (23.9)

[11:34:13] Cycle 1245
  💰 Current Price: $0.26
  🎯 Signal: HOLD (confidence: 0.10)
  📝 Reason: 5m: MACD bullish; 15m: MACD bullish; 1h: MACD bearish; 4h: RSI oversold (24.0)

[11:34:44] Cycle 1246
  💰 Current Price: $0.26
  🎯 Signal: HOLD (confidence: 0.10)
  📝 Reason: 5m: MACD bullish; 15m: MACD bullish; 1h: MACD bearish; 4h: RSI oversold (24.0)

[11:35:15] Cycle 1247
  💰 Current Price: $0.26
  🎯 Signal: HOLD (confidence: 0.10)
  📝 Reason: 5m: MACD bullish; 15m: MACD bullish; 1h: MACD bearish; 4h: RSI oversold (24.8)

[11:35:45] Cycle 1248
  💰 Current Price: $0.26
  🎯 Signal: HOLD (confidence: 0.10)
  📝 Reason: 5m: MACD bullish; 15m: MACD bullish; 1h: MACD bearish; 4h: RSI oversold (24.5)

[11:36:16] Cycle 1249
  💰 Current Price: $0.26
  🎯 Signal: HOLD (confidence: 0.10)
  📝 Reason: 5m: MACD bullish; 15m: MACD bullish; 1h: MACD bearish; 4h: RSI oversold (24.5)

[11:36:47] Cycle 1250
  💰 Current Price: $0.26
  🎯 Signal: HOLD (confidence: 0.10)
  📝 Reason: 5m: MACD bullish; 15m: MACD bullish; 1h: MACD bearish; 4h: RSI oversold (24.5)

[11:37:18] Cycle 1251
  💰 Current Price: $0.26
  🎯 Signal: HOLD (confidence: 0.10)
  📝 Reason: 5m: MACD bullish; 15m: MACD bullish; 1h: MACD bearish; 4h: RSI oversold (24.5)

[11:37:49] Cycle 1252
  💰 Current Price: $0.26
  🎯 Signal: HOLD (confidence: 0.10)
  📝 Reason: 5m: MACD bullish; 15m: MACD bullish; 1h: MACD bearish; 4h: RSI oversold (24.8)

[11:38:19] Cycle 1253
  💰 Current Price: $0.26
  🎯 Signal: HOLD (confidence: 0.10)
  📝 Reason: 5m: MACD bullish; 15m: MACD bullish; 1h: MACD bearish; 4h: RSI oversold (24.6)

[11:38:50] Cycle 1254
  💰 Current Price: $0.26
  🎯 Signal: HOLD (confidence: 0.10)
  📝 Reason: 5m: MACD bullish; 15m: MACD bullish; 1h: MACD bearish; 4h: RSI oversold (24.6)

[11:39:21] Cycle 1255
  💰 Current Price: $0.26
  🎯 Signal: HOLD (confidence: 0.10)
  📝 Reason: 5m: MACD bullish; 15m: MACD bullish; 1h: MACD bearish; 4h: RSI oversold (24.6)

[11:39:52] Cycle 1256
  💰 Current Price: $0.26
  🎯 Signal: HOLD (confidence: 0.10)
  📝 Reason: 5m: MACD bullish; 15m: MACD bullish; 1h: MACD bearish; 4h: RSI oversold (24.6)

[11:40:22] Cycle 1257
  💰 Current Price: $0.26
  🎯 Signal: HOLD (confidence: 0.10)
  📝 Reason: 5m: MACD bullish; 15m: MACD bullish; 1h: MACD bearish; 4h: RSI oversold (24.6)

[11:40:53] Cycle 1258
  💰 Current Price: $0.26
  🎯 Signal: HOLD (confidence: 0.10)
  📝 Reason: 5m: MACD bullish; 15m: MACD bullish; 1h: MACD bearish; 4h: RSI oversold (24.6)

[11:38:19] Cycle 1257
  💰 Current Price: $0.26
  🎯 Signal: HOLD (confidence: 0.10)
  📝 Reason: 5m: MACD bullish; 15m: MACD bullish; 1h: MACD bearish; 4h: RSI oversold (24.6)

[11:38:50] Cycle 1258
  💰 Current Price: $0.26
  🎯 Signal: HOLD (confidence: 0.10)
  📝 Reason: 5m: MACD bullish; 15m: MACD bullish; 1h: MACD bearish; 4h: RSI oversold (24.6)

[11:39:21] Cycle 1259
  💰 Current Price: $0.26
  🎯 Signal: HOLD (confidence: 0.10)
  📝 Reason: 5m: MACD bullish; 15m: MACD bullish; 1h: MACD bearish; 4h: RSI oversold (24.6)

[11:39:52] Cycle 1260
  💰 Current Price: $0.26
  🎯 Signal: HOLD (confidence: 0.10)
  📝 Reason: 5m: MACD bullish; 15m: MACD bullish; 1h: MACD bearish; 4h: RSI oversold (24.6)

[11:40:22] Cycle 1261
  💰 Current Price: $0.26
  🎯 Signal: HOLD (confidence: 0.10)
  📝 Reason: 5m: MACD bullish; 15m: MACD bullish; 1h: MACD bearish; 4h: RSI oversold (24.6)

[11:40:53] Cycle 1262
  💰 Current Price: $0.26
  🎯 Signal: HOLD (confidence: 0.10)
  📝 Reason: 5m: MACD bullish; 15m: MACD bullish; 1h: MACD bearish; 4h: RSI oversold (24.6)

[11:41:24] Cycle 1263
  💰 Current Price: $0.26
  🎯 Signal: HOLD (confidence: 0.10)
  📝 Reason: 5m: MACD bullish; 15m: MACD bullish; 1h: MACD bearish; 4h: RSI oversold (24.6)

[11:41:55] Cycle 1264
  💰 Current Price: $0.26
  🎯 Signal: HOLD (confidence: 0.10)
  📝 Reason: 5m: MACD bullish; 15m: MACD bullish; 1h: MACD bearish; 4h: RSI oversold (24.6)

[11:42:26] Cycle 1265
  💰 Current Price: $0.26
  🎯 Signal: HOLD (confidence: 0.10)
  📝 Reason: 5m: MACD bullish; 15m: MACD bullish; 1h: MACD bearish; 4h: RSI oversold (24.4)

[11:42:57] Cycle 1266
  💰 Current Price: $0.26
  🎯 Signal: HOLD (confidence: 0.10)
  📝 Reason: 5m: MACD bullish; 15m: MACD bullish; 1h: MACD bearish; 4h: RSI oversold (24.4)

[11:43:28] Cycle 1267
  💰 Current Price: $0.26
  🎯 Signal: HOLD (confidence: 0.10)
  📝 Reason: 5m: MACD bullish; 15m: MACD bullish; 1h: MACD bearish; 4h: RSI oversold (24.7)

[11:43:58] Cycle 1268
  💰 Current Price: $0.26
  🎯 Signal: HOLD (confidence: 0.10)
  📝 Reason: 5m: MACD bullish; 15m: MACD bullish; 1h: MACD bearish; 4h: RSI oversold (24.7)

[11:44:29] Cycle 1269
  💰 Current Price: $0.26
  🎯 Signal: HOLD (confidence: 0.10)
  📝 Reason: 5m: MACD bullish; 15m: MACD bullish; 1h: MACD bearish; 4h: RSI oversold (24.7)

[11:45:00] Cycle 1270
  💰 Current Price: $0.26
  🎯 Signal: HOLD (confidence: 0.10)
  📝 Reason: 5m: MACD bullish; 15m: MACD bullish; 1h: MACD bearish; 4h: RSI oversold (24.7)

[11:45:31] Cycle 1271
  💰 Current Price: $0.26
  🎯 Signal: HOLD (confidence: 0.10)
  📝 Reason: 5m: MACD bullish; 15m: MACD bullish; 1h: MACD bearish; 4h: RSI oversold (24.7)

[11:46:02] Cycle 1272
  💰 Current Price: $0.26
  🎯 Signal: HOLD (confidence: 0.10)
  📝 Reason: 5m: MACD bullish; 15m: MACD bullish; 1h: MACD bearish; 4h: RSI oversold (24.7)

[11:46:33] Cycle 1273
  💰 Current Price: $0.26
  🎯 Signal: HOLD (confidence: 0.10)
  📝 Reason: 5m: MACD bullish; 15m: MACD bullish; 1h: MACD bearish; 4h: RSI oversold (24.7)

[11:47:03] Cycle 1274
  💰 Current Price: $0.26
  🎯 Signal: HOLD (confidence: 0.10)
  📝 Reason: 5m: MACD bullish; 15m: MACD bullish; 1h: MACD bearish; 4h: RSI oversold (24.7)

[11:47:34] Cycle 1275
  💰 Current Price: $0.26
  🎯 Signal: HOLD (confidence: 0.10)
  📝 Reason: 5m: MACD bullish; 15m: MACD bullish; 1h: MACD bearish; 4h: RSI oversold (24.6)

[11:48:05] Cycle 1276
  💰 Current Price: $0.26
  🎯 Signal: HOLD (confidence: 0.10)
  📝 Reason: 5m: MACD bullish; 15m: MACD bullish; 1h: MACD bearish; 4h: RSI oversold (24.6)

[11:48:36] Cycle 1277
  💰 Current Price: $0.26
  🎯 Signal: HOLD (confidence: 0.10)
  📝 Reason: 5m: MACD bullish; 15m: MACD bullish; 1h: MACD bearish; 4h: RSI oversold (24.6)

[11:49:06] Cycle 1278
  💰 Current Price: $0.26
  🎯 Signal: HOLD (confidence: 0.10)
  📝 Reason: 5m: MACD bullish; 15m: MACD bullish; 1h: MACD bearish; 4h: RSI oversold (24.7)

[11:49:37] Cycle 1279
  💰 Current Price: $0.26
  🎯 Signal: HOLD (confidence: 0.10)
  📝 Reason: 5m: MACD bullish; 15m: MACD bullish; 1h: MACD bearish; 4h: RSI oversold (24.7)

[11:50:08] Cycle 1280
  💰 Current Price: $0.26
  🎯 Signal: HOLD (confidence: 0.10)
  📝 Reason: 5m: MACD bullish; 15m: MACD bullish; 1h: MACD bearish; 4h: RSI oversold (24.7)

[11:50:39] Cycle 1281
  💰 Current Price: $0.26
  🎯 Signal: HOLD (confidence: 0.10)
  📝 Reason: 5m: MACD bullish; 15m: MACD bullish; 1h: MACD bearish; 4h: RSI oversold (24.7)

[11:51:10] Cycle 1282
  💰 Current Price: $0.26
  🎯 Signal: HOLD (confidence: 0.10)
  📝 Reason: 5m: MACD bullish; 15m: MACD bullish; 1h: MACD bearish; 4h: RSI oversold (24.9)

[11:51:40] Cycle 1283
  💰 Current Price: $0.26
  🎯 Signal: HOLD (confidence: 0.10)
  📝 Reason: 5m: MACD bullish; 15m: MACD bullish; 1h: MACD bearish; 4h: RSI oversold (24.6)

[11:52:11] Cycle 1284
  💰 Current Price: $0.26
  🎯 Signal: HOLD (confidence: 0.10)
  📝 Reason: 5m: MACD bullish; 15m: MACD bullish; 1h: MACD bearish; 4h: RSI oversold (24.6)

[11:52:42] Cycle 1285
  💰 Current Price: $0.26
  🎯 Signal: HOLD (confidence: 0.10)
  📝 Reason: 5m: MACD bullish; 15m: MACD bullish; 1h: MACD bearish; 4h: RSI oversold (25.2)

[11:53:13] Cycle 1286
  💰 Current Price: $0.26
  🎯 Signal: HOLD (confidence: 0.10)
  📝 Reason: 5m: MACD bullish; 15m: MACD bullish; 1h: MACD bearish; 4h: RSI oversold (25.1)

[11:53:44] Cycle 1287
  💰 Current Price: $0.26
  🎯 Signal: HOLD (confidence: 0.10)
  📝 Reason: 5m: MACD bullish; 15m: MACD bullish; 1h: MACD bearish; 4h: RSI oversold (25.2)

[11:54:14] Cycle 1288
  💰 Current Price: $0.26
  🎯 Signal: HOLD (confidence: 0.10)
  📝 Reason: 5m: MACD bullish; 15m: MACD bullish; 1h: MACD bearish; 4h: RSI oversold (25.2)

[11:54:45] Cycle 1289
  💰 Current Price: $0.26
  🎯 Signal: HOLD (confidence: 0.10)
  📝 Reason: 5m: MACD bullish; 15m: MACD bullish; 1h: MACD bearish; 4h: RSI oversold (25.2)

[11:55:16] Cycle 1290
  💰 Current Price: $0.26
  🎯 Signal: HOLD (confidence: 0.10)
  📝 Reason: 5m: MACD bullish; 15m: MACD bullish; 1h: MACD bearish; 4h: RSI oversold (25.2)

[11:55:47] Cycle 1291
  💰 Current Price: $0.26
  🎯 Signal: HOLD (confidence: 0.10)
  📝 Reason: 5m: MACD bullish; 15m: MACD bullish; 1h: MACD bearish; 4h: RSI oversold (25.1)

[11:56:18] Cycle 1292
  💰 Current Price: $0.26
  🎯 Signal: HOLD (confidence: 0.10)
  📝 Reason: 5m: MACD bullish; 15m: MACD bullish; 1h: MACD bearish; 4h: RSI oversold (25.1)

[11:56:49] Cycle 1293
  💰 Current Price: $0.26
  🎯 Signal: HOLD (confidence: 0.10)
  📝 Reason: 5m: MACD bullish; 15m: MACD bullish; 1h: MACD bearish; 4h: RSI oversold (25.1)

[11:57:20] Cycle 1294
  💰 Current Price: $0.26
  🎯 Signal: HOLD (confidence: 0.10)
  📝 Reason: 5m: MACD bullish; 15m: MACD bullish; 1h: MACD bearish; 4h: RSI oversold (25.1)

[11:57:50] Cycle 1295
  💰 Current Price: $0.26
  🎯 Signal: HOLD (confidence: 0.10)
  📝 Reason: 5m: MACD bullish; 15m: MACD bullish; 1h: MACD bearish; 4h: RSI oversold (25.1)

[11:58:21] Cycle 1296
  💰 Current Price: $0.26
  🎯 Signal: HOLD (confidence: 0.10)
  📝 Reason: 5m: MACD bullish; 15m: MACD bullish; 1h: MACD bearish; 4h: RSI oversold (25.1)

[11:58:52] Cycle 1297
  💰 Current Price: $0.26
  🎯 Signal: HOLD (confidence: 0.10)
  📝 Reason: 5m: MACD bullish; 15m: MACD bullish; 1h: MACD bearish; 4h: RSI oversold (25.1)

[11:59:23] Cycle 1298
  💰 Current Price: $0.26
  🎯 Signal: HOLD (confidence: 0.10)
  📝 Reason: 5m: MACD bullish; 15m: MACD bullish; 1h: MACD bearish; 4h: RSI oversold (25.1)

[11:59:54] Cycle 1299
  💰 Current Price: $0.26
  🎯 Signal: HOLD (confidence: 0.10)
  📝 Reason: 5m: MACD bullish; 15m: MACD bullish; 1h: MACD bearish; 4h: RSI oversold (25.1)

[12:00:24] Cycle 1300
  💰 Current Price: $0.26
  🎯 Signal: HOLD (confidence: 0.10)
  📝 Reason: 5m: MACD bullish; 15m: MACD bullish; 1h: MACD bearish; 4h: RSI oversold (26.6)

[12:00:55] Cycle 1301
  💰 Current Price: $0.26
  🎯 Signal: HOLD (confidence: 0.10)

[11:41:24] Cycle 1259
  💰 Current Price: $0.26
  🎯 Signal: HOLD (confidence: 0.10)
  📝 Reason: 5m: MACD bullish; 15m: MACD bullish; 1h: MACD bearish; 4h: RSI oversold (24.6)

[11:41:55] Cycle 1260
  💰 Current Price: $0.26
  🎯 Signal: HOLD (confidence: 0.10)
  📝 Reason: 5m: MACD bullish; 15m: MACD bullish; 1h: MACD bearish; 4h: RSI oversold (24.6)

[11:42:26] Cycle 1261
  💰 Current Price: $0.26
  🎯 Signal: HOLD (confidence: 0.10)
  📝 Reason: 5m: MACD bullish; 15m: MACD bullish; 1h: MACD bearish; 4h: RSI oversold (24.4)

[11:42:57] Cycle 1262
  💰 Current Price: $0.26
  🎯 Signal: HOLD (confidence: 0.10)
  📝 Reason: 5m: MACD bullish; 15m: MACD bullish; 1h: MACD bearish; 4h: RSI oversold (24.4)

[11:43:28] Cycle 1263
  💰 Current Price: $0.26
  🎯 Signal: HOLD (confidence: 0.10)
  📝 Reason: 5m: MACD bullish; 15m: MACD bullish; 1h: MACD bearish; 4h: RSI oversold (24.7)

[11:43:58] Cycle 1264
  💰 Current Price: $0.26
  🎯 Signal: HOLD (confidence: 0.10)
  📝 Reason: 5m: MACD bullish; 15m: MACD bullish; 1h: MACD bearish; 4h: RSI oversold (24.7)

[11:44:29] Cycle 1265
  💰 Current Price: $0.26
  🎯 Signal: HOLD (confidence: 0.10)
  📝 Reason: 5m: MACD bullish; 15m: MACD bullish; 1h: MACD bearish; 4h: RSI oversold (24.7)

[11:45:00] Cycle 1266
  💰 Current Price: $0.26
  🎯 Signal: HOLD (confidence: 0.10)
  📝 Reason: 5m: MACD bullish; 15m: MACD bullish; 1h: MACD bearish; 4h: RSI oversold (24.7)

[11:45:31] Cycle 1267
  💰 Current Price: $0.26
  🎯 Signal: HOLD (confidence: 0.10)
  📝 Reason: 5m: MACD bullish; 15m: MACD bullish; 1h: MACD bearish; 4h: RSI oversold (24.7)

[11:46:02] Cycle 1268
  💰 Current Price: $0.26
  🎯 Signal: HOLD (confidence: 0.10)
  📝 Reason: 5m: MACD bullish; 15m: MACD bullish; 1h: MACD bearish; 4h: RSI oversold (24.7)

[11:46:33] Cycle 1269
  💰 Current Price: $0.26
  🎯 Signal: HOLD (confidence: 0.10)
  📝 Reason: 5m: MACD bullish; 15m: MACD bullish; 1h: MACD bearish; 4h: RSI oversold (24.7)

[11:47:03] Cycle 1270
  💰 Current Price: $0.26
  🎯 Signal: HOLD (confidence: 0.10)
  📝 Reason: 5m: MACD bullish; 15m: MACD bullish; 1h: MACD bearish; 4h: RSI oversold (24.7)

[11:47:34] Cycle 1271
  💰 Current Price: $0.26
  🎯 Signal: HOLD (confidence: 0.10)
  📝 Reason: 5m: MACD bullish; 15m: MACD bullish; 1h: MACD bearish; 4h: RSI oversold (24.6)

[11:48:05] Cycle 1272
  💰 Current Price: $0.26
  🎯 Signal: HOLD (confidence: 0.10)
  📝 Reason: 5m: MACD bullish; 15m: MACD bullish; 1h: MACD bearish; 4h: RSI oversold (24.6)

[11:48:36] Cycle 1273
  💰 Current Price: $0.26
  🎯 Signal: HOLD (confidence: 0.10)
  📝 Reason: 5m: MACD bullish; 15m: MACD bullish; 1h: MACD bearish; 4h: RSI oversold (24.6)

[11:49:06] Cycle 1274
  💰 Current Price: $0.26
  🎯 Signal: HOLD (confidence: 0.10)
  📝 Reason: 5m: MACD bullish; 15m: MACD bullish; 1h: MACD bearish; 4h: RSI oversold (24.7)

[11:49:37] Cycle 1275
  💰 Current Price: $0.26
  🎯 Signal: HOLD (confidence: 0.10)
  📝 Reason: 5m: MACD bullish; 15m: MACD bullish; 1h: MACD bearish; 4h: RSI oversold (24.7)

[11:50:08] Cycle 1276
  💰 Current Price: $0.26
  🎯 Signal: HOLD (confidence: 0.10)
  📝 Reason: 5m: MACD bullish; 15m: MACD bullish; 1h: MACD bearish; 4h: RSI oversold (24.7)

[11:50:39] Cycle 1277
  💰 Current Price: $0.26
  🎯 Signal: HOLD (confidence: 0.10)
  📝 Reason: 5m: MACD bullish; 15m: MACD bullish; 1h: MACD bearish; 4h: RSI oversold (24.7)

[11:51:10] Cycle 1278
  💰 Current Price: $0.26
  🎯 Signal: HOLD (confidence: 0.10)
  📝 Reason: 5m: MACD bullish; 15m: MACD bullish; 1h: MACD bearish; 4h: RSI oversold (24.9)

[11:51:40] Cycle 1279
  💰 Current Price: $0.26
  🎯 Signal: HOLD (confidence: 0.10)
  📝 Reason: 5m: MACD bullish; 15m: MACD bullish; 1h: MACD bearish; 4h: RSI oversold (24.6)

[11:52:11] Cycle 1280
  💰 Current Price: $0.26
  🎯 Signal: HOLD (confidence: 0.10)
  📝 Reason: 5m: MACD bullish; 15m: MACD bullish; 1h: MACD bearish; 4h: RSI oversold (24.6)

[11:52:42] Cycle 1281
  💰 Current Price: $0.26
  🎯 Signal: HOLD (confidence: 0.10)
  📝 Reason: 5m: MACD bullish; 15m: MACD bullish; 1h: MACD bearish; 4h: RSI oversold (25.2)

[11:53:13] Cycle 1282
  💰 Current Price: $0.26
  🎯 Signal: HOLD (confidence: 0.10)
  📝 Reason: 5m: MACD bullish; 15m: MACD bullish; 1h: MACD bearish; 4h: RSI oversold (25.1)

[11:53:44] Cycle 1283
  💰 Current Price: $0.26
  🎯 Signal: HOLD (confidence: 0.10)
  📝 Reason: 5m: MACD bullish; 15m: MACD bullish; 1h: MACD bearish; 4h: RSI oversold (25.2)

[11:54:14] Cycle 1284
  💰 Current Price: $0.26
  🎯 Signal: HOLD (confidence: 0.10)
  📝 Reason: 5m: MACD bullish; 15m: MACD bullish; 1h: MACD bearish; 4h: RSI oversold (25.2)

[11:54:45] Cycle 1285
  💰 Current Price: $0.26
  🎯 Signal: HOLD (confidence: 0.10)
  📝 Reason: 5m: MACD bullish; 15m: MACD bullish; 1h: MACD bearish; 4h: RSI oversold (25.2)

[11:55:16] Cycle 1286
  💰 Current Price: $0.26
  🎯 Signal: HOLD (confidence: 0.10)
  📝 Reason: 5m: MACD bullish; 15m: MACD bullish; 1h: MACD bearish; 4h: RSI oversold (25.2)

[11:55:47] Cycle 1287
  💰 Current Price: $0.26
  🎯 Signal: HOLD (confidence: 0.10)
  📝 Reason: 5m: MACD bullish; 15m: MACD bullish; 1h: MACD bearish; 4h: RSI oversold (25.1)

[11:56:18] Cycle 1288
  💰 Current Price: $0.26
  🎯 Signal: HOLD (confidence: 0.10)
  📝 Reason: 5m: MACD bullish; 15m: MACD bullish; 1h: MACD bearish; 4h: RSI oversold (25.1)

[11:56:49] Cycle 1289
  💰 Current Price: $0.26
  🎯 Signal: HOLD (confidence: 0.10)
  📝 Reason: 5m: MACD bullish; 15m: MACD bullish; 1h: MACD bearish; 4h: RSI oversold (25.1)

[11:57:20] Cycle 1290
  💰 Current Price: $0.26
  🎯 Signal: HOLD (confidence: 0.10)
  📝 Reason: 5m: MACD bullish; 15m: MACD bullish; 1h: MACD bearish; 4h: RSI oversold (25.1)

[11:57:50] Cycle 1291
  💰 Current Price: $0.26
  🎯 Signal: HOLD (confidence: 0.10)
  📝 Reason: 5m: MACD bullish; 15m: MACD bullish; 1h: MACD bearish; 4h: RSI oversold (25.1)

[11:58:21] Cycle 1292
  💰 Current Price: $0.26
  🎯 Signal: HOLD (confidence: 0.10)
  📝 Reason: 5m: MACD bullish; 15m: MACD bullish; 1h: MACD bearish; 4h: RSI oversold (25.1)

[11:58:52] Cycle 1293
  💰 Current Price: $0.26
  🎯 Signal: HOLD (confidence: 0.10)
  📝 Reason: 5m: MACD bullish; 15m: MACD bullish; 1h: MACD bearish; 4h: RSI oversold (25.1)

[11:59:23] Cycle 1294
  💰 Current Price: $0.26
  🎯 Signal: HOLD (confidence: 0.10)
  📝 Reason: 5m: MACD bullish; 15m: MACD bullish; 1h: MACD bearish; 4h: RSI oversold (25.1)

[11:59:54] Cycle 1295
  💰 Current Price: $0.26
  🎯 Signal: HOLD (confidence: 0.10)
  📝 Reason: 5m: MACD bullish; 15m: MACD bullish; 1h: MACD bearish; 4h: RSI oversold (25.1)

[12:00:24] Cycle 1296
  💰 Current Price: $0.26
  🎯 Signal: HOLD (confidence: 0.10)
  📝 Reason: 5m: MACD bullish; 15m: MACD bullish; 1h: MACD bearish; 4h: RSI oversold (26.6)

[12:00:55] Cycle 1297
  💰 Current Price: $0.26
  🎯 Signal: HOLD (confidence: 0.10)
  📝 Reason: 5m: MACD bullish; 15m: MACD bullish; 1h: MACD bearish; 4h: RSI oversold (26.5)

[12:01:26] Cycle 1298
  💰 Current Price: $0.26
  🎯 Signal: HOLD (confidence: 0.10)
  📝 Reason: 5m: MACD bullish; 15m: MACD bullish; 1h: MACD bearish; 4h: RSI oversold (26.5)

[12:01:57] Cycle 1299
  💰 Current Price: $0.26
  🎯 Signal: HOLD (confidence: 0.10)
  📝 Reason: 5m: MACD bullish; 15m: MACD bullish; 1h: MACD bearish; 4h: RSI oversold (26.5)

[12:02:28] Cycle 1300
  💰 Current Price: $0.26
  🎯 Signal: HOLD (confidence: 0.10)
  📝 Reason: 5m: MACD bullish; 15m: MACD bullish; 1h: MACD bearish; 4h: RSI oversold (26.5)

[12:02:59] Cycle 1301
  💰 Current Price: $0.26
  🎯 Signal: HOLD (confidence: 0.10)
  📝 Reason: 5m: MACD bullish; 15m: MACD bullish; 1h: MACD bearish; 4h: RSI oversold (26.5)

[12:03:30] Cycle 1302
  💰 Current Price: $0.26
  🎯 Signal: HOLD (confidence: 0.10)
  📝 Reason: 5m: MACD bullish; 15m: MACD bullish; 1h: MACD bearish; 4h: RSI oversold (26.5)

[12:04:01] Cycle 1303
  💰 Current Price: $0.26
  🎯 Signal: HOLD (confidence: 0.10)
  📝 Reason: 5m: MACD bullish; 15m: MACD bullish; 1h: MACD bearish; 4h: RSI oversold (26.5)

[12:01:26] Cycle 1302
  💰 Current Price: $0.26
  🎯 Signal: HOLD (confidence: 0.10)
  📝 Reason: 5m: MACD bullish; 15m: MACD bullish; 1h: MACD bearish; 4h: RSI oversold (26.5)

[12:01:57] Cycle 1303
  💰 Current Price: $0.26
  🎯 Signal: HOLD (confidence: 0.10)
  📝 Reason: 5m: MACD bullish; 15m: MACD bullish; 1h: MACD bearish; 4h: RSI oversold (26.5)

[12:02:28] Cycle 1304
  💰 Current Price: $0.26
  🎯 Signal: HOLD (confidence: 0.10)
  📝 Reason: 5m: MACD bullish; 15m: MACD bullish; 1h: MACD bearish; 4h: RSI oversold (26.5)

[12:02:59] Cycle 1305
  💰 Current Price: $0.26
  🎯 Signal: HOLD (confidence: 0.10)
  📝 Reason: 5m: MACD bullish; 15m: MACD bullish; 1h: MACD bearish; 4h: RSI oversold (26.5)

[12:03:30] Cycle 1306
  💰 Current Price: $0.26
  🎯 Signal: HOLD (confidence: 0.10)
  📝 Reason: 5m: MACD bullish; 15m: MACD bullish; 1h: MACD bearish; 4h: RSI oversold (26.5)

[12:04:01] Cycle 1307
  💰 Current Price: $0.26
  🎯 Signal: HOLD (confidence: 0.10)
  📝 Reason: 5m: MACD bullish; 15m: MACD bullish; 1h: MACD bearish; 4h: RSI oversold (26.5)

[12:04:31] Cycle 1308
  💰 Current Price: $0.26
  🎯 Signal: HOLD (confidence: 0.10)
  📝 Reason: 5m: MACD bullish; 15m: MACD bullish; 1h: MACD bearish; 4h: RSI oversold (26.5)

[12:05:02] Cycle 1309
  💰 Current Price: $0.26
  🎯 Signal: HOLD (confidence: 0.10)
  📝 Reason: 5m: MACD bullish; 15m: MACD bullish; 1h: MACD bearish; 4h: RSI oversold (26.5)

[12:05:33] Cycle 1310
  💰 Current Price: $0.26
  🎯 Signal: HOLD (confidence: 0.10)
  📝 Reason: 5m: MACD bullish; 15m: MACD bullish; 1h: MACD bearish; 4h: RSI oversold (26.5)

[12:06:04] Cycle 1311
  💰 Current Price: $0.26
  🎯 Signal: HOLD (confidence: 0.10)
  📝 Reason: 5m: MACD bullish; 15m: MACD bullish; 1h: MACD bearish; 4h: RSI oversold (26.5)

[12:06:35] Cycle 1312
  💰 Current Price: $0.26
  🎯 Signal: HOLD (confidence: 0.10)
  📝 Reason: 5m: MACD bullish; 15m: MACD bullish; 1h: MACD bearish; 4h: RSI oversold (26.5)

[12:07:05] Cycle 1313
  💰 Current Price: $0.26
  🎯 Signal: HOLD (confidence: 0.10)
  📝 Reason: 5m: MACD bullish; 15m: MACD bullish; 1h: MACD bearish; 4h: RSI oversold (26.5)

[12:07:36] Cycle 1314
  💰 Current Price: $0.26
  🎯 Signal: HOLD (confidence: 0.10)
  📝 Reason: 5m: MACD bullish; 15m: MACD bullish; 1h: MACD bearish; 4h: RSI oversold (26.5)

[12:08:07] Cycle 1315
  💰 Current Price: $0.26
  🎯 Signal: HOLD (confidence: 0.10)
  📝 Reason: 5m: MACD bullish; 15m: MACD bullish; 1h: MACD bearish; 4h: RSI oversold (26.5)

[12:08:38] Cycle 1316
  💰 Current Price: $0.26
  🎯 Signal: HOLD (confidence: 0.10)
  📝 Reason: 5m: MACD bullish; 15m: MACD bullish; 1h: MACD bearish; 4h: RSI oversold (26.3)

[12:09:09] Cycle 1317
  💰 Current Price: $0.26
  🎯 Signal: HOLD (confidence: 0.10)
  📝 Reason: 5m: MACD bullish; 15m: MACD bullish; 1h: MACD bearish; 4h: RSI oversold (26.3)

[12:09:40] Cycle 1318
  💰 Current Price: $0.26
  🎯 Signal: HOLD (confidence: 0.10)
  📝 Reason: 5m: MACD bullish; 15m: MACD bullish; 1h: MACD bearish; 4h: RSI oversold (26.3)

[12:10:11] Cycle 1319
  💰 Current Price: $0.26
  🎯 Signal: HOLD (confidence: 0.10)
  📝 Reason: 5m: MACD bullish; 15m: MACD bullish; 1h: MACD bearish; 4h: RSI oversold (26.2)

[12:10:42] Cycle 1320
  💰 Current Price: $0.26
  🎯 Signal: HOLD (confidence: 0.10)
  📝 Reason: 5m: MACD bullish; 15m: MACD bullish; 1h: MACD bearish; 4h: RSI oversold (26.2)

[12:11:12] Cycle 1321
  💰 Current Price: $0.26
  🎯 Signal: HOLD (confidence: 0.10)
  📝 Reason: 5m: MACD bullish; 15m: MACD bullish; 1h: MACD bearish; 4h: RSI oversold (26.2)

[12:11:43] Cycle 1322
  💰 Current Price: $0.26
  🎯 Signal: HOLD (confidence: 0.10)
  📝 Reason: 5m: MACD bullish; 15m: MACD bullish; 1h: MACD bearish; 4h: RSI oversold (26.2)

[12:12:14] Cycle 1323
  💰 Current Price: $0.26
  🎯 Signal: HOLD (confidence: 0.10)
  📝 Reason: 5m: MACD bullish; 15m: MACD bullish; 1h: MACD bearish; 4h: RSI oversold (26.2)

[12:12:45] Cycle 1324
  💰 Current Price: $0.26
  🎯 Signal: HOLD (confidence: 0.10)
  📝 Reason: 5m: MACD bullish; 15m: MACD bullish; 1h: MACD bearish; 4h: RSI oversold (26.2)

[12:13:16] Cycle 1325
  💰 Current Price: $0.26
  🎯 Signal: HOLD (confidence: 0.10)
  📝 Reason: 5m: MACD bullish; 15m: MACD bullish; 1h: MACD bearish; 4h: RSI oversold (26.2)

[12:13:47] Cycle 1326
  💰 Current Price: $0.26
  🎯 Signal: HOLD (confidence: 0.10)
  📝 Reason: 5m: MACD bullish; 15m: MACD bullish; 1h: MACD bearish; 4h: RSI oversold (26.2)

[12:14:18] Cycle 1327
  💰 Current Price: $0.26
  🎯 Signal: HOLD (confidence: 0.10)
  📝 Reason: 5m: MACD bullish; 15m: MACD bullish; 1h: MACD bearish; 4h: RSI oversold (26.2)

[12:14:48] Cycle 1328
  💰 Current Price: $0.26
  🎯 Signal: HOLD (confidence: 0.10)
  📝 Reason: 5m: MACD bullish; 15m: MACD bullish; 1h: MACD bearish; 4h: RSI oversold (26.2)

[12:15:20] Cycle 1329
  💰 Current Price: $0.26
  🎯 Signal: HOLD (confidence: 0.10)
  📝 Reason: 5m: MACD bullish; 15m: MACD bullish; 1h: MACD bearish; 4h: RSI oversold (26.5)

[12:15:50] Cycle 1330
  💰 Current Price: $0.26
  🎯 Signal: HOLD (confidence: 0.10)
  📝 Reason: 5m: MACD bullish; 15m: MACD bullish; 1h: MACD bearish; 4h: RSI oversold (26.5)

[12:16:21] Cycle 1331
  💰 Current Price: $0.26
  🎯 Signal: HOLD (confidence: 0.10)
  📝 Reason: 5m: MACD bullish; 15m: MACD bullish; 1h: MACD bearish; 4h: RSI oversold (26.5)

[12:16:52] Cycle 1332
  💰 Current Price: $0.26
  🎯 Signal: HOLD (confidence: 0.10)
  📝 Reason: 5m: MACD bullish; 15m: MACD bullish; 1h: MACD bearish; 4h: RSI oversold (26.5)

[12:17:23] Cycle 1333
  💰 Current Price: $0.26
  🎯 Signal: HOLD (confidence: 0.10)
  📝 Reason: 5m: MACD bullish; 15m: MACD bullish; 1h: MACD bearish; 4h: RSI oversold (26.5)

[12:17:54] Cycle 1334
  💰 Current Price: $0.26
  🎯 Signal: HOLD (confidence: 0.10)
  📝 Reason: 5m: MACD bullish; 15m: MACD bullish; 1h: MACD bearish; 4h: RSI oversold (26.5)

[12:18:24] Cycle 1335
  💰 Current Price: $0.26
  🎯 Signal: HOLD (confidence: 0.10)
  📝 Reason: 5m: MACD bullish; 15m: MACD bullish; 1h: MACD bearish; 4h: RSI oversold (26.5)

[12:18:55] Cycle 1336
  💰 Current Price: $0.26
  🎯 Signal: HOLD (confidence: 0.10)
  📝 Reason: 5m: MACD bullish; 15m: MACD bullish; 1h: MACD bearish; 4h: RSI oversold (26.5)

[12:19:26] Cycle 1337
  💰 Current Price: $0.26
  🎯 Signal: HOLD (confidence: 0.10)
  📝 Reason: 5m: MACD bullish; 15m: MACD bullish; 1h: MACD bearish; 4h: RSI oversold (26.5)

[12:19:57] Cycle 1338
  💰 Current Price: $0.26
  🎯 Signal: HOLD (confidence: 0.10)
  📝 Reason: 5m: MACD bullish; 15m: MACD bullish; 1h: MACD bearish; 4h: RSI oversold (26.5)

[12:20:28] Cycle 1339
  💰 Current Price: $0.26
  🎯 Signal: HOLD (confidence: 0.10)
  📝 Reason: 5m: MACD bullish; 15m: MACD bullish; 1h: MACD bearish; 4h: RSI oversold (26.5)

[12:20:59] Cycle 1340
  💰 Current Price: $0.26
  🎯 Signal: HOLD (confidence: 0.10)
  📝 Reason: 5m: MACD bullish; 15m: MACD bullish; 1h: MACD bearish; 4h: RSI oversold (26.5)

[12:21:30] Cycle 1341
  💰 Current Price: $0.26
  🎯 Signal: HOLD (confidence: 0.10)
  📝 Reason: 5m: MACD bullish; 15m: MACD bullish; 1h: MACD bearish; 4h: RSI oversold (26.5)

[12:22:01] Cycle 1342
  💰 Current Price: $0.26
  🎯 Signal: HOLD (confidence: 0.10)
  📝 Reason: 5m: MACD bullish; 15m: MACD bullish; 1h: MACD bearish; 4h: RSI oversold (26.5)

[12:22:31] Cycle 1343
  💰 Current Price: $0.26
  🎯 Signal: HOLD (confidence: 0.10)
  📝 Reason: 5m: MACD bullish; 15m: MACD bullish; 1h: MACD bearish; 4h: RSI oversold (26.5)

[12:23:02] Cycle 1344
  💰 Current Price: $0.26
  🎯 Signal: HOLD (confidence: 0.10)
  📝 Reason: 5m: MACD bullish; 15m: MACD bullish; 1h: MACD bearish; 4h: RSI oversold (26.5)

[12:23:33] Cycle 1345
  💰 Current Price: $0.26
  🎯 Signal: HOLD (confidence: 0.10)
  📝 Reason: 5m: MACD bullish; 15m: MACD bullish; 1h: MACD bearish; 4h: RSI oversold (26.5)
  📝 Reason: 5m: MACD bullish; 15m: MACD bullish; 1h: MACD bearish; 4h: RSI oversold (26.5)

[12:04:31] Cycle 1304
  💰 Current Price: $0.26
  🎯 Signal: HOLD (confidence: 0.10)
  📝 Reason: 5m: MACD bullish; 15m: MACD bullish; 1h: MACD bearish; 4h: RSI oversold (26.5)

[12:05:02] Cycle 1305
  💰 Current Price: $0.26
  🎯 Signal: HOLD (confidence: 0.10)
  📝 Reason: 5m: MACD bullish; 15m: MACD bullish; 1h: MACD bearish; 4h: RSI oversold (26.5)

[12:05:33] Cycle 1306
  💰 Current Price: $0.26
  🎯 Signal: HOLD (confidence: 0.10)
  📝 Reason: 5m: MACD bullish; 15m: MACD bullish; 1h: MACD bearish; 4h: RSI oversold (26.5)

[12:06:04] Cycle 1307
  💰 Current Price: $0.26
  🎯 Signal: HOLD (confidence: 0.10)
  📝 Reason: 5m: MACD bullish; 15m: MACD bullish; 1h: MACD bearish; 4h: RSI oversold (26.5)

[12:06:35] Cycle 1308
  💰 Current Price: $0.26
  🎯 Signal: HOLD (confidence: 0.10)
  📝 Reason: 5m: MACD bullish; 15m: MACD bullish; 1h: MACD bearish; 4h: RSI oversold (26.5)

[12:07:05] Cycle 1309
  💰 Current Price: $0.26
  🎯 Signal: HOLD (confidence: 0.10)
  📝 Reason: 5m: MACD bullish; 15m: MACD bullish; 1h: MACD bearish; 4h: RSI oversold (26.5)

[12:07:36] Cycle 1310
  💰 Current Price: $0.26
  🎯 Signal: HOLD (confidence: 0.10)
  📝 Reason: 5m: MACD bullish; 15m: MACD bullish; 1h: MACD bearish; 4h: RSI oversold (26.5)

[12:08:07] Cycle 1311
  💰 Current Price: $0.26
  🎯 Signal: HOLD (confidence: 0.10)
  📝 Reason: 5m: MACD bullish; 15m: MACD bullish; 1h: MACD bearish; 4h: RSI oversold (26.5)

[12:08:38] Cycle 1312
  💰 Current Price: $0.26
  🎯 Signal: HOLD (confidence: 0.10)
  📝 Reason: 5m: MACD bullish; 15m: MACD bullish; 1h: MACD bearish; 4h: RSI oversold (26.3)

[12:09:09] Cycle 1313
  💰 Current Price: $0.26
  🎯 Signal: HOLD (confidence: 0.10)
  📝 Reason: 5m: MACD bullish; 15m: MACD bullish; 1h: MACD bearish; 4h: RSI oversold (26.3)

[12:09:40] Cycle 1314
  💰 Current Price: $0.26
  🎯 Signal: HOLD (confidence: 0.10)
  📝 Reason: 5m: MACD bullish; 15m: MACD bullish; 1h: MACD bearish; 4h: RSI oversold (26.3)

[12:10:11] Cycle 1315
  💰 Current Price: $0.26
  🎯 Signal: HOLD (confidence: 0.10)
  📝 Reason: 5m: MACD bullish; 15m: MACD bullish; 1h: MACD bearish; 4h: RSI oversold (26.2)

[12:10:42] Cycle 1316
  💰 Current Price: $0.26
  🎯 Signal: HOLD (confidence: 0.10)
  📝 Reason: 5m: MACD bullish; 15m: MACD bullish; 1h: MACD bearish; 4h: RSI oversold (26.2)

[12:11:12] Cycle 1317
  💰 Current Price: $0.26
  🎯 Signal: HOLD (confidence: 0.10)
  📝 Reason: 5m: MACD bullish; 15m: MACD bullish; 1h: MACD bearish; 4h: RSI oversold (26.2)

[12:11:43] Cycle 1318
  💰 Current Price: $0.26
  🎯 Signal: HOLD (confidence: 0.10)
  📝 Reason: 5m: MACD bullish; 15m: MACD bullish; 1h: MACD bearish; 4h: RSI oversold (26.2)

[12:12:14] Cycle 1319
  💰 Current Price: $0.26
  🎯 Signal: HOLD (confidence: 0.10)
  📝 Reason: 5m: MACD bullish; 15m: MACD bullish; 1h: MACD bearish; 4h: RSI oversold (26.2)

[12:12:45] Cycle 1320
  💰 Current Price: $0.26
  🎯 Signal: HOLD (confidence: 0.10)
  📝 Reason: 5m: MACD bullish; 15m: MACD bullish; 1h: MACD bearish; 4h: RSI oversold (26.2)

[12:13:16] Cycle 1321
  💰 Current Price: $0.26
  🎯 Signal: HOLD (confidence: 0.10)
  📝 Reason: 5m: MACD bullish; 15m: MACD bullish; 1h: MACD bearish; 4h: RSI oversold (26.2)

[12:13:47] Cycle 1322
  💰 Current Price: $0.26
  🎯 Signal: HOLD (confidence: 0.10)
  📝 Reason: 5m: MACD bullish; 15m: MACD bullish; 1h: MACD bearish; 4h: RSI oversold (26.2)

[12:14:18] Cycle 1323
  💰 Current Price: $0.26
  🎯 Signal: HOLD (confidence: 0.10)
  📝 Reason: 5m: MACD bullish; 15m: MACD bullish; 1h: MACD bearish; 4h: RSI oversold (26.2)

[12:14:48] Cycle 1324
  💰 Current Price: $0.26
  🎯 Signal: HOLD (confidence: 0.10)
  📝 Reason: 5m: MACD bullish; 15m: MACD bullish; 1h: MACD bearish; 4h: RSI oversold (26.2)

[12:15:20] Cycle 1325
  💰 Current Price: $0.26
  🎯 Signal: HOLD (confidence: 0.10)
  📝 Reason: 5m: MACD bullish; 15m: MACD bullish; 1h: MACD bearish; 4h: RSI oversold (26.5)

[12:15:50] Cycle 1326
  💰 Current Price: $0.26
  🎯 Signal: HOLD (confidence: 0.10)
  📝 Reason: 5m: MACD bullish; 15m: MACD bullish; 1h: MACD bearish; 4h: RSI oversold (26.5)

[12:16:21] Cycle 1327
  💰 Current Price: $0.26
  🎯 Signal: HOLD (confidence: 0.10)
  📝 Reason: 5m: MACD bullish; 15m: MACD bullish; 1h: MACD bearish; 4h: RSI oversold (26.5)

[12:16:52] Cycle 1328
  💰 Current Price: $0.26
  🎯 Signal: HOLD (confidence: 0.10)
  📝 Reason: 5m: MACD bullish; 15m: MACD bullish; 1h: MACD bearish; 4h: RSI oversold (26.5)

[12:17:23] Cycle 1329
  💰 Current Price: $0.26
  🎯 Signal: HOLD (confidence: 0.10)
  📝 Reason: 5m: MACD bullish; 15m: MACD bullish; 1h: MACD bearish; 4h: RSI oversold (26.5)

[12:17:54] Cycle 1330
  💰 Current Price: $0.26
  🎯 Signal: HOLD (confidence: 0.10)
  📝 Reason: 5m: MACD bullish; 15m: MACD bullish; 1h: MACD bearish; 4h: RSI oversold (26.5)

[12:18:24] Cycle 1331
  💰 Current Price: $0.26
  🎯 Signal: HOLD (confidence: 0.10)
  📝 Reason: 5m: MACD bullish; 15m: MACD bullish; 1h: MACD bearish; 4h: RSI oversold (26.5)

[12:18:55] Cycle 1332
  💰 Current Price: $0.26
  🎯 Signal: HOLD (confidence: 0.10)
  📝 Reason: 5m: MACD bullish; 15m: MACD bullish; 1h: MACD bearish; 4h: RSI oversold (26.5)

[12:19:26] Cycle 1333
  💰 Current Price: $0.26
  🎯 Signal: HOLD (confidence: 0.10)
  📝 Reason: 5m: MACD bullish; 15m: MACD bullish; 1h: MACD bearish; 4h: RSI oversold (26.5)

[12:19:57] Cycle 1334
  💰 Current Price: $0.26
  🎯 Signal: HOLD (confidence: 0.10)
  📝 Reason: 5m: MACD bullish; 15m: MACD bullish; 1h: MACD bearish; 4h: RSI oversold (26.5)

[12:20:28] Cycle 1335
  💰 Current Price: $0.26
  🎯 Signal: HOLD (confidence: 0.10)
  📝 Reason: 5m: MACD bullish; 15m: MACD bullish; 1h: MACD bearish; 4h: RSI oversold (26.5)

[12:20:59] Cycle 1336
  💰 Current Price: $0.26
  🎯 Signal: HOLD (confidence: 0.10)
  📝 Reason: 5m: MACD bullish; 15m: MACD bullish; 1h: MACD bearish; 4h: RSI oversold (26.5)

[12:21:30] Cycle 1337
  💰 Current Price: $0.26
  🎯 Signal: HOLD (confidence: 0.10)
  📝 Reason: 5m: MACD bullish; 15m: MACD bullish; 1h: MACD bearish; 4h: RSI oversold (26.5)

[12:22:01] Cycle 1338
  💰 Current Price: $0.26
  🎯 Signal: HOLD (confidence: 0.10)
  📝 Reason: 5m: MACD bullish; 15m: MACD bullish; 1h: MACD bearish; 4h: RSI oversold (26.5)

[12:22:31] Cycle 1339
  💰 Current Price: $0.26
  🎯 Signal: HOLD (confidence: 0.10)
  📝 Reason: 5m: MACD bullish; 15m: MACD bullish; 1h: MACD bearish; 4h: RSI oversold (26.5)

[12:23:02] Cycle 1340
  💰 Current Price: $0.26
  🎯 Signal: HOLD (confidence: 0.10)
  📝 Reason: 5m: MACD bullish; 15m: MACD bullish; 1h: MACD bearish; 4h: RSI oversold (26.5)

[12:23:33] Cycle 1341
  💰 Current Price: $0.26
  🎯 Signal: HOLD (confidence: 0.10)
  📝 Reason: 5m: MACD bullish; 15m: MACD bullish; 1h: MACD bearish; 4h: RSI oversold (26.5)

[12:24:04] Cycle 1342
  💰 Current Price: $0.26
  🎯 Signal: HOLD (confidence: 0.10)
  📝 Reason: 5m: MACD bullish; 15m: MACD bullish; 1h: MACD bearish; 4h: RSI oversold (26.5)

[12:24:35] Cycle 1343
  💰 Current Price: $0.26
  🎯 Signal: HOLD (confidence: 0.10)
  📝 Reason: 5m: MACD bullish; 15m: MACD bullish; 1h: MACD bearish; 4h: RSI oversold (26.5)

[12:25:06] Cycle 1344
  💰 Current Price: $0.26
  🎯 Signal: HOLD (confidence: 0.10)
  📝 Reason: 5m: MACD bullish; 15m: MACD bullish; 1h: MACD bearish; 4h: RSI oversold (26.5)

[12:25:36] Cycle 1345
  💰 Current Price: $0.26
  🎯 Signal: HOLD (confidence: 0.10)
  📝 Reason: 5m: MACD bullish; 15m: MACD bullish; 1h: MACD bearish; 4h: RSI oversold (26.5)

[12:26:07] Cycle 1346
  💰 Current Price: $0.26
  🎯 Signal: HOLD (confidence: 0.10)
  📝 Reason: 5m: MACD bullish; 15m: MACD bullish; 1h: MACD bearish; 4h: RSI oversold (26.5)

[12:26:38] Cycle 1347
  💰 Current Price: $0.26
  🎯 Signal: HOLD (confidence: 0.10)
  📝 Reason: 5m: MACD bullish; 15m: MACD bullish; 1h: MACD bearish; 4h: RSI oversold (26.5)

[12:24:04] Cycle 1346
  💰 Current Price: $0.26
  🎯 Signal: HOLD (confidence: 0.10)
  📝 Reason: 5m: MACD bullish; 15m: MACD bullish; 1h: MACD bearish; 4h: RSI oversold (26.5)

[12:24:35] Cycle 1347
  💰 Current Price: $0.26
  🎯 Signal: HOLD (confidence: 0.10)
  📝 Reason: 5m: MACD bullish; 15m: MACD bullish; 1h: MACD bearish; 4h: RSI oversold (26.5)

[12:25:06] Cycle 1348
  💰 Current Price: $0.26
  🎯 Signal: HOLD (confidence: 0.10)
  📝 Reason: 5m: MACD bullish; 15m: MACD bullish; 1h: MACD bearish; 4h: RSI oversold (26.5)

[12:25:36] Cycle 1349
  💰 Current Price: $0.26
  🎯 Signal: HOLD (confidence: 0.10)
  📝 Reason: 5m: MACD bullish; 15m: MACD bullish; 1h: MACD bearish; 4h: RSI oversold (26.5)

[12:26:07] Cycle 1350
  💰 Current Price: $0.26
  🎯 Signal: HOLD (confidence: 0.10)
  📝 Reason: 5m: MACD bullish; 15m: MACD bullish; 1h: MACD bearish; 4h: RSI oversold (26.5)

[12:26:38] Cycle 1351
  💰 Current Price: $0.26
  🎯 Signal: HOLD (confidence: 0.10)
  📝 Reason: 5m: MACD bullish; 15m: MACD bullish; 1h: MACD bearish; 4h: RSI oversold (26.5)

[12:27:09] Cycle 1352
  💰 Current Price: $0.26
  🎯 Signal: HOLD (confidence: 0.10)
  📝 Reason: 5m: MACD bullish; 15m: MACD bullish; 1h: MACD bearish; 4h: RSI oversold (26.5)

[12:27:40] Cycle 1353
  💰 Current Price: $0.26
  🎯 Signal: HOLD (confidence: 0.10)
  📝 Reason: 5m: MACD bullish; 15m: MACD bullish; 1h: MACD bearish; 4h: RSI oversold (26.5)

[12:28:11] Cycle 1354
  💰 Current Price: $0.26
  🎯 Signal: HOLD (confidence: 0.10)
  📝 Reason: 5m: MACD bullish; 15m: MACD bullish; 1h: MACD bearish; 4h: RSI oversold (26.4)

[12:28:42] Cycle 1355
  💰 Current Price: $0.26
  🎯 Signal: HOLD (confidence: 0.10)
  📝 Reason: 5m: MACD bullish; 15m: MACD bullish; 1h: MACD bearish; 4h: RSI oversold (26.4)

[12:29:13] Cycle 1356
  💰 Current Price: $0.26
  🎯 Signal: HOLD (confidence: 0.10)
  📝 Reason: 5m: MACD bullish; 15m: MACD bullish; 1h: MACD bearish; 4h: RSI oversold (26.4)

[12:29:43] Cycle 1357
  💰 Current Price: $0.26
  🎯 Signal: HOLD (confidence: 0.10)
  📝 Reason: 5m: MACD bullish; 15m: MACD bullish; 1h: MACD bearish; 4h: RSI oversold (26.4)

[12:30:14] Cycle 1358
  💰 Current Price: $0.26
  🎯 Signal: HOLD (confidence: 0.10)
  📝 Reason: 5m: MACD bullish; 15m: MACD bullish; 1h: MACD bearish; 4h: RSI oversold (26.4)

[12:30:45] Cycle 1359
  💰 Current Price: $0.26
  🎯 Signal: HOLD (confidence: 0.10)
  📝 Reason: 5m: MACD bullish; 15m: MACD bullish; 1h: MACD bearish; 4h: RSI oversold (26.5)

[12:31:16] Cycle 1360
  💰 Current Price: $0.26
  🎯 Signal: HOLD (confidence: 0.10)
  📝 Reason: 5m: MACD bullish; 15m: MACD bullish; 1h: MACD bearish; 4h: RSI oversold (26.5)

[12:31:47] Cycle 1361
  💰 Current Price: $0.26
  🎯 Signal: HOLD (confidence: 0.10)
  📝 Reason: 5m: MACD bullish; 15m: MACD bullish; 1h: MACD bearish; 4h: RSI oversold (26.3)

[12:32:18] Cycle 1362
  💰 Current Price: $0.26
  🎯 Signal: HOLD (confidence: 0.10)
  📝 Reason: 5m: MACD bullish; 15m: MACD bullish; 1h: MACD bearish; 4h: RSI oversold (26.1)

[12:32:48] Cycle 1363
  💰 Current Price: $0.26
  🎯 Signal: HOLD (confidence: 0.10)
  📝 Reason: 5m: MACD bullish; 15m: MACD bullish; 1h: MACD bearish; 4h: RSI oversold (26.1)

[12:33:19] Cycle 1364
  💰 Current Price: $0.26
  🎯 Signal: HOLD (confidence: 0.10)
  📝 Reason: 5m: MACD bullish; 15m: MACD bullish; 1h: MACD bearish; 4h: RSI oversold (26.1)

[12:33:50] Cycle 1365
  💰 Current Price: $0.26
  🎯 Signal: HOLD (confidence: 0.10)
  📝 Reason: 5m: MACD bullish; 15m: MACD bullish; 1h: MACD bearish; 4h: RSI oversold (26.1)

[12:34:21] Cycle 1366
  💰 Current Price: $0.26
  🎯 Signal: HOLD (confidence: 0.10)
  📝 Reason: 5m: MACD bullish; 15m: MACD bullish; 1h: MACD bearish; 4h: RSI oversold (26.3)

[12:34:52] Cycle 1367
  💰 Current Price: $0.26
  🎯 Signal: HOLD (confidence: 0.10)
  📝 Reason: 5m: MACD bullish; 15m: MACD bullish; 1h: MACD bearish; 4h: RSI oversold (26.3)

[12:35:22] Cycle 1368
  💰 Current Price: $0.26
  🎯 Signal: HOLD (confidence: 0.10)
  📝 Reason: 5m: MACD bullish; 15m: MACD bullish; 1h: MACD bearish; 4h: RSI oversold (26.3)

[12:35:53] Cycle 1369
  💰 Current Price: $0.26
  🎯 Signal: HOLD (confidence: 0.10)
  📝 Reason: 5m: MACD bullish; 15m: MACD bullish; 1h: MACD bearish; 4h: RSI oversold (26.2)

[12:36:24] Cycle 1370
  💰 Current Price: $0.26
  🎯 Signal: HOLD (confidence: 0.10)
  📝 Reason: 5m: MACD bullish; 15m: MACD bullish; 1h: MACD bearish; 4h: RSI oversold (26.2)

[12:36:55] Cycle 1371
  💰 Current Price: $0.26
  🎯 Signal: HOLD (confidence: 0.10)
  📝 Reason: 5m: MACD bullish; 15m: MACD bullish; 1h: MACD bearish; 4h: RSI oversold (26.2)

[12:37:26] Cycle 1372
  💰 Current Price: $0.26
  🎯 Signal: HOLD (confidence: 0.10)
  📝 Reason: 5m: MACD bullish; 15m: MACD bullish; 1h: MACD bearish; 4h: RSI oversold (26.2)

[12:37:57] Cycle 1373
  💰 Current Price: $0.26
  🎯 Signal: HOLD (confidence: 0.10)
  📝 Reason: 5m: MACD bullish; 15m: MACD bullish; 1h: MACD bearish; 4h: RSI oversold (26.2)

[12:38:27] Cycle 1374
  💰 Current Price: $0.26
  🎯 Signal: HOLD (confidence: 0.10)
  📝 Reason: 5m: MACD bullish; 15m: MACD bullish; 1h: MACD bearish; 4h: RSI oversold (26.2)

[12:38:58] Cycle 1375
  💰 Current Price: $0.26
  🎯 Signal: HOLD (confidence: 0.10)
  📝 Reason: 5m: MACD bullish; 15m: MACD bullish; 1h: MACD bearish; 4h: RSI oversold (26.1)

[12:39:29] Cycle 1376
  💰 Current Price: $0.26
  🎯 Signal: HOLD (confidence: 0.10)
  📝 Reason: 5m: MACD bullish; 15m: MACD bullish; 1h: MACD bearish; 4h: RSI oversold (26.1)

[12:40:00] Cycle 1377
  💰 Current Price: $0.26
  🎯 Signal: HOLD (confidence: 0.00)
  📝 Reason: 5m: MACD bearish; 15m: MACD bullish; 1h: MACD bearish; 4h: RSI oversold (26.1)

[12:40:31] Cycle 1378
  💰 Current Price: $0.26
  🎯 Signal: HOLD (confidence: 0.00)
  📝 Reason: 5m: MACD bearish; 15m: MACD bullish; 1h: MACD bearish; 4h: RSI oversold (26.1)

[12:41:02] Cycle 1379
  💰 Current Price: $0.26
  🎯 Signal: HOLD (confidence: 0.00)
  📝 Reason: 5m: MACD bearish; 15m: MACD bullish; 1h: MACD bearish; 4h: RSI oversold (26.1)

[12:41:33] Cycle 1380
  💰 Current Price: $0.26
  🎯 Signal: HOLD (confidence: 0.00)
  📝 Reason: 5m: MACD bearish; 15m: MACD bullish; 1h: MACD bearish; 4h: RSI oversold (26.1)

[12:42:03] Cycle 1381
  💰 Current Price: $0.26
  🎯 Signal: HOLD (confidence: 0.10)
  📝 Reason: 5m: RSI oversold (29.9); 5m: MACD bearish; 15m: MACD bullish; 1h: MACD bearish

[12:42:34] Cycle 1382
  💰 Current Price: $0.26
  🎯 Signal: HOLD (confidence: 0.10)
  📝 Reason: 5m: RSI oversold (27.2); 5m: MACD bearish; 15m: MACD bullish; 1h: MACD bearish

[12:43:05] Cycle 1383
  💰 Current Price: $0.26
  🎯 Signal: HOLD (confidence: 0.10)
  📝 Reason: 5m: RSI oversold (26.2); 5m: MACD bearish; 15m: MACD bullish; 1h: MACD bearish

[12:43:36] Cycle 1384
  💰 Current Price: $0.26
  🎯 Signal: HOLD (confidence: 0.10)
  📝 Reason: 5m: RSI oversold (25.5); 5m: MACD bearish; 15m: MACD bullish; 1h: MACD bearish

[12:44:07] Cycle 1385
  💰 Current Price: $0.26
  🎯 Signal: HOLD (confidence: 0.10)
  📝 Reason: 5m: RSI oversold (25.5); 5m: MACD bearish; 15m: MACD bullish; 1h: MACD bearish

[12:44:37] Cycle 1386
  💰 Current Price: $0.26
  🎯 Signal: HOLD (confidence: 0.10)
  📝 Reason: 5m: RSI oversold (25.5); 5m: MACD bearish; 15m: MACD bullish; 1h: MACD bearish

[12:45:08] Cycle 1387
  💰 Current Price: $0.26
  🎯 Signal: HOLD (confidence: 0.10)
  📝 Reason: 5m: RSI oversold (26.0); 5m: MACD bearish; 15m: MACD bullish; 1h: MACD bearish

[12:45:39] Cycle 1388
  💰 Current Price: $0.26
  🎯 Signal: HOLD (confidence: 0.10)
  📝 Reason: 5m: RSI oversold (26.0); 5m: MACD bearish; 15m: MACD bullish; 1h: MACD bearish

[12:46:10] Cycle 1389
  💰 Current Price: $0.26
  🎯 Signal: HOLD (confidence: 0.10)
  📝 Reason: 5m: RSI oversold (26.0); 5m: MACD bearish; 15m: MACD bullish; 1h: MACD bearish

[12:46:40] Cycle 1390
  💰 Current Price: $0.26
  🎯 Signal: HOLD (confidence: 0.10)

[12:27:09] Cycle 1348
  💰 Current Price: $0.26
  🎯 Signal: HOLD (confidence: 0.10)
  📝 Reason: 5m: MACD bullish; 15m: MACD bullish; 1h: MACD bearish; 4h: RSI oversold (26.5)

[12:27:40] Cycle 1349
  💰 Current Price: $0.26
  🎯 Signal: HOLD (confidence: 0.10)
  📝 Reason: 5m: MACD bullish; 15m: MACD bullish; 1h: MACD bearish; 4h: RSI oversold (26.5)

[12:28:11] Cycle 1350
  💰 Current Price: $0.26
  🎯 Signal: HOLD (confidence: 0.10)
  📝 Reason: 5m: MACD bullish; 15m: MACD bullish; 1h: MACD bearish; 4h: RSI oversold (26.4)

[12:28:42] Cycle 1351
  💰 Current Price: $0.26
  🎯 Signal: HOLD (confidence: 0.10)
  📝 Reason: 5m: MACD bullish; 15m: MACD bullish; 1h: MACD bearish; 4h: RSI oversold (26.4)

[12:29:13] Cycle 1352
  💰 Current Price: $0.26
  🎯 Signal: HOLD (confidence: 0.10)
  📝 Reason: 5m: MACD bullish; 15m: MACD bullish; 1h: MACD bearish; 4h: RSI oversold (26.4)

[12:29:43] Cycle 1353
  💰 Current Price: $0.26
  🎯 Signal: HOLD (confidence: 0.10)
  📝 Reason: 5m: MACD bullish; 15m: MACD bullish; 1h: MACD bearish; 4h: RSI oversold (26.4)

[12:30:14] Cycle 1354
  💰 Current Price: $0.26
  🎯 Signal: HOLD (confidence: 0.10)
  📝 Reason: 5m: MACD bullish; 15m: MACD bullish; 1h: MACD bearish; 4h: RSI oversold (26.4)

[12:30:45] Cycle 1355
  💰 Current Price: $0.26
  🎯 Signal: HOLD (confidence: 0.10)
  📝 Reason: 5m: MACD bullish; 15m: MACD bullish; 1h: MACD bearish; 4h: RSI oversold (26.5)

[12:31:16] Cycle 1356
  💰 Current Price: $0.26
  🎯 Signal: HOLD (confidence: 0.10)
  📝 Reason: 5m: MACD bullish; 15m: MACD bullish; 1h: MACD bearish; 4h: RSI oversold (26.5)

[12:31:47] Cycle 1357
  💰 Current Price: $0.26
  🎯 Signal: HOLD (confidence: 0.10)
  📝 Reason: 5m: MACD bullish; 15m: MACD bullish; 1h: MACD bearish; 4h: RSI oversold (26.3)

[12:32:18] Cycle 1358
  💰 Current Price: $0.26
  🎯 Signal: HOLD (confidence: 0.10)
  📝 Reason: 5m: MACD bullish; 15m: MACD bullish; 1h: MACD bearish; 4h: RSI oversold (26.1)

[12:32:48] Cycle 1359
  💰 Current Price: $0.26
  🎯 Signal: HOLD (confidence: 0.10)
  📝 Reason: 5m: MACD bullish; 15m: MACD bullish; 1h: MACD bearish; 4h: RSI oversold (26.1)

[12:33:19] Cycle 1360
  💰 Current Price: $0.26
  🎯 Signal: HOLD (confidence: 0.10)
  📝 Reason: 5m: MACD bullish; 15m: MACD bullish; 1h: MACD bearish; 4h: RSI oversold (26.1)

[12:33:50] Cycle 1361
  💰 Current Price: $0.26
  🎯 Signal: HOLD (confidence: 0.10)
  📝 Reason: 5m: MACD bullish; 15m: MACD bullish; 1h: MACD bearish; 4h: RSI oversold (26.1)

[12:34:21] Cycle 1362
  💰 Current Price: $0.26
  🎯 Signal: HOLD (confidence: 0.10)
  📝 Reason: 5m: MACD bullish; 15m: MACD bullish; 1h: MACD bearish; 4h: RSI oversold (26.3)

[12:34:52] Cycle 1363
  💰 Current Price: $0.26
  🎯 Signal: HOLD (confidence: 0.10)
  📝 Reason: 5m: MACD bullish; 15m: MACD bullish; 1h: MACD bearish; 4h: RSI oversold (26.3)

[12:35:22] Cycle 1364
  💰 Current Price: $0.26
  🎯 Signal: HOLD (confidence: 0.10)
  📝 Reason: 5m: MACD bullish; 15m: MACD bullish; 1h: MACD bearish; 4h: RSI oversold (26.3)

[12:35:53] Cycle 1365
  💰 Current Price: $0.26
  🎯 Signal: HOLD (confidence: 0.10)
  📝 Reason: 5m: MACD bullish; 15m: MACD bullish; 1h: MACD bearish; 4h: RSI oversold (26.2)

[12:36:24] Cycle 1366
  💰 Current Price: $0.26
  🎯 Signal: HOLD (confidence: 0.10)
  📝 Reason: 5m: MACD bullish; 15m: MACD bullish; 1h: MACD bearish; 4h: RSI oversold (26.2)

[12:36:55] Cycle 1367
  💰 Current Price: $0.26
  🎯 Signal: HOLD (confidence: 0.10)
  📝 Reason: 5m: MACD bullish; 15m: MACD bullish; 1h: MACD bearish; 4h: RSI oversold (26.2)

[12:37:26] Cycle 1368
  💰 Current Price: $0.26
  🎯 Signal: HOLD (confidence: 0.10)
  📝 Reason: 5m: MACD bullish; 15m: MACD bullish; 1h: MACD bearish; 4h: RSI oversold (26.2)

[12:37:57] Cycle 1369
  💰 Current Price: $0.26
  🎯 Signal: HOLD (confidence: 0.10)
  📝 Reason: 5m: MACD bullish; 15m: MACD bullish; 1h: MACD bearish; 4h: RSI oversold (26.2)

[12:38:27] Cycle 1370
  💰 Current Price: $0.26
  🎯 Signal: HOLD (confidence: 0.10)
  📝 Reason: 5m: MACD bullish; 15m: MACD bullish; 1h: MACD bearish; 4h: RSI oversold (26.2)

[12:38:58] Cycle 1371
  💰 Current Price: $0.26
  🎯 Signal: HOLD (confidence: 0.10)
  📝 Reason: 5m: MACD bullish; 15m: MACD bullish; 1h: MACD bearish; 4h: RSI oversold (26.1)

[12:39:29] Cycle 1372
  💰 Current Price: $0.26
  🎯 Signal: HOLD (confidence: 0.10)
  📝 Reason: 5m: MACD bullish; 15m: MACD bullish; 1h: MACD bearish; 4h: RSI oversold (26.1)

[12:40:00] Cycle 1373
  💰 Current Price: $0.26
  🎯 Signal: HOLD (confidence: 0.00)
  📝 Reason: 5m: MACD bearish; 15m: MACD bullish; 1h: MACD bearish; 4h: RSI oversold (26.1)

[12:40:31] Cycle 1374
  💰 Current Price: $0.26
  🎯 Signal: HOLD (confidence: 0.00)
  📝 Reason: 5m: MACD bearish; 15m: MACD bullish; 1h: MACD bearish; 4h: RSI oversold (26.1)

[12:41:02] Cycle 1375
  💰 Current Price: $0.26
  🎯 Signal: HOLD (confidence: 0.00)
  📝 Reason: 5m: MACD bearish; 15m: MACD bullish; 1h: MACD bearish; 4h: RSI oversold (26.1)

[12:41:33] Cycle 1376
  💰 Current Price: $0.26
  🎯 Signal: HOLD (confidence: 0.00)
  📝 Reason: 5m: MACD bearish; 15m: MACD bullish; 1h: MACD bearish; 4h: RSI oversold (26.1)

[12:42:03] Cycle 1377
  💰 Current Price: $0.26
  🎯 Signal: HOLD (confidence: 0.10)
  📝 Reason: 5m: RSI oversold (29.9); 5m: MACD bearish; 15m: MACD bullish; 1h: MACD bearish

[12:42:34] Cycle 1378
  💰 Current Price: $0.26
  🎯 Signal: HOLD (confidence: 0.10)
  📝 Reason: 5m: RSI oversold (27.2); 5m: MACD bearish; 15m: MACD bullish; 1h: MACD bearish

[12:43:05] Cycle 1379
  💰 Current Price: $0.26
  🎯 Signal: HOLD (confidence: 0.10)
  📝 Reason: 5m: RSI oversold (26.2); 5m: MACD bearish; 15m: MACD bullish; 1h: MACD bearish

[12:43:36] Cycle 1380
  💰 Current Price: $0.26
  🎯 Signal: HOLD (confidence: 0.10)
  📝 Reason: 5m: RSI oversold (25.5); 5m: MACD bearish; 15m: MACD bullish; 1h: MACD bearish

[12:44:07] Cycle 1381
  💰 Current Price: $0.26
  🎯 Signal: HOLD (confidence: 0.10)
  📝 Reason: 5m: RSI oversold (25.5); 5m: MACD bearish; 15m: MACD bullish; 1h: MACD bearish

[12:44:37] Cycle 1382
  💰 Current Price: $0.26
  🎯 Signal: HOLD (confidence: 0.10)
  📝 Reason: 5m: RSI oversold (25.5); 5m: MACD bearish; 15m: MACD bullish; 1h: MACD bearish

[12:45:08] Cycle 1383
  💰 Current Price: $0.26
  🎯 Signal: HOLD (confidence: 0.10)
  📝 Reason: 5m: RSI oversold (26.0); 5m: MACD bearish; 15m: MACD bullish; 1h: MACD bearish

[12:45:39] Cycle 1384
  💰 Current Price: $0.26
  🎯 Signal: HOLD (confidence: 0.10)
  📝 Reason: 5m: RSI oversold (26.0); 5m: MACD bearish; 15m: MACD bullish; 1h: MACD bearish

[12:46:10] Cycle 1385
  💰 Current Price: $0.26
  🎯 Signal: HOLD (confidence: 0.10)
  📝 Reason: 5m: RSI oversold (26.0); 5m: MACD bearish; 15m: MACD bullish; 1h: MACD bearish

[12:46:40] Cycle 1386
  💰 Current Price: $0.26
  🎯 Signal: HOLD (confidence: 0.10)
  📝 Reason: 5m: RSI oversold (26.0); 5m: MACD bearish; 15m: MACD bullish; 1h: MACD bearish

[12:47:11] Cycle 1387
  💰 Current Price: $0.26
  🎯 Signal: HOLD (confidence: 0.10)
  📝 Reason: 5m: RSI oversold (26.0); 5m: MACD bearish; 15m: MACD bullish; 1h: MACD bearish

[12:47:42] Cycle 1388
  💰 Current Price: $0.26
  🎯 Signal: HOLD (confidence: 0.10)
  📝 Reason: 5m: RSI oversold (23.6); 5m: MACD bearish; 15m: MACD bullish; 1h: MACD bearish

[12:48:13] Cycle 1389
  💰 Current Price: $0.26
  🎯 Signal: HOLD (confidence: 0.10)
  📝 Reason: 5m: RSI oversold (21.8); 5m: MACD bearish; 15m: MACD bearish; 1h: MACD bearish

[12:48:44] Cycle 1390
  💰 Current Price: $0.26
  🎯 Signal: HOLD (confidence: 0.10)
  📝 Reason: 5m: RSI oversold (21.0); 5m: MACD bearish; 15m: MACD bearish; 1h: MACD bearish

[12:49:15] Cycle 1391
  💰 Current Price: $0.26
  🎯 Signal: HOLD (confidence: 0.10)
  📝 Reason: 5m: RSI oversold (21.0); 5m: MACD bearish; 15m: MACD bearish; 1h: MACD bearish

[12:49:45] Cycle 1392
  💰 Current Price: $0.26
  🎯 Signal: HOLD (confidence: 0.10)
  📝 Reason: 5m: RSI oversold (26.0); 5m: MACD bearish; 15m: MACD bullish; 1h: MACD bearish

[12:47:11] Cycle 1391
  💰 Current Price: $0.26
  🎯 Signal: HOLD (confidence: 0.10)
  📝 Reason: 5m: RSI oversold (26.0); 5m: MACD bearish; 15m: MACD bullish; 1h: MACD bearish

[12:47:42] Cycle 1392
  💰 Current Price: $0.26
  🎯 Signal: HOLD (confidence: 0.10)
  📝 Reason: 5m: RSI oversold (23.6); 5m: MACD bearish; 15m: MACD bullish; 1h: MACD bearish

[12:48:13] Cycle 1393
  💰 Current Price: $0.26
  🎯 Signal: HOLD (confidence: 0.10)
  📝 Reason: 5m: RSI oversold (21.8); 5m: MACD bearish; 15m: MACD bearish; 1h: MACD bearish

[12:48:44] Cycle 1394
  💰 Current Price: $0.26
  🎯 Signal: HOLD (confidence: 0.10)
  📝 Reason: 5m: RSI oversold (21.0); 5m: MACD bearish; 15m: MACD bearish; 1h: MACD bearish

[12:49:15] Cycle 1395
  💰 Current Price: $0.26
  🎯 Signal: HOLD (confidence: 0.10)
  📝 Reason: 5m: RSI oversold (21.0); 5m: MACD bearish; 15m: MACD bearish; 1h: MACD bearish

[12:49:45] Cycle 1396
  💰 Current Price: $0.26
  🎯 Signal: HOLD (confidence: 0.10)
  📝 Reason: 5m: RSI oversold (21.0); 5m: MACD bearish; 15m: MACD bearish; 1h: MACD bearish

[12:50:16] Cycle 1397
  💰 Current Price: $0.26
  🎯 Signal: HOLD (confidence: 0.10)
  📝 Reason: 5m: RSI oversold (18.6); 5m: MACD bearish; 15m: MACD bearish; 1h: MACD bearish

[12:50:47] Cycle 1398
  💰 Current Price: $0.26
  🎯 Signal: HOLD (confidence: 0.10)
  📝 Reason: 5m: RSI oversold (18.6); 5m: MACD bearish; 15m: MACD bearish; 1h: MACD bearish

[12:51:18] Cycle 1399
  💰 Current Price: $0.26
  🎯 Signal: HOLD (confidence: 0.10)
  📝 Reason: 5m: RSI oversold (23.2); 5m: MACD bearish; 15m: MACD bearish; 1h: MACD bearish

[12:51:49] Cycle 1400
  💰 Current Price: $0.26
  🎯 Signal: HOLD (confidence: 0.10)
  📝 Reason: 5m: RSI oversold (23.2); 5m: MACD bearish; 15m: MACD bearish; 1h: MACD bearish

[12:52:19] Cycle 1401
  💰 Current Price: $0.26
  🎯 Signal: HOLD (confidence: 0.10)
  📝 Reason: 5m: RSI oversold (23.2); 5m: MACD bearish; 15m: MACD bearish; 1h: MACD bearish

[12:52:50] Cycle 1402
  💰 Current Price: $0.26
  🎯 Signal: HOLD (confidence: 0.10)
  📝 Reason: 5m: RSI oversold (23.2); 5m: MACD bearish; 15m: MACD bearish; 1h: MACD bearish

[12:53:21] Cycle 1403
  💰 Current Price: $0.26
  🎯 Signal: HOLD (confidence: 0.10)
  📝 Reason: 5m: RSI oversold (23.2); 5m: MACD bearish; 15m: MACD bearish; 1h: MACD bearish

[12:53:52] Cycle 1404
  💰 Current Price: $0.26
  🎯 Signal: HOLD (confidence: 0.10)
  📝 Reason: 5m: RSI oversold (23.2); 5m: MACD bearish; 15m: MACD bearish; 1h: MACD bearish

[12:54:22] Cycle 1405
  💰 Current Price: $0.26
  🎯 Signal: HOLD (confidence: 0.10)
  📝 Reason: 5m: RSI oversold (23.2); 5m: MACD bearish; 15m: MACD bearish; 1h: MACD bearish

[12:54:53] Cycle 1406
  💰 Current Price: $0.26
  🎯 Signal: HOLD (confidence: 0.10)
  📝 Reason: 5m: RSI oversold (23.2); 5m: MACD bearish; 15m: MACD bearish; 1h: MACD bearish

[12:55:24] Cycle 1407
  💰 Current Price: $0.26
  🎯 Signal: HOLD (confidence: 0.10)
  📝 Reason: 5m: RSI oversold (23.3); 5m: MACD bearish; 15m: MACD bearish; 1h: MACD bearish

[12:55:55] Cycle 1408
  💰 Current Price: $0.26
  🎯 Signal: HOLD (confidence: 0.10)
  📝 Reason: 5m: RSI oversold (23.3); 5m: MACD bearish; 15m: MACD bearish; 1h: MACD bearish

[12:56:25] Cycle 1409
  💰 Current Price: $0.26
  🎯 Signal: HOLD (confidence: 0.10)
  📝 Reason: 5m: RSI oversold (23.3); 5m: MACD bearish; 15m: MACD bearish; 1h: MACD bearish

[12:56:56] Cycle 1410
  💰 Current Price: $0.26
  🎯 Signal: HOLD (confidence: 0.10)
  📝 Reason: 5m: RSI oversold (21.9); 5m: MACD bearish; 15m: MACD bearish; 1h: MACD bearish

[12:57:27] Cycle 1411
  💰 Current Price: $0.26
  🎯 Signal: HOLD (confidence: 0.10)
  📝 Reason: 5m: RSI oversold (21.9); 5m: MACD bearish; 15m: MACD bearish; 1h: MACD bearish

[12:57:58] Cycle 1412
  💰 Current Price: $0.26
  🎯 Signal: HOLD (confidence: 0.10)
  📝 Reason: 5m: RSI oversold (22.2); 5m: MACD bearish; 15m: MACD bearish; 1h: MACD bearish

[12:58:29] Cycle 1413
  💰 Current Price: $0.26
  🎯 Signal: HOLD (confidence: 0.10)
  📝 Reason: 5m: RSI oversold (22.1); 5m: MACD bearish; 15m: MACD bearish; 1h: MACD bearish

[12:58:59] Cycle 1414
  💰 Current Price: $0.26
  🎯 Signal: HOLD (confidence: 0.10)
  📝 Reason: 5m: RSI oversold (22.1); 5m: MACD bearish; 15m: MACD bearish; 1h: MACD bearish

[12:59:30] Cycle 1415
  💰 Current Price: $0.26
  🎯 Signal: HOLD (confidence: 0.10)
  📝 Reason: 5m: RSI oversold (22.5); 5m: MACD bearish; 15m: MACD bearish; 1h: MACD bearish

[13:00:01] Cycle 1416
  💰 Current Price: $0.26
  🎯 Signal: HOLD (confidence: 0.10)
  📝 Reason: 5m: RSI oversold (16.1); 5m: MACD bearish; 15m: MACD bearish; 1h: MACD bearish

[13:00:32] Cycle 1417
  💰 Current Price: $0.26
  🎯 Signal: HOLD (confidence: 0.10)
  📝 Reason: 5m: RSI oversold (22.0); 5m: MACD bearish; 15m: MACD bearish; 1h: MACD bearish

[13:01:02] Cycle 1418
  💰 Current Price: $0.26
  🎯 Signal: HOLD (confidence: 0.10)
  📝 Reason: 5m: RSI oversold (22.0); 5m: MACD bearish; 15m: MACD bearish; 1h: MACD bearish

[13:01:33] Cycle 1419
  💰 Current Price: $0.26
  🎯 Signal: HOLD (confidence: 0.10)
  📝 Reason: 5m: RSI oversold (24.3); 5m: MACD bearish; 15m: MACD bearish; 1h: MACD bearish

[13:02:04] Cycle 1420
  💰 Current Price: $0.26
  🎯 Signal: HOLD (confidence: 0.10)
  📝 Reason: 5m: RSI oversold (24.3); 5m: MACD bearish; 15m: MACD bearish; 1h: MACD bearish

[13:02:35] Cycle 1421
  💰 Current Price: $0.26
  🎯 Signal: HOLD (confidence: 0.10)
  📝 Reason: 5m: RSI oversold (24.7); 5m: MACD bearish; 15m: MACD bearish; 1h: MACD bearish

[13:03:06] Cycle 1422
  💰 Current Price: $0.26
  🎯 Signal: HOLD (confidence: 0.10)
  📝 Reason: 5m: RSI oversold (24.7); 5m: MACD bearish; 15m: MACD bearish; 1h: MACD bearish

[13:03:37] Cycle 1423
  💰 Current Price: $0.26
  🎯 Signal: HOLD (confidence: 0.10)
  📝 Reason: 5m: RSI oversold (30.0); 5m: MACD bearish; 15m: MACD bearish; 1h: MACD bearish

[13:04:08] Cycle 1424
  💰 Current Price: $0.26
  🎯 Signal: SELL (confidence: 0.20)
  📝 Reason: 5m: MACD bearish; 15m: MACD bearish; 1h: MACD bearish; 4h: RSI oversold (25.8)
  ⚠️ Sell signal but no position

[13:04:39] Cycle 1425
  💰 Current Price: $0.26
  🎯 Signal: SELL (confidence: 0.20)
  📝 Reason: 5m: MACD bearish; 15m: MACD bearish; 1h: MACD bearish; 4h: RSI oversold (25.8)
  ⚠️ Sell signal but no position

[13:05:09] Cycle 1426
  💰 Current Price: $0.26
  🎯 Signal: SELL (confidence: 0.20)
  📝 Reason: 5m: MACD bearish; 15m: MACD bearish; 1h: MACD bearish; 4h: RSI oversold (25.8)
  ⚠️ Sell signal but no position

[13:05:40] Cycle 1427
  💰 Current Price: $0.26
  🎯 Signal: SELL (confidence: 0.20)
  📝 Reason: 5m: MACD bearish; 15m: MACD bearish; 1h: MACD bearish; 4h: RSI oversold (25.8)
  ⚠️ Sell signal but no position

[13:06:11] Cycle 1428
  💰 Current Price: $0.26
  🎯 Signal: SELL (confidence: 0.20)
  📝 Reason: 5m: MACD bearish; 15m: MACD bearish; 1h: MACD bearish; 4h: RSI oversold (25.8)
  ⚠️ Sell signal but no position

[13:06:42] Cycle 1429
  💰 Current Price: $0.26
  🎯 Signal: SELL (confidence: 0.20)
  📝 Reason: 5m: MACD bearish; 15m: MACD bearish; 1h: MACD bearish; 4h: RSI oversold (25.8)
  ⚠️ Sell signal but no position

[13:07:13] Cycle 1430
  💰 Current Price: $0.26
  🎯 Signal: SELL (confidence: 0.20)
  📝 Reason: 5m: MACD bearish; 15m: MACD bearish; 1h: MACD bearish; 4h: RSI oversold (25.8)
  ⚠️ Sell signal but no position

[13:07:44] Cycle 1431
  💰 Current Price: $0.26
  🎯 Signal: HOLD (confidence: 0.10)
  📝 Reason: 5m: RSI oversold (27.8); 5m: MACD bearish; 15m: MACD bearish; 1h: MACD bearish

[13:08:15] Cycle 1432
  💰 Current Price: $0.26
  🎯 Signal: HOLD (confidence: 0.10)
  📝 Reason: 5m: RSI oversold (27.8); 5m: MACD bearish; 15m: MACD bearish; 1h: MACD bearish

[13:08:46] Cycle 1433
  💰 Current Price: $0.26
  🎯 Signal: HOLD (confidence: 0.10)
  📝 Reason: 5m: RSI oversold (21.0); 5m: MACD bearish; 15m: MACD bearish; 1h: MACD bearish

[12:50:16] Cycle 1393
  💰 Current Price: $0.26
  🎯 Signal: HOLD (confidence: 0.10)
  📝 Reason: 5m: RSI oversold (18.6); 5m: MACD bearish; 15m: MACD bearish; 1h: MACD bearish

[12:50:47] Cycle 1394
  💰 Current Price: $0.26
  🎯 Signal: HOLD (confidence: 0.10)
  📝 Reason: 5m: RSI oversold (18.6); 5m: MACD bearish; 15m: MACD bearish; 1h: MACD bearish

[12:51:18] Cycle 1395
  💰 Current Price: $0.26
  🎯 Signal: HOLD (confidence: 0.10)
  📝 Reason: 5m: RSI oversold (23.2); 5m: MACD bearish; 15m: MACD bearish; 1h: MACD bearish

[12:51:49] Cycle 1396
  💰 Current Price: $0.26
  🎯 Signal: HOLD (confidence: 0.10)
  📝 Reason: 5m: RSI oversold (23.2); 5m: MACD bearish; 15m: MACD bearish; 1h: MACD bearish

[12:52:19] Cycle 1397
  💰 Current Price: $0.26
  🎯 Signal: HOLD (confidence: 0.10)
  📝 Reason: 5m: RSI oversold (23.2); 5m: MACD bearish; 15m: MACD bearish; 1h: MACD bearish

[12:52:50] Cycle 1398
  💰 Current Price: $0.26
  🎯 Signal: HOLD (confidence: 0.10)
  📝 Reason: 5m: RSI oversold (23.2); 5m: MACD bearish; 15m: MACD bearish; 1h: MACD bearish

[12:53:21] Cycle 1399
  💰 Current Price: $0.26
  🎯 Signal: HOLD (confidence: 0.10)
  📝 Reason: 5m: RSI oversold (23.2); 5m: MACD bearish; 15m: MACD bearish; 1h: MACD bearish

[12:53:52] Cycle 1400
  💰 Current Price: $0.26
  🎯 Signal: HOLD (confidence: 0.10)
  📝 Reason: 5m: RSI oversold (23.2); 5m: MACD bearish; 15m: MACD bearish; 1h: MACD bearish

[12:54:22] Cycle 1401
  💰 Current Price: $0.26
  🎯 Signal: HOLD (confidence: 0.10)
  📝 Reason: 5m: RSI oversold (23.2); 5m: MACD bearish; 15m: MACD bearish; 1h: MACD bearish

[12:54:53] Cycle 1402
  💰 Current Price: $0.26
  🎯 Signal: HOLD (confidence: 0.10)
  📝 Reason: 5m: RSI oversold (23.2); 5m: MACD bearish; 15m: MACD bearish; 1h: MACD bearish

[12:55:24] Cycle 1403
  💰 Current Price: $0.26
  🎯 Signal: HOLD (confidence: 0.10)
  📝 Reason: 5m: RSI oversold (23.3); 5m: MACD bearish; 15m: MACD bearish; 1h: MACD bearish

[12:55:55] Cycle 1404
  💰 Current Price: $0.26
  🎯 Signal: HOLD (confidence: 0.10)
  📝 Reason: 5m: RSI oversold (23.3); 5m: MACD bearish; 15m: MACD bearish; 1h: MACD bearish

[12:56:25] Cycle 1405
  💰 Current Price: $0.26
  🎯 Signal: HOLD (confidence: 0.10)
  📝 Reason: 5m: RSI oversold (23.3); 5m: MACD bearish; 15m: MACD bearish; 1h: MACD bearish

[12:56:56] Cycle 1406
  💰 Current Price: $0.26
  🎯 Signal: HOLD (confidence: 0.10)
  📝 Reason: 5m: RSI oversold (21.9); 5m: MACD bearish; 15m: MACD bearish; 1h: MACD bearish

[12:57:27] Cycle 1407
  💰 Current Price: $0.26
  🎯 Signal: HOLD (confidence: 0.10)
  📝 Reason: 5m: RSI oversold (21.9); 5m: MACD bearish; 15m: MACD bearish; 1h: MACD bearish

[12:57:58] Cycle 1408
  💰 Current Price: $0.26
  🎯 Signal: HOLD (confidence: 0.10)
  📝 Reason: 5m: RSI oversold (22.2); 5m: MACD bearish; 15m: MACD bearish; 1h: MACD bearish

[12:58:29] Cycle 1409
  💰 Current Price: $0.26
  🎯 Signal: HOLD (confidence: 0.10)
  📝 Reason: 5m: RSI oversold (22.1); 5m: MACD bearish; 15m: MACD bearish; 1h: MACD bearish

[12:58:59] Cycle 1410
  💰 Current Price: $0.26
  🎯 Signal: HOLD (confidence: 0.10)
  📝 Reason: 5m: RSI oversold (22.1); 5m: MACD bearish; 15m: MACD bearish; 1h: MACD bearish

[12:59:30] Cycle 1411
  💰 Current Price: $0.26
  🎯 Signal: HOLD (confidence: 0.10)
  📝 Reason: 5m: RSI oversold (22.5); 5m: MACD bearish; 15m: MACD bearish; 1h: MACD bearish

[13:00:01] Cycle 1412
  💰 Current Price: $0.26
  🎯 Signal: HOLD (confidence: 0.10)
  📝 Reason: 5m: RSI oversold (16.1); 5m: MACD bearish; 15m: MACD bearish; 1h: MACD bearish

[13:00:32] Cycle 1413
  💰 Current Price: $0.26
  🎯 Signal: HOLD (confidence: 0.10)
  📝 Reason: 5m: RSI oversold (22.0); 5m: MACD bearish; 15m: MACD bearish; 1h: MACD bearish

[13:01:02] Cycle 1414
  💰 Current Price: $0.26
  🎯 Signal: HOLD (confidence: 0.10)
  📝 Reason: 5m: RSI oversold (22.0); 5m: MACD bearish; 15m: MACD bearish; 1h: MACD bearish

[13:01:33] Cycle 1415
  💰 Current Price: $0.26
  🎯 Signal: HOLD (confidence: 0.10)
  📝 Reason: 5m: RSI oversold (24.3); 5m: MACD bearish; 15m: MACD bearish; 1h: MACD bearish

[13:02:04] Cycle 1416
  💰 Current Price: $0.26
  🎯 Signal: HOLD (confidence: 0.10)
  📝 Reason: 5m: RSI oversold (24.3); 5m: MACD bearish; 15m: MACD bearish; 1h: MACD bearish

[13:02:35] Cycle 1417
  💰 Current Price: $0.26
  🎯 Signal: HOLD (confidence: 0.10)
  📝 Reason: 5m: RSI oversold (24.7); 5m: MACD bearish; 15m: MACD bearish; 1h: MACD bearish

[13:03:06] Cycle 1418
  💰 Current Price: $0.26
  🎯 Signal: HOLD (confidence: 0.10)
  📝 Reason: 5m: RSI oversold (24.7); 5m: MACD bearish; 15m: MACD bearish; 1h: MACD bearish

[13:03:37] Cycle 1419
  💰 Current Price: $0.26
  🎯 Signal: HOLD (confidence: 0.10)
  📝 Reason: 5m: RSI oversold (30.0); 5m: MACD bearish; 15m: MACD bearish; 1h: MACD bearish

[13:04:08] Cycle 1420
  💰 Current Price: $0.26
  🎯 Signal: SELL (confidence: 0.20)
  📝 Reason: 5m: MACD bearish; 15m: MACD bearish; 1h: MACD bearish; 4h: RSI oversold (25.8)
  ⚠️ Sell signal but no position

[13:04:39] Cycle 1421
  💰 Current Price: $0.26
  🎯 Signal: SELL (confidence: 0.20)
  📝 Reason: 5m: MACD bearish; 15m: MACD bearish; 1h: MACD bearish; 4h: RSI oversold (25.8)
  ⚠️ Sell signal but no position

[13:05:09] Cycle 1422
  💰 Current Price: $0.26
  🎯 Signal: SELL (confidence: 0.20)
  📝 Reason: 5m: MACD bearish; 15m: MACD bearish; 1h: MACD bearish; 4h: RSI oversold (25.8)
  ⚠️ Sell signal but no position

[13:05:40] Cycle 1423
  💰 Current Price: $0.26
  🎯 Signal: SELL (confidence: 0.20)
  📝 Reason: 5m: MACD bearish; 15m: MACD bearish; 1h: MACD bearish; 4h: RSI oversold (25.8)
  ⚠️ Sell signal but no position

[13:06:11] Cycle 1424
  💰 Current Price: $0.26
  🎯 Signal: SELL (confidence: 0.20)
  📝 Reason: 5m: MACD bearish; 15m: MACD bearish; 1h: MACD bearish; 4h: RSI oversold (25.8)
  ⚠️ Sell signal but no position

[13:06:42] Cycle 1425
  💰 Current Price: $0.26
  🎯 Signal: SELL (confidence: 0.20)
  📝 Reason: 5m: MACD bearish; 15m: MACD bearish; 1h: MACD bearish; 4h: RSI oversold (25.8)
  ⚠️ Sell signal but no position

[13:07:13] Cycle 1426
  💰 Current Price: $0.26
  🎯 Signal: SELL (confidence: 0.20)
  📝 Reason: 5m: MACD bearish; 15m: MACD bearish; 1h: MACD bearish; 4h: RSI oversold (25.8)
  ⚠️ Sell signal but no position

[13:07:44] Cycle 1427
  💰 Current Price: $0.26
  🎯 Signal: HOLD (confidence: 0.10)
  📝 Reason: 5m: RSI oversold (27.8); 5m: MACD bearish; 15m: MACD bearish; 1h: MACD bearish

[13:08:15] Cycle 1428
  💰 Current Price: $0.26
  🎯 Signal: HOLD (confidence: 0.10)
  📝 Reason: 5m: RSI oversold (27.8); 5m: MACD bearish; 15m: MACD bearish; 1h: MACD bearish

[13:08:46] Cycle 1429
  💰 Current Price: $0.26
  🎯 Signal: HOLD (confidence: 0.10)
  📝 Reason: 5m: RSI oversold (27.8); 5m: MACD bearish; 15m: MACD bearish; 1h: MACD bearish

[13:09:17] Cycle 1430
  💰 Current Price: $0.26
  🎯 Signal: HOLD (confidence: 0.10)
  📝 Reason: 5m: RSI oversold (27.8); 5m: MACD bearish; 15m: MACD bearish; 1h: MACD bearish

[13:09:48] Cycle 1431
  💰 Current Price: $0.26
  🎯 Signal: HOLD (confidence: 0.10)
  📝 Reason: 5m: RSI oversold (27.8); 5m: MACD bearish; 15m: MACD bearish; 1h: MACD bearish

[13:10:18] Cycle 1432
  💰 Current Price: $0.26
  🎯 Signal: SELL (confidence: 0.20)
  📝 Reason: 5m: MACD bearish; 15m: MACD bearish; 1h: MACD bearish; 4h: RSI oversold (25.4)
  ⚠️ Sell signal but no position

[13:10:49] Cycle 1433
  💰 Current Price: $0.26
  🎯 Signal: SELL (confidence: 0.20)
  📝 Reason: 5m: MACD bearish; 15m: MACD bearish; 1h: MACD bearish; 4h: RSI oversold (25.4)
  ⚠️ Sell signal but no position

[13:11:20] Cycle 1434
  💰 Current Price: $0.26
  🎯 Signal: SELL (confidence: 0.20)
  📝 Reason: 5m: MACD bearish; 15m: MACD bearish; 1h: MACD bearish; 4h: RSI oversold (25.4)
  ⚠️ Sell signal but no position
  📝 Reason: 5m: RSI oversold (27.8); 5m: MACD bearish; 15m: MACD bearish; 1h: MACD bearish

[13:09:17] Cycle 1434
  💰 Current Price: $0.26
  🎯 Signal: HOLD (confidence: 0.10)
  📝 Reason: 5m: RSI oversold (27.8); 5m: MACD bearish; 15m: MACD bearish; 1h: MACD bearish

[13:09:48] Cycle 1435
  💰 Current Price: $0.26
  🎯 Signal: HOLD (confidence: 0.10)
  📝 Reason: 5m: RSI oversold (27.8); 5m: MACD bearish; 15m: MACD bearish; 1h: MACD bearish

[13:10:18] Cycle 1436
  💰 Current Price: $0.26
  🎯 Signal: SELL (confidence: 0.20)
  📝 Reason: 5m: MACD bearish; 15m: MACD bearish; 1h: MACD bearish; 4h: RSI oversold (25.4)
  ⚠️ Sell signal but no position

[13:10:49] Cycle 1437
  💰 Current Price: $0.26
  🎯 Signal: SELL (confidence: 0.20)
  📝 Reason: 5m: MACD bearish; 15m: MACD bearish; 1h: MACD bearish; 4h: RSI oversold (25.4)
  ⚠️ Sell signal but no position

[13:11:20] Cycle 1438
  💰 Current Price: $0.26
  🎯 Signal: SELL (confidence: 0.20)
  📝 Reason: 5m: MACD bearish; 15m: MACD bearish; 1h: MACD bearish; 4h: RSI oversold (25.4)
  ⚠️ Sell signal but no position

[13:11:51] Cycle 1439
  💰 Current Price: $0.26
  🎯 Signal: SELL (confidence: 0.20)
  📝 Reason: 5m: MACD bearish; 15m: MACD bearish; 1h: MACD bearish; 4h: RSI oversold (25.5)
  ⚠️ Sell signal but no position

[13:12:22] Cycle 1440
  💰 Current Price: $0.26
  🎯 Signal: SELL (confidence: 0.20)
  📝 Reason: 5m: MACD bearish; 15m: MACD bearish; 1h: MACD bearish; 4h: RSI oversold (25.5)
  ⚠️ Sell signal but no position

[13:12:53] Cycle 1441
  💰 Current Price: $0.26
  🎯 Signal: SELL (confidence: 0.20)
  📝 Reason: 5m: MACD bearish; 15m: MACD bearish; 1h: MACD bearish; 4h: RSI oversold (25.5)
  ⚠️ Sell signal but no position

[13:13:23] Cycle 1442
  💰 Current Price: $0.26
  🎯 Signal: SELL (confidence: 0.20)
  📝 Reason: 5m: MACD bearish; 15m: MACD bearish; 1h: MACD bearish; 4h: RSI oversold (25.5)
  ⚠️ Sell signal but no position

[13:13:54] Cycle 1443
  💰 Current Price: $0.26
  🎯 Signal: SELL (confidence: 0.20)
  📝 Reason: 5m: MACD bearish; 15m: MACD bearish; 1h: MACD bearish; 4h: RSI oversold (25.5)
  ⚠️ Sell signal but no position

[13:14:25] Cycle 1444
  💰 Current Price: $0.26
  🎯 Signal: SELL (confidence: 0.20)
  📝 Reason: 5m: MACD bearish; 15m: MACD bearish; 1h: MACD bearish; 4h: RSI oversold (25.6)
  ⚠️ Sell signal but no position

[13:14:56] Cycle 1445
  💰 Current Price: $0.26
  🎯 Signal: SELL (confidence: 0.20)
  📝 Reason: 5m: MACD bearish; 15m: MACD bearish; 1h: MACD bearish; 4h: RSI oversold (25.6)
  ⚠️ Sell signal but no position

[13:15:27] Cycle 1446
  💰 Current Price: $0.26
  🎯 Signal: SELL (confidence: 0.20)
  📝 Reason: 5m: MACD bearish; 15m: MACD bearish; 1h: MACD bearish; 4h: RSI oversold (25.7)
  ⚠️ Sell signal but no position

[13:15:58] Cycle 1447
  💰 Current Price: $0.26
  🎯 Signal: SELL (confidence: 0.20)
  📝 Reason: 5m: MACD bearish; 15m: MACD bearish; 1h: MACD bearish; 4h: RSI oversold (25.7)
  ⚠️ Sell signal but no position

[13:16:29] Cycle 1448
  💰 Current Price: $0.26
  🎯 Signal: SELL (confidence: 0.20)
  📝 Reason: 5m: MACD bearish; 15m: MACD bearish; 1h: MACD bearish; 4h: RSI oversold (25.7)
  ⚠️ Sell signal but no position

[13:16:59] Cycle 1449
  💰 Current Price: $0.26
  🎯 Signal: SELL (confidence: 0.20)
  📝 Reason: 5m: MACD bearish; 15m: MACD bearish; 1h: MACD bearish; 4h: RSI oversold (25.7)
  ⚠️ Sell signal but no position

[13:17:30] Cycle 1450
  💰 Current Price: $0.26
  🎯 Signal: SELL (confidence: 0.20)
  📝 Reason: 5m: MACD bearish; 15m: MACD bearish; 1h: MACD bearish; 4h: RSI oversold (25.7)
  ⚠️ Sell signal but no position

[13:18:01] Cycle 1451
  💰 Current Price: $0.26
  🎯 Signal: SELL (confidence: 0.20)
  📝 Reason: 5m: MACD bearish; 15m: MACD bearish; 1h: MACD bearish; 4h: RSI oversold (25.8)
  ⚠️ Sell signal but no position

[13:18:32] Cycle 1452
  💰 Current Price: $0.26
  🎯 Signal: SELL (confidence: 0.20)
  📝 Reason: 5m: MACD bearish; 15m: MACD bearish; 1h: MACD bearish; 4h: RSI oversold (25.8)
  ⚠️ Sell signal but no position

[13:19:03] Cycle 1453
  💰 Current Price: $0.26
  🎯 Signal: SELL (confidence: 0.20)
  📝 Reason: 5m: MACD bearish; 15m: MACD bearish; 1h: MACD bearish; 4h: RSI oversold (25.8)
  ⚠️ Sell signal but no position

[13:19:34] Cycle 1454
  💰 Current Price: $0.26
  🎯 Signal: SELL (confidence: 0.20)
  📝 Reason: 5m: MACD bearish; 15m: MACD bearish; 1h: MACD bearish; 4h: RSI oversold (25.8)
  ⚠️ Sell signal but no position

[13:20:04] Cycle 1455
  💰 Current Price: $0.26
  🎯 Signal: SELL (confidence: 0.20)
  📝 Reason: 5m: MACD bearish; 15m: MACD bearish; 1h: MACD bearish; 4h: RSI oversold (25.5)
  ⚠️ Sell signal but no position

[13:20:35] Cycle 1456
  💰 Current Price: $0.26
  🎯 Signal: SELL (confidence: 0.20)
  📝 Reason: 5m: MACD bearish; 15m: MACD bearish; 1h: MACD bearish; 4h: RSI oversold (25.4)
  ⚠️ Sell signal but no position

[13:21:06] Cycle 1457
  💰 Current Price: $0.26
  🎯 Signal: SELL (confidence: 0.20)
  📝 Reason: 5m: MACD bearish; 15m: MACD bearish; 1h: MACD bearish; 4h: RSI oversold (25.4)
  ⚠️ Sell signal but no position

[13:21:37] Cycle 1458
  💰 Current Price: $0.26
  🎯 Signal: SELL (confidence: 0.20)
  📝 Reason: 5m: MACD bearish; 15m: MACD bearish; 1h: MACD bearish; 4h: RSI oversold (25.4)
  ⚠️ Sell signal but no position

[13:22:08] Cycle 1459
  💰 Current Price: $0.26
  🎯 Signal: SELL (confidence: 0.20)
  📝 Reason: 5m: MACD bearish; 15m: MACD bearish; 1h: MACD bearish; 4h: RSI oversold (25.5)
  ⚠️ Sell signal but no position

[13:22:39] Cycle 1460
  💰 Current Price: $0.26
  🎯 Signal: SELL (confidence: 0.20)
  📝 Reason: 5m: MACD bearish; 15m: MACD bearish; 1h: MACD bearish; 4h: RSI oversold (25.8)
  ⚠️ Sell signal but no position

[13:23:09] Cycle 1461
  💰 Current Price: $0.26
  🎯 Signal: SELL (confidence: 0.20)
  📝 Reason: 5m: MACD bearish; 15m: MACD bearish; 1h: MACD bearish; 4h: RSI oversold (25.8)
  ⚠️ Sell signal but no position

[13:23:40] Cycle 1462
  💰 Current Price: $0.26
  🎯 Signal: SELL (confidence: 0.20)
  📝 Reason: 5m: MACD bearish; 15m: MACD bearish; 1h: MACD bearish; 4h: RSI oversold (25.7)
  ⚠️ Sell signal but no position

[13:24:11] Cycle 1463
  💰 Current Price: $0.26
  🎯 Signal: SELL (confidence: 0.20)
  📝 Reason: 5m: MACD bearish; 15m: MACD bearish; 1h: MACD bearish; 4h: RSI oversold (25.7)
  ⚠️ Sell signal but no position

[13:24:42] Cycle 1464
  💰 Current Price: $0.26
  🎯 Signal: SELL (confidence: 0.20)
  📝 Reason: 5m: MACD bearish; 15m: MACD bearish; 1h: MACD bearish; 4h: RSI oversold (25.8)
  ⚠️ Sell signal but no position

[13:25:13] Cycle 1465
  💰 Current Price: $0.26
  🎯 Signal: SELL (confidence: 0.20)
  📝 Reason: 5m: MACD bearish; 15m: MACD bearish; 1h: MACD bearish; 4h: RSI oversold (25.8)
  ⚠️ Sell signal but no position

[13:25:44] Cycle 1466
  💰 Current Price: $0.26
  🎯 Signal: SELL (confidence: 0.20)
  📝 Reason: 5m: MACD bearish; 15m: MACD bearish; 1h: MACD bearish; 4h: RSI oversold (25.8)
  ⚠️ Sell signal but no position

[13:26:15] Cycle 1467
  💰 Current Price: $0.26
  🎯 Signal: SELL (confidence: 0.20)
  📝 Reason: 5m: MACD bearish; 15m: MACD bearish; 1h: MACD bearish; 4h: RSI oversold (25.8)
  ⚠️ Sell signal but no position

[13:26:46] Cycle 1468
  💰 Current Price: $0.26
  🎯 Signal: SELL (confidence: 0.20)
  📝 Reason: 5m: MACD bearish; 15m: MACD bearish; 1h: MACD bearish; 4h: RSI oversold (25.8)
  ⚠️ Sell signal but no position

[13:27:16] Cycle 1469
  💰 Current Price: $0.26
  🎯 Signal: SELL (confidence: 0.20)
  📝 Reason: 5m: MACD bearish; 15m: MACD bearish; 1h: MACD bearish; 4h: RSI oversold (25.8)
  ⚠️ Sell signal but no position

[13:27:47] Cycle 1470
  💰 Current Price: $0.26
  🎯 Signal: SELL (confidence: 0.20)
  📝 Reason: 5m: MACD bearish; 15m: MACD bearish; 1h: MACD bearish; 4h: RSI oversold (25.8)

[13:11:51] Cycle 1435
  💰 Current Price: $0.26
  🎯 Signal: SELL (confidence: 0.20)
  📝 Reason: 5m: MACD bearish; 15m: MACD bearish; 1h: MACD bearish; 4h: RSI oversold (25.5)
  ⚠️ Sell signal but no position

[13:12:22] Cycle 1436
  💰 Current Price: $0.26
  🎯 Signal: SELL (confidence: 0.20)
  📝 Reason: 5m: MACD bearish; 15m: MACD bearish; 1h: MACD bearish; 4h: RSI oversold (25.5)
  ⚠️ Sell signal but no position

[13:12:53] Cycle 1437
  💰 Current Price: $0.26
  🎯 Signal: SELL (confidence: 0.20)
  📝 Reason: 5m: MACD bearish; 15m: MACD bearish; 1h: MACD bearish; 4h: RSI oversold (25.5)
  ⚠️ Sell signal but no position

[13:13:23] Cycle 1438
  💰 Current Price: $0.26
  🎯 Signal: SELL (confidence: 0.20)
  📝 Reason: 5m: MACD bearish; 15m: MACD bearish; 1h: MACD bearish; 4h: RSI oversold (25.5)
  ⚠️ Sell signal but no position

[13:13:54] Cycle 1439
  💰 Current Price: $0.26
  🎯 Signal: SELL (confidence: 0.20)
  📝 Reason: 5m: MACD bearish; 15m: MACD bearish; 1h: MACD bearish; 4h: RSI oversold (25.5)
  ⚠️ Sell signal but no position

[13:14:25] Cycle 1440
  💰 Current Price: $0.26
  🎯 Signal: SELL (confidence: 0.20)
  📝 Reason: 5m: MACD bearish; 15m: MACD bearish; 1h: MACD bearish; 4h: RSI oversold (25.6)
  ⚠️ Sell signal but no position

[13:14:56] Cycle 1441
  💰 Current Price: $0.26
  🎯 Signal: SELL (confidence: 0.20)
  📝 Reason: 5m: MACD bearish; 15m: MACD bearish; 1h: MACD bearish; 4h: RSI oversold (25.6)
  ⚠️ Sell signal but no position

[13:15:27] Cycle 1442
  💰 Current Price: $0.26
  🎯 Signal: SELL (confidence: 0.20)
  📝 Reason: 5m: MACD bearish; 15m: MACD bearish; 1h: MACD bearish; 4h: RSI oversold (25.7)
  ⚠️ Sell signal but no position

[13:15:58] Cycle 1443
  💰 Current Price: $0.26
  🎯 Signal: SELL (confidence: 0.20)
  📝 Reason: 5m: MACD bearish; 15m: MACD bearish; 1h: MACD bearish; 4h: RSI oversold (25.7)
  ⚠️ Sell signal but no position

[13:16:29] Cycle 1444
  💰 Current Price: $0.26
  🎯 Signal: SELL (confidence: 0.20)
  📝 Reason: 5m: MACD bearish; 15m: MACD bearish; 1h: MACD bearish; 4h: RSI oversold (25.7)
  ⚠️ Sell signal but no position

[13:16:59] Cycle 1445
  💰 Current Price: $0.26
  🎯 Signal: SELL (confidence: 0.20)
  📝 Reason: 5m: MACD bearish; 15m: MACD bearish; 1h: MACD bearish; 4h: RSI oversold (25.7)
  ⚠️ Sell signal but no position

[13:17:30] Cycle 1446
  💰 Current Price: $0.26
  🎯 Signal: SELL (confidence: 0.20)
  📝 Reason: 5m: MACD bearish; 15m: MACD bearish; 1h: MACD bearish; 4h: RSI oversold (25.7)
  ⚠️ Sell signal but no position

[13:18:01] Cycle 1447
  💰 Current Price: $0.26
  🎯 Signal: SELL (confidence: 0.20)
  📝 Reason: 5m: MACD bearish; 15m: MACD bearish; 1h: MACD bearish; 4h: RSI oversold (25.8)
  ⚠️ Sell signal but no position

[13:18:32] Cycle 1448
  💰 Current Price: $0.26
  🎯 Signal: SELL (confidence: 0.20)
  📝 Reason: 5m: MACD bearish; 15m: MACD bearish; 1h: MACD bearish; 4h: RSI oversold (25.8)
  ⚠️ Sell signal but no position

[13:19:03] Cycle 1449
  💰 Current Price: $0.26
  🎯 Signal: SELL (confidence: 0.20)
  📝 Reason: 5m: MACD bearish; 15m: MACD bearish; 1h: MACD bearish; 4h: RSI oversold (25.8)
  ⚠️ Sell signal but no position

[13:19:34] Cycle 1450
  💰 Current Price: $0.26
  🎯 Signal: SELL (confidence: 0.20)
  📝 Reason: 5m: MACD bearish; 15m: MACD bearish; 1h: MACD bearish; 4h: RSI oversold (25.8)
  ⚠️ Sell signal but no position

[13:20:04] Cycle 1451
  💰 Current Price: $0.26
  🎯 Signal: SELL (confidence: 0.20)
  📝 Reason: 5m: MACD bearish; 15m: MACD bearish; 1h: MACD bearish; 4h: RSI oversold (25.5)
  ⚠️ Sell signal but no position

[13:20:35] Cycle 1452
  💰 Current Price: $0.26
  🎯 Signal: SELL (confidence: 0.20)
  📝 Reason: 5m: MACD bearish; 15m: MACD bearish; 1h: MACD bearish; 4h: RSI oversold (25.4)
  ⚠️ Sell signal but no position

[13:21:06] Cycle 1453
  💰 Current Price: $0.26
  🎯 Signal: SELL (confidence: 0.20)
  📝 Reason: 5m: MACD bearish; 15m: MACD bearish; 1h: MACD bearish; 4h: RSI oversold (25.4)
  ⚠️ Sell signal but no position

[13:21:37] Cycle 1454
  💰 Current Price: $0.26
  🎯 Signal: SELL (confidence: 0.20)
  📝 Reason: 5m: MACD bearish; 15m: MACD bearish; 1h: MACD bearish; 4h: RSI oversold (25.4)
  ⚠️ Sell signal but no position

[13:22:08] Cycle 1455
  💰 Current Price: $0.26
  🎯 Signal: SELL (confidence: 0.20)
  📝 Reason: 5m: MACD bearish; 15m: MACD bearish; 1h: MACD bearish; 4h: RSI oversold (25.5)
  ⚠️ Sell signal but no position

[13:22:39] Cycle 1456
  💰 Current Price: $0.26
  🎯 Signal: SELL (confidence: 0.20)
  📝 Reason: 5m: MACD bearish; 15m: MACD bearish; 1h: MACD bearish; 4h: RSI oversold (25.8)
  ⚠️ Sell signal but no position

[13:23:09] Cycle 1457
  💰 Current Price: $0.26
  🎯 Signal: SELL (confidence: 0.20)
  📝 Reason: 5m: MACD bearish; 15m: MACD bearish; 1h: MACD bearish; 4h: RSI oversold (25.8)
  ⚠️ Sell signal but no position

[13:23:40] Cycle 1458
  💰 Current Price: $0.26
  🎯 Signal: SELL (confidence: 0.20)
  📝 Reason: 5m: MACD bearish; 15m: MACD bearish; 1h: MACD bearish; 4h: RSI oversold (25.7)
  ⚠️ Sell signal but no position

[13:24:11] Cycle 1459
  💰 Current Price: $0.26
  🎯 Signal: SELL (confidence: 0.20)
  📝 Reason: 5m: MACD bearish; 15m: MACD bearish; 1h: MACD bearish; 4h: RSI oversold (25.7)
  ⚠️ Sell signal but no position

[13:24:42] Cycle 1460
  💰 Current Price: $0.26
  🎯 Signal: SELL (confidence: 0.20)
  📝 Reason: 5m: MACD bearish; 15m: MACD bearish; 1h: MACD bearish; 4h: RSI oversold (25.8)
  ⚠️ Sell signal but no position

[13:25:13] Cycle 1461
  💰 Current Price: $0.26
  🎯 Signal: SELL (confidence: 0.20)
  📝 Reason: 5m: MACD bearish; 15m: MACD bearish; 1h: MACD bearish; 4h: RSI oversold (25.8)
  ⚠️ Sell signal but no position

[13:25:44] Cycle 1462
  💰 Current Price: $0.26
  🎯 Signal: SELL (confidence: 0.20)
  📝 Reason: 5m: MACD bearish; 15m: MACD bearish; 1h: MACD bearish; 4h: RSI oversold (25.8)
  ⚠️ Sell signal but no position

[13:26:15] Cycle 1463
  💰 Current Price: $0.26
  🎯 Signal: SELL (confidence: 0.20)
  📝 Reason: 5m: MACD bearish; 15m: MACD bearish; 1h: MACD bearish; 4h: RSI oversold (25.8)
  ⚠️ Sell signal but no position

[13:26:46] Cycle 1464
  💰 Current Price: $0.26
  🎯 Signal: SELL (confidence: 0.20)
  📝 Reason: 5m: MACD bearish; 15m: MACD bearish; 1h: MACD bearish; 4h: RSI oversold (25.8)
  ⚠️ Sell signal but no position

[13:27:16] Cycle 1465
  💰 Current Price: $0.26
  🎯 Signal: SELL (confidence: 0.20)
  📝 Reason: 5m: MACD bearish; 15m: MACD bearish; 1h: MACD bearish; 4h: RSI oversold (25.8)
  ⚠️ Sell signal but no position

[13:27:47] Cycle 1466
  💰 Current Price: $0.26
  🎯 Signal: SELL (confidence: 0.20)
  📝 Reason: 5m: MACD bearish; 15m: MACD bearish; 1h: MACD bearish; 4h: RSI oversold (25.8)
  ⚠️ Sell signal but no position

[13:28:18] Cycle 1467
  💰 Current Price: $0.26
  🎯 Signal: SELL (confidence: 0.20)
  📝 Reason: 5m: MACD bearish; 15m: MACD bearish; 1h: MACD bearish; 4h: RSI oversold (25.8)
  ⚠️ Sell signal but no position

[13:28:49] Cycle 1468
  💰 Current Price: $0.26
  🎯 Signal: SELL (confidence: 0.20)
  📝 Reason: 5m: MACD bearish; 15m: MACD bearish; 1h: MACD bearish; 4h: RSI oversold (26.0)
  ⚠️ Sell signal but no position

[13:29:20] Cycle 1469
  💰 Current Price: $0.26
  🎯 Signal: SELL (confidence: 0.20)
  📝 Reason: 5m: MACD bearish; 15m: MACD bearish; 1h: MACD bearish; 4h: RSI oversold (25.9)
  ⚠️ Sell signal but no position

[13:29:51] Cycle 1470
  💰 Current Price: $0.26
  🎯 Signal: SELL (confidence: 0.20)
  📝 Reason: 5m: MACD bearish; 15m: MACD bearish; 1h: MACD bearish; 4h: RSI oversold (26.1)
  ⚠️ Sell signal but no position

[13:30:21] Cycle 1471
  💰 Current Price: $0.26
  🎯 Signal: SELL (confidence: 0.20)
  📝 Reason: 5m: MACD bearish; 15m: MACD bearish; 1h: MACD bearish; 4h: RSI oversold (25.9)
  ⚠️ Sell signal but no position
  ⚠️ Sell signal but no position

[13:28:18] Cycle 1471
  💰 Current Price: $0.26
  🎯 Signal: SELL (confidence: 0.20)
  📝 Reason: 5m: MACD bearish; 15m: MACD bearish; 1h: MACD bearish; 4h: RSI oversold (25.8)
  ⚠️ Sell signal but no position

[13:28:49] Cycle 1472
  💰 Current Price: $0.26
  🎯 Signal: SELL (confidence: 0.20)
  📝 Reason: 5m: MACD bearish; 15m: MACD bearish; 1h: MACD bearish; 4h: RSI oversold (26.0)
  ⚠️ Sell signal but no position

[13:29:20] Cycle 1473
  💰 Current Price: $0.26
  🎯 Signal: SELL (confidence: 0.20)
  📝 Reason: 5m: MACD bearish; 15m: MACD bearish; 1h: MACD bearish; 4h: RSI oversold (25.9)
  ⚠️ Sell signal but no position

[13:29:51] Cycle 1474
  💰 Current Price: $0.26
  🎯 Signal: SELL (confidence: 0.20)
  📝 Reason: 5m: MACD bearish; 15m: MACD bearish; 1h: MACD bearish; 4h: RSI oversold (26.1)
  ⚠️ Sell signal but no position

[13:30:21] Cycle 1475
  💰 Current Price: $0.26
  🎯 Signal: SELL (confidence: 0.20)
  📝 Reason: 5m: MACD bearish; 15m: MACD bearish; 1h: MACD bearish; 4h: RSI oversold (25.9)
  ⚠️ Sell signal but no position

[13:30:52] Cycle 1476
  💰 Current Price: $0.26
  🎯 Signal: SELL (confidence: 0.20)
  📝 Reason: 5m: MACD bearish; 15m: MACD bearish; 1h: MACD bearish; 4h: RSI oversold (25.9)
  ⚠️ Sell signal but no position

[13:31:23] Cycle 1477
  💰 Current Price: $0.26
  🎯 Signal: SELL (confidence: 0.20)
  📝 Reason: 5m: MACD bearish; 15m: MACD bearish; 1h: MACD bearish; 4h: RSI oversold (25.9)
  ⚠️ Sell signal but no position

[13:31:54] Cycle 1478
  💰 Current Price: $0.26
  🎯 Signal: SELL (confidence: 0.20)
  📝 Reason: 5m: MACD bearish; 15m: MACD bearish; 1h: MACD bearish; 4h: RSI oversold (26.1)
  ⚠️ Sell signal but no position

[13:32:25] Cycle 1479
  💰 Current Price: $0.26
  🎯 Signal: SELL (confidence: 0.20)
  📝 Reason: 5m: MACD bearish; 15m: MACD bearish; 1h: MACD bearish; 4h: RSI oversold (26.3)
  ⚠️ Sell signal but no position

[13:32:56] Cycle 1480
  💰 Current Price: $0.26
  🎯 Signal: SELL (confidence: 0.20)
  📝 Reason: 5m: MACD bearish; 15m: MACD bearish; 1h: MACD bearish; 4h: RSI oversold (26.3)
  ⚠️ Sell signal but no position

[13:33:26] Cycle 1481
  💰 Current Price: $0.26
  🎯 Signal: SELL (confidence: 0.20)
  📝 Reason: 5m: MACD bearish; 15m: MACD bearish; 1h: MACD bearish; 4h: RSI oversold (26.3)
  ⚠️ Sell signal but no position

[13:33:57] Cycle 1482
  💰 Current Price: $0.26
  🎯 Signal: SELL (confidence: 0.20)
  📝 Reason: 5m: MACD bearish; 15m: MACD bearish; 1h: MACD bearish; 4h: RSI oversold (26.3)
  ⚠️ Sell signal but no position

[13:34:28] Cycle 1483
  💰 Current Price: $0.26
  🎯 Signal: SELL (confidence: 0.20)
  📝 Reason: 5m: MACD bearish; 15m: MACD bearish; 1h: MACD bearish; 4h: RSI oversold (26.3)
  ⚠️ Sell signal but no position

[13:34:59] Cycle 1484
  💰 Current Price: $0.26
  🎯 Signal: SELL (confidence: 0.20)
  📝 Reason: 5m: MACD bearish; 15m: MACD bearish; 1h: MACD bearish; 4h: RSI oversold (26.0)
  ⚠️ Sell signal but no position

[13:35:30] Cycle 1485
  💰 Current Price: $0.26
  🎯 Signal: SELL (confidence: 0.20)
  📝 Reason: 5m: MACD bearish; 15m: MACD bearish; 1h: MACD bearish; 4h: RSI oversold (26.0)
  ⚠️ Sell signal but no position

[13:36:01] Cycle 1486
  💰 Current Price: $0.26
  🎯 Signal: SELL (confidence: 0.20)
  📝 Reason: 5m: MACD bearish; 15m: MACD bearish; 1h: MACD bearish; 4h: RSI oversold (26.0)
  ⚠️ Sell signal but no position

[13:36:32] Cycle 1487
  💰 Current Price: $0.26
  🎯 Signal: SELL (confidence: 0.20)
  📝 Reason: 5m: MACD bearish; 15m: MACD bearish; 1h: MACD bearish; 4h: RSI oversold (26.1)
  ⚠️ Sell signal but no position

[13:37:03] Cycle 1488
  💰 Current Price: $0.26
  🎯 Signal: SELL (confidence: 0.20)
  📝 Reason: 5m: MACD bearish; 15m: MACD bearish; 1h: MACD bearish; 4h: RSI oversold (26.1)
  ⚠️ Sell signal but no position

[13:37:33] Cycle 1489
  💰 Current Price: $0.26
  🎯 Signal: SELL (confidence: 0.20)
  📝 Reason: 5m: MACD bearish; 15m: MACD bearish; 1h: MACD bearish; 4h: RSI oversold (26.1)
  ⚠️ Sell signal but no position

[13:38:04] Cycle 1490
  💰 Current Price: $0.26
  🎯 Signal: SELL (confidence: 0.20)
  📝 Reason: 5m: MACD bearish; 15m: MACD bearish; 1h: MACD bearish; 4h: RSI oversold (26.1)
  ⚠️ Sell signal but no position

[13:38:35] Cycle 1491
  💰 Current Price: $0.26
  🎯 Signal: SELL (confidence: 0.20)
  📝 Reason: 5m: MACD bearish; 15m: MACD bearish; 1h: MACD bearish; 4h: RSI oversold (26.1)
  ⚠️ Sell signal but no position

[13:39:06] Cycle 1492
  💰 Current Price: $0.26
  🎯 Signal: SELL (confidence: 0.20)
  📝 Reason: 5m: MACD bearish; 15m: MACD bearish; 1h: MACD bearish; 4h: RSI oversold (25.8)
  ⚠️ Sell signal but no position

[13:39:37] Cycle 1493
  💰 Current Price: $0.26
  🎯 Signal: SELL (confidence: 0.20)
  📝 Reason: 5m: MACD bearish; 15m: MACD bearish; 1h: MACD bearish; 4h: RSI oversold (25.5)
  ⚠️ Sell signal but no position

[13:40:08] Cycle 1494
  💰 Current Price: $0.26
  🎯 Signal: SELL (confidence: 0.20)
  📝 Reason: 5m: MACD bearish; 15m: MACD bearish; 1h: MACD bearish; 4h: RSI oversold (25.7)
  ⚠️ Sell signal but no position

[13:40:39] Cycle 1495
  💰 Current Price: $0.26
  🎯 Signal: SELL (confidence: 0.20)
  📝 Reason: 5m: MACD bearish; 15m: MACD bearish; 1h: MACD bearish; 4h: RSI oversold (25.7)
  ⚠️ Sell signal but no position

[13:41:10] Cycle 1496
  💰 Current Price: $0.26
  🎯 Signal: SELL (confidence: 0.20)
  📝 Reason: 5m: MACD bearish; 15m: MACD bearish; 1h: MACD bearish; 4h: RSI oversold (25.7)
  ⚠️ Sell signal but no position

[13:41:41] Cycle 1497
  💰 Current Price: $0.26
  🎯 Signal: SELL (confidence: 0.20)
  📝 Reason: 5m: MACD bearish; 15m: MACD bearish; 1h: MACD bearish; 4h: RSI oversold (25.7)
  ⚠️ Sell signal but no position

[13:42:11] Cycle 1498
  💰 Current Price: $0.26
  🎯 Signal: SELL (confidence: 0.20)
  📝 Reason: 5m: MACD bearish; 15m: MACD bearish; 1h: MACD bearish; 4h: RSI oversold (25.9)
  ⚠️ Sell signal but no position

[13:42:42] Cycle 1499
  💰 Current Price: $0.26
  🎯 Signal: SELL (confidence: 0.20)
  📝 Reason: 5m: MACD bearish; 15m: MACD bearish; 1h: MACD bearish; 4h: RSI oversold (26.2)
  ⚠️ Sell signal but no position

[13:43:13] Cycle 1500
  💰 Current Price: $0.26
  🎯 Signal: SELL (confidence: 0.20)
  📝 Reason: 5m: MACD bearish; 15m: MACD bearish; 1h: MACD bearish; 4h: RSI oversold (26.2)
  ⚠️ Sell signal but no position

[13:43:44] Cycle 1501
  💰 Current Price: $0.26
  🎯 Signal: SELL (confidence: 0.20)
  📝 Reason: 5m: MACD bearish; 15m: MACD bearish; 1h: MACD bearish; 4h: RSI oversold (26.2)
  ⚠️ Sell signal but no position

[13:44:15] Cycle 1502
  💰 Current Price: $0.26
  🎯 Signal: SELL (confidence: 0.20)
  📝 Reason: 5m: MACD bearish; 15m: MACD bearish; 1h: MACD bearish; 4h: RSI oversold (26.0)
  ⚠️ Sell signal but no position

[13:44:46] Cycle 1503
  💰 Current Price: $0.26
  🎯 Signal: SELL (confidence: 0.20)
  📝 Reason: 5m: MACD bearish; 15m: MACD bearish; 1h: MACD bearish; 4h: RSI oversold (26.0)
  ⚠️ Sell signal but no position

[13:45:16] Cycle 1504
  💰 Current Price: $0.26
  🎯 Signal: SELL (confidence: 0.20)
  📝 Reason: 5m: MACD bearish; 15m: MACD bearish; 1h: MACD bearish; 4h: RSI oversold (25.9)
  ⚠️ Sell signal but no position

[13:45:47] Cycle 1505
  💰 Current Price: $0.26
  🎯 Signal: SELL (confidence: 0.20)
  📝 Reason: 5m: MACD bearish; 15m: MACD bearish; 1h: MACD bearish; 4h: RSI oversold (25.9)
  ⚠️ Sell signal but no position

[13:46:18] Cycle 1506
  💰 Current Price: $0.26
  🎯 Signal: SELL (confidence: 0.20)
  📝 Reason: 5m: MACD bearish; 15m: MACD bearish; 1h: MACD bearish; 4h: RSI oversold (25.9)
  ⚠️ Sell signal but no position

[13:46:49] Cycle 1507
  💰 Current Price: $0.26
  🎯 Signal: SELL (confidence: 0.20)
  📝 Reason: 5m: MACD bearish; 15m: MACD bearish; 1h: MACD bearish; 4h: RSI oversold (25.9)

[13:30:52] Cycle 1472
  💰 Current Price: $0.26
  🎯 Signal: SELL (confidence: 0.20)
  📝 Reason: 5m: MACD bearish; 15m: MACD bearish; 1h: MACD bearish; 4h: RSI oversold (25.9)
  ⚠️ Sell signal but no position

[13:31:23] Cycle 1473
  💰 Current Price: $0.26
  🎯 Signal: SELL (confidence: 0.20)
  📝 Reason: 5m: MACD bearish; 15m: MACD bearish; 1h: MACD bearish; 4h: RSI oversold (25.9)
  ⚠️ Sell signal but no position

[13:31:54] Cycle 1474
  💰 Current Price: $0.26
  🎯 Signal: SELL (confidence: 0.20)
  📝 Reason: 5m: MACD bearish; 15m: MACD bearish; 1h: MACD bearish; 4h: RSI oversold (26.1)
  ⚠️ Sell signal but no position

[13:32:25] Cycle 1475
  💰 Current Price: $0.26
  🎯 Signal: SELL (confidence: 0.20)
  📝 Reason: 5m: MACD bearish; 15m: MACD bearish; 1h: MACD bearish; 4h: RSI oversold (26.3)
  ⚠️ Sell signal but no position

[13:32:56] Cycle 1476
  💰 Current Price: $0.26
  🎯 Signal: SELL (confidence: 0.20)
  📝 Reason: 5m: MACD bearish; 15m: MACD bearish; 1h: MACD bearish; 4h: RSI oversold (26.3)
  ⚠️ Sell signal but no position

[13:33:26] Cycle 1477
  💰 Current Price: $0.26
  🎯 Signal: SELL (confidence: 0.20)
  📝 Reason: 5m: MACD bearish; 15m: MACD bearish; 1h: MACD bearish; 4h: RSI oversold (26.3)
  ⚠️ Sell signal but no position

[13:33:57] Cycle 1478
  💰 Current Price: $0.26
  🎯 Signal: SELL (confidence: 0.20)
  📝 Reason: 5m: MACD bearish; 15m: MACD bearish; 1h: MACD bearish; 4h: RSI oversold (26.3)
  ⚠️ Sell signal but no position

[13:34:28] Cycle 1479
  💰 Current Price: $0.26
  🎯 Signal: SELL (confidence: 0.20)
  📝 Reason: 5m: MACD bearish; 15m: MACD bearish; 1h: MACD bearish; 4h: RSI oversold (26.3)
  ⚠️ Sell signal but no position

[13:34:59] Cycle 1480
  💰 Current Price: $0.26
  🎯 Signal: SELL (confidence: 0.20)
  📝 Reason: 5m: MACD bearish; 15m: MACD bearish; 1h: MACD bearish; 4h: RSI oversold (26.0)
  ⚠️ Sell signal but no position

[13:35:30] Cycle 1481
  💰 Current Price: $0.26
  🎯 Signal: SELL (confidence: 0.20)
  📝 Reason: 5m: MACD bearish; 15m: MACD bearish; 1h: MACD bearish; 4h: RSI oversold (26.0)
  ⚠️ Sell signal but no position

[13:36:01] Cycle 1482
  💰 Current Price: $0.26
  🎯 Signal: SELL (confidence: 0.20)
  📝 Reason: 5m: MACD bearish; 15m: MACD bearish; 1h: MACD bearish; 4h: RSI oversold (26.0)
  ⚠️ Sell signal but no position

[13:36:32] Cycle 1483
  💰 Current Price: $0.26
  🎯 Signal: SELL (confidence: 0.20)
  📝 Reason: 5m: MACD bearish; 15m: MACD bearish; 1h: MACD bearish; 4h: RSI oversold (26.1)
  ⚠️ Sell signal but no position

[13:37:03] Cycle 1484
  💰 Current Price: $0.26
  🎯 Signal: SELL (confidence: 0.20)
  📝 Reason: 5m: MACD bearish; 15m: MACD bearish; 1h: MACD bearish; 4h: RSI oversold (26.1)
  ⚠️ Sell signal but no position

[13:37:33] Cycle 1485
  💰 Current Price: $0.26
  🎯 Signal: SELL (confidence: 0.20)
  📝 Reason: 5m: MACD bearish; 15m: MACD bearish; 1h: MACD bearish; 4h: RSI oversold (26.1)
  ⚠️ Sell signal but no position

[13:38:04] Cycle 1486
  💰 Current Price: $0.26
  🎯 Signal: SELL (confidence: 0.20)
  📝 Reason: 5m: MACD bearish; 15m: MACD bearish; 1h: MACD bearish; 4h: RSI oversold (26.1)
  ⚠️ Sell signal but no position

[13:38:35] Cycle 1487
  💰 Current Price: $0.26
  🎯 Signal: SELL (confidence: 0.20)
  📝 Reason: 5m: MACD bearish; 15m: MACD bearish; 1h: MACD bearish; 4h: RSI oversold (26.1)
  ⚠️ Sell signal but no position

[13:39:06] Cycle 1488
  💰 Current Price: $0.26
  🎯 Signal: SELL (confidence: 0.20)
  📝 Reason: 5m: MACD bearish; 15m: MACD bearish; 1h: MACD bearish; 4h: RSI oversold (25.8)
  ⚠️ Sell signal but no position

[13:39:37] Cycle 1489
  💰 Current Price: $0.26
  🎯 Signal: SELL (confidence: 0.20)
  📝 Reason: 5m: MACD bearish; 15m: MACD bearish; 1h: MACD bearish; 4h: RSI oversold (25.5)
  ⚠️ Sell signal but no position

[13:40:08] Cycle 1490
  💰 Current Price: $0.26
  🎯 Signal: SELL (confidence: 0.20)
  📝 Reason: 5m: MACD bearish; 15m: MACD bearish; 1h: MACD bearish; 4h: RSI oversold (25.7)
  ⚠️ Sell signal but no position

[13:40:39] Cycle 1491
  💰 Current Price: $0.26
  🎯 Signal: SELL (confidence: 0.20)
  📝 Reason: 5m: MACD bearish; 15m: MACD bearish; 1h: MACD bearish; 4h: RSI oversold (25.7)
  ⚠️ Sell signal but no position

[13:41:10] Cycle 1492
  💰 Current Price: $0.26
  🎯 Signal: SELL (confidence: 0.20)
  📝 Reason: 5m: MACD bearish; 15m: MACD bearish; 1h: MACD bearish; 4h: RSI oversold (25.7)
  ⚠️ Sell signal but no position

[13:41:41] Cycle 1493
  💰 Current Price: $0.26
  🎯 Signal: SELL (confidence: 0.20)
  📝 Reason: 5m: MACD bearish; 15m: MACD bearish; 1h: MACD bearish; 4h: RSI oversold (25.7)
  ⚠️ Sell signal but no position

[13:42:11] Cycle 1494
  💰 Current Price: $0.26
  🎯 Signal: SELL (confidence: 0.20)
  📝 Reason: 5m: MACD bearish; 15m: MACD bearish; 1h: MACD bearish; 4h: RSI oversold (25.9)
  ⚠️ Sell signal but no position

[13:42:42] Cycle 1495
  💰 Current Price: $0.26
  🎯 Signal: SELL (confidence: 0.20)
  📝 Reason: 5m: MACD bearish; 15m: MACD bearish; 1h: MACD bearish; 4h: RSI oversold (26.2)
  ⚠️ Sell signal but no position

[13:43:13] Cycle 1496
  💰 Current Price: $0.26
  🎯 Signal: SELL (confidence: 0.20)
  📝 Reason: 5m: MACD bearish; 15m: MACD bearish; 1h: MACD bearish; 4h: RSI oversold (26.2)
  ⚠️ Sell signal but no position

[13:43:44] Cycle 1497
  💰 Current Price: $0.26
  🎯 Signal: SELL (confidence: 0.20)
  📝 Reason: 5m: MACD bearish; 15m: MACD bearish; 1h: MACD bearish; 4h: RSI oversold (26.2)
  ⚠️ Sell signal but no position

[13:44:15] Cycle 1498
  💰 Current Price: $0.26
  🎯 Signal: SELL (confidence: 0.20)
  📝 Reason: 5m: MACD bearish; 15m: MACD bearish; 1h: MACD bearish; 4h: RSI oversold (26.0)
  ⚠️ Sell signal but no position

[13:44:46] Cycle 1499
  💰 Current Price: $0.26
  🎯 Signal: SELL (confidence: 0.20)
  📝 Reason: 5m: MACD bearish; 15m: MACD bearish; 1h: MACD bearish; 4h: RSI oversold (26.0)
  ⚠️ Sell signal but no position

[13:45:16] Cycle 1500
  💰 Current Price: $0.26
  🎯 Signal: SELL (confidence: 0.20)
  📝 Reason: 5m: MACD bearish; 15m: MACD bearish; 1h: MACD bearish; 4h: RSI oversold (25.9)
  ⚠️ Sell signal but no position

[13:45:47] Cycle 1501
  💰 Current Price: $0.26
  🎯 Signal: SELL (confidence: 0.20)
  📝 Reason: 5m: MACD bearish; 15m: MACD bearish; 1h: MACD bearish; 4h: RSI oversold (25.9)
  ⚠️ Sell signal but no position

[13:46:18] Cycle 1502
  💰 Current Price: $0.26
  🎯 Signal: SELL (confidence: 0.20)
  📝 Reason: 5m: MACD bearish; 15m: MACD bearish; 1h: MACD bearish; 4h: RSI oversold (25.9)
  ⚠️ Sell signal but no position

[13:46:49] Cycle 1503
  💰 Current Price: $0.26
  🎯 Signal: SELL (confidence: 0.20)
  📝 Reason: 5m: MACD bearish; 15m: MACD bearish; 1h: MACD bearish; 4h: RSI oversold (25.9)
  ⚠️ Sell signal but no position

[13:47:20] Cycle 1504
  💰 Current Price: $0.26
  🎯 Signal: SELL (confidence: 0.20)
  📝 Reason: 5m: MACD bearish; 15m: MACD bearish; 1h: MACD bearish; 4h: RSI oversold (25.9)
  ⚠️ Sell signal but no position

[13:47:51] Cycle 1505
  💰 Current Price: $0.26
  🎯 Signal: SELL (confidence: 0.20)
  📝 Reason: 5m: MACD bearish; 15m: MACD bearish; 1h: MACD bearish; 4h: RSI oversold (25.9)
  ⚠️ Sell signal but no position

[13:48:22] Cycle 1506
  💰 Current Price: $0.26
  🎯 Signal: SELL (confidence: 0.20)
  📝 Reason: 5m: MACD bearish; 15m: MACD bearish; 1h: MACD bearish; 4h: RSI oversold (25.9)
  ⚠️ Sell signal but no position

[13:48:52] Cycle 1507
  💰 Current Price: $0.26
  🎯 Signal: SELL (confidence: 0.20)
  📝 Reason: 5m: MACD bearish; 15m: MACD bearish; 1h: MACD bearish; 4h: RSI oversold (25.8)
  ⚠️ Sell signal but no position

[13:49:23] Cycle 1508
  💰 Current Price: $0.26
  🎯 Signal: SELL (confidence: 0.20)
  📝 Reason: 5m: MACD bearish; 15m: MACD bearish; 1h: MACD bearish; 4h: RSI oversold (25.8)
  ⚠️ Sell signal but no position
  ⚠️ Sell signal but no position

[13:47:20] Cycle 1508
  💰 Current Price: $0.26
  🎯 Signal: SELL (confidence: 0.20)
  📝 Reason: 5m: MACD bearish; 15m: MACD bearish; 1h: MACD bearish; 4h: RSI oversold (25.9)
  ⚠️ Sell signal but no position

[13:47:51] Cycle 1509
  💰 Current Price: $0.26
  🎯 Signal: SELL (confidence: 0.20)
  📝 Reason: 5m: MACD bearish; 15m: MACD bearish; 1h: MACD bearish; 4h: RSI oversold (25.9)
  ⚠️ Sell signal but no position

[13:48:22] Cycle 1510
  💰 Current Price: $0.26
  🎯 Signal: SELL (confidence: 0.20)
  📝 Reason: 5m: MACD bearish; 15m: MACD bearish; 1h: MACD bearish; 4h: RSI oversold (25.9)
  ⚠️ Sell signal but no position

[13:48:53] Cycle 1511
  💰 Current Price: $0.26
  🎯 Signal: SELL (confidence: 0.20)
  📝 Reason: 5m: MACD bearish; 15m: MACD bearish; 1h: MACD bearish; 4h: RSI oversold (25.8)
  ⚠️ Sell signal but no position

[13:49:23] Cycle 1512
  💰 Current Price: $0.26
  🎯 Signal: SELL (confidence: 0.20)
  📝 Reason: 5m: MACD bearish; 15m: MACD bearish; 1h: MACD bearish; 4h: RSI oversold (25.8)
  ⚠️ Sell signal but no position

[13:49:54] Cycle 1513
  💰 Current Price: $0.26
  🎯 Signal: SELL (confidence: 0.20)
  📝 Reason: 5m: MACD bearish; 15m: MACD bearish; 1h: MACD bearish; 4h: RSI oversold (25.8)
  ⚠️ Sell signal but no position

[13:50:25] Cycle 1514
  💰 Current Price: $0.26
  🎯 Signal: SELL (confidence: 0.20)
  📝 Reason: 5m: MACD bearish; 15m: MACD bearish; 1h: MACD bearish; 4h: RSI oversold (25.9)
  ⚠️ Sell signal but no position

[13:50:56] Cycle 1515
  💰 Current Price: $0.26
  🎯 Signal: SELL (confidence: 0.20)
  📝 Reason: 5m: MACD bearish; 15m: MACD bearish; 1h: MACD bearish; 4h: RSI oversold (25.9)
  ⚠️ Sell signal but no position

[13:51:27] Cycle 1516
  💰 Current Price: $0.26
  🎯 Signal: SELL (confidence: 0.20)
  📝 Reason: 5m: MACD bearish; 15m: MACD bearish; 1h: MACD bearish; 4h: RSI oversold (25.9)
  ⚠️ Sell signal but no position

[13:51:58] Cycle 1517
  💰 Current Price: $0.26
  🎯 Signal: SELL (confidence: 0.20)
  📝 Reason: 5m: MACD bearish; 15m: MACD bearish; 1h: MACD bearish; 4h: RSI oversold (26.0)
  ⚠️ Sell signal but no position

[13:52:29] Cycle 1518
  💰 Current Price: $0.26
  🎯 Signal: SELL (confidence: 0.20)
  📝 Reason: 5m: MACD bearish; 15m: MACD bearish; 1h: MACD bearish; 4h: RSI oversold (26.0)
  ⚠️ Sell signal but no position

[13:53:00] Cycle 1519
  💰 Current Price: $0.26
  🎯 Signal: SELL (confidence: 0.20)
  📝 Reason: 5m: MACD bearish; 15m: MACD bearish; 1h: MACD bearish; 4h: RSI oversold (26.0)
  ⚠️ Sell signal but no position

[13:53:30] Cycle 1520
  💰 Current Price: $0.26
  🎯 Signal: SELL (confidence: 0.20)
  📝 Reason: 5m: MACD bearish; 15m: MACD bearish; 1h: MACD bearish; 4h: RSI oversold (26.0)
  ⚠️ Sell signal but no position

[13:54:01] Cycle 1521
  💰 Current Price: $0.26
  🎯 Signal: SELL (confidence: 0.20)
  📝 Reason: 5m: MACD bearish; 15m: MACD bearish; 1h: MACD bearish; 4h: RSI oversold (25.7)
  ⚠️ Sell signal but no position

[13:54:32] Cycle 1522
  💰 Current Price: $0.26
  🎯 Signal: SELL (confidence: 0.20)
  📝 Reason: 5m: MACD bearish; 15m: MACD bearish; 1h: MACD bearish; 4h: RSI oversold (25.7)
  ⚠️ Sell signal but no position

[13:55:03] Cycle 1523
  💰 Current Price: $0.26
  🎯 Signal: SELL (confidence: 0.20)
  📝 Reason: 5m: MACD bearish; 15m: MACD bearish; 1h: MACD bearish; 4h: RSI oversold (25.7)
  ⚠️ Sell signal but no position

[13:55:34] Cycle 1524
  💰 Current Price: $0.26
  🎯 Signal: SELL (confidence: 0.20)
  📝 Reason: 5m: MACD bearish; 15m: MACD bearish; 1h: MACD bearish; 4h: RSI oversold (25.7)
  ⚠️ Sell signal but no position

[13:56:04] Cycle 1525
  💰 Current Price: $0.26
  🎯 Signal: SELL (confidence: 0.20)
  📝 Reason: 5m: MACD bearish; 15m: MACD bearish; 1h: MACD bearish; 4h: RSI oversold (25.7)
  ⚠️ Sell signal but no position

[13:56:35] Cycle 1526
  💰 Current Price: $0.26
  🎯 Signal: SELL (confidence: 0.20)
  📝 Reason: 5m: MACD bearish; 15m: MACD bearish; 1h: MACD bearish; 4h: RSI oversold (25.7)
  ⚠️ Sell signal but no position

[13:57:06] Cycle 1527
  💰 Current Price: $0.26
  🎯 Signal: SELL (confidence: 0.20)
  📝 Reason: 5m: MACD bearish; 15m: MACD bearish; 1h: MACD bearish; 4h: RSI oversold (25.7)
  ⚠️ Sell signal but no position

[13:57:37] Cycle 1528
  💰 Current Price: $0.26
  🎯 Signal: SELL (confidence: 0.20)
  📝 Reason: 5m: MACD bearish; 15m: MACD bearish; 1h: MACD bearish; 4h: RSI oversold (25.7)
  ⚠️ Sell signal but no position

[13:58:08] Cycle 1529
  💰 Current Price: $0.26
  🎯 Signal: SELL (confidence: 0.20)
  📝 Reason: 5m: MACD bearish; 15m: MACD bearish; 1h: MACD bearish; 4h: RSI oversold (25.7)
  ⚠️ Sell signal but no position

[13:58:39] Cycle 1530
  💰 Current Price: $0.26
  🎯 Signal: SELL (confidence: 0.20)
  📝 Reason: 5m: MACD bearish; 15m: MACD bearish; 1h: MACD bearish; 4h: RSI oversold (25.7)
  ⚠️ Sell signal but no position

[13:59:09] Cycle 1531
  💰 Current Price: $0.26
  🎯 Signal: SELL (confidence: 0.20)
  📝 Reason: 5m: MACD bearish; 15m: MACD bearish; 1h: MACD bearish; 4h: RSI oversold (25.9)
  ⚠️ Sell signal but no position

[13:59:40] Cycle 1532
  💰 Current Price: $0.26
  🎯 Signal: SELL (confidence: 0.20)
  📝 Reason: 5m: MACD bearish; 15m: MACD bearish; 1h: MACD bearish; 4h: RSI oversold (25.9)
  ⚠️ Sell signal but no position

[14:00:11] Cycle 1533
  💰 Current Price: $0.26
  🎯 Signal: SELL (confidence: 0.20)
  📝 Reason: 5m: MACD bearish; 15m: MACD bearish; 1h: MACD bearish; 4h: RSI oversold (25.8)
  ⚠️ Sell signal but no position

[14:00:42] Cycle 1534
  💰 Current Price: $0.26
  🎯 Signal: SELL (confidence: 0.20)
  📝 Reason: 5m: MACD bearish; 15m: MACD bearish; 1h: MACD bearish; 4h: RSI oversold (25.1)
  ⚠️ Sell signal but no position

[14:01:13] Cycle 1535
  💰 Current Price: $0.26
  🎯 Signal: SELL (confidence: 0.20)
  📝 Reason: 5m: MACD bearish; 15m: MACD bearish; 1h: MACD bearish; 4h: RSI oversold (24.9)
  ⚠️ Sell signal but no position

[14:01:44] Cycle 1536
  💰 Current Price: $0.26
  🎯 Signal: SELL (confidence: 0.20)
  📝 Reason: 5m: MACD bearish; 15m: MACD bearish; 1h: MACD bearish; 4h: RSI oversold (24.7)
  ⚠️ Sell signal but no position

[14:02:14] Cycle 1537
  💰 Current Price: $0.26
  🎯 Signal: BUY (confidence: 0.20)
  📝 Reason: 5m: RSI oversold (29.2); 5m: MACD bearish; 15m: MACD bearish; 1h: RSI oversold (28.7)

[14:02:45] Cycle 1538
  💰 Current Price: $0.25
  🎯 Signal: BUY (confidence: 0.30)
  📝 Reason: 5m: RSI oversold (22.3); 5m: MACD bearish; 15m: RSI oversold (27.7); 15m: MACD bearish

[14:03:16] Cycle 1539
  💰 Current Price: $0.25
  🎯 Signal: BUY (confidence: 0.40)
  📝 Reason: 5m: RSI oversold (23.7); 5m: MACD bearish; 15m: RSI oversold (29.0); 15m: MACD bearish

[14:03:47] Cycle 1540
  💰 Current Price: $0.25
  🎯 Signal: BUY (confidence: 0.40)
  📝 Reason: 5m: RSI oversold (23.8); 5m: MACD bearish; 15m: RSI oversold (29.0); 15m: MACD bearish

[14:04:18] Cycle 1541
  💰 Current Price: $0.25
  🎯 Signal: BUY (confidence: 0.40)
  📝 Reason: 5m: RSI oversold (23.9); 5m: MACD bearish; 15m: RSI oversold (29.1); 15m: MACD bearish

[14:04:49] Cycle 1542
  💰 Current Price: $0.25
  🎯 Signal: BUY (confidence: 0.40)
  📝 Reason: 5m: RSI oversold (24.4); 5m: MACD bearish; 15m: RSI oversold (29.5); 15m: MACD bearish

[14:05:20] Cycle 1543
  💰 Current Price: $0.25
  🎯 Signal: BUY (confidence: 0.25)
  📝 Reason: 5m: RSI oversold (21.6); 5m: MACD bearish; 15m: RSI oversold (26.5); 15m: MACD bearish

[14:05:51] Cycle 1544
  💰 Current Price: $0.25
  🎯 Signal: BUY (confidence: 0.25)
  📝 Reason: 5m: RSI oversold (21.9); 5m: MACD bearish; 15m: RSI oversold (26.8); 15m: MACD bearish

[14:06:21] Cycle 1545
  💰 Current Price: $0.25
  🎯 Signal: BUY (confidence: 0.30)
  📝 Reason: 5m: RSI oversold (22.4); 5m: MACD bearish; 15m: RSI oversold (27.2); 15m: MACD bearish

[14:06:52] Cycle 1546

[13:49:54] Cycle 1509
  💰 Current Price: $0.26
  🎯 Signal: SELL (confidence: 0.20)
  📝 Reason: 5m: MACD bearish; 15m: MACD bearish; 1h: MACD bearish; 4h: RSI oversold (25.8)
  ⚠️ Sell signal but no position

[13:50:25] Cycle 1510
  💰 Current Price: $0.26
  🎯 Signal: SELL (confidence: 0.20)
  📝 Reason: 5m: MACD bearish; 15m: MACD bearish; 1h: MACD bearish; 4h: RSI oversold (25.9)
  ⚠️ Sell signal but no position

[13:50:56] Cycle 1511
  💰 Current Price: $0.26
  🎯 Signal: SELL (confidence: 0.20)
  📝 Reason: 5m: MACD bearish; 15m: MACD bearish; 1h: MACD bearish; 4h: RSI oversold (25.9)
  ⚠️ Sell signal but no position

[13:51:27] Cycle 1512
  💰 Current Price: $0.26
  🎯 Signal: SELL (confidence: 0.20)
  📝 Reason: 5m: MACD bearish; 15m: MACD bearish; 1h: MACD bearish; 4h: RSI oversold (25.9)
  ⚠️ Sell signal but no position

[13:51:58] Cycle 1513
  💰 Current Price: $0.26
  🎯 Signal: SELL (confidence: 0.20)
  📝 Reason: 5m: MACD bearish; 15m: MACD bearish; 1h: MACD bearish; 4h: RSI oversold (26.0)
  ⚠️ Sell signal but no position

[13:52:29] Cycle 1514
  💰 Current Price: $0.26
  🎯 Signal: SELL (confidence: 0.20)
  📝 Reason: 5m: MACD bearish; 15m: MACD bearish; 1h: MACD bearish; 4h: RSI oversold (26.0)
  ⚠️ Sell signal but no position

[13:53:00] Cycle 1515
  💰 Current Price: $0.26
  🎯 Signal: SELL (confidence: 0.20)
  📝 Reason: 5m: MACD bearish; 15m: MACD bearish; 1h: MACD bearish; 4h: RSI oversold (26.0)
  ⚠️ Sell signal but no position

[13:53:30] Cycle 1516
  💰 Current Price: $0.26
  🎯 Signal: SELL (confidence: 0.20)
  📝 Reason: 5m: MACD bearish; 15m: MACD bearish; 1h: MACD bearish; 4h: RSI oversold (26.0)
  ⚠️ Sell signal but no position

[13:54:01] Cycle 1517
  💰 Current Price: $0.26
  🎯 Signal: SELL (confidence: 0.20)
  📝 Reason: 5m: MACD bearish; 15m: MACD bearish; 1h: MACD bearish; 4h: RSI oversold (25.7)
  ⚠️ Sell signal but no position

[13:54:32] Cycle 1518
  💰 Current Price: $0.26
  🎯 Signal: SELL (confidence: 0.20)
  📝 Reason: 5m: MACD bearish; 15m: MACD bearish; 1h: MACD bearish; 4h: RSI oversold (25.7)
  ⚠️ Sell signal but no position

[13:55:03] Cycle 1519
  💰 Current Price: $0.26
  🎯 Signal: SELL (confidence: 0.20)
  📝 Reason: 5m: MACD bearish; 15m: MACD bearish; 1h: MACD bearish; 4h: RSI oversold (25.7)
  ⚠️ Sell signal but no position

[13:55:34] Cycle 1520
  💰 Current Price: $0.26
  🎯 Signal: SELL (confidence: 0.20)
  📝 Reason: 5m: MACD bearish; 15m: MACD bearish; 1h: MACD bearish; 4h: RSI oversold (25.7)
  ⚠️ Sell signal but no position

[13:56:04] Cycle 1521
  💰 Current Price: $0.26
  🎯 Signal: SELL (confidence: 0.20)
  📝 Reason: 5m: MACD bearish; 15m: MACD bearish; 1h: MACD bearish; 4h: RSI oversold (25.7)
  ⚠️ Sell signal but no position

[13:56:35] Cycle 1522
  💰 Current Price: $0.26
  🎯 Signal: SELL (confidence: 0.20)
  📝 Reason: 5m: MACD bearish; 15m: MACD bearish; 1h: MACD bearish; 4h: RSI oversold (25.7)
  ⚠️ Sell signal but no position

[13:57:06] Cycle 1523
  💰 Current Price: $0.26
  🎯 Signal: SELL (confidence: 0.20)
  📝 Reason: 5m: MACD bearish; 15m: MACD bearish; 1h: MACD bearish; 4h: RSI oversold (25.7)
  ⚠️ Sell signal but no position

[13:57:37] Cycle 1524
  💰 Current Price: $0.26
  🎯 Signal: SELL (confidence: 0.20)
  📝 Reason: 5m: MACD bearish; 15m: MACD bearish; 1h: MACD bearish; 4h: RSI oversold (25.7)
  ⚠️ Sell signal but no position

[13:58:08] Cycle 1525
  💰 Current Price: $0.26
  🎯 Signal: SELL (confidence: 0.20)
  📝 Reason: 5m: MACD bearish; 15m: MACD bearish; 1h: MACD bearish; 4h: RSI oversold (25.7)
  ⚠️ Sell signal but no position

[13:58:39] Cycle 1526
  💰 Current Price: $0.26
  🎯 Signal: SELL (confidence: 0.20)
  📝 Reason: 5m: MACD bearish; 15m: MACD bearish; 1h: MACD bearish; 4h: RSI oversold (25.7)
  ⚠️ Sell signal but no position

[13:59:09] Cycle 1527
  💰 Current Price: $0.26
  🎯 Signal: SELL (confidence: 0.20)
  📝 Reason: 5m: MACD bearish; 15m: MACD bearish; 1h: MACD bearish; 4h: RSI oversold (25.9)
  ⚠️ Sell signal but no position

[13:59:40] Cycle 1528
  💰 Current Price: $0.26
  🎯 Signal: SELL (confidence: 0.20)
  📝 Reason: 5m: MACD bearish; 15m: MACD bearish; 1h: MACD bearish; 4h: RSI oversold (25.9)
  ⚠️ Sell signal but no position

[14:00:11] Cycle 1529
  💰 Current Price: $0.26
  🎯 Signal: SELL (confidence: 0.20)
  📝 Reason: 5m: MACD bearish; 15m: MACD bearish; 1h: MACD bearish; 4h: RSI oversold (25.8)
  ⚠️ Sell signal but no position

[14:00:42] Cycle 1530
  💰 Current Price: $0.26
  🎯 Signal: SELL (confidence: 0.20)
  📝 Reason: 5m: MACD bearish; 15m: MACD bearish; 1h: MACD bearish; 4h: RSI oversold (25.1)
  ⚠️ Sell signal but no position

[14:01:13] Cycle 1531
  💰 Current Price: $0.26
  🎯 Signal: SELL (confidence: 0.20)
  📝 Reason: 5m: MACD bearish; 15m: MACD bearish; 1h: MACD bearish; 4h: RSI oversold (24.9)
  ⚠️ Sell signal but no position

[14:01:44] Cycle 1532
  💰 Current Price: $0.26
  🎯 Signal: SELL (confidence: 0.20)
  📝 Reason: 5m: MACD bearish; 15m: MACD bearish; 1h: MACD bearish; 4h: RSI oversold (24.7)
  ⚠️ Sell signal but no position

[14:02:14] Cycle 1533
  💰 Current Price: $0.26
  🎯 Signal: BUY (confidence: 0.20)
  📝 Reason: 5m: RSI oversold (29.2); 5m: MACD bearish; 15m: MACD bearish; 1h: RSI oversold (28.7)

[14:02:45] Cycle 1534
  💰 Current Price: $0.25
  🎯 Signal: BUY (confidence: 0.30)
  📝 Reason: 5m: RSI oversold (22.3); 5m: MACD bearish; 15m: RSI oversold (27.7); 15m: MACD bearish

[14:03:16] Cycle 1535
  💰 Current Price: $0.25
  🎯 Signal: BUY (confidence: 0.40)
  📝 Reason: 5m: RSI oversold (23.7); 5m: MACD bearish; 15m: RSI oversold (29.0); 15m: MACD bearish

[14:03:47] Cycle 1536
  💰 Current Price: $0.25
  🎯 Signal: BUY (confidence: 0.40)
  📝 Reason: 5m: RSI oversold (23.8); 5m: MACD bearish; 15m: RSI oversold (29.0); 15m: MACD bearish

[14:04:18] Cycle 1537
  💰 Current Price: $0.25
  🎯 Signal: BUY (confidence: 0.40)
  📝 Reason: 5m: RSI oversold (23.9); 5m: MACD bearish; 15m: RSI oversold (29.1); 15m: MACD bearish

[14:04:49] Cycle 1538
  💰 Current Price: $0.25
  🎯 Signal: BUY (confidence: 0.40)
  📝 Reason: 5m: RSI oversold (24.4); 5m: MACD bearish; 15m: RSI oversold (29.5); 15m: MACD bearish

[14:05:20] Cycle 1539
  💰 Current Price: $0.25
  🎯 Signal: BUY (confidence: 0.25)
  📝 Reason: 5m: RSI oversold (21.6); 5m: MACD bearish; 15m: RSI oversold (26.5); 15m: MACD bearish

[14:05:51] Cycle 1540
  💰 Current Price: $0.25
  🎯 Signal: BUY (confidence: 0.25)
  📝 Reason: 5m: RSI oversold (21.9); 5m: MACD bearish; 15m: RSI oversold (26.8); 15m: MACD bearish

[14:06:21] Cycle 1541
  💰 Current Price: $0.25
  🎯 Signal: BUY (confidence: 0.30)
  📝 Reason: 5m: RSI oversold (22.4); 5m: MACD bearish; 15m: RSI oversold (27.2); 15m: MACD bearish

[14:06:52] Cycle 1542
  💰 Current Price: $0.25
  🎯 Signal: BUY (confidence: 0.30)
  📝 Reason: 5m: RSI oversold (23.2); 5m: MACD bearish; 15m: RSI oversold (27.9); 15m: MACD bearish

[14:07:23] Cycle 1543
  💰 Current Price: $0.25
  🎯 Signal: BUY (confidence: 0.25)
  📝 Reason: 5m: RSI oversold (22.3); 5m: MACD bearish; 15m: RSI oversold (27.2); 15m: MACD bearish

[14:07:54] Cycle 1544
  💰 Current Price: $0.25
  🎯 Signal: BUY (confidence: 0.30)
  📝 Reason: 5m: RSI oversold (22.4); 5m: MACD bearish; 15m: RSI oversold (27.2); 15m: MACD bearish

[14:08:25] Cycle 1545
  💰 Current Price: $0.25
  🎯 Signal: BUY (confidence: 0.30)
  📝 Reason: 5m: RSI oversold (22.4); 5m: MACD bearish; 15m: RSI oversold (27.2); 15m: MACD bearish

[14:08:56] Cycle 1546
  💰 Current Price: $0.25
  🎯 Signal: BUY (confidence: 0.25)
  📝 Reason: 5m: RSI oversold (22.1); 5m: MACD bearish; 15m: RSI oversold (27.0); 15m: MACD bearish

[14:09:27] Cycle 1547
  💰 Current Price: $0.25
  🎯 Signal: BUY (confidence: 0.25)
  📝 Reason: 5m: RSI oversold (21.8); 5m: MACD bearish; 15m: RSI oversold (26.7); 15m: MACD bearish

[14:09:58] Cycle 1548
  💰 Current Price: $0.25
  🎯 Signal: BUY (confidence: 0.30)
  📝 Reason: 5m: RSI oversold (23.2); 5m: MACD bearish; 15m: RSI oversold (27.9); 15m: MACD bearish

[14:07:23] Cycle 1547
  💰 Current Price: $0.25
  🎯 Signal: BUY (confidence: 0.25)
  📝 Reason: 5m: RSI oversold (22.3); 5m: MACD bearish; 15m: RSI oversold (27.2); 15m: MACD bearish

[14:07:54] Cycle 1548
  💰 Current Price: $0.25
  🎯 Signal: BUY (confidence: 0.30)
  📝 Reason: 5m: RSI oversold (22.4); 5m: MACD bearish; 15m: RSI oversold (27.2); 15m: MACD bearish

[14:08:25] Cycle 1549
  💰 Current Price: $0.25
  🎯 Signal: BUY (confidence: 0.30)
  📝 Reason: 5m: RSI oversold (22.4); 5m: MACD bearish; 15m: RSI oversold (27.2); 15m: MACD bearish

[14:08:56] Cycle 1550
  💰 Current Price: $0.25
  🎯 Signal: BUY (confidence: 0.25)
  📝 Reason: 5m: RSI oversold (22.1); 5m: MACD bearish; 15m: RSI oversold (27.0); 15m: MACD bearish

[14:09:27] Cycle 1551
  💰 Current Price: $0.25
  🎯 Signal: BUY (confidence: 0.25)
  📝 Reason: 5m: RSI oversold (21.8); 5m: MACD bearish; 15m: RSI oversold (26.7); 15m: MACD bearish

[14:09:58] Cycle 1552
  💰 Current Price: $0.25
  🎯 Signal: BUY (confidence: 0.25)
  📝 Reason: 5m: RSI oversold (21.5); 5m: MACD bearish; 15m: RSI oversold (26.5); 15m: MACD bearish

[14:10:28] Cycle 1553
  💰 Current Price: $0.25
  🎯 Signal: BUY (confidence: 0.30)
  📝 Reason: 5m: RSI oversold (19.6); 5m: MACD bearish; 15m: RSI oversold (27.4); 15m: MACD bearish

[14:10:59] Cycle 1554
  💰 Current Price: $0.25
  🎯 Signal: BUY (confidence: 0.25)
  📝 Reason: 5m: RSI oversold (18.7); 5m: MACD bearish; 15m: RSI oversold (27.2); 15m: MACD bearish

[14:11:30] Cycle 1555
  💰 Current Price: $0.25
  🎯 Signal: BUY (confidence: 0.25)
  📝 Reason: 5m: RSI oversold (18.4); 5m: MACD bearish; 15m: RSI oversold (27.1); 15m: MACD bearish

[14:12:01] Cycle 1556
  💰 Current Price: $0.25
  🎯 Signal: BUY (confidence: 0.25)
  📝 Reason: 5m: RSI oversold (15.2); 5m: MACD bearish; 15m: RSI oversold (26.1); 15m: MACD bearish

[14:12:32] Cycle 1557
  💰 Current Price: $0.25
  🎯 Signal: BUY (confidence: 0.25)
  📝 Reason: 5m: RSI oversold (15.9); 5m: MACD bearish; 15m: RSI oversold (26.5); 15m: MACD bearish

[14:13:03] Cycle 1558
  💰 Current Price: $0.25
  🎯 Signal: BUY (confidence: 0.25)
  📝 Reason: 5m: RSI oversold (15.9); 5m: MACD bearish; 15m: RSI oversold (26.5); 15m: MACD bearish

[14:13:34] Cycle 1559
  💰 Current Price: $0.25
  🎯 Signal: BUY (confidence: 0.25)
  📝 Reason: 5m: RSI oversold (15.7); 5m: MACD bearish; 15m: RSI oversold (26.5); 15m: MACD bearish

[14:14:05] Cycle 1560
  💰 Current Price: $0.25
  🎯 Signal: BUY (confidence: 0.25)
  📝 Reason: 5m: RSI oversold (15.2); 5m: MACD bearish; 15m: RSI oversold (26.1); 15m: MACD bearish

[14:14:35] Cycle 1561
  💰 Current Price: $0.25
  🎯 Signal: BUY (confidence: 0.25)
  📝 Reason: 5m: RSI oversold (16.3); 5m: MACD bearish; 15m: RSI oversold (26.6); 15m: MACD bearish

[14:15:06] Cycle 1562
  💰 Current Price: $0.25
  🎯 Signal: BUY (confidence: 0.25)
  📝 Reason: 5m: RSI oversold (18.2); 5m: MACD bearish; 15m: RSI oversold (26.8); 15m: MACD bearish

[14:15:37] Cycle 1563
  💰 Current Price: $0.25
  🎯 Signal: BUY (confidence: 0.25)
  📝 Reason: 5m: RSI oversold (17.4); 5m: MACD bearish; 15m: RSI oversold (26.0); 15m: MACD bearish

[14:16:08] Cycle 1564
  💰 Current Price: $0.25
  🎯 Signal: BUY (confidence: 0.25)
  📝 Reason: 5m: RSI oversold (17.7); 5m: MACD bearish; 15m: RSI oversold (26.3); 15m: MACD bearish

[14:16:39] Cycle 1565
  💰 Current Price: $0.25
  🎯 Signal: BUY (confidence: 0.25)
  📝 Reason: 5m: RSI oversold (17.6); 5m: MACD bearish; 15m: RSI oversold (26.3); 15m: MACD bearish

[14:17:09] Cycle 1566
  💰 Current Price: $0.25
  🎯 Signal: BUY (confidence: 0.25)
  📝 Reason: 5m: RSI oversold (18.1); 5m: MACD bearish; 15m: RSI oversold (26.7); 15m: MACD bearish

[14:17:40] Cycle 1567
  💰 Current Price: $0.25
  🎯 Signal: BUY (confidence: 0.25)
  📝 Reason: 5m: RSI oversold (18.1); 5m: MACD bearish; 15m: RSI oversold (26.8); 15m: MACD bearish

[14:18:11] Cycle 1568
  💰 Current Price: $0.25
  🎯 Signal: BUY (confidence: 0.25)
  📝 Reason: 5m: RSI oversold (18.3); 5m: MACD bearish; 15m: RSI oversold (26.9); 15m: MACD bearish

[14:18:42] Cycle 1569
  💰 Current Price: $0.25
  🎯 Signal: BUY (confidence: 0.25)
  📝 Reason: 5m: RSI oversold (18.3); 5m: MACD bearish; 15m: RSI oversold (27.0); 15m: MACD bearish

[14:19:13] Cycle 1570
  💰 Current Price: $0.25
  🎯 Signal: BUY (confidence: 0.25)
  📝 Reason: 5m: RSI oversold (18.3); 5m: MACD bearish; 15m: RSI oversold (26.9); 15m: MACD bearish

[14:19:44] Cycle 1571
  💰 Current Price: $0.25
  🎯 Signal: BUY (confidence: 0.28)
  📝 Reason: 5m: RSI oversold (18.8); 5m: MACD bearish; 15m: RSI oversold (27.2); 15m: MACD bearish

[14:20:14] Cycle 1572
  💰 Current Price: $0.25
  🎯 Signal: BUY (confidence: 0.28)
  📝 Reason: 5m: RSI oversold (17.1); 5m: MACD bearish; 15m: RSI oversold (27.7); 15m: MACD bearish

[14:20:45] Cycle 1573
  💰 Current Price: $0.25
  🎯 Signal: BUY (confidence: 0.28)
  📝 Reason: 5m: RSI oversold (16.2); 5m: MACD bearish; 15m: RSI oversold (26.4); 15m: MACD bearish

[14:21:16] Cycle 1574
  💰 Current Price: $0.25
  🎯 Signal: BUY (confidence: 0.28)
  📝 Reason: 5m: RSI oversold (15.9); 5m: MACD bearish; 15m: RSI oversold (26.0); 15m: MACD bearish

[14:21:47] Cycle 1575
  💰 Current Price: $0.25
  🎯 Signal: BUY (confidence: 0.28)
  📝 Reason: 5m: RSI oversold (15.9); 5m: MACD bearish; 15m: RSI oversold (26.0); 15m: MACD bearish

[14:22:18] Cycle 1576
  💰 Current Price: $0.25
  🎯 Signal: BUY (confidence: 0.28)
  📝 Reason: 5m: RSI oversold (16.2); 5m: MACD bearish; 15m: RSI oversold (26.3); 15m: MACD bearish

[14:22:49] Cycle 1577
  💰 Current Price: $0.25
  🎯 Signal: BUY (confidence: 0.28)
  📝 Reason: 5m: RSI oversold (16.3); 5m: MACD bearish; 15m: RSI oversold (26.4); 15m: MACD bearish

[14:23:20] Cycle 1578
  💰 Current Price: $0.25
  🎯 Signal: BUY (confidence: 0.28)
  📝 Reason: 5m: RSI oversold (16.7); 5m: MACD bearish; 15m: RSI oversold (26.9); 15m: MACD bearish

[14:23:50] Cycle 1579
  💰 Current Price: $0.25
  🎯 Signal: BUY (confidence: 0.28)
  📝 Reason: 5m: RSI oversold (16.7); 5m: MACD bearish; 15m: RSI oversold (26.9); 15m: MACD bearish

[14:24:21] Cycle 1580
  💰 Current Price: $0.25
  🎯 Signal: BUY (confidence: 0.28)
  📝 Reason: 5m: RSI oversold (16.6); 5m: MACD bearish; 15m: RSI oversold (26.8); 15m: MACD bearish

[14:24:52] Cycle 1581
  💰 Current Price: $0.25
  🎯 Signal: BUY (confidence: 0.28)
  📝 Reason: 5m: RSI oversold (16.8); 5m: MACD bearish; 15m: RSI oversold (27.0); 15m: MACD bearish

[14:25:23] Cycle 1582
  💰 Current Price: $0.25
  🎯 Signal: BUY (confidence: 0.28)
  📝 Reason: 5m: RSI oversold (15.9); 5m: MACD bearish; 15m: RSI oversold (26.8); 15m: MACD bearish

[14:25:54] Cycle 1583
  💰 Current Price: $0.25
  🎯 Signal: BUY (confidence: 0.28)
  📝 Reason: 5m: RSI oversold (15.9); 5m: MACD bearish; 15m: RSI oversold (26.8); 15m: MACD bearish

[14:26:25] Cycle 1584
  💰 Current Price: $0.25
  🎯 Signal: BUY (confidence: 0.28)
  📝 Reason: 5m: RSI oversold (15.9); 5m: MACD bearish; 15m: RSI oversold (26.8); 15m: MACD bearish

[14:26:56] Cycle 1585
  💰 Current Price: $0.25
  🎯 Signal: BUY (confidence: 0.28)
  📝 Reason: 5m: RSI oversold (17.8); 5m: MACD bearish; 15m: RSI oversold (27.9); 15m: MACD bearish

[14:27:27] Cycle 1586
  💰 Current Price: $0.25
  🎯 Signal: BUY (confidence: 0.28)
  📝 Reason: 5m: RSI oversold (16.1); 5m: MACD bearish; 15m: RSI oversold (27.0); 15m: MACD bearish

[14:27:58] Cycle 1587
  💰 Current Price: $0.25
  🎯 Signal: BUY (confidence: 0.28)
  📝 Reason: 5m: RSI oversold (16.1); 5m: MACD bearish; 15m: RSI oversold (27.0); 15m: MACD bearish

[14:28:28] Cycle 1588
  💰 Current Price: $0.25
  🎯 Signal: BUY (confidence: 0.28)
  📝 Reason: 5m: RSI oversold (15.9); 5m: MACD bearish; 15m: RSI oversold (26.9); 15m: MACD bearish
  💰 Current Price: $0.25
  🎯 Signal: BUY (confidence: 0.25)
  📝 Reason: 5m: RSI oversold (21.5); 5m: MACD bearish; 15m: RSI oversold (26.5); 15m: MACD bearish

[14:10:28] Cycle 1549
  💰 Current Price: $0.25
  🎯 Signal: BUY (confidence: 0.30)
  📝 Reason: 5m: RSI oversold (19.6); 5m: MACD bearish; 15m: RSI oversold (27.4); 15m: MACD bearish

[14:10:59] Cycle 1550
  💰 Current Price: $0.25
  🎯 Signal: BUY (confidence: 0.25)
  📝 Reason: 5m: RSI oversold (18.7); 5m: MACD bearish; 15m: RSI oversold (27.2); 15m: MACD bearish

[14:11:30] Cycle 1551
  💰 Current Price: $0.25
  🎯 Signal: BUY (confidence: 0.25)
  📝 Reason: 5m: RSI oversold (18.4); 5m: MACD bearish; 15m: RSI oversold (27.1); 15m: MACD bearish

[14:12:01] Cycle 1552
  💰 Current Price: $0.25
  🎯 Signal: BUY (confidence: 0.25)
  📝 Reason: 5m: RSI oversold (15.2); 5m: MACD bearish; 15m: RSI oversold (26.1); 15m: MACD bearish

[14:12:32] Cycle 1553
  💰 Current Price: $0.25
  🎯 Signal: BUY (confidence: 0.25)
  📝 Reason: 5m: RSI oversold (15.9); 5m: MACD bearish; 15m: RSI oversold (26.5); 15m: MACD bearish

[14:13:03] Cycle 1554
  💰 Current Price: $0.25
  🎯 Signal: BUY (confidence: 0.25)
  📝 Reason: 5m: RSI oversold (15.9); 5m: MACD bearish; 15m: RSI oversold (26.5); 15m: MACD bearish

[14:13:34] Cycle 1555
  💰 Current Price: $0.25
  🎯 Signal: BUY (confidence: 0.25)
  📝 Reason: 5m: RSI oversold (15.7); 5m: MACD bearish; 15m: RSI oversold (26.5); 15m: MACD bearish

[14:14:05] Cycle 1556
  💰 Current Price: $0.25
  🎯 Signal: BUY (confidence: 0.25)
  📝 Reason: 5m: RSI oversold (15.2); 5m: MACD bearish; 15m: RSI oversold (26.1); 15m: MACD bearish

[14:14:35] Cycle 1557
  💰 Current Price: $0.25
  🎯 Signal: BUY (confidence: 0.25)
  📝 Reason: 5m: RSI oversold (16.3); 5m: MACD bearish; 15m: RSI oversold (26.6); 15m: MACD bearish

[14:15:06] Cycle 1558
  💰 Current Price: $0.25
  🎯 Signal: BUY (confidence: 0.25)
  📝 Reason: 5m: RSI oversold (18.2); 5m: MACD bearish; 15m: RSI oversold (26.8); 15m: MACD bearish

[14:15:37] Cycle 1559
  💰 Current Price: $0.25
  🎯 Signal: BUY (confidence: 0.25)
  📝 Reason: 5m: RSI oversold (17.4); 5m: MACD bearish; 15m: RSI oversold (26.0); 15m: MACD bearish

[14:16:08] Cycle 1560
  💰 Current Price: $0.25
  🎯 Signal: BUY (confidence: 0.25)
  📝 Reason: 5m: RSI oversold (17.7); 5m: MACD bearish; 15m: RSI oversold (26.3); 15m: MACD bearish

[14:16:39] Cycle 1561
  💰 Current Price: $0.25
  🎯 Signal: BUY (confidence: 0.25)
  📝 Reason: 5m: RSI oversold (17.6); 5m: MACD bearish; 15m: RSI oversold (26.3); 15m: MACD bearish

[14:17:09] Cycle 1562
  💰 Current Price: $0.25
  🎯 Signal: BUY (confidence: 0.25)
  📝 Reason: 5m: RSI oversold (18.1); 5m: MACD bearish; 15m: RSI oversold (26.7); 15m: MACD bearish

[14:17:40] Cycle 1563
  💰 Current Price: $0.25
  🎯 Signal: BUY (confidence: 0.25)
  📝 Reason: 5m: RSI oversold (18.1); 5m: MACD bearish; 15m: RSI oversold (26.8); 15m: MACD bearish

[14:18:11] Cycle 1564
  💰 Current Price: $0.25
  🎯 Signal: BUY (confidence: 0.25)
  📝 Reason: 5m: RSI oversold (18.3); 5m: MACD bearish; 15m: RSI oversold (26.9); 15m: MACD bearish

[14:18:42] Cycle 1565
  💰 Current Price: $0.25
  🎯 Signal: BUY (confidence: 0.25)
  📝 Reason: 5m: RSI oversold (18.3); 5m: MACD bearish; 15m: RSI oversold (27.0); 15m: MACD bearish

[14:19:13] Cycle 1566
  💰 Current Price: $0.25
  🎯 Signal: BUY (confidence: 0.25)
  📝 Reason: 5m: RSI oversold (18.3); 5m: MACD bearish; 15m: RSI oversold (26.9); 15m: MACD bearish

[14:19:44] Cycle 1567
  💰 Current Price: $0.25
  🎯 Signal: BUY (confidence: 0.28)
  📝 Reason: 5m: RSI oversold (18.8); 5m: MACD bearish; 15m: RSI oversold (27.2); 15m: MACD bearish

[14:20:14] Cycle 1568
  💰 Current Price: $0.25
  🎯 Signal: BUY (confidence: 0.28)
  📝 Reason: 5m: RSI oversold (17.1); 5m: MACD bearish; 15m: RSI oversold (27.7); 15m: MACD bearish

[14:20:45] Cycle 1569
  💰 Current Price: $0.25
  🎯 Signal: BUY (confidence: 0.28)
  📝 Reason: 5m: RSI oversold (16.2); 5m: MACD bearish; 15m: RSI oversold (26.4); 15m: MACD bearish

[14:21:16] Cycle 1570
  💰 Current Price: $0.25
  🎯 Signal: BUY (confidence: 0.28)
  📝 Reason: 5m: RSI oversold (15.9); 5m: MACD bearish; 15m: RSI oversold (26.0); 15m: MACD bearish

[14:21:47] Cycle 1571
  💰 Current Price: $0.25
  🎯 Signal: BUY (confidence: 0.28)
  📝 Reason: 5m: RSI oversold (15.9); 5m: MACD bearish; 15m: RSI oversold (26.0); 15m: MACD bearish

[14:22:18] Cycle 1572
  💰 Current Price: $0.25
  🎯 Signal: BUY (confidence: 0.28)
  📝 Reason: 5m: RSI oversold (16.2); 5m: MACD bearish; 15m: RSI oversold (26.3); 15m: MACD bearish

[14:22:49] Cycle 1573
  💰 Current Price: $0.25
  🎯 Signal: BUY (confidence: 0.28)
  📝 Reason: 5m: RSI oversold (16.3); 5m: MACD bearish; 15m: RSI oversold (26.4); 15m: MACD bearish

[14:23:20] Cycle 1574
  💰 Current Price: $0.25
  🎯 Signal: BUY (confidence: 0.28)
  📝 Reason: 5m: RSI oversold (16.7); 5m: MACD bearish; 15m: RSI oversold (26.9); 15m: MACD bearish

[14:23:50] Cycle 1575
  💰 Current Price: $0.25
  🎯 Signal: BUY (confidence: 0.28)
  📝 Reason: 5m: RSI oversold (16.7); 5m: MACD bearish; 15m: RSI oversold (26.9); 15m: MACD bearish

[14:24:21] Cycle 1576
  💰 Current Price: $0.25
  🎯 Signal: BUY (confidence: 0.28)
  📝 Reason: 5m: RSI oversold (16.6); 5m: MACD bearish; 15m: RSI oversold (26.8); 15m: MACD bearish

[14:24:52] Cycle 1577
  💰 Current Price: $0.25
  🎯 Signal: BUY (confidence: 0.28)
  📝 Reason: 5m: RSI oversold (16.8); 5m: MACD bearish; 15m: RSI oversold (27.0); 15m: MACD bearish

[14:25:23] Cycle 1578
  💰 Current Price: $0.25
  🎯 Signal: BUY (confidence: 0.28)
  📝 Reason: 5m: RSI oversold (15.9); 5m: MACD bearish; 15m: RSI oversold (26.8); 15m: MACD bearish

[14:25:54] Cycle 1579
  💰 Current Price: $0.25
  🎯 Signal: BUY (confidence: 0.28)
  📝 Reason: 5m: RSI oversold (15.9); 5m: MACD bearish; 15m: RSI oversold (26.8); 15m: MACD bearish

[14:26:25] Cycle 1580
  💰 Current Price: $0.25
  🎯 Signal: BUY (confidence: 0.28)
  📝 Reason: 5m: RSI oversold (15.9); 5m: MACD bearish; 15m: RSI oversold (26.8); 15m: MACD bearish

[14:26:56] Cycle 1581
  💰 Current Price: $0.25
  🎯 Signal: BUY (confidence: 0.28)
  📝 Reason: 5m: RSI oversold (17.8); 5m: MACD bearish; 15m: RSI oversold (27.9); 15m: MACD bearish

[14:27:27] Cycle 1582
  💰 Current Price: $0.25
  🎯 Signal: BUY (confidence: 0.28)
  📝 Reason: 5m: RSI oversold (16.1); 5m: MACD bearish; 15m: RSI oversold (27.0); 15m: MACD bearish

[14:27:58] Cycle 1583
  💰 Current Price: $0.25
  🎯 Signal: BUY (confidence: 0.28)
  📝 Reason: 5m: RSI oversold (16.1); 5m: MACD bearish; 15m: RSI oversold (27.0); 15m: MACD bearish

[14:28:28] Cycle 1584
  💰 Current Price: $0.25
  🎯 Signal: BUY (confidence: 0.28)
  📝 Reason: 5m: RSI oversold (15.9); 5m: MACD bearish; 15m: RSI oversold (26.9); 15m: MACD bearish

[14:28:59] Cycle 1585
  💰 Current Price: $0.25
  🎯 Signal: BUY (confidence: 0.28)
  📝 Reason: 5m: RSI oversold (15.9); 5m: MACD bearish; 15m: RSI oversold (26.9); 15m: MACD bearish

[14:29:31] Cycle 1586
  💰 Current Price: $0.25
  🎯 Signal: BUY (confidence: 0.28)
  📝 Reason: 5m: RSI oversold (15.7); 5m: MACD bearish; 15m: RSI oversold (26.6); 15m: MACD bearish

[14:30:01] Cycle 1587
  💰 Current Price: $0.25
  🎯 Signal: BUY (confidence: 0.28)
  📝 Reason: 5m: RSI oversold (14.3); 5m: MACD bearish; 15m: RSI oversold (15.3); 15m: MACD bearish

[14:30:32] Cycle 1588
  💰 Current Price: $0.25
  🎯 Signal: BUY (confidence: 0.28)
  📝 Reason: 5m: RSI oversold (14.3); 5m: MACD bearish; 15m: RSI oversold (15.3); 15m: MACD bearish

[14:31:03] Cycle 1589
  💰 Current Price: $0.25
  🎯 Signal: BUY (confidence: 0.28)
  📝 Reason: 5m: RSI oversold (16.4); 5m: MACD bearish; 15m: RSI oversold (16.9); 15m: MACD bearish

[14:31:34] Cycle 1590
  💰 Current Price: $0.25
  🎯 Signal: BUY (confidence: 0.28)
  📝 Reason: 5m: RSI oversold (17.2); 5m: MACD bearish; 15m: RSI oversold (17.5); 15m: MACD bearish

[14:28:59] Cycle 1589
  💰 Current Price: $0.25
  🎯 Signal: BUY (confidence: 0.28)
  📝 Reason: 5m: RSI oversold (15.9); 5m: MACD bearish; 15m: RSI oversold (26.9); 15m: MACD bearish

[14:29:31] Cycle 1590
  💰 Current Price: $0.25
  🎯 Signal: BUY (confidence: 0.28)
  📝 Reason: 5m: RSI oversold (15.7); 5m: MACD bearish; 15m: RSI oversold (26.6); 15m: MACD bearish

[14:30:01] Cycle 1591
  💰 Current Price: $0.25
  🎯 Signal: BUY (confidence: 0.28)
  📝 Reason: 5m: RSI oversold (14.3); 5m: MACD bearish; 15m: RSI oversold (15.3); 15m: MACD bearish

[14:30:32] Cycle 1592
  💰 Current Price: $0.25
  🎯 Signal: BUY (confidence: 0.28)
  📝 Reason: 5m: RSI oversold (14.3); 5m: MACD bearish; 15m: RSI oversold (15.3); 15m: MACD bearish

[14:31:03] Cycle 1593
  💰 Current Price: $0.25
  🎯 Signal: BUY (confidence: 0.28)
  📝 Reason: 5m: RSI oversold (16.4); 5m: MACD bearish; 15m: RSI oversold (16.9); 15m: MACD bearish

[14:31:34] Cycle 1594
  💰 Current Price: $0.25
  🎯 Signal: BUY (confidence: 0.28)
  📝 Reason: 5m: RSI oversold (17.2); 5m: MACD bearish; 15m: RSI oversold (17.5); 15m: MACD bearish

[14:32:05] Cycle 1595
  💰 Current Price: $0.25
  🎯 Signal: BUY (confidence: 0.28)
  📝 Reason: 5m: RSI oversold (17.2); 5m: MACD bearish; 15m: RSI oversold (17.5); 15m: MACD bearish

[14:32:36] Cycle 1596
  💰 Current Price: $0.25
  🎯 Signal: BUY (confidence: 0.28)
  📝 Reason: 5m: RSI oversold (17.5); 5m: MACD bearish; 15m: RSI oversold (17.7); 15m: MACD bearish

[14:33:07] Cycle 1597
  💰 Current Price: $0.25
  🎯 Signal: BUY (confidence: 0.28)
  📝 Reason: 5m: RSI oversold (18.5); 5m: MACD bearish; 15m: RSI oversold (18.5); 15m: MACD bearish

[14:33:38] Cycle 1598
  💰 Current Price: $0.25
  🎯 Signal: BUY (confidence: 0.28)
  📝 Reason: 5m: RSI oversold (19.8); 5m: MACD bearish; 15m: RSI oversold (19.5); 15m: MACD bearish

[14:34:09] Cycle 1599
  💰 Current Price: $0.25
  🎯 Signal: BUY (confidence: 0.28)
  📝 Reason: 5m: RSI oversold (20.5); 5m: MACD bearish; 15m: RSI oversold (20.0); 15m: MACD bearish

[14:34:39] Cycle 1600
  💰 Current Price: $0.25
  🎯 Signal: BUY (confidence: 0.33)
  📝 Reason: 5m: RSI oversold (23.3); 5m: MACD bearish; 15m: RSI oversold (22.2); 15m: MACD bearish

[14:35:10] Cycle 1601
  💰 Current Price: $0.25
  🎯 Signal: BUY (confidence: 0.33)
  📝 Reason: 5m: RSI oversold (21.5); 5m: MACD bearish; 15m: RSI oversold (23.2); 15m: MACD bearish

[14:35:41] Cycle 1602
  💰 Current Price: $0.25
  🎯 Signal: BUY (confidence: 0.33)
  📝 Reason: 5m: RSI oversold (21.5); 5m: MACD bearish; 15m: RSI oversold (23.2); 15m: MACD bearish

[14:36:12] Cycle 1603
  💰 Current Price: $0.25
  🎯 Signal: BUY (confidence: 0.40)
  📝 Reason: 5m: RSI oversold (22.5); 5m: MACD bearish; 15m: RSI oversold (23.9); 15m: MACD bearish

[14:36:43] Cycle 1604
  💰 Current Price: $0.25
  🎯 Signal: BUY (confidence: 0.40)
  📝 Reason: 5m: RSI oversold (22.8); 5m: MACD bearish; 15m: RSI oversold (24.2); 15m: MACD bearish

[14:37:14] Cycle 1605
  💰 Current Price: $0.25
  🎯 Signal: BUY (confidence: 0.40)
  📝 Reason: 5m: RSI oversold (22.8); 5m: MACD bearish; 15m: RSI oversold (24.2); 15m: MACD bearish

[14:37:44] Cycle 1606
  💰 Current Price: $0.25
  🎯 Signal: BUY (confidence: 0.40)
  📝 Reason: 5m: RSI oversold (22.8); 5m: MACD bearish; 15m: RSI oversold (24.2); 15m: MACD bearish

[14:38:15] Cycle 1607
  💰 Current Price: $0.25
  🎯 Signal: BUY (confidence: 0.40)
  📝 Reason: 5m: RSI oversold (24.6); 5m: MACD bearish; 15m: RSI oversold (25.5); 15m: MACD bearish

[14:38:46] Cycle 1608
  💰 Current Price: $0.25
  🎯 Signal: BUY (confidence: 0.40)
  📝 Reason: 5m: RSI oversold (25.0); 5m: MACD bearish; 15m: RSI oversold (25.8); 15m: MACD bearish

[14:39:17] Cycle 1609
  💰 Current Price: $0.25
  🎯 Signal: BUY (confidence: 0.40)
  📝 Reason: 5m: RSI oversold (29.2); 5m: MACD bearish; 15m: RSI oversold (29.0); 15m: MACD bearish

[14:39:48] Cycle 1610
  💰 Current Price: $0.26
  🎯 Signal: HOLD (confidence: 0.10)
  📝 Reason: 5m: MACD bearish; 15m: MACD bearish; 1h: RSI oversold (28.8); 1h: MACD bearish

[14:40:19] Cycle 1611
  💰 Current Price: $0.26
  🎯 Signal: SELL (confidence: 0.20)
  📝 Reason: 5m: MACD bearish; 15m: MACD bearish; 1h: MACD bearish; 4h: RSI oversold (24.3)
  ⚠️ Sell signal but no position

[14:40:49] Cycle 1612
  💰 Current Price: $0.26
  🎯 Signal: SELL (confidence: 0.20)
  📝 Reason: 5m: MACD bearish; 15m: MACD bearish; 1h: MACD bearish; 4h: RSI oversold (24.3)
  ⚠️ Sell signal but no position

[14:41:20] Cycle 1613
  💰 Current Price: $0.26
  🎯 Signal: SELL (confidence: 0.20)
  📝 Reason: 5m: MACD bearish; 15m: MACD bearish; 1h: MACD bearish; 4h: RSI oversold (24.2)
  ⚠️ Sell signal but no position

[14:41:51] Cycle 1614
  💰 Current Price: $0.26
  🎯 Signal: SELL (confidence: 0.20)
  📝 Reason: 5m: MACD bearish; 15m: MACD bearish; 1h: MACD bearish; 4h: RSI oversold (24.0)
  ⚠️ Sell signal but no position

[14:42:22] Cycle 1615
  💰 Current Price: $0.26
  🎯 Signal: SELL (confidence: 0.20)
  📝 Reason: 5m: MACD bearish; 15m: MACD bearish; 1h: MACD bearish; 4h: RSI oversold (24.1)
  ⚠️ Sell signal but no position

[14:42:52] Cycle 1616
  💰 Current Price: $0.26
  🎯 Signal: SELL (confidence: 0.20)
  📝 Reason: 5m: MACD bearish; 15m: MACD bearish; 1h: MACD bearish; 4h: RSI oversold (23.9)
  ⚠️ Sell signal but no position

[14:43:23] Cycle 1617
  💰 Current Price: $0.26
  🎯 Signal: SELL (confidence: 0.20)
  📝 Reason: 5m: MACD bearish; 15m: MACD bearish; 1h: MACD bearish; 4h: RSI oversold (23.9)
  ⚠️ Sell signal but no position

[14:43:54] Cycle 1618
  💰 Current Price: $0.26
  🎯 Signal: SELL (confidence: 0.20)
  📝 Reason: 5m: MACD bearish; 15m: MACD bearish; 1h: MACD bearish; 4h: RSI oversold (23.8)
  ⚠️ Sell signal but no position

[14:44:25] Cycle 1619
  💰 Current Price: $0.26
  🎯 Signal: SELL (confidence: 0.20)
  📝 Reason: 5m: MACD bearish; 15m: MACD bearish; 1h: MACD bearish; 4h: RSI oversold (23.8)
  ⚠️ Sell signal but no position

[14:44:56] Cycle 1620
  💰 Current Price: $0.26
  🎯 Signal: HOLD (confidence: 0.10)
  📝 Reason: 5m: MACD bearish; 15m: MACD bearish; 1h: RSI oversold (30.0); 1h: MACD bearish

[14:45:27] Cycle 1621
  💰 Current Price: $0.26
  🎯 Signal: SELL (confidence: 0.20)
  📝 Reason: 5m: MACD bearish; 15m: MACD bearish; 1h: MACD bearish; 4h: RSI oversold (24.0)
  ⚠️ Sell signal but no position

[14:45:58] Cycle 1622
  💰 Current Price: $0.26
  🎯 Signal: SELL (confidence: 0.20)
  📝 Reason: 5m: MACD bearish; 15m: MACD bearish; 1h: MACD bearish; 4h: RSI oversold (23.9)
  ⚠️ Sell signal but no position

[14:46:29] Cycle 1623
  💰 Current Price: $0.26
  🎯 Signal: SELL (confidence: 0.20)
  📝 Reason: 5m: MACD bearish; 15m: MACD bearish; 1h: MACD bearish; 4h: RSI oversold (23.9)
  ⚠️ Sell signal but no position

[14:47:00] Cycle 1624
  💰 Current Price: $0.26
  🎯 Signal: SELL (confidence: 0.20)
  📝 Reason: 5m: MACD bearish; 15m: MACD bearish; 1h: MACD bearish; 4h: RSI oversold (24.0)
  ⚠️ Sell signal but no position

[14:47:31] Cycle 1625
  💰 Current Price: $0.26
  🎯 Signal: SELL (confidence: 0.20)
  📝 Reason: 5m: MACD bearish; 15m: MACD bearish; 1h: MACD bearish; 4h: RSI oversold (24.0)
  ⚠️ Sell signal but no position

[14:48:01] Cycle 1626
  💰 Current Price: $0.26
  🎯 Signal: SELL (confidence: 0.20)
  📝 Reason: 5m: MACD bearish; 15m: MACD bearish; 1h: MACD bearish; 4h: RSI oversold (23.9)
  ⚠️ Sell signal but no position

[14:48:32] Cycle 1627
  💰 Current Price: $0.26
  🎯 Signal: SELL (confidence: 0.20)
  📝 Reason: 5m: MACD bearish; 15m: MACD bearish; 1h: MACD bearish; 4h: RSI oversold (23.9)
  ⚠️ Sell signal but no position

[14:49:03] Cycle 1628
  💰 Current Price: $0.26
  🎯 Signal: HOLD (confidence: 0.10)
  📝 Reason: 5m: MACD bearish; 15m: MACD bearish; 1h: RSI oversold (30.0); 1h: MACD bearish

[14:49:34] Cycle 1629
  💰 Current Price: $0.26
  🎯 Signal: SELL (confidence: 0.20)

[14:32:05] Cycle 1591
  💰 Current Price: $0.25
  🎯 Signal: BUY (confidence: 0.28)
  📝 Reason: 5m: RSI oversold (17.2); 5m: MACD bearish; 15m: RSI oversold (17.5); 15m: MACD bearish

[14:32:36] Cycle 1592
  💰 Current Price: $0.25
  🎯 Signal: BUY (confidence: 0.28)
  📝 Reason: 5m: RSI oversold (17.5); 5m: MACD bearish; 15m: RSI oversold (17.7); 15m: MACD bearish

[14:33:07] Cycle 1593
  💰 Current Price: $0.25
  🎯 Signal: BUY (confidence: 0.28)
  📝 Reason: 5m: RSI oversold (18.5); 5m: MACD bearish; 15m: RSI oversold (18.5); 15m: MACD bearish

[14:33:38] Cycle 1594
  💰 Current Price: $0.25
  🎯 Signal: BUY (confidence: 0.28)
  📝 Reason: 5m: RSI oversold (19.8); 5m: MACD bearish; 15m: RSI oversold (19.5); 15m: MACD bearish

[14:34:09] Cycle 1595
  💰 Current Price: $0.25
  🎯 Signal: BUY (confidence: 0.28)
  📝 Reason: 5m: RSI oversold (20.5); 5m: MACD bearish; 15m: RSI oversold (20.0); 15m: MACD bearish

[14:34:39] Cycle 1596
  💰 Current Price: $0.25
  🎯 Signal: BUY (confidence: 0.33)
  📝 Reason: 5m: RSI oversold (23.3); 5m: MACD bearish; 15m: RSI oversold (22.2); 15m: MACD bearish

[14:35:10] Cycle 1597
  💰 Current Price: $0.25
  🎯 Signal: BUY (confidence: 0.33)
  📝 Reason: 5m: RSI oversold (21.5); 5m: MACD bearish; 15m: RSI oversold (23.2); 15m: MACD bearish

[14:35:41] Cycle 1598
  💰 Current Price: $0.25
  🎯 Signal: BUY (confidence: 0.33)
  📝 Reason: 5m: RSI oversold (21.5); 5m: MACD bearish; 15m: RSI oversold (23.2); 15m: MACD bearish

[14:36:12] Cycle 1599
  💰 Current Price: $0.25
  🎯 Signal: BUY (confidence: 0.40)
  📝 Reason: 5m: RSI oversold (22.5); 5m: MACD bearish; 15m: RSI oversold (23.9); 15m: MACD bearish

[14:36:43] Cycle 1600
  💰 Current Price: $0.25
  🎯 Signal: BUY (confidence: 0.40)
  📝 Reason: 5m: RSI oversold (22.8); 5m: MACD bearish; 15m: RSI oversold (24.2); 15m: MACD bearish

[14:37:14] Cycle 1601
  💰 Current Price: $0.25
  🎯 Signal: BUY (confidence: 0.40)
  📝 Reason: 5m: RSI oversold (22.8); 5m: MACD bearish; 15m: RSI oversold (24.2); 15m: MACD bearish

[14:37:44] Cycle 1602
  💰 Current Price: $0.25
  🎯 Signal: BUY (confidence: 0.40)
  📝 Reason: 5m: RSI oversold (22.8); 5m: MACD bearish; 15m: RSI oversold (24.2); 15m: MACD bearish

[14:38:15] Cycle 1603
  💰 Current Price: $0.25
  🎯 Signal: BUY (confidence: 0.40)
  📝 Reason: 5m: RSI oversold (24.6); 5m: MACD bearish; 15m: RSI oversold (25.5); 15m: MACD bearish

[14:38:46] Cycle 1604
  💰 Current Price: $0.25
  🎯 Signal: BUY (confidence: 0.40)
  📝 Reason: 5m: RSI oversold (25.0); 5m: MACD bearish; 15m: RSI oversold (25.8); 15m: MACD bearish

[14:39:17] Cycle 1605
  💰 Current Price: $0.25
  🎯 Signal: BUY (confidence: 0.40)
  📝 Reason: 5m: RSI oversold (29.2); 5m: MACD bearish; 15m: RSI oversold (29.0); 15m: MACD bearish

[14:39:48] Cycle 1606
  💰 Current Price: $0.26
  🎯 Signal: HOLD (confidence: 0.10)
  📝 Reason: 5m: MACD bearish; 15m: MACD bearish; 1h: RSI oversold (28.8); 1h: MACD bearish

[14:40:19] Cycle 1607
  💰 Current Price: $0.26
  🎯 Signal: SELL (confidence: 0.20)
  📝 Reason: 5m: MACD bearish; 15m: MACD bearish; 1h: MACD bearish; 4h: RSI oversold (24.3)
  ⚠️ Sell signal but no position

[14:40:49] Cycle 1608
  💰 Current Price: $0.26
  🎯 Signal: SELL (confidence: 0.20)
  📝 Reason: 5m: MACD bearish; 15m: MACD bearish; 1h: MACD bearish; 4h: RSI oversold (24.3)
  ⚠️ Sell signal but no position

[14:41:20] Cycle 1609
  💰 Current Price: $0.26
  🎯 Signal: SELL (confidence: 0.20)
  📝 Reason: 5m: MACD bearish; 15m: MACD bearish; 1h: MACD bearish; 4h: RSI oversold (24.2)
  ⚠️ Sell signal but no position

[14:41:51] Cycle 1610
  💰 Current Price: $0.26
  🎯 Signal: SELL (confidence: 0.20)
  📝 Reason: 5m: MACD bearish; 15m: MACD bearish; 1h: MACD bearish; 4h: RSI oversold (24.0)
  ⚠️ Sell signal but no position

[14:42:22] Cycle 1611
  💰 Current Price: $0.26
  🎯 Signal: SELL (confidence: 0.20)
  📝 Reason: 5m: MACD bearish; 15m: MACD bearish; 1h: MACD bearish; 4h: RSI oversold (24.1)
  ⚠️ Sell signal but no position

[14:42:52] Cycle 1612
  💰 Current Price: $0.26
  🎯 Signal: SELL (confidence: 0.20)
  📝 Reason: 5m: MACD bearish; 15m: MACD bearish; 1h: MACD bearish; 4h: RSI oversold (23.9)
  ⚠️ Sell signal but no position

[14:43:23] Cycle 1613
  💰 Current Price: $0.26
  🎯 Signal: SELL (confidence: 0.20)
  📝 Reason: 5m: MACD bearish; 15m: MACD bearish; 1h: MACD bearish; 4h: RSI oversold (23.9)
  ⚠️ Sell signal but no position

[14:43:54] Cycle 1614
  💰 Current Price: $0.26
  🎯 Signal: SELL (confidence: 0.20)
  📝 Reason: 5m: MACD bearish; 15m: MACD bearish; 1h: MACD bearish; 4h: RSI oversold (23.8)
  ⚠️ Sell signal but no position

[14:44:25] Cycle 1615
  💰 Current Price: $0.26
  🎯 Signal: SELL (confidence: 0.20)
  📝 Reason: 5m: MACD bearish; 15m: MACD bearish; 1h: MACD bearish; 4h: RSI oversold (23.8)
  ⚠️ Sell signal but no position

[14:44:56] Cycle 1616
  💰 Current Price: $0.26
  🎯 Signal: HOLD (confidence: 0.10)
  📝 Reason: 5m: MACD bearish; 15m: MACD bearish; 1h: RSI oversold (30.0); 1h: MACD bearish

[14:45:27] Cycle 1617
  💰 Current Price: $0.26
  🎯 Signal: SELL (confidence: 0.20)
  📝 Reason: 5m: MACD bearish; 15m: MACD bearish; 1h: MACD bearish; 4h: RSI oversold (24.0)
  ⚠️ Sell signal but no position

[14:45:58] Cycle 1618
  💰 Current Price: $0.26
  🎯 Signal: SELL (confidence: 0.20)
  📝 Reason: 5m: MACD bearish; 15m: MACD bearish; 1h: MACD bearish; 4h: RSI oversold (23.9)
  ⚠️ Sell signal but no position

[14:46:29] Cycle 1619
  💰 Current Price: $0.26
  🎯 Signal: SELL (confidence: 0.20)
  📝 Reason: 5m: MACD bearish; 15m: MACD bearish; 1h: MACD bearish; 4h: RSI oversold (23.9)
  ⚠️ Sell signal but no position

[14:47:00] Cycle 1620
  💰 Current Price: $0.26
  🎯 Signal: SELL (confidence: 0.20)
  📝 Reason: 5m: MACD bearish; 15m: MACD bearish; 1h: MACD bearish; 4h: RSI oversold (24.0)
  ⚠️ Sell signal but no position

[14:47:31] Cycle 1621
  💰 Current Price: $0.26
  🎯 Signal: SELL (confidence: 0.20)
  📝 Reason: 5m: MACD bearish; 15m: MACD bearish; 1h: MACD bearish; 4h: RSI oversold (24.0)
  ⚠️ Sell signal but no position

[14:48:01] Cycle 1622
  💰 Current Price: $0.26
  🎯 Signal: SELL (confidence: 0.20)
  📝 Reason: 5m: MACD bearish; 15m: MACD bearish; 1h: MACD bearish; 4h: RSI oversold (23.9)
  ⚠️ Sell signal but no position

[14:48:32] Cycle 1623
  💰 Current Price: $0.26
  🎯 Signal: SELL (confidence: 0.20)
  📝 Reason: 5m: MACD bearish; 15m: MACD bearish; 1h: MACD bearish; 4h: RSI oversold (23.9)
  ⚠️ Sell signal but no position

[14:49:03] Cycle 1624
  💰 Current Price: $0.26
  🎯 Signal: HOLD (confidence: 0.10)
  📝 Reason: 5m: MACD bearish; 15m: MACD bearish; 1h: RSI oversold (30.0); 1h: MACD bearish

[14:49:34] Cycle 1625
  💰 Current Price: $0.26
  🎯 Signal: SELL (confidence: 0.20)
  📝 Reason: 5m: MACD bearish; 15m: MACD bearish; 1h: MACD bearish; 4h: RSI oversold (23.8)
  ⚠️ Sell signal but no position

[14:50:05] Cycle 1626
  💰 Current Price: $0.26
  🎯 Signal: SELL (confidence: 0.20)
  📝 Reason: 5m: MACD bearish; 15m: MACD bearish; 1h: MACD bearish; 4h: RSI oversold (23.9)
  ⚠️ Sell signal but no position

[14:50:36] Cycle 1627
  💰 Current Price: $0.26
  🎯 Signal: SELL (confidence: 0.20)
  📝 Reason: 5m: MACD bearish; 15m: MACD bearish; 1h: MACD bearish; 4h: RSI oversold (23.8)
  ⚠️ Sell signal but no position

[14:51:06] Cycle 1628
  💰 Current Price: $0.26
  🎯 Signal: SELL (confidence: 0.20)
  📝 Reason: 5m: MACD bearish; 15m: MACD bearish; 1h: MACD bearish; 4h: RSI oversold (23.8)
  ⚠️ Sell signal but no position

[14:51:37] Cycle 1629
  💰 Current Price: $0.26
  🎯 Signal: HOLD (confidence: 0.10)
  📝 Reason: 5m: MACD bearish; 15m: MACD bearish; 1h: RSI oversold (29.8); 1h: MACD bearish

[14:52:08] Cycle 1630
  💰 Current Price: $0.26
  🎯 Signal: HOLD (confidence: 0.10)
  📝 Reason: 5m: MACD bearish; 15m: MACD bearish; 1h: MACD bearish; 4h: RSI oversold (23.8)
  ⚠️ Sell signal but no position

[14:50:05] Cycle 1630
  💰 Current Price: $0.26
  🎯 Signal: SELL (confidence: 0.20)
  📝 Reason: 5m: MACD bearish; 15m: MACD bearish; 1h: MACD bearish; 4h: RSI oversold (23.9)
  ⚠️ Sell signal but no position

[14:50:36] Cycle 1631
  💰 Current Price: $0.26
  🎯 Signal: SELL (confidence: 0.20)
  📝 Reason: 5m: MACD bearish; 15m: MACD bearish; 1h: MACD bearish; 4h: RSI oversold (23.8)
  ⚠️ Sell signal but no position

[14:51:06] Cycle 1632
  💰 Current Price: $0.26
  🎯 Signal: SELL (confidence: 0.20)
  📝 Reason: 5m: MACD bearish; 15m: MACD bearish; 1h: MACD bearish; 4h: RSI oversold (23.8)
  ⚠️ Sell signal but no position

[14:51:37] Cycle 1633
  💰 Current Price: $0.26
  🎯 Signal: HOLD (confidence: 0.10)
  📝 Reason: 5m: MACD bearish; 15m: MACD bearish; 1h: RSI oversold (29.8); 1h: MACD bearish

[14:52:08] Cycle 1634
  💰 Current Price: $0.26
  🎯 Signal: HOLD (confidence: 0.10)
  📝 Reason: 5m: MACD bearish; 15m: MACD bearish; 1h: RSI oversold (29.8); 1h: MACD bearish

[14:52:39] Cycle 1635
  💰 Current Price: $0.26
  🎯 Signal: HOLD (confidence: 0.10)
  📝 Reason: 5m: MACD bearish; 15m: MACD bearish; 1h: RSI oversold (29.8); 1h: MACD bearish

[14:53:10] Cycle 1636
  💰 Current Price: $0.26
  🎯 Signal: HOLD (confidence: 0.10)
  📝 Reason: 5m: MACD bearish; 15m: MACD bearish; 1h: RSI oversold (29.8); 1h: MACD bearish

[14:53:41] Cycle 1637
  💰 Current Price: $0.26
  🎯 Signal: SELL (confidence: 0.20)
  📝 Reason: 5m: MACD bearish; 15m: MACD bearish; 1h: MACD bearish; 4h: RSI oversold (23.9)
  ⚠️ Sell signal but no position

[14:54:12] Cycle 1638
  💰 Current Price: $0.26
  🎯 Signal: SELL (confidence: 0.20)
  📝 Reason: 5m: MACD bearish; 15m: MACD bearish; 1h: MACD bearish; 4h: RSI oversold (24.0)
  ⚠️ Sell signal but no position

[14:54:43] Cycle 1639
  💰 Current Price: $0.26
  🎯 Signal: SELL (confidence: 0.20)
  📝 Reason: 5m: MACD bearish; 15m: MACD bearish; 1h: MACD bearish; 4h: RSI oversold (24.0)
  ⚠️ Sell signal but no position

[14:55:14] Cycle 1640
  💰 Current Price: $0.26
  🎯 Signal: SELL (confidence: 0.20)
  📝 Reason: 5m: MACD bearish; 15m: MACD bearish; 1h: MACD bearish; 4h: RSI oversold (24.0)
  ⚠️ Sell signal but no position

[14:55:45] Cycle 1641
  💰 Current Price: $0.26
  🎯 Signal: SELL (confidence: 0.20)
  📝 Reason: 5m: MACD bearish; 15m: MACD bearish; 1h: MACD bearish; 4h: RSI oversold (24.0)
  ⚠️ Sell signal but no position

[14:56:16] Cycle 1642
  💰 Current Price: $0.26
  🎯 Signal: SELL (confidence: 0.20)
  📝 Reason: 5m: MACD bearish; 15m: MACD bearish; 1h: MACD bearish; 4h: RSI oversold (24.0)
  ⚠️ Sell signal but no position

[14:56:46] Cycle 1643
  💰 Current Price: $0.26
  🎯 Signal: SELL (confidence: 0.20)
  📝 Reason: 5m: MACD bearish; 15m: MACD bearish; 1h: MACD bearish; 4h: RSI oversold (24.0)
  ⚠️ Sell signal but no position

[14:57:17] Cycle 1644
  💰 Current Price: $0.26
  🎯 Signal: SELL (confidence: 0.20)
  📝 Reason: 5m: MACD bearish; 15m: MACD bearish; 1h: MACD bearish; 4h: RSI oversold (24.0)
  ⚠️ Sell signal but no position

[14:57:48] Cycle 1645
  💰 Current Price: $0.26
  🎯 Signal: SELL (confidence: 0.20)
  📝 Reason: 5m: MACD bearish; 15m: MACD bearish; 1h: MACD bearish; 4h: RSI oversold (24.0)
  ⚠️ Sell signal but no position

[14:58:19] Cycle 1646
  💰 Current Price: $0.26
  🎯 Signal: SELL (confidence: 0.20)
  📝 Reason: 5m: MACD bearish; 15m: MACD bearish; 1h: MACD bearish; 4h: RSI oversold (24.1)
  ⚠️ Sell signal but no position

[14:58:49] Cycle 1647
  💰 Current Price: $0.26
  🎯 Signal: SELL (confidence: 0.20)
  📝 Reason: 5m: MACD bearish; 15m: MACD bearish; 1h: MACD bearish; 4h: RSI oversold (24.1)
  ⚠️ Sell signal but no position

[14:59:20] Cycle 1648
  💰 Current Price: $0.26
  🎯 Signal: SELL (confidence: 0.20)
  📝 Reason: 5m: MACD bearish; 15m: MACD bearish; 1h: MACD bearish; 4h: RSI oversold (24.1)
  ⚠️ Sell signal but no position

[14:59:51] Cycle 1649
  💰 Current Price: $0.26
  🎯 Signal: SELL (confidence: 0.20)
  📝 Reason: 5m: MACD bearish; 15m: MACD bearish; 1h: MACD bearish; 4h: RSI oversold (24.0)
  ⚠️ Sell signal but no position

[15:00:22] Cycle 1650
  💰 Current Price: $0.26
  🎯 Signal: SELL (confidence: 0.20)
  📝 Reason: 5m: MACD bearish; 15m: MACD bearish; 1h: MACD bearish; 4h: RSI oversold (24.0)
  ⚠️ Sell signal but no position

[15:00:53] Cycle 1651
  💰 Current Price: $0.26
  🎯 Signal: SELL (confidence: 0.20)
  📝 Reason: 5m: MACD bearish; 15m: MACD bearish; 1h: MACD bearish; 4h: RSI oversold (23.8)
  ⚠️ Sell signal but no position

[15:01:24] Cycle 1652
  💰 Current Price: $0.26
  🎯 Signal: SELL (confidence: 0.20)
  📝 Reason: 5m: MACD bearish; 15m: MACD bearish; 1h: MACD bearish; 4h: RSI oversold (23.8)
  ⚠️ Sell signal but no position

[15:01:55] Cycle 1653
  💰 Current Price: $0.26
  🎯 Signal: SELL (confidence: 0.20)
  📝 Reason: 5m: MACD bearish; 15m: MACD bearish; 1h: MACD bearish; 4h: RSI oversold (23.8)
  ⚠️ Sell signal but no position

[15:02:26] Cycle 1654
  💰 Current Price: $0.26
  🎯 Signal: HOLD (confidence: 0.10)
  📝 Reason: 5m: MACD bearish; 15m: MACD bearish; 1h: RSI oversold (29.9); 1h: MACD bearish

[15:02:56] Cycle 1655
  💰 Current Price: $0.26
  🎯 Signal: SELL (confidence: 0.20)
  📝 Reason: 5m: MACD bearish; 15m: MACD bearish; 1h: MACD bearish; 4h: RSI oversold (23.7)
  ⚠️ Sell signal but no position

[15:03:27] Cycle 1656
  💰 Current Price: $0.26
  🎯 Signal: SELL (confidence: 0.20)
  📝 Reason: 5m: MACD bearish; 15m: MACD bearish; 1h: MACD bearish; 4h: RSI oversold (23.7)
  ⚠️ Sell signal but no position

[15:03:58] Cycle 1657
  💰 Current Price: $0.26
  🎯 Signal: SELL (confidence: 0.20)
  📝 Reason: 5m: MACD bearish; 15m: MACD bearish; 1h: MACD bearish; 4h: RSI oversold (23.8)
  ⚠️ Sell signal but no position

[15:04:29] Cycle 1658
  💰 Current Price: $0.26
  🎯 Signal: SELL (confidence: 0.20)
  📝 Reason: 5m: MACD bearish; 15m: MACD bearish; 1h: MACD bearish; 4h: RSI oversold (23.7)
  ⚠️ Sell signal but no position

[15:05:00] Cycle 1659
  💰 Current Price: $0.26
  🎯 Signal: SELL (confidence: 0.20)
  📝 Reason: 5m: MACD bearish; 15m: MACD bearish; 1h: MACD bearish; 4h: RSI oversold (23.8)
  ⚠️ Sell signal but no position

[15:05:31] Cycle 1660
  💰 Current Price: $0.26
  🎯 Signal: SELL (confidence: 0.20)
  📝 Reason: 5m: MACD bearish; 15m: MACD bearish; 1h: MACD bearish; 4h: RSI oversold (23.6)
  ⚠️ Sell signal but no position

[15:06:02] Cycle 1661
  💰 Current Price: $0.26
  🎯 Signal: HOLD (confidence: 0.10)
  📝 Reason: 5m: MACD bearish; 15m: MACD bearish; 1h: RSI oversold (29.8); 1h: MACD bearish

[15:06:33] Cycle 1662
  💰 Current Price: $0.26
  🎯 Signal: SELL (confidence: 0.20)
  📝 Reason: 5m: MACD bearish; 15m: MACD bearish; 1h: MACD bearish; 4h: RSI oversold (23.9)
  ⚠️ Sell signal but no position

[15:07:04] Cycle 1663
  💰 Current Price: $0.26
  🎯 Signal: SELL (confidence: 0.20)
  📝 Reason: 5m: MACD bearish; 15m: MACD bearish; 1h: MACD bearish; 4h: RSI oversold (24.1)
  ⚠️ Sell signal but no position

[15:07:35] Cycle 1664
  💰 Current Price: $0.26
  🎯 Signal: SELL (confidence: 0.20)
  📝 Reason: 5m: MACD bearish; 15m: MACD bearish; 1h: MACD bearish; 4h: RSI oversold (24.0)
  ⚠️ Sell signal but no position

[15:08:06] Cycle 1665
  💰 Current Price: $0.26
  🎯 Signal: SELL (confidence: 0.20)
  📝 Reason: 5m: MACD bearish; 15m: MACD bearish; 1h: MACD bearish; 4h: RSI oversold (24.0)
  ⚠️ Sell signal but no position

[15:08:37] Cycle 1666
  💰 Current Price: $0.26
  🎯 Signal: SELL (confidence: 0.20)
  📝 Reason: 5m: MACD bearish; 15m: MACD bearish; 1h: MACD bearish; 4h: RSI oversold (23.9)
  ⚠️ Sell signal but no position

[15:09:07] Cycle 1667
  💰 Current Price: $0.26
  🎯 Signal: SELL (confidence: 0.20)
  📝 Reason: 5m: MACD bearish; 15m: MACD bearish; 1h: RSI oversold (29.8); 1h: MACD bearish

[14:52:39] Cycle 1631
  💰 Current Price: $0.26
  🎯 Signal: HOLD (confidence: 0.10)
  📝 Reason: 5m: MACD bearish; 15m: MACD bearish; 1h: RSI oversold (29.8); 1h: MACD bearish

[14:53:10] Cycle 1632
  💰 Current Price: $0.26
  🎯 Signal: HOLD (confidence: 0.10)
  📝 Reason: 5m: MACD bearish; 15m: MACD bearish; 1h: RSI oversold (29.8); 1h: MACD bearish

[14:53:41] Cycle 1633
  💰 Current Price: $0.26
  🎯 Signal: SELL (confidence: 0.20)
  📝 Reason: 5m: MACD bearish; 15m: MACD bearish; 1h: MACD bearish; 4h: RSI oversold (23.9)
  ⚠️ Sell signal but no position

[14:54:12] Cycle 1634
  💰 Current Price: $0.26
  🎯 Signal: SELL (confidence: 0.20)
  📝 Reason: 5m: MACD bearish; 15m: MACD bearish; 1h: MACD bearish; 4h: RSI oversold (24.0)
  ⚠️ Sell signal but no position

[14:54:43] Cycle 1635
  💰 Current Price: $0.26
  🎯 Signal: SELL (confidence: 0.20)
  📝 Reason: 5m: MACD bearish; 15m: MACD bearish; 1h: MACD bearish; 4h: RSI oversold (24.0)
  ⚠️ Sell signal but no position

[14:55:14] Cycle 1636
  💰 Current Price: $0.26
  🎯 Signal: SELL (confidence: 0.20)
  📝 Reason: 5m: MACD bearish; 15m: MACD bearish; 1h: MACD bearish; 4h: RSI oversold (24.0)
  ⚠️ Sell signal but no position

[14:55:45] Cycle 1637
  💰 Current Price: $0.26
  🎯 Signal: SELL (confidence: 0.20)
  📝 Reason: 5m: MACD bearish; 15m: MACD bearish; 1h: MACD bearish; 4h: RSI oversold (24.0)
  ⚠️ Sell signal but no position

[14:56:16] Cycle 1638
  💰 Current Price: $0.26
  🎯 Signal: SELL (confidence: 0.20)
  📝 Reason: 5m: MACD bearish; 15m: MACD bearish; 1h: MACD bearish; 4h: RSI oversold (24.0)
  ⚠️ Sell signal but no position

[14:56:46] Cycle 1639
  💰 Current Price: $0.26
  🎯 Signal: SELL (confidence: 0.20)
  📝 Reason: 5m: MACD bearish; 15m: MACD bearish; 1h: MACD bearish; 4h: RSI oversold (24.0)
  ⚠️ Sell signal but no position

[14:57:17] Cycle 1640
  💰 Current Price: $0.26
  🎯 Signal: SELL (confidence: 0.20)
  📝 Reason: 5m: MACD bearish; 15m: MACD bearish; 1h: MACD bearish; 4h: RSI oversold (24.0)
  ⚠️ Sell signal but no position

[14:57:48] Cycle 1641
  💰 Current Price: $0.26
  🎯 Signal: SELL (confidence: 0.20)
  📝 Reason: 5m: MACD bearish; 15m: MACD bearish; 1h: MACD bearish; 4h: RSI oversold (24.0)
  ⚠️ Sell signal but no position

[14:58:19] Cycle 1642
  💰 Current Price: $0.26
  🎯 Signal: SELL (confidence: 0.20)
  📝 Reason: 5m: MACD bearish; 15m: MACD bearish; 1h: MACD bearish; 4h: RSI oversold (24.1)
  ⚠️ Sell signal but no position

[14:58:49] Cycle 1643
  💰 Current Price: $0.26
  🎯 Signal: SELL (confidence: 0.20)
  📝 Reason: 5m: MACD bearish; 15m: MACD bearish; 1h: MACD bearish; 4h: RSI oversold (24.1)
  ⚠️ Sell signal but no position

[14:59:20] Cycle 1644
  💰 Current Price: $0.26
  🎯 Signal: SELL (confidence: 0.20)
  📝 Reason: 5m: MACD bearish; 15m: MACD bearish; 1h: MACD bearish; 4h: RSI oversold (24.1)
  ⚠️ Sell signal but no position

[14:59:51] Cycle 1645
  💰 Current Price: $0.26
  🎯 Signal: SELL (confidence: 0.20)
  📝 Reason: 5m: MACD bearish; 15m: MACD bearish; 1h: MACD bearish; 4h: RSI oversold (24.0)
  ⚠️ Sell signal but no position

[15:00:22] Cycle 1646
  💰 Current Price: $0.26
  🎯 Signal: SELL (confidence: 0.20)
  📝 Reason: 5m: MACD bearish; 15m: MACD bearish; 1h: MACD bearish; 4h: RSI oversold (24.0)
  ⚠️ Sell signal but no position

[15:00:53] Cycle 1647
  💰 Current Price: $0.26
  🎯 Signal: SELL (confidence: 0.20)
  📝 Reason: 5m: MACD bearish; 15m: MACD bearish; 1h: MACD bearish; 4h: RSI oversold (23.8)
  ⚠️ Sell signal but no position

[15:01:24] Cycle 1648
  💰 Current Price: $0.26
  🎯 Signal: SELL (confidence: 0.20)
  📝 Reason: 5m: MACD bearish; 15m: MACD bearish; 1h: MACD bearish; 4h: RSI oversold (23.8)
  ⚠️ Sell signal but no position

[15:01:55] Cycle 1649
  💰 Current Price: $0.26
  🎯 Signal: SELL (confidence: 0.20)
  📝 Reason: 5m: MACD bearish; 15m: MACD bearish; 1h: MACD bearish; 4h: RSI oversold (23.8)
  ⚠️ Sell signal but no position

[15:02:26] Cycle 1650
  💰 Current Price: $0.26
  🎯 Signal: HOLD (confidence: 0.10)
  📝 Reason: 5m: MACD bearish; 15m: MACD bearish; 1h: RSI oversold (29.9); 1h: MACD bearish

[15:02:56] Cycle 1651
  💰 Current Price: $0.26
  🎯 Signal: SELL (confidence: 0.20)
  📝 Reason: 5m: MACD bearish; 15m: MACD bearish; 1h: MACD bearish; 4h: RSI oversold (23.7)
  ⚠️ Sell signal but no position

[15:03:27] Cycle 1652
  💰 Current Price: $0.26
  🎯 Signal: SELL (confidence: 0.20)
  📝 Reason: 5m: MACD bearish; 15m: MACD bearish; 1h: MACD bearish; 4h: RSI oversold (23.7)
  ⚠️ Sell signal but no position

[15:03:58] Cycle 1653
  💰 Current Price: $0.26
  🎯 Signal: SELL (confidence: 0.20)
  📝 Reason: 5m: MACD bearish; 15m: MACD bearish; 1h: MACD bearish; 4h: RSI oversold (23.8)
  ⚠️ Sell signal but no position

[15:04:29] Cycle 1654
  💰 Current Price: $0.26
  🎯 Signal: SELL (confidence: 0.20)
  📝 Reason: 5m: MACD bearish; 15m: MACD bearish; 1h: MACD bearish; 4h: RSI oversold (23.7)
  ⚠️ Sell signal but no position

[15:05:00] Cycle 1655
  💰 Current Price: $0.26
  🎯 Signal: SELL (confidence: 0.20)
  📝 Reason: 5m: MACD bearish; 15m: MACD bearish; 1h: MACD bearish; 4h: RSI oversold (23.8)
  ⚠️ Sell signal but no position

[15:05:31] Cycle 1656
  💰 Current Price: $0.26
  🎯 Signal: SELL (confidence: 0.20)
  📝 Reason: 5m: MACD bearish; 15m: MACD bearish; 1h: MACD bearish; 4h: RSI oversold (23.6)
  ⚠️ Sell signal but no position

[15:06:02] Cycle 1657
  💰 Current Price: $0.26
  🎯 Signal: HOLD (confidence: 0.10)
  📝 Reason: 5m: MACD bearish; 15m: MACD bearish; 1h: RSI oversold (29.8); 1h: MACD bearish

[15:06:33] Cycle 1658
  💰 Current Price: $0.26
  🎯 Signal: SELL (confidence: 0.20)
  📝 Reason: 5m: MACD bearish; 15m: MACD bearish; 1h: MACD bearish; 4h: RSI oversold (23.9)
  ⚠️ Sell signal but no position

[15:07:04] Cycle 1659
  💰 Current Price: $0.26
  🎯 Signal: SELL (confidence: 0.20)
  📝 Reason: 5m: MACD bearish; 15m: MACD bearish; 1h: MACD bearish; 4h: RSI oversold (24.1)
  ⚠️ Sell signal but no position

[15:07:35] Cycle 1660
  💰 Current Price: $0.26
  🎯 Signal: SELL (confidence: 0.20)
  📝 Reason: 5m: MACD bearish; 15m: MACD bearish; 1h: MACD bearish; 4h: RSI oversold (24.0)
  ⚠️ Sell signal but no position

[15:08:06] Cycle 1661
  💰 Current Price: $0.26
  🎯 Signal: SELL (confidence: 0.20)
  📝 Reason: 5m: MACD bearish; 15m: MACD bearish; 1h: MACD bearish; 4h: RSI oversold (24.0)
  ⚠️ Sell signal but no position

[15:08:37] Cycle 1662
  💰 Current Price: $0.26
  🎯 Signal: SELL (confidence: 0.20)
  📝 Reason: 5m: MACD bearish; 15m: MACD bearish; 1h: MACD bearish; 4h: RSI oversold (23.9)
  ⚠️ Sell signal but no position

[15:09:07] Cycle 1663
  💰 Current Price: $0.26
  🎯 Signal: SELL (confidence: 0.20)
  📝 Reason: 5m: MACD bearish; 15m: MACD bearish; 1h: MACD bearish; 4h: RSI oversold (23.9)
  ⚠️ Sell signal but no position

[15:09:38] Cycle 1664
  💰 Current Price: $0.26
  🎯 Signal: SELL (confidence: 0.20)
  📝 Reason: 5m: MACD bearish; 15m: MACD bearish; 1h: MACD bearish; 4h: RSI oversold (23.9)
  ⚠️ Sell signal but no position

[15:10:09] Cycle 1665
  💰 Current Price: $0.26
  🎯 Signal: SELL (confidence: 0.20)
  📝 Reason: 5m: MACD bearish; 15m: MACD bearish; 1h: MACD bearish; 4h: RSI oversold (23.9)
  ⚠️ Sell signal but no position

[15:10:40] Cycle 1666
  💰 Current Price: $0.26
  🎯 Signal: SELL (confidence: 0.20)
  📝 Reason: 5m: MACD bearish; 15m: MACD bearish; 1h: MACD bearish; 4h: RSI oversold (24.0)
  ⚠️ Sell signal but no position

[15:11:11] Cycle 1667
  💰 Current Price: $0.26
  🎯 Signal: SELL (confidence: 0.20)
  📝 Reason: 5m: MACD bearish; 15m: MACD bearish; 1h: MACD bearish; 4h: RSI oversold (24.0)
  ⚠️ Sell signal but no position

[15:11:42] Cycle 1668
  💰 Current Price: $0.26
