  Learning: 0 closed trades | win rate 0.0% | avg P&L +0.00%
  Learning status: need 12 closed trades, have 0
  Position detected but no open trade row found — entry was not logged
============================================================
  🪙 Crypto BTC Swing Trading Bot 🟢 LIVE 🤖 AUTO
  Pair: XBTUSD
  Risk per trade: 2.0%
  Min risk/reward: 2.0:1
  Profit target: 4.0%
  Stop loss: 2.0%
  RSI thresholds: 40/70
============================================================

[00:50:26] Cycle 1
  💰 Current Price: $68317.20
  ⚠️ OHLC exception: HTTPSConnectionPool(host='api.kraken.com', port=443): Read timed out. (read timeout=8)
  🎯 Signal: BUY (confidence: 0.42)
  📝 Reason: 15m: MACD bullish; 1h: RSI oversold (19.4); 1h: MACD bearish; 4h: RSI oversold (16.2)

[00:51:05] Cycle 2
  💰 Current Price: $68317.20
  🎯 Signal: BUY (confidence: 0.42)
  📝 Reason: 5m: MACD bullish; 15m: MACD bullish; 1h: RSI oversold (19.4); 1h: MACD bearish

[00:51:36] Cycle 3
  💰 Current Price: $68327.00
  🎯 Signal: BUY (confidence: 0.42)
  📝 Reason: 5m: MACD bullish; 15m: MACD bullish; 1h: RSI oversold (19.9); 1h: MACD bearish

[00:52:08] Cycle 4
  💰 Current Price: $68342.00
  🎯 Signal: BUY (confidence: 0.42)
  📝 Reason: 5m: MACD bullish; 15m: MACD bullish; 1h: RSI oversold (20.0); 1h: MACD bearish

[00:52:38] Cycle 5
  💰 Current Price: $68342.00
  🎯 Signal: BUY (confidence: 0.42)
  📝 Reason: 5m: MACD bullish; 15m: MACD bullish; 1h: RSI oversold (20.0); 1h: MACD bearish

[00:53:12] Cycle 6
  💰 Current Price: $68342.00
  🎯 Signal: BUY (confidence: 0.42)
  📝 Reason: 5m: MACD bullish; 15m: MACD bullish; 1h: RSI oversold (20.0); 1h: MACD bearish

[00:53:43] Cycle 7
  💰 Current Price: $68347.70
  🎯 Signal: BUY (confidence: 0.42)
  📝 Reason: 5m: MACD bullish; 15m: MACD bullish; 1h: RSI oversold (20.1); 1h: MACD bearish

[00:54:14] Cycle 8
  💰 Current Price: $68349.40
  🎯 Signal: BUY (confidence: 0.42)
  📝 Reason: 5m: MACD bullish; 15m: MACD bullish; 1h: RSI oversold (20.1); 1h: MACD bearish

[00:54:45] Cycle 9
  💰 Current Price: $68348.70
  🎯 Signal: BUY (confidence: 0.42)
  📝 Reason: 5m: MACD bullish; 15m: MACD bullish; 1h: RSI oversold (20.1); 1h: MACD bearish

[00:55:16] Cycle 10
  💰 Current Price: $68353.10
  🎯 Signal: BUY (confidence: 0.42)
  📝 Reason: 5m: MACD bullish; 15m: MACD bullish; 1h: RSI oversold (20.2); 1h: MACD bearish

[00:55:47] Cycle 11
  💰 Current Price: $68337.60
  ⚠️ OHLC exception: HTTPSConnectionPool(host='api.kraken.com', port=443): Read timed out. (read timeout=8)
  🎯 Signal: BUY (confidence: 0.42)
  📝 Reason: 15m: MACD bullish; 1h: RSI oversold (19.9); 1h: MACD bearish; 4h: RSI oversold (16.4)

[00:56:26] Cycle 12
  💰 Current Price: $68339.00
  🎯 Signal: BUY (confidence: 0.42)
  📝 Reason: 5m: MACD bullish; 15m: MACD bullish; 1h: RSI oversold (19.9); 1h: MACD bearish

[00:56:57] Cycle 13
  💰 Current Price: $68346.90
  🎯 Signal: BUY (confidence: 0.42)
  📝 Reason: 5m: MACD bullish; 15m: MACD bullish; 1h: RSI oversold (20.1); 1h: MACD bearish

[00:57:28] Cycle 14
  💰 Current Price: $68337.50
  🎯 Signal: BUY (confidence: 0.42)
  📝 Reason: 5m: MACD bullish; 15m: MACD bullish; 1h: RSI oversold (19.9); 1h: MACD bearish

[00:57:59] Cycle 15
  💰 Current Price: $68337.60
  🎯 Signal: BUY (confidence: 0.42)
  📝 Reason: 5m: MACD bullish; 15m: MACD bullish; 1h: RSI oversold (19.7); 1h: MACD bearish

[00:58:30] Cycle 16
  💰 Current Price: $68330.10
  🎯 Signal: BUY (confidence: 0.42)
  📝 Reason: 5m: MACD bullish; 15m: MACD bullish; 1h: RSI oversold (19.7); 1h: MACD bearish

[00:59:01] Cycle 17
  💰 Current Price: $68327.10
  🎯 Signal: BUY (confidence: 0.42)
  📝 Reason: 5m: MACD bullish; 15m: MACD bullish; 1h: RSI oversold (19.6); 1h: MACD bearish

[00:59:31] Cycle 18
  💰 Current Price: $68327.10
  🎯 Signal: BUY (confidence: 0.42)
  📝 Reason: 5m: MACD bullish; 15m: MACD bullish; 1h: RSI oversold (19.6); 1h: MACD bearish

[01:00:07] Cycle 19
  💰 Current Price: $68282.10
  🎯 Signal: BUY (confidence: 0.42)
  📝 Reason: 5m: MACD bullish; 15m: MACD bullish; 1h: RSI oversold (20.7); 1h: MACD bearish

[01:00:38] Cycle 20
  💰 Current Price: $68295.50
  🎯 Signal: BUY (confidence: 0.42)
  📝 Reason: 5m: MACD bullish; 15m: MACD bullish; 1h: RSI oversold (20.8); 1h: MACD bearish

[01:01:09] Cycle 21
  💰 Current Price: $68306.30
  ⚠️ OHLC exception: HTTPSConnectionPool(host='api.kraken.com', port=443): Read timed out. (read timeout=8)
  🎯 Signal: BUY (confidence: 0.42)
  📝 Reason: 15m: MACD bullish; 1h: RSI oversold (21.0); 1h: MACD bearish; 4h: RSI oversold (16.0)

[01:01:48] Cycle 22
  💰 Current Price: $68308.80
  🎯 Signal: BUY (confidence: 0.33)
  📝 Reason: 5m: RSI overbought (70.3); 5m: MACD bullish; 15m: MACD bullish; 1h: RSI oversold (21.0)

[01:02:19] Cycle 23
  💰 Current Price: $68335.50
  🎯 Signal: BUY (confidence: 0.33)
  📝 Reason: 5m: RSI overbought (72.0); 5m: MACD bullish; 15m: MACD bullish; 1h: RSI oversold (21.7)

[01:02:50] Cycle 24
  💰 Current Price: $68341.90
  ⚠️ OHLC exception: HTTPSConnectionPool(host='api.kraken.com', port=443): Read timed out. (read timeout=8)
  🎯 Signal: BUY (confidence: 0.42)
  📝 Reason: 15m: MACD bullish; 1h: RSI oversold (21.8); 1h: MACD bearish; 4h: RSI oversold (16.5)

[01:03:29] Cycle 25
  💰 Current Price: $68348.20
  🎯 Signal: BUY (confidence: 0.33)
  📝 Reason: 5m: RSI overbought (72.7); 5m: MACD bullish; 15m: MACD bullish; 1h: RSI oversold (22.0)

[01:03:59] Cycle 26
  💰 Current Price: $68348.20
  🎯 Signal: BUY (confidence: 0.33)
  📝 Reason: 5m: RSI overbought (72.7); 5m: MACD bullish; 15m: MACD bullish; 1h: RSI oversold (22.0)

[01:04:31] Cycle 27
  💰 Current Price: $68351.10
  ⚠️ OHLC exception: HTTPSConnectionPool(host='api.kraken.com', port=443): Read timed out. (read timeout=8)
  🎯 Signal: BUY (confidence: 0.42)
  📝 Reason: 15m: MACD bullish; 1h: RSI oversold (22.1); 1h: MACD bearish; 4h: RSI oversold (16.5)

[01:05:10] Cycle 28
  💰 Current Price: $68352.00
  🎯 Signal: BUY (confidence: 0.33)
  📝 Reason: 5m: RSI overbought (72.6); 5m: MACD bullish; 15m: MACD bullish; 1h: RSI oversold (22.1)

[01:05:45] Cycle 29
  💰 Current Price: $68319.10
  🎯 Signal: BUY (confidence: 0.42)
  📝 Reason: 5m: MACD bullish; 15m: MACD bullish; 1h: RSI oversold (21.3); 1h: MACD bearish

[01:06:16] Cycle 30
  💰 Current Price: $68326.60
  ⚠️ OHLC exception: HTTPSConnectionPool(host='api.kraken.com', port=443): Read timed out. (read timeout=8)
  🎯 Signal: BUY (confidence: 0.42)
  📝 Reason: 15m: MACD bullish; 1h: RSI oversold (21.5); 1h: MACD bearish; 4h: RSI oversold (16.3)

[01:06:55] Cycle 31
  💰 Current Price: $68315.50
  🎯 Signal: BUY (confidence: 0.42)
  📝 Reason: 5m: MACD bullish; 15m: MACD bullish; 1h: RSI oversold (21.2); 1h: MACD bearish

[01:07:26] Cycle 32
  💰 Current Price: $68315.60
  🎯 Signal: BUY (confidence: 0.42)
  📝 Reason: 5m: MACD bullish; 15m: MACD bullish; 1h: RSI oversold (21.2); 1h: MACD bearish

[01:07:57] Cycle 33
  💰 Current Price: $68320.20
  🎯 Signal: BUY (confidence: 0.42)
  📝 Reason: 5m: MACD bullish; 15m: MACD bullish; 1h: RSI oversold (21.3); 1h: MACD bearish

[01:08:28] Cycle 34
  💰 Current Price: $68320.30
  🎯 Signal: BUY (confidence: 0.42)
  📝 Reason: 5m: MACD bullish; 15m: MACD bullish; 1h: RSI oversold (21.3); 1h: MACD bearish

[01:08:58] Cycle 35
  💰 Current Price: $68324.20
  ⚠️ OHLC exception: HTTPSConnectionPool(host='api.kraken.com', port=443): Read timed out. (read timeout=8)
  🎯 Signal: BUY (confidence: 0.42)
  📝 Reason: 15m: MACD bullish; 1h: RSI oversold (21.5); 1h: MACD bearish; 4h: RSI oversold (16.3)

[01:09:37] Cycle 36
  💰 Current Price: $68318.70
  🎯 Signal: BUY (confidence: 0.42)
  📝 Reason: 5m: MACD bullish; 15m: MACD bullish; 1h: RSI oversold (21.3); 1h: MACD bearish

[01:10:08] Cycle 37
  💰 Current Price: $68338.00
  ⚠️ OHLC exception: HTTPSConnectionPool(host='api.kraken.com', port=443): Read timed out. (read timeout=8)
  Learning: 0 closed trades | win rate 0.0% | avg P&L +0.00%
  Learning status: need 12 closed trades, have 0
  Position detected but no open trade row found — entry was not logged
============================================================
  🪙 Crypto BTC Swing Trading Bot 🟢 LIVE 🤖 AUTO
  Pair: XBTUSD
  Risk per trade: 2.0%
  Min risk/reward: 2.0:1
  Profit target: 4.0%
  Stop loss: 2.0%
  RSI thresholds: 40/70
============================================================

[00:53:09] Cycle 1
  💰 Current Price: $68342.00
  🎯 Signal: BUY (confidence: 0.42)
  📝 Reason: 5m: MACD bullish; 15m: MACD bullish; 1h: RSI oversold (20.0); 1h: MACD bearish

[00:53:40] Cycle 2
  💰 Current Price: $68347.70
  🎯 Signal: BUY (confidence: 0.42)
  📝 Reason: 5m: MACD bullish; 15m: MACD bullish; 1h: RSI oversold (20.1); 1h: MACD bearish

[00:54:11] Cycle 3
  💰 Current Price: $68349.40
  🎯 Signal: BUY (confidence: 0.42)
  📝 Reason: 5m: MACD bullish; 15m: MACD bullish; 1h: RSI oversold (20.1); 1h: MACD bearish

[00:54:42] Cycle 4
  💰 Current Price: $68348.70
  🎯 Signal: BUY (confidence: 0.42)
  📝 Reason: 5m: MACD bullish; 15m: MACD bullish; 1h: RSI oversold (20.1); 1h: MACD bearish

[00:55:13] Cycle 5
  💰 Current Price: $68353.10
  🎯 Signal: BUY (confidence: 0.42)
  📝 Reason: 5m: MACD bullish; 15m: MACD bullish; 1h: RSI oversold (20.2); 1h: MACD bearish

[00:55:44] Cycle 6
  💰 Current Price: $68337.60
  🎯 Signal: BUY (confidence: 0.42)
  📝 Reason: 5m: MACD bullish; 15m: MACD bullish; 1h: RSI oversold (19.9); 1h: MACD bearish

[00:56:15] Cycle 7
  💰 Current Price: $68337.60
  🎯 Signal: BUY (confidence: 0.42)
  📝 Reason: 5m: MACD bullish; 15m: MACD bullish; 1h: RSI oversold (19.9); 1h: MACD bearish

[00:56:46] Cycle 8
  💰 Current Price: $68342.10
  ⚠️ OHLC exception: HTTPSConnectionPool(host='api.kraken.com', port=443): Read timed out. (read timeout=8)
  🎯 Signal: BUY (confidence: 0.42)
  📝 Reason: 15m: MACD bullish; 1h: RSI oversold (20.1); 1h: MACD bearish; 4h: RSI oversold (16.5)

[00:57:24] Cycle 9
  💰 Current Price: $68337.60
  🎯 Signal: BUY (confidence: 0.42)
  📝 Reason: 5m: MACD bullish; 15m: MACD bullish; 1h: RSI oversold (19.9); 1h: MACD bearish

[00:57:59] Cycle 10
  💰 Current Price: $68330.10
  ⚠️ OHLC exception: HTTPSConnectionPool(host='api.kraken.com', port=443): Read timed out. (read timeout=8)
  🎯 Signal: BUY (confidence: 0.42)
  📝 Reason: 15m: MACD bullish; 1h: RSI oversold (19.7); 1h: MACD bearish; 4h: RSI oversold (16.3)

[00:58:39] Cycle 11
  💰 Current Price: $68327.00
  🎯 Signal: BUY (confidence: 0.42)
  📝 Reason: 5m: MACD bullish; 15m: MACD bullish; 1h: RSI oversold (19.6); 1h: MACD bearish

[00:59:10] Cycle 12
  💰 Current Price: $68327.10
  🎯 Signal: BUY (confidence: 0.42)
  📝 Reason: 5m: MACD bullish; 15m: MACD bullish; 1h: RSI oversold (19.6); 1h: MACD bearish

[00:59:41] Cycle 13
  💰 Current Price: $68327.00
  🎯 Signal: BUY (confidence: 0.42)
  📝 Reason: 5m: MACD bullish; 15m: MACD bullish; 1h: RSI oversold (19.6); 1h: MACD bearish

[01:00:12] Cycle 14
  💰 Current Price: $68282.10
  🎯 Signal: BUY (confidence: 0.42)
  📝 Reason: 5m: MACD bullish; 15m: MACD bullish; 1h: RSI oversold (20.7); 1h: MACD bearish

[01:00:43] Cycle 15
  💰 Current Price: $68295.50
  🎯 Signal: BUY (confidence: 0.42)
  📝 Reason: 5m: MACD bullish; 15m: MACD bullish; 1h: RSI oversold (20.8); 1h: MACD bearish

[01:01:14] Cycle 16
  💰 Current Price: $68306.40
  🎯 Signal: BUY (confidence: 0.33)
  📝 Reason: 5m: RSI overbought (70.2); 5m: MACD bullish; 15m: MACD bullish; 1h: RSI oversold (21.0)

[01:01:45] Cycle 17
  💰 Current Price: $68308.80
  🎯 Signal: BUY (confidence: 0.33)
  📝 Reason: 5m: RSI overbought (70.3); 5m: MACD bullish; 15m: MACD bullish; 1h: RSI oversold (21.5)

[01:02:25] Cycle 18
  💰 Current Price: $68342.00
  🎯 Signal: BUY (confidence: 0.33)
  📝 Reason: 5m: RSI overbought (72.3); 5m: MACD bullish; 15m: MACD bullish; 1h: RSI oversold (21.8)

[01:02:56] Cycle 19
  💰 Current Price: $68341.90
  🎯 Signal: BUY (confidence: 0.33)
  📝 Reason: 5m: RSI overbought (72.3); 5m: MACD bullish; 15m: MACD bullish; 1h: RSI oversold (21.8)

[01:03:26] Cycle 20
  💰 Current Price: $68348.20
  🎯 Signal: BUY (confidence: 0.33)
  📝 Reason: 5m: RSI overbought (72.7); 5m: MACD bullish; 15m: MACD bullish; 1h: RSI oversold (22.0)

[01:03:57] Cycle 21
  💰 Current Price: $68348.20
  ⚠️ OHLC exception: HTTPSConnectionPool(host='api.kraken.com', port=443): Read timed out. (read timeout=8)
  🎯 Signal: BUY (confidence: 0.42)
  📝 Reason: 15m: MACD bullish; 1h: RSI oversold (22.0); 1h: MACD bearish; 4h: RSI oversold (16.5)

[01:04:36] Cycle 22
  💰 Current Price: $68352.00
  🎯 Signal: BUY (confidence: 0.33)
  📝 Reason: 5m: RSI overbought (72.9); 5m: MACD bullish; 15m: MACD bullish; 1h: RSI oversold (22.1)

[01:05:07] Cycle 23
  💰 Current Price: $68352.00
  🎯 Signal: BUY (confidence: 0.33)
  📝 Reason: 5m: RSI overbought (72.6); 5m: MACD bullish; 15m: MACD bullish; 1h: RSI oversold (22.1)

[01:05:38] Cycle 24
  💰 Current Price: $68327.00
  🎯 Signal: BUY (confidence: 0.42)
  📝 Reason: 5m: MACD bullish; 15m: MACD bullish; 1h: RSI oversold (21.5); 1h: MACD bearish

[01:06:09] Cycle 25
  💰 Current Price: $68326.60
  🎯 Signal: BUY (confidence: 0.42)
  📝 Reason: 5m: MACD bullish; 15m: MACD bullish; 1h: RSI oversold (21.5); 1h: MACD bearish

[01:06:40] Cycle 26
  💰 Current Price: $68315.50
  🎯 Signal: BUY (confidence: 0.42)
  📝 Reason: 5m: MACD bullish; 15m: MACD bullish; 1h: RSI oversold (21.2); 1h: MACD bearish

[01:07:17] Cycle 27
  💰 Current Price: $68315.50
  🎯 Signal: BUY (confidence: 0.42)
  📝 Reason: 5m: MACD bullish; 15m: MACD bullish; 1h: RSI oversold (21.2); 1h: MACD bearish

[01:07:48] Cycle 28
  💰 Current Price: $68322.20
  🎯 Signal: BUY (confidence: 0.42)
  📝 Reason: 5m: MACD bullish; 15m: MACD bullish; 1h: RSI oversold (21.4); 1h: MACD bearish

[01:08:19] Cycle 29
  💰 Current Price: $68320.30
  ⚠️ OHLC exception: HTTPSConnectionPool(host='api.kraken.com', port=443): Read timed out. (read timeout=8)
  🎯 Signal: BUY (confidence: 0.42)
  📝 Reason: 15m: MACD bullish; 1h: RSI oversold (21.3); 1h: MACD bearish; 4h: RSI oversold (16.2)

[01:08:58] Cycle 30
  💰 Current Price: $68324.20
  🎯 Signal: BUY (confidence: 0.42)
  📝 Reason: 5m: MACD bullish; 15m: MACD bullish; 1h: RSI oversold (21.5); 1h: MACD bearish

[01:09:39] Cycle 31
  💰 Current Price: $68318.70
  🎯 Signal: BUY (confidence: 0.42)
  📝 Reason: 5m: MACD bullish; 15m: MACD bullish; 1h: RSI oversold (21.3); 1h: MACD bearish

[01:10:10] Cycle 32
  💰 Current Price: $68338.00
  🎯 Signal: BUY (confidence: 0.33)
  📝 Reason: 5m: RSI overbought (71.1); 5m: MACD bullish; 15m: MACD bullish; 1h: RSI oversold (21.8)

[01:10:48] Cycle 33
  💰 Current Price: $68341.90
  ⚠️ OHLC exception: HTTPSConnectionPool(host='api.kraken.com', port=443): Read timed out. (read timeout=8)
  🎯 Signal: BUY (confidence: 0.42)
  📝 Reason: 15m: MACD bullish; 1h: RSI oversold (21.8); 1h: MACD bearish; 4h: RSI oversold (16.4)

[01:11:27] Cycle 34
  💰 Current Price: $68324.60
  🎯 Signal: BUY (confidence: 0.33)
  📝 Reason: 5m: RSI overbought (70.1); 5m: MACD bullish; 15m: MACD bullish; 1h: RSI oversold (21.4)

[01:11:58] Cycle 35
  💰 Current Price: $68324.50
  🎯 Signal: BUY (confidence: 0.42)
  📝 Reason: 5m: MACD bullish; 15m: MACD bullish; 1h: RSI oversold (21.1); 1h: MACD bearish

[01:12:29] Cycle 36
  💰 Current Price: $68282.00
  🎯 Signal: BUY (confidence: 0.42)
  📝 Reason: 5m: MACD bullish; 15m: MACD bullish; 1h: RSI oversold (20.7); 1h: MACD bearish

[01:13:00] Cycle 37
  💰 Current Price: $68282.10
  🎯 Signal: BUY (confidence: 0.42)
  📝 Reason: 5m: MACD bullish; 15m: MACD bullish; 1h: RSI oversold (20.7); 1h: MACD bearish

[01:13:33] Cycle 38
  💰 Current Price: $68252.00
  ⚠️ OHLC exception: HTTPSConnectionPool(host='api.kraken.com', port=443): Read timed out. (read timeout=8)
  🎯 Signal: BUY (confidence: 0.42)
  📝 Reason: 15m: MACD bullish; 1h: RSI oversold (21.8); 1h: MACD bearish; 4h: RSI oversold (16.4)

[01:10:47] Cycle 38
  💰 Current Price: $68341.90
  🎯 Signal: BUY (confidence: 0.33)
  📝 Reason: 5m: RSI overbought (71.0); 5m: MACD bullish; 15m: MACD bullish; 1h: RSI oversold (21.8)

[01:11:18] Cycle 39
  💰 Current Price: $68324.60
  🎯 Signal: BUY (confidence: 0.33)
  📝 Reason: 5m: RSI overbought (70.1); 5m: MACD bullish; 15m: MACD bullish; 1h: RSI oversold (21.4)

[01:11:49] Cycle 40
  💰 Current Price: $68324.50
  🎯 Signal: BUY (confidence: 0.33)
  📝 Reason: 5m: RSI overbought (70.1); 5m: MACD bullish; 15m: MACD bullish; 1h: RSI oversold (21.4)

[01:12:20] Cycle 41
  💰 Current Price: $68291.60
  🎯 Signal: BUY (confidence: 0.42)
  📝 Reason: 5m: MACD bullish; 15m: MACD bullish; 1h: RSI oversold (20.8); 1h: MACD bearish

[01:12:51] Cycle 42
  💰 Current Price: $68282.10
  🎯 Signal: BUY (confidence: 0.42)
  📝 Reason: 5m: MACD bullish; 15m: MACD bullish; 1h: RSI oversold (20.7); 1h: MACD bearish

[01:13:22] Cycle 43
  💰 Current Price: $68252.10
  🎯 Signal: BUY (confidence: 0.42)
  📝 Reason: 5m: MACD bullish; 15m: MACD bullish; 1h: RSI oversold (20.5); 1h: MACD bearish

[01:13:53] Cycle 44
  💰 Current Price: $68209.70
  🎯 Signal: BUY (confidence: 0.42)
  📝 Reason: 5m: MACD bullish; 15m: MACD bullish; 1h: RSI oversold (20.3); 1h: MACD bearish

[01:14:24] Cycle 45
  💰 Current Price: $68228.70
  🎯 Signal: BUY (confidence: 0.42)
  📝 Reason: 5m: MACD bullish; 15m: MACD bullish; 1h: RSI oversold (20.4); 1h: MACD bearish

[01:15:00] Cycle 46
  💰 Current Price: $68235.30
  🎯 Signal: BUY (confidence: 0.42)
  📝 Reason: 5m: MACD bullish; 15m: MACD bullish; 1h: RSI oversold (20.4); 1h: MACD bearish

[01:15:31] Cycle 47
  💰 Current Price: $68248.80
  🎯 Signal: BUY (confidence: 0.42)
  📝 Reason: 5m: MACD bullish; 15m: MACD bullish; 1h: RSI oversold (20.5); 1h: MACD bearish

[01:16:01] Cycle 48
  💰 Current Price: $68230.40
  🎯 Signal: BUY (confidence: 0.42)
  📝 Reason: 5m: MACD bullish; 15m: MACD bullish; 1h: RSI oversold (20.4); 1h: MACD bearish

[01:16:32] Cycle 49
  💰 Current Price: $68232.80
  🎯 Signal: BUY (confidence: 0.42)
  📝 Reason: 5m: MACD bullish; 15m: MACD bullish; 1h: RSI oversold (20.4); 1h: MACD bearish

[01:17:03] Cycle 50
  💰 Current Price: $68232.80
  🎯 Signal: BUY (confidence: 0.42)
  📝 Reason: 5m: MACD bullish; 15m: MACD bullish; 1h: RSI oversold (20.4); 1h: MACD bearish

[01:17:34] Cycle 51
  💰 Current Price: $68230.30
  🎯 Signal: BUY (confidence: 0.42)
  📝 Reason: 5m: MACD bullish; 15m: MACD bullish; 1h: RSI oversold (20.4); 1h: MACD bearish

[01:18:05] Cycle 52
  💰 Current Price: $68230.40
  🎯 Signal: BUY (confidence: 0.42)
  📝 Reason: 5m: MACD bullish; 15m: MACD bullish; 1h: RSI oversold (20.4); 1h: MACD bearish

[01:18:36] Cycle 53
  💰 Current Price: $68230.30
  🎯 Signal: BUY (confidence: 0.42)
  📝 Reason: 5m: MACD bullish; 15m: MACD bullish; 1h: RSI oversold (20.4); 1h: MACD bearish

[01:19:07] Cycle 54
  💰 Current Price: $68230.40
  🎯 Signal: BUY (confidence: 0.42)
  📝 Reason: 5m: MACD bullish; 15m: MACD bullish; 1h: RSI oversold (20.4); 1h: MACD bearish

[01:19:38] Cycle 55
  💰 Current Price: $68230.40
  🎯 Signal: BUY (confidence: 0.42)
  📝 Reason: 5m: MACD bullish; 15m: MACD bullish; 1h: RSI oversold (20.4); 1h: MACD bearish

[01:20:09] Cycle 56
  💰 Current Price: $68240.80
  🎯 Signal: BUY (confidence: 0.42)
  📝 Reason: 5m: MACD bullish; 15m: MACD bullish; 1h: RSI oversold (20.5); 1h: MACD bearish

[01:20:40] Cycle 57
  💰 Current Price: $68225.10
  🎯 Signal: BUY (confidence: 0.42)
  📝 Reason: 5m: MACD bullish; 15m: MACD bullish; 1h: RSI oversold (20.5); 1h: MACD bearish

[01:21:35] Cycle 58
  💰 Current Price: $68252.00
  🎯 Signal: BUY (confidence: 0.42)
  📝 Reason: 5m: MACD bullish; 15m: MACD bullish; 1h: RSI oversold (20.5); 1h: MACD bearish

[01:22:06] Cycle 59
  💰 Current Price: $68237.10
  🎯 Signal: BUY (confidence: 0.42)
  📝 Reason: 5m: MACD bullish; 15m: MACD bullish; 1h: RSI oversold (20.4); 1h: MACD bearish

[01:22:37] Cycle 60
  💰 Current Price: $68237.00
  🎯 Signal: BUY (confidence: 0.42)
  📝 Reason: 5m: MACD bullish; 15m: MACD bullish; 1h: RSI oversold (20.4); 1h: MACD bearish

[01:23:16] Cycle 61
  💰 Current Price: $68234.90
  🎯 Signal: BUY (confidence: 0.42)
  📝 Reason: 5m: MACD bullish; 15m: MACD bullish; 1h: RSI oversold (20.4); 1h: MACD bearish

[01:23:48] Cycle 62
  💰 Current Price: $68207.00
  🎯 Signal: BUY (confidence: 0.42)
  📝 Reason: 5m: MACD bullish; 15m: MACD bullish; 1h: RSI oversold (20.3); 1h: MACD bearish

[01:24:19] Cycle 63
  💰 Current Price: $68190.30
  🎯 Signal: BUY (confidence: 0.42)
  📝 Reason: 5m: MACD bullish; 15m: MACD bullish; 1h: RSI oversold (20.2); 1h: MACD bearish

[01:24:50] Cycle 64
  💰 Current Price: $68221.90
  🎯 Signal: BUY (confidence: 0.42)
  📝 Reason: 5m: MACD bullish; 15m: MACD bullish; 1h: RSI oversold (20.4); 1h: MACD bearish

[01:25:21] Cycle 65
  💰 Current Price: $68199.80
  🎯 Signal: BUY (confidence: 0.42)
  📝 Reason: 5m: MACD bullish; 15m: MACD bullish; 1h: RSI oversold (20.2); 1h: MACD bearish

[01:25:51] Cycle 66
  💰 Current Price: $68199.90
  🎯 Signal: BUY (confidence: 0.42)
  📝 Reason: 5m: MACD bullish; 15m: MACD bullish; 1h: RSI oversold (20.2); 1h: MACD bearish

[01:26:22] Cycle 67
  💰 Current Price: $68199.80
  🎯 Signal: BUY (confidence: 0.42)
  📝 Reason: 5m: MACD bullish; 15m: MACD bullish; 1h: RSI oversold (20.2); 1h: MACD bearish

[01:26:53] Cycle 68
  💰 Current Price: $68218.10
  🎯 Signal: BUY (confidence: 0.42)
  📝 Reason: 5m: MACD bullish; 15m: MACD bullish; 1h: RSI oversold (20.3); 1h: MACD bearish

[01:27:24] Cycle 69
  💰 Current Price: $68218.10
  🎯 Signal: BUY (confidence: 0.42)
  📝 Reason: 5m: MACD bullish; 15m: MACD bullish; 1h: RSI oversold (20.2); 1h: MACD bearish

[01:27:55] Cycle 70
  💰 Current Price: $68200.40
  🎯 Signal: BUY (confidence: 0.42)
  📝 Reason: 5m: MACD bullish; 15m: MACD bullish; 1h: RSI oversold (20.2); 1h: MACD bearish

[01:28:26] Cycle 71
  💰 Current Price: $68200.40
  🎯 Signal: BUY (confidence: 0.42)
  📝 Reason: 5m: MACD bullish; 15m: MACD bullish; 1h: RSI oversold (20.2); 1h: MACD bearish

[01:28:57] Cycle 72
  💰 Current Price: $68200.40
  🎯 Signal: BUY (confidence: 0.42)
  📝 Reason: 5m: MACD bullish; 15m: MACD bullish; 1h: RSI oversold (20.2); 1h: MACD bearish

[01:29:28] Cycle 73
  💰 Current Price: $68211.60
  🎯 Signal: BUY (confidence: 0.42)
  📝 Reason: 5m: MACD bullish; 15m: MACD bullish; 1h: RSI oversold (20.3); 1h: MACD bearish

[01:29:59] Cycle 74
  💰 Current Price: $68223.60
  🎯 Signal: BUY (confidence: 0.42)
  📝 Reason: 5m: MACD bullish; 15m: MACD bullish; 1h: RSI oversold (20.4); 1h: MACD bearish

[01:30:30] Cycle 75
  💰 Current Price: $68224.50
  🎯 Signal: BUY (confidence: 0.42)
  📝 Reason: 5m: MACD bullish; 15m: MACD bullish; 1h: RSI oversold (20.4); 1h: MACD bearish

[01:31:01] Cycle 76
  💰 Current Price: $68220.30
  🎯 Signal: BUY (confidence: 0.42)
  📝 Reason: 5m: MACD bullish; 15m: MACD bullish; 1h: RSI oversold (20.3); 1h: MACD bearish

[01:31:31] Cycle 77
  💰 Current Price: $68208.60
  🎯 Signal: BUY (confidence: 0.42)
  📝 Reason: 5m: MACD bullish; 15m: MACD bullish; 1h: RSI oversold (20.3); 1h: MACD bearish

[01:32:02] Cycle 78
  💰 Current Price: $68227.30
  🎯 Signal: BUY (confidence: 0.42)
  📝 Reason: 5m: MACD bullish; 15m: MACD bullish; 1h: RSI oversold (20.4); 1h: MACD bearish

[01:32:33] Cycle 79
  💰 Current Price: $68216.90
  🎯 Signal: BUY (confidence: 0.42)
  📝 Reason: 5m: MACD bullish; 15m: MACD bullish; 1h: RSI oversold (20.3); 1h: MACD bearish

[01:33:04] Cycle 80
  💰 Current Price: $68197.00
  🎯 Signal: BUY (confidence: 0.42)
  📝 Reason: 5m: MACD bullish; 15m: MACD bullish; 1h: RSI oversold (20.2); 1h: MACD bearish

[01:33:35] Cycle 81
  💰 Current Price: $68215.10
  🎯 Signal: BUY (confidence: 0.42)
  📝 Reason: 15m: MACD bullish; 1h: RSI oversold (20.4); 1h: MACD bearish; 4h: RSI oversold (15.3)

[01:14:12] Cycle 39
  💰 Current Price: $68228.80
  🎯 Signal: BUY (confidence: 0.42)
  📝 Reason: 5m: MACD bullish; 15m: MACD bullish; 1h: RSI oversold (20.4); 1h: MACD bearish

[01:14:43] Cycle 40
  💰 Current Price: $68233.90
  ⚠️ OHLC exception: HTTPSConnectionPool(host='api.kraken.com', port=443): Read timed out. (read timeout=8)
  🎯 Signal: BUY (confidence: 0.42)
  📝 Reason: 15m: MACD bullish; 1h: RSI oversold (20.4); 1h: MACD bearish; 4h: RSI oversold (15.3)

[01:15:22] Cycle 41
  💰 Current Price: $68237.00
  🎯 Signal: BUY (confidence: 0.42)
  📝 Reason: 5m: MACD bullish; 15m: MACD bullish; 1h: RSI oversold (20.4); 1h: MACD bearish

[01:15:52] Cycle 42
  💰 Current Price: $68230.40
  🎯 Signal: BUY (confidence: 0.42)
  📝 Reason: 5m: MACD bullish; 15m: MACD bullish; 1h: RSI oversold (20.4); 1h: MACD bearish

[01:16:23] Cycle 43
  💰 Current Price: $68230.40
  🎯 Signal: BUY (confidence: 0.42)
  📝 Reason: 5m: MACD bullish; 15m: MACD bullish; 1h: RSI oversold (20.4); 1h: MACD bearish

[01:16:54] Cycle 44
  💰 Current Price: $68231.60
  🎯 Signal: BUY (confidence: 0.42)
  📝 Reason: 5m: MACD bullish; 15m: MACD bullish; 1h: RSI oversold (20.4); 1h: MACD bearish

[01:17:25] Cycle 45
  💰 Current Price: $68230.40
  🎯 Signal: BUY (confidence: 0.42)
  📝 Reason: 5m: MACD bullish; 15m: MACD bullish; 1h: RSI oversold (20.4); 1h: MACD bearish

[01:17:56] Cycle 46
  💰 Current Price: $68230.40
  🎯 Signal: BUY (confidence: 0.42)
  📝 Reason: 5m: MACD bullish; 15m: MACD bullish; 1h: RSI oversold (20.4); 1h: MACD bearish

[01:18:30] Cycle 47
  💰 Current Price: $68230.30
  🎯 Signal: BUY (confidence: 0.42)
  📝 Reason: 5m: MACD bullish; 15m: MACD bullish; 1h: RSI oversold (20.4); 1h: MACD bearish

[01:19:01] Cycle 48
  💰 Current Price: $68230.40
  🎯 Signal: BUY (confidence: 0.42)
  📝 Reason: 5m: MACD bullish; 15m: MACD bullish; 1h: RSI oversold (20.4); 1h: MACD bearish

[01:19:32] Cycle 49
  💰 Current Price: $68230.30
  🎯 Signal: BUY (confidence: 0.42)
  📝 Reason: 5m: MACD bullish; 15m: MACD bullish; 1h: RSI oversold (20.4); 1h: MACD bearish

[01:20:03] Cycle 50
  💰 Current Price: $68230.50
  🎯 Signal: BUY (confidence: 0.42)
  📝 Reason: 5m: MACD bullish; 15m: MACD bullish; 1h: RSI oversold (20.5); 1h: MACD bearish

[01:20:34] Cycle 51
  💰 Current Price: $68225.00
  🎯 Signal: BUY (confidence: 0.42)
  📝 Reason: 5m: MACD bullish; 15m: MACD bullish; 1h: RSI oversold (20.4); 1h: MACD bearish

[01:21:05] Cycle 52
  💰 Current Price: $68243.50
  🎯 Signal: BUY (confidence: 0.42)
  📝 Reason: 5m: MACD bullish; 15m: MACD bullish; 1h: RSI oversold (20.5); 1h: MACD bearish

[01:21:59] Cycle 53
  💰 Current Price: $68252.00
  🎯 Signal: BUY (confidence: 0.42)
  📝 Reason: 5m: MACD bullish; 15m: MACD bullish; 1h: RSI oversold (20.4); 1h: MACD bearish

[01:22:38] Cycle 54
  💰 Current Price: $68237.00
  🎯 Signal: BUY (confidence: 0.42)
  📝 Reason: 5m: MACD bullish; 15m: MACD bullish; 1h: RSI oversold (20.4); 1h: MACD bearish

[01:23:09] Cycle 55
  💰 Current Price: $68237.10
  🎯 Signal: BUY (confidence: 0.42)
  📝 Reason: 5m: MACD bullish; 15m: MACD bullish; 1h: RSI oversold (20.4); 1h: MACD bearish

[01:23:40] Cycle 56
  💰 Current Price: $68207.00
  🎯 Signal: BUY (confidence: 0.42)
  📝 Reason: 5m: MACD bullish; 15m: MACD bullish; 1h: RSI oversold (20.3); 1h: MACD bearish

[01:24:11] Cycle 57
  💰 Current Price: $68190.40
  🎯 Signal: BUY (confidence: 0.42)
  📝 Reason: 5m: MACD bullish; 15m: MACD bullish; 1h: RSI oversold (20.2); 1h: MACD bearish

[01:24:42] Cycle 58
  💰 Current Price: $68209.50
  🎯 Signal: BUY (confidence: 0.42)
  📝 Reason: 5m: MACD bullish; 15m: MACD bullish; 1h: RSI oversold (20.4); 1h: MACD bearish

[01:25:13] Cycle 59
  💰 Current Price: $68199.90
  🎯 Signal: BUY (confidence: 0.42)
  📝 Reason: 5m: MACD bullish; 15m: MACD bullish; 1h: RSI oversold (20.2); 1h: MACD bearish

[01:25:43] Cycle 60
  💰 Current Price: $68199.90
  🎯 Signal: BUY (confidence: 0.42)
  📝 Reason: 5m: MACD bullish; 15m: MACD bullish; 1h: RSI oversold (20.2); 1h: MACD bearish

[01:26:14] Cycle 61
  💰 Current Price: $68199.80
  🎯 Signal: BUY (confidence: 0.42)
  📝 Reason: 5m: MACD bullish; 15m: MACD bullish; 1h: RSI oversold (20.2); 1h: MACD bearish

[01:26:45] Cycle 62
  💰 Current Price: $68218.20
  🎯 Signal: BUY (confidence: 0.42)
  📝 Reason: 5m: MACD bullish; 15m: MACD bullish; 1h: RSI oversold (20.3); 1h: MACD bearish

[01:27:16] Cycle 63
  💰 Current Price: $68218.10
  🎯 Signal: BUY (confidence: 0.42)
  📝 Reason: 5m: MACD bullish; 15m: MACD bullish; 1h: RSI oversold (20.3); 1h: MACD bearish

[01:27:47] Cycle 64
  💰 Current Price: $68200.40
  🎯 Signal: BUY (confidence: 0.42)
  📝 Reason: 5m: MACD bullish; 15m: MACD bullish; 1h: RSI oversold (20.2); 1h: MACD bearish

[01:28:18] Cycle 65
  💰 Current Price: $68200.40
  🎯 Signal: BUY (confidence: 0.42)
  📝 Reason: 5m: MACD bullish; 15m: MACD bullish; 1h: RSI oversold (20.2); 1h: MACD bearish

[01:28:49] Cycle 66
  💰 Current Price: $68200.40
  🎯 Signal: BUY (confidence: 0.42)
  📝 Reason: 5m: MACD bullish; 15m: MACD bullish; 1h: RSI oversold (20.2); 1h: MACD bearish

[01:29:20] Cycle 67
  💰 Current Price: $68205.60
  🎯 Signal: BUY (confidence: 0.42)
  📝 Reason: 5m: MACD bullish; 15m: MACD bullish; 1h: RSI oversold (20.3); 1h: MACD bearish

[01:29:52] Cycle 68
  💰 Current Price: $68207.50
  🎯 Signal: BUY (confidence: 0.42)
  📝 Reason: 5m: MACD bullish; 15m: MACD bullish; 1h: RSI oversold (20.4); 1h: MACD bearish

[01:30:23] Cycle 69
  💰 Current Price: $68224.50
  🎯 Signal: BUY (confidence: 0.42)
  📝 Reason: 5m: MACD bullish; 15m: MACD bullish; 1h: RSI oversold (20.4); 1h: MACD bearish

[01:30:53] Cycle 70
  💰 Current Price: $68220.30
  🎯 Signal: BUY (confidence: 0.42)
  📝 Reason: 5m: MACD bullish; 15m: MACD bullish; 1h: RSI oversold (20.3); 1h: MACD bearish

[01:31:24] Cycle 71
  💰 Current Price: $68220.20
  🎯 Signal: BUY (confidence: 0.42)
  📝 Reason: 5m: MACD bullish; 15m: MACD bullish; 1h: RSI oversold (20.3); 1h: MACD bearish

[01:31:55] Cycle 72
  💰 Current Price: $68227.30
  🎯 Signal: BUY (confidence: 0.42)
  📝 Reason: 5m: MACD bullish; 15m: MACD bullish; 1h: RSI oversold (20.4); 1h: MACD bearish

[01:32:26] Cycle 73
  💰 Current Price: $68216.90
  🎯 Signal: BUY (confidence: 0.42)
  📝 Reason: 5m: MACD bullish; 15m: MACD bullish; 1h: RSI oversold (20.3); 1h: MACD bearish

[01:32:56] Cycle 74
  💰 Current Price: $68197.00
  🎯 Signal: BUY (confidence: 0.42)
  📝 Reason: 5m: MACD bullish; 15m: MACD bullish; 1h: RSI oversold (20.2); 1h: MACD bearish

[01:33:28] Cycle 75
  💰 Current Price: $68215.10
  🎯 Signal: BUY (confidence: 0.42)
  📝 Reason: 5m: MACD bullish; 15m: MACD bullish; 1h: RSI oversold (20.3); 1h: MACD bearish

[01:33:58] Cycle 76
  💰 Current Price: $68205.10
  🎯 Signal: BUY (confidence: 0.42)
  📝 Reason: 5m: MACD bullish; 15m: MACD bullish; 1h: RSI oversold (20.2); 1h: MACD bearish

[01:34:30] Cycle 77
  💰 Current Price: $68206.60
  🎯 Signal: BUY (confidence: 0.42)
  📝 Reason: 5m: MACD bullish; 15m: MACD bullish; 1h: RSI oversold (20.3); 1h: MACD bearish

[01:35:01] Cycle 78
  💰 Current Price: $68207.00
  🎯 Signal: BUY (confidence: 0.42)
  📝 Reason: 5m: MACD bullish; 15m: MACD bullish; 1h: RSI oversold (20.3); 1h: MACD bearish

[01:35:32] Cycle 79
  💰 Current Price: $68207.10
  🎯 Signal: BUY (confidence: 0.42)
  📝 Reason: 5m: MACD bullish; 15m: MACD bullish; 1h: RSI oversold (20.3); 1h: MACD bearish

[01:36:03] Cycle 80
  💰 Current Price: $68207.10
  🎯 Signal: BUY (confidence: 0.42)
  📝 Reason: 5m: MACD bullish; 15m: MACD bullish; 1h: RSI oversold (20.3); 1h: MACD bearish

[01:36:34] Cycle 81
  💰 Current Price: $68207.10
  🎯 Signal: BUY (confidence: 0.42)
  🎯 Signal: BUY (confidence: 0.42)
  📝 Reason: 5m: MACD bullish; 15m: MACD bullish; 1h: RSI oversold (20.3); 1h: MACD bearish

[01:34:06] Cycle 82
  💰 Current Price: $68200.70
  🎯 Signal: BUY (confidence: 0.42)
  📝 Reason: 5m: MACD bullish; 15m: MACD bullish; 1h: RSI oversold (20.2); 1h: MACD bearish

[01:34:37] Cycle 83
  💰 Current Price: $68207.10
  🎯 Signal: BUY (confidence: 0.42)
  📝 Reason: 5m: MACD bullish; 15m: MACD bullish; 1h: RSI oversold (20.3); 1h: MACD bearish

[01:35:08] Cycle 84
  💰 Current Price: $68207.10
  🎯 Signal: BUY (confidence: 0.42)
  📝 Reason: 5m: MACD bullish; 15m: MACD bullish; 1h: RSI oversold (20.3); 1h: MACD bearish

[01:35:39] Cycle 85
  💰 Current Price: $68207.10
  🎯 Signal: BUY (confidence: 0.42)
  📝 Reason: 5m: MACD bullish; 15m: MACD bullish; 1h: RSI oversold (20.3); 1h: MACD bearish

[01:36:10] Cycle 86
  💰 Current Price: $68207.10
  🎯 Signal: BUY (confidence: 0.42)
  📝 Reason: 5m: MACD bullish; 15m: MACD bullish; 1h: RSI oversold (20.3); 1h: MACD bearish

[01:36:41] Cycle 87
  💰 Current Price: $68207.10
  🎯 Signal: BUY (confidence: 0.42)
  📝 Reason: 5m: MACD bullish; 15m: MACD bullish; 1h: RSI oversold (20.3); 1h: MACD bearish

[01:37:12] Cycle 88
  💰 Current Price: $68208.70
  🎯 Signal: BUY (confidence: 0.42)
  📝 Reason: 5m: MACD bullish; 15m: MACD bullish; 1h: RSI oversold (20.3); 1h: MACD bearish

[01:37:43] Cycle 89
  💰 Current Price: $68237.00
  🎯 Signal: BUY (confidence: 0.42)
  📝 Reason: 5m: MACD bullish; 15m: MACD bullish; 1h: RSI oversold (20.4); 1h: MACD bearish

[01:38:14] Cycle 90
  💰 Current Price: $68250.20
  🎯 Signal: BUY (confidence: 0.42)
  📝 Reason: 5m: MACD bullish; 15m: MACD bullish; 1h: RSI oversold (20.5); 1h: MACD bearish

[01:38:44] Cycle 91
  💰 Current Price: $68252.00
  🎯 Signal: BUY (confidence: 0.42)
  📝 Reason: 5m: MACD bullish; 15m: MACD bullish; 1h: RSI oversold (20.5); 1h: MACD bearish

[01:39:15] Cycle 92
  💰 Current Price: $68251.90
  🎯 Signal: BUY (confidence: 0.42)
  📝 Reason: 5m: MACD bullish; 15m: MACD bullish; 1h: RSI oversold (20.5); 1h: MACD bearish

[01:39:46] Cycle 93
  💰 Current Price: $68252.00
  🎯 Signal: BUY (confidence: 0.42)
  📝 Reason: 5m: MACD bullish; 15m: MACD bullish; 1h: RSI oversold (20.5); 1h: MACD bearish

[01:40:17] Cycle 94
  💰 Current Price: $68249.00
  🎯 Signal: BUY (confidence: 0.53)
  📝 Reason: 5m: RSI oversold (39.8); 5m: MACD bullish; 15m: MACD bullish; 1h: RSI oversold (20.5)

[01:40:48] Cycle 95
  💰 Current Price: $68237.10
  🎯 Signal: BUY (confidence: 0.53)
  📝 Reason: 5m: RSI oversold (39.8); 5m: MACD bullish; 15m: MACD bullish; 1h: RSI oversold (20.4)

[01:41:19] Cycle 96
  💰 Current Price: $68245.40
  🎯 Signal: BUY (confidence: 0.42)
  📝 Reason: 5m: MACD bullish; 15m: MACD bullish; 1h: RSI oversold (20.5); 1h: MACD bearish

[01:41:50] Cycle 97
  💰 Current Price: $68237.00
  🎯 Signal: BUY (confidence: 0.53)
  📝 Reason: 5m: RSI oversold (39.8); 5m: MACD bullish; 15m: MACD bullish; 1h: RSI oversold (20.4)

[01:42:21] Cycle 98
  💰 Current Price: $68237.00
  🎯 Signal: BUY (confidence: 0.53)
  📝 Reason: 5m: RSI oversold (39.8); 5m: MACD bullish; 15m: MACD bullish; 1h: RSI oversold (20.4)

[01:42:52] Cycle 99
  💰 Current Price: $68252.00
  🎯 Signal: BUY (confidence: 0.42)
  📝 Reason: 5m: MACD bullish; 15m: MACD bullish; 1h: RSI oversold (20.5); 1h: MACD bearish

[01:43:23] Cycle 100
  💰 Current Price: $68243.80
  🎯 Signal: BUY (confidence: 0.42)
  📝 Reason: 5m: MACD bullish; 15m: MACD bullish; 1h: RSI oversold (20.5); 1h: MACD bearish

[01:43:54] Cycle 101
  💰 Current Price: $68246.50
  🎯 Signal: BUY (confidence: 0.42)
  📝 Reason: 5m: MACD bullish; 15m: MACD bullish; 1h: RSI oversold (20.5); 1h: MACD bearish

[01:44:25] Cycle 102
  💰 Current Price: $68246.60
  🎯 Signal: BUY (confidence: 0.42)
  📝 Reason: 5m: MACD bullish; 15m: MACD bullish; 1h: RSI oversold (20.5); 1h: MACD bearish

[01:44:56] Cycle 103
  💰 Current Price: $68232.80
  🎯 Signal: BUY (confidence: 0.53)
  📝 Reason: 5m: RSI oversold (39.4); 5m: MACD bullish; 15m: MACD bullish; 1h: RSI oversold (20.4)

[01:45:27] Cycle 104
  💰 Current Price: $68261.40
  🎯 Signal: BUY (confidence: 0.42)
  📝 Reason: 5m: MACD bullish; 15m: MACD bullish; 1h: RSI oversold (20.6); 1h: MACD bearish

[01:45:58] Cycle 105
  💰 Current Price: $68261.30
  🎯 Signal: BUY (confidence: 0.42)
  📝 Reason: 5m: MACD bullish; 15m: MACD bullish; 1h: RSI oversold (20.6); 1h: MACD bearish

[01:46:29] Cycle 106
  💰 Current Price: $68261.40
  🎯 Signal: BUY (confidence: 0.42)
  📝 Reason: 5m: MACD bullish; 15m: MACD bullish; 1h: RSI oversold (20.6); 1h: MACD bearish

[01:47:00] Cycle 107
  💰 Current Price: $68261.40
  🎯 Signal: BUY (confidence: 0.42)
  📝 Reason: 5m: MACD bullish; 15m: MACD bullish; 1h: RSI oversold (20.6); 1h: MACD bearish

[01:47:32] Cycle 108
  💰 Current Price: $68261.30
  🎯 Signal: BUY (confidence: 0.42)
  📝 Reason: 5m: MACD bullish; 15m: MACD bullish; 1h: RSI oversold (20.6); 1h: MACD bearish

[01:48:02] Cycle 109
  💰 Current Price: $68261.30
  🎯 Signal: BUY (confidence: 0.42)
  📝 Reason: 5m: MACD bullish; 15m: MACD bullish; 1h: RSI oversold (20.6); 1h: MACD bearish

[01:48:33] Cycle 110
  💰 Current Price: $68264.20
  🎯 Signal: BUY (confidence: 0.42)
  📝 Reason: 5m: MACD bullish; 15m: MACD bullish; 1h: RSI oversold (20.6); 1h: MACD bearish

[01:49:04] Cycle 111
  💰 Current Price: $68274.20
  🎯 Signal: BUY (confidence: 0.42)
  📝 Reason: 5m: MACD bullish; 15m: MACD bullish; 1h: RSI oversold (20.7); 1h: MACD bearish

[01:49:35] Cycle 112
  💰 Current Price: $68274.20
  🎯 Signal: BUY (confidence: 0.42)
  📝 Reason: 5m: MACD bullish; 15m: MACD bullish; 1h: RSI oversold (20.7); 1h: MACD bearish

[01:50:06] Cycle 113
  💰 Current Price: $68277.20
  🎯 Signal: BUY (confidence: 0.42)
  📝 Reason: 5m: MACD bullish; 15m: MACD bullish; 1h: RSI oversold (20.7); 1h: MACD bearish

[01:50:37] Cycle 114
  💰 Current Price: $68285.00
  🎯 Signal: BUY (confidence: 0.42)
  📝 Reason: 5m: MACD bullish; 15m: MACD bullish; 1h: RSI oversold (20.7); 1h: MACD bearish

[01:51:08] Cycle 115
  💰 Current Price: $68288.10
  🎯 Signal: BUY (confidence: 0.42)
  📝 Reason: 5m: MACD bullish; 15m: MACD bullish; 1h: RSI oversold (20.8); 1h: MACD bearish

[01:51:39] Cycle 116
  💰 Current Price: $68327.00
  🎯 Signal: BUY (confidence: 0.42)
  📝 Reason: 5m: MACD bullish; 15m: MACD bullish; 1h: RSI oversold (21.5); 1h: MACD bearish

[01:52:10] Cycle 117
  💰 Current Price: $68327.00
  🎯 Signal: BUY (confidence: 0.42)
  📝 Reason: 5m: MACD bullish; 15m: MACD bullish; 1h: RSI oversold (21.5); 1h: MACD bearish

[01:52:41] Cycle 118
  💰 Current Price: $68324.00
  🎯 Signal: BUY (confidence: 0.42)
  📝 Reason: 5m: MACD bullish; 15m: MACD bullish; 1h: RSI oversold (21.4); 1h: MACD bearish

[01:53:12] Cycle 119
  💰 Current Price: $68335.80
  🎯 Signal: BUY (confidence: 0.42)
  📝 Reason: 5m: MACD bullish; 15m: MACD bullish; 1h: RSI oversold (21.7); 1h: MACD bearish

[01:53:43] Cycle 120
  💰 Current Price: $68335.80
  🎯 Signal: BUY (confidence: 0.42)
  📝 Reason: 5m: MACD bullish; 15m: MACD bullish; 1h: RSI oversold (21.7); 1h: MACD bearish

[01:54:15] Cycle 121
  💰 Current Price: $68322.60
  🎯 Signal: BUY (confidence: 0.42)
  📝 Reason: 5m: MACD bullish; 15m: MACD bullish; 1h: RSI oversold (21.4); 1h: MACD bearish

[01:54:45] Cycle 122
  💰 Current Price: $68317.90
  🎯 Signal: BUY (confidence: 0.42)
  📝 Reason: 5m: MACD bullish; 15m: MACD bullish; 1h: RSI oversold (21.3); 1h: MACD bearish

[01:55:16] Cycle 123
  💰 Current Price: $68326.90
  🎯 Signal: BUY (confidence: 0.42)
  📝 Reason: 5m: MACD bullish; 15m: MACD bullish; 1h: RSI oversold (21.5); 1h: MACD bearish

[01:55:47] Cycle 124
  💰 Current Price: $68326.80
  🎯 Signal: BUY (confidence: 0.42)
  📝 Reason: 5m: MACD bullish; 15m: MACD bullish; 1h: RSI oversold (21.4); 1h: MACD bearish

[01:56:18] Cycle 125
  📝 Reason: 5m: MACD bullish; 15m: MACD bullish; 1h: RSI oversold (20.3); 1h: MACD bearish

[01:37:05] Cycle 82
  💰 Current Price: $68228.90
  🎯 Signal: BUY (confidence: 0.42)
  📝 Reason: 5m: MACD bullish; 15m: MACD bullish; 1h: RSI oversold (20.3); 1h: MACD bearish

[01:37:36] Cycle 83
  💰 Current Price: $68237.00
  🎯 Signal: BUY (confidence: 0.42)
  📝 Reason: 5m: MACD bullish; 15m: MACD bullish; 1h: RSI oversold (20.4); 1h: MACD bearish

[01:38:07] Cycle 84
  💰 Current Price: $68250.20
  🎯 Signal: BUY (confidence: 0.42)
  📝 Reason: 5m: MACD bullish; 15m: MACD bullish; 1h: RSI oversold (20.5); 1h: MACD bearish

[01:38:38] Cycle 85
  💰 Current Price: $68251.20
  🎯 Signal: BUY (confidence: 0.42)
  📝 Reason: 5m: MACD bullish; 15m: MACD bullish; 1h: RSI oversold (20.5); 1h: MACD bearish

[01:39:09] Cycle 86
  💰 Current Price: $68251.90
  🎯 Signal: BUY (confidence: 0.42)
  📝 Reason: 5m: MACD bullish; 15m: MACD bullish; 1h: RSI oversold (20.5); 1h: MACD bearish

[01:39:40] Cycle 87
  💰 Current Price: $68252.00
  🎯 Signal: BUY (confidence: 0.42)
  📝 Reason: 5m: MACD bullish; 15m: MACD bullish; 1h: RSI oversold (20.5); 1h: MACD bearish

[01:40:11] Cycle 88
  💰 Current Price: $68249.00
  🎯 Signal: BUY (confidence: 0.42)
  📝 Reason: 5m: MACD bullish; 15m: MACD bullish; 1h: RSI oversold (20.5); 1h: MACD bearish

[01:40:42] Cycle 89
  💰 Current Price: $68237.10
  🎯 Signal: BUY (confidence: 0.53)
  📝 Reason: 5m: RSI oversold (39.8); 5m: MACD bullish; 15m: MACD bullish; 1h: RSI oversold (20.4)

[01:41:13] Cycle 90
  💰 Current Price: $68245.40
  🎯 Signal: BUY (confidence: 0.42)
  📝 Reason: 5m: MACD bullish; 15m: MACD bullish; 1h: RSI oversold (20.5); 1h: MACD bearish

[01:41:44] Cycle 91
  💰 Current Price: $68237.00
  🎯 Signal: BUY (confidence: 0.53)
  📝 Reason: 5m: RSI oversold (39.8); 5m: MACD bullish; 15m: MACD bullish; 1h: RSI oversold (20.4)

[01:42:15] Cycle 92
  💰 Current Price: $68237.00
  🎯 Signal: BUY (confidence: 0.53)
  📝 Reason: 5m: RSI oversold (39.8); 5m: MACD bullish; 15m: MACD bullish; 1h: RSI oversold (20.4)

[01:42:45] Cycle 93
  💰 Current Price: $68252.00
  🎯 Signal: BUY (confidence: 0.42)
  📝 Reason: 5m: MACD bullish; 15m: MACD bullish; 1h: RSI oversold (20.5); 1h: MACD bearish

[01:43:16] Cycle 94
  💰 Current Price: $68243.80
  🎯 Signal: BUY (confidence: 0.42)
  📝 Reason: 5m: MACD bullish; 15m: MACD bullish; 1h: RSI oversold (20.5); 1h: MACD bearish

[01:43:47] Cycle 95
  💰 Current Price: $68243.80
  🎯 Signal: BUY (confidence: 0.42)
  📝 Reason: 5m: MACD bullish; 15m: MACD bullish; 1h: RSI oversold (20.5); 1h: MACD bearish

[01:44:18] Cycle 96
  💰 Current Price: $68246.60
  🎯 Signal: BUY (confidence: 0.42)
  📝 Reason: 5m: MACD bullish; 15m: MACD bullish; 1h: RSI oversold (20.5); 1h: MACD bearish

[01:44:49] Cycle 97
  💰 Current Price: $68225.50
  🎯 Signal: BUY (confidence: 0.53)
  📝 Reason: 5m: RSI oversold (38.7); 5m: MACD bullish; 15m: MACD bullish; 1h: RSI oversold (20.4)

[01:45:20] Cycle 98
  💰 Current Price: $68257.90
  🎯 Signal: BUY (confidence: 0.42)
  📝 Reason: 5m: MACD bullish; 15m: MACD bullish; 1h: RSI oversold (20.6); 1h: MACD bearish

[01:45:51] Cycle 99
  💰 Current Price: $68261.30
  🎯 Signal: BUY (confidence: 0.42)
  📝 Reason: 5m: MACD bullish; 15m: MACD bullish; 1h: RSI oversold (20.6); 1h: MACD bearish

[01:46:22] Cycle 100
  💰 Current Price: $68261.40
  🎯 Signal: BUY (confidence: 0.42)
  📝 Reason: 5m: MACD bullish; 15m: MACD bullish; 1h: RSI oversold (20.6); 1h: MACD bearish

[01:46:53] Cycle 101
  💰 Current Price: $68261.40
  🎯 Signal: BUY (confidence: 0.42)
  📝 Reason: 5m: MACD bullish; 15m: MACD bullish; 1h: RSI oversold (20.6); 1h: MACD bearish

[01:47:23] Cycle 102
  💰 Current Price: $68261.30
  🎯 Signal: BUY (confidence: 0.42)
  📝 Reason: 5m: MACD bullish; 15m: MACD bullish; 1h: RSI oversold (20.6); 1h: MACD bearish

[01:47:54] Cycle 103
  💰 Current Price: $68261.40
  🎯 Signal: BUY (confidence: 0.42)
  📝 Reason: 5m: MACD bullish; 15m: MACD bullish; 1h: RSI oversold (20.6); 1h: MACD bearish

[01:48:25] Cycle 104
  💰 Current Price: $68261.30
  🎯 Signal: BUY (confidence: 0.42)
  📝 Reason: 5m: MACD bullish; 15m: MACD bullish; 1h: RSI oversold (20.6); 1h: MACD bearish

[01:48:56] Cycle 105
  💰 Current Price: $68274.20
  🎯 Signal: BUY (confidence: 0.42)
  📝 Reason: 5m: MACD bullish; 15m: MACD bullish; 1h: RSI oversold (20.7); 1h: MACD bearish

[01:49:27] Cycle 106
  💰 Current Price: $68274.20
  🎯 Signal: BUY (confidence: 0.42)
  📝 Reason: 5m: MACD bullish; 15m: MACD bullish; 1h: RSI oversold (20.7); 1h: MACD bearish

[01:49:58] Cycle 107
  💰 Current Price: $68277.20
  🎯 Signal: BUY (confidence: 0.42)
  📝 Reason: 5m: MACD bullish; 15m: MACD bullish; 1h: RSI oversold (20.7); 1h: MACD bearish

[01:50:29] Cycle 108
  💰 Current Price: $68285.00
  🎯 Signal: BUY (confidence: 0.42)
  📝 Reason: 5m: MACD bullish; 15m: MACD bullish; 1h: RSI oversold (20.7); 1h: MACD bearish

[01:51:00] Cycle 109
  💰 Current Price: $68288.10
  🎯 Signal: BUY (confidence: 0.42)
  📝 Reason: 5m: MACD bullish; 15m: MACD bullish; 1h: RSI oversold (20.8); 1h: MACD bearish

[01:51:31] Cycle 110
  💰 Current Price: $68297.00
  🎯 Signal: BUY (confidence: 0.42)
  📝 Reason: 5m: MACD bullish; 15m: MACD bullish; 1h: RSI oversold (20.8); 1h: MACD bearish

[01:52:01] Cycle 111
  💰 Current Price: $68327.00
  🎯 Signal: BUY (confidence: 0.42)
  📝 Reason: 5m: MACD bullish; 15m: MACD bullish; 1h: RSI oversold (21.5); 1h: MACD bearish

[01:52:32] Cycle 112
  💰 Current Price: $68332.40
  🎯 Signal: BUY (confidence: 0.42)
  📝 Reason: 5m: MACD bullish; 15m: MACD bullish; 1h: RSI oversold (21.5); 1h: MACD bearish

[01:53:03] Cycle 113
  💰 Current Price: $68335.80
  🎯 Signal: BUY (confidence: 0.42)
  📝 Reason: 5m: MACD bullish; 15m: MACD bullish; 1h: RSI oversold (21.7); 1h: MACD bearish

[01:53:34] Cycle 114
  💰 Current Price: $68322.60
  🎯 Signal: BUY (confidence: 0.42)
  📝 Reason: 5m: MACD bullish; 15m: MACD bullish; 1h: RSI oversold (21.4); 1h: MACD bearish

[01:54:05] Cycle 115
  💰 Current Price: $68322.50
  🎯 Signal: BUY (confidence: 0.42)
  📝 Reason: 5m: MACD bullish; 15m: MACD bullish; 1h: RSI oversold (21.4); 1h: MACD bearish

[01:54:36] Cycle 116
  💰 Current Price: $68317.80
  🎯 Signal: BUY (confidence: 0.42)
  📝 Reason: 5m: MACD bullish; 15m: MACD bullish; 1h: RSI oversold (21.3); 1h: MACD bearish

[01:55:07] Cycle 117
  💰 Current Price: $68317.80
  🎯 Signal: BUY (confidence: 0.42)
  📝 Reason: 5m: MACD bullish; 15m: MACD bullish; 1h: RSI oversold (21.3); 1h: MACD bearish

[01:55:38] Cycle 118
  💰 Current Price: $68326.80
  🎯 Signal: BUY (confidence: 0.42)
  📝 Reason: 5m: MACD bullish; 15m: MACD bullish; 1h: RSI oversold (21.5); 1h: MACD bearish

[01:56:09] Cycle 119
  💰 Current Price: $68323.90
  🎯 Signal: BUY (confidence: 0.42)
  📝 Reason: 5m: MACD bullish; 15m: MACD bullish; 1h: RSI oversold (21.4); 1h: MACD bearish

[01:56:40] Cycle 120
  💰 Current Price: $68323.80
  🎯 Signal: BUY (confidence: 0.42)
  📝 Reason: 5m: MACD bullish; 15m: MACD bullish; 1h: RSI oversold (21.4); 1h: MACD bearish

[01:57:11] Cycle 121
  💰 Current Price: $68300.10
  🎯 Signal: BUY (confidence: 0.42)
  📝 Reason: 5m: MACD bullish; 15m: MACD bullish; 1h: RSI oversold (20.8); 1h: MACD bearish

[01:57:42] Cycle 122
  💰 Current Price: $68300.00
  🎯 Signal: BUY (confidence: 0.42)
  📝 Reason: 5m: MACD bullish; 15m: MACD bullish; 1h: RSI oversold (20.8); 1h: MACD bearish

[01:58:13] Cycle 123
  💰 Current Price: $68281.20
  🎯 Signal: BUY (confidence: 0.42)
  📝 Reason: 5m: MACD bullish; 15m: MACD bullish; 1h: RSI oversold (20.7); 1h: MACD bearish

[01:58:44] Cycle 124
  💰 Current Price: $68285.60
  🎯 Signal: BUY (confidence: 0.42)
  📝 Reason: 5m: MACD bullish; 15m: MACD bullish; 1h: RSI oversold (20.7); 1h: MACD bearish

[01:59:15] Cycle 125
  💰 Current Price: $68283.80
  🎯 Signal: BUY (confidence: 0.42)
  📝 Reason: 5m: MACD bullish; 15m: MACD bullish; 1h: RSI oversold (20.7); 1h: MACD bearish

[01:59:46] Cycle 126
  💰 Current Price: $68283.80
  🎯 Signal: BUY (confidence: 0.42)
  📝 Reason: 5m: MACD bullish; 15m: MACD bullish; 1h: RSI oversold (20.7); 1h: MACD bearish

[02:00:17] Cycle 127
  💰 Current Price: $68267.10
  🎯 Signal: BUY (confidence: 0.53)
  📝 Reason: 5m: RSI oversold (39.9); 5m: MACD bullish; 15m: MACD bullish; 1h: RSI oversold (22.6)

[02:00:48] Cycle 128
  💰 Current Price: $68267.00
  🎯 Signal: BUY (confidence: 0.53)
  📝 Reason: 5m: RSI oversold (39.8); 5m: MACD bullish; 15m: MACD bullish; 1h: RSI oversold (22.6)

[02:01:19] Cycle 129
  💰 Current Price: $68261.40
  🎯 Signal: BUY (confidence: 0.42)
  📝 Reason: 5m: RSI oversold (39.3); 5m: MACD bearish; 15m: MACD bullish; 1h: RSI oversold (22.5)

[02:01:50] Cycle 130
  💰 Current Price: $68222.10
  🎯 Signal: BUY (confidence: 0.62)
  📝 Reason: 5m: RSI oversold (36.0); 5m: MACD bearish; 15m: RSI oversold (38.2); 15m: MACD bullish
  💰 Available: $62.19 USD, $0.00 USDC
  🏦 Using: $62.19 USD
  ✅ Order placed: {'txid': ['OLRGZ3-6EG6C-INOF7O'], 'descr': {'order': 'buy 0.00073 XBTUSD @ market'}}
  ✅ BUY EXECUTED: 0.00 shares @ $68222.10
  💰 Cost: $50.00 (USD)
  🛡️ Stop Loss: $67452.94
  🎯 Take Profit: $70950.98
  📊 Risk/Reward: 3.55
  🛡️ Placing stop-loss order at $67452.94
  ❌ Order error: ['EOrder:Invalid price:BTC/USD price can only be specified up to 1 decimals.']
  ❌ Stop-loss order failed: {'error': ['EOrder:Invalid price:BTC/USD price can only be specified up to 1 decimals.']}
  🎯 Placing take-profit order at $70950.98
  ❌ Order error: ['EOrder:Invalid price:BTC/USD price can only be specified up to 1 decimals.']
  ❌ Take-profit order failed: {'error': ['EOrder:Invalid price:BTC/USD price can only be specified up to 1 decimals.']}
  ✅ Buy order placed

[02:02:22] Cycle 131
  💰 Current Price: $68222.70

❌ Bot error: cannot access local variable 'trailing_stop' where it is not associated with a value
  💰 Current Price: $68323.90
  🎯 Signal: BUY (confidence: 0.42)
  📝 Reason: 5m: MACD bullish; 15m: MACD bullish; 1h: RSI oversold (21.4); 1h: MACD bearish

[01:56:49] Cycle 126
  💰 Current Price: $68314.80
  🎯 Signal: BUY (confidence: 0.42)
  📝 Reason: 5m: MACD bullish; 15m: MACD bullish; 1h: RSI oversold (21.2); 1h: MACD bearish

[01:57:20] Cycle 127
  💰 Current Price: $68300.10
  🎯 Signal: BUY (confidence: 0.42)
  📝 Reason: 5m: MACD bullish; 15m: MACD bullish; 1h: RSI oversold (20.8); 1h: MACD bearish

[01:57:51] Cycle 128
  💰 Current Price: $68300.10
  🎯 Signal: BUY (confidence: 0.42)
  📝 Reason: 5m: MACD bullish; 15m: MACD bullish; 1h: RSI oversold (20.8); 1h: MACD bearish

[01:58:22] Cycle 129
  💰 Current Price: $68285.10
  🎯 Signal: BUY (confidence: 0.42)
  📝 Reason: 5m: MACD bullish; 15m: MACD bullish; 1h: RSI oversold (20.7); 1h: MACD bearish

[01:58:53] Cycle 130
  💰 Current Price: $68279.20
  🎯 Signal: BUY (confidence: 0.42)
  📝 Reason: 5m: MACD bullish; 15m: MACD bullish; 1h: RSI oversold (20.7); 1h: MACD bearish

[01:59:24] Cycle 131
  💰 Current Price: $68283.90
  🎯 Signal: BUY (confidence: 0.42)
  📝 Reason: 5m: MACD bullish; 15m: MACD bullish; 1h: RSI oversold (20.7); 1h: MACD bearish

[01:59:55] Cycle 132
  💰 Current Price: $68283.80
  🎯 Signal: BUY (confidence: 0.42)
  📝 Reason: 5m: MACD bullish; 15m: MACD bullish; 1h: RSI oversold (20.7); 1h: MACD bearish

[02:00:26] Cycle 133
  💰 Current Price: $68267.10
  🎯 Signal: BUY (confidence: 0.53)
  📝 Reason: 5m: RSI oversold (39.9); 5m: MACD bullish; 15m: MACD bullish; 1h: RSI oversold (22.6)

[02:00:57] Cycle 134
  💰 Current Price: $68267.00
  🎯 Signal: BUY (confidence: 0.53)
  📝 Reason: 5m: RSI oversold (39.8); 5m: MACD bullish; 15m: MACD bullish; 1h: RSI oversold (22.6)

[02:01:28] Cycle 135
  💰 Current Price: $68261.40
  🎯 Signal: BUY (confidence: 0.42)
  📝 Reason: 5m: RSI oversold (39.3); 5m: MACD bearish; 15m: MACD bullish; 1h: RSI oversold (22.5)

[02:01:58] Cycle 136
  💰 Current Price: $68222.10
  🎯 Signal: BUY (confidence: 0.62)
  📝 Reason: 5m: RSI oversold (36.0); 5m: MACD bearish; 15m: RSI oversold (38.2); 15m: MACD bullish
  💰 Available: $11.99 USD, $0.00 USDC
  🏦 Using: $11.99 USD
  ❌ Insufficient USD: need $50.00, have $11.99
  ❌ Buy order failed

[02:02:29] Cycle 137
  💰 Current Price: $68223.80
  🎯 Signal: BUY (confidence: 0.62)
  📝 Reason: 5m: RSI oversold (36.3); 5m: MACD bearish; 15m: RSI oversold (38.3); 15m: MACD bullish
  💰 Available: $11.99 USD, $0.00 USDC
  🏦 Using: $11.99 USD
  ❌ Insufficient USD: need $50.00, have $11.99
  ❌ Buy order failed

[02:03:00] Cycle 138
  💰 Current Price: $68226.70
  🎯 Signal: BUY (confidence: 0.62)
  📝 Reason: 5m: RSI oversold (36.4); 5m: MACD bearish; 15m: RSI oversold (38.5); 15m: MACD bullish
  💰 Available: $11.99 USD, $0.00 USDC
  🏦 Using: $11.99 USD
  ❌ Insufficient USD: need $50.00, have $11.99
  ❌ Buy order failed

[02:03:31] Cycle 139
  💰 Current Price: $68247.60
  🎯 Signal: BUY (confidence: 0.62)
  📝 Reason: 5m: RSI oversold (38.1); 5m: MACD bearish; 15m: RSI oversold (39.8); 15m: MACD bullish
  💰 Available: $11.99 USD, $0.00 USDC
  🏦 Using: $11.99 USD
  ❌ Insufficient USD: need $50.00, have $11.99
  ❌ Buy order failed

[02:04:02] Cycle 140
  💰 Current Price: $68251.50
  🎯 Signal: BUY (confidence: 0.42)
  📝 Reason: 5m: RSI oversold (38.4); 5m: MACD bearish; 15m: MACD bullish; 1h: RSI oversold (22.5)

[02:04:33] Cycle 141
  💰 Current Price: $68238.50
  🎯 Signal: BUY (confidence: 0.62)
  📝 Reason: 5m: RSI oversold (37.3); 5m: MACD bearish; 15m: RSI oversold (39.3); 15m: MACD bullish
  💰 Available: $11.99 USD, $0.00 USDC
  🏦 Using: $11.99 USD
  ❌ Insufficient USD: need $50.00, have $11.99
  ❌ Buy order failed

[02:05:04] Cycle 142
  💰 Current Price: $68241.90
  🎯 Signal: BUY (confidence: 0.53)
  📝 Reason: 5m: MACD bearish; 15m: RSI oversold (39.5); 15m: MACD bullish; 1h: RSI oversold (22.4)

[02:05:35] Cycle 143
  💰 Current Price: $68241.90
  🎯 Signal: BUY (confidence: 0.53)
  📝 Reason: 5m: MACD bearish; 15m: RSI oversold (39.5); 15m: MACD bullish; 1h: RSI oversold (22.4)

[02:06:06] Cycle 144
  💰 Current Price: $68242.00
  🎯 Signal: BUY (confidence: 0.53)
  📝 Reason: 5m: MACD bearish; 15m: RSI oversold (39.5); 15m: MACD bullish; 1h: RSI oversold (22.4)

[02:06:37] Cycle 145
  💰 Current Price: $68242.00
  🎯 Signal: BUY (confidence: 0.53)
  📝 Reason: 5m: MACD bearish; 15m: RSI oversold (39.5); 15m: MACD bullish; 1h: RSI oversold (22.4)

[02:07:08] Cycle 146
  💰 Current Price: $68242.00
  🎯 Signal: BUY (confidence: 0.53)
  📝 Reason: 5m: MACD bearish; 15m: RSI oversold (39.5); 15m: MACD bullish; 1h: RSI oversold (22.4)

[02:07:39] Cycle 147
  💰 Current Price: $68242.00
  🎯 Signal: BUY (confidence: 0.53)
  📝 Reason: 5m: MACD bearish; 15m: RSI oversold (39.5); 15m: MACD bullish; 1h: RSI oversold (22.4)

[02:08:10] Cycle 148
  💰 Current Price: $68242.00
  🎯 Signal: BUY (confidence: 0.53)
  📝 Reason: 5m: MACD bearish; 15m: RSI oversold (39.5); 15m: MACD bullish; 1h: RSI oversold (22.4)

[02:08:41] Cycle 149
  💰 Current Price: $68248.80
  🎯 Signal: BUY (confidence: 0.53)
  📝 Reason: 5m: MACD bearish; 15m: RSI oversold (39.9); 15m: MACD bullish; 1h: RSI oversold (22.5)

[02:09:12] Cycle 150
  💰 Current Price: $68248.90
  🎯 Signal: BUY (confidence: 0.53)
  📝 Reason: 5m: MACD bearish; 15m: RSI oversold (39.9); 15m: MACD bullish; 1h: RSI oversold (22.5)

[02:09:43] Cycle 151
  💰 Current Price: $68248.90
  🎯 Signal: BUY (confidence: 0.53)
  📝 Reason: 5m: MACD bearish; 15m: RSI oversold (39.9); 15m: MACD bullish; 1h: RSI oversold (22.5)

[02:10:14] Cycle 152
  💰 Current Price: $68264.80
  🎯 Signal: BUY (confidence: 0.42)
  📝 Reason: 5m: RSI oversold (38.1); 5m: MACD bearish; 15m: MACD bullish; 1h: RSI oversold (22.6)

[02:10:45] Cycle 153
  💰 Current Price: $68266.90
  🎯 Signal: BUY (confidence: 0.42)
  📝 Reason: 5m: RSI oversold (38.5); 5m: MACD bearish; 15m: MACD bullish; 1h: RSI oversold (22.6)

[02:11:16] Cycle 154
  💰 Current Price: $68268.00
  🎯 Signal: BUY (confidence: 0.42)
  📝 Reason: 5m: RSI oversold (38.6); 5m: MACD bearish; 15m: MACD bullish; 1h: RSI oversold (22.6)

[02:11:47] Cycle 155
  💰 Current Price: $68275.70
  🎯 Signal: BUY (confidence: 0.42)
  📝 Reason: 5m: RSI oversold (39.9); 5m: MACD bearish; 15m: MACD bullish; 1h: RSI oversold (22.7)

[02:12:18] Cycle 156
  💰 Current Price: $68282.00
  🎯 Signal: BUY (confidence: 0.33)
  📝 Reason: 5m: MACD bearish; 15m: MACD bullish; 1h: RSI oversold (22.9); 1h: MACD bearish

[02:12:49] Cycle 157
  💰 Current Price: $68281.90
  🎯 Signal: BUY (confidence: 0.33)
  📝 Reason: 5m: MACD bearish; 15m: MACD bullish; 1h: RSI oversold (22.9); 1h: MACD bearish

[02:13:20] Cycle 158
  💰 Current Price: $68283.90
  🎯 Signal: BUY (confidence: 0.33)
  📝 Reason: 5m: MACD bearish; 15m: MACD bullish; 1h: RSI oversold (22.9); 1h: MACD bearish

[02:13:51] Cycle 159
  💰 Current Price: $68285.80
  🎯 Signal: BUY (confidence: 0.33)
  📝 Reason: 5m: MACD bearish; 15m: MACD bullish; 1h: RSI oversold (23.0); 1h: MACD bearish

[02:14:22] Cycle 160
  💰 Current Price: $68285.80
  🎯 Signal: BUY (confidence: 0.33)
  📝 Reason: 5m: MACD bearish; 15m: MACD bullish; 1h: RSI oversold (23.0); 1h: MACD bearish

[02:14:53] Cycle 161
  💰 Current Price: $68285.80
  🎯 Signal: BUY (confidence: 0.33)
  📝 Reason: 5m: MACD bearish; 15m: MACD bullish; 1h: RSI oversold (23.0); 1h: MACD bearish

[02:15:24] Cycle 162
  💰 Current Price: $68241.00
  🎯 Signal: BUY (confidence: 0.42)
  📝 Reason: 5m: RSI oversold (38.0); 5m: MACD bearish; 15m: MACD bullish; 1h: RSI oversold (22.4)

[02:15:55] Cycle 163
  💰 Current Price: $68257.90
  🎯 Signal: BUY (confidence: 0.33)
  📝 Reason: 5m: MACD bearish; 15m: MACD bullish; 1h: RSI oversold (22.5); 1h: MACD bearish

[02:16:26] Cycle 164
  💰 Current Price: $68264.40
  🎯 Signal: BUY (confidence: 0.33)
  📝 Reason: 5m: MACD bearish; 15m: MACD bullish; 1h: RSI oversold (22.6); 1h: MACD bearish

[02:16:57] Cycle 165
  💰 Current Price: $68251.30
  🎯 Signal: BUY (confidence: 0.42)
  📝 Reason: 5m: RSI oversold (39.2); 5m: MACD bearish; 15m: MACD bullish; 1h: RSI oversold (22.5)

[02:17:28] Cycle 166
  💰 Current Price: $68251.30
  🎯 Signal: BUY (confidence: 0.42)
  📝 Reason: 5m: RSI oversold (39.2); 5m: MACD bearish; 15m: MACD bullish; 1h: RSI oversold (22.5)

[02:17:59] Cycle 167
  💰 Current Price: $68247.90
  🎯 Signal: BUY (confidence: 0.42)
  📝 Reason: 5m: RSI oversold (38.8); 5m: MACD bearish; 15m: MACD bullish; 1h: RSI oversold (22.4)

[02:18:30] Cycle 168
  💰 Current Price: $68237.10
  🎯 Signal: BUY (confidence: 0.42)
  📝 Reason: 5m: RSI oversold (37.6); 5m: MACD bearish; 15m: MACD bullish; 1h: RSI oversold (22.4)

[02:19:01] Cycle 169
  💰 Current Price: $68237.00
  🎯 Signal: BUY (confidence: 0.42)
  📝 Reason: 5m: RSI oversold (37.6); 5m: MACD bearish; 15m: MACD bullish; 1h: RSI oversold (22.4)

[02:19:31] Cycle 170
  💰 Current Price: $68244.20
  🎯 Signal: BUY (confidence: 0.42)
  📝 Reason: 5m: RSI oversold (38.4); 5m: MACD bearish; 15m: MACD bullish; 1h: RSI oversold (22.4)

[02:20:02] Cycle 171
  💰 Current Price: $68244.20
  🎯 Signal: BUY (confidence: 0.33)
  📝 Reason: 5m: MACD bearish; 15m: MACD bullish; 1h: RSI oversold (22.4); 1h: MACD bearish

[02:20:33] Cycle 172
  💰 Current Price: $68244.10
  🎯 Signal: BUY (confidence: 0.33)
  📝 Reason: 5m: MACD bearish; 15m: MACD bullish; 1h: RSI oversold (22.4); 1h: MACD bearish

[02:21:04] Cycle 173
  💰 Current Price: $68244.20
  🎯 Signal: BUY (confidence: 0.33)
  📝 Reason: 5m: MACD bearish; 15m: MACD bullish; 1h: RSI oversold (22.4); 1h: MACD bearish

[02:21:34] Cycle 174
  💰 Current Price: $68237.00
  🎯 Signal: BUY (confidence: 0.33)
  📝 Reason: 5m: MACD bearish; 15m: MACD bullish; 1h: RSI oversold (22.4); 1h: MACD bearish

[02:22:05] Cycle 175
  💰 Current Price: $68237.10
  🎯 Signal: BUY (confidence: 0.33)
  📝 Reason: 5m: MACD bearish; 15m: MACD bullish; 1h: RSI oversold (22.4); 1h: MACD bearish

[02:22:36] Cycle 176
  💰 Current Price: $68237.10
  🎯 Signal: BUY (confidence: 0.33)
  📝 Reason: 5m: MACD bearish; 15m: MACD bullish; 1h: RSI oversold (22.4); 1h: MACD bearish

[02:23:07] Cycle 177
  💰 Current Price: $68227.20
  🎯 Signal: BUY (confidence: 0.33)
  📝 Reason: 5m: MACD bearish; 15m: MACD bullish; 1h: RSI oversold (22.3); 1h: MACD bearish

[02:23:38] Cycle 178
  💰 Current Price: $68175.90
  🎯 Signal: BUY (confidence: 0.53)
  📝 Reason: 5m: MACD bearish; 15m: RSI oversold (38.8); 15m: MACD bullish; 1h: RSI oversold (21.9)

[02:24:09] Cycle 179
  💰 Current Price: $68129.00
  🎯 Signal: BUY (confidence: 0.62)
  📝 Reason: 5m: RSI oversold (35.4); 5m: MACD bearish; 15m: RSI oversold (36.3); 15m: MACD bullish
  💰 Available: $11.99 USD, $0.00 USDC
  🏦 Using: $11.99 USD
  ❌ Insufficient USD: need $50.00, have $11.99
  ❌ Buy order failed

[02:24:41] Cycle 180
  💰 Current Price: $68129.10
  🎯 Signal: BUY (confidence: 0.62)
  📝 Reason: 5m: RSI oversold (35.4); 5m: MACD bearish; 15m: RSI oversold (36.3); 15m: MACD bullish
  💰 Available: $11.99 USD, $0.00 USDC
  🏦 Using: $11.99 USD
  ❌ Insufficient USD: need $50.00, have $11.99
  ❌ Buy order failed

[02:25:12] Cycle 181
  💰 Current Price: $68132.00
  🎯 Signal: BUY (confidence: 0.62)
  📝 Reason: 5m: RSI oversold (36.4); 5m: MACD bearish; 15m: RSI oversold (36.5); 15m: MACD bullish
  💰 Available: $5.98 USD, $0.00 USDC
  🏦 Using: $5.98 USD
  ❌ Insufficient USD: need $50.00, have $5.98
  ❌ Buy order failed

[02:25:43] Cycle 182
  💰 Current Price: $68144.60
  🎯 Signal: BUY (confidence: 0.62)
  📝 Reason: 5m: RSI oversold (38.5); 5m: MACD bearish; 15m: RSI oversold (37.2); 15m: MACD bullish
  💰 Available: $5.98 USD, $0.00 USDC
  🏦 Using: $5.98 USD
  ❌ Insufficient USD: need $50.00, have $5.98
  ❌ Buy order failed

[02:26:14] Cycle 183
  💰 Current Price: $68144.70
  🎯 Signal: BUY (confidence: 0.62)
  📝 Reason: 5m: RSI oversold (38.6); 5m: MACD bearish; 15m: RSI oversold (37.2); 15m: MACD bullish
  💰 Available: $5.98 USD, $0.00 USDC
  🏦 Using: $5.98 USD
  ❌ Insufficient USD: need $50.00, have $5.98
  ❌ Buy order failed

[02:26:45] Cycle 184
  💰 Current Price: $68144.70
  🎯 Signal: BUY (confidence: 0.62)
  📝 Reason: 5m: RSI oversold (38.6); 5m: MACD bearish; 15m: RSI oversold (37.2); 15m: MACD bullish
  💰 Available: $5.98 USD, $0.00 USDC
  🏦 Using: $5.98 USD
  ❌ Insufficient USD: need $50.00, have $5.98
  ❌ Buy order failed

[02:27:16] Cycle 185
  💰 Current Price: $68144.70
  🎯 Signal: BUY (confidence: 0.62)
  📝 Reason: 5m: RSI oversold (38.6); 5m: MACD bearish; 15m: RSI oversold (37.2); 15m: MACD bullish
  💰 Available: $5.98 USD, $0.00 USDC
  🏦 Using: $5.98 USD
  ❌ Insufficient USD: need $50.00, have $5.98
  ❌ Buy order failed

[02:27:47] Cycle 186
  💰 Current Price: $68135.00
  🎯 Signal: BUY (confidence: 0.62)
  📝 Reason: 5m: RSI oversold (36.9); 5m: MACD bearish; 15m: RSI oversold (36.7); 15m: MACD bullish
  💰 Available: $5.98 USD, $0.00 USDC
  🏦 Using: $5.98 USD
  ❌ Insufficient USD: need $50.00, have $5.98
  ❌ Buy order failed

[02:28:19] Cycle 187
  💰 Current Price: $68124.60
  🎯 Signal: BUY (confidence: 0.62)
  📝 Reason: 5m: RSI oversold (35.4); 5m: MACD bearish; 15m: RSI oversold (36.1); 15m: MACD bullish
  💰 Available: $5.98 USD, $0.00 USDC
  🏦 Using: $5.98 USD
  ❌ Insufficient USD: need $50.00, have $5.98
  ❌ Buy order failed

[02:28:50] Cycle 188
  💰 Current Price: $68117.60
  🎯 Signal: BUY (confidence: 0.62)
  📝 Reason: 5m: RSI oversold (34.8); 5m: MACD bearish; 15m: RSI oversold (35.7); 15m: MACD bullish
  💰 Available: $5.98 USD, $0.00 USDC
  🏦 Using: $5.98 USD
  ❌ Insufficient USD: need $50.00, have $5.98
  ❌ Buy order failed

[02:29:21] Cycle 189
  💰 Current Price: $68117.50
  🎯 Signal: BUY (confidence: 0.62)
  📝 Reason: 5m: RSI oversold (34.8); 5m: MACD bearish; 15m: RSI oversold (35.7); 15m: MACD bullish
  💰 Available: $5.98 USD, $0.00 USDC
  🏦 Using: $5.98 USD
  ❌ Insufficient USD: need $50.00, have $5.98
  ❌ Buy order failed

[02:29:52] Cycle 190
  💰 Current Price: $68106.70
  🎯 Signal: BUY (confidence: 0.62)
  📝 Reason: 5m: RSI oversold (33.8); 5m: MACD bearish; 15m: RSI oversold (35.1); 15m: MACD bullish
  💰 Available: $5.98 USD, $0.00 USDC
  🏦 Using: $5.98 USD
  ❌ Insufficient USD: need $50.00, have $5.98
  ❌ Buy order failed

[02:30:23] Cycle 191
  💰 Current Price: $68106.90
  🎯 Signal: BUY (confidence: 0.42)
  📝 Reason: 5m: RSI oversold (34.6); 5m: MACD bearish; 15m: RSI oversold (33.3); 15m: MACD bearish

[02:30:54] Cycle 192
  💰 Current Price: $68106.90
  🎯 Signal: BUY (confidence: 0.42)
  📝 Reason: 5m: RSI oversold (34.6); 5m: MACD bearish; 15m: RSI oversold (33.3); 15m: MACD bearish

[02:31:25] Cycle 193
  💰 Current Price: $68106.90
  🎯 Signal: BUY (confidence: 0.42)
  📝 Reason: 5m: RSI oversold (34.6); 5m: MACD bearish; 15m: RSI oversold (33.3); 15m: MACD bearish

[02:31:56] Cycle 194
  💰 Current Price: $68109.90
  🎯 Signal: BUY (confidence: 0.42)
  📝 Reason: 5m: RSI oversold (35.1); 5m: MACD bearish; 15m: RSI oversold (33.6); 15m: MACD bearish

[02:32:27] Cycle 195
  💰 Current Price: $68109.90
  🎯 Signal: BUY (confidence: 0.42)
  📝 Reason: 5m: RSI oversold (35.1); 5m: MACD bearish; 15m: RSI oversold (33.6); 15m: MACD bearish

[02:32:58] Cycle 196
  💰 Current Price: $68132.00
  🎯 Signal: BUY (confidence: 0.42)
  📝 Reason: 5m: RSI oversold (38.7); 5m: MACD bearish; 15m: RSI oversold (35.8); 15m: MACD bearish

[02:33:29] Cycle 197
  💰 Current Price: $68131.90
  🎯 Signal: BUY (confidence: 0.42)
  📝 Reason: 5m: RSI oversold (38.7); 5m: MACD bearish; 15m: RSI oversold (35.8); 15m: MACD bearish

[02:34:00] Cycle 198
  💰 Current Price: $68131.90
  🎯 Signal: BUY (confidence: 0.42)
  📝 Reason: 5m: RSI oversold (38.7); 5m: MACD bearish; 15m: RSI oversold (35.8); 15m: MACD bearish

[02:34:31] Cycle 199
  💰 Current Price: $68132.00
  🎯 Signal: BUY (confidence: 0.42)
  📝 Reason: 5m: RSI oversold (38.7); 5m: MACD bearish; 15m: RSI oversold (35.8); 15m: MACD bearish

[02:35:02] Cycle 200
  💰 Current Price: $68102.10
  🎯 Signal: BUY (confidence: 0.42)
  📝 Reason: 5m: RSI oversold (33.8); 5m: MACD bearish; 15m: RSI oversold (33.1); 15m: MACD bearish

[02:35:33] Cycle 201
  💰 Current Price: $68105.10
  🎯 Signal: BUY (confidence: 0.42)
  📝 Reason: 5m: RSI oversold (34.4); 5m: MACD bearish; 15m: RSI oversold (33.2); 15m: MACD bearish

[02:36:04] Cycle 202
  💰 Current Price: $68132.00
  🎯 Signal: BUY (confidence: 0.42)
  📝 Reason: 5m: RSI oversold (38.7); 5m: MACD bearish; 15m: RSI oversold (35.8); 15m: MACD bearish

[02:36:35] Cycle 203
  💰 Current Price: $68131.30
  🎯 Signal: BUY (confidence: 0.42)
  📝 Reason: 5m: RSI oversold (38.6); 5m: MACD bearish; 15m: RSI oversold (35.7); 15m: MACD bearish

[02:37:06] Cycle 204
  💰 Current Price: $68131.40
  🎯 Signal: BUY (confidence: 0.42)
  📝 Reason: 5m: RSI oversold (38.6); 5m: MACD bearish; 15m: RSI oversold (35.7); 15m: MACD bearish

[02:37:37] Cycle 205
  💰 Current Price: $68106.50
  🎯 Signal: BUY (confidence: 0.42)
  📝 Reason: 5m: RSI oversold (34.6); 5m: MACD bearish; 15m: RSI oversold (33.3); 15m: MACD bearish

[02:38:08] Cycle 206
  💰 Current Price: $68102.00
  🎯 Signal: BUY (confidence: 0.42)
  📝 Reason: 5m: RSI oversold (33.8); 5m: MACD bearish; 15m: RSI oversold (33.1); 15m: MACD bearish

[02:38:38] Cycle 207
  💰 Current Price: $68101.10
  🎯 Signal: BUY (confidence: 0.42)
  📝 Reason: 5m: RSI oversold (33.7); 5m: MACD bearish; 15m: RSI oversold (33.0); 15m: MACD bearish

[02:39:09] Cycle 208
  💰 Current Price: $68076.50
  🎯 Signal: BUY (confidence: 0.42)
  📝 Reason: 5m: RSI oversold (30.3); 5m: MACD bearish; 15m: RSI oversold (31.1); 15m: MACD bearish

[02:39:40] Cycle 209
  💰 Current Price: $68073.50
  🎯 Signal: BUY (confidence: 0.42)
  📝 Reason: 5m: RSI oversold (31.4); 5m: MACD bearish; 15m: RSI oversold (31.7); 15m: MACD bearish

[02:40:11] Cycle 210
  💰 Current Price: $68140.70
  🎯 Signal: BUY (confidence: 0.33)
  📝 Reason: 5m: MACD bearish; 15m: RSI oversold (36.6); 15m: MACD bearish; 1h: RSI oversold (21.7)

[02:40:42] Cycle 211
  💰 Current Price: $68147.00
  🎯 Signal: BUY (confidence: 0.33)
  📝 Reason: 5m: MACD bearish; 15m: RSI oversold (37.2); 15m: MACD bearish; 1h: RSI oversold (21.7)

[02:41:13] Cycle 212
  💰 Current Price: $68161.90
  🎯 Signal: BUY (confidence: 0.33)
  📝 Reason: 5m: MACD bearish; 15m: RSI oversold (38.5); 15m: MACD bearish; 1h: RSI oversold (21.8)

[02:41:44] Cycle 213
  💰 Current Price: $68173.40
  🎯 Signal: BUY (confidence: 0.33)
  📝 Reason: 5m: MACD bearish; 15m: RSI oversold (39.4); 15m: MACD bearish; 1h: RSI oversold (21.9)

[02:42:15] Cycle 214
  💰 Current Price: $68173.50
  🎯 Signal: BUY (confidence: 0.33)
  📝 Reason: 5m: MACD bearish; 15m: RSI oversold (39.4); 15m: MACD bearish; 1h: RSI oversold (21.9)

[02:42:46] Cycle 215
  💰 Current Price: $68177.00
  🎯 Signal: BUY (confidence: 0.33)
  📝 Reason: 5m: MACD bearish; 15m: RSI oversold (39.7); 15m: MACD bearish; 1h: RSI oversold (22.0)

[02:43:17] Cycle 216
  💰 Current Price: $68189.50
  🎯 Signal: HOLD (confidence: 0.12)
  📝 Reason: 5m: MACD bearish; 15m: MACD bearish; 1h: RSI oversold (22.0); 1h: MACD bearish

[02:43:48] Cycle 217
  💰 Current Price: $68191.90
  🎯 Signal: HOLD (confidence: 0.12)
  📝 Reason: 5m: MACD bearish; 15m: MACD bearish; 1h: RSI oversold (22.0); 1h: MACD bearish

[02:44:19] Cycle 218
  💰 Current Price: $68193.50
  🎯 Signal: HOLD (confidence: 0.12)
  📝 Reason: 5m: MACD bearish; 15m: MACD bearish; 1h: RSI oversold (22.1); 1h: MACD bearish

[02:44:50] Cycle 219
  💰 Current Price: $68160.30
  🎯 Signal: BUY (confidence: 0.33)
  📝 Reason: 5m: MACD bearish; 15m: RSI oversold (38.3); 15m: MACD bearish; 1h: RSI oversold (21.9)

[02:45:21] Cycle 220
  💰 Current Price: $68165.90
  🎯 Signal: BUY (confidence: 0.42)
  📝 Reason: 5m: RSI oversold (38.0); 5m: MACD bearish; 15m: RSI oversold (39.6); 15m: MACD bearish

[02:45:52] Cycle 221
  💰 Current Price: $68161.90
  🎯 Signal: BUY (confidence: 0.42)
  📝 Reason: 5m: RSI oversold (37.6); 5m: MACD bearish; 15m: RSI oversold (39.4); 15m: MACD bearish

[02:46:23] Cycle 222
  💰 Current Price: $68165.30
  🎯 Signal: BUY (confidence: 0.42)
  📝 Reason: 5m: RSI oversold (38.0); 5m: MACD bearish; 15m: RSI oversold (39.6); 15m: MACD bearish

[02:46:54] Cycle 223
  💰 Current Price: $68171.60
  🎯 Signal: BUY (confidence: 0.42)
  📝 Reason: 5m: RSI oversold (38.6); 5m: MACD bearish; 15m: RSI oversold (39.9); 15m: MACD bearish

[02:47:25] Cycle 224
  💰 Current Price: $68177.00
  🎯 Signal: BUY (confidence: 0.23)
  📝 Reason: 5m: RSI oversold (39.2); 5m: MACD bearish; 15m: MACD bearish; 1h: RSI oversold (21.9)

[02:47:56] Cycle 225
  💰 Current Price: $68176.90
  🎯 Signal: BUY (confidence: 0.23)
  📝 Reason: 5m: RSI oversold (39.2); 5m: MACD bearish; 15m: MACD bearish; 1h: RSI oversold (21.9)

[02:48:27] Cycle 226
  💰 Current Price: $68188.60
  🎯 Signal: HOLD (confidence: 0.12)
  📝 Reason: 5m: MACD bearish; 15m: MACD bearish; 1h: RSI oversold (22.0); 1h: MACD bearish

[02:48:58] Cycle 227
  💰 Current Price: $68190.70
  🎯 Signal: HOLD (confidence: 0.12)
  📝 Reason: 5m: MACD bearish; 15m: MACD bearish; 1h: RSI oversold (22.0); 1h: MACD bearish

[02:49:28] Cycle 228
  💰 Current Price: $68192.00
  🎯 Signal: HOLD (confidence: 0.12)
  📝 Reason: 5m: MACD bearish; 15m: MACD bearish; 1h: RSI oversold (22.0); 1h: MACD bearish

[02:49:59] Cycle 229
  💰 Current Price: $68206.70
  🎯 Signal: HOLD (confidence: 0.12)
  📝 Reason: 5m: MACD bearish; 15m: MACD bearish; 1h: RSI oversold (22.1); 1h: MACD bearish

[02:50:30] Cycle 230
  💰 Current Price: $68215.60
  🎯 Signal: HOLD (confidence: 0.12)
  📝 Reason: 5m: MACD bearish; 15m: MACD bearish; 1h: RSI oversold (22.2); 1h: MACD bearish

[02:51:01] Cycle 231
  💰 Current Price: $68230.20
  🎯 Signal: HOLD (confidence: 0.12)
  📝 Reason: 5m: MACD bearish; 15m: MACD bearish; 1h: RSI oversold (22.3); 1h: MACD bearish

[02:51:32] Cycle 232
  💰 Current Price: $68235.50
  🎯 Signal: HOLD (confidence: 0.12)
  📝 Reason: 5m: MACD bearish; 15m: MACD bearish; 1h: RSI oversold (22.4); 1h: MACD bearish

[02:52:03] Cycle 233
  💰 Current Price: $68236.50
  🎯 Signal: HOLD (confidence: 0.12)
  📝 Reason: 5m: MACD bearish; 15m: MACD bearish; 1h: RSI oversold (22.4); 1h: MACD bearish

[02:52:34] Cycle 234
  💰 Current Price: $68236.90
  🎯 Signal: HOLD (confidence: 0.12)
  📝 Reason: 5m: MACD bearish; 15m: MACD bearish; 1h: RSI oversold (22.4); 1h: MACD bearish

[02:53:05] Cycle 235
  💰 Current Price: $68239.70
  🎯 Signal: HOLD (confidence: 0.12)
  📝 Reason: 5m: MACD bearish; 15m: MACD bearish; 1h: RSI oversold (22.4); 1h: MACD bearish

[02:53:36] Cycle 236
  💰 Current Price: $68248.60
  🎯 Signal: HOLD (confidence: 0.12)
  📝 Reason: 5m: MACD bearish; 15m: MACD bearish; 1h: RSI oversold (22.5); 1h: MACD bearish

[02:54:06] Cycle 237
  💰 Current Price: $68248.60
  🎯 Signal: HOLD (confidence: 0.12)
  📝 Reason: 5m: MACD bearish; 15m: MACD bearish; 1h: RSI oversold (22.5); 1h: MACD bearish

[02:54:38] Cycle 238
  💰 Current Price: $68248.60
  🎯 Signal: HOLD (confidence: 0.12)
  📝 Reason: 5m: MACD bearish; 15m: MACD bearish; 1h: RSI oversold (22.5); 1h: MACD bearish

[02:55:08] Cycle 239
  💰 Current Price: $68237.00
  🎯 Signal: HOLD (confidence: 0.12)
  📝 Reason: 5m: MACD bearish; 15m: MACD bearish; 1h: RSI oversold (22.4); 1h: MACD bearish

[02:55:39] Cycle 240
  💰 Current Price: $68248.50
  🎯 Signal: HOLD (confidence: 0.12)
  📝 Reason: 5m: MACD bearish; 15m: MACD bearish; 1h: RSI oversold (22.5); 1h: MACD bearish

[02:56:10] Cycle 241
  💰 Current Price: $68240.50
  🎯 Signal: HOLD (confidence: 0.12)
  📝 Reason: 5m: MACD bearish; 15m: MACD bearish; 1h: RSI oversold (22.4); 1h: MACD bearish

[02:56:41] Cycle 242
  💰 Current Price: $68240.50
  🎯 Signal: HOLD (confidence: 0.12)
  📝 Reason: 5m: MACD bearish; 15m: MACD bearish; 1h: RSI oversold (22.4); 1h: MACD bearish

[02:57:12] Cycle 243
  💰 Current Price: $68240.40
  🎯 Signal: HOLD (confidence: 0.12)
  📝 Reason: 5m: MACD bearish; 15m: MACD bearish; 1h: RSI oversold (22.4); 1h: MACD bearish

[02:57:43] Cycle 244
  💰 Current Price: $68252.00
  🎯 Signal: HOLD (confidence: 0.12)
  📝 Reason: 5m: MACD bearish; 15m: MACD bearish; 1h: RSI oversold (22.5); 1h: MACD bearish

[02:58:14] Cycle 245
  💰 Current Price: $68275.90
  🎯 Signal: HOLD (confidence: 0.12)
  📝 Reason: 5m: MACD bearish; 15m: MACD bearish; 1h: RSI oversold (22.7); 1h: MACD bearish

[02:58:45] Cycle 246
  💰 Current Price: $68296.50
  🎯 Signal: HOLD (confidence: 0.12)
  📝 Reason: 5m: MACD bearish; 15m: MACD bearish; 1h: RSI oversold (23.3); 1h: MACD bearish

[02:59:16] Cycle 247
  💰 Current Price: $68303.60
  🎯 Signal: BUY (confidence: 0.33)
  📝 Reason: 5m: MACD bearish; 15m: MACD bullish; 1h: RSI oversold (23.4); 1h: MACD bearish

[02:59:47] Cycle 248
  💰 Current Price: $68367.30
  🎯 Signal: BUY (confidence: 0.33)
  📝 Reason: 5m: MACD bearish; 15m: MACD bullish; 1h: RSI oversold (25.0); 1h: MACD bearish

[03:00:18] Cycle 249
  💰 Current Price: $68367.90
  🎯 Signal: BUY (confidence: 0.42)
  📝 Reason: 5m: MACD bullish; 15m: MACD bullish; 1h: RSI oversold (32.3); 1h: MACD bearish

[03:00:49] Cycle 250
  💰 Current Price: $68367.80
  🎯 Signal: BUY (confidence: 0.42)
  📝 Reason: 5m: MACD bullish; 15m: MACD bullish; 1h: RSI oversold (32.3); 1h: MACD bearish

[03:01:20] Cycle 251
  💰 Current Price: $68367.90
  🎯 Signal: BUY (confidence: 0.42)
  📝 Reason: 5m: MACD bullish; 15m: MACD bullish; 1h: RSI oversold (32.3); 1h: MACD bearish

[03:01:51] Cycle 252
  💰 Current Price: $68367.90
  🎯 Signal: BUY (confidence: 0.42)
  📝 Reason: 5m: MACD bullish; 15m: MACD bullish; 1h: RSI oversold (32.3); 1h: MACD bearish

[03:02:21] Cycle 253
  💰 Current Price: $68392.20
  🎯 Signal: BUY (confidence: 0.42)
  📝 Reason: 5m: MACD bullish; 15m: MACD bullish; 1h: RSI oversold (33.0); 1h: MACD bearish

[03:02:52] Cycle 254
  💰 Current Price: $68383.80
  🎯 Signal: BUY (confidence: 0.42)
  📝 Reason: 5m: MACD bullish; 15m: MACD bullish; 1h: RSI oversold (32.7); 1h: MACD bearish

[03:03:23] Cycle 255
  💰 Current Price: $68350.40
  🎯 Signal: BUY (confidence: 0.33)
  📝 Reason: 5m: MACD bearish; 15m: MACD bullish; 1h: RSI oversold (31.8); 1h: MACD bearish

[03:03:54] Cycle 256
  💰 Current Price: $68355.60
  🎯 Signal: BUY (confidence: 0.33)
  📝 Reason: 5m: MACD bearish; 15m: MACD bullish; 1h: RSI oversold (32.0); 1h: MACD bearish

[03:04:25] Cycle 257
  💰 Current Price: $68355.50
  🎯 Signal: BUY (confidence: 0.33)
  📝 Reason: 5m: MACD bearish; 15m: MACD bullish; 1h: RSI oversold (32.0); 1h: MACD bearish

[03:04:56] Cycle 258
  💰 Current Price: $68344.60
  🎯 Signal: BUY (confidence: 0.33)
  📝 Reason: 5m: MACD bearish; 15m: MACD bullish; 1h: RSI oversold (31.8); 1h: MACD bearish

[03:05:27] Cycle 259
  💰 Current Price: $68354.50
  🎯 Signal: BUY (confidence: 0.42)
  📝 Reason: 5m: MACD bullish; 15m: MACD bullish; 1h: RSI oversold (31.9); 1h: MACD bearish

[03:05:58] Cycle 260
  💰 Current Price: $68361.90
  🎯 Signal: BUY (confidence: 0.42)
  📝 Reason: 5m: MACD bullish; 15m: MACD bullish; 1h: RSI oversold (32.1); 1h: MACD bearish

[03:06:29] Cycle 261
  💰 Current Price: $68381.10
  🎯 Signal: BUY (confidence: 0.42)
  📝 Reason: 5m: MACD bullish; 15m: MACD bullish; 1h: RSI oversold (32.7); 1h: MACD bearish

[03:07:00] Cycle 262
  💰 Current Price: $68363.30
  🎯 Signal: BUY (confidence: 0.42)
  📝 Reason: 5m: MACD bullish; 15m: MACD bullish; 1h: RSI oversold (32.2); 1h: MACD bearish

[03:07:31] Cycle 263
  💰 Current Price: $68372.10
  🎯 Signal: BUY (confidence: 0.42)
  📝 Reason: 5m: MACD bullish; 15m: MACD bullish; 1h: RSI oversold (32.4); 1h: MACD bearish

[03:08:02] Cycle 264
  💰 Current Price: $68387.00
  🎯 Signal: BUY (confidence: 0.42)
  📝 Reason: 5m: MACD bullish; 15m: MACD bullish; 1h: RSI oversold (33.0); 1h: MACD bearish

[03:08:33] Cycle 265
  💰 Current Price: $68391.90
  🎯 Signal: BUY (confidence: 0.42)
  📝 Reason: 5m: MACD bullish; 15m: MACD bullish; 1h: RSI oversold (33.0); 1h: MACD bearish

[03:09:04] Cycle 266
  💰 Current Price: $68400.00
  🎯 Signal: BUY (confidence: 0.42)
  📝 Reason: 5m: MACD bullish; 15m: MACD bullish; 1h: RSI oversold (33.2); 1h: MACD bearish

[03:09:35] Cycle 267
  💰 Current Price: $68381.30
  🎯 Signal: BUY (confidence: 0.42)
  📝 Reason: 5m: MACD bullish; 15m: MACD bullish; 1h: RSI oversold (32.7); 1h: MACD bearish

[03:10:06] Cycle 268
  💰 Current Price: $68377.60
  🎯 Signal: BUY (confidence: 0.42)
  📝 Reason: 5m: MACD bullish; 15m: MACD bullish; 1h: RSI oversold (32.6); 1h: MACD bearish

[03:10:37] Cycle 269
  💰 Current Price: $68372.30
  🎯 Signal: BUY (confidence: 0.42)
  📝 Reason: 5m: MACD bullish; 15m: MACD bullish; 1h: RSI oversold (32.4); 1h: MACD bearish

[03:11:08] Cycle 270
  💰 Current Price: $68372.30
  🎯 Signal: BUY (confidence: 0.42)
  📝 Reason: 5m: MACD bullish; 15m: MACD bullish; 1h: RSI oversold (32.4); 1h: MACD bearish

[03:11:39] Cycle 271
  💰 Current Price: $68357.00
  🎯 Signal: BUY (confidence: 0.42)
  📝 Reason: 5m: MACD bullish; 15m: MACD bullish; 1h: RSI oversold (32.0); 1h: MACD bearish

[03:12:10] Cycle 272
  💰 Current Price: $68361.00
  🎯 Signal: BUY (confidence: 0.42)
  📝 Reason: 5m: MACD bullish; 15m: MACD bullish; 1h: RSI oversold (32.1); 1h: MACD bearish

[03:12:41] Cycle 273
  💰 Current Price: $68364.70
  🎯 Signal: BUY (confidence: 0.42)
  📝 Reason: 5m: MACD bullish; 15m: MACD bullish; 1h: RSI oversold (32.2); 1h: MACD bearish

[03:13:12] Cycle 274
  💰 Current Price: $68376.80
  🎯 Signal: BUY (confidence: 0.42)
  📝 Reason: 5m: MACD bullish; 15m: MACD bullish; 1h: RSI oversold (32.6); 1h: MACD bearish

[03:13:43] Cycle 275
  💰 Current Price: $68418.90
  🎯 Signal: BUY (confidence: 0.42)
  📝 Reason: 5m: MACD bullish; 15m: MACD bullish; 1h: RSI oversold (33.9); 1h: MACD bearish

[03:14:14] Cycle 276
  💰 Current Price: $68461.20
  🎯 Signal: BUY (confidence: 0.33)
  📝 Reason: 5m: RSI overbought (71.0); 5m: MACD bullish; 15m: MACD bullish; 1h: RSI oversold (34.6)

[03:14:45] Cycle 277
  💰 Current Price: $68514.40
  🎯 Signal: BUY (confidence: 0.33)
  📝 Reason: 5m: RSI overbought (73.7); 5m: MACD bullish; 15m: MACD bullish; 1h: RSI oversold (36.2)

[03:15:16] Cycle 278
  💰 Current Price: $68482.00
  🎯 Signal: BUY (confidence: 0.42)
  📝 Reason: 5m: MACD bullish; 15m: MACD bullish; 1h: RSI oversold (35.3); 1h: MACD bearish

[03:15:46] Cycle 279
  💰 Current Price: $68461.20
  🎯 Signal: BUY (confidence: 0.42)
  📝 Reason: 5m: MACD bullish; 15m: MACD bullish; 1h: RSI oversold (34.8); 1h: MACD bearish

[03:16:17] Cycle 280
  💰 Current Price: $68434.90
  🎯 Signal: BUY (confidence: 0.42)
  📝 Reason: 5m: MACD bullish; 15m: MACD bullish; 1h: RSI oversold (34.1); 1h: MACD bearish

[03:16:48] Cycle 281
  💰 Current Price: $68414.50
  🎯 Signal: BUY (confidence: 0.42)
  📝 Reason: 5m: MACD bullish; 15m: MACD bullish; 1h: RSI oversold (33.6); 1h: MACD bearish

[03:17:19] Cycle 282
  💰 Current Price: $68394.60
  🎯 Signal: BUY (confidence: 0.42)
  📝 Reason: 5m: MACD bullish; 15m: MACD bullish; 1h: RSI oversold (32.8); 1h: MACD bearish

[03:17:50] Cycle 283
  💰 Current Price: $68333.20
  🎯 Signal: BUY (confidence: 0.42)
  📝 Reason: 5m: MACD bullish; 15m: MACD bullish; 1h: RSI oversold (31.6); 1h: MACD bearish

[03:18:21] Cycle 284
  💰 Current Price: $68327.50
  🎯 Signal: BUY (confidence: 0.42)
  📝 Reason: 5m: MACD bullish; 15m: MACD bullish; 1h: RSI oversold (31.5); 1h: MACD bearish

[03:18:52] Cycle 285
  💰 Current Price: $68327.00
  🎯 Signal: BUY (confidence: 0.42)
  📝 Reason: 5m: MACD bullish; 15m: MACD bullish; 1h: RSI oversold (31.5); 1h: MACD bearish

[03:19:23] Cycle 286
  💰 Current Price: $68327.00
  🎯 Signal: BUY (confidence: 0.42)
  📝 Reason: 5m: MACD bullish; 15m: MACD bullish; 1h: RSI oversold (31.5); 1h: MACD bearish

[03:19:53] Cycle 287
  💰 Current Price: $68323.20
  🎯 Signal: BUY (confidence: 0.42)
  📝 Reason: 5m: MACD bullish; 15m: MACD bullish; 1h: RSI oversold (31.5); 1h: MACD bearish

[03:20:24] Cycle 288
  💰 Current Price: $68335.20
  🎯 Signal: BUY (confidence: 0.42)
  📝 Reason: 5m: MACD bullish; 15m: MACD bullish; 1h: RSI oversold (31.6); 1h: MACD bearish

[03:20:56] Cycle 289
  💰 Current Price: $68294.60
  🎯 Signal: BUY (confidence: 0.42)
  📝 Reason: 5m: MACD bullish; 15m: MACD bullish; 1h: RSI oversold (31.1); 1h: MACD bearish

[03:21:26] Cycle 290
  💰 Current Price: $68274.70
  🎯 Signal: BUY (confidence: 0.42)
  📝 Reason: 5m: MACD bullish; 15m: MACD bullish; 1h: RSI oversold (30.9); 1h: MACD bearish

[03:21:58] Cycle 291
  💰 Current Price: $68274.70
  🎯 Signal: BUY (confidence: 0.42)
  📝 Reason: 5m: MACD bullish; 15m: MACD bullish; 1h: RSI oversold (30.9); 1h: MACD bearish

[03:22:28] Cycle 292
  💰 Current Price: $68274.70
  🎯 Signal: BUY (confidence: 0.42)
  📝 Reason: 5m: MACD bullish; 15m: MACD bullish; 1h: RSI oversold (30.9); 1h: MACD bearish

[03:22:59] Cycle 293
  💰 Current Price: $68293.70
  🎯 Signal: BUY (confidence: 0.42)
  📝 Reason: 5m: MACD bullish; 15m: MACD bullish; 1h: RSI oversold (31.1); 1h: MACD bearish

[03:23:30] Cycle 294
  💰 Current Price: $68257.90
  🎯 Signal: BUY (confidence: 0.42)
  📝 Reason: 5m: MACD bullish; 15m: MACD bullish; 1h: RSI oversold (30.7); 1h: MACD bearish

[03:24:01] Cycle 295
  💰 Current Price: $68282.00
  🎯 Signal: BUY (confidence: 0.42)
  📝 Reason: 5m: MACD bullish; 15m: MACD bullish; 1h: RSI oversold (31.0); 1h: MACD bearish

[03:24:32] Cycle 296
  💰 Current Price: $68282.00
  🎯 Signal: BUY (confidence: 0.42)
  📝 Reason: 5m: MACD bullish; 15m: MACD bullish; 1h: RSI oversold (31.0); 1h: MACD bearish

[03:25:03] Cycle 297
  💰 Current Price: $68281.90
  🎯 Signal: BUY (confidence: 0.42)
  📝 Reason: 5m: MACD bullish; 15m: MACD bullish; 1h: RSI oversold (31.0); 1h: MACD bearish

[03:25:34] Cycle 298
  💰 Current Price: $68290.00
  🎯 Signal: BUY (confidence: 0.42)
  📝 Reason: 5m: MACD bullish; 15m: MACD bullish; 1h: RSI oversold (31.1); 1h: MACD bearish

[03:26:05] Cycle 299
  💰 Current Price: $68290.00
  🎯 Signal: BUY (confidence: 0.42)
  📝 Reason: 5m: MACD bullish; 15m: MACD bullish; 1h: RSI oversold (31.1); 1h: MACD bearish

[03:26:36] Cycle 300
  💰 Current Price: $68258.00
  🎯 Signal: BUY (confidence: 0.42)
  📝 Reason: 5m: MACD bullish; 15m: MACD bullish; 1h: RSI oversold (30.6); 1h: MACD bearish

[03:27:07] Cycle 301
  💰 Current Price: $68237.10
  🎯 Signal: BUY (confidence: 0.42)
  📝 Reason: 5m: MACD bullish; 15m: MACD bullish; 1h: RSI oversold (30.4); 1h: MACD bearish

[03:27:38] Cycle 302
  💰 Current Price: $68242.20
  🎯 Signal: BUY (confidence: 0.42)
  📝 Reason: 5m: MACD bullish; 15m: MACD bullish; 1h: RSI oversold (30.5); 1h: MACD bearish

[03:28:10] Cycle 303
  💰 Current Price: $68234.70
  🎯 Signal: BUY (confidence: 0.42)
  📝 Reason: 5m: MACD bullish; 15m: MACD bullish; 1h: RSI oversold (30.4); 1h: MACD bearish

[03:28:41] Cycle 304
  💰 Current Price: $68234.70
  🎯 Signal: BUY (confidence: 0.42)
  📝 Reason: 5m: MACD bullish; 15m: MACD bullish; 1h: RSI oversold (30.4); 1h: MACD bearish

[03:29:12] Cycle 305
  💰 Current Price: $68234.80
  🎯 Signal: BUY (confidence: 0.42)
  📝 Reason: 5m: MACD bullish; 15m: MACD bullish; 1h: RSI oversold (30.4); 1h: MACD bearish

[03:29:43] Cycle 306
  💰 Current Price: $68234.70
  🎯 Signal: BUY (confidence: 0.42)
  📝 Reason: 5m: MACD bullish; 15m: MACD bullish; 1h: RSI oversold (30.4); 1h: MACD bearish

[03:30:14] Cycle 307
  💰 Current Price: $68223.00
  🎯 Signal: BUY (confidence: 0.42)
  📝 Reason: 5m: MACD bullish; 15m: MACD bullish; 1h: RSI oversold (30.2); 1h: MACD bearish

[03:30:45] Cycle 308
  💰 Current Price: $68232.70
  🎯 Signal: BUY (confidence: 0.42)
  📝 Reason: 5m: MACD bullish; 15m: MACD bullish; 1h: RSI oversold (30.4); 1h: MACD bearish

[03:31:16] Cycle 309
  💰 Current Price: $68232.70
  🎯 Signal: BUY (confidence: 0.42)
  📝 Reason: 5m: MACD bullish; 15m: MACD bullish; 1h: RSI oversold (30.4); 1h: MACD bearish

[03:31:47] Cycle 310
  💰 Current Price: $68226.00
  🎯 Signal: BUY (confidence: 0.42)
  📝 Reason: 5m: MACD bullish; 15m: MACD bullish; 1h: RSI oversold (30.3); 1h: MACD bearish

[03:32:17] Cycle 311
  💰 Current Price: $68226.10
  🎯 Signal: BUY (confidence: 0.42)
  📝 Reason: 5m: MACD bullish; 15m: MACD bullish; 1h: RSI oversold (30.3); 1h: MACD bearish

[03:32:49] Cycle 312
  💰 Current Price: $68222.10
  🎯 Signal: BUY (confidence: 0.42)
  📝 Reason: 5m: MACD bullish; 15m: MACD bullish; 1h: RSI oversold (30.2); 1h: MACD bearish

[03:33:20] Cycle 313
  💰 Current Price: $68211.70
  🎯 Signal: BUY (confidence: 0.42)
  📝 Reason: 5m: MACD bullish; 15m: MACD bullish; 1h: RSI oversold (30.1); 1h: MACD bearish

[03:33:51] Cycle 314
  💰 Current Price: $68237.00
  🎯 Signal: BUY (confidence: 0.42)
  📝 Reason: 5m: MACD bullish; 15m: MACD bullish; 1h: RSI oversold (30.4); 1h: MACD bearish

[03:34:22] Cycle 315
  💰 Current Price: $68239.40
  🎯 Signal: BUY (confidence: 0.42)
  📝 Reason: 5m: MACD bullish; 15m: MACD bullish; 1h: RSI oversold (30.4); 1h: MACD bearish

[03:34:52] Cycle 316
  💰 Current Price: $68226.10
  🎯 Signal: BUY (confidence: 0.42)
  📝 Reason: 5m: MACD bullish; 15m: MACD bullish; 1h: RSI oversold (30.3); 1h: MACD bearish

[03:35:31] Cycle 317
  💰 Current Price: $68240.80
  🎯 Signal: BUY (confidence: 0.42)
  📝 Reason: 5m: MACD bullish; 15m: MACD bullish; 1h: RSI oversold (30.5); 1h: MACD bearish

[03:36:02] Cycle 318
  💰 Current Price: $68240.90
  🎯 Signal: BUY (confidence: 0.42)
  📝 Reason: 5m: MACD bullish; 15m: MACD bullish; 1h: RSI oversold (30.5); 1h: MACD bearish

[03:36:33] Cycle 319
  💰 Current Price: $68240.90
  🎯 Signal: BUY (confidence: 0.42)
  📝 Reason: 5m: MACD bullish; 15m: MACD bullish; 1h: RSI oversold (30.5); 1h: MACD bearish

[03:37:04] Cycle 320
  💰 Current Price: $68240.90
  🎯 Signal: BUY (confidence: 0.42)
  📝 Reason: 5m: MACD bullish; 15m: MACD bullish; 1h: RSI oversold (30.5); 1h: MACD bearish

[03:37:34] Cycle 321
  💰 Current Price: $68240.90
  🎯 Signal: BUY (confidence: 0.42)
  📝 Reason: 5m: MACD bullish; 15m: MACD bullish; 1h: RSI oversold (30.5); 1h: MACD bearish

[03:38:06] Cycle 322
  💰 Current Price: $68252.00
  🎯 Signal: BUY (confidence: 0.42)
  📝 Reason: 5m: MACD bullish; 15m: MACD bullish; 1h: RSI oversold (30.6); 1h: MACD bearish

[03:38:36] Cycle 323
  💰 Current Price: $68257.70
  🎯 Signal: BUY (confidence: 0.42)
  📝 Reason: 5m: MACD bullish; 15m: MACD bullish; 1h: RSI oversold (30.7); 1h: MACD bearish

[03:39:07] Cycle 324
  💰 Current Price: $68240.90
  🎯 Signal: BUY (confidence: 0.42)
  📝 Reason: 5m: MACD bullish; 15m: MACD bullish; 1h: RSI oversold (30.5); 1h: MACD bearish

[03:39:38] Cycle 325
  💰 Current Price: $68237.10
  🎯 Signal: BUY (confidence: 0.42)
  📝 Reason: 5m: MACD bullish; 15m: MACD bullish; 1h: RSI oversold (30.4); 1h: MACD bearish

[03:40:09] Cycle 326
  💰 Current Price: $68207.60
  🎯 Signal: BUY (confidence: 0.42)
  📝 Reason: 5m: MACD bullish; 15m: MACD bullish; 1h: RSI oversold (30.1); 1h: MACD bearish

[03:40:40] Cycle 327
  💰 Current Price: $68207.70
  🎯 Signal: BUY (confidence: 0.42)
  📝 Reason: 5m: MACD bullish; 15m: MACD bullish; 1h: RSI oversold (30.1); 1h: MACD bearish

[03:41:11] Cycle 328
  💰 Current Price: $68192.10
  🎯 Signal: BUY (confidence: 0.42)
  📝 Reason: 5m: MACD bullish; 15m: MACD bullish; 1h: RSI oversold (29.9); 1h: MACD bearish

[03:41:42] Cycle 329
  💰 Current Price: $68194.80
  🎯 Signal: BUY (confidence: 0.42)
  📝 Reason: 5m: MACD bullish; 15m: MACD bullish; 1h: RSI oversold (29.9); 1h: MACD bearish

[03:42:13] Cycle 330
  💰 Current Price: $68196.60
  🎯 Signal: BUY (confidence: 0.42)
  📝 Reason: 5m: MACD bullish; 15m: MACD bullish; 1h: RSI oversold (29.9); 1h: MACD bearish

[03:42:44] Cycle 331
  💰 Current Price: $68196.60
  🎯 Signal: BUY (confidence: 0.42)
  📝 Reason: 5m: MACD bullish; 15m: MACD bullish; 1h: RSI oversold (29.9); 1h: MACD bearish

[03:43:15] Cycle 332
  💰 Current Price: $68196.60
  🎯 Signal: BUY (confidence: 0.42)
  📝 Reason: 5m: MACD bullish; 15m: MACD bullish; 1h: RSI oversold (29.9); 1h: MACD bearish

[03:43:45] Cycle 333
  💰 Current Price: $68199.60
  🎯 Signal: BUY (confidence: 0.42)
  📝 Reason: 5m: MACD bullish; 15m: MACD bullish; 1h: RSI oversold (30.0); 1h: MACD bearish

[03:44:16] Cycle 334
  💰 Current Price: $68199.60
  🎯 Signal: BUY (confidence: 0.42)
  📝 Reason: 5m: MACD bullish; 15m: MACD bullish; 1h: RSI oversold (30.0); 1h: MACD bearish

[03:44:47] Cycle 335
  💰 Current Price: $68191.70
  🎯 Signal: BUY (confidence: 0.42)
  📝 Reason: 5m: MACD bullish; 15m: MACD bullish; 1h: RSI oversold (29.9); 1h: MACD bearish

[03:45:18] Cycle 336
  💰 Current Price: $68191.60
  🎯 Signal: BUY (confidence: 0.23)
  📝 Reason: 5m: MACD bullish; 15m: MACD bearish; 1h: RSI oversold (29.9); 1h: MACD bearish

[03:45:49] Cycle 337
  💰 Current Price: $68177.70
  🎯 Signal: BUY (confidence: 0.23)
  📝 Reason: 5m: MACD bullish; 15m: MACD bearish; 1h: RSI oversold (29.7); 1h: MACD bearish

[03:46:20] Cycle 338
  💰 Current Price: $68179.40
  🎯 Signal: BUY (confidence: 0.23)
  📝 Reason: 5m: MACD bullish; 15m: MACD bearish; 1h: RSI oversold (29.7); 1h: MACD bearish

[03:46:51] Cycle 339
  💰 Current Price: $68180.20
  🎯 Signal: BUY (confidence: 0.23)
  📝 Reason: 5m: MACD bullish; 15m: MACD bearish; 1h: RSI oversold (29.7); 1h: MACD bearish

[03:47:21] Cycle 340
  ⚠️ Ticker exception: HTTPSConnectionPool(host='api.kraken.com', port=443): Max retries exceeded with url: /0/public/Ticker?pair=XBTUSD (Caused by ConnectTimeoutError(<HTTPSConnection(host='api.kraken.com', port=443) at 0x7f8bad0cadd0>, 'Connection to api.kraken.com timed out. (connect timeout=8)'))
  ⚠️ No ticker data

[03:48:31] Cycle 341
  💰 Current Price: $68191.90
  🎯 Signal: BUY (confidence: 0.23)
  📝 Reason: 5m: MACD bullish; 15m: MACD bearish; 1h: RSI oversold (29.9); 1h: MACD bearish

[03:49:14] Cycle 342
  💰 Current Price: $68198.70
  🎯 Signal: BUY (confidence: 0.23)
  📝 Reason: 5m: MACD bullish; 15m: MACD bearish; 1h: RSI oversold (30.0); 1h: MACD bearish

[03:49:44] Cycle 343
  💰 Current Price: $68206.90
  🎯 Signal: BUY (confidence: 0.23)
  📝 Reason: 5m: MACD bullish; 15m: MACD bearish; 1h: RSI oversold (30.1); 1h: MACD bearish

[03:50:15] Cycle 344
  💰 Current Price: $68192.80
  🎯 Signal: BUY (confidence: 0.23)
  📝 Reason: 5m: MACD bullish; 15m: MACD bearish; 1h: RSI oversold (29.9); 1h: MACD bearish

[03:50:46] Cycle 345
  💰 Current Price: $68165.20
  🎯 Signal: BUY (confidence: 0.23)
  📝 Reason: 5m: MACD bullish; 15m: MACD bearish; 1h: RSI oversold (29.6); 1h: MACD bearish

[03:51:17] Cycle 346
  💰 Current Price: $68152.70
  🎯 Signal: BUY (confidence: 0.23)
  📝 Reason: 5m: MACD bullish; 15m: MACD bearish; 1h: RSI oversold (29.4); 1h: MACD bearish

[03:51:48] Cycle 347
  💰 Current Price: $68152.80
  🎯 Signal: BUY (confidence: 0.23)
  📝 Reason: 5m: MACD bullish; 15m: MACD bearish; 1h: RSI oversold (29.4); 1h: MACD bearish

[03:52:19] Cycle 348
  💰 Current Price: $68140.80
  🎯 Signal: BUY (confidence: 0.23)
  📝 Reason: 5m: MACD bullish; 15m: MACD bearish; 1h: RSI oversold (29.3); 1h: MACD bearish

[03:52:50] Cycle 349
  💰 Current Price: $68124.10
  🎯 Signal: HOLD (confidence: 0.12)
  📝 Reason: 5m: MACD bearish; 15m: MACD bearish; 1h: RSI oversold (29.1); 1h: MACD bearish

[03:53:20] Cycle 350
  💰 Current Price: $68112.80
  🎯 Signal: HOLD (confidence: 0.12)
  📝 Reason: 5m: MACD bearish; 15m: MACD bearish; 1h: RSI oversold (29.0); 1h: MACD bearish

[03:53:51] Cycle 351
  💰 Current Price: $68112.70
  🎯 Signal: HOLD (confidence: 0.12)
  📝 Reason: 5m: MACD bearish; 15m: MACD bearish; 1h: RSI oversold (29.0); 1h: MACD bearish

[03:54:22] Cycle 352
  💰 Current Price: $68126.10
  🎯 Signal: HOLD (confidence: 0.12)
  📝 Reason: 5m: MACD bearish; 15m: MACD bearish; 1h: RSI oversold (29.1); 1h: MACD bearish

[03:54:53] Cycle 353
  💰 Current Price: $68127.10
  🎯 Signal: HOLD (confidence: 0.12)
  📝 Reason: 5m: MACD bearish; 15m: MACD bearish; 1h: RSI oversold (29.1); 1h: MACD bearish

[03:55:24] Cycle 354
  💰 Current Price: $68146.00
  🎯 Signal: HOLD (confidence: 0.12)
  📝 Reason: 5m: MACD bearish; 15m: MACD bearish; 1h: RSI oversold (29.4); 1h: MACD bearish

[03:55:55] Cycle 355
  💰 Current Price: $68146.00
  🎯 Signal: HOLD (confidence: 0.12)
  📝 Reason: 5m: MACD bearish; 15m: MACD bearish; 1h: RSI oversold (29.4); 1h: MACD bearish

[03:56:26] Cycle 356
  💰 Current Price: $68129.60
  🎯 Signal: HOLD (confidence: 0.12)
  📝 Reason: 5m: MACD bearish; 15m: MACD bearish; 1h: RSI oversold (29.2); 1h: MACD bearish

[03:56:57] Cycle 357
  💰 Current Price: $68133.10
  🎯 Signal: HOLD (confidence: 0.12)
  📝 Reason: 5m: MACD bearish; 15m: MACD bearish; 1h: RSI oversold (29.2); 1h: MACD bearish

[03:57:29] Cycle 358
  💰 Current Price: $68134.60
  🎯 Signal: HOLD (confidence: 0.12)
  📝 Reason: 5m: MACD bearish; 15m: MACD bearish; 1h: RSI oversold (29.2); 1h: MACD bearish

[03:58:00] Cycle 359
  💰 Current Price: $68138.00
  🎯 Signal: HOLD (confidence: 0.12)
  📝 Reason: 5m: MACD bearish; 15m: MACD bearish; 1h: RSI oversold (29.3); 1h: MACD bearish

[03:58:31] Cycle 360
  💰 Current Price: $68142.10
  🎯 Signal: HOLD (confidence: 0.12)
  📝 Reason: 5m: MACD bearish; 15m: MACD bearish; 1h: RSI oversold (29.3); 1h: MACD bearish

[03:59:02] Cycle 361
  💰 Current Price: $68142.10
  🎯 Signal: HOLD (confidence: 0.12)
  📝 Reason: 5m: MACD bearish; 15m: MACD bearish; 1h: RSI oversold (29.3); 1h: MACD bearish

[03:59:33] Cycle 362
  💰 Current Price: $68145.90
  🎯 Signal: HOLD (confidence: 0.12)
  📝 Reason: 5m: MACD bearish; 15m: MACD bearish; 1h: RSI oversold (29.4); 1h: MACD bearish

[04:00:04] Cycle 363
  💰 Current Price: $68107.80
  🎯 Signal: SELL (confidence: 0.17)
  📝 Reason: 5m: MACD bearish; 15m: MACD bearish; 1h: MACD bearish; 4h: RSI oversold (16.1)
  ⚠️ Sell signal but no position

[04:00:36] Cycle 364
  💰 Current Price: $68110.70
  🎯 Signal: SELL (confidence: 0.17)
  📝 Reason: 5m: MACD bearish; 15m: MACD bearish; 1h: MACD bearish; 4h: RSI oversold (16.1)
  ⚠️ Sell signal but no position

[04:01:07] Cycle 365
  💰 Current Price: $68110.70
  🎯 Signal: SELL (confidence: 0.17)
  📝 Reason: 5m: MACD bearish; 15m: MACD bearish; 1h: MACD bearish; 4h: RSI oversold (16.1)
  ⚠️ Sell signal but no position

[04:01:37] Cycle 366
  💰 Current Price: $68096.10
  🎯 Signal: HOLD (confidence: 0.07)
  📝 Reason: 5m: RSI oversold (39.7); 5m: MACD bearish; 15m: MACD bearish; 1h: MACD bearish

[04:02:08] Cycle 367
  💰 Current Price: $68080.60
  🎯 Signal: HOLD (confidence: 0.07)
  📝 Reason: 5m: RSI oversold (38.8); 5m: MACD bearish; 15m: MACD bearish; 1h: MACD bearish

[04:02:39] Cycle 368
  💰 Current Price: $68086.20
  🎯 Signal: HOLD (confidence: 0.07)
  📝 Reason: 5m: RSI oversold (39.1); 5m: MACD bearish; 15m: MACD bearish; 1h: MACD bearish

[04:03:10] Cycle 369
  💰 Current Price: $68009.20
  🎯 Signal: BUY (confidence: 0.42)
  📝 Reason: 5m: RSI oversold (35.0); 5m: MACD bearish; 15m: RSI oversold (37.8); 15m: MACD bearish

[04:03:41] Cycle 370
  💰 Current Price: $67915.60
  🎯 Signal: BUY (confidence: 0.42)
  📝 Reason: 5m: RSI oversold (31.5); 5m: MACD bearish; 15m: RSI oversold (35.3); 15m: MACD bearish

[04:04:12] Cycle 371
  💰 Current Price: $67884.00
  🎯 Signal: BUY (confidence: 0.42)
  📝 Reason: 5m: RSI oversold (30.4); 5m: MACD bearish; 15m: RSI oversold (34.5); 15m: MACD bearish

[04:04:43] Cycle 372
  💰 Current Price: $67884.10
  🎯 Signal: BUY (confidence: 0.42)
  📝 Reason: 5m: RSI oversold (29.3); 5m: MACD bearish; 15m: RSI oversold (33.5); 15m: MACD bearish

[04:05:14] Cycle 373
  💰 Current Price: $67936.90
  🎯 Signal: BUY (confidence: 0.42)
  📝 Reason: 5m: RSI oversold (25.8); 5m: MACD bearish; 15m: RSI oversold (35.9); 15m: MACD bearish

[04:05:45] Cycle 374
  💰 Current Price: $67911.80
  🎯 Signal: BUY (confidence: 0.42)
  📝 Reason: 5m: RSI oversold (23.6); 5m: MACD bearish; 15m: RSI oversold (35.2); 15m: MACD bearish

[04:06:16] Cycle 375
  💰 Current Price: $67937.40
  🎯 Signal: BUY (confidence: 0.42)
  📝 Reason: 5m: RSI oversold (25.9); 5m: MACD bearish; 15m: RSI oversold (35.9); 15m: MACD bearish

[04:06:47] Cycle 376
  💰 Current Price: $67956.60
  🎯 Signal: BUY (confidence: 0.42)
  📝 Reason: 5m: RSI oversold (27.5); 5m: MACD bearish; 15m: RSI oversold (36.5); 15m: MACD bearish

[04:07:18] Cycle 377
  💰 Current Price: $67957.30
  🎯 Signal: BUY (confidence: 0.42)
  📝 Reason: 5m: RSI oversold (27.6); 5m: MACD bearish; 15m: RSI oversold (36.5); 15m: MACD bearish

[04:07:49] Cycle 378
  💰 Current Price: $67966.80
  🎯 Signal: BUY (confidence: 0.42)
  📝 Reason: 5m: RSI oversold (28.3); 5m: MACD bearish; 15m: RSI oversold (36.8); 15m: MACD bearish

[04:08:20] Cycle 379
  💰 Current Price: $67966.90
  🎯 Signal: BUY (confidence: 0.42)
  📝 Reason: 5m: RSI oversold (28.3); 5m: MACD bearish; 15m: RSI oversold (36.8); 15m: MACD bearish

[04:08:51] Cycle 380
  💰 Current Price: $67967.00
  🎯 Signal: BUY (confidence: 0.42)
  📝 Reason: 5m: RSI oversold (28.3); 5m: MACD bearish; 15m: RSI oversold (36.8); 15m: MACD bearish

[04:09:22] Cycle 381
  💰 Current Price: $67956.70
  🎯 Signal: BUY (confidence: 0.42)
  📝 Reason: 5m: RSI oversold (27.5); 5m: MACD bearish; 15m: RSI oversold (36.5); 15m: MACD bearish

[04:09:53] Cycle 382
  💰 Current Price: $67884.00
  🎯 Signal: BUY (confidence: 0.42)
  📝 Reason: 5m: RSI oversold (21.0); 5m: MACD bearish; 15m: RSI oversold (34.5); 15m: MACD bearish

[04:10:24] Cycle 383
  💰 Current Price: $67910.50
  🎯 Signal: BUY (confidence: 0.42)
  📝 Reason: 5m: RSI oversold (24.2); 5m: MACD bearish; 15m: RSI oversold (35.2); 15m: MACD bearish

[04:10:55] Cycle 384
  💰 Current Price: $67917.30
  🎯 Signal: BUY (confidence: 0.42)
  📝 Reason: 5m: RSI oversold (24.2); 5m: MACD bearish; 15m: RSI oversold (35.4); 15m: MACD bearish

[04:11:26] Cycle 385
  💰 Current Price: $67936.90
  🎯 Signal: BUY (confidence: 0.42)
  📝 Reason: 5m: RSI oversold (25.9); 5m: MACD bearish; 15m: RSI oversold (35.9); 15m: MACD bearish

[04:11:57] Cycle 386
  💰 Current Price: $67956.50
  🎯 Signal: BUY (confidence: 0.42)
  📝 Reason: 5m: RSI oversold (29.2); 5m: MACD bearish; 15m: RSI oversold (37.1); 15m: MACD bearish

[04:12:28] Cycle 387
  💰 Current Price: $67961.20
  🎯 Signal: BUY (confidence: 0.42)
  📝 Reason: 5m: RSI oversold (27.9); 5m: MACD bearish; 15m: RSI oversold (36.6); 15m: MACD bearish

[04:12:59] Cycle 388
  💰 Current Price: $67952.10
  🎯 Signal: BUY (confidence: 0.42)
  📝 Reason: 5m: RSI oversold (27.2); 5m: MACD bearish; 15m: RSI oversold (36.3); 15m: MACD bearish

[04:13:29] Cycle 389
  💰 Current Price: $67952.00
  🎯 Signal: BUY (confidence: 0.42)
  📝 Reason: 5m: RSI oversold (27.2); 5m: MACD bearish; 15m: RSI oversold (36.3); 15m: MACD bearish

[04:14:00] Cycle 390
  💰 Current Price: $67963.60
  🎯 Signal: BUY (confidence: 0.42)
  📝 Reason: 5m: RSI oversold (28.1); 5m: MACD bearish; 15m: RSI oversold (36.7); 15m: MACD bearish

[04:14:31] Cycle 391
  💰 Current Price: $67967.00
  🎯 Signal: BUY (confidence: 0.42)
  📝 Reason: 5m: RSI oversold (28.4); 5m: MACD bearish; 15m: RSI oversold (36.8); 15m: MACD bearish

[04:15:02] Cycle 392
  💰 Current Price: $67947.90
  🎯 Signal: BUY (confidence: 0.42)
  📝 Reason: 5m: RSI oversold (25.3); 5m: MACD bearish; 15m: RSI oversold (36.1); 15m: MACD bearish

[04:15:33] Cycle 393
  💰 Current Price: $67947.80
  🎯 Signal: BUY (confidence: 0.42)
  📝 Reason: 5m: RSI oversold (25.3); 5m: MACD bearish; 15m: RSI oversold (36.1); 15m: MACD bearish

[04:16:04] Cycle 394
  💰 Current Price: $67981.90
  🎯 Signal: BUY (confidence: 0.42)
  📝 Reason: 5m: RSI oversold (28.1); 5m: MACD bearish; 15m: RSI oversold (37.7); 15m: MACD bearish

[04:16:35] Cycle 395
  💰 Current Price: $67997.00
  🎯 Signal: BUY (confidence: 0.42)
  📝 Reason: 5m: RSI oversold (29.3); 5m: MACD bearish; 15m: RSI oversold (38.5); 15m: MACD bearish

[04:17:06] Cycle 396
  💰 Current Price: $67997.00
  🎯 Signal: BUY (confidence: 0.42)
  📝 Reason: 5m: RSI oversold (29.3); 5m: MACD bearish; 15m: RSI oversold (38.5); 15m: MACD bearish

[04:17:37] Cycle 397
  💰 Current Price: $68003.70
  🎯 Signal: BUY (confidence: 0.42)
  📝 Reason: 5m: RSI oversold (29.9); 5m: MACD bearish; 15m: RSI oversold (38.8); 15m: MACD bearish

[04:18:08] Cycle 398
  💰 Current Price: $67997.00
  🎯 Signal: BUY (confidence: 0.42)
  📝 Reason: 5m: RSI oversold (29.3); 5m: MACD bearish; 15m: RSI oversold (38.4); 15m: MACD bearish

[04:18:39] Cycle 399
  💰 Current Price: $67997.00
  🎯 Signal: BUY (confidence: 0.42)
  📝 Reason: 5m: RSI oversold (29.3); 5m: MACD bearish; 15m: RSI oversold (38.5); 15m: MACD bearish

[04:19:10] Cycle 400
  💰 Current Price: $68003.70
  🎯 Signal: BUY (confidence: 0.42)
  📝 Reason: 5m: RSI oversold (29.9); 5m: MACD bearish; 15m: RSI oversold (38.8); 15m: MACD bearish

[04:19:40] Cycle 401
  💰 Current Price: $68003.70
  🎯 Signal: BUY (confidence: 0.42)
  📝 Reason: 5m: RSI oversold (29.9); 5m: MACD bearish; 15m: RSI oversold (38.8); 15m: MACD bearish

[04:20:11] Cycle 402
  💰 Current Price: $68003.70
  🎯 Signal: BUY (confidence: 0.42)
  📝 Reason: 5m: RSI oversold (17.0); 5m: MACD bearish; 15m: RSI oversold (38.8); 15m: MACD bearish

[04:20:42] Cycle 403
  💰 Current Price: $68003.60
  🎯 Signal: BUY (confidence: 0.42)
  📝 Reason: 5m: RSI oversold (17.0); 5m: MACD bearish; 15m: RSI oversold (38.8); 15m: MACD bearish

[04:21:13] Cycle 404
  💰 Current Price: $67981.10
  🎯 Signal: BUY (confidence: 0.42)
  📝 Reason: 5m: RSI oversold (16.5); 5m: MACD bearish; 15m: RSI oversold (37.7); 15m: MACD bearish

[04:21:44] Cycle 405
  💰 Current Price: $67993.80
  🎯 Signal: BUY (confidence: 0.42)
  📝 Reason: 5m: RSI oversold (18.6); 5m: MACD bearish; 15m: RSI oversold (39.5); 15m: MACD bearish

[04:22:15] Cycle 406
  💰 Current Price: $68023.60
  🎯 Signal: BUY (confidence: 0.42)
  📝 Reason: 5m: RSI oversold (19.0); 5m: MACD bearish; 15m: RSI oversold (39.7); 15m: MACD bearish

[04:22:46] Cycle 407
  💰 Current Price: $68010.30
  🎯 Signal: BUY (confidence: 0.42)
  📝 Reason: 5m: RSI oversold (17.7); 5m: MACD bearish; 15m: RSI oversold (39.1); 15m: MACD bearish

[04:23:17] Cycle 408
  💰 Current Price: $68021.00
  🎯 Signal: BUY (confidence: 0.42)
  📝 Reason: 5m: RSI oversold (18.8); 5m: MACD bearish; 15m: RSI oversold (39.6); 15m: MACD bearish

[04:23:48] Cycle 409
  💰 Current Price: $68046.70
  🎯 Signal: HOLD (confidence: 0.07)
  📝 Reason: 5m: RSI oversold (21.3); 5m: MACD bearish; 15m: MACD bearish; 1h: MACD bearish

[04:24:19] Cycle 410
  💰 Current Price: $68046.80
  🎯 Signal: HOLD (confidence: 0.07)
  📝 Reason: 5m: RSI oversold (21.3); 5m: MACD bearish; 15m: MACD bearish; 1h: MACD bearish

[04:24:50] Cycle 411
  💰 Current Price: $68046.80
  🎯 Signal: HOLD (confidence: 0.07)
  📝 Reason: 5m: RSI oversold (21.3); 5m: MACD bearish; 15m: MACD bearish; 1h: MACD bearish

[04:25:20] Cycle 412
  💰 Current Price: $68046.70
  🎯 Signal: HOLD (confidence: 0.07)
  📝 Reason: 5m: RSI oversold (27.9); 5m: MACD bearish; 15m: MACD bearish; 1h: MACD bearish

[04:25:51] Cycle 413
  💰 Current Price: $68046.80
  🎯 Signal: HOLD (confidence: 0.07)
  📝 Reason: 5m: RSI oversold (27.9); 5m: MACD bearish; 15m: MACD bearish; 1h: MACD bearish

[04:26:22] Cycle 414
  💰 Current Price: $68046.80
  🎯 Signal: HOLD (confidence: 0.07)
  📝 Reason: 5m: RSI oversold (27.9); 5m: MACD bearish; 15m: MACD bearish; 1h: MACD bearish

[04:26:53] Cycle 415
  💰 Current Price: $68046.70
  🎯 Signal: HOLD (confidence: 0.07)
  📝 Reason: 5m: RSI oversold (27.9); 5m: MACD bearish; 15m: MACD bearish; 1h: MACD bearish

[04:27:24] Cycle 416
  💰 Current Price: $68046.80
  🎯 Signal: HOLD (confidence: 0.07)
  📝 Reason: 5m: RSI oversold (27.9); 5m: MACD bearish; 15m: MACD bearish; 1h: MACD bearish

[04:27:55] Cycle 417
  💰 Current Price: $68046.70
  🎯 Signal: HOLD (confidence: 0.07)
  📝 Reason: 5m: RSI oversold (27.9); 5m: MACD bearish; 15m: MACD bearish; 1h: MACD bearish

[04:28:25] Cycle 418
  💰 Current Price: $68046.80
  🎯 Signal: HOLD (confidence: 0.07)
  📝 Reason: 5m: RSI oversold (27.9); 5m: MACD bearish; 15m: MACD bearish; 1h: MACD bearish

[04:28:56] Cycle 419
  💰 Current Price: $68046.80
  🎯 Signal: HOLD (confidence: 0.07)
  📝 Reason: 5m: RSI oversold (27.9); 5m: MACD bearish; 15m: MACD bearish; 1h: MACD bearish

[04:29:27] Cycle 420
  💰 Current Price: $68046.80
  🎯 Signal: HOLD (confidence: 0.07)
  📝 Reason: 5m: RSI oversold (27.9); 5m: MACD bearish; 15m: MACD bearish; 1h: MACD bearish

[04:29:58] Cycle 421
  💰 Current Price: $68035.10
  🎯 Signal: HOLD (confidence: 0.07)
  📝 Reason: 5m: RSI oversold (27.4); 5m: MACD bearish; 15m: MACD bearish; 1h: MACD bearish

[04:30:29] Cycle 422
  💰 Current Price: $68035.00
  🎯 Signal: HOLD (confidence: 0.07)
  📝 Reason: 5m: RSI oversold (29.3); 5m: MACD bearish; 15m: MACD bearish; 1h: MACD bearish

[04:31:00] Cycle 423
  💰 Current Price: $68038.80
  🎯 Signal: HOLD (confidence: 0.07)
  📝 Reason: 5m: RSI oversold (29.7); 5m: MACD bearish; 15m: MACD bearish; 1h: MACD bearish

[04:31:31] Cycle 424
  💰 Current Price: $68039.50
  🎯 Signal: HOLD (confidence: 0.07)
  📝 Reason: 5m: RSI oversold (29.8); 5m: MACD bearish; 15m: MACD bearish; 1h: MACD bearish

[04:32:02] Cycle 425
  💰 Current Price: $68039.40
  🎯 Signal: HOLD (confidence: 0.07)
  📝 Reason: 5m: RSI oversold (29.8); 5m: MACD bearish; 15m: MACD bearish; 1h: MACD bearish

[04:32:33] Cycle 426
  💰 Current Price: $68039.50
  🎯 Signal: HOLD (confidence: 0.07)
  📝 Reason: 5m: RSI oversold (29.8); 5m: MACD bearish; 15m: MACD bearish; 1h: MACD bearish

[04:33:04] Cycle 427
  💰 Current Price: $68039.50
  🎯 Signal: HOLD (confidence: 0.07)
  📝 Reason: 5m: RSI oversold (29.8); 5m: MACD bearish; 15m: MACD bearish; 1h: MACD bearish

[04:33:35] Cycle 428
  💰 Current Price: $68039.50
  🎯 Signal: HOLD (confidence: 0.07)
  📝 Reason: 5m: RSI oversold (29.8); 5m: MACD bearish; 15m: MACD bearish; 1h: MACD bearish

[04:34:06] Cycle 429
  💰 Current Price: $68039.40
  🎯 Signal: HOLD (confidence: 0.07)
  📝 Reason: 5m: RSI oversold (29.8); 5m: MACD bearish; 15m: MACD bearish; 1h: MACD bearish

[04:34:37] Cycle 430
  💰 Current Price: $68012.10
  🎯 Signal: BUY (confidence: 0.23)
  📝 Reason: 5m: RSI oversold (28.2); 5m: MACD bearish; 15m: MACD bearish; 1h: RSI oversold (39.7)

[04:35:08] Cycle 431
  💰 Current Price: $67992.80
  🎯 Signal: BUY (confidence: 0.23)
  📝 Reason: 5m: RSI oversold (30.1); 5m: MACD bearish; 15m: MACD bearish; 1h: RSI oversold (38.8)

[04:35:39] Cycle 432
  💰 Current Price: $67975.00
  🎯 Signal: BUY (confidence: 0.23)
  📝 Reason: 5m: RSI oversold (29.2); 5m: MACD bearish; 15m: MACD bearish; 1h: RSI oversold (39.0)

[04:36:09] Cycle 433
  💰 Current Price: $68006.20
  🎯 Signal: BUY (confidence: 0.23)
  📝 Reason: 5m: RSI oversold (31.2); 5m: MACD bearish; 15m: MACD bearish; 1h: RSI oversold (39.6)

[04:36:40] Cycle 434
  💰 Current Price: $68006.10
  🎯 Signal: BUY (confidence: 0.23)
  📝 Reason: 5m: RSI oversold (31.2); 5m: MACD bearish; 15m: MACD bearish; 1h: RSI oversold (39.6)

[04:37:11] Cycle 435
  💰 Current Price: $68012.00
  🎯 Signal: BUY (confidence: 0.23)
  📝 Reason: 5m: RSI oversold (31.9); 5m: MACD bearish; 15m: MACD bearish; 1h: RSI oversold (39.7)

[04:37:42] Cycle 436
  💰 Current Price: $68039.50
  🎯 Signal: HOLD (confidence: 0.07)
  📝 Reason: 5m: RSI oversold (35.0); 5m: MACD bearish; 15m: MACD bearish; 1h: MACD bearish

[04:38:13] Cycle 437
  💰 Current Price: $68042.00
  🎯 Signal: HOLD (confidence: 0.07)
  📝 Reason: 5m: RSI oversold (35.2); 5m: MACD bearish; 15m: MACD bearish; 1h: MACD bearish

[04:38:44] Cycle 438
  💰 Current Price: $68072.00
  🎯 Signal: HOLD (confidence: 0.07)
  📝 Reason: 5m: RSI oversold (38.3); 5m: MACD bearish; 15m: MACD bearish; 1h: MACD bearish

[04:39:15] Cycle 439
  💰 Current Price: $68085.50
  🎯 Signal: HOLD (confidence: 0.07)
  📝 Reason: 5m: RSI oversold (39.5); 5m: MACD bearish; 15m: MACD bearish; 1h: MACD bearish

[04:39:46] Cycle 440
  💰 Current Price: $68086.10
  🎯 Signal: HOLD (confidence: 0.07)
  📝 Reason: 5m: RSI oversold (39.7); 5m: MACD bearish; 15m: MACD bearish; 1h: MACD bearish

[04:40:17] Cycle 441
  💰 Current Price: $68102.00
  🎯 Signal: SELL (confidence: 0.17)
  📝 Reason: 5m: MACD bearish; 15m: MACD bearish; 1h: MACD bearish; 4h: RSI oversold (16.1)
  ⚠️ Sell signal but no position

[04:40:48] Cycle 442
  💰 Current Price: $68131.10
  🎯 Signal: SELL (confidence: 0.17)
  📝 Reason: 5m: MACD bearish; 15m: MACD bearish; 1h: MACD bearish; 4h: RSI oversold (16.3)
  ⚠️ Sell signal but no position

[04:41:18] Cycle 443
  💰 Current Price: $68131.00
  🎯 Signal: SELL (confidence: 0.17)
  📝 Reason: 5m: MACD bearish; 15m: MACD bearish; 1h: MACD bearish; 4h: RSI oversold (16.3)
  ⚠️ Sell signal but no position

[04:41:49] Cycle 444
  💰 Current Price: $68141.50
  🎯 Signal: SELL (confidence: 0.17)
  📝 Reason: 5m: MACD bearish; 15m: MACD bearish; 1h: MACD bearish; 4h: RSI oversold (16.4)
  ⚠️ Sell signal but no position

[04:42:20] Cycle 445
  💰 Current Price: $68141.50
  🎯 Signal: SELL (confidence: 0.17)
  📝 Reason: 5m: MACD bearish; 15m: MACD bearish; 1h: MACD bearish; 4h: RSI oversold (16.4)
  ⚠️ Sell signal but no position

[04:42:51] Cycle 446
  💰 Current Price: $68141.60
  🎯 Signal: SELL (confidence: 0.17)
  📝 Reason: 5m: MACD bearish; 15m: MACD bearish; 1h: MACD bearish; 4h: RSI oversold (16.4)
  ⚠️ Sell signal but no position

[04:43:22] Cycle 447
  💰 Current Price: $68146.00
  🎯 Signal: SELL (confidence: 0.17)
  📝 Reason: 5m: MACD bearish; 15m: MACD bearish; 1h: MACD bearish; 4h: RSI oversold (16.5)
  ⚠️ Sell signal but no position

[04:43:53] Cycle 448
  💰 Current Price: $68132.10
  🎯 Signal: SELL (confidence: 0.17)
  📝 Reason: 5m: MACD bearish; 15m: MACD bearish; 1h: MACD bearish; 4h: RSI oversold (16.3)
  ⚠️ Sell signal but no position

[04:44:23] Cycle 449
  💰 Current Price: $68132.10
  🎯 Signal: SELL (confidence: 0.17)
  📝 Reason: 5m: MACD bearish; 15m: MACD bearish; 1h: MACD bearish; 4h: RSI oversold (16.3)
  ⚠️ Sell signal but no position

[04:44:54] Cycle 450
  💰 Current Price: $68137.30
  🎯 Signal: SELL (confidence: 0.17)
  📝 Reason: 5m: MACD bearish; 15m: MACD bearish; 1h: MACD bearish; 4h: RSI oversold (16.4)
  ⚠️ Sell signal but no position

[04:45:25] Cycle 451
  💰 Current Price: $68137.30
  🎯 Signal: SELL (confidence: 0.17)
  📝 Reason: 5m: MACD bearish; 15m: MACD bearish; 1h: MACD bearish; 4h: RSI oversold (16.4)
  ⚠️ Sell signal but no position

[04:45:55] Cycle 452
  💰 Current Price: $68137.20
  🎯 Signal: SELL (confidence: 0.17)
  📝 Reason: 5m: MACD bearish; 15m: MACD bearish; 1h: MACD bearish; 4h: RSI oversold (16.4)
  ⚠️ Sell signal but no position

[04:46:26] Cycle 453
  💰 Current Price: $68117.00
  🎯 Signal: SELL (confidence: 0.17)
  📝 Reason: 5m: MACD bearish; 15m: MACD bearish; 1h: MACD bearish; 4h: RSI oversold (16.1)
  ⚠️ Sell signal but no position

[04:46:57] Cycle 454
  💰 Current Price: $68114.10
  🎯 Signal: SELL (confidence: 0.17)
  📝 Reason: 5m: MACD bearish; 15m: MACD bearish; 1h: MACD bearish; 4h: RSI oversold (16.1)
  ⚠️ Sell signal but no position

[04:47:28] Cycle 455
  💰 Current Price: $68117.20
  🎯 Signal: SELL (confidence: 0.17)
  📝 Reason: 5m: MACD bearish; 15m: MACD bearish; 1h: MACD bearish; 4h: RSI oversold (16.1)
  ⚠️ Sell signal but no position

[04:47:59] Cycle 456
  💰 Current Price: $68117.10
  🎯 Signal: SELL (confidence: 0.17)
  📝 Reason: 5m: MACD bearish; 15m: MACD bearish; 1h: MACD bearish; 4h: RSI oversold (16.1)
  ⚠️ Sell signal but no position

[04:48:30] Cycle 457
  💰 Current Price: $68107.60
  🎯 Signal: SELL (confidence: 0.17)
  📝 Reason: 5m: MACD bearish; 15m: MACD bearish; 1h: MACD bearish; 4h: RSI oversold (16.1)
  ⚠️ Sell signal but no position

[04:49:01] Cycle 458
  💰 Current Price: $68102.10
  🎯 Signal: SELL (confidence: 0.17)
  📝 Reason: 5m: MACD bearish; 15m: MACD bearish; 1h: MACD bearish; 4h: RSI oversold (16.1)
  ⚠️ Sell signal but no position

[04:49:31] Cycle 459
  💰 Current Price: $68102.10
  🎯 Signal: SELL (confidence: 0.17)
  📝 Reason: 5m: MACD bearish; 15m: MACD bearish; 1h: MACD bearish; 4h: RSI oversold (16.1)
  ⚠️ Sell signal but no position

[04:50:02] Cycle 460
  💰 Current Price: $68102.00
  🎯 Signal: SELL (confidence: 0.17)
  📝 Reason: 5m: MACD bearish; 15m: MACD bearish; 1h: MACD bearish; 4h: RSI oversold (16.1)
  ⚠️ Sell signal but no position

[04:50:33] Cycle 461
  💰 Current Price: $68102.00
  🎯 Signal: SELL (confidence: 0.17)
  📝 Reason: 5m: MACD bearish; 15m: MACD bearish; 1h: MACD bearish; 4h: RSI oversold (16.1)
  ⚠️ Sell signal but no position

[04:51:04] Cycle 462
  💰 Current Price: $68102.10
  🎯 Signal: SELL (confidence: 0.17)
  📝 Reason: 5m: MACD bearish; 15m: MACD bearish; 1h: MACD bearish; 4h: RSI oversold (16.1)
  ⚠️ Sell signal but no position

[04:51:34] Cycle 463
  💰 Current Price: $68107.60
  🎯 Signal: SELL (confidence: 0.17)
  📝 Reason: 5m: MACD bearish; 15m: MACD bearish; 1h: MACD bearish; 4h: RSI oversold (16.1)
  ⚠️ Sell signal but no position

[04:52:05] Cycle 464
  💰 Current Price: $68107.60
  🎯 Signal: SELL (confidence: 0.17)
  📝 Reason: 5m: MACD bearish; 15m: MACD bearish; 1h: MACD bearish; 4h: RSI oversold (16.1)
  ⚠️ Sell signal but no position

[04:52:36] Cycle 465
  💰 Current Price: $68107.50
  🎯 Signal: SELL (confidence: 0.17)
  📝 Reason: 5m: MACD bearish; 15m: MACD bearish; 1h: MACD bearish; 4h: RSI oversold (16.1)
  ⚠️ Sell signal but no position

[04:53:07] Cycle 466
  💰 Current Price: $68107.50
  🎯 Signal: SELL (confidence: 0.17)
  📝 Reason: 5m: MACD bearish; 15m: MACD bearish; 1h: MACD bearish; 4h: RSI oversold (16.1)
  ⚠️ Sell signal but no position

[04:53:38] Cycle 467
  💰 Current Price: $68107.50
  🎯 Signal: SELL (confidence: 0.17)
  📝 Reason: 5m: MACD bearish; 15m: MACD bearish; 1h: MACD bearish; 4h: RSI oversold (16.1)
  ⚠️ Sell signal but no position

[04:54:09] Cycle 468
  💰 Current Price: $68107.60
  🎯 Signal: SELL (confidence: 0.17)
  📝 Reason: 5m: MACD bearish; 15m: MACD bearish; 1h: MACD bearish; 4h: RSI oversold (16.1)
  ⚠️ Sell signal but no position

[04:54:39] Cycle 469
  💰 Current Price: $68107.50
  🎯 Signal: SELL (confidence: 0.17)
  📝 Reason: 5m: MACD bearish; 15m: MACD bearish; 1h: MACD bearish; 4h: RSI oversold (16.1)
  ⚠️ Sell signal but no position

[04:55:10] Cycle 470
  💰 Current Price: $68083.60
  🎯 Signal: SELL (confidence: 0.17)
  📝 Reason: 5m: MACD bearish; 15m: MACD bearish; 1h: MACD bearish; 4h: RSI oversold (16.0)
  ⚠️ Sell signal but no position

[04:55:41] Cycle 471
  💰 Current Price: $68095.60
  🎯 Signal: SELL (confidence: 0.17)
  📝 Reason: 5m: MACD bearish; 15m: MACD bearish; 1h: MACD bearish; 4h: RSI oversold (16.0)
  ⚠️ Sell signal but no position

[04:56:12] Cycle 472
  💰 Current Price: $68100.90
  🎯 Signal: SELL (confidence: 0.17)
  📝 Reason: 5m: MACD bearish; 15m: MACD bearish; 1h: MACD bearish; 4h: RSI oversold (16.1)
  ⚠️ Sell signal but no position

[04:56:43] Cycle 473
  💰 Current Price: $68100.90
  🎯 Signal: SELL (confidence: 0.17)
  📝 Reason: 5m: MACD bearish; 15m: MACD bearish; 1h: MACD bearish; 4h: RSI oversold (16.1)
  ⚠️ Sell signal but no position

[04:57:14] Cycle 474
  💰 Current Price: $68100.80
  🎯 Signal: SELL (confidence: 0.17)
  📝 Reason: 5m: MACD bearish; 15m: MACD bearish; 1h: MACD bearish; 4h: RSI oversold (16.1)
  ⚠️ Sell signal but no position

[04:57:45] Cycle 475
  💰 Current Price: $68100.80
  🎯 Signal: SELL (confidence: 0.17)
  📝 Reason: 5m: MACD bearish; 15m: MACD bearish; 1h: MACD bearish; 4h: RSI oversold (16.1)
  ⚠️ Sell signal but no position

[04:58:16] Cycle 476
  💰 Current Price: $68100.80
  🎯 Signal: SELL (confidence: 0.17)
  📝 Reason: 5m: MACD bearish; 15m: MACD bearish; 1h: MACD bearish; 4h: RSI oversold (16.1)
  ⚠️ Sell signal but no position

[04:58:47] Cycle 477
  💰 Current Price: $68100.80
  🎯 Signal: SELL (confidence: 0.17)
  📝 Reason: 5m: MACD bearish; 15m: MACD bearish; 1h: MACD bearish; 4h: RSI oversold (16.0)
  ⚠️ Sell signal but no position

[04:59:18] Cycle 478
  💰 Current Price: $68078.20
  🎯 Signal: SELL (confidence: 0.17)
  📝 Reason: 5m: MACD bearish; 15m: MACD bearish; 1h: MACD bearish; 4h: RSI oversold (16.0)
  ⚠️ Sell signal but no position

[04:59:49] Cycle 479
  💰 Current Price: $68072.10
  🎯 Signal: SELL (confidence: 0.17)
  📝 Reason: 5m: MACD bearish; 15m: MACD bearish; 1h: MACD bearish; 4h: RSI oversold (16.0)
  ⚠️ Sell signal but no position

[05:00:20] Cycle 480
  💰 Current Price: $68072.10
  🎯 Signal: HOLD (confidence: 0.12)
  📝 Reason: 5m: MACD bearish; 15m: MACD bearish; 1h: RSI oversold (37.2); 1h: MACD bearish

[05:00:51] Cycle 481
  💰 Current Price: $68072.00
  🎯 Signal: HOLD (confidence: 0.12)
  📝 Reason: 5m: MACD bearish; 15m: MACD bearish; 1h: RSI oversold (37.2); 1h: MACD bearish

[05:01:22] Cycle 482
  💰 Current Price: $68100.90
  🎯 Signal: HOLD (confidence: 0.12)
  📝 Reason: 5m: MACD bearish; 15m: MACD bearish; 1h: RSI oversold (38.2); 1h: MACD bearish

[05:01:53] Cycle 483
  💰 Current Price: $68102.00
  🎯 Signal: HOLD (confidence: 0.12)
  📝 Reason: 5m: MACD bearish; 15m: MACD bearish; 1h: RSI oversold (38.3); 1h: MACD bearish

[05:02:24] Cycle 484
  💰 Current Price: $68101.90
  🎯 Signal: HOLD (confidence: 0.12)
  📝 Reason: 5m: MACD bearish; 15m: MACD bearish; 1h: RSI oversold (38.3); 1h: MACD bearish

[05:02:54] Cycle 485
  💰 Current Price: $68105.10
  🎯 Signal: HOLD (confidence: 0.12)
  📝 Reason: 5m: MACD bearish; 15m: MACD bearish; 1h: RSI oversold (38.4); 1h: MACD bearish

[05:03:25] Cycle 486
  💰 Current Price: $68107.80
  🎯 Signal: HOLD (confidence: 0.12)
  📝 Reason: 5m: MACD bearish; 15m: MACD bearish; 1h: RSI oversold (38.5); 1h: MACD bearish

[05:03:56] Cycle 487
  💰 Current Price: $68107.80
  🎯 Signal: HOLD (confidence: 0.12)
  📝 Reason: 5m: MACD bearish; 15m: MACD bearish; 1h: RSI oversold (38.5); 1h: MACD bearish

[05:04:27] Cycle 488
  💰 Current Price: $68107.80
  🎯 Signal: HOLD (confidence: 0.12)
  📝 Reason: 5m: MACD bearish; 15m: MACD bearish; 1h: RSI oversold (38.5); 1h: MACD bearish

[05:04:58] Cycle 489
  💰 Current Price: $68114.00
  🎯 Signal: HOLD (confidence: 0.12)
  📝 Reason: 5m: MACD bearish; 15m: MACD bearish; 1h: RSI oversold (38.7); 1h: MACD bearish

[05:05:29] Cycle 490
  💰 Current Price: $68114.10
  🎯 Signal: HOLD (confidence: 0.12)
  📝 Reason: 5m: MACD bearish; 15m: MACD bearish; 1h: RSI oversold (38.7); 1h: MACD bearish

[05:06:00] Cycle 491
  💰 Current Price: $68114.10
  🎯 Signal: HOLD (confidence: 0.12)
  📝 Reason: 5m: MACD bearish; 15m: MACD bearish; 1h: RSI oversold (38.7); 1h: MACD bearish

[05:06:31] Cycle 492
  💰 Current Price: $68114.10
  🎯 Signal: HOLD (confidence: 0.12)
  📝 Reason: 5m: MACD bearish; 15m: MACD bearish; 1h: RSI oversold (38.7); 1h: MACD bearish

[05:07:02] Cycle 493
  💰 Current Price: $68114.00
  🎯 Signal: HOLD (confidence: 0.12)
  📝 Reason: 5m: MACD bearish; 15m: MACD bearish; 1h: RSI oversold (38.7); 1h: MACD bearish

[05:07:33] Cycle 494
  💰 Current Price: $68117.00
  🎯 Signal: HOLD (confidence: 0.12)
  📝 Reason: 5m: MACD bearish; 15m: MACD bearish; 1h: RSI oversold (38.8); 1h: MACD bearish

[05:08:04] Cycle 495
  💰 Current Price: $68128.70
  🎯 Signal: HOLD (confidence: 0.12)
  📝 Reason: 5m: MACD bearish; 15m: MACD bearish; 1h: RSI oversold (39.2); 1h: MACD bearish

[05:08:34] Cycle 496
  💰 Current Price: $68107.80
  🎯 Signal: HOLD (confidence: 0.12)
  📝 Reason: 5m: MACD bearish; 15m: MACD bearish; 1h: RSI oversold (38.5); 1h: MACD bearish

[05:09:05] Cycle 497
  💰 Current Price: $68107.70
  🎯 Signal: HOLD (confidence: 0.12)
  📝 Reason: 5m: MACD bearish; 15m: MACD bearish; 1h: RSI oversold (38.5); 1h: MACD bearish

[05:09:36] Cycle 498
  💰 Current Price: $68102.10
  🎯 Signal: HOLD (confidence: 0.12)
  📝 Reason: 5m: MACD bearish; 15m: MACD bearish; 1h: RSI oversold (38.3); 1h: MACD bearish

[05:10:08] Cycle 499
  💰 Current Price: $68095.50
  🎯 Signal: HOLD (confidence: 0.03)
  📝 Reason: 5m: RSI overbought (72.1); 5m: MACD bearish; 15m: MACD bearish; 1h: RSI oversold (38.1)

[05:10:38] Cycle 500
  💰 Current Price: $68098.50
  🎯 Signal: HOLD (confidence: 0.12)
  📝 Reason: 5m: MACD bearish; 15m: MACD bearish; 1h: RSI oversold (36.8); 1h: MACD bearish

[05:11:09] Cycle 501
  💰 Current Price: $68027.10
  🎯 Signal: HOLD (confidence: 0.12)
  📝 Reason: 5m: MACD bearish; 15m: MACD bearish; 1h: RSI oversold (36.3); 1h: MACD bearish

[05:11:40] Cycle 502
  💰 Current Price: $68015.20
  🎯 Signal: HOLD (confidence: 0.12)
  📝 Reason: 5m: MACD bearish; 15m: MACD bearish; 1h: RSI oversold (35.8); 1h: MACD bearish

[05:12:11] Cycle 503
  💰 Current Price: $67975.70
  🎯 Signal: HOLD (confidence: 0.12)
  📝 Reason: 5m: MACD bearish; 15m: MACD bearish; 1h: RSI oversold (35.3); 1h: MACD bearish

[05:12:43] Cycle 504
  💰 Current Price: $67975.70
  🎯 Signal: HOLD (confidence: 0.12)
  📝 Reason: 5m: MACD bearish; 15m: MACD bearish; 1h: RSI oversold (35.3); 1h: MACD bearish

[05:13:14] Cycle 505
  💰 Current Price: $67982.90
  🎯 Signal: HOLD (confidence: 0.12)
  📝 Reason: 5m: MACD bearish; 15m: MACD bearish; 1h: RSI oversold (35.4); 1h: MACD bearish

[05:13:44] Cycle 506
  💰 Current Price: $67982.90
  🎯 Signal: HOLD (confidence: 0.12)
  📝 Reason: 5m: MACD bearish; 15m: MACD bearish; 1h: RSI oversold (35.4); 1h: MACD bearish

[05:14:15] Cycle 507
  💰 Current Price: $67982.80
  🎯 Signal: HOLD (confidence: 0.12)
  📝 Reason: 5m: MACD bearish; 15m: MACD bearish; 1h: RSI oversold (35.4); 1h: MACD bearish

[05:14:46] Cycle 508
  💰 Current Price: $67989.20
  🎯 Signal: HOLD (confidence: 0.12)
  📝 Reason: 5m: MACD bearish; 15m: MACD bearish; 1h: RSI oversold (35.6); 1h: MACD bearish

[05:15:17] Cycle 509
  💰 Current Price: $68008.50
  🎯 Signal: HOLD (confidence: 0.12)
  📝 Reason: 5m: MACD bearish; 15m: MACD bearish; 1h: RSI oversold (35.9); 1h: MACD bearish

[05:15:47] Cycle 510
  💰 Current Price: $68042.00
  🎯 Signal: HOLD (confidence: 0.12)
  📝 Reason: 5m: MACD bearish; 15m: MACD bearish; 1h: RSI oversold (36.6); 1h: MACD bearish

[05:16:18] Cycle 511
  💰 Current Price: $68016.80
  🎯 Signal: HOLD (confidence: 0.12)
  📝 Reason: 5m: MACD bearish; 15m: MACD bearish; 1h: RSI oversold (36.1); 1h: MACD bearish

[05:16:49] Cycle 512
  💰 Current Price: $67998.50
  🎯 Signal: BUY (confidence: 0.33)
  📝 Reason: 5m: MACD bearish; 15m: RSI oversold (39.5); 15m: MACD bearish; 1h: RSI oversold (34.9)

[05:17:20] Cycle 513
  💰 Current Price: $67940.00
  🎯 Signal: BUY (confidence: 0.33)
  📝 Reason: 5m: MACD bearish; 15m: RSI oversold (39.1); 15m: MACD bearish; 1h: RSI oversold (34.6)

[05:17:51] Cycle 514
  💰 Current Price: $67942.10
  🎯 Signal: BUY (confidence: 0.33)
  📝 Reason: 5m: MACD bearish; 15m: RSI oversold (39.2); 15m: MACD bearish; 1h: RSI oversold (34.7)

[05:18:22] Cycle 515
  💰 Current Price: $67942.00
  🎯 Signal: BUY (confidence: 0.33)
  📝 Reason: 5m: MACD bearish; 15m: RSI oversold (39.3); 15m: MACD bearish; 1h: RSI oversold (34.7)

[05:18:52] Cycle 516
  💰 Current Price: $67952.00
  🎯 Signal: BUY (confidence: 0.33)
  📝 Reason: 5m: MACD bearish; 15m: RSI oversold (39.4); 15m: MACD bearish; 1h: RSI oversold (34.9)

[05:19:23] Cycle 517
  💰 Current Price: $67954.60
  🎯 Signal: BUY (confidence: 0.33)
  📝 Reason: 5m: MACD bearish; 15m: RSI oversold (39.5); 15m: MACD bearish; 1h: RSI oversold (34.9)

[05:19:54] Cycle 518
  💰 Current Price: $67948.10
  🎯 Signal: BUY (confidence: 0.33)
  📝 Reason: 5m: MACD bearish; 15m: RSI oversold (39.1); 15m: MACD bearish; 1h: RSI oversold (34.8)

[05:20:25] Cycle 519
  💰 Current Price: $67938.40
  🎯 Signal: BUY (confidence: 0.33)
  📝 Reason: 5m: MACD bearish; 15m: RSI oversold (39.1); 15m: MACD bearish; 1h: RSI oversold (34.6)

[05:20:56] Cycle 520
  💰 Current Price: $67951.90
  🎯 Signal: BUY (confidence: 0.33)
  📝 Reason: 5m: MACD bearish; 15m: RSI oversold (39.4); 15m: MACD bearish; 1h: RSI oversold (34.9)

[05:21:27] Cycle 521
  💰 Current Price: $67952.00
  🎯 Signal: BUY (confidence: 0.33)
  📝 Reason: 5m: MACD bearish; 15m: RSI oversold (39.4); 15m: MACD bearish; 1h: RSI oversold (34.9)

[05:21:58] Cycle 522
  💰 Current Price: $67952.00
  🎯 Signal: BUY (confidence: 0.33)
  📝 Reason: 5m: MACD bearish; 15m: RSI oversold (39.4); 15m: MACD bearish; 1h: RSI oversold (34.9)

[05:22:29] Cycle 523
  💰 Current Price: $67952.00
  🎯 Signal: BUY (confidence: 0.33)
  📝 Reason: 5m: MACD bearish; 15m: RSI oversold (39.4); 15m: MACD bearish; 1h: RSI oversold (34.9)

[05:23:00] Cycle 524
  💰 Current Price: $67962.20
  🎯 Signal: BUY (confidence: 0.33)
  📝 Reason: 5m: MACD bearish; 15m: RSI oversold (39.7); 15m: MACD bearish; 1h: RSI oversold (35.1)

[05:23:31] Cycle 525
  💰 Current Price: $67982.00
  🎯 Signal: HOLD (confidence: 0.12)
  📝 Reason: 5m: MACD bearish; 15m: MACD bearish; 1h: RSI oversold (35.4); 1h: MACD bearish

[05:24:02] Cycle 526
  💰 Current Price: $67981.00
  🎯 Signal: HOLD (confidence: 0.12)
  📝 Reason: 5m: MACD bearish; 15m: MACD bearish; 1h: RSI oversold (35.4); 1h: MACD bearish

[05:24:33] Cycle 527
  💰 Current Price: $67972.70
  🎯 Signal: BUY (confidence: 0.33)
  📝 Reason: 5m: MACD bearish; 15m: RSI oversold (40.0); 15m: MACD bearish; 1h: RSI oversold (35.3)

[05:25:04] Cycle 528
  💰 Current Price: $67977.50
  🎯 Signal: HOLD (confidence: 0.12)
  📝 Reason: 5m: MACD bearish; 15m: MACD bearish; 1h: RSI oversold (35.3); 1h: MACD bearish

[05:25:35] Cycle 529
  💰 Current Price: $67977.50
  🎯 Signal: HOLD (confidence: 0.12)
  📝 Reason: 5m: MACD bearish; 15m: MACD bearish; 1h: RSI oversold (35.3); 1h: MACD bearish

[05:26:06] Cycle 530
  💰 Current Price: $67987.00
  🎯 Signal: HOLD (confidence: 0.12)
  📝 Reason: 5m: MACD bearish; 15m: MACD bearish; 1h: RSI oversold (35.5); 1h: MACD bearish

[05:26:36] Cycle 531
  💰 Current Price: $67987.00
  🎯 Signal: HOLD (confidence: 0.12)
  📝 Reason: 5m: MACD bearish; 15m: MACD bearish; 1h: RSI oversold (35.5); 1h: MACD bearish

[05:27:08] Cycle 532
  💰 Current Price: $67968.90
  🎯 Signal: BUY (confidence: 0.33)
  📝 Reason: 5m: MACD bearish; 15m: RSI oversold (39.9); 15m: MACD bearish; 1h: RSI oversold (35.2)

[05:27:39] Cycle 533
  💰 Current Price: $67968.80
  🎯 Signal: BUY (confidence: 0.33)
  📝 Reason: 5m: MACD bearish; 15m: RSI oversold (39.9); 15m: MACD bearish; 1h: RSI oversold (35.2)

[05:28:10] Cycle 534
  💰 Current Price: $67980.60
  🎯 Signal: HOLD (confidence: 0.12)
  📝 Reason: 5m: MACD bearish; 15m: MACD bearish; 1h: RSI oversold (35.4); 1h: MACD bearish

[05:28:41] Cycle 535
  💰 Current Price: $67982.40
  🎯 Signal: HOLD (confidence: 0.12)
  📝 Reason: 5m: MACD bearish; 15m: MACD bearish; 1h: RSI oversold (35.4); 1h: MACD bearish

[05:29:11] Cycle 536
  💰 Current Price: $67987.00
  🎯 Signal: HOLD (confidence: 0.12)
  📝 Reason: 5m: MACD bearish; 15m: MACD bearish; 1h: RSI oversold (35.5); 1h: MACD bearish

[05:29:42] Cycle 537
  💰 Current Price: $68011.90
  🎯 Signal: HOLD (confidence: 0.12)
  📝 Reason: 5m: MACD bearish; 15m: MACD bearish; 1h: RSI oversold (36.0); 1h: MACD bearish

[05:30:13] Cycle 538
  💰 Current Price: $68012.00
  🎯 Signal: HOLD (confidence: 0.12)
  📝 Reason: 5m: MACD bearish; 15m: MACD bearish; 1h: RSI oversold (36.0); 1h: MACD bearish

[05:30:44] Cycle 539
  💰 Current Price: $68012.70
  🎯 Signal: HOLD (confidence: 0.12)
  📝 Reason: 5m: MACD bearish; 15m: MACD bearish; 1h: RSI oversold (36.0); 1h: MACD bearish

[05:31:15] Cycle 540
  💰 Current Price: $68012.70
  🎯 Signal: HOLD (confidence: 0.12)
  📝 Reason: 5m: MACD bearish; 15m: MACD bearish; 1h: RSI oversold (36.0); 1h: MACD bearish

[05:31:46] Cycle 541
  💰 Current Price: $68002.10
  🎯 Signal: HOLD (confidence: 0.12)
  📝 Reason: 5m: MACD bearish; 15m: MACD bearish; 1h: RSI oversold (35.8); 1h: MACD bearish

[05:32:17] Cycle 542
  💰 Current Price: $67997.10
  🎯 Signal: HOLD (confidence: 0.12)
  📝 Reason: 5m: MACD bearish; 15m: MACD bearish; 1h: RSI oversold (35.7); 1h: MACD bearish

[05:32:48] Cycle 543
  💰 Current Price: $67982.30
  🎯 Signal: HOLD (confidence: 0.12)
  📝 Reason: 5m: MACD bearish; 15m: MACD bearish; 1h: RSI oversold (35.4); 1h: MACD bearish

[05:33:19] Cycle 544
  💰 Current Price: $67970.50
  🎯 Signal: HOLD (confidence: 0.12)
  📝 Reason: 5m: MACD bearish; 15m: MACD bearish; 1h: RSI oversold (35.2); 1h: MACD bearish

[05:33:50] Cycle 545
  💰 Current Price: $67967.10
  🎯 Signal: HOLD (confidence: 0.12)
  📝 Reason: 5m: MACD bearish; 15m: MACD bearish; 1h: RSI oversold (35.1); 1h: MACD bearish

[05:34:21] Cycle 546
  💰 Current Price: $67962.10
  🎯 Signal: HOLD (confidence: 0.12)
  📝 Reason: 5m: MACD bearish; 15m: MACD bearish; 1h: RSI oversold (35.1); 1h: MACD bearish

[05:34:51] Cycle 547
  💰 Current Price: $67962.20
  🎯 Signal: HOLD (confidence: 0.12)
  📝 Reason: 5m: MACD bearish; 15m: MACD bearish; 1h: RSI oversold (35.1); 1h: MACD bearish

[05:35:22] Cycle 548
  💰 Current Price: $67962.20
  🎯 Signal: HOLD (confidence: 0.12)
  📝 Reason: 5m: MACD bearish; 15m: MACD bearish; 1h: RSI oversold (35.1); 1h: MACD bearish

[05:35:53] Cycle 549
  💰 Current Price: $67962.20
  🎯 Signal: HOLD (confidence: 0.12)
  📝 Reason: 5m: MACD bearish; 15m: MACD bearish; 1h: RSI oversold (35.1); 1h: MACD bearish

[05:36:24] Cycle 550
  💰 Current Price: $67962.10
  🎯 Signal: HOLD (confidence: 0.12)
  📝 Reason: 5m: MACD bearish; 15m: MACD bearish; 1h: RSI oversold (35.1); 1h: MACD bearish

[05:36:55] Cycle 551
  💰 Current Price: $67962.60
  🎯 Signal: HOLD (confidence: 0.12)
  📝 Reason: 5m: MACD bearish; 15m: MACD bearish; 1h: RSI oversold (35.2); 1h: MACD bearish

[05:37:26] Cycle 552
  💰 Current Price: $67982.00
  🎯 Signal: HOLD (confidence: 0.12)
  📝 Reason: 5m: MACD bearish; 15m: MACD bearish; 1h: RSI oversold (35.4); 1h: MACD bearish

[05:37:57] Cycle 553
  💰 Current Price: $67981.90
  🎯 Signal: HOLD (confidence: 0.12)
  📝 Reason: 5m: MACD bearish; 15m: MACD bearish; 1h: RSI oversold (35.4); 1h: MACD bearish

[05:38:28] Cycle 554
  💰 Current Price: $67982.00
  🎯 Signal: HOLD (confidence: 0.12)
  📝 Reason: 5m: MACD bearish; 15m: MACD bearish; 1h: RSI oversold (35.4); 1h: MACD bearish

[05:38:59] Cycle 555
  💰 Current Price: $67997.00
  🎯 Signal: HOLD (confidence: 0.12)
  📝 Reason: 5m: MACD bearish; 15m: MACD bearish; 1h: RSI oversold (35.7); 1h: MACD bearish

[05:39:30] Cycle 556
  💰 Current Price: $68012.00
  🎯 Signal: HOLD (confidence: 0.12)
  📝 Reason: 5m: MACD bearish; 15m: MACD bearish; 1h: RSI oversold (36.0); 1h: MACD bearish

[05:40:01] Cycle 557
  💰 Current Price: $68027.00
  🎯 Signal: HOLD (confidence: 0.12)
  📝 Reason: 5m: MACD bearish; 15m: MACD bearish; 1h: RSI oversold (36.3); 1h: MACD bearish

[05:40:32] Cycle 558
  💰 Current Price: $68043.70
  🎯 Signal: HOLD (confidence: 0.12)
  📝 Reason: 5m: MACD bearish; 15m: MACD bearish; 1h: RSI oversold (36.6); 1h: MACD bearish

[05:41:03] Cycle 559
  💰 Current Price: $68057.00
  🎯 Signal: HOLD (confidence: 0.12)
  📝 Reason: 5m: MACD bearish; 15m: MACD bearish; 1h: RSI oversold (36.9); 1h: MACD bearish

[05:41:34] Cycle 560
  💰 Current Price: $68072.00
  🎯 Signal: HOLD (confidence: 0.12)
  📝 Reason: 5m: MACD bearish; 15m: MACD bearish; 1h: RSI oversold (37.2); 1h: MACD bearish

[05:42:05] Cycle 561
  💰 Current Price: $68072.00
  🎯 Signal: HOLD (confidence: 0.12)
  📝 Reason: 5m: MACD bearish; 15m: MACD bearish; 1h: RSI oversold (37.2); 1h: MACD bearish

[05:42:36] Cycle 562
  💰 Current Price: $68083.70
  🎯 Signal: HOLD (confidence: 0.12)
  📝 Reason: 5m: MACD bearish; 15m: MACD bearish; 1h: RSI oversold (37.6); 1h: MACD bearish

[05:43:07] Cycle 563
  💰 Current Price: $68083.70
  🎯 Signal: HOLD (confidence: 0.12)
  📝 Reason: 5m: MACD bearish; 15m: MACD bearish; 1h: RSI oversold (37.6); 1h: MACD bearish

[05:43:38] Cycle 564
  💰 Current Price: $68083.70
  🎯 Signal: HOLD (confidence: 0.12)
  📝 Reason: 5m: MACD bearish; 15m: MACD bearish; 1h: RSI oversold (37.6); 1h: MACD bearish

[05:44:09] Cycle 565
  💰 Current Price: $68083.70
  🎯 Signal: HOLD (confidence: 0.12)
  📝 Reason: 5m: MACD bearish; 15m: MACD bearish; 1h: RSI oversold (37.6); 1h: MACD bearish

[05:44:40] Cycle 566
  💰 Current Price: $68083.60
  🎯 Signal: HOLD (confidence: 0.12)
  📝 Reason: 5m: MACD bearish; 15m: MACD bearish; 1h: RSI oversold (37.6); 1h: MACD bearish

[05:45:11] Cycle 567
  💰 Current Price: $68086.70
  🎯 Signal: HOLD (confidence: 0.12)
  📝 Reason: 5m: MACD bearish; 15m: MACD bearish; 1h: RSI oversold (37.8); 1h: MACD bearish

[05:45:41] Cycle 568
  💰 Current Price: $68086.70
  🎯 Signal: HOLD (confidence: 0.12)
  📝 Reason: 5m: MACD bearish; 15m: MACD bearish; 1h: RSI oversold (37.8); 1h: MACD bearish

[05:46:12] Cycle 569
  💰 Current Price: $68086.70
  🎯 Signal: HOLD (confidence: 0.12)
  📝 Reason: 5m: MACD bearish; 15m: MACD bearish; 1h: RSI oversold (37.8); 1h: MACD bearish

[05:46:43] Cycle 570
  💰 Current Price: $68087.00
  🎯 Signal: HOLD (confidence: 0.12)
  📝 Reason: 5m: MACD bearish; 15m: MACD bearish; 1h: RSI oversold (37.8); 1h: MACD bearish

[05:47:14] Cycle 571
  💰 Current Price: $68102.00
  🎯 Signal: HOLD (confidence: 0.12)
  📝 Reason: 5m: MACD bearish; 15m: MACD bearish; 1h: RSI oversold (38.3); 1h: MACD bearish

[05:47:45] Cycle 572
  💰 Current Price: $68093.80
  🎯 Signal: HOLD (confidence: 0.12)
  📝 Reason: 5m: MACD bearish; 15m: MACD bearish; 1h: RSI oversold (38.0); 1h: MACD bearish

[05:48:16] Cycle 573
  💰 Current Price: $68082.00
  🎯 Signal: HOLD (confidence: 0.12)
  📝 Reason: 5m: MACD bearish; 15m: MACD bearish; 1h: RSI oversold (37.6); 1h: MACD bearish

[05:48:46] Cycle 574
  💰 Current Price: $68052.90
  🎯 Signal: HOLD (confidence: 0.12)
  📝 Reason: 5m: MACD bearish; 15m: MACD bearish; 1h: RSI oversold (36.8); 1h: MACD bearish

[05:49:17] Cycle 575
  💰 Current Price: $68054.20
  🎯 Signal: HOLD (confidence: 0.12)
  📝 Reason: 5m: MACD bearish; 15m: MACD bearish; 1h: RSI oversold (36.9); 1h: MACD bearish

[05:49:48] Cycle 576
  💰 Current Price: $68054.20
  🎯 Signal: HOLD (confidence: 0.12)
  📝 Reason: 5m: MACD bearish; 15m: MACD bearish; 1h: RSI oversold (36.9); 1h: MACD bearish

[05:50:19] Cycle 577
  💰 Current Price: $68054.20
  🎯 Signal: HOLD (confidence: 0.12)
  📝 Reason: 5m: MACD bearish; 15m: MACD bearish; 1h: RSI oversold (36.9); 1h: MACD bearish

[05:50:49] Cycle 578
  💰 Current Price: $68054.20
  🎯 Signal: HOLD (confidence: 0.12)
  📝 Reason: 5m: MACD bearish; 15m: MACD bearish; 1h: RSI oversold (36.9); 1h: MACD bearish

[05:51:20] Cycle 579
  💰 Current Price: $68054.10
  🎯 Signal: HOLD (confidence: 0.12)
  📝 Reason: 5m: MACD bearish; 15m: MACD bearish; 1h: RSI oversold (36.9); 1h: MACD bearish

[05:51:51] Cycle 580
  💰 Current Price: $68054.20
  🎯 Signal: HOLD (confidence: 0.12)
  📝 Reason: 5m: MACD bearish; 15m: MACD bearish; 1h: RSI oversold (36.9); 1h: MACD bearish

[05:52:22] Cycle 581
  💰 Current Price: $68054.10
  🎯 Signal: HOLD (confidence: 0.12)
  📝 Reason: 5m: MACD bearish; 15m: MACD bearish; 1h: RSI oversold (36.9); 1h: MACD bearish

[05:52:53] Cycle 582
  💰 Current Price: $68054.10
  🎯 Signal: HOLD (confidence: 0.12)
  📝 Reason: 5m: MACD bearish; 15m: MACD bearish; 1h: RSI oversold (36.9); 1h: MACD bearish

[05:53:24] Cycle 583
  💰 Current Price: $68054.20
  🎯 Signal: HOLD (confidence: 0.12)
  📝 Reason: 5m: MACD bearish; 15m: MACD bearish; 1h: RSI oversold (36.9); 1h: MACD bearish

[05:53:55] Cycle 584
  💰 Current Price: $68054.20
  🎯 Signal: HOLD (confidence: 0.12)
  📝 Reason: 5m: MACD bearish; 15m: MACD bearish; 1h: RSI oversold (36.9); 1h: MACD bearish

[05:54:26] Cycle 585
  💰 Current Price: $68054.20
  🎯 Signal: HOLD (confidence: 0.12)
  📝 Reason: 5m: MACD bearish; 15m: MACD bearish; 1h: RSI oversold (36.9); 1h: MACD bearish

[05:54:57] Cycle 586
  💰 Current Price: $68054.20
  🎯 Signal: HOLD (confidence: 0.12)
  📝 Reason: 5m: MACD bearish; 15m: MACD bearish; 1h: RSI oversold (36.9); 1h: MACD bearish

[05:55:28] Cycle 587
  💰 Current Price: $68054.20
  🎯 Signal: HOLD (confidence: 0.12)
  📝 Reason: 5m: MACD bearish; 15m: MACD bearish; 1h: RSI oversold (36.9); 1h: MACD bearish

[05:55:59] Cycle 588
  💰 Current Price: $68054.20
  🎯 Signal: HOLD (confidence: 0.12)
  📝 Reason: 5m: MACD bearish; 15m: MACD bearish; 1h: RSI oversold (36.9); 1h: MACD bearish

[05:56:30] Cycle 589
  💰 Current Price: $68054.10
  🎯 Signal: HOLD (confidence: 0.12)
  📝 Reason: 5m: MACD bearish; 15m: MACD bearish; 1h: RSI oversold (36.9); 1h: MACD bearish

[05:57:01] Cycle 590
  💰 Current Price: $68048.10
  🎯 Signal: HOLD (confidence: 0.12)
  📝 Reason: 5m: MACD bearish; 15m: MACD bearish; 1h: RSI oversold (36.7); 1h: MACD bearish

[05:57:31] Cycle 591
  💰 Current Price: $68047.20
  🎯 Signal: HOLD (confidence: 0.12)
  📝 Reason: 5m: MACD bearish; 15m: MACD bearish; 1h: RSI oversold (36.7); 1h: MACD bearish

[05:58:02] Cycle 592
  💰 Current Price: $68029.40
  🎯 Signal: HOLD (confidence: 0.12)
  📝 Reason: 5m: MACD bearish; 15m: MACD bearish; 1h: RSI oversold (36.4); 1h: MACD bearish

[05:58:34] Cycle 593
  💰 Current Price: $67982.10
  🎯 Signal: BUY (confidence: 0.23)
  📝 Reason: 5m: RSI oversold (39.9); 5m: MACD bearish; 15m: MACD bearish; 1h: RSI oversold (35.5)

[05:59:05] Cycle 594
  💰 Current Price: $67996.80
  🎯 Signal: HOLD (confidence: 0.12)
  📝 Reason: 5m: MACD bearish; 15m: MACD bearish; 1h: RSI oversold (35.7); 1h: MACD bearish

[05:59:36] Cycle 595
  💰 Current Price: $67997.10
  🎯 Signal: HOLD (confidence: 0.12)
  📝 Reason: 5m: MACD bearish; 15m: MACD bearish; 1h: RSI oversold (35.7); 1h: MACD bearish

[06:00:07] Cycle 596
  💰 Current Price: $68013.30
  🎯 Signal: HOLD (confidence: 0.12)
  📝 Reason: 5m: MACD bearish; 15m: MACD bearish; 1h: RSI oversold (37.8); 1h: MACD bearish

[06:00:38] Cycle 597
  💰 Current Price: $68013.30
  🎯 Signal: HOLD (confidence: 0.12)
  📝 Reason: 5m: MACD bearish; 15m: MACD bearish; 1h: RSI oversold (37.8); 1h: MACD bearish

[06:01:09] Cycle 598
  💰 Current Price: $68000.10
  🎯 Signal: HOLD (confidence: 0.12)
  📝 Reason: 5m: MACD bearish; 15m: MACD bearish; 1h: RSI oversold (37.3); 1h: MACD bearish

[06:01:40] Cycle 599
  💰 Current Price: $67982.10
  🎯 Signal: HOLD (confidence: 0.12)
  📝 Reason: 5m: MACD bearish; 15m: MACD bearish; 1h: RSI oversold (36.9); 1h: MACD bearish

[06:02:11] Cycle 600
  💰 Current Price: $67982.10
  🎯 Signal: HOLD (confidence: 0.12)
  📝 Reason: 5m: MACD bearish; 15m: MACD bearish; 1h: RSI oversold (36.9); 1h: MACD bearish

[06:02:42] Cycle 601
  💰 Current Price: $67982.00
  🎯 Signal: HOLD (confidence: 0.12)
  📝 Reason: 5m: MACD bearish; 15m: MACD bearish; 1h: RSI oversold (36.9); 1h: MACD bearish

[06:03:13] Cycle 602
  💰 Current Price: $67982.10
  🎯 Signal: HOLD (confidence: 0.12)
  📝 Reason: 5m: MACD bearish; 15m: MACD bearish; 1h: RSI oversold (36.9); 1h: MACD bearish

[06:03:44] Cycle 603
  💰 Current Price: $67982.10
  🎯 Signal: HOLD (confidence: 0.12)
  📝 Reason: 5m: MACD bearish; 15m: MACD bearish; 1h: RSI oversold (36.9); 1h: MACD bearish

[06:04:15] Cycle 604
  💰 Current Price: $67996.80
  🎯 Signal: HOLD (confidence: 0.12)
  📝 Reason: 5m: MACD bearish; 15m: MACD bearish; 1h: RSI oversold (37.2); 1h: MACD bearish

[06:04:45] Cycle 605
  💰 Current Price: $68008.10
  🎯 Signal: HOLD (confidence: 0.12)
  📝 Reason: 5m: MACD bearish; 15m: MACD bearish; 1h: RSI oversold (37.6); 1h: MACD bearish

[06:05:16] Cycle 606
  💰 Current Price: $68008.10
  🎯 Signal: HOLD (confidence: 0.12)
  📝 Reason: 5m: MACD bearish; 15m: MACD bearish; 1h: RSI oversold (37.6); 1h: MACD bearish

[06:05:47] Cycle 607
  💰 Current Price: $68010.40
  🎯 Signal: HOLD (confidence: 0.12)
  📝 Reason: 5m: MACD bearish; 15m: MACD bearish; 1h: RSI oversold (37.7); 1h: MACD bearish

[06:06:18] Cycle 608
  💰 Current Price: $68014.90
  🎯 Signal: HOLD (confidence: 0.12)
  📝 Reason: 5m: MACD bearish; 15m: MACD bearish; 1h: RSI oversold (37.8); 1h: MACD bearish

[06:06:49] Cycle 609
  💰 Current Price: $68014.90
  🎯 Signal: HOLD (confidence: 0.12)
  📝 Reason: 5m: MACD bearish; 15m: MACD bearish; 1h: RSI oversold (37.8); 1h: MACD bearish

[06:07:20] Cycle 610
  💰 Current Price: $67997.10
  🎯 Signal: HOLD (confidence: 0.12)
  📝 Reason: 5m: MACD bearish; 15m: MACD bearish; 1h: RSI oversold (37.2); 1h: MACD bearish

[06:07:51] Cycle 611
  💰 Current Price: $67989.70
  🎯 Signal: HOLD (confidence: 0.12)
  📝 Reason: 5m: MACD bearish; 15m: MACD bearish; 1h: RSI oversold (37.0); 1h: MACD bearish

[06:08:22] Cycle 612
  💰 Current Price: $67980.00
  🎯 Signal: HOLD (confidence: 0.12)
  📝 Reason: 5m: MACD bearish; 15m: MACD bearish; 1h: RSI oversold (36.8); 1h: MACD bearish

[06:08:53] Cycle 613
  💰 Current Price: $67981.40
  🎯 Signal: HOLD (confidence: 0.12)
  📝 Reason: 5m: MACD bearish; 15m: MACD bearish; 1h: RSI oversold (36.9); 1h: MACD bearish

[06:09:24] Cycle 614
  💰 Current Price: $67980.10
  🎯 Signal: HOLD (confidence: 0.12)
  📝 Reason: 5m: MACD bearish; 15m: MACD bearish; 1h: RSI oversold (36.8); 1h: MACD bearish

[06:09:55] Cycle 615
  💰 Current Price: $67977.40
  🎯 Signal: HOLD (confidence: 0.12)
  📝 Reason: 5m: MACD bearish; 15m: MACD bearish; 1h: RSI oversold (36.8); 1h: MACD bearish

[06:10:26] Cycle 616
  💰 Current Price: $67967.00
  🎯 Signal: BUY (confidence: 0.23)
  📝 Reason: 5m: RSI oversold (36.9); 5m: MACD bearish; 15m: MACD bearish; 1h: RSI oversold (36.6)

[06:10:57] Cycle 617
  💰 Current Price: $67973.00
  🎯 Signal: BUY (confidence: 0.23)
  📝 Reason: 5m: RSI oversold (37.5); 5m: MACD bearish; 15m: MACD bearish; 1h: RSI oversold (36.7)

[06:11:28] Cycle 618
  💰 Current Price: $67975.50
  🎯 Signal: BUY (confidence: 0.23)
  📝 Reason: 5m: RSI oversold (37.8); 5m: MACD bearish; 15m: MACD bearish; 1h: RSI oversold (36.7)

[06:11:59] Cycle 619
  💰 Current Price: $67975.40
  🎯 Signal: BUY (confidence: 0.23)
  📝 Reason: 5m: RSI oversold (37.8); 5m: MACD bearish; 15m: MACD bearish; 1h: RSI oversold (36.7)

[06:12:29] Cycle 620
  💰 Current Price: $67975.40
  🎯 Signal: BUY (confidence: 0.23)
  📝 Reason: 5m: RSI oversold (37.8); 5m: MACD bearish; 15m: MACD bearish; 1h: RSI oversold (36.7)

[06:13:00] Cycle 621
  💰 Current Price: $67955.90
  🎯 Signal: BUY (confidence: 0.23)
  📝 Reason: 5m: RSI oversold (36.1); 5m: MACD bearish; 15m: MACD bearish; 1h: RSI oversold (36.3)

[06:13:31] Cycle 622
  💰 Current Price: $67955.90
  🎯 Signal: BUY (confidence: 0.23)
  📝 Reason: 5m: RSI oversold (36.1); 5m: MACD bearish; 15m: MACD bearish; 1h: RSI oversold (36.3)

[06:14:02] Cycle 623
  💰 Current Price: $67955.90
  🎯 Signal: BUY (confidence: 0.23)
  📝 Reason: 5m: RSI oversold (36.1); 5m: MACD bearish; 15m: MACD bearish; 1h: RSI oversold (36.3)

[06:14:33] Cycle 624
  💰 Current Price: $67961.00
  🎯 Signal: BUY (confidence: 0.23)
  📝 Reason: 5m: RSI oversold (36.5); 5m: MACD bearish; 15m: MACD bearish; 1h: RSI oversold (36.4)

[06:15:04] Cycle 625
  💰 Current Price: $67960.90
  🎯 Signal: BUY (confidence: 0.42)
  📝 Reason: 5m: RSI oversold (37.6); 5m: MACD bearish; 15m: RSI oversold (34.6); 15m: MACD bearish

[06:15:35] Cycle 626
  💰 Current Price: $67960.90
  🎯 Signal: BUY (confidence: 0.42)
  📝 Reason: 5m: RSI oversold (37.6); 5m: MACD bearish; 15m: RSI oversold (34.6); 15m: MACD bearish

[06:16:06] Cycle 627
  💰 Current Price: $67961.00
  🎯 Signal: BUY (confidence: 0.42)
  📝 Reason: 5m: RSI oversold (37.6); 5m: MACD bearish; 15m: RSI oversold (34.6); 15m: MACD bearish

[06:16:37] Cycle 628
  💰 Current Price: $67961.00
  🎯 Signal: BUY (confidence: 0.42)
  📝 Reason: 5m: RSI oversold (37.6); 5m: MACD bearish; 15m: RSI oversold (34.6); 15m: MACD bearish

[06:17:08] Cycle 629
  💰 Current Price: $67961.00
  🎯 Signal: BUY (confidence: 0.42)
  📝 Reason: 5m: RSI oversold (37.6); 5m: MACD bearish; 15m: RSI oversold (34.6); 15m: MACD bearish

[06:17:39] Cycle 630
  💰 Current Price: $67961.00
  🎯 Signal: BUY (confidence: 0.42)
  📝 Reason: 5m: RSI oversold (37.6); 5m: MACD bearish; 15m: RSI oversold (34.6); 15m: MACD bearish

[06:18:10] Cycle 631
  💰 Current Price: $67960.90
  🎯 Signal: BUY (confidence: 0.42)
  📝 Reason: 5m: RSI oversold (37.6); 5m: MACD bearish; 15m: RSI oversold (34.6); 15m: MACD bearish

[06:18:41] Cycle 632
  💰 Current Price: $67960.90
  🎯 Signal: BUY (confidence: 0.42)
  📝 Reason: 5m: RSI oversold (37.6); 5m: MACD bearish; 15m: RSI oversold (34.6); 15m: MACD bearish

[06:19:12] Cycle 633
  💰 Current Price: $67967.70
  🎯 Signal: BUY (confidence: 0.42)
  📝 Reason: 5m: RSI oversold (38.4); 5m: MACD bearish; 15m: RSI oversold (34.9); 15m: MACD bearish

[06:19:43] Cycle 634
  💰 Current Price: $67970.70
  🎯 Signal: BUY (confidence: 0.42)
  📝 Reason: 5m: RSI oversold (38.7); 5m: MACD bearish; 15m: RSI oversold (35.1); 15m: MACD bearish

[06:20:14] Cycle 635
  💰 Current Price: $67950.10
  🎯 Signal: BUY (confidence: 0.33)
  📝 Reason: 5m: MACD bearish; 15m: RSI oversold (34.3); 15m: MACD bearish; 1h: RSI oversold (36.2)

[06:20:45] Cycle 636
  💰 Current Price: $67906.70
  🎯 Signal: BUY (confidence: 0.33)
  📝 Reason: 5m: MACD bearish; 15m: RSI oversold (33.2); 15m: MACD bearish; 1h: RSI oversold (35.4)

[06:21:16] Cycle 637
  💰 Current Price: $67906.60
  🎯 Signal: BUY (confidence: 0.33)
  📝 Reason: 5m: MACD bearish; 15m: RSI oversold (33.2); 15m: MACD bearish; 1h: RSI oversold (35.4)

[06:21:47] Cycle 638
  💰 Current Price: $67919.30
  🎯 Signal: BUY (confidence: 0.33)
  📝 Reason: 5m: MACD bearish; 15m: RSI oversold (33.5); 15m: MACD bearish; 1h: RSI oversold (35.7)

[06:22:18] Cycle 639
  💰 Current Price: $67936.90
  🎯 Signal: BUY (confidence: 0.33)
  📝 Reason: 5m: MACD bearish; 15m: RSI oversold (33.9); 15m: MACD bearish; 1h: RSI oversold (36.0)

[06:22:49] Cycle 640
  💰 Current Price: $67937.00
  🎯 Signal: BUY (confidence: 0.33)
  📝 Reason: 5m: MACD bearish; 15m: RSI oversold (33.9); 15m: MACD bearish; 1h: RSI oversold (36.0)

[06:23:20] Cycle 641
  💰 Current Price: $67940.80
  🎯 Signal: BUY (confidence: 0.33)
  📝 Reason: 5m: MACD bearish; 15m: RSI oversold (34.0); 15m: MACD bearish; 1h: RSI oversold (36.0)

[06:23:51] Cycle 642
  💰 Current Price: $67939.90
  🎯 Signal: BUY (confidence: 0.33)
  📝 Reason: 5m: MACD bearish; 15m: RSI oversold (34.0); 15m: MACD bearish; 1h: RSI oversold (36.0)

[06:24:22] Cycle 643
  💰 Current Price: $67922.10
  🎯 Signal: BUY (confidence: 0.33)
  📝 Reason: 5m: MACD bearish; 15m: RSI oversold (33.5); 15m: MACD bearish; 1h: RSI oversold (35.7)

[06:24:53] Cycle 644
  💰 Current Price: $67931.20
  🎯 Signal: BUY (confidence: 0.33)
  📝 Reason: 5m: MACD bearish; 15m: RSI oversold (33.8); 15m: MACD bearish; 1h: RSI oversold (35.9)

[06:25:24] Cycle 645
  💰 Current Price: $67931.20
  🎯 Signal: BUY (confidence: 0.33)
  📝 Reason: 5m: MACD bearish; 15m: RSI oversold (33.5); 15m: MACD bearish; 1h: RSI oversold (35.9)

[06:25:55] Cycle 646
  💰 Current Price: $67922.00
  🎯 Signal: BUY (confidence: 0.33)
  📝 Reason: 5m: MACD bearish; 15m: RSI oversold (33.5); 15m: MACD bearish; 1h: RSI oversold (35.7)

[06:26:26] Cycle 647
  💰 Current Price: $67922.10
  🎯 Signal: BUY (confidence: 0.33)
  📝 Reason: 5m: MACD bearish; 15m: RSI oversold (33.5); 15m: MACD bearish; 1h: RSI oversold (35.7)

[06:26:57] Cycle 648
  💰 Current Price: $67922.10
  🎯 Signal: BUY (confidence: 0.33)
  📝 Reason: 5m: MACD bearish; 15m: RSI oversold (33.5); 15m: MACD bearish; 1h: RSI oversold (35.7)

[06:27:28] Cycle 649
  💰 Current Price: $67922.00
  🎯 Signal: BUY (confidence: 0.33)
  📝 Reason: 5m: MACD bearish; 15m: RSI oversold (33.5); 15m: MACD bearish; 1h: RSI oversold (35.7)

[06:27:58] Cycle 650
  💰 Current Price: $67894.50
  🎯 Signal: BUY (confidence: 0.33)
  📝 Reason: 5m: MACD bearish; 15m: RSI oversold (32.9); 15m: MACD bearish; 1h: RSI oversold (35.2)

[06:28:29] Cycle 651
  💰 Current Price: $67877.10
  🎯 Signal: BUY (confidence: 0.33)
  📝 Reason: 5m: MACD bearish; 15m: RSI oversold (32.4); 15m: MACD bearish; 1h: RSI oversold (34.8)

[06:29:00] Cycle 652
  💰 Current Price: $67874.40
  🎯 Signal: BUY (confidence: 0.33)
  📝 Reason: 5m: MACD bearish; 15m: RSI oversold (32.4); 15m: MACD bearish; 1h: RSI oversold (34.8)

[06:29:31] Cycle 653
  💰 Current Price: $67862.10
  🎯 Signal: BUY (confidence: 0.33)
  📝 Reason: 5m: MACD bearish; 15m: RSI oversold (32.1); 15m: MACD bearish; 1h: RSI oversold (34.6)

[06:30:02] Cycle 654
  💰 Current Price: $67862.10
  🎯 Signal: BUY (confidence: 0.42)
  📝 Reason: 5m: RSI oversold (37.2); 5m: MACD bearish; 15m: RSI oversold (22.9); 15m: MACD bearish

[06:30:33] Cycle 655
  💰 Current Price: $67862.10
  🎯 Signal: BUY (confidence: 0.42)
  📝 Reason: 5m: RSI oversold (37.2); 5m: MACD bearish; 15m: RSI oversold (22.9); 15m: MACD bearish

[06:31:04] Cycle 656
  💰 Current Price: $67884.00
  🎯 Signal: BUY (confidence: 0.33)
  📝 Reason: 5m: MACD bearish; 15m: RSI oversold (24.3); 15m: MACD bearish; 1h: RSI oversold (35.0)

[06:31:35] Cycle 657
  💰 Current Price: $67884.00
  🎯 Signal: BUY (confidence: 0.33)
  📝 Reason: 5m: MACD bearish; 15m: RSI oversold (24.3); 15m: MACD bearish; 1h: RSI oversold (35.0)

[06:32:05] Cycle 658
  💰 Current Price: $67892.00
  🎯 Signal: BUY (confidence: 0.33)
  📝 Reason: 5m: MACD bearish; 15m: RSI oversold (24.8); 15m: MACD bearish; 1h: RSI oversold (35.1)

[06:32:36] Cycle 659
  💰 Current Price: $67892.00
  🎯 Signal: BUY (confidence: 0.33)
  📝 Reason: 5m: MACD bearish; 15m: RSI oversold (24.8); 15m: MACD bearish; 1h: RSI oversold (35.1)

[06:33:07] Cycle 660
  💰 Current Price: $67892.00
  🎯 Signal: BUY (confidence: 0.33)
  📝 Reason: 5m: MACD bearish; 15m: RSI oversold (24.8); 15m: MACD bearish; 1h: RSI oversold (35.1)

[06:33:38] Cycle 661
  💰 Current Price: $67892.00
  🎯 Signal: BUY (confidence: 0.33)
  📝 Reason: 5m: MACD bearish; 15m: RSI oversold (24.8); 15m: MACD bearish; 1h: RSI oversold (35.1)

[06:34:10] Cycle 662
  💰 Current Price: $67885.30
  🎯 Signal: BUY (confidence: 0.33)
  📝 Reason: 5m: MACD bearish; 15m: RSI oversold (24.4); 15m: MACD bearish; 1h: RSI oversold (35.0)

[06:34:40] Cycle 663
  💰 Current Price: $67876.20
  🎯 Signal: BUY (confidence: 0.42)
  📝 Reason: 5m: RSI oversold (39.1); 5m: MACD bearish; 15m: RSI oversold (23.8); 15m: MACD bearish

[06:35:11] Cycle 664
  💰 Current Price: $67840.80
  🎯 Signal: BUY (confidence: 0.42)
  📝 Reason: 5m: RSI oversold (30.1); 5m: MACD bearish; 15m: RSI oversold (22.5); 15m: MACD bearish

[06:35:42] Cycle 665
  💰 Current Price: $67838.70
  🎯 Signal: BUY (confidence: 0.42)
  📝 Reason: 5m: RSI oversold (30.5); 5m: MACD bearish; 15m: RSI oversold (22.5); 15m: MACD bearish

[06:36:13] Cycle 666
  💰 Current Price: $67876.90
  🎯 Signal: BUY (confidence: 0.42)
  📝 Reason: 5m: RSI oversold (34.3); 5m: MACD bearish; 15m: RSI oversold (23.9); 15m: MACD bearish

[06:36:44] Cycle 667
  💰 Current Price: $67847.50
  🎯 Signal: BUY (confidence: 0.42)
  📝 Reason: 5m: RSI oversold (31.1); 5m: MACD bearish; 15m: RSI oversold (22.6); 15m: MACD bearish

[06:37:15] Cycle 668
  💰 Current Price: $67847.50
  🎯 Signal: BUY (confidence: 0.42)
  📝 Reason: 5m: RSI oversold (31.1); 5m: MACD bearish; 15m: RSI oversold (22.6); 15m: MACD bearish

[06:37:46] Cycle 669
  💰 Current Price: $67847.00
  🎯 Signal: BUY (confidence: 0.42)
  📝 Reason: 5m: RSI oversold (31.1); 5m: MACD bearish; 15m: RSI oversold (22.6); 15m: MACD bearish

[06:38:17] Cycle 670
  💰 Current Price: $67849.60
  🎯 Signal: BUY (confidence: 0.42)
  📝 Reason: 5m: RSI oversold (31.3); 5m: MACD bearish; 15m: RSI oversold (22.7); 15m: MACD bearish

[06:38:47] Cycle 671
  💰 Current Price: $67872.80
  🎯 Signal: BUY (confidence: 0.42)
  📝 Reason: 5m: RSI oversold (33.6); 5m: MACD bearish; 15m: RSI oversold (23.6); 15m: MACD bearish

[06:39:18] Cycle 672
  💰 Current Price: $67852.90
  🎯 Signal: BUY (confidence: 0.42)
  📝 Reason: 5m: RSI oversold (31.5); 5m: MACD bearish; 15m: RSI oversold (22.7); 15m: MACD bearish

[06:39:49] Cycle 673
  💰 Current Price: $67833.30
  🎯 Signal: BUY (confidence: 0.42)
  📝 Reason: 5m: RSI oversold (30.1); 5m: MACD bearish; 15m: RSI oversold (22.4); 15m: MACD bearish

[06:40:20] Cycle 674
  💰 Current Price: $67857.50
  🎯 Signal: BUY (confidence: 0.42)
  📝 Reason: 5m: RSI oversold (37.7); 5m: MACD bearish; 15m: RSI oversold (22.9); 15m: MACD bearish

[06:40:51] Cycle 675
  💰 Current Price: $67862.00
  🎯 Signal: BUY (confidence: 0.42)
  📝 Reason: 5m: RSI oversold (38.5); 5m: MACD bearish; 15m: RSI oversold (23.0); 15m: MACD bearish

[06:41:22] Cycle 676
  💰 Current Price: $67908.30
  🎯 Signal: BUY (confidence: 0.33)
  📝 Reason: 5m: MACD bearish; 15m: RSI oversold (25.8); 15m: MACD bearish; 1h: RSI oversold (35.4)

[06:41:53] Cycle 677
  💰 Current Price: $67892.00
  🎯 Signal: BUY (confidence: 0.33)
  📝 Reason: 5m: MACD bearish; 15m: RSI oversold (24.8); 15m: MACD bearish; 1h: RSI oversold (35.1)

[06:42:23] Cycle 678
  💰 Current Price: $67894.40
  🎯 Signal: BUY (confidence: 0.33)
  📝 Reason: 5m: MACD bearish; 15m: RSI oversold (24.9); 15m: MACD bearish; 1h: RSI oversold (35.1)

[06:42:54] Cycle 679
  💰 Current Price: $67894.30
  🎯 Signal: BUY (confidence: 0.33)
  📝 Reason: 5m: MACD bearish; 15m: RSI oversold (24.9); 15m: MACD bearish; 1h: RSI oversold (35.1)

[06:43:25] Cycle 680
  💰 Current Price: $67894.40
  🎯 Signal: BUY (confidence: 0.33)
  📝 Reason: 5m: MACD bearish; 15m: RSI oversold (24.9); 15m: MACD bearish; 1h: RSI oversold (35.1)

[06:43:56] Cycle 681
  💰 Current Price: $67894.40
  🎯 Signal: BUY (confidence: 0.33)
  📝 Reason: 5m: MACD bearish; 15m: RSI oversold (24.9); 15m: MACD bearish; 1h: RSI oversold (35.1)

[06:44:27] Cycle 682
  💰 Current Price: $67922.90
  🎯 Signal: BUY (confidence: 0.33)
  📝 Reason: 5m: MACD bearish; 15m: RSI oversold (26.6); 15m: MACD bearish; 1h: RSI oversold (35.7)

[06:44:58] Cycle 683
  💰 Current Price: $67930.50
  🎯 Signal: BUY (confidence: 0.33)
  📝 Reason: 5m: MACD bearish; 15m: RSI oversold (26.7); 15m: MACD bearish; 1h: RSI oversold (35.7)

[06:45:29] Cycle 684
  💰 Current Price: $67937.00
  🎯 Signal: BUY (confidence: 0.42)
  📝 Reason: 5m: RSI oversold (39.8); 5m: MACD bearish; 15m: RSI oversold (35.5); 15m: MACD bearish

[06:46:00] Cycle 685
  💰 Current Price: $67943.30
  🎯 Signal: BUY (confidence: 0.33)
  📝 Reason: 5m: MACD bearish; 15m: RSI oversold (35.9); 15m: MACD bearish; 1h: RSI oversold (36.1)

[06:46:31] Cycle 686
  💰 Current Price: $67937.10
  🎯 Signal: BUY (confidence: 0.42)
  📝 Reason: 5m: RSI oversold (39.8); 5m: MACD bearish; 15m: RSI oversold (35.5); 15m: MACD bearish

[06:47:01] Cycle 687
  💰 Current Price: $67937.00
  🎯 Signal: BUY (confidence: 0.42)
  📝 Reason: 5m: RSI oversold (39.8); 5m: MACD bearish; 15m: RSI oversold (35.5); 15m: MACD bearish

[06:47:32] Cycle 688
  💰 Current Price: $67936.50
  🎯 Signal: BUY (confidence: 0.42)
  📝 Reason: 5m: RSI oversold (39.7); 5m: MACD bearish; 15m: RSI oversold (35.5); 15m: MACD bearish

[06:48:03] Cycle 689
  💰 Current Price: $67922.00
  🎯 Signal: BUY (confidence: 0.42)
  📝 Reason: 5m: RSI oversold (37.7); 5m: MACD bearish; 15m: RSI oversold (34.6); 15m: MACD bearish

[06:48:33] Cycle 690
  💰 Current Price: $67936.80
  🎯 Signal: BUY (confidence: 0.42)
  📝 Reason: 5m: RSI oversold (39.7); 5m: MACD bearish; 15m: RSI oversold (35.5); 15m: MACD bearish

[06:49:04] Cycle 691
  💰 Current Price: $67916.00
  🎯 Signal: BUY (confidence: 0.42)
  📝 Reason: 5m: RSI oversold (37.2); 5m: MACD bearish; 15m: RSI oversold (34.4); 15m: MACD bearish

[06:49:35] Cycle 692
  💰 Current Price: $67909.90
  🎯 Signal: BUY (confidence: 0.42)
  📝 Reason: 5m: RSI oversold (36.7); 5m: MACD bearish; 15m: RSI oversold (34.2); 15m: MACD bearish

[06:50:06] Cycle 693
  💰 Current Price: $67907.10
  🎯 Signal: BUY (confidence: 0.42)
  📝 Reason: 5m: RSI oversold (27.1); 5m: MACD bearish; 15m: RSI oversold (34.1); 15m: MACD bearish

[06:50:37] Cycle 694
  💰 Current Price: $67832.00
  🎯 Signal: BUY (confidence: 0.42)
  📝 Reason: 5m: RSI oversold (22.7); 5m: MACD bearish; 15m: RSI oversold (31.7); 15m: MACD bearish

[06:51:07] Cycle 695
  💰 Current Price: $67802.00
  🎯 Signal: BUY (confidence: 0.42)
  📝 Reason: 5m: RSI oversold (21.3); 5m: MACD bearish; 15m: RSI oversold (30.8); 15m: MACD bearish

[06:51:38] Cycle 696
  💰 Current Price: $67799.20
  🎯 Signal: BUY (confidence: 0.42)
  📝 Reason: 5m: RSI oversold (21.2); 5m: MACD bearish; 15m: RSI oversold (30.7); 15m: MACD bearish

[06:52:09] Cycle 697
  💰 Current Price: $67816.80
  🎯 Signal: BUY (confidence: 0.42)
  📝 Reason: 5m: RSI oversold (22.0); 5m: MACD bearish; 15m: RSI oversold (31.2); 15m: MACD bearish

[06:52:40] Cycle 698
  💰 Current Price: $67809.20
  🎯 Signal: BUY (confidence: 0.42)
  📝 Reason: 5m: RSI oversold (21.7); 5m: MACD bearish; 15m: RSI oversold (31.0); 15m: MACD bearish

[06:53:11] Cycle 699
  💰 Current Price: $67789.50
  🎯 Signal: BUY (confidence: 0.42)
  📝 Reason: 5m: RSI oversold (20.8); 5m: MACD bearish; 15m: RSI oversold (30.5); 15m: MACD bearish

[06:53:42] Cycle 700
  💰 Current Price: $67742.60
  🎯 Signal: BUY (confidence: 0.42)
  📝 Reason: 5m: RSI oversold (19.0); 5m: MACD bearish; 15m: RSI oversold (29.2); 15m: MACD bearish

[06:54:12] Cycle 701
  💰 Current Price: $67732.40
  🎯 Signal: BUY (confidence: 0.42)
  📝 Reason: 5m: RSI oversold (18.7); 5m: MACD bearish; 15m: RSI oversold (29.0); 15m: MACD bearish

[06:54:44] Cycle 702
  💰 Current Price: $67746.30
  🎯 Signal: BUY (confidence: 0.42)
  📝 Reason: 5m: RSI oversold (19.2); 5m: MACD bearish; 15m: RSI oversold (29.3); 15m: MACD bearish

[06:55:15] Cycle 703
  💰 Current Price: $67700.30
  🎯 Signal: BUY (confidence: 0.42)
  📝 Reason: 5m: RSI oversold (18.6); 5m: MACD bearish; 15m: RSI oversold (28.2); 15m: MACD bearish

[06:55:45] Cycle 704
  💰 Current Price: $67705.90
  🎯 Signal: BUY (confidence: 0.42)
  📝 Reason: 5m: RSI oversold (19.4); 5m: MACD bearish; 15m: RSI oversold (28.3); 15m: MACD bearish

[06:56:16] Cycle 705
  💰 Current Price: $67723.30
  🎯 Signal: BUY (confidence: 0.42)
  📝 Reason: 5m: RSI oversold (21.8); 5m: MACD bearish; 15m: RSI oversold (28.8); 15m: MACD bearish

[06:56:47] Cycle 706
  💰 Current Price: $67743.30
  🎯 Signal: BUY (confidence: 0.42)
  📝 Reason: 5m: RSI oversold (26.0); 5m: MACD bearish; 15m: RSI oversold (29.2); 15m: MACD bearish

[06:57:18] Cycle 707
  💰 Current Price: $67746.20
  🎯 Signal: BUY (confidence: 0.42)
  📝 Reason: 5m: RSI oversold (24.7); 5m: MACD bearish; 15m: RSI oversold (29.3); 15m: MACD bearish

[06:57:49] Cycle 708
  💰 Current Price: $67742.10
  🎯 Signal: BUY (confidence: 0.42)
  📝 Reason: 5m: RSI oversold (24.2); 5m: MACD bearish; 15m: RSI oversold (29.2); 15m: MACD bearish

[06:58:20] Cycle 709
  💰 Current Price: $67755.70
  🎯 Signal: BUY (confidence: 0.42)
  📝 Reason: 5m: RSI oversold (25.9); 5m: MACD bearish; 15m: RSI oversold (29.6); 15m: MACD bearish

[06:58:51] Cycle 710
  💰 Current Price: $67734.40
  🎯 Signal: BUY (confidence: 0.42)
  📝 Reason: 5m: RSI oversold (23.2); 5m: MACD bearish; 15m: RSI oversold (29.0); 15m: MACD bearish

[06:59:21] Cycle 711
  💰 Current Price: $67723.90
  🎯 Signal: BUY (confidence: 0.42)
  📝 Reason: 5m: RSI oversold (21.9); 5m: MACD bearish; 15m: RSI oversold (28.8); 15m: MACD bearish

[06:59:52] Cycle 712
  💰 Current Price: $67709.90
  🎯 Signal: BUY (confidence: 0.42)
  📝 Reason: 5m: RSI oversold (20.0); 5m: MACD bearish; 15m: RSI oversold (28.4); 15m: MACD bearish

[07:00:23] Cycle 713
  💰 Current Price: $67674.90
  🎯 Signal: HOLD (confidence: 0.12)
  📝 Reason: 5m: RSI oversold (17.4); 5m: MACD bearish; 15m: RSI oversold (28.0); 15m: MACD bearish

[07:00:54] Cycle 714
  💰 Current Price: $67674.50
  🎯 Signal: HOLD (confidence: 0.12)
  📝 Reason: 5m: RSI oversold (17.3); 5m: MACD bearish; 15m: RSI oversold (27.9); 15m: MACD bearish

[07:01:25] Cycle 715
  💰 Current Price: $67650.90
  🎯 Signal: HOLD (confidence: 0.12)
  📝 Reason: 5m: RSI oversold (17.1); 5m: MACD bearish; 15m: RSI oversold (27.8); 15m: MACD bearish

[07:01:56] Cycle 716
  💰 Current Price: $67653.90
  🎯 Signal: HOLD (confidence: 0.12)
  📝 Reason: 5m: RSI oversold (17.2); 5m: MACD bearish; 15m: RSI oversold (27.8); 15m: MACD bearish

[07:02:26] Cycle 717
  💰 Current Price: $67654.70
  🎯 Signal: HOLD (confidence: 0.12)
  📝 Reason: 5m: RSI oversold (17.2); 5m: MACD bearish; 15m: RSI oversold (27.9); 15m: MACD bearish

[07:02:57] Cycle 718
  💰 Current Price: $67654.60
  🎯 Signal: HOLD (confidence: 0.12)
  📝 Reason: 5m: RSI oversold (17.2); 5m: MACD bearish; 15m: RSI oversold (27.9); 15m: MACD bearish

[07:03:28] Cycle 719
  💰 Current Price: $67610.40
  🎯 Signal: BUY (confidence: 0.42)
  📝 Reason: 5m: RSI oversold (16.0); 5m: MACD bearish; 15m: RSI oversold (26.9); 15m: MACD bearish

[07:04:00] Cycle 720
  💰 Current Price: $67608.20
  🎯 Signal: BUY (confidence: 0.42)
  📝 Reason: 5m: RSI oversold (16.0); 5m: MACD bearish; 15m: RSI oversold (26.8); 15m: MACD bearish

[07:04:31] Cycle 721
  💰 Current Price: $67608.20
  🎯 Signal: BUY (confidence: 0.42)
  📝 Reason: 5m: RSI oversold (16.0); 5m: MACD bearish; 15m: RSI oversold (26.8); 15m: MACD bearish

[07:05:01] Cycle 722
  💰 Current Price: $67592.10
  🎯 Signal: BUY (confidence: 0.42)
  📝 Reason: 5m: RSI oversold (16.7); 5m: MACD bearish; 15m: RSI oversold (26.2); 15m: MACD bearish

[07:05:32] Cycle 723
  💰 Current Price: $67598.80
  🎯 Signal: BUY (confidence: 0.42)
  📝 Reason: 5m: RSI oversold (18.9); 5m: MACD bearish; 15m: RSI oversold (27.1); 15m: MACD bearish

[07:06:03] Cycle 724
  💰 Current Price: $67588.10
  🎯 Signal: BUY (confidence: 0.42)
  📝 Reason: 5m: RSI oversold (16.4); 5m: MACD bearish; 15m: RSI oversold (26.0); 15m: MACD bearish

[07:06:34] Cycle 725
  💰 Current Price: $67509.60
  🎯 Signal: BUY (confidence: 0.42)
  📝 Reason: 5m: RSI oversold (15.0); 5m: MACD bearish; 15m: RSI oversold (24.9); 15m: MACD bearish

[07:07:05] Cycle 726
  💰 Current Price: $67500.10
  🎯 Signal: BUY (confidence: 0.42)
  📝 Reason: 5m: RSI oversold (15.0); 5m: MACD bearish; 15m: RSI oversold (24.8); 15m: MACD bearish

[07:07:36] Cycle 727
  💰 Current Price: $67531.90
  🎯 Signal: BUY (confidence: 0.42)
  📝 Reason: 5m: RSI oversold (15.5); 5m: MACD bearish; 15m: RSI oversold (25.3); 15m: MACD bearish

[07:08:07] Cycle 728
  💰 Current Price: $67475.00
  🎯 Signal: BUY (confidence: 0.42)
  📝 Reason: 5m: RSI oversold (14.6); 5m: MACD bearish; 15m: RSI oversold (24.5); 15m: MACD bearish

[07:08:37] Cycle 729
  💰 Current Price: $67503.40
  🎯 Signal: BUY (confidence: 0.42)
  📝 Reason: 5m: RSI oversold (14.9); 5m: MACD bearish; 15m: RSI oversold (24.8); 15m: MACD bearish

[07:09:08] Cycle 730
  💰 Current Price: $67521.20
  🎯 Signal: BUY (confidence: 0.42)
  📝 Reason: 5m: RSI oversold (15.3); 5m: MACD bearish; 15m: RSI oversold (25.1); 15m: MACD bearish

[07:09:39] Cycle 731
  💰 Current Price: $67524.00
  🎯 Signal: BUY (confidence: 0.42)
  📝 Reason: 5m: RSI oversold (15.4); 5m: MACD bearish; 15m: RSI oversold (25.2); 15m: MACD bearish

[07:10:10] Cycle 732
  💰 Current Price: $67487.00
  🎯 Signal: BUY (confidence: 0.42)
  📝 Reason: 5m: RSI oversold (13.1); 5m: MACD bearish; 15m: RSI oversold (24.5); 15m: MACD bearish

[07:10:41] Cycle 733
  💰 Current Price: $67521.60
  🎯 Signal: BUY (confidence: 0.42)
  📝 Reason: 5m: RSI oversold (17.3); 5m: MACD bearish; 15m: RSI oversold (25.0); 15m: MACD bearish

[07:11:12] Cycle 734
  💰 Current Price: $67502.10
  🎯 Signal: BUY (confidence: 0.42)
  📝 Reason: 5m: RSI oversold (15.0); 5m: MACD bearish; 15m: RSI oversold (24.8); 15m: MACD bearish

[07:11:43] Cycle 735
  💰 Current Price: $67531.90
  🎯 Signal: BUY (confidence: 0.42)
  📝 Reason: 5m: RSI oversold (18.4); 5m: MACD bearish; 15m: RSI oversold (25.3); 15m: MACD bearish

[07:12:14] Cycle 736
  💰 Current Price: $67577.00
  🎯 Signal: BUY (confidence: 0.42)
  📝 Reason: 5m: RSI oversold (23.0); 5m: MACD bearish; 15m: RSI oversold (26.2); 15m: MACD bearish

[07:12:45] Cycle 737
  💰 Current Price: $67618.00
  🎯 Signal: BUY (confidence: 0.42)
  📝 Reason: 5m: RSI oversold (26.8); 5m: MACD bearish; 15m: RSI oversold (27.0); 15m: MACD bearish

[07:13:16] Cycle 738
  💰 Current Price: $67636.90
  🎯 Signal: HOLD (confidence: 0.12)
  📝 Reason: 5m: RSI oversold (28.4); 5m: MACD bearish; 15m: RSI oversold (27.5); 15m: MACD bearish

[07:13:46] Cycle 739
  💰 Current Price: $67637.00
  🎯 Signal: HOLD (confidence: 0.12)
  📝 Reason: 5m: RSI oversold (28.4); 5m: MACD bearish; 15m: RSI oversold (27.5); 15m: MACD bearish

[07:14:17] Cycle 740
  💰 Current Price: $67650.00
  🎯 Signal: HOLD (confidence: 0.12)
  📝 Reason: 5m: RSI oversold (29.5); 5m: MACD bearish; 15m: RSI oversold (27.8); 15m: MACD bearish

[07:14:48] Cycle 741
  💰 Current Price: $67635.00
  🎯 Signal: BUY (confidence: 0.42)
  📝 Reason: 5m: RSI oversold (28.2); 5m: MACD bearish; 15m: RSI oversold (27.4); 15m: MACD bearish

[07:15:19] Cycle 742
  💰 Current Price: $67631.10
  🎯 Signal: BUY (confidence: 0.42)
  📝 Reason: 5m: RSI oversold (29.5); 5m: MACD bearish; 15m: RSI oversold (29.2); 15m: MACD bearish

[07:15:49] Cycle 743
  💰 Current Price: $67631.10
  🎯 Signal: BUY (confidence: 0.42)
  📝 Reason: 5m: RSI oversold (29.5); 5m: MACD bearish; 15m: RSI oversold (29.2); 15m: MACD bearish

[07:16:20] Cycle 744
  💰 Current Price: $67614.30
  🎯 Signal: BUY (confidence: 0.42)
  📝 Reason: 5m: RSI oversold (28.9); 5m: MACD bearish; 15m: RSI oversold (28.8); 15m: MACD bearish

[07:16:51] Cycle 745
  💰 Current Price: $67614.40
  🎯 Signal: BUY (confidence: 0.42)
  📝 Reason: 5m: RSI oversold (28.9); 5m: MACD bearish; 15m: RSI oversold (28.8); 15m: MACD bearish

[07:17:22] Cycle 746
  💰 Current Price: $67614.40
  🎯 Signal: BUY (confidence: 0.42)
  📝 Reason: 5m: RSI oversold (28.9); 5m: MACD bearish; 15m: RSI oversold (28.8); 15m: MACD bearish

[07:17:52] Cycle 747
  💰 Current Price: $67614.30
  🎯 Signal: BUY (confidence: 0.42)
  📝 Reason: 5m: RSI oversold (28.9); 5m: MACD bearish; 15m: RSI oversold (28.8); 15m: MACD bearish

[07:18:23] Cycle 748
  💰 Current Price: $67621.00
  🎯 Signal: BUY (confidence: 0.42)
  📝 Reason: 5m: RSI oversold (29.2); 5m: MACD bearish; 15m: RSI oversold (28.9); 15m: MACD bearish

[07:18:54] Cycle 749
  💰 Current Price: $67629.30
  🎯 Signal: BUY (confidence: 0.42)
  📝 Reason: 5m: RSI oversold (29.4); 5m: MACD bearish; 15m: RSI oversold (29.2); 15m: MACD bearish

[07:19:25] Cycle 750
  💰 Current Price: $67617.30
  🎯 Signal: BUY (confidence: 0.42)
  📝 Reason: 5m: RSI oversold (29.0); 5m: MACD bearish; 15m: RSI oversold (28.9); 15m: MACD bearish

[07:19:55] Cycle 751
  💰 Current Price: $67617.30
  🎯 Signal: BUY (confidence: 0.42)
  📝 Reason: 5m: RSI oversold (29.0); 5m: MACD bearish; 15m: RSI oversold (28.9); 15m: MACD bearish

[07:20:26] Cycle 752
  💰 Current Price: $67609.80
  🎯 Signal: BUY (confidence: 0.42)
  📝 Reason: 5m: RSI oversold (29.0); 5m: MACD bearish; 15m: RSI oversold (28.7); 15m: MACD bearish

[07:20:57] Cycle 753
  💰 Current Price: $67637.00
  🎯 Signal: HOLD (confidence: 0.12)
  📝 Reason: 5m: RSI oversold (30.9); 5m: MACD bearish; 15m: RSI oversold (29.4); 15m: MACD bearish

[07:21:28] Cycle 754
  💰 Current Price: $67637.00
  🎯 Signal: HOLD (confidence: 0.12)
  📝 Reason: 5m: RSI oversold (30.9); 5m: MACD bearish; 15m: RSI oversold (29.4); 15m: MACD bearish

[07:21:59] Cycle 755
  💰 Current Price: $67630.10
  🎯 Signal: BUY (confidence: 0.42)
  📝 Reason: 5m: RSI oversold (30.3); 5m: MACD bearish; 15m: RSI oversold (29.2); 15m: MACD bearish

[07:22:30] Cycle 756
  💰 Current Price: $67622.40
  🎯 Signal: BUY (confidence: 0.42)
  📝 Reason: 5m: RSI oversold (29.7); 5m: MACD bearish; 15m: RSI oversold (29.0); 15m: MACD bearish

[07:23:01] Cycle 757
  💰 Current Price: $67640.50
  🎯 Signal: HOLD (confidence: 0.12)
  📝 Reason: 5m: RSI oversold (31.2); 5m: MACD bearish; 15m: RSI oversold (29.6); 15m: MACD bearish

[07:23:32] Cycle 758
  💰 Current Price: $67663.30
  🎯 Signal: HOLD (confidence: 0.12)
  📝 Reason: 5m: RSI oversold (33.0); 5m: MACD bearish; 15m: RSI oversold (31.0); 15m: MACD bearish

[07:24:03] Cycle 759
  💰 Current Price: $67682.00
  🎯 Signal: HOLD (confidence: 0.12)
  📝 Reason: 5m: RSI oversold (34.4); 5m: MACD bearish; 15m: RSI oversold (32.1); 15m: MACD bearish

[07:24:33] Cycle 760
  💰 Current Price: $67712.00
  🎯 Signal: HOLD (confidence: 0.12)
  📝 Reason: 5m: RSI oversold (36.5); 5m: MACD bearish; 15m: RSI oversold (33.7); 15m: MACD bearish

[07:25:04] Cycle 761
  💰 Current Price: $67727.00
  🎯 Signal: HOLD (confidence: 0.12)
  📝 Reason: 5m: RSI oversold (37.9); 5m: MACD bearish; 15m: RSI oversold (33.7); 15m: MACD bearish

[07:25:35] Cycle 762
  💰 Current Price: $67712.00
  🎯 Signal: HOLD (confidence: 0.12)
  📝 Reason: 5m: RSI oversold (37.3); 5m: MACD bearish; 15m: RSI oversold (33.7); 15m: MACD bearish

[07:26:06] Cycle 763
  💰 Current Price: $67712.10
  🎯 Signal: HOLD (confidence: 0.12)
  📝 Reason: 5m: RSI oversold (37.3); 5m: MACD bearish; 15m: RSI oversold (33.7); 15m: MACD bearish

[07:26:37] Cycle 764
  💰 Current Price: $67712.00
  🎯 Signal: HOLD (confidence: 0.12)
  📝 Reason: 5m: RSI oversold (37.3); 5m: MACD bearish; 15m: RSI oversold (33.7); 15m: MACD bearish

[07:27:08] Cycle 765
  💰 Current Price: $67712.10
  🎯 Signal: HOLD (confidence: 0.12)
  📝 Reason: 5m: RSI oversold (37.5); 5m: MACD bearish; 15m: RSI oversold (34.0); 15m: MACD bearish

[07:27:38] Cycle 766
  💰 Current Price: $67727.00
  🎯 Signal: HOLD (confidence: 0.12)
  📝 Reason: 5m: RSI oversold (37.9); 5m: MACD bearish; 15m: RSI oversold (34.5); 15m: MACD bearish

[07:28:09] Cycle 767
  💰 Current Price: $67727.00
  🎯 Signal: HOLD (confidence: 0.12)
  📝 Reason: 5m: RSI oversold (37.9); 5m: MACD bearish; 15m: RSI oversold (34.5); 15m: MACD bearish

[07:28:40] Cycle 768
  💰 Current Price: $67754.30
  🎯 Signal: HOLD (confidence: 0.12)
  📝 Reason: 5m: RSI oversold (39.7); 5m: MACD bearish; 15m: RSI oversold (35.9); 15m: MACD bearish

[07:29:11] Cycle 769
  💰 Current Price: $67727.10
  🎯 Signal: HOLD (confidence: 0.12)
  📝 Reason: 5m: RSI oversold (37.9); 5m: MACD bearish; 15m: RSI oversold (34.5); 15m: MACD bearish

[07:29:42] Cycle 770
  💰 Current Price: $67727.10
  🎯 Signal: HOLD (confidence: 0.12)
  📝 Reason: 5m: RSI oversold (37.9); 5m: MACD bearish; 15m: RSI oversold (34.5); 15m: MACD bearish

[07:30:13] Cycle 771
  💰 Current Price: $67727.10
  🎯 Signal: HOLD (confidence: 0.12)
  📝 Reason: 5m: RSI oversold (38.8); 5m: MACD bearish; 15m: RSI oversold (39.8); 15m: MACD bearish

[07:30:44] Cycle 772
  💰 Current Price: $67727.10
  🎯 Signal: HOLD (confidence: 0.12)
  📝 Reason: 5m: RSI oversold (38.8); 5m: MACD bearish; 15m: RSI oversold (39.8); 15m: MACD bearish

[07:31:15] Cycle 773
  💰 Current Price: $67727.10
  🎯 Signal: HOLD (confidence: 0.12)
  📝 Reason: 5m: RSI oversold (38.8); 5m: MACD bearish; 15m: RSI oversold (39.8); 15m: MACD bearish

[07:31:46] Cycle 774
  💰 Current Price: $67727.10
  🎯 Signal: HOLD (confidence: 0.12)
  📝 Reason: 5m: RSI oversold (38.8); 5m: MACD bearish; 15m: RSI oversold (39.8); 15m: MACD bearish

[07:32:17] Cycle 775
  💰 Current Price: $67740.90
  🎯 Signal: HOLD (confidence: 0.07)
  📝 Reason: 5m: RSI oversold (39.7); 5m: MACD bearish; 15m: MACD bearish; 1h: MACD bearish

[07:32:48] Cycle 776
  💰 Current Price: $67712.10
  🎯 Signal: HOLD (confidence: 0.12)
  📝 Reason: 5m: RSI oversold (38.1); 5m: MACD bearish; 15m: RSI oversold (39.2); 15m: MACD bearish

[07:33:19] Cycle 777
  💰 Current Price: $67707.50
  🎯 Signal: HOLD (confidence: 0.12)
  📝 Reason: 5m: RSI oversold (37.9); 5m: MACD bearish; 15m: RSI oversold (39.1); 15m: MACD bearish

[07:33:50] Cycle 778
  💰 Current Price: $67718.60
  🎯 Signal: HOLD (confidence: 0.12)
  📝 Reason: 5m: RSI oversold (38.4); 5m: MACD bearish; 15m: RSI oversold (39.5); 15m: MACD bearish

[07:34:21] Cycle 779
  💰 Current Price: $67738.60
  🎯 Signal: HOLD (confidence: 0.07)
  📝 Reason: 5m: RSI oversold (39.5); 5m: MACD bearish; 15m: MACD bearish; 1h: MACD bearish

[07:34:52] Cycle 780
  💰 Current Price: $67722.60
  🎯 Signal: HOLD (confidence: 0.12)
  📝 Reason: 5m: RSI oversold (38.6); 5m: MACD bearish; 15m: RSI oversold (39.6); 15m: MACD bearish

[07:35:22] Cycle 781
  💰 Current Price: $67738.70
  🎯 Signal: SELL (confidence: 0.17)
  📝 Reason: 5m: MACD bearish; 15m: MACD bearish; 1h: MACD bearish; 4h: RSI oversold (15.2)
  ⚠️ Sell signal but no position

[07:35:53] Cycle 782
  💰 Current Price: $67738.70
  🎯 Signal: SELL (confidence: 0.17)
  📝 Reason: 5m: MACD bearish; 15m: MACD bearish; 1h: MACD bearish; 4h: RSI oversold (15.2)
  ⚠️ Sell signal but no position

[07:36:24] Cycle 783
  💰 Current Price: $67756.90
  🎯 Signal: SELL (confidence: 0.17)
  📝 Reason: 5m: MACD bearish; 15m: MACD bearish; 1h: MACD bearish; 4h: RSI oversold (15.3)
  ⚠️ Sell signal but no position

[07:36:55] Cycle 784
  💰 Current Price: $67756.90
  🎯 Signal: SELL (confidence: 0.17)
  📝 Reason: 5m: MACD bearish; 15m: MACD bearish; 1h: MACD bearish; 4h: RSI oversold (15.3)
  ⚠️ Sell signal but no position

[07:37:26] Cycle 785
  💰 Current Price: $67720.20
  🎯 Signal: HOLD (confidence: 0.03)
  📝 Reason: 5m: MACD bearish; 15m: RSI oversold (39.5); 15m: MACD bearish; 1h: MACD bearish

[07:37:56] Cycle 786
  💰 Current Price: $67697.10
  🎯 Signal: HOLD (confidence: 0.03)
  📝 Reason: 5m: MACD bearish; 15m: RSI oversold (38.7); 15m: MACD bearish; 1h: MACD bearish

[07:38:27] Cycle 787
  💰 Current Price: $67700.90
  🎯 Signal: HOLD (confidence: 0.03)
  📝 Reason: 5m: MACD bearish; 15m: RSI oversold (38.8); 15m: MACD bearish; 1h: MACD bearish

[07:38:58] Cycle 788
  💰 Current Price: $67685.00
  🎯 Signal: HOLD (confidence: 0.03)
  📝 Reason: 5m: MACD bearish; 15m: RSI oversold (38.3); 15m: MACD bearish; 1h: MACD bearish

[07:39:29] Cycle 789
  💰 Current Price: $67682.10
  🎯 Signal: HOLD (confidence: 0.03)
  📝 Reason: 5m: MACD bearish; 15m: RSI oversold (38.2); 15m: MACD bearish; 1h: MACD bearish

[07:39:59] Cycle 790
  💰 Current Price: $67682.10
  🎯 Signal: HOLD (confidence: 0.03)
  📝 Reason: 5m: MACD bearish; 15m: RSI oversold (38.2); 15m: MACD bearish; 1h: MACD bearish

[07:40:30] Cycle 791
  💰 Current Price: $67682.10
  🎯 Signal: HOLD (confidence: 0.12)
  📝 Reason: 5m: RSI oversold (39.9); 5m: MACD bearish; 15m: RSI oversold (38.2); 15m: MACD bearish

[07:41:01] Cycle 792
  💰 Current Price: $67696.90
  🎯 Signal: HOLD (confidence: 0.03)
  📝 Reason: 5m: MACD bearish; 15m: RSI oversold (38.7); 15m: MACD bearish; 1h: MACD bearish

[07:41:33] Cycle 793
  💰 Current Price: $67711.90
  🎯 Signal: HOLD (confidence: 0.03)
  📝 Reason: 5m: MACD bearish; 15m: RSI oversold (39.2); 15m: MACD bearish; 1h: MACD bearish

[07:42:03] Cycle 794
  💰 Current Price: $67727.00
  🎯 Signal: HOLD (confidence: 0.03)
  📝 Reason: 5m: MACD bearish; 15m: RSI oversold (39.8); 15m: MACD bearish; 1h: MACD bearish

[07:42:35] Cycle 795
  💰 Current Price: $67727.00
  🎯 Signal: HOLD (confidence: 0.03)
  📝 Reason: 5m: MACD bearish; 15m: RSI oversold (39.8); 15m: MACD bearish; 1h: MACD bearish

[07:43:05] Cycle 796
  💰 Current Price: $67747.50
  🎯 Signal: SELL (confidence: 0.17)
  📝 Reason: 5m: MACD bearish; 15m: MACD bearish; 1h: MACD bearish; 4h: RSI oversold (15.3)
  ⚠️ Sell signal but no position

[07:43:36] Cycle 797
  💰 Current Price: $67771.90
  🎯 Signal: SELL (confidence: 0.17)
  📝 Reason: 5m: MACD bearish; 15m: MACD bearish; 1h: MACD bearish; 4h: RSI oversold (15.3)
  ⚠️ Sell signal but no position

[07:44:07] Cycle 798
  💰 Current Price: $67772.00
  🎯 Signal: SELL (confidence: 0.17)
  📝 Reason: 5m: MACD bearish; 15m: MACD bearish; 1h: MACD bearish; 4h: RSI oversold (15.3)
  ⚠️ Sell signal but no position

[07:44:38] Cycle 799
  💰 Current Price: $67778.50
  🎯 Signal: SELL (confidence: 0.17)
  📝 Reason: 5m: MACD bearish; 15m: MACD bearish; 1h: MACD bearish; 4h: RSI oversold (15.3)
  ⚠️ Sell signal but no position

[07:45:09] Cycle 800
  💰 Current Price: $67778.60
  🎯 Signal: HOLD (confidence: 0.03)
  📝 Reason: 5m: MACD bearish; 15m: RSI oversold (37.7); 15m: MACD bearish; 1h: MACD bearish

[07:45:40] Cycle 801
  💰 Current Price: $67787.00
  🎯 Signal: HOLD (confidence: 0.03)
  📝 Reason: 5m: MACD bearish; 15m: RSI oversold (38.4); 15m: MACD bearish; 1h: MACD bearish

[07:46:11] Cycle 802
  💰 Current Price: $67802.00
  🎯 Signal: HOLD (confidence: 0.03)
  📝 Reason: 5m: MACD bearish; 15m: RSI oversold (39.2); 15m: MACD bearish; 1h: MACD bearish

[07:46:42] Cycle 803
  💰 Current Price: $67817.00
  🎯 Signal: HOLD (confidence: 0.03)
  📝 Reason: 5m: MACD bearish; 15m: RSI oversold (39.9); 15m: MACD bearish; 1h: MACD bearish

[07:47:13] Cycle 804
  💰 Current Price: $67844.20
  🎯 Signal: SELL (confidence: 0.17)
  📝 Reason: 5m: MACD bearish; 15m: MACD bearish; 1h: MACD bearish; 4h: RSI oversold (15.5)
  ⚠️ Sell signal but no position

[07:47:43] Cycle 805
  💰 Current Price: $67825.40
  🎯 Signal: HOLD (confidence: 0.03)
  📝 Reason: 5m: MACD bearish; 15m: RSI oversold (39.8); 15m: MACD bearish; 1h: MACD bearish

[07:48:14] Cycle 806
  💰 Current Price: $67787.10
  🎯 Signal: HOLD (confidence: 0.03)
  📝 Reason: 5m: MACD bearish; 15m: RSI oversold (38.2); 15m: MACD bearish; 1h: MACD bearish

[07:48:45] Cycle 807
  💰 Current Price: $67775.50
  🎯 Signal: HOLD (confidence: 0.03)
  📝 Reason: 5m: MACD bearish; 15m: RSI oversold (37.6); 15m: MACD bearish; 1h: MACD bearish

[07:49:16] Cycle 808
  💰 Current Price: $67776.30
  🎯 Signal: HOLD (confidence: 0.03)
  📝 Reason: 5m: MACD bearish; 15m: RSI oversold (37.6); 15m: MACD bearish; 1h: MACD bearish

[07:49:47] Cycle 809
  💰 Current Price: $67788.70
  🎯 Signal: HOLD (confidence: 0.03)
  📝 Reason: 5m: MACD bearish; 15m: RSI oversold (38.3); 15m: MACD bearish; 1h: MACD bearish

[07:50:18] Cycle 810
  💰 Current Price: $67776.90
  🎯 Signal: HOLD (confidence: 0.03)
  📝 Reason: 5m: MACD bearish; 15m: RSI oversold (37.7); 15m: MACD bearish; 1h: MACD bearish

[07:50:48] Cycle 811
  💰 Current Price: $67788.80
  🎯 Signal: HOLD (confidence: 0.03)
  📝 Reason: 5m: MACD bearish; 15m: RSI oversold (38.3); 15m: MACD bearish; 1h: MACD bearish

[07:51:19] Cycle 812
  💰 Current Price: $67789.90
  🎯 Signal: HOLD (confidence: 0.03)
  📝 Reason: 5m: MACD bearish; 15m: RSI oversold (38.4); 15m: MACD bearish; 1h: MACD bearish

[07:51:50] Cycle 813
  💰 Current Price: $67816.90
  🎯 Signal: HOLD (confidence: 0.03)
  📝 Reason: 5m: MACD bearish; 15m: RSI oversold (39.9); 15m: MACD bearish; 1h: MACD bearish

[07:52:21] Cycle 814
  💰 Current Price: $67802.00
  🎯 Signal: HOLD (confidence: 0.03)
  📝 Reason: 5m: MACD bearish; 15m: RSI oversold (39.1); 15m: MACD bearish; 1h: MACD bearish

[07:52:52] Cycle 815
  💰 Current Price: $67802.10
  🎯 Signal: HOLD (confidence: 0.03)
  📝 Reason: 5m: MACD bearish; 15m: RSI oversold (39.1); 15m: MACD bearish; 1h: MACD bearish

[07:53:22] Cycle 816
  💰 Current Price: $67802.10
  🎯 Signal: HOLD (confidence: 0.03)
  📝 Reason: 5m: MACD bearish; 15m: RSI oversold (39.1); 15m: MACD bearish; 1h: MACD bearish

[07:53:53] Cycle 817
  💰 Current Price: $67803.40
  🎯 Signal: HOLD (confidence: 0.03)
  📝 Reason: 5m: MACD bearish; 15m: RSI oversold (39.2); 15m: MACD bearish; 1h: MACD bearish

[07:54:24] Cycle 818
  💰 Current Price: $67828.80
  🎯 Signal: SELL (confidence: 0.17)
  📝 Reason: 5m: MACD bearish; 15m: MACD bearish; 1h: MACD bearish; 4h: RSI oversold (15.4)
  ⚠️ Sell signal but no position

[07:54:55] Cycle 819
  💰 Current Price: $67826.30
  🎯 Signal: SELL (confidence: 0.17)
  📝 Reason: 5m: MACD bearish; 15m: MACD bearish; 1h: MACD bearish; 4h: RSI oversold (15.4)
  ⚠️ Sell signal but no position

[07:55:26] Cycle 820
  💰 Current Price: $67831.90
  🎯 Signal: SELL (confidence: 0.17)
  📝 Reason: 5m: MACD bearish; 15m: MACD bearish; 1h: MACD bearish; 4h: RSI oversold (15.5)
  ⚠️ Sell signal but no position

[07:55:56] Cycle 821
  💰 Current Price: $67819.30
  🎯 Signal: SELL (confidence: 0.17)
  📝 Reason: 5m: MACD bearish; 15m: MACD bearish; 1h: MACD bearish; 4h: RSI oversold (15.4)
  ⚠️ Sell signal but no position

[07:56:27] Cycle 822
  💰 Current Price: $67828.80
  🎯 Signal: SELL (confidence: 0.17)
  📝 Reason: 5m: MACD bearish; 15m: MACD bearish; 1h: MACD bearish; 4h: RSI oversold (15.4)
  ⚠️ Sell signal but no position

[07:56:58] Cycle 823
  💰 Current Price: $67828.80
  🎯 Signal: SELL (confidence: 0.17)
  📝 Reason: 5m: MACD bearish; 15m: MACD bearish; 1h: MACD bearish; 4h: RSI oversold (15.4)
  ⚠️ Sell signal but no position

[07:57:29] Cycle 824
  💰 Current Price: $67836.40
  🎯 Signal: SELL (confidence: 0.17)
  📝 Reason: 5m: MACD bearish; 15m: MACD bearish; 1h: MACD bearish; 4h: RSI oversold (15.5)
  ⚠️ Sell signal but no position

[07:58:00] Cycle 825
  💰 Current Price: $67846.10
  🎯 Signal: SELL (confidence: 0.17)
  📝 Reason: 5m: MACD bearish; 15m: MACD bearish; 1h: MACD bearish; 4h: RSI oversold (15.5)
  ⚠️ Sell signal but no position

[07:58:31] Cycle 826
  💰 Current Price: $67849.90
  🎯 Signal: SELL (confidence: 0.17)
  📝 Reason: 5m: MACD bearish; 15m: MACD bearish; 1h: MACD bearish; 4h: RSI oversold (15.5)
  ⚠️ Sell signal but no position

[07:59:02] Cycle 827
  💰 Current Price: $67854.80
  🎯 Signal: SELL (confidence: 0.17)
  📝 Reason: 5m: MACD bearish; 15m: MACD bearish; 1h: MACD bearish; 4h: RSI oversold (15.5)
  ⚠️ Sell signal but no position

[07:59:33] Cycle 828
  💰 Current Price: $67854.70
  🎯 Signal: SELL (confidence: 0.17)
  📝 Reason: 5m: MACD bearish; 15m: MACD bearish; 1h: MACD bearish; 4h: RSI oversold (15.5)
  ⚠️ Sell signal but no position

[08:00:04] Cycle 829
  💰 Current Price: $67854.80
  🎯 Signal: BUY (confidence: 0.30)
  📝 Reason: 5m: MACD bearish; 15m: RSI oversold (36.1); 15m: MACD bearish; 1h: RSI oversold (39.5)

[08:00:35] Cycle 830
  💰 Current Price: $67823.90
  🎯 Signal: BUY (confidence: 0.23)
  📝 Reason: 5m: MACD bearish; 15m: RSI oversold (35.1); 15m: MACD bearish; 1h: RSI oversold (38.7)

[08:01:05] Cycle 831
  💰 Current Price: $67823.90
  🎯 Signal: BUY (confidence: 0.23)
  📝 Reason: 5m: MACD bearish; 15m: RSI oversold (35.1); 15m: MACD bearish; 1h: RSI oversold (38.7)

[08:01:36] Cycle 832
  💰 Current Price: $67818.50
  🎯 Signal: BUY (confidence: 0.23)
  📝 Reason: 5m: MACD bearish; 15m: RSI oversold (34.9); 15m: MACD bearish; 1h: RSI oversold (38.6)

[08:02:07] Cycle 833
  💰 Current Price: $67818.50
  🎯 Signal: BUY (confidence: 0.23)
  📝 Reason: 5m: MACD bearish; 15m: RSI oversold (34.9); 15m: MACD bearish; 1h: RSI oversold (38.6)

[08:02:38] Cycle 834
  💰 Current Price: $67815.40
  🎯 Signal: BUY (confidence: 0.23)
  📝 Reason: 5m: MACD bearish; 15m: RSI oversold (34.8); 15m: MACD bearish; 1h: RSI oversold (38.5)

[08:03:09] Cycle 835
  💰 Current Price: $67802.20
  🎯 Signal: BUY (confidence: 0.23)
  📝 Reason: 5m: MACD bearish; 15m: RSI oversold (34.4); 15m: MACD bearish; 1h: RSI oversold (38.2)

[08:03:39] Cycle 836
  💰 Current Price: $67802.60
  🎯 Signal: BUY (confidence: 0.23)
  📝 Reason: 5m: MACD bearish; 15m: RSI oversold (34.4); 15m: MACD bearish; 1h: RSI oversold (38.2)

[08:04:10] Cycle 837
  💰 Current Price: $67802.60
  🎯 Signal: BUY (confidence: 0.23)
  📝 Reason: 5m: MACD bearish; 15m: RSI oversold (34.4); 15m: MACD bearish; 1h: RSI oversold (38.2)

[08:04:41] Cycle 838
  💰 Current Price: $67802.50
  🎯 Signal: BUY (confidence: 0.23)
  📝 Reason: 5m: MACD bearish; 15m: RSI oversold (34.4); 15m: MACD bearish; 1h: RSI oversold (38.2)

[08:05:12] Cycle 839
  💰 Current Price: $67802.80
  🎯 Signal: BUY (confidence: 0.33)
  📝 Reason: 5m: MACD bullish; 15m: RSI oversold (34.4); 15m: MACD bearish; 1h: RSI oversold (38.2)

[08:05:43] Cycle 840
  💰 Current Price: $67802.70
  🎯 Signal: BUY (confidence: 0.33)
  📝 Reason: 5m: MACD bullish; 15m: RSI oversold (34.4); 15m: MACD bearish; 1h: RSI oversold (38.2)

[08:06:14] Cycle 841
  💰 Current Price: $67802.70
  🎯 Signal: BUY (confidence: 0.33)
  📝 Reason: 5m: MACD bullish; 15m: RSI oversold (34.4); 15m: MACD bearish; 1h: RSI oversold (38.2)

[08:06:45] Cycle 842
  💰 Current Price: $67800.00
  🎯 Signal: BUY (confidence: 0.23)
  📝 Reason: 5m: MACD bearish; 15m: RSI oversold (34.3); 15m: MACD bearish; 1h: RSI oversold (38.1)

[08:07:15] Cycle 843
  💰 Current Price: $67787.10
  🎯 Signal: BUY (confidence: 0.23)
  📝 Reason: 5m: MACD bearish; 15m: RSI oversold (33.9); 15m: MACD bearish; 1h: RSI oversold (37.8)

[08:07:46] Cycle 844
  💰 Current Price: $67787.10
  🎯 Signal: BUY (confidence: 0.23)
  📝 Reason: 5m: MACD bearish; 15m: RSI oversold (33.9); 15m: MACD bearish; 1h: RSI oversold (37.8)

[08:08:17] Cycle 845
  💰 Current Price: $67787.00
  🎯 Signal: BUY (confidence: 0.23)
  📝 Reason: 5m: MACD bearish; 15m: RSI oversold (33.9); 15m: MACD bearish; 1h: RSI oversold (37.8)

[08:08:48] Cycle 846
  💰 Current Price: $67799.10
  🎯 Signal: BUY (confidence: 0.23)
  📝 Reason: 5m: MACD bearish; 15m: RSI oversold (34.3); 15m: MACD bearish; 1h: RSI oversold (38.1)

[08:09:19] Cycle 847
  💰 Current Price: $67799.10
  🎯 Signal: BUY (confidence: 0.23)
  📝 Reason: 5m: MACD bearish; 15m: RSI oversold (34.3); 15m: MACD bearish; 1h: RSI oversold (38.1)

[08:09:50] Cycle 848
  💰 Current Price: $67798.60
  🎯 Signal: BUY (confidence: 0.23)
  📝 Reason: 5m: MACD bearish; 15m: RSI oversold (34.3); 15m: MACD bearish; 1h: RSI oversold (38.1)

[08:10:21] Cycle 849
  💰 Current Price: $67798.60
  🎯 Signal: BUY (confidence: 0.33)
  📝 Reason: 5m: MACD bullish; 15m: RSI oversold (34.3); 15m: MACD bearish; 1h: RSI oversold (38.1)

[08:10:51] Cycle 850
  💰 Current Price: $67801.90
  🎯 Signal: BUY (confidence: 0.33)
  📝 Reason: 5m: MACD bullish; 15m: RSI oversold (34.4); 15m: MACD bearish; 1h: RSI oversold (38.2)

[08:11:22] Cycle 851
  💰 Current Price: $67802.00
  🎯 Signal: BUY (confidence: 0.33)
  📝 Reason: 5m: MACD bullish; 15m: RSI oversold (34.4); 15m: MACD bearish; 1h: RSI oversold (38.2)

[08:11:53] Cycle 852
  💰 Current Price: $67817.00
  🎯 Signal: BUY (confidence: 0.33)
  📝 Reason: 5m: MACD bullish; 15m: RSI oversold (34.9); 15m: MACD bearish; 1h: RSI oversold (38.6)

[08:12:24] Cycle 853
  💰 Current Price: $67818.80
  🎯 Signal: BUY (confidence: 0.33)
  📝 Reason: 5m: MACD bullish; 15m: RSI oversold (34.9); 15m: MACD bearish; 1h: RSI oversold (38.6)

[08:12:55] Cycle 854
  💰 Current Price: $67818.80
  🎯 Signal: BUY (confidence: 0.33)
  📝 Reason: 5m: MACD bullish; 15m: RSI oversold (34.9); 15m: MACD bearish; 1h: RSI oversold (38.6)

[08:13:25] Cycle 855
  💰 Current Price: $67847.00
  🎯 Signal: BUY (confidence: 0.40)
  📝 Reason: 5m: MACD bullish; 15m: RSI oversold (35.9); 15m: MACD bearish; 1h: RSI oversold (39.3)

[08:13:56] Cycle 856
  💰 Current Price: $67847.00
  🎯 Signal: BUY (confidence: 0.40)
  📝 Reason: 5m: MACD bullish; 15m: RSI oversold (35.9); 15m: MACD bearish; 1h: RSI oversold (39.3)

[08:14:27] Cycle 857
  💰 Current Price: $67846.00
  🎯 Signal: BUY (confidence: 0.40)
  📝 Reason: 5m: MACD bullish; 15m: RSI oversold (35.8); 15m: MACD bearish; 1h: RSI oversold (39.3)

[08:14:58] Cycle 858
  💰 Current Price: $67847.40
  🎯 Signal: BUY (confidence: 0.40)
  📝 Reason: 5m: MACD bullish; 15m: RSI oversold (35.9); 15m: MACD bearish; 1h: RSI oversold (39.3)

[08:15:29] Cycle 859
  💰 Current Price: $67877.00
  🎯 Signal: SELL (confidence: 0.20)
  📝 Reason: 5m: RSI overbought (79.8); 5m: MACD bullish; 15m: MACD bearish; 1h: MACD bearish
  ⚠️ Sell signal but no position

[08:16:00] Cycle 860
  💰 Current Price: $67879.20
  🎯 Signal: SELL (confidence: 0.20)
  📝 Reason: 5m: RSI overbought (79.9); 5m: MACD bullish; 15m: MACD bearish; 1h: MACD bearish
  ⚠️ Sell signal but no position

[08:16:30] Cycle 861
  💰 Current Price: $67887.30
  🎯 Signal: SELL (confidence: 0.20)
  📝 Reason: 5m: RSI overbought (80.1); 5m: MACD bullish; 15m: MACD bearish; 1h: MACD bearish
  ⚠️ Sell signal but no position

[08:17:01] Cycle 862
  💰 Current Price: $67887.40
  🎯 Signal: SELL (confidence: 0.20)
  📝 Reason: 5m: RSI overbought (80.1); 5m: MACD bullish; 15m: MACD bearish; 1h: MACD bearish
  ⚠️ Sell signal but no position

[08:17:32] Cycle 863
  💰 Current Price: $67895.50
  🎯 Signal: SELL (confidence: 0.20)
  📝 Reason: 5m: RSI overbought (80.4); 5m: MACD bullish; 15m: MACD bearish; 1h: MACD bearish
  ⚠️ Sell signal but no position

[08:18:03] Cycle 864
  💰 Current Price: $67919.90
  🎯 Signal: SELL (confidence: 0.20)
  📝 Reason: 5m: RSI overbought (81.1); 5m: MACD bullish; 15m: MACD bearish; 1h: MACD bearish
  ⚠️ Sell signal but no position

[08:18:33] Cycle 865
  💰 Current Price: $67937.10
  🎯 Signal: SELL (confidence: 0.20)
  📝 Reason: 5m: RSI overbought (81.5); 5m: MACD bullish; 15m: MACD bearish; 1h: MACD bearish
  ⚠️ Sell signal but no position

[08:19:04] Cycle 866
  💰 Current Price: $67952.00
  🎯 Signal: SELL (confidence: 0.20)
  📝 Reason: 5m: RSI overbought (81.9); 5m: MACD bullish; 15m: MACD bearish; 1h: MACD bearish
  ⚠️ Sell signal but no position

[08:19:35] Cycle 867
  💰 Current Price: $67951.90
  🎯 Signal: SELL (confidence: 0.20)
  📝 Reason: 5m: RSI overbought (81.9); 5m: MACD bullish; 15m: MACD bearish; 1h: MACD bearish
  ⚠️ Sell signal but no position

[08:20:06] Cycle 868
  💰 Current Price: $67952.00
  🎯 Signal: SELL (confidence: 0.20)
  📝 Reason: 5m: RSI overbought (77.3); 5m: MACD bullish; 15m: MACD bearish; 1h: MACD bearish
  ⚠️ Sell signal but no position

[08:20:37] Cycle 869
  💰 Current Price: $67937.00
  🎯 Signal: SELL (confidence: 0.20)
  📝 Reason: 5m: RSI overbought (75.3); 5m: MACD bullish; 15m: MACD bearish; 1h: MACD bearish
  ⚠️ Sell signal but no position

[08:21:08] Cycle 870
  💰 Current Price: $67922.10
  🎯 Signal: SELL (confidence: 0.20)
  📝 Reason: 5m: RSI overbought (73.5); 5m: MACD bullish; 15m: MACD bearish; 1h: MACD bearish
  ⚠️ Sell signal but no position

[08:21:39] Cycle 871
  💰 Current Price: $67936.00
  🎯 Signal: SELL (confidence: 0.20)
  📝 Reason: 5m: RSI overbought (75.2); 5m: MACD bullish; 15m: MACD bearish; 1h: MACD bearish
  ⚠️ Sell signal but no position

[08:22:09] Cycle 872
  💰 Current Price: $67952.60
  🎯 Signal: SELL (confidence: 0.20)
  📝 Reason: 5m: RSI overbought (77.3); 5m: MACD bullish; 15m: MACD bearish; 1h: MACD bearish
  ⚠️ Sell signal but no position

[08:22:40] Cycle 873
  💰 Current Price: $67975.90
  🎯 Signal: SELL (confidence: 0.20)
  📝 Reason: 5m: RSI overbought (78.2); 5m: MACD bullish; 15m: MACD bearish; 1h: MACD bearish
  ⚠️ Sell signal but no position

[08:23:11] Cycle 874
  💰 Current Price: $67977.00
  🎯 Signal: SELL (confidence: 0.20)
  📝 Reason: 5m: RSI overbought (78.2); 5m: MACD bullish; 15m: MACD bearish; 1h: MACD bearish
  ⚠️ Sell signal but no position

[08:23:42] Cycle 875
  💰 Current Price: $68019.10
  🎯 Signal: SELL (confidence: 0.20)
  📝 Reason: 5m: RSI overbought (79.6); 5m: MACD bullish; 15m: MACD bearish; 1h: MACD bearish
  ⚠️ Sell signal but no position

[08:24:13] Cycle 876
  💰 Current Price: $68027.00
  🎯 Signal: SELL (confidence: 0.20)
  📝 Reason: 5m: RSI overbought (79.9); 5m: MACD bullish; 15m: MACD bearish; 1h: MACD bearish
  ⚠️ Sell signal but no position

[08:24:44] Cycle 877
  💰 Current Price: $68027.00
  🎯 Signal: SELL (confidence: 0.20)
  📝 Reason: 5m: RSI overbought (79.9); 5m: MACD bullish; 15m: MACD bearish; 1h: MACD bearish
  ⚠️ Sell signal but no position

[08:25:15] Cycle 878
  💰 Current Price: $67970.70
  🎯 Signal: SELL (confidence: 0.20)
  📝 Reason: 5m: RSI overbought (80.4); 5m: MACD bullish; 15m: MACD bearish; 1h: MACD bearish
  ⚠️ Sell signal but no position

[08:25:45] Cycle 879
  💰 Current Price: $67970.80
  🎯 Signal: SELL (confidence: 0.20)
  📝 Reason: 5m: RSI overbought (80.4); 5m: MACD bullish; 15m: MACD bearish; 1h: MACD bearish
  ⚠️ Sell signal but no position

[08:26:17] Cycle 880
  💰 Current Price: $67970.80
  🎯 Signal: SELL (confidence: 0.20)
  📝 Reason: 5m: RSI overbought (80.4); 5m: MACD bullish; 15m: MACD bearish; 1h: MACD bearish
  ⚠️ Sell signal but no position

[08:26:47] Cycle 881
  💰 Current Price: $67937.10
  🎯 Signal: SELL (confidence: 0.20)
  📝 Reason: 5m: RSI overbought (76.0); 5m: MACD bullish; 15m: MACD bearish; 1h: MACD bearish
  ⚠️ Sell signal but no position

[08:27:18] Cycle 882
  💰 Current Price: $67937.00
  🎯 Signal: SELL (confidence: 0.20)
  📝 Reason: 5m: RSI overbought (76.0); 5m: MACD bullish; 15m: MACD bearish; 1h: MACD bearish
  ⚠️ Sell signal but no position

[08:27:49] Cycle 883
  💰 Current Price: $67951.90
  🎯 Signal: SELL (confidence: 0.20)
  📝 Reason: 5m: RSI overbought (77.8); 5m: MACD bullish; 15m: MACD bearish; 1h: MACD bearish
  ⚠️ Sell signal but no position

[08:28:20] Cycle 884
  💰 Current Price: $67951.90
  🎯 Signal: SELL (confidence: 0.20)
  📝 Reason: 5m: RSI overbought (77.8); 5m: MACD bullish; 15m: MACD bearish; 1h: MACD bearish
  ⚠️ Sell signal but no position

[08:28:51] Cycle 885
  💰 Current Price: $67975.50
  🎯 Signal: SELL (confidence: 0.20)
  📝 Reason: 5m: RSI overbought (80.5); 5m: MACD bullish; 15m: MACD bearish; 1h: MACD bearish
  ⚠️ Sell signal but no position

[08:29:22] Cycle 886
  💰 Current Price: $67981.90
  🎯 Signal: SELL (confidence: 0.20)
  📝 Reason: 5m: RSI overbought (80.7); 5m: MACD bullish; 15m: MACD bearish; 1h: MACD bearish
  ⚠️ Sell signal but no position

[08:29:53] Cycle 887
  💰 Current Price: $67981.80
  🎯 Signal: SELL (confidence: 0.20)
  📝 Reason: 5m: RSI overbought (80.7); 5m: MACD bullish; 15m: MACD bearish; 1h: MACD bearish
  ⚠️ Sell signal but no position

[08:30:24] Cycle 888
  💰 Current Price: $67967.10
  🎯 Signal: SELL (confidence: 0.20)
  📝 Reason: 5m: RSI overbought (74.7); 5m: MACD bullish; 15m: MACD bearish; 1h: MACD bearish
  ⚠️ Sell signal but no position

[08:30:54] Cycle 889
  💰 Current Price: $68005.20
  🎯 Signal: SELL (confidence: 0.20)
  📝 Reason: 5m: RSI overbought (77.4); 5m: MACD bullish; 15m: MACD bearish; 1h: MACD bearish
  ⚠️ Sell signal but no position

[08:31:25] Cycle 890
  💰 Current Price: $68009.20
  🎯 Signal: SELL (confidence: 0.20)
  📝 Reason: 5m: RSI overbought (77.6); 5m: MACD bullish; 15m: MACD bearish; 1h: MACD bearish
  ⚠️ Sell signal but no position

[08:31:56] Cycle 891
  💰 Current Price: $68012.00
  🎯 Signal: SELL (confidence: 0.20)
  📝 Reason: 5m: RSI overbought (77.7); 5m: MACD bullish; 15m: MACD bearish; 1h: MACD bearish
  ⚠️ Sell signal but no position

[08:32:27] Cycle 892
  💰 Current Price: $67982.70
  🎯 Signal: SELL (confidence: 0.20)
  📝 Reason: 5m: RSI overbought (76.4); 5m: MACD bullish; 15m: MACD bearish; 1h: MACD bearish
  ⚠️ Sell signal but no position

[08:32:58] Cycle 893
  💰 Current Price: $68001.90
  🎯 Signal: SELL (confidence: 0.20)
  📝 Reason: 5m: RSI overbought (77.3); 5m: MACD bullish; 15m: MACD bearish; 1h: MACD bearish
  ⚠️ Sell signal but no position

[08:33:29] Cycle 894
  💰 Current Price: $67982.60
  🎯 Signal: SELL (confidence: 0.20)
  📝 Reason: 5m: RSI overbought (76.4); 5m: MACD bullish; 15m: MACD bearish; 1h: MACD bearish
  ⚠️ Sell signal but no position

[08:34:00] Cycle 895
  💰 Current Price: $67982.60
  🎯 Signal: SELL (confidence: 0.20)
  📝 Reason: 5m: RSI overbought (76.4); 5m: MACD bullish; 15m: MACD bearish; 1h: MACD bearish
  ⚠️ Sell signal but no position

[08:34:31] Cycle 896
  💰 Current Price: $67982.60
  🎯 Signal: SELL (confidence: 0.20)
  📝 Reason: 5m: RSI overbought (76.4); 5m: MACD bullish; 15m: MACD bearish; 1h: MACD bearish
  ⚠️ Sell signal but no position

[08:35:02] Cycle 897
  💰 Current Price: $67952.50
  🎯 Signal: SELL (confidence: 0.20)
  📝 Reason: 5m: RSI overbought (72.5); 5m: MACD bullish; 15m: MACD bearish; 1h: MACD bearish
  ⚠️ Sell signal but no position

[08:35:33] Cycle 898
  💰 Current Price: $67952.10
  🎯 Signal: SELL (confidence: 0.20)
  📝 Reason: 5m: RSI overbought (72.5); 5m: MACD bullish; 15m: MACD bearish; 1h: MACD bearish
  ⚠️ Sell signal but no position

[08:36:04] Cycle 899
  💰 Current Price: $67937.00
  🎯 Signal: SELL (confidence: 0.20)
  📝 Reason: 5m: RSI overbought (70.4); 5m: MACD bullish; 15m: MACD bearish; 1h: MACD bearish
  ⚠️ Sell signal but no position

[08:36:35] Cycle 900
  💰 Current Price: $67937.10
  🎯 Signal: SELL (confidence: 0.20)
  📝 Reason: 5m: RSI overbought (70.4); 5m: MACD bullish; 15m: MACD bearish; 1h: MACD bearish
  ⚠️ Sell signal but no position

[08:37:05] Cycle 901
  💰 Current Price: $67936.00
  🎯 Signal: SELL (confidence: 0.20)
  📝 Reason: 5m: RSI overbought (70.2); 5m: MACD bullish; 15m: MACD bearish; 1h: MACD bearish
  ⚠️ Sell signal but no position

[08:37:36] Cycle 902
  💰 Current Price: $67936.00
  🎯 Signal: SELL (confidence: 0.20)
  📝 Reason: 5m: RSI overbought (70.2); 5m: MACD bullish; 15m: MACD bearish; 1h: MACD bearish
  ⚠️ Sell signal but no position

[08:38:07] Cycle 903
  💰 Current Price: $67936.00
  🎯 Signal: SELL (confidence: 0.20)
  📝 Reason: 5m: RSI overbought (70.2); 5m: MACD bullish; 15m: MACD bearish; 1h: MACD bearish
  ⚠️ Sell signal but no position

[08:38:38] Cycle 904
  💰 Current Price: $67922.00
  🎯 Signal: HOLD (confidence: 0.10)
  📝 Reason: 5m: MACD bullish; 15m: MACD bearish; 1h: MACD bearish; 4h: RSI oversold (16.6)

[08:39:09] Cycle 905
  💰 Current Price: $67915.30
  🎯 Signal: HOLD (confidence: 0.10)
  📝 Reason: 5m: MACD bullish; 15m: MACD bearish; 1h: MACD bearish; 4h: RSI oversold (16.6)

[08:39:40] Cycle 906
  💰 Current Price: $67900.10
  🎯 Signal: HOLD (confidence: 0.10)
  📝 Reason: 5m: MACD bullish; 15m: MACD bearish; 1h: MACD bearish; 4h: RSI oversold (16.4)

[08:40:11] Cycle 907
  💰 Current Price: $67913.20
  🎯 Signal: HOLD (confidence: 0.10)
  📝 Reason: 5m: MACD bullish; 15m: MACD bearish; 1h: MACD bearish; 4h: RSI oversold (16.6)

[08:40:42] Cycle 908
  💰 Current Price: $67916.20
  🎯 Signal: HOLD (confidence: 0.10)
  📝 Reason: 5m: MACD bullish; 15m: MACD bearish; 1h: MACD bearish; 4h: RSI oversold (16.6)

[08:41:13] Cycle 909
  💰 Current Price: $67902.70
  🎯 Signal: HOLD (confidence: 0.10)
  📝 Reason: 5m: MACD bullish; 15m: MACD bearish; 1h: MACD bearish; 4h: RSI oversold (16.5)

[08:41:44] Cycle 910
  💰 Current Price: $67921.80
  🎯 Signal: HOLD (confidence: 0.10)
  📝 Reason: 5m: MACD bullish; 15m: MACD bearish; 1h: MACD bearish; 4h: RSI oversold (16.7)

[08:42:15] Cycle 911
  💰 Current Price: $67918.60
  🎯 Signal: HOLD (confidence: 0.10)
  📝 Reason: 5m: MACD bullish; 15m: MACD bearish; 1h: MACD bearish; 4h: RSI oversold (16.7)

[08:42:46] Cycle 912
  💰 Current Price: $67908.40
  🎯 Signal: HOLD (confidence: 0.10)
  📝 Reason: 5m: MACD bullish; 15m: MACD bearish; 1h: MACD bearish; 4h: RSI oversold (16.5)

[08:43:16] Cycle 913
  💰 Current Price: $67908.40
  🎯 Signal: HOLD (confidence: 0.10)
  📝 Reason: 5m: MACD bullish; 15m: MACD bearish; 1h: MACD bearish; 4h: RSI oversold (16.5)

[08:43:47] Cycle 914
  💰 Current Price: $67914.40
  🎯 Signal: HOLD (confidence: 0.10)
  📝 Reason: 5m: MACD bullish; 15m: MACD bearish; 1h: MACD bearish; 4h: RSI oversold (16.6)

[08:44:18] Cycle 915
  💰 Current Price: $67914.30
  🎯 Signal: HOLD (confidence: 0.10)
  📝 Reason: 5m: MACD bullish; 15m: MACD bearish; 1h: MACD bearish; 4h: RSI oversold (16.6)

[08:44:49] Cycle 916
  💰 Current Price: $67914.40
  🎯 Signal: HOLD (confidence: 0.10)
  📝 Reason: 5m: MACD bullish; 15m: MACD bearish; 1h: MACD bearish; 4h: RSI oversold (16.6)

[08:45:20] Cycle 917
  💰 Current Price: $67902.70
  🎯 Signal: SELL (confidence: 0.20)
  📝 Reason: 5m: RSI overbought (71.6); 5m: MACD bullish; 15m: MACD bearish; 1h: MACD bearish
  ⚠️ Sell signal but no position

[08:45:51] Cycle 918
  💰 Current Price: $67902.60
  🎯 Signal: SELL (confidence: 0.20)
  📝 Reason: 5m: RSI overbought (71.6); 5m: MACD bullish; 15m: MACD bearish; 1h: MACD bearish
  ⚠️ Sell signal but no position

[08:46:22] Cycle 919
  💰 Current Price: $67902.60
  🎯 Signal: SELL (confidence: 0.20)
  📝 Reason: 5m: RSI overbought (71.6); 5m: MACD bullish; 15m: MACD bearish; 1h: MACD bearish
  ⚠️ Sell signal but no position

[08:46:53] Cycle 920
  💰 Current Price: $67918.20
  🎯 Signal: SELL (confidence: 0.20)
  📝 Reason: 5m: RSI overbought (73.5); 5m: MACD bullish; 15m: MACD bearish; 1h: MACD bearish
  ⚠️ Sell signal but no position

[08:47:24] Cycle 921
  💰 Current Price: $67918.20
  🎯 Signal: SELL (confidence: 0.20)
  📝 Reason: 5m: RSI overbought (73.5); 5m: MACD bullish; 15m: MACD bearish; 1h: MACD bearish
  ⚠️ Sell signal but no position

[08:47:54] Cycle 922
  💰 Current Price: $67904.70
  🎯 Signal: SELL (confidence: 0.20)
  📝 Reason: 5m: RSI overbought (71.9); 5m: MACD bullish; 15m: MACD bearish; 1h: MACD bearish
  ⚠️ Sell signal but no position

[08:48:25] Cycle 923
  💰 Current Price: $67902.70
  🎯 Signal: SELL (confidence: 0.20)
  📝 Reason: 5m: RSI overbought (71.6); 5m: MACD bullish; 15m: MACD bearish; 1h: MACD bearish
  ⚠️ Sell signal but no position

[08:48:56] Cycle 924
  💰 Current Price: $67895.40
  🎯 Signal: SELL (confidence: 0.20)
  📝 Reason: 5m: RSI overbought (70.6); 5m: MACD bullish; 15m: MACD bearish; 1h: MACD bearish
  ⚠️ Sell signal but no position

[08:49:27] Cycle 925
  💰 Current Price: $67895.30
  🎯 Signal: SELL (confidence: 0.20)
  📝 Reason: 5m: RSI overbought (70.6); 5m: MACD bullish; 15m: MACD bearish; 1h: MACD bearish
  ⚠️ Sell signal but no position

[08:49:58] Cycle 926
  💰 Current Price: $67895.40
  🎯 Signal: SELL (confidence: 0.20)
  📝 Reason: 5m: RSI overbought (70.6); 5m: MACD bullish; 15m: MACD bearish; 1h: MACD bearish
  ⚠️ Sell signal but no position

[08:50:29] Cycle 927
  💰 Current Price: $67895.40
  🎯 Signal: HOLD (confidence: 0.10)
  📝 Reason: 5m: MACD bullish; 15m: MACD bearish; 1h: MACD bearish; 4h: RSI oversold (16.4)

[08:51:00] Cycle 928
  💰 Current Price: $67895.40
  🎯 Signal: HOLD (confidence: 0.10)
  📝 Reason: 5m: MACD bullish; 15m: MACD bearish; 1h: MACD bearish; 4h: RSI oversold (16.4)

[08:51:31] Cycle 929
  💰 Current Price: $67895.40
  🎯 Signal: HOLD (confidence: 0.10)
  📝 Reason: 5m: MACD bullish; 15m: MACD bearish; 1h: MACD bearish; 4h: RSI oversold (16.4)

[08:52:01] Cycle 930
  💰 Current Price: $67905.70
  🎯 Signal: HOLD (confidence: 0.10)
  📝 Reason: 5m: MACD bullish; 15m: MACD bearish; 1h: MACD bearish; 4h: RSI oversold (16.5)

[08:52:32] Cycle 931
  💰 Current Price: $67905.60
  🎯 Signal: HOLD (confidence: 0.10)
  📝 Reason: 5m: MACD bullish; 15m: MACD bearish; 1h: MACD bearish; 4h: RSI oversold (16.5)

[08:53:03] Cycle 932
  💰 Current Price: $67908.40
  🎯 Signal: HOLD (confidence: 0.10)
  📝 Reason: 5m: MACD bullish; 15m: MACD bearish; 1h: MACD bearish; 4h: RSI oversold (16.7)

[08:53:33] Cycle 933
  💰 Current Price: $67922.00
  🎯 Signal: HOLD (confidence: 0.10)
  📝 Reason: 5m: MACD bullish; 15m: MACD bearish; 1h: MACD bearish; 4h: RSI oversold (16.7)

[08:54:04] Cycle 934
  💰 Current Price: $67921.90
  🎯 Signal: HOLD (confidence: 0.10)
  📝 Reason: 5m: MACD bullish; 15m: MACD bearish; 1h: MACD bearish; 4h: RSI oversold (16.7)

[08:54:36] Cycle 935
  💰 Current Price: $67921.90
  🎯 Signal: HOLD (confidence: 0.10)
  📝 Reason: 5m: MACD bullish; 15m: MACD bearish; 1h: MACD bearish; 4h: RSI oversold (16.7)

[08:55:06] Cycle 936
  💰 Current Price: $67896.00
  🎯 Signal: HOLD (confidence: 0.10)
  📝 Reason: 5m: MACD bullish; 15m: MACD bearish; 1h: MACD bearish; 4h: RSI oversold (16.4)

[08:55:37] Cycle 937
  💰 Current Price: $67850.00
  🎯 Signal: BUY (confidence: 0.20)
  📝 Reason: 5m: MACD bullish; 15m: MACD bearish; 1h: RSI oversold (39.4); 1h: MACD bearish

[08:56:08] Cycle 938
  💰 Current Price: $67802.10
  🎯 Signal: HOLD (confidence: 0.12)
  📝 Reason: 5m: MACD bullish; 15m: MACD bearish; 1h: RSI oversold (38.2); 1h: MACD bearish

[08:56:39] Cycle 939
  💰 Current Price: $67776.00
  🎯 Signal: HOLD (confidence: 0.12)
  📝 Reason: 5m: MACD bullish; 15m: MACD bearish; 1h: RSI oversold (37.6); 1h: MACD bearish

[08:57:10] Cycle 940
  💰 Current Price: $67772.00
  🎯 Signal: BUY (confidence: 0.33)
  📝 Reason: 5m: MACD bullish; 15m: RSI oversold (39.5); 15m: MACD bearish; 1h: RSI oversold (37.1)

[08:57:41] Cycle 941
  💰 Current Price: $67742.10
  🎯 Signal: BUY (confidence: 0.33)
  📝 Reason: 5m: MACD bullish; 15m: RSI oversold (39.1); 15m: MACD bearish; 1h: RSI oversold (36.8)

[08:58:12] Cycle 942
  💰 Current Price: $67765.80
  🎯 Signal: BUY (confidence: 0.33)
  📝 Reason: 5m: MACD bullish; 15m: RSI oversold (39.8); 15m: MACD bearish; 1h: RSI oversold (37.3)

[08:58:42] Cycle 943
  💰 Current Price: $67769.30
  🎯 Signal: BUY (confidence: 0.33)
  📝 Reason: 5m: MACD bullish; 15m: RSI oversold (39.9); 15m: MACD bearish; 1h: RSI oversold (37.4)

[08:59:13] Cycle 944
  💰 Current Price: $67769.20
  🎯 Signal: BUY (confidence: 0.33)
  📝 Reason: 5m: MACD bullish; 15m: RSI oversold (39.9); 15m: MACD bearish; 1h: RSI oversold (37.4)

[08:59:44] Cycle 945
  💰 Current Price: $67801.90
  🎯 Signal: HOLD (confidence: 0.12)
  📝 Reason: 5m: MACD bullish; 15m: MACD bearish; 1h: RSI oversold (38.2); 1h: MACD bearish

[09:00:15] Cycle 946
  💰 Current Price: $67802.00
  🎯 Signal: BUY (confidence: 0.40)
  📝 Reason: 5m: MACD bullish; 15m: RSI oversold (37.2); 15m: MACD bearish; 1h: RSI oversold (39.5)

[09:00:46] Cycle 947
  💰 Current Price: $67801.90
  🎯 Signal: BUY (confidence: 0.40)
  📝 Reason: 5m: MACD bullish; 15m: RSI oversold (37.2); 15m: MACD bearish; 1h: RSI oversold (39.5)

[09:01:17] Cycle 948
  💰 Current Price: $67801.90
  🎯 Signal: BUY (confidence: 0.40)
  📝 Reason: 5m: MACD bullish; 15m: RSI oversold (37.2); 15m: MACD bearish; 1h: RSI oversold (39.5)

[09:01:47] Cycle 949
  💰 Current Price: $67787.00
  🎯 Signal: BUY (confidence: 0.40)
  📝 Reason: 5m: MACD bullish; 15m: RSI oversold (36.7); 15m: MACD bearish; 1h: RSI oversold (39.1)

[09:02:18] Cycle 950
  💰 Current Price: $67768.70
  🎯 Signal: BUY (confidence: 0.40)
  📝 Reason: 5m: MACD bullish; 15m: RSI oversold (36.1); 15m: MACD bearish; 1h: RSI oversold (38.7)

[09:02:49] Cycle 951
  💰 Current Price: $67756.00
  🎯 Signal: BUY (confidence: 0.40)
  📝 Reason: 5m: MACD bullish; 15m: RSI oversold (35.7); 15m: MACD bearish; 1h: RSI oversold (38.4)

[09:03:20] Cycle 952
  💰 Current Price: $67743.70
  🎯 Signal: BUY (confidence: 0.40)
  📝 Reason: 5m: MACD bullish; 15m: RSI oversold (35.3); 15m: MACD bearish; 1h: RSI oversold (38.1)

[09:03:51] Cycle 953
  💰 Current Price: $67764.70
  🎯 Signal: BUY (confidence: 0.40)
  📝 Reason: 5m: MACD bullish; 15m: RSI oversold (36.0); 15m: MACD bearish; 1h: RSI oversold (38.6)

[09:04:22] Cycle 954
  💰 Current Price: $67787.00
  🎯 Signal: BUY (confidence: 0.40)
  📝 Reason: 5m: MACD bullish; 15m: RSI oversold (36.7); 15m: MACD bearish; 1h: RSI oversold (39.1)

[09:04:53] Cycle 955
  💰 Current Price: $67784.10
  🎯 Signal: BUY (confidence: 0.40)
  📝 Reason: 5m: MACD bullish; 15m: RSI oversold (36.6); 15m: MACD bearish; 1h: RSI oversold (39.1)

[09:05:24] Cycle 956
  💰 Current Price: $67784.10
  🎯 Signal: BUY (confidence: 0.40)
  📝 Reason: 5m: MACD bullish; 15m: RSI oversold (36.6); 15m: MACD bearish; 1h: RSI oversold (39.1)

[09:05:54] Cycle 957
  💰 Current Price: $67784.20
  🎯 Signal: BUY (confidence: 0.40)
  📝 Reason: 5m: MACD bullish; 15m: RSI oversold (36.6); 15m: MACD bearish; 1h: RSI oversold (39.1)

[09:06:25] Cycle 958
  💰 Current Price: $67784.20
  🎯 Signal: BUY (confidence: 0.40)
  📝 Reason: 5m: MACD bullish; 15m: RSI oversold (36.6); 15m: MACD bearish; 1h: RSI oversold (39.1)

[09:06:56] Cycle 959
  💰 Current Price: $67784.20
  🎯 Signal: BUY (confidence: 0.40)
  📝 Reason: 5m: MACD bullish; 15m: RSI oversold (36.6); 15m: MACD bearish; 1h: RSI oversold (39.1)

[09:07:27] Cycle 960
  💰 Current Price: $67787.00
  🎯 Signal: BUY (confidence: 0.40)
  📝 Reason: 5m: MACD bullish; 15m: RSI oversold (36.7); 15m: MACD bearish; 1h: RSI oversold (39.1)

[09:07:58] Cycle 961
  💰 Current Price: $67786.90
  🎯 Signal: BUY (confidence: 0.40)
  📝 Reason: 5m: MACD bullish; 15m: RSI oversold (36.7); 15m: MACD bearish; 1h: RSI oversold (39.1)

[09:08:29] Cycle 962
  💰 Current Price: $67817.00
  🎯 Signal: HOLD (confidence: 0.10)
  📝 Reason: 5m: MACD bullish; 15m: RSI oversold (38.1); 15m: MACD bearish; 1h: MACD bearish

[09:09:00] Cycle 963
  💰 Current Price: $67830.40
  🎯 Signal: HOLD (confidence: 0.10)
  📝 Reason: 5m: MACD bullish; 15m: RSI oversold (38.8); 15m: MACD bearish; 1h: MACD bearish

[09:09:31] Cycle 964
  💰 Current Price: $67846.00
  🎯 Signal: HOLD (confidence: 0.10)
  📝 Reason: 5m: MACD bullish; 15m: RSI oversold (39.6); 15m: MACD bearish; 1h: MACD bearish

[09:10:01] Cycle 965
  💰 Current Price: $67845.90
  🎯 Signal: HOLD (confidence: 0.10)
  📝 Reason: 5m: MACD bullish; 15m: RSI oversold (39.6); 15m: MACD bearish; 1h: MACD bearish

[09:10:32] Cycle 966
  💰 Current Price: $67846.00
  🎯 Signal: HOLD (confidence: 0.10)
  📝 Reason: 5m: MACD bullish; 15m: RSI oversold (39.6); 15m: MACD bearish; 1h: MACD bearish

[09:11:03] Cycle 967
  💰 Current Price: $67862.00
  🎯 Signal: HOLD (confidence: 0.10)
  📝 Reason: 5m: MACD bullish; 15m: MACD bearish; 1h: MACD bearish; 4h: RSI oversold (16.0)

[09:11:34] Cycle 968
  💰 Current Price: $67895.20
  🎯 Signal: HOLD (confidence: 0.10)
  📝 Reason: 5m: MACD bullish; 15m: MACD bearish; 1h: MACD bearish; 4h: RSI oversold (16.4)

[09:12:05] Cycle 969
  💰 Current Price: $67937.00
  🎯 Signal: HOLD (confidence: 0.10)
  📝 Reason: 5m: MACD bullish; 15m: MACD bearish; 1h: MACD bearish; 4h: RSI oversold (16.9)

[09:12:36] Cycle 970
  💰 Current Price: $67937.00
  🎯 Signal: HOLD (confidence: 0.10)
  📝 Reason: 5m: MACD bullish; 15m: MACD bearish; 1h: MACD bearish; 4h: RSI oversold (16.9)

[09:13:07] Cycle 971
  💰 Current Price: $67950.30
  🎯 Signal: HOLD (confidence: 0.10)
  📝 Reason: 5m: MACD bullish; 15m: MACD bearish; 1h: MACD bearish; 4h: RSI oversold (17.0)

[09:13:38] Cycle 972
  💰 Current Price: $67950.20
  🎯 Signal: HOLD (confidence: 0.10)
  📝 Reason: 5m: MACD bullish; 15m: MACD bearish; 1h: MACD bearish; 4h: RSI oversold (17.0)

[09:14:09] Cycle 973
  💰 Current Price: $67950.30
  🎯 Signal: HOLD (confidence: 0.10)
  📝 Reason: 5m: MACD bullish; 15m: MACD bearish; 1h: MACD bearish; 4h: RSI oversold (17.0)

[09:14:39] Cycle 974
  💰 Current Price: $67950.30
  🎯 Signal: HOLD (confidence: 0.10)
  📝 Reason: 5m: MACD bullish; 15m: MACD bearish; 1h: MACD bearish; 4h: RSI oversold (17.0)

[09:15:10] Cycle 975
  💰 Current Price: $67967.00
  🎯 Signal: HOLD (confidence: 0.10)
  📝 Reason: 5m: MACD bullish; 15m: MACD bearish; 1h: MACD bearish; 4h: RSI oversold (17.2)

[09:15:41] Cycle 976
  💰 Current Price: $68020.90
  🎯 Signal: HOLD (confidence: 0.10)
  📝 Reason: 5m: MACD bullish; 15m: MACD bearish; 1h: MACD bearish; 4h: RSI oversold (17.9)

[09:16:12] Cycle 977
  💰 Current Price: $68031.70
  🎯 Signal: HOLD (confidence: 0.10)
  📝 Reason: 5m: MACD bullish; 15m: MACD bearish; 1h: MACD bearish; 4h: RSI oversold (18.1)

[09:16:43] Cycle 978
  💰 Current Price: $68055.70
  🎯 Signal: HOLD (confidence: 0.10)
  📝 Reason: 5m: MACD bullish; 15m: MACD bearish; 1h: MACD bearish; 4h: RSI oversold (18.3)

[09:17:14] Cycle 979
  💰 Current Price: $68027.00
  🎯 Signal: HOLD (confidence: 0.10)
  📝 Reason: 5m: MACD bullish; 15m: MACD bearish; 1h: MACD bearish; 4h: RSI oversold (18.0)

[09:17:45] Cycle 980
  💰 Current Price: $68027.00
  🎯 Signal: HOLD (confidence: 0.10)
  📝 Reason: 5m: MACD bullish; 15m: MACD bearish; 1h: MACD bearish; 4h: RSI oversold (18.0)

[09:18:16] Cycle 981
  💰 Current Price: $68030.00
  🎯 Signal: HOLD (confidence: 0.10)
  📝 Reason: 5m: MACD bullish; 15m: MACD bearish; 1h: MACD bearish; 4h: RSI oversold (18.0)

[09:18:46] Cycle 982
  💰 Current Price: $67997.00
  🎯 Signal: HOLD (confidence: 0.10)
  📝 Reason: 5m: MACD bullish; 15m: MACD bearish; 1h: MACD bearish; 4h: RSI oversold (17.6)

[09:19:17] Cycle 983
  💰 Current Price: $67997.10
  🎯 Signal: HOLD (confidence: 0.10)
  📝 Reason: 5m: MACD bullish; 15m: MACD bearish; 1h: MACD bearish; 4h: RSI oversold (17.6)

[09:19:48] Cycle 984
  💰 Current Price: $67996.50
  🎯 Signal: HOLD (confidence: 0.10)
  📝 Reason: 5m: MACD bullish; 15m: MACD bearish; 1h: MACD bearish; 4h: RSI oversold (17.6)

[09:20:19] Cycle 985
  💰 Current Price: $67958.50
  🎯 Signal: HOLD (confidence: 0.10)
  📝 Reason: 5m: MACD bullish; 15m: MACD bearish; 1h: MACD bearish; 4h: RSI oversold (17.1)

[09:20:50] Cycle 986
  💰 Current Price: $67958.40
  🎯 Signal: HOLD (confidence: 0.10)
  📝 Reason: 5m: MACD bullish; 15m: MACD bearish; 1h: MACD bearish; 4h: RSI oversold (17.1)

[09:21:21] Cycle 987
  💰 Current Price: $67958.40
  🎯 Signal: HOLD (confidence: 0.10)
  📝 Reason: 5m: MACD bullish; 15m: MACD bearish; 1h: MACD bearish; 4h: RSI oversold (17.1)

[09:21:51] Cycle 988
  💰 Current Price: $67952.10
  🎯 Signal: HOLD (confidence: 0.10)
  📝 Reason: 5m: MACD bullish; 15m: MACD bearish; 1h: MACD bearish; 4h: RSI oversold (17.1)

[09:22:22] Cycle 989
  💰 Current Price: $67964.60
  🎯 Signal: HOLD (confidence: 0.10)
  📝 Reason: 5m: MACD bullish; 15m: MACD bearish; 1h: MACD bearish; 4h: RSI oversold (17.2)

[09:22:53] Cycle 990
  💰 Current Price: $67952.00
  🎯 Signal: HOLD (confidence: 0.10)
  📝 Reason: 5m: MACD bullish; 15m: MACD bearish; 1h: MACD bearish; 4h: RSI oversold (17.1)

[09:23:24] Cycle 991
  💰 Current Price: $67952.10
  🎯 Signal: HOLD (confidence: 0.10)
  📝 Reason: 5m: MACD bullish; 15m: MACD bearish; 1h: MACD bearish; 4h: RSI oversold (17.1)

[09:23:55] Cycle 992
  💰 Current Price: $67952.00
  🎯 Signal: HOLD (confidence: 0.10)
  📝 Reason: 5m: MACD bullish; 15m: MACD bearish; 1h: MACD bearish; 4h: RSI oversold (17.1)

[09:24:26] Cycle 993
  💰 Current Price: $67952.70
  🎯 Signal: HOLD (confidence: 0.10)
  📝 Reason: 5m: MACD bullish; 15m: MACD bearish; 1h: MACD bearish; 4h: RSI oversold (17.1)

[09:24:57] Cycle 994
  💰 Current Price: $67955.30
  🎯 Signal: HOLD (confidence: 0.10)
  📝 Reason: 5m: MACD bullish; 15m: MACD bearish; 1h: MACD bearish; 4h: RSI oversold (17.1)

[09:25:28] Cycle 995
  💰 Current Price: $67955.30
  🎯 Signal: HOLD (confidence: 0.10)
  📝 Reason: 5m: MACD bullish; 15m: MACD bearish; 1h: MACD bearish; 4h: RSI oversold (17.1)

[09:25:59] Cycle 996
  💰 Current Price: $67965.00
  🎯 Signal: HOLD (confidence: 0.10)
  📝 Reason: 5m: MACD bullish; 15m: MACD bearish; 1h: MACD bearish; 4h: RSI oversold (17.2)

[09:26:29] Cycle 997
  💰 Current Price: $67967.00
  🎯 Signal: HOLD (confidence: 0.10)
  📝 Reason: 5m: MACD bullish; 15m: MACD bearish; 1h: MACD bearish; 4h: RSI oversold (17.2)

[09:27:00] Cycle 998
  💰 Current Price: $67965.70
  🎯 Signal: HOLD (confidence: 0.10)
  📝 Reason: 5m: MACD bullish; 15m: MACD bearish; 1h: MACD bearish; 4h: RSI oversold (17.2)

[09:27:31] Cycle 999
  💰 Current Price: $67969.20
  🎯 Signal: HOLD (confidence: 0.10)
  📝 Reason: 5m: MACD bullish; 15m: MACD bearish; 1h: MACD bearish; 4h: RSI oversold (17.3)

[09:28:02] Cycle 1000
  💰 Current Price: $67969.10
  🎯 Signal: HOLD (confidence: 0.10)
  📝 Reason: 5m: MACD bullish; 15m: MACD bearish; 1h: MACD bearish; 4h: RSI oversold (17.3)

[09:28:33] Cycle 1001
  💰 Current Price: $67969.10
  🎯 Signal: HOLD (confidence: 0.10)
  📝 Reason: 5m: MACD bullish; 15m: MACD bearish; 1h: MACD bearish; 4h: RSI oversold (17.3)

[09:29:03] Cycle 1002
  💰 Current Price: $67969.20
  🎯 Signal: HOLD (confidence: 0.10)
  📝 Reason: 5m: MACD bullish; 15m: MACD bearish; 1h: MACD bearish; 4h: RSI oversold (17.3)

[09:29:34] Cycle 1003
  💰 Current Price: $67950.40
  🎯 Signal: HOLD (confidence: 0.10)
  📝 Reason: 5m: MACD bullish; 15m: MACD bearish; 1h: MACD bearish; 4h: RSI oversold (17.1)

[09:30:05] Cycle 1004
  💰 Current Price: $67950.10
  🎯 Signal: HOLD (confidence: 0.10)
  📝 Reason: 5m: MACD bullish; 15m: MACD bearish; 1h: MACD bearish; 4h: RSI oversold (17.0)

[09:30:36] Cycle 1005
  💰 Current Price: $67955.80
  🎯 Signal: HOLD (confidence: 0.10)
  📝 Reason: 5m: MACD bullish; 15m: MACD bearish; 1h: MACD bearish; 4h: RSI oversold (17.1)

[09:31:07] Cycle 1006
  💰 Current Price: $67957.50
  🎯 Signal: HOLD (confidence: 0.10)
  📝 Reason: 5m: MACD bullish; 15m: MACD bearish; 1h: MACD bearish; 4h: RSI oversold (17.1)

[09:31:38] Cycle 1007
  💰 Current Price: $67972.00
  🎯 Signal: HOLD (confidence: 0.10)
  📝 Reason: 5m: MACD bullish; 15m: MACD bearish; 1h: MACD bearish; 4h: RSI oversold (17.3)

[09:32:09] Cycle 1008
  💰 Current Price: $67982.00
  🎯 Signal: HOLD (confidence: 0.10)
  📝 Reason: 5m: MACD bullish; 15m: MACD bearish; 1h: MACD bearish; 4h: RSI oversold (17.4)

[09:32:39] Cycle 1009
  💰 Current Price: $67981.90
  🎯 Signal: HOLD (confidence: 0.10)
  📝 Reason: 5m: MACD bullish; 15m: MACD bearish; 1h: MACD bearish; 4h: RSI oversold (17.4)

[09:33:10] Cycle 1010
  💰 Current Price: $67982.00
  🎯 Signal: HOLD (confidence: 0.10)
  📝 Reason: 5m: MACD bullish; 15m: MACD bearish; 1h: MACD bearish; 4h: RSI oversold (17.4)

[09:33:41] Cycle 1011
  💰 Current Price: $67991.40
  🎯 Signal: HOLD (confidence: 0.10)
  📝 Reason: 5m: MACD bullish; 15m: MACD bearish; 1h: MACD bearish; 4h: RSI oversold (17.5)

[09:34:12] Cycle 1012
  💰 Current Price: $67991.40
  🎯 Signal: HOLD (confidence: 0.10)
  📝 Reason: 5m: MACD bullish; 15m: MACD bearish; 1h: MACD bearish; 4h: RSI oversold (17.5)

[09:34:43] Cycle 1013
  💰 Current Price: $67992.60
  🎯 Signal: HOLD (confidence: 0.10)
  📝 Reason: 5m: MACD bullish; 15m: MACD bearish; 1h: MACD bearish; 4h: RSI oversold (17.6)

[09:35:14] Cycle 1014
  💰 Current Price: $67992.50
  🎯 Signal: HOLD (confidence: 0.10)
  📝 Reason: 5m: MACD bullish; 15m: MACD bearish; 1h: MACD bearish; 4h: RSI oversold (17.6)

[09:35:44] Cycle 1015
  💰 Current Price: $67980.60
  🎯 Signal: HOLD (confidence: 0.10)
  📝 Reason: 5m: MACD bullish; 15m: MACD bearish; 1h: MACD bearish; 4h: RSI oversold (17.4)

[09:36:16] Cycle 1016
  💰 Current Price: $67992.50
  🎯 Signal: HOLD (confidence: 0.10)
  📝 Reason: 5m: MACD bullish; 15m: MACD bearish; 1h: MACD bearish; 4h: RSI oversold (17.6)

[09:36:46] Cycle 1017
  💰 Current Price: $67992.30
  🎯 Signal: HOLD (confidence: 0.10)
  📝 Reason: 5m: MACD bullish; 15m: MACD bearish; 1h: MACD bearish; 4h: RSI oversold (17.5)

[09:37:17] Cycle 1018
  💰 Current Price: $67992.40
  🎯 Signal: HOLD (confidence: 0.10)
  📝 Reason: 5m: MACD bullish; 15m: MACD bearish; 1h: MACD bearish; 4h: RSI oversold (17.6)

[09:37:48] Cycle 1019
  💰 Current Price: $67992.30
  🎯 Signal: HOLD (confidence: 0.10)
  📝 Reason: 5m: MACD bullish; 15m: MACD bearish; 1h: MACD bearish; 4h: RSI oversold (17.6)

[09:38:19] Cycle 1020
  💰 Current Price: $67992.50
  🎯 Signal: HOLD (confidence: 0.10)
  📝 Reason: 5m: MACD bullish; 15m: MACD bearish; 1h: MACD bearish; 4h: RSI oversold (17.6)

[09:38:50] Cycle 1021
  💰 Current Price: $68000.00
  🎯 Signal: HOLD (confidence: 0.10)
  📝 Reason: 5m: MACD bullish; 15m: MACD bearish; 1h: MACD bearish; 4h: RSI oversold (17.6)

[09:39:21] Cycle 1022
  💰 Current Price: $68012.00
  🎯 Signal: HOLD (confidence: 0.10)
  📝 Reason: 5m: MACD bullish; 15m: MACD bearish; 1h: MACD bearish; 4h: RSI oversold (17.8)

[09:39:51] Cycle 1023
  💰 Current Price: $67998.60
  🎯 Signal: HOLD (confidence: 0.10)
  📝 Reason: 5m: MACD bullish; 15m: MACD bearish; 1h: MACD bearish; 4h: RSI oversold (17.6)

[09:40:23] Cycle 1024
  💰 Current Price: $67998.60
  🎯 Signal: HOLD (confidence: 0.10)
  📝 Reason: 5m: MACD bullish; 15m: MACD bearish; 1h: MACD bearish; 4h: RSI oversold (17.6)

[09:40:53] Cycle 1025
  💰 Current Price: $67998.60
  🎯 Signal: HOLD (confidence: 0.10)
  📝 Reason: 5m: MACD bullish; 15m: MACD bearish; 1h: MACD bearish; 4h: RSI oversold (17.6)

[09:41:24] Cycle 1026
  💰 Current Price: $67988.50
  🎯 Signal: HOLD (confidence: 0.10)
  📝 Reason: 5m: MACD bullish; 15m: MACD bearish; 1h: MACD bearish; 4h: RSI oversold (17.5)

[09:41:56] Cycle 1027
  💰 Current Price: $67988.50
  🎯 Signal: HOLD (confidence: 0.10)
  📝 Reason: 5m: MACD bullish; 15m: MACD bearish; 1h: MACD bearish; 4h: RSI oversold (17.5)

[09:42:27] Cycle 1028
  💰 Current Price: $67976.00
  🎯 Signal: HOLD (confidence: 0.10)
  📝 Reason: 5m: MACD bullish; 15m: MACD bearish; 1h: MACD bearish; 4h: RSI oversold (17.4)

[09:42:57] Cycle 1029
  💰 Current Price: $67979.00
  🎯 Signal: HOLD (confidence: 0.10)
  📝 Reason: 5m: MACD bullish; 15m: MACD bearish; 1h: MACD bearish; 4h: RSI oversold (17.4)

[09:43:28] Cycle 1030
  💰 Current Price: $67962.60
  🎯 Signal: HOLD (confidence: 0.10)
  📝 Reason: 5m: MACD bullish; 15m: MACD bearish; 1h: MACD bearish; 4h: RSI oversold (17.2)

[09:43:59] Cycle 1031
  💰 Current Price: $67962.60
  🎯 Signal: HOLD (confidence: 0.10)
  📝 Reason: 5m: MACD bullish; 15m: MACD bearish; 1h: MACD bearish; 4h: RSI oversold (17.2)

[09:44:30] Cycle 1032
  💰 Current Price: $67962.50
  🎯 Signal: HOLD (confidence: 0.10)
  📝 Reason: 5m: MACD bullish; 15m: MACD bearish; 1h: MACD bearish; 4h: RSI oversold (17.2)

[09:45:01] Cycle 1033
  💰 Current Price: $67962.50
  🎯 Signal: HOLD (confidence: 0.10)
  📝 Reason: 5m: MACD bullish; 15m: MACD bearish; 1h: MACD bearish; 4h: RSI oversold (17.2)

[09:45:32] Cycle 1034
  💰 Current Price: $67963.90
  🎯 Signal: HOLD (confidence: 0.10)
  📝 Reason: 5m: MACD bullish; 15m: MACD bearish; 1h: MACD bearish; 4h: RSI oversold (17.2)

[09:46:02] Cycle 1035
  💰 Current Price: $67963.90
  🎯 Signal: HOLD (confidence: 0.10)
  📝 Reason: 5m: MACD bullish; 15m: MACD bearish; 1h: MACD bearish; 4h: RSI oversold (17.2)

[09:46:34] Cycle 1036
  💰 Current Price: $67968.00
  🎯 Signal: HOLD (confidence: 0.10)
  📝 Reason: 5m: MACD bullish; 15m: MACD bearish; 1h: MACD bearish; 4h: RSI oversold (17.3)

[09:47:04] Cycle 1037
  💰 Current Price: $67979.30
  🎯 Signal: HOLD (confidence: 0.10)
  📝 Reason: 5m: MACD bullish; 15m: MACD bearish; 1h: MACD bearish; 4h: RSI oversold (17.4)

[09:47:36] Cycle 1038
  💰 Current Price: $67990.60
  🎯 Signal: HOLD (confidence: 0.10)
  📝 Reason: 5m: MACD bullish; 15m: MACD bearish; 1h: MACD bearish; 4h: RSI oversold (17.5)

[09:48:06] Cycle 1039
  💰 Current Price: $67990.60
  🎯 Signal: HOLD (confidence: 0.10)
  📝 Reason: 5m: MACD bullish; 15m: MACD bearish; 1h: MACD bearish; 4h: RSI oversold (17.5)

[09:48:37] Cycle 1040
  💰 Current Price: $68012.00
  🎯 Signal: HOLD (confidence: 0.10)
  📝 Reason: 5m: MACD bullish; 15m: MACD bearish; 1h: MACD bearish; 4h: RSI oversold (17.8)

[09:49:08] Cycle 1041
  💰 Current Price: $68012.00
  🎯 Signal: HOLD (confidence: 0.10)
  📝 Reason: 5m: MACD bullish; 15m: MACD bearish; 1h: MACD bearish; 4h: RSI oversold (17.8)

[09:49:39] Cycle 1042
  💰 Current Price: $68012.00
  🎯 Signal: HOLD (confidence: 0.10)
  📝 Reason: 5m: MACD bullish; 15m: MACD bearish; 1h: MACD bearish; 4h: RSI oversold (17.8)

[09:50:10] Cycle 1043
  💰 Current Price: $68011.90
  🎯 Signal: HOLD (confidence: 0.10)
  📝 Reason: 5m: MACD bullish; 15m: MACD bearish; 1h: MACD bearish; 4h: RSI oversold (17.8)

[09:50:41] Cycle 1044
  💰 Current Price: $68012.00
  🎯 Signal: HOLD (confidence: 0.10)
  📝 Reason: 5m: MACD bullish; 15m: MACD bearish; 1h: MACD bearish; 4h: RSI oversold (17.8)

[09:51:12] Cycle 1045
  💰 Current Price: $68012.00
  🎯 Signal: HOLD (confidence: 0.10)
  📝 Reason: 5m: MACD bullish; 15m: MACD bearish; 1h: MACD bearish; 4h: RSI oversold (17.8)

[09:51:43] Cycle 1046
  💰 Current Price: $68011.90
  🎯 Signal: HOLD (confidence: 0.10)
  📝 Reason: 5m: MACD bullish; 15m: MACD bearish; 1h: MACD bearish; 4h: RSI oversold (17.8)

[09:52:14] Cycle 1047
  💰 Current Price: $68012.00
  🎯 Signal: HOLD (confidence: 0.10)
  📝 Reason: 5m: MACD bullish; 15m: MACD bearish; 1h: MACD bearish; 4h: RSI oversold (17.8)

[09:52:45] Cycle 1048
  💰 Current Price: $68017.30
  🎯 Signal: HOLD (confidence: 0.10)
  📝 Reason: 5m: MACD bullish; 15m: MACD bearish; 1h: MACD bearish; 4h: RSI oversold (17.8)

[09:53:15] Cycle 1049
  💰 Current Price: $68018.70
  🎯 Signal: HOLD (confidence: 0.10)
  📝 Reason: 5m: MACD bullish; 15m: MACD bearish; 1h: MACD bearish; 4h: RSI oversold (17.9)

[09:53:46] Cycle 1050
  💰 Current Price: $68026.90
  🎯 Signal: HOLD (confidence: 0.10)
  📝 Reason: 5m: MACD bullish; 15m: MACD bearish; 1h: MACD bearish; 4h: RSI oversold (18.0)

[09:54:17] Cycle 1051
  💰 Current Price: $68026.80
  🎯 Signal: HOLD (confidence: 0.10)
  📝 Reason: 5m: MACD bullish; 15m: MACD bearish; 1h: MACD bearish; 4h: RSI oversold (18.0)

[09:54:48] Cycle 1052
  💰 Current Price: $68026.90
  🎯 Signal: HOLD (confidence: 0.10)
  📝 Reason: 5m: MACD bullish; 15m: MACD bearish; 1h: MACD bearish; 4h: RSI oversold (18.0)

[09:55:19] Cycle 1053
  💰 Current Price: $67997.10
  🎯 Signal: HOLD (confidence: 0.10)
  📝 Reason: 5m: MACD bullish; 15m: MACD bearish; 1h: MACD bearish; 4h: RSI oversold (17.6)

[09:55:50] Cycle 1054
  💰 Current Price: $68023.00
  🎯 Signal: HOLD (confidence: 0.10)
  📝 Reason: 5m: MACD bullish; 15m: MACD bearish; 1h: MACD bearish; 4h: RSI oversold (17.9)

[09:56:21] Cycle 1055
  💰 Current Price: $68023.10
  🎯 Signal: HOLD (confidence: 0.10)
  📝 Reason: 5m: MACD bullish; 15m: MACD bearish; 1h: MACD bearish; 4h: RSI oversold (17.9)

[09:56:51] Cycle 1056
  💰 Current Price: $68023.00
  🎯 Signal: HOLD (confidence: 0.10)
  📝 Reason: 5m: MACD bullish; 15m: MACD bearish; 1h: MACD bearish; 4h: RSI oversold (17.9)

[09:57:22] Cycle 1057
  💰 Current Price: $68023.00
  🎯 Signal: HOLD (confidence: 0.10)
  📝 Reason: 5m: MACD bullish; 15m: MACD bearish; 1h: MACD bearish; 4h: RSI oversold (17.9)

[09:57:53] Cycle 1058
  💰 Current Price: $68023.50
  🎯 Signal: HOLD (confidence: 0.10)
  📝 Reason: 5m: MACD bullish; 15m: MACD bearish; 1h: MACD bearish; 4h: RSI oversold (17.9)

[09:58:24] Cycle 1059
  💰 Current Price: $68023.50
  🎯 Signal: HOLD (confidence: 0.10)
  📝 Reason: 5m: MACD bullish; 15m: MACD bearish; 1h: MACD bearish; 4h: RSI oversold (17.9)

[09:58:55] Cycle 1060
  💰 Current Price: $68023.60
  🎯 Signal: HOLD (confidence: 0.10)
  📝 Reason: 5m: MACD bullish; 15m: MACD bearish; 1h: MACD bearish; 4h: RSI oversold (17.9)

[09:59:26] Cycle 1061
  💰 Current Price: $68023.60
  🎯 Signal: HOLD (confidence: 0.10)
  📝 Reason: 5m: MACD bullish; 15m: MACD bearish; 1h: MACD bearish; 4h: RSI oversold (17.9)

[09:59:57] Cycle 1062
  💰 Current Price: $68008.30
  🎯 Signal: HOLD (confidence: 0.10)
  📝 Reason: 5m: MACD bullish; 15m: MACD bearish; 1h: MACD bearish; 4h: RSI oversold (17.7)

[10:00:27] Cycle 1063
  💰 Current Price: $68018.70
  🎯 Signal: HOLD (confidence: 0.10)
  📝 Reason: 5m: MACD bullish; 15m: MACD bullish; 1h: MACD bearish; 4h: RSI oversold (17.9)

[10:00:59] Cycle 1064
  💰 Current Price: $68018.70
  🎯 Signal: HOLD (confidence: 0.10)
  📝 Reason: 5m: MACD bullish; 15m: MACD bullish; 1h: MACD bearish; 4h: RSI oversold (17.9)

[10:01:29] Cycle 1065
  💰 Current Price: $68018.60
  🎯 Signal: HOLD (confidence: 0.10)
  📝 Reason: 5m: MACD bullish; 15m: MACD bullish; 1h: MACD bearish; 4h: RSI oversold (17.7)

[10:02:01] Cycle 1066
  💰 Current Price: $67997.20
  🎯 Signal: HOLD (confidence: 0.10)
  📝 Reason: 5m: MACD bullish; 15m: MACD bullish; 1h: MACD bearish; 4h: RSI oversold (17.6)

[10:02:31] Cycle 1067
  💰 Current Price: $67972.70
  🎯 Signal: HOLD (confidence: 0.10)
  📝 Reason: 5m: MACD bullish; 15m: MACD bullish; 1h: MACD bearish; 4h: RSI oversold (17.3)

[10:03:02] Cycle 1068
  💰 Current Price: $67972.80
  🎯 Signal: HOLD (confidence: 0.10)
  📝 Reason: 5m: MACD bullish; 15m: MACD bullish; 1h: MACD bearish; 4h: RSI oversold (17.3)

[10:03:33] Cycle 1069
  💰 Current Price: $67994.50
  🎯 Signal: HOLD (confidence: 0.10)
  📝 Reason: 5m: MACD bullish; 15m: MACD bullish; 1h: MACD bearish; 4h: RSI oversold (17.6)

[10:04:03] Cycle 1070
  💰 Current Price: $67994.50
  🎯 Signal: HOLD (confidence: 0.10)
  📝 Reason: 5m: MACD bullish; 15m: MACD bullish; 1h: MACD bearish; 4h: RSI oversold (17.6)

[10:04:34] Cycle 1071
  💰 Current Price: $68012.00
  🎯 Signal: HOLD (confidence: 0.10)
  📝 Reason: 5m: MACD bullish; 15m: MACD bullish; 1h: MACD bearish; 4h: RSI oversold (17.8)

[10:05:05] Cycle 1072
  💰 Current Price: $68032.50
  🎯 Signal: HOLD (confidence: 0.00)
  📝 Reason: 5m: RSI overbought (79.9); 5m: MACD bullish; 15m: MACD bullish; 1h: MACD bearish

[10:05:36] Cycle 1073
  💰 Current Price: $68032.50
  🎯 Signal: HOLD (confidence: 0.00)
  📝 Reason: 5m: RSI overbought (79.9); 5m: MACD bullish; 15m: MACD bullish; 1h: MACD bearish

[10:06:07] Cycle 1074
  💰 Current Price: $68020.60
  🎯 Signal: HOLD (confidence: 0.00)
  📝 Reason: 5m: RSI overbought (78.3); 5m: MACD bullish; 15m: MACD bullish; 1h: MACD bearish

[10:06:38] Cycle 1075
  💰 Current Price: $68020.50
  🎯 Signal: HOLD (confidence: 0.00)
  📝 Reason: 5m: RSI overbought (78.2); 5m: MACD bullish; 15m: MACD bullish; 1h: MACD bearish

[10:07:09] Cycle 1076
  💰 Current Price: $68012.10
  🎯 Signal: HOLD (confidence: 0.00)
  📝 Reason: 5m: RSI overbought (76.6); 5m: MACD bullish; 15m: MACD bullish; 1h: MACD bearish

[10:07:40] Cycle 1077
  💰 Current Price: $68012.20
  🎯 Signal: HOLD (confidence: 0.00)
  📝 Reason: 5m: RSI overbought (76.6); 5m: MACD bullish; 15m: MACD bullish; 1h: MACD bearish

[10:08:11] Cycle 1078
  💰 Current Price: $68012.10
  🎯 Signal: HOLD (confidence: 0.00)
  📝 Reason: 5m: RSI overbought (76.6); 5m: MACD bullish; 15m: MACD bullish; 1h: MACD bearish

[10:08:41] Cycle 1079
  💰 Current Price: $68020.60
  🎯 Signal: HOLD (confidence: 0.00)
  📝 Reason: 5m: RSI overbought (78.3); 5m: MACD bullish; 15m: MACD bullish; 1h: MACD bearish

[10:09:12] Cycle 1080
  💰 Current Price: $68023.30
  🎯 Signal: HOLD (confidence: 0.00)
  📝 Reason: 5m: RSI overbought (78.8); 5m: MACD bullish; 15m: MACD bullish; 1h: MACD bearish

[10:09:43] Cycle 1081
  💰 Current Price: $68047.40
  🎯 Signal: HOLD (confidence: 0.00)
  📝 Reason: 5m: RSI overbought (80.6); 5m: MACD bullish; 15m: MACD bullish; 1h: MACD bearish

[10:10:14] Cycle 1082
  💰 Current Price: $68047.40
  🎯 Signal: HOLD (confidence: 0.00)
  📝 Reason: 5m: RSI overbought (84.4); 5m: MACD bullish; 15m: MACD bullish; 1h: MACD bearish

[10:10:45] Cycle 1083
  💰 Current Price: $68047.40
  🎯 Signal: HOLD (confidence: 0.00)
  📝 Reason: 5m: RSI overbought (84.4); 5m: MACD bullish; 15m: MACD bullish; 1h: MACD bearish

[10:11:15] Cycle 1084
  💰 Current Price: $68047.40
  🎯 Signal: HOLD (confidence: 0.00)
  📝 Reason: 5m: RSI overbought (84.4); 5m: MACD bullish; 15m: MACD bullish; 1h: MACD bearish

[10:11:46] Cycle 1085
  💰 Current Price: $68047.30
  🎯 Signal: HOLD (confidence: 0.00)
  📝 Reason: 5m: RSI overbought (84.4); 5m: MACD bullish; 15m: MACD bullish; 1h: MACD bearish

[10:12:17] Cycle 1086
  💰 Current Price: $68058.50
  🎯 Signal: HOLD (confidence: 0.00)
  📝 Reason: 5m: RSI overbought (84.8); 5m: MACD bullish; 15m: MACD bullish; 1h: MACD bearish

[10:12:48] Cycle 1087
  💰 Current Price: $68058.50
  🎯 Signal: HOLD (confidence: 0.00)
  📝 Reason: 5m: RSI overbought (84.8); 5m: MACD bullish; 15m: MACD bullish; 1h: MACD bearish

[10:13:19] Cycle 1088
  💰 Current Price: $68058.50
  🎯 Signal: HOLD (confidence: 0.00)
  📝 Reason: 5m: RSI overbought (84.8); 5m: MACD bullish; 15m: MACD bullish; 1h: MACD bearish

[10:13:50] Cycle 1089
  💰 Current Price: $68058.50
  🎯 Signal: HOLD (confidence: 0.00)
  📝 Reason: 5m: RSI overbought (84.8); 5m: MACD bullish; 15m: MACD bullish; 1h: MACD bearish

[10:14:20] Cycle 1090
  💰 Current Price: $68073.60
  🎯 Signal: HOLD (confidence: 0.00)
  📝 Reason: 5m: RSI overbought (85.4); 5m: MACD bullish; 15m: MACD bullish; 1h: MACD bearish

[10:14:51] Cycle 1091
  💰 Current Price: $68081.50
  🎯 Signal: HOLD (confidence: 0.00)
  📝 Reason: 5m: RSI overbought (85.7); 5m: MACD bullish; 15m: MACD bullish; 1h: MACD bearish

[10:15:22] Cycle 1092
  💰 Current Price: $68081.40
  🎯 Signal: SELL (confidence: 0.20)
  📝 Reason: 5m: RSI overbought (83.2); 5m: MACD bullish; 15m: RSI overbought (72.5); 15m: MACD bullish
  ⚠️ Sell signal but no position

[10:15:53] Cycle 1093
  💰 Current Price: $68081.40
  🎯 Signal: SELL (confidence: 0.20)
  📝 Reason: 5m: RSI overbought (83.2); 5m: MACD bullish; 15m: RSI overbought (72.5); 15m: MACD bullish
  ⚠️ Sell signal but no position

[10:16:24] Cycle 1094
  💰 Current Price: $68027.00
  🎯 Signal: HOLD (confidence: 0.00)
  📝 Reason: 5m: RSI overbought (72.1); 5m: MACD bullish; 15m: MACD bullish; 1h: MACD bearish

[10:16:55] Cycle 1095
  💰 Current Price: $68015.20
  🎯 Signal: HOLD (confidence: 0.00)
  📝 Reason: 5m: RSI overbought (70.1); 5m: MACD bullish; 15m: MACD bullish; 1h: MACD bearish

[10:17:26] Cycle 1096
  💰 Current Price: $67997.00
  🎯 Signal: HOLD (confidence: 0.10)
  📝 Reason: 5m: MACD bullish; 15m: MACD bullish; 1h: MACD bearish; 4h: RSI oversold (17.4)

[10:17:57] Cycle 1097
  💰 Current Price: $68000.20
  🎯 Signal: HOLD (confidence: 0.10)
  📝 Reason: 5m: MACD bullish; 15m: MACD bullish; 1h: MACD bearish; 4h: RSI oversold (17.6)

[10:18:28] Cycle 1098
  💰 Current Price: $68000.00
  🎯 Signal: HOLD (confidence: 0.10)
  📝 Reason: 5m: MACD bullish; 15m: MACD bullish; 1h: MACD bearish; 4h: RSI oversold (17.6)

[10:18:59] Cycle 1099
  💰 Current Price: $68000.00
  🎯 Signal: HOLD (confidence: 0.10)
  📝 Reason: 5m: MACD bullish; 15m: MACD bullish; 1h: MACD bearish; 4h: RSI oversold (17.6)

[10:19:30] Cycle 1100
  💰 Current Price: $68000.00
  🎯 Signal: HOLD (confidence: 0.10)
  📝 Reason: 5m: MACD bullish; 15m: MACD bullish; 1h: MACD bearish; 4h: RSI oversold (17.6)

[10:20:00] Cycle 1101
  💰 Current Price: $67995.50
  🎯 Signal: HOLD (confidence: 0.10)
  📝 Reason: 5m: MACD bullish; 15m: MACD bullish; 1h: MACD bearish; 4h: RSI oversold (17.6)

[10:20:31] Cycle 1102
  💰 Current Price: $67988.80
  🎯 Signal: HOLD (confidence: 0.10)
  📝 Reason: 5m: MACD bullish; 15m: MACD bullish; 1h: MACD bearish; 4h: RSI oversold (17.5)

[10:21:02] Cycle 1103
  💰 Current Price: $67982.10
  🎯 Signal: HOLD (confidence: 0.10)
  📝 Reason: 5m: MACD bullish; 15m: MACD bullish; 1h: MACD bearish; 4h: RSI oversold (17.4)

[10:21:33] Cycle 1104
  💰 Current Price: $67982.10
  🎯 Signal: HOLD (confidence: 0.10)
  📝 Reason: 5m: MACD bullish; 15m: MACD bullish; 1h: MACD bearish; 4h: RSI oversold (17.4)

[10:22:04] Cycle 1105
  💰 Current Price: $67982.10
  🎯 Signal: HOLD (confidence: 0.10)
  📝 Reason: 5m: MACD bullish; 15m: MACD bullish; 1h: MACD bearish; 4h: RSI oversold (17.4)

[10:22:35] Cycle 1106
  💰 Current Price: $67982.10
  🎯 Signal: HOLD (confidence: 0.10)
  📝 Reason: 5m: MACD bullish; 15m: MACD bullish; 1h: MACD bearish; 4h: RSI oversold (17.4)

[10:23:06] Cycle 1107
  💰 Current Price: $67982.00
  🎯 Signal: HOLD (confidence: 0.10)
  📝 Reason: 5m: MACD bullish; 15m: MACD bullish; 1h: MACD bearish; 4h: RSI oversold (17.4)

[10:23:36] Cycle 1108
  💰 Current Price: $67982.10
  🎯 Signal: HOLD (confidence: 0.10)
  📝 Reason: 5m: MACD bullish; 15m: MACD bullish; 1h: MACD bearish; 4h: RSI oversold (17.4)

[10:24:07] Cycle 1109
  💰 Current Price: $67968.90
  🎯 Signal: HOLD (confidence: 0.10)
  📝 Reason: 5m: MACD bullish; 15m: MACD bullish; 1h: MACD bearish; 4h: RSI oversold (17.3)

[10:24:38] Cycle 1110
  💰 Current Price: $67968.90
  🎯 Signal: HOLD (confidence: 0.10)
  📝 Reason: 5m: MACD bullish; 15m: MACD bullish; 1h: MACD bearish; 4h: RSI oversold (17.3)

[10:25:09] Cycle 1111
  💰 Current Price: $67953.20
  🎯 Signal: HOLD (confidence: 0.10)
  📝 Reason: 5m: MACD bullish; 15m: MACD bullish; 1h: MACD bearish; 4h: RSI oversold (17.1)

[10:25:40] Cycle 1112
  💰 Current Price: $67953.20
  🎯 Signal: HOLD (confidence: 0.10)
  📝 Reason: 5m: MACD bullish; 15m: MACD bullish; 1h: MACD bearish; 4h: RSI oversold (17.1)

[10:26:11] Cycle 1113
  💰 Current Price: $67968.10
  🎯 Signal: HOLD (confidence: 0.10)
  📝 Reason: 5m: MACD bullish; 15m: MACD bullish; 1h: MACD bearish; 4h: RSI oversold (17.3)

[10:26:42] Cycle 1114
  💰 Current Price: $67958.00
  🎯 Signal: HOLD (confidence: 0.10)
  📝 Reason: 5m: MACD bullish; 15m: MACD bullish; 1h: MACD bearish; 4h: RSI oversold (17.1)

[10:27:13] Cycle 1115
  💰 Current Price: $67958.00
  🎯 Signal: HOLD (confidence: 0.10)
  📝 Reason: 5m: MACD bullish; 15m: MACD bullish; 1h: MACD bearish; 4h: RSI oversold (17.1)

[10:27:44] Cycle 1116
  💰 Current Price: $67937.10
  🎯 Signal: HOLD (confidence: 0.10)
  📝 Reason: 5m: MACD bullish; 15m: MACD bullish; 1h: MACD bearish; 4h: RSI oversold (16.9)

[10:28:15] Cycle 1117
  💰 Current Price: $67937.10
  🎯 Signal: HOLD (confidence: 0.10)
  📝 Reason: 5m: MACD bullish; 15m: MACD bullish; 1h: MACD bearish; 4h: RSI oversold (16.9)

[10:28:46] Cycle 1118
  💰 Current Price: $67928.90
  🎯 Signal: HOLD (confidence: 0.10)
  📝 Reason: 5m: MACD bullish; 15m: MACD bullish; 1h: MACD bearish; 4h: RSI oversold (16.8)

[10:29:17] Cycle 1119
  💰 Current Price: $67929.80
  🎯 Signal: HOLD (confidence: 0.10)
  📝 Reason: 5m: MACD bullish; 15m: MACD bullish; 1h: MACD bearish; 4h: RSI oversold (16.8)

[10:29:48] Cycle 1120
  💰 Current Price: $67942.20
  🎯 Signal: HOLD (confidence: 0.10)
  📝 Reason: 5m: MACD bullish; 15m: MACD bullish; 1h: MACD bearish; 4h: RSI oversold (17.0)

[10:30:19] Cycle 1121
  💰 Current Price: $67962.10
  🎯 Signal: HOLD (confidence: 0.10)
  📝 Reason: 5m: MACD bullish; 15m: MACD bullish; 1h: MACD bearish; 4h: RSI oversold (17.2)

[10:30:50] Cycle 1122
  💰 Current Price: $67962.20
  🎯 Signal: HOLD (confidence: 0.10)
  📝 Reason: 5m: MACD bullish; 15m: MACD bullish; 1h: MACD bearish; 4h: RSI oversold (17.2)

[10:31:20] Cycle 1123
  💰 Current Price: $67962.20
  🎯 Signal: HOLD (confidence: 0.10)
  📝 Reason: 5m: MACD bullish; 15m: MACD bullish; 1h: MACD bearish; 4h: RSI oversold (17.2)

[10:31:51] Cycle 1124
  💰 Current Price: $67962.10
  🎯 Signal: HOLD (confidence: 0.10)
  📝 Reason: 5m: MACD bullish; 15m: MACD bullish; 1h: MACD bearish; 4h: RSI oversold (17.2)

[10:32:22] Cycle 1125
  💰 Current Price: $67948.80
  🎯 Signal: HOLD (confidence: 0.10)
  📝 Reason: 5m: MACD bullish; 15m: MACD bullish; 1h: MACD bearish; 4h: RSI oversold (17.0)

[10:32:53] Cycle 1126
  💰 Current Price: $67928.80
  🎯 Signal: HOLD (confidence: 0.10)
  📝 Reason: 5m: MACD bullish; 15m: MACD bullish; 1h: MACD bearish; 4h: RSI oversold (16.8)

[10:33:24] Cycle 1127
  💰 Current Price: $67922.00
  🎯 Signal: HOLD (confidence: 0.10)
  📝 Reason: 5m: MACD bullish; 15m: MACD bullish; 1h: MACD bearish; 4h: RSI oversold (16.7)

[10:33:55] Cycle 1128
  💰 Current Price: $67922.00
  🎯 Signal: HOLD (confidence: 0.10)
  📝 Reason: 5m: MACD bullish; 15m: MACD bullish; 1h: MACD bearish; 4h: RSI oversold (16.7)

[10:34:26] Cycle 1129
  💰 Current Price: $67922.00
  🎯 Signal: HOLD (confidence: 0.10)
  📝 Reason: 5m: MACD bullish; 15m: MACD bullish; 1h: MACD bearish; 4h: RSI oversold (16.7)

[10:34:56] Cycle 1130
  💰 Current Price: $67922.10
  🎯 Signal: HOLD (confidence: 0.10)
  📝 Reason: 5m: MACD bullish; 15m: MACD bullish; 1h: MACD bearish; 4h: RSI oversold (16.7)

[10:35:27] Cycle 1131
  💰 Current Price: $67925.10
  🎯 Signal: HOLD (confidence: 0.10)
  📝 Reason: 5m: MACD bullish; 15m: MACD bullish; 1h: MACD bearish; 4h: RSI oversold (16.8)

[10:35:58] Cycle 1132
  💰 Current Price: $67966.80
  🎯 Signal: HOLD (confidence: 0.10)
  📝 Reason: 5m: MACD bullish; 15m: MACD bullish; 1h: MACD bearish; 4h: RSI oversold (17.2)

[10:36:29] Cycle 1133
  💰 Current Price: $67966.90
  🎯 Signal: HOLD (confidence: 0.10)
  📝 Reason: 5m: MACD bullish; 15m: MACD bullish; 1h: MACD bearish; 4h: RSI oversold (17.2)

[10:36:59] Cycle 1134
  💰 Current Price: $67966.80
  🎯 Signal: HOLD (confidence: 0.10)
  📝 Reason: 5m: MACD bullish; 15m: MACD bullish; 1h: MACD bearish; 4h: RSI oversold (17.2)

[10:37:30] Cycle 1135
  💰 Current Price: $67966.90
  🎯 Signal: HOLD (confidence: 0.10)
  📝 Reason: 5m: MACD bullish; 15m: MACD bullish; 1h: MACD bearish; 4h: RSI oversold (17.2)

[10:38:01] Cycle 1136
  💰 Current Price: $67966.80
  🎯 Signal: HOLD (confidence: 0.10)
  📝 Reason: 5m: MACD bullish; 15m: MACD bullish; 1h: MACD bearish; 4h: RSI oversold (17.2)

[10:38:32] Cycle 1137
  💰 Current Price: $67966.90
  🎯 Signal: HOLD (confidence: 0.10)
  📝 Reason: 5m: MACD bullish; 15m: MACD bullish; 1h: MACD bearish; 4h: RSI oversold (17.2)

[10:39:02] Cycle 1138
  💰 Current Price: $67966.90
  🎯 Signal: HOLD (confidence: 0.10)
  📝 Reason: 5m: MACD bullish; 15m: MACD bullish; 1h: MACD bearish; 4h: RSI oversold (17.2)

[10:39:33] Cycle 1139
  💰 Current Price: $67982.90
  🎯 Signal: HOLD (confidence: 0.10)
  📝 Reason: 5m: MACD bullish; 15m: MACD bullish; 1h: MACD bearish; 4h: RSI oversold (17.4)

[10:40:04] Cycle 1140
  💰 Current Price: $67982.60
  🎯 Signal: HOLD (confidence: 0.10)
  📝 Reason: 5m: MACD bullish; 15m: MACD bullish; 1h: MACD bearish; 4h: RSI oversold (17.4)

[10:40:35] Cycle 1141
  💰 Current Price: $67982.70
  🎯 Signal: HOLD (confidence: 0.10)
  📝 Reason: 5m: MACD bullish; 15m: MACD bullish; 1h: MACD bearish; 4h: RSI oversold (17.4)

[10:41:06] Cycle 1142
  💰 Current Price: $67982.60
  🎯 Signal: HOLD (confidence: 0.10)
  📝 Reason: 5m: MACD bullish; 15m: MACD bullish; 1h: MACD bearish; 4h: RSI oversold (17.4)

[10:41:37] Cycle 1143
  💰 Current Price: $67982.60
  🎯 Signal: HOLD (confidence: 0.10)
  📝 Reason: 5m: MACD bullish; 15m: MACD bullish; 1h: MACD bearish; 4h: RSI oversold (17.4)

[10:42:08] Cycle 1144
  💰 Current Price: $67982.60
  🎯 Signal: HOLD (confidence: 0.10)
  📝 Reason: 5m: MACD bullish; 15m: MACD bullish; 1h: MACD bearish; 4h: RSI oversold (17.4)

[10:42:39] Cycle 1145
  💰 Current Price: $67982.70
  🎯 Signal: HOLD (confidence: 0.10)
  📝 Reason: 5m: MACD bullish; 15m: MACD bullish; 1h: MACD bearish; 4h: RSI oversold (17.4)

[10:43:10] Cycle 1146
  💰 Current Price: $67982.70
  🎯 Signal: HOLD (confidence: 0.10)
  📝 Reason: 5m: MACD bullish; 15m: MACD bullish; 1h: MACD bearish; 4h: RSI oversold (17.4)

[10:43:40] Cycle 1147
  💰 Current Price: $67982.70
  🎯 Signal: HOLD (confidence: 0.10)
  📝 Reason: 5m: MACD bullish; 15m: MACD bullish; 1h: MACD bearish; 4h: RSI oversold (17.4)

[10:44:11] Cycle 1148
  💰 Current Price: $67982.80
  🎯 Signal: HOLD (confidence: 0.10)
  📝 Reason: 5m: MACD bullish; 15m: MACD bullish; 1h: MACD bearish; 4h: RSI oversold (17.4)

[10:44:43] Cycle 1149
  💰 Current Price: $67982.70
  🎯 Signal: HOLD (confidence: 0.10)
  📝 Reason: 5m: MACD bullish; 15m: MACD bullish; 1h: MACD bearish; 4h: RSI oversold (17.4)

[10:45:13] Cycle 1150
  💰 Current Price: $67955.40
  🎯 Signal: HOLD (confidence: 0.10)
  📝 Reason: 5m: MACD bullish; 15m: MACD bullish; 1h: MACD bearish; 4h: RSI oversold (17.1)

[10:45:44] Cycle 1151
  💰 Current Price: $67952.10
  🎯 Signal: HOLD (confidence: 0.10)
  📝 Reason: 5m: MACD bullish; 15m: MACD bullish; 1h: MACD bearish; 4h: RSI oversold (17.1)

[10:46:15] Cycle 1152
  💰 Current Price: $67952.40
  🎯 Signal: HOLD (confidence: 0.10)
  📝 Reason: 5m: MACD bullish; 15m: MACD bullish; 1h: MACD bearish; 4h: RSI oversold (17.1)

[10:46:46] Cycle 1153
  💰 Current Price: $67955.60
  🎯 Signal: HOLD (confidence: 0.10)
  📝 Reason: 5m: MACD bullish; 15m: MACD bullish; 1h: MACD bearish; 4h: RSI oversold (17.1)

[10:47:17] Cycle 1154
  💰 Current Price: $67965.70
  🎯 Signal: HOLD (confidence: 0.10)
  📝 Reason: 5m: MACD bullish; 15m: MACD bullish; 1h: MACD bearish; 4h: RSI oversold (17.2)

[10:47:48] Cycle 1155
  💰 Current Price: $67965.70
  🎯 Signal: HOLD (confidence: 0.10)
  📝 Reason: 5m: MACD bullish; 15m: MACD bullish; 1h: MACD bearish; 4h: RSI oversold (17.2)

[10:48:18] Cycle 1156
  💰 Current Price: $67952.10
  🎯 Signal: HOLD (confidence: 0.10)
  📝 Reason: 5m: MACD bullish; 15m: MACD bullish; 1h: MACD bearish; 4h: RSI oversold (17.1)

[10:48:49] Cycle 1157
  💰 Current Price: $67952.10
  🎯 Signal: HOLD (confidence: 0.10)
  📝 Reason: 5m: MACD bullish; 15m: MACD bullish; 1h: MACD bearish; 4h: RSI oversold (17.1)

[10:49:20] Cycle 1158
  💰 Current Price: $67965.20
  🎯 Signal: HOLD (confidence: 0.10)
  📝 Reason: 5m: MACD bullish; 15m: MACD bullish; 1h: MACD bearish; 4h: RSI oversold (17.2)

[10:49:51] Cycle 1159
  💰 Current Price: $67980.20
  🎯 Signal: HOLD (confidence: 0.10)
  📝 Reason: 5m: MACD bullish; 15m: MACD bullish; 1h: MACD bearish; 4h: RSI oversold (17.4)

[10:50:22] Cycle 1160
  💰 Current Price: $67980.00
  🎯 Signal: HOLD (confidence: 0.10)
  📝 Reason: 5m: MACD bullish; 15m: MACD bullish; 1h: MACD bearish; 4h: RSI oversold (17.4)

[10:50:53] Cycle 1161
  💰 Current Price: $67980.10
  🎯 Signal: HOLD (confidence: 0.10)
  📝 Reason: 5m: MACD bullish; 15m: MACD bullish; 1h: MACD bearish; 4h: RSI oversold (17.4)

[10:51:24] Cycle 1162
  💰 Current Price: $67973.40
  🎯 Signal: HOLD (confidence: 0.10)
  📝 Reason: 5m: MACD bullish; 15m: MACD bullish; 1h: MACD bearish; 4h: RSI oversold (17.2)

[10:51:54] Cycle 1163
  💰 Current Price: $67964.70
  🎯 Signal: HOLD (confidence: 0.10)
  📝 Reason: 5m: MACD bullish; 15m: MACD bullish; 1h: MACD bearish; 4h: RSI oversold (17.2)

[10:52:25] Cycle 1164
  💰 Current Price: $67953.40
  🎯 Signal: HOLD (confidence: 0.10)
  📝 Reason: 5m: MACD bullish; 15m: MACD bullish; 1h: MACD bearish; 4h: RSI oversold (17.1)

[10:52:56] Cycle 1165
  💰 Current Price: $67937.10
  🎯 Signal: HOLD (confidence: 0.10)
  📝 Reason: 5m: MACD bullish; 15m: MACD bullish; 1h: MACD bearish; 4h: RSI oversold (16.9)

[10:53:27] Cycle 1166
  💰 Current Price: $67922.00
  🎯 Signal: HOLD (confidence: 0.10)
  📝 Reason: 5m: MACD bullish; 15m: MACD bullish; 1h: MACD bearish; 4h: RSI oversold (16.7)

[10:53:58] Cycle 1167
  💰 Current Price: $67922.00
  🎯 Signal: HOLD (confidence: 0.10)
  📝 Reason: 5m: MACD bullish; 15m: MACD bullish; 1h: MACD bearish; 4h: RSI oversold (16.7)

[10:54:29] Cycle 1168
  💰 Current Price: $67922.10
  🎯 Signal: HOLD (confidence: 0.10)
  📝 Reason: 5m: MACD bullish; 15m: MACD bullish; 1h: MACD bearish; 4h: RSI oversold (16.7)

[10:55:00] Cycle 1169
  💰 Current Price: $67922.10
  🎯 Signal: HOLD (confidence: 0.10)
  📝 Reason: 5m: RSI oversold (38.5); 5m: MACD bearish; 15m: MACD bullish; 1h: MACD bearish

[10:55:30] Cycle 1170
  💰 Current Price: $67922.10
  🎯 Signal: HOLD (confidence: 0.10)
  📝 Reason: 5m: RSI oversold (38.5); 5m: MACD bearish; 15m: MACD bullish; 1h: MACD bearish

[10:56:01] Cycle 1171
  💰 Current Price: $67922.10
  🎯 Signal: HOLD (confidence: 0.10)
  📝 Reason: 5m: RSI oversold (38.5); 5m: MACD bearish; 15m: MACD bullish; 1h: MACD bearish

[10:56:32] Cycle 1172
  💰 Current Price: $67922.10
  🎯 Signal: HOLD (confidence: 0.10)
  📝 Reason: 5m: RSI oversold (38.5); 5m: MACD bearish; 15m: MACD bullish; 1h: MACD bearish

[10:57:03] Cycle 1173
  💰 Current Price: $67922.00
  🎯 Signal: HOLD (confidence: 0.10)
  📝 Reason: 5m: RSI oversold (38.5); 5m: MACD bearish; 15m: MACD bullish; 1h: MACD bearish

[10:57:34] Cycle 1174
  💰 Current Price: $67898.80
  🎯 Signal: HOLD (confidence: 0.10)
  📝 Reason: 5m: RSI oversold (36.3); 5m: MACD bearish; 15m: MACD bullish; 1h: MACD bearish

[10:58:05] Cycle 1175
  💰 Current Price: $67876.10
  🎯 Signal: HOLD (confidence: 0.10)
  📝 Reason: 5m: RSI oversold (34.4); 5m: MACD bearish; 15m: MACD bullish; 1h: MACD bearish

[10:58:36] Cycle 1176
  💰 Current Price: $67876.10
  🎯 Signal: HOLD (confidence: 0.10)
  📝 Reason: 5m: RSI oversold (34.4); 5m: MACD bearish; 15m: MACD bullish; 1h: MACD bearish

[10:59:07] Cycle 1177
  💰 Current Price: $67876.20
  🎯 Signal: HOLD (confidence: 0.10)
  📝 Reason: 5m: RSI oversold (34.4); 5m: MACD bearish; 15m: MACD bullish; 1h: MACD bearish

[10:59:38] Cycle 1178
  💰 Current Price: $67877.40
  🎯 Signal: HOLD (confidence: 0.10)
  📝 Reason: 5m: RSI oversold (34.5); 5m: MACD bearish; 15m: MACD bullish; 1h: MACD bearish

[11:00:09] Cycle 1179
  💰 Current Price: $67884.50
  🎯 Signal: BUY (confidence: 0.40)
  📝 Reason: 5m: RSI oversold (36.2); 5m: MACD bearish; 15m: MACD bullish; 1h: RSI oversold (38.1)

[11:00:40] Cycle 1180
  💰 Current Price: $67876.10
  🎯 Signal: BUY (confidence: 0.40)
  📝 Reason: 5m: RSI oversold (34.9); 5m: MACD bearish; 15m: MACD bullish; 1h: RSI oversold (37.8)

[11:01:11] Cycle 1181
  💰 Current Price: $67876.10
  🎯 Signal: BUY (confidence: 0.40)
  📝 Reason: 5m: RSI oversold (34.9); 5m: MACD bearish; 15m: MACD bullish; 1h: RSI oversold (37.8)

[11:01:42] Cycle 1182
  💰 Current Price: $67876.20
  🎯 Signal: BUY (confidence: 0.40)
  📝 Reason: 5m: RSI oversold (34.9); 5m: MACD bearish; 15m: MACD bullish; 1h: RSI oversold (37.8)

[11:02:13] Cycle 1183
  💰 Current Price: $67876.20
  🎯 Signal: BUY (confidence: 0.40)
  📝 Reason: 5m: RSI oversold (34.9); 5m: MACD bearish; 15m: MACD bullish; 1h: RSI oversold (37.8)

[11:02:44] Cycle 1184
  💰 Current Price: $67878.10
  🎯 Signal: BUY (confidence: 0.40)
  📝 Reason: 5m: RSI oversold (35.2); 5m: MACD bearish; 15m: MACD bullish; 1h: RSI oversold (37.9)

[11:03:15] Cycle 1185
  💰 Current Price: $67878.10
  🎯 Signal: BUY (confidence: 0.40)
  📝 Reason: 5m: RSI oversold (35.2); 5m: MACD bearish; 15m: MACD bullish; 1h: RSI oversold (37.9)

[11:03:45] Cycle 1186
  💰 Current Price: $67878.10
  🎯 Signal: BUY (confidence: 0.40)
  📝 Reason: 5m: RSI oversold (35.2); 5m: MACD bearish; 15m: MACD bullish; 1h: RSI oversold (37.9)

[11:04:16] Cycle 1187
  💰 Current Price: $67866.10
  🎯 Signal: BUY (confidence: 0.40)
  📝 Reason: 5m: RSI oversold (34.1); 5m: MACD bearish; 15m: MACD bullish; 1h: RSI oversold (37.6)

[11:04:47] Cycle 1188
  💰 Current Price: $67875.80
  🎯 Signal: BUY (confidence: 0.40)
  📝 Reason: 5m: RSI oversold (34.9); 5m: MACD bearish; 15m: MACD bullish; 1h: RSI oversold (37.8)

[11:05:18] Cycle 1189
  💰 Current Price: $67875.80
  🎯 Signal: BUY (confidence: 0.40)
  📝 Reason: 5m: RSI oversold (34.5); 5m: MACD bearish; 15m: MACD bullish; 1h: RSI oversold (37.8)

[11:05:49] Cycle 1190
  💰 Current Price: $67875.80
  🎯 Signal: BUY (confidence: 0.40)
  📝 Reason: 5m: RSI oversold (34.5); 5m: MACD bearish; 15m: MACD bullish; 1h: RSI oversold (37.8)

[11:06:20] Cycle 1191
  💰 Current Price: $67875.80
  🎯 Signal: BUY (confidence: 0.40)
  📝 Reason: 5m: RSI oversold (34.5); 5m: MACD bearish; 15m: MACD bullish; 1h: RSI oversold (37.8)

[11:06:51] Cycle 1192
  💰 Current Price: $67875.80
  🎯 Signal: BUY (confidence: 0.40)
  📝 Reason: 5m: RSI oversold (34.5); 5m: MACD bearish; 15m: MACD bullish; 1h: RSI oversold (37.8)

[11:07:22] Cycle 1193
  💰 Current Price: $67892.80
  🎯 Signal: BUY (confidence: 0.40)
  📝 Reason: 5m: RSI oversold (37.0); 5m: MACD bearish; 15m: MACD bullish; 1h: RSI oversold (38.4)

[11:07:52] Cycle 1194
  💰 Current Price: $67892.80
  🎯 Signal: BUY (confidence: 0.40)
  📝 Reason: 5m: RSI oversold (37.0); 5m: MACD bearish; 15m: MACD bullish; 1h: RSI oversold (38.4)

[11:08:23] Cycle 1195
  💰 Current Price: $67903.90
  🎯 Signal: BUY (confidence: 0.40)
  📝 Reason: 5m: RSI oversold (38.5); 5m: MACD bearish; 15m: MACD bullish; 1h: RSI oversold (38.8)

[11:08:54] Cycle 1196
  💰 Current Price: $67903.80
  🎯 Signal: BUY (confidence: 0.40)
  📝 Reason: 5m: RSI oversold (38.5); 5m: MACD bearish; 15m: MACD bullish; 1h: RSI oversold (38.8)

[11:09:25] Cycle 1197
  💰 Current Price: $67892.70
  🎯 Signal: BUY (confidence: 0.40)
  📝 Reason: 5m: RSI oversold (37.0); 5m: MACD bearish; 15m: MACD bullish; 1h: RSI oversold (38.4)

[11:09:56] Cycle 1198
  💰 Current Price: $67887.90
  🎯 Signal: BUY (confidence: 0.40)
  📝 Reason: 5m: RSI oversold (36.3); 5m: MACD bearish; 15m: MACD bullish; 1h: RSI oversold (38.2)

[11:10:27] Cycle 1199
  💰 Current Price: $67883.90
  🎯 Signal: BUY (confidence: 0.40)
  📝 Reason: 5m: RSI oversold (32.8); 5m: MACD bearish; 15m: MACD bullish; 1h: RSI oversold (38.1)

[11:10:58] Cycle 1200
  💰 Current Price: $67884.00
  🎯 Signal: BUY (confidence: 0.40)
  📝 Reason: 5m: RSI oversold (32.8); 5m: MACD bearish; 15m: MACD bullish; 1h: RSI oversold (38.1)

[11:11:30] Cycle 1201
  💰 Current Price: $67884.00
  🎯 Signal: BUY (confidence: 0.40)
  📝 Reason: 5m: RSI oversold (33.5); 5m: MACD bearish; 15m: MACD bullish; 1h: RSI oversold (38.2)

[11:12:01] Cycle 1202
  💰 Current Price: $67952.00
  🎯 Signal: HOLD (confidence: 0.00)
  📝 Reason: 5m: MACD bearish; 15m: MACD bullish; 1h: MACD bearish; 4h: RSI oversold (17.1)

[11:12:31] Cycle 1203
  💰 Current Price: $67957.00
  🎯 Signal: HOLD (confidence: 0.00)
  📝 Reason: 5m: MACD bearish; 15m: MACD bullish; 1h: MACD bearish; 4h: RSI oversold (17.1)

[11:13:02] Cycle 1204
  💰 Current Price: $68023.80
  🎯 Signal: HOLD (confidence: 0.00)
  📝 Reason: 5m: MACD bearish; 15m: MACD bullish; 1h: MACD bearish; 4h: RSI oversold (17.9)

[11:13:33] Cycle 1205
  💰 Current Price: $68033.00
  🎯 Signal: HOLD (confidence: 0.00)
  📝 Reason: 5m: MACD bearish; 15m: MACD bullish; 1h: MACD bearish; 4h: RSI oversold (18.0)

[11:14:04] Cycle 1206
  💰 Current Price: $68041.90
  🎯 Signal: HOLD (confidence: 0.00)
  📝 Reason: 5m: MACD bearish; 15m: MACD bullish; 1h: MACD bearish; 4h: RSI oversold (18.1)

[11:14:35] Cycle 1207
  💰 Current Price: $68057.40
  🎯 Signal: HOLD (confidence: 0.00)
  📝 Reason: 5m: MACD bearish; 15m: MACD bullish; 1h: MACD bearish; 4h: RSI oversold (18.5)

[11:15:06] Cycle 1208
  💰 Current Price: $68149.20
  🎯 Signal: BUY (confidence: 0.20)
  📝 Reason: 5m: MACD bullish; 15m: MACD bullish; 1h: MACD bearish; 4h: RSI oversold (19.4)

[11:15:37] Cycle 1209
  💰 Current Price: $68196.30
  🎯 Signal: BUY (confidence: 0.20)
  📝 Reason: 5m: MACD bullish; 15m: MACD bullish; 1h: MACD bearish; 4h: RSI oversold (20.1)

[11:16:08] Cycle 1210
  💰 Current Price: $68204.70
  🎯 Signal: BUY (confidence: 0.20)
  📝 Reason: 5m: MACD bullish; 15m: MACD bullish; 1h: MACD bearish; 4h: RSI oversold (20.0)

[11:16:39] Cycle 1211
  💰 Current Price: $68177.10
  🎯 Signal: BUY (confidence: 0.20)
  📝 Reason: 5m: MACD bullish; 15m: MACD bullish; 1h: MACD bearish; 4h: RSI oversold (19.7)

[11:17:10] Cycle 1212
  💰 Current Price: $68169.20
  🎯 Signal: BUY (confidence: 0.20)
  📝 Reason: 5m: MACD bullish; 15m: MACD bullish; 1h: MACD bearish; 4h: RSI oversold (19.6)

[11:17:41] Cycle 1213
  💰 Current Price: $68169.20
  🎯 Signal: BUY (confidence: 0.20)
  📝 Reason: 5m: MACD bullish; 15m: MACD bullish; 1h: MACD bearish; 4h: RSI oversold (19.6)

[11:18:11] Cycle 1214
  💰 Current Price: $68132.10
  🎯 Signal: BUY (confidence: 0.20)
  📝 Reason: 5m: MACD bullish; 15m: MACD bullish; 1h: MACD bearish; 4h: RSI oversold (19.1)

[11:18:42] Cycle 1215
  💰 Current Price: $68126.80
  🎯 Signal: BUY (confidence: 0.20)
  📝 Reason: 5m: MACD bullish; 15m: MACD bullish; 1h: MACD bearish; 4h: RSI oversold (19.1)

[11:19:13] Cycle 1216
  💰 Current Price: $68139.90
  🎯 Signal: BUY (confidence: 0.20)
  📝 Reason: 5m: MACD bullish; 15m: MACD bullish; 1h: MACD bearish; 4h: RSI oversold (19.3)

[11:19:44] Cycle 1217
  💰 Current Price: $68155.40
  🎯 Signal: BUY (confidence: 0.20)
  📝 Reason: 5m: MACD bullish; 15m: MACD bullish; 1h: MACD bearish; 4h: RSI oversold (19.4)

[11:20:15] Cycle 1218
  💰 Current Price: $68210.30
  🎯 Signal: BUY (confidence: 0.20)
  📝 Reason: 5m: MACD bullish; 15m: MACD bullish; 1h: MACD bearish; 4h: RSI oversold (20.1)

[11:20:46] Cycle 1219
  💰 Current Price: $68202.40
  🎯 Signal: BUY (confidence: 0.20)
  📝 Reason: 5m: MACD bullish; 15m: MACD bullish; 1h: MACD bearish; 4h: RSI oversold (20.0)

[11:21:16] Cycle 1220
  💰 Current Price: $68192.00
  🎯 Signal: BUY (confidence: 0.20)
  📝 Reason: 5m: MACD bullish; 15m: MACD bullish; 1h: MACD bearish; 4h: RSI oversold (19.8)

[11:21:47] Cycle 1221
  💰 Current Price: $68170.10
  🎯 Signal: BUY (confidence: 0.20)
  📝 Reason: 5m: MACD bullish; 15m: MACD bullish; 1h: MACD bearish; 4h: RSI oversold (19.6)

[11:22:18] Cycle 1222
  💰 Current Price: $68170.10
  🎯 Signal: BUY (confidence: 0.20)
  📝 Reason: 5m: MACD bullish; 15m: MACD bullish; 1h: MACD bearish; 4h: RSI oversold (19.6)

[11:22:49] Cycle 1223
  💰 Current Price: $68170.10
  🎯 Signal: BUY (confidence: 0.20)
  📝 Reason: 5m: MACD bullish; 15m: MACD bullish; 1h: MACD bearish; 4h: RSI oversold (19.6)

[11:23:20] Cycle 1224
  💰 Current Price: $68189.30
  🎯 Signal: BUY (confidence: 0.20)
  📝 Reason: 5m: MACD bullish; 15m: MACD bullish; 1h: MACD bearish; 4h: RSI oversold (19.8)

[11:23:51] Cycle 1225
  💰 Current Price: $68170.00
  🎯 Signal: BUY (confidence: 0.20)
  📝 Reason: 5m: MACD bullish; 15m: MACD bullish; 1h: MACD bearish; 4h: RSI oversold (19.6)

[11:24:22] Cycle 1226
  💰 Current Price: $68156.00
  🎯 Signal: BUY (confidence: 0.20)
  📝 Reason: 5m: MACD bullish; 15m: MACD bullish; 1h: MACD bearish; 4h: RSI oversold (19.4)

[11:24:53] Cycle 1227
  💰 Current Price: $68123.90
  🎯 Signal: BUY (confidence: 0.20)
  📝 Reason: 5m: MACD bullish; 15m: MACD bullish; 1h: MACD bearish; 4h: RSI oversold (19.1)

[11:25:24] Cycle 1228
  💰 Current Price: $68145.50
  🎯 Signal: BUY (confidence: 0.20)
  📝 Reason: 5m: MACD bullish; 15m: MACD bullish; 1h: MACD bearish; 4h: RSI oversold (19.3)

[11:25:55] Cycle 1229
  💰 Current Price: $68130.30
  🎯 Signal: BUY (confidence: 0.20)
  📝 Reason: 5m: MACD bullish; 15m: MACD bullish; 1h: MACD bearish; 4h: RSI oversold (19.2)

[11:26:26] Cycle 1230
  💰 Current Price: $68130.40
  🎯 Signal: BUY (confidence: 0.20)
  📝 Reason: 5m: MACD bullish; 15m: MACD bullish; 1h: MACD bearish; 4h: RSI oversold (19.2)

[11:26:56] Cycle 1231
  💰 Current Price: $68147.00
  🎯 Signal: BUY (confidence: 0.20)
  📝 Reason: 5m: MACD bullish; 15m: MACD bullish; 1h: MACD bearish; 4h: RSI oversold (19.3)

[11:27:27] Cycle 1232
  💰 Current Price: $68130.40
  🎯 Signal: BUY (confidence: 0.20)
  📝 Reason: 5m: MACD bullish; 15m: MACD bullish; 1h: MACD bearish; 4h: RSI oversold (19.2)

[11:27:58] Cycle 1233
  💰 Current Price: $68117.10
  🎯 Signal: HOLD (confidence: 0.10)
  📝 Reason: 5m: MACD bullish; 15m: MACD bullish; 1h: MACD bearish; 4h: RSI oversold (19.0)

[11:28:29] Cycle 1234
  💰 Current Price: $68116.00
  🎯 Signal: HOLD (confidence: 0.10)
  📝 Reason: 5m: MACD bullish; 15m: MACD bullish; 1h: MACD bearish; 4h: RSI oversold (19.0)

[11:29:00] Cycle 1235
  💰 Current Price: $68110.60
  🎯 Signal: HOLD (confidence: 0.10)
  📝 Reason: 5m: MACD bullish; 15m: MACD bullish; 1h: MACD bearish; 4h: RSI oversold (18.9)

[11:29:31] Cycle 1236
  💰 Current Price: $68125.60
  🎯 Signal: BUY (confidence: 0.20)
  📝 Reason: 5m: MACD bullish; 15m: MACD bullish; 1h: MACD bearish; 4h: RSI oversold (19.1)

[11:30:02] Cycle 1237
  💰 Current Price: $68138.80
  🎯 Signal: BUY (confidence: 0.20)
  📝 Reason: 5m: MACD bullish; 15m: MACD bullish; 1h: MACD bearish; 4h: RSI oversold (19.2)

[11:30:33] Cycle 1238
  💰 Current Price: $68125.30
  🎯 Signal: BUY (confidence: 0.20)
  📝 Reason: 5m: MACD bullish; 15m: MACD bullish; 1h: MACD bearish; 4h: RSI oversold (19.1)

[11:31:04] Cycle 1239
  💰 Current Price: $68117.00
  🎯 Signal: HOLD (confidence: 0.10)
  📝 Reason: 5m: MACD bullish; 15m: MACD bullish; 1h: MACD bearish; 4h: RSI oversold (19.0)

[11:31:35] Cycle 1240
  💰 Current Price: $68138.70
  🎯 Signal: BUY (confidence: 0.20)
  📝 Reason: 5m: MACD bullish; 15m: MACD bullish; 1h: MACD bearish; 4h: RSI oversold (19.2)

[11:32:05] Cycle 1241
  💰 Current Price: $68138.80
  🎯 Signal: BUY (confidence: 0.20)
  📝 Reason: 5m: MACD bullish; 15m: MACD bullish; 1h: MACD bearish; 4h: RSI oversold (19.2)

[11:32:36] Cycle 1242
  💰 Current Price: $68146.90
  🎯 Signal: BUY (confidence: 0.20)
  📝 Reason: 5m: MACD bullish; 15m: MACD bullish; 1h: MACD bearish; 4h: RSI oversold (19.3)

[11:33:07] Cycle 1243
  💰 Current Price: $68117.10
  🎯 Signal: HOLD (confidence: 0.10)
  📝 Reason: 5m: MACD bullish; 15m: MACD bullish; 1h: MACD bearish; 4h: RSI oversold (19.0)

[11:33:38] Cycle 1244
  💰 Current Price: $68117.10
  🎯 Signal: HOLD (confidence: 0.10)
  📝 Reason: 5m: MACD bullish; 15m: MACD bullish; 1h: MACD bearish; 4h: RSI oversold (19.0)

[11:34:09] Cycle 1245
  💰 Current Price: $68116.00
  🎯 Signal: HOLD (confidence: 0.10)
  📝 Reason: 5m: MACD bullish; 15m: MACD bullish; 1h: MACD bearish; 4h: RSI oversold (19.0)

[11:34:40] Cycle 1246
  💰 Current Price: $68116.00
  🎯 Signal: HOLD (confidence: 0.10)
  📝 Reason: 5m: MACD bullish; 15m: MACD bullish; 1h: MACD bearish; 4h: RSI oversold (19.0)

[11:35:11] Cycle 1247
  💰 Current Price: $68116.00
  🎯 Signal: HOLD (confidence: 0.10)
  📝 Reason: 5m: MACD bullish; 15m: MACD bullish; 1h: MACD bearish; 4h: RSI oversold (19.0)

[11:35:42] Cycle 1248
  💰 Current Price: $68116.10
  🎯 Signal: HOLD (confidence: 0.10)
  📝 Reason: 5m: MACD bullish; 15m: MACD bullish; 1h: MACD bearish; 4h: RSI oversold (19.0)

[11:36:12] Cycle 1249
  💰 Current Price: $68090.40
  🎯 Signal: HOLD (confidence: 0.10)
  📝 Reason: 5m: MACD bullish; 15m: MACD bullish; 1h: MACD bearish; 4h: RSI oversold (18.7)

[11:36:43] Cycle 1250
  💰 Current Price: $68090.40
  🎯 Signal: HOLD (confidence: 0.10)
  📝 Reason: 5m: MACD bullish; 15m: MACD bullish; 1h: MACD bearish; 4h: RSI oversold (18.7)

[11:37:14] Cycle 1251
  💰 Current Price: $68095.90
  🎯 Signal: HOLD (confidence: 0.10)
  📝 Reason: 5m: MACD bullish; 15m: MACD bullish; 1h: MACD bearish; 4h: RSI oversold (18.8)

[11:37:45] Cycle 1252
  💰 Current Price: $68105.70
  🎯 Signal: HOLD (confidence: 0.10)
  📝 Reason: 5m: MACD bullish; 15m: MACD bullish; 1h: MACD bearish; 4h: RSI oversold (18.9)

[11:38:16] Cycle 1253
  💰 Current Price: $68108.80
  🎯 Signal: HOLD (confidence: 0.10)
  📝 Reason: 5m: MACD bullish; 15m: MACD bullish; 1h: MACD bearish; 4h: RSI oversold (18.9)

[11:38:47] Cycle 1254
  💰 Current Price: $68105.00
  🎯 Signal: HOLD (confidence: 0.10)
  📝 Reason: 5m: MACD bullish; 15m: MACD bullish; 1h: MACD bearish; 4h: RSI oversold (18.9)

[11:39:18] Cycle 1255
  💰 Current Price: $68105.00
  🎯 Signal: HOLD (confidence: 0.10)
  📝 Reason: 5m: MACD bullish; 15m: MACD bullish; 1h: MACD bearish; 4h: RSI oversold (18.9)

[11:39:49] Cycle 1256
  💰 Current Price: $68105.00
  🎯 Signal: HOLD (confidence: 0.10)
  📝 Reason: 5m: MACD bullish; 15m: MACD bullish; 1h: MACD bearish; 4h: RSI oversold (18.9)

[11:40:20] Cycle 1257
  💰 Current Price: $68104.90
  🎯 Signal: HOLD (confidence: 0.10)
  📝 Reason: 5m: MACD bullish; 15m: MACD bullish; 1h: MACD bearish; 4h: RSI oversold (18.9)

[11:40:51] Cycle 1258
  💰 Current Price: $68089.50
  🎯 Signal: HOLD (confidence: 0.10)
  📝 Reason: 5m: MACD bullish; 15m: MACD bullish; 1h: MACD bearish; 4h: RSI oversold (18.7)

[11:41:22] Cycle 1259
  💰 Current Price: $68089.40
  🎯 Signal: HOLD (confidence: 0.10)
  📝 Reason: 5m: MACD bullish; 15m: MACD bullish; 1h: MACD bearish; 4h: RSI oversold (18.7)

[11:41:52] Cycle 1260
  💰 Current Price: $68072.10
  🎯 Signal: HOLD (confidence: 0.10)
  📝 Reason: 5m: MACD bullish; 15m: MACD bullish; 1h: MACD bearish; 4h: RSI oversold (18.5)

[11:42:23] Cycle 1261
  💰 Current Price: $68072.10
  🎯 Signal: HOLD (confidence: 0.10)
  📝 Reason: 5m: MACD bullish; 15m: MACD bullish; 1h: MACD bearish; 4h: RSI oversold (18.5)

[11:42:54] Cycle 1262
  💰 Current Price: $68072.00
  🎯 Signal: HOLD (confidence: 0.10)
  📝 Reason: 5m: MACD bullish; 15m: MACD bullish; 1h: MACD bearish; 4h: RSI oversold (18.5)

[11:43:25] Cycle 1263
  💰 Current Price: $68097.80
  🎯 Signal: HOLD (confidence: 0.10)
  📝 Reason: 5m: MACD bullish; 15m: MACD bullish; 1h: MACD bearish; 4h: RSI oversold (18.8)

[11:43:56] Cycle 1264
  💰 Current Price: $68097.70
  🎯 Signal: HOLD (confidence: 0.10)
  📝 Reason: 5m: MACD bullish; 15m: MACD bullish; 1h: MACD bearish; 4h: RSI oversold (18.8)

[11:44:27] Cycle 1265
  💰 Current Price: $68089.00
  🎯 Signal: HOLD (confidence: 0.10)
  📝 Reason: 5m: MACD bullish; 15m: MACD bullish; 1h: MACD bearish; 4h: RSI oversold (18.7)

[11:44:58] Cycle 1266
  💰 Current Price: $68089.00
  🎯 Signal: HOLD (confidence: 0.10)
  📝 Reason: 5m: MACD bullish; 15m: MACD bullish; 1h: MACD bearish; 4h: RSI oversold (18.8)

[11:45:29] Cycle 1267
  💰 Current Price: $68116.90
  🎯 Signal: HOLD (confidence: 0.10)
  📝 Reason: 5m: MACD bullish; 15m: MACD bullish; 1h: MACD bearish; 4h: RSI oversold (19.0)

[11:46:00] Cycle 1268
  💰 Current Price: $68103.40
  🎯 Signal: HOLD (confidence: 0.10)
  📝 Reason: 5m: MACD bullish; 15m: MACD bullish; 1h: MACD bearish; 4h: RSI oversold (18.8)

[11:46:31] Cycle 1269
  💰 Current Price: $68089.40
  🎯 Signal: HOLD (confidence: 0.10)
  📝 Reason: 5m: MACD bullish; 15m: MACD bullish; 1h: MACD bearish; 4h: RSI oversold (18.7)

[11:47:02] Cycle 1270
  💰 Current Price: $68089.50
  🎯 Signal: HOLD (confidence: 0.10)
  📝 Reason: 5m: MACD bullish; 15m: MACD bullish; 1h: MACD bearish; 4h: RSI oversold (18.7)

[11:47:33] Cycle 1271
  💰 Current Price: $68089.40
  🎯 Signal: HOLD (confidence: 0.10)
  📝 Reason: 5m: MACD bullish; 15m: MACD bullish; 1h: MACD bearish; 4h: RSI oversold (18.7)

[11:48:03] Cycle 1272
  💰 Current Price: $68089.40
  🎯 Signal: HOLD (confidence: 0.10)
  📝 Reason: 5m: MACD bullish; 15m: MACD bullish; 1h: MACD bearish; 4h: RSI oversold (18.7)

[11:48:34] Cycle 1273
  💰 Current Price: $68089.50
  🎯 Signal: HOLD (confidence: 0.10)
  📝 Reason: 5m: MACD bullish; 15m: MACD bullish; 1h: MACD bearish; 4h: RSI oversold (18.7)

[11:49:05] Cycle 1274
  💰 Current Price: $68089.50
  🎯 Signal: HOLD (confidence: 0.10)
  📝 Reason: 5m: MACD bullish; 15m: MACD bullish; 1h: MACD bearish; 4h: RSI oversold (18.7)

[11:49:36] Cycle 1275
  💰 Current Price: $68089.40
  🎯 Signal: HOLD (confidence: 0.10)
  📝 Reason: 5m: MACD bullish; 15m: MACD bullish; 1h: MACD bearish; 4h: RSI oversold (18.7)

[11:50:07] Cycle 1276
  💰 Current Price: $68065.30
  🎯 Signal: HOLD (confidence: 0.10)
  📝 Reason: 5m: MACD bullish; 15m: MACD bullish; 1h: MACD bearish; 4h: RSI oversold (18.4)

[11:50:38] Cycle 1277
  💰 Current Price: $68065.20
  🎯 Signal: HOLD (confidence: 0.10)
  📝 Reason: 5m: MACD bullish; 15m: MACD bullish; 1h: MACD bearish; 4h: RSI oversold (18.4)

[11:51:09] Cycle 1278
  💰 Current Price: $68065.30
  🎯 Signal: HOLD (confidence: 0.10)
  📝 Reason: 5m: MACD bullish; 15m: MACD bullish; 1h: MACD bearish; 4h: RSI oversold (18.4)

[11:51:40] Cycle 1279
  💰 Current Price: $68065.20
  🎯 Signal: HOLD (confidence: 0.10)
  📝 Reason: 5m: MACD bullish; 15m: MACD bullish; 1h: MACD bearish; 4h: RSI oversold (18.4)

[11:52:11] Cycle 1280
  💰 Current Price: $68065.20
  🎯 Signal: HOLD (confidence: 0.10)
  📝 Reason: 5m: MACD bullish; 15m: MACD bullish; 1h: MACD bearish; 4h: RSI oversold (18.4)

[11:52:42] Cycle 1281
  💰 Current Price: $68065.20
  🎯 Signal: HOLD (confidence: 0.10)
  📝 Reason: 5m: MACD bullish; 15m: MACD bullish; 1h: MACD bearish; 4h: RSI oversold (18.4)

[11:53:13] Cycle 1282
  💰 Current Price: $68065.30
  🎯 Signal: HOLD (confidence: 0.10)
  📝 Reason: 5m: MACD bullish; 15m: MACD bullish; 1h: MACD bearish; 4h: RSI oversold (18.4)

[11:53:44] Cycle 1283
  💰 Current Price: $68065.30
  🎯 Signal: HOLD (confidence: 0.10)
  📝 Reason: 5m: MACD bullish; 15m: MACD bullish; 1h: MACD bearish; 4h: RSI oversold (18.4)

[11:54:14] Cycle 1284
  💰 Current Price: $68065.20
  🎯 Signal: HOLD (confidence: 0.10)
  📝 Reason: 5m: MACD bullish; 15m: MACD bullish; 1h: MACD bearish; 4h: RSI oversold (18.4)

[11:54:45] Cycle 1285
  💰 Current Price: $68065.30
  🎯 Signal: HOLD (confidence: 0.10)
  📝 Reason: 5m: MACD bullish; 15m: MACD bullish; 1h: MACD bearish; 4h: RSI oversold (18.4)

[11:55:16] Cycle 1286
  💰 Current Price: $68065.30
  🎯 Signal: HOLD (confidence: 0.10)
  📝 Reason: 5m: MACD bullish; 15m: MACD bullish; 1h: MACD bearish; 4h: RSI oversold (18.4)

[11:55:47] Cycle 1287
  💰 Current Price: $68065.30
  🎯 Signal: HOLD (confidence: 0.10)
  📝 Reason: 5m: MACD bullish; 15m: MACD bullish; 1h: MACD bearish; 4h: RSI oversold (18.4)

[11:56:18] Cycle 1288
  💰 Current Price: $68065.20
  🎯 Signal: HOLD (confidence: 0.10)
  📝 Reason: 5m: MACD bullish; 15m: MACD bullish; 1h: MACD bearish; 4h: RSI oversold (18.4)

[11:56:49] Cycle 1289
  💰 Current Price: $68065.20
  🎯 Signal: HOLD (confidence: 0.10)
  📝 Reason: 5m: MACD bullish; 15m: MACD bullish; 1h: MACD bearish; 4h: RSI oversold (18.4)

[11:57:20] Cycle 1290
  💰 Current Price: $68065.20
  🎯 Signal: HOLD (confidence: 0.10)
  📝 Reason: 5m: MACD bullish; 15m: MACD bullish; 1h: MACD bearish; 4h: RSI oversold (18.4)

[11:57:51] Cycle 1291
  💰 Current Price: $68042.00
  🎯 Signal: HOLD (confidence: 0.10)
  📝 Reason: 5m: MACD bullish; 15m: MACD bullish; 1h: MACD bearish; 4h: RSI oversold (18.1)

[11:58:22] Cycle 1292
  💰 Current Price: $68042.10
  🎯 Signal: HOLD (confidence: 0.10)
  📝 Reason: 5m: MACD bullish; 15m: MACD bullish; 1h: MACD bearish; 4h: RSI oversold (18.1)

[11:58:53] Cycle 1293
  💰 Current Price: $68027.10
  🎯 Signal: HOLD (confidence: 0.10)
  📝 Reason: 5m: MACD bullish; 15m: MACD bullish; 1h: MACD bearish; 4h: RSI oversold (18.0)

[11:59:24] Cycle 1294
  💰 Current Price: $68027.10
  🎯 Signal: HOLD (confidence: 0.10)
  📝 Reason: 5m: MACD bullish; 15m: MACD bullish; 1h: MACD bearish; 4h: RSI oversold (18.0)

[11:59:54] Cycle 1295
  💰 Current Price: $68027.10
  🎯 Signal: HOLD (confidence: 0.10)
  📝 Reason: 5m: MACD bullish; 15m: MACD bullish; 1h: MACD bearish; 4h: RSI oversold (18.0)

[12:00:25] Cycle 1296
  💰 Current Price: $68018.60
  🎯 Signal: HOLD (confidence: 0.10)
  📝 Reason: 5m: MACD bullish; 15m: MACD bullish; 1h: MACD bearish; 4h: RSI oversold (19.1)

[12:00:56] Cycle 1297
  💰 Current Price: $68018.70
  🎯 Signal: HOLD (confidence: 0.10)
  📝 Reason: 5m: MACD bullish; 15m: MACD bullish; 1h: MACD bearish; 4h: RSI oversold (19.1)

[12:01:27] Cycle 1298
  💰 Current Price: $68018.70
  🎯 Signal: HOLD (confidence: 0.10)
  📝 Reason: 5m: MACD bullish; 15m: MACD bullish; 1h: MACD bearish; 4h: RSI oversold (19.1)

[12:01:58] Cycle 1299
  💰 Current Price: $68018.70
  🎯 Signal: HOLD (confidence: 0.10)
  📝 Reason: 5m: MACD bullish; 15m: MACD bullish; 1h: MACD bearish; 4h: RSI oversold (19.1)

[12:02:29] Cycle 1300
  💰 Current Price: $68012.00
  🎯 Signal: HOLD (confidence: 0.10)
  📝 Reason: 5m: MACD bullish; 15m: MACD bullish; 1h: MACD bearish; 4h: RSI oversold (19.1)

[12:03:00] Cycle 1301
  💰 Current Price: $68012.00
  🎯 Signal: HOLD (confidence: 0.10)
  📝 Reason: 5m: MACD bullish; 15m: MACD bullish; 1h: MACD bearish; 4h: RSI oversold (19.1)

[12:03:31] Cycle 1302
  💰 Current Price: $68027.10
  🎯 Signal: HOLD (confidence: 0.10)
  📝 Reason: 5m: MACD bullish; 15m: MACD bullish; 1h: MACD bearish; 4h: RSI oversold (19.2)

[12:04:02] Cycle 1303
  💰 Current Price: $68027.00
  🎯 Signal: HOLD (confidence: 0.10)
  📝 Reason: 5m: MACD bullish; 15m: MACD bullish; 1h: MACD bearish; 4h: RSI oversold (19.2)

[12:04:33] Cycle 1304
  💰 Current Price: $68057.00
  🎯 Signal: HOLD (confidence: 0.10)
  📝 Reason: 5m: MACD bullish; 15m: MACD bullish; 1h: MACD bearish; 4h: RSI oversold (19.5)

[12:05:03] Cycle 1305
  💰 Current Price: $68065.30
  🎯 Signal: HOLD (confidence: 0.10)
  📝 Reason: 5m: MACD bullish; 15m: MACD bullish; 1h: MACD bearish; 4h: RSI oversold (19.6)

[12:05:34] Cycle 1306
  💰 Current Price: $68071.90
  🎯 Signal: HOLD (confidence: 0.10)
  📝 Reason: 5m: MACD bullish; 15m: MACD bullish; 1h: MACD bearish; 4h: RSI oversold (19.7)

[12:06:05] Cycle 1307
  💰 Current Price: $68054.20
  🎯 Signal: HOLD (confidence: 0.10)
  📝 Reason: 5m: MACD bullish; 15m: MACD bullish; 1h: MACD bearish; 4h: RSI oversold (19.5)

[12:06:36] Cycle 1308
  💰 Current Price: $68045.40
  🎯 Signal: HOLD (confidence: 0.10)
  📝 Reason: 5m: MACD bullish; 15m: MACD bullish; 1h: MACD bearish; 4h: RSI oversold (19.4)

[12:07:07] Cycle 1309
  💰 Current Price: $68045.40
  🎯 Signal: HOLD (confidence: 0.10)
  📝 Reason: 5m: MACD bullish; 15m: MACD bullish; 1h: MACD bearish; 4h: RSI oversold (19.4)

[12:07:38] Cycle 1310
  💰 Current Price: $68045.40
  🎯 Signal: HOLD (confidence: 0.10)
  📝 Reason: 5m: MACD bullish; 15m: MACD bullish; 1h: MACD bearish; 4h: RSI oversold (19.4)

[12:08:09] Cycle 1311
  💰 Current Price: $68027.00
  🎯 Signal: HOLD (confidence: 0.10)
  📝 Reason: 5m: MACD bullish; 15m: MACD bullish; 1h: MACD bearish; 4h: RSI oversold (19.2)

[12:08:40] Cycle 1312
  💰 Current Price: $67997.00
  🎯 Signal: HOLD (confidence: 0.10)
  📝 Reason: 5m: MACD bullish; 15m: MACD bullish; 1h: MACD bearish; 4h: RSI oversold (19.1)

[12:09:11] Cycle 1313
  💰 Current Price: $67997.10
  🎯 Signal: HOLD (confidence: 0.10)
  📝 Reason: 5m: MACD bullish; 15m: MACD bullish; 1h: MACD bearish; 4h: RSI oversold (19.1)

[12:09:42] Cycle 1314
  💰 Current Price: $67985.50
  🎯 Signal: HOLD (confidence: 0.10)
  📝 Reason: 5m: MACD bullish; 15m: MACD bullish; 1h: MACD bearish; 4h: RSI oversold (19.1)

[12:10:13] Cycle 1315
  💰 Current Price: $67979.80
  🎯 Signal: HOLD (confidence: 0.10)
  📝 Reason: 5m: MACD bullish; 15m: MACD bullish; 1h: MACD bearish; 4h: RSI oversold (19.0)

[12:10:43] Cycle 1316
  💰 Current Price: $67979.80
  🎯 Signal: HOLD (confidence: 0.10)
  📝 Reason: 5m: MACD bullish; 15m: MACD bullish; 1h: MACD bearish; 4h: RSI oversold (19.0)

[12:11:14] Cycle 1317
  💰 Current Price: $67967.10
  🎯 Signal: HOLD (confidence: 0.10)
  📝 Reason: 5m: MACD bullish; 15m: MACD bullish; 1h: MACD bearish; 4h: RSI oversold (19.0)

[12:11:45] Cycle 1318
  💰 Current Price: $67970.10
  🎯 Signal: HOLD (confidence: 0.10)
  📝 Reason: 5m: MACD bullish; 15m: MACD bullish; 1h: MACD bearish; 4h: RSI oversold (19.0)

[12:12:16] Cycle 1319
  💰 Current Price: $67982.50
  🎯 Signal: HOLD (confidence: 0.10)
  📝 Reason: 5m: MACD bullish; 15m: MACD bullish; 1h: MACD bearish; 4h: RSI oversold (19.0)

[12:12:47] Cycle 1320
  💰 Current Price: $67980.60
  🎯 Signal: HOLD (confidence: 0.10)
  📝 Reason: 5m: MACD bullish; 15m: MACD bullish; 1h: MACD bearish; 4h: RSI oversold (19.0)

[12:13:18] Cycle 1321
  💰 Current Price: $67982.40
  🎯 Signal: HOLD (confidence: 0.10)
  📝 Reason: 5m: MACD bullish; 15m: MACD bullish; 1h: MACD bearish; 4h: RSI oversold (19.0)

[12:13:49] Cycle 1322
  💰 Current Price: $67982.40
  🎯 Signal: HOLD (confidence: 0.10)
  📝 Reason: 5m: MACD bullish; 15m: MACD bullish; 1h: MACD bearish; 4h: RSI oversold (19.0)

[12:14:20] Cycle 1323
  💰 Current Price: $67982.40
  🎯 Signal: HOLD (confidence: 0.10)
  📝 Reason: 5m: MACD bullish; 15m: MACD bullish; 1h: MACD bearish; 4h: RSI oversold (19.0)

[12:14:50] Cycle 1324
  💰 Current Price: $67985.00
  🎯 Signal: HOLD (confidence: 0.10)
  📝 Reason: 5m: MACD bullish; 15m: MACD bullish; 1h: MACD bearish; 4h: RSI oversold (19.0)

[12:15:21] Cycle 1325
  💰 Current Price: $67985.00
  🎯 Signal: HOLD (confidence: 0.10)
  📝 Reason: 5m: MACD bullish; 15m: MACD bullish; 1h: MACD bearish; 4h: RSI oversold (19.0)

[12:15:52] Cycle 1326
  💰 Current Price: $67992.50
  🎯 Signal: HOLD (confidence: 0.10)
  📝 Reason: 5m: MACD bullish; 15m: MACD bullish; 1h: MACD bearish; 4h: RSI oversold (19.1)

[12:16:22] Cycle 1327
  💰 Current Price: $67992.40
  🎯 Signal: HOLD (confidence: 0.10)
  📝 Reason: 5m: MACD bullish; 15m: MACD bullish; 1h: MACD bearish; 4h: RSI oversold (19.1)

[12:16:53] Cycle 1328
  💰 Current Price: $68001.60
  🎯 Signal: HOLD (confidence: 0.10)
  📝 Reason: 5m: MACD bullish; 15m: MACD bullish; 1h: MACD bearish; 4h: RSI oversold (19.1)

[12:17:24] Cycle 1329
  💰 Current Price: $68005.00
  🎯 Signal: HOLD (confidence: 0.10)
  📝 Reason: 5m: MACD bullish; 15m: MACD bullish; 1h: MACD bearish; 4h: RSI oversold (19.1)

[12:17:55] Cycle 1330
  💰 Current Price: $68006.90
  🎯 Signal: HOLD (confidence: 0.10)
  📝 Reason: 5m: MACD bullish; 15m: MACD bullish; 1h: MACD bearish; 4h: RSI oversold (19.1)

[12:18:26] Cycle 1331
  💰 Current Price: $68024.50
  🎯 Signal: HOLD (confidence: 0.10)
  📝 Reason: 5m: MACD bullish; 15m: MACD bullish; 1h: MACD bearish; 4h: RSI oversold (19.2)

[12:18:56] Cycle 1332
  💰 Current Price: $68024.50
  🎯 Signal: HOLD (confidence: 0.10)
  📝 Reason: 5m: MACD bullish; 15m: MACD bullish; 1h: MACD bearish; 4h: RSI oversold (19.2)

[12:19:27] Cycle 1333
  💰 Current Price: $68035.90
  🎯 Signal: HOLD (confidence: 0.10)
  📝 Reason: 5m: MACD bullish; 15m: MACD bullish; 1h: MACD bearish; 4h: RSI oversold (19.3)

[12:19:58] Cycle 1334
  💰 Current Price: $68035.90
  🎯 Signal: HOLD (confidence: 0.10)
  📝 Reason: 5m: MACD bullish; 15m: MACD bullish; 1h: MACD bearish; 4h: RSI oversold (19.3)

[12:20:29] Cycle 1335
  💰 Current Price: $68035.80
  🎯 Signal: BUY (confidence: 0.20)
  📝 Reason: 5m: RSI oversold (30.4); 5m: MACD bullish; 15m: MACD bullish; 1h: MACD bearish

[12:21:00] Cycle 1336
  💰 Current Price: $68027.20
  🎯 Signal: BUY (confidence: 0.20)
  📝 Reason: 5m: RSI oversold (29.7); 5m: MACD bullish; 15m: MACD bullish; 1h: MACD bearish

[12:21:31] Cycle 1337
  💰 Current Price: $68041.90
  🎯 Signal: BUY (confidence: 0.20)
  📝 Reason: 5m: RSI oversold (31.5); 5m: MACD bullish; 15m: MACD bullish; 1h: MACD bearish

[12:22:02] Cycle 1338
  💰 Current Price: $68041.90
  🎯 Signal: BUY (confidence: 0.20)
  📝 Reason: 5m: RSI oversold (31.5); 5m: MACD bullish; 15m: MACD bullish; 1h: MACD bearish

[12:22:32] Cycle 1339
  💰 Current Price: $68041.90
  🎯 Signal: BUY (confidence: 0.20)
  📝 Reason: 5m: RSI oversold (31.5); 5m: MACD bullish; 15m: MACD bullish; 1h: MACD bearish

[12:23:03] Cycle 1340
  💰 Current Price: $68030.50
  🎯 Signal: BUY (confidence: 0.20)
  📝 Reason: 5m: RSI oversold (29.9); 5m: MACD bullish; 15m: MACD bullish; 1h: MACD bearish

[12:23:34] Cycle 1341
  💰 Current Price: $68040.40
  🎯 Signal: BUY (confidence: 0.20)
  📝 Reason: 5m: RSI oversold (31.2); 5m: MACD bullish; 15m: MACD bullish; 1h: MACD bearish

[12:24:05] Cycle 1342
  💰 Current Price: $68051.60
  🎯 Signal: BUY (confidence: 0.20)
  📝 Reason: 5m: RSI oversold (33.3); 5m: MACD bullish; 15m: MACD bullish; 1h: MACD bearish

[12:24:36] Cycle 1343
  💰 Current Price: $68051.70
  🎯 Signal: BUY (confidence: 0.20)
  📝 Reason: 5m: RSI oversold (33.3); 5m: MACD bullish; 15m: MACD bullish; 1h: MACD bearish

[12:25:06] Cycle 1344
  💰 Current Price: $68051.70
  🎯 Signal: BUY (confidence: 0.20)
  📝 Reason: 5m: RSI oversold (34.7); 5m: MACD bullish; 15m: MACD bullish; 1h: MACD bearish

[12:25:37] Cycle 1345
  💰 Current Price: $68056.80
  🎯 Signal: BUY (confidence: 0.20)
  📝 Reason: 5m: RSI oversold (35.6); 5m: MACD bullish; 15m: MACD bullish; 1h: MACD bearish

[12:26:09] Cycle 1346
  💰 Current Price: $68057.00
  🎯 Signal: BUY (confidence: 0.20)
  📝 Reason: 5m: RSI oversold (35.7); 5m: MACD bullish; 15m: MACD bullish; 1h: MACD bearish

[12:26:40] Cycle 1347
  💰 Current Price: $68050.70
  🎯 Signal: BUY (confidence: 0.20)
  📝 Reason: 5m: RSI oversold (34.6); 5m: MACD bullish; 15m: MACD bullish; 1h: MACD bearish

[12:27:10] Cycle 1348
  💰 Current Price: $68038.40
  🎯 Signal: BUY (confidence: 0.20)
  📝 Reason: 5m: RSI oversold (33.5); 5m: MACD bullish; 15m: MACD bullish; 1h: MACD bearish

[12:27:41] Cycle 1349
  💰 Current Price: $68038.30
  🎯 Signal: BUY (confidence: 0.20)
  📝 Reason: 5m: RSI oversold (33.5); 5m: MACD bullish; 15m: MACD bullish; 1h: MACD bearish

[12:28:12] Cycle 1350
  💰 Current Price: $68012.00
  🎯 Signal: BUY (confidence: 0.20)
  📝 Reason: 5m: RSI oversold (31.3); 5m: MACD bullish; 15m: MACD bullish; 1h: MACD bearish

[12:28:43] Cycle 1351
  💰 Current Price: $68012.00
  🎯 Signal: BUY (confidence: 0.20)
  📝 Reason: 5m: RSI oversold (31.3); 5m: MACD bullish; 15m: MACD bullish; 1h: MACD bearish

[12:29:14] Cycle 1352
  💰 Current Price: $68000.10
  🎯 Signal: BUY (confidence: 0.20)
  📝 Reason: 5m: RSI oversold (30.4); 5m: MACD bullish; 15m: MACD bullish; 1h: MACD bearish

[12:29:45] Cycle 1353
  💰 Current Price: $68012.10
  🎯 Signal: BUY (confidence: 0.20)
  📝 Reason: 5m: RSI oversold (31.3); 5m: MACD bullish; 15m: MACD bullish; 1h: MACD bearish

[12:30:15] Cycle 1354
  💰 Current Price: $68023.60
  🎯 Signal: BUY (confidence: 0.20)
  📝 Reason: 5m: RSI oversold (35.1); 5m: MACD bullish; 15m: MACD bullish; 1h: MACD bearish

[12:30:46] Cycle 1355
  💰 Current Price: $68023.60
  🎯 Signal: BUY (confidence: 0.20)
  📝 Reason: 5m: RSI oversold (35.1); 5m: MACD bullish; 15m: MACD bullish; 1h: MACD bearish

[12:31:17] Cycle 1356
  💰 Current Price: $68023.60
  🎯 Signal: BUY (confidence: 0.20)
  📝 Reason: 5m: RSI oversold (35.1); 5m: MACD bullish; 15m: MACD bullish; 1h: MACD bearish

[12:31:48] Cycle 1357
  💰 Current Price: $68020.20
  🎯 Signal: BUY (confidence: 0.20)
  📝 Reason: 5m: RSI oversold (34.7); 5m: MACD bullish; 15m: MACD bullish; 1h: MACD bearish

[12:32:19] Cycle 1358
  💰 Current Price: $68015.10
  🎯 Signal: BUY (confidence: 0.20)
  📝 Reason: 5m: RSI oversold (34.2); 5m: MACD bullish; 15m: MACD bullish; 1h: MACD bearish

[12:32:49] Cycle 1359
  💰 Current Price: $68015.20
  🎯 Signal: BUY (confidence: 0.20)
  📝 Reason: 5m: RSI oversold (34.2); 5m: MACD bullish; 15m: MACD bullish; 1h: MACD bearish

[12:33:20] Cycle 1360
  💰 Current Price: $68015.20
  🎯 Signal: BUY (confidence: 0.20)
  📝 Reason: 5m: RSI oversold (34.2); 5m: MACD bullish; 15m: MACD bullish; 1h: MACD bearish

[12:33:51] Cycle 1361
  💰 Current Price: $68023.60
  🎯 Signal: BUY (confidence: 0.20)
  📝 Reason: 5m: RSI oversold (35.1); 5m: MACD bullish; 15m: MACD bullish; 1h: MACD bearish

[12:34:22] Cycle 1362
  💰 Current Price: $68025.30
  🎯 Signal: BUY (confidence: 0.20)
  📝 Reason: 5m: RSI oversold (35.4); 5m: MACD bullish; 15m: MACD bullish; 1h: MACD bearish

[12:34:53] Cycle 1363
  💰 Current Price: $68015.70
  🎯 Signal: BUY (confidence: 0.20)
  📝 Reason: 5m: RSI oversold (34.3); 5m: MACD bullish; 15m: MACD bullish; 1h: MACD bearish

[12:35:24] Cycle 1364
  💰 Current Price: $68015.70
  🎯 Signal: HOLD (confidence: 0.10)
  📝 Reason: 5m: RSI oversold (32.8); 5m: MACD bearish; 15m: MACD bullish; 1h: MACD bearish

[12:35:54] Cycle 1365
  💰 Current Price: $68015.70
  🎯 Signal: HOLD (confidence: 0.10)
  📝 Reason: 5m: RSI oversold (32.8); 5m: MACD bearish; 15m: MACD bullish; 1h: MACD bearish

[12:36:25] Cycle 1366
  💰 Current Price: $68015.60
  🎯 Signal: HOLD (confidence: 0.10)
  📝 Reason: 5m: RSI oversold (32.7); 5m: MACD bearish; 15m: MACD bullish; 1h: MACD bearish

[12:36:56] Cycle 1367
  💰 Current Price: $68015.60
  🎯 Signal: HOLD (confidence: 0.10)
  📝 Reason: 5m: RSI oversold (32.7); 5m: MACD bearish; 15m: MACD bullish; 1h: MACD bearish

[12:37:27] Cycle 1368
  💰 Current Price: $68015.70
  🎯 Signal: HOLD (confidence: 0.10)
  📝 Reason: 5m: RSI oversold (32.7); 5m: MACD bearish; 15m: MACD bullish; 1h: MACD bearish

[12:37:58] Cycle 1369
  💰 Current Price: $68015.60
  🎯 Signal: HOLD (confidence: 0.10)
  📝 Reason: 5m: RSI oversold (32.7); 5m: MACD bearish; 15m: MACD bullish; 1h: MACD bearish

[12:38:29] Cycle 1370
  💰 Current Price: $68015.70
  🎯 Signal: HOLD (confidence: 0.10)
  📝 Reason: 5m: RSI oversold (32.8); 5m: MACD bearish; 15m: MACD bullish; 1h: MACD bearish

[12:39:00] Cycle 1371
  💰 Current Price: $68015.60
  🎯 Signal: HOLD (confidence: 0.10)
  📝 Reason: 5m: RSI oversold (32.8); 5m: MACD bearish; 15m: MACD bullish; 1h: MACD bearish

[12:39:31] Cycle 1372
  💰 Current Price: $68015.60
  🎯 Signal: HOLD (confidence: 0.10)
  📝 Reason: 5m: RSI oversold (32.7); 5m: MACD bearish; 15m: MACD bullish; 1h: MACD bearish

[12:40:01] Cycle 1373
  💰 Current Price: $68015.60
  🎯 Signal: HOLD (confidence: 0.10)
  📝 Reason: 5m: RSI oversold (35.0); 5m: MACD bearish; 15m: MACD bullish; 1h: MACD bearish

[12:40:32] Cycle 1374
  💰 Current Price: $68000.00
  🎯 Signal: HOLD (confidence: 0.10)
  📝 Reason: 5m: RSI oversold (33.4); 5m: MACD bearish; 15m: MACD bullish; 1h: MACD bearish

[12:41:03] Cycle 1375
  💰 Current Price: $68000.10
  🎯 Signal: HOLD (confidence: 0.10)
  📝 Reason: 5m: RSI oversold (33.4); 5m: MACD bearish; 15m: MACD bullish; 1h: MACD bearish

[12:41:34] Cycle 1376
  💰 Current Price: $67995.10
  🎯 Signal: HOLD (confidence: 0.10)
  📝 Reason: 5m: RSI oversold (32.9); 5m: MACD bearish; 15m: MACD bullish; 1h: MACD bearish

[12:42:04] Cycle 1377
  💰 Current Price: $67975.20
  🎯 Signal: HOLD (confidence: 0.10)
  📝 Reason: 5m: RSI oversold (31.2); 5m: MACD bearish; 15m: MACD bullish; 1h: MACD bearish

[12:42:35] Cycle 1378
  💰 Current Price: $67968.10
  🎯 Signal: HOLD (confidence: 0.10)
  📝 Reason: 5m: RSI oversold (30.6); 5m: MACD bearish; 15m: MACD bullish; 1h: MACD bearish

[12:43:06] Cycle 1379
  💰 Current Price: $67966.00
  🎯 Signal: HOLD (confidence: 0.10)
  📝 Reason: 5m: RSI oversold (30.4); 5m: MACD bearish; 15m: MACD bullish; 1h: MACD bearish

[12:43:37] Cycle 1380
  💰 Current Price: $67937.00
  🎯 Signal: HOLD (confidence: 0.10)
  📝 Reason: 5m: RSI oversold (28.3); 5m: MACD bearish; 15m: MACD bullish; 1h: MACD bearish

[12:44:08] Cycle 1381
  💰 Current Price: $67937.10
  🎯 Signal: HOLD (confidence: 0.10)
  📝 Reason: 5m: RSI oversold (28.3); 5m: MACD bearish; 15m: MACD bullish; 1h: MACD bearish

[12:44:39] Cycle 1382
  💰 Current Price: $67937.00
  🎯 Signal: HOLD (confidence: 0.10)
  📝 Reason: 5m: RSI oversold (28.3); 5m: MACD bearish; 15m: MACD bullish; 1h: MACD bearish

[12:45:10] Cycle 1383
  💰 Current Price: $67937.10
  🎯 Signal: HOLD (confidence: 0.10)
  📝 Reason: 5m: RSI oversold (29.1); 5m: MACD bearish; 15m: MACD bullish; 1h: MACD bearish

[12:45:41] Cycle 1384
  💰 Current Price: $67937.10
  🎯 Signal: HOLD (confidence: 0.10)
  📝 Reason: 5m: RSI oversold (29.1); 5m: MACD bearish; 15m: MACD bullish; 1h: MACD bearish

[12:46:12] Cycle 1385
  💰 Current Price: $67952.00
  🎯 Signal: HOLD (confidence: 0.10)
  📝 Reason: 5m: RSI oversold (31.6); 5m: MACD bearish; 15m: MACD bullish; 1h: MACD bearish

[12:46:43] Cycle 1386
  💰 Current Price: $67952.00
  🎯 Signal: HOLD (confidence: 0.10)
  📝 Reason: 5m: RSI oversold (31.6); 5m: MACD bearish; 15m: MACD bullish; 1h: MACD bearish

[12:47:14] Cycle 1387
  💰 Current Price: $67955.00
  🎯 Signal: HOLD (confidence: 0.10)
  📝 Reason: 5m: RSI oversold (32.1); 5m: MACD bearish; 15m: MACD bullish; 1h: MACD bearish

[12:47:44] Cycle 1388
  💰 Current Price: $67951.90
  🎯 Signal: HOLD (confidence: 0.10)
  📝 Reason: 5m: RSI oversold (31.6); 5m: MACD bearish; 15m: MACD bullish; 1h: MACD bearish

[12:48:15] Cycle 1389
  💰 Current Price: $67937.00
  🎯 Signal: HOLD (confidence: 0.10)
  📝 Reason: 5m: RSI oversold (28.6); 5m: MACD bearish; 15m: MACD bullish; 1h: MACD bearish

[12:48:46] Cycle 1390
  💰 Current Price: $67910.40
  🎯 Signal: BUY (confidence: 0.40)
  📝 Reason: 5m: RSI oversold (27.3); 5m: MACD bearish; 15m: MACD bullish; 1h: RSI oversold (39.8)

[12:49:17] Cycle 1391
  💰 Current Price: $67907.10
  🎯 Signal: BUY (confidence: 0.40)
  📝 Reason: 5m: RSI oversold (27.1); 5m: MACD bearish; 15m: MACD bullish; 1h: RSI oversold (39.7)

[12:49:47] Cycle 1392
  💰 Current Price: $67900.60
  🎯 Signal: BUY (confidence: 0.40)
  📝 Reason: 5m: RSI oversold (26.7); 5m: MACD bearish; 15m: MACD bullish; 1h: RSI oversold (39.6)

[12:50:18] Cycle 1393
  💰 Current Price: $67951.90
  🎯 Signal: HOLD (confidence: 0.10)
  📝 Reason: 5m: RSI oversold (31.6); 5m: MACD bearish; 15m: MACD bullish; 1h: MACD bearish

[12:50:49] Cycle 1394
  💰 Current Price: $67967.00
  🎯 Signal: HOLD (confidence: 0.10)
  📝 Reason: 5m: RSI oversold (33.8); 5m: MACD bearish; 15m: MACD bullish; 1h: MACD bearish

[12:51:19] Cycle 1395
  💰 Current Price: $67966.90
  🎯 Signal: HOLD (confidence: 0.10)
  📝 Reason: 5m: RSI oversold (33.8); 5m: MACD bearish; 15m: MACD bullish; 1h: MACD bearish

[12:51:50] Cycle 1396
  💰 Current Price: $67974.80
  🎯 Signal: HOLD (confidence: 0.10)
  📝 Reason: 5m: RSI oversold (34.9); 5m: MACD bearish; 15m: MACD bullish; 1h: MACD bearish

[12:52:21] Cycle 1397
  💰 Current Price: $67974.80
  🎯 Signal: HOLD (confidence: 0.10)
  📝 Reason: 5m: RSI oversold (34.9); 5m: MACD bearish; 15m: MACD bullish; 1h: MACD bearish

[12:52:52] Cycle 1398
  💰 Current Price: $68003.60
  🎯 Signal: HOLD (confidence: 0.10)
  📝 Reason: 5m: RSI oversold (39.7); 5m: MACD bearish; 15m: MACD bullish; 1h: MACD bearish

[12:53:22] Cycle 1399
  💰 Current Price: $68012.00
  🎯 Signal: HOLD (confidence: 0.10)
  📝 Reason: 5m: RSI oversold (39.7); 5m: MACD bearish; 15m: MACD bullish; 1h: MACD bearish

[12:53:54] Cycle 1400
  💰 Current Price: $68013.60
  🎯 Signal: HOLD (confidence: 0.10)
  📝 Reason: 5m: RSI oversold (39.9); 5m: MACD bearish; 15m: MACD bullish; 1h: MACD bearish

[12:54:25] Cycle 1401
  💰 Current Price: $68013.50
  🎯 Signal: HOLD (confidence: 0.10)
  📝 Reason: 5m: RSI oversold (39.8); 5m: MACD bearish; 15m: MACD bullish; 1h: MACD bearish

[12:54:56] Cycle 1402
  💰 Current Price: $68019.30
  🎯 Signal: HOLD (confidence: 0.00)
  📝 Reason: 5m: MACD bearish; 15m: MACD bullish; 1h: MACD bearish; 4h: RSI oversold (19.1)

[12:55:27] Cycle 1403
  💰 Current Price: $68013.50
  🎯 Signal: HOLD (confidence: 0.00)
  📝 Reason: 5m: MACD bearish; 15m: MACD bullish; 1h: MACD bearish; 4h: RSI oversold (19.1)

[12:55:58] Cycle 1404
  💰 Current Price: $68012.00
  🎯 Signal: HOLD (confidence: 0.00)
  📝 Reason: 5m: MACD bearish; 15m: MACD bullish; 1h: MACD bearish; 4h: RSI oversold (19.1)

[12:56:29] Cycle 1405
  💰 Current Price: $67997.10
  🎯 Signal: HOLD (confidence: 0.00)
  📝 Reason: 5m: MACD bearish; 15m: MACD bullish; 1h: MACD bearish; 4h: RSI oversold (19.1)

[12:57:00] Cycle 1406
  💰 Current Price: $67997.10
  🎯 Signal: HOLD (confidence: 0.00)
  📝 Reason: 5m: MACD bearish; 15m: MACD bullish; 1h: MACD bearish; 4h: RSI oversold (19.1)

[12:57:30] Cycle 1407
  💰 Current Price: $68000.00
  🎯 Signal: HOLD (confidence: 0.00)
  📝 Reason: 5m: MACD bearish; 15m: MACD bullish; 1h: MACD bearish; 4h: RSI oversold (19.1)

[12:58:01] Cycle 1408
  💰 Current Price: $68000.00
  🎯 Signal: HOLD (confidence: 0.00)
  📝 Reason: 5m: MACD bearish; 15m: MACD bullish; 1h: MACD bearish; 4h: RSI oversold (19.1)

[12:58:32] Cycle 1409
  💰 Current Price: $68000.00
  🎯 Signal: HOLD (confidence: 0.00)
  📝 Reason: 5m: MACD bearish; 15m: MACD bullish; 1h: MACD bearish; 4h: RSI oversold (19.1)

[12:59:03] Cycle 1410
  💰 Current Price: $68000.00
  🎯 Signal: HOLD (confidence: 0.00)
  📝 Reason: 5m: MACD bearish; 15m: MACD bullish; 1h: MACD bearish; 4h: RSI oversold (19.1)

[12:59:34] Cycle 1411
  💰 Current Price: $67990.40
  🎯 Signal: HOLD (confidence: 0.00)
  📝 Reason: 5m: MACD bearish; 15m: MACD bullish; 1h: MACD bearish; 4h: RSI oversold (19.1)

[13:00:05] Cycle 1412
  💰 Current Price: $68001.10
  🎯 Signal: HOLD (confidence: 0.00)
  📝 Reason: 5m: MACD bearish; 15m: MACD bullish; 1h: MACD bearish; 4h: RSI oversold (19.1)

[13:00:36] Cycle 1413
  💰 Current Price: $68001.90
  🎯 Signal: HOLD (confidence: 0.00)
  📝 Reason: 5m: MACD bearish; 15m: MACD bullish; 1h: MACD bearish; 4h: RSI oversold (19.1)

[13:01:06] Cycle 1414
  💰 Current Price: $68012.00
  🎯 Signal: HOLD (confidence: 0.00)
  📝 Reason: 5m: MACD bearish; 15m: MACD bullish; 1h: MACD bearish; 4h: RSI oversold (19.1)

[13:01:37] Cycle 1415
  💰 Current Price: $68017.10
  🎯 Signal: HOLD (confidence: 0.00)
  📝 Reason: 5m: MACD bearish; 15m: MACD bullish; 1h: MACD bearish; 4h: RSI oversold (19.1)

[13:02:08] Cycle 1416
  💰 Current Price: $68017.00
  🎯 Signal: HOLD (confidence: 0.00)
  📝 Reason: 5m: MACD bearish; 15m: MACD bullish; 1h: MACD bearish; 4h: RSI oversold (19.1)

[13:02:39] Cycle 1417
  💰 Current Price: $68017.10
  🎯 Signal: HOLD (confidence: 0.00)
  📝 Reason: 5m: MACD bearish; 15m: MACD bullish; 1h: MACD bearish; 4h: RSI oversold (19.1)

[13:03:10] Cycle 1418
  💰 Current Price: $68027.00
  🎯 Signal: HOLD (confidence: 0.00)
  📝 Reason: 5m: MACD bearish; 15m: MACD bullish; 1h: MACD bearish; 4h: RSI oversold (19.2)

[13:03:41] Cycle 1419
  💰 Current Price: $68047.10
  🎯 Signal: HOLD (confidence: 0.00)
  📝 Reason: 5m: MACD bearish; 15m: MACD bullish; 1h: MACD bearish; 4h: RSI oversold (19.4)

[13:04:12] Cycle 1420
  💰 Current Price: $68048.50
  🎯 Signal: HOLD (confidence: 0.00)
  📝 Reason: 5m: MACD bearish; 15m: MACD bullish; 1h: MACD bearish; 4h: RSI oversold (19.4)

[13:04:42] Cycle 1421
  💰 Current Price: $68048.40
  🎯 Signal: HOLD (confidence: 0.00)
  📝 Reason: 5m: MACD bearish; 15m: MACD bullish; 1h: MACD bearish; 4h: RSI oversold (19.4)

[13:05:14] Cycle 1422
  💰 Current Price: $68048.50
  🎯 Signal: HOLD (confidence: 0.00)
  📝 Reason: 5m: MACD bearish; 15m: MACD bullish; 1h: MACD bearish; 4h: RSI oversold (19.4)

[13:05:45] Cycle 1423
  💰 Current Price: $68048.50
  🎯 Signal: HOLD (confidence: 0.00)
  📝 Reason: 5m: MACD bearish; 15m: MACD bullish; 1h: MACD bearish; 4h: RSI oversold (19.4)

[13:06:15] Cycle 1424
  💰 Current Price: $68048.50
  🎯 Signal: HOLD (confidence: 0.00)
  📝 Reason: 5m: MACD bearish; 15m: MACD bullish; 1h: MACD bearish; 4h: RSI oversold (19.4)

[13:06:46] Cycle 1425
  💰 Current Price: $67997.00
  🎯 Signal: HOLD (confidence: 0.00)
  📝 Reason: 5m: MACD bearish; 15m: MACD bullish; 1h: MACD bearish; 4h: RSI oversold (19.1)

[13:07:17] Cycle 1426
  💰 Current Price: $67966.10
  🎯 Signal: HOLD (confidence: 0.00)
  📝 Reason: 5m: MACD bearish; 15m: MACD bullish; 1h: MACD bearish; 4h: RSI oversold (19.0)

[13:07:48] Cycle 1427
  💰 Current Price: $67952.10
  🎯 Signal: HOLD (confidence: 0.00)
  📝 Reason: 5m: MACD bearish; 15m: MACD bullish; 1h: MACD bearish; 4h: RSI oversold (19.0)

[13:08:19] Cycle 1428
  💰 Current Price: $67952.10
  🎯 Signal: HOLD (confidence: 0.00)
  📝 Reason: 5m: MACD bearish; 15m: MACD bullish; 1h: MACD bearish; 4h: RSI oversold (19.0)

[13:08:50] Cycle 1429
  💰 Current Price: $67974.70
  🎯 Signal: HOLD (confidence: 0.00)
  📝 Reason: 5m: MACD bearish; 15m: MACD bullish; 1h: MACD bearish; 4h: RSI oversold (19.0)

[13:09:21] Cycle 1430
  💰 Current Price: $67974.80
  🎯 Signal: HOLD (confidence: 0.00)
  📝 Reason: 5m: MACD bearish; 15m: MACD bullish; 1h: MACD bearish; 4h: RSI oversold (19.0)

[13:09:52] Cycle 1431
  💰 Current Price: $68035.30
  🎯 Signal: HOLD (confidence: 0.00)
  📝 Reason: 5m: MACD bearish; 15m: MACD bullish; 1h: MACD bearish; 4h: RSI oversold (19.3)

[13:10:22] Cycle 1432
  💰 Current Price: $68014.10
  🎯 Signal: HOLD (confidence: 0.00)
  📝 Reason: 5m: MACD bearish; 15m: MACD bullish; 1h: MACD bearish; 4h: RSI oversold (19.1)

[13:10:53] Cycle 1433
  💰 Current Price: $68024.10
  🎯 Signal: HOLD (confidence: 0.00)
  📝 Reason: 5m: MACD bearish; 15m: MACD bullish; 1h: MACD bearish; 4h: RSI oversold (19.2)

[13:11:24] Cycle 1434
  💰 Current Price: $68040.50
  🎯 Signal: HOLD (confidence: 0.00)
  📝 Reason: 5m: MACD bearish; 15m: MACD bullish; 1h: MACD bearish; 4h: RSI oversold (19.3)

[13:11:55] Cycle 1435
  💰 Current Price: $68040.50
  🎯 Signal: HOLD (confidence: 0.00)
  📝 Reason: 5m: MACD bearish; 15m: MACD bullish; 1h: MACD bearish; 4h: RSI oversold (19.3)

[13:12:26] Cycle 1436
  💰 Current Price: $68038.40
  🎯 Signal: HOLD (confidence: 0.00)
  📝 Reason: 5m: MACD bearish; 15m: MACD bullish; 1h: MACD bearish; 4h: RSI oversold (19.3)

[13:12:57] Cycle 1437
  💰 Current Price: $68035.50
  🎯 Signal: HOLD (confidence: 0.00)
  📝 Reason: 5m: MACD bearish; 15m: MACD bullish; 1h: MACD bearish; 4h: RSI oversold (19.3)

[13:13:28] Cycle 1438
  💰 Current Price: $68042.00
  🎯 Signal: HOLD (confidence: 0.00)
  📝 Reason: 5m: MACD bearish; 15m: MACD bullish; 1h: MACD bearish; 4h: RSI oversold (19.4)

[13:13:59] Cycle 1439
  💰 Current Price: $68042.00
  🎯 Signal: HOLD (confidence: 0.00)
  📝 Reason: 5m: MACD bearish; 15m: MACD bullish; 1h: MACD bearish; 4h: RSI oversold (19.4)

[13:14:30] Cycle 1440
  💰 Current Price: $68042.00
  🎯 Signal: HOLD (confidence: 0.00)
  📝 Reason: 5m: MACD bearish; 15m: MACD bullish; 1h: MACD bearish; 4h: RSI oversold (19.4)

[13:15:01] Cycle 1441
  💰 Current Price: $68042.00
  🎯 Signal: HOLD (confidence: 0.00)
  📝 Reason: 5m: MACD bearish; 15m: MACD bullish; 1h: MACD bearish; 4h: RSI oversold (19.4)

[13:15:32] Cycle 1442
  💰 Current Price: $68044.40
  🎯 Signal: HOLD (confidence: 0.00)
  📝 Reason: 5m: MACD bearish; 15m: MACD bullish; 1h: MACD bearish; 4h: RSI oversold (19.4)

[13:16:03] Cycle 1443
  💰 Current Price: $68044.40
  🎯 Signal: HOLD (confidence: 0.00)
  📝 Reason: 5m: MACD bearish; 15m: MACD bullish; 1h: MACD bearish; 4h: RSI oversold (19.4)

[13:16:33] Cycle 1444
  💰 Current Price: $68057.00
  🎯 Signal: HOLD (confidence: 0.00)
  📝 Reason: 5m: MACD bearish; 15m: MACD bullish; 1h: MACD bearish; 4h: RSI oversold (19.5)

[13:17:04] Cycle 1445
  💰 Current Price: $68056.90
  🎯 Signal: HOLD (confidence: 0.00)
  📝 Reason: 5m: MACD bearish; 15m: MACD bullish; 1h: MACD bearish; 4h: RSI oversold (19.5)

[13:17:35] Cycle 1446
  💰 Current Price: $68057.00
  🎯 Signal: HOLD (confidence: 0.00)
  📝 Reason: 5m: MACD bearish; 15m: MACD bullish; 1h: MACD bearish; 4h: RSI oversold (19.5)

[13:18:06] Cycle 1447
  💰 Current Price: $68056.90
  🎯 Signal: HOLD (confidence: 0.00)
  📝 Reason: 5m: MACD bearish; 15m: MACD bullish; 1h: MACD bearish; 4h: RSI oversold (19.5)

[13:18:37] Cycle 1448
  💰 Current Price: $68068.70
  🎯 Signal: HOLD (confidence: 0.00)
  📝 Reason: 5m: MACD bearish; 15m: MACD bullish; 1h: MACD bearish; 4h: RSI oversold (19.7)

[13:19:08] Cycle 1449
  💰 Current Price: $68070.90
  🎯 Signal: HOLD (confidence: 0.00)
  📝 Reason: 5m: MACD bearish; 15m: MACD bullish; 1h: MACD bearish; 4h: RSI oversold (19.7)

[13:19:39] Cycle 1450
  💰 Current Price: $68072.00
  🎯 Signal: HOLD (confidence: 0.00)
  📝 Reason: 5m: MACD bearish; 15m: MACD bullish; 1h: MACD bearish; 4h: RSI oversold (19.7)

[13:20:10] Cycle 1451
  💰 Current Price: $67982.10
  🎯 Signal: HOLD (confidence: 0.00)
  📝 Reason: 5m: MACD bearish; 15m: MACD bullish; 1h: MACD bearish; 4h: RSI oversold (19.0)

[13:20:41] Cycle 1452
  💰 Current Price: $67982.00
  🎯 Signal: HOLD (confidence: 0.00)
  📝 Reason: 5m: MACD bearish; 15m: MACD bullish; 1h: MACD bearish; 4h: RSI oversold (19.0)

[13:21:11] Cycle 1453
  💰 Current Price: $67982.90
  🎯 Signal: HOLD (confidence: 0.00)
  📝 Reason: 5m: MACD bearish; 15m: MACD bullish; 1h: MACD bearish; 4h: RSI oversold (19.0)

[13:21:42] Cycle 1454
  💰 Current Price: $68001.70
  🎯 Signal: HOLD (confidence: 0.00)
  📝 Reason: 5m: MACD bearish; 15m: MACD bullish; 1h: MACD bearish; 4h: RSI oversold (19.1)

[13:22:14] Cycle 1455
  💰 Current Price: $68001.70
  🎯 Signal: HOLD (confidence: 0.00)
  📝 Reason: 5m: MACD bearish; 15m: MACD bullish; 1h: MACD bearish; 4h: RSI oversold (19.1)

[13:22:44] Cycle 1456
  💰 Current Price: $68001.70
  🎯 Signal: HOLD (confidence: 0.00)
  📝 Reason: 5m: MACD bearish; 15m: MACD bullish; 1h: MACD bearish; 4h: RSI oversold (19.1)

[13:23:15] Cycle 1457
  💰 Current Price: $68001.60
  🎯 Signal: HOLD (confidence: 0.00)
  📝 Reason: 5m: MACD bearish; 15m: MACD bullish; 1h: MACD bearish; 4h: RSI oversold (19.1)

[13:23:46] Cycle 1458
  💰 Current Price: $68001.70
  🎯 Signal: HOLD (confidence: 0.00)
  📝 Reason: 5m: MACD bearish; 15m: MACD bullish; 1h: MACD bearish; 4h: RSI oversold (19.1)

[13:24:17] Cycle 1459
  💰 Current Price: $68001.70
  🎯 Signal: HOLD (confidence: 0.00)
  📝 Reason: 5m: MACD bearish; 15m: MACD bullish; 1h: MACD bearish; 4h: RSI oversold (19.1)

[13:24:48] Cycle 1460
  💰 Current Price: $68001.70
  🎯 Signal: HOLD (confidence: 0.00)
  📝 Reason: 5m: MACD bearish; 15m: MACD bullish; 1h: MACD bearish; 4h: RSI oversold (19.1)

[13:25:19] Cycle 1461
  💰 Current Price: $68001.60
  🎯 Signal: HOLD (confidence: 0.00)
  📝 Reason: 5m: MACD bearish; 15m: MACD bullish; 1h: MACD bearish; 4h: RSI oversold (19.1)

[13:25:50] Cycle 1462
  💰 Current Price: $68001.70
  🎯 Signal: HOLD (confidence: 0.00)
  📝 Reason: 5m: MACD bearish; 15m: MACD bullish; 1h: MACD bearish; 4h: RSI oversold (19.1)

[13:26:21] Cycle 1463
  💰 Current Price: $68001.70
  🎯 Signal: HOLD (confidence: 0.00)
  📝 Reason: 5m: MACD bearish; 15m: MACD bullish; 1h: MACD bearish; 4h: RSI oversold (19.1)

[13:26:52] Cycle 1464
  💰 Current Price: $68001.70
  🎯 Signal: HOLD (confidence: 0.00)
  📝 Reason: 5m: MACD bearish; 15m: MACD bullish; 1h: MACD bearish; 4h: RSI oversold (19.1)

[13:27:22] Cycle 1465
  💰 Current Price: $68001.70
  🎯 Signal: HOLD (confidence: 0.00)
  📝 Reason: 5m: MACD bearish; 15m: MACD bullish; 1h: MACD bearish; 4h: RSI oversold (19.1)

[13:27:53] Cycle 1466
  💰 Current Price: $68001.70
  🎯 Signal: HOLD (confidence: 0.00)
  📝 Reason: 5m: MACD bearish; 15m: MACD bullish; 1h: MACD bearish; 4h: RSI oversold (19.1)

[13:28:24] Cycle 1467
  💰 Current Price: $68001.60
  🎯 Signal: HOLD (confidence: 0.00)
  📝 Reason: 5m: MACD bearish; 15m: MACD bullish; 1h: MACD bearish; 4h: RSI oversold (19.1)

[13:28:55] Cycle 1468
  💰 Current Price: $68027.00
  🎯 Signal: HOLD (confidence: 0.00)
  📝 Reason: 5m: MACD bearish; 15m: MACD bullish; 1h: MACD bearish; 4h: RSI oversold (19.2)

[13:29:26] Cycle 1469
  💰 Current Price: $68026.90
  🎯 Signal: HOLD (confidence: 0.00)
  📝 Reason: 5m: MACD bearish; 15m: MACD bullish; 1h: MACD bearish; 4h: RSI oversold (19.2)

[13:29:57] Cycle 1470
  💰 Current Price: $68027.00
  🎯 Signal: HOLD (confidence: 0.00)
  📝 Reason: 5m: MACD bearish; 15m: MACD bullish; 1h: MACD bearish; 4h: RSI oversold (19.1)

[13:30:28] Cycle 1471
  💰 Current Price: $67997.00
  🎯 Signal: HOLD (confidence: 0.00)
  📝 Reason: 5m: MACD bearish; 15m: MACD bullish; 1h: MACD bearish; 4h: RSI oversold (19.1)

[13:30:59] Cycle 1472
  💰 Current Price: $68012.00
  🎯 Signal: HOLD (confidence: 0.00)
  📝 Reason: 5m: MACD bearish; 15m: MACD bullish; 1h: MACD bearish; 4h: RSI oversold (19.1)

[13:31:30] Cycle 1473
  💰 Current Price: $68042.00
  🎯 Signal: HOLD (confidence: 0.00)
  📝 Reason: 5m: MACD bearish; 15m: MACD bullish; 1h: MACD bearish; 4h: RSI oversold (19.4)

[13:32:01] Cycle 1474
  💰 Current Price: $68048.70
  🎯 Signal: HOLD (confidence: 0.00)
  📝 Reason: 5m: MACD bearish; 15m: MACD bullish; 1h: MACD bearish; 4h: RSI oversold (19.4)

[13:32:31] Cycle 1475
  💰 Current Price: $68048.70
  🎯 Signal: HOLD (confidence: 0.00)
  📝 Reason: 5m: MACD bearish; 15m: MACD bullish; 1h: MACD bearish; 4h: RSI oversold (19.4)

[13:33:02] Cycle 1476
  💰 Current Price: $68048.60
  🎯 Signal: HOLD (confidence: 0.00)
  📝 Reason: 5m: MACD bearish; 15m: MACD bullish; 1h: MACD bearish; 4h: RSI oversold (19.4)

[13:33:33] Cycle 1477
  💰 Current Price: $68048.70
  🎯 Signal: HOLD (confidence: 0.00)
  📝 Reason: 5m: MACD bearish; 15m: MACD bullish; 1h: MACD bearish; 4h: RSI oversold (19.4)

[13:34:04] Cycle 1478
  💰 Current Price: $68036.10
  🎯 Signal: HOLD (confidence: 0.00)
  📝 Reason: 5m: MACD bearish; 15m: MACD bullish; 1h: MACD bearish; 4h: RSI oversold (19.3)

[13:34:35] Cycle 1479
  💰 Current Price: $68015.40
  🎯 Signal: HOLD (confidence: 0.00)
  📝 Reason: 5m: MACD bearish; 15m: MACD bullish; 1h: MACD bearish; 4h: RSI oversold (19.1)

[13:35:06] Cycle 1480
  💰 Current Price: $67967.00
  🎯 Signal: HOLD (confidence: 0.00)
  📝 Reason: 5m: MACD bearish; 15m: MACD bullish; 1h: MACD bearish; 4h: RSI oversold (19.0)

[13:35:37] Cycle 1481
  💰 Current Price: $67990.30
  🎯 Signal: HOLD (confidence: 0.00)
  📝 Reason: 5m: MACD bearish; 15m: MACD bullish; 1h: MACD bearish; 4h: RSI oversold (19.1)

[13:36:08] Cycle 1482
  💰 Current Price: $67990.30
  🎯 Signal: HOLD (confidence: 0.00)
  📝 Reason: 5m: MACD bearish; 15m: MACD bullish; 1h: MACD bearish; 4h: RSI oversold (19.1)

[13:36:39] Cycle 1483
  💰 Current Price: $67991.50
  🎯 Signal: HOLD (confidence: 0.00)
  📝 Reason: 5m: MACD bearish; 15m: MACD bullish; 1h: MACD bearish; 4h: RSI oversold (19.1)

[13:37:10] Cycle 1484
  💰 Current Price: $67994.80
  🎯 Signal: HOLD (confidence: 0.00)
  📝 Reason: 5m: MACD bearish; 15m: MACD bullish; 1h: MACD bearish; 4h: RSI oversold (19.1)

[13:37:41] Cycle 1485
  💰 Current Price: $67994.80
  🎯 Signal: HOLD (confidence: 0.00)
  📝 Reason: 5m: MACD bearish; 15m: MACD bullish; 1h: MACD bearish; 4h: RSI oversold (19.1)

[13:38:12] Cycle 1486
  💰 Current Price: $67976.70
  🎯 Signal: HOLD (confidence: 0.00)
  📝 Reason: 5m: MACD bearish; 15m: MACD bullish; 1h: MACD bearish; 4h: RSI oversold (19.0)

[13:38:43] Cycle 1487
  💰 Current Price: $67937.00
  🎯 Signal: HOLD (confidence: 0.00)
  📝 Reason: 5m: MACD bearish; 15m: MACD bullish; 1h: MACD bearish; 4h: RSI oversold (18.9)

[13:39:14] Cycle 1488
  💰 Current Price: $67877.10
  🎯 Signal: HOLD (confidence: 0.10)
  📝 Reason: 5m: RSI oversold (35.5); 5m: MACD bearish; 15m: MACD bullish; 1h: MACD bearish

[13:39:44] Cycle 1489
  💰 Current Price: $67877.90
  🎯 Signal: HOLD (confidence: 0.10)
  📝 Reason: 5m: RSI oversold (35.6); 5m: MACD bearish; 15m: MACD bullish; 1h: MACD bearish

[13:40:15] Cycle 1490
  💰 Current Price: $67883.90
  🎯 Signal: HOLD (confidence: 0.10)
  📝 Reason: 5m: RSI oversold (36.6); 5m: MACD bearish; 15m: MACD bullish; 1h: MACD bearish

[13:40:46] Cycle 1491
  💰 Current Price: $67884.00
  🎯 Signal: HOLD (confidence: 0.10)
  📝 Reason: 5m: RSI oversold (36.6); 5m: MACD bearish; 15m: MACD bullish; 1h: MACD bearish

[13:41:17] Cycle 1492
  💰 Current Price: $67883.90
  🎯 Signal: HOLD (confidence: 0.10)
  📝 Reason: 5m: RSI oversold (36.6); 5m: MACD bearish; 15m: MACD bullish; 1h: MACD bearish

[13:41:47] Cycle 1493
  💰 Current Price: $67922.00
  🎯 Signal: HOLD (confidence: 0.00)
  📝 Reason: 5m: MACD bearish; 15m: MACD bullish; 1h: MACD bearish; 4h: RSI oversold (18.9)

[13:42:19] Cycle 1494
  💰 Current Price: $67937.00
  🎯 Signal: HOLD (confidence: 0.00)
  📝 Reason: 5m: MACD bearish; 15m: MACD bullish; 1h: MACD bearish; 4h: RSI oversold (18.9)

[13:42:49] Cycle 1495
  💰 Current Price: $67937.00
  🎯 Signal: HOLD (confidence: 0.00)
  📝 Reason: 5m: MACD bearish; 15m: MACD bullish; 1h: MACD bearish; 4h: RSI oversold (18.9)

[13:43:20] Cycle 1496
  💰 Current Price: $67937.00
  🎯 Signal: HOLD (confidence: 0.00)
  📝 Reason: 5m: MACD bearish; 15m: MACD bullish; 1h: MACD bearish; 4h: RSI oversold (18.9)

[13:43:51] Cycle 1497
  💰 Current Price: $67937.00
  🎯 Signal: HOLD (confidence: 0.00)
  📝 Reason: 5m: MACD bearish; 15m: MACD bullish; 1h: MACD bearish; 4h: RSI oversold (18.9)

[13:44:22] Cycle 1498
  💰 Current Price: $67922.10
  🎯 Signal: HOLD (confidence: 0.00)
  📝 Reason: 5m: MACD bearish; 15m: MACD bullish; 1h: MACD bearish; 4h: RSI oversold (18.9)

[13:44:52] Cycle 1499
  💰 Current Price: $67936.90
  🎯 Signal: HOLD (confidence: 0.00)
  📝 Reason: 5m: MACD bearish; 15m: MACD bullish; 1h: MACD bearish; 4h: RSI oversold (18.9)

[13:45:24] Cycle 1500
  💰 Current Price: $67880.00
  🎯 Signal: HOLD (confidence: 0.10)
  📝 Reason: 5m: RSI oversold (36.8); 5m: MACD bearish; 15m: MACD bullish; 1h: MACD bearish

[13:45:54] Cycle 1501
  💰 Current Price: $67897.30
  🎯 Signal: HOLD (confidence: 0.10)
  📝 Reason: 5m: RSI oversold (38.3); 5m: MACD bearish; 15m: MACD bullish; 1h: MACD bearish

[13:46:25] Cycle 1502
  💰 Current Price: $67908.40
  🎯 Signal: HOLD (confidence: 0.00)
  📝 Reason: 5m: MACD bearish; 15m: MACD bullish; 1h: MACD bearish; 4h: RSI oversold (18.9)

[13:46:56] Cycle 1503
  💰 Current Price: $67922.00
  🎯 Signal: HOLD (confidence: 0.00)
  📝 Reason: 5m: MACD bearish; 15m: MACD bullish; 1h: MACD bearish; 4h: RSI oversold (18.9)

[13:47:27] Cycle 1504
  💰 Current Price: $67922.00
  🎯 Signal: HOLD (confidence: 0.00)
  📝 Reason: 5m: MACD bearish; 15m: MACD bullish; 1h: MACD bearish; 4h: RSI oversold (18.9)

[13:47:58] Cycle 1505
  💰 Current Price: $67933.90
  🎯 Signal: HOLD (confidence: 0.00)
  📝 Reason: 5m: MACD bearish; 15m: MACD bullish; 1h: MACD bearish; 4h: RSI oversold (18.9)

[13:48:29] Cycle 1506
  💰 Current Price: $67933.80
  🎯 Signal: HOLD (confidence: 0.00)
  📝 Reason: 5m: MACD bearish; 15m: MACD bullish; 1h: MACD bearish; 4h: RSI oversold (18.9)

[13:49:00] Cycle 1507
  💰 Current Price: $67918.70
  🎯 Signal: HOLD (confidence: 0.00)
  📝 Reason: 5m: MACD bearish; 15m: MACD bullish; 1h: MACD bearish; 4h: RSI oversold (18.9)

[13:49:30] Cycle 1508
  💰 Current Price: $67918.70
  🎯 Signal: HOLD (confidence: 0.00)
  📝 Reason: 5m: MACD bearish; 15m: MACD bullish; 1h: MACD bearish; 4h: RSI oversold (18.9)

[13:50:01] Cycle 1509
  💰 Current Price: $67918.70
  🎯 Signal: HOLD (confidence: 0.00)
  📝 Reason: 5m: MACD bearish; 15m: MACD bullish; 1h: MACD bearish; 4h: RSI oversold (18.9)

[13:50:32] Cycle 1510
  💰 Current Price: $67918.70
  🎯 Signal: HOLD (confidence: 0.00)
  📝 Reason: 5m: MACD bearish; 15m: MACD bullish; 1h: MACD bearish; 4h: RSI oversold (18.9)

[13:51:03] Cycle 1511
  💰 Current Price: $67918.60
  🎯 Signal: HOLD (confidence: 0.00)
  📝 Reason: 5m: MACD bearish; 15m: MACD bullish; 1h: MACD bearish; 4h: RSI oversold (18.9)

[13:51:34] Cycle 1512
  💰 Current Price: $67918.70
  🎯 Signal: HOLD (confidence: 0.00)
  📝 Reason: 5m: MACD bearish; 15m: MACD bullish; 1h: MACD bearish; 4h: RSI oversold (18.9)

[13:52:04] Cycle 1513
  💰 Current Price: $67935.50
  🎯 Signal: HOLD (confidence: 0.00)
  📝 Reason: 5m: MACD bearish; 15m: MACD bullish; 1h: MACD bearish; 4h: RSI oversold (18.9)

[13:52:36] Cycle 1514
  💰 Current Price: $67936.90
  🎯 Signal: HOLD (confidence: 0.00)
  📝 Reason: 5m: MACD bearish; 15m: MACD bullish; 1h: MACD bearish; 4h: RSI oversold (18.9)

[13:53:06] Cycle 1515
  💰 Current Price: $67937.00
  🎯 Signal: HOLD (confidence: 0.00)
  📝 Reason: 5m: MACD bearish; 15m: MACD bullish; 1h: MACD bearish; 4h: RSI oversold (18.9)

[13:53:37] Cycle 1516
  💰 Current Price: $67951.90
  🎯 Signal: HOLD (confidence: 0.00)
  📝 Reason: 5m: MACD bearish; 15m: MACD bullish; 1h: MACD bearish; 4h: RSI oversold (19.0)

[13:54:08] Cycle 1517
  💰 Current Price: $67937.10
  🎯 Signal: HOLD (confidence: 0.00)
  📝 Reason: 5m: MACD bearish; 15m: MACD bullish; 1h: MACD bearish; 4h: RSI oversold (18.9)

[13:54:39] Cycle 1518
  💰 Current Price: $67937.00
  🎯 Signal: HOLD (confidence: 0.00)
  📝 Reason: 5m: MACD bearish; 15m: MACD bullish; 1h: MACD bearish; 4h: RSI oversold (18.9)

[13:55:10] Cycle 1519
  💰 Current Price: $67942.90
  🎯 Signal: HOLD (confidence: 0.00)
  📝 Reason: 5m: MACD bearish; 15m: MACD bullish; 1h: MACD bearish; 4h: RSI oversold (18.9)

[13:55:41] Cycle 1520
  💰 Current Price: $67942.80
  🎯 Signal: HOLD (confidence: 0.00)
  📝 Reason: 5m: MACD bearish; 15m: MACD bullish; 1h: MACD bearish; 4h: RSI oversold (18.9)

[13:56:12] Cycle 1521
  💰 Current Price: $67942.90
  🎯 Signal: HOLD (confidence: 0.00)
  📝 Reason: 5m: MACD bearish; 15m: MACD bullish; 1h: MACD bearish; 4h: RSI oversold (18.9)

[13:56:43] Cycle 1522
  💰 Current Price: $67942.90
  🎯 Signal: HOLD (confidence: 0.00)
  📝 Reason: 5m: MACD bearish; 15m: MACD bullish; 1h: MACD bearish; 4h: RSI oversold (18.9)

[13:57:14] Cycle 1523
  💰 Current Price: $67925.40
  🎯 Signal: HOLD (confidence: 0.00)
  📝 Reason: 5m: MACD bearish; 15m: MACD bullish; 1h: MACD bearish; 4h: RSI oversold (18.9)

[13:57:45] Cycle 1524
  💰 Current Price: $67922.00
  🎯 Signal: HOLD (confidence: 0.00)
  📝 Reason: 5m: MACD bearish; 15m: MACD bullish; 1h: MACD bearish; 4h: RSI oversold (18.9)

[13:58:16] Cycle 1525
  💰 Current Price: $67922.10
  🎯 Signal: HOLD (confidence: 0.00)
  📝 Reason: 5m: MACD bearish; 15m: MACD bullish; 1h: MACD bearish; 4h: RSI oversold (18.9)

[13:58:46] Cycle 1526
  💰 Current Price: $67922.10
  🎯 Signal: HOLD (confidence: 0.00)
  📝 Reason: 5m: MACD bearish; 15m: MACD bullish; 1h: MACD bearish; 4h: RSI oversold (18.9)

[13:59:17] Cycle 1527
  💰 Current Price: $67922.00
  🎯 Signal: HOLD (confidence: 0.00)
  📝 Reason: 5m: MACD bearish; 15m: MACD bullish; 1h: MACD bearish; 4h: RSI oversold (18.9)

[13:59:48] Cycle 1528
  💰 Current Price: $67922.10
  🎯 Signal: HOLD (confidence: 0.00)
  📝 Reason: 5m: MACD bearish; 15m: MACD bullish; 1h: MACD bearish; 4h: RSI oversold (18.9)

[14:00:19] Cycle 1529
  💰 Current Price: $67922.10
  🎯 Signal: BUY (confidence: 0.20)
  📝 Reason: 5m: RSI oversold (36.6); 5m: MACD bearish; 15m: MACD bearish; 1h: RSI oversold (38.0)

[14:00:50] Cycle 1530
  💰 Current Price: $67907.10
  🎯 Signal: BUY (confidence: 0.20)
  📝 Reason: 5m: RSI oversold (35.2); 5m: MACD bearish; 15m: MACD bearish; 1h: RSI oversold (37.7)

[14:01:21] Cycle 1531
  💰 Current Price: $67862.10
  🎯 Signal: BUY (confidence: 0.20)
  📝 Reason: 5m: RSI oversold (31.4); 5m: MACD bearish; 15m: MACD bearish; 1h: RSI oversold (36.6)

[14:01:52] Cycle 1532
  💰 Current Price: $67781.70
  🎯 Signal: BUY (confidence: 0.20)
  📝 Reason: 5m: RSI oversold (26.4); 5m: MACD bearish; 15m: MACD bearish; 1h: RSI oversold (34.9)

[14:02:23] Cycle 1533
  💰 Current Price: $67785.20
  🎯 Signal: BUY (confidence: 0.20)
  📝 Reason: 5m: RSI oversold (26.6); 5m: MACD bearish; 15m: MACD bearish; 1h: RSI oversold (35.0)

[14:02:54] Cycle 1534
  💰 Current Price: $67761.40
  🎯 Signal: BUY (confidence: 0.20)
  📝 Reason: 5m: RSI oversold (25.4); 5m: MACD bearish; 15m: MACD bearish; 1h: RSI oversold (34.5)

[14:03:25] Cycle 1535
  💰 Current Price: $67817.00
  🎯 Signal: BUY (confidence: 0.20)
  📝 Reason: 5m: RSI oversold (28.4); 5m: MACD bearish; 15m: MACD bearish; 1h: RSI oversold (35.7)

[14:03:56] Cycle 1536
  💰 Current Price: $67820.00
  🎯 Signal: BUY (confidence: 0.20)
  📝 Reason: 5m: RSI oversold (28.6); 5m: MACD bearish; 15m: MACD bearish; 1h: RSI oversold (35.7)

[14:04:27] Cycle 1537
  💰 Current Price: $67847.00
  🎯 Signal: BUY (confidence: 0.20)
  📝 Reason: 5m: RSI oversold (30.4); 5m: MACD bearish; 15m: MACD bearish; 1h: RSI oversold (36.3)

[14:04:57] Cycle 1538
  💰 Current Price: $67847.00
  🎯 Signal: BUY (confidence: 0.20)
  📝 Reason: 5m: RSI oversold (30.4); 5m: MACD bearish; 15m: MACD bearish; 1h: RSI oversold (36.3)

[14:05:28] Cycle 1539
  💰 Current Price: $67819.90
  🎯 Signal: BUY (confidence: 0.20)
  📝 Reason: 5m: RSI oversold (30.5); 5m: MACD bearish; 15m: MACD bearish; 1h: RSI oversold (35.7)

[14:05:59] Cycle 1540
  💰 Current Price: $67815.50
  🎯 Signal: BUY (confidence: 0.20)
  📝 Reason: 5m: RSI oversold (30.2); 5m: MACD bearish; 15m: MACD bearish; 1h: RSI oversold (35.3)

[14:06:30] Cycle 1541
  💰 Current Price: $67802.10
  🎯 Signal: BUY (confidence: 0.20)
  📝 Reason: 5m: RSI oversold (29.3); 5m: MACD bearish; 15m: MACD bearish; 1h: RSI oversold (35.3)

[14:07:01] Cycle 1542
  💰 Current Price: $67802.00
  🎯 Signal: BUY (confidence: 0.20)
  📝 Reason: 5m: RSI oversold (29.3); 5m: MACD bearish; 15m: MACD bearish; 1h: RSI oversold (35.3)

[14:07:32] Cycle 1543
  💰 Current Price: $67802.00
  🎯 Signal: BUY (confidence: 0.20)
  📝 Reason: 5m: RSI oversold (29.3); 5m: MACD bearish; 15m: MACD bearish; 1h: RSI oversold (35.3)

[14:08:03] Cycle 1544
  💰 Current Price: $67799.10
  🎯 Signal: BUY (confidence: 0.20)
  📝 Reason: 5m: RSI oversold (29.1); 5m: MACD bearish; 15m: MACD bearish; 1h: RSI oversold (35.3)

[14:08:33] Cycle 1545
  💰 Current Price: $67783.80
  🎯 Signal: BUY (confidence: 0.20)
  📝 Reason: 5m: RSI oversold (28.2); 5m: MACD bearish; 15m: MACD bearish; 1h: RSI oversold (35.0)

[14:09:04] Cycle 1546
  💰 Current Price: $67775.60
  🎯 Signal: BUY (confidence: 0.20)
  📝 Reason: 5m: RSI oversold (27.7); 5m: MACD bearish; 15m: MACD bearish; 1h: RSI oversold (34.8)

[14:09:35] Cycle 1547
  💰 Current Price: $67772.10
  🎯 Signal: BUY (confidence: 0.20)
  📝 Reason: 5m: RSI oversold (27.5); 5m: MACD bearish; 15m: MACD bearish; 1h: RSI oversold (34.6)

[14:10:06] Cycle 1548
  💰 Current Price: $67712.10
  🎯 Signal: BUY (confidence: 0.40)
  📝 Reason: 5m: RSI oversold (15.5); 5m: MACD bearish; 15m: RSI oversold (39.5); 15m: MACD bearish

[14:10:37] Cycle 1549
  💰 Current Price: $67748.70
  🎯 Signal: BUY (confidence: 0.20)
  📝 Reason: 5m: RSI oversold (21.0); 5m: MACD bearish; 15m: MACD bearish; 1h: RSI oversold (34.3)

[14:11:08] Cycle 1550
  💰 Current Price: $67727.00
  🎯 Signal: BUY (confidence: 0.20)
  📝 Reason: 5m: RSI oversold (17.5); 5m: MACD bearish; 15m: MACD bearish; 1h: RSI oversold (33.9)

[14:11:39] Cycle 1551
  💰 Current Price: $67667.00
  🎯 Signal: BUY (confidence: 0.40)
  📝 Reason: 5m: RSI oversold (14.1); 5m: MACD bearish; 15m: RSI oversold (37.5); 15m: MACD bearish

[14:12:10] Cycle 1552
  💰 Current Price: $67651.10
  🎯 Signal: BUY (confidence: 0.40)
  📝 Reason: 5m: RSI oversold (13.7); 5m: MACD bearish; 15m: RSI oversold (37.5); 15m: MACD bearish

[14:12:40] Cycle 1553
  💰 Current Price: $67651.20
  🎯 Signal: BUY (confidence: 0.40)
  📝 Reason: 5m: RSI oversold (13.5); 5m: MACD bearish; 15m: RSI oversold (37.3); 15m: MACD bearish

[14:13:11] Cycle 1554
  💰 Current Price: $67627.30
  🎯 Signal: BUY (confidence: 0.40)
  📝 Reason: 5m: RSI oversold (13.1); 5m: MACD bearish; 15m: RSI oversold (36.8); 15m: MACD bearish

[14:13:42] Cycle 1555
  💰 Current Price: $67630.00
  🎯 Signal: BUY (confidence: 0.40)
  📝 Reason: 5m: RSI oversold (13.2); 5m: MACD bearish; 15m: RSI oversold (36.9); 15m: MACD bearish

[14:14:13] Cycle 1556
  💰 Current Price: $67670.00
  🎯 Signal: BUY (confidence: 0.40)
  📝 Reason: 5m: RSI oversold (14.5); 5m: MACD bearish; 15m: RSI oversold (38.4); 15m: MACD bearish

[14:14:44] Cycle 1557
  💰 Current Price: $67718.00
  🎯 Signal: BUY (confidence: 0.40)
  📝 Reason: 5m: RSI oversold (16.0); 5m: MACD bearish; 15m: RSI oversold (39.6); 15m: MACD bearish

[14:15:15] Cycle 1558
  💰 Current Price: $67739.20
  🎯 Signal: BUY (confidence: 0.20)
  📝 Reason: 5m: RSI oversold (20.5); 5m: MACD bearish; 15m: MACD bearish; 1h: RSI oversold (34.1)

[14:15:46] Cycle 1559
  💰 Current Price: $67739.20
  🎯 Signal: BUY (confidence: 0.20)
  📝 Reason: 5m: RSI oversold (20.5); 5m: MACD bearish; 15m: MACD bearish; 1h: RSI oversold (34.1)

[14:16:16] Cycle 1560
  💰 Current Price: $67739.10
  🎯 Signal: BUY (confidence: 0.20)
  📝 Reason: 5m: RSI oversold (20.5); 5m: MACD bearish; 15m: MACD bearish; 1h: RSI oversold (34.1)

[14:16:47] Cycle 1561
  💰 Current Price: $67739.20
  🎯 Signal: BUY (confidence: 0.20)
  📝 Reason: 5m: RSI oversold (20.5); 5m: MACD bearish; 15m: MACD bearish; 1h: RSI oversold (34.1)

[14:17:18] Cycle 1562
  💰 Current Price: $67742.00
  🎯 Signal: BUY (confidence: 0.20)
  📝 Reason: 5m: RSI oversold (20.9); 5m: MACD bearish; 15m: MACD bearish; 1h: RSI oversold (34.2)

[14:17:49] Cycle 1563
  💰 Current Price: $67755.90
  🎯 Signal: BUY (confidence: 0.20)
  📝 Reason: 5m: RSI oversold (23.1); 5m: MACD bearish; 15m: MACD bearish; 1h: RSI oversold (34.4)

[14:18:20] Cycle 1564
  💰 Current Price: $67757.00
  🎯 Signal: BUY (confidence: 0.20)
  📝 Reason: 5m: RSI oversold (23.3); 5m: MACD bearish; 15m: MACD bearish; 1h: RSI oversold (34.4)

[14:18:51] Cycle 1565
  💰 Current Price: $67772.00
  🎯 Signal: BUY (confidence: 0.20)
  📝 Reason: 5m: RSI oversold (25.7); 5m: MACD bearish; 15m: MACD bearish; 1h: RSI oversold (34.8)

[14:19:22] Cycle 1566
  💰 Current Price: $67799.10
  🎯 Signal: BUY (confidence: 0.20)
  📝 Reason: 5m: RSI oversold (29.3); 5m: MACD bearish; 15m: MACD bearish; 1h: RSI oversold (35.3)

[14:19:53] Cycle 1567
  💰 Current Price: $67799.00
  🎯 Signal: BUY (confidence: 0.20)
  📝 Reason: 5m: RSI oversold (29.2); 5m: MACD bearish; 15m: MACD bearish; 1h: RSI oversold (35.3)

[14:20:24] Cycle 1568
  💰 Current Price: $67785.70
  🎯 Signal: BUY (confidence: 0.20)
  📝 Reason: 5m: RSI oversold (24.9); 5m: MACD bearish; 15m: MACD bearish; 1h: RSI oversold (35.0)

[14:20:55] Cycle 1569
  💰 Current Price: $67757.10
  🎯 Signal: BUY (confidence: 0.20)
  📝 Reason: 5m: RSI oversold (22.5); 5m: MACD bearish; 15m: MACD bearish; 1h: RSI oversold (34.4)

[14:21:26] Cycle 1570
  💰 Current Price: $67757.10
  🎯 Signal: BUY (confidence: 0.20)
  📝 Reason: 5m: RSI oversold (22.5); 5m: MACD bearish; 15m: MACD bearish; 1h: RSI oversold (34.4)

[14:21:57] Cycle 1571
  💰 Current Price: $67757.10
  🎯 Signal: BUY (confidence: 0.20)
  📝 Reason: 5m: RSI oversold (22.5); 5m: MACD bearish; 15m: MACD bearish; 1h: RSI oversold (34.4)

[14:22:28] Cycle 1572
  💰 Current Price: $67757.10
  🎯 Signal: BUY (confidence: 0.20)
  📝 Reason: 5m: RSI oversold (22.5); 5m: MACD bearish; 15m: MACD bearish; 1h: RSI oversold (34.4)

[14:22:59] Cycle 1573
  💰 Current Price: $67758.80
  🎯 Signal: BUY (confidence: 0.20)
  📝 Reason: 5m: RSI oversold (22.6); 5m: MACD bearish; 15m: MACD bearish; 1h: RSI oversold (34.5)

[14:23:30] Cycle 1574
  💰 Current Price: $67785.70
  🎯 Signal: BUY (confidence: 0.20)
  📝 Reason: 5m: RSI oversold (24.9); 5m: MACD bearish; 15m: MACD bearish; 1h: RSI oversold (35.0)

[14:24:01] Cycle 1575
  💰 Current Price: $67787.00
  🎯 Signal: BUY (confidence: 0.20)
  📝 Reason: 5m: RSI oversold (25.1); 5m: MACD bearish; 15m: MACD bearish; 1h: RSI oversold (35.0)

[14:24:31] Cycle 1576
  💰 Current Price: $67802.00
  🎯 Signal: BUY (confidence: 0.20)
  📝 Reason: 5m: RSI oversold (27.2); 5m: MACD bearish; 15m: MACD bearish; 1h: RSI oversold (35.3)

[14:25:02] Cycle 1577
  💰 Current Price: $67788.90
  🎯 Signal: BUY (confidence: 0.20)
  📝 Reason: 5m: RSI oversold (27.4); 5m: MACD bearish; 15m: MACD bearish; 1h: RSI oversold (35.1)

[14:25:33] Cycle 1578
  💰 Current Price: $67807.50
  🎯 Signal: BUY (confidence: 0.20)
  📝 Reason: 5m: RSI oversold (30.1); 5m: MACD bearish; 15m: MACD bearish; 1h: RSI oversold (35.5)

[14:26:04] Cycle 1579
  💰 Current Price: $67807.50
  🎯 Signal: BUY (confidence: 0.20)
  📝 Reason: 5m: RSI oversold (31.4); 5m: MACD bearish; 15m: MACD bearish; 1h: RSI oversold (35.5)

[14:26:35] Cycle 1580
  💰 Current Price: $67822.10
  🎯 Signal: BUY (confidence: 0.20)
  📝 Reason: 5m: RSI oversold (32.1); 5m: MACD bearish; 15m: MACD bearish; 1h: RSI oversold (35.8)

[14:27:06] Cycle 1581
  💰 Current Price: $67822.10
  🎯 Signal: BUY (confidence: 0.20)
  📝 Reason: 5m: RSI oversold (32.1); 5m: MACD bearish; 15m: MACD bearish; 1h: RSI oversold (35.8)

[14:27:37] Cycle 1582
  💰 Current Price: $67822.10
  🎯 Signal: BUY (confidence: 0.20)
  📝 Reason: 5m: RSI oversold (32.1); 5m: MACD bearish; 15m: MACD bearish; 1h: RSI oversold (35.8)

[14:28:08] Cycle 1583
  💰 Current Price: $67822.10
  🎯 Signal: BUY (confidence: 0.20)
  📝 Reason: 5m: RSI oversold (32.1); 5m: MACD bearish; 15m: MACD bearish; 1h: RSI oversold (35.8)

[14:28:39] Cycle 1584
  💰 Current Price: $67807.70
  🎯 Signal: BUY (confidence: 0.20)
  📝 Reason: 5m: RSI oversold (30.1); 5m: MACD bearish; 15m: MACD bearish; 1h: RSI oversold (35.4)

[14:29:09] Cycle 1585
  💰 Current Price: $67808.80
  🎯 Signal: BUY (confidence: 0.20)
  📝 Reason: 5m: RSI oversold (30.3); 5m: MACD bearish; 15m: MACD bearish; 1h: RSI oversold (35.5)

[14:29:41] Cycle 1586
  💰 Current Price: $67808.80
  🎯 Signal: BUY (confidence: 0.20)
  📝 Reason: 5m: RSI oversold (30.3); 5m: MACD bearish; 15m: MACD bearish; 1h: RSI oversold (35.5)

[14:30:11] Cycle 1587
  💰 Current Price: $67806.30
  🎯 Signal: BUY (confidence: 0.40)
  📝 Reason: 5m: RSI oversold (30.1); 5m: MACD bearish; 15m: RSI oversold (28.2); 15m: MACD bearish

[14:30:43] Cycle 1588
  💰 Current Price: $67828.90
  🎯 Signal: BUY (confidence: 0.40)
  📝 Reason: 5m: RSI oversold (33.2); 5m: MACD bearish; 15m: RSI oversold (30.1); 15m: MACD bearish

[14:31:13] Cycle 1589
  💰 Current Price: $67829.00
  🎯 Signal: BUY (confidence: 0.40)
  📝 Reason: 5m: RSI oversold (33.2); 5m: MACD bearish; 15m: RSI oversold (30.1); 15m: MACD bearish

[14:31:44] Cycle 1590
  💰 Current Price: $67820.00
  🎯 Signal: BUY (confidence: 0.40)
  📝 Reason: 5m: RSI oversold (32.0); 5m: MACD bearish; 15m: RSI oversold (29.4); 15m: MACD bearish

[14:32:16] Cycle 1591
  💰 Current Price: $67810.10
  🎯 Signal: BUY (confidence: 0.40)
  📝 Reason: 5m: RSI oversold (30.7); 5m: MACD bearish; 15m: RSI oversold (28.6); 15m: MACD bearish

[14:32:47] Cycle 1592
  💰 Current Price: $67810.00
  🎯 Signal: BUY (confidence: 0.40)
  📝 Reason: 5m: RSI oversold (30.7); 5m: MACD bearish; 15m: RSI oversold (28.6); 15m: MACD bearish

[14:33:18] Cycle 1593
  💰 Current Price: $67805.20
  🎯 Signal: BUY (confidence: 0.40)
  📝 Reason: 5m: RSI oversold (30.1); 5m: MACD bearish; 15m: RSI oversold (28.2); 15m: MACD bearish

[14:33:49] Cycle 1594
  💰 Current Price: $67816.80
  🎯 Signal: BUY (confidence: 0.40)
  📝 Reason: 5m: RSI oversold (31.6); 5m: MACD bearish; 15m: RSI oversold (29.1); 15m: MACD bearish

[14:34:20] Cycle 1595
  💰 Current Price: $67820.10
  🎯 Signal: BUY (confidence: 0.40)
  📝 Reason: 5m: RSI oversold (32.0); 5m: MACD bearish; 15m: RSI oversold (29.4); 15m: MACD bearish

[14:34:51] Cycle 1596
  💰 Current Price: $67814.90
  🎯 Signal: BUY (confidence: 0.40)
  📝 Reason: 5m: RSI oversold (31.8); 5m: MACD bearish; 15m: RSI oversold (29.2); 15m: MACD bearish

[14:35:22] Cycle 1597
  💰 Current Price: $67818.40
  🎯 Signal: BUY (confidence: 0.40)
  📝 Reason: 5m: RSI oversold (33.1); 5m: MACD bearish; 15m: RSI oversold (29.3); 15m: MACD bearish

[14:35:53] Cycle 1598
  💰 Current Price: $67852.90
  🎯 Signal: BUY (confidence: 0.40)
  📝 Reason: 5m: RSI oversold (37.5); 5m: MACD bearish; 15m: RSI oversold (32.0); 15m: MACD bearish

[14:36:23] Cycle 1599
  💰 Current Price: $67852.90
  🎯 Signal: BUY (confidence: 0.40)
  📝 Reason: 5m: RSI oversold (37.5); 5m: MACD bearish; 15m: RSI oversold (32.0); 15m: MACD bearish

[14:36:54] Cycle 1600
  💰 Current Price: $67853.00
  🎯 Signal: BUY (confidence: 0.40)
  📝 Reason: 5m: RSI oversold (37.6); 5m: MACD bearish; 15m: RSI oversold (32.0); 15m: MACD bearish

[14:37:25] Cycle 1601
  💰 Current Price: $67853.00
  🎯 Signal: BUY (confidence: 0.40)
  📝 Reason: 5m: RSI oversold (37.6); 5m: MACD bearish; 15m: RSI oversold (32.0); 15m: MACD bearish

[14:37:56] Cycle 1602
  💰 Current Price: $67853.00
  🎯 Signal: BUY (confidence: 0.40)
  📝 Reason: 5m: RSI oversold (37.6); 5m: MACD bearish; 15m: RSI oversold (32.0); 15m: MACD bearish

[14:38:27] Cycle 1603
  💰 Current Price: $67853.70
  🎯 Signal: BUY (confidence: 0.40)
  📝 Reason: 5m: RSI oversold (37.6); 5m: MACD bearish; 15m: RSI oversold (32.0); 15m: MACD bearish

[14:38:58] Cycle 1604
  💰 Current Price: $67897.30
  🎯 Signal: BUY (confidence: 0.30)
  📝 Reason: 5m: MACD bearish; 15m: RSI oversold (35.2); 15m: MACD bearish; 1h: RSI oversold (37.4)

[14:39:29] Cycle 1605
  💰 Current Price: $67922.10
  🎯 Signal: BUY (confidence: 0.30)
  📝 Reason: 5m: MACD bearish; 15m: RSI oversold (36.8); 15m: MACD bearish; 1h: RSI oversold (38.0)

[14:40:00] Cycle 1606
  💰 Current Price: $68066.80
  🎯 Signal: SELL (confidence: 0.20)
  📝 Reason: 5m: MACD bearish; 15m: MACD bearish; 1h: MACD bearish; 4h: RSI oversold (19.7)
  ⚠️ Sell signal but no position

[14:40:31] Cycle 1607
  💰 Current Price: $68030.50
  🎯 Signal: SELL (confidence: 0.20)
  📝 Reason: 5m: MACD bearish; 15m: MACD bearish; 1h: MACD bearish; 4h: RSI oversold (19.2)
  ⚠️ Sell signal but no position

[14:41:01] Cycle 1608
  💰 Current Price: $68027.00
  🎯 Signal: SELL (confidence: 0.20)
  📝 Reason: 5m: MACD bearish; 15m: MACD bearish; 1h: MACD bearish; 4h: RSI oversold (19.2)
  ⚠️ Sell signal but no position

[14:41:32] Cycle 1609
  💰 Current Price: $68042.70
  🎯 Signal: SELL (confidence: 0.20)
  📝 Reason: 5m: MACD bearish; 15m: MACD bearish; 1h: MACD bearish; 4h: RSI oversold (19.4)
  ⚠️ Sell signal but no position

[14:42:03] Cycle 1610
  💰 Current Price: $68072.00
  🎯 Signal: SELL (confidence: 0.20)
  📝 Reason: 5m: MACD bearish; 15m: MACD bearish; 1h: MACD bearish; 4h: RSI oversold (19.7)
  ⚠️ Sell signal but no position

[14:42:34] Cycle 1611
  💰 Current Price: $68046.20
  🎯 Signal: SELL (confidence: 0.20)
  📝 Reason: 5m: MACD bearish; 15m: MACD bearish; 1h: MACD bearish; 4h: RSI oversold (19.5)
  ⚠️ Sell signal but no position

[14:43:05] Cycle 1612
  💰 Current Price: $68037.80
  🎯 Signal: SELL (confidence: 0.20)
  📝 Reason: 5m: MACD bearish; 15m: MACD bearish; 1h: MACD bearish; 4h: RSI oversold (19.3)
  ⚠️ Sell signal but no position

[14:43:36] Cycle 1613
  💰 Current Price: $68037.00
  🎯 Signal: SELL (confidence: 0.20)
  📝 Reason: 5m: MACD bearish; 15m: MACD bearish; 1h: MACD bearish; 4h: RSI oversold (19.4)
  ⚠️ Sell signal but no position

[14:44:07] Cycle 1614
  💰 Current Price: $68027.10
  🎯 Signal: SELL (confidence: 0.20)
  📝 Reason: 5m: MACD bearish; 15m: MACD bearish; 1h: MACD bearish; 4h: RSI oversold (19.2)
  ⚠️ Sell signal but no position

[14:44:38] Cycle 1615
  💰 Current Price: $68027.10
  🎯 Signal: SELL (confidence: 0.20)
  📝 Reason: 5m: MACD bearish; 15m: MACD bearish; 1h: MACD bearish; 4h: RSI oversold (19.2)
  ⚠️ Sell signal but no position

[14:45:09] Cycle 1616
  💰 Current Price: $68027.10
  🎯 Signal: SELL (confidence: 0.20)
  📝 Reason: 5m: MACD bearish; 15m: MACD bearish; 1h: MACD bearish; 4h: RSI oversold (19.2)
  ⚠️ Sell signal but no position

[14:45:40] Cycle 1617
  💰 Current Price: $68032.30
  🎯 Signal: SELL (confidence: 0.20)
  📝 Reason: 5m: MACD bearish; 15m: MACD bearish; 1h: MACD bearish; 4h: RSI oversold (19.2)
  ⚠️ Sell signal but no position

[14:46:11] Cycle 1618
  💰 Current Price: $68032.30
  🎯 Signal: SELL (confidence: 0.20)
  📝 Reason: 5m: MACD bearish; 15m: MACD bearish; 1h: MACD bearish; 4h: RSI oversold (19.2)
  ⚠️ Sell signal but no position

[14:46:42] Cycle 1619
  💰 Current Price: $68039.00
  🎯 Signal: SELL (confidence: 0.20)
  📝 Reason: 5m: MACD bearish; 15m: MACD bearish; 1h: MACD bearish; 4h: RSI oversold (19.3)
  ⚠️ Sell signal but no position

[14:47:12] Cycle 1620
  💰 Current Price: $68040.60
  🎯 Signal: SELL (confidence: 0.20)
  📝 Reason: 5m: MACD bearish; 15m: MACD bearish; 1h: MACD bearish; 4h: RSI oversold (19.3)
  ⚠️ Sell signal but no position

[14:47:43] Cycle 1621
  💰 Current Price: $68021.90
  🎯 Signal: SELL (confidence: 0.20)
  📝 Reason: 5m: MACD bearish; 15m: MACD bearish; 1h: MACD bearish; 4h: RSI oversold (19.2)
  ⚠️ Sell signal but no position

[14:48:14] Cycle 1622
  💰 Current Price: $67985.70
  🎯 Signal: SELL (confidence: 0.20)
  📝 Reason: 5m: MACD bearish; 15m: MACD bearish; 1h: MACD bearish; 4h: RSI oversold (19.1)
  ⚠️ Sell signal but no position

[14:48:45] Cycle 1623
  💰 Current Price: $67985.70
  🎯 Signal: SELL (confidence: 0.20)
  📝 Reason: 5m: MACD bearish; 15m: MACD bearish; 1h: MACD bearish; 4h: RSI oversold (19.1)
  ⚠️ Sell signal but no position

[14:49:16] Cycle 1624
  💰 Current Price: $67993.10
  🎯 Signal: SELL (confidence: 0.20)
  📝 Reason: 5m: MACD bearish; 15m: MACD bearish; 1h: MACD bearish; 4h: RSI oversold (19.1)
  ⚠️ Sell signal but no position

[14:49:47] Cycle 1625
  💰 Current Price: $68027.00
  🎯 Signal: SELL (confidence: 0.20)
  📝 Reason: 5m: MACD bearish; 15m: MACD bearish; 1h: MACD bearish; 4h: RSI oversold (19.2)
  ⚠️ Sell signal but no position

[14:50:18] Cycle 1626
  💰 Current Price: $68026.80
  🎯 Signal: HOLD (confidence: 0.10)
  📝 Reason: 5m: MACD bullish; 15m: MACD bearish; 1h: MACD bearish; 4h: RSI oversold (19.2)

[14:50:49] Cycle 1627
  💰 Current Price: $68066.60
  🎯 Signal: HOLD (confidence: 0.10)
  📝 Reason: 5m: MACD bullish; 15m: MACD bearish; 1h: MACD bearish; 4h: RSI oversold (19.4)

[14:51:20] Cycle 1628
  💰 Current Price: $68027.10
  🎯 Signal: HOLD (confidence: 0.10)
  📝 Reason: 5m: MACD bullish; 15m: MACD bearish; 1h: MACD bearish; 4h: RSI oversold (19.2)

[14:51:51] Cycle 1629
  💰 Current Price: $68043.90
  🎯 Signal: HOLD (confidence: 0.10)
  📝 Reason: 5m: MACD bullish; 15m: MACD bearish; 1h: MACD bearish; 4h: RSI oversold (19.4)

[14:52:22] Cycle 1630
  💰 Current Price: $68050.90
  🎯 Signal: HOLD (confidence: 0.10)
  📝 Reason: 5m: MACD bullish; 15m: MACD bearish; 1h: MACD bearish; 4h: RSI oversold (19.5)

[14:52:53] Cycle 1631
  💰 Current Price: $68027.10
  🎯 Signal: HOLD (confidence: 0.10)
  📝 Reason: 5m: MACD bullish; 15m: MACD bearish; 1h: MACD bearish; 4h: RSI oversold (19.2)

[14:53:24] Cycle 1632
  💰 Current Price: $68025.70
  🎯 Signal: HOLD (confidence: 0.10)
  📝 Reason: 5m: MACD bullish; 15m: MACD bearish; 1h: MACD bearish; 4h: RSI oversold (19.2)

[14:53:55] Cycle 1633
  💰 Current Price: $68025.70
  🎯 Signal: HOLD (confidence: 0.10)
  📝 Reason: 5m: MACD bullish; 15m: MACD bearish; 1h: MACD bearish; 4h: RSI oversold (19.2)

[14:54:26] Cycle 1634
  💰 Current Price: $68047.30
  🎯 Signal: HOLD (confidence: 0.10)
  📝 Reason: 5m: MACD bullish; 15m: MACD bearish; 1h: MACD bearish; 4h: RSI oversold (19.4)

[14:54:57] Cycle 1635
  💰 Current Price: $68047.20
  🎯 Signal: HOLD (confidence: 0.10)
  📝 Reason: 5m: MACD bullish; 15m: MACD bearish; 1h: MACD bearish; 4h: RSI oversold (19.4)

[14:55:28] Cycle 1636
  💰 Current Price: $68040.90
  🎯 Signal: HOLD (confidence: 0.10)
  📝 Reason: 5m: MACD bullish; 15m: MACD bearish; 1h: MACD bearish; 4h: RSI oversold (19.3)

[14:55:59] Cycle 1637
  💰 Current Price: $68033.60
  🎯 Signal: HOLD (confidence: 0.10)
  📝 Reason: 5m: MACD bullish; 15m: MACD bearish; 1h: MACD bearish; 4h: RSI oversold (19.3)

[14:56:30] Cycle 1638
  💰 Current Price: $68032.70
  🎯 Signal: HOLD (confidence: 0.10)
  📝 Reason: 5m: MACD bullish; 15m: MACD bearish; 1h: MACD bearish; 4h: RSI oversold (19.2)

[14:57:01] Cycle 1639
  💰 Current Price: $68033.60
  🎯 Signal: HOLD (confidence: 0.10)
  📝 Reason: 5m: MACD bullish; 15m: MACD bearish; 1h: MACD bearish; 4h: RSI oversold (19.3)

[14:57:31] Cycle 1640
  💰 Current Price: $68033.60
  🎯 Signal: HOLD (confidence: 0.10)
  📝 Reason: 5m: MACD bullish; 15m: MACD bearish; 1h: MACD bearish; 4h: RSI oversold (19.3)

[14:58:02] Cycle 1641
  💰 Current Price: $68033.70
  🎯 Signal: HOLD (confidence: 0.10)
  📝 Reason: 5m: MACD bullish; 15m: MACD bearish; 1h: MACD bearish; 4h: RSI oversold (19.3)

[14:58:33] Cycle 1642
  💰 Current Price: $68042.00
  🎯 Signal: HOLD (confidence: 0.10)
  📝 Reason: 5m: MACD bullish; 15m: MACD bearish; 1h: MACD bearish; 4h: RSI oversold (19.3)

[14:59:04] Cycle 1643
  💰 Current Price: $68040.30
  🎯 Signal: HOLD (confidence: 0.10)
  📝 Reason: 5m: MACD bullish; 15m: MACD bearish; 1h: MACD bearish; 4h: RSI oversold (19.3)

[14:59:35] Cycle 1644
  💰 Current Price: $68035.10
  🎯 Signal: HOLD (confidence: 0.10)
  📝 Reason: 5m: MACD bullish; 15m: MACD bearish; 1h: MACD bearish; 4h: RSI oversold (19.3)

[15:00:06] Cycle 1645
  💰 Current Price: $68012.10
  🎯 Signal: HOLD (confidence: 0.10)
  📝 Reason: 5m: MACD bullish; 15m: MACD bearish; 1h: MACD bearish; 4h: RSI oversold (19.1)

[15:00:37] Cycle 1646
  💰 Current Price: $68005.70
  🎯 Signal: HOLD (confidence: 0.10)
  📝 Reason: 5m: MACD bullish; 15m: MACD bearish; 1h: MACD bearish; 4h: RSI oversold (19.1)

[15:01:08] Cycle 1647
  💰 Current Price: $68000.10
  🎯 Signal: HOLD (confidence: 0.10)
  📝 Reason: 5m: MACD bullish; 15m: MACD bearish; 1h: MACD bearish; 4h: RSI oversold (19.1)

[15:01:39] Cycle 1648
  💰 Current Price: $68000.10
  🎯 Signal: HOLD (confidence: 0.10)
  📝 Reason: 5m: MACD bullish; 15m: MACD bearish; 1h: MACD bearish; 4h: RSI oversold (19.1)

[15:02:09] Cycle 1649
  💰 Current Price: $67978.90
  🎯 Signal: HOLD (confidence: 0.10)
  📝 Reason: 5m: MACD bullish; 15m: MACD bearish; 1h: MACD bearish; 4h: RSI oversold (19.0)

[15:02:40] Cycle 1650
  💰 Current Price: $67976.20
  🎯 Signal: HOLD (confidence: 0.10)
  📝 Reason: 5m: MACD bullish; 15m: MACD bearish; 1h: MACD bearish; 4h: RSI oversold (19.0)

[15:03:11] Cycle 1651
  💰 Current Price: $67982.00
  🎯 Signal: HOLD (confidence: 0.10)
  📝 Reason: 5m: MACD bullish; 15m: MACD bearish; 1h: MACD bearish; 4h: RSI oversold (19.0)

[15:03:42] Cycle 1652
  💰 Current Price: $67992.30
  🎯 Signal: HOLD (confidence: 0.10)
  📝 Reason: 5m: MACD bullish; 15m: MACD bearish; 1h: MACD bearish; 4h: RSI oversold (19.1)

[15:04:13] Cycle 1653
  💰 Current Price: $68008.70
  🎯 Signal: HOLD (confidence: 0.10)
  📝 Reason: 5m: MACD bullish; 15m: MACD bearish; 1h: MACD bearish; 4h: RSI oversold (19.1)

[15:04:44] Cycle 1654
  💰 Current Price: $68008.80
  🎯 Signal: HOLD (confidence: 0.10)
  📝 Reason: 5m: MACD bullish; 15m: MACD bearish; 1h: MACD bearish; 4h: RSI oversold (19.1)

[15:05:15] Cycle 1655
  💰 Current Price: $67982.10
  🎯 Signal: HOLD (confidence: 0.10)
  📝 Reason: 5m: MACD bullish; 15m: MACD bearish; 1h: MACD bearish; 4h: RSI oversold (19.0)

[15:05:46] Cycle 1656
  💰 Current Price: $67967.10
  🎯 Signal: HOLD (confidence: 0.10)
  📝 Reason: 5m: MACD bullish; 15m: MACD bearish; 1h: MACD bearish; 4h: RSI oversold (19.0)

[15:06:17] Cycle 1657
  💰 Current Price: $67966.80
  🎯 Signal: HOLD (confidence: 0.10)
  📝 Reason: 5m: MACD bullish; 15m: MACD bearish; 1h: MACD bearish; 4h: RSI oversold (19.0)

[15:06:48] Cycle 1658
  💰 Current Price: $67997.00
  🎯 Signal: HOLD (confidence: 0.10)
  📝 Reason: 5m: MACD bullish; 15m: MACD bearish; 1h: MACD bearish; 4h: RSI oversold (19.1)

[15:07:18] Cycle 1659
  💰 Current Price: $68010.00
  🎯 Signal: HOLD (confidence: 0.10)
  📝 Reason: 5m: MACD bullish; 15m: MACD bearish; 1h: MACD bearish; 4h: RSI oversold (19.1)

[15:07:49] Cycle 1660
  💰 Current Price: $68011.40
  🎯 Signal: HOLD (confidence: 0.10)
  📝 Reason: 5m: MACD bullish; 15m: MACD bearish; 1h: MACD bearish; 4h: RSI oversold (19.1)

[15:08:20] Cycle 1661
  💰 Current Price: $68000.00
  🎯 Signal: HOLD (confidence: 0.10)
  📝 Reason: 5m: MACD bullish; 15m: MACD bearish; 1h: MACD bearish; 4h: RSI oversold (19.1)

[15:08:51] Cycle 1662
  💰 Current Price: $68000.00
  🎯 Signal: HOLD (confidence: 0.10)
  📝 Reason: 5m: MACD bullish; 15m: MACD bearish; 1h: MACD bearish; 4h: RSI oversold (19.1)

[15:09:22] Cycle 1663
  💰 Current Price: $68000.00
  🎯 Signal: HOLD (confidence: 0.10)
  📝 Reason: 5m: MACD bullish; 15m: MACD bearish; 1h: MACD bearish; 4h: RSI oversold (19.1)

[15:09:53] Cycle 1664
  💰 Current Price: $67999.90
  🎯 Signal: HOLD (confidence: 0.10)
  📝 Reason: 5m: MACD bullish; 15m: MACD bearish; 1h: MACD bearish; 4h: RSI oversold (19.1)

[15:10:24] Cycle 1665
  💰 Current Price: $67996.80
  🎯 Signal: HOLD (confidence: 0.10)
  📝 Reason: 5m: MACD bullish; 15m: MACD bearish; 1h: MACD bearish; 4h: RSI oversold (19.1)

[15:10:55] Cycle 1666
  💰 Current Price: $67978.90
  🎯 Signal: HOLD (confidence: 0.10)
  📝 Reason: 5m: MACD bullish; 15m: MACD bearish; 1h: MACD bearish; 4h: RSI oversold (19.0)

[15:11:25] Cycle 1667
  💰 Current Price: $67959.10
  🎯 Signal: HOLD (confidence: 0.10)
  📝 Reason: 5m: MACD bullish; 15m: MACD bearish; 1h: MACD bearish; 4h: RSI oversold (19.0)

[15:11:56] Cycle 1668
  💰 Current Price: $67955.70
  🎯 Signal: HOLD (confidence: 0.10)
  📝 Reason: 5m: MACD bullish; 15m: MACD bearish; 1h: MACD bearish; 4h: RSI oversold (19.0)

[15:12:28] Cycle 1669
  💰 Current Price: $67934.60
  🎯 Signal: HOLD (confidence: 0.10)
  📝 Reason: 5m: MACD bullish; 15m: MACD bearish; 1h: MACD bearish; 4h: RSI oversold (18.9)

[15:12:58] Cycle 1670
  💰 Current Price: $67934.60
  🎯 Signal: HOLD (confidence: 0.10)
  📝 Reason: 5m: MACD bullish; 15m: MACD bearish; 1h: MACD bearish; 4h: RSI oversold (18.9)

[15:13:29] Cycle 1671
  💰 Current Price: $67941.90
  🎯 Signal: HOLD (confidence: 0.10)
  📝 Reason: 5m: MACD bullish; 15m: MACD bearish; 1h: MACD bearish; 4h: RSI oversold (18.9)

[15:14:00] Cycle 1672
  💰 Current Price: $67950.00
  🎯 Signal: HOLD (confidence: 0.10)
  📝 Reason: 5m: MACD bullish; 15m: MACD bearish; 1h: MACD bearish; 4h: RSI oversold (18.9)

[15:14:31] Cycle 1673
  💰 Current Price: $67950.00
  🎯 Signal: HOLD (confidence: 0.10)
  📝 Reason: 5m: MACD bullish; 15m: MACD bearish; 1h: MACD bearish; 4h: RSI oversold (18.9)

[15:15:01] Cycle 1674
  💰 Current Price: $67940.00
  🎯 Signal: SELL (confidence: 0.20)
  📝 Reason: 5m: RSI overbought (71.6); 5m: MACD bullish; 15m: MACD bearish; 1h: MACD bearish
  ⚠️ Sell signal but no position

[15:15:32] Cycle 1675
  💰 Current Price: $67949.90
  🎯 Signal: SELL (confidence: 0.20)
  📝 Reason: 5m: RSI overbought (72.2); 5m: MACD bullish; 15m: MACD bearish; 1h: MACD bearish
  ⚠️ Sell signal but no position

[15:16:03] Cycle 1676
  💰 Current Price: $67949.90
  🎯 Signal: SELL (confidence: 0.20)
  📝 Reason: 5m: RSI overbought (72.2); 5m: MACD bullish; 15m: MACD bearish; 1h: MACD bearish
  ⚠️ Sell signal but no position

[15:16:34] Cycle 1677
  💰 Current Price: $67949.90
  🎯 Signal: SELL (confidence: 0.20)
  📝 Reason: 5m: RSI overbought (72.2); 5m: MACD bullish; 15m: MACD bearish; 1h: MACD bearish
  ⚠️ Sell signal but no position

[15:17:05] Cycle 1678
  💰 Current Price: $67976.50
  🎯 Signal: SELL (confidence: 0.20)
  📝 Reason: 5m: RSI overbought (73.5); 5m: MACD bullish; 15m: MACD bearish; 1h: MACD bearish
  ⚠️ Sell signal but no position

[15:17:36] Cycle 1679
  💰 Current Price: $67963.40
  🎯 Signal: SELL (confidence: 0.20)
  📝 Reason: 5m: RSI overbought (72.9); 5m: MACD bullish; 15m: MACD bearish; 1h: MACD bearish
  ⚠️ Sell signal but no position

[15:18:07] Cycle 1680
  💰 Current Price: $67976.40
  🎯 Signal: SELL (confidence: 0.20)
  📝 Reason: 5m: RSI overbought (73.5); 5m: MACD bullish; 15m: MACD bearish; 1h: MACD bearish
  ⚠️ Sell signal but no position

[15:18:38] Cycle 1681
  💰 Current Price: $67976.50
  🎯 Signal: SELL (confidence: 0.20)
  📝 Reason: 5m: RSI overbought (73.5); 5m: MACD bullish; 15m: MACD bearish; 1h: MACD bearish
  ⚠️ Sell signal but no position

[15:19:09] Cycle 1682
  💰 Current Price: $67976.20
  🎯 Signal: SELL (confidence: 0.20)
  📝 Reason: 5m: RSI overbought (73.5); 5m: MACD bullish; 15m: MACD bearish; 1h: MACD bearish
  ⚠️ Sell signal but no position

[15:19:40] Cycle 1683
  💰 Current Price: $67969.40
  🎯 Signal: SELL (confidence: 0.20)
  📝 Reason: 5m: RSI overbought (73.2); 5m: MACD bullish; 15m: MACD bearish; 1h: MACD bearish
  ⚠️ Sell signal but no position

[15:20:11] Cycle 1684
  💰 Current Price: $67932.20
  🎯 Signal: HOLD (confidence: 0.10)
  📝 Reason: 5m: MACD bullish; 15m: MACD bearish; 1h: MACD bearish; 4h: RSI oversold (18.9)

[15:20:42] Cycle 1685
  💰 Current Price: $67872.60
  🎯 Signal: BUY (confidence: 0.20)
  📝 Reason: 5m: MACD bullish; 15m: MACD bearish; 1h: RSI oversold (39.0); 1h: MACD bearish

[15:21:13] Cycle 1686
  💰 Current Price: $67891.90
  🎯 Signal: BUY (confidence: 0.20)
  📝 Reason: 5m: MACD bullish; 15m: MACD bearish; 1h: RSI oversold (39.4); 1h: MACD bearish

[15:21:44] Cycle 1687
  💰 Current Price: $67874.50
  🎯 Signal: BUY (confidence: 0.20)
  📝 Reason: 5m: MACD bullish; 15m: MACD bearish; 1h: RSI oversold (39.0); 1h: MACD bearish

[15:22:15] Cycle 1688
  💰 Current Price: $67882.40
  🎯 Signal: BUY (confidence: 0.20)
  📝 Reason: 5m: MACD bullish; 15m: MACD bearish; 1h: RSI oversold (39.2); 1h: MACD bearish

[15:22:46] Cycle 1689
  💰 Current Price: $67906.90
  🎯 Signal: BUY (confidence: 0.20)
  📝 Reason: 5m: MACD bullish; 15m: MACD bearish; 1h: RSI oversold (39.7); 1h: MACD bearish

[15:23:17] Cycle 1690
  💰 Current Price: $67922.00
  🎯 Signal: HOLD (confidence: 0.10)
  📝 Reason: 5m: MACD bullish; 15m: MACD bearish; 1h: MACD bearish; 4h: RSI oversold (18.9)

[15:23:47] Cycle 1691
  💰 Current Price: $67936.50
  🎯 Signal: HOLD (confidence: 0.10)
  📝 Reason: 5m: MACD bullish; 15m: MACD bearish; 1h: MACD bearish; 4h: RSI oversold (18.9)

[15:24:18] Cycle 1692
  💰 Current Price: $67936.50
  🎯 Signal: HOLD (confidence: 0.10)
  📝 Reason: 5m: MACD bullish; 15m: MACD bearish; 1h: MACD bearish; 4h: RSI oversold (18.9)

[15:24:49] Cycle 1693
  💰 Current Price: $67952.00
  🎯 Signal: SELL (confidence: 0.20)
  📝 Reason: 5m: RSI overbought (70.4); 5m: MACD bullish; 15m: MACD bearish; 1h: MACD bearish
  ⚠️ Sell signal but no position

[15:25:20] Cycle 1694
  💰 Current Price: $67947.40
  🎯 Signal: HOLD (confidence: 0.10)
  📝 Reason: 5m: MACD bullish; 15m: MACD bearish; 1h: MACD bearish; 4h: RSI oversold (18.9)

[15:25:51] Cycle 1695
  💰 Current Price: $67952.20
  🎯 Signal: HOLD (confidence: 0.10)
  📝 Reason: 5m: MACD bullish; 15m: MACD bearish; 1h: MACD bearish; 4h: RSI oversold (19.0)

[15:26:22] Cycle 1696
  💰 Current Price: $67932.20
  🎯 Signal: HOLD (confidence: 0.10)
  📝 Reason: 5m: MACD bullish; 15m: MACD bearish; 1h: MACD bearish; 4h: RSI oversold (18.9)

[15:26:53] Cycle 1697
  💰 Current Price: $67925.80
  🎯 Signal: HOLD (confidence: 0.10)
  📝 Reason: 5m: MACD bullish; 15m: MACD bearish; 1h: MACD bearish; 4h: RSI oversold (18.9)

[15:27:24] Cycle 1698
  💰 Current Price: $67923.20
  🎯 Signal: HOLD (confidence: 0.10)
  📝 Reason: 5m: MACD bullish; 15m: MACD bearish; 1h: MACD bearish; 4h: RSI oversold (18.9)

[15:27:55] Cycle 1699
  💰 Current Price: $67923.10
  🎯 Signal: HOLD (confidence: 0.10)
  📝 Reason: 5m: MACD bullish; 15m: MACD bearish; 1h: MACD bearish; 4h: RSI oversold (18.9)

[15:28:26] Cycle 1700
  💰 Current Price: $67912.00
  🎯 Signal: BUY (confidence: 0.20)
  📝 Reason: 5m: MACD bullish; 15m: MACD bearish; 1h: RSI oversold (39.9); 1h: MACD bearish

[15:28:57] Cycle 1701
  💰 Current Price: $67907.10
  🎯 Signal: BUY (confidence: 0.20)
  📝 Reason: 5m: MACD bullish; 15m: MACD bearish; 1h: RSI oversold (39.7); 1h: MACD bearish

[15:29:28] Cycle 1702
  💰 Current Price: $67926.40
  🎯 Signal: HOLD (confidence: 0.10)
  📝 Reason: 5m: MACD bullish; 15m: MACD bearish; 1h: MACD bearish; 4h: RSI oversold (18.9)

[15:29:59] Cycle 1703
  💰 Current Price: $67920.10
  🎯 Signal: HOLD (confidence: 0.10)
  📝 Reason: 5m: MACD bullish; 15m: MACD bearish; 1h: MACD bearish; 4h: RSI oversold (19.0)

[15:30:30] Cycle 1704
  💰 Current Price: $67926.30
  🎯 Signal: HOLD (confidence: 0.10)
  📝 Reason: 5m: MACD bullish; 15m: MACD bearish; 1h: MACD bearish; 4h: RSI oversold (18.9)

[15:31:01] Cycle 1705
  💰 Current Price: $67926.30
  🎯 Signal: HOLD (confidence: 0.10)
  📝 Reason: 5m: MACD bullish; 15m: MACD bearish; 1h: MACD bearish; 4h: RSI oversold (18.9)

[15:31:32] Cycle 1706
  💰 Current Price: $67933.00
  🎯 Signal: HOLD (confidence: 0.10)
  📝 Reason: 5m: MACD bullish; 15m: MACD bearish; 1h: MACD bearish; 4h: RSI oversold (18.9)

[15:32:03] Cycle 1707
  💰 Current Price: $67902.70
  🎯 Signal: BUY (confidence: 0.20)
  📝 Reason: 5m: MACD bullish; 15m: MACD bearish; 1h: RSI oversold (39.6); 1h: MACD bearish

[15:32:34] Cycle 1708
  💰 Current Price: $67937.00
  🎯 Signal: HOLD (confidence: 0.10)
  📝 Reason: 5m: MACD bullish; 15m: MACD bearish; 1h: MACD bearish; 4h: RSI oversold (18.9)

[15:33:05] Cycle 1709
  💰 Current Price: $67951.90
  🎯 Signal: HOLD (confidence: 0.10)
  📝 Reason: 5m: MACD bullish; 15m: MACD bearish; 1h: MACD bearish; 4h: RSI oversold (19.0)

[15:33:36] Cycle 1710
  💰 Current Price: $67982.00
  🎯 Signal: HOLD (confidence: 0.10)
  📝 Reason: 5m: MACD bullish; 15m: MACD bearish; 1h: MACD bearish; 4h: RSI oversold (19.0)

[15:34:07] Cycle 1711
  💰 Current Price: $67999.90
  🎯 Signal: HOLD (confidence: 0.10)
  📝 Reason: 5m: MACD bullish; 15m: MACD bearish; 1h: MACD bearish; 4h: RSI oversold (19.1)

[15:34:38] Cycle 1712
  💰 Current Price: $67999.90
  🎯 Signal: HOLD (confidence: 0.10)
  📝 Reason: 5m: MACD bullish; 15m: MACD bearish; 1h: MACD bearish; 4h: RSI oversold (19.1)

[15:35:09] Cycle 1713
  💰 Current Price: $67999.90
  🎯 Signal: HOLD (confidence: 0.10)
  📝 Reason: 5m: MACD bullish; 15m: MACD bearish; 1h: MACD bearish; 4h: RSI oversold (19.1)

[15:35:40] Cycle 1714
  💰 Current Price: $67999.80
  🎯 Signal: HOLD (confidence: 0.10)
  📝 Reason: 5m: MACD bullish; 15m: MACD bearish; 1h: MACD bearish; 4h: RSI oversold (19.1)

[15:36:11] Cycle 1715
  💰 Current Price: $67999.90
  🎯 Signal: HOLD (confidence: 0.10)
  📝 Reason: 5m: MACD bullish; 15m: MACD bearish; 1h: MACD bearish; 4h: RSI oversold (19.1)

[15:36:42] Cycle 1716
  💰 Current Price: $67999.80
  🎯 Signal: HOLD (confidence: 0.10)
  📝 Reason: 5m: MACD bullish; 15m: MACD bearish; 1h: MACD bearish; 4h: RSI oversold (19.1)

[15:37:13] Cycle 1717
  💰 Current Price: $67979.90
  🎯 Signal: HOLD (confidence: 0.10)
  📝 Reason: 5m: MACD bullish; 15m: MACD bearish; 1h: MACD bearish; 4h: RSI oversold (19.0)

[15:37:43] Cycle 1718
  💰 Current Price: $67967.10
  🎯 Signal: HOLD (confidence: 0.10)
  📝 Reason: 5m: MACD bullish; 15m: MACD bearish; 1h: MACD bearish; 4h: RSI oversold (19.0)

[15:38:14] Cycle 1719
  💰 Current Price: $67952.10
  🎯 Signal: HOLD (confidence: 0.10)
  📝 Reason: 5m: MACD bullish; 15m: MACD bearish; 1h: MACD bearish; 4h: RSI oversold (19.0)

[15:38:45] Cycle 1720
  💰 Current Price: $67952.10
  🎯 Signal: HOLD (confidence: 0.10)
  📝 Reason: 5m: MACD bullish; 15m: MACD bearish; 1h: MACD bearish; 4h: RSI oversold (18.9)

[15:39:16] Cycle 1721
  💰 Current Price: $67862.00
  🎯 Signal: BUY (confidence: 0.20)
  📝 Reason: 5m: MACD bullish; 15m: MACD bearish; 1h: RSI oversold (38.8); 1h: MACD bearish

[15:39:47] Cycle 1722
  💰 Current Price: $67802.10
  🎯 Signal: BUY (confidence: 0.20)
  📝 Reason: 5m: MACD bullish; 15m: MACD bearish; 1h: RSI oversold (37.5); 1h: MACD bearish

[15:40:18] Cycle 1723
  💰 Current Price: $67847.00
  🎯 Signal: BUY (confidence: 0.20)
  📝 Reason: 5m: MACD bullish; 15m: MACD bearish; 1h: RSI oversold (38.4); 1h: MACD bearish

[15:40:49] Cycle 1724
  💰 Current Price: $67829.40
  🎯 Signal: BUY (confidence: 0.20)
  📝 Reason: 5m: MACD bullish; 15m: MACD bearish; 1h: RSI oversold (37.9); 1h: MACD bearish

[15:41:20] Cycle 1725
  💰 Current Price: $67807.40
  🎯 Signal: BUY (confidence: 0.20)
  📝 Reason: 5m: MACD bullish; 15m: MACD bearish; 1h: RSI oversold (37.6); 1h: MACD bearish

[15:41:50] Cycle 1726
  💰 Current Price: $67831.20
  🎯 Signal: BUY (confidence: 0.20)
  📝 Reason: 5m: MACD bullish; 15m: MACD bearish; 1h: RSI oversold (38.1); 1h: MACD bearish

[15:42:21] Cycle 1727
  💰 Current Price: $67831.20
  🎯 Signal: BUY (confidence: 0.20)
  📝 Reason: 5m: MACD bullish; 15m: MACD bearish; 1h: RSI oversold (38.1); 1h: MACD bearish

[15:42:52] Cycle 1728
  💰 Current Price: $67819.20
  🎯 Signal: BUY (confidence: 0.20)
  📝 Reason: 5m: MACD bullish; 15m: MACD bearish; 1h: RSI oversold (37.9); 1h: MACD bearish

[15:43:23] Cycle 1729
  💰 Current Price: $67819.20
  🎯 Signal: BUY (confidence: 0.20)
  📝 Reason: 5m: MACD bullish; 15m: MACD bearish; 1h: RSI oversold (37.9); 1h: MACD bearish

[15:43:54] Cycle 1730
  💰 Current Price: $67812.40
  🎯 Signal: BUY (confidence: 0.20)
  📝 Reason: 5m: MACD bullish; 15m: MACD bearish; 1h: RSI oversold (37.7); 1h: MACD bearish

[15:44:25] Cycle 1731
  💰 Current Price: $67832.00
  🎯 Signal: BUY (confidence: 0.20)
  📝 Reason: 5m: MACD bullish; 15m: MACD bearish; 1h: RSI oversold (38.2); 1h: MACD bearish

[15:44:56] Cycle 1732
  💰 Current Price: $67822.30
  🎯 Signal: BUY (confidence: 0.20)
  📝 Reason: 5m: MACD bullish; 15m: MACD bearish; 1h: RSI oversold (37.9); 1h: MACD bearish

[15:45:27] Cycle 1733
  💰 Current Price: $67822.30
  🎯 Signal: BUY (confidence: 0.20)
  📝 Reason: 5m: RSI oversold (22.7); 5m: MACD bearish; 15m: MACD bearish; 1h: RSI oversold (37.9)

[15:45:58] Cycle 1734
  💰 Current Price: $67813.70
  🎯 Signal: BUY (confidence: 0.20)
  📝 Reason: 5m: RSI oversold (22.2); 5m: MACD bearish; 15m: MACD bearish; 1h: RSI oversold (37.7)

[15:46:29] Cycle 1735
  💰 Current Price: $67795.80
  🎯 Signal: BUY (confidence: 0.40)
  📝 Reason: 5m: RSI oversold (21.4); 5m: MACD bearish; 15m: RSI oversold (39.6); 15m: MACD bearish

[15:47:00] Cycle 1736
  💰 Current Price: $67821.50
  🎯 Signal: BUY (confidence: 0.20)
  📝 Reason: 5m: RSI oversold (22.6); 5m: MACD bearish; 15m: MACD bearish; 1h: RSI oversold (37.9)

[15:47:31] Cycle 1737
  💰 Current Price: $67846.20
  🎯 Signal: BUY (confidence: 0.20)
  📝 Reason: 5m: RSI oversold (26.6); 5m: MACD bearish; 15m: MACD bearish; 1h: RSI oversold (38.4)

[15:48:02] Cycle 1738
  💰 Current Price: $67846.20
  🎯 Signal: BUY (confidence: 0.20)
  📝 Reason: 5m: RSI oversold (26.6); 5m: MACD bearish; 15m: MACD bearish; 1h: RSI oversold (38.4)

[15:48:33] Cycle 1739
  💰 Current Price: $67846.20
  🎯 Signal: BUY (confidence: 0.20)
  📝 Reason: 5m: RSI oversold (26.6); 5m: MACD bearish; 15m: MACD bearish; 1h: RSI oversold (38.4)

[15:49:04] Cycle 1740
  💰 Current Price: $67847.00
  🎯 Signal: BUY (confidence: 0.20)
  📝 Reason: 5m: RSI oversold (26.7); 5m: MACD bearish; 15m: MACD bearish; 1h: RSI oversold (38.4)

[15:49:35] Cycle 1741
  💰 Current Price: $67836.50
  🎯 Signal: BUY (confidence: 0.20)
  📝 Reason: 5m: RSI oversold (25.0); 5m: MACD bearish; 15m: MACD bearish; 1h: RSI oversold (38.2)

[15:50:05] Cycle 1742
  💰 Current Price: $67836.40
  🎯 Signal: BUY (confidence: 0.20)
  📝 Reason: 5m: RSI oversold (27.4); 5m: MACD bearish; 15m: MACD bearish; 1h: RSI oversold (38.2)

[15:50:36] Cycle 1743
  💰 Current Price: $67836.40
  🎯 Signal: BUY (confidence: 0.20)
  📝 Reason: 5m: RSI oversold (27.4); 5m: MACD bearish; 15m: MACD bearish; 1h: RSI oversold (38.2)

[15:51:07] Cycle 1744
  💰 Current Price: $67848.60
  🎯 Signal: BUY (confidence: 0.20)
  📝 Reason: 5m: RSI oversold (29.4); 5m: MACD bearish; 15m: MACD bearish; 1h: RSI oversold (38.5)

[15:51:38] Cycle 1745
  💰 Current Price: $67866.30
  🎯 Signal: BUY (confidence: 0.20)
  📝 Reason: 5m: RSI oversold (32.2); 5m: MACD bearish; 15m: MACD bearish; 1h: RSI oversold (38.9)

[15:52:09] Cycle 1746
  💰 Current Price: $67862.00
  🎯 Signal: BUY (confidence: 0.20)
  📝 Reason: 5m: RSI oversold (30.2); 5m: MACD bearish; 15m: MACD bearish; 1h: RSI oversold (38.6)

[15:52:40] Cycle 1747
  💰 Current Price: $67863.30
  🎯 Signal: BUY (confidence: 0.20)
  📝 Reason: 5m: RSI oversold (31.7); 5m: MACD bearish; 15m: MACD bearish; 1h: RSI oversold (38.8)

[15:53:11] Cycle 1748
  💰 Current Price: $67877.00
  🎯 Signal: BUY (confidence: 0.20)
  📝 Reason: 5m: RSI oversold (33.8); 5m: MACD bearish; 15m: MACD bearish; 1h: RSI oversold (39.1)

[15:53:42] Cycle 1749
  💰 Current Price: $67877.00
  🎯 Signal: BUY (confidence: 0.20)
  📝 Reason: 5m: RSI oversold (33.8); 5m: MACD bearish; 15m: MACD bearish; 1h: RSI oversold (39.1)

[15:54:13] Cycle 1750
  💰 Current Price: $67886.30
  🎯 Signal: BUY (confidence: 0.20)
  📝 Reason: 5m: RSI oversold (35.1); 5m: MACD bearish; 15m: MACD bearish; 1h: RSI oversold (39.3)

[15:54:44] Cycle 1751
  💰 Current Price: $67886.30
  🎯 Signal: BUY (confidence: 0.20)
  📝 Reason: 5m: RSI oversold (35.1); 5m: MACD bearish; 15m: MACD bearish; 1h: RSI oversold (39.3)

[15:55:15] Cycle 1752
  💰 Current Price: $67892.00
  🎯 Signal: BUY (confidence: 0.20)
  📝 Reason: 5m: RSI oversold (35.9); 5m: MACD bearish; 15m: MACD bearish; 1h: RSI oversold (39.4)

[15:55:46] Cycle 1753
  💰 Current Price: $67900.00
  🎯 Signal: BUY (confidence: 0.20)
  📝 Reason: 5m: RSI oversold (36.9); 5m: MACD bearish; 15m: MACD bearish; 1h: RSI oversold (39.6)

[15:56:17] Cycle 1754
  💰 Current Price: $67902.20
  🎯 Signal: BUY (confidence: 0.20)
  📝 Reason: 5m: RSI oversold (37.2); 5m: MACD bearish; 15m: MACD bearish; 1h: RSI oversold (39.6)

[15:56:48] Cycle 1755
  💰 Current Price: $67902.10
  🎯 Signal: BUY (confidence: 0.20)
  📝 Reason: 5m: RSI oversold (37.2); 5m: MACD bearish; 15m: MACD bearish; 1h: RSI oversold (39.6)

[15:57:19] Cycle 1756
  💰 Current Price: $67894.70
  🎯 Signal: BUY (confidence: 0.20)
  📝 Reason: 5m: RSI oversold (36.2); 5m: MACD bearish; 15m: MACD bearish; 1h: RSI oversold (39.5)

[15:57:50] Cycle 1757
  💰 Current Price: $67904.70
  🎯 Signal: BUY (confidence: 0.20)
  📝 Reason: 5m: RSI oversold (37.5); 5m: MACD bearish; 15m: MACD bearish; 1h: RSI oversold (39.7)

[15:58:21] Cycle 1758
  💰 Current Price: $67904.70
  🎯 Signal: BUY (confidence: 0.20)
  📝 Reason: 5m: RSI oversold (37.8); 5m: MACD bearish; 15m: MACD bearish; 1h: RSI oversold (39.7)

[15:58:52] Cycle 1759
  💰 Current Price: $67906.80
  🎯 Signal: BUY (confidence: 0.20)
  📝 Reason: 5m: RSI oversold (37.8); 5m: MACD bearish; 15m: MACD bearish; 1h: RSI oversold (39.7)

[15:59:23] Cycle 1760
  💰 Current Price: $67907.00
  🎯 Signal: BUY (confidence: 0.20)
  📝 Reason: 5m: RSI oversold (37.8); 5m: MACD bearish; 15m: MACD bearish; 1h: RSI oversold (39.7)

[15:59:54] Cycle 1761
  💰 Current Price: $67900.00
  🎯 Signal: BUY (confidence: 0.20)
  📝 Reason: 5m: RSI oversold (36.9); 5m: MACD bearish; 15m: MACD bearish; 1h: RSI oversold (39.6)

[16:00:25] Cycle 1762
  💰 Current Price: $67862.00
  🎯 Signal: BUY (confidence: 0.20)
  📝 Reason: 5m: RSI oversold (31.0); 5m: MACD bearish; 15m: MACD bearish; 1h: RSI oversold (35.9)

[16:00:56] Cycle 1763
  💰 Current Price: $67862.00
  🎯 Signal: BUY (confidence: 0.20)
  📝 Reason: 5m: RSI oversold (31.0); 5m: MACD bearish; 15m: MACD bearish; 1h: RSI oversold (35.9)

[16:01:27] Cycle 1764
  💰 Current Price: $67853.50
  🎯 Signal: BUY (confidence: 0.20)
  📝 Reason: 5m: RSI oversold (30.4); 5m: MACD bearish; 15m: MACD bearish; 1h: RSI oversold (35.7)

[16:01:58] Cycle 1765
  💰 Current Price: $67853.60
  🎯 Signal: BUY (confidence: 0.20)
  📝 Reason: 5m: RSI oversold (30.5); 5m: MACD bearish; 15m: MACD bearish; 1h: RSI oversold (35.7)

[16:02:29] Cycle 1766
  💰 Current Price: $67853.50
  🎯 Signal: BUY (confidence: 0.20)
  📝 Reason: 5m: RSI oversold (30.4); 5m: MACD bearish; 15m: MACD bearish; 1h: RSI oversold (35.7)

[16:03:00] Cycle 1767
  💰 Current Price: $67853.50
  🎯 Signal: BUY (confidence: 0.20)
  📝 Reason: 5m: RSI oversold (30.4); 5m: MACD bearish; 15m: MACD bearish; 1h: RSI oversold (35.7)

[16:03:31] Cycle 1768
  💰 Current Price: $67860.90
  🎯 Signal: BUY (confidence: 0.20)
  📝 Reason: 5m: RSI oversold (30.9); 5m: MACD bearish; 15m: MACD bearish; 1h: RSI oversold (35.9)

[16:04:02] Cycle 1769
  💰 Current Price: $67863.50
  🎯 Signal: BUY (confidence: 0.20)
  📝 Reason: 5m: RSI oversold (31.1); 5m: MACD bearish; 15m: MACD bearish; 1h: RSI oversold (36.0)

[16:04:33] Cycle 1770
  💰 Current Price: $67863.50
  🎯 Signal: BUY (confidence: 0.20)
  📝 Reason: 5m: RSI oversold (31.1); 5m: MACD bearish; 15m: MACD bearish; 1h: RSI oversold (36.0)

[16:05:03] Cycle 1771
  💰 Current Price: $67859.50
  🎯 Signal: BUY (confidence: 0.20)
  📝 Reason: 5m: RSI oversold (32.1); 5m: MACD bearish; 15m: MACD bearish; 1h: RSI oversold (35.9)

[16:05:34] Cycle 1772
  💰 Current Price: $67836.30
  🎯 Signal: BUY (confidence: 0.20)
  📝 Reason: 5m: RSI oversold (30.6); 5m: MACD bearish; 15m: MACD bearish; 1h: RSI oversold (35.3)

[16:06:06] Cycle 1773
  💰 Current Price: $67826.10
  🎯 Signal: BUY (confidence: 0.20)
  📝 Reason: 5m: RSI oversold (30.0); 5m: MACD bearish; 15m: MACD bearish; 1h: RSI oversold (35.2)

[16:06:36] Cycle 1774
  💰 Current Price: $67831.50
  🎯 Signal: BUY (confidence: 0.20)
  📝 Reason: 5m: RSI oversold (30.3); 5m: MACD bearish; 15m: MACD bearish; 1h: RSI oversold (35.3)

[16:07:08] Cycle 1775
  💰 Current Price: $67831.60
  🎯 Signal: BUY (confidence: 0.20)
  📝 Reason: 5m: RSI oversold (30.3); 5m: MACD bearish; 15m: MACD bearish; 1h: RSI oversold (35.3)

[16:07:38] Cycle 1776
  💰 Current Price: $67832.00
  🎯 Signal: BUY (confidence: 0.20)
  📝 Reason: 5m: RSI oversold (30.4); 5m: MACD bearish; 15m: MACD bearish; 1h: RSI oversold (35.3)

[16:08:09] Cycle 1777
  💰 Current Price: $67852.70
  🎯 Signal: BUY (confidence: 0.20)
  📝 Reason: 5m: RSI oversold (31.7); 5m: MACD bearish; 15m: MACD bearish; 1h: RSI oversold (35.7)

[16:08:40] Cycle 1778
  💰 Current Price: $67854.90
  🎯 Signal: BUY (confidence: 0.20)
  📝 Reason: 5m: RSI oversold (31.8); 5m: MACD bearish; 15m: MACD bearish; 1h: RSI oversold (35.8)

[16:09:11] Cycle 1779
  💰 Current Price: $67877.00
  🎯 Signal: BUY (confidence: 0.20)
  📝 Reason: 5m: RSI oversold (34.6); 5m: MACD bearish; 15m: MACD bearish; 1h: RSI oversold (36.2)

[16:09:42] Cycle 1780
  💰 Current Price: $67872.20
  🎯 Signal: BUY (confidence: 0.20)
  📝 Reason: 5m: RSI oversold (33.9); 5m: MACD bearish; 15m: MACD bearish; 1h: RSI oversold (36.1)

[16:10:13] Cycle 1781
  💰 Current Price: $67877.60
  🎯 Signal: BUY (confidence: 0.20)
  📝 Reason: 5m: RSI oversold (36.7); 5m: MACD bearish; 15m: MACD bearish; 1h: RSI oversold (36.2)

[16:10:44] Cycle 1782
  💰 Current Price: $67877.60
  🎯 Signal: BUY (confidence: 0.20)
  📝 Reason: 5m: RSI oversold (36.7); 5m: MACD bearish; 15m: MACD bearish; 1h: RSI oversold (36.2)

[16:11:15] Cycle 1783
  💰 Current Price: $67874.90
  🎯 Signal: BUY (confidence: 0.20)
  📝 Reason: 5m: RSI oversold (36.3); 5m: MACD bearish; 15m: MACD bearish; 1h: RSI oversold (36.2)

[16:11:46] Cycle 1784
  💰 Current Price: $67879.30
  🎯 Signal: BUY (confidence: 0.20)
  📝 Reason: 5m: RSI oversold (36.9); 5m: MACD bearish; 15m: MACD bearish; 1h: RSI oversold (36.3)

[16:12:17] Cycle 1785
  💰 Current Price: $67872.20
  🎯 Signal: BUY (confidence: 0.20)
  📝 Reason: 5m: RSI oversold (36.1); 5m: MACD bearish; 15m: MACD bearish; 1h: RSI oversold (36.1)

[16:12:48] Cycle 1786
  💰 Current Price: $67872.20
  🎯 Signal: BUY (confidence: 0.20)
  📝 Reason: 5m: RSI oversold (36.1); 5m: MACD bearish; 15m: MACD bearish; 1h: RSI oversold (36.1)

[16:13:19] Cycle 1787
  💰 Current Price: $67872.20
  🎯 Signal: BUY (confidence: 0.20)
  📝 Reason: 5m: RSI oversold (36.1); 5m: MACD bearish; 15m: MACD bearish; 1h: RSI oversold (36.1)

[16:13:49] Cycle 1788
  💰 Current Price: $67881.20
  🎯 Signal: BUY (confidence: 0.20)
  📝 Reason: 5m: RSI oversold (37.2); 5m: MACD bearish; 15m: MACD bearish; 1h: RSI oversold (36.3)

[16:14:20] Cycle 1789
  💰 Current Price: $67881.10
  🎯 Signal: BUY (confidence: 0.20)
  📝 Reason: 5m: RSI oversold (37.2); 5m: MACD bearish; 15m: MACD bearish; 1h: RSI oversold (36.3)

[16:14:51] Cycle 1790
  💰 Current Price: $67882.00
  🎯 Signal: BUY (confidence: 0.20)
  📝 Reason: 5m: RSI oversold (37.3); 5m: MACD bearish; 15m: MACD bearish; 1h: RSI oversold (36.3)

[16:15:22] Cycle 1791
  💰 Current Price: $67882.00
  🎯 Signal: BUY (confidence: 0.20)
  📝 Reason: 5m: RSI oversold (37.8); 5m: MACD bearish; 15m: MACD bearish; 1h: RSI oversold (36.3)

[16:15:53] Cycle 1792
  💰 Current Price: $67862.10
  🎯 Signal: BUY (confidence: 0.20)
  📝 Reason: 5m: RSI oversold (36.2); 5m: MACD bearish; 15m: MACD bearish; 1h: RSI oversold (35.9)

[16:16:25] Cycle 1793
  💰 Current Price: $67862.00
  🎯 Signal: BUY (confidence: 0.20)
  📝 Reason: 5m: RSI oversold (36.2); 5m: MACD bearish; 15m: MACD bearish; 1h: RSI oversold (35.9)

[16:16:55] Cycle 1794
  💰 Current Price: $67847.00
  🎯 Signal: BUY (confidence: 0.20)
  📝 Reason: 5m: RSI oversold (35.2); 5m: MACD bearish; 15m: MACD bearish; 1h: RSI oversold (35.6)

[16:17:26] Cycle 1795
  💰 Current Price: $67802.10
  🎯 Signal: BUY (confidence: 0.20)
  📝 Reason: 5m: RSI oversold (32.3); 5m: MACD bearish; 15m: MACD bearish; 1h: RSI oversold (34.7)

[16:17:57] Cycle 1796
  💰 Current Price: $67802.10
  🎯 Signal: BUY (confidence: 0.20)
  📝 Reason: 5m: RSI oversold (32.3); 5m: MACD bearish; 15m: MACD bearish; 1h: RSI oversold (34.7)

[16:18:28] Cycle 1797
  💰 Current Price: $67782.10
  🎯 Signal: BUY (confidence: 0.20)
  📝 Reason: 5m: RSI oversold (31.1); 5m: MACD bearish; 15m: MACD bearish; 1h: RSI oversold (34.3)

[16:18:59] Cycle 1798
  💰 Current Price: $67792.20
  🎯 Signal: BUY (confidence: 0.20)
  📝 Reason: 5m: RSI oversold (31.7); 5m: MACD bearish; 15m: MACD bearish; 1h: RSI oversold (34.5)

[16:19:30] Cycle 1799
  💰 Current Price: $67795.10
  🎯 Signal: BUY (confidence: 0.20)
  📝 Reason: 5m: RSI oversold (31.9); 5m: MACD bearish; 15m: MACD bearish; 1h: RSI oversold (34.6)

[16:20:01] Cycle 1800
  💰 Current Price: $67783.50
  🎯 Signal: BUY (confidence: 0.20)
  📝 Reason: 5m: RSI oversold (34.7); 5m: MACD bearish; 15m: MACD bearish; 1h: RSI oversold (34.4)

[16:20:32] Cycle 1801
  💰 Current Price: $67772.10
  🎯 Signal: BUY (confidence: 0.20)
  📝 Reason: 5m: RSI oversold (33.9); 5m: MACD bearish; 15m: MACD bearish; 1h: RSI oversold (34.2)

[16:21:03] Cycle 1802
  💰 Current Price: $67802.00
  🎯 Signal: BUY (confidence: 0.20)
  📝 Reason: 5m: RSI oversold (37.0); 5m: MACD bearish; 15m: MACD bearish; 1h: RSI oversold (34.7)

[16:21:34] Cycle 1803
  💰 Current Price: $67801.90
  🎯 Signal: BUY (confidence: 0.20)
  📝 Reason: 5m: RSI oversold (37.0); 5m: MACD bearish; 15m: MACD bearish; 1h: RSI oversold (34.7)

[16:22:04] Cycle 1804
  💰 Current Price: $67802.10
  🎯 Signal: BUY (confidence: 0.20)
  📝 Reason: 5m: RSI oversold (37.0); 5m: MACD bearish; 15m: MACD bearish; 1h: RSI oversold (34.7)

[16:22:35] Cycle 1805
  💰 Current Price: $67802.10
  🎯 Signal: BUY (confidence: 0.20)
  Learning: 0 closed trades | win rate 0.0% | avg P&L +0.00%
  Learning status: need 12 closed trades, have 0
  Recovered open trade id=1 for BTC
============================================================
  🪙 Crypto BTC Swing Trading Bot 🟢 LIVE 🤖 AUTO
  Pair: XBTUSD
  Risk per trade: 2.0%
  Min risk/reward: 2.0:1
  Profit target: 4.0%
  Stop loss: 2.0%
  RSI thresholds: 40/70
============================================================

[14:27:17] Cycle 1
  💰 Current Price: $71462.80
  🎯 Signal: BUY (confidence: 0.40)
  📝 Reason: 5m: MACD bearish; 15m: RSI oversold (35.4); 15m: MACD bearish; 1h: MACD bullish

[14:27:48] Cycle 2
  💰 Current Price: $71459.90
  🎯 Signal: BUY (confidence: 0.40)
  📝 Reason: 5m: MACD bearish; 15m: RSI oversold (35.3); 15m: MACD bearish; 1h: MACD bullish

[14:28:18] Cycle 3
  💰 Current Price: $71460.00
  🎯 Signal: BUY (confidence: 0.40)
  📝 Reason: 5m: MACD bearish; 15m: RSI oversold (35.4); 15m: MACD bearish; 1h: MACD bullish

[14:28:49] Cycle 4
  💰 Current Price: $71471.70
  🎯 Signal: BUY (confidence: 0.40)
  📝 Reason: 5m: MACD bearish; 15m: RSI oversold (35.7); 15m: MACD bearish; 1h: MACD bullish

[14:29:20] Cycle 5
  💰 Current Price: $71471.80
  🎯 Signal: BUY (confidence: 0.40)
  📝 Reason: 5m: MACD bearish; 15m: RSI oversold (35.7); 15m: MACD bearish; 1h: MACD bullish

[14:29:50] Cycle 6
  💰 Current Price: $71474.70
  🎯 Signal: BUY (confidence: 0.40)
  📝 Reason: 5m: MACD bearish; 15m: RSI oversold (35.8); 15m: MACD bearish; 1h: MACD bullish

[14:30:21] Cycle 7
  💰 Current Price: $71470.10
  🎯 Signal: BUY (confidence: 0.40)
  📝 Reason: 5m: MACD bearish; 15m: RSI oversold (38.3); 15m: MACD bearish; 1h: MACD bullish

[14:30:52] Cycle 8
  💰 Current Price: $71435.80
  🎯 Signal: BUY (confidence: 0.40)
  📝 Reason: 5m: MACD bearish; 15m: RSI oversold (37.1); 15m: MACD bearish; 1h: MACD bullish

[14:31:22] Cycle 9
  💰 Current Price: $71432.50
  🎯 Signal: BUY (confidence: 0.40)
  📝 Reason: 5m: MACD bearish; 15m: RSI oversold (37.0); 15m: MACD bearish; 1h: MACD bullish

[14:31:53] Cycle 10
  💰 Current Price: $71432.50
  🎯 Signal: BUY (confidence: 0.40)
  📝 Reason: 5m: MACD bearish; 15m: RSI oversold (37.0); 15m: MACD bearish; 1h: MACD bullish

[14:32:24] Cycle 11
  💰 Current Price: $71432.50
  🎯 Signal: BUY (confidence: 0.40)
  📝 Reason: 5m: MACD bearish; 15m: RSI oversold (37.0); 15m: MACD bearish; 1h: MACD bullish

[14:32:54] Cycle 12
  💰 Current Price: $71432.50
  🎯 Signal: BUY (confidence: 0.40)
  📝 Reason: 5m: MACD bearish; 15m: RSI oversold (37.0); 15m: MACD bearish; 1h: MACD bullish

[14:33:25] Cycle 13
  💰 Current Price: $71450.00
  🎯 Signal: BUY (confidence: 0.40)
  📝 Reason: 5m: MACD bearish; 15m: RSI oversold (37.6); 15m: MACD bearish; 1h: MACD bullish

[14:33:55] Cycle 14
  💰 Current Price: $71450.10
  🎯 Signal: BUY (confidence: 0.40)
  📝 Reason: 5m: MACD bearish; 15m: RSI oversold (37.6); 15m: MACD bearish; 1h: MACD bullish

[14:34:26] Cycle 15
  💰 Current Price: $71459.60
  🎯 Signal: BUY (confidence: 0.40)
  📝 Reason: 5m: MACD bearish; 15m: RSI oversold (37.9); 15m: MACD bearish; 1h: MACD bullish

[14:34:56] Cycle 16
  💰 Current Price: $71459.30
  🎯 Signal: BUY (confidence: 0.40)
  📝 Reason: 5m: MACD bearish; 15m: RSI oversold (37.9); 15m: MACD bearish; 1h: MACD bullish

[14:35:27] Cycle 17
  💰 Current Price: $71400.00
  🎯 Signal: BUY (confidence: 0.40)
  📝 Reason: 5m: MACD bearish; 15m: RSI oversold (36.0); 15m: MACD bearish; 1h: MACD bullish

[14:35:57] Cycle 18
  💰 Current Price: $71374.00
  🎯 Signal: BUY (confidence: 0.50)
  📝 Reason: 5m: RSI oversold (39.7); 5m: MACD bearish; 15m: RSI oversold (35.2); 15m: MACD bearish

[14:36:28] Cycle 19
  💰 Current Price: $71379.90
  🎯 Signal: BUY (confidence: 0.50)
  📝 Reason: 5m: RSI oversold (39.9); 5m: MACD bearish; 15m: RSI oversold (35.4); 15m: MACD bearish

[14:36:59] Cycle 20
  💰 Current Price: $71398.40
  🎯 Signal: BUY (confidence: 0.40)
  📝 Reason: 5m: MACD bearish; 15m: RSI oversold (35.9); 15m: MACD bearish; 1h: MACD bullish

[14:37:29] Cycle 21
  💰 Current Price: $71398.40
  🎯 Signal: BUY (confidence: 0.40)
  📝 Reason: 5m: MACD bearish; 15m: RSI oversold (35.9); 15m: MACD bearish; 1h: MACD bullish

[14:38:00] Cycle 22
  💰 Current Price: $71398.50
  🎯 Signal: BUY (confidence: 0.40)
  📝 Reason: 5m: MACD bearish; 15m: RSI oversold (35.9); 15m: MACD bearish; 1h: MACD bullish

[14:38:30] Cycle 23
  💰 Current Price: $71411.50
  🎯 Signal: BUY (confidence: 0.40)
  📝 Reason: 5m: MACD bearish; 15m: RSI oversold (36.3); 15m: MACD bearish; 1h: MACD bullish

[14:39:01] Cycle 24
  💰 Current Price: $71406.30
  🎯 Signal: BUY (confidence: 0.40)
  📝 Reason: 5m: MACD bearish; 15m: RSI oversold (36.2); 15m: MACD bearish; 1h: MACD bullish

[14:39:31] Cycle 25
  💰 Current Price: $71377.20
  🎯 Signal: BUY (confidence: 0.50)
  📝 Reason: 5m: RSI oversold (39.8); 5m: MACD bearish; 15m: RSI oversold (35.3); 15m: MACD bearish

[14:40:02] Cycle 26
  💰 Current Price: $71392.80
  🎯 Signal: BUY (confidence: 0.40)
  📝 Reason: 5m: MACD bearish; 15m: RSI oversold (35.8); 15m: MACD bearish; 1h: MACD bullish

[14:40:32] Cycle 27
  💰 Current Price: $71392.80
  🎯 Signal: BUY (confidence: 0.40)
  📝 Reason: 5m: MACD bearish; 15m: RSI oversold (35.8); 15m: MACD bearish; 1h: MACD bullish

[14:41:03] Cycle 28
  💰 Current Price: $71395.20
  🎯 Signal: BUY (confidence: 0.40)
  📝 Reason: 5m: MACD bearish; 15m: RSI oversold (35.8); 15m: MACD bearish; 1h: MACD bullish

[14:41:34] Cycle 29
  💰 Current Price: $71432.00
  🎯 Signal: BUY (confidence: 0.40)
  📝 Reason: 5m: MACD bearish; 15m: RSI oversold (37.0); 15m: MACD bearish; 1h: MACD bullish

[14:42:04] Cycle 30
  💰 Current Price: $71424.60
  🎯 Signal: BUY (confidence: 0.40)
  📝 Reason: 5m: MACD bearish; 15m: RSI oversold (36.7); 15m: MACD bearish; 1h: MACD bullish

[14:42:35] Cycle 31
  💰 Current Price: $71461.40
  🎯 Signal: BUY (confidence: 0.40)
  📝 Reason: 5m: MACD bearish; 15m: RSI oversold (38.0); 15m: MACD bearish; 1h: MACD bullish

[14:43:05] Cycle 32
  💰 Current Price: $71476.60
  🎯 Signal: BUY (confidence: 0.40)
  📝 Reason: 5m: MACD bearish; 15m: RSI oversold (38.5); 15m: MACD bearish; 1h: MACD bullish

[14:43:36] Cycle 33
  💰 Current Price: $71473.80
  🎯 Signal: BUY (confidence: 0.40)
  📝 Reason: 5m: MACD bearish; 15m: RSI oversold (38.4); 15m: MACD bearish; 1h: MACD bullish

[14:44:07] Cycle 34
  💰 Current Price: $71484.10
  🎯 Signal: BUY (confidence: 0.40)
  📝 Reason: 5m: MACD bearish; 15m: RSI oversold (38.9); 15m: MACD bearish; 1h: MACD bullish

[14:44:37] Cycle 35
  💰 Current Price: $71488.20
  🎯 Signal: BUY (confidence: 0.40)
  📝 Reason: 5m: MACD bearish; 15m: RSI oversold (39.2); 15m: MACD bearish; 1h: MACD bullish

[14:45:08] Cycle 36
  💰 Current Price: $71501.30
  🎯 Signal: BUY (confidence: 0.20)
  📝 Reason: 5m: MACD bearish; 15m: MACD bearish; 1h: MACD bullish; 4h: MACD bullish

[14:45:39] Cycle 37
  💰 Current Price: $71465.40
  🎯 Signal: BUY (confidence: 0.40)
  📝 Reason: 5m: MACD bearish; 15m: RSI oversold (38.7); 15m: MACD bearish; 1h: MACD bullish

[14:46:09] Cycle 38
  💰 Current Price: $71458.00
  🎯 Signal: BUY (confidence: 0.40)
  📝 Reason: 5m: MACD bearish; 15m: RSI oversold (38.5); 15m: MACD bearish; 1h: MACD bullish

[14:46:40] Cycle 39
  💰 Current Price: $71482.00
  🎯 Signal: BUY (confidence: 0.40)
  📝 Reason: 5m: MACD bearish; 15m: RSI oversold (39.0); 15m: MACD bearish; 1h: MACD bullish

[14:47:11] Cycle 40
  💰 Current Price: $71470.40
  🎯 Signal: BUY (confidence: 0.40)
  📝 Reason: 5m: MACD bearish; 15m: RSI oversold (38.9); 15m: MACD bearish; 1h: MACD bullish

[14:47:41] Cycle 41
  💰 Current Price: $71451.00
  🎯 Signal: BUY (confidence: 0.40)
  📝 Reason: 5m: MACD bearish; 15m: RSI oversold (38.2); 15m: MACD bearish; 1h: MACD bullish

[14:48:12] Cycle 42
  💰 Current Price: $71446.40
  🎯 Signal: BUY (confidence: 0.40)
