  Learning: 0 closed trades | win rate 0.0% | avg P&L +0.00%
  Learning status: need 12 closed trades, have 0
  Position detected but no open trade row found — entry was not logged
============================================================
  🪙 Crypto DOT Swing Trading Bot 🟢 LIVE 🤖 AUTO
  Pair: DOTUSD
  Risk per trade: 2.0%
  Min risk/reward: 2.0:1
  Profit target: 7.0%
  Stop loss: 3.5%
  RSI thresholds: 35/75
============================================================

[00:50:26] Cycle 1
  💰 Current Price: $1.49
  🎯 Signal: HOLD (confidence: 0.03)
  📝 Reason: 5m: MACD bullish; 15m: MACD bullish; 1h: MACD bearish; 4h: RSI oversold (34.0)

[00:50:57] Cycle 2
  💰 Current Price: $1.49
  🎯 Signal: HOLD (confidence: 0.03)
  📝 Reason: 5m: MACD bullish; 15m: MACD bullish; 1h: MACD bearish; 4h: RSI oversold (34.4)

[00:51:28] Cycle 3
  💰 Current Price: $1.49
  🎯 Signal: HOLD (confidence: 0.03)
  📝 Reason: 5m: MACD bullish; 15m: MACD bullish; 1h: MACD bearish; 4h: RSI oversold (34.4)

[00:51:59] Cycle 4
  💰 Current Price: $1.50
  🎯 Signal: HOLD (confidence: 0.10)
  📝 Reason: 5m: MACD bullish; 15m: MACD bullish; 1h: MACD bearish; 4h: RSI oversold (34.9)

[00:52:30] Cycle 5
  💰 Current Price: $1.50
  🎯 Signal: HOLD (confidence: 0.10)
  📝 Reason: 5m: MACD bullish; 15m: MACD bullish; 1h: MACD bearish; 4h: RSI oversold (34.9)

[00:53:01] Cycle 6
  💰 Current Price: $1.50
  🎯 Signal: HOLD (confidence: 0.10)
  📝 Reason: 5m: MACD bullish; 15m: MACD bullish; 1h: MACD bearish; 4h: RSI oversold (34.9)

[00:53:32] Cycle 7
  💰 Current Price: $1.50
  🎯 Signal: HOLD (confidence: 0.10)
  📝 Reason: 5m: MACD bullish; 15m: MACD bullish; 1h: MACD bearish; 4h: RSI oversold (34.9)

[00:54:03] Cycle 8
  💰 Current Price: $1.50
  🎯 Signal: HOLD (confidence: 0.10)
  📝 Reason: 5m: MACD bullish; 15m: MACD bullish; 1h: MACD bearish; 4h: RSI oversold (34.9)

[00:54:34] Cycle 9
  💰 Current Price: $1.50
  🎯 Signal: SELL (confidence: 0.30)
  📝 Reason: 5m: MACD bullish; 15m: MACD bullish; 1h: MACD bearish; 4h: MACD bearish
  ⚠️ Sell signal but no position

[00:55:05] Cycle 10
  💰 Current Price: $1.50
  🎯 Signal: SELL (confidence: 0.30)
  📝 Reason: 5m: MACD bullish; 15m: MACD bullish; 1h: MACD bearish; 4h: MACD bearish
  ⚠️ Sell signal but no position

[00:55:36] Cycle 11
  💰 Current Price: $1.50
  🎯 Signal: SELL (confidence: 0.30)
  📝 Reason: 5m: MACD bullish; 15m: MACD bullish; 1h: MACD bearish; 4h: MACD bearish
  ⚠️ Sell signal but no position

[00:56:07] Cycle 12
  💰 Current Price: $1.50
  🎯 Signal: SELL (confidence: 0.30)
  📝 Reason: 5m: MACD bullish; 15m: MACD bullish; 1h: MACD bearish; 4h: MACD bearish
  ⚠️ Sell signal but no position

[00:56:38] Cycle 13
  💰 Current Price: $1.50
  🎯 Signal: HOLD (confidence: 0.10)
  📝 Reason: 5m: MACD bullish; 15m: MACD bullish; 1h: MACD bearish; 4h: RSI oversold (34.9)

[00:57:09] Cycle 14
  💰 Current Price: $1.50
  🎯 Signal: HOLD (confidence: 0.10)
  📝 Reason: 5m: MACD bullish; 15m: MACD bullish; 1h: MACD bearish; 4h: RSI oversold (34.6)

[00:57:40] Cycle 15
  💰 Current Price: $1.49
  🎯 Signal: HOLD (confidence: 0.03)
  📝 Reason: 5m: MACD bullish; 15m: MACD bullish; 1h: MACD bearish; 4h: RSI oversold (34.3)

[00:58:11] Cycle 16
  💰 Current Price: $1.49
  🎯 Signal: HOLD (confidence: 0.03)
  📝 Reason: 5m: MACD bullish; 15m: MACD bullish; 1h: MACD bearish; 4h: RSI oversold (34.3)

[00:58:42] Cycle 17
  💰 Current Price: $1.49
  🎯 Signal: HOLD (confidence: 0.03)
  📝 Reason: 5m: MACD bullish; 15m: MACD bullish; 1h: MACD bearish; 4h: RSI oversold (34.3)

[00:59:13] Cycle 18
  💰 Current Price: $1.49
  🎯 Signal: HOLD (confidence: 0.03)
  📝 Reason: 5m: MACD bullish; 15m: MACD bullish; 1h: MACD bearish; 4h: RSI oversold (34.3)

[00:59:44] Cycle 19
  💰 Current Price: $1.49
  🎯 Signal: HOLD (confidence: 0.03)
  📝 Reason: 5m: MACD bullish; 15m: MACD bullish; 1h: MACD bearish; 4h: RSI oversold (34.3)

[01:00:15] Cycle 20
  💰 Current Price: $1.49
  🎯 Signal: HOLD (confidence: 0.03)
  📝 Reason: 5m: MACD bullish; 15m: MACD bullish; 1h: MACD bearish; 4h: RSI oversold (34.1)

[01:00:46] Cycle 21
  💰 Current Price: $1.49
  🎯 Signal: HOLD (confidence: 0.03)
  📝 Reason: 5m: MACD bullish; 15m: MACD bullish; 1h: MACD bearish; 4h: RSI oversold (34.1)

[01:01:17] Cycle 22
  💰 Current Price: $1.49
  🎯 Signal: HOLD (confidence: 0.03)
  📝 Reason: 5m: MACD bullish; 15m: MACD bullish; 1h: MACD bearish; 4h: RSI oversold (34.1)

[01:01:48] Cycle 23
  💰 Current Price: $1.49
  🎯 Signal: HOLD (confidence: 0.03)
  📝 Reason: 5m: MACD bullish; 15m: MACD bullish; 1h: MACD bearish; 4h: RSI oversold (34.1)

[01:02:19] Cycle 24
  💰 Current Price: $1.49
  🎯 Signal: HOLD (confidence: 0.03)
  📝 Reason: 5m: MACD bullish; 15m: MACD bullish; 1h: MACD bearish; 4h: RSI oversold (34.1)

[01:02:50] Cycle 25
  💰 Current Price: $1.49
  🎯 Signal: HOLD (confidence: 0.03)
  📝 Reason: 5m: MACD bullish; 15m: MACD bullish; 1h: MACD bearish; 4h: RSI oversold (33.9)

[01:03:21] Cycle 26
  💰 Current Price: $1.49
  🎯 Signal: HOLD (confidence: 0.03)
  📝 Reason: 5m: MACD bullish; 15m: MACD bullish; 1h: MACD bearish; 4h: RSI oversold (33.9)

[01:03:52] Cycle 27
  💰 Current Price: $1.49
  🎯 Signal: HOLD (confidence: 0.03)
  📝 Reason: 5m: MACD bullish; 15m: MACD bullish; 1h: MACD bearish; 4h: RSI oversold (33.6)

[01:04:23] Cycle 28
  💰 Current Price: $1.49
  🎯 Signal: HOLD (confidence: 0.03)
  📝 Reason: 5m: MACD bullish; 15m: MACD bullish; 1h: MACD bearish; 4h: RSI oversold (33.6)

[01:04:54] Cycle 29
  💰 Current Price: $1.49
  🎯 Signal: HOLD (confidence: 0.03)
  📝 Reason: 5m: MACD bullish; 15m: MACD bullish; 1h: MACD bearish; 4h: RSI oversold (33.6)

[01:05:26] Cycle 30
  💰 Current Price: $1.49
  🎯 Signal: HOLD (confidence: 0.03)
  📝 Reason: 5m: MACD bullish; 15m: MACD bullish; 1h: MACD bearish; 4h: RSI oversold (33.6)

[01:05:57] Cycle 31
  💰 Current Price: $1.49
  🎯 Signal: HOLD (confidence: 0.03)
  📝 Reason: 5m: MACD bullish; 15m: MACD bullish; 1h: MACD bearish; 4h: RSI oversold (33.2)

[01:06:28] Cycle 32
  💰 Current Price: $1.49
  🎯 Signal: HOLD (confidence: 0.03)
  📝 Reason: 5m: MACD bullish; 15m: MACD bullish; 1h: MACD bearish; 4h: RSI oversold (32.2)

[01:06:59] Cycle 33
  💰 Current Price: $1.49
  🎯 Signal: HOLD (confidence: 0.03)
  📝 Reason: 5m: MACD bullish; 15m: MACD bullish; 1h: MACD bearish; 4h: RSI oversold (32.2)

[01:07:30] Cycle 34
  💰 Current Price: $1.49
  🎯 Signal: HOLD (confidence: 0.03)
  📝 Reason: 5m: MACD bullish; 15m: MACD bullish; 1h: MACD bearish; 4h: RSI oversold (32.2)

[01:08:01] Cycle 35
  💰 Current Price: $1.49
  🎯 Signal: HOLD (confidence: 0.03)
  📝 Reason: 5m: MACD bullish; 15m: MACD bullish; 1h: MACD bearish; 4h: RSI oversold (32.2)

[01:08:32] Cycle 36
  💰 Current Price: $1.49
  🎯 Signal: HOLD (confidence: 0.03)
  📝 Reason: 5m: MACD bullish; 15m: MACD bullish; 1h: MACD bearish; 4h: RSI oversold (32.2)

[01:09:03] Cycle 37
  💰 Current Price: $1.49
  🎯 Signal: HOLD (confidence: 0.03)
  📝 Reason: 5m: MACD bullish; 15m: MACD bullish; 1h: MACD bearish; 4h: RSI oversold (32.2)

[01:09:34] Cycle 38
  💰 Current Price: $1.49
  🎯 Signal: HOLD (confidence: 0.03)
  📝 Reason: 5m: MACD bullish; 15m: MACD bullish; 1h: MACD bearish; 4h: RSI oversold (32.6)

[01:10:05] Cycle 39
  💰 Current Price: $1.49
  🎯 Signal: HOLD (confidence: 0.03)
  📝 Reason: 5m: MACD bullish; 15m: MACD bullish; 1h: MACD bearish; 4h: RSI oversold (32.9)

[01:10:36] Cycle 40
  💰 Current Price: $1.49
  🎯 Signal: HOLD (confidence: 0.03)
  📝 Reason: 5m: MACD bullish; 15m: MACD bullish; 1h: MACD bearish; 4h: RSI oversold (32.9)

[01:11:07] Cycle 41
  💰 Current Price: $1.49
  🎯 Signal: HOLD (confidence: 0.03)
  📝 Reason: 5m: MACD bullish; 15m: MACD bullish; 1h: MACD bearish; 4h: RSI oversold (33.0)

[01:11:38] Cycle 42
  💰 Current Price: $1.49
  🎯 Signal: HOLD (confidence: 0.03)
  Learning: 0 closed trades | win rate 0.0% | avg P&L +0.00%
  Learning status: need 12 closed trades, have 0
  Position detected but no open trade row found — entry was not logged
============================================================
  🪙 Crypto DOT Swing Trading Bot 🟢 LIVE 🤖 AUTO
  Pair: DOTUSD
  Risk per trade: 2.0%
  Min risk/reward: 2.0:1
  Profit target: 7.0%
  Stop loss: 3.5%
  RSI thresholds: 35/75
============================================================

[00:53:09] Cycle 1
  💰 Current Price: $1.50
  🎯 Signal: HOLD (confidence: 0.10)
  📝 Reason: 5m: MACD bullish; 15m: MACD bullish; 1h: MACD bearish; 4h: RSI oversold (34.9)

[00:53:40] Cycle 2
  💰 Current Price: $1.50
  🎯 Signal: HOLD (confidence: 0.10)
  📝 Reason: 5m: MACD bullish; 15m: MACD bullish; 1h: MACD bearish; 4h: RSI oversold (34.9)

[00:54:11] Cycle 3
  💰 Current Price: $1.50
  🎯 Signal: HOLD (confidence: 0.10)
  📝 Reason: 5m: MACD bullish; 15m: MACD bullish; 1h: MACD bearish; 4h: RSI oversold (34.9)

[00:54:43] Cycle 4
  💰 Current Price: $1.50
  🎯 Signal: SELL (confidence: 0.30)
  📝 Reason: 5m: MACD bullish; 15m: MACD bullish; 1h: MACD bearish; 4h: MACD bearish
  ⚠️ Sell signal but no position

[00:55:14] Cycle 5
  💰 Current Price: $1.50
  🎯 Signal: SELL (confidence: 0.30)
  📝 Reason: 5m: MACD bullish; 15m: MACD bullish; 1h: MACD bearish; 4h: MACD bearish
  ⚠️ Sell signal but no position

[00:55:45] Cycle 6
  💰 Current Price: $1.50
  🎯 Signal: SELL (confidence: 0.30)
  📝 Reason: 5m: MACD bullish; 15m: MACD bullish; 1h: MACD bearish; 4h: MACD bearish
  ⚠️ Sell signal but no position

[00:56:16] Cycle 7
  💰 Current Price: $1.50
  🎯 Signal: SELL (confidence: 0.30)
  📝 Reason: 5m: MACD bullish; 15m: MACD bullish; 1h: MACD bearish; 4h: MACD bearish
  ⚠️ Sell signal but no position

[00:56:47] Cycle 8
  💰 Current Price: $1.50
  🎯 Signal: HOLD (confidence: 0.10)
  📝 Reason: 5m: MACD bullish; 15m: MACD bullish; 1h: MACD bearish; 4h: RSI oversold (34.9)

[00:57:18] Cycle 9
  💰 Current Price: $1.50
  🎯 Signal: HOLD (confidence: 0.10)
  📝 Reason: 5m: MACD bullish; 15m: MACD bullish; 1h: MACD bearish; 4h: RSI oversold (34.6)

[00:57:49] Cycle 10
  💰 Current Price: $1.49
  🎯 Signal: HOLD (confidence: 0.03)
  📝 Reason: 5m: MACD bullish; 15m: MACD bullish; 1h: MACD bearish; 4h: RSI oversold (34.3)

[00:58:20] Cycle 11
  💰 Current Price: $1.49
  🎯 Signal: HOLD (confidence: 0.03)
  📝 Reason: 5m: MACD bullish; 15m: MACD bullish; 1h: MACD bearish; 4h: RSI oversold (34.3)

[00:58:51] Cycle 12
  💰 Current Price: $1.49
  🎯 Signal: HOLD (confidence: 0.03)
  📝 Reason: 5m: MACD bullish; 15m: MACD bullish; 1h: MACD bearish; 4h: RSI oversold (34.3)

[00:59:21] Cycle 13
  💰 Current Price: $1.49
  🎯 Signal: HOLD (confidence: 0.03)
  📝 Reason: 5m: MACD bullish; 15m: MACD bullish; 1h: MACD bearish; 4h: RSI oversold (34.3)

[00:59:53] Cycle 14
  💰 Current Price: $1.49
  🎯 Signal: HOLD (confidence: 0.03)
  📝 Reason: 5m: MACD bullish; 15m: MACD bullish; 1h: MACD bearish; 4h: RSI oversold (34.1)

[01:00:24] Cycle 15
  💰 Current Price: $1.49
  🎯 Signal: HOLD (confidence: 0.03)
  📝 Reason: 5m: MACD bullish; 15m: MACD bullish; 1h: MACD bearish; 4h: RSI oversold (34.1)

[01:00:55] Cycle 16
  💰 Current Price: $1.49
  🎯 Signal: HOLD (confidence: 0.03)
  📝 Reason: 5m: MACD bullish; 15m: MACD bullish; 1h: MACD bearish; 4h: RSI oversold (34.1)

[01:01:26] Cycle 17
  💰 Current Price: $1.49
  🎯 Signal: HOLD (confidence: 0.03)
  📝 Reason: 5m: MACD bullish; 15m: MACD bullish; 1h: MACD bearish; 4h: RSI oversold (34.1)

[01:01:57] Cycle 18
  💰 Current Price: $1.49
  🎯 Signal: HOLD (confidence: 0.03)
  📝 Reason: 5m: MACD bullish; 15m: MACD bullish; 1h: MACD bearish; 4h: RSI oversold (34.1)

[01:02:28] Cycle 19
  💰 Current Price: $1.49
  🎯 Signal: HOLD (confidence: 0.03)
  📝 Reason: 5m: MACD bullish; 15m: MACD bullish; 1h: MACD bearish; 4h: RSI oversold (34.1)

[01:03:00] Cycle 20
  💰 Current Price: $1.49
  🎯 Signal: HOLD (confidence: 0.03)
  📝 Reason: 5m: MACD bullish; 15m: MACD bullish; 1h: MACD bearish; 4h: RSI oversold (33.9)

[01:03:31] Cycle 21
  💰 Current Price: $1.49
  🎯 Signal: HOLD (confidence: 0.03)
  📝 Reason: 5m: MACD bullish; 15m: MACD bullish; 1h: MACD bearish; 4h: RSI oversold (33.6)

[01:04:02] Cycle 22
  💰 Current Price: $1.49
  🎯 Signal: HOLD (confidence: 0.03)
  📝 Reason: 5m: MACD bullish; 15m: MACD bullish; 1h: MACD bearish; 4h: RSI oversold (33.6)

[01:04:33] Cycle 23
  💰 Current Price: $1.49
  🎯 Signal: HOLD (confidence: 0.03)
  📝 Reason: 5m: MACD bullish; 15m: MACD bullish; 1h: MACD bearish; 4h: RSI oversold (33.6)

[01:05:04] Cycle 24
  💰 Current Price: $1.49
  🎯 Signal: HOLD (confidence: 0.03)
  📝 Reason: 5m: MACD bullish; 15m: MACD bullish; 1h: MACD bearish; 4h: RSI oversold (33.6)

[01:05:35] Cycle 25
  💰 Current Price: $1.49
  🎯 Signal: HOLD (confidence: 0.03)
  📝 Reason: 5m: MACD bullish; 15m: MACD bullish; 1h: MACD bearish; 4h: RSI oversold (33.2)

[01:06:06] Cycle 26
  💰 Current Price: $1.49
  🎯 Signal: HOLD (confidence: 0.03)
  📝 Reason: 5m: MACD bullish; 15m: MACD bullish; 1h: MACD bearish; 4h: RSI oversold (33.2)

[01:06:37] Cycle 27
  💰 Current Price: $1.49
  🎯 Signal: HOLD (confidence: 0.03)
  📝 Reason: 5m: MACD bullish; 15m: MACD bullish; 1h: MACD bearish; 4h: RSI oversold (32.2)

[01:07:08] Cycle 28
  💰 Current Price: $1.49
  🎯 Signal: HOLD (confidence: 0.03)
  📝 Reason: 5m: MACD bullish; 15m: MACD bullish; 1h: MACD bearish; 4h: RSI oversold (32.2)

[01:07:39] Cycle 29
  💰 Current Price: $1.49
  🎯 Signal: HOLD (confidence: 0.03)
  📝 Reason: 5m: MACD bullish; 15m: MACD bullish; 1h: MACD bearish; 4h: RSI oversold (32.2)

[01:08:10] Cycle 30
  💰 Current Price: $1.49
  🎯 Signal: HOLD (confidence: 0.03)
  📝 Reason: 5m: MACD bullish; 15m: MACD bullish; 1h: MACD bearish; 4h: RSI oversold (32.2)

[01:08:41] Cycle 31
  💰 Current Price: $1.49
  🎯 Signal: HOLD (confidence: 0.03)
  📝 Reason: 5m: MACD bullish; 15m: MACD bullish; 1h: MACD bearish; 4h: RSI oversold (32.2)

[01:09:12] Cycle 32
  💰 Current Price: $1.49
  🎯 Signal: HOLD (confidence: 0.03)
  📝 Reason: 5m: MACD bullish; 15m: MACD bullish; 1h: MACD bearish; 4h: RSI oversold (32.2)

[01:09:43] Cycle 33
  💰 Current Price: $1.49
  🎯 Signal: HOLD (confidence: 0.03)
  📝 Reason: 5m: MACD bullish; 15m: MACD bullish; 1h: MACD bearish; 4h: RSI oversold (32.6)

[01:10:15] Cycle 34
  💰 Current Price: $1.49
  🎯 Signal: HOLD (confidence: 0.03)
  📝 Reason: 5m: MACD bullish; 15m: MACD bullish; 1h: MACD bearish; 4h: RSI oversold (32.9)

[01:10:45] Cycle 35
  💰 Current Price: $1.49
  🎯 Signal: HOLD (confidence: 0.03)
  📝 Reason: 5m: MACD bullish; 15m: MACD bullish; 1h: MACD bearish; 4h: RSI oversold (32.9)

[01:11:17] Cycle 36
  💰 Current Price: $1.49
  🎯 Signal: HOLD (confidence: 0.03)
  📝 Reason: 5m: MACD bullish; 15m: MACD bullish; 1h: MACD bearish; 4h: RSI oversold (33.0)

[01:11:48] Cycle 37
  💰 Current Price: $1.49
  🎯 Signal: HOLD (confidence: 0.03)
  📝 Reason: 5m: MACD bullish; 15m: MACD bullish; 1h: MACD bearish; 4h: RSI oversold (32.9)

[01:12:18] Cycle 38
  💰 Current Price: $1.49
  🎯 Signal: HOLD (confidence: 0.03)
  📝 Reason: 5m: MACD bullish; 15m: MACD bullish; 1h: MACD bearish; 4h: RSI oversold (32.3)

[01:12:49] Cycle 39
  💰 Current Price: $1.49
  🎯 Signal: HOLD (confidence: 0.03)
  📝 Reason: 5m: MACD bullish; 15m: MACD bullish; 1h: MACD bearish; 4h: RSI oversold (32.3)

[01:13:20] Cycle 40
  💰 Current Price: $1.49
  🎯 Signal: HOLD (confidence: 0.03)
  📝 Reason: 5m: MACD bullish; 15m: MACD bullish; 1h: MACD bearish; 4h: RSI oversold (32.3)

[01:13:51] Cycle 41
  💰 Current Price: $1.49
  🎯 Signal: HOLD (confidence: 0.03)
  📝 Reason: 5m: MACD bullish; 15m: MACD bullish; 1h: MACD bearish; 4h: RSI oversold (32.2)

[01:14:23] Cycle 42
  💰 Current Price: $1.49
  🎯 Signal: HOLD (confidence: 0.03)
  📝 Reason: 5m: MACD bullish; 15m: MACD bullish; 1h: MACD bearish; 4h: RSI oversold (32.9)

[01:12:09] Cycle 43
  💰 Current Price: $1.49
  🎯 Signal: HOLD (confidence: 0.03)
  📝 Reason: 5m: MACD bullish; 15m: MACD bullish; 1h: MACD bearish; 4h: RSI oversold (32.3)

[01:12:40] Cycle 44
  💰 Current Price: $1.49
  🎯 Signal: HOLD (confidence: 0.03)
  📝 Reason: 5m: MACD bullish; 15m: MACD bullish; 1h: MACD bearish; 4h: RSI oversold (32.3)

[01:13:11] Cycle 45
  💰 Current Price: $1.49
  🎯 Signal: HOLD (confidence: 0.03)
  📝 Reason: 5m: MACD bullish; 15m: MACD bullish; 1h: MACD bearish; 4h: RSI oversold (32.3)

[01:13:42] Cycle 46
  💰 Current Price: $1.49
  🎯 Signal: HOLD (confidence: 0.03)
  📝 Reason: 5m: MACD bullish; 15m: MACD bullish; 1h: MACD bearish; 4h: RSI oversold (32.3)

[01:14:13] Cycle 47
  💰 Current Price: $1.49
  🎯 Signal: HOLD (confidence: 0.03)
  📝 Reason: 5m: MACD bullish; 15m: MACD bullish; 1h: MACD bearish; 4h: RSI oversold (32.2)

[01:14:45] Cycle 48
  💰 Current Price: $1.49
  🎯 Signal: HOLD (confidence: 0.03)
  📝 Reason: 5m: MACD bullish; 15m: MACD bullish; 1h: MACD bearish; 4h: RSI oversold (32.2)

[01:15:16] Cycle 49
  💰 Current Price: $1.49
  🎯 Signal: HOLD (confidence: 0.12)
  📝 Reason: 5m: RSI oversold (33.3); 5m: MACD bullish; 15m: MACD bullish; 1h: MACD bearish

[01:15:47] Cycle 50
  💰 Current Price: $1.49
  🎯 Signal: HOLD (confidence: 0.12)
  📝 Reason: 5m: RSI oversold (33.3); 5m: MACD bullish; 15m: MACD bullish; 1h: MACD bearish

[01:16:18] Cycle 51
  💰 Current Price: $1.49
  🎯 Signal: HOLD (confidence: 0.12)
  📝 Reason: 5m: RSI oversold (34.5); 5m: MACD bullish; 15m: MACD bullish; 1h: MACD bearish

[01:16:49] Cycle 52
  💰 Current Price: $1.49
  🎯 Signal: HOLD (confidence: 0.12)
  📝 Reason: 5m: RSI oversold (34.5); 5m: MACD bullish; 15m: MACD bullish; 1h: MACD bearish

[01:17:19] Cycle 53
  💰 Current Price: $1.49
  🎯 Signal: HOLD (confidence: 0.12)
  📝 Reason: 5m: RSI oversold (34.5); 5m: MACD bullish; 15m: MACD bullish; 1h: MACD bearish

[01:17:50] Cycle 54
  💰 Current Price: $1.49
  🎯 Signal: HOLD (confidence: 0.12)
  📝 Reason: 5m: RSI oversold (34.5); 5m: MACD bullish; 15m: MACD bullish; 1h: MACD bearish

[01:18:21] Cycle 55
  💰 Current Price: $1.49
  🎯 Signal: HOLD (confidence: 0.12)
  📝 Reason: 5m: RSI oversold (34.5); 5m: MACD bullish; 15m: MACD bullish; 1h: MACD bearish

[01:18:52] Cycle 56
  💰 Current Price: $1.49
  🎯 Signal: HOLD (confidence: 0.12)
  📝 Reason: 5m: RSI oversold (34.5); 5m: MACD bullish; 15m: MACD bullish; 1h: MACD bearish

[01:19:23] Cycle 57
  💰 Current Price: $1.49
  🎯 Signal: HOLD (confidence: 0.12)
  📝 Reason: 5m: RSI oversold (34.5); 5m: MACD bullish; 15m: MACD bullish; 1h: MACD bearish

[01:19:54] Cycle 58
  💰 Current Price: $1.49
  🎯 Signal: HOLD (confidence: 0.12)
  📝 Reason: 5m: RSI oversold (34.5); 5m: MACD bullish; 15m: MACD bullish; 1h: MACD bearish

[01:20:25] Cycle 59
  💰 Current Price: $1.49
  🎯 Signal: HOLD (confidence: 0.03)
  📝 Reason: 5m: RSI oversold (34.2); 5m: MACD bearish; 15m: MACD bullish; 1h: MACD bearish

[01:20:56] Cycle 60
  💰 Current Price: $1.49
  🎯 Signal: HOLD (confidence: 0.03)
  📝 Reason: 5m: MACD bullish; 15m: MACD bullish; 1h: MACD bearish; 4h: RSI oversold (33.0)

[01:21:43] Cycle 61
  💰 Current Price: $1.49
  🎯 Signal: HOLD (confidence: 0.03)
  📝 Reason: 5m: MACD bullish; 15m: MACD bullish; 1h: MACD bearish; 4h: RSI oversold (33.0)

[01:22:30] Cycle 62
  💰 Current Price: $1.49
  🎯 Signal: HOLD (confidence: 0.03)
  📝 Reason: 5m: MACD bullish; 15m: MACD bullish; 1h: MACD bearish; 4h: RSI oversold (33.0)

[01:23:01] Cycle 63
  💰 Current Price: $1.49
  🎯 Signal: HOLD (confidence: 0.03)
  📝 Reason: 5m: MACD bullish; 15m: MACD bullish; 1h: MACD bearish; 4h: RSI oversold (33.4)

[01:23:40] Cycle 64
  💰 Current Price: $1.49
  🎯 Signal: HOLD (confidence: 0.03)
  📝 Reason: 5m: MACD bullish; 15m: MACD bullish; 1h: MACD bearish; 4h: RSI oversold (33.4)

[01:24:11] Cycle 65
  💰 Current Price: $1.49
  🎯 Signal: HOLD (confidence: 0.03)
  📝 Reason: 5m: MACD bullish; 15m: MACD bullish; 1h: MACD bearish; 4h: RSI oversold (33.4)

[01:24:42] Cycle 66
  💰 Current Price: $1.49
  🎯 Signal: HOLD (confidence: 0.03)
  📝 Reason: 5m: MACD bullish; 15m: MACD bullish; 1h: MACD bearish; 4h: RSI oversold (33.4)

[01:25:13] Cycle 67
  💰 Current Price: $1.49
  🎯 Signal: HOLD (confidence: 0.03)
  📝 Reason: 5m: MACD bullish; 15m: MACD bullish; 1h: MACD bearish; 4h: RSI oversold (33.4)

[01:25:44] Cycle 68
  💰 Current Price: $1.49
  🎯 Signal: HOLD (confidence: 0.03)
  📝 Reason: 5m: MACD bullish; 15m: MACD bullish; 1h: MACD bearish; 4h: RSI oversold (33.4)

[01:26:15] Cycle 69
  💰 Current Price: $1.49
  🎯 Signal: HOLD (confidence: 0.03)
  📝 Reason: 5m: MACD bullish; 15m: MACD bullish; 1h: MACD bearish; 4h: RSI oversold (33.4)

[01:26:46] Cycle 70
  💰 Current Price: $1.49
  🎯 Signal: HOLD (confidence: 0.03)
  📝 Reason: 5m: MACD bullish; 15m: MACD bullish; 1h: MACD bearish; 4h: RSI oversold (33.5)

[01:27:17] Cycle 71
  💰 Current Price: $1.49
  🎯 Signal: HOLD (confidence: 0.03)
  📝 Reason: 5m: MACD bullish; 15m: MACD bullish; 1h: MACD bearish; 4h: RSI oversold (33.5)

[01:27:48] Cycle 72
  💰 Current Price: $1.49
  🎯 Signal: HOLD (confidence: 0.03)
  📝 Reason: 5m: MACD bullish; 15m: MACD bullish; 1h: MACD bearish; 4h: RSI oversold (33.5)

[01:28:19] Cycle 73
  💰 Current Price: $1.49
  🎯 Signal: HOLD (confidence: 0.03)
  📝 Reason: 5m: MACD bullish; 15m: MACD bullish; 1h: MACD bearish; 4h: RSI oversold (33.5)

[01:28:50] Cycle 74
  💰 Current Price: $1.49
  🎯 Signal: HOLD (confidence: 0.03)
  📝 Reason: 5m: MACD bullish; 15m: MACD bullish; 1h: MACD bearish; 4h: RSI oversold (33.5)

[01:29:21] Cycle 75
  💰 Current Price: $1.49
  🎯 Signal: HOLD (confidence: 0.03)
  📝 Reason: 5m: MACD bullish; 15m: MACD bullish; 1h: MACD bearish; 4h: RSI oversold (33.5)

[01:29:52] Cycle 76
  💰 Current Price: $1.49
  🎯 Signal: HOLD (confidence: 0.03)
  📝 Reason: 5m: MACD bullish; 15m: MACD bullish; 1h: MACD bearish; 4h: RSI oversold (33.5)

[01:30:23] Cycle 77
  💰 Current Price: $1.49
  🎯 Signal: HOLD (confidence: 0.03)
  📝 Reason: 5m: MACD bullish; 15m: MACD bullish; 1h: MACD bearish; 4h: RSI oversold (33.7)

[01:30:54] Cycle 78
  💰 Current Price: $1.49
  🎯 Signal: HOLD (confidence: 0.07)
  📝 Reason: 5m: MACD bearish; 15m: MACD bullish; 1h: MACD bearish; 4h: RSI oversold (33.5)

[01:31:26] Cycle 79
  💰 Current Price: $1.49
  🎯 Signal: HOLD (confidence: 0.07)
  📝 Reason: 5m: MACD bearish; 15m: MACD bullish; 1h: MACD bearish; 4h: RSI oversold (33.5)

[01:31:57] Cycle 80
  💰 Current Price: $1.49
  🎯 Signal: HOLD (confidence: 0.07)
  📝 Reason: 5m: MACD bearish; 15m: MACD bullish; 1h: MACD bearish; 4h: RSI oversold (33.5)

[01:32:27] Cycle 81
  💰 Current Price: $1.49
  🎯 Signal: HOLD (confidence: 0.07)
  📝 Reason: 5m: MACD bearish; 15m: MACD bullish; 1h: MACD bearish; 4h: RSI oversold (33.5)

[01:32:59] Cycle 82
  💰 Current Price: $1.49
  🎯 Signal: HOLD (confidence: 0.07)
  📝 Reason: 5m: MACD bearish; 15m: MACD bullish; 1h: MACD bearish; 4h: RSI oversold (33.5)

[01:33:30] Cycle 83
  💰 Current Price: $1.49
  🎯 Signal: HOLD (confidence: 0.07)
  📝 Reason: 5m: MACD bearish; 15m: MACD bullish; 1h: MACD bearish; 4h: RSI oversold (33.2)

[01:34:01] Cycle 84
  💰 Current Price: $1.49
  🎯 Signal: HOLD (confidence: 0.07)
  📝 Reason: 5m: MACD bearish; 15m: MACD bullish; 1h: MACD bearish; 4h: RSI oversold (33.2)

[01:34:32] Cycle 85
  💰 Current Price: $1.49
  🎯 Signal: HOLD (confidence: 0.07)
  📝 Reason: 5m: MACD bearish; 15m: MACD bullish; 1h: MACD bearish; 4h: RSI oversold (33.2)

[01:35:03] Cycle 86
  💰 Current Price: $1.49
  🎯 Signal: HOLD (confidence: 0.07)
  📝 Reason: 5m: MACD bearish; 15m: MACD bullish; 1h: MACD bearish; 4h: RSI oversold (33.2)

[01:35:34] Cycle 87
  💰 Current Price: $1.49
  🎯 Signal: HOLD (confidence: 0.07)
  📝 Reason: 5m: MACD bullish; 15m: MACD bullish; 1h: MACD bearish; 4h: RSI oversold (32.2)

[01:14:54] Cycle 43
  💰 Current Price: $1.49
  🎯 Signal: HOLD (confidence: 0.03)
  📝 Reason: 5m: MACD bullish; 15m: MACD bullish; 1h: MACD bearish; 4h: RSI oversold (32.2)

[01:15:25] Cycle 44
  💰 Current Price: $1.49
  🎯 Signal: HOLD (confidence: 0.12)
  📝 Reason: 5m: RSI oversold (33.3); 5m: MACD bullish; 15m: MACD bullish; 1h: MACD bearish

[01:15:56] Cycle 45
  💰 Current Price: $1.49
  🎯 Signal: HOLD (confidence: 0.12)
  📝 Reason: 5m: RSI oversold (34.5); 5m: MACD bullish; 15m: MACD bullish; 1h: MACD bearish

[01:16:27] Cycle 46
  💰 Current Price: $1.49
  🎯 Signal: HOLD (confidence: 0.12)
  📝 Reason: 5m: RSI oversold (34.5); 5m: MACD bullish; 15m: MACD bullish; 1h: MACD bearish

[01:16:58] Cycle 47
  💰 Current Price: $1.49
  🎯 Signal: HOLD (confidence: 0.12)
  📝 Reason: 5m: RSI oversold (34.5); 5m: MACD bullish; 15m: MACD bullish; 1h: MACD bearish

[01:17:29] Cycle 48
  💰 Current Price: $1.49
  🎯 Signal: HOLD (confidence: 0.12)
  📝 Reason: 5m: RSI oversold (34.5); 5m: MACD bullish; 15m: MACD bullish; 1h: MACD bearish

[01:18:00] Cycle 49
  💰 Current Price: $1.49
  🎯 Signal: HOLD (confidence: 0.12)
  📝 Reason: 5m: RSI oversold (34.5); 5m: MACD bullish; 15m: MACD bullish; 1h: MACD bearish

[01:18:32] Cycle 50
  💰 Current Price: $1.49
  🎯 Signal: HOLD (confidence: 0.12)
  📝 Reason: 5m: RSI oversold (34.5); 5m: MACD bullish; 15m: MACD bullish; 1h: MACD bearish

[01:19:03] Cycle 51
  💰 Current Price: $1.49
  🎯 Signal: HOLD (confidence: 0.12)
  📝 Reason: 5m: RSI oversold (34.5); 5m: MACD bullish; 15m: MACD bullish; 1h: MACD bearish

[01:19:34] Cycle 52
  💰 Current Price: $1.49
  🎯 Signal: HOLD (confidence: 0.12)
  📝 Reason: 5m: RSI oversold (34.5); 5m: MACD bullish; 15m: MACD bullish; 1h: MACD bearish

[01:20:05] Cycle 53
  💰 Current Price: $1.49
  🎯 Signal: HOLD (confidence: 0.03)
  📝 Reason: 5m: RSI oversold (34.2); 5m: MACD bearish; 15m: MACD bullish; 1h: MACD bearish

[01:20:36] Cycle 54
  💰 Current Price: $1.49
  🎯 Signal: HOLD (confidence: 0.03)
  📝 Reason: 5m: RSI oversold (34.2); 5m: MACD bearish; 15m: MACD bullish; 1h: MACD bearish

[01:21:07] Cycle 55
  💰 Current Price: $1.49
  🎯 Signal: HOLD (confidence: 0.03)
  📝 Reason: 5m: MACD bullish; 15m: MACD bullish; 1h: MACD bearish; 4h: RSI oversold (33.0)

[01:21:38] Cycle 56
  💰 Current Price: $1.49
  🎯 Signal: HOLD (confidence: 0.03)
  📝 Reason: 5m: MACD bullish; 15m: MACD bullish; 1h: MACD bearish; 4h: RSI oversold (33.0)

[01:22:33] Cycle 57
  💰 Current Price: $1.49
  🎯 Signal: HOLD (confidence: 0.03)
  📝 Reason: 5m: MACD bullish; 15m: MACD bullish; 1h: MACD bearish; 4h: RSI oversold (33.0)

[01:23:12] Cycle 58
  💰 Current Price: $1.49
  🎯 Signal: HOLD (confidence: 0.03)
  📝 Reason: 5m: MACD bullish; 15m: MACD bullish; 1h: MACD bearish; 4h: RSI oversold (33.4)

[01:23:43] Cycle 59
  💰 Current Price: $1.49
  🎯 Signal: HOLD (confidence: 0.03)
  📝 Reason: 5m: MACD bullish; 15m: MACD bullish; 1h: MACD bearish; 4h: RSI oversold (33.4)

[01:24:14] Cycle 60
  💰 Current Price: $1.49
  🎯 Signal: HOLD (confidence: 0.03)
  📝 Reason: 5m: MACD bullish; 15m: MACD bullish; 1h: MACD bearish; 4h: RSI oversold (33.4)

[01:24:45] Cycle 61
  💰 Current Price: $1.49
  🎯 Signal: HOLD (confidence: 0.03)
  📝 Reason: 5m: MACD bullish; 15m: MACD bullish; 1h: MACD bearish; 4h: RSI oversold (33.4)

[01:25:16] Cycle 62
  💰 Current Price: $1.49
  🎯 Signal: HOLD (confidence: 0.03)
  📝 Reason: 5m: MACD bullish; 15m: MACD bullish; 1h: MACD bearish; 4h: RSI oversold (33.4)

[01:25:47] Cycle 63
  💰 Current Price: $1.49
  🎯 Signal: HOLD (confidence: 0.03)
  📝 Reason: 5m: MACD bullish; 15m: MACD bullish; 1h: MACD bearish; 4h: RSI oversold (33.4)

[01:26:18] Cycle 64
  💰 Current Price: $1.49
  🎯 Signal: HOLD (confidence: 0.03)
  📝 Reason: 5m: MACD bullish; 15m: MACD bullish; 1h: MACD bearish; 4h: RSI oversold (33.4)

[01:26:49] Cycle 65
  💰 Current Price: $1.49
  🎯 Signal: HOLD (confidence: 0.03)
  📝 Reason: 5m: MACD bullish; 15m: MACD bullish; 1h: MACD bearish; 4h: RSI oversold (33.5)

[01:27:20] Cycle 66
  💰 Current Price: $1.49
  🎯 Signal: HOLD (confidence: 0.03)
  📝 Reason: 5m: MACD bullish; 15m: MACD bullish; 1h: MACD bearish; 4h: RSI oversold (33.5)

[01:27:52] Cycle 67
  💰 Current Price: $1.49
  🎯 Signal: HOLD (confidence: 0.03)
  📝 Reason: 5m: MACD bullish; 15m: MACD bullish; 1h: MACD bearish; 4h: RSI oversold (33.5)

[01:28:23] Cycle 68
  💰 Current Price: $1.49
  🎯 Signal: HOLD (confidence: 0.03)
  📝 Reason: 5m: MACD bullish; 15m: MACD bullish; 1h: MACD bearish; 4h: RSI oversold (33.5)

[01:28:54] Cycle 69
  💰 Current Price: $1.49
  🎯 Signal: HOLD (confidence: 0.03)
  📝 Reason: 5m: MACD bullish; 15m: MACD bullish; 1h: MACD bearish; 4h: RSI oversold (33.5)

[01:29:25] Cycle 70
  💰 Current Price: $1.49
  🎯 Signal: HOLD (confidence: 0.03)
  📝 Reason: 5m: MACD bullish; 15m: MACD bullish; 1h: MACD bearish; 4h: RSI oversold (33.5)

[01:29:56] Cycle 71
  💰 Current Price: $1.49
  🎯 Signal: HOLD (confidence: 0.03)
  📝 Reason: 5m: MACD bullish; 15m: MACD bullish; 1h: MACD bearish; 4h: RSI oversold (33.5)

[01:30:27] Cycle 72
  💰 Current Price: $1.49
  🎯 Signal: HOLD (confidence: 0.03)
  📝 Reason: 5m: MACD bullish; 15m: MACD bullish; 1h: MACD bearish; 4h: RSI oversold (33.7)

[01:30:58] Cycle 73
  💰 Current Price: $1.49
  🎯 Signal: HOLD (confidence: 0.07)
  📝 Reason: 5m: MACD bearish; 15m: MACD bullish; 1h: MACD bearish; 4h: RSI oversold (33.5)

[01:31:29] Cycle 74
  💰 Current Price: $1.49
  🎯 Signal: HOLD (confidence: 0.07)
  📝 Reason: 5m: MACD bearish; 15m: MACD bullish; 1h: MACD bearish; 4h: RSI oversold (33.5)

[01:32:00] Cycle 75
  💰 Current Price: $1.49
  🎯 Signal: HOLD (confidence: 0.07)
  📝 Reason: 5m: MACD bearish; 15m: MACD bullish; 1h: MACD bearish; 4h: RSI oversold (33.5)

[01:32:31] Cycle 76
  💰 Current Price: $1.49
  🎯 Signal: HOLD (confidence: 0.07)
  📝 Reason: 5m: MACD bearish; 15m: MACD bullish; 1h: MACD bearish; 4h: RSI oversold (33.5)

[01:33:02] Cycle 77
  💰 Current Price: $1.49
  🎯 Signal: HOLD (confidence: 0.07)
  📝 Reason: 5m: MACD bearish; 15m: MACD bullish; 1h: MACD bearish; 4h: RSI oversold (33.5)

[01:33:33] Cycle 78
  💰 Current Price: $1.49
  🎯 Signal: HOLD (confidence: 0.07)
  📝 Reason: 5m: MACD bearish; 15m: MACD bullish; 1h: MACD bearish; 4h: RSI oversold (33.2)

[01:34:04] Cycle 79
  💰 Current Price: $1.49
  🎯 Signal: HOLD (confidence: 0.07)
  📝 Reason: 5m: MACD bearish; 15m: MACD bullish; 1h: MACD bearish; 4h: RSI oversold (33.2)

[01:34:35] Cycle 80
  💰 Current Price: $1.49
  🎯 Signal: HOLD (confidence: 0.07)
  📝 Reason: 5m: MACD bearish; 15m: MACD bullish; 1h: MACD bearish; 4h: RSI oversold (33.2)

[01:35:06] Cycle 81
  💰 Current Price: $1.49
  🎯 Signal: HOLD (confidence: 0.07)
  📝 Reason: 5m: MACD bearish; 15m: MACD bullish; 1h: MACD bearish; 4h: RSI oversold (33.2)

[01:35:37] Cycle 82
  💰 Current Price: $1.49
  🎯 Signal: HOLD (confidence: 0.07)
  📝 Reason: 5m: MACD bearish; 15m: MACD bullish; 1h: MACD bearish; 4h: RSI oversold (33.2)

[01:36:07] Cycle 83
  💰 Current Price: $1.49
  🎯 Signal: HOLD (confidence: 0.07)
  📝 Reason: 5m: MACD bearish; 15m: MACD bullish; 1h: MACD bearish; 4h: RSI oversold (33.2)

[01:36:38] Cycle 84
  💰 Current Price: $1.49
  🎯 Signal: HOLD (confidence: 0.07)
  📝 Reason: 5m: MACD bearish; 15m: MACD bullish; 1h: MACD bearish; 4h: RSI oversold (33.6)

[01:37:09] Cycle 85
  💰 Current Price: $1.49
  🎯 Signal: HOLD (confidence: 0.07)
  📝 Reason: 5m: MACD bearish; 15m: MACD bullish; 1h: MACD bearish; 4h: RSI oversold (33.6)

[01:37:40] Cycle 86
  💰 Current Price: $1.49
  🎯 Signal: HOLD (confidence: 0.07)
  📝 Reason: 5m: MACD bearish; 15m: MACD bullish; 1h: MACD bearish; 4h: RSI oversold (33.6)

[01:38:11] Cycle 87
  💰 Current Price: $1.49
  🎯 Signal: HOLD (confidence: 0.07)
  📝 Reason: 5m: MACD bearish; 15m: MACD bullish; 1h: MACD bearish; 4h: RSI oversold (33.2)

[01:36:05] Cycle 88
  💰 Current Price: $1.49
  🎯 Signal: HOLD (confidence: 0.07)
  📝 Reason: 5m: MACD bearish; 15m: MACD bullish; 1h: MACD bearish; 4h: RSI oversold (33.2)

[01:36:36] Cycle 89
  💰 Current Price: $1.49
  🎯 Signal: HOLD (confidence: 0.07)
  📝 Reason: 5m: MACD bearish; 15m: MACD bullish; 1h: MACD bearish; 4h: RSI oversold (33.6)

[01:37:07] Cycle 90
  💰 Current Price: $1.49
  🎯 Signal: HOLD (confidence: 0.07)
  📝 Reason: 5m: MACD bearish; 15m: MACD bullish; 1h: MACD bearish; 4h: RSI oversold (33.6)

[01:37:38] Cycle 91
  💰 Current Price: $1.49
  🎯 Signal: HOLD (confidence: 0.07)
  📝 Reason: 5m: MACD bearish; 15m: MACD bullish; 1h: MACD bearish; 4h: RSI oversold (33.6)

[01:38:09] Cycle 92
  💰 Current Price: $1.49
  🎯 Signal: HOLD (confidence: 0.07)
  📝 Reason: 5m: MACD bearish; 15m: MACD bullish; 1h: MACD bearish; 4h: RSI oversold (33.6)

[01:38:40] Cycle 93
  💰 Current Price: $1.49
  🎯 Signal: HOLD (confidence: 0.07)
  📝 Reason: 5m: MACD bearish; 15m: MACD bullish; 1h: MACD bearish; 4h: RSI oversold (33.6)

[01:39:11] Cycle 94
  💰 Current Price: $1.49
  🎯 Signal: HOLD (confidence: 0.07)
  📝 Reason: 5m: MACD bearish; 15m: MACD bullish; 1h: MACD bearish; 4h: RSI oversold (33.6)

[01:39:42] Cycle 95
  💰 Current Price: $1.49
  🎯 Signal: HOLD (confidence: 0.07)
  📝 Reason: 5m: MACD bearish; 15m: MACD bullish; 1h: MACD bearish; 4h: RSI oversold (33.6)

[01:40:13] Cycle 96
  💰 Current Price: $1.49
  🎯 Signal: HOLD (confidence: 0.07)
  📝 Reason: 5m: MACD bearish; 15m: MACD bullish; 1h: MACD bearish; 4h: RSI oversold (33.7)

[01:40:43] Cycle 97
  💰 Current Price: $1.49
  🎯 Signal: HOLD (confidence: 0.07)
  📝 Reason: 5m: MACD bearish; 15m: MACD bullish; 1h: MACD bearish; 4h: RSI oversold (33.7)

[01:41:14] Cycle 98
  💰 Current Price: $1.49
  🎯 Signal: HOLD (confidence: 0.07)
  📝 Reason: 5m: MACD bearish; 15m: MACD bullish; 1h: MACD bearish; 4h: RSI oversold (33.9)

[01:41:45] Cycle 99
  💰 Current Price: $1.49
  🎯 Signal: HOLD (confidence: 0.07)
  📝 Reason: 5m: MACD bearish; 15m: MACD bullish; 1h: MACD bearish; 4h: RSI oversold (33.9)

[01:42:16] Cycle 100
  💰 Current Price: $1.49
  🎯 Signal: HOLD (confidence: 0.07)
  📝 Reason: 5m: MACD bearish; 15m: MACD bullish; 1h: MACD bearish; 4h: RSI oversold (33.9)

[01:42:47] Cycle 101
  💰 Current Price: $1.49
  🎯 Signal: HOLD (confidence: 0.07)
  📝 Reason: 5m: MACD bearish; 15m: MACD bullish; 1h: MACD bearish; 4h: RSI oversold (33.9)

[01:43:18] Cycle 102
  💰 Current Price: $1.49
  🎯 Signal: HOLD (confidence: 0.07)
  📝 Reason: 5m: MACD bearish; 15m: MACD bullish; 1h: MACD bearish; 4h: RSI oversold (33.9)

[01:43:49] Cycle 103
  💰 Current Price: $1.49
  🎯 Signal: HOLD (confidence: 0.07)
  📝 Reason: 5m: MACD bearish; 15m: MACD bullish; 1h: MACD bearish; 4h: RSI oversold (33.9)

[01:44:19] Cycle 104
  💰 Current Price: $1.49
  🎯 Signal: HOLD (confidence: 0.07)
  📝 Reason: 5m: MACD bearish; 15m: MACD bullish; 1h: MACD bearish; 4h: RSI oversold (33.9)

[01:44:50] Cycle 105
  💰 Current Price: $1.49
  🎯 Signal: HOLD (confidence: 0.07)
  📝 Reason: 5m: MACD bearish; 15m: MACD bullish; 1h: MACD bearish; 4h: RSI oversold (33.9)

[01:45:21] Cycle 106
  💰 Current Price: $1.49
  🎯 Signal: HOLD (confidence: 0.07)
  📝 Reason: 5m: MACD bearish; 15m: MACD bullish; 1h: MACD bearish; 4h: RSI oversold (34.0)

[01:45:52] Cycle 107
  💰 Current Price: $1.49
  🎯 Signal: HOLD (confidence: 0.07)
  📝 Reason: 5m: MACD bearish; 15m: MACD bullish; 1h: MACD bearish; 4h: RSI oversold (34.2)

[01:46:23] Cycle 108
  💰 Current Price: $1.49
  🎯 Signal: HOLD (confidence: 0.07)
  📝 Reason: 5m: MACD bearish; 15m: MACD bullish; 1h: MACD bearish; 4h: RSI oversold (34.2)

[01:46:54] Cycle 109
  💰 Current Price: $1.49
  🎯 Signal: HOLD (confidence: 0.07)
  📝 Reason: 5m: MACD bearish; 15m: MACD bullish; 1h: MACD bearish; 4h: RSI oversold (34.2)

[01:47:25] Cycle 110
  💰 Current Price: $1.49
  🎯 Signal: HOLD (confidence: 0.07)
  📝 Reason: 5m: MACD bearish; 15m: MACD bullish; 1h: MACD bearish; 4h: RSI oversold (34.2)

[01:47:56] Cycle 111
  💰 Current Price: $1.49
  🎯 Signal: HOLD (confidence: 0.07)
  📝 Reason: 5m: MACD bearish; 15m: MACD bullish; 1h: MACD bearish; 4h: RSI oversold (34.2)

[01:48:27] Cycle 112
  💰 Current Price: $1.49
  🎯 Signal: HOLD (confidence: 0.07)
  📝 Reason: 5m: MACD bearish; 15m: MACD bullish; 1h: MACD bearish; 4h: RSI oversold (34.2)

[01:48:57] Cycle 113
  💰 Current Price: $1.49
  🎯 Signal: HOLD (confidence: 0.07)
  📝 Reason: 5m: MACD bearish; 15m: MACD bullish; 1h: MACD bearish; 4h: RSI oversold (34.2)

[01:49:28] Cycle 114
  💰 Current Price: $1.50
  🎯 Signal: HOLD (confidence: 0.03)
  📝 Reason: 5m: MACD bullish; 15m: MACD bullish; 1h: MACD bearish; 4h: RSI oversold (34.6)

[01:49:59] Cycle 115
  💰 Current Price: $1.50
  🎯 Signal: HOLD (confidence: 0.03)
  📝 Reason: 5m: MACD bullish; 15m: MACD bullish; 1h: MACD bearish; 4h: RSI oversold (34.6)

[01:50:30] Cycle 116
  💰 Current Price: $1.50
  🎯 Signal: SELL (confidence: 0.30)
  📝 Reason: 5m: MACD bullish; 15m: MACD bullish; 1h: MACD bearish; 4h: MACD bearish
  ⚠️ Sell signal but no position

[01:51:01] Cycle 117
  💰 Current Price: $1.50
  🎯 Signal: SELL (confidence: 0.30)
  📝 Reason: 5m: MACD bullish; 15m: MACD bullish; 1h: MACD bearish; 4h: MACD bearish
  ⚠️ Sell signal but no position

[01:51:32] Cycle 118
  💰 Current Price: $1.50
  🎯 Signal: SELL (confidence: 0.30)
  📝 Reason: 5m: MACD bullish; 15m: MACD bullish; 1h: MACD bearish; 4h: MACD bearish
  ⚠️ Sell signal but no position

[01:52:03] Cycle 119
  💰 Current Price: $1.50
  🎯 Signal: SELL (confidence: 0.30)
  📝 Reason: 5m: MACD bullish; 15m: MACD bullish; 1h: MACD bearish; 4h: MACD bearish
  ⚠️ Sell signal but no position

[01:52:34] Cycle 120
  💰 Current Price: $1.50
  🎯 Signal: SELL (confidence: 0.30)
  📝 Reason: 5m: MACD bullish; 15m: MACD bullish; 1h: MACD bearish; 4h: MACD bearish
  ⚠️ Sell signal but no position

[01:53:05] Cycle 121
  💰 Current Price: $1.50
  🎯 Signal: SELL (confidence: 0.30)
  📝 Reason: 5m: MACD bullish; 15m: MACD bullish; 1h: MACD bearish; 4h: MACD bearish
  ⚠️ Sell signal but no position

[01:53:36] Cycle 122
  💰 Current Price: $1.50
  🎯 Signal: SELL (confidence: 0.30)
  📝 Reason: 5m: MACD bullish; 15m: MACD bullish; 1h: MACD bearish; 4h: MACD bearish
  ⚠️ Sell signal but no position

[01:54:07] Cycle 123
  💰 Current Price: $1.50
  🎯 Signal: SELL (confidence: 0.30)
  📝 Reason: 5m: MACD bullish; 15m: MACD bullish; 1h: MACD bearish; 4h: MACD bearish
  ⚠️ Sell signal but no position

[01:54:38] Cycle 124
  💰 Current Price: $1.50
  🎯 Signal: SELL (confidence: 0.30)
  📝 Reason: 5m: MACD bullish; 15m: MACD bullish; 1h: MACD bearish; 4h: MACD bearish
  ⚠️ Sell signal but no position

[01:55:09] Cycle 125
  💰 Current Price: $1.50
  🎯 Signal: SELL (confidence: 0.30)
  📝 Reason: 5m: MACD bullish; 15m: MACD bullish; 1h: MACD bearish; 4h: MACD bearish
  ⚠️ Sell signal but no position

[01:55:40] Cycle 126
  💰 Current Price: $1.50
  🎯 Signal: SELL (confidence: 0.30)
  📝 Reason: 5m: MACD bullish; 15m: MACD bullish; 1h: MACD bearish; 4h: MACD bearish
  ⚠️ Sell signal but no position

[01:56:11] Cycle 127
  💰 Current Price: $1.50
  🎯 Signal: SELL (confidence: 0.30)
  📝 Reason: 5m: MACD bullish; 15m: MACD bullish; 1h: MACD bearish; 4h: MACD bearish
  ⚠️ Sell signal but no position

[01:56:42] Cycle 128
  💰 Current Price: $1.50
  🎯 Signal: SELL (confidence: 0.30)
  📝 Reason: 5m: MACD bullish; 15m: MACD bullish; 1h: MACD bearish; 4h: MACD bearish
  ⚠️ Sell signal but no position

[01:57:14] Cycle 129
  💰 Current Price: $1.50
  🎯 Signal: HOLD (confidence: 0.10)
  📝 Reason: 5m: MACD bullish; 15m: MACD bullish; 1h: MACD bearish; 4h: RSI oversold (34.8)

[01:57:45] Cycle 130
  📝 Reason: 5m: MACD bearish; 15m: MACD bullish; 1h: MACD bearish; 4h: RSI oversold (33.6)

[01:38:43] Cycle 88
  💰 Current Price: $1.49
  🎯 Signal: HOLD (confidence: 0.07)
  📝 Reason: 5m: MACD bearish; 15m: MACD bullish; 1h: MACD bearish; 4h: RSI oversold (33.6)

[01:39:14] Cycle 89
  💰 Current Price: $1.49
  🎯 Signal: HOLD (confidence: 0.07)
  📝 Reason: 5m: MACD bearish; 15m: MACD bullish; 1h: MACD bearish; 4h: RSI oversold (33.6)

[01:39:45] Cycle 90
  💰 Current Price: $1.49
  🎯 Signal: HOLD (confidence: 0.07)
  📝 Reason: 5m: MACD bearish; 15m: MACD bullish; 1h: MACD bearish; 4h: RSI oversold (33.6)

[01:40:16] Cycle 91
  💰 Current Price: $1.49
  🎯 Signal: HOLD (confidence: 0.07)
  📝 Reason: 5m: MACD bearish; 15m: MACD bullish; 1h: MACD bearish; 4h: RSI oversold (33.7)

[01:40:47] Cycle 92
  💰 Current Price: $1.49
  🎯 Signal: HOLD (confidence: 0.07)
  📝 Reason: 5m: MACD bearish; 15m: MACD bullish; 1h: MACD bearish; 4h: RSI oversold (33.7)

[01:41:17] Cycle 93
  💰 Current Price: $1.49
  🎯 Signal: HOLD (confidence: 0.07)
  📝 Reason: 5m: MACD bearish; 15m: MACD bullish; 1h: MACD bearish; 4h: RSI oversold (33.9)

[01:41:49] Cycle 94
  💰 Current Price: $1.49
  🎯 Signal: HOLD (confidence: 0.07)
  📝 Reason: 5m: MACD bearish; 15m: MACD bullish; 1h: MACD bearish; 4h: RSI oversold (33.9)

[01:42:20] Cycle 95
  💰 Current Price: $1.49
  🎯 Signal: HOLD (confidence: 0.07)
  📝 Reason: 5m: MACD bearish; 15m: MACD bullish; 1h: MACD bearish; 4h: RSI oversold (33.9)

[01:42:51] Cycle 96
  💰 Current Price: $1.49
  🎯 Signal: HOLD (confidence: 0.07)
  📝 Reason: 5m: MACD bearish; 15m: MACD bullish; 1h: MACD bearish; 4h: RSI oversold (33.9)

[01:43:22] Cycle 97
  💰 Current Price: $1.49
  🎯 Signal: HOLD (confidence: 0.07)
  📝 Reason: 5m: MACD bearish; 15m: MACD bullish; 1h: MACD bearish; 4h: RSI oversold (33.9)

[01:43:53] Cycle 98
  💰 Current Price: $1.49
  🎯 Signal: HOLD (confidence: 0.07)
  📝 Reason: 5m: MACD bearish; 15m: MACD bullish; 1h: MACD bearish; 4h: RSI oversold (33.9)

[01:44:24] Cycle 99
  💰 Current Price: $1.49
  🎯 Signal: HOLD (confidence: 0.07)
  📝 Reason: 5m: MACD bearish; 15m: MACD bullish; 1h: MACD bearish; 4h: RSI oversold (33.9)

[01:44:56] Cycle 100
  💰 Current Price: $1.49
  🎯 Signal: HOLD (confidence: 0.07)
  📝 Reason: 5m: MACD bearish; 15m: MACD bullish; 1h: MACD bearish; 4h: RSI oversold (33.9)

[01:45:27] Cycle 101
  💰 Current Price: $1.49
  🎯 Signal: HOLD (confidence: 0.07)
  📝 Reason: 5m: MACD bearish; 15m: MACD bullish; 1h: MACD bearish; 4h: RSI oversold (34.2)

[01:45:58] Cycle 102
  💰 Current Price: $1.49
  🎯 Signal: HOLD (confidence: 0.07)
  📝 Reason: 5m: MACD bearish; 15m: MACD bullish; 1h: MACD bearish; 4h: RSI oversold (34.2)

[01:46:29] Cycle 103
  💰 Current Price: $1.49
  🎯 Signal: HOLD (confidence: 0.07)
  📝 Reason: 5m: MACD bearish; 15m: MACD bullish; 1h: MACD bearish; 4h: RSI oversold (34.2)

[01:47:00] Cycle 104
  💰 Current Price: $1.49
  🎯 Signal: HOLD (confidence: 0.07)
  📝 Reason: 5m: MACD bearish; 15m: MACD bullish; 1h: MACD bearish; 4h: RSI oversold (34.2)

[01:47:31] Cycle 105
  💰 Current Price: $1.49
  🎯 Signal: HOLD (confidence: 0.07)
  📝 Reason: 5m: MACD bearish; 15m: MACD bullish; 1h: MACD bearish; 4h: RSI oversold (34.2)

[01:48:02] Cycle 106
  💰 Current Price: $1.49
  🎯 Signal: HOLD (confidence: 0.07)
  📝 Reason: 5m: MACD bearish; 15m: MACD bullish; 1h: MACD bearish; 4h: RSI oversold (34.2)

[01:48:33] Cycle 107
  💰 Current Price: $1.49
  🎯 Signal: HOLD (confidence: 0.07)
  📝 Reason: 5m: MACD bearish; 15m: MACD bullish; 1h: MACD bearish; 4h: RSI oversold (34.2)

[01:49:04] Cycle 108
  💰 Current Price: $1.49
  🎯 Signal: HOLD (confidence: 0.07)
  📝 Reason: 5m: MACD bearish; 15m: MACD bullish; 1h: MACD bearish; 4h: RSI oversold (34.2)

[01:49:35] Cycle 109
  💰 Current Price: $1.50
  🎯 Signal: HOLD (confidence: 0.03)
  📝 Reason: 5m: MACD bullish; 15m: MACD bullish; 1h: MACD bearish; 4h: RSI oversold (34.6)

[01:50:06] Cycle 110
  💰 Current Price: $1.50
  🎯 Signal: HOLD (confidence: 0.10)
  📝 Reason: 5m: MACD bullish; 15m: MACD bullish; 1h: MACD bearish; 4h: RSI oversold (34.9)

[01:50:37] Cycle 111
  💰 Current Price: $1.50
  🎯 Signal: SELL (confidence: 0.30)
  📝 Reason: 5m: MACD bullish; 15m: MACD bullish; 1h: MACD bearish; 4h: MACD bearish
  ⚠️ Sell signal but no position

[01:51:08] Cycle 112
  💰 Current Price: $1.50
  🎯 Signal: SELL (confidence: 0.30)
  📝 Reason: 5m: MACD bullish; 15m: MACD bullish; 1h: MACD bearish; 4h: MACD bearish
  ⚠️ Sell signal but no position

[01:51:39] Cycle 113
  💰 Current Price: $1.50
  🎯 Signal: SELL (confidence: 0.30)
  📝 Reason: 5m: MACD bullish; 15m: MACD bullish; 1h: MACD bearish; 4h: MACD bearish
  ⚠️ Sell signal but no position

[01:52:10] Cycle 114
  💰 Current Price: $1.50
  🎯 Signal: SELL (confidence: 0.30)
  📝 Reason: 5m: MACD bullish; 15m: MACD bullish; 1h: MACD bearish; 4h: MACD bearish
  ⚠️ Sell signal but no position

[01:52:41] Cycle 115
  💰 Current Price: $1.50
  🎯 Signal: SELL (confidence: 0.30)
  📝 Reason: 5m: MACD bullish; 15m: MACD bullish; 1h: MACD bearish; 4h: MACD bearish
  ⚠️ Sell signal but no position

[01:53:12] Cycle 116
  💰 Current Price: $1.50
  🎯 Signal: SELL (confidence: 0.30)
  📝 Reason: 5m: MACD bullish; 15m: MACD bullish; 1h: MACD bearish; 4h: MACD bearish
  ⚠️ Sell signal but no position

[01:53:43] Cycle 117
  💰 Current Price: $1.50
  🎯 Signal: SELL (confidence: 0.30)
  📝 Reason: 5m: MACD bullish; 15m: MACD bullish; 1h: MACD bearish; 4h: MACD bearish
  ⚠️ Sell signal but no position

[01:54:14] Cycle 118
  💰 Current Price: $1.50
  🎯 Signal: SELL (confidence: 0.30)
  📝 Reason: 5m: MACD bullish; 15m: MACD bullish; 1h: MACD bearish; 4h: MACD bearish
  ⚠️ Sell signal but no position

[01:54:45] Cycle 119
  💰 Current Price: $1.50
  🎯 Signal: SELL (confidence: 0.30)
  📝 Reason: 5m: MACD bullish; 15m: MACD bullish; 1h: MACD bearish; 4h: MACD bearish
  ⚠️ Sell signal but no position

[01:55:16] Cycle 120
  💰 Current Price: $1.50
  🎯 Signal: SELL (confidence: 0.30)
  📝 Reason: 5m: MACD bullish; 15m: MACD bullish; 1h: MACD bearish; 4h: MACD bearish
  ⚠️ Sell signal but no position

[01:55:47] Cycle 121
  💰 Current Price: $1.50
  🎯 Signal: SELL (confidence: 0.30)
  📝 Reason: 5m: MACD bullish; 15m: MACD bullish; 1h: MACD bearish; 4h: MACD bearish
  ⚠️ Sell signal but no position

[01:56:18] Cycle 122
  💰 Current Price: $1.50
  🎯 Signal: SELL (confidence: 0.30)
  📝 Reason: 5m: MACD bullish; 15m: MACD bullish; 1h: MACD bearish; 4h: MACD bearish
  ⚠️ Sell signal but no position

[01:56:50] Cycle 123
  💰 Current Price: $1.50
  🎯 Signal: SELL (confidence: 0.30)
  📝 Reason: 5m: MACD bullish; 15m: MACD bullish; 1h: MACD bearish; 4h: MACD bearish
  ⚠️ Sell signal but no position

[01:57:21] Cycle 124
  💰 Current Price: $1.50
  🎯 Signal: HOLD (confidence: 0.10)
  📝 Reason: 5m: MACD bullish; 15m: MACD bullish; 1h: MACD bearish; 4h: RSI oversold (34.8)

[01:57:52] Cycle 125
  💰 Current Price: $1.50
  🎯 Signal: HOLD (confidence: 0.10)
  📝 Reason: 5m: MACD bullish; 15m: MACD bullish; 1h: MACD bearish; 4h: RSI oversold (34.8)

[01:58:23] Cycle 126
  💰 Current Price: $1.49
  🎯 Signal: HOLD (confidence: 0.03)
  📝 Reason: 5m: MACD bullish; 15m: MACD bullish; 1h: MACD bearish; 4h: RSI oversold (34.1)

[01:58:54] Cycle 127
  💰 Current Price: $1.49
  🎯 Signal: HOLD (confidence: 0.03)
  📝 Reason: 5m: MACD bullish; 15m: MACD bullish; 1h: MACD bearish; 4h: RSI oversold (34.1)

[01:59:25] Cycle 128
  💰 Current Price: $1.49
  🎯 Signal: HOLD (confidence: 0.03)
  📝 Reason: 5m: MACD bullish; 15m: MACD bullish; 1h: MACD bearish; 4h: RSI oversold (34.1)

[01:59:56] Cycle 129
  💰 Current Price: $1.49
  🎯 Signal: HOLD (confidence: 0.03)
  📝 Reason: 5m: MACD bullish; 15m: MACD bullish; 1h: MACD bearish; 4h: RSI oversold (34.1)

[02:00:27] Cycle 130
  💰 Current Price: $1.50
  🎯 Signal: HOLD (confidence: 0.10)
  📝 Reason: 5m: MACD bullish; 15m: MACD bullish; 1h: MACD bearish; 4h: RSI oversold (34.8)

[01:58:16] Cycle 131
  💰 Current Price: $1.49
  🎯 Signal: HOLD (confidence: 0.03)
  📝 Reason: 5m: MACD bullish; 15m: MACD bullish; 1h: MACD bearish; 4h: RSI oversold (34.1)

[01:58:47] Cycle 132
  💰 Current Price: $1.49
  🎯 Signal: HOLD (confidence: 0.03)
  📝 Reason: 5m: MACD bullish; 15m: MACD bullish; 1h: MACD bearish; 4h: RSI oversold (34.1)

[01:59:18] Cycle 133
  💰 Current Price: $1.49
  🎯 Signal: HOLD (confidence: 0.03)
  📝 Reason: 5m: MACD bullish; 15m: MACD bullish; 1h: MACD bearish; 4h: RSI oversold (34.1)

[01:59:49] Cycle 134
  💰 Current Price: $1.49
  🎯 Signal: HOLD (confidence: 0.03)
  📝 Reason: 5m: MACD bullish; 15m: MACD bullish; 1h: MACD bearish; 4h: RSI oversold (34.1)

[02:00:20] Cycle 135
  💰 Current Price: $1.49
  🎯 Signal: HOLD (confidence: 0.03)
  📝 Reason: 5m: MACD bullish; 15m: MACD bullish; 1h: MACD bearish; 4h: RSI oversold (34.1)

[02:00:51] Cycle 136
  💰 Current Price: $1.50
  🎯 Signal: HOLD (confidence: 0.03)
  📝 Reason: 5m: MACD bullish; 15m: MACD bullish; 1h: MACD bearish; 4h: RSI oversold (34.7)

[02:01:22] Cycle 137
  💰 Current Price: $1.50
  🎯 Signal: HOLD (confidence: 0.03)
  📝 Reason: 5m: MACD bullish; 15m: MACD bullish; 1h: MACD bearish; 4h: RSI oversold (34.7)

[02:01:53] Cycle 138
  💰 Current Price: $1.50
  🎯 Signal: HOLD (confidence: 0.03)
  📝 Reason: 5m: MACD bullish; 15m: MACD bullish; 1h: MACD bearish; 4h: RSI oversold (34.7)

[02:02:24] Cycle 139
  💰 Current Price: $1.50
  🎯 Signal: HOLD (confidence: 0.03)
  📝 Reason: 5m: MACD bullish; 15m: MACD bullish; 1h: MACD bearish; 4h: RSI oversold (34.9)

[02:02:55] Cycle 140
  💰 Current Price: $1.50
  🎯 Signal: HOLD (confidence: 0.03)
  📝 Reason: 5m: MACD bullish; 15m: MACD bullish; 1h: MACD bearish; 4h: RSI oversold (34.9)

[02:03:26] Cycle 141
  💰 Current Price: $1.50
  🎯 Signal: SELL (confidence: 0.38)
  📝 Reason: 5m: MACD bullish; 15m: MACD bullish; 1h: MACD bearish; 4h: MACD bearish
  ⚠️ Sell signal but no position

[02:03:57] Cycle 142
  💰 Current Price: $1.50
  🎯 Signal: SELL (confidence: 0.38)
  📝 Reason: 5m: MACD bullish; 15m: MACD bullish; 1h: MACD bearish; 4h: MACD bearish
  ⚠️ Sell signal but no position

[02:04:28] Cycle 143
  💰 Current Price: $1.50
  🎯 Signal: SELL (confidence: 0.38)
  📝 Reason: 5m: MACD bullish; 15m: MACD bullish; 1h: MACD bearish; 4h: MACD bearish
  ⚠️ Sell signal but no position

[02:04:59] Cycle 144
  💰 Current Price: $1.50
  🎯 Signal: SELL (confidence: 0.38)
  📝 Reason: 5m: MACD bullish; 15m: MACD bullish; 1h: MACD bearish; 4h: MACD bearish
  ⚠️ Sell signal but no position

[02:05:30] Cycle 145
  💰 Current Price: $1.50
  🎯 Signal: SELL (confidence: 0.38)
  📝 Reason: 5m: MACD bullish; 15m: MACD bullish; 1h: MACD bearish; 4h: MACD bearish
  ⚠️ Sell signal but no position

[02:06:02] Cycle 146
  💰 Current Price: $1.50
  🎯 Signal: SELL (confidence: 0.38)
  📝 Reason: 5m: MACD bullish; 15m: MACD bullish; 1h: MACD bearish; 4h: MACD bearish
  ⚠️ Sell signal but no position

[02:06:32] Cycle 147
  💰 Current Price: $1.50
  🎯 Signal: SELL (confidence: 0.38)
  📝 Reason: 5m: MACD bullish; 15m: MACD bullish; 1h: MACD bearish; 4h: MACD bearish
  ⚠️ Sell signal but no position

[02:07:04] Cycle 148
  💰 Current Price: $1.50
  🎯 Signal: SELL (confidence: 0.38)
  📝 Reason: 5m: MACD bullish; 15m: MACD bullish; 1h: MACD bearish; 4h: MACD bearish
  ⚠️ Sell signal but no position

[02:07:35] Cycle 149
  💰 Current Price: $1.50
  🎯 Signal: SELL (confidence: 0.38)
  📝 Reason: 5m: MACD bullish; 15m: MACD bullish; 1h: MACD bearish; 4h: MACD bearish
  ⚠️ Sell signal but no position

[02:08:06] Cycle 150
  💰 Current Price: $1.50
  🎯 Signal: SELL (confidence: 0.38)
  📝 Reason: 5m: MACD bullish; 15m: MACD bullish; 1h: MACD bearish; 4h: MACD bearish
  ⚠️ Sell signal but no position

[02:08:37] Cycle 151
  💰 Current Price: $1.50
  🎯 Signal: SELL (confidence: 0.38)
  📝 Reason: 5m: MACD bullish; 15m: MACD bullish; 1h: MACD bearish; 4h: MACD bearish
  ⚠️ Sell signal but no position

[02:09:08] Cycle 152
  💰 Current Price: $1.50
  🎯 Signal: SELL (confidence: 0.38)
  📝 Reason: 5m: MACD bullish; 15m: MACD bullish; 1h: MACD bearish; 4h: MACD bearish
  ⚠️ Sell signal but no position

[02:09:39] Cycle 153
  💰 Current Price: $1.50
  🎯 Signal: SELL (confidence: 0.38)
  📝 Reason: 5m: MACD bullish; 15m: MACD bullish; 1h: MACD bearish; 4h: MACD bearish
  ⚠️ Sell signal but no position

[02:10:10] Cycle 154
  💰 Current Price: $1.50
  🎯 Signal: SELL (confidence: 0.28)
  📝 Reason: 5m: MACD bullish; 15m: MACD bullish; 1h: MACD bearish; 4h: MACD bearish
  ⚠️ Sell signal but no position

[02:10:41] Cycle 155
  💰 Current Price: $1.50
  🎯 Signal: SELL (confidence: 0.28)
  📝 Reason: 5m: MACD bullish; 15m: MACD bullish; 1h: MACD bearish; 4h: MACD bearish
  ⚠️ Sell signal but no position

[02:11:12] Cycle 156
  💰 Current Price: $1.50
  🎯 Signal: SELL (confidence: 0.28)
  📝 Reason: 5m: MACD bullish; 15m: MACD bullish; 1h: MACD bearish; 4h: MACD bearish
  ⚠️ Sell signal but no position

[02:11:43] Cycle 157
  💰 Current Price: $1.50
  🎯 Signal: SELL (confidence: 0.28)
  📝 Reason: 5m: MACD bullish; 15m: MACD bullish; 1h: MACD bearish; 4h: MACD bearish
  ⚠️ Sell signal but no position

[02:12:14] Cycle 158
  💰 Current Price: $1.50
  🎯 Signal: SELL (confidence: 0.28)
  📝 Reason: 5m: MACD bullish; 15m: MACD bullish; 1h: MACD bearish; 4h: MACD bearish
  ⚠️ Sell signal but no position

[02:12:45] Cycle 159
  💰 Current Price: $1.50
  🎯 Signal: SELL (confidence: 0.28)
  📝 Reason: 5m: MACD bullish; 15m: MACD bullish; 1h: MACD bearish; 4h: MACD bearish
  ⚠️ Sell signal but no position

[02:13:16] Cycle 160
  💰 Current Price: $1.50
  🎯 Signal: SELL (confidence: 0.28)
  📝 Reason: 5m: MACD bullish; 15m: MACD bullish; 1h: MACD bearish; 4h: MACD bearish
  ⚠️ Sell signal but no position

[02:13:47] Cycle 161
  💰 Current Price: $1.50
  🎯 Signal: SELL (confidence: 0.28)
  📝 Reason: 5m: MACD bullish; 15m: MACD bullish; 1h: MACD bearish; 4h: MACD bearish
  ⚠️ Sell signal but no position

[02:14:18] Cycle 162
  💰 Current Price: $1.50
  🎯 Signal: SELL (confidence: 0.38)
  📝 Reason: 5m: MACD bullish; 15m: MACD bullish; 1h: MACD bearish; 4h: MACD bearish
  ⚠️ Sell signal but no position

[02:14:49] Cycle 163
  💰 Current Price: $1.50
  🎯 Signal: SELL (confidence: 0.38)
  📝 Reason: 5m: MACD bullish; 15m: MACD bullish; 1h: MACD bearish; 4h: MACD bearish
  ⚠️ Sell signal but no position

[02:15:20] Cycle 164
  💰 Current Price: $1.50
  🎯 Signal: SELL (confidence: 0.38)
  📝 Reason: 5m: MACD bullish; 15m: MACD bullish; 1h: MACD bearish; 4h: MACD bearish
  ⚠️ Sell signal but no position

[02:15:51] Cycle 165
  💰 Current Price: $1.50
  🎯 Signal: SELL (confidence: 0.38)
  📝 Reason: 5m: MACD bullish; 15m: MACD bullish; 1h: MACD bearish; 4h: MACD bearish
  ⚠️ Sell signal but no position

[02:16:22] Cycle 166
  💰 Current Price: $1.50
  🎯 Signal: SELL (confidence: 0.38)
  📝 Reason: 5m: MACD bullish; 15m: MACD bullish; 1h: MACD bearish; 4h: MACD bearish
  ⚠️ Sell signal but no position

[02:16:53] Cycle 167
  💰 Current Price: $1.50
  🎯 Signal: SELL (confidence: 0.38)
  📝 Reason: 5m: MACD bullish; 15m: MACD bullish; 1h: MACD bearish; 4h: MACD bearish
  ⚠️ Sell signal but no position

[02:17:24] Cycle 168
  💰 Current Price: $1.50
  🎯 Signal: SELL (confidence: 0.38)
  📝 Reason: 5m: MACD bullish; 15m: MACD bullish; 1h: MACD bearish; 4h: MACD bearish
  ⚠️ Sell signal but no position

[02:17:55] Cycle 169
  💰 Current Price: $1.50
  🎯 Signal: SELL (confidence: 0.28)
  📝 Reason: 5m: MACD bullish; 15m: MACD bullish; 1h: MACD bearish; 4h: MACD bearish
  ⚠️ Sell signal but no position

[02:18:26] Cycle 170
  💰 Current Price: $1.49
  🎯 Signal: HOLD (confidence: 0.03)
  📝 Reason: 5m: MACD bullish; 15m: MACD bullish; 1h: MACD bearish; 4h: RSI oversold (34.7)

[02:00:58] Cycle 131
  💰 Current Price: $1.50
  🎯 Signal: HOLD (confidence: 0.03)
  📝 Reason: 5m: MACD bullish; 15m: MACD bullish; 1h: MACD bearish; 4h: RSI oversold (34.7)

[02:01:29] Cycle 132
  💰 Current Price: $1.50
  🎯 Signal: HOLD (confidence: 0.03)
  📝 Reason: 5m: MACD bullish; 15m: MACD bullish; 1h: MACD bearish; 4h: RSI oversold (34.7)

[02:02:00] Cycle 133
  💰 Current Price: $1.50
  🎯 Signal: HOLD (confidence: 0.03)
  📝 Reason: 5m: MACD bullish; 15m: MACD bullish; 1h: MACD bearish; 4h: RSI oversold (34.7)

[02:02:31] Cycle 134
  💰 Current Price: $1.50
  🎯 Signal: HOLD (confidence: 0.03)
  📝 Reason: 5m: MACD bullish; 15m: MACD bullish; 1h: MACD bearish; 4h: RSI oversold (34.9)

[02:03:02] Cycle 135
  💰 Current Price: $1.50
  🎯 Signal: HOLD (confidence: 0.03)
  📝 Reason: 5m: MACD bullish; 15m: MACD bullish; 1h: MACD bearish; 4h: RSI oversold (34.9)

[02:03:33] Cycle 136
  💰 Current Price: $1.50
  🎯 Signal: SELL (confidence: 0.38)
  📝 Reason: 5m: MACD bullish; 15m: MACD bullish; 1h: MACD bearish; 4h: MACD bearish
  ⚠️ Sell signal but no position

[02:04:04] Cycle 137
  💰 Current Price: $1.50
  🎯 Signal: SELL (confidence: 0.38)
  📝 Reason: 5m: MACD bullish; 15m: MACD bullish; 1h: MACD bearish; 4h: MACD bearish
  ⚠️ Sell signal but no position

[02:04:35] Cycle 138
  💰 Current Price: $1.50
  🎯 Signal: SELL (confidence: 0.38)
  📝 Reason: 5m: MACD bullish; 15m: MACD bullish; 1h: MACD bearish; 4h: MACD bearish
  ⚠️ Sell signal but no position

[02:05:05] Cycle 139
  💰 Current Price: $1.50
  🎯 Signal: SELL (confidence: 0.38)
  📝 Reason: 5m: MACD bullish; 15m: MACD bullish; 1h: MACD bearish; 4h: MACD bearish
  ⚠️ Sell signal but no position

[02:05:37] Cycle 140
  💰 Current Price: $1.50
  🎯 Signal: SELL (confidence: 0.38)
  📝 Reason: 5m: MACD bullish; 15m: MACD bullish; 1h: MACD bearish; 4h: MACD bearish
  ⚠️ Sell signal but no position

[02:06:08] Cycle 141
  💰 Current Price: $1.50
  🎯 Signal: SELL (confidence: 0.38)
  📝 Reason: 5m: MACD bullish; 15m: MACD bullish; 1h: MACD bearish; 4h: MACD bearish
  ⚠️ Sell signal but no position

[02:06:39] Cycle 142
  💰 Current Price: $1.50
  🎯 Signal: SELL (confidence: 0.38)
  📝 Reason: 5m: MACD bullish; 15m: MACD bullish; 1h: MACD bearish; 4h: MACD bearish
  ⚠️ Sell signal but no position

[02:07:10] Cycle 143
  💰 Current Price: $1.50
  🎯 Signal: SELL (confidence: 0.38)
  📝 Reason: 5m: MACD bullish; 15m: MACD bullish; 1h: MACD bearish; 4h: MACD bearish
  ⚠️ Sell signal but no position

[02:07:41] Cycle 144
  💰 Current Price: $1.50
  🎯 Signal: SELL (confidence: 0.38)
  📝 Reason: 5m: MACD bullish; 15m: MACD bullish; 1h: MACD bearish; 4h: MACD bearish
  ⚠️ Sell signal but no position

[02:08:12] Cycle 145
  💰 Current Price: $1.50
  🎯 Signal: SELL (confidence: 0.38)
  📝 Reason: 5m: MACD bullish; 15m: MACD bullish; 1h: MACD bearish; 4h: MACD bearish
  ⚠️ Sell signal but no position

[02:08:43] Cycle 146
  💰 Current Price: $1.50
  🎯 Signal: SELL (confidence: 0.38)
  📝 Reason: 5m: MACD bullish; 15m: MACD bullish; 1h: MACD bearish; 4h: MACD bearish
  ⚠️ Sell signal but no position

[02:09:14] Cycle 147
  💰 Current Price: $1.50
  🎯 Signal: SELL (confidence: 0.38)
  📝 Reason: 5m: MACD bullish; 15m: MACD bullish; 1h: MACD bearish; 4h: MACD bearish
  ⚠️ Sell signal but no position

[02:09:46] Cycle 148
  💰 Current Price: $1.50
  🎯 Signal: SELL (confidence: 0.38)
  📝 Reason: 5m: MACD bullish; 15m: MACD bullish; 1h: MACD bearish; 4h: MACD bearish
  ⚠️ Sell signal but no position

[02:10:16] Cycle 149
  💰 Current Price: $1.50
  🎯 Signal: SELL (confidence: 0.28)
  📝 Reason: 5m: MACD bullish; 15m: MACD bullish; 1h: MACD bearish; 4h: MACD bearish
  ⚠️ Sell signal but no position

[02:10:47] Cycle 150
  💰 Current Price: $1.50
  🎯 Signal: SELL (confidence: 0.28)
  📝 Reason: 5m: MACD bullish; 15m: MACD bullish; 1h: MACD bearish; 4h: MACD bearish
  ⚠️ Sell signal but no position

[02:11:18] Cycle 151
  💰 Current Price: $1.50
  🎯 Signal: SELL (confidence: 0.28)
  📝 Reason: 5m: MACD bullish; 15m: MACD bullish; 1h: MACD bearish; 4h: MACD bearish
  ⚠️ Sell signal but no position

[02:11:49] Cycle 152
  💰 Current Price: $1.50
  🎯 Signal: SELL (confidence: 0.28)
  📝 Reason: 5m: MACD bullish; 15m: MACD bullish; 1h: MACD bearish; 4h: MACD bearish
  ⚠️ Sell signal but no position

[02:12:20] Cycle 153
  💰 Current Price: $1.50
  🎯 Signal: SELL (confidence: 0.28)
  📝 Reason: 5m: MACD bullish; 15m: MACD bullish; 1h: MACD bearish; 4h: MACD bearish
  ⚠️ Sell signal but no position

[02:12:51] Cycle 154
  💰 Current Price: $1.50
  🎯 Signal: SELL (confidence: 0.28)
  📝 Reason: 5m: MACD bullish; 15m: MACD bullish; 1h: MACD bearish; 4h: MACD bearish
  ⚠️ Sell signal but no position

[02:13:22] Cycle 155
  💰 Current Price: $1.50
  🎯 Signal: SELL (confidence: 0.28)
  📝 Reason: 5m: MACD bullish; 15m: MACD bullish; 1h: MACD bearish; 4h: MACD bearish
  ⚠️ Sell signal but no position

[02:13:53] Cycle 156
  💰 Current Price: $1.50
  🎯 Signal: SELL (confidence: 0.38)
  📝 Reason: 5m: MACD bullish; 15m: MACD bullish; 1h: MACD bearish; 4h: MACD bearish
  ⚠️ Sell signal but no position

[02:14:24] Cycle 157
  💰 Current Price: $1.50
  🎯 Signal: SELL (confidence: 0.38)
  📝 Reason: 5m: MACD bullish; 15m: MACD bullish; 1h: MACD bearish; 4h: MACD bearish
  ⚠️ Sell signal but no position

[02:14:55] Cycle 158
  💰 Current Price: $1.50
  🎯 Signal: SELL (confidence: 0.38)
  📝 Reason: 5m: MACD bullish; 15m: MACD bullish; 1h: MACD bearish; 4h: MACD bearish
  ⚠️ Sell signal but no position

[02:15:26] Cycle 159
  💰 Current Price: $1.50
  🎯 Signal: SELL (confidence: 0.38)
  📝 Reason: 5m: MACD bullish; 15m: MACD bullish; 1h: MACD bearish; 4h: MACD bearish
  ⚠️ Sell signal but no position

[02:15:57] Cycle 160
  💰 Current Price: $1.50
  🎯 Signal: SELL (confidence: 0.38)
  📝 Reason: 5m: MACD bullish; 15m: MACD bullish; 1h: MACD bearish; 4h: MACD bearish
  ⚠️ Sell signal but no position

[02:16:28] Cycle 161
  💰 Current Price: $1.50
  🎯 Signal: SELL (confidence: 0.38)
  📝 Reason: 5m: MACD bullish; 15m: MACD bullish; 1h: MACD bearish; 4h: MACD bearish
  ⚠️ Sell signal but no position

[02:16:59] Cycle 162
  💰 Current Price: $1.50
  🎯 Signal: SELL (confidence: 0.38)
  📝 Reason: 5m: MACD bullish; 15m: MACD bullish; 1h: MACD bearish; 4h: MACD bearish
  ⚠️ Sell signal but no position

[02:17:30] Cycle 163
  💰 Current Price: $1.50
  🎯 Signal: SELL (confidence: 0.38)
  📝 Reason: 5m: MACD bullish; 15m: MACD bullish; 1h: MACD bearish; 4h: MACD bearish
  ⚠️ Sell signal but no position

[02:18:02] Cycle 164
  💰 Current Price: $1.50
  🎯 Signal: SELL (confidence: 0.28)
  📝 Reason: 5m: MACD bullish; 15m: MACD bullish; 1h: MACD bearish; 4h: MACD bearish
  ⚠️ Sell signal but no position

[02:18:33] Cycle 165
  💰 Current Price: $1.50
  🎯 Signal: SELL (confidence: 0.28)
  📝 Reason: 5m: MACD bullish; 15m: MACD bullish; 1h: MACD bearish; 4h: MACD bearish
  ⚠️ Sell signal but no position

[02:19:04] Cycle 166
  💰 Current Price: $1.50
  🎯 Signal: SELL (confidence: 0.28)
  📝 Reason: 5m: MACD bullish; 15m: MACD bullish; 1h: MACD bearish; 4h: MACD bearish
  ⚠️ Sell signal but no position

[02:19:35] Cycle 167
  💰 Current Price: $1.50
  🎯 Signal: SELL (confidence: 0.28)
  📝 Reason: 5m: MACD bullish; 15m: MACD bullish; 1h: MACD bearish; 4h: MACD bearish
  ⚠️ Sell signal but no position

[02:20:06] Cycle 168
  💰 Current Price: $1.50
  🎯 Signal: SELL (confidence: 0.28)
  📝 Reason: 5m: MACD bullish; 15m: MACD bullish; 1h: MACD bearish; 4h: MACD bearish
  ⚠️ Sell signal but no position

[02:20:37] Cycle 169
  💰 Current Price: $1.50
  💰 Current Price: $1.50
  🎯 Signal: SELL (confidence: 0.28)
  📝 Reason: 5m: MACD bullish; 15m: MACD bullish; 1h: MACD bearish; 4h: MACD bearish
  ⚠️ Sell signal but no position

[02:18:57] Cycle 171
  💰 Current Price: $1.50
  🎯 Signal: SELL (confidence: 0.28)
  📝 Reason: 5m: MACD bullish; 15m: MACD bullish; 1h: MACD bearish; 4h: MACD bearish
  ⚠️ Sell signal but no position

[02:19:28] Cycle 172
  💰 Current Price: $1.50
  🎯 Signal: SELL (confidence: 0.28)
  📝 Reason: 5m: MACD bullish; 15m: MACD bullish; 1h: MACD bearish; 4h: MACD bearish
  ⚠️ Sell signal but no position

[02:19:59] Cycle 173
  💰 Current Price: $1.50
  🎯 Signal: SELL (confidence: 0.28)
  📝 Reason: 5m: MACD bullish; 15m: MACD bullish; 1h: MACD bearish; 4h: MACD bearish
  ⚠️ Sell signal but no position

[02:20:30] Cycle 174
  💰 Current Price: $1.50
  🎯 Signal: SELL (confidence: 0.28)
  📝 Reason: 5m: MACD bullish; 15m: MACD bullish; 1h: MACD bearish; 4h: MACD bearish
  ⚠️ Sell signal but no position

[02:21:01] Cycle 175
  💰 Current Price: $1.50
  🎯 Signal: SELL (confidence: 0.28)
  📝 Reason: 5m: MACD bullish; 15m: MACD bullish; 1h: MACD bearish; 4h: MACD bearish
  ⚠️ Sell signal but no position

[02:21:32] Cycle 176
  💰 Current Price: $1.50
  🎯 Signal: SELL (confidence: 0.38)
  📝 Reason: 5m: MACD bullish; 15m: MACD bullish; 1h: MACD bearish; 4h: MACD bearish
  ⚠️ Sell signal but no position

[02:22:04] Cycle 177
  💰 Current Price: $1.50
  🎯 Signal: SELL (confidence: 0.38)
  📝 Reason: 5m: MACD bullish; 15m: MACD bullish; 1h: MACD bearish; 4h: MACD bearish
  ⚠️ Sell signal but no position

[02:22:34] Cycle 178
  💰 Current Price: $1.50
  🎯 Signal: SELL (confidence: 0.38)
  📝 Reason: 5m: MACD bullish; 15m: MACD bullish; 1h: MACD bearish; 4h: MACD bearish
  ⚠️ Sell signal but no position

[02:23:06] Cycle 179
  💰 Current Price: $1.50
  🎯 Signal: SELL (confidence: 0.38)
  📝 Reason: 5m: MACD bullish; 15m: MACD bullish; 1h: MACD bearish; 4h: MACD bearish
  ⚠️ Sell signal but no position

[02:23:36] Cycle 180
  💰 Current Price: $1.50
  🎯 Signal: SELL (confidence: 0.38)
  📝 Reason: 5m: MACD bullish; 15m: MACD bullish; 1h: MACD bearish; 4h: MACD bearish
  ⚠️ Sell signal but no position

[02:24:07] Cycle 181
  💰 Current Price: $1.50
  🎯 Signal: SELL (confidence: 0.38)
  📝 Reason: 5m: MACD bullish; 15m: MACD bullish; 1h: MACD bearish; 4h: MACD bearish
  ⚠️ Sell signal but no position

[02:24:38] Cycle 182
  💰 Current Price: $1.50
  🎯 Signal: SELL (confidence: 0.38)
  📝 Reason: 5m: MACD bullish; 15m: MACD bullish; 1h: MACD bearish; 4h: MACD bearish
  ⚠️ Sell signal but no position

[02:25:09] Cycle 183
  💰 Current Price: $1.50
  🎯 Signal: SELL (confidence: 0.38)
  📝 Reason: 5m: MACD bullish; 15m: MACD bullish; 1h: MACD bearish; 4h: MACD bearish
  ⚠️ Sell signal but no position

[02:25:40] Cycle 184
  💰 Current Price: $1.50
  🎯 Signal: SELL (confidence: 0.38)
  📝 Reason: 5m: MACD bullish; 15m: MACD bullish; 1h: MACD bearish; 4h: MACD bearish
  ⚠️ Sell signal but no position

[02:26:11] Cycle 185
  💰 Current Price: $1.50
  🎯 Signal: SELL (confidence: 0.38)
  📝 Reason: 5m: MACD bullish; 15m: MACD bullish; 1h: MACD bearish; 4h: MACD bearish
  ⚠️ Sell signal but no position

[02:26:42] Cycle 186
  💰 Current Price: $1.50
  🎯 Signal: SELL (confidence: 0.38)
  📝 Reason: 5m: MACD bullish; 15m: MACD bullish; 1h: MACD bearish; 4h: MACD bearish
  ⚠️ Sell signal but no position

[02:27:13] Cycle 187
  💰 Current Price: $1.50
  🎯 Signal: SELL (confidence: 0.38)
  📝 Reason: 5m: MACD bullish; 15m: MACD bullish; 1h: MACD bearish; 4h: MACD bearish
  ⚠️ Sell signal but no position

[02:27:44] Cycle 188
  💰 Current Price: $1.50
  🎯 Signal: SELL (confidence: 0.38)
  📝 Reason: 5m: MACD bullish; 15m: MACD bullish; 1h: MACD bearish; 4h: MACD bearish
  ⚠️ Sell signal but no position

[02:28:15] Cycle 189
  💰 Current Price: $1.50
  🎯 Signal: SELL (confidence: 0.38)
  📝 Reason: 5m: MACD bullish; 15m: MACD bullish; 1h: MACD bearish; 4h: MACD bearish
  ⚠️ Sell signal but no position

[02:28:46] Cycle 190
  💰 Current Price: $1.50
  🎯 Signal: SELL (confidence: 0.38)
  📝 Reason: 5m: MACD bullish; 15m: MACD bullish; 1h: MACD bearish; 4h: MACD bearish
  ⚠️ Sell signal but no position

[02:29:17] Cycle 191
  💰 Current Price: $1.50
  🎯 Signal: SELL (confidence: 0.38)
  📝 Reason: 5m: MACD bullish; 15m: MACD bullish; 1h: MACD bearish; 4h: MACD bearish
  ⚠️ Sell signal but no position

[02:29:48] Cycle 192
  💰 Current Price: $1.50
  🎯 Signal: SELL (confidence: 0.38)
  📝 Reason: 5m: MACD bullish; 15m: MACD bullish; 1h: MACD bearish; 4h: MACD bearish
  ⚠️ Sell signal but no position

[02:30:19] Cycle 193
  💰 Current Price: $1.50
  🎯 Signal: SELL (confidence: 0.38)
  📝 Reason: 5m: MACD bullish; 15m: MACD bullish; 1h: MACD bearish; 4h: MACD bearish
  ⚠️ Sell signal but no position

[02:30:50] Cycle 194
  💰 Current Price: $1.50
  🎯 Signal: SELL (confidence: 0.38)
  📝 Reason: 5m: MACD bullish; 15m: MACD bullish; 1h: MACD bearish; 4h: MACD bearish
  ⚠️ Sell signal but no position

[02:31:21] Cycle 195
  💰 Current Price: $1.50
  🎯 Signal: SELL (confidence: 0.38)
  📝 Reason: 5m: MACD bullish; 15m: MACD bullish; 1h: MACD bearish; 4h: MACD bearish
  ⚠️ Sell signal but no position

[02:31:52] Cycle 196
  💰 Current Price: $1.50
  🎯 Signal: SELL (confidence: 0.38)
  📝 Reason: 5m: MACD bullish; 15m: MACD bullish; 1h: MACD bearish; 4h: MACD bearish
  ⚠️ Sell signal but no position

[02:32:23] Cycle 197
  💰 Current Price: $1.50
  🎯 Signal: SELL (confidence: 0.38)
  📝 Reason: 5m: MACD bullish; 15m: MACD bullish; 1h: MACD bearish; 4h: MACD bearish
  ⚠️ Sell signal but no position

[02:32:54] Cycle 198
  💰 Current Price: $1.50
  🎯 Signal: SELL (confidence: 0.38)
  📝 Reason: 5m: MACD bullish; 15m: MACD bullish; 1h: MACD bearish; 4h: MACD bearish
  ⚠️ Sell signal but no position

[02:33:24] Cycle 199
  💰 Current Price: $1.50
  🎯 Signal: SELL (confidence: 0.38)
  📝 Reason: 5m: MACD bullish; 15m: MACD bullish; 1h: MACD bearish; 4h: MACD bearish
  ⚠️ Sell signal but no position

[02:33:55] Cycle 200
  💰 Current Price: $1.50
  🎯 Signal: SELL (confidence: 0.38)
  📝 Reason: 5m: MACD bullish; 15m: MACD bullish; 1h: MACD bearish; 4h: MACD bearish
  ⚠️ Sell signal but no position

[02:34:26] Cycle 201
  💰 Current Price: $1.50
  🎯 Signal: SELL (confidence: 0.38)
  📝 Reason: 5m: MACD bullish; 15m: MACD bullish; 1h: MACD bearish; 4h: MACD bearish
  ⚠️ Sell signal but no position

[02:34:58] Cycle 202
  💰 Current Price: $1.50
  🎯 Signal: SELL (confidence: 0.38)
  📝 Reason: 5m: MACD bullish; 15m: MACD bullish; 1h: MACD bearish; 4h: MACD bearish
  ⚠️ Sell signal but no position

[02:35:29] Cycle 203
  💰 Current Price: $1.50
  🎯 Signal: SELL (confidence: 0.38)
  📝 Reason: 5m: MACD bullish; 15m: MACD bullish; 1h: MACD bearish; 4h: MACD bearish
  ⚠️ Sell signal but no position

[02:36:00] Cycle 204
  💰 Current Price: $1.50
  🎯 Signal: SELL (confidence: 0.38)
  📝 Reason: 5m: MACD bullish; 15m: MACD bullish; 1h: MACD bearish; 4h: MACD bearish
  ⚠️ Sell signal but no position

[02:36:31] Cycle 205
  💰 Current Price: $1.50
  🎯 Signal: SELL (confidence: 0.38)
  📝 Reason: 5m: MACD bullish; 15m: MACD bullish; 1h: MACD bearish; 4h: MACD bearish
  ⚠️ Sell signal but no position

[02:37:02] Cycle 206
  💰 Current Price: $1.50
  🎯 Signal: SELL (confidence: 0.38)
  📝 Reason: 5m: MACD bullish; 15m: MACD bullish; 1h: MACD bearish; 4h: MACD bearish
  ⚠️ Sell signal but no position

[02:37:33] Cycle 207
  💰 Current Price: $1.50
  🎯 Signal: SELL (confidence: 0.38)
  📝 Reason: 5m: MACD bullish; 15m: MACD bullish; 1h: MACD bearish; 4h: MACD bearish
  ⚠️ Sell signal but no position

[02:38:05] Cycle 208
  💰 Current Price: $1.50
  🎯 Signal: SELL (confidence: 0.38)
  🎯 Signal: SELL (confidence: 0.28)
  📝 Reason: 5m: MACD bullish; 15m: MACD bullish; 1h: MACD bearish; 4h: MACD bearish
  ⚠️ Sell signal but no position

[02:21:08] Cycle 170
  💰 Current Price: $1.50
  🎯 Signal: SELL (confidence: 0.38)
  📝 Reason: 5m: MACD bullish; 15m: MACD bullish; 1h: MACD bearish; 4h: MACD bearish
  ⚠️ Sell signal but no position

[02:21:39] Cycle 171
  💰 Current Price: $1.50
  🎯 Signal: SELL (confidence: 0.38)
  📝 Reason: 5m: MACD bullish; 15m: MACD bullish; 1h: MACD bearish; 4h: MACD bearish
  ⚠️ Sell signal but no position

[02:22:10] Cycle 172
  💰 Current Price: $1.50
  🎯 Signal: SELL (confidence: 0.38)
  📝 Reason: 5m: MACD bullish; 15m: MACD bullish; 1h: MACD bearish; 4h: MACD bearish
  ⚠️ Sell signal but no position

[02:22:41] Cycle 173
  💰 Current Price: $1.50
  🎯 Signal: SELL (confidence: 0.38)
  📝 Reason: 5m: MACD bullish; 15m: MACD bullish; 1h: MACD bearish; 4h: MACD bearish
  ⚠️ Sell signal but no position

[02:23:12] Cycle 174
  💰 Current Price: $1.50
  🎯 Signal: SELL (confidence: 0.38)
  📝 Reason: 5m: MACD bullish; 15m: MACD bullish; 1h: MACD bearish; 4h: MACD bearish
  ⚠️ Sell signal but no position

[02:23:43] Cycle 175
  💰 Current Price: $1.50
  🎯 Signal: SELL (confidence: 0.38)
  📝 Reason: 5m: MACD bullish; 15m: MACD bullish; 1h: MACD bearish; 4h: MACD bearish
  ⚠️ Sell signal but no position

[02:24:15] Cycle 176
  💰 Current Price: $1.50
  🎯 Signal: SELL (confidence: 0.38)
  📝 Reason: 5m: MACD bullish; 15m: MACD bullish; 1h: MACD bearish; 4h: MACD bearish
  ⚠️ Sell signal but no position

[02:24:45] Cycle 177
  💰 Current Price: $1.50
  🎯 Signal: SELL (confidence: 0.38)
  📝 Reason: 5m: MACD bullish; 15m: MACD bullish; 1h: MACD bearish; 4h: MACD bearish
  ⚠️ Sell signal but no position

[02:25:16] Cycle 178
  💰 Current Price: $1.50
  🎯 Signal: SELL (confidence: 0.38)
  📝 Reason: 5m: MACD bullish; 15m: MACD bullish; 1h: MACD bearish; 4h: MACD bearish
  ⚠️ Sell signal but no position

[02:25:47] Cycle 179
  💰 Current Price: $1.50
  🎯 Signal: SELL (confidence: 0.38)
  📝 Reason: 5m: MACD bullish; 15m: MACD bullish; 1h: MACD bearish; 4h: MACD bearish
  ⚠️ Sell signal but no position

[02:26:18] Cycle 180
  💰 Current Price: $1.50
  🎯 Signal: SELL (confidence: 0.38)
  📝 Reason: 5m: MACD bullish; 15m: MACD bullish; 1h: MACD bearish; 4h: MACD bearish
  ⚠️ Sell signal but no position

[02:26:50] Cycle 181
  💰 Current Price: $1.50
  🎯 Signal: SELL (confidence: 0.38)
  📝 Reason: 5m: MACD bullish; 15m: MACD bullish; 1h: MACD bearish; 4h: MACD bearish
  ⚠️ Sell signal but no position

[02:27:21] Cycle 182
  💰 Current Price: $1.50
  🎯 Signal: SELL (confidence: 0.38)
  📝 Reason: 5m: MACD bullish; 15m: MACD bullish; 1h: MACD bearish; 4h: MACD bearish
  ⚠️ Sell signal but no position

[02:27:52] Cycle 183
  💰 Current Price: $1.50
  🎯 Signal: SELL (confidence: 0.38)
  📝 Reason: 5m: MACD bullish; 15m: MACD bullish; 1h: MACD bearish; 4h: MACD bearish
  ⚠️ Sell signal but no position

[02:28:23] Cycle 184
  💰 Current Price: $1.50
  🎯 Signal: SELL (confidence: 0.38)
  📝 Reason: 5m: MACD bullish; 15m: MACD bullish; 1h: MACD bearish; 4h: MACD bearish
  ⚠️ Sell signal but no position

[02:28:53] Cycle 185
  💰 Current Price: $1.50
  🎯 Signal: SELL (confidence: 0.38)
  📝 Reason: 5m: MACD bullish; 15m: MACD bullish; 1h: MACD bearish; 4h: MACD bearish
  ⚠️ Sell signal but no position

[02:29:25] Cycle 186
  💰 Current Price: $1.50
  🎯 Signal: SELL (confidence: 0.38)
  📝 Reason: 5m: MACD bullish; 15m: MACD bullish; 1h: MACD bearish; 4h: MACD bearish
  ⚠️ Sell signal but no position

[02:29:56] Cycle 187
  💰 Current Price: $1.50
  🎯 Signal: SELL (confidence: 0.38)
  📝 Reason: 5m: MACD bullish; 15m: MACD bullish; 1h: MACD bearish; 4h: MACD bearish
  ⚠️ Sell signal but no position

[02:30:27] Cycle 188
  💰 Current Price: $1.50
  🎯 Signal: SELL (confidence: 0.38)
  📝 Reason: 5m: MACD bullish; 15m: MACD bullish; 1h: MACD bearish; 4h: MACD bearish
  ⚠️ Sell signal but no position

[02:30:58] Cycle 189
  💰 Current Price: $1.50
  🎯 Signal: SELL (confidence: 0.38)
  📝 Reason: 5m: MACD bullish; 15m: MACD bullish; 1h: MACD bearish; 4h: MACD bearish
  ⚠️ Sell signal but no position

[02:31:29] Cycle 190
  💰 Current Price: $1.50
  🎯 Signal: SELL (confidence: 0.38)
  📝 Reason: 5m: MACD bullish; 15m: MACD bullish; 1h: MACD bearish; 4h: MACD bearish
  ⚠️ Sell signal but no position

[02:32:01] Cycle 191
  💰 Current Price: $1.50
  🎯 Signal: SELL (confidence: 0.38)
  📝 Reason: 5m: MACD bullish; 15m: MACD bullish; 1h: MACD bearish; 4h: MACD bearish
  ⚠️ Sell signal but no position

[02:32:32] Cycle 192
  💰 Current Price: $1.50
  🎯 Signal: SELL (confidence: 0.38)
  📝 Reason: 5m: MACD bullish; 15m: MACD bullish; 1h: MACD bearish; 4h: MACD bearish
  ⚠️ Sell signal but no position

[02:33:03] Cycle 193
  💰 Current Price: $1.50
  🎯 Signal: SELL (confidence: 0.38)
  📝 Reason: 5m: MACD bullish; 15m: MACD bullish; 1h: MACD bearish; 4h: MACD bearish
  ⚠️ Sell signal but no position

[02:33:34] Cycle 194
  💰 Current Price: $1.50
  🎯 Signal: SELL (confidence: 0.38)
  📝 Reason: 5m: MACD bullish; 15m: MACD bullish; 1h: MACD bearish; 4h: MACD bearish
  ⚠️ Sell signal but no position

[02:34:05] Cycle 195
  💰 Current Price: $1.50
  🎯 Signal: SELL (confidence: 0.38)
  📝 Reason: 5m: MACD bullish; 15m: MACD bullish; 1h: MACD bearish; 4h: MACD bearish
  ⚠️ Sell signal but no position

[02:34:35] Cycle 196
  💰 Current Price: $1.50
  🎯 Signal: SELL (confidence: 0.38)
  📝 Reason: 5m: MACD bullish; 15m: MACD bullish; 1h: MACD bearish; 4h: MACD bearish
  ⚠️ Sell signal but no position

[02:35:06] Cycle 197
  💰 Current Price: $1.50
  🎯 Signal: SELL (confidence: 0.38)
  📝 Reason: 5m: MACD bullish; 15m: MACD bullish; 1h: MACD bearish; 4h: MACD bearish
  ⚠️ Sell signal but no position

[02:35:37] Cycle 198
  💰 Current Price: $1.50
  🎯 Signal: SELL (confidence: 0.38)
  📝 Reason: 5m: MACD bullish; 15m: MACD bullish; 1h: MACD bearish; 4h: MACD bearish
  ⚠️ Sell signal but no position

[02:36:08] Cycle 199
  💰 Current Price: $1.50
  🎯 Signal: SELL (confidence: 0.38)
  📝 Reason: 5m: MACD bullish; 15m: MACD bullish; 1h: MACD bearish; 4h: MACD bearish
  ⚠️ Sell signal but no position

[02:36:39] Cycle 200
  💰 Current Price: $1.50
  🎯 Signal: SELL (confidence: 0.38)
  📝 Reason: 5m: MACD bullish; 15m: MACD bullish; 1h: MACD bearish; 4h: MACD bearish
  ⚠️ Sell signal but no position

[02:37:10] Cycle 201
  💰 Current Price: $1.50
  🎯 Signal: SELL (confidence: 0.38)
  📝 Reason: 5m: MACD bullish; 15m: MACD bullish; 1h: MACD bearish; 4h: MACD bearish
  ⚠️ Sell signal but no position

[02:37:42] Cycle 202
  💰 Current Price: $1.50
  🎯 Signal: SELL (confidence: 0.38)
  📝 Reason: 5m: MACD bullish; 15m: MACD bullish; 1h: MACD bearish; 4h: MACD bearish
  ⚠️ Sell signal but no position

[02:38:13] Cycle 203
  💰 Current Price: $1.50
  🎯 Signal: SELL (confidence: 0.38)
  📝 Reason: 5m: MACD bullish; 15m: MACD bullish; 1h: MACD bearish; 4h: MACD bearish
  ⚠️ Sell signal but no position

[02:38:44] Cycle 204
  💰 Current Price: $1.50
  🎯 Signal: SELL (confidence: 0.38)
  📝 Reason: 5m: MACD bullish; 15m: MACD bullish; 1h: MACD bearish; 4h: MACD bearish
  ⚠️ Sell signal but no position

[02:39:15] Cycle 205
  💰 Current Price: $1.50
  🎯 Signal: SELL (confidence: 0.38)
  📝 Reason: 5m: MACD bullish; 15m: MACD bullish; 1h: MACD bearish; 4h: MACD bearish
  ⚠️ Sell signal but no position

[02:39:46] Cycle 206
  💰 Current Price: $1.50
  🎯 Signal: SELL (confidence: 0.28)
  📝 Reason: 5m: MACD bullish; 15m: MACD bullish; 1h: MACD bearish; 4h: MACD bearish
  ⚠️ Sell signal but no position

[02:40:17] Cycle 207
  💰 Current Price: $1.50
  🎯 Signal: SELL (confidence: 0.28)
  📝 Reason: 5m: MACD bullish; 15m: MACD bullish; 1h: MACD bearish; 4h: MACD bearish
  ⚠️ Sell signal but no position

[02:38:36] Cycle 209
  💰 Current Price: $1.50
  🎯 Signal: SELL (confidence: 0.38)
  📝 Reason: 5m: MACD bullish; 15m: MACD bullish; 1h: MACD bearish; 4h: MACD bearish
  ⚠️ Sell signal but no position

[02:39:07] Cycle 210
  💰 Current Price: $1.50
  🎯 Signal: SELL (confidence: 0.38)
  📝 Reason: 5m: MACD bullish; 15m: MACD bullish; 1h: MACD bearish; 4h: MACD bearish
  ⚠️ Sell signal but no position

[02:39:38] Cycle 211
  💰 Current Price: $1.50
  🎯 Signal: SELL (confidence: 0.38)
  📝 Reason: 5m: MACD bullish; 15m: MACD bullish; 1h: MACD bearish; 4h: MACD bearish
  ⚠️ Sell signal but no position

[02:40:09] Cycle 212
  💰 Current Price: $1.50
  🎯 Signal: SELL (confidence: 0.28)
  📝 Reason: 5m: MACD bullish; 15m: MACD bullish; 1h: MACD bearish; 4h: MACD bearish
  ⚠️ Sell signal but no position

[02:40:40] Cycle 213
  💰 Current Price: $1.50
  🎯 Signal: SELL (confidence: 0.28)
  📝 Reason: 5m: MACD bullish; 15m: MACD bullish; 1h: MACD bearish; 4h: MACD bearish
  ⚠️ Sell signal but no position

[02:41:11] Cycle 214
  💰 Current Price: $1.50
  🎯 Signal: SELL (confidence: 0.28)
  📝 Reason: 5m: MACD bullish; 15m: MACD bullish; 1h: MACD bearish; 4h: MACD bearish
  ⚠️ Sell signal but no position

[02:41:42] Cycle 215
  💰 Current Price: $1.50
  🎯 Signal: SELL (confidence: 0.28)
  📝 Reason: 5m: MACD bullish; 15m: MACD bullish; 1h: MACD bearish; 4h: MACD bearish
  ⚠️ Sell signal but no position

[02:42:14] Cycle 216
  💰 Current Price: $1.50
  🎯 Signal: SELL (confidence: 0.28)
  📝 Reason: 5m: MACD bullish; 15m: MACD bullish; 1h: MACD bearish; 4h: MACD bearish
  ⚠️ Sell signal but no position

[02:42:45] Cycle 217
  💰 Current Price: $1.50
  🎯 Signal: SELL (confidence: 0.28)
  📝 Reason: 5m: MACD bullish; 15m: MACD bullish; 1h: MACD bearish; 4h: MACD bearish
  ⚠️ Sell signal but no position

[02:43:16] Cycle 218
  💰 Current Price: $1.50
  🎯 Signal: SELL (confidence: 0.28)
  📝 Reason: 5m: MACD bullish; 15m: MACD bullish; 1h: MACD bearish; 4h: MACD bearish
  ⚠️ Sell signal but no position

[02:43:47] Cycle 219
  💰 Current Price: $1.50
  🎯 Signal: SELL (confidence: 0.28)
  📝 Reason: 5m: MACD bullish; 15m: MACD bullish; 1h: MACD bearish; 4h: MACD bearish
  ⚠️ Sell signal but no position

[02:44:18] Cycle 220
  💰 Current Price: $1.50
  🎯 Signal: SELL (confidence: 0.28)
  📝 Reason: 5m: MACD bullish; 15m: MACD bullish; 1h: MACD bearish; 4h: MACD bearish
  ⚠️ Sell signal but no position

[02:44:49] Cycle 221
  💰 Current Price: $1.50
  🎯 Signal: SELL (confidence: 0.28)
  📝 Reason: 5m: MACD bullish; 15m: MACD bullish; 1h: MACD bearish; 4h: MACD bearish
  ⚠️ Sell signal but no position

[02:45:20] Cycle 222
  💰 Current Price: $1.50
  🎯 Signal: SELL (confidence: 0.38)
  📝 Reason: 5m: MACD bullish; 15m: MACD bullish; 1h: MACD bearish; 4h: MACD bearish
  ⚠️ Sell signal but no position

[02:45:51] Cycle 223
  💰 Current Price: $1.50
  🎯 Signal: SELL (confidence: 0.38)
  📝 Reason: 5m: MACD bullish; 15m: MACD bullish; 1h: MACD bearish; 4h: MACD bearish
  ⚠️ Sell signal but no position

[02:46:22] Cycle 224
  💰 Current Price: $1.50
  🎯 Signal: SELL (confidence: 0.38)
  📝 Reason: 5m: MACD bullish; 15m: MACD bullish; 1h: MACD bearish; 4h: MACD bearish
  ⚠️ Sell signal but no position

[02:46:53] Cycle 225
  💰 Current Price: $1.50
  🎯 Signal: SELL (confidence: 0.38)
  📝 Reason: 5m: MACD bullish; 15m: MACD bullish; 1h: MACD bearish; 4h: MACD bearish
  ⚠️ Sell signal but no position

[02:47:24] Cycle 226
  💰 Current Price: $1.50
  🎯 Signal: SELL (confidence: 0.38)
  📝 Reason: 5m: MACD bullish; 15m: MACD bullish; 1h: MACD bearish; 4h: MACD bearish
  ⚠️ Sell signal but no position

[02:47:55] Cycle 227
  💰 Current Price: $1.50
  🎯 Signal: SELL (confidence: 0.38)
  📝 Reason: 5m: MACD bullish; 15m: MACD bullish; 1h: MACD bearish; 4h: MACD bearish
  ⚠️ Sell signal but no position

[02:48:26] Cycle 228
  💰 Current Price: $1.50
  🎯 Signal: SELL (confidence: 0.38)
  📝 Reason: 5m: MACD bullish; 15m: MACD bullish; 1h: MACD bearish; 4h: MACD bearish
  ⚠️ Sell signal but no position

[02:48:57] Cycle 229
  💰 Current Price: $1.50
  🎯 Signal: SELL (confidence: 0.38)
  📝 Reason: 5m: MACD bullish; 15m: MACD bullish; 1h: MACD bearish; 4h: MACD bearish
  ⚠️ Sell signal but no position

[02:49:28] Cycle 230
  💰 Current Price: $1.50
  🎯 Signal: SELL (confidence: 0.38)
  📝 Reason: 5m: MACD bullish; 15m: MACD bullish; 1h: MACD bearish; 4h: MACD bearish
  ⚠️ Sell signal but no position

[02:49:59] Cycle 231
  💰 Current Price: $1.50
  🎯 Signal: SELL (confidence: 0.38)
  📝 Reason: 5m: MACD bullish; 15m: MACD bullish; 1h: MACD bearish; 4h: MACD bearish
  ⚠️ Sell signal but no position

[02:50:30] Cycle 232
  💰 Current Price: $1.50
  🎯 Signal: SELL (confidence: 0.38)
  📝 Reason: 5m: MACD bullish; 15m: MACD bullish; 1h: MACD bearish; 4h: MACD bearish
  ⚠️ Sell signal but no position

[02:51:01] Cycle 233
  💰 Current Price: $1.50
  🎯 Signal: SELL (confidence: 0.38)
  📝 Reason: 5m: MACD bullish; 15m: MACD bullish; 1h: MACD bearish; 4h: MACD bearish
  ⚠️ Sell signal but no position

[02:51:32] Cycle 234
  💰 Current Price: $1.50
  🎯 Signal: SELL (confidence: 0.38)
  📝 Reason: 5m: MACD bullish; 15m: MACD bullish; 1h: MACD bearish; 4h: MACD bearish
  ⚠️ Sell signal but no position

[02:52:03] Cycle 235
  💰 Current Price: $1.50
  🎯 Signal: SELL (confidence: 0.38)
  📝 Reason: 5m: MACD bullish; 15m: MACD bullish; 1h: MACD bearish; 4h: MACD bearish
  ⚠️ Sell signal but no position

[02:52:35] Cycle 236
  💰 Current Price: $1.50
  🎯 Signal: SELL (confidence: 0.38)
  📝 Reason: 5m: MACD bullish; 15m: MACD bullish; 1h: MACD bearish; 4h: MACD bearish
  ⚠️ Sell signal but no position

[02:53:06] Cycle 237
  💰 Current Price: $1.50
  🎯 Signal: SELL (confidence: 0.38)
  📝 Reason: 5m: MACD bullish; 15m: MACD bullish; 1h: MACD bearish; 4h: MACD bearish
  ⚠️ Sell signal but no position

[02:53:37] Cycle 238
  💰 Current Price: $1.50
  🎯 Signal: SELL (confidence: 0.38)
  📝 Reason: 5m: MACD bullish; 15m: MACD bullish; 1h: MACD bearish; 4h: MACD bearish
  ⚠️ Sell signal but no position

[02:54:08] Cycle 239
  💰 Current Price: $1.50
  🎯 Signal: SELL (confidence: 0.38)
  📝 Reason: 5m: MACD bullish; 15m: MACD bullish; 1h: MACD bearish; 4h: MACD bearish
  ⚠️ Sell signal but no position

[02:54:39] Cycle 240
  💰 Current Price: $1.50
  🎯 Signal: SELL (confidence: 0.38)
  📝 Reason: 5m: MACD bullish; 15m: MACD bullish; 1h: MACD bearish; 4h: MACD bearish
  ⚠️ Sell signal but no position

[02:55:09] Cycle 241
  💰 Current Price: $1.50
  🎯 Signal: SELL (confidence: 0.38)
  📝 Reason: 5m: MACD bullish; 15m: MACD bullish; 1h: MACD bearish; 4h: MACD bearish
  ⚠️ Sell signal but no position

[02:55:41] Cycle 242
  💰 Current Price: $1.50
  🎯 Signal: SELL (confidence: 0.38)
  📝 Reason: 5m: MACD bullish; 15m: MACD bullish; 1h: MACD bearish; 4h: MACD bearish
  ⚠️ Sell signal but no position

[02:56:12] Cycle 243
  💰 Current Price: $1.50
  🎯 Signal: SELL (confidence: 0.28)
  📝 Reason: 5m: MACD bullish; 15m: MACD bullish; 1h: MACD bearish; 4h: MACD bearish
  ⚠️ Sell signal but no position

[02:56:43] Cycle 244
  💰 Current Price: $1.50
  🎯 Signal: SELL (confidence: 0.28)
  📝 Reason: 5m: MACD bullish; 15m: MACD bullish; 1h: MACD bearish; 4h: MACD bearish
  ⚠️ Sell signal but no position

[02:57:14] Cycle 245
  💰 Current Price: $1.50
  🎯 Signal: SELL (confidence: 0.28)
  📝 Reason: 5m: MACD bullish; 15m: MACD bullish; 1h: MACD bearish; 4h: MACD bearish
  ⚠️ Sell signal but no position

[02:57:45] Cycle 246
  💰 Current Price: $1.50
  🎯 Signal: SELL (confidence: 0.28)
  📝 Reason: 5m: MACD bullish; 15m: MACD bullish; 1h: MACD bearish; 4h: MACD bearish
  📝 Reason: 5m: MACD bullish; 15m: MACD bullish; 1h: MACD bearish; 4h: MACD bearish
  ⚠️ Sell signal but no position

[02:40:48] Cycle 208
  💰 Current Price: $1.50
  🎯 Signal: SELL (confidence: 0.28)
  📝 Reason: 5m: MACD bullish; 15m: MACD bullish; 1h: MACD bearish; 4h: MACD bearish
  ⚠️ Sell signal but no position

[02:41:19] Cycle 209
  💰 Current Price: $1.50
  🎯 Signal: SELL (confidence: 0.28)
  📝 Reason: 5m: MACD bullish; 15m: MACD bullish; 1h: MACD bearish; 4h: MACD bearish
  ⚠️ Sell signal but no position

[02:41:50] Cycle 210
  💰 Current Price: $1.50
  🎯 Signal: SELL (confidence: 0.28)
  📝 Reason: 5m: MACD bullish; 15m: MACD bullish; 1h: MACD bearish; 4h: MACD bearish
  ⚠️ Sell signal but no position

[02:42:21] Cycle 211
  💰 Current Price: $1.50
  🎯 Signal: SELL (confidence: 0.28)
  📝 Reason: 5m: MACD bullish; 15m: MACD bullish; 1h: MACD bearish; 4h: MACD bearish
  ⚠️ Sell signal but no position

[02:42:52] Cycle 212
  💰 Current Price: $1.50
  🎯 Signal: SELL (confidence: 0.28)
  📝 Reason: 5m: MACD bullish; 15m: MACD bullish; 1h: MACD bearish; 4h: MACD bearish
  ⚠️ Sell signal but no position

[02:43:23] Cycle 213
  💰 Current Price: $1.50
  🎯 Signal: SELL (confidence: 0.28)
  📝 Reason: 5m: MACD bullish; 15m: MACD bullish; 1h: MACD bearish; 4h: MACD bearish
  ⚠️ Sell signal but no position

[02:43:54] Cycle 214
  💰 Current Price: $1.50
  🎯 Signal: SELL (confidence: 0.28)
  📝 Reason: 5m: MACD bullish; 15m: MACD bullish; 1h: MACD bearish; 4h: MACD bearish
  ⚠️ Sell signal but no position

[02:44:25] Cycle 215
  💰 Current Price: $1.50
  🎯 Signal: SELL (confidence: 0.28)
  📝 Reason: 5m: MACD bullish; 15m: MACD bullish; 1h: MACD bearish; 4h: MACD bearish
  ⚠️ Sell signal but no position

[02:44:56] Cycle 216
  💰 Current Price: $1.50
  🎯 Signal: SELL (confidence: 0.38)
  📝 Reason: 5m: MACD bullish; 15m: MACD bullish; 1h: MACD bearish; 4h: MACD bearish
  ⚠️ Sell signal but no position

[02:45:27] Cycle 217
  💰 Current Price: $1.50
  🎯 Signal: SELL (confidence: 0.38)
  📝 Reason: 5m: MACD bullish; 15m: MACD bullish; 1h: MACD bearish; 4h: MACD bearish
  ⚠️ Sell signal but no position

[02:45:58] Cycle 218
  💰 Current Price: $1.50
  🎯 Signal: SELL (confidence: 0.38)
  📝 Reason: 5m: MACD bullish; 15m: MACD bullish; 1h: MACD bearish; 4h: MACD bearish
  ⚠️ Sell signal but no position

[02:46:29] Cycle 219
  💰 Current Price: $1.50
  🎯 Signal: SELL (confidence: 0.38)
  📝 Reason: 5m: MACD bullish; 15m: MACD bullish; 1h: MACD bearish; 4h: MACD bearish
  ⚠️ Sell signal but no position

[02:47:00] Cycle 220
  💰 Current Price: $1.50
  🎯 Signal: SELL (confidence: 0.38)
  📝 Reason: 5m: MACD bullish; 15m: MACD bullish; 1h: MACD bearish; 4h: MACD bearish
  ⚠️ Sell signal but no position

[02:47:31] Cycle 221
  💰 Current Price: $1.50
  🎯 Signal: SELL (confidence: 0.38)
  📝 Reason: 5m: MACD bullish; 15m: MACD bullish; 1h: MACD bearish; 4h: MACD bearish
  ⚠️ Sell signal but no position

[02:48:02] Cycle 222
  💰 Current Price: $1.50
  🎯 Signal: SELL (confidence: 0.38)
  📝 Reason: 5m: MACD bullish; 15m: MACD bullish; 1h: MACD bearish; 4h: MACD bearish
  ⚠️ Sell signal but no position

[02:48:33] Cycle 223
  💰 Current Price: $1.50
  🎯 Signal: SELL (confidence: 0.38)
  📝 Reason: 5m: MACD bullish; 15m: MACD bullish; 1h: MACD bearish; 4h: MACD bearish
  ⚠️ Sell signal but no position

[02:49:04] Cycle 224
  💰 Current Price: $1.50
  🎯 Signal: SELL (confidence: 0.38)
  📝 Reason: 5m: MACD bullish; 15m: MACD bullish; 1h: MACD bearish; 4h: MACD bearish
  ⚠️ Sell signal but no position

[02:49:35] Cycle 225
  💰 Current Price: $1.50
  🎯 Signal: SELL (confidence: 0.38)
  📝 Reason: 5m: MACD bullish; 15m: MACD bullish; 1h: MACD bearish; 4h: MACD bearish
  ⚠️ Sell signal but no position

[02:50:06] Cycle 226
  💰 Current Price: $1.50
  🎯 Signal: SELL (confidence: 0.38)
  📝 Reason: 5m: MACD bullish; 15m: MACD bullish; 1h: MACD bearish; 4h: MACD bearish
  ⚠️ Sell signal but no position

[02:50:37] Cycle 227
  💰 Current Price: $1.50
  🎯 Signal: SELL (confidence: 0.38)
  📝 Reason: 5m: MACD bullish; 15m: MACD bullish; 1h: MACD bearish; 4h: MACD bearish
  ⚠️ Sell signal but no position

[02:51:08] Cycle 228
  💰 Current Price: $1.50
  🎯 Signal: SELL (confidence: 0.38)
  📝 Reason: 5m: MACD bullish; 15m: MACD bullish; 1h: MACD bearish; 4h: MACD bearish
  ⚠️ Sell signal but no position

[02:51:40] Cycle 229
  💰 Current Price: $1.50
  🎯 Signal: SELL (confidence: 0.38)
  📝 Reason: 5m: MACD bullish; 15m: MACD bullish; 1h: MACD bearish; 4h: MACD bearish
  ⚠️ Sell signal but no position

[02:52:11] Cycle 230
  💰 Current Price: $1.50
  🎯 Signal: SELL (confidence: 0.38)
  📝 Reason: 5m: MACD bullish; 15m: MACD bullish; 1h: MACD bearish; 4h: MACD bearish
  ⚠️ Sell signal but no position

[02:52:42] Cycle 231
  💰 Current Price: $1.50
  🎯 Signal: SELL (confidence: 0.38)
  📝 Reason: 5m: MACD bullish; 15m: MACD bullish; 1h: MACD bearish; 4h: MACD bearish
  ⚠️ Sell signal but no position

[02:53:13] Cycle 232
  💰 Current Price: $1.50
  🎯 Signal: SELL (confidence: 0.38)
  📝 Reason: 5m: MACD bullish; 15m: MACD bullish; 1h: MACD bearish; 4h: MACD bearish
  ⚠️ Sell signal but no position

[02:53:44] Cycle 233
  💰 Current Price: $1.50
  🎯 Signal: SELL (confidence: 0.38)
  📝 Reason: 5m: MACD bullish; 15m: MACD bullish; 1h: MACD bearish; 4h: MACD bearish
  ⚠️ Sell signal but no position

[02:54:15] Cycle 234
  💰 Current Price: $1.50
  🎯 Signal: SELL (confidence: 0.38)
  📝 Reason: 5m: MACD bullish; 15m: MACD bullish; 1h: MACD bearish; 4h: MACD bearish
  ⚠️ Sell signal but no position

[02:54:46] Cycle 235
  💰 Current Price: $1.50
  🎯 Signal: SELL (confidence: 0.38)
  📝 Reason: 5m: MACD bullish; 15m: MACD bullish; 1h: MACD bearish; 4h: MACD bearish
  ⚠️ Sell signal but no position

[02:55:17] Cycle 236
  💰 Current Price: $1.50
  🎯 Signal: SELL (confidence: 0.38)
  📝 Reason: 5m: MACD bullish; 15m: MACD bullish; 1h: MACD bearish; 4h: MACD bearish
  ⚠️ Sell signal but no position

[02:55:48] Cycle 237
  💰 Current Price: $1.50
  🎯 Signal: SELL (confidence: 0.38)
  📝 Reason: 5m: MACD bullish; 15m: MACD bullish; 1h: MACD bearish; 4h: MACD bearish
  ⚠️ Sell signal but no position

[02:56:19] Cycle 238
  💰 Current Price: $1.50
  🎯 Signal: SELL (confidence: 0.28)
  📝 Reason: 5m: MACD bullish; 15m: MACD bullish; 1h: MACD bearish; 4h: MACD bearish
  ⚠️ Sell signal but no position

[02:56:50] Cycle 239
  💰 Current Price: $1.50
  🎯 Signal: SELL (confidence: 0.28)
  📝 Reason: 5m: MACD bullish; 15m: MACD bullish; 1h: MACD bearish; 4h: MACD bearish
  ⚠️ Sell signal but no position

[02:57:21] Cycle 240
  💰 Current Price: $1.50
  🎯 Signal: SELL (confidence: 0.28)
  📝 Reason: 5m: MACD bullish; 15m: MACD bullish; 1h: MACD bearish; 4h: MACD bearish
  ⚠️ Sell signal but no position

[02:57:52] Cycle 241
  💰 Current Price: $1.50
  🎯 Signal: SELL (confidence: 0.28)
  📝 Reason: 5m: MACD bullish; 15m: MACD bullish; 1h: MACD bearish; 4h: MACD bearish
  ⚠️ Sell signal but no position

[02:58:23] Cycle 242
  💰 Current Price: $1.50
  🎯 Signal: SELL (confidence: 0.28)
  📝 Reason: 5m: MACD bullish; 15m: MACD bullish; 1h: MACD bearish; 4h: MACD bearish
  ⚠️ Sell signal but no position

[02:58:54] Cycle 243
  💰 Current Price: $1.50
  🎯 Signal: SELL (confidence: 0.28)
  📝 Reason: 5m: MACD bullish; 15m: MACD bullish; 1h: MACD bearish; 4h: MACD bearish
  ⚠️ Sell signal but no position

[02:59:25] Cycle 244
  💰 Current Price: $1.50
  🎯 Signal: SELL (confidence: 0.28)
  📝 Reason: 5m: MACD bullish; 15m: MACD bullish; 1h: MACD bearish; 4h: MACD bearish
  ⚠️ Sell signal but no position

[02:59:57] Cycle 245
  💰 Current Price: $1.51
  🎯 Signal: SELL (confidence: 0.47)
  📝 Reason: 5m: MACD bullish; 15m: RSI overbought (75.6); 15m: MACD bullish; 1h: MACD bearish
  ⚠️ Sell signal but no position

[02:58:16] Cycle 247
  💰 Current Price: $1.50
  🎯 Signal: SELL (confidence: 0.28)
  📝 Reason: 5m: MACD bullish; 15m: MACD bullish; 1h: MACD bearish; 4h: MACD bearish
  ⚠️ Sell signal but no position

[02:58:47] Cycle 248
  💰 Current Price: $1.50
  🎯 Signal: SELL (confidence: 0.28)
  📝 Reason: 5m: MACD bullish; 15m: MACD bullish; 1h: MACD bearish; 4h: MACD bearish
  ⚠️ Sell signal but no position

[02:59:18] Cycle 249
  💰 Current Price: $1.50
  🎯 Signal: SELL (confidence: 0.28)
  📝 Reason: 5m: MACD bullish; 15m: MACD bullish; 1h: MACD bearish; 4h: MACD bearish
  ⚠️ Sell signal but no position

[02:59:49] Cycle 250
  💰 Current Price: $1.51
  🎯 Signal: SELL (confidence: 0.47)
  📝 Reason: 5m: MACD bullish; 15m: RSI overbought (75.6); 15m: MACD bullish; 1h: MACD bearish
  ⚠️ Sell signal but no position

[03:00:20] Cycle 251
  💰 Current Price: $1.51
  🎯 Signal: SELL (confidence: 0.20)
  📝 Reason: 5m: MACD bullish; 15m: MACD bullish; 1h: MACD bearish; 4h: MACD bearish
  ⚠️ Sell signal but no position

[03:00:51] Cycle 252
  💰 Current Price: $1.51
  🎯 Signal: SELL (confidence: 0.20)
  📝 Reason: 5m: MACD bullish; 15m: MACD bullish; 1h: MACD bearish; 4h: MACD bearish
  ⚠️ Sell signal but no position

[03:01:22] Cycle 253
  💰 Current Price: $1.51
  🎯 Signal: SELL (confidence: 0.20)
  📝 Reason: 5m: MACD bullish; 15m: MACD bullish; 1h: MACD bearish; 4h: MACD bearish
  ⚠️ Sell signal but no position

[03:01:53] Cycle 254
  💰 Current Price: $1.51
  🎯 Signal: SELL (confidence: 0.20)
  📝 Reason: 5m: MACD bullish; 15m: MACD bullish; 1h: MACD bearish; 4h: MACD bearish
  ⚠️ Sell signal but no position

[03:02:24] Cycle 255
  💰 Current Price: $1.51
  🎯 Signal: SELL (confidence: 0.40)
  📝 Reason: 5m: MACD bullish; 15m: RSI overbought (75.3); 15m: MACD bullish; 1h: MACD bearish
  ⚠️ Sell signal but no position

[03:02:55] Cycle 256
  💰 Current Price: $1.51
  🎯 Signal: SELL (confidence: 0.40)
  📝 Reason: 5m: MACD bullish; 15m: RSI overbought (75.3); 15m: MACD bullish; 1h: MACD bearish
  ⚠️ Sell signal but no position

[03:03:26] Cycle 257
  💰 Current Price: $1.51
  🎯 Signal: SELL (confidence: 0.40)
  📝 Reason: 5m: MACD bullish; 15m: RSI overbought (75.3); 15m: MACD bullish; 1h: MACD bearish
  ⚠️ Sell signal but no position

[03:03:57] Cycle 258
  💰 Current Price: $1.51
  🎯 Signal: SELL (confidence: 0.40)
  📝 Reason: 5m: MACD bullish; 15m: RSI overbought (75.3); 15m: MACD bullish; 1h: MACD bearish
  ⚠️ Sell signal but no position

[03:04:28] Cycle 259
  💰 Current Price: $1.51
  🎯 Signal: SELL (confidence: 0.20)
  📝 Reason: 5m: MACD bullish; 15m: MACD bullish; 1h: MACD bearish; 4h: MACD bearish
  ⚠️ Sell signal but no position

[03:04:59] Cycle 260
  💰 Current Price: $1.51
  🎯 Signal: SELL (confidence: 0.20)
  📝 Reason: 5m: MACD bullish; 15m: MACD bullish; 1h: MACD bearish; 4h: MACD bearish
  ⚠️ Sell signal but no position

[03:05:30] Cycle 261
  💰 Current Price: $1.51
  🎯 Signal: SELL (confidence: 0.20)
  📝 Reason: 5m: MACD bullish; 15m: MACD bullish; 1h: MACD bearish; 4h: MACD bearish
  ⚠️ Sell signal but no position

[03:06:01] Cycle 262
  💰 Current Price: $1.51
  🎯 Signal: SELL (confidence: 0.20)
  📝 Reason: 5m: MACD bullish; 15m: MACD bullish; 1h: MACD bearish; 4h: MACD bearish
  ⚠️ Sell signal but no position

[03:06:32] Cycle 263
  💰 Current Price: $1.51
  🎯 Signal: SELL (confidence: 0.40)
  📝 Reason: 5m: MACD bullish; 15m: RSI overbought (75.1); 15m: MACD bullish; 1h: MACD bearish
  ⚠️ Sell signal but no position

[03:07:04] Cycle 264
  💰 Current Price: $1.51
  🎯 Signal: SELL (confidence: 0.40)
  📝 Reason: 5m: MACD bullish; 15m: RSI overbought (75.3); 15m: MACD bullish; 1h: MACD bearish
  ⚠️ Sell signal but no position

[03:07:35] Cycle 265
  💰 Current Price: $1.51
  🎯 Signal: SELL (confidence: 0.40)
  📝 Reason: 5m: MACD bullish; 15m: RSI overbought (75.3); 15m: MACD bullish; 1h: MACD bearish
  ⚠️ Sell signal but no position

[03:08:05] Cycle 266
  💰 Current Price: $1.51
  🎯 Signal: SELL (confidence: 0.40)
  📝 Reason: 5m: MACD bullish; 15m: RSI overbought (75.3); 15m: MACD bullish; 1h: MACD bearish
  ⚠️ Sell signal but no position

[03:08:37] Cycle 267
  💰 Current Price: $1.51
  🎯 Signal: SELL (confidence: 0.40)
  📝 Reason: 5m: MACD bullish; 15m: RSI overbought (75.3); 15m: MACD bullish; 1h: MACD bearish
  ⚠️ Sell signal but no position

[03:09:08] Cycle 268
  💰 Current Price: $1.51
  🎯 Signal: SELL (confidence: 0.40)
  📝 Reason: 5m: MACD bullish; 15m: RSI overbought (75.3); 15m: MACD bullish; 1h: MACD bearish
  ⚠️ Sell signal but no position

[03:09:39] Cycle 269
  💰 Current Price: $1.51
  🎯 Signal: SELL (confidence: 0.40)
  📝 Reason: 5m: MACD bullish; 15m: RSI overbought (75.3); 15m: MACD bullish; 1h: MACD bearish
  ⚠️ Sell signal but no position

[03:10:10] Cycle 270
  💰 Current Price: $1.51
  🎯 Signal: SELL (confidence: 0.40)
  📝 Reason: 5m: MACD bullish; 15m: RSI overbought (75.3); 15m: MACD bullish; 1h: MACD bearish
  ⚠️ Sell signal but no position

[03:10:40] Cycle 271
  💰 Current Price: $1.51
  🎯 Signal: SELL (confidence: 0.40)
  📝 Reason: 5m: MACD bullish; 15m: RSI overbought (75.3); 15m: MACD bullish; 1h: MACD bearish
  ⚠️ Sell signal but no position

[03:11:12] Cycle 272
  💰 Current Price: $1.51
  🎯 Signal: SELL (confidence: 0.40)
  📝 Reason: 5m: MACD bullish; 15m: RSI overbought (76.0); 15m: MACD bullish; 1h: MACD bearish
  ⚠️ Sell signal but no position

[03:11:43] Cycle 273
  💰 Current Price: $1.51
  🎯 Signal: SELL (confidence: 0.40)
  📝 Reason: 5m: MACD bullish; 15m: RSI overbought (76.0); 15m: MACD bullish; 1h: MACD bearish
  ⚠️ Sell signal but no position

[03:12:14] Cycle 274
  💰 Current Price: $1.51
  🎯 Signal: SELL (confidence: 0.40)
  📝 Reason: 5m: MACD bullish; 15m: RSI overbought (76.0); 15m: MACD bullish; 1h: MACD bearish
  ⚠️ Sell signal but no position

[03:12:45] Cycle 275
  💰 Current Price: $1.51
  🎯 Signal: SELL (confidence: 0.40)
  📝 Reason: 5m: MACD bullish; 15m: RSI overbought (76.0); 15m: MACD bullish; 1h: MACD bearish
  ⚠️ Sell signal but no position

[03:13:16] Cycle 276
  💰 Current Price: $1.51
  🎯 Signal: SELL (confidence: 0.40)
  📝 Reason: 5m: MACD bullish; 15m: RSI overbought (77.2); 15m: MACD bullish; 1h: MACD bearish
  ⚠️ Sell signal but no position

[03:13:47] Cycle 277
  💰 Current Price: $1.51
  🎯 Signal: SELL (confidence: 0.40)
  📝 Reason: 5m: MACD bullish; 15m: RSI overbought (77.9); 15m: MACD bullish; 1h: MACD bearish
  ⚠️ Sell signal but no position

[03:14:18] Cycle 278
  💰 Current Price: $1.52
  🎯 Signal: SELL (confidence: 0.40)
  📝 Reason: 5m: MACD bullish; 15m: RSI overbought (78.5); 15m: MACD bullish; 1h: MACD bearish
  ⚠️ Sell signal but no position

[03:14:49] Cycle 279
  💰 Current Price: $1.52
  🎯 Signal: SELL (confidence: 0.40)
  📝 Reason: 5m: MACD bullish; 15m: RSI overbought (79.5); 15m: MACD bullish; 1h: MACD bearish
  ⚠️ Sell signal but no position

[03:15:20] Cycle 280
  💰 Current Price: $1.52
  🎯 Signal: SELL (confidence: 0.40)
  📝 Reason: 5m: MACD bullish; 15m: RSI overbought (79.0); 15m: MACD bullish; 1h: MACD bearish
  ⚠️ Sell signal but no position

[03:15:50] Cycle 281
  💰 Current Price: $1.52
  🎯 Signal: SELL (confidence: 0.40)
  📝 Reason: 5m: MACD bullish; 15m: RSI overbought (79.0); 15m: MACD bullish; 1h: MACD bearish
  ⚠️ Sell signal but no position

[03:16:22] Cycle 282
  💰 Current Price: $1.52
  🎯 Signal: SELL (confidence: 0.40)
  📝 Reason: 5m: MACD bullish; 15m: RSI overbought (79.0); 15m: MACD bullish; 1h: MACD bearish
  ⚠️ Sell signal but no position

[03:16:53] Cycle 283
  💰 Current Price: $1.52
  🎯 Signal: SELL (confidence: 0.40)
  📝 Reason: 5m: MACD bullish; 15m: RSI overbought (77.0); 15m: MACD bullish; 1h: MACD bearish
  ⚠️ Sell signal but no position
  ⚠️ Sell signal but no position

[03:00:28] Cycle 246
  💰 Current Price: $1.51
  🎯 Signal: SELL (confidence: 0.20)
  📝 Reason: 5m: MACD bullish; 15m: MACD bullish; 1h: MACD bearish; 4h: MACD bearish
  ⚠️ Sell signal but no position

[03:00:59] Cycle 247
  💰 Current Price: $1.51
  🎯 Signal: SELL (confidence: 0.20)
  📝 Reason: 5m: MACD bullish; 15m: MACD bullish; 1h: MACD bearish; 4h: MACD bearish
  ⚠️ Sell signal but no position

[03:01:30] Cycle 248
  💰 Current Price: $1.51
  🎯 Signal: SELL (confidence: 0.20)
  📝 Reason: 5m: MACD bullish; 15m: MACD bullish; 1h: MACD bearish; 4h: MACD bearish
  ⚠️ Sell signal but no position

[03:02:01] Cycle 249
  💰 Current Price: $1.51
  🎯 Signal: SELL (confidence: 0.20)
  📝 Reason: 5m: MACD bullish; 15m: MACD bullish; 1h: MACD bearish; 4h: MACD bearish
  ⚠️ Sell signal but no position

[03:02:32] Cycle 250
  💰 Current Price: $1.51
  🎯 Signal: SELL (confidence: 0.40)
  📝 Reason: 5m: MACD bullish; 15m: RSI overbought (75.3); 15m: MACD bullish; 1h: MACD bearish
  ⚠️ Sell signal but no position

[03:03:03] Cycle 251
  💰 Current Price: $1.51
  🎯 Signal: SELL (confidence: 0.40)
  📝 Reason: 5m: MACD bullish; 15m: RSI overbought (75.3); 15m: MACD bullish; 1h: MACD bearish
  ⚠️ Sell signal but no position

[03:03:34] Cycle 252
  💰 Current Price: $1.51
  🎯 Signal: SELL (confidence: 0.40)
  📝 Reason: 5m: MACD bullish; 15m: RSI overbought (75.3); 15m: MACD bullish; 1h: MACD bearish
  ⚠️ Sell signal but no position

[03:04:05] Cycle 253
  💰 Current Price: $1.51
  🎯 Signal: SELL (confidence: 0.40)
  📝 Reason: 5m: MACD bullish; 15m: RSI overbought (75.3); 15m: MACD bullish; 1h: MACD bearish
  ⚠️ Sell signal but no position

[03:04:36] Cycle 254
  💰 Current Price: $1.51
  🎯 Signal: SELL (confidence: 0.20)
  📝 Reason: 5m: MACD bullish; 15m: MACD bullish; 1h: MACD bearish; 4h: MACD bearish
  ⚠️ Sell signal but no position

[03:05:07] Cycle 255
  💰 Current Price: $1.51
  🎯 Signal: SELL (confidence: 0.20)
  📝 Reason: 5m: MACD bullish; 15m: MACD bullish; 1h: MACD bearish; 4h: MACD bearish
  ⚠️ Sell signal but no position

[03:05:38] Cycle 256
  💰 Current Price: $1.51
  🎯 Signal: SELL (confidence: 0.20)
  📝 Reason: 5m: MACD bullish; 15m: MACD bullish; 1h: MACD bearish; 4h: MACD bearish
  ⚠️ Sell signal but no position

[03:06:09] Cycle 257
  💰 Current Price: $1.51
  🎯 Signal: SELL (confidence: 0.20)
  📝 Reason: 5m: MACD bullish; 15m: MACD bullish; 1h: MACD bearish; 4h: MACD bearish
  ⚠️ Sell signal but no position

[03:06:40] Cycle 258
  💰 Current Price: $1.51
  🎯 Signal: SELL (confidence: 0.40)
  📝 Reason: 5m: MACD bullish; 15m: RSI overbought (75.3); 15m: MACD bullish; 1h: MACD bearish
  ⚠️ Sell signal but no position

[03:07:11] Cycle 259
  💰 Current Price: $1.51
  🎯 Signal: SELL (confidence: 0.40)
  📝 Reason: 5m: MACD bullish; 15m: RSI overbought (75.3); 15m: MACD bullish; 1h: MACD bearish
  ⚠️ Sell signal but no position

[03:07:42] Cycle 260
  💰 Current Price: $1.51
  🎯 Signal: SELL (confidence: 0.40)
  📝 Reason: 5m: MACD bullish; 15m: RSI overbought (75.3); 15m: MACD bullish; 1h: MACD bearish
  ⚠️ Sell signal but no position

[03:08:13] Cycle 261
  💰 Current Price: $1.51
  🎯 Signal: SELL (confidence: 0.40)
  📝 Reason: 5m: MACD bullish; 15m: RSI overbought (75.3); 15m: MACD bullish; 1h: MACD bearish
  ⚠️ Sell signal but no position

[03:08:44] Cycle 262
  💰 Current Price: $1.51
  🎯 Signal: SELL (confidence: 0.40)
  📝 Reason: 5m: MACD bullish; 15m: RSI overbought (75.3); 15m: MACD bullish; 1h: MACD bearish
  ⚠️ Sell signal but no position

[03:09:16] Cycle 263
  💰 Current Price: $1.51
  🎯 Signal: SELL (confidence: 0.40)
  📝 Reason: 5m: MACD bullish; 15m: RSI overbought (75.3); 15m: MACD bullish; 1h: MACD bearish
  ⚠️ Sell signal but no position

[03:09:47] Cycle 264
  💰 Current Price: $1.51
  🎯 Signal: SELL (confidence: 0.40)
  📝 Reason: 5m: MACD bullish; 15m: RSI overbought (75.3); 15m: MACD bullish; 1h: MACD bearish
  ⚠️ Sell signal but no position

[03:10:18] Cycle 265
  💰 Current Price: $1.51
  🎯 Signal: SELL (confidence: 0.40)
  📝 Reason: 5m: MACD bullish; 15m: RSI overbought (75.3); 15m: MACD bullish; 1h: MACD bearish
  ⚠️ Sell signal but no position

[03:10:49] Cycle 266
  💰 Current Price: $1.51
  🎯 Signal: SELL (confidence: 0.40)
  📝 Reason: 5m: MACD bullish; 15m: RSI overbought (75.3); 15m: MACD bullish; 1h: MACD bearish
  ⚠️ Sell signal but no position

[03:11:20] Cycle 267
  💰 Current Price: $1.51
  🎯 Signal: SELL (confidence: 0.40)
  📝 Reason: 5m: MACD bullish; 15m: RSI overbought (76.0); 15m: MACD bullish; 1h: MACD bearish
  ⚠️ Sell signal but no position

[03:11:51] Cycle 268
  💰 Current Price: $1.51
  🎯 Signal: SELL (confidence: 0.40)
  📝 Reason: 5m: MACD bullish; 15m: RSI overbought (76.0); 15m: MACD bullish; 1h: MACD bearish
  ⚠️ Sell signal but no position

[03:12:22] Cycle 269
  💰 Current Price: $1.51
  🎯 Signal: SELL (confidence: 0.40)
  📝 Reason: 5m: MACD bullish; 15m: RSI overbought (76.0); 15m: MACD bullish; 1h: MACD bearish
  ⚠️ Sell signal but no position

[03:12:53] Cycle 270
  💰 Current Price: $1.51
  🎯 Signal: SELL (confidence: 0.40)
  📝 Reason: 5m: MACD bullish; 15m: RSI overbought (76.0); 15m: MACD bullish; 1h: MACD bearish
  ⚠️ Sell signal but no position

[03:13:24] Cycle 271
  💰 Current Price: $1.51
  🎯 Signal: SELL (confidence: 0.40)
  📝 Reason: 5m: MACD bullish; 15m: RSI overbought (77.3); 15m: MACD bullish; 1h: MACD bearish
  ⚠️ Sell signal but no position

[03:13:55] Cycle 272
  💰 Current Price: $1.52
  🎯 Signal: SELL (confidence: 0.40)
  📝 Reason: 5m: MACD bullish; 15m: RSI overbought (78.4); 15m: MACD bullish; 1h: MACD bearish
  ⚠️ Sell signal but no position

[03:14:26] Cycle 273
  💰 Current Price: $1.52
  🎯 Signal: SELL (confidence: 0.40)
  📝 Reason: 5m: MACD bullish; 15m: RSI overbought (78.5); 15m: MACD bullish; 1h: MACD bearish
  ⚠️ Sell signal but no position

[03:14:57] Cycle 274
  💰 Current Price: $1.52
  🎯 Signal: SELL (confidence: 0.40)
  📝 Reason: 5m: MACD bullish; 15m: RSI overbought (79.5); 15m: MACD bullish; 1h: MACD bearish
  ⚠️ Sell signal but no position

[03:15:28] Cycle 275
  💰 Current Price: $1.52
  🎯 Signal: SELL (confidence: 0.40)
  📝 Reason: 5m: MACD bullish; 15m: RSI overbought (79.0); 15m: MACD bullish; 1h: MACD bearish
  ⚠️ Sell signal but no position

[03:16:00] Cycle 276
  💰 Current Price: $1.52
  🎯 Signal: SELL (confidence: 0.40)
  📝 Reason: 5m: MACD bullish; 15m: RSI overbought (79.0); 15m: MACD bullish; 1h: MACD bearish
  ⚠️ Sell signal but no position

[03:16:31] Cycle 277
  💰 Current Price: $1.52
  🎯 Signal: SELL (confidence: 0.40)
  📝 Reason: 5m: MACD bullish; 15m: RSI overbought (79.0); 15m: MACD bullish; 1h: MACD bearish
  ⚠️ Sell signal but no position

[03:17:02] Cycle 278
  💰 Current Price: $1.52
  🎯 Signal: SELL (confidence: 0.40)
  📝 Reason: 5m: MACD bullish; 15m: RSI overbought (77.0); 15m: MACD bullish; 1h: MACD bearish
  ⚠️ Sell signal but no position

[03:17:33] Cycle 279
  💰 Current Price: $1.52
  🎯 Signal: SELL (confidence: 0.40)
  📝 Reason: 5m: MACD bullish; 15m: RSI overbought (77.0); 15m: MACD bullish; 1h: MACD bearish
  ⚠️ Sell signal but no position

[03:18:04] Cycle 280
  💰 Current Price: $1.52
  🎯 Signal: SELL (confidence: 0.40)
  📝 Reason: 5m: MACD bullish; 15m: RSI overbought (77.0); 15m: MACD bullish; 1h: MACD bearish
  ⚠️ Sell signal but no position

[03:18:35] Cycle 281
  💰 Current Price: $1.52
  🎯 Signal: SELL (confidence: 0.40)
  📝 Reason: 5m: MACD bullish; 15m: RSI overbought (77.0); 15m: MACD bullish; 1h: MACD bearish
  ⚠️ Sell signal but no position

[03:19:06] Cycle 282
  💰 Current Price: $1.52
  🎯 Signal: SELL (confidence: 0.40)
  📝 Reason: 5m: MACD bullish; 15m: RSI overbought (77.8); 15m: MACD bullish; 1h: MACD bearish

[03:17:24] Cycle 284
  💰 Current Price: $1.52
  🎯 Signal: SELL (confidence: 0.40)
  📝 Reason: 5m: MACD bullish; 15m: RSI overbought (77.0); 15m: MACD bullish; 1h: MACD bearish
  ⚠️ Sell signal but no position

[03:17:55] Cycle 285
  💰 Current Price: $1.52
  🎯 Signal: SELL (confidence: 0.40)
  📝 Reason: 5m: MACD bullish; 15m: RSI overbought (77.0); 15m: MACD bullish; 1h: MACD bearish
  ⚠️ Sell signal but no position

[03:18:26] Cycle 286
  💰 Current Price: $1.52
  🎯 Signal: SELL (confidence: 0.40)
  📝 Reason: 5m: MACD bullish; 15m: RSI overbought (77.0); 15m: MACD bullish; 1h: MACD bearish
  ⚠️ Sell signal but no position

[03:18:57] Cycle 287
  💰 Current Price: $1.52
  🎯 Signal: SELL (confidence: 0.40)
  📝 Reason: 5m: MACD bullish; 15m: RSI overbought (77.8); 15m: MACD bullish; 1h: MACD bearish
  ⚠️ Sell signal but no position

[03:19:28] Cycle 288
  💰 Current Price: $1.52
  🎯 Signal: SELL (confidence: 0.40)
  📝 Reason: 5m: MACD bullish; 15m: RSI overbought (77.8); 15m: MACD bullish; 1h: MACD bearish
  ⚠️ Sell signal but no position

[03:20:00] Cycle 289
  💰 Current Price: $1.52
  🎯 Signal: SELL (confidence: 0.50)
  📝 Reason: 5m: RSI overbought (75.2); 5m: MACD bullish; 15m: RSI overbought (78.2); 15m: MACD bullish
  ⚠️ Sell signal but no position

[03:20:31] Cycle 290
  💰 Current Price: $1.52
  🎯 Signal: SELL (confidence: 0.50)
  📝 Reason: 5m: RSI overbought (75.2); 5m: MACD bullish; 15m: RSI overbought (78.2); 15m: MACD bullish
  ⚠️ Sell signal but no position

[03:21:02] Cycle 291
  💰 Current Price: $1.52
  🎯 Signal: SELL (confidence: 0.40)
  📝 Reason: 5m: MACD bullish; 15m: RSI overbought (77.0); 15m: MACD bullish; 1h: MACD bearish
  ⚠️ Sell signal but no position

[03:21:33] Cycle 292
  💰 Current Price: $1.52
  🎯 Signal: SELL (confidence: 0.40)
  📝 Reason: 5m: MACD bullish; 15m: RSI overbought (77.0); 15m: MACD bullish; 1h: MACD bearish
  ⚠️ Sell signal but no position

[03:22:04] Cycle 293
  💰 Current Price: $1.52
  🎯 Signal: SELL (confidence: 0.20)
  📝 Reason: 5m: MACD bullish; 15m: MACD bullish; 1h: MACD bearish; 4h: MACD bearish
  ⚠️ Sell signal but no position

[03:22:35] Cycle 294
  💰 Current Price: $1.51
  🎯 Signal: SELL (confidence: 0.20)
  📝 Reason: 5m: MACD bullish; 15m: MACD bullish; 1h: MACD bearish; 4h: MACD bearish
  ⚠️ Sell signal but no position

[03:23:07] Cycle 295
  💰 Current Price: $1.51
  🎯 Signal: SELL (confidence: 0.20)
  📝 Reason: 5m: MACD bullish; 15m: MACD bullish; 1h: MACD bearish; 4h: MACD bearish
  ⚠️ Sell signal but no position

[03:23:38] Cycle 296
  💰 Current Price: $1.51
  🎯 Signal: SELL (confidence: 0.20)
  📝 Reason: 5m: MACD bullish; 15m: MACD bullish; 1h: MACD bearish; 4h: MACD bearish
  ⚠️ Sell signal but no position

[03:24:09] Cycle 297
  💰 Current Price: $1.51
  🎯 Signal: SELL (confidence: 0.20)
  📝 Reason: 5m: MACD bullish; 15m: MACD bullish; 1h: MACD bearish; 4h: MACD bearish
  ⚠️ Sell signal but no position

[03:24:40] Cycle 298
  💰 Current Price: $1.51
  🎯 Signal: SELL (confidence: 0.20)
  📝 Reason: 5m: MACD bullish; 15m: MACD bullish; 1h: MACD bearish; 4h: MACD bearish
  ⚠️ Sell signal but no position

[03:25:11] Cycle 299
  💰 Current Price: $1.51
  🎯 Signal: SELL (confidence: 0.20)
  📝 Reason: 5m: MACD bullish; 15m: MACD bullish; 1h: MACD bearish; 4h: MACD bearish
  ⚠️ Sell signal but no position

[03:25:42] Cycle 300
  💰 Current Price: $1.51
  🎯 Signal: SELL (confidence: 0.20)
  📝 Reason: 5m: MACD bullish; 15m: MACD bullish; 1h: MACD bearish; 4h: MACD bearish
  ⚠️ Sell signal but no position

[03:26:13] Cycle 301
  💰 Current Price: $1.51
  🎯 Signal: SELL (confidence: 0.20)
  📝 Reason: 5m: MACD bullish; 15m: MACD bullish; 1h: MACD bearish; 4h: MACD bearish
  ⚠️ Sell signal but no position

[03:26:45] Cycle 302
  💰 Current Price: $1.51
  🎯 Signal: SELL (confidence: 0.20)
  📝 Reason: 5m: MACD bullish; 15m: MACD bullish; 1h: MACD bearish; 4h: MACD bearish
  ⚠️ Sell signal but no position

[03:27:16] Cycle 303
  💰 Current Price: $1.51
  🎯 Signal: SELL (confidence: 0.20)
  📝 Reason: 5m: MACD bullish; 15m: MACD bullish; 1h: MACD bearish; 4h: MACD bearish
  ⚠️ Sell signal but no position

[03:27:46] Cycle 304
  💰 Current Price: $1.51
  🎯 Signal: SELL (confidence: 0.20)
  📝 Reason: 5m: MACD bullish; 15m: MACD bullish; 1h: MACD bearish; 4h: MACD bearish
  ⚠️ Sell signal but no position

[03:28:18] Cycle 305
  💰 Current Price: $1.51
  🎯 Signal: SELL (confidence: 0.20)
  📝 Reason: 5m: MACD bullish; 15m: MACD bullish; 1h: MACD bearish; 4h: MACD bearish
  ⚠️ Sell signal but no position

[03:28:49] Cycle 306
  💰 Current Price: $1.51
  🎯 Signal: SELL (confidence: 0.20)
  📝 Reason: 5m: MACD bullish; 15m: MACD bullish; 1h: MACD bearish; 4h: MACD bearish
  ⚠️ Sell signal but no position

[03:29:20] Cycle 307
  💰 Current Price: $1.51
  🎯 Signal: SELL (confidence: 0.20)
  📝 Reason: 5m: MACD bullish; 15m: MACD bullish; 1h: MACD bearish; 4h: MACD bearish
  ⚠️ Sell signal but no position

[03:29:51] Cycle 308
  💰 Current Price: $1.51
  🎯 Signal: SELL (confidence: 0.20)
  📝 Reason: 5m: MACD bullish; 15m: MACD bullish; 1h: MACD bearish; 4h: MACD bearish
  ⚠️ Sell signal but no position

[03:30:22] Cycle 309
  💰 Current Price: $1.51
  🎯 Signal: SELL (confidence: 0.20)
  📝 Reason: 5m: MACD bullish; 15m: MACD bullish; 1h: MACD bearish; 4h: MACD bearish
  ⚠️ Sell signal but no position

[03:30:53] Cycle 310
  💰 Current Price: $1.50
  🎯 Signal: SELL (confidence: 0.20)
  📝 Reason: 5m: MACD bullish; 15m: MACD bullish; 1h: MACD bearish; 4h: MACD bearish
  ⚠️ Sell signal but no position

[03:31:24] Cycle 311
  💰 Current Price: $1.50
  🎯 Signal: SELL (confidence: 0.20)
  📝 Reason: 5m: MACD bullish; 15m: MACD bullish; 1h: MACD bearish; 4h: MACD bearish
  ⚠️ Sell signal but no position

[03:31:55] Cycle 312
  💰 Current Price: $1.50
  🎯 Signal: SELL (confidence: 0.20)
  📝 Reason: 5m: MACD bullish; 15m: MACD bullish; 1h: MACD bearish; 4h: MACD bearish
  ⚠️ Sell signal but no position

[03:32:26] Cycle 313
  💰 Current Price: $1.50
  🎯 Signal: SELL (confidence: 0.20)
  📝 Reason: 5m: MACD bullish; 15m: MACD bullish; 1h: MACD bearish; 4h: MACD bearish
  ⚠️ Sell signal but no position

[03:32:57] Cycle 314
  💰 Current Price: $1.50
  🎯 Signal: SELL (confidence: 0.20)
  📝 Reason: 5m: MACD bullish; 15m: MACD bullish; 1h: MACD bearish; 4h: MACD bearish
  ⚠️ Sell signal but no position

[03:33:29] Cycle 315
  💰 Current Price: $1.50
  🎯 Signal: SELL (confidence: 0.20)
  📝 Reason: 5m: MACD bullish; 15m: MACD bullish; 1h: MACD bearish; 4h: MACD bearish
  ⚠️ Sell signal but no position

[03:34:00] Cycle 316
  💰 Current Price: $1.50
  🎯 Signal: SELL (confidence: 0.20)
  📝 Reason: 5m: MACD bullish; 15m: MACD bullish; 1h: MACD bearish; 4h: MACD bearish
  ⚠️ Sell signal but no position

[03:34:31] Cycle 317
  💰 Current Price: $1.51
  🎯 Signal: SELL (confidence: 0.20)
  📝 Reason: 5m: MACD bullish; 15m: MACD bullish; 1h: MACD bearish; 4h: MACD bearish
  ⚠️ Sell signal but no position

[03:35:02] Cycle 318
  💰 Current Price: $1.51
  🎯 Signal: SELL (confidence: 0.20)
  📝 Reason: 5m: MACD bullish; 15m: MACD bullish; 1h: MACD bearish; 4h: MACD bearish
  ⚠️ Sell signal but no position

[03:35:33] Cycle 319
  💰 Current Price: $1.51
  🎯 Signal: SELL (confidence: 0.20)
  📝 Reason: 5m: MACD bullish; 15m: MACD bullish; 1h: MACD bearish; 4h: MACD bearish
  ⚠️ Sell signal but no position

[03:36:04] Cycle 320
  💰 Current Price: $1.51
  🎯 Signal: SELL (confidence: 0.20)
  📝 Reason: 5m: MACD bullish; 15m: MACD bullish; 1h: MACD bearish; 4h: MACD bearish
  ⚠️ Sell signal but no position

[03:36:35] Cycle 321
  💰 Current Price: $1.50
  🎯 Signal: SELL (confidence: 0.20)
  📝 Reason: 5m: MACD bullish; 15m: MACD bullish; 1h: MACD bearish; 4h: MACD bearish
  ⚠️ Sell signal but no position

[03:19:37] Cycle 283
  💰 Current Price: $1.52
  🎯 Signal: SELL (confidence: 0.40)
  📝 Reason: 5m: MACD bullish; 15m: RSI overbought (77.8); 15m: MACD bullish; 1h: MACD bearish
  ⚠️ Sell signal but no position

[03:20:08] Cycle 284
  💰 Current Price: $1.52
  🎯 Signal: SELL (confidence: 0.50)
  📝 Reason: 5m: RSI overbought (75.2); 5m: MACD bullish; 15m: RSI overbought (78.2); 15m: MACD bullish
  ⚠️ Sell signal but no position

[03:20:39] Cycle 285
  💰 Current Price: $1.52
  🎯 Signal: SELL (confidence: 0.50)
  📝 Reason: 5m: RSI overbought (75.2); 5m: MACD bullish; 15m: RSI overbought (78.2); 15m: MACD bullish
  ⚠️ Sell signal but no position

[03:21:10] Cycle 286
  💰 Current Price: $1.52
  🎯 Signal: SELL (confidence: 0.40)
  📝 Reason: 5m: MACD bullish; 15m: RSI overbought (77.0); 15m: MACD bullish; 1h: MACD bearish
  ⚠️ Sell signal but no position

[03:21:41] Cycle 287
  💰 Current Price: $1.52
  🎯 Signal: SELL (confidence: 0.40)
  📝 Reason: 5m: MACD bullish; 15m: RSI overbought (77.0); 15m: MACD bullish; 1h: MACD bearish
  ⚠️ Sell signal but no position

[03:22:12] Cycle 288
  💰 Current Price: $1.51
  🎯 Signal: SELL (confidence: 0.20)
  📝 Reason: 5m: MACD bullish; 15m: MACD bullish; 1h: MACD bearish; 4h: MACD bearish
  ⚠️ Sell signal but no position

[03:22:43] Cycle 289
  💰 Current Price: $1.51
  🎯 Signal: SELL (confidence: 0.20)
  📝 Reason: 5m: MACD bullish; 15m: MACD bullish; 1h: MACD bearish; 4h: MACD bearish
  ⚠️ Sell signal but no position

[03:23:14] Cycle 290
  💰 Current Price: $1.51
  🎯 Signal: SELL (confidence: 0.20)
  📝 Reason: 5m: MACD bullish; 15m: MACD bullish; 1h: MACD bearish; 4h: MACD bearish
  ⚠️ Sell signal but no position

[03:23:45] Cycle 291
  💰 Current Price: $1.51
  🎯 Signal: SELL (confidence: 0.20)
  📝 Reason: 5m: MACD bullish; 15m: MACD bullish; 1h: MACD bearish; 4h: MACD bearish
  ⚠️ Sell signal but no position

[03:24:16] Cycle 292
  💰 Current Price: $1.51
  🎯 Signal: SELL (confidence: 0.20)
  📝 Reason: 5m: MACD bullish; 15m: MACD bullish; 1h: MACD bearish; 4h: MACD bearish
  ⚠️ Sell signal but no position

[03:24:47] Cycle 293
  💰 Current Price: $1.51
  🎯 Signal: SELL (confidence: 0.20)
  📝 Reason: 5m: MACD bullish; 15m: MACD bullish; 1h: MACD bearish; 4h: MACD bearish
  ⚠️ Sell signal but no position

[03:25:18] Cycle 294
  💰 Current Price: $1.51
  🎯 Signal: SELL (confidence: 0.20)
  📝 Reason: 5m: MACD bullish; 15m: MACD bullish; 1h: MACD bearish; 4h: MACD bearish
  ⚠️ Sell signal but no position

[03:25:49] Cycle 295
  💰 Current Price: $1.51
  🎯 Signal: SELL (confidence: 0.20)
  📝 Reason: 5m: MACD bullish; 15m: MACD bullish; 1h: MACD bearish; 4h: MACD bearish
  ⚠️ Sell signal but no position

[03:26:20] Cycle 296
  💰 Current Price: $1.51
  🎯 Signal: SELL (confidence: 0.20)
  📝 Reason: 5m: MACD bullish; 15m: MACD bullish; 1h: MACD bearish; 4h: MACD bearish
  ⚠️ Sell signal but no position

[03:26:51] Cycle 297
  💰 Current Price: $1.51
  🎯 Signal: SELL (confidence: 0.20)
  📝 Reason: 5m: MACD bullish; 15m: MACD bullish; 1h: MACD bearish; 4h: MACD bearish
  ⚠️ Sell signal but no position

[03:27:22] Cycle 298
  💰 Current Price: $1.51
  🎯 Signal: SELL (confidence: 0.20)
  📝 Reason: 5m: MACD bullish; 15m: MACD bullish; 1h: MACD bearish; 4h: MACD bearish
  ⚠️ Sell signal but no position

[03:27:53] Cycle 299
  💰 Current Price: $1.51
  🎯 Signal: SELL (confidence: 0.20)
  📝 Reason: 5m: MACD bullish; 15m: MACD bullish; 1h: MACD bearish; 4h: MACD bearish
  ⚠️ Sell signal but no position

[03:28:24] Cycle 300
  💰 Current Price: $1.51
  🎯 Signal: SELL (confidence: 0.20)
  📝 Reason: 5m: MACD bullish; 15m: MACD bullish; 1h: MACD bearish; 4h: MACD bearish
  ⚠️ Sell signal but no position

[03:28:55] Cycle 301
  💰 Current Price: $1.51
  🎯 Signal: SELL (confidence: 0.20)
  📝 Reason: 5m: MACD bullish; 15m: MACD bullish; 1h: MACD bearish; 4h: MACD bearish
  ⚠️ Sell signal but no position

[03:29:26] Cycle 302
  💰 Current Price: $1.51
  🎯 Signal: SELL (confidence: 0.20)
  📝 Reason: 5m: MACD bullish; 15m: MACD bullish; 1h: MACD bearish; 4h: MACD bearish
  ⚠️ Sell signal but no position

[03:29:58] Cycle 303
  💰 Current Price: $1.51
  🎯 Signal: SELL (confidence: 0.20)
  📝 Reason: 5m: MACD bullish; 15m: MACD bullish; 1h: MACD bearish; 4h: MACD bearish
  ⚠️ Sell signal but no position

[03:30:29] Cycle 304
  💰 Current Price: $1.51
  🎯 Signal: SELL (confidence: 0.20)
  📝 Reason: 5m: MACD bullish; 15m: MACD bullish; 1h: MACD bearish; 4h: MACD bearish
  ⚠️ Sell signal but no position

[03:31:00] Cycle 305
  💰 Current Price: $1.50
  🎯 Signal: SELL (confidence: 0.20)
  📝 Reason: 5m: MACD bullish; 15m: MACD bullish; 1h: MACD bearish; 4h: MACD bearish
  ⚠️ Sell signal but no position

[03:31:31] Cycle 306
  💰 Current Price: $1.50
  🎯 Signal: SELL (confidence: 0.20)
  📝 Reason: 5m: MACD bullish; 15m: MACD bullish; 1h: MACD bearish; 4h: MACD bearish
  ⚠️ Sell signal but no position

[03:32:02] Cycle 307
  💰 Current Price: $1.50
  🎯 Signal: SELL (confidence: 0.20)
  📝 Reason: 5m: MACD bullish; 15m: MACD bullish; 1h: MACD bearish; 4h: MACD bearish
  ⚠️ Sell signal but no position

[03:32:33] Cycle 308
  💰 Current Price: $1.50
  🎯 Signal: SELL (confidence: 0.20)
  📝 Reason: 5m: MACD bullish; 15m: MACD bullish; 1h: MACD bearish; 4h: MACD bearish
  ⚠️ Sell signal but no position

[03:33:04] Cycle 309
  💰 Current Price: $1.50
  🎯 Signal: SELL (confidence: 0.20)
  📝 Reason: 5m: MACD bullish; 15m: MACD bullish; 1h: MACD bearish; 4h: MACD bearish
  ⚠️ Sell signal but no position

[03:33:35] Cycle 310
  💰 Current Price: $1.50
  🎯 Signal: SELL (confidence: 0.20)
  📝 Reason: 5m: MACD bullish; 15m: MACD bullish; 1h: MACD bearish; 4h: MACD bearish
  ⚠️ Sell signal but no position

[03:34:06] Cycle 311
  💰 Current Price: $1.50
  🎯 Signal: SELL (confidence: 0.20)
  📝 Reason: 5m: MACD bullish; 15m: MACD bullish; 1h: MACD bearish; 4h: MACD bearish
  ⚠️ Sell signal but no position

[03:34:38] Cycle 312
  💰 Current Price: $1.51
  🎯 Signal: SELL (confidence: 0.20)
  📝 Reason: 5m: MACD bullish; 15m: MACD bullish; 1h: MACD bearish; 4h: MACD bearish
  ⚠️ Sell signal but no position

[03:35:09] Cycle 313
  💰 Current Price: $1.51
  🎯 Signal: SELL (confidence: 0.20)
  📝 Reason: 5m: MACD bullish; 15m: MACD bullish; 1h: MACD bearish; 4h: MACD bearish
  ⚠️ Sell signal but no position

[03:35:40] Cycle 314
  💰 Current Price: $1.51
  🎯 Signal: SELL (confidence: 0.20)
  📝 Reason: 5m: MACD bullish; 15m: MACD bullish; 1h: MACD bearish; 4h: MACD bearish
  ⚠️ Sell signal but no position

[03:36:11] Cycle 315
  💰 Current Price: $1.51
  🎯 Signal: SELL (confidence: 0.20)
  📝 Reason: 5m: MACD bullish; 15m: MACD bullish; 1h: MACD bearish; 4h: MACD bearish
  ⚠️ Sell signal but no position

[03:36:42] Cycle 316
  💰 Current Price: $1.50
  🎯 Signal: SELL (confidence: 0.20)
  📝 Reason: 5m: MACD bullish; 15m: MACD bullish; 1h: MACD bearish; 4h: MACD bearish
  ⚠️ Sell signal but no position

[03:37:13] Cycle 317
  💰 Current Price: $1.50
  🎯 Signal: SELL (confidence: 0.20)
  📝 Reason: 5m: MACD bullish; 15m: MACD bullish; 1h: MACD bearish; 4h: MACD bearish
  ⚠️ Sell signal but no position

[03:37:44] Cycle 318
  💰 Current Price: $1.51
  🎯 Signal: SELL (confidence: 0.20)
  📝 Reason: 5m: MACD bullish; 15m: MACD bullish; 1h: MACD bearish; 4h: MACD bearish
  ⚠️ Sell signal but no position

[03:38:15] Cycle 319
  💰 Current Price: $1.50
  🎯 Signal: SELL (confidence: 0.20)
  📝 Reason: 5m: MACD bullish; 15m: MACD bullish; 1h: MACD bearish; 4h: MACD bearish
  ⚠️ Sell signal but no position

[03:38:46] Cycle 320
  💰 Current Price: $1.50
  🎯 Signal: SELL (confidence: 0.20)
  📝 Reason: 5m: MACD bullish; 15m: MACD bullish; 1h: MACD bearish; 4h: MACD bearish
  ⚠️ Sell signal but no position

[03:37:06] Cycle 322
  💰 Current Price: $1.50
  🎯 Signal: SELL (confidence: 0.20)
  📝 Reason: 5m: MACD bullish; 15m: MACD bullish; 1h: MACD bearish; 4h: MACD bearish
  ⚠️ Sell signal but no position

[03:37:37] Cycle 323
  💰 Current Price: $1.51
  🎯 Signal: SELL (confidence: 0.20)
  📝 Reason: 5m: MACD bullish; 15m: MACD bullish; 1h: MACD bearish; 4h: MACD bearish
  ⚠️ Sell signal but no position

[03:38:08] Cycle 324
  💰 Current Price: $1.50
  🎯 Signal: SELL (confidence: 0.20)
  📝 Reason: 5m: MACD bullish; 15m: MACD bullish; 1h: MACD bearish; 4h: MACD bearish
  ⚠️ Sell signal but no position

[03:38:39] Cycle 325
  💰 Current Price: $1.50
  🎯 Signal: SELL (confidence: 0.20)
  📝 Reason: 5m: MACD bullish; 15m: MACD bullish; 1h: MACD bearish; 4h: MACD bearish
  ⚠️ Sell signal but no position

[03:39:10] Cycle 326
  💰 Current Price: $1.50
  🎯 Signal: SELL (confidence: 0.20)
  📝 Reason: 5m: MACD bullish; 15m: MACD bullish; 1h: MACD bearish; 4h: MACD bearish
  ⚠️ Sell signal but no position

[03:39:41] Cycle 327
  💰 Current Price: $1.50
  🎯 Signal: SELL (confidence: 0.20)
  📝 Reason: 5m: MACD bullish; 15m: MACD bullish; 1h: MACD bearish; 4h: MACD bearish
  ⚠️ Sell signal but no position

[03:40:12] Cycle 328
  💰 Current Price: $1.50
  🎯 Signal: SELL (confidence: 0.20)
  📝 Reason: 5m: MACD bullish; 15m: MACD bullish; 1h: MACD bearish; 4h: MACD bearish
  ⚠️ Sell signal but no position

[03:40:43] Cycle 329
  💰 Current Price: $1.51
  🎯 Signal: SELL (confidence: 0.20)
  📝 Reason: 5m: MACD bullish; 15m: MACD bullish; 1h: MACD bearish; 4h: MACD bearish
  ⚠️ Sell signal but no position

[03:41:14] Cycle 330
  💰 Current Price: $1.51
  🎯 Signal: SELL (confidence: 0.20)
  📝 Reason: 5m: MACD bullish; 15m: MACD bullish; 1h: MACD bearish; 4h: MACD bearish
  ⚠️ Sell signal but no position

[03:41:45] Cycle 331
  💰 Current Price: $1.51
  🎯 Signal: SELL (confidence: 0.20)
  📝 Reason: 5m: MACD bullish; 15m: MACD bullish; 1h: MACD bearish; 4h: MACD bearish
  ⚠️ Sell signal but no position

[03:42:17] Cycle 332
  💰 Current Price: $1.51
  🎯 Signal: SELL (confidence: 0.20)
  📝 Reason: 5m: MACD bullish; 15m: MACD bullish; 1h: MACD bearish; 4h: MACD bearish
  ⚠️ Sell signal but no position

[03:42:47] Cycle 333
  💰 Current Price: $1.51
  🎯 Signal: SELL (confidence: 0.20)
  📝 Reason: 5m: MACD bullish; 15m: MACD bullish; 1h: MACD bearish; 4h: MACD bearish
  ⚠️ Sell signal but no position

[03:43:18] Cycle 334
  💰 Current Price: $1.51
  🎯 Signal: SELL (confidence: 0.20)
  📝 Reason: 5m: MACD bullish; 15m: MACD bullish; 1h: MACD bearish; 4h: MACD bearish
  ⚠️ Sell signal but no position

[03:43:49] Cycle 335
  💰 Current Price: $1.51
  🎯 Signal: SELL (confidence: 0.20)
  📝 Reason: 5m: MACD bullish; 15m: MACD bullish; 1h: MACD bearish; 4h: MACD bearish
  ⚠️ Sell signal but no position

[03:44:20] Cycle 336
  💰 Current Price: $1.51
  🎯 Signal: SELL (confidence: 0.20)
  📝 Reason: 5m: MACD bullish; 15m: MACD bullish; 1h: MACD bearish; 4h: MACD bearish
  ⚠️ Sell signal but no position

[03:44:51] Cycle 337
  💰 Current Price: $1.51
  🎯 Signal: SELL (confidence: 0.20)
  📝 Reason: 5m: MACD bullish; 15m: MACD bullish; 1h: MACD bearish; 4h: MACD bearish
  ⚠️ Sell signal but no position

[03:45:22] Cycle 338
  💰 Current Price: $1.51
  🎯 Signal: SELL (confidence: 0.20)
  📝 Reason: 5m: MACD bullish; 15m: MACD bullish; 1h: MACD bearish; 4h: MACD bearish
  ⚠️ Sell signal but no position

[03:45:53] Cycle 339
  💰 Current Price: $1.50
  🎯 Signal: SELL (confidence: 0.20)
  📝 Reason: 5m: MACD bullish; 15m: MACD bullish; 1h: MACD bearish; 4h: MACD bearish
  ⚠️ Sell signal but no position

[03:46:24] Cycle 340
  💰 Current Price: $1.50
  🎯 Signal: SELL (confidence: 0.20)
  📝 Reason: 5m: MACD bullish; 15m: MACD bullish; 1h: MACD bearish; 4h: MACD bearish
  ⚠️ Sell signal but no position

[03:46:55] Cycle 341
  💰 Current Price: $1.50
  🎯 Signal: SELL (confidence: 0.20)
  📝 Reason: 5m: MACD bullish; 15m: MACD bullish; 1h: MACD bearish; 4h: MACD bearish
  ⚠️ Sell signal but no position

[03:47:26] Cycle 342
  ⚠️ Ticker exception: HTTPSConnectionPool(host='api.kraken.com', port=443): Max retries exceeded with url: /0/public/Ticker?pair=DOTUSD (Caused by ConnectTimeoutError(<HTTPSConnection(host='api.kraken.com', port=443) at 0x7fc474f23f10>, 'Connection to api.kraken.com timed out. (connect timeout=8)'))
  ⚠️ No ticker data

[03:48:36] Cycle 343
  💰 Current Price: $1.51
  🎯 Signal: SELL (confidence: 0.20)
  📝 Reason: 5m: MACD bullish; 15m: MACD bullish; 1h: MACD bearish; 4h: MACD bearish
  ⚠️ Sell signal but no position

[03:49:14] Cycle 344
  💰 Current Price: $1.51
  🎯 Signal: SELL (confidence: 0.20)
  📝 Reason: 5m: MACD bullish; 15m: MACD bullish; 1h: MACD bearish; 4h: MACD bearish
  ⚠️ Sell signal but no position

[03:49:45] Cycle 345
  💰 Current Price: $1.51
  🎯 Signal: SELL (confidence: 0.20)
  📝 Reason: 5m: MACD bullish; 15m: MACD bullish; 1h: MACD bearish; 4h: MACD bearish
  ⚠️ Sell signal but no position

[03:50:16] Cycle 346
  💰 Current Price: $1.51
  🎯 Signal: SELL (confidence: 0.20)
  📝 Reason: 5m: MACD bullish; 15m: MACD bullish; 1h: MACD bearish; 4h: MACD bearish
  ⚠️ Sell signal but no position

[03:50:47] Cycle 347
  💰 Current Price: $1.50
  🎯 Signal: SELL (confidence: 0.20)
  📝 Reason: 5m: MACD bullish; 15m: MACD bullish; 1h: MACD bearish; 4h: MACD bearish
  ⚠️ Sell signal but no position

[03:51:18] Cycle 348
  💰 Current Price: $1.50
  🎯 Signal: SELL (confidence: 0.20)
  📝 Reason: 5m: MACD bullish; 15m: MACD bullish; 1h: MACD bearish; 4h: MACD bearish
  ⚠️ Sell signal but no position

[03:51:49] Cycle 349
  💰 Current Price: $1.50
  🎯 Signal: SELL (confidence: 0.20)
  📝 Reason: 5m: MACD bullish; 15m: MACD bullish; 1h: MACD bearish; 4h: MACD bearish
  ⚠️ Sell signal but no position

[03:52:20] Cycle 350
  💰 Current Price: $1.50
  🎯 Signal: SELL (confidence: 0.20)
  📝 Reason: 5m: MACD bullish; 15m: MACD bullish; 1h: MACD bearish; 4h: MACD bearish
  ⚠️ Sell signal but no position

[03:52:51] Cycle 351
  💰 Current Price: $1.50
  🎯 Signal: SELL (confidence: 0.30)
  📝 Reason: 5m: MACD bullish; 15m: MACD bullish; 1h: MACD bearish; 4h: MACD bearish
  ⚠️ Sell signal but no position

[03:53:22] Cycle 352
  💰 Current Price: $1.50
  🎯 Signal: SELL (confidence: 0.30)
  📝 Reason: 5m: MACD bullish; 15m: MACD bullish; 1h: MACD bearish; 4h: MACD bearish
  ⚠️ Sell signal but no position

[03:53:53] Cycle 353
  💰 Current Price: $1.50
  🎯 Signal: SELL (confidence: 0.30)
  📝 Reason: 5m: MACD bullish; 15m: MACD bullish; 1h: MACD bearish; 4h: MACD bearish
  ⚠️ Sell signal but no position

[03:54:24] Cycle 354
  💰 Current Price: $1.50
  🎯 Signal: SELL (confidence: 0.30)
  📝 Reason: 5m: MACD bullish; 15m: MACD bullish; 1h: MACD bearish; 4h: MACD bearish
  ⚠️ Sell signal but no position

[03:54:55] Cycle 355
  💰 Current Price: $1.50
  🎯 Signal: SELL (confidence: 0.30)
  📝 Reason: 5m: MACD bullish; 15m: MACD bullish; 1h: MACD bearish; 4h: MACD bearish
  ⚠️ Sell signal but no position

[03:55:25] Cycle 356
  💰 Current Price: $1.50
  🎯 Signal: SELL (confidence: 0.30)
  📝 Reason: 5m: MACD bullish; 15m: MACD bullish; 1h: MACD bearish; 4h: MACD bearish
  ⚠️ Sell signal but no position

[03:55:57] Cycle 357
  💰 Current Price: $1.50
  🎯 Signal: SELL (confidence: 0.30)
  📝 Reason: 5m: MACD bullish; 15m: MACD bullish; 1h: MACD bearish; 4h: MACD bearish
  ⚠️ Sell signal but no position

[03:56:28] Cycle 358
  💰 Current Price: $1.50
  🎯 Signal: SELL (confidence: 0.30)
  📝 Reason: 5m: MACD bullish; 15m: MACD bullish; 1h: MACD bearish; 4h: MACD bearish
  ⚠️ Sell signal but no position

[03:57:00] Cycle 359
  💰 Current Price: $1.50
  🎯 Signal: SELL (confidence: 0.38)
  ⚠️ Sell signal but no position

[03:39:17] Cycle 321
  💰 Current Price: $1.50
  🎯 Signal: SELL (confidence: 0.20)
  📝 Reason: 5m: MACD bullish; 15m: MACD bullish; 1h: MACD bearish; 4h: MACD bearish
  ⚠️ Sell signal but no position

[03:39:48] Cycle 322
  💰 Current Price: $1.50
  🎯 Signal: SELL (confidence: 0.20)
  📝 Reason: 5m: MACD bullish; 15m: MACD bullish; 1h: MACD bearish; 4h: MACD bearish
  ⚠️ Sell signal but no position

[03:40:19] Cycle 323
  💰 Current Price: $1.50
  🎯 Signal: SELL (confidence: 0.20)
  📝 Reason: 5m: MACD bullish; 15m: MACD bullish; 1h: MACD bearish; 4h: MACD bearish
  ⚠️ Sell signal but no position

[03:40:49] Cycle 324
  💰 Current Price: $1.51
  🎯 Signal: SELL (confidence: 0.20)
  📝 Reason: 5m: MACD bullish; 15m: MACD bullish; 1h: MACD bearish; 4h: MACD bearish
  ⚠️ Sell signal but no position

[03:41:20] Cycle 325
  💰 Current Price: $1.51
  🎯 Signal: SELL (confidence: 0.20)
  📝 Reason: 5m: MACD bullish; 15m: MACD bullish; 1h: MACD bearish; 4h: MACD bearish
  ⚠️ Sell signal but no position

[03:41:51] Cycle 326
  💰 Current Price: $1.51
  🎯 Signal: SELL (confidence: 0.20)
  📝 Reason: 5m: MACD bullish; 15m: MACD bullish; 1h: MACD bearish; 4h: MACD bearish
  ⚠️ Sell signal but no position

[03:42:22] Cycle 327
  💰 Current Price: $1.51
  🎯 Signal: SELL (confidence: 0.20)
  📝 Reason: 5m: MACD bullish; 15m: MACD bullish; 1h: MACD bearish; 4h: MACD bearish
  ⚠️ Sell signal but no position

[03:42:53] Cycle 328
  💰 Current Price: $1.51
  🎯 Signal: SELL (confidence: 0.20)
  📝 Reason: 5m: MACD bullish; 15m: MACD bullish; 1h: MACD bearish; 4h: MACD bearish
  ⚠️ Sell signal but no position

[03:43:24] Cycle 329
  💰 Current Price: $1.51
  🎯 Signal: SELL (confidence: 0.20)
  📝 Reason: 5m: MACD bullish; 15m: MACD bullish; 1h: MACD bearish; 4h: MACD bearish
  ⚠️ Sell signal but no position

[03:43:55] Cycle 330
  💰 Current Price: $1.51
  🎯 Signal: SELL (confidence: 0.20)
  📝 Reason: 5m: MACD bullish; 15m: MACD bullish; 1h: MACD bearish; 4h: MACD bearish
  ⚠️ Sell signal but no position

[03:44:26] Cycle 331
  💰 Current Price: $1.51
  🎯 Signal: SELL (confidence: 0.20)
  📝 Reason: 5m: MACD bullish; 15m: MACD bullish; 1h: MACD bearish; 4h: MACD bearish
  ⚠️ Sell signal but no position

[03:44:57] Cycle 332
  💰 Current Price: $1.51
  🎯 Signal: SELL (confidence: 0.20)
  📝 Reason: 5m: MACD bullish; 15m: MACD bullish; 1h: MACD bearish; 4h: MACD bearish
  ⚠️ Sell signal but no position

[03:45:28] Cycle 333
  💰 Current Price: $1.51
  🎯 Signal: SELL (confidence: 0.20)
  📝 Reason: 5m: MACD bullish; 15m: MACD bullish; 1h: MACD bearish; 4h: MACD bearish
  ⚠️ Sell signal but no position

[03:46:00] Cycle 334
  💰 Current Price: $1.50
  🎯 Signal: SELL (confidence: 0.20)
  📝 Reason: 5m: MACD bullish; 15m: MACD bullish; 1h: MACD bearish; 4h: MACD bearish
  ⚠️ Sell signal but no position

[03:46:30] Cycle 335
  💰 Current Price: $1.50
  🎯 Signal: SELL (confidence: 0.20)
  📝 Reason: 5m: MACD bullish; 15m: MACD bullish; 1h: MACD bearish; 4h: MACD bearish
  ⚠️ Sell signal but no position

[03:47:02] Cycle 336
  💰 Current Price: $1.50
  🎯 Signal: SELL (confidence: 0.20)
  📝 Reason: 5m: MACD bullish; 15m: MACD bullish; 1h: MACD bearish; 4h: MACD bearish
  ⚠️ Sell signal but no position

[03:47:33] Cycle 337
  ⚠️ Ticker exception: HTTPSConnectionPool(host='api.kraken.com', port=443): Max retries exceeded with url: /0/public/Ticker?pair=DOTUSD (Caused by ConnectTimeoutError(<HTTPSConnection(host='api.kraken.com', port=443) at 0x7fbd8d0f6050>, 'Connection to api.kraken.com timed out. (connect timeout=8)'))
  ⚠️ No ticker data

[03:48:43] Cycle 338
  💰 Current Price: $1.51
  🎯 Signal: SELL (confidence: 0.20)
  📝 Reason: 5m: MACD bullish; 15m: MACD bullish; 1h: MACD bearish; 4h: MACD bearish
  ⚠️ Sell signal but no position

[03:49:14] Cycle 339
  💰 Current Price: $1.51
  🎯 Signal: SELL (confidence: 0.20)
  📝 Reason: 5m: MACD bullish; 15m: MACD bullish; 1h: MACD bearish; 4h: MACD bearish
  ⚠️ Sell signal but no position

[03:49:45] Cycle 340
  💰 Current Price: $1.51
  🎯 Signal: SELL (confidence: 0.20)
  📝 Reason: 5m: MACD bullish; 15m: MACD bullish; 1h: MACD bearish; 4h: MACD bearish
  ⚠️ Sell signal but no position

[03:50:16] Cycle 341
  💰 Current Price: $1.51
  🎯 Signal: SELL (confidence: 0.20)
  📝 Reason: 5m: MACD bullish; 15m: MACD bullish; 1h: MACD bearish; 4h: MACD bearish
  ⚠️ Sell signal but no position

[03:50:47] Cycle 342
  💰 Current Price: $1.50
  🎯 Signal: SELL (confidence: 0.20)
  📝 Reason: 5m: MACD bullish; 15m: MACD bullish; 1h: MACD bearish; 4h: MACD bearish
  ⚠️ Sell signal but no position

[03:51:18] Cycle 343
  💰 Current Price: $1.50
  🎯 Signal: SELL (confidence: 0.20)
  📝 Reason: 5m: MACD bullish; 15m: MACD bullish; 1h: MACD bearish; 4h: MACD bearish
  ⚠️ Sell signal but no position

[03:51:49] Cycle 344
  💰 Current Price: $1.50
  🎯 Signal: SELL (confidence: 0.20)
  📝 Reason: 5m: MACD bullish; 15m: MACD bullish; 1h: MACD bearish; 4h: MACD bearish
  ⚠️ Sell signal but no position

[03:52:20] Cycle 345
  💰 Current Price: $1.50
  🎯 Signal: SELL (confidence: 0.20)
  📝 Reason: 5m: MACD bullish; 15m: MACD bullish; 1h: MACD bearish; 4h: MACD bearish
  ⚠️ Sell signal but no position

[03:52:51] Cycle 346
  💰 Current Price: $1.50
  🎯 Signal: SELL (confidence: 0.30)
  📝 Reason: 5m: MACD bullish; 15m: MACD bullish; 1h: MACD bearish; 4h: MACD bearish
  ⚠️ Sell signal but no position

[03:53:22] Cycle 347
  💰 Current Price: $1.50
  🎯 Signal: SELL (confidence: 0.30)
  📝 Reason: 5m: MACD bullish; 15m: MACD bullish; 1h: MACD bearish; 4h: MACD bearish
  ⚠️ Sell signal but no position

[03:53:53] Cycle 348
  💰 Current Price: $1.50
  🎯 Signal: SELL (confidence: 0.30)
  📝 Reason: 5m: MACD bullish; 15m: MACD bullish; 1h: MACD bearish; 4h: MACD bearish
  ⚠️ Sell signal but no position

[03:54:24] Cycle 349
  💰 Current Price: $1.50
  🎯 Signal: SELL (confidence: 0.30)
  📝 Reason: 5m: MACD bullish; 15m: MACD bullish; 1h: MACD bearish; 4h: MACD bearish
  ⚠️ Sell signal but no position

[03:54:54] Cycle 350
  💰 Current Price: $1.50
  🎯 Signal: SELL (confidence: 0.30)
  📝 Reason: 5m: MACD bullish; 15m: MACD bullish; 1h: MACD bearish; 4h: MACD bearish
  ⚠️ Sell signal but no position

[03:55:25] Cycle 351
  💰 Current Price: $1.50
  🎯 Signal: SELL (confidence: 0.30)
  📝 Reason: 5m: MACD bullish; 15m: MACD bullish; 1h: MACD bearish; 4h: MACD bearish
  ⚠️ Sell signal but no position

[03:55:57] Cycle 352
  💰 Current Price: $1.50
  🎯 Signal: SELL (confidence: 0.30)
  📝 Reason: 5m: MACD bullish; 15m: MACD bullish; 1h: MACD bearish; 4h: MACD bearish
  ⚠️ Sell signal but no position

[03:56:28] Cycle 353
  💰 Current Price: $1.50
  🎯 Signal: SELL (confidence: 0.30)
  📝 Reason: 5m: MACD bullish; 15m: MACD bullish; 1h: MACD bearish; 4h: MACD bearish
  ⚠️ Sell signal but no position

[03:57:00] Cycle 354
  💰 Current Price: $1.50
  🎯 Signal: SELL (confidence: 0.38)
  📝 Reason: 5m: MACD bullish; 15m: MACD bullish; 1h: MACD bearish; 4h: MACD bearish
  ⚠️ Sell signal but no position

[03:57:31] Cycle 355
  💰 Current Price: $1.50
  🎯 Signal: SELL (confidence: 0.38)
  📝 Reason: 5m: MACD bullish; 15m: MACD bullish; 1h: MACD bearish; 4h: MACD bearish
  ⚠️ Sell signal but no position

[03:58:03] Cycle 356
  💰 Current Price: $1.50
  🎯 Signal: SELL (confidence: 0.38)
  📝 Reason: 5m: MACD bullish; 15m: MACD bullish; 1h: MACD bearish; 4h: MACD bearish
  ⚠️ Sell signal but no position

[03:58:34] Cycle 357
  💰 Current Price: $1.50
  🎯 Signal: SELL (confidence: 0.30)
  📝 Reason: 5m: MACD bullish; 15m: MACD bullish; 1h: MACD bearish; 4h: MACD bearish
  ⚠️ Sell signal but no position

[03:59:06] Cycle 358
  💰 Current Price: $1.50
  🎯 Signal: SELL (confidence: 0.30)
  📝 Reason: 5m: MACD bullish; 15m: MACD bullish; 1h: MACD bearish; 4h: MACD bearish
  ⚠️ Sell signal but no position

[03:57:31] Cycle 360
  💰 Current Price: $1.50
  🎯 Signal: SELL (confidence: 0.38)
  📝 Reason: 5m: MACD bullish; 15m: MACD bullish; 1h: MACD bearish; 4h: MACD bearish
  ⚠️ Sell signal but no position

[03:58:03] Cycle 361
  💰 Current Price: $1.50
  🎯 Signal: SELL (confidence: 0.38)
  📝 Reason: 5m: MACD bullish; 15m: MACD bullish; 1h: MACD bearish; 4h: MACD bearish
  ⚠️ Sell signal but no position

[03:58:34] Cycle 362
  💰 Current Price: $1.50
  🎯 Signal: SELL (confidence: 0.30)
  📝 Reason: 5m: MACD bullish; 15m: MACD bullish; 1h: MACD bearish; 4h: MACD bearish
  ⚠️ Sell signal but no position

[03:59:06] Cycle 363
  💰 Current Price: $1.50
  🎯 Signal: SELL (confidence: 0.30)
  📝 Reason: 5m: MACD bullish; 15m: MACD bullish; 1h: MACD bearish; 4h: MACD bearish
  ⚠️ Sell signal but no position

[03:59:37] Cycle 364
  💰 Current Price: $1.50
  🎯 Signal: SELL (confidence: 0.30)
  📝 Reason: 5m: MACD bullish; 15m: MACD bullish; 1h: MACD bearish; 4h: MACD bearish
  ⚠️ Sell signal but no position

[04:00:09] Cycle 365
  💰 Current Price: $1.50
  🎯 Signal: SELL (confidence: 0.20)
  📝 Reason: 5m: MACD bullish; 15m: MACD bullish; 1h: MACD bearish; 4h: MACD bearish
  ⚠️ Sell signal but no position

[04:00:39] Cycle 366
  💰 Current Price: $1.50
  🎯 Signal: SELL (confidence: 0.20)
  📝 Reason: 5m: MACD bullish; 15m: MACD bullish; 1h: MACD bearish; 4h: MACD bearish
  ⚠️ Sell signal but no position

[04:01:10] Cycle 367
  💰 Current Price: $1.50
  🎯 Signal: SELL (confidence: 0.20)
  📝 Reason: 5m: MACD bullish; 15m: MACD bullish; 1h: MACD bearish; 4h: MACD bearish
  ⚠️ Sell signal but no position

[04:01:41] Cycle 368
  💰 Current Price: $1.50
  🎯 Signal: SELL (confidence: 0.30)
  📝 Reason: 5m: MACD bullish; 15m: MACD bullish; 1h: MACD bearish; 4h: MACD bearish
  ⚠️ Sell signal but no position

[04:02:12] Cycle 369
  💰 Current Price: $1.50
  🎯 Signal: SELL (confidence: 0.30)
  📝 Reason: 5m: MACD bullish; 15m: MACD bullish; 1h: MACD bearish; 4h: MACD bearish
  ⚠️ Sell signal but no position

[04:02:43] Cycle 370
  💰 Current Price: $1.50
  🎯 Signal: SELL (confidence: 0.30)
  📝 Reason: 5m: MACD bullish; 15m: MACD bullish; 1h: MACD bearish; 4h: MACD bearish
  ⚠️ Sell signal but no position

[04:03:13] Cycle 371
  💰 Current Price: $1.50
  🎯 Signal: SELL (confidence: 0.30)
  📝 Reason: 5m: MACD bullish; 15m: MACD bullish; 1h: MACD bearish; 4h: MACD bearish
  ⚠️ Sell signal but no position

[04:03:44] Cycle 372
  💰 Current Price: $1.49
  🎯 Signal: SELL (confidence: 0.40)
  📝 Reason: 5m: MACD bearish; 15m: MACD bullish; 1h: MACD bearish; 4h: MACD bearish
  ⚠️ Sell signal but no position

[04:04:15] Cycle 373
  💰 Current Price: $1.49
  🎯 Signal: SELL (confidence: 0.40)
  📝 Reason: 5m: MACD bearish; 15m: MACD bullish; 1h: MACD bearish; 4h: MACD bearish
  ⚠️ Sell signal but no position

[04:04:46] Cycle 374
  💰 Current Price: $1.49
  🎯 Signal: SELL (confidence: 0.47)
  📝 Reason: 5m: MACD bearish; 15m: MACD bullish; 1h: MACD bearish; 4h: MACD bearish
  ⚠️ Sell signal but no position

[04:05:17] Cycle 375
  💰 Current Price: $1.49
  🎯 Signal: SELL (confidence: 0.38)
  📝 Reason: 5m: RSI oversold (33.9); 5m: MACD bearish; 15m: MACD bullish; 1h: MACD bearish
  ⚠️ Sell signal but no position

[04:05:48] Cycle 376
  💰 Current Price: $1.49
  🎯 Signal: SELL (confidence: 0.40)
  📝 Reason: 5m: MACD bearish; 15m: MACD bullish; 1h: MACD bearish; 4h: MACD bearish
  ⚠️ Sell signal but no position

[04:06:19] Cycle 377
  💰 Current Price: $1.49
  🎯 Signal: SELL (confidence: 0.40)
  📝 Reason: 5m: MACD bearish; 15m: MACD bullish; 1h: MACD bearish; 4h: MACD bearish
  ⚠️ Sell signal but no position

[04:06:49] Cycle 378
  💰 Current Price: $1.49
  🎯 Signal: SELL (confidence: 0.40)
  📝 Reason: 5m: MACD bearish; 15m: MACD bullish; 1h: MACD bearish; 4h: MACD bearish
  ⚠️ Sell signal but no position

[04:07:20] Cycle 379
  💰 Current Price: $1.49
  🎯 Signal: SELL (confidence: 0.40)
  📝 Reason: 5m: MACD bearish; 15m: MACD bullish; 1h: MACD bearish; 4h: MACD bearish
  ⚠️ Sell signal but no position

[04:07:51] Cycle 380
  💰 Current Price: $1.49
  🎯 Signal: SELL (confidence: 0.40)
  📝 Reason: 5m: MACD bearish; 15m: MACD bullish; 1h: MACD bearish; 4h: MACD bearish
  ⚠️ Sell signal but no position

[04:08:22] Cycle 381
  💰 Current Price: $1.49
  🎯 Signal: SELL (confidence: 0.40)
  📝 Reason: 5m: MACD bearish; 15m: MACD bullish; 1h: MACD bearish; 4h: MACD bearish
  ⚠️ Sell signal but no position

[04:08:53] Cycle 382
  💰 Current Price: $1.49
  🎯 Signal: SELL (confidence: 0.40)
  📝 Reason: 5m: MACD bearish; 15m: MACD bullish; 1h: MACD bearish; 4h: MACD bearish
  ⚠️ Sell signal but no position

[04:09:24] Cycle 383
  💰 Current Price: $1.49
  🎯 Signal: SELL (confidence: 0.40)
  📝 Reason: 5m: MACD bearish; 15m: MACD bullish; 1h: MACD bearish; 4h: MACD bearish
  ⚠️ Sell signal but no position

[04:09:55] Cycle 384
  💰 Current Price: $1.49
  🎯 Signal: SELL (confidence: 0.30)
  📝 Reason: 5m: RSI oversold (34.4); 5m: MACD bearish; 15m: MACD bullish; 1h: MACD bearish
  ⚠️ Sell signal but no position

[04:10:26] Cycle 385
  💰 Current Price: $1.49
  🎯 Signal: SELL (confidence: 0.30)
  📝 Reason: 5m: RSI oversold (33.8); 5m: MACD bearish; 15m: MACD bullish; 1h: MACD bearish
  ⚠️ Sell signal but no position

[04:10:57] Cycle 386
  💰 Current Price: $1.49
  🎯 Signal: SELL (confidence: 0.40)
  📝 Reason: 5m: MACD bearish; 15m: MACD bullish; 1h: MACD bearish; 4h: MACD bearish
  ⚠️ Sell signal but no position

[04:11:28] Cycle 387
  💰 Current Price: $1.49
  🎯 Signal: SELL (confidence: 0.40)
  📝 Reason: 5m: MACD bearish; 15m: MACD bullish; 1h: MACD bearish; 4h: MACD bearish
  ⚠️ Sell signal but no position

[04:11:59] Cycle 388
  💰 Current Price: $1.49
  🎯 Signal: SELL (confidence: 0.40)
  📝 Reason: 5m: MACD bearish; 15m: MACD bullish; 1h: MACD bearish; 4h: MACD bearish
  ⚠️ Sell signal but no position

[04:12:30] Cycle 389
  💰 Current Price: $1.49
  🎯 Signal: SELL (confidence: 0.40)
  📝 Reason: 5m: MACD bearish; 15m: MACD bullish; 1h: MACD bearish; 4h: MACD bearish
  ⚠️ Sell signal but no position

[04:13:01] Cycle 390
  💰 Current Price: $1.49
  🎯 Signal: SELL (confidence: 0.40)
  📝 Reason: 5m: MACD bearish; 15m: MACD bullish; 1h: MACD bearish; 4h: MACD bearish
  ⚠️ Sell signal but no position

[04:13:32] Cycle 391
  💰 Current Price: $1.49
  🎯 Signal: SELL (confidence: 0.40)
  📝 Reason: 5m: MACD bearish; 15m: MACD bullish; 1h: MACD bearish; 4h: MACD bearish
  ⚠️ Sell signal but no position

[04:14:03] Cycle 392
  💰 Current Price: $1.49
  🎯 Signal: SELL (confidence: 0.40)
  📝 Reason: 5m: MACD bearish; 15m: MACD bullish; 1h: MACD bearish; 4h: MACD bearish
  ⚠️ Sell signal but no position

[04:14:34] Cycle 393
  💰 Current Price: $1.49
  🎯 Signal: SELL (confidence: 0.40)
  📝 Reason: 5m: MACD bearish; 15m: MACD bullish; 1h: MACD bearish; 4h: MACD bearish
  ⚠️ Sell signal but no position

[04:15:05] Cycle 394
  💰 Current Price: $1.49
  🎯 Signal: SELL (confidence: 0.30)
  📝 Reason: 5m: RSI oversold (33.0); 5m: MACD bearish; 15m: MACD bullish; 1h: MACD bearish
  ⚠️ Sell signal but no position

[04:15:36] Cycle 395
  💰 Current Price: $1.49
  🎯 Signal: SELL (confidence: 0.30)
  📝 Reason: 5m: RSI oversold (33.0); 5m: MACD bearish; 15m: MACD bullish; 1h: MACD bearish
  ⚠️ Sell signal but no position

[04:16:07] Cycle 396
  💰 Current Price: $1.49
  🎯 Signal: SELL (confidence: 0.30)
  📝 Reason: 5m: RSI oversold (33.0); 5m: MACD bearish; 15m: MACD bullish; 1h: MACD bearish
  ⚠️ Sell signal but no position

[04:16:37] Cycle 397
  💰 Current Price: $1.49
  🎯 Signal: SELL (confidence: 0.40)
  📝 Reason: 5m: MACD bullish; 15m: MACD bullish; 1h: MACD bearish; 4h: MACD bearish
  ⚠️ Sell signal but no position

[03:59:37] Cycle 359
  💰 Current Price: $1.50
  🎯 Signal: SELL (confidence: 0.30)
  📝 Reason: 5m: MACD bullish; 15m: MACD bullish; 1h: MACD bearish; 4h: MACD bearish
  ⚠️ Sell signal but no position

[04:00:08] Cycle 360
  💰 Current Price: $1.50
  🎯 Signal: SELL (confidence: 0.20)
  📝 Reason: 5m: MACD bullish; 15m: MACD bullish; 1h: MACD bearish; 4h: MACD bearish
  ⚠️ Sell signal but no position

[04:00:39] Cycle 361
  💰 Current Price: $1.50
  🎯 Signal: SELL (confidence: 0.20)
  📝 Reason: 5m: MACD bullish; 15m: MACD bullish; 1h: MACD bearish; 4h: MACD bearish
  ⚠️ Sell signal but no position

[04:01:10] Cycle 362
  💰 Current Price: $1.50
  🎯 Signal: SELL (confidence: 0.20)
  📝 Reason: 5m: MACD bullish; 15m: MACD bullish; 1h: MACD bearish; 4h: MACD bearish
  ⚠️ Sell signal but no position

[04:01:41] Cycle 363
  💰 Current Price: $1.50
  🎯 Signal: SELL (confidence: 0.30)
  📝 Reason: 5m: MACD bullish; 15m: MACD bullish; 1h: MACD bearish; 4h: MACD bearish
  ⚠️ Sell signal but no position

[04:02:12] Cycle 364
  💰 Current Price: $1.50
  🎯 Signal: SELL (confidence: 0.30)
  📝 Reason: 5m: MACD bullish; 15m: MACD bullish; 1h: MACD bearish; 4h: MACD bearish
  ⚠️ Sell signal but no position

[04:02:42] Cycle 365
  💰 Current Price: $1.50
  🎯 Signal: SELL (confidence: 0.30)
  📝 Reason: 5m: MACD bullish; 15m: MACD bullish; 1h: MACD bearish; 4h: MACD bearish
  ⚠️ Sell signal but no position

[04:03:13] Cycle 366
  💰 Current Price: $1.50
  🎯 Signal: SELL (confidence: 0.30)
  📝 Reason: 5m: MACD bullish; 15m: MACD bullish; 1h: MACD bearish; 4h: MACD bearish
  ⚠️ Sell signal but no position

[04:03:44] Cycle 367
  💰 Current Price: $1.49
  🎯 Signal: SELL (confidence: 0.40)
  📝 Reason: 5m: MACD bearish; 15m: MACD bullish; 1h: MACD bearish; 4h: MACD bearish
  ⚠️ Sell signal but no position

[04:04:15] Cycle 368
  💰 Current Price: $1.49
  🎯 Signal: SELL (confidence: 0.40)
  📝 Reason: 5m: MACD bearish; 15m: MACD bullish; 1h: MACD bearish; 4h: MACD bearish
  ⚠️ Sell signal but no position

[04:04:46] Cycle 369
  💰 Current Price: $1.49
  🎯 Signal: SELL (confidence: 0.47)
  📝 Reason: 5m: MACD bearish; 15m: MACD bullish; 1h: MACD bearish; 4h: MACD bearish
  ⚠️ Sell signal but no position

[04:05:17] Cycle 370
  💰 Current Price: $1.49
  🎯 Signal: SELL (confidence: 0.38)
  📝 Reason: 5m: RSI oversold (33.9); 5m: MACD bearish; 15m: MACD bullish; 1h: MACD bearish
  ⚠️ Sell signal but no position

[04:05:48] Cycle 371
  💰 Current Price: $1.49
  🎯 Signal: SELL (confidence: 0.40)
  📝 Reason: 5m: MACD bearish; 15m: MACD bullish; 1h: MACD bearish; 4h: MACD bearish
  ⚠️ Sell signal but no position

[04:06:19] Cycle 372
  💰 Current Price: $1.49
  🎯 Signal: SELL (confidence: 0.40)
  📝 Reason: 5m: MACD bearish; 15m: MACD bullish; 1h: MACD bearish; 4h: MACD bearish
  ⚠️ Sell signal but no position

[04:06:49] Cycle 373
  💰 Current Price: $1.49
  🎯 Signal: SELL (confidence: 0.40)
  📝 Reason: 5m: MACD bearish; 15m: MACD bullish; 1h: MACD bearish; 4h: MACD bearish
  ⚠️ Sell signal but no position

[04:07:20] Cycle 374
  💰 Current Price: $1.49
  🎯 Signal: SELL (confidence: 0.40)
  📝 Reason: 5m: MACD bearish; 15m: MACD bullish; 1h: MACD bearish; 4h: MACD bearish
  ⚠️ Sell signal but no position

[04:07:51] Cycle 375
  💰 Current Price: $1.49
  🎯 Signal: SELL (confidence: 0.40)
  📝 Reason: 5m: MACD bearish; 15m: MACD bullish; 1h: MACD bearish; 4h: MACD bearish
  ⚠️ Sell signal but no position

[04:08:22] Cycle 376
  💰 Current Price: $1.49
  🎯 Signal: SELL (confidence: 0.40)
  📝 Reason: 5m: MACD bearish; 15m: MACD bullish; 1h: MACD bearish; 4h: MACD bearish
  ⚠️ Sell signal but no position

[04:08:53] Cycle 377
  💰 Current Price: $1.49
  🎯 Signal: SELL (confidence: 0.40)
  📝 Reason: 5m: MACD bearish; 15m: MACD bullish; 1h: MACD bearish; 4h: MACD bearish
  ⚠️ Sell signal but no position

[04:09:24] Cycle 378
  💰 Current Price: $1.49
  🎯 Signal: SELL (confidence: 0.40)
  📝 Reason: 5m: MACD bearish; 15m: MACD bullish; 1h: MACD bearish; 4h: MACD bearish
  ⚠️ Sell signal but no position

[04:09:55] Cycle 379
  💰 Current Price: $1.49
  🎯 Signal: SELL (confidence: 0.30)
  📝 Reason: 5m: RSI oversold (34.4); 5m: MACD bearish; 15m: MACD bullish; 1h: MACD bearish
  ⚠️ Sell signal but no position

[04:10:26] Cycle 380
  💰 Current Price: $1.49
  🎯 Signal: SELL (confidence: 0.30)
  📝 Reason: 5m: RSI oversold (33.8); 5m: MACD bearish; 15m: MACD bullish; 1h: MACD bearish
  ⚠️ Sell signal but no position

[04:10:57] Cycle 381
  💰 Current Price: $1.49
  🎯 Signal: SELL (confidence: 0.40)
  📝 Reason: 5m: MACD bearish; 15m: MACD bullish; 1h: MACD bearish; 4h: MACD bearish
  ⚠️ Sell signal but no position

[04:11:28] Cycle 382
  💰 Current Price: $1.49
  🎯 Signal: SELL (confidence: 0.40)
  📝 Reason: 5m: MACD bearish; 15m: MACD bullish; 1h: MACD bearish; 4h: MACD bearish
  ⚠️ Sell signal but no position

[04:11:59] Cycle 383
  💰 Current Price: $1.49
  🎯 Signal: SELL (confidence: 0.40)
  📝 Reason: 5m: MACD bearish; 15m: MACD bullish; 1h: MACD bearish; 4h: MACD bearish
  ⚠️ Sell signal but no position

[04:12:30] Cycle 384
  💰 Current Price: $1.49
  🎯 Signal: SELL (confidence: 0.40)
  📝 Reason: 5m: MACD bearish; 15m: MACD bullish; 1h: MACD bearish; 4h: MACD bearish
  ⚠️ Sell signal but no position

[04:13:01] Cycle 385
  💰 Current Price: $1.49
  🎯 Signal: SELL (confidence: 0.40)
  📝 Reason: 5m: MACD bearish; 15m: MACD bullish; 1h: MACD bearish; 4h: MACD bearish
  ⚠️ Sell signal but no position

[04:13:32] Cycle 386
  💰 Current Price: $1.49
  🎯 Signal: SELL (confidence: 0.40)
  📝 Reason: 5m: MACD bearish; 15m: MACD bullish; 1h: MACD bearish; 4h: MACD bearish
  ⚠️ Sell signal but no position

[04:14:03] Cycle 387
  💰 Current Price: $1.49
  🎯 Signal: SELL (confidence: 0.40)
  📝 Reason: 5m: MACD bearish; 15m: MACD bullish; 1h: MACD bearish; 4h: MACD bearish
  ⚠️ Sell signal but no position

[04:14:34] Cycle 388
  💰 Current Price: $1.49
  🎯 Signal: SELL (confidence: 0.40)
  📝 Reason: 5m: MACD bearish; 15m: MACD bullish; 1h: MACD bearish; 4h: MACD bearish
  ⚠️ Sell signal but no position

[04:15:05] Cycle 389
  💰 Current Price: $1.49
  🎯 Signal: SELL (confidence: 0.30)
  📝 Reason: 5m: RSI oversold (33.0); 5m: MACD bearish; 15m: MACD bullish; 1h: MACD bearish
  ⚠️ Sell signal but no position

[04:15:36] Cycle 390
  💰 Current Price: $1.49
  🎯 Signal: SELL (confidence: 0.30)
  📝 Reason: 5m: RSI oversold (33.0); 5m: MACD bearish; 15m: MACD bullish; 1h: MACD bearish
  ⚠️ Sell signal but no position

[04:16:07] Cycle 391
  💰 Current Price: $1.49
  🎯 Signal: SELL (confidence: 0.30)
  📝 Reason: 5m: RSI oversold (33.0); 5m: MACD bearish; 15m: MACD bullish; 1h: MACD bearish
  ⚠️ Sell signal but no position

[04:16:37] Cycle 392
  💰 Current Price: $1.49
  🎯 Signal: SELL (confidence: 0.40)
  📝 Reason: 5m: MACD bearish; 15m: MACD bullish; 1h: MACD bearish; 4h: MACD bearish
  ⚠️ Sell signal but no position

[04:17:08] Cycle 393
  💰 Current Price: $1.49
  🎯 Signal: SELL (confidence: 0.40)
  📝 Reason: 5m: MACD bearish; 15m: MACD bullish; 1h: MACD bearish; 4h: MACD bearish
  ⚠️ Sell signal but no position

[04:17:39] Cycle 394
  💰 Current Price: $1.49
  🎯 Signal: SELL (confidence: 0.40)
  📝 Reason: 5m: MACD bearish; 15m: MACD bullish; 1h: MACD bearish; 4h: MACD bearish
  ⚠️ Sell signal but no position

[04:18:10] Cycle 395
  💰 Current Price: $1.49
  🎯 Signal: SELL (confidence: 0.40)
  📝 Reason: 5m: MACD bearish; 15m: MACD bullish; 1h: MACD bearish; 4h: MACD bearish
  ⚠️ Sell signal but no position

[04:18:41] Cycle 396
  💰 Current Price: $1.49
  🎯 Signal: SELL (confidence: 0.40)
  📝 Reason: 5m: MACD bearish; 15m: MACD bullish; 1h: MACD bearish; 4h: MACD bearish
  ⚠️ Sell signal but no position

[04:17:08] Cycle 398
  💰 Current Price: $1.49
  🎯 Signal: SELL (confidence: 0.40)
  📝 Reason: 5m: MACD bearish; 15m: MACD bullish; 1h: MACD bearish; 4h: MACD bearish
  ⚠️ Sell signal but no position

[04:17:39] Cycle 399
  💰 Current Price: $1.49
  🎯 Signal: SELL (confidence: 0.40)
  📝 Reason: 5m: MACD bearish; 15m: MACD bullish; 1h: MACD bearish; 4h: MACD bearish
  ⚠️ Sell signal but no position

[04:18:10] Cycle 400
  💰 Current Price: $1.49
  🎯 Signal: SELL (confidence: 0.40)
  📝 Reason: 5m: MACD bearish; 15m: MACD bullish; 1h: MACD bearish; 4h: MACD bearish
  ⚠️ Sell signal but no position

[04:18:41] Cycle 401
  💰 Current Price: $1.49
  🎯 Signal: SELL (confidence: 0.40)
  📝 Reason: 5m: MACD bearish; 15m: MACD bullish; 1h: MACD bearish; 4h: MACD bearish
  ⚠️ Sell signal but no position

[04:19:12] Cycle 402
  💰 Current Price: $1.49
  🎯 Signal: SELL (confidence: 0.40)
  📝 Reason: 5m: MACD bearish; 15m: MACD bullish; 1h: MACD bearish; 4h: MACD bearish
  ⚠️ Sell signal but no position

[04:19:43] Cycle 403
  💰 Current Price: $1.49
  🎯 Signal: SELL (confidence: 0.40)
  📝 Reason: 5m: MACD bearish; 15m: MACD bullish; 1h: MACD bearish; 4h: MACD bearish
  ⚠️ Sell signal but no position

[04:20:14] Cycle 404
  💰 Current Price: $1.50
  🎯 Signal: SELL (confidence: 0.30)
  📝 Reason: 5m: RSI oversold (25.6); 5m: MACD bearish; 15m: MACD bullish; 1h: MACD bearish
  ⚠️ Sell signal but no position

[04:20:45] Cycle 405
  💰 Current Price: $1.50
  🎯 Signal: SELL (confidence: 0.30)
  📝 Reason: 5m: RSI oversold (25.6); 5m: MACD bearish; 15m: MACD bullish; 1h: MACD bearish
  ⚠️ Sell signal but no position

[04:21:15] Cycle 406
  💰 Current Price: $1.50
  🎯 Signal: SELL (confidence: 0.30)
  📝 Reason: 5m: RSI oversold (25.6); 5m: MACD bearish; 15m: MACD bullish; 1h: MACD bearish
  ⚠️ Sell signal but no position

[04:21:46] Cycle 407
  💰 Current Price: $1.50
  🎯 Signal: SELL (confidence: 0.30)
  📝 Reason: 5m: RSI oversold (25.6); 5m: MACD bearish; 15m: MACD bullish; 1h: MACD bearish
  ⚠️ Sell signal but no position

[04:22:17] Cycle 408
  💰 Current Price: $1.50
  🎯 Signal: SELL (confidence: 0.30)
  📝 Reason: 5m: RSI oversold (25.6); 5m: MACD bearish; 15m: MACD bullish; 1h: MACD bearish
  ⚠️ Sell signal but no position

[04:22:47] Cycle 409
  💰 Current Price: $1.50
  🎯 Signal: SELL (confidence: 0.30)
  📝 Reason: 5m: RSI oversold (25.6); 5m: MACD bearish; 15m: MACD bullish; 1h: MACD bearish
  ⚠️ Sell signal but no position

[04:23:18] Cycle 410
  💰 Current Price: $1.50
  🎯 Signal: SELL (confidence: 0.30)
  📝 Reason: 5m: RSI oversold (25.6); 5m: MACD bearish; 15m: MACD bullish; 1h: MACD bearish
  ⚠️ Sell signal but no position

[04:23:49] Cycle 411
  💰 Current Price: $1.50
  🎯 Signal: SELL (confidence: 0.30)
  📝 Reason: 5m: RSI oversold (25.6); 5m: MACD bearish; 15m: MACD bullish; 1h: MACD bearish
  ⚠️ Sell signal but no position

[04:24:20] Cycle 412
  💰 Current Price: $1.50
  🎯 Signal: SELL (confidence: 0.30)
  📝 Reason: 5m: RSI oversold (25.6); 5m: MACD bearish; 15m: MACD bullish; 1h: MACD bearish
  ⚠️ Sell signal but no position

[04:24:50] Cycle 413
  💰 Current Price: $1.50
  🎯 Signal: SELL (confidence: 0.30)
  📝 Reason: 5m: RSI oversold (25.6); 5m: MACD bearish; 15m: MACD bullish; 1h: MACD bearish
  ⚠️ Sell signal but no position

[04:25:21] Cycle 414
  💰 Current Price: $1.50
  🎯 Signal: SELL (confidence: 0.30)
  📝 Reason: 5m: RSI oversold (25.9); 5m: MACD bearish; 15m: MACD bullish; 1h: MACD bearish
  ⚠️ Sell signal but no position

[04:25:52] Cycle 415
  💰 Current Price: $1.50
  🎯 Signal: SELL (confidence: 0.30)
  📝 Reason: 5m: RSI oversold (25.9); 5m: MACD bearish; 15m: MACD bullish; 1h: MACD bearish
  ⚠️ Sell signal but no position

[04:26:23] Cycle 416
  💰 Current Price: $1.50
  🎯 Signal: SELL (confidence: 0.30)
  📝 Reason: 5m: RSI oversold (25.9); 5m: MACD bearish; 15m: MACD bullish; 1h: MACD bearish
  ⚠️ Sell signal but no position

[04:26:53] Cycle 417
  💰 Current Price: $1.50
  🎯 Signal: SELL (confidence: 0.30)
  📝 Reason: 5m: RSI oversold (25.9); 5m: MACD bearish; 15m: MACD bullish; 1h: MACD bearish
  ⚠️ Sell signal but no position

[04:27:24] Cycle 418
  💰 Current Price: $1.50
  🎯 Signal: SELL (confidence: 0.20)
  📝 Reason: 5m: RSI oversold (28.9); 5m: MACD bearish; 15m: MACD bullish; 1h: MACD bearish
  ⚠️ Sell signal but no position

[04:27:55] Cycle 419
  💰 Current Price: $1.50
  🎯 Signal: SELL (confidence: 0.20)
  📝 Reason: 5m: RSI oversold (28.9); 5m: MACD bearish; 15m: MACD bullish; 1h: MACD bearish
  ⚠️ Sell signal but no position

[04:28:26] Cycle 420
  💰 Current Price: $1.50
  🎯 Signal: SELL (confidence: 0.20)
  📝 Reason: 5m: RSI oversold (28.9); 5m: MACD bearish; 15m: MACD bullish; 1h: MACD bearish
  ⚠️ Sell signal but no position

[04:28:57] Cycle 421
  💰 Current Price: $1.50
  🎯 Signal: SELL (confidence: 0.20)
  📝 Reason: 5m: RSI oversold (29.0); 5m: MACD bearish; 15m: MACD bullish; 1h: MACD bearish
  ⚠️ Sell signal but no position

[04:29:28] Cycle 422
  💰 Current Price: $1.50
  🎯 Signal: SELL (confidence: 0.20)
  📝 Reason: 5m: RSI oversold (32.7); 5m: MACD bearish; 15m: MACD bullish; 1h: MACD bearish
  ⚠️ Sell signal but no position

[04:29:58] Cycle 423
  💰 Current Price: $1.50
  🎯 Signal: SELL (confidence: 0.20)
  📝 Reason: 5m: RSI oversold (33.1); 5m: MACD bearish; 15m: MACD bullish; 1h: MACD bearish
  ⚠️ Sell signal but no position

[04:30:29] Cycle 424
  💰 Current Price: $1.50
  🎯 Signal: SELL (confidence: 0.30)
  📝 Reason: 5m: MACD bearish; 15m: MACD bullish; 1h: MACD bearish; 4h: MACD bearish
  ⚠️ Sell signal but no position

[04:31:00] Cycle 425
  💰 Current Price: $1.50
  🎯 Signal: SELL (confidence: 0.30)
  📝 Reason: 5m: MACD bearish; 15m: MACD bullish; 1h: MACD bearish; 4h: MACD bearish
  ⚠️ Sell signal but no position

[04:31:31] Cycle 426
  💰 Current Price: $1.50
  🎯 Signal: SELL (confidence: 0.30)
  📝 Reason: 5m: MACD bearish; 15m: MACD bullish; 1h: MACD bearish; 4h: MACD bearish
  ⚠️ Sell signal but no position

[04:32:02] Cycle 427
  💰 Current Price: $1.50
  🎯 Signal: SELL (confidence: 0.30)
  📝 Reason: 5m: MACD bearish; 15m: MACD bullish; 1h: MACD bearish; 4h: MACD bearish
  ⚠️ Sell signal but no position

[04:32:32] Cycle 428
  💰 Current Price: $1.50
  🎯 Signal: SELL (confidence: 0.30)
  📝 Reason: 5m: MACD bearish; 15m: MACD bullish; 1h: MACD bearish; 4h: MACD bearish
  ⚠️ Sell signal but no position

[04:33:04] Cycle 429
  💰 Current Price: $1.50
  🎯 Signal: SELL (confidence: 0.30)
  📝 Reason: 5m: MACD bearish; 15m: MACD bullish; 1h: MACD bearish; 4h: MACD bearish
  ⚠️ Sell signal but no position

[04:33:34] Cycle 430
  💰 Current Price: $1.50
  🎯 Signal: SELL (confidence: 0.30)
  📝 Reason: 5m: MACD bearish; 15m: MACD bullish; 1h: MACD bearish; 4h: MACD bearish
  ⚠️ Sell signal but no position

[04:34:05] Cycle 431
  💰 Current Price: $1.50
  🎯 Signal: SELL (confidence: 0.30)
  📝 Reason: 5m: MACD bearish; 15m: MACD bullish; 1h: MACD bearish; 4h: MACD bearish
  ⚠️ Sell signal but no position

[04:34:36] Cycle 432
  💰 Current Price: $1.50
  🎯 Signal: SELL (confidence: 0.30)
  📝 Reason: 5m: MACD bearish; 15m: MACD bullish; 1h: MACD bearish; 4h: MACD bearish
  ⚠️ Sell signal but no position

[04:35:07] Cycle 433
  💰 Current Price: $1.50
  🎯 Signal: SELL (confidence: 0.30)
  📝 Reason: 5m: MACD bearish; 15m: MACD bullish; 1h: MACD bearish; 4h: MACD bearish
  ⚠️ Sell signal but no position

[04:35:38] Cycle 434
  💰 Current Price: $1.50
  🎯 Signal: SELL (confidence: 0.30)
  📝 Reason: 5m: MACD bearish; 15m: MACD bullish; 1h: MACD bearish; 4h: MACD bearish
  ⚠️ Sell signal but no position

[04:36:09] Cycle 435
  📝 Reason: 5m: MACD bearish; 15m: MACD bullish; 1h: MACD bearish; 4h: MACD bearish
  ⚠️ Sell signal but no position

[04:19:12] Cycle 397
  💰 Current Price: $1.49
  🎯 Signal: SELL (confidence: 0.40)
  📝 Reason: 5m: MACD bearish; 15m: MACD bullish; 1h: MACD bearish; 4h: MACD bearish
  ⚠️ Sell signal but no position

[04:19:43] Cycle 398
  💰 Current Price: $1.49
  🎯 Signal: SELL (confidence: 0.40)
  📝 Reason: 5m: MACD bearish; 15m: MACD bullish; 1h: MACD bearish; 4h: MACD bearish
  ⚠️ Sell signal but no position

[04:20:14] Cycle 399
  💰 Current Price: $1.50
  🎯 Signal: SELL (confidence: 0.30)
  📝 Reason: 5m: RSI oversold (25.6); 5m: MACD bearish; 15m: MACD bullish; 1h: MACD bearish
  ⚠️ Sell signal but no position

[04:20:45] Cycle 400
  💰 Current Price: $1.50
  🎯 Signal: SELL (confidence: 0.30)
  📝 Reason: 5m: RSI oversold (25.6); 5m: MACD bearish; 15m: MACD bullish; 1h: MACD bearish
  ⚠️ Sell signal but no position

[04:21:15] Cycle 401
  💰 Current Price: $1.50
  🎯 Signal: SELL (confidence: 0.30)
  📝 Reason: 5m: RSI oversold (25.6); 5m: MACD bearish; 15m: MACD bullish; 1h: MACD bearish
  ⚠️ Sell signal but no position

[04:21:46] Cycle 402
  💰 Current Price: $1.50
  🎯 Signal: SELL (confidence: 0.30)
  📝 Reason: 5m: RSI oversold (25.6); 5m: MACD bearish; 15m: MACD bullish; 1h: MACD bearish
  ⚠️ Sell signal but no position

[04:22:17] Cycle 403
  💰 Current Price: $1.50
  🎯 Signal: SELL (confidence: 0.30)
  📝 Reason: 5m: RSI oversold (25.6); 5m: MACD bearish; 15m: MACD bullish; 1h: MACD bearish
  ⚠️ Sell signal but no position

[04:22:47] Cycle 404
  💰 Current Price: $1.50
  🎯 Signal: SELL (confidence: 0.30)
  📝 Reason: 5m: RSI oversold (25.6); 5m: MACD bearish; 15m: MACD bullish; 1h: MACD bearish
  ⚠️ Sell signal but no position

[04:23:18] Cycle 405
  💰 Current Price: $1.50
  🎯 Signal: SELL (confidence: 0.30)
  📝 Reason: 5m: RSI oversold (25.6); 5m: MACD bearish; 15m: MACD bullish; 1h: MACD bearish
  ⚠️ Sell signal but no position

[04:23:49] Cycle 406
  💰 Current Price: $1.50
  🎯 Signal: SELL (confidence: 0.30)
  📝 Reason: 5m: RSI oversold (25.6); 5m: MACD bearish; 15m: MACD bullish; 1h: MACD bearish
  ⚠️ Sell signal but no position

[04:24:19] Cycle 407
  💰 Current Price: $1.50
  🎯 Signal: SELL (confidence: 0.30)
  📝 Reason: 5m: RSI oversold (25.6); 5m: MACD bearish; 15m: MACD bullish; 1h: MACD bearish
  ⚠️ Sell signal but no position

[04:24:50] Cycle 408
  💰 Current Price: $1.50
  🎯 Signal: SELL (confidence: 0.30)
  📝 Reason: 5m: RSI oversold (25.6); 5m: MACD bearish; 15m: MACD bullish; 1h: MACD bearish
  ⚠️ Sell signal but no position

[04:25:21] Cycle 409
  💰 Current Price: $1.50
  🎯 Signal: SELL (confidence: 0.30)
  📝 Reason: 5m: RSI oversold (25.9); 5m: MACD bearish; 15m: MACD bullish; 1h: MACD bearish
  ⚠️ Sell signal but no position

[04:25:52] Cycle 410
  💰 Current Price: $1.50
  🎯 Signal: SELL (confidence: 0.30)
  📝 Reason: 5m: RSI oversold (25.9); 5m: MACD bearish; 15m: MACD bullish; 1h: MACD bearish
  ⚠️ Sell signal but no position

[04:26:23] Cycle 411
  💰 Current Price: $1.50
  🎯 Signal: SELL (confidence: 0.30)
  📝 Reason: 5m: RSI oversold (25.9); 5m: MACD bearish; 15m: MACD bullish; 1h: MACD bearish
  ⚠️ Sell signal but no position

[04:26:53] Cycle 412
  💰 Current Price: $1.50
  🎯 Signal: SELL (confidence: 0.30)
  📝 Reason: 5m: RSI oversold (25.9); 5m: MACD bearish; 15m: MACD bullish; 1h: MACD bearish
  ⚠️ Sell signal but no position

[04:27:24] Cycle 413
  💰 Current Price: $1.50
  🎯 Signal: SELL (confidence: 0.20)
  📝 Reason: 5m: RSI oversold (28.9); 5m: MACD bearish; 15m: MACD bullish; 1h: MACD bearish
  ⚠️ Sell signal but no position

[04:27:55] Cycle 414
  💰 Current Price: $1.50
  🎯 Signal: SELL (confidence: 0.20)
  📝 Reason: 5m: RSI oversold (28.9); 5m: MACD bearish; 15m: MACD bullish; 1h: MACD bearish
  ⚠️ Sell signal but no position

[04:28:26] Cycle 415
  💰 Current Price: $1.50
  🎯 Signal: SELL (confidence: 0.20)
  📝 Reason: 5m: RSI oversold (28.9); 5m: MACD bearish; 15m: MACD bullish; 1h: MACD bearish
  ⚠️ Sell signal but no position

[04:28:57] Cycle 416
  💰 Current Price: $1.50
  🎯 Signal: SELL (confidence: 0.20)
  📝 Reason: 5m: RSI oversold (29.0); 5m: MACD bearish; 15m: MACD bullish; 1h: MACD bearish
  ⚠️ Sell signal but no position

[04:29:28] Cycle 417
  💰 Current Price: $1.50
  🎯 Signal: SELL (confidence: 0.20)
  📝 Reason: 5m: RSI oversold (32.7); 5m: MACD bearish; 15m: MACD bullish; 1h: MACD bearish
  ⚠️ Sell signal but no position

[04:29:58] Cycle 418
  💰 Current Price: $1.50
  🎯 Signal: SELL (confidence: 0.20)
  📝 Reason: 5m: RSI oversold (33.1); 5m: MACD bearish; 15m: MACD bullish; 1h: MACD bearish
  ⚠️ Sell signal but no position

[04:30:29] Cycle 419
  💰 Current Price: $1.50
  🎯 Signal: SELL (confidence: 0.30)
  📝 Reason: 5m: MACD bearish; 15m: MACD bullish; 1h: MACD bearish; 4h: MACD bearish
  ⚠️ Sell signal but no position

[04:31:00] Cycle 420
  💰 Current Price: $1.50
  🎯 Signal: SELL (confidence: 0.30)
  📝 Reason: 5m: MACD bearish; 15m: MACD bullish; 1h: MACD bearish; 4h: MACD bearish
  ⚠️ Sell signal but no position

[04:31:31] Cycle 421
  💰 Current Price: $1.50
  🎯 Signal: SELL (confidence: 0.30)
  📝 Reason: 5m: MACD bearish; 15m: MACD bullish; 1h: MACD bearish; 4h: MACD bearish
  ⚠️ Sell signal but no position

[04:32:02] Cycle 422
  💰 Current Price: $1.50
  🎯 Signal: SELL (confidence: 0.30)
  📝 Reason: 5m: MACD bearish; 15m: MACD bullish; 1h: MACD bearish; 4h: MACD bearish
  ⚠️ Sell signal but no position

[04:32:33] Cycle 423
  💰 Current Price: $1.50
  🎯 Signal: SELL (confidence: 0.30)
  📝 Reason: 5m: MACD bearish; 15m: MACD bullish; 1h: MACD bearish; 4h: MACD bearish
  ⚠️ Sell signal but no position

[04:33:04] Cycle 424
  💰 Current Price: $1.50
  🎯 Signal: SELL (confidence: 0.30)
  📝 Reason: 5m: MACD bearish; 15m: MACD bullish; 1h: MACD bearish; 4h: MACD bearish
  ⚠️ Sell signal but no position

[04:33:34] Cycle 425
  💰 Current Price: $1.50
  🎯 Signal: SELL (confidence: 0.30)
  📝 Reason: 5m: MACD bearish; 15m: MACD bullish; 1h: MACD bearish; 4h: MACD bearish
  ⚠️ Sell signal but no position

[04:34:05] Cycle 426
  💰 Current Price: $1.50
  🎯 Signal: SELL (confidence: 0.30)
  📝 Reason: 5m: MACD bearish; 15m: MACD bullish; 1h: MACD bearish; 4h: MACD bearish
  ⚠️ Sell signal but no position

[04:34:36] Cycle 427
  💰 Current Price: $1.50
  🎯 Signal: SELL (confidence: 0.30)
  📝 Reason: 5m: MACD bearish; 15m: MACD bullish; 1h: MACD bearish; 4h: MACD bearish
  ⚠️ Sell signal but no position

[04:35:07] Cycle 428
  💰 Current Price: $1.50
  🎯 Signal: SELL (confidence: 0.30)
  📝 Reason: 5m: MACD bearish; 15m: MACD bullish; 1h: MACD bearish; 4h: MACD bearish
  ⚠️ Sell signal but no position

[04:35:38] Cycle 429
  💰 Current Price: $1.50
  🎯 Signal: SELL (confidence: 0.30)
  📝 Reason: 5m: MACD bearish; 15m: MACD bullish; 1h: MACD bearish; 4h: MACD bearish
  ⚠️ Sell signal but no position

[04:36:09] Cycle 430
  💰 Current Price: $1.50
  🎯 Signal: SELL (confidence: 0.30)
  📝 Reason: 5m: MACD bearish; 15m: MACD bullish; 1h: MACD bearish; 4h: MACD bearish
  ⚠️ Sell signal but no position

[04:36:40] Cycle 431
  💰 Current Price: $1.50
  🎯 Signal: SELL (confidence: 0.30)
  📝 Reason: 5m: MACD bearish; 15m: MACD bullish; 1h: MACD bearish; 4h: MACD bearish
  ⚠️ Sell signal but no position

[04:37:11] Cycle 432
  💰 Current Price: $1.50
  🎯 Signal: SELL (confidence: 0.30)
  📝 Reason: 5m: MACD bearish; 15m: MACD bullish; 1h: MACD bearish; 4h: MACD bearish
  ⚠️ Sell signal but no position

[04:37:42] Cycle 433
  💰 Current Price: $1.50
  🎯 Signal: SELL (confidence: 0.30)
  📝 Reason: 5m: MACD bearish; 15m: MACD bullish; 1h: MACD bearish; 4h: MACD bearish
  ⚠️ Sell signal but no position

[04:38:12] Cycle 434
  💰 Current Price: $1.50
  🎯 Signal: SELL (confidence: 0.30)
  📝 Reason: 5m: MACD bearish; 15m: MACD bullish; 1h: MACD bearish; 4h: MACD bearish
  ⚠️ Sell signal but no position

[04:36:40] Cycle 436
  💰 Current Price: $1.50
  🎯 Signal: SELL (confidence: 0.30)
  📝 Reason: 5m: MACD bearish; 15m: MACD bullish; 1h: MACD bearish; 4h: MACD bearish
  ⚠️ Sell signal but no position

[04:37:11] Cycle 437
  💰 Current Price: $1.50
  🎯 Signal: SELL (confidence: 0.30)
  📝 Reason: 5m: MACD bearish; 15m: MACD bullish; 1h: MACD bearish; 4h: MACD bearish
  ⚠️ Sell signal but no position

[04:37:42] Cycle 438
  💰 Current Price: $1.50
  🎯 Signal: SELL (confidence: 0.30)
  📝 Reason: 5m: MACD bearish; 15m: MACD bullish; 1h: MACD bearish; 4h: MACD bearish
  ⚠️ Sell signal but no position

[04:38:12] Cycle 439
  💰 Current Price: $1.50
  🎯 Signal: SELL (confidence: 0.30)
  📝 Reason: 5m: MACD bearish; 15m: MACD bullish; 1h: MACD bearish; 4h: MACD bearish
  ⚠️ Sell signal but no position

[04:38:43] Cycle 440
  💰 Current Price: $1.50
  🎯 Signal: SELL (confidence: 0.30)
  📝 Reason: 5m: MACD bearish; 15m: MACD bullish; 1h: MACD bearish; 4h: MACD bearish
  ⚠️ Sell signal but no position

[04:39:14] Cycle 441
  💰 Current Price: $1.50
  🎯 Signal: SELL (confidence: 0.30)
  📝 Reason: 5m: MACD bearish; 15m: MACD bullish; 1h: MACD bearish; 4h: MACD bearish
  ⚠️ Sell signal but no position

[04:39:45] Cycle 442
  💰 Current Price: $1.50
  🎯 Signal: SELL (confidence: 0.30)
  📝 Reason: 5m: MACD bearish; 15m: MACD bullish; 1h: MACD bearish; 4h: MACD bearish
  ⚠️ Sell signal but no position

[04:40:16] Cycle 443
  💰 Current Price: $1.50
  🎯 Signal: SELL (confidence: 0.30)
  📝 Reason: 5m: MACD bearish; 15m: MACD bullish; 1h: MACD bearish; 4h: MACD bearish
  ⚠️ Sell signal but no position

[04:40:47] Cycle 444
  💰 Current Price: $1.50
  🎯 Signal: SELL (confidence: 0.30)
  📝 Reason: 5m: MACD bearish; 15m: MACD bullish; 1h: MACD bearish; 4h: MACD bearish
  ⚠️ Sell signal but no position

[04:41:18] Cycle 445
  💰 Current Price: $1.50
  🎯 Signal: SELL (confidence: 0.30)
  📝 Reason: 5m: MACD bearish; 15m: MACD bullish; 1h: MACD bearish; 4h: MACD bearish
  ⚠️ Sell signal but no position

[04:41:49] Cycle 446
  💰 Current Price: $1.50
  🎯 Signal: SELL (confidence: 0.30)
  📝 Reason: 5m: MACD bearish; 15m: MACD bullish; 1h: MACD bearish; 4h: MACD bearish
  ⚠️ Sell signal but no position

[04:42:19] Cycle 447
  💰 Current Price: $1.50
  🎯 Signal: SELL (confidence: 0.30)
  📝 Reason: 5m: MACD bearish; 15m: MACD bullish; 1h: MACD bearish; 4h: MACD bearish
  ⚠️ Sell signal but no position

[04:42:50] Cycle 448
  💰 Current Price: $1.50
  🎯 Signal: SELL (confidence: 0.30)
  📝 Reason: 5m: MACD bearish; 15m: MACD bullish; 1h: MACD bearish; 4h: MACD bearish
  ⚠️ Sell signal but no position

[04:43:21] Cycle 449
  💰 Current Price: $1.50
  🎯 Signal: SELL (confidence: 0.30)
  📝 Reason: 5m: MACD bearish; 15m: MACD bullish; 1h: MACD bearish; 4h: MACD bearish
  ⚠️ Sell signal but no position

[04:43:52] Cycle 450
  💰 Current Price: $1.50
  🎯 Signal: SELL (confidence: 0.30)
  📝 Reason: 5m: MACD bearish; 15m: MACD bullish; 1h: MACD bearish; 4h: MACD bearish
  ⚠️ Sell signal but no position

[04:44:23] Cycle 451
  💰 Current Price: $1.50
  🎯 Signal: SELL (confidence: 0.30)
  📝 Reason: 5m: MACD bearish; 15m: MACD bullish; 1h: MACD bearish; 4h: MACD bearish
  ⚠️ Sell signal but no position

[04:44:54] Cycle 452
  💰 Current Price: $1.50
  🎯 Signal: SELL (confidence: 0.30)
  📝 Reason: 5m: MACD bearish; 15m: MACD bullish; 1h: MACD bearish; 4h: MACD bearish
  ⚠️ Sell signal but no position

[04:45:25] Cycle 453
  💰 Current Price: $1.50
  🎯 Signal: SELL (confidence: 0.30)
  📝 Reason: 5m: MACD bearish; 15m: MACD bullish; 1h: MACD bearish; 4h: MACD bearish
  ⚠️ Sell signal but no position

[04:45:56] Cycle 454
  💰 Current Price: $1.50
  🎯 Signal: SELL (confidence: 0.30)
  📝 Reason: 5m: MACD bearish; 15m: MACD bullish; 1h: MACD bearish; 4h: MACD bearish
  ⚠️ Sell signal but no position

[04:46:27] Cycle 455
  💰 Current Price: $1.50
  🎯 Signal: SELL (confidence: 0.30)
  📝 Reason: 5m: MACD bearish; 15m: MACD bullish; 1h: MACD bearish; 4h: MACD bearish
  ⚠️ Sell signal but no position

[04:46:58] Cycle 456
  💰 Current Price: $1.50
  🎯 Signal: SELL (confidence: 0.30)
  📝 Reason: 5m: MACD bearish; 15m: MACD bullish; 1h: MACD bearish; 4h: MACD bearish
  ⚠️ Sell signal but no position

[04:47:28] Cycle 457
  💰 Current Price: $1.50
  🎯 Signal: SELL (confidence: 0.30)
  📝 Reason: 5m: MACD bearish; 15m: MACD bullish; 1h: MACD bearish; 4h: MACD bearish
  ⚠️ Sell signal but no position

[04:48:00] Cycle 458
  💰 Current Price: $1.50
  🎯 Signal: SELL (confidence: 0.30)
  📝 Reason: 5m: MACD bearish; 15m: MACD bullish; 1h: MACD bearish; 4h: MACD bearish
  ⚠️ Sell signal but no position

[04:48:30] Cycle 459
  💰 Current Price: $1.50
  🎯 Signal: SELL (confidence: 0.30)
  📝 Reason: 5m: MACD bearish; 15m: MACD bullish; 1h: MACD bearish; 4h: MACD bearish
  ⚠️ Sell signal but no position

[04:49:01] Cycle 460
  💰 Current Price: $1.50
  🎯 Signal: SELL (confidence: 0.30)
  📝 Reason: 5m: MACD bearish; 15m: MACD bullish; 1h: MACD bearish; 4h: MACD bearish
  ⚠️ Sell signal but no position

[04:49:32] Cycle 461
  💰 Current Price: $1.50
  🎯 Signal: SELL (confidence: 0.30)
  📝 Reason: 5m: MACD bearish; 15m: MACD bullish; 1h: MACD bearish; 4h: MACD bearish
  ⚠️ Sell signal but no position

[04:50:03] Cycle 462
  💰 Current Price: $1.50
  🎯 Signal: SELL (confidence: 0.30)
  📝 Reason: 5m: MACD bearish; 15m: MACD bullish; 1h: MACD bearish; 4h: MACD bearish
  ⚠️ Sell signal but no position

[04:50:34] Cycle 463
  💰 Current Price: $1.50
  🎯 Signal: SELL (confidence: 0.30)
  📝 Reason: 5m: MACD bearish; 15m: MACD bullish; 1h: MACD bearish; 4h: MACD bearish
  ⚠️ Sell signal but no position

[04:51:05] Cycle 464
  💰 Current Price: $1.50
  🎯 Signal: SELL (confidence: 0.30)
  📝 Reason: 5m: MACD bearish; 15m: MACD bullish; 1h: MACD bearish; 4h: MACD bearish
  ⚠️ Sell signal but no position

[04:51:36] Cycle 465
  💰 Current Price: $1.50
  🎯 Signal: SELL (confidence: 0.30)
  📝 Reason: 5m: MACD bearish; 15m: MACD bullish; 1h: MACD bearish; 4h: MACD bearish
  ⚠️ Sell signal but no position

[04:52:07] Cycle 466
  💰 Current Price: $1.50
  🎯 Signal: SELL (confidence: 0.30)
  📝 Reason: 5m: MACD bearish; 15m: MACD bullish; 1h: MACD bearish; 4h: MACD bearish
  ⚠️ Sell signal but no position

[04:52:38] Cycle 467
  💰 Current Price: $1.50
  🎯 Signal: SELL (confidence: 0.30)
  📝 Reason: 5m: MACD bearish; 15m: MACD bullish; 1h: MACD bearish; 4h: MACD bearish
  ⚠️ Sell signal but no position

[04:53:09] Cycle 468
  💰 Current Price: $1.50
  🎯 Signal: SELL (confidence: 0.30)
  📝 Reason: 5m: MACD bearish; 15m: MACD bullish; 1h: MACD bearish; 4h: MACD bearish
  ⚠️ Sell signal but no position

[04:53:40] Cycle 469
  💰 Current Price: $1.50
  🎯 Signal: SELL (confidence: 0.30)
  📝 Reason: 5m: MACD bearish; 15m: MACD bullish; 1h: MACD bearish; 4h: MACD bearish
  ⚠️ Sell signal but no position

[04:54:11] Cycle 470
  💰 Current Price: $1.50
  🎯 Signal: SELL (confidence: 0.30)
  📝 Reason: 5m: MACD bearish; 15m: MACD bullish; 1h: MACD bearish; 4h: MACD bearish
  ⚠️ Sell signal but no position

[04:54:42] Cycle 471
  💰 Current Price: $1.50
  🎯 Signal: SELL (confidence: 0.30)
  📝 Reason: 5m: MACD bearish; 15m: MACD bullish; 1h: MACD bearish; 4h: MACD bearish
  ⚠️ Sell signal but no position

[04:55:13] Cycle 472
  💰 Current Price: $1.50
  🎯 Signal: SELL (confidence: 0.30)
  📝 Reason: 5m: MACD bearish; 15m: MACD bullish; 1h: MACD bearish; 4h: MACD bearish
  ⚠️ Sell signal but no position

[04:55:44] Cycle 473
  💰 Current Price: $1.50
  🎯 Signal: SELL (confidence: 0.30)
  💰 Current Price: $1.50
  🎯 Signal: SELL (confidence: 0.30)
  📝 Reason: 5m: MACD bearish; 15m: MACD bullish; 1h: MACD bearish; 4h: MACD bearish
  ⚠️ Sell signal but no position

[04:38:43] Cycle 435
  💰 Current Price: $1.50
  🎯 Signal: SELL (confidence: 0.30)
  📝 Reason: 5m: MACD bearish; 15m: MACD bullish; 1h: MACD bearish; 4h: MACD bearish
  ⚠️ Sell signal but no position

[04:39:14] Cycle 436
  💰 Current Price: $1.50
  🎯 Signal: SELL (confidence: 0.30)
  📝 Reason: 5m: MACD bearish; 15m: MACD bullish; 1h: MACD bearish; 4h: MACD bearish
  ⚠️ Sell signal but no position

[04:39:45] Cycle 437
  💰 Current Price: $1.50
  🎯 Signal: SELL (confidence: 0.30)
  📝 Reason: 5m: MACD bearish; 15m: MACD bullish; 1h: MACD bearish; 4h: MACD bearish
  ⚠️ Sell signal but no position

[04:40:16] Cycle 438
  💰 Current Price: $1.50
  🎯 Signal: SELL (confidence: 0.30)
  📝 Reason: 5m: MACD bearish; 15m: MACD bullish; 1h: MACD bearish; 4h: MACD bearish
  ⚠️ Sell signal but no position

[04:40:47] Cycle 439
  💰 Current Price: $1.50
  🎯 Signal: SELL (confidence: 0.30)
  📝 Reason: 5m: MACD bearish; 15m: MACD bullish; 1h: MACD bearish; 4h: MACD bearish
  ⚠️ Sell signal but no position

[04:41:18] Cycle 440
  💰 Current Price: $1.50
  🎯 Signal: SELL (confidence: 0.30)
  📝 Reason: 5m: MACD bearish; 15m: MACD bullish; 1h: MACD bearish; 4h: MACD bearish
  ⚠️ Sell signal but no position

[04:41:49] Cycle 441
  💰 Current Price: $1.50
  🎯 Signal: SELL (confidence: 0.30)
  📝 Reason: 5m: MACD bearish; 15m: MACD bullish; 1h: MACD bearish; 4h: MACD bearish
  ⚠️ Sell signal but no position

[04:42:19] Cycle 442
  💰 Current Price: $1.50
  🎯 Signal: SELL (confidence: 0.30)
  📝 Reason: 5m: MACD bearish; 15m: MACD bullish; 1h: MACD bearish; 4h: MACD bearish
  ⚠️ Sell signal but no position

[04:42:50] Cycle 443
  💰 Current Price: $1.50
  🎯 Signal: SELL (confidence: 0.30)
  📝 Reason: 5m: MACD bearish; 15m: MACD bullish; 1h: MACD bearish; 4h: MACD bearish
  ⚠️ Sell signal but no position

[04:43:21] Cycle 444
  💰 Current Price: $1.50
  🎯 Signal: SELL (confidence: 0.30)
  📝 Reason: 5m: MACD bearish; 15m: MACD bullish; 1h: MACD bearish; 4h: MACD bearish
  ⚠️ Sell signal but no position

[04:43:52] Cycle 445
  💰 Current Price: $1.50
  🎯 Signal: SELL (confidence: 0.30)
  📝 Reason: 5m: MACD bearish; 15m: MACD bullish; 1h: MACD bearish; 4h: MACD bearish
  ⚠️ Sell signal but no position

[04:44:23] Cycle 446
  💰 Current Price: $1.50
  🎯 Signal: SELL (confidence: 0.30)
  📝 Reason: 5m: MACD bearish; 15m: MACD bullish; 1h: MACD bearish; 4h: MACD bearish
  ⚠️ Sell signal but no position

[04:44:54] Cycle 447
  💰 Current Price: $1.50
  🎯 Signal: SELL (confidence: 0.30)
  📝 Reason: 5m: MACD bearish; 15m: MACD bullish; 1h: MACD bearish; 4h: MACD bearish
  ⚠️ Sell signal but no position

[04:45:25] Cycle 448
  💰 Current Price: $1.50
  🎯 Signal: SELL (confidence: 0.30)
  📝 Reason: 5m: MACD bearish; 15m: MACD bullish; 1h: MACD bearish; 4h: MACD bearish
  ⚠️ Sell signal but no position

[04:45:56] Cycle 449
  💰 Current Price: $1.50
  🎯 Signal: SELL (confidence: 0.30)
  📝 Reason: 5m: MACD bearish; 15m: MACD bullish; 1h: MACD bearish; 4h: MACD bearish
  ⚠️ Sell signal but no position

[04:46:27] Cycle 450
  💰 Current Price: $1.50
  🎯 Signal: SELL (confidence: 0.30)
  📝 Reason: 5m: MACD bearish; 15m: MACD bullish; 1h: MACD bearish; 4h: MACD bearish
  ⚠️ Sell signal but no position

[04:46:58] Cycle 451
  💰 Current Price: $1.50
  🎯 Signal: SELL (confidence: 0.30)
  📝 Reason: 5m: MACD bearish; 15m: MACD bullish; 1h: MACD bearish; 4h: MACD bearish
  ⚠️ Sell signal but no position

[04:47:28] Cycle 452
  💰 Current Price: $1.50
  🎯 Signal: SELL (confidence: 0.30)
  📝 Reason: 5m: MACD bearish; 15m: MACD bullish; 1h: MACD bearish; 4h: MACD bearish
  ⚠️ Sell signal but no position

[04:48:00] Cycle 453
  💰 Current Price: $1.50
  🎯 Signal: SELL (confidence: 0.30)
  📝 Reason: 5m: MACD bearish; 15m: MACD bullish; 1h: MACD bearish; 4h: MACD bearish
  ⚠️ Sell signal but no position

[04:48:30] Cycle 454
  💰 Current Price: $1.50
  🎯 Signal: SELL (confidence: 0.30)
  📝 Reason: 5m: MACD bearish; 15m: MACD bullish; 1h: MACD bearish; 4h: MACD bearish
  ⚠️ Sell signal but no position

[04:49:01] Cycle 455
  💰 Current Price: $1.50
  🎯 Signal: SELL (confidence: 0.30)
  📝 Reason: 5m: MACD bearish; 15m: MACD bullish; 1h: MACD bearish; 4h: MACD bearish
  ⚠️ Sell signal but no position

[04:49:32] Cycle 456
  💰 Current Price: $1.50
  🎯 Signal: SELL (confidence: 0.30)
  📝 Reason: 5m: MACD bearish; 15m: MACD bullish; 1h: MACD bearish; 4h: MACD bearish
  ⚠️ Sell signal but no position

[04:50:03] Cycle 457
  💰 Current Price: $1.50
  🎯 Signal: SELL (confidence: 0.30)
  📝 Reason: 5m: MACD bearish; 15m: MACD bullish; 1h: MACD bearish; 4h: MACD bearish
  ⚠️ Sell signal but no position

[04:50:34] Cycle 458
  💰 Current Price: $1.50
  🎯 Signal: SELL (confidence: 0.30)
  📝 Reason: 5m: MACD bearish; 15m: MACD bullish; 1h: MACD bearish; 4h: MACD bearish
  ⚠️ Sell signal but no position

[04:51:05] Cycle 459
  💰 Current Price: $1.50
  🎯 Signal: SELL (confidence: 0.30)
  📝 Reason: 5m: MACD bearish; 15m: MACD bullish; 1h: MACD bearish; 4h: MACD bearish
  ⚠️ Sell signal but no position

[04:51:36] Cycle 460
  💰 Current Price: $1.50
  🎯 Signal: SELL (confidence: 0.30)
  📝 Reason: 5m: MACD bearish; 15m: MACD bullish; 1h: MACD bearish; 4h: MACD bearish
  ⚠️ Sell signal but no position

[04:52:07] Cycle 461
  💰 Current Price: $1.50
  🎯 Signal: SELL (confidence: 0.30)
  📝 Reason: 5m: MACD bearish; 15m: MACD bullish; 1h: MACD bearish; 4h: MACD bearish
  ⚠️ Sell signal but no position

[04:52:38] Cycle 462
  💰 Current Price: $1.50
  🎯 Signal: SELL (confidence: 0.30)
  📝 Reason: 5m: MACD bearish; 15m: MACD bullish; 1h: MACD bearish; 4h: MACD bearish
  ⚠️ Sell signal but no position

[04:53:09] Cycle 463
  💰 Current Price: $1.50
  🎯 Signal: SELL (confidence: 0.30)
  📝 Reason: 5m: MACD bearish; 15m: MACD bullish; 1h: MACD bearish; 4h: MACD bearish
  ⚠️ Sell signal but no position

[04:53:40] Cycle 464
  💰 Current Price: $1.50
  🎯 Signal: SELL (confidence: 0.30)
  📝 Reason: 5m: MACD bearish; 15m: MACD bullish; 1h: MACD bearish; 4h: MACD bearish
  ⚠️ Sell signal but no position

[04:54:11] Cycle 465
  💰 Current Price: $1.50
  🎯 Signal: SELL (confidence: 0.30)
  📝 Reason: 5m: MACD bearish; 15m: MACD bullish; 1h: MACD bearish; 4h: MACD bearish
  ⚠️ Sell signal but no position

[04:54:42] Cycle 466
  💰 Current Price: $1.50
  🎯 Signal: SELL (confidence: 0.30)
  📝 Reason: 5m: MACD bearish; 15m: MACD bullish; 1h: MACD bearish; 4h: MACD bearish
  ⚠️ Sell signal but no position

[04:55:13] Cycle 467
  💰 Current Price: $1.50
  🎯 Signal: SELL (confidence: 0.30)
  📝 Reason: 5m: MACD bearish; 15m: MACD bullish; 1h: MACD bearish; 4h: MACD bearish
  ⚠️ Sell signal but no position

[04:55:44] Cycle 468
  💰 Current Price: $1.50
  🎯 Signal: SELL (confidence: 0.30)
  📝 Reason: 5m: MACD bearish; 15m: MACD bullish; 1h: MACD bearish; 4h: MACD bearish
  ⚠️ Sell signal but no position

[04:56:14] Cycle 469
  💰 Current Price: $1.50
  🎯 Signal: SELL (confidence: 0.30)
  📝 Reason: 5m: MACD bearish; 15m: MACD bullish; 1h: MACD bearish; 4h: MACD bearish
  ⚠️ Sell signal but no position

[04:56:46] Cycle 470
  💰 Current Price: $1.50
  🎯 Signal: SELL (confidence: 0.30)
  📝 Reason: 5m: MACD bearish; 15m: MACD bullish; 1h: MACD bearish; 4h: MACD bearish
  ⚠️ Sell signal but no position

[04:57:17] Cycle 471
  💰 Current Price: $1.50
  🎯 Signal: SELL (confidence: 0.30)
  📝 Reason: 5m: MACD bearish; 15m: MACD bullish; 1h: MACD bearish; 4h: MACD bearish
  ⚠️ Sell signal but no position

[04:57:48] Cycle 472
  💰 Current Price: $1.50
  🎯 Signal: SELL (confidence: 0.30)
  📝 Reason: 5m: MACD bearish; 15m: MACD bullish; 1h: MACD bearish; 4h: MACD bearish
  ⚠️ Sell signal but no position

[04:56:15] Cycle 474
  💰 Current Price: $1.50
  🎯 Signal: SELL (confidence: 0.30)
  📝 Reason: 5m: MACD bearish; 15m: MACD bullish; 1h: MACD bearish; 4h: MACD bearish
  ⚠️ Sell signal but no position

[04:56:46] Cycle 475
  💰 Current Price: $1.50
  🎯 Signal: SELL (confidence: 0.30)
  📝 Reason: 5m: MACD bearish; 15m: MACD bullish; 1h: MACD bearish; 4h: MACD bearish
  ⚠️ Sell signal but no position

[04:57:17] Cycle 476
  💰 Current Price: $1.50
  🎯 Signal: SELL (confidence: 0.30)
  📝 Reason: 5m: MACD bearish; 15m: MACD bullish; 1h: MACD bearish; 4h: MACD bearish
  ⚠️ Sell signal but no position

[04:57:48] Cycle 477
  💰 Current Price: $1.50
  🎯 Signal: SELL (confidence: 0.30)
  📝 Reason: 5m: MACD bearish; 15m: MACD bullish; 1h: MACD bearish; 4h: MACD bearish
  ⚠️ Sell signal but no position

[04:58:18] Cycle 478
  💰 Current Price: $1.50
  🎯 Signal: SELL (confidence: 0.30)
  📝 Reason: 5m: MACD bearish; 15m: MACD bullish; 1h: MACD bearish; 4h: MACD bearish
  ⚠️ Sell signal but no position

[04:58:49] Cycle 479
  💰 Current Price: $1.50
  🎯 Signal: SELL (confidence: 0.30)
  📝 Reason: 5m: MACD bearish; 15m: MACD bullish; 1h: MACD bearish; 4h: MACD bearish
  ⚠️ Sell signal but no position

[04:59:20] Cycle 480
  💰 Current Price: $1.50
  🎯 Signal: SELL (confidence: 0.30)
  📝 Reason: 5m: MACD bearish; 15m: MACD bullish; 1h: MACD bearish; 4h: MACD bearish
  ⚠️ Sell signal but no position

[04:59:50] Cycle 481
  💰 Current Price: $1.50
  🎯 Signal: SELL (confidence: 0.30)
  📝 Reason: 5m: MACD bearish; 15m: MACD bullish; 1h: MACD bearish; 4h: MACD bearish
  ⚠️ Sell signal but no position

[05:00:21] Cycle 482
  💰 Current Price: $1.50
  🎯 Signal: HOLD (confidence: 0.00)
  📝 Reason: 5m: MACD bearish; 15m: MACD bullish; 1h: MACD bullish; 4h: MACD bearish

[05:00:53] Cycle 483
  💰 Current Price: $1.50
  🎯 Signal: HOLD (confidence: 0.00)
  📝 Reason: 5m: MACD bearish; 15m: MACD bullish; 1h: MACD bullish; 4h: MACD bearish

[05:01:23] Cycle 484
  💰 Current Price: $1.50
  🎯 Signal: HOLD (confidence: 0.00)
  📝 Reason: 5m: MACD bearish; 15m: MACD bullish; 1h: MACD bullish; 4h: MACD bearish

[05:01:54] Cycle 485
  💰 Current Price: $1.50
  🎯 Signal: HOLD (confidence: 0.00)
  📝 Reason: 5m: MACD bearish; 15m: MACD bullish; 1h: MACD bullish; 4h: MACD bearish

[05:02:25] Cycle 486
  💰 Current Price: $1.50
  🎯 Signal: HOLD (confidence: 0.00)
  📝 Reason: 5m: MACD bearish; 15m: MACD bullish; 1h: MACD bullish; 4h: MACD bearish

[05:02:56] Cycle 487
  💰 Current Price: $1.50
  🎯 Signal: HOLD (confidence: 0.00)
  📝 Reason: 5m: MACD bearish; 15m: MACD bullish; 1h: MACD bullish; 4h: MACD bearish

[05:03:26] Cycle 488
  💰 Current Price: $1.50
  🎯 Signal: HOLD (confidence: 0.00)
  📝 Reason: 5m: MACD bearish; 15m: MACD bullish; 1h: MACD bullish; 4h: MACD bearish

[05:03:57] Cycle 489
  💰 Current Price: $1.50
  🎯 Signal: HOLD (confidence: 0.00)
  📝 Reason: 5m: MACD bearish; 15m: MACD bullish; 1h: MACD bullish; 4h: MACD bearish

[05:04:28] Cycle 490
  💰 Current Price: $1.51
  🎯 Signal: HOLD (confidence: 0.00)
  📝 Reason: 5m: MACD bearish; 15m: MACD bullish; 1h: MACD bullish; 4h: MACD bearish

[05:04:59] Cycle 491
  💰 Current Price: $1.51
  🎯 Signal: HOLD (confidence: 0.00)
  📝 Reason: 5m: MACD bearish; 15m: MACD bullish; 1h: MACD bullish; 4h: MACD bearish

[05:05:30] Cycle 492
  💰 Current Price: $1.51
  🎯 Signal: HOLD (confidence: 0.10)
  📝 Reason: 5m: MACD bullish; 15m: MACD bullish; 1h: MACD bullish; 4h: MACD bearish

[05:06:01] Cycle 493
  💰 Current Price: $1.51
  🎯 Signal: HOLD (confidence: 0.10)
  📝 Reason: 5m: MACD bullish; 15m: MACD bullish; 1h: MACD bullish; 4h: MACD bearish

[05:06:32] Cycle 494
  💰 Current Price: $1.51
  🎯 Signal: HOLD (confidence: 0.10)
  📝 Reason: 5m: MACD bullish; 15m: MACD bullish; 1h: MACD bullish; 4h: MACD bearish

[05:07:03] Cycle 495
  💰 Current Price: $1.51
  🎯 Signal: HOLD (confidence: 0.10)
  📝 Reason: 5m: MACD bullish; 15m: MACD bullish; 1h: MACD bullish; 4h: MACD bearish

[05:07:34] Cycle 496
  💰 Current Price: $1.51
  🎯 Signal: HOLD (confidence: 0.10)
  📝 Reason: 5m: MACD bullish; 15m: MACD bullish; 1h: MACD bullish; 4h: MACD bearish

[05:08:05] Cycle 497
  💰 Current Price: $1.51
  🎯 Signal: HOLD (confidence: 0.10)
  📝 Reason: 5m: MACD bullish; 15m: MACD bullish; 1h: MACD bullish; 4h: MACD bearish

[05:08:36] Cycle 498
  💰 Current Price: $1.51
  🎯 Signal: HOLD (confidence: 0.10)
  📝 Reason: 5m: MACD bullish; 15m: MACD bullish; 1h: MACD bullish; 4h: MACD bearish

[05:09:07] Cycle 499
  💰 Current Price: $1.51
  🎯 Signal: HOLD (confidence: 0.10)
  📝 Reason: 5m: MACD bullish; 15m: MACD bullish; 1h: MACD bullish; 4h: MACD bearish

[05:09:38] Cycle 500
  💰 Current Price: $1.51
  🎯 Signal: HOLD (confidence: 0.10)
  📝 Reason: 5m: MACD bullish; 15m: MACD bullish; 1h: MACD bullish; 4h: MACD bearish

[05:10:08] Cycle 501
  💰 Current Price: $1.51
  🎯 Signal: HOLD (confidence: 0.00)
  📝 Reason: 5m: RSI overbought (80.4); 5m: MACD bullish; 15m: MACD bullish; 1h: MACD bullish

[05:10:40] Cycle 502
  💰 Current Price: $1.51
  🎯 Signal: HOLD (confidence: 0.00)
  📝 Reason: 5m: RSI overbought (80.4); 5m: MACD bullish; 15m: MACD bullish; 1h: MACD bullish

[05:11:11] Cycle 503
  💰 Current Price: $1.51
  🎯 Signal: HOLD (confidence: 0.00)
  📝 Reason: 5m: RSI overbought (80.4); 5m: MACD bullish; 15m: MACD bullish; 1h: MACD bullish

[05:11:42] Cycle 504
  💰 Current Price: $1.51
  🎯 Signal: HOLD (confidence: 0.00)
  📝 Reason: 5m: RSI overbought (80.4); 5m: MACD bullish; 15m: MACD bullish; 1h: MACD bullish

[05:12:13] Cycle 505
  💰 Current Price: $1.51
  🎯 Signal: HOLD (confidence: 0.00)
  📝 Reason: 5m: RSI overbought (80.4); 5m: MACD bullish; 15m: MACD bullish; 1h: MACD bullish

[05:12:44] Cycle 506
  💰 Current Price: $1.51
  🎯 Signal: HOLD (confidence: 0.00)
  📝 Reason: 5m: RSI overbought (80.4); 5m: MACD bullish; 15m: MACD bullish; 1h: MACD bullish

[05:13:15] Cycle 507
  💰 Current Price: $1.50
  🎯 Signal: HOLD (confidence: 0.10)
  📝 Reason: 5m: MACD bullish; 15m: MACD bullish; 1h: MACD bullish; 4h: MACD bearish

[05:13:46] Cycle 508
  💰 Current Price: $1.50
  🎯 Signal: HOLD (confidence: 0.10)
  📝 Reason: 5m: MACD bullish; 15m: MACD bullish; 1h: MACD bullish; 4h: MACD bearish

[05:14:17] Cycle 509
  💰 Current Price: $1.51
  🎯 Signal: HOLD (confidence: 0.00)
  📝 Reason: 5m: RSI overbought (78.6); 5m: MACD bullish; 15m: MACD bullish; 1h: MACD bullish

[05:14:48] Cycle 510
  💰 Current Price: $1.51
  🎯 Signal: HOLD (confidence: 0.00)
  📝 Reason: 5m: RSI overbought (78.6); 5m: MACD bullish; 15m: MACD bullish; 1h: MACD bullish

[05:15:18] Cycle 511
  💰 Current Price: $1.51
  🎯 Signal: HOLD (confidence: 0.00)
  📝 Reason: 5m: RSI overbought (77.1); 5m: MACD bullish; 15m: MACD bullish; 1h: MACD bullish

[05:15:49] Cycle 512
  💰 Current Price: $1.51
  🎯 Signal: HOLD (confidence: 0.00)
  📝 Reason: 5m: RSI overbought (76.3); 5m: MACD bullish; 15m: MACD bullish; 1h: MACD bullish

[05:16:20] Cycle 513
  💰 Current Price: $1.51
  🎯 Signal: HOLD (confidence: 0.00)
  📝 Reason: 5m: RSI overbought (76.3); 5m: MACD bullish; 15m: MACD bullish; 1h: MACD bullish

[05:16:51] Cycle 514
  💰 Current Price: $1.51
  🎯 Signal: HOLD (confidence: 0.00)
  📝 Reason: 5m: RSI overbought (77.1); 5m: MACD bullish; 15m: MACD bullish; 1h: MACD bullish

[05:17:22] Cycle 515
  💰 Current Price: $1.51
  🎯 Signal: HOLD (confidence: 0.00)
  📝 Reason: 5m: RSI overbought (77.1); 5m: MACD bullish; 15m: MACD bullish; 1h: MACD bullish

[05:17:53] Cycle 516
  💰 Current Price: $1.51
  🎯 Signal: HOLD (confidence: 0.00)
  📝 Reason: 5m: RSI overbought (77.1); 5m: MACD bullish; 15m: MACD bullish; 1h: MACD bullish

[05:18:24] Cycle 517
  💰 Current Price: $1.51
  📝 Reason: 5m: MACD bearish; 15m: MACD bullish; 1h: MACD bearish; 4h: MACD bearish
  ⚠️ Sell signal but no position

[04:58:18] Cycle 473
  💰 Current Price: $1.50
  🎯 Signal: SELL (confidence: 0.30)
  📝 Reason: 5m: MACD bearish; 15m: MACD bullish; 1h: MACD bearish; 4h: MACD bearish
  ⚠️ Sell signal but no position

[04:58:49] Cycle 474
  💰 Current Price: $1.50
  🎯 Signal: SELL (confidence: 0.30)
  📝 Reason: 5m: MACD bearish; 15m: MACD bullish; 1h: MACD bearish; 4h: MACD bearish
  ⚠️ Sell signal but no position

[04:59:20] Cycle 475
  💰 Current Price: $1.50
  🎯 Signal: SELL (confidence: 0.30)
  📝 Reason: 5m: MACD bearish; 15m: MACD bullish; 1h: MACD bearish; 4h: MACD bearish
  ⚠️ Sell signal but no position

[04:59:51] Cycle 476
  💰 Current Price: $1.50
  🎯 Signal: SELL (confidence: 0.30)
  📝 Reason: 5m: MACD bearish; 15m: MACD bullish; 1h: MACD bearish; 4h: MACD bearish
  ⚠️ Sell signal but no position

[05:00:21] Cycle 477
  💰 Current Price: $1.50
  🎯 Signal: HOLD (confidence: 0.00)
  📝 Reason: 5m: MACD bearish; 15m: MACD bullish; 1h: MACD bullish; 4h: MACD bearish

[05:00:52] Cycle 478
  💰 Current Price: $1.50
  🎯 Signal: HOLD (confidence: 0.00)
  📝 Reason: 5m: MACD bearish; 15m: MACD bullish; 1h: MACD bullish; 4h: MACD bearish

[05:01:23] Cycle 479
  💰 Current Price: $1.50
  🎯 Signal: HOLD (confidence: 0.00)
  📝 Reason: 5m: MACD bearish; 15m: MACD bullish; 1h: MACD bullish; 4h: MACD bearish

[05:01:54] Cycle 480
  💰 Current Price: $1.50
  🎯 Signal: HOLD (confidence: 0.00)
  📝 Reason: 5m: MACD bearish; 15m: MACD bullish; 1h: MACD bullish; 4h: MACD bearish

[05:02:25] Cycle 481
  💰 Current Price: $1.50
  🎯 Signal: HOLD (confidence: 0.00)
  📝 Reason: 5m: MACD bearish; 15m: MACD bullish; 1h: MACD bullish; 4h: MACD bearish

[05:02:56] Cycle 482
  💰 Current Price: $1.50
  🎯 Signal: HOLD (confidence: 0.00)
  📝 Reason: 5m: MACD bearish; 15m: MACD bullish; 1h: MACD bullish; 4h: MACD bearish

[05:03:26] Cycle 483
  💰 Current Price: $1.50
  🎯 Signal: HOLD (confidence: 0.00)
  📝 Reason: 5m: MACD bearish; 15m: MACD bullish; 1h: MACD bullish; 4h: MACD bearish

[05:03:57] Cycle 484
  💰 Current Price: $1.50
  🎯 Signal: HOLD (confidence: 0.00)
  📝 Reason: 5m: MACD bearish; 15m: MACD bullish; 1h: MACD bullish; 4h: MACD bearish

[05:04:28] Cycle 485
  💰 Current Price: $1.51
  🎯 Signal: HOLD (confidence: 0.00)
  📝 Reason: 5m: MACD bearish; 15m: MACD bullish; 1h: MACD bullish; 4h: MACD bearish

[05:04:59] Cycle 486
  💰 Current Price: $1.51
  🎯 Signal: HOLD (confidence: 0.00)
  📝 Reason: 5m: MACD bearish; 15m: MACD bullish; 1h: MACD bullish; 4h: MACD bearish

[05:05:30] Cycle 487
  💰 Current Price: $1.51
  🎯 Signal: HOLD (confidence: 0.10)
  📝 Reason: 5m: MACD bullish; 15m: MACD bullish; 1h: MACD bullish; 4h: MACD bearish

[05:06:01] Cycle 488
  💰 Current Price: $1.51
  🎯 Signal: HOLD (confidence: 0.10)
  📝 Reason: 5m: MACD bullish; 15m: MACD bullish; 1h: MACD bullish; 4h: MACD bearish

[05:06:32] Cycle 489
  💰 Current Price: $1.51
  🎯 Signal: HOLD (confidence: 0.10)
  📝 Reason: 5m: MACD bullish; 15m: MACD bullish; 1h: MACD bullish; 4h: MACD bearish

[05:07:03] Cycle 490
  💰 Current Price: $1.51
  🎯 Signal: HOLD (confidence: 0.10)
  📝 Reason: 5m: MACD bullish; 15m: MACD bullish; 1h: MACD bullish; 4h: MACD bearish

[05:07:34] Cycle 491
  💰 Current Price: $1.51
  🎯 Signal: HOLD (confidence: 0.10)
  📝 Reason: 5m: MACD bullish; 15m: MACD bullish; 1h: MACD bullish; 4h: MACD bearish

[05:08:05] Cycle 492
  💰 Current Price: $1.51
  🎯 Signal: HOLD (confidence: 0.10)
  📝 Reason: 5m: MACD bullish; 15m: MACD bullish; 1h: MACD bullish; 4h: MACD bearish

[05:08:36] Cycle 493
  💰 Current Price: $1.51
  🎯 Signal: HOLD (confidence: 0.10)
  📝 Reason: 5m: MACD bullish; 15m: MACD bullish; 1h: MACD bullish; 4h: MACD bearish

[05:09:07] Cycle 494
  💰 Current Price: $1.51
  🎯 Signal: HOLD (confidence: 0.10)
  📝 Reason: 5m: MACD bullish; 15m: MACD bullish; 1h: MACD bullish; 4h: MACD bearish

[05:09:38] Cycle 495
  💰 Current Price: $1.51
  🎯 Signal: HOLD (confidence: 0.10)
  📝 Reason: 5m: MACD bullish; 15m: MACD bullish; 1h: MACD bullish; 4h: MACD bearish

[05:10:09] Cycle 496
  💰 Current Price: $1.51
  🎯 Signal: HOLD (confidence: 0.00)
  📝 Reason: 5m: RSI overbought (80.4); 5m: MACD bullish; 15m: MACD bullish; 1h: MACD bullish

[05:10:40] Cycle 497
  💰 Current Price: $1.51
  🎯 Signal: HOLD (confidence: 0.00)
  📝 Reason: 5m: RSI overbought (80.4); 5m: MACD bullish; 15m: MACD bullish; 1h: MACD bullish

[05:11:11] Cycle 498
  💰 Current Price: $1.51
  🎯 Signal: HOLD (confidence: 0.00)
  📝 Reason: 5m: RSI overbought (80.4); 5m: MACD bullish; 15m: MACD bullish; 1h: MACD bullish

[05:11:42] Cycle 499
  💰 Current Price: $1.51
  🎯 Signal: HOLD (confidence: 0.00)
  📝 Reason: 5m: RSI overbought (80.4); 5m: MACD bullish; 15m: MACD bullish; 1h: MACD bullish

[05:12:13] Cycle 500
  💰 Current Price: $1.51
  🎯 Signal: HOLD (confidence: 0.00)
  📝 Reason: 5m: RSI overbought (80.4); 5m: MACD bullish; 15m: MACD bullish; 1h: MACD bullish

[05:12:44] Cycle 501
  💰 Current Price: $1.51
  🎯 Signal: HOLD (confidence: 0.00)
  📝 Reason: 5m: RSI overbought (80.4); 5m: MACD bullish; 15m: MACD bullish; 1h: MACD bullish

[05:13:15] Cycle 502
  💰 Current Price: $1.50
  🎯 Signal: HOLD (confidence: 0.10)
  📝 Reason: 5m: MACD bullish; 15m: MACD bullish; 1h: MACD bullish; 4h: MACD bearish

[05:13:46] Cycle 503
  💰 Current Price: $1.50
  🎯 Signal: HOLD (confidence: 0.10)
  📝 Reason: 5m: MACD bullish; 15m: MACD bullish; 1h: MACD bullish; 4h: MACD bearish

[05:14:17] Cycle 504
  💰 Current Price: $1.51
  🎯 Signal: HOLD (confidence: 0.00)
  📝 Reason: 5m: RSI overbought (78.6); 5m: MACD bullish; 15m: MACD bullish; 1h: MACD bullish

[05:14:48] Cycle 505
  💰 Current Price: $1.51
  🎯 Signal: HOLD (confidence: 0.00)
  📝 Reason: 5m: RSI overbought (78.6); 5m: MACD bullish; 15m: MACD bullish; 1h: MACD bullish

[05:15:18] Cycle 506
  💰 Current Price: $1.51
  🎯 Signal: HOLD (confidence: 0.00)
  📝 Reason: 5m: RSI overbought (77.1); 5m: MACD bullish; 15m: MACD bullish; 1h: MACD bullish

[05:15:49] Cycle 507
  💰 Current Price: $1.51
  🎯 Signal: HOLD (confidence: 0.00)
  📝 Reason: 5m: RSI overbought (76.3); 5m: MACD bullish; 15m: MACD bullish; 1h: MACD bullish

[05:16:20] Cycle 508
  💰 Current Price: $1.51
  🎯 Signal: HOLD (confidence: 0.00)
  📝 Reason: 5m: RSI overbought (76.3); 5m: MACD bullish; 15m: MACD bullish; 1h: MACD bullish

[05:16:51] Cycle 509
  💰 Current Price: $1.51
  🎯 Signal: HOLD (confidence: 0.00)
  📝 Reason: 5m: RSI overbought (77.1); 5m: MACD bullish; 15m: MACD bullish; 1h: MACD bullish

[05:17:22] Cycle 510
  💰 Current Price: $1.51
  🎯 Signal: HOLD (confidence: 0.00)
  📝 Reason: 5m: RSI overbought (77.1); 5m: MACD bullish; 15m: MACD bullish; 1h: MACD bullish

[05:17:53] Cycle 511
  💰 Current Price: $1.51
  🎯 Signal: HOLD (confidence: 0.00)
  📝 Reason: 5m: RSI overbought (77.1); 5m: MACD bullish; 15m: MACD bullish; 1h: MACD bullish

[05:18:24] Cycle 512
  💰 Current Price: $1.51
  🎯 Signal: HOLD (confidence: 0.00)
  📝 Reason: 5m: RSI overbought (77.1); 5m: MACD bullish; 15m: MACD bullish; 1h: MACD bullish

[05:18:55] Cycle 513
  💰 Current Price: $1.51
  🎯 Signal: HOLD (confidence: 0.00)
  📝 Reason: 5m: RSI overbought (77.1); 5m: MACD bullish; 15m: MACD bullish; 1h: MACD bullish

[05:19:26] Cycle 514
  💰 Current Price: $1.51
  🎯 Signal: HOLD (confidence: 0.00)
  📝 Reason: 5m: RSI overbought (77.1); 5m: MACD bullish; 15m: MACD bullish; 1h: MACD bullish

[05:19:57] Cycle 515
  💰 Current Price: $1.51
  🎯 Signal: HOLD (confidence: 0.00)
  📝 Reason: 5m: RSI overbought (77.1); 5m: MACD bullish; 15m: MACD bullish; 1h: MACD bullish

[05:20:28] Cycle 516
  💰 Current Price: $1.51
  🎯 Signal: HOLD (confidence: 0.00)
  📝 Reason: 5m: RSI overbought (76.3); 5m: MACD bullish; 15m: MACD bullish; 1h: MACD bullish
  🎯 Signal: HOLD (confidence: 0.00)
  📝 Reason: 5m: RSI overbought (77.1); 5m: MACD bullish; 15m: MACD bullish; 1h: MACD bullish

[05:18:55] Cycle 518
  💰 Current Price: $1.51
  🎯 Signal: HOLD (confidence: 0.00)
  📝 Reason: 5m: RSI overbought (77.1); 5m: MACD bullish; 15m: MACD bullish; 1h: MACD bullish

[05:19:26] Cycle 519
  💰 Current Price: $1.51
  🎯 Signal: HOLD (confidence: 0.00)
  📝 Reason: 5m: RSI overbought (77.1); 5m: MACD bullish; 15m: MACD bullish; 1h: MACD bullish

[05:19:57] Cycle 520
  💰 Current Price: $1.51
  🎯 Signal: HOLD (confidence: 0.00)
  📝 Reason: 5m: RSI overbought (77.1); 5m: MACD bullish; 15m: MACD bullish; 1h: MACD bullish

[05:20:28] Cycle 521
  💰 Current Price: $1.51
  🎯 Signal: HOLD (confidence: 0.00)
  📝 Reason: 5m: RSI overbought (76.3); 5m: MACD bullish; 15m: MACD bullish; 1h: MACD bullish

[05:20:58] Cycle 522
  💰 Current Price: $1.51
  🎯 Signal: SELL (confidence: 0.30)
  📝 Reason: 5m: RSI overbought (78.7); 5m: MACD bullish; 15m: MACD bullish; 1h: RSI overbought (75.6)
  ⚠️ Sell signal but no position

[05:21:30] Cycle 523
  💰 Current Price: $1.51
  🎯 Signal: SELL (confidence: 0.30)
  📝 Reason: 5m: RSI overbought (79.6); 5m: MACD bullish; 15m: MACD bullish; 1h: RSI overbought (76.0)
  ⚠️ Sell signal but no position

[05:22:01] Cycle 524
  💰 Current Price: $1.51
  🎯 Signal: SELL (confidence: 0.30)
  📝 Reason: 5m: RSI overbought (79.6); 5m: MACD bullish; 15m: MACD bullish; 1h: RSI overbought (76.0)
  ⚠️ Sell signal but no position

[05:22:32] Cycle 525
  💰 Current Price: $1.51
  🎯 Signal: SELL (confidence: 0.30)
  📝 Reason: 5m: RSI overbought (79.9); 5m: MACD bullish; 15m: MACD bullish; 1h: RSI overbought (76.1)
  ⚠️ Sell signal but no position

[05:23:03] Cycle 526
  💰 Current Price: $1.51
  🎯 Signal: SELL (confidence: 0.30)
  📝 Reason: 5m: RSI overbought (79.9); 5m: MACD bullish; 15m: MACD bullish; 1h: RSI overbought (76.1)
  ⚠️ Sell signal but no position

[05:23:34] Cycle 527
  💰 Current Price: $1.51
  🎯 Signal: SELL (confidence: 0.30)
  📝 Reason: 5m: RSI overbought (80.1); 5m: MACD bullish; 15m: MACD bullish; 1h: RSI overbought (76.2)
  ⚠️ Sell signal but no position

[05:24:05] Cycle 528
  💰 Current Price: $1.51
  🎯 Signal: SELL (confidence: 0.30)
  📝 Reason: 5m: RSI overbought (80.9); 5m: MACD bullish; 15m: MACD bullish; 1h: RSI overbought (76.5)
  ⚠️ Sell signal but no position

[05:24:36] Cycle 529
  💰 Current Price: $1.51
  🎯 Signal: SELL (confidence: 0.30)
  📝 Reason: 5m: RSI overbought (81.0); 5m: MACD bullish; 15m: MACD bullish; 1h: RSI overbought (76.6)
  ⚠️ Sell signal but no position

[05:25:07] Cycle 530
  💰 Current Price: $1.51
  🎯 Signal: SELL (confidence: 0.30)
  📝 Reason: 5m: RSI overbought (78.9); 5m: MACD bullish; 15m: MACD bullish; 1h: RSI overbought (76.6)
  ⚠️ Sell signal but no position

[05:25:38] Cycle 531
  💰 Current Price: $1.51
  🎯 Signal: SELL (confidence: 0.30)
  📝 Reason: 5m: RSI overbought (78.9); 5m: MACD bullish; 15m: MACD bullish; 1h: RSI overbought (76.6)
  ⚠️ Sell signal but no position

[05:26:08] Cycle 532
  💰 Current Price: $1.51
  🎯 Signal: SELL (confidence: 0.30)
  📝 Reason: 5m: RSI overbought (78.9); 5m: MACD bullish; 15m: MACD bullish; 1h: RSI overbought (76.6)
  ⚠️ Sell signal but no position

[05:26:39] Cycle 533
  💰 Current Price: $1.51
  🎯 Signal: SELL (confidence: 0.20)
  📝 Reason: 5m: MACD bullish; 15m: MACD bullish; 1h: RSI overbought (76.1); 1h: MACD bullish
  ⚠️ Sell signal but no position

[05:27:10] Cycle 534
  💰 Current Price: $1.51
  🎯 Signal: SELL (confidence: 0.20)
  📝 Reason: 5m: MACD bullish; 15m: MACD bullish; 1h: RSI overbought (76.0); 1h: MACD bullish
  ⚠️ Sell signal but no position

[05:27:41] Cycle 535
  💰 Current Price: $1.51
  🎯 Signal: SELL (confidence: 0.20)
  📝 Reason: 5m: MACD bullish; 15m: MACD bullish; 1h: RSI overbought (76.0); 1h: MACD bullish
  ⚠️ Sell signal but no position

[05:28:12] Cycle 536
  💰 Current Price: $1.51
  🎯 Signal: SELL (confidence: 0.20)
  📝 Reason: 5m: MACD bullish; 15m: MACD bullish; 1h: RSI overbought (76.0); 1h: MACD bullish
  ⚠️ Sell signal but no position

[05:28:43] Cycle 537
  💰 Current Price: $1.51
  🎯 Signal: SELL (confidence: 0.30)
  📝 Reason: 5m: RSI overbought (75.4); 5m: MACD bullish; 15m: MACD bullish; 1h: RSI overbought (76.2)
  ⚠️ Sell signal but no position

[05:29:14] Cycle 538
  💰 Current Price: $1.51
  🎯 Signal: SELL (confidence: 0.30)
  📝 Reason: 5m: RSI overbought (76.8); 5m: MACD bullish; 15m: MACD bullish; 1h: RSI overbought (76.3)
  ⚠️ Sell signal but no position

[05:29:45] Cycle 539
  💰 Current Price: $1.51
  🎯 Signal: SELL (confidence: 0.20)
  📝 Reason: 5m: MACD bullish; 15m: MACD bullish; 1h: RSI overbought (75.9); 1h: MACD bullish
  ⚠️ Sell signal but no position

[05:30:15] Cycle 540
  💰 Current Price: $1.51
  🎯 Signal: SELL (confidence: 0.20)
  📝 Reason: 5m: MACD bullish; 15m: MACD bullish; 1h: RSI overbought (75.6); 1h: MACD bullish
  ⚠️ Sell signal but no position

[05:30:46] Cycle 541
  💰 Current Price: $1.51
  🎯 Signal: SELL (confidence: 0.20)
  📝 Reason: 5m: MACD bullish; 15m: MACD bullish; 1h: RSI overbought (75.4); 1h: MACD bullish
  ⚠️ Sell signal but no position

[05:31:17] Cycle 542
  💰 Current Price: $1.51
  🎯 Signal: SELL (confidence: 0.20)
  📝 Reason: 5m: MACD bullish; 15m: MACD bullish; 1h: RSI overbought (75.1); 1h: MACD bullish
  ⚠️ Sell signal but no position

[05:31:48] Cycle 543
  💰 Current Price: $1.51
  🎯 Signal: SELL (confidence: 0.20)
  📝 Reason: 5m: MACD bullish; 15m: MACD bullish; 1h: RSI overbought (75.1); 1h: MACD bullish
  ⚠️ Sell signal but no position

[05:32:19] Cycle 544
  💰 Current Price: $1.51
  🎯 Signal: HOLD (confidence: 0.10)
  📝 Reason: 5m: MACD bullish; 15m: MACD bullish; 1h: MACD bullish; 4h: MACD bearish

[05:32:49] Cycle 545
  💰 Current Price: $1.51
  🎯 Signal: HOLD (confidence: 0.10)
  📝 Reason: 5m: MACD bullish; 15m: MACD bullish; 1h: MACD bullish; 4h: MACD bearish

[05:33:20] Cycle 546
  💰 Current Price: $1.51
  🎯 Signal: HOLD (confidence: 0.10)
  📝 Reason: 5m: MACD bullish; 15m: MACD bullish; 1h: MACD bullish; 4h: MACD bearish

[05:33:51] Cycle 547
  💰 Current Price: $1.51
  🎯 Signal: HOLD (confidence: 0.10)
  📝 Reason: 5m: MACD bullish; 15m: MACD bullish; 1h: MACD bullish; 4h: MACD bearish

[05:34:22] Cycle 548
  💰 Current Price: $1.50
  🎯 Signal: HOLD (confidence: 0.10)
  📝 Reason: 5m: MACD bullish; 15m: MACD bullish; 1h: MACD bullish; 4h: MACD bearish

[05:34:53] Cycle 549
  💰 Current Price: $1.50
  🎯 Signal: HOLD (confidence: 0.10)
  📝 Reason: 5m: MACD bullish; 15m: MACD bullish; 1h: MACD bullish; 4h: MACD bearish

[05:35:24] Cycle 550
  💰 Current Price: $1.50
  🎯 Signal: HOLD (confidence: 0.10)
  📝 Reason: 5m: MACD bullish; 15m: MACD bullish; 1h: MACD bullish; 4h: MACD bearish

[05:35:54] Cycle 551
  💰 Current Price: $1.50
  🎯 Signal: HOLD (confidence: 0.10)
  📝 Reason: 5m: MACD bullish; 15m: MACD bullish; 1h: MACD bullish; 4h: MACD bearish

[05:36:25] Cycle 552
  💰 Current Price: $1.50
  🎯 Signal: HOLD (confidence: 0.10)
  📝 Reason: 5m: MACD bullish; 15m: MACD bullish; 1h: MACD bullish; 4h: MACD bearish

[05:36:56] Cycle 553
  💰 Current Price: $1.50
  🎯 Signal: HOLD (confidence: 0.10)
  📝 Reason: 5m: MACD bullish; 15m: MACD bullish; 1h: MACD bullish; 4h: MACD bearish

[05:37:27] Cycle 554
  💰 Current Price: $1.50
  🎯 Signal: HOLD (confidence: 0.10)
  📝 Reason: 5m: MACD bullish; 15m: MACD bullish; 1h: MACD bullish; 4h: MACD bearish

[05:37:58] Cycle 555
  💰 Current Price: $1.50
  🎯 Signal: HOLD (confidence: 0.10)
  📝 Reason: 5m: MACD bullish; 15m: MACD bullish; 1h: MACD bullish; 4h: MACD bearish

[05:38:29] Cycle 556
  💰 Current Price: $1.50
  🎯 Signal: HOLD (confidence: 0.10)
  📝 Reason: 5m: MACD bullish; 15m: MACD bullish; 1h: MACD bullish; 4h: MACD bearish

[05:39:00] Cycle 557

[05:20:58] Cycle 517
  💰 Current Price: $1.51
  🎯 Signal: SELL (confidence: 0.30)
  📝 Reason: 5m: RSI overbought (78.7); 5m: MACD bullish; 15m: MACD bullish; 1h: RSI overbought (75.6)
  ⚠️ Sell signal but no position

[05:21:30] Cycle 518
  💰 Current Price: $1.51
  🎯 Signal: SELL (confidence: 0.30)
  📝 Reason: 5m: RSI overbought (79.6); 5m: MACD bullish; 15m: MACD bullish; 1h: RSI overbought (76.0)
  ⚠️ Sell signal but no position

[05:22:01] Cycle 519
  💰 Current Price: $1.51
  🎯 Signal: SELL (confidence: 0.30)
  📝 Reason: 5m: RSI overbought (79.6); 5m: MACD bullish; 15m: MACD bullish; 1h: RSI overbought (76.0)
  ⚠️ Sell signal but no position

[05:22:32] Cycle 520
  💰 Current Price: $1.51
  🎯 Signal: SELL (confidence: 0.30)
  📝 Reason: 5m: RSI overbought (79.9); 5m: MACD bullish; 15m: MACD bullish; 1h: RSI overbought (76.1)
  ⚠️ Sell signal but no position

[05:23:03] Cycle 521
  💰 Current Price: $1.51
  🎯 Signal: SELL (confidence: 0.30)
  📝 Reason: 5m: RSI overbought (79.9); 5m: MACD bullish; 15m: MACD bullish; 1h: RSI overbought (76.1)
  ⚠️ Sell signal but no position

[05:23:34] Cycle 522
  💰 Current Price: $1.51
  🎯 Signal: SELL (confidence: 0.30)
  📝 Reason: 5m: RSI overbought (80.1); 5m: MACD bullish; 15m: MACD bullish; 1h: RSI overbought (76.2)
  ⚠️ Sell signal but no position

[05:24:05] Cycle 523
  💰 Current Price: $1.51
  🎯 Signal: SELL (confidence: 0.30)
  📝 Reason: 5m: RSI overbought (80.9); 5m: MACD bullish; 15m: MACD bullish; 1h: RSI overbought (76.5)
  ⚠️ Sell signal but no position

[05:24:36] Cycle 524
  💰 Current Price: $1.51
  🎯 Signal: SELL (confidence: 0.30)
  📝 Reason: 5m: RSI overbought (81.0); 5m: MACD bullish; 15m: MACD bullish; 1h: RSI overbought (76.6)
  ⚠️ Sell signal but no position

[05:25:07] Cycle 525
  💰 Current Price: $1.51
  🎯 Signal: SELL (confidence: 0.30)
  📝 Reason: 5m: RSI overbought (78.9); 5m: MACD bullish; 15m: MACD bullish; 1h: RSI overbought (76.6)
  ⚠️ Sell signal but no position

[05:25:38] Cycle 526
  💰 Current Price: $1.51
  🎯 Signal: SELL (confidence: 0.30)
  📝 Reason: 5m: RSI overbought (78.9); 5m: MACD bullish; 15m: MACD bullish; 1h: RSI overbought (76.6)
  ⚠️ Sell signal but no position

[05:26:08] Cycle 527
  💰 Current Price: $1.51
  🎯 Signal: SELL (confidence: 0.30)
  📝 Reason: 5m: RSI overbought (78.9); 5m: MACD bullish; 15m: MACD bullish; 1h: RSI overbought (76.6)
  ⚠️ Sell signal but no position

[05:26:39] Cycle 528
  💰 Current Price: $1.51
  🎯 Signal: SELL (confidence: 0.20)
  📝 Reason: 5m: MACD bullish; 15m: MACD bullish; 1h: RSI overbought (76.1); 1h: MACD bullish
  ⚠️ Sell signal but no position

[05:27:10] Cycle 529
  💰 Current Price: $1.51
  🎯 Signal: SELL (confidence: 0.20)
  📝 Reason: 5m: MACD bullish; 15m: MACD bullish; 1h: RSI overbought (76.0); 1h: MACD bullish
  ⚠️ Sell signal but no position

[05:27:41] Cycle 530
  💰 Current Price: $1.51
  🎯 Signal: SELL (confidence: 0.20)
  📝 Reason: 5m: MACD bullish; 15m: MACD bullish; 1h: RSI overbought (76.0); 1h: MACD bullish
  ⚠️ Sell signal but no position

[05:28:12] Cycle 531
  💰 Current Price: $1.51
  🎯 Signal: SELL (confidence: 0.20)
  📝 Reason: 5m: MACD bullish; 15m: MACD bullish; 1h: RSI overbought (76.0); 1h: MACD bullish
  ⚠️ Sell signal but no position

[05:28:43] Cycle 532
  💰 Current Price: $1.51
  🎯 Signal: SELL (confidence: 0.30)
  📝 Reason: 5m: RSI overbought (75.4); 5m: MACD bullish; 15m: MACD bullish; 1h: RSI overbought (76.2)
  ⚠️ Sell signal but no position

[05:29:14] Cycle 533
  💰 Current Price: $1.51
  🎯 Signal: SELL (confidence: 0.30)
  📝 Reason: 5m: RSI overbought (76.8); 5m: MACD bullish; 15m: MACD bullish; 1h: RSI overbought (76.3)
  ⚠️ Sell signal but no position

[05:29:44] Cycle 534
  💰 Current Price: $1.51
  🎯 Signal: SELL (confidence: 0.20)
  📝 Reason: 5m: MACD bullish; 15m: MACD bullish; 1h: RSI overbought (75.9); 1h: MACD bullish
  ⚠️ Sell signal but no position

[05:30:15] Cycle 535
  💰 Current Price: $1.51
  🎯 Signal: SELL (confidence: 0.20)
  📝 Reason: 5m: MACD bullish; 15m: MACD bullish; 1h: RSI overbought (75.6); 1h: MACD bullish
  ⚠️ Sell signal but no position

[05:30:46] Cycle 536
  💰 Current Price: $1.51
  🎯 Signal: SELL (confidence: 0.20)
  📝 Reason: 5m: MACD bullish; 15m: MACD bullish; 1h: RSI overbought (75.4); 1h: MACD bullish
  ⚠️ Sell signal but no position

[05:31:17] Cycle 537
  💰 Current Price: $1.51
  🎯 Signal: SELL (confidence: 0.20)
  📝 Reason: 5m: MACD bullish; 15m: MACD bullish; 1h: RSI overbought (75.1); 1h: MACD bullish
  ⚠️ Sell signal but no position

[05:31:48] Cycle 538
  💰 Current Price: $1.51
  🎯 Signal: SELL (confidence: 0.20)
  📝 Reason: 5m: MACD bullish; 15m: MACD bullish; 1h: RSI overbought (75.1); 1h: MACD bullish
  ⚠️ Sell signal but no position

[05:32:19] Cycle 539
  💰 Current Price: $1.51
  🎯 Signal: HOLD (confidence: 0.10)
  📝 Reason: 5m: MACD bullish; 15m: MACD bullish; 1h: MACD bullish; 4h: MACD bearish

[05:32:50] Cycle 540
  💰 Current Price: $1.51
  🎯 Signal: HOLD (confidence: 0.10)
  📝 Reason: 5m: MACD bullish; 15m: MACD bullish; 1h: MACD bullish; 4h: MACD bearish

[05:33:20] Cycle 541
  💰 Current Price: $1.51
  🎯 Signal: HOLD (confidence: 0.10)
  📝 Reason: 5m: MACD bullish; 15m: MACD bullish; 1h: MACD bullish; 4h: MACD bearish

[05:33:51] Cycle 542
  💰 Current Price: $1.51
  🎯 Signal: HOLD (confidence: 0.10)
  📝 Reason: 5m: MACD bullish; 15m: MACD bullish; 1h: MACD bullish; 4h: MACD bearish

[05:34:22] Cycle 543
  💰 Current Price: $1.50
  🎯 Signal: HOLD (confidence: 0.10)
  📝 Reason: 5m: MACD bullish; 15m: MACD bullish; 1h: MACD bullish; 4h: MACD bearish

[05:34:53] Cycle 544
  💰 Current Price: $1.50
  🎯 Signal: HOLD (confidence: 0.10)
  📝 Reason: 5m: MACD bullish; 15m: MACD bullish; 1h: MACD bullish; 4h: MACD bearish

[05:35:24] Cycle 545
  💰 Current Price: $1.50
  🎯 Signal: HOLD (confidence: 0.10)
  📝 Reason: 5m: MACD bullish; 15m: MACD bullish; 1h: MACD bullish; 4h: MACD bearish

[05:35:54] Cycle 546
  💰 Current Price: $1.50
  🎯 Signal: HOLD (confidence: 0.10)
  📝 Reason: 5m: MACD bullish; 15m: MACD bullish; 1h: MACD bullish; 4h: MACD bearish

[05:36:25] Cycle 547
  💰 Current Price: $1.50
  🎯 Signal: HOLD (confidence: 0.10)
  📝 Reason: 5m: MACD bullish; 15m: MACD bullish; 1h: MACD bullish; 4h: MACD bearish

[05:36:56] Cycle 548
  💰 Current Price: $1.50
  🎯 Signal: HOLD (confidence: 0.10)
  📝 Reason: 5m: MACD bullish; 15m: MACD bullish; 1h: MACD bullish; 4h: MACD bearish

[05:37:27] Cycle 549
  💰 Current Price: $1.50
  🎯 Signal: HOLD (confidence: 0.10)
  📝 Reason: 5m: MACD bullish; 15m: MACD bullish; 1h: MACD bullish; 4h: MACD bearish

[05:37:58] Cycle 550
  💰 Current Price: $1.50
  🎯 Signal: HOLD (confidence: 0.10)
  📝 Reason: 5m: MACD bullish; 15m: MACD bullish; 1h: MACD bullish; 4h: MACD bearish

[05:38:29] Cycle 551
  💰 Current Price: $1.50
  🎯 Signal: HOLD (confidence: 0.10)
  📝 Reason: 5m: MACD bullish; 15m: MACD bullish; 1h: MACD bullish; 4h: MACD bearish

[05:39:00] Cycle 552
  💰 Current Price: $1.51
  🎯 Signal: HOLD (confidence: 0.10)
  📝 Reason: 5m: MACD bullish; 15m: MACD bullish; 1h: MACD bullish; 4h: MACD bearish

[05:39:30] Cycle 553
  💰 Current Price: $1.51
  🎯 Signal: HOLD (confidence: 0.10)
  📝 Reason: 5m: MACD bullish; 15m: MACD bullish; 1h: MACD bullish; 4h: MACD bearish

[05:40:01] Cycle 554
  💰 Current Price: $1.51
  🎯 Signal: HOLD (confidence: 0.10)
  📝 Reason: 5m: MACD bullish; 15m: MACD bullish; 1h: MACD bullish; 4h: MACD bearish

[05:40:32] Cycle 555
  💰 Current Price: $1.51
  🎯 Signal: HOLD (confidence: 0.10)
  📝 Reason: 5m: MACD bullish; 15m: MACD bullish; 1h: MACD bullish; 4h: MACD bearish

[05:41:03] Cycle 556
  💰 Current Price: $1.51
  🎯 Signal: SELL (confidence: 0.20)
  📝 Reason: 5m: MACD bullish; 15m: MACD bullish; 1h: RSI overbought (75.2); 1h: MACD bullish
  💰 Current Price: $1.51
  🎯 Signal: HOLD (confidence: 0.10)
  📝 Reason: 5m: MACD bullish; 15m: MACD bullish; 1h: MACD bullish; 4h: MACD bearish

[05:39:30] Cycle 558
  💰 Current Price: $1.51
  🎯 Signal: HOLD (confidence: 0.10)
  📝 Reason: 5m: MACD bullish; 15m: MACD bullish; 1h: MACD bullish; 4h: MACD bearish

[05:40:01] Cycle 559
  💰 Current Price: $1.51
  🎯 Signal: HOLD (confidence: 0.10)
  📝 Reason: 5m: MACD bullish; 15m: MACD bullish; 1h: MACD bullish; 4h: MACD bearish

[05:40:32] Cycle 560
  💰 Current Price: $1.51
  🎯 Signal: HOLD (confidence: 0.10)
  📝 Reason: 5m: MACD bullish; 15m: MACD bullish; 1h: MACD bullish; 4h: MACD bearish

[05:41:03] Cycle 561
  💰 Current Price: $1.51
  🎯 Signal: SELL (confidence: 0.20)
  📝 Reason: 5m: MACD bullish; 15m: MACD bullish; 1h: RSI overbought (75.2); 1h: MACD bullish
  ⚠️ Sell signal but no position

[05:41:34] Cycle 562
  💰 Current Price: $1.51
  🎯 Signal: SELL (confidence: 0.20)
  📝 Reason: 5m: MACD bullish; 15m: MACD bullish; 1h: RSI overbought (75.2); 1h: MACD bullish
  ⚠️ Sell signal but no position

[05:42:05] Cycle 563
  💰 Current Price: $1.51
  🎯 Signal: SELL (confidence: 0.20)
  📝 Reason: 5m: MACD bullish; 15m: MACD bullish; 1h: RSI overbought (75.2); 1h: MACD bullish
  ⚠️ Sell signal but no position

[05:42:36] Cycle 564
  💰 Current Price: $1.51
  🎯 Signal: SELL (confidence: 0.20)
  📝 Reason: 5m: MACD bullish; 15m: MACD bullish; 1h: RSI overbought (75.2); 1h: MACD bullish
  ⚠️ Sell signal but no position

[05:43:07] Cycle 565
  💰 Current Price: $1.51
  🎯 Signal: SELL (confidence: 0.20)
  📝 Reason: 5m: MACD bullish; 15m: MACD bullish; 1h: RSI overbought (75.2); 1h: MACD bullish
  ⚠️ Sell signal but no position

[05:43:38] Cycle 566
  💰 Current Price: $1.51
  🎯 Signal: SELL (confidence: 0.20)
  📝 Reason: 5m: MACD bullish; 15m: MACD bullish; 1h: RSI overbought (75.0); 1h: MACD bullish
  ⚠️ Sell signal but no position

[05:44:09] Cycle 567
  💰 Current Price: $1.51
  🎯 Signal: SELL (confidence: 0.20)
  📝 Reason: 5m: MACD bullish; 15m: MACD bullish; 1h: RSI overbought (75.5); 1h: MACD bullish
  ⚠️ Sell signal but no position

[05:44:40] Cycle 568
  💰 Current Price: $1.51
  🎯 Signal: SELL (confidence: 0.20)
  📝 Reason: 5m: MACD bullish; 15m: MACD bullish; 1h: RSI overbought (75.6); 1h: MACD bullish
  ⚠️ Sell signal but no position

[05:45:11] Cycle 569
  💰 Current Price: $1.51
  🎯 Signal: SELL (confidence: 0.20)
  📝 Reason: 5m: MACD bullish; 15m: MACD bullish; 1h: RSI overbought (75.9); 1h: MACD bullish
  ⚠️ Sell signal but no position

[05:45:42] Cycle 570
  💰 Current Price: $1.51
  🎯 Signal: SELL (confidence: 0.20)
  📝 Reason: 5m: MACD bullish; 15m: MACD bullish; 1h: RSI overbought (75.9); 1h: MACD bullish
  ⚠️ Sell signal but no position

[05:46:13] Cycle 571
  💰 Current Price: $1.51
  🎯 Signal: SELL (confidence: 0.20)
  📝 Reason: 5m: MACD bullish; 15m: MACD bullish; 1h: RSI overbought (76.2); 1h: MACD bullish
  ⚠️ Sell signal but no position

[05:46:44] Cycle 572
  💰 Current Price: $1.51
  🎯 Signal: SELL (confidence: 0.20)
  📝 Reason: 5m: MACD bullish; 15m: MACD bullish; 1h: RSI overbought (76.2); 1h: MACD bullish
  ⚠️ Sell signal but no position

[05:47:15] Cycle 573
  💰 Current Price: $1.51
  🎯 Signal: SELL (confidence: 0.20)
  📝 Reason: 5m: MACD bullish; 15m: MACD bullish; 1h: RSI overbought (76.2); 1h: MACD bullish
  ⚠️ Sell signal but no position

[05:47:46] Cycle 574
  💰 Current Price: $1.51
  🎯 Signal: SELL (confidence: 0.20)
  📝 Reason: 5m: MACD bullish; 15m: MACD bullish; 1h: RSI overbought (76.2); 1h: MACD bullish
  ⚠️ Sell signal but no position

[05:48:17] Cycle 575
  💰 Current Price: $1.51
  🎯 Signal: SELL (confidence: 0.20)
  📝 Reason: 5m: MACD bullish; 15m: MACD bullish; 1h: RSI overbought (75.6); 1h: MACD bullish
  ⚠️ Sell signal but no position

[05:48:48] Cycle 576
  💰 Current Price: $1.51
  🎯 Signal: SELL (confidence: 0.20)
  📝 Reason: 5m: MACD bullish; 15m: MACD bullish; 1h: RSI overbought (75.6); 1h: MACD bullish
  ⚠️ Sell signal but no position

[05:49:18] Cycle 577
  💰 Current Price: $1.51
  🎯 Signal: SELL (confidence: 0.20)
  📝 Reason: 5m: MACD bullish; 15m: MACD bullish; 1h: RSI overbought (75.6); 1h: MACD bullish
  ⚠️ Sell signal but no position

[05:49:49] Cycle 578
  💰 Current Price: $1.51
  🎯 Signal: SELL (confidence: 0.20)
  📝 Reason: 5m: MACD bullish; 15m: MACD bullish; 1h: RSI overbought (75.5); 1h: MACD bullish
  ⚠️ Sell signal but no position

[05:50:20] Cycle 579
  💰 Current Price: $1.51
  🎯 Signal: SELL (confidence: 0.20)
  📝 Reason: 5m: MACD bullish; 15m: MACD bullish; 1h: RSI overbought (75.5); 1h: MACD bullish
  ⚠️ Sell signal but no position

[05:50:51] Cycle 580
  💰 Current Price: $1.51
  🎯 Signal: SELL (confidence: 0.20)
  📝 Reason: 5m: MACD bullish; 15m: MACD bullish; 1h: RSI overbought (75.5); 1h: MACD bullish
  ⚠️ Sell signal but no position

[05:51:22] Cycle 581
  💰 Current Price: $1.51
  🎯 Signal: SELL (confidence: 0.20)
  📝 Reason: 5m: MACD bullish; 15m: MACD bullish; 1h: RSI overbought (75.5); 1h: MACD bullish
  ⚠️ Sell signal but no position

[05:51:53] Cycle 582
  💰 Current Price: $1.51
  🎯 Signal: SELL (confidence: 0.20)
  📝 Reason: 5m: MACD bullish; 15m: MACD bullish; 1h: RSI overbought (75.3); 1h: MACD bullish
  ⚠️ Sell signal but no position

[05:52:24] Cycle 583
  💰 Current Price: $1.51
  🎯 Signal: SELL (confidence: 0.20)
  📝 Reason: 5m: MACD bullish; 15m: MACD bullish; 1h: RSI overbought (75.3); 1h: MACD bullish
  ⚠️ Sell signal but no position

[05:52:55] Cycle 584
  💰 Current Price: $1.51
  🎯 Signal: SELL (confidence: 0.20)
  📝 Reason: 5m: MACD bullish; 15m: MACD bullish; 1h: RSI overbought (75.3); 1h: MACD bullish
  ⚠️ Sell signal but no position

[05:53:26] Cycle 585
  💰 Current Price: $1.51
  🎯 Signal: SELL (confidence: 0.20)
  📝 Reason: 5m: MACD bullish; 15m: MACD bullish; 1h: RSI overbought (75.3); 1h: MACD bullish
  ⚠️ Sell signal but no position

[05:53:57] Cycle 586
  💰 Current Price: $1.51
  🎯 Signal: SELL (confidence: 0.20)
  📝 Reason: 5m: MACD bullish; 15m: MACD bullish; 1h: RSI overbought (75.3); 1h: MACD bullish
  ⚠️ Sell signal but no position

[05:54:28] Cycle 587
  💰 Current Price: $1.51
  🎯 Signal: SELL (confidence: 0.20)
  📝 Reason: 5m: MACD bullish; 15m: MACD bullish; 1h: RSI overbought (75.3); 1h: MACD bullish
  ⚠️ Sell signal but no position

[05:54:59] Cycle 588
  💰 Current Price: $1.51
  🎯 Signal: SELL (confidence: 0.20)
  📝 Reason: 5m: MACD bullish; 15m: MACD bullish; 1h: RSI overbought (75.3); 1h: MACD bullish
  ⚠️ Sell signal but no position

[05:55:29] Cycle 589
  💰 Current Price: $1.51
  🎯 Signal: SELL (confidence: 0.20)
  📝 Reason: 5m: MACD bullish; 15m: MACD bullish; 1h: RSI overbought (75.3); 1h: MACD bullish
  ⚠️ Sell signal but no position

[05:56:00] Cycle 590
  💰 Current Price: $1.51
  🎯 Signal: SELL (confidence: 0.20)
  📝 Reason: 5m: MACD bullish; 15m: MACD bullish; 1h: RSI overbought (75.3); 1h: MACD bullish
  ⚠️ Sell signal but no position

[05:56:31] Cycle 591
  💰 Current Price: $1.51
  🎯 Signal: SELL (confidence: 0.20)
  📝 Reason: 5m: MACD bullish; 15m: MACD bullish; 1h: RSI overbought (75.3); 1h: MACD bullish
  ⚠️ Sell signal but no position

[05:57:02] Cycle 592
  💰 Current Price: $1.51
  🎯 Signal: SELL (confidence: 0.20)
  📝 Reason: 5m: MACD bullish; 15m: MACD bullish; 1h: RSI overbought (75.3); 1h: MACD bullish
  ⚠️ Sell signal but no position

[05:57:34] Cycle 593
  💰 Current Price: $1.51
  🎯 Signal: SELL (confidence: 0.20)
  📝 Reason: 5m: MACD bullish; 15m: MACD bullish; 1h: RSI overbought (75.7); 1h: MACD bullish
  ⚠️ Sell signal but no position

[05:58:05] Cycle 594
  💰 Current Price: $1.51
  🎯 Signal: SELL (confidence: 0.20)
  📝 Reason: 5m: MACD bullish; 15m: MACD bullish; 1h: RSI overbought (76.0); 1h: MACD bullish  ⚠️ Sell signal but no position

[05:41:34] Cycle 557
  💰 Current Price: $1.51
  🎯 Signal: SELL (confidence: 0.20)
  📝 Reason: 5m: MACD bullish; 15m: MACD bullish; 1h: RSI overbought (75.2); 1h: MACD bullish
  ⚠️ Sell signal but no position

[05:42:05] Cycle 558
  💰 Current Price: $1.51
  🎯 Signal: SELL (confidence: 0.20)
  📝 Reason: 5m: MACD bullish; 15m: MACD bullish; 1h: RSI overbought (75.2); 1h: MACD bullish
  ⚠️ Sell signal but no position

[05:42:36] Cycle 559
  💰 Current Price: $1.51
  🎯 Signal: SELL (confidence: 0.20)
  📝 Reason: 5m: MACD bullish; 15m: MACD bullish; 1h: RSI overbought (75.2); 1h: MACD bullish
  ⚠️ Sell signal but no position

[05:43:07] Cycle 560
  💰 Current Price: $1.51
  🎯 Signal: SELL (confidence: 0.20)
  📝 Reason: 5m: MACD bullish; 15m: MACD bullish; 1h: RSI overbought (75.2); 1h: MACD bullish
  ⚠️ Sell signal but no position

[05:43:38] Cycle 561
  💰 Current Price: $1.51
  🎯 Signal: SELL (confidence: 0.20)
  📝 Reason: 5m: MACD bullish; 15m: MACD bullish; 1h: RSI overbought (75.0); 1h: MACD bullish
  ⚠️ Sell signal but no position

[05:44:09] Cycle 562
  💰 Current Price: $1.51
  🎯 Signal: SELL (confidence: 0.20)
  📝 Reason: 5m: MACD bullish; 15m: MACD bullish; 1h: RSI overbought (75.5); 1h: MACD bullish
  ⚠️ Sell signal but no position

[05:44:40] Cycle 563
  💰 Current Price: $1.51
  🎯 Signal: SELL (confidence: 0.20)
  📝 Reason: 5m: MACD bullish; 15m: MACD bullish; 1h: RSI overbought (75.6); 1h: MACD bullish
  ⚠️ Sell signal but no position

[05:45:11] Cycle 564
  💰 Current Price: $1.51
  🎯 Signal: SELL (confidence: 0.20)
  📝 Reason: 5m: MACD bullish; 15m: MACD bullish; 1h: RSI overbought (75.9); 1h: MACD bullish
  ⚠️ Sell signal but no position

[05:45:42] Cycle 565
  💰 Current Price: $1.51
  🎯 Signal: SELL (confidence: 0.20)
  📝 Reason: 5m: MACD bullish; 15m: MACD bullish; 1h: RSI overbought (75.9); 1h: MACD bullish
  ⚠️ Sell signal but no position

[05:46:13] Cycle 566
  💰 Current Price: $1.51
  🎯 Signal: SELL (confidence: 0.20)
  📝 Reason: 5m: MACD bullish; 15m: MACD bullish; 1h: RSI overbought (76.2); 1h: MACD bullish
  ⚠️ Sell signal but no position

[05:46:44] Cycle 567
  💰 Current Price: $1.51
  🎯 Signal: SELL (confidence: 0.20)
  📝 Reason: 5m: MACD bullish; 15m: MACD bullish; 1h: RSI overbought (76.2); 1h: MACD bullish
  ⚠️ Sell signal but no position

[05:47:15] Cycle 568
  💰 Current Price: $1.51
  🎯 Signal: SELL (confidence: 0.20)
  📝 Reason: 5m: MACD bullish; 15m: MACD bullish; 1h: RSI overbought (76.2); 1h: MACD bullish
  ⚠️ Sell signal but no position

[05:47:46] Cycle 569
  💰 Current Price: $1.51
  🎯 Signal: SELL (confidence: 0.20)
  📝 Reason: 5m: MACD bullish; 15m: MACD bullish; 1h: RSI overbought (76.2); 1h: MACD bullish
  ⚠️ Sell signal but no position

[05:48:17] Cycle 570
  💰 Current Price: $1.51
  🎯 Signal: SELL (confidence: 0.20)
  📝 Reason: 5m: MACD bullish; 15m: MACD bullish; 1h: RSI overbought (75.6); 1h: MACD bullish
  ⚠️ Sell signal but no position

[05:48:48] Cycle 571
  💰 Current Price: $1.51
  🎯 Signal: SELL (confidence: 0.20)
  📝 Reason: 5m: MACD bullish; 15m: MACD bullish; 1h: RSI overbought (75.6); 1h: MACD bullish
  ⚠️ Sell signal but no position

[05:49:18] Cycle 572
  💰 Current Price: $1.51
  🎯 Signal: SELL (confidence: 0.20)
  📝 Reason: 5m: MACD bullish; 15m: MACD bullish; 1h: RSI overbought (75.6); 1h: MACD bullish
  ⚠️ Sell signal but no position

[05:49:49] Cycle 573
  💰 Current Price: $1.51
  🎯 Signal: SELL (confidence: 0.20)
  📝 Reason: 5m: MACD bullish; 15m: MACD bullish; 1h: RSI overbought (75.5); 1h: MACD bullish
  ⚠️ Sell signal but no position

[05:50:20] Cycle 574
  💰 Current Price: $1.51
  🎯 Signal: SELL (confidence: 0.20)
  📝 Reason: 5m: MACD bullish; 15m: MACD bullish; 1h: RSI overbought (75.5); 1h: MACD bullish
  ⚠️ Sell signal but no position

[05:50:51] Cycle 575
  💰 Current Price: $1.51
  🎯 Signal: SELL (confidence: 0.20)
  📝 Reason: 5m: MACD bullish; 15m: MACD bullish; 1h: RSI overbought (75.5); 1h: MACD bullish
  ⚠️ Sell signal but no position

[05:51:22] Cycle 576
  💰 Current Price: $1.51
  🎯 Signal: SELL (confidence: 0.20)
  📝 Reason: 5m: MACD bullish; 15m: MACD bullish; 1h: RSI overbought (75.5); 1h: MACD bullish
  ⚠️ Sell signal but no position

[05:51:53] Cycle 577
  💰 Current Price: $1.51
  🎯 Signal: SELL (confidence: 0.20)
  📝 Reason: 5m: MACD bullish; 15m: MACD bullish; 1h: RSI overbought (75.3); 1h: MACD bullish
  ⚠️ Sell signal but no position

[05:52:24] Cycle 578
  💰 Current Price: $1.51
  🎯 Signal: SELL (confidence: 0.20)
  📝 Reason: 5m: MACD bullish; 15m: MACD bullish; 1h: RSI overbought (75.3); 1h: MACD bullish
  ⚠️ Sell signal but no position

[05:52:55] Cycle 579
  💰 Current Price: $1.51
  🎯 Signal: SELL (confidence: 0.20)
  📝 Reason: 5m: MACD bullish; 15m: MACD bullish; 1h: RSI overbought (75.3); 1h: MACD bullish
  ⚠️ Sell signal but no position

[05:53:26] Cycle 580
  💰 Current Price: $1.51
  🎯 Signal: SELL (confidence: 0.20)
  📝 Reason: 5m: MACD bullish; 15m: MACD bullish; 1h: RSI overbought (75.3); 1h: MACD bullish
  ⚠️ Sell signal but no position

[05:53:57] Cycle 581
  💰 Current Price: $1.51
  🎯 Signal: SELL (confidence: 0.20)
  📝 Reason: 5m: MACD bullish; 15m: MACD bullish; 1h: RSI overbought (75.3); 1h: MACD bullish
  ⚠️ Sell signal but no position

[05:54:28] Cycle 582
  💰 Current Price: $1.51
  🎯 Signal: SELL (confidence: 0.20)
  📝 Reason: 5m: MACD bullish; 15m: MACD bullish; 1h: RSI overbought (75.3); 1h: MACD bullish
  ⚠️ Sell signal but no position

[05:54:59] Cycle 583
  💰 Current Price: $1.51
  🎯 Signal: SELL (confidence: 0.20)
  📝 Reason: 5m: MACD bullish; 15m: MACD bullish; 1h: RSI overbought (75.3); 1h: MACD bullish
  ⚠️ Sell signal but no position

[05:55:29] Cycle 584
  💰 Current Price: $1.51
  🎯 Signal: SELL (confidence: 0.20)
  📝 Reason: 5m: MACD bullish; 15m: MACD bullish; 1h: RSI overbought (75.3); 1h: MACD bullish
  ⚠️ Sell signal but no position

[05:56:00] Cycle 585
  💰 Current Price: $1.51
  🎯 Signal: SELL (confidence: 0.20)
  📝 Reason: 5m: MACD bullish; 15m: MACD bullish; 1h: RSI overbought (75.3); 1h: MACD bullish
  ⚠️ Sell signal but no position

[05:56:31] Cycle 586
  💰 Current Price: $1.51
  🎯 Signal: SELL (confidence: 0.20)
  📝 Reason: 5m: MACD bullish; 15m: MACD bullish; 1h: RSI overbought (75.3); 1h: MACD bullish
  ⚠️ Sell signal but no position

[05:57:02] Cycle 587
  💰 Current Price: $1.51
  🎯 Signal: SELL (confidence: 0.20)
  📝 Reason: 5m: MACD bullish; 15m: MACD bullish; 1h: RSI overbought (75.3); 1h: MACD bullish
  ⚠️ Sell signal but no position

[05:57:34] Cycle 588
  💰 Current Price: $1.51
  🎯 Signal: SELL (confidence: 0.20)
  📝 Reason: 5m: MACD bullish; 15m: MACD bullish; 1h: RSI overbought (75.7); 1h: MACD bullish
  ⚠️ Sell signal but no position

[05:58:05] Cycle 589
  💰 Current Price: $1.51
  🎯 Signal: SELL (confidence: 0.20)
  📝 Reason: 5m: MACD bullish; 15m: MACD bullish; 1h: RSI overbought (76.0); 1h: MACD bullish
  ⚠️ Sell signal but no position

[05:58:36] Cycle 590
  💰 Current Price: $1.51
  🎯 Signal: SELL (confidence: 0.20)
  📝 Reason: 5m: MACD bullish; 15m: MACD bullish; 1h: RSI overbought (76.2); 1h: MACD bullish
  ⚠️ Sell signal but no position

[05:59:07] Cycle 591
  💰 Current Price: $1.51
  🎯 Signal: SELL (confidence: 0.20)
  📝 Reason: 5m: MACD bullish; 15m: MACD bullish; 1h: RSI overbought (76.2); 1h: MACD bullish
  ⚠️ Sell signal but no position

[05:59:38] Cycle 592
  💰 Current Price: $1.51
  🎯 Signal: SELL (confidence: 0.20)
  📝 Reason: 5m: MACD bullish; 15m: MACD bullish; 1h: RSI overbought (76.2); 1h: MACD bullish
  ⚠️ Sell signal but no position

[06:00:08] Cycle 593
  💰 Current Price: $1.51
  🎯 Signal: HOLD (confidence: 0.10)

  ⚠️ Sell signal but no position

[05:58:36] Cycle 595
  💰 Current Price: $1.51
  🎯 Signal: SELL (confidence: 0.20)
  📝 Reason: 5m: MACD bullish; 15m: MACD bullish; 1h: RSI overbought (76.2); 1h: MACD bullish
  ⚠️ Sell signal but no position

[05:59:07] Cycle 596
  💰 Current Price: $1.51
  🎯 Signal: SELL (confidence: 0.20)
  📝 Reason: 5m: MACD bullish; 15m: MACD bullish; 1h: RSI overbought (76.2); 1h: MACD bullish
  ⚠️ Sell signal but no position

[05:59:37] Cycle 597
  💰 Current Price: $1.51
  🎯 Signal: SELL (confidence: 0.20)
  📝 Reason: 5m: MACD bullish; 15m: MACD bullish; 1h: RSI overbought (76.2); 1h: MACD bullish
  ⚠️ Sell signal but no position

[06:00:08] Cycle 598
  💰 Current Price: $1.51
  🎯 Signal: HOLD (confidence: 0.10)
  📝 Reason: 5m: MACD bullish; 15m: MACD bullish; 1h: MACD bullish; 4h: MACD bearish

[06:00:39] Cycle 599
  💰 Current Price: $1.51
  🎯 Signal: HOLD (confidence: 0.10)
  📝 Reason: 5m: MACD bullish; 15m: MACD bullish; 1h: MACD bullish; 4h: MACD bearish

[06:01:11] Cycle 600
  💰 Current Price: $1.51
  🎯 Signal: HOLD (confidence: 0.10)
  📝 Reason: 5m: MACD bullish; 15m: MACD bullish; 1h: MACD bullish; 4h: MACD bearish

[06:01:42] Cycle 601
  💰 Current Price: $1.51
  🎯 Signal: HOLD (confidence: 0.10)
  📝 Reason: 5m: MACD bullish; 15m: MACD bullish; 1h: MACD bullish; 4h: MACD bearish

[06:02:13] Cycle 602
  💰 Current Price: $1.51
  🎯 Signal: HOLD (confidence: 0.10)
  📝 Reason: 5m: MACD bullish; 15m: MACD bullish; 1h: MACD bullish; 4h: MACD bearish

[06:02:44] Cycle 603
  💰 Current Price: $1.51
  🎯 Signal: HOLD (confidence: 0.10)
  📝 Reason: 5m: MACD bullish; 15m: MACD bullish; 1h: MACD bullish; 4h: MACD bearish

[06:03:15] Cycle 604
  💰 Current Price: $1.51
  🎯 Signal: HOLD (confidence: 0.10)
  📝 Reason: 5m: MACD bullish; 15m: MACD bullish; 1h: MACD bullish; 4h: MACD bearish

[06:03:45] Cycle 605
  💰 Current Price: $1.51
  🎯 Signal: HOLD (confidence: 0.10)
  📝 Reason: 5m: MACD bullish; 15m: MACD bullish; 1h: MACD bullish; 4h: MACD bearish

[06:04:16] Cycle 606
  💰 Current Price: $1.52
  🎯 Signal: HOLD (confidence: 0.10)
  📝 Reason: 5m: MACD bullish; 15m: MACD bullish; 1h: MACD bullish; 4h: MACD bearish

[06:04:47] Cycle 607
  💰 Current Price: $1.52
  🎯 Signal: HOLD (confidence: 0.10)
  📝 Reason: 5m: MACD bullish; 15m: MACD bullish; 1h: MACD bullish; 4h: MACD bearish

[06:05:18] Cycle 608
  💰 Current Price: $1.52
  🎯 Signal: HOLD (confidence: 0.10)
  📝 Reason: 5m: MACD bullish; 15m: MACD bullish; 1h: MACD bullish; 4h: MACD bearish

[06:05:49] Cycle 609
  💰 Current Price: $1.52
  🎯 Signal: HOLD (confidence: 0.10)
  📝 Reason: 5m: MACD bullish; 15m: MACD bullish; 1h: MACD bullish; 4h: MACD bearish

[06:06:20] Cycle 610
  💰 Current Price: $1.51
  🎯 Signal: HOLD (confidence: 0.10)
  📝 Reason: 5m: MACD bullish; 15m: MACD bullish; 1h: MACD bullish; 4h: MACD bearish

[06:06:51] Cycle 611
  💰 Current Price: $1.51
  🎯 Signal: HOLD (confidence: 0.10)
  📝 Reason: 5m: MACD bullish; 15m: MACD bullish; 1h: MACD bullish; 4h: MACD bearish

[06:07:22] Cycle 612
  💰 Current Price: $1.51
  🎯 Signal: HOLD (confidence: 0.10)
  📝 Reason: 5m: MACD bullish; 15m: MACD bullish; 1h: MACD bullish; 4h: MACD bearish

[06:07:53] Cycle 613
  💰 Current Price: $1.51
  🎯 Signal: HOLD (confidence: 0.10)
  📝 Reason: 5m: MACD bullish; 15m: MACD bullish; 1h: MACD bullish; 4h: MACD bearish

[06:08:24] Cycle 614
  💰 Current Price: $1.51
  🎯 Signal: HOLD (confidence: 0.10)
  📝 Reason: 5m: MACD bullish; 15m: MACD bullish; 1h: MACD bullish; 4h: MACD bearish

[06:08:54] Cycle 615
  💰 Current Price: $1.51
  🎯 Signal: HOLD (confidence: 0.10)
  📝 Reason: 5m: MACD bullish; 15m: MACD bullish; 1h: MACD bullish; 4h: MACD bearish

[06:09:25] Cycle 616
  💰 Current Price: $1.51
  🎯 Signal: HOLD (confidence: 0.10)
  📝 Reason: 5m: MACD bullish; 15m: MACD bullish; 1h: MACD bullish; 4h: MACD bearish

[06:09:56] Cycle 617
  💰 Current Price: $1.51
  🎯 Signal: HOLD (confidence: 0.10)
  📝 Reason: 5m: MACD bullish; 15m: MACD bullish; 1h: MACD bullish; 4h: MACD bearish

[06:10:27] Cycle 618
  💰 Current Price: $1.51
  🎯 Signal: HOLD (confidence: 0.10)
  📝 Reason: 5m: MACD bullish; 15m: MACD bullish; 1h: MACD bullish; 4h: MACD bearish

[06:10:58] Cycle 619
  💰 Current Price: $1.51
  🎯 Signal: HOLD (confidence: 0.10)
  📝 Reason: 5m: MACD bullish; 15m: MACD bullish; 1h: MACD bullish; 4h: MACD bearish

[06:11:29] Cycle 620
  💰 Current Price: $1.51
  🎯 Signal: HOLD (confidence: 0.10)
  📝 Reason: 5m: MACD bullish; 15m: MACD bullish; 1h: MACD bullish; 4h: MACD bearish

[06:12:00] Cycle 621
  💰 Current Price: $1.51
  🎯 Signal: HOLD (confidence: 0.10)
  📝 Reason: 5m: MACD bullish; 15m: MACD bullish; 1h: MACD bullish; 4h: MACD bearish

[06:12:31] Cycle 622
  💰 Current Price: $1.51
  🎯 Signal: HOLD (confidence: 0.10)
  📝 Reason: 5m: MACD bullish; 15m: MACD bullish; 1h: MACD bullish; 4h: MACD bearish

[06:13:02] Cycle 623
  💰 Current Price: $1.51
  🎯 Signal: HOLD (confidence: 0.10)
  📝 Reason: 5m: MACD bullish; 15m: MACD bullish; 1h: MACD bullish; 4h: MACD bearish

[06:13:33] Cycle 624
  💰 Current Price: $1.51
  🎯 Signal: HOLD (confidence: 0.10)
  📝 Reason: 5m: MACD bullish; 15m: MACD bullish; 1h: MACD bullish; 4h: MACD bearish

[06:14:04] Cycle 625
  💰 Current Price: $1.51
  🎯 Signal: HOLD (confidence: 0.10)
  📝 Reason: 5m: MACD bullish; 15m: MACD bullish; 1h: MACD bullish; 4h: MACD bearish

[06:14:35] Cycle 626
  💰 Current Price: $1.51
  🎯 Signal: HOLD (confidence: 0.10)
  📝 Reason: 5m: MACD bullish; 15m: MACD bullish; 1h: MACD bullish; 4h: MACD bearish

[06:15:05] Cycle 627
  💰 Current Price: $1.51
  🎯 Signal: HOLD (confidence: 0.10)
  📝 Reason: 5m: MACD bullish; 15m: MACD bullish; 1h: MACD bullish; 4h: MACD bearish

[06:15:36] Cycle 628
  💰 Current Price: $1.51
  🎯 Signal: HOLD (confidence: 0.10)
  📝 Reason: 5m: MACD bullish; 15m: MACD bullish; 1h: MACD bullish; 4h: MACD bearish

[06:16:07] Cycle 629
  💰 Current Price: $1.51
  🎯 Signal: HOLD (confidence: 0.10)
  📝 Reason: 5m: MACD bullish; 15m: MACD bullish; 1h: MACD bullish; 4h: MACD bearish

[06:16:38] Cycle 630
  💰 Current Price: $1.50
  🎯 Signal: HOLD (confidence: 0.10)
  📝 Reason: 5m: MACD bullish; 15m: MACD bullish; 1h: MACD bullish; 4h: MACD bearish

[06:17:09] Cycle 631
  💰 Current Price: $1.50
  🎯 Signal: HOLD (confidence: 0.10)
  📝 Reason: 5m: MACD bullish; 15m: MACD bullish; 1h: MACD bullish; 4h: MACD bearish

[06:17:40] Cycle 632
  💰 Current Price: $1.50
  🎯 Signal: HOLD (confidence: 0.10)
  📝 Reason: 5m: MACD bullish; 15m: MACD bullish; 1h: MACD bullish; 4h: MACD bearish

[06:18:11] Cycle 633
  💰 Current Price: $1.50
  🎯 Signal: HOLD (confidence: 0.10)
  📝 Reason: 5m: MACD bullish; 15m: MACD bullish; 1h: MACD bullish; 4h: MACD bearish

[06:18:42] Cycle 634
  💰 Current Price: $1.50
  🎯 Signal: HOLD (confidence: 0.10)
  📝 Reason: 5m: MACD bullish; 15m: MACD bullish; 1h: MACD bullish; 4h: MACD bearish

[06:19:13] Cycle 635
  💰 Current Price: $1.50
  🎯 Signal: HOLD (confidence: 0.10)
  📝 Reason: 5m: MACD bullish; 15m: MACD bullish; 1h: MACD bullish; 4h: MACD bearish

[06:19:44] Cycle 636
  💰 Current Price: $1.50
  🎯 Signal: HOLD (confidence: 0.10)
  📝 Reason: 5m: MACD bullish; 15m: MACD bullish; 1h: MACD bullish; 4h: MACD bearish

[06:20:15] Cycle 637
  💰 Current Price: $1.50
  🎯 Signal: HOLD (confidence: 0.10)
  📝 Reason: 5m: MACD bullish; 15m: MACD bullish; 1h: MACD bullish; 4h: MACD bearish

[06:20:46] Cycle 638
  💰 Current Price: $1.50
  🎯 Signal: HOLD (confidence: 0.10)
  📝 Reason: 5m: MACD bullish; 15m: MACD bullish; 1h: MACD bullish; 4h: MACD bearish

[06:21:17] Cycle 639
  💰 Current Price: $1.50
  🎯 Signal: HOLD (confidence: 0.10)
  📝 Reason: 5m: MACD bullish; 15m: MACD bullish; 1h: MACD bullish; 4h: MACD bearish

[06:21:47] Cycle 640
  💰 Current Price: $1.50
  🎯 Signal: HOLD (confidence: 0.10)
  📝 Reason: 5m: MACD bullish; 15m: MACD bullish; 1h: MACD bullish; 4h: MACD bearish

[06:00:39] Cycle 594
  💰 Current Price: $1.51
  🎯 Signal: HOLD (confidence: 0.10)
  📝 Reason: 5m: MACD bullish; 15m: MACD bullish; 1h: MACD bullish; 4h: MACD bearish

[06:01:11] Cycle 595
  💰 Current Price: $1.51
  🎯 Signal: HOLD (confidence: 0.10)
  📝 Reason: 5m: MACD bullish; 15m: MACD bullish; 1h: MACD bullish; 4h: MACD bearish

[06:01:42] Cycle 596
  💰 Current Price: $1.51
  🎯 Signal: HOLD (confidence: 0.10)
  📝 Reason: 5m: MACD bullish; 15m: MACD bullish; 1h: MACD bullish; 4h: MACD bearish

[06:02:13] Cycle 597
  💰 Current Price: $1.51
  🎯 Signal: HOLD (confidence: 0.10)
  📝 Reason: 5m: MACD bullish; 15m: MACD bullish; 1h: MACD bullish; 4h: MACD bearish

[06:02:44] Cycle 598
  💰 Current Price: $1.51
  🎯 Signal: HOLD (confidence: 0.10)
  📝 Reason: 5m: MACD bullish; 15m: MACD bullish; 1h: MACD bullish; 4h: MACD bearish

[06:03:15] Cycle 599
  💰 Current Price: $1.51
  🎯 Signal: HOLD (confidence: 0.10)
  📝 Reason: 5m: MACD bullish; 15m: MACD bullish; 1h: MACD bullish; 4h: MACD bearish

[06:03:45] Cycle 600
  💰 Current Price: $1.51
  🎯 Signal: HOLD (confidence: 0.10)
  📝 Reason: 5m: MACD bullish; 15m: MACD bullish; 1h: MACD bullish; 4h: MACD bearish

[06:04:16] Cycle 601
  💰 Current Price: $1.52
  🎯 Signal: HOLD (confidence: 0.10)
  📝 Reason: 5m: MACD bullish; 15m: MACD bullish; 1h: MACD bullish; 4h: MACD bearish

[06:04:47] Cycle 602
  💰 Current Price: $1.52
  🎯 Signal: HOLD (confidence: 0.10)
  📝 Reason: 5m: MACD bullish; 15m: MACD bullish; 1h: MACD bullish; 4h: MACD bearish

[06:05:18] Cycle 603
  💰 Current Price: $1.52
  🎯 Signal: HOLD (confidence: 0.10)
  📝 Reason: 5m: MACD bullish; 15m: MACD bullish; 1h: MACD bullish; 4h: MACD bearish

[06:05:49] Cycle 604
  💰 Current Price: $1.52
  🎯 Signal: HOLD (confidence: 0.10)
  📝 Reason: 5m: MACD bullish; 15m: MACD bullish; 1h: MACD bullish; 4h: MACD bearish

[06:06:20] Cycle 605
  💰 Current Price: $1.51
  🎯 Signal: HOLD (confidence: 0.10)
  📝 Reason: 5m: MACD bullish; 15m: MACD bullish; 1h: MACD bullish; 4h: MACD bearish

[06:06:51] Cycle 606
  💰 Current Price: $1.51
  🎯 Signal: HOLD (confidence: 0.10)
  📝 Reason: 5m: MACD bullish; 15m: MACD bullish; 1h: MACD bullish; 4h: MACD bearish

[06:07:22] Cycle 607
  💰 Current Price: $1.51
  🎯 Signal: HOLD (confidence: 0.10)
  📝 Reason: 5m: MACD bullish; 15m: MACD bullish; 1h: MACD bullish; 4h: MACD bearish

[06:07:53] Cycle 608
  💰 Current Price: $1.51
  🎯 Signal: HOLD (confidence: 0.10)
  📝 Reason: 5m: MACD bullish; 15m: MACD bullish; 1h: MACD bullish; 4h: MACD bearish

[06:08:24] Cycle 609
  💰 Current Price: $1.51
  🎯 Signal: HOLD (confidence: 0.10)
  📝 Reason: 5m: MACD bullish; 15m: MACD bullish; 1h: MACD bullish; 4h: MACD bearish

[06:08:54] Cycle 610
  💰 Current Price: $1.51
  🎯 Signal: HOLD (confidence: 0.10)
  📝 Reason: 5m: MACD bullish; 15m: MACD bullish; 1h: MACD bullish; 4h: MACD bearish

[06:09:25] Cycle 611
  💰 Current Price: $1.51
  🎯 Signal: HOLD (confidence: 0.10)
  📝 Reason: 5m: MACD bullish; 15m: MACD bullish; 1h: MACD bullish; 4h: MACD bearish

[06:09:56] Cycle 612
  💰 Current Price: $1.51
  🎯 Signal: HOLD (confidence: 0.10)
  📝 Reason: 5m: MACD bullish; 15m: MACD bullish; 1h: MACD bullish; 4h: MACD bearish

[06:10:27] Cycle 613
  💰 Current Price: $1.51
  🎯 Signal: HOLD (confidence: 0.10)
  📝 Reason: 5m: MACD bullish; 15m: MACD bullish; 1h: MACD bullish; 4h: MACD bearish

[06:10:58] Cycle 614
  💰 Current Price: $1.51
  🎯 Signal: HOLD (confidence: 0.10)
  📝 Reason: 5m: MACD bullish; 15m: MACD bullish; 1h: MACD bullish; 4h: MACD bearish

[06:11:29] Cycle 615
  💰 Current Price: $1.51
  🎯 Signal: HOLD (confidence: 0.10)
  📝 Reason: 5m: MACD bullish; 15m: MACD bullish; 1h: MACD bullish; 4h: MACD bearish

[06:12:00] Cycle 616
  💰 Current Price: $1.51
  🎯 Signal: HOLD (confidence: 0.10)
  📝 Reason: 5m: MACD bullish; 15m: MACD bullish; 1h: MACD bullish; 4h: MACD bearish

[06:12:31] Cycle 617
  💰 Current Price: $1.51
  🎯 Signal: HOLD (confidence: 0.10)
  📝 Reason: 5m: MACD bullish; 15m: MACD bullish; 1h: MACD bullish; 4h: MACD bearish

[06:13:02] Cycle 618
  💰 Current Price: $1.51
  🎯 Signal: HOLD (confidence: 0.10)
  📝 Reason: 5m: MACD bullish; 15m: MACD bullish; 1h: MACD bullish; 4h: MACD bearish

[06:13:33] Cycle 619
  💰 Current Price: $1.51
  🎯 Signal: HOLD (confidence: 0.10)
  📝 Reason: 5m: MACD bullish; 15m: MACD bullish; 1h: MACD bullish; 4h: MACD bearish

[06:14:04] Cycle 620
  💰 Current Price: $1.51
  🎯 Signal: HOLD (confidence: 0.10)
  📝 Reason: 5m: MACD bullish; 15m: MACD bullish; 1h: MACD bullish; 4h: MACD bearish

[06:14:35] Cycle 621
  💰 Current Price: $1.51
  🎯 Signal: HOLD (confidence: 0.10)
  📝 Reason: 5m: MACD bullish; 15m: MACD bullish; 1h: MACD bullish; 4h: MACD bearish

[06:15:05] Cycle 622
  💰 Current Price: $1.51
  🎯 Signal: HOLD (confidence: 0.10)
  📝 Reason: 5m: MACD bullish; 15m: MACD bullish; 1h: MACD bullish; 4h: MACD bearish

[06:15:36] Cycle 623
  💰 Current Price: $1.51
  🎯 Signal: HOLD (confidence: 0.10)
  📝 Reason: 5m: MACD bullish; 15m: MACD bullish; 1h: MACD bullish; 4h: MACD bearish

[06:16:07] Cycle 624
  💰 Current Price: $1.51
  🎯 Signal: HOLD (confidence: 0.10)
  📝 Reason: 5m: MACD bullish; 15m: MACD bullish; 1h: MACD bullish; 4h: MACD bearish

[06:16:38] Cycle 625
  💰 Current Price: $1.50
  🎯 Signal: HOLD (confidence: 0.10)
  📝 Reason: 5m: MACD bullish; 15m: MACD bullish; 1h: MACD bullish; 4h: MACD bearish

[06:17:09] Cycle 626
  💰 Current Price: $1.50
  🎯 Signal: HOLD (confidence: 0.10)
  📝 Reason: 5m: MACD bullish; 15m: MACD bullish; 1h: MACD bullish; 4h: MACD bearish

[06:17:40] Cycle 627
  💰 Current Price: $1.50
  🎯 Signal: HOLD (confidence: 0.10)
  📝 Reason: 5m: MACD bullish; 15m: MACD bullish; 1h: MACD bullish; 4h: MACD bearish

[06:18:11] Cycle 628
  💰 Current Price: $1.50
  🎯 Signal: HOLD (confidence: 0.10)
  📝 Reason: 5m: MACD bullish; 15m: MACD bullish; 1h: MACD bullish; 4h: MACD bearish

[06:18:42] Cycle 629
  💰 Current Price: $1.50
  🎯 Signal: HOLD (confidence: 0.10)
  📝 Reason: 5m: MACD bullish; 15m: MACD bullish; 1h: MACD bullish; 4h: MACD bearish

[06:19:13] Cycle 630
  💰 Current Price: $1.50
  🎯 Signal: HOLD (confidence: 0.10)
  📝 Reason: 5m: MACD bullish; 15m: MACD bullish; 1h: MACD bullish; 4h: MACD bearish

[06:19:44] Cycle 631
  💰 Current Price: $1.50
  🎯 Signal: HOLD (confidence: 0.10)
  📝 Reason: 5m: MACD bullish; 15m: MACD bullish; 1h: MACD bullish; 4h: MACD bearish

[06:20:15] Cycle 632
  💰 Current Price: $1.50
  🎯 Signal: HOLD (confidence: 0.10)
  📝 Reason: 5m: MACD bullish; 15m: MACD bullish; 1h: MACD bullish; 4h: MACD bearish

[06:20:46] Cycle 633
  💰 Current Price: $1.50
  🎯 Signal: HOLD (confidence: 0.10)
  📝 Reason: 5m: MACD bullish; 15m: MACD bullish; 1h: MACD bullish; 4h: MACD bearish

[06:21:17] Cycle 634
  💰 Current Price: $1.50
  🎯 Signal: HOLD (confidence: 0.10)
  📝 Reason: 5m: MACD bullish; 15m: MACD bullish; 1h: MACD bullish; 4h: MACD bearish

[06:21:47] Cycle 635
  💰 Current Price: $1.50
  🎯 Signal: HOLD (confidence: 0.10)
  📝 Reason: 5m: MACD bullish; 15m: MACD bullish; 1h: MACD bullish; 4h: MACD bearish

[06:22:18] Cycle 636
  💰 Current Price: $1.50
  🎯 Signal: HOLD (confidence: 0.10)
  📝 Reason: 5m: MACD bullish; 15m: MACD bullish; 1h: MACD bullish; 4h: MACD bearish

[06:22:49] Cycle 637
  💰 Current Price: $1.50
  🎯 Signal: HOLD (confidence: 0.10)
  📝 Reason: 5m: MACD bullish; 15m: MACD bullish; 1h: MACD bullish; 4h: MACD bearish

[06:23:20] Cycle 638
  💰 Current Price: $1.50
  🎯 Signal: HOLD (confidence: 0.10)
  📝 Reason: 5m: MACD bullish; 15m: MACD bullish; 1h: MACD bullish; 4h: MACD bearish

[06:23:51] Cycle 639
  💰 Current Price: $1.50
  🎯 Signal: HOLD (confidence: 0.10)
  📝 Reason: 5m: MACD bullish; 15m: MACD bullish; 1h: MACD bullish; 4h: MACD bearish
  📝 Reason: 5m: MACD bullish; 15m: MACD bullish; 1h: MACD bullish; 4h: MACD bearish

[06:22:18] Cycle 641
  💰 Current Price: $1.50
  🎯 Signal: HOLD (confidence: 0.10)
  📝 Reason: 5m: MACD bullish; 15m: MACD bullish; 1h: MACD bullish; 4h: MACD bearish

[06:22:49] Cycle 642
  💰 Current Price: $1.50
  🎯 Signal: HOLD (confidence: 0.10)
  📝 Reason: 5m: MACD bullish; 15m: MACD bullish; 1h: MACD bullish; 4h: MACD bearish

[06:23:20] Cycle 643
  💰 Current Price: $1.50
  🎯 Signal: HOLD (confidence: 0.10)
  📝 Reason: 5m: MACD bullish; 15m: MACD bullish; 1h: MACD bullish; 4h: MACD bearish

[06:23:51] Cycle 644
  💰 Current Price: $1.50
  🎯 Signal: HOLD (confidence: 0.10)
  📝 Reason: 5m: MACD bullish; 15m: MACD bullish; 1h: MACD bullish; 4h: MACD bearish

[06:24:22] Cycle 645
  💰 Current Price: $1.50
  🎯 Signal: HOLD (confidence: 0.10)
  📝 Reason: 5m: MACD bullish; 15m: MACD bullish; 1h: MACD bullish; 4h: MACD bearish

[06:24:53] Cycle 646
  💰 Current Price: $1.50
  🎯 Signal: HOLD (confidence: 0.10)
  📝 Reason: 5m: MACD bullish; 15m: MACD bullish; 1h: MACD bullish; 4h: MACD bearish

[06:25:24] Cycle 647
  💰 Current Price: $1.50
  🎯 Signal: HOLD (confidence: 0.00)
  📝 Reason: 5m: MACD bearish; 15m: MACD bullish; 1h: MACD bullish; 4h: MACD bearish

[06:25:55] Cycle 648
  💰 Current Price: $1.50
  🎯 Signal: HOLD (confidence: 0.00)
  📝 Reason: 5m: MACD bearish; 15m: MACD bullish; 1h: MACD bullish; 4h: MACD bearish

[06:26:26] Cycle 649
  💰 Current Price: $1.50
  🎯 Signal: HOLD (confidence: 0.00)
  📝 Reason: 5m: MACD bearish; 15m: MACD bullish; 1h: MACD bullish; 4h: MACD bearish

[06:26:57] Cycle 650
  💰 Current Price: $1.50
  🎯 Signal: HOLD (confidence: 0.00)
  📝 Reason: 5m: MACD bearish; 15m: MACD bullish; 1h: MACD bullish; 4h: MACD bearish

[06:27:28] Cycle 651
  💰 Current Price: $1.50
  🎯 Signal: HOLD (confidence: 0.00)
  📝 Reason: 5m: MACD bearish; 15m: MACD bullish; 1h: MACD bullish; 4h: MACD bearish

[06:27:59] Cycle 652
  💰 Current Price: $1.50
  🎯 Signal: HOLD (confidence: 0.00)
  📝 Reason: 5m: MACD bearish; 15m: MACD bullish; 1h: MACD bullish; 4h: MACD bearish

[06:28:30] Cycle 653
  💰 Current Price: $1.50
  🎯 Signal: HOLD (confidence: 0.00)
  📝 Reason: 5m: MACD bearish; 15m: MACD bullish; 1h: MACD bullish; 4h: MACD bearish

[06:29:01] Cycle 654
  💰 Current Price: $1.50
  🎯 Signal: HOLD (confidence: 0.00)
  📝 Reason: 5m: MACD bearish; 15m: MACD bullish; 1h: MACD bullish; 4h: MACD bearish

[06:29:31] Cycle 655
  💰 Current Price: $1.50
  🎯 Signal: HOLD (confidence: 0.00)
  📝 Reason: 5m: MACD bearish; 15m: MACD bullish; 1h: MACD bullish; 4h: MACD bearish

[06:30:02] Cycle 656
  💰 Current Price: $1.50
  🎯 Signal: BUY (confidence: 0.30)
  📝 Reason: 5m: RSI oversold (33.0); 5m: MACD bearish; 15m: RSI oversold (34.2); 15m: MACD bullish

[06:30:33] Cycle 657
  💰 Current Price: $1.50
  🎯 Signal: BUY (confidence: 0.30)
  📝 Reason: 5m: RSI oversold (33.0); 5m: MACD bearish; 15m: RSI oversold (34.2); 15m: MACD bullish

[06:31:04] Cycle 658
  💰 Current Price: $1.50
  🎯 Signal: BUY (confidence: 0.30)
  📝 Reason: 5m: RSI oversold (33.0); 5m: MACD bearish; 15m: RSI oversold (34.2); 15m: MACD bullish

[06:31:35] Cycle 659
  💰 Current Price: $1.50
  🎯 Signal: BUY (confidence: 0.30)
  📝 Reason: 5m: RSI oversold (33.0); 5m: MACD bearish; 15m: RSI oversold (34.2); 15m: MACD bullish

[06:32:05] Cycle 660
  💰 Current Price: $1.50
  🎯 Signal: HOLD (confidence: 0.10)
  📝 Reason: 5m: RSI oversold (34.1); 5m: MACD bearish; 15m: MACD bullish; 1h: MACD bullish

[06:32:36] Cycle 661
  💰 Current Price: $1.50
  🎯 Signal: HOLD (confidence: 0.10)
  📝 Reason: 5m: RSI oversold (34.1); 5m: MACD bearish; 15m: MACD bullish; 1h: MACD bullish

[06:33:07] Cycle 662
  💰 Current Price: $1.50
  🎯 Signal: HOLD (confidence: 0.10)
  📝 Reason: 5m: RSI oversold (34.1); 5m: MACD bearish; 15m: MACD bullish; 1h: MACD bullish

[06:33:38] Cycle 663
  💰 Current Price: $1.50
  🎯 Signal: HOLD (confidence: 0.10)
  📝 Reason: 5m: RSI oversold (34.1); 5m: MACD bearish; 15m: MACD bullish; 1h: MACD bullish

[06:34:09] Cycle 664
  💰 Current Price: $1.50
  🎯 Signal: HOLD (confidence: 0.10)
  📝 Reason: 5m: RSI oversold (34.1); 5m: MACD bearish; 15m: MACD bullish; 1h: MACD bullish

[06:34:40] Cycle 665
  💰 Current Price: $1.50
  🎯 Signal: HOLD (confidence: 0.10)
  📝 Reason: 5m: RSI oversold (34.1); 5m: MACD bearish; 15m: MACD bullish; 1h: MACD bullish

[06:35:11] Cycle 666
  💰 Current Price: $1.50
  🎯 Signal: HOLD (confidence: 0.00)
  📝 Reason: 5m: MACD bearish; 15m: MACD bullish; 1h: MACD bullish; 4h: MACD bearish

[06:35:41] Cycle 667
  💰 Current Price: $1.50
  🎯 Signal: HOLD (confidence: 0.00)
  📝 Reason: 5m: MACD bearish; 15m: MACD bullish; 1h: MACD bullish; 4h: MACD bearish

[06:36:12] Cycle 668
  💰 Current Price: $1.50
  🎯 Signal: BUY (confidence: 0.20)
  📝 Reason: 5m: MACD bearish; 15m: RSI oversold (34.9); 15m: MACD bullish; 1h: MACD bullish

[06:36:43] Cycle 669
  💰 Current Price: $1.50
  🎯 Signal: BUY (confidence: 0.20)
  📝 Reason: 5m: MACD bearish; 15m: RSI oversold (34.9); 15m: MACD bullish; 1h: MACD bullish

[06:37:14] Cycle 670
  💰 Current Price: $1.50
  🎯 Signal: BUY (confidence: 0.20)
  📝 Reason: 5m: MACD bearish; 15m: RSI oversold (34.9); 15m: MACD bullish; 1h: MACD bullish

[06:37:45] Cycle 671
  💰 Current Price: $1.50
  🎯 Signal: BUY (confidence: 0.20)
  📝 Reason: 5m: MACD bearish; 15m: RSI oversold (34.9); 15m: MACD bullish; 1h: MACD bullish

[06:38:16] Cycle 672
  💰 Current Price: $1.50
  🎯 Signal: BUY (confidence: 0.20)
  📝 Reason: 5m: MACD bearish; 15m: RSI oversold (34.9); 15m: MACD bullish; 1h: MACD bullish

[06:38:46] Cycle 673
  💰 Current Price: $1.50
  🎯 Signal: BUY (confidence: 0.20)
  📝 Reason: 5m: MACD bearish; 15m: RSI oversold (34.9); 15m: MACD bullish; 1h: MACD bullish

[06:39:17] Cycle 674
  💰 Current Price: $1.50
  🎯 Signal: BUY (confidence: 0.30)
  📝 Reason: 5m: RSI oversold (34.8); 5m: MACD bearish; 15m: RSI oversold (33.6); 15m: MACD bullish

[06:39:48] Cycle 675
  💰 Current Price: $1.50
  🎯 Signal: BUY (confidence: 0.30)
  📝 Reason: 5m: RSI oversold (34.8); 5m: MACD bearish; 15m: RSI oversold (33.6); 15m: MACD bullish

[06:40:18] Cycle 676
  💰 Current Price: $1.50
  🎯 Signal: BUY (confidence: 0.20)
  📝 Reason: 5m: MACD bearish; 15m: RSI oversold (34.2); 15m: MACD bullish; 1h: MACD bullish

[06:40:49] Cycle 677
  💰 Current Price: $1.50
  🎯 Signal: BUY (confidence: 0.20)
  📝 Reason: 5m: MACD bearish; 15m: RSI oversold (34.2); 15m: MACD bullish; 1h: MACD bullish

[06:41:20] Cycle 678
  💰 Current Price: $1.50
  🎯 Signal: HOLD (confidence: 0.00)
  📝 Reason: 5m: MACD bearish; 15m: MACD bullish; 1h: MACD bullish; 4h: MACD bearish

[06:41:51] Cycle 679
  💰 Current Price: $1.50
  🎯 Signal: HOLD (confidence: 0.00)
  📝 Reason: 5m: MACD bearish; 15m: MACD bullish; 1h: MACD bullish; 4h: MACD bearish

[06:42:21] Cycle 680
  💰 Current Price: $1.50
  🎯 Signal: HOLD (confidence: 0.00)
  📝 Reason: 5m: MACD bearish; 15m: MACD bullish; 1h: MACD bullish; 4h: MACD bearish

[06:42:52] Cycle 681
  💰 Current Price: $1.50
  🎯 Signal: HOLD (confidence: 0.00)
  📝 Reason: 5m: MACD bearish; 15m: MACD bullish; 1h: MACD bullish; 4h: MACD bearish

[06:43:23] Cycle 682
  💰 Current Price: $1.50
  🎯 Signal: HOLD (confidence: 0.00)
  📝 Reason: 5m: MACD bearish; 15m: MACD bullish; 1h: MACD bullish; 4h: MACD bearish

[06:43:54] Cycle 683
  💰 Current Price: $1.50
  🎯 Signal: HOLD (confidence: 0.00)
  📝 Reason: 5m: MACD bearish; 15m: MACD bullish; 1h: MACD bullish; 4h: MACD bearish

[06:44:25] Cycle 684
  💰 Current Price: $1.50
  🎯 Signal: HOLD (confidence: 0.00)
  📝 Reason: 5m: MACD bearish; 15m: MACD bullish; 1h: MACD bullish; 4h: MACD bearish

[06:44:55] Cycle 685
  💰 Current Price: $1.50
  🎯 Signal: HOLD (confidence: 0.00)
  📝 Reason: 5m: MACD bearish; 15m: MACD bullish; 1h: MACD bullish; 4h: MACD bearish

[06:24:22] Cycle 640
  💰 Current Price: $1.50
  🎯 Signal: HOLD (confidence: 0.10)
  📝 Reason: 5m: MACD bullish; 15m: MACD bullish; 1h: MACD bullish; 4h: MACD bearish

[06:24:53] Cycle 641
  💰 Current Price: $1.50
  🎯 Signal: HOLD (confidence: 0.10)
  📝 Reason: 5m: MACD bullish; 15m: MACD bullish; 1h: MACD bullish; 4h: MACD bearish

[06:25:24] Cycle 642
  💰 Current Price: $1.50
  🎯 Signal: HOLD (confidence: 0.00)
  📝 Reason: 5m: MACD bearish; 15m: MACD bullish; 1h: MACD bullish; 4h: MACD bearish

[06:25:55] Cycle 643
  💰 Current Price: $1.50
  🎯 Signal: HOLD (confidence: 0.00)
  📝 Reason: 5m: MACD bearish; 15m: MACD bullish; 1h: MACD bullish; 4h: MACD bearish

[06:26:26] Cycle 644
  💰 Current Price: $1.50
  🎯 Signal: HOLD (confidence: 0.00)
  📝 Reason: 5m: MACD bearish; 15m: MACD bullish; 1h: MACD bullish; 4h: MACD bearish

[06:26:57] Cycle 645
  💰 Current Price: $1.50
  🎯 Signal: HOLD (confidence: 0.00)
  📝 Reason: 5m: MACD bearish; 15m: MACD bullish; 1h: MACD bullish; 4h: MACD bearish

[06:27:28] Cycle 646
  💰 Current Price: $1.50
  🎯 Signal: HOLD (confidence: 0.00)
  📝 Reason: 5m: MACD bearish; 15m: MACD bullish; 1h: MACD bullish; 4h: MACD bearish

[06:27:59] Cycle 647
  💰 Current Price: $1.50
  🎯 Signal: HOLD (confidence: 0.00)
  📝 Reason: 5m: MACD bearish; 15m: MACD bullish; 1h: MACD bullish; 4h: MACD bearish

[06:28:30] Cycle 648
  💰 Current Price: $1.50
  🎯 Signal: HOLD (confidence: 0.00)
  📝 Reason: 5m: MACD bearish; 15m: MACD bullish; 1h: MACD bullish; 4h: MACD bearish

[06:29:01] Cycle 649
  💰 Current Price: $1.50
  🎯 Signal: HOLD (confidence: 0.00)
  📝 Reason: 5m: MACD bearish; 15m: MACD bullish; 1h: MACD bullish; 4h: MACD bearish

[06:29:32] Cycle 650
  💰 Current Price: $1.50
  🎯 Signal: HOLD (confidence: 0.00)
  📝 Reason: 5m: MACD bearish; 15m: MACD bullish; 1h: MACD bullish; 4h: MACD bearish

[06:30:02] Cycle 651
  💰 Current Price: $1.50
  🎯 Signal: BUY (confidence: 0.30)
  📝 Reason: 5m: RSI oversold (33.0); 5m: MACD bearish; 15m: RSI oversold (34.2); 15m: MACD bullish

[06:30:33] Cycle 652
  💰 Current Price: $1.50
  🎯 Signal: BUY (confidence: 0.30)
  📝 Reason: 5m: RSI oversold (33.0); 5m: MACD bearish; 15m: RSI oversold (34.2); 15m: MACD bullish

[06:31:04] Cycle 653
  💰 Current Price: $1.50
  🎯 Signal: BUY (confidence: 0.30)
  📝 Reason: 5m: RSI oversold (33.0); 5m: MACD bearish; 15m: RSI oversold (34.2); 15m: MACD bullish

[06:31:35] Cycle 654
  💰 Current Price: $1.50
  🎯 Signal: BUY (confidence: 0.30)
  📝 Reason: 5m: RSI oversold (33.0); 5m: MACD bearish; 15m: RSI oversold (34.2); 15m: MACD bullish

[06:32:06] Cycle 655
  💰 Current Price: $1.50
  🎯 Signal: HOLD (confidence: 0.10)
  📝 Reason: 5m: RSI oversold (34.1); 5m: MACD bearish; 15m: MACD bullish; 1h: MACD bullish

[06:32:36] Cycle 656
  💰 Current Price: $1.50
  🎯 Signal: HOLD (confidence: 0.10)
  📝 Reason: 5m: RSI oversold (34.1); 5m: MACD bearish; 15m: MACD bullish; 1h: MACD bullish

[06:33:07] Cycle 657
  💰 Current Price: $1.50
  🎯 Signal: HOLD (confidence: 0.10)
  📝 Reason: 5m: RSI oversold (34.1); 5m: MACD bearish; 15m: MACD bullish; 1h: MACD bullish

[06:33:38] Cycle 658
  💰 Current Price: $1.50
  🎯 Signal: HOLD (confidence: 0.10)
  📝 Reason: 5m: RSI oversold (34.1); 5m: MACD bearish; 15m: MACD bullish; 1h: MACD bullish

[06:34:09] Cycle 659
  💰 Current Price: $1.50
  🎯 Signal: HOLD (confidence: 0.10)
  📝 Reason: 5m: RSI oversold (34.1); 5m: MACD bearish; 15m: MACD bullish; 1h: MACD bullish

[06:34:40] Cycle 660
  💰 Current Price: $1.50
  🎯 Signal: HOLD (confidence: 0.10)
  📝 Reason: 5m: RSI oversold (34.1); 5m: MACD bearish; 15m: MACD bullish; 1h: MACD bullish

[06:35:11] Cycle 661
  💰 Current Price: $1.50
  🎯 Signal: HOLD (confidence: 0.00)
  📝 Reason: 5m: MACD bearish; 15m: MACD bullish; 1h: MACD bullish; 4h: MACD bearish

[06:35:41] Cycle 662
  💰 Current Price: $1.50
  🎯 Signal: HOLD (confidence: 0.00)
  📝 Reason: 5m: MACD bearish; 15m: MACD bullish; 1h: MACD bullish; 4h: MACD bearish

[06:36:12] Cycle 663
  💰 Current Price: $1.50
  🎯 Signal: BUY (confidence: 0.20)
  📝 Reason: 5m: MACD bearish; 15m: RSI oversold (34.9); 15m: MACD bullish; 1h: MACD bullish

[06:36:43] Cycle 664
  💰 Current Price: $1.50
  🎯 Signal: BUY (confidence: 0.20)
  📝 Reason: 5m: MACD bearish; 15m: RSI oversold (34.9); 15m: MACD bullish; 1h: MACD bullish

[06:37:14] Cycle 665
  💰 Current Price: $1.50
  🎯 Signal: BUY (confidence: 0.20)
  📝 Reason: 5m: MACD bearish; 15m: RSI oversold (34.9); 15m: MACD bullish; 1h: MACD bullish

[06:37:45] Cycle 666
  💰 Current Price: $1.50
  🎯 Signal: BUY (confidence: 0.20)
  📝 Reason: 5m: MACD bearish; 15m: RSI oversold (34.9); 15m: MACD bullish; 1h: MACD bullish

[06:38:16] Cycle 667
  💰 Current Price: $1.50
  🎯 Signal: BUY (confidence: 0.20)
  📝 Reason: 5m: MACD bearish; 15m: RSI oversold (34.9); 15m: MACD bullish; 1h: MACD bullish

[06:38:46] Cycle 668
  💰 Current Price: $1.50
  🎯 Signal: BUY (confidence: 0.20)
  📝 Reason: 5m: MACD bearish; 15m: RSI oversold (34.9); 15m: MACD bullish; 1h: MACD bullish

[06:39:17] Cycle 669
  💰 Current Price: $1.50
  🎯 Signal: BUY (confidence: 0.30)
  📝 Reason: 5m: RSI oversold (34.8); 5m: MACD bearish; 15m: RSI oversold (33.6); 15m: MACD bullish

[06:39:48] Cycle 670
  💰 Current Price: $1.50
  🎯 Signal: BUY (confidence: 0.30)
  📝 Reason: 5m: RSI oversold (34.8); 5m: MACD bearish; 15m: RSI oversold (33.6); 15m: MACD bullish

[06:40:18] Cycle 671
  💰 Current Price: $1.50
  🎯 Signal: BUY (confidence: 0.20)
  📝 Reason: 5m: MACD bearish; 15m: RSI oversold (34.2); 15m: MACD bullish; 1h: MACD bullish

[06:40:49] Cycle 672
  💰 Current Price: $1.50
  🎯 Signal: BUY (confidence: 0.20)
  📝 Reason: 5m: MACD bearish; 15m: RSI oversold (34.2); 15m: MACD bullish; 1h: MACD bullish

[06:41:20] Cycle 673
  💰 Current Price: $1.50
  🎯 Signal: HOLD (confidence: 0.00)
  📝 Reason: 5m: MACD bearish; 15m: MACD bullish; 1h: MACD bullish; 4h: MACD bearish

[06:41:51] Cycle 674
  💰 Current Price: $1.50
  🎯 Signal: HOLD (confidence: 0.00)
  📝 Reason: 5m: MACD bearish; 15m: MACD bullish; 1h: MACD bullish; 4h: MACD bearish

[06:42:21] Cycle 675
  💰 Current Price: $1.50
  🎯 Signal: HOLD (confidence: 0.00)
  📝 Reason: 5m: MACD bearish; 15m: MACD bullish; 1h: MACD bullish; 4h: MACD bearish

[06:42:52] Cycle 676
  💰 Current Price: $1.50
  🎯 Signal: HOLD (confidence: 0.00)
  📝 Reason: 5m: MACD bearish; 15m: MACD bullish; 1h: MACD bullish; 4h: MACD bearish

[06:43:23] Cycle 677
  💰 Current Price: $1.50
  🎯 Signal: HOLD (confidence: 0.00)
  📝 Reason: 5m: MACD bearish; 15m: MACD bullish; 1h: MACD bullish; 4h: MACD bearish

[06:43:54] Cycle 678
  💰 Current Price: $1.50
  🎯 Signal: HOLD (confidence: 0.00)
  📝 Reason: 5m: MACD bearish; 15m: MACD bullish; 1h: MACD bullish; 4h: MACD bearish

[06:44:25] Cycle 679
  💰 Current Price: $1.50
  🎯 Signal: HOLD (confidence: 0.00)
  📝 Reason: 5m: MACD bearish; 15m: MACD bullish; 1h: MACD bullish; 4h: MACD bearish

[06:44:55] Cycle 680
  💰 Current Price: $1.50
  🎯 Signal: HOLD (confidence: 0.00)
  📝 Reason: 5m: MACD bearish; 15m: MACD bullish; 1h: MACD bullish; 4h: MACD bearish

[06:45:26] Cycle 681
  💰 Current Price: $1.50
  🎯 Signal: HOLD (confidence: 0.00)
  📝 Reason: 5m: MACD bearish; 15m: MACD bullish; 1h: MACD bullish; 4h: MACD bearish

[06:45:57] Cycle 682
  💰 Current Price: $1.50
  🎯 Signal: HOLD (confidence: 0.00)
  📝 Reason: 5m: MACD bearish; 15m: MACD bullish; 1h: MACD bullish; 4h: MACD bearish

[06:46:28] Cycle 683
  💰 Current Price: $1.50
  🎯 Signal: HOLD (confidence: 0.00)
  📝 Reason: 5m: MACD bearish; 15m: MACD bullish; 1h: MACD bullish; 4h: MACD bearish

[06:46:59] Cycle 684
  💰 Current Price: $1.50
  🎯 Signal: HOLD (confidence: 0.00)
  📝 Reason: 5m: MACD bearish; 15m: MACD bullish; 1h: MACD bullish; 4h: MACD bearish

[06:47:30] Cycle 685
  💰 Current Price: $1.50
  🎯 Signal: HOLD (confidence: 0.00)

[06:45:26] Cycle 686
  💰 Current Price: $1.50
  🎯 Signal: HOLD (confidence: 0.00)
  📝 Reason: 5m: MACD bearish; 15m: MACD bullish; 1h: MACD bullish; 4h: MACD bearish

[06:45:57] Cycle 687
  💰 Current Price: $1.50
  🎯 Signal: HOLD (confidence: 0.00)
  📝 Reason: 5m: MACD bearish; 15m: MACD bullish; 1h: MACD bullish; 4h: MACD bearish

[06:46:28] Cycle 688
  💰 Current Price: $1.50
  🎯 Signal: HOLD (confidence: 0.00)
  📝 Reason: 5m: MACD bearish; 15m: MACD bullish; 1h: MACD bullish; 4h: MACD bearish

[06:46:59] Cycle 689
  💰 Current Price: $1.50
  🎯 Signal: HOLD (confidence: 0.00)
  📝 Reason: 5m: MACD bearish; 15m: MACD bullish; 1h: MACD bullish; 4h: MACD bearish

[06:47:30] Cycle 690
  💰 Current Price: $1.50
  🎯 Signal: HOLD (confidence: 0.00)
  📝 Reason: 5m: MACD bearish; 15m: MACD bullish; 1h: MACD bullish; 4h: MACD bearish

[06:48:00] Cycle 691
  💰 Current Price: $1.50
  🎯 Signal: HOLD (confidence: 0.00)
  📝 Reason: 5m: MACD bearish; 15m: MACD bullish; 1h: MACD bullish; 4h: MACD bearish

[06:48:31] Cycle 692
  💰 Current Price: $1.50
  🎯 Signal: HOLD (confidence: 0.00)
  📝 Reason: 5m: MACD bearish; 15m: MACD bullish; 1h: MACD bullish; 4h: MACD bearish

[06:49:02] Cycle 693
  💰 Current Price: $1.50
  🎯 Signal: HOLD (confidence: 0.00)
  📝 Reason: 5m: MACD bearish; 15m: MACD bullish; 1h: MACD bullish; 4h: MACD bearish

[06:49:33] Cycle 694
  💰 Current Price: $1.50
  🎯 Signal: HOLD (confidence: 0.00)
  📝 Reason: 5m: MACD bearish; 15m: MACD bullish; 1h: MACD bullish; 4h: MACD bearish

[06:50:04] Cycle 695
  💰 Current Price: $1.50
  🎯 Signal: HOLD (confidence: 0.00)
  📝 Reason: 5m: MACD bearish; 15m: MACD bullish; 1h: MACD bullish; 4h: MACD bearish

[06:50:35] Cycle 696
  💰 Current Price: $1.50
  🎯 Signal: HOLD (confidence: 0.00)
  📝 Reason: 5m: MACD bearish; 15m: MACD bullish; 1h: MACD bullish; 4h: MACD bearish

[06:51:05] Cycle 697
  💰 Current Price: $1.50
  🎯 Signal: HOLD (confidence: 0.00)
  📝 Reason: 5m: MACD bearish; 15m: MACD bullish; 1h: MACD bullish; 4h: MACD bearish

[06:51:36] Cycle 698
  💰 Current Price: $1.50
  🎯 Signal: HOLD (confidence: 0.00)
  📝 Reason: 5m: MACD bearish; 15m: MACD bullish; 1h: MACD bullish; 4h: MACD bearish

[06:52:07] Cycle 699
  💰 Current Price: $1.50
  🎯 Signal: HOLD (confidence: 0.00)
  📝 Reason: 5m: MACD bearish; 15m: MACD bullish; 1h: MACD bullish; 4h: MACD bearish

[06:52:38] Cycle 700
  💰 Current Price: $1.50
  🎯 Signal: HOLD (confidence: 0.00)
  📝 Reason: 5m: MACD bearish; 15m: MACD bullish; 1h: MACD bullish; 4h: MACD bearish

[06:53:08] Cycle 701
  💰 Current Price: $1.50
  🎯 Signal: HOLD (confidence: 0.10)
  📝 Reason: 5m: RSI oversold (34.5); 5m: MACD bearish; 15m: MACD bullish; 1h: MACD bullish

[06:53:39] Cycle 702
  💰 Current Price: $1.50
  🎯 Signal: HOLD (confidence: 0.10)
  📝 Reason: 5m: RSI oversold (32.9); 5m: MACD bearish; 15m: MACD bullish; 1h: MACD bullish

[06:54:10] Cycle 703
  💰 Current Price: $1.50
  🎯 Signal: HOLD (confidence: 0.10)
  📝 Reason: 5m: RSI oversold (32.9); 5m: MACD bearish; 15m: MACD bullish; 1h: MACD bullish

[06:54:41] Cycle 704
  💰 Current Price: $1.50
  🎯 Signal: HOLD (confidence: 0.10)
  📝 Reason: 5m: RSI oversold (32.9); 5m: MACD bearish; 15m: MACD bullish; 1h: MACD bullish

[06:55:12] Cycle 705
  💰 Current Price: $1.50
  🎯 Signal: HOLD (confidence: 0.10)
  📝 Reason: 5m: RSI oversold (34.4); 5m: MACD bearish; 15m: MACD bullish; 1h: MACD bullish

[06:55:43] Cycle 706
  💰 Current Price: $1.50
  🎯 Signal: HOLD (confidence: 0.10)
  📝 Reason: 5m: RSI oversold (34.4); 5m: MACD bearish; 15m: MACD bullish; 1h: MACD bullish

[06:56:14] Cycle 707
  💰 Current Price: $1.50
  🎯 Signal: HOLD (confidence: 0.10)
  📝 Reason: 5m: RSI oversold (34.4); 5m: MACD bearish; 15m: MACD bullish; 1h: MACD bullish

[06:56:44] Cycle 708
  💰 Current Price: $1.50
  🎯 Signal: HOLD (confidence: 0.10)
  📝 Reason: 5m: RSI oversold (34.4); 5m: MACD bearish; 15m: MACD bullish; 1h: MACD bullish

[06:57:15] Cycle 709
  💰 Current Price: $1.50
  🎯 Signal: HOLD (confidence: 0.00)
  📝 Reason: 5m: MACD bearish; 15m: MACD bullish; 1h: MACD bullish; 4h: MACD bearish

[06:57:46] Cycle 710
  💰 Current Price: $1.50
  🎯 Signal: HOLD (confidence: 0.00)
  📝 Reason: 5m: MACD bearish; 15m: MACD bullish; 1h: MACD bullish; 4h: MACD bearish

[06:58:17] Cycle 711
  💰 Current Price: $1.50
  🎯 Signal: HOLD (confidence: 0.00)
  📝 Reason: 5m: MACD bearish; 15m: MACD bullish; 1h: MACD bullish; 4h: MACD bearish

[06:58:48] Cycle 712
  💰 Current Price: $1.50
  🎯 Signal: HOLD (confidence: 0.00)
  📝 Reason: 5m: MACD bearish; 15m: MACD bullish; 1h: MACD bullish; 4h: MACD bearish

[06:59:19] Cycle 713
  💰 Current Price: $1.50
  🎯 Signal: HOLD (confidence: 0.00)
  📝 Reason: 5m: MACD bearish; 15m: MACD bullish; 1h: MACD bullish; 4h: MACD bearish

[06:59:50] Cycle 714
  💰 Current Price: $1.50
  🎯 Signal: HOLD (confidence: 0.00)
  📝 Reason: 5m: MACD bearish; 15m: MACD bullish; 1h: MACD bullish; 4h: MACD bearish

[07:00:20] Cycle 715
  💰 Current Price: $1.50
  🎯 Signal: HOLD (confidence: 0.00)
  📝 Reason: 5m: MACD bearish; 15m: MACD bullish; 1h: MACD bullish; 4h: MACD bearish

[07:00:52] Cycle 716
  💰 Current Price: $1.50
  🎯 Signal: HOLD (confidence: 0.00)
  📝 Reason: 5m: MACD bearish; 15m: MACD bullish; 1h: MACD bullish; 4h: MACD bearish

[07:01:22] Cycle 717
  💰 Current Price: $1.50
  🎯 Signal: HOLD (confidence: 0.10)
  📝 Reason: 5m: MACD bearish; 15m: MACD bullish; 1h: MACD bullish; 4h: MACD bearish

[07:01:53] Cycle 718
  💰 Current Price: $1.50
  🎯 Signal: HOLD (confidence: 0.10)
  📝 Reason: 5m: MACD bearish; 15m: MACD bullish; 1h: MACD bullish; 4h: MACD bearish

[07:02:24] Cycle 719
  💰 Current Price: $1.50
  🎯 Signal: HOLD (confidence: 0.10)
  📝 Reason: 5m: MACD bearish; 15m: MACD bullish; 1h: MACD bullish; 4h: MACD bearish

[07:02:55] Cycle 720
  💰 Current Price: $1.50
  🎯 Signal: HOLD (confidence: 0.10)
  📝 Reason: 5m: MACD bearish; 15m: MACD bullish; 1h: MACD bullish; 4h: MACD bearish

[07:03:26] Cycle 721
  💰 Current Price: $1.49
  🎯 Signal: HOLD (confidence: 0.00)
  📝 Reason: 5m: RSI oversold (34.1); 5m: MACD bearish; 15m: MACD bullish; 1h: MACD bullish

[07:03:56] Cycle 722
  💰 Current Price: $1.49
  🎯 Signal: HOLD (confidence: 0.00)
  📝 Reason: 5m: RSI oversold (34.1); 5m: MACD bearish; 15m: MACD bullish; 1h: MACD bullish

[07:04:27] Cycle 723
  💰 Current Price: $1.49
  🎯 Signal: HOLD (confidence: 0.00)
  📝 Reason: 5m: RSI oversold (34.1); 5m: MACD bearish; 15m: MACD bullish; 1h: MACD bullish

[07:04:58] Cycle 724
  💰 Current Price: $1.49
  🎯 Signal: HOLD (confidence: 0.00)
  📝 Reason: 5m: RSI oversold (34.1); 5m: MACD bearish; 15m: MACD bullish; 1h: MACD bullish

[07:05:29] Cycle 725
  💰 Current Price: $1.49
  🎯 Signal: HOLD (confidence: 0.00)
  📝 Reason: 5m: RSI oversold (29.1); 5m: MACD bearish; 15m: MACD bullish; 1h: MACD bullish

[07:06:00] Cycle 726
  💰 Current Price: $1.49
  🎯 Signal: HOLD (confidence: 0.00)
  📝 Reason: 5m: RSI oversold (29.8); 5m: MACD bearish; 15m: MACD bullish; 1h: MACD bullish

[07:06:31] Cycle 727
  💰 Current Price: $1.49
  🎯 Signal: HOLD (confidence: 0.00)
  📝 Reason: 5m: RSI oversold (27.6); 5m: MACD bearish; 15m: MACD bullish; 1h: MACD bullish

[07:07:02] Cycle 728
  💰 Current Price: $1.49
  🎯 Signal: HOLD (confidence: 0.00)
  📝 Reason: 5m: RSI oversold (27.6); 5m: MACD bearish; 15m: MACD bullish; 1h: MACD bullish

[07:07:33] Cycle 729
  💰 Current Price: $1.49
  🎯 Signal: HOLD (confidence: 0.00)
  📝 Reason: 5m: RSI oversold (27.6); 5m: MACD bearish; 15m: MACD bullish; 1h: MACD bullish

[07:08:04] Cycle 730
  💰 Current Price: $1.49
  🎯 Signal: HOLD (confidence: 0.00)
  📝 Reason: 5m: RSI oversold (27.6); 5m: MACD bearish; 15m: MACD bullish; 1h: MACD bullish

[07:08:35] Cycle 731
  💰 Current Price: $1.49
  🎯 Signal: HOLD (confidence: 0.00)
  📝 Reason: 5m: MACD bearish; 15m: MACD bullish; 1h: MACD bullish; 4h: MACD bearish

[06:48:00] Cycle 686
  💰 Current Price: $1.50
  🎯 Signal: HOLD (confidence: 0.00)
  📝 Reason: 5m: MACD bearish; 15m: MACD bullish; 1h: MACD bullish; 4h: MACD bearish

[06:48:31] Cycle 687
  💰 Current Price: $1.50
  🎯 Signal: HOLD (confidence: 0.00)
  📝 Reason: 5m: MACD bearish; 15m: MACD bullish; 1h: MACD bullish; 4h: MACD bearish

[06:49:02] Cycle 688
  💰 Current Price: $1.50
  🎯 Signal: HOLD (confidence: 0.00)
  📝 Reason: 5m: MACD bearish; 15m: MACD bullish; 1h: MACD bullish; 4h: MACD bearish

[06:49:33] Cycle 689
  💰 Current Price: $1.50
  🎯 Signal: HOLD (confidence: 0.00)
  📝 Reason: 5m: MACD bearish; 15m: MACD bullish; 1h: MACD bullish; 4h: MACD bearish

[06:50:04] Cycle 690
  💰 Current Price: $1.50
  🎯 Signal: HOLD (confidence: 0.00)
  📝 Reason: 5m: MACD bearish; 15m: MACD bullish; 1h: MACD bullish; 4h: MACD bearish

[06:50:35] Cycle 691
  💰 Current Price: $1.50
  🎯 Signal: HOLD (confidence: 0.00)
  📝 Reason: 5m: MACD bearish; 15m: MACD bullish; 1h: MACD bullish; 4h: MACD bearish

[06:51:05] Cycle 692
  💰 Current Price: $1.50
  🎯 Signal: HOLD (confidence: 0.00)
  📝 Reason: 5m: MACD bearish; 15m: MACD bullish; 1h: MACD bullish; 4h: MACD bearish

[06:51:36] Cycle 693
  💰 Current Price: $1.50
  🎯 Signal: HOLD (confidence: 0.00)
  📝 Reason: 5m: MACD bearish; 15m: MACD bullish; 1h: MACD bullish; 4h: MACD bearish

[06:52:07] Cycle 694
  💰 Current Price: $1.50
  🎯 Signal: HOLD (confidence: 0.00)
  📝 Reason: 5m: MACD bearish; 15m: MACD bullish; 1h: MACD bullish; 4h: MACD bearish

[06:52:38] Cycle 695
  💰 Current Price: $1.50
  🎯 Signal: HOLD (confidence: 0.00)
  📝 Reason: 5m: MACD bearish; 15m: MACD bullish; 1h: MACD bullish; 4h: MACD bearish

[06:53:08] Cycle 696
  💰 Current Price: $1.50
  🎯 Signal: HOLD (confidence: 0.10)
  📝 Reason: 5m: RSI oversold (34.5); 5m: MACD bearish; 15m: MACD bullish; 1h: MACD bullish

[06:53:39] Cycle 697
  💰 Current Price: $1.50
  🎯 Signal: HOLD (confidence: 0.10)
  📝 Reason: 5m: RSI oversold (32.9); 5m: MACD bearish; 15m: MACD bullish; 1h: MACD bullish

[06:54:10] Cycle 698
  💰 Current Price: $1.50
  🎯 Signal: HOLD (confidence: 0.10)
  📝 Reason: 5m: RSI oversold (32.9); 5m: MACD bearish; 15m: MACD bullish; 1h: MACD bullish

[06:54:41] Cycle 699
  💰 Current Price: $1.50
  🎯 Signal: HOLD (confidence: 0.10)
  📝 Reason: 5m: RSI oversold (32.9); 5m: MACD bearish; 15m: MACD bullish; 1h: MACD bullish

[06:55:12] Cycle 700
  💰 Current Price: $1.50
  🎯 Signal: HOLD (confidence: 0.10)
  📝 Reason: 5m: RSI oversold (34.4); 5m: MACD bearish; 15m: MACD bullish; 1h: MACD bullish

[06:55:43] Cycle 701
  💰 Current Price: $1.50
  🎯 Signal: HOLD (confidence: 0.10)
  📝 Reason: 5m: RSI oversold (34.4); 5m: MACD bearish; 15m: MACD bullish; 1h: MACD bullish

[06:56:13] Cycle 702
  💰 Current Price: $1.50
  🎯 Signal: HOLD (confidence: 0.10)
  📝 Reason: 5m: RSI oversold (34.4); 5m: MACD bearish; 15m: MACD bullish; 1h: MACD bullish

[06:56:44] Cycle 703
  💰 Current Price: $1.50
  🎯 Signal: HOLD (confidence: 0.10)
  📝 Reason: 5m: RSI oversold (34.4); 5m: MACD bearish; 15m: MACD bullish; 1h: MACD bullish

[06:57:15] Cycle 704
  💰 Current Price: $1.50
  🎯 Signal: HOLD (confidence: 0.00)
  📝 Reason: 5m: MACD bearish; 15m: MACD bullish; 1h: MACD bullish; 4h: MACD bearish

[06:57:46] Cycle 705
  💰 Current Price: $1.50
  🎯 Signal: HOLD (confidence: 0.00)
  📝 Reason: 5m: MACD bearish; 15m: MACD bullish; 1h: MACD bullish; 4h: MACD bearish

[06:58:17] Cycle 706
  💰 Current Price: $1.50
  🎯 Signal: HOLD (confidence: 0.00)
  📝 Reason: 5m: MACD bearish; 15m: MACD bullish; 1h: MACD bullish; 4h: MACD bearish

[06:58:48] Cycle 707
  💰 Current Price: $1.50
  🎯 Signal: HOLD (confidence: 0.00)
  📝 Reason: 5m: MACD bearish; 15m: MACD bullish; 1h: MACD bullish; 4h: MACD bearish

[06:59:19] Cycle 708
  💰 Current Price: $1.50
  🎯 Signal: HOLD (confidence: 0.00)
  📝 Reason: 5m: MACD bearish; 15m: MACD bullish; 1h: MACD bullish; 4h: MACD bearish

[06:59:50] Cycle 709
  💰 Current Price: $1.50
  🎯 Signal: HOLD (confidence: 0.00)
  📝 Reason: 5m: MACD bearish; 15m: MACD bullish; 1h: MACD bullish; 4h: MACD bearish

[07:00:20] Cycle 710
  💰 Current Price: $1.50
  🎯 Signal: HOLD (confidence: 0.00)
  📝 Reason: 5m: MACD bearish; 15m: MACD bullish; 1h: MACD bullish; 4h: MACD bearish

[07:00:52] Cycle 711
  💰 Current Price: $1.50
  🎯 Signal: HOLD (confidence: 0.00)
  📝 Reason: 5m: MACD bearish; 15m: MACD bullish; 1h: MACD bullish; 4h: MACD bearish

[07:01:22] Cycle 712
  💰 Current Price: $1.50
  🎯 Signal: HOLD (confidence: 0.10)
  📝 Reason: 5m: MACD bearish; 15m: MACD bullish; 1h: MACD bullish; 4h: MACD bearish

[07:01:53] Cycle 713
  💰 Current Price: $1.50
  🎯 Signal: HOLD (confidence: 0.10)
  📝 Reason: 5m: MACD bearish; 15m: MACD bullish; 1h: MACD bullish; 4h: MACD bearish

[07:02:24] Cycle 714
  💰 Current Price: $1.50
  🎯 Signal: HOLD (confidence: 0.10)
  📝 Reason: 5m: MACD bearish; 15m: MACD bullish; 1h: MACD bullish; 4h: MACD bearish

[07:02:55] Cycle 715
  💰 Current Price: $1.50
  🎯 Signal: HOLD (confidence: 0.10)
  📝 Reason: 5m: MACD bearish; 15m: MACD bullish; 1h: MACD bullish; 4h: MACD bearish

[07:03:26] Cycle 716
  💰 Current Price: $1.49
  🎯 Signal: HOLD (confidence: 0.00)
  📝 Reason: 5m: RSI oversold (34.1); 5m: MACD bearish; 15m: MACD bullish; 1h: MACD bullish

[07:03:56] Cycle 717
  💰 Current Price: $1.49
  🎯 Signal: HOLD (confidence: 0.00)
  📝 Reason: 5m: RSI oversold (34.1); 5m: MACD bearish; 15m: MACD bullish; 1h: MACD bullish

[07:04:27] Cycle 718
  💰 Current Price: $1.49
  🎯 Signal: HOLD (confidence: 0.00)
  📝 Reason: 5m: RSI oversold (34.1); 5m: MACD bearish; 15m: MACD bullish; 1h: MACD bullish

[07:04:58] Cycle 719
  💰 Current Price: $1.49
  🎯 Signal: HOLD (confidence: 0.00)
  📝 Reason: 5m: RSI oversold (34.1); 5m: MACD bearish; 15m: MACD bullish; 1h: MACD bullish

[07:05:29] Cycle 720
  💰 Current Price: $1.49
  🎯 Signal: HOLD (confidence: 0.00)
  📝 Reason: 5m: RSI oversold (29.1); 5m: MACD bearish; 15m: MACD bullish; 1h: MACD bullish

[07:06:00] Cycle 721
  💰 Current Price: $1.49
  🎯 Signal: HOLD (confidence: 0.00)
  📝 Reason: 5m: RSI oversold (29.8); 5m: MACD bearish; 15m: MACD bullish; 1h: MACD bullish

[07:06:31] Cycle 722
  💰 Current Price: $1.49
  🎯 Signal: HOLD (confidence: 0.00)
  📝 Reason: 5m: RSI oversold (27.6); 5m: MACD bearish; 15m: MACD bullish; 1h: MACD bullish

[07:07:02] Cycle 723
  💰 Current Price: $1.49
  🎯 Signal: HOLD (confidence: 0.00)
  📝 Reason: 5m: RSI oversold (27.6); 5m: MACD bearish; 15m: MACD bullish; 1h: MACD bullish

[07:07:33] Cycle 724
  💰 Current Price: $1.49
  🎯 Signal: HOLD (confidence: 0.00)
  📝 Reason: 5m: RSI oversold (27.6); 5m: MACD bearish; 15m: MACD bullish; 1h: MACD bullish

[07:08:04] Cycle 725
  💰 Current Price: $1.49
  🎯 Signal: HOLD (confidence: 0.00)
  📝 Reason: 5m: RSI oversold (27.6); 5m: MACD bearish; 15m: MACD bullish; 1h: MACD bullish

[07:08:35] Cycle 726
  💰 Current Price: $1.49
  🎯 Signal: HOLD (confidence: 0.00)
  📝 Reason: 5m: RSI oversold (27.6); 5m: MACD bearish; 15m: MACD bullish; 1h: MACD bullish

[07:09:06] Cycle 727
  💰 Current Price: $1.49
  🎯 Signal: HOLD (confidence: 0.00)
  📝 Reason: 5m: RSI oversold (27.6); 5m: MACD bearish; 15m: MACD bullish; 1h: MACD bullish

[07:09:37] Cycle 728
  💰 Current Price: $1.49
  🎯 Signal: HOLD (confidence: 0.00)
  📝 Reason: 5m: RSI oversold (27.6); 5m: MACD bearish; 15m: MACD bullish; 1h: MACD bullish

[07:10:07] Cycle 729
  💰 Current Price: $1.49
  🎯 Signal: HOLD (confidence: 0.00)
  📝 Reason: 5m: RSI oversold (20.1); 5m: MACD bearish; 15m: MACD bullish; 1h: MACD bullish

[07:10:38] Cycle 730
  💰 Current Price: $1.49
  🎯 Signal: HOLD (confidence: 0.00)
  📝 Reason: 5m: RSI oversold (20.1); 5m: MACD bearish; 15m: MACD bullish; 1h: MACD bullish

[07:11:09] Cycle 731
  📝 Reason: 5m: RSI oversold (27.6); 5m: MACD bearish; 15m: MACD bullish; 1h: MACD bullish

[07:09:06] Cycle 732
  💰 Current Price: $1.49
  🎯 Signal: HOLD (confidence: 0.00)
  📝 Reason: 5m: RSI oversold (27.6); 5m: MACD bearish; 15m: MACD bullish; 1h: MACD bullish

[07:09:37] Cycle 733
  💰 Current Price: $1.49
  🎯 Signal: HOLD (confidence: 0.00)
  📝 Reason: 5m: RSI oversold (27.6); 5m: MACD bearish; 15m: MACD bullish; 1h: MACD bullish

[07:10:07] Cycle 734
  💰 Current Price: $1.49
  🎯 Signal: HOLD (confidence: 0.00)
  📝 Reason: 5m: RSI oversold (20.1); 5m: MACD bearish; 15m: MACD bullish; 1h: MACD bullish

[07:10:38] Cycle 735
  💰 Current Price: $1.49
  🎯 Signal: HOLD (confidence: 0.00)
  📝 Reason: 5m: RSI oversold (20.1); 5m: MACD bearish; 15m: MACD bullish; 1h: MACD bullish

[07:11:09] Cycle 736
  💰 Current Price: $1.49
  🎯 Signal: HOLD (confidence: 0.00)
  📝 Reason: 5m: RSI oversold (21.9); 5m: MACD bearish; 15m: MACD bullish; 1h: MACD bullish

[07:11:40] Cycle 737
  💰 Current Price: $1.49
  🎯 Signal: HOLD (confidence: 0.00)
  📝 Reason: 5m: RSI oversold (21.9); 5m: MACD bearish; 15m: MACD bullish; 1h: MACD bullish

[07:12:11] Cycle 738
  💰 Current Price: $1.50
  🎯 Signal: HOLD (confidence: 0.00)
  📝 Reason: 5m: RSI oversold (25.5); 5m: MACD bearish; 15m: MACD bullish; 1h: MACD bullish

[07:12:42] Cycle 739
  💰 Current Price: $1.50
  🎯 Signal: HOLD (confidence: 0.10)
  📝 Reason: 5m: RSI oversold (28.4); 5m: MACD bearish; 15m: MACD bullish; 1h: MACD bullish

[07:13:13] Cycle 740
  💰 Current Price: $1.50
  🎯 Signal: HOLD (confidence: 0.10)
  📝 Reason: 5m: RSI oversold (28.4); 5m: MACD bearish; 15m: MACD bullish; 1h: MACD bullish

[07:13:43] Cycle 741
  💰 Current Price: $1.50
  🎯 Signal: HOLD (confidence: 0.10)
  📝 Reason: 5m: RSI oversold (28.4); 5m: MACD bearish; 15m: MACD bullish; 1h: MACD bullish

[07:14:14] Cycle 742
  💰 Current Price: $1.50
  🎯 Signal: HOLD (confidence: 0.10)
  📝 Reason: 5m: RSI oversold (28.4); 5m: MACD bearish; 15m: MACD bullish; 1h: MACD bullish

[07:14:45] Cycle 743
  💰 Current Price: $1.50
  🎯 Signal: HOLD (confidence: 0.10)
  📝 Reason: 5m: RSI oversold (28.4); 5m: MACD bearish; 15m: MACD bullish; 1h: MACD bullish

[07:15:16] Cycle 744
  💰 Current Price: $1.50
  🎯 Signal: HOLD (confidence: 0.10)
  📝 Reason: 5m: RSI oversold (34.3); 5m: MACD bearish; 15m: MACD bullish; 1h: MACD bullish

[07:15:47] Cycle 745
  💰 Current Price: $1.50
  🎯 Signal: HOLD (confidence: 0.00)
  📝 Reason: 5m: RSI oversold (33.9); 5m: MACD bearish; 15m: MACD bullish; 1h: MACD bullish

[07:16:18] Cycle 746
  💰 Current Price: $1.50
  🎯 Signal: HOLD (confidence: 0.00)
  📝 Reason: 5m: RSI oversold (33.1); 5m: MACD bearish; 15m: MACD bullish; 1h: MACD bullish

[07:16:49] Cycle 747
  💰 Current Price: $1.50
  🎯 Signal: HOLD (confidence: 0.00)
  📝 Reason: 5m: RSI oversold (33.1); 5m: MACD bearish; 15m: MACD bullish; 1h: MACD bullish

[07:17:20] Cycle 748
  💰 Current Price: $1.50
  🎯 Signal: HOLD (confidence: 0.00)
  📝 Reason: 5m: RSI oversold (33.1); 5m: MACD bearish; 15m: MACD bullish; 1h: MACD bullish

[07:17:51] Cycle 749
  💰 Current Price: $1.50
  🎯 Signal: HOLD (confidence: 0.00)
  📝 Reason: 5m: RSI oversold (33.1); 5m: MACD bearish; 15m: MACD bullish; 1h: MACD bullish

[07:18:22] Cycle 750
  💰 Current Price: $1.50
  🎯 Signal: HOLD (confidence: 0.00)
  📝 Reason: 5m: RSI oversold (33.2); 5m: MACD bearish; 15m: MACD bullish; 1h: MACD bullish

[07:18:52] Cycle 751
  💰 Current Price: $1.50
  🎯 Signal: HOLD (confidence: 0.00)
  📝 Reason: 5m: RSI oversold (33.2); 5m: MACD bearish; 15m: MACD bullish; 1h: MACD bullish

[07:19:23] Cycle 752
  💰 Current Price: $1.50
  🎯 Signal: HOLD (confidence: 0.00)
  📝 Reason: 5m: RSI oversold (33.2); 5m: MACD bearish; 15m: MACD bullish; 1h: MACD bullish

[07:19:54] Cycle 753
  💰 Current Price: $1.50
  🎯 Signal: HOLD (confidence: 0.00)
  📝 Reason: 5m: RSI oversold (33.2); 5m: MACD bearish; 15m: MACD bullish; 1h: MACD bullish

[07:20:25] Cycle 754
  💰 Current Price: $1.50
  🎯 Signal: HOLD (confidence: 0.00)
  📝 Reason: 5m: RSI oversold (34.1); 5m: MACD bearish; 15m: MACD bullish; 1h: MACD bullish

[07:20:56] Cycle 755
  💰 Current Price: $1.50
  🎯 Signal: HOLD (confidence: 0.00)
  📝 Reason: 5m: RSI oversold (34.1); 5m: MACD bearish; 15m: MACD bullish; 1h: MACD bullish

[07:21:27] Cycle 756
  💰 Current Price: $1.50
  🎯 Signal: HOLD (confidence: 0.10)
  📝 Reason: 5m: MACD bearish; 15m: MACD bullish; 1h: MACD bullish; 4h: MACD bearish

[07:21:58] Cycle 757
  💰 Current Price: $1.50
  🎯 Signal: HOLD (confidence: 0.10)
  📝 Reason: 5m: MACD bearish; 15m: MACD bullish; 1h: MACD bullish; 4h: MACD bearish

[07:22:29] Cycle 758
  💰 Current Price: $1.50
  🎯 Signal: HOLD (confidence: 0.10)
  📝 Reason: 5m: MACD bearish; 15m: MACD bullish; 1h: MACD bullish; 4h: MACD bearish

[07:23:00] Cycle 759
  💰 Current Price: $1.50
  🎯 Signal: HOLD (confidence: 0.10)
  📝 Reason: 5m: MACD bearish; 15m: MACD bullish; 1h: MACD bullish; 4h: MACD bearish

[07:23:30] Cycle 760
  💰 Current Price: $1.50
  🎯 Signal: HOLD (confidence: 0.10)
  📝 Reason: 5m: MACD bearish; 15m: MACD bullish; 1h: MACD bullish; 4h: MACD bearish

[07:24:01] Cycle 761
  💰 Current Price: $1.50
  🎯 Signal: HOLD (confidence: 0.00)
  📝 Reason: 5m: MACD bearish; 15m: MACD bullish; 1h: MACD bullish; 4h: MACD bearish

[07:24:32] Cycle 762
  💰 Current Price: $1.50
  🎯 Signal: HOLD (confidence: 0.00)
  📝 Reason: 5m: MACD bearish; 15m: MACD bullish; 1h: MACD bullish; 4h: MACD bearish

[07:25:03] Cycle 763
  💰 Current Price: $1.50
  🎯 Signal: HOLD (confidence: 0.00)
  📝 Reason: 5m: MACD bearish; 15m: MACD bullish; 1h: MACD bullish; 4h: MACD bearish

[07:25:34] Cycle 764
  💰 Current Price: $1.50
  🎯 Signal: HOLD (confidence: 0.00)
  📝 Reason: 5m: MACD bearish; 15m: MACD bullish; 1h: MACD bullish; 4h: MACD bearish

[07:26:05] Cycle 765
  💰 Current Price: $1.50
  🎯 Signal: HOLD (confidence: 0.00)
  📝 Reason: 5m: MACD bearish; 15m: MACD bullish; 1h: MACD bullish; 4h: MACD bearish

[07:26:36] Cycle 766
  💰 Current Price: $1.50
  🎯 Signal: HOLD (confidence: 0.00)
  📝 Reason: 5m: MACD bearish; 15m: MACD bullish; 1h: MACD bullish; 4h: MACD bearish

[07:27:07] Cycle 767
  💰 Current Price: $1.50
  🎯 Signal: HOLD (confidence: 0.00)
  📝 Reason: 5m: MACD bearish; 15m: MACD bullish; 1h: MACD bullish; 4h: MACD bearish

[07:27:38] Cycle 768
  💰 Current Price: $1.50
  🎯 Signal: HOLD (confidence: 0.00)
  📝 Reason: 5m: MACD bearish; 15m: MACD bullish; 1h: MACD bullish; 4h: MACD bearish

[07:28:09] Cycle 769
  💰 Current Price: $1.50
  🎯 Signal: HOLD (confidence: 0.00)
  📝 Reason: 5m: MACD bearish; 15m: MACD bullish; 1h: MACD bullish; 4h: MACD bearish

[07:28:40] Cycle 770
  💰 Current Price: $1.50
  🎯 Signal: HOLD (confidence: 0.00)
  📝 Reason: 5m: MACD bearish; 15m: MACD bullish; 1h: MACD bullish; 4h: MACD bearish

[07:29:11] Cycle 771
  💰 Current Price: $1.50
  🎯 Signal: HOLD (confidence: 0.00)
  📝 Reason: 5m: MACD bearish; 15m: MACD bullish; 1h: MACD bullish; 4h: MACD bearish

[07:29:41] Cycle 772
  💰 Current Price: $1.50
  🎯 Signal: HOLD (confidence: 0.00)
  📝 Reason: 5m: MACD bearish; 15m: MACD bullish; 1h: MACD bullish; 4h: MACD bearish

[07:30:12] Cycle 773
  💰 Current Price: $1.50
  🎯 Signal: HOLD (confidence: 0.00)
  📝 Reason: 5m: MACD bearish; 15m: MACD bullish; 1h: MACD bullish; 4h: MACD bearish

[07:30:43] Cycle 774
  💰 Current Price: $1.50
  🎯 Signal: SELL (confidence: 0.20)
  📝 Reason: 5m: MACD bearish; 15m: MACD bearish; 1h: MACD bullish; 4h: MACD bearish
  ⚠️ Sell signal but no position

[07:31:14] Cycle 775
  💰 Current Price: $1.50
  🎯 Signal: SELL (confidence: 0.20)
  📝 Reason: 5m: MACD bearish; 15m: MACD bearish; 1h: MACD bullish; 4h: MACD bearish
  ⚠️ Sell signal but no position

[07:31:45] Cycle 776
  💰 Current Price: $1.50
  🎯 Signal: SELL (confidence: 0.20)
  💰 Current Price: $1.49
  🎯 Signal: HOLD (confidence: 0.00)
  📝 Reason: 5m: RSI oversold (21.9); 5m: MACD bearish; 15m: MACD bullish; 1h: MACD bullish

[07:11:40] Cycle 732
  💰 Current Price: $1.49
  🎯 Signal: HOLD (confidence: 0.00)
  📝 Reason: 5m: RSI oversold (21.9); 5m: MACD bearish; 15m: MACD bullish; 1h: MACD bullish

[07:12:11] Cycle 733
  💰 Current Price: $1.50
  🎯 Signal: HOLD (confidence: 0.00)
  📝 Reason: 5m: RSI oversold (25.5); 5m: MACD bearish; 15m: MACD bullish; 1h: MACD bullish

[07:12:42] Cycle 734
  💰 Current Price: $1.50
  🎯 Signal: HOLD (confidence: 0.10)
  📝 Reason: 5m: RSI oversold (28.4); 5m: MACD bearish; 15m: MACD bullish; 1h: MACD bullish

[07:13:13] Cycle 735
  💰 Current Price: $1.50
  🎯 Signal: HOLD (confidence: 0.10)
  📝 Reason: 5m: RSI oversold (28.4); 5m: MACD bearish; 15m: MACD bullish; 1h: MACD bullish

[07:13:44] Cycle 736
  💰 Current Price: $1.50
  🎯 Signal: HOLD (confidence: 0.10)
  📝 Reason: 5m: RSI oversold (28.4); 5m: MACD bearish; 15m: MACD bullish; 1h: MACD bullish

[07:14:14] Cycle 737
  💰 Current Price: $1.50
  🎯 Signal: HOLD (confidence: 0.10)
  📝 Reason: 5m: RSI oversold (28.4); 5m: MACD bearish; 15m: MACD bullish; 1h: MACD bullish

[07:14:45] Cycle 738
  💰 Current Price: $1.50
  🎯 Signal: HOLD (confidence: 0.10)
  📝 Reason: 5m: RSI oversold (28.4); 5m: MACD bearish; 15m: MACD bullish; 1h: MACD bullish

[07:15:16] Cycle 739
  💰 Current Price: $1.50
  🎯 Signal: HOLD (confidence: 0.10)
  📝 Reason: 5m: RSI oversold (34.3); 5m: MACD bearish; 15m: MACD bullish; 1h: MACD bullish

[07:15:47] Cycle 740
  💰 Current Price: $1.50
  🎯 Signal: HOLD (confidence: 0.00)
  📝 Reason: 5m: RSI oversold (33.9); 5m: MACD bearish; 15m: MACD bullish; 1h: MACD bullish

[07:16:18] Cycle 741
  💰 Current Price: $1.50
  🎯 Signal: HOLD (confidence: 0.00)
  📝 Reason: 5m: RSI oversold (33.1); 5m: MACD bearish; 15m: MACD bullish; 1h: MACD bullish

[07:16:49] Cycle 742
  💰 Current Price: $1.50
  🎯 Signal: HOLD (confidence: 0.00)
  📝 Reason: 5m: RSI oversold (33.1); 5m: MACD bearish; 15m: MACD bullish; 1h: MACD bullish

[07:17:20] Cycle 743
  💰 Current Price: $1.50
  🎯 Signal: HOLD (confidence: 0.00)
  📝 Reason: 5m: RSI oversold (33.1); 5m: MACD bearish; 15m: MACD bullish; 1h: MACD bullish

[07:17:51] Cycle 744
  💰 Current Price: $1.50
  🎯 Signal: HOLD (confidence: 0.00)
  📝 Reason: 5m: RSI oversold (33.1); 5m: MACD bearish; 15m: MACD bullish; 1h: MACD bullish

[07:18:22] Cycle 745
  💰 Current Price: $1.50
  🎯 Signal: HOLD (confidence: 0.00)
  📝 Reason: 5m: RSI oversold (33.2); 5m: MACD bearish; 15m: MACD bullish; 1h: MACD bullish

[07:18:52] Cycle 746
  💰 Current Price: $1.50
  🎯 Signal: HOLD (confidence: 0.00)
  📝 Reason: 5m: RSI oversold (33.2); 5m: MACD bearish; 15m: MACD bullish; 1h: MACD bullish

[07:19:23] Cycle 747
  💰 Current Price: $1.50
  🎯 Signal: HOLD (confidence: 0.00)
  📝 Reason: 5m: RSI oversold (33.2); 5m: MACD bearish; 15m: MACD bullish; 1h: MACD bullish

[07:19:54] Cycle 748
  💰 Current Price: $1.50
  🎯 Signal: HOLD (confidence: 0.00)
  📝 Reason: 5m: RSI oversold (33.2); 5m: MACD bearish; 15m: MACD bullish; 1h: MACD bullish

[07:20:25] Cycle 749
  💰 Current Price: $1.50
  🎯 Signal: HOLD (confidence: 0.00)
  📝 Reason: 5m: RSI oversold (34.1); 5m: MACD bearish; 15m: MACD bullish; 1h: MACD bullish

[07:20:56] Cycle 750
  💰 Current Price: $1.50
  🎯 Signal: HOLD (confidence: 0.00)
  📝 Reason: 5m: RSI oversold (34.1); 5m: MACD bearish; 15m: MACD bullish; 1h: MACD bullish

[07:21:27] Cycle 751
  💰 Current Price: $1.50
  🎯 Signal: HOLD (confidence: 0.10)
  📝 Reason: 5m: MACD bearish; 15m: MACD bullish; 1h: MACD bullish; 4h: MACD bearish

[07:21:58] Cycle 752
  💰 Current Price: $1.50
  🎯 Signal: HOLD (confidence: 0.10)
  📝 Reason: 5m: MACD bearish; 15m: MACD bullish; 1h: MACD bullish; 4h: MACD bearish

[07:22:29] Cycle 753
  💰 Current Price: $1.50
  🎯 Signal: HOLD (confidence: 0.10)
  📝 Reason: 5m: MACD bearish; 15m: MACD bullish; 1h: MACD bullish; 4h: MACD bearish

[07:22:59] Cycle 754
  💰 Current Price: $1.50
  🎯 Signal: HOLD (confidence: 0.10)
  📝 Reason: 5m: MACD bearish; 15m: MACD bullish; 1h: MACD bullish; 4h: MACD bearish

[07:23:31] Cycle 755
  💰 Current Price: $1.50
  🎯 Signal: HOLD (confidence: 0.10)
  📝 Reason: 5m: MACD bearish; 15m: MACD bullish; 1h: MACD bullish; 4h: MACD bearish

[07:24:01] Cycle 756
  💰 Current Price: $1.50
  🎯 Signal: HOLD (confidence: 0.00)
  📝 Reason: 5m: MACD bearish; 15m: MACD bullish; 1h: MACD bullish; 4h: MACD bearish

[07:24:32] Cycle 757
  💰 Current Price: $1.50
  🎯 Signal: HOLD (confidence: 0.00)
  📝 Reason: 5m: MACD bearish; 15m: MACD bullish; 1h: MACD bullish; 4h: MACD bearish

[07:25:03] Cycle 758
  💰 Current Price: $1.50
  🎯 Signal: HOLD (confidence: 0.00)
  📝 Reason: 5m: MACD bearish; 15m: MACD bullish; 1h: MACD bullish; 4h: MACD bearish

[07:25:34] Cycle 759
  💰 Current Price: $1.50
  🎯 Signal: HOLD (confidence: 0.00)
  📝 Reason: 5m: MACD bearish; 15m: MACD bullish; 1h: MACD bullish; 4h: MACD bearish

[07:26:05] Cycle 760
  💰 Current Price: $1.50
  🎯 Signal: HOLD (confidence: 0.00)
  📝 Reason: 5m: MACD bearish; 15m: MACD bullish; 1h: MACD bullish; 4h: MACD bearish

[07:26:36] Cycle 761
  💰 Current Price: $1.50
  🎯 Signal: HOLD (confidence: 0.00)
  📝 Reason: 5m: MACD bearish; 15m: MACD bullish; 1h: MACD bullish; 4h: MACD bearish

[07:27:07] Cycle 762
  💰 Current Price: $1.50
  🎯 Signal: HOLD (confidence: 0.00)
  📝 Reason: 5m: MACD bearish; 15m: MACD bullish; 1h: MACD bullish; 4h: MACD bearish

[07:27:38] Cycle 763
  💰 Current Price: $1.50
  🎯 Signal: HOLD (confidence: 0.00)
  📝 Reason: 5m: MACD bearish; 15m: MACD bullish; 1h: MACD bullish; 4h: MACD bearish

[07:28:09] Cycle 764
  💰 Current Price: $1.50
  🎯 Signal: HOLD (confidence: 0.00)
  📝 Reason: 5m: MACD bearish; 15m: MACD bullish; 1h: MACD bullish; 4h: MACD bearish

[07:28:40] Cycle 765
  💰 Current Price: $1.50
  🎯 Signal: HOLD (confidence: 0.00)
  📝 Reason: 5m: MACD bearish; 15m: MACD bullish; 1h: MACD bullish; 4h: MACD bearish

[07:29:11] Cycle 766
  💰 Current Price: $1.50
  🎯 Signal: HOLD (confidence: 0.00)
  📝 Reason: 5m: MACD bearish; 15m: MACD bullish; 1h: MACD bullish; 4h: MACD bearish

[07:29:41] Cycle 767
  💰 Current Price: $1.50
  🎯 Signal: HOLD (confidence: 0.00)
  📝 Reason: 5m: MACD bearish; 15m: MACD bullish; 1h: MACD bullish; 4h: MACD bearish

[07:30:12] Cycle 768
  💰 Current Price: $1.50
  🎯 Signal: HOLD (confidence: 0.00)
  📝 Reason: 5m: MACD bearish; 15m: MACD bullish; 1h: MACD bullish; 4h: MACD bearish

[07:30:43] Cycle 769
  💰 Current Price: $1.50
  🎯 Signal: SELL (confidence: 0.20)
  📝 Reason: 5m: MACD bearish; 15m: MACD bearish; 1h: MACD bullish; 4h: MACD bearish
  ⚠️ Sell signal but no position

[07:31:14] Cycle 770
  💰 Current Price: $1.50
  🎯 Signal: SELL (confidence: 0.20)
  📝 Reason: 5m: MACD bearish; 15m: MACD bearish; 1h: MACD bullish; 4h: MACD bearish
  ⚠️ Sell signal but no position

[07:31:45] Cycle 771
  💰 Current Price: $1.50
  🎯 Signal: SELL (confidence: 0.20)
  📝 Reason: 5m: MACD bearish; 15m: MACD bearish; 1h: MACD bullish; 4h: MACD bearish
  ⚠️ Sell signal but no position

[07:32:16] Cycle 772
  💰 Current Price: $1.50
  🎯 Signal: SELL (confidence: 0.20)
  📝 Reason: 5m: MACD bearish; 15m: MACD bearish; 1h: MACD bullish; 4h: MACD bearish
  ⚠️ Sell signal but no position

[07:32:47] Cycle 773
  💰 Current Price: $1.50
  🎯 Signal: SELL (confidence: 0.20)
  📝 Reason: 5m: MACD bearish; 15m: MACD bearish; 1h: MACD bullish; 4h: MACD bearish
  ⚠️ Sell signal but no position

[07:33:18] Cycle 774
  💰 Current Price: $1.50
  🎯 Signal: SELL (confidence: 0.20)
  📝 Reason: 5m: MACD bearish; 15m: MACD bearish; 1h: MACD bullish; 4h: MACD bearish
  ⚠️ Sell signal but no position

[07:33:49] Cycle 775
  💰 Current Price: $1.50
  🎯 Signal: SELL (confidence: 0.20)
  📝 Reason: 5m: MACD bearish; 15m: MACD bearish; 1h: MACD bullish; 4h: MACD bearish
  ⚠️ Sell signal but no position

[07:32:16] Cycle 777
  💰 Current Price: $1.50
  🎯 Signal: SELL (confidence: 0.20)
  📝 Reason: 5m: MACD bearish; 15m: MACD bearish; 1h: MACD bullish; 4h: MACD bearish
  ⚠️ Sell signal but no position

[07:32:47] Cycle 778
  💰 Current Price: $1.50
  🎯 Signal: SELL (confidence: 0.20)
  📝 Reason: 5m: MACD bearish; 15m: MACD bearish; 1h: MACD bullish; 4h: MACD bearish
  ⚠️ Sell signal but no position

[07:33:18] Cycle 779
  💰 Current Price: $1.50
  🎯 Signal: SELL (confidence: 0.20)
  📝 Reason: 5m: MACD bearish; 15m: MACD bearish; 1h: MACD bullish; 4h: MACD bearish
  ⚠️ Sell signal but no position

[07:33:49] Cycle 780
  💰 Current Price: $1.50
  🎯 Signal: SELL (confidence: 0.20)
  📝 Reason: 5m: MACD bearish; 15m: MACD bearish; 1h: MACD bullish; 4h: MACD bearish
  ⚠️ Sell signal but no position

[07:34:20] Cycle 781
  💰 Current Price: $1.50
  🎯 Signal: SELL (confidence: 0.20)
  📝 Reason: 5m: MACD bearish; 15m: MACD bearish; 1h: MACD bullish; 4h: MACD bearish
  ⚠️ Sell signal but no position

[07:34:51] Cycle 782
  💰 Current Price: $1.50
  🎯 Signal: SELL (confidence: 0.20)
  📝 Reason: 5m: MACD bearish; 15m: MACD bearish; 1h: MACD bullish; 4h: MACD bearish
  ⚠️ Sell signal but no position

[07:35:21] Cycle 783
  💰 Current Price: $1.50
  🎯 Signal: SELL (confidence: 0.20)
  📝 Reason: 5m: MACD bearish; 15m: MACD bearish; 1h: MACD bullish; 4h: MACD bearish
  ⚠️ Sell signal but no position

[07:35:52] Cycle 784
  💰 Current Price: $1.50
  🎯 Signal: SELL (confidence: 0.20)
  📝 Reason: 5m: MACD bearish; 15m: MACD bearish; 1h: MACD bullish; 4h: MACD bearish
  ⚠️ Sell signal but no position

[07:36:23] Cycle 785
  💰 Current Price: $1.50
  🎯 Signal: SELL (confidence: 0.20)
  📝 Reason: 5m: MACD bearish; 15m: MACD bearish; 1h: MACD bullish; 4h: MACD bearish
  ⚠️ Sell signal but no position

[07:36:54] Cycle 786
  💰 Current Price: $1.50
  🎯 Signal: SELL (confidence: 0.20)
  📝 Reason: 5m: MACD bearish; 15m: MACD bearish; 1h: MACD bullish; 4h: MACD bearish
  ⚠️ Sell signal but no position

[07:37:25] Cycle 787
  💰 Current Price: $1.50
  🎯 Signal: SELL (confidence: 0.20)
  📝 Reason: 5m: MACD bearish; 15m: MACD bearish; 1h: MACD bullish; 4h: MACD bearish
  ⚠️ Sell signal but no position

[07:37:56] Cycle 788
  💰 Current Price: $1.50
  🎯 Signal: SELL (confidence: 0.20)
  📝 Reason: 5m: MACD bearish; 15m: MACD bearish; 1h: MACD bullish; 4h: MACD bearish
  ⚠️ Sell signal but no position

[07:38:26] Cycle 789
  💰 Current Price: $1.50
  🎯 Signal: SELL (confidence: 0.20)
  📝 Reason: 5m: MACD bearish; 15m: MACD bearish; 1h: MACD bullish; 4h: MACD bearish
  ⚠️ Sell signal but no position

[07:38:57] Cycle 790
  💰 Current Price: $1.50
  🎯 Signal: SELL (confidence: 0.20)
  📝 Reason: 5m: MACD bearish; 15m: MACD bearish; 1h: MACD bullish; 4h: MACD bearish
  ⚠️ Sell signal but no position

[07:39:28] Cycle 791
  💰 Current Price: $1.50
  🎯 Signal: SELL (confidence: 0.30)
  📝 Reason: 5m: MACD bearish; 15m: MACD bearish; 1h: MACD bullish; 4h: MACD bearish
  ⚠️ Sell signal but no position

[07:39:59] Cycle 792
  💰 Current Price: $1.50
  🎯 Signal: SELL (confidence: 0.30)
  📝 Reason: 5m: MACD bearish; 15m: MACD bearish; 1h: MACD bullish; 4h: MACD bearish
  ⚠️ Sell signal but no position

[07:40:30] Cycle 793
  💰 Current Price: $1.50
  🎯 Signal: SELL (confidence: 0.30)
  📝 Reason: 5m: MACD bearish; 15m: MACD bearish; 1h: MACD bullish; 4h: MACD bearish
  ⚠️ Sell signal but no position

[07:41:01] Cycle 794
  💰 Current Price: $1.50
  🎯 Signal: SELL (confidence: 0.20)
  📝 Reason: 5m: MACD bearish; 15m: MACD bearish; 1h: MACD bullish; 4h: MACD bearish
  ⚠️ Sell signal but no position

[07:41:32] Cycle 795
  💰 Current Price: $1.50
  🎯 Signal: SELL (confidence: 0.20)
  📝 Reason: 5m: MACD bearish; 15m: MACD bearish; 1h: MACD bullish; 4h: MACD bearish
  ⚠️ Sell signal but no position

[07:42:03] Cycle 796
  💰 Current Price: $1.50
  🎯 Signal: SELL (confidence: 0.20)
  📝 Reason: 5m: MACD bearish; 15m: MACD bearish; 1h: MACD bullish; 4h: MACD bearish
  ⚠️ Sell signal but no position

[07:42:34] Cycle 797
  💰 Current Price: $1.50
  🎯 Signal: SELL (confidence: 0.20)
  📝 Reason: 5m: MACD bearish; 15m: MACD bearish; 1h: MACD bullish; 4h: MACD bearish
  ⚠️ Sell signal but no position

[07:43:05] Cycle 798
  💰 Current Price: $1.50
  🎯 Signal: SELL (confidence: 0.20)
  📝 Reason: 5m: MACD bearish; 15m: MACD bearish; 1h: MACD bullish; 4h: MACD bearish
  ⚠️ Sell signal but no position

[07:43:36] Cycle 799
  💰 Current Price: $1.50
  🎯 Signal: SELL (confidence: 0.20)
  📝 Reason: 5m: MACD bearish; 15m: MACD bearish; 1h: MACD bullish; 4h: MACD bearish
  ⚠️ Sell signal but no position

[07:44:07] Cycle 800
  💰 Current Price: $1.50
  🎯 Signal: SELL (confidence: 0.20)
  📝 Reason: 5m: MACD bearish; 15m: MACD bearish; 1h: MACD bullish; 4h: MACD bearish
  ⚠️ Sell signal but no position

[07:44:38] Cycle 801
  💰 Current Price: $1.50
  🎯 Signal: SELL (confidence: 0.20)
  📝 Reason: 5m: MACD bearish; 15m: MACD bearish; 1h: MACD bullish; 4h: MACD bearish
  ⚠️ Sell signal but no position

[07:45:08] Cycle 802
  💰 Current Price: $1.50
  🎯 Signal: SELL (confidence: 0.20)
  📝 Reason: 5m: MACD bearish; 15m: MACD bearish; 1h: MACD bullish; 4h: MACD bearish
  ⚠️ Sell signal but no position

[07:45:39] Cycle 803
  💰 Current Price: $1.50
  🎯 Signal: SELL (confidence: 0.20)
  📝 Reason: 5m: MACD bearish; 15m: MACD bearish; 1h: MACD bullish; 4h: MACD bearish
  ⚠️ Sell signal but no position

[07:46:10] Cycle 804
  💰 Current Price: $1.50
  🎯 Signal: SELL (confidence: 0.20)
  📝 Reason: 5m: MACD bearish; 15m: MACD bearish; 1h: MACD bullish; 4h: MACD bearish
  ⚠️ Sell signal but no position

[07:46:41] Cycle 805
  💰 Current Price: $1.50
  🎯 Signal: SELL (confidence: 0.20)
  📝 Reason: 5m: MACD bearish; 15m: MACD bearish; 1h: MACD bullish; 4h: MACD bearish
  ⚠️ Sell signal but no position

[07:47:12] Cycle 806
  💰 Current Price: $1.50
  🎯 Signal: SELL (confidence: 0.20)
  📝 Reason: 5m: MACD bearish; 15m: MACD bearish; 1h: MACD bullish; 4h: MACD bearish
  ⚠️ Sell signal but no position

[07:47:43] Cycle 807
  💰 Current Price: $1.50
  🎯 Signal: SELL (confidence: 0.20)
  📝 Reason: 5m: MACD bearish; 15m: MACD bearish; 1h: MACD bullish; 4h: MACD bearish
  ⚠️ Sell signal but no position

[07:48:14] Cycle 808
  💰 Current Price: $1.50
  🎯 Signal: SELL (confidence: 0.20)
  📝 Reason: 5m: MACD bearish; 15m: MACD bearish; 1h: MACD bullish; 4h: MACD bearish
  ⚠️ Sell signal but no position

[07:48:44] Cycle 809
  💰 Current Price: $1.50
  🎯 Signal: SELL (confidence: 0.20)
  📝 Reason: 5m: MACD bearish; 15m: MACD bearish; 1h: MACD bullish; 4h: MACD bearish
  ⚠️ Sell signal but no position

[07:49:15] Cycle 810
  💰 Current Price: $1.50
  🎯 Signal: SELL (confidence: 0.20)
  📝 Reason: 5m: MACD bearish; 15m: MACD bearish; 1h: MACD bullish; 4h: MACD bearish
  ⚠️ Sell signal but no position

[07:49:46] Cycle 811
  💰 Current Price: $1.50
  🎯 Signal: SELL (confidence: 0.20)
  📝 Reason: 5m: MACD bearish; 15m: MACD bearish; 1h: MACD bullish; 4h: MACD bearish
  ⚠️ Sell signal but no position

[07:50:17] Cycle 812
  💰 Current Price: $1.50
  🎯 Signal: SELL (confidence: 0.20)
  📝 Reason: 5m: MACD bearish; 15m: MACD bearish; 1h: MACD bullish; 4h: MACD bearish
  ⚠️ Sell signal but no position

[07:50:48] Cycle 813
  💰 Current Price: $1.50
  🎯 Signal: SELL (confidence: 0.20)
  📝 Reason: 5m: MACD bearish; 15m: MACD bearish; 1h: MACD bullish; 4h: MACD bearish
  ⚠️ Sell signal but no position

[07:51:19] Cycle 814
  💰 Current Price: $1.50
  🎯 Signal: SELL (confidence: 0.20)
  📝 Reason: 5m: MACD bearish; 15m: MACD bearish; 1h: MACD bullish; 4h: MACD bearish
  📝 Reason: 5m: MACD bearish; 15m: MACD bearish; 1h: MACD bullish; 4h: MACD bearish
  ⚠️ Sell signal but no position

[07:34:20] Cycle 776
  💰 Current Price: $1.50
  🎯 Signal: SELL (confidence: 0.20)
  📝 Reason: 5m: MACD bearish; 15m: MACD bearish; 1h: MACD bullish; 4h: MACD bearish
  ⚠️ Sell signal but no position

[07:34:51] Cycle 777
  💰 Current Price: $1.50
  🎯 Signal: SELL (confidence: 0.20)
  📝 Reason: 5m: MACD bearish; 15m: MACD bearish; 1h: MACD bullish; 4h: MACD bearish
  ⚠️ Sell signal but no position

[07:35:21] Cycle 778
  💰 Current Price: $1.50
  🎯 Signal: SELL (confidence: 0.20)
  📝 Reason: 5m: MACD bearish; 15m: MACD bearish; 1h: MACD bullish; 4h: MACD bearish
  ⚠️ Sell signal but no position

[07:35:52] Cycle 779
  💰 Current Price: $1.50
  🎯 Signal: SELL (confidence: 0.20)
  📝 Reason: 5m: MACD bearish; 15m: MACD bearish; 1h: MACD bullish; 4h: MACD bearish
  ⚠️ Sell signal but no position

[07:36:23] Cycle 780
  💰 Current Price: $1.50
  🎯 Signal: SELL (confidence: 0.20)
  📝 Reason: 5m: MACD bearish; 15m: MACD bearish; 1h: MACD bullish; 4h: MACD bearish
  ⚠️ Sell signal but no position

[07:36:54] Cycle 781
  💰 Current Price: $1.50
  🎯 Signal: SELL (confidence: 0.20)
  📝 Reason: 5m: MACD bearish; 15m: MACD bearish; 1h: MACD bullish; 4h: MACD bearish
  ⚠️ Sell signal but no position

[07:37:25] Cycle 782
  💰 Current Price: $1.50
  🎯 Signal: SELL (confidence: 0.20)
  📝 Reason: 5m: MACD bearish; 15m: MACD bearish; 1h: MACD bullish; 4h: MACD bearish
  ⚠️ Sell signal but no position

[07:37:56] Cycle 783
  💰 Current Price: $1.50
  🎯 Signal: SELL (confidence: 0.20)
  📝 Reason: 5m: MACD bearish; 15m: MACD bearish; 1h: MACD bullish; 4h: MACD bearish
  ⚠️ Sell signal but no position

[07:38:26] Cycle 784
  💰 Current Price: $1.50
  🎯 Signal: SELL (confidence: 0.20)
  📝 Reason: 5m: MACD bearish; 15m: MACD bearish; 1h: MACD bullish; 4h: MACD bearish
  ⚠️ Sell signal but no position

[07:38:57] Cycle 785
  💰 Current Price: $1.50
  🎯 Signal: SELL (confidence: 0.20)
  📝 Reason: 5m: MACD bearish; 15m: MACD bearish; 1h: MACD bullish; 4h: MACD bearish
  ⚠️ Sell signal but no position

[07:39:28] Cycle 786
  💰 Current Price: $1.50
  🎯 Signal: SELL (confidence: 0.30)
  📝 Reason: 5m: MACD bearish; 15m: MACD bearish; 1h: MACD bullish; 4h: MACD bearish
  ⚠️ Sell signal but no position

[07:39:59] Cycle 787
  💰 Current Price: $1.50
  🎯 Signal: SELL (confidence: 0.30)
  📝 Reason: 5m: MACD bearish; 15m: MACD bearish; 1h: MACD bullish; 4h: MACD bearish
  ⚠️ Sell signal but no position

[07:40:30] Cycle 788
  💰 Current Price: $1.50
  🎯 Signal: SELL (confidence: 0.30)
  📝 Reason: 5m: MACD bearish; 15m: MACD bearish; 1h: MACD bullish; 4h: MACD bearish
  ⚠️ Sell signal but no position

[07:41:01] Cycle 789
  💰 Current Price: $1.50
  🎯 Signal: SELL (confidence: 0.20)
  📝 Reason: 5m: MACD bearish; 15m: MACD bearish; 1h: MACD bullish; 4h: MACD bearish
  ⚠️ Sell signal but no position

[07:41:32] Cycle 790
  💰 Current Price: $1.50
  🎯 Signal: SELL (confidence: 0.20)
  📝 Reason: 5m: MACD bearish; 15m: MACD bearish; 1h: MACD bullish; 4h: MACD bearish
  ⚠️ Sell signal but no position

[07:42:03] Cycle 791
  💰 Current Price: $1.50
  🎯 Signal: SELL (confidence: 0.20)
  📝 Reason: 5m: MACD bearish; 15m: MACD bearish; 1h: MACD bullish; 4h: MACD bearish
  ⚠️ Sell signal but no position

[07:42:34] Cycle 792
  💰 Current Price: $1.50
  🎯 Signal: SELL (confidence: 0.20)
  📝 Reason: 5m: MACD bearish; 15m: MACD bearish; 1h: MACD bullish; 4h: MACD bearish
  ⚠️ Sell signal but no position

[07:43:05] Cycle 793
  💰 Current Price: $1.50
  🎯 Signal: SELL (confidence: 0.20)
  📝 Reason: 5m: MACD bearish; 15m: MACD bearish; 1h: MACD bullish; 4h: MACD bearish
  ⚠️ Sell signal but no position

[07:43:36] Cycle 794
  💰 Current Price: $1.50
  🎯 Signal: SELL (confidence: 0.20)
  📝 Reason: 5m: MACD bearish; 15m: MACD bearish; 1h: MACD bullish; 4h: MACD bearish
  ⚠️ Sell signal but no position

[07:44:07] Cycle 795
  💰 Current Price: $1.50
  🎯 Signal: SELL (confidence: 0.20)
  📝 Reason: 5m: MACD bearish; 15m: MACD bearish; 1h: MACD bullish; 4h: MACD bearish
  ⚠️ Sell signal but no position

[07:44:38] Cycle 796
  💰 Current Price: $1.50
  🎯 Signal: SELL (confidence: 0.20)
  📝 Reason: 5m: MACD bearish; 15m: MACD bearish; 1h: MACD bullish; 4h: MACD bearish
  ⚠️ Sell signal but no position

[07:45:08] Cycle 797
  💰 Current Price: $1.50
  🎯 Signal: SELL (confidence: 0.20)
  📝 Reason: 5m: MACD bearish; 15m: MACD bearish; 1h: MACD bullish; 4h: MACD bearish
  ⚠️ Sell signal but no position

[07:45:39] Cycle 798
  💰 Current Price: $1.50
  🎯 Signal: SELL (confidence: 0.20)
  📝 Reason: 5m: MACD bearish; 15m: MACD bearish; 1h: MACD bullish; 4h: MACD bearish
  ⚠️ Sell signal but no position

[07:46:10] Cycle 799
  💰 Current Price: $1.50
  🎯 Signal: SELL (confidence: 0.20)
  📝 Reason: 5m: MACD bearish; 15m: MACD bearish; 1h: MACD bullish; 4h: MACD bearish
  ⚠️ Sell signal but no position

[07:46:41] Cycle 800
  💰 Current Price: $1.50
  🎯 Signal: SELL (confidence: 0.20)
  📝 Reason: 5m: MACD bearish; 15m: MACD bearish; 1h: MACD bullish; 4h: MACD bearish
  ⚠️ Sell signal but no position

[07:47:12] Cycle 801
  💰 Current Price: $1.50
  🎯 Signal: SELL (confidence: 0.20)
  📝 Reason: 5m: MACD bearish; 15m: MACD bearish; 1h: MACD bullish; 4h: MACD bearish
  ⚠️ Sell signal but no position

[07:47:43] Cycle 802
  💰 Current Price: $1.50
  🎯 Signal: SELL (confidence: 0.20)
  📝 Reason: 5m: MACD bearish; 15m: MACD bearish; 1h: MACD bullish; 4h: MACD bearish
  ⚠️ Sell signal but no position

[07:48:14] Cycle 803
  💰 Current Price: $1.50
  🎯 Signal: SELL (confidence: 0.20)
  📝 Reason: 5m: MACD bearish; 15m: MACD bearish; 1h: MACD bullish; 4h: MACD bearish
  ⚠️ Sell signal but no position

[07:48:44] Cycle 804
  💰 Current Price: $1.50
  🎯 Signal: SELL (confidence: 0.20)
  📝 Reason: 5m: MACD bearish; 15m: MACD bearish; 1h: MACD bullish; 4h: MACD bearish
  ⚠️ Sell signal but no position

[07:49:15] Cycle 805
  💰 Current Price: $1.50
  🎯 Signal: SELL (confidence: 0.20)
  📝 Reason: 5m: MACD bearish; 15m: MACD bearish; 1h: MACD bullish; 4h: MACD bearish
  ⚠️ Sell signal but no position

[07:49:46] Cycle 806
  💰 Current Price: $1.50
  🎯 Signal: SELL (confidence: 0.20)
  📝 Reason: 5m: MACD bearish; 15m: MACD bearish; 1h: MACD bullish; 4h: MACD bearish
  ⚠️ Sell signal but no position

[07:50:17] Cycle 807
  💰 Current Price: $1.50
  🎯 Signal: SELL (confidence: 0.20)
  📝 Reason: 5m: MACD bearish; 15m: MACD bearish; 1h: MACD bullish; 4h: MACD bearish
  ⚠️ Sell signal but no position

[07:50:48] Cycle 808
  💰 Current Price: $1.50
  🎯 Signal: SELL (confidence: 0.20)
  📝 Reason: 5m: MACD bearish; 15m: MACD bearish; 1h: MACD bullish; 4h: MACD bearish
  ⚠️ Sell signal but no position

[07:51:19] Cycle 809
  💰 Current Price: $1.50
  🎯 Signal: SELL (confidence: 0.20)
  📝 Reason: 5m: MACD bearish; 15m: MACD bearish; 1h: MACD bullish; 4h: MACD bearish
  ⚠️ Sell signal but no position

[07:51:50] Cycle 810
  💰 Current Price: $1.50
  🎯 Signal: SELL (confidence: 0.20)
  📝 Reason: 5m: MACD bearish; 15m: MACD bearish; 1h: MACD bullish; 4h: MACD bearish
  ⚠️ Sell signal but no position

[07:52:20] Cycle 811
  💰 Current Price: $1.50
  🎯 Signal: SELL (confidence: 0.20)
  📝 Reason: 5m: MACD bearish; 15m: MACD bearish; 1h: MACD bullish; 4h: MACD bearish
  ⚠️ Sell signal but no position

[07:52:51] Cycle 812
  💰 Current Price: $1.50
  🎯 Signal: SELL (confidence: 0.20)
  📝 Reason: 5m: MACD bearish; 15m: MACD bearish; 1h: MACD bullish; 4h: MACD bearish
  ⚠️ Sell signal but no position

[07:53:23] Cycle 813
  💰 Current Price: $1.50
  🎯 Signal: SELL (confidence: 0.20)
  📝 Reason: 5m: MACD bearish; 15m: MACD bearish; 1h: MACD bullish; 4h: MACD bearish
  ⚠️ Sell signal but no position

[07:51:49] Cycle 815
  💰 Current Price: $1.50
  🎯 Signal: SELL (confidence: 0.20)
  📝 Reason: 5m: MACD bearish; 15m: MACD bearish; 1h: MACD bullish; 4h: MACD bearish
  ⚠️ Sell signal but no position

[07:52:20] Cycle 816
  💰 Current Price: $1.50
  🎯 Signal: SELL (confidence: 0.20)
  📝 Reason: 5m: MACD bearish; 15m: MACD bearish; 1h: MACD bullish; 4h: MACD bearish
  ⚠️ Sell signal but no position

[07:52:51] Cycle 817
  💰 Current Price: $1.50
  🎯 Signal: SELL (confidence: 0.20)
  📝 Reason: 5m: MACD bearish; 15m: MACD bearish; 1h: MACD bullish; 4h: MACD bearish
  ⚠️ Sell signal but no position

[07:53:23] Cycle 818
  💰 Current Price: $1.50
  🎯 Signal: SELL (confidence: 0.20)
  📝 Reason: 5m: MACD bearish; 15m: MACD bearish; 1h: MACD bullish; 4h: MACD bearish
  ⚠️ Sell signal but no position

[07:53:54] Cycle 819
  💰 Current Price: $1.50
  🎯 Signal: SELL (confidence: 0.20)
  📝 Reason: 5m: MACD bearish; 15m: MACD bearish; 1h: MACD bullish; 4h: MACD bearish
  ⚠️ Sell signal but no position

[07:54:24] Cycle 820
  💰 Current Price: $1.50
  🎯 Signal: SELL (confidence: 0.20)
  📝 Reason: 5m: MACD bearish; 15m: MACD bearish; 1h: MACD bullish; 4h: MACD bearish
  ⚠️ Sell signal but no position

[07:54:55] Cycle 821
  💰 Current Price: $1.50
  🎯 Signal: SELL (confidence: 0.20)
  📝 Reason: 5m: MACD bearish; 15m: MACD bearish; 1h: MACD bullish; 4h: MACD bearish
  ⚠️ Sell signal but no position

[07:55:26] Cycle 822
  💰 Current Price: $1.50
  🎯 Signal: SELL (confidence: 0.20)
  📝 Reason: 5m: MACD bearish; 15m: MACD bearish; 1h: MACD bullish; 4h: MACD bearish
  ⚠️ Sell signal but no position

[07:55:57] Cycle 823
  💰 Current Price: $1.50
  🎯 Signal: SELL (confidence: 0.20)
  📝 Reason: 5m: MACD bearish; 15m: MACD bearish; 1h: MACD bullish; 4h: MACD bearish
  ⚠️ Sell signal but no position

[07:56:28] Cycle 824
  💰 Current Price: $1.50
  🎯 Signal: SELL (confidence: 0.20)
  📝 Reason: 5m: MACD bearish; 15m: MACD bearish; 1h: MACD bullish; 4h: MACD bearish
  ⚠️ Sell signal but no position

[07:56:59] Cycle 825
  💰 Current Price: $1.50
  🎯 Signal: SELL (confidence: 0.20)
  📝 Reason: 5m: MACD bearish; 15m: MACD bearish; 1h: MACD bullish; 4h: MACD bearish
  ⚠️ Sell signal but no position

[07:57:30] Cycle 826
  💰 Current Price: $1.50
  🎯 Signal: SELL (confidence: 0.20)
  📝 Reason: 5m: MACD bearish; 15m: MACD bearish; 1h: MACD bullish; 4h: MACD bearish
  ⚠️ Sell signal but no position

[07:58:01] Cycle 827
  💰 Current Price: $1.50
  🎯 Signal: SELL (confidence: 0.20)
  📝 Reason: 5m: MACD bearish; 15m: MACD bearish; 1h: MACD bullish; 4h: MACD bearish
  ⚠️ Sell signal but no position

[07:58:32] Cycle 828
  💰 Current Price: $1.50
  🎯 Signal: SELL (confidence: 0.20)
  📝 Reason: 5m: MACD bearish; 15m: MACD bearish; 1h: MACD bullish; 4h: MACD bearish
  ⚠️ Sell signal but no position

[07:59:03] Cycle 829
  💰 Current Price: $1.50
  🎯 Signal: SELL (confidence: 0.20)
  📝 Reason: 5m: MACD bearish; 15m: MACD bearish; 1h: MACD bullish; 4h: MACD bearish
  ⚠️ Sell signal but no position

[07:59:34] Cycle 830
  💰 Current Price: $1.50
  🎯 Signal: SELL (confidence: 0.20)
  📝 Reason: 5m: MACD bearish; 15m: MACD bearish; 1h: MACD bullish; 4h: MACD bearish
  ⚠️ Sell signal but no position

[08:00:04] Cycle 831
  💰 Current Price: $1.50
  🎯 Signal: SELL (confidence: 0.30)
  📝 Reason: 5m: MACD bearish; 15m: MACD bearish; 1h: MACD bullish; 4h: MACD bearish
  ⚠️ Sell signal but no position

[08:00:35] Cycle 832
  💰 Current Price: $1.50
  🎯 Signal: SELL (confidence: 0.30)
  📝 Reason: 5m: MACD bearish; 15m: MACD bearish; 1h: MACD bullish; 4h: MACD bearish
  ⚠️ Sell signal but no position

[08:01:06] Cycle 833
  💰 Current Price: $1.50
  🎯 Signal: SELL (confidence: 0.30)
  📝 Reason: 5m: MACD bearish; 15m: MACD bearish; 1h: MACD bullish; 4h: MACD bearish
  ⚠️ Sell signal but no position

[08:01:37] Cycle 834
  💰 Current Price: $1.50
  🎯 Signal: SELL (confidence: 0.30)
  📝 Reason: 5m: MACD bearish; 15m: MACD bearish; 1h: MACD bullish; 4h: MACD bearish
  ⚠️ Sell signal but no position

[08:02:08] Cycle 835
  💰 Current Price: $1.50
  🎯 Signal: SELL (confidence: 0.30)
  📝 Reason: 5m: MACD bearish; 15m: MACD bearish; 1h: MACD bullish; 4h: MACD bearish
  ⚠️ Sell signal but no position

[08:02:38] Cycle 836
  💰 Current Price: $1.50
  🎯 Signal: SELL (confidence: 0.30)
  📝 Reason: 5m: MACD bearish; 15m: MACD bearish; 1h: MACD bullish; 4h: MACD bearish
  ⚠️ Sell signal but no position

[08:03:09] Cycle 837
  💰 Current Price: $1.50
  🎯 Signal: SELL (confidence: 0.30)
  📝 Reason: 5m: MACD bearish; 15m: MACD bearish; 1h: MACD bullish; 4h: MACD bearish
  ⚠️ Sell signal but no position

[08:03:40] Cycle 838
  💰 Current Price: $1.50
  🎯 Signal: SELL (confidence: 0.30)
  📝 Reason: 5m: MACD bearish; 15m: MACD bearish; 1h: MACD bullish; 4h: MACD bearish
  ⚠️ Sell signal but no position

[08:04:10] Cycle 839
  💰 Current Price: $1.50
  🎯 Signal: SELL (confidence: 0.30)
  📝 Reason: 5m: MACD bearish; 15m: MACD bearish; 1h: MACD bullish; 4h: MACD bearish
  ⚠️ Sell signal but no position

[08:04:41] Cycle 840
  💰 Current Price: $1.50
  🎯 Signal: SELL (confidence: 0.30)
  📝 Reason: 5m: MACD bearish; 15m: MACD bearish; 1h: MACD bullish; 4h: MACD bearish
  ⚠️ Sell signal but no position

[08:05:12] Cycle 841
  💰 Current Price: $1.50
  🎯 Signal: SELL (confidence: 0.20)
  📝 Reason: 5m: MACD bullish; 15m: MACD bearish; 1h: MACD bullish; 4h: MACD bearish
  ⚠️ Sell signal but no position

[08:05:43] Cycle 842
  💰 Current Price: $1.50
  🎯 Signal: SELL (confidence: 0.20)
  📝 Reason: 5m: MACD bullish; 15m: MACD bearish; 1h: MACD bullish; 4h: MACD bearish
  ⚠️ Sell signal but no position

[08:06:14] Cycle 843
  💰 Current Price: $1.50
  🎯 Signal: SELL (confidence: 0.20)
  📝 Reason: 5m: MACD bullish; 15m: MACD bearish; 1h: MACD bullish; 4h: MACD bearish
  ⚠️ Sell signal but no position

[08:06:44] Cycle 844
  💰 Current Price: $1.50
  🎯 Signal: SELL (confidence: 0.20)
  📝 Reason: 5m: MACD bullish; 15m: MACD bearish; 1h: MACD bullish; 4h: MACD bearish
  ⚠️ Sell signal but no position

[08:07:15] Cycle 845
  💰 Current Price: $1.50
  🎯 Signal: SELL (confidence: 0.20)
  📝 Reason: 5m: MACD bullish; 15m: MACD bearish; 1h: MACD bullish; 4h: MACD bearish
  ⚠️ Sell signal but no position

[08:07:47] Cycle 846
  💰 Current Price: $1.50
  🎯 Signal: SELL (confidence: 0.20)
  📝 Reason: 5m: MACD bullish; 15m: MACD bearish; 1h: MACD bullish; 4h: MACD bearish
  ⚠️ Sell signal but no position

[08:08:17] Cycle 847
  💰 Current Price: $1.50
  🎯 Signal: HOLD (confidence: 0.10)
  📝 Reason: 5m: MACD bullish; 15m: MACD bearish; 1h: MACD bullish; 4h: MACD bearish

[08:08:48] Cycle 848
  💰 Current Price: $1.50
  🎯 Signal: HOLD (confidence: 0.10)
  📝 Reason: 5m: MACD bullish; 15m: MACD bearish; 1h: MACD bullish; 4h: MACD bearish

[08:09:19] Cycle 849
  💰 Current Price: $1.51
  🎯 Signal: HOLD (confidence: 0.10)
  📝 Reason: 5m: MACD bullish; 15m: MACD bearish; 1h: MACD bullish; 4h: MACD bearish

[08:09:50] Cycle 850
  💰 Current Price: $1.51
  🎯 Signal: HOLD (confidence: 0.10)
  📝 Reason: 5m: MACD bullish; 15m: MACD bearish; 1h: MACD bullish; 4h: MACD bearish

[08:10:21] Cycle 851
  💰 Current Price: $1.51
  🎯 Signal: HOLD (confidence: 0.10)
  📝 Reason: 5m: MACD bullish; 15m: MACD bearish; 1h: MACD bullish; 4h: MACD bearish

[08:10:52] Cycle 852
  💰 Current Price: $1.51
  🎯 Signal: HOLD (confidence: 0.10)
  📝 Reason: 5m: MACD bullish; 15m: MACD bearish; 1h: MACD bullish; 4h: MACD bearish

[08:11:23] Cycle 853
  💰 Current Price: $1.51
  🎯 Signal: HOLD (confidence: 0.10)
  📝 Reason: 5m: MACD bullish; 15m: MACD bearish; 1h: MACD bullish; 4h: MACD bearish

[08:11:54] Cycle 854
  💰 Current Price: $1.51
  🎯 Signal: HOLD (confidence: 0.10)
  ⚠️ Sell signal but no position

[07:53:54] Cycle 814
  💰 Current Price: $1.50
  🎯 Signal: SELL (confidence: 0.20)
  📝 Reason: 5m: MACD bearish; 15m: MACD bearish; 1h: MACD bullish; 4h: MACD bearish
  ⚠️ Sell signal but no position

[07:54:24] Cycle 815
  💰 Current Price: $1.50
  🎯 Signal: SELL (confidence: 0.20)
  📝 Reason: 5m: MACD bearish; 15m: MACD bearish; 1h: MACD bullish; 4h: MACD bearish
  ⚠️ Sell signal but no position

[07:54:55] Cycle 816
  💰 Current Price: $1.50
  🎯 Signal: SELL (confidence: 0.20)
  📝 Reason: 5m: MACD bearish; 15m: MACD bearish; 1h: MACD bullish; 4h: MACD bearish
  ⚠️ Sell signal but no position

[07:55:26] Cycle 817
  💰 Current Price: $1.50
  🎯 Signal: SELL (confidence: 0.20)
  📝 Reason: 5m: MACD bearish; 15m: MACD bearish; 1h: MACD bullish; 4h: MACD bearish
  ⚠️ Sell signal but no position

[07:55:57] Cycle 818
  💰 Current Price: $1.50
  🎯 Signal: SELL (confidence: 0.20)
  📝 Reason: 5m: MACD bearish; 15m: MACD bearish; 1h: MACD bullish; 4h: MACD bearish
  ⚠️ Sell signal but no position

[07:56:28] Cycle 819
  💰 Current Price: $1.50
  🎯 Signal: SELL (confidence: 0.20)
  📝 Reason: 5m: MACD bearish; 15m: MACD bearish; 1h: MACD bullish; 4h: MACD bearish
  ⚠️ Sell signal but no position

[07:56:59] Cycle 820
  💰 Current Price: $1.50
  🎯 Signal: SELL (confidence: 0.20)
  📝 Reason: 5m: MACD bearish; 15m: MACD bearish; 1h: MACD bullish; 4h: MACD bearish
  ⚠️ Sell signal but no position

[07:57:30] Cycle 821
  💰 Current Price: $1.50
  🎯 Signal: SELL (confidence: 0.20)
  📝 Reason: 5m: MACD bearish; 15m: MACD bearish; 1h: MACD bullish; 4h: MACD bearish
  ⚠️ Sell signal but no position

[07:58:01] Cycle 822
  💰 Current Price: $1.50
  🎯 Signal: SELL (confidence: 0.20)
  📝 Reason: 5m: MACD bearish; 15m: MACD bearish; 1h: MACD bullish; 4h: MACD bearish
  ⚠️ Sell signal but no position

[07:58:32] Cycle 823
  💰 Current Price: $1.50
  🎯 Signal: SELL (confidence: 0.20)
  📝 Reason: 5m: MACD bearish; 15m: MACD bearish; 1h: MACD bullish; 4h: MACD bearish
  ⚠️ Sell signal but no position

[07:59:03] Cycle 824
  💰 Current Price: $1.50
  🎯 Signal: SELL (confidence: 0.20)
  📝 Reason: 5m: MACD bearish; 15m: MACD bearish; 1h: MACD bullish; 4h: MACD bearish
  ⚠️ Sell signal but no position

[07:59:34] Cycle 825
  💰 Current Price: $1.50
  🎯 Signal: SELL (confidence: 0.20)
  📝 Reason: 5m: MACD bearish; 15m: MACD bearish; 1h: MACD bullish; 4h: MACD bearish
  ⚠️ Sell signal but no position

[08:00:04] Cycle 826
  💰 Current Price: $1.50
  🎯 Signal: SELL (confidence: 0.30)
  📝 Reason: 5m: MACD bearish; 15m: MACD bearish; 1h: MACD bullish; 4h: MACD bearish
  ⚠️ Sell signal but no position

[08:00:35] Cycle 827
  💰 Current Price: $1.50
  🎯 Signal: SELL (confidence: 0.30)
  📝 Reason: 5m: MACD bearish; 15m: MACD bearish; 1h: MACD bullish; 4h: MACD bearish
  ⚠️ Sell signal but no position

[08:01:06] Cycle 828
  💰 Current Price: $1.50
  🎯 Signal: SELL (confidence: 0.30)
  📝 Reason: 5m: MACD bearish; 15m: MACD bearish; 1h: MACD bullish; 4h: MACD bearish
  ⚠️ Sell signal but no position

[08:01:37] Cycle 829
  💰 Current Price: $1.50
  🎯 Signal: SELL (confidence: 0.30)
  📝 Reason: 5m: MACD bearish; 15m: MACD bearish; 1h: MACD bullish; 4h: MACD bearish
  ⚠️ Sell signal but no position

[08:02:08] Cycle 830
  💰 Current Price: $1.50
  🎯 Signal: SELL (confidence: 0.30)
  📝 Reason: 5m: MACD bearish; 15m: MACD bearish; 1h: MACD bullish; 4h: MACD bearish
  ⚠️ Sell signal but no position

[08:02:38] Cycle 831
  💰 Current Price: $1.50
  🎯 Signal: SELL (confidence: 0.30)
  📝 Reason: 5m: MACD bearish; 15m: MACD bearish; 1h: MACD bullish; 4h: MACD bearish
  ⚠️ Sell signal but no position

[08:03:09] Cycle 832
  💰 Current Price: $1.50
  🎯 Signal: SELL (confidence: 0.30)
  📝 Reason: 5m: MACD bearish; 15m: MACD bearish; 1h: MACD bullish; 4h: MACD bearish
  ⚠️ Sell signal but no position

[08:03:40] Cycle 833
  💰 Current Price: $1.50
  🎯 Signal: SELL (confidence: 0.30)
  📝 Reason: 5m: MACD bearish; 15m: MACD bearish; 1h: MACD bullish; 4h: MACD bearish
  ⚠️ Sell signal but no position

[08:04:10] Cycle 834
  💰 Current Price: $1.50
  🎯 Signal: SELL (confidence: 0.30)
  📝 Reason: 5m: MACD bearish; 15m: MACD bearish; 1h: MACD bullish; 4h: MACD bearish
  ⚠️ Sell signal but no position

[08:04:41] Cycle 835
  💰 Current Price: $1.50
  🎯 Signal: SELL (confidence: 0.30)
  📝 Reason: 5m: MACD bearish; 15m: MACD bearish; 1h: MACD bullish; 4h: MACD bearish
  ⚠️ Sell signal but no position

[08:05:12] Cycle 836
  💰 Current Price: $1.50
  🎯 Signal: SELL (confidence: 0.20)
  📝 Reason: 5m: MACD bullish; 15m: MACD bearish; 1h: MACD bullish; 4h: MACD bearish
  ⚠️ Sell signal but no position

[08:05:43] Cycle 837
  💰 Current Price: $1.50
  🎯 Signal: SELL (confidence: 0.20)
  📝 Reason: 5m: MACD bullish; 15m: MACD bearish; 1h: MACD bullish; 4h: MACD bearish
  ⚠️ Sell signal but no position

[08:06:14] Cycle 838
  💰 Current Price: $1.50
  🎯 Signal: SELL (confidence: 0.20)
  📝 Reason: 5m: MACD bullish; 15m: MACD bearish; 1h: MACD bullish; 4h: MACD bearish
  ⚠️ Sell signal but no position

[08:06:44] Cycle 839
  💰 Current Price: $1.50
  🎯 Signal: SELL (confidence: 0.20)
  📝 Reason: 5m: MACD bullish; 15m: MACD bearish; 1h: MACD bullish; 4h: MACD bearish
  ⚠️ Sell signal but no position

[08:07:15] Cycle 840
  💰 Current Price: $1.50
  🎯 Signal: SELL (confidence: 0.20)
  📝 Reason: 5m: MACD bullish; 15m: MACD bearish; 1h: MACD bullish; 4h: MACD bearish
  ⚠️ Sell signal but no position

[08:07:47] Cycle 841
  💰 Current Price: $1.50
  🎯 Signal: SELL (confidence: 0.20)
  📝 Reason: 5m: MACD bullish; 15m: MACD bearish; 1h: MACD bullish; 4h: MACD bearish
  ⚠️ Sell signal but no position

[08:08:17] Cycle 842
  💰 Current Price: $1.50
  🎯 Signal: HOLD (confidence: 0.10)
  📝 Reason: 5m: MACD bullish; 15m: MACD bearish; 1h: MACD bullish; 4h: MACD bearish

[08:08:48] Cycle 843
  💰 Current Price: $1.50
  🎯 Signal: HOLD (confidence: 0.10)
  📝 Reason: 5m: MACD bullish; 15m: MACD bearish; 1h: MACD bullish; 4h: MACD bearish

[08:09:19] Cycle 844
  💰 Current Price: $1.51
  🎯 Signal: HOLD (confidence: 0.10)
  📝 Reason: 5m: MACD bullish; 15m: MACD bearish; 1h: MACD bullish; 4h: MACD bearish

[08:09:50] Cycle 845
  💰 Current Price: $1.51
  🎯 Signal: HOLD (confidence: 0.10)
  📝 Reason: 5m: MACD bullish; 15m: MACD bearish; 1h: MACD bullish; 4h: MACD bearish

[08:10:21] Cycle 846
  💰 Current Price: $1.51
  🎯 Signal: HOLD (confidence: 0.10)
  📝 Reason: 5m: MACD bullish; 15m: MACD bearish; 1h: MACD bullish; 4h: MACD bearish

[08:10:52] Cycle 847
  💰 Current Price: $1.51
  🎯 Signal: HOLD (confidence: 0.10)
  📝 Reason: 5m: MACD bullish; 15m: MACD bearish; 1h: MACD bullish; 4h: MACD bearish

[08:11:23] Cycle 848
  💰 Current Price: $1.51
  🎯 Signal: HOLD (confidence: 0.10)
  📝 Reason: 5m: MACD bullish; 15m: MACD bearish; 1h: MACD bullish; 4h: MACD bearish

[08:11:54] Cycle 849
  💰 Current Price: $1.51
  🎯 Signal: HOLD (confidence: 0.10)
  📝 Reason: 5m: MACD bullish; 15m: MACD bearish; 1h: MACD bullish; 4h: MACD bearish

[08:12:25] Cycle 850
  💰 Current Price: $1.51
  🎯 Signal: HOLD (confidence: 0.10)
  📝 Reason: 5m: MACD bullish; 15m: MACD bearish; 1h: MACD bullish; 4h: MACD bearish

[08:12:56] Cycle 851
  💰 Current Price: $1.51
  🎯 Signal: HOLD (confidence: 0.10)
  📝 Reason: 5m: MACD bullish; 15m: MACD bearish; 1h: MACD bullish; 4h: MACD bearish

[08:13:27] Cycle 852
  💰 Current Price: $1.51
  🎯 Signal: HOLD (confidence: 0.10)
  📝 Reason: 5m: MACD bullish; 15m: MACD bearish; 1h: MACD bullish; 4h: MACD bearish

[08:13:58] Cycle 853
  💰 Current Price: $1.51
  🎯 Signal: HOLD (confidence: 0.10)
  📝 Reason: 5m: MACD bullish; 15m: MACD bearish; 1h: MACD bullish; 4h: MACD bearish

[08:14:29] Cycle 854
  💰 Current Price: $1.51
  📝 Reason: 5m: MACD bullish; 15m: MACD bearish; 1h: MACD bullish; 4h: MACD bearish

[08:12:25] Cycle 855
  💰 Current Price: $1.51
  🎯 Signal: HOLD (confidence: 0.10)
  📝 Reason: 5m: MACD bullish; 15m: MACD bearish; 1h: MACD bullish; 4h: MACD bearish

[08:12:56] Cycle 856
  💰 Current Price: $1.51
  🎯 Signal: HOLD (confidence: 0.10)
  📝 Reason: 5m: MACD bullish; 15m: MACD bearish; 1h: MACD bullish; 4h: MACD bearish

[08:13:27] Cycle 857
  💰 Current Price: $1.51
  🎯 Signal: HOLD (confidence: 0.10)
  📝 Reason: 5m: MACD bullish; 15m: MACD bearish; 1h: MACD bullish; 4h: MACD bearish

[08:13:58] Cycle 858
  💰 Current Price: $1.51
  🎯 Signal: HOLD (confidence: 0.10)
  📝 Reason: 5m: MACD bullish; 15m: MACD bearish; 1h: MACD bullish; 4h: MACD bearish

[08:14:29] Cycle 859
  💰 Current Price: $1.51
  🎯 Signal: HOLD (confidence: 0.10)
  📝 Reason: 5m: MACD bullish; 15m: MACD bearish; 1h: MACD bullish; 4h: MACD bearish

[08:15:00] Cycle 860
  💰 Current Price: $1.51
  🎯 Signal: HOLD (confidence: 0.10)
  📝 Reason: 5m: MACD bullish; 15m: MACD bearish; 1h: MACD bullish; 4h: MACD bearish

[08:15:31] Cycle 861
  💰 Current Price: $1.51
  🎯 Signal: HOLD (confidence: 0.10)
  📝 Reason: 5m: MACD bullish; 15m: MACD bearish; 1h: MACD bullish; 4h: MACD bearish

[08:16:02] Cycle 862
  💰 Current Price: $1.51
  🎯 Signal: HOLD (confidence: 0.10)
  📝 Reason: 5m: MACD bullish; 15m: MACD bearish; 1h: MACD bullish; 4h: MACD bearish

[08:16:33] Cycle 863
  💰 Current Price: $1.51
  🎯 Signal: HOLD (confidence: 0.10)
  📝 Reason: 5m: MACD bullish; 15m: MACD bearish; 1h: MACD bullish; 4h: MACD bearish

[08:17:04] Cycle 864
  💰 Current Price: $1.51
  🎯 Signal: HOLD (confidence: 0.10)
  📝 Reason: 5m: MACD bullish; 15m: MACD bearish; 1h: MACD bullish; 4h: MACD bearish

[08:17:34] Cycle 865
  💰 Current Price: $1.51
  🎯 Signal: HOLD (confidence: 0.10)
  📝 Reason: 5m: MACD bullish; 15m: MACD bearish; 1h: MACD bullish; 4h: MACD bearish

[08:18:05] Cycle 866
  💰 Current Price: $1.51
  🎯 Signal: HOLD (confidence: 0.00)
  📝 Reason: 5m: RSI overbought (75.7); 5m: MACD bullish; 15m: MACD bullish; 1h: MACD bullish

[08:18:36] Cycle 867
  💰 Current Price: $1.51
  🎯 Signal: HOLD (confidence: 0.00)
  📝 Reason: 5m: RSI overbought (76.5); 5m: MACD bullish; 15m: MACD bullish; 1h: MACD bullish

[08:19:07] Cycle 868
  💰 Current Price: $1.51
  🎯 Signal: HOLD (confidence: 0.00)
  📝 Reason: 5m: RSI overbought (77.3); 5m: MACD bullish; 15m: MACD bullish; 1h: MACD bullish

[08:19:38] Cycle 869
  💰 Current Price: $1.51
  🎯 Signal: HOLD (confidence: 0.00)
  📝 Reason: 5m: RSI overbought (77.2); 5m: MACD bullish; 15m: MACD bullish; 1h: MACD bullish

[08:20:09] Cycle 870
  💰 Current Price: $1.51
  🎯 Signal: HOLD (confidence: 0.10)
  📝 Reason: 5m: MACD bullish; 15m: MACD bullish; 1h: MACD bullish; 4h: MACD bearish

[08:20:40] Cycle 871
  💰 Current Price: $1.51
  🎯 Signal: HOLD (confidence: 0.10)
  📝 Reason: 5m: MACD bullish; 15m: MACD bullish; 1h: MACD bullish; 4h: MACD bearish

[08:21:11] Cycle 872
  💰 Current Price: $1.51
  🎯 Signal: HOLD (confidence: 0.10)
  📝 Reason: 5m: MACD bullish; 15m: MACD bearish; 1h: MACD bullish; 4h: MACD bearish

[08:21:42] Cycle 873
  💰 Current Price: $1.51
  🎯 Signal: HOLD (confidence: 0.10)
  📝 Reason: 5m: MACD bullish; 15m: MACD bearish; 1h: MACD bullish; 4h: MACD bearish

[08:22:13] Cycle 874
  💰 Current Price: $1.51
  🎯 Signal: HOLD (confidence: 0.10)
  📝 Reason: 5m: MACD bullish; 15m: MACD bearish; 1h: MACD bullish; 4h: MACD bearish

[08:22:44] Cycle 875
  💰 Current Price: $1.51
  🎯 Signal: HOLD (confidence: 0.10)
  📝 Reason: 5m: MACD bullish; 15m: MACD bearish; 1h: MACD bullish; 4h: MACD bearish

[08:23:15] Cycle 876
  💰 Current Price: $1.51
  🎯 Signal: HOLD (confidence: 0.10)
  📝 Reason: 5m: MACD bullish; 15m: MACD bullish; 1h: MACD bullish; 4h: MACD bearish

[08:23:46] Cycle 877
  💰 Current Price: $1.51
  🎯 Signal: HOLD (confidence: 0.10)
  📝 Reason: 5m: MACD bullish; 15m: MACD bullish; 1h: MACD bullish; 4h: MACD bearish

[08:24:17] Cycle 878
  💰 Current Price: $1.51
  🎯 Signal: HOLD (confidence: 0.10)
  📝 Reason: 5m: MACD bullish; 15m: MACD bullish; 1h: MACD bullish; 4h: MACD bearish

[08:24:48] Cycle 879
  💰 Current Price: $1.51
  🎯 Signal: HOLD (confidence: 0.10)
  📝 Reason: 5m: MACD bullish; 15m: MACD bullish; 1h: MACD bullish; 4h: MACD bearish

[08:25:19] Cycle 880
  💰 Current Price: $1.51
  🎯 Signal: HOLD (confidence: 0.00)
  📝 Reason: 5m: RSI overbought (78.4); 5m: MACD bullish; 15m: MACD bullish; 1h: MACD bullish

[08:25:50] Cycle 881
  💰 Current Price: $1.51
  🎯 Signal: HOLD (confidence: 0.00)
  📝 Reason: 5m: RSI overbought (78.4); 5m: MACD bullish; 15m: MACD bullish; 1h: MACD bullish

[08:26:21] Cycle 882
  💰 Current Price: $1.51
  🎯 Signal: HOLD (confidence: 0.00)
  📝 Reason: 5m: RSI overbought (78.4); 5m: MACD bullish; 15m: MACD bullish; 1h: MACD bullish

[08:26:52] Cycle 883
  💰 Current Price: $1.51
  🎯 Signal: HOLD (confidence: 0.00)
  📝 Reason: 5m: RSI overbought (77.4); 5m: MACD bullish; 15m: MACD bullish; 1h: MACD bullish

[08:27:23] Cycle 884
  💰 Current Price: $1.51
  🎯 Signal: HOLD (confidence: 0.00)
  📝 Reason: 5m: RSI overbought (78.6); 5m: MACD bullish; 15m: MACD bullish; 1h: MACD bullish

[08:27:54] Cycle 885
  💰 Current Price: $1.51
  🎯 Signal: HOLD (confidence: 0.00)
  📝 Reason: 5m: RSI overbought (78.6); 5m: MACD bullish; 15m: MACD bullish; 1h: MACD bullish

[08:28:24] Cycle 886
  💰 Current Price: $1.51
  🎯 Signal: HOLD (confidence: 0.00)
  📝 Reason: 5m: RSI overbought (78.6); 5m: MACD bullish; 15m: MACD bullish; 1h: MACD bullish

[08:28:55] Cycle 887
  💰 Current Price: $1.51
  🎯 Signal: HOLD (confidence: 0.00)
  📝 Reason: 5m: RSI overbought (78.6); 5m: MACD bullish; 15m: MACD bullish; 1h: MACD bullish

[08:29:26] Cycle 888
  💰 Current Price: $1.51
  🎯 Signal: HOLD (confidence: 0.00)
  📝 Reason: 5m: RSI overbought (78.6); 5m: MACD bullish; 15m: MACD bullish; 1h: MACD bullish

[08:29:57] Cycle 889
  💰 Current Price: $1.51
  🎯 Signal: HOLD (confidence: 0.00)
  📝 Reason: 5m: RSI overbought (75.6); 5m: MACD bullish; 15m: MACD bullish; 1h: MACD bullish

[08:30:28] Cycle 890
  💰 Current Price: $1.51
  🎯 Signal: HOLD (confidence: 0.10)
  📝 Reason: 5m: MACD bullish; 15m: MACD bullish; 1h: MACD bullish; 4h: MACD bearish

[08:30:59] Cycle 891
  💰 Current Price: $1.51
  🎯 Signal: HOLD (confidence: 0.10)
  📝 Reason: 5m: MACD bullish; 15m: MACD bullish; 1h: MACD bullish; 4h: MACD bearish

[08:31:30] Cycle 892
  💰 Current Price: $1.51
  🎯 Signal: HOLD (confidence: 0.10)
  📝 Reason: 5m: MACD bullish; 15m: MACD bullish; 1h: MACD bullish; 4h: MACD bearish

[08:32:00] Cycle 893
  💰 Current Price: $1.51
  🎯 Signal: HOLD (confidence: 0.10)
  📝 Reason: 5m: MACD bullish; 15m: MACD bullish; 1h: MACD bullish; 4h: MACD bearish

[08:32:31] Cycle 894
  💰 Current Price: $1.51
  🎯 Signal: HOLD (confidence: 0.10)
  📝 Reason: 5m: MACD bullish; 15m: MACD bullish; 1h: MACD bullish; 4h: MACD bearish

[08:33:02] Cycle 895
  💰 Current Price: $1.51
  🎯 Signal: HOLD (confidence: 0.10)
  📝 Reason: 5m: MACD bullish; 15m: MACD bullish; 1h: MACD bullish; 4h: MACD bearish

[08:33:33] Cycle 896
  💰 Current Price: $1.51
  🎯 Signal: HOLD (confidence: 0.10)
  📝 Reason: 5m: MACD bullish; 15m: MACD bullish; 1h: MACD bullish; 4h: MACD bearish

[08:34:04] Cycle 897
  💰 Current Price: $1.51
  🎯 Signal: HOLD (confidence: 0.10)
  📝 Reason: 5m: MACD bullish; 15m: MACD bullish; 1h: MACD bullish; 4h: MACD bearish

[08:34:35] Cycle 898
  💰 Current Price: $1.51
  🎯 Signal: HOLD (confidence: 0.10)
  📝 Reason: 5m: MACD bullish; 15m: MACD bullish; 1h: MACD bullish; 4h: MACD bearish

[08:35:06] Cycle 899
  💰 Current Price: $1.51
  🎯 Signal: HOLD (confidence: 0.10)
  📝 Reason: 5m: MACD bullish; 15m: MACD bullish; 1h: MACD bullish; 4h: MACD bearish

[08:35:37] Cycle 900
  💰 Current Price: $1.51
  🎯 Signal: HOLD (confidence: 0.10)
  📝 Reason: 5m: MACD bullish; 15m: MACD bearish; 1h: MACD bullish; 4h: MACD bearish

[08:15:00] Cycle 855
  💰 Current Price: $1.51
  🎯 Signal: HOLD (confidence: 0.10)
  📝 Reason: 5m: MACD bullish; 15m: MACD bearish; 1h: MACD bullish; 4h: MACD bearish

[08:15:31] Cycle 856
  💰 Current Price: $1.51
  🎯 Signal: HOLD (confidence: 0.10)
  📝 Reason: 5m: MACD bullish; 15m: MACD bearish; 1h: MACD bullish; 4h: MACD bearish

[08:16:02] Cycle 857
  💰 Current Price: $1.51
  🎯 Signal: HOLD (confidence: 0.10)
  📝 Reason: 5m: MACD bullish; 15m: MACD bearish; 1h: MACD bullish; 4h: MACD bearish

[08:16:33] Cycle 858
  💰 Current Price: $1.51
  🎯 Signal: HOLD (confidence: 0.10)
  📝 Reason: 5m: MACD bullish; 15m: MACD bearish; 1h: MACD bullish; 4h: MACD bearish

[08:17:04] Cycle 859
  💰 Current Price: $1.51
  🎯 Signal: HOLD (confidence: 0.10)
  📝 Reason: 5m: MACD bullish; 15m: MACD bearish; 1h: MACD bullish; 4h: MACD bearish

[08:17:34] Cycle 860
  💰 Current Price: $1.51
  🎯 Signal: HOLD (confidence: 0.10)
  📝 Reason: 5m: MACD bullish; 15m: MACD bearish; 1h: MACD bullish; 4h: MACD bearish

[08:18:05] Cycle 861
  💰 Current Price: $1.51
  🎯 Signal: HOLD (confidence: 0.00)
  📝 Reason: 5m: RSI overbought (75.7); 5m: MACD bullish; 15m: MACD bullish; 1h: MACD bullish

[08:18:36] Cycle 862
  💰 Current Price: $1.51
  🎯 Signal: HOLD (confidence: 0.00)
  📝 Reason: 5m: RSI overbought (76.5); 5m: MACD bullish; 15m: MACD bullish; 1h: MACD bullish

[08:19:07] Cycle 863
  💰 Current Price: $1.51
  🎯 Signal: HOLD (confidence: 0.00)
  📝 Reason: 5m: RSI overbought (77.3); 5m: MACD bullish; 15m: MACD bullish; 1h: MACD bullish

[08:19:38] Cycle 864
  💰 Current Price: $1.51
  🎯 Signal: HOLD (confidence: 0.00)
  📝 Reason: 5m: RSI overbought (77.2); 5m: MACD bullish; 15m: MACD bullish; 1h: MACD bullish

[08:20:09] Cycle 865
  💰 Current Price: $1.51
  🎯 Signal: HOLD (confidence: 0.10)
  📝 Reason: 5m: MACD bullish; 15m: MACD bullish; 1h: MACD bullish; 4h: MACD bearish

[08:20:40] Cycle 866
  💰 Current Price: $1.51
  🎯 Signal: HOLD (confidence: 0.10)
  📝 Reason: 5m: MACD bullish; 15m: MACD bullish; 1h: MACD bullish; 4h: MACD bearish

[08:21:11] Cycle 867
  💰 Current Price: $1.51
  🎯 Signal: HOLD (confidence: 0.10)
  📝 Reason: 5m: MACD bullish; 15m: MACD bearish; 1h: MACD bullish; 4h: MACD bearish

[08:21:42] Cycle 868
  💰 Current Price: $1.51
  🎯 Signal: HOLD (confidence: 0.10)
  📝 Reason: 5m: MACD bullish; 15m: MACD bearish; 1h: MACD bullish; 4h: MACD bearish

[08:22:13] Cycle 869
  💰 Current Price: $1.51
  🎯 Signal: HOLD (confidence: 0.10)
  📝 Reason: 5m: MACD bullish; 15m: MACD bearish; 1h: MACD bullish; 4h: MACD bearish

[08:22:44] Cycle 870
  💰 Current Price: $1.51
  🎯 Signal: HOLD (confidence: 0.10)
  📝 Reason: 5m: MACD bullish; 15m: MACD bearish; 1h: MACD bullish; 4h: MACD bearish

[08:23:15] Cycle 871
  💰 Current Price: $1.51
  🎯 Signal: HOLD (confidence: 0.10)
  📝 Reason: 5m: MACD bullish; 15m: MACD bullish; 1h: MACD bullish; 4h: MACD bearish

[08:23:46] Cycle 872
  💰 Current Price: $1.51
  🎯 Signal: HOLD (confidence: 0.10)
  📝 Reason: 5m: MACD bullish; 15m: MACD bullish; 1h: MACD bullish; 4h: MACD bearish

[08:24:17] Cycle 873
  💰 Current Price: $1.51
  🎯 Signal: HOLD (confidence: 0.10)
  📝 Reason: 5m: MACD bullish; 15m: MACD bullish; 1h: MACD bullish; 4h: MACD bearish

[08:24:48] Cycle 874
  💰 Current Price: $1.51
  🎯 Signal: HOLD (confidence: 0.10)
  📝 Reason: 5m: MACD bullish; 15m: MACD bullish; 1h: MACD bullish; 4h: MACD bearish

[08:25:19] Cycle 875
  💰 Current Price: $1.51
  🎯 Signal: HOLD (confidence: 0.00)
  📝 Reason: 5m: RSI overbought (78.4); 5m: MACD bullish; 15m: MACD bullish; 1h: MACD bullish

[08:25:50] Cycle 876
  💰 Current Price: $1.51
  🎯 Signal: HOLD (confidence: 0.00)
  📝 Reason: 5m: RSI overbought (78.4); 5m: MACD bullish; 15m: MACD bullish; 1h: MACD bullish

[08:26:21] Cycle 877
  💰 Current Price: $1.51
  🎯 Signal: HOLD (confidence: 0.00)
  📝 Reason: 5m: RSI overbought (78.4); 5m: MACD bullish; 15m: MACD bullish; 1h: MACD bullish

[08:26:52] Cycle 878
  💰 Current Price: $1.51
  🎯 Signal: HOLD (confidence: 0.00)
  📝 Reason: 5m: RSI overbought (77.4); 5m: MACD bullish; 15m: MACD bullish; 1h: MACD bullish

[08:27:22] Cycle 879
  💰 Current Price: $1.51
  🎯 Signal: HOLD (confidence: 0.00)
  📝 Reason: 5m: RSI overbought (78.6); 5m: MACD bullish; 15m: MACD bullish; 1h: MACD bullish

[08:27:54] Cycle 880
  💰 Current Price: $1.51
  🎯 Signal: HOLD (confidence: 0.00)
  📝 Reason: 5m: RSI overbought (78.6); 5m: MACD bullish; 15m: MACD bullish; 1h: MACD bullish

[08:28:25] Cycle 881
  💰 Current Price: $1.51
  🎯 Signal: HOLD (confidence: 0.00)
  📝 Reason: 5m: RSI overbought (78.6); 5m: MACD bullish; 15m: MACD bullish; 1h: MACD bullish

[08:28:55] Cycle 882
  💰 Current Price: $1.51
  🎯 Signal: HOLD (confidence: 0.00)
  📝 Reason: 5m: RSI overbought (78.6); 5m: MACD bullish; 15m: MACD bullish; 1h: MACD bullish

[08:29:26] Cycle 883
  💰 Current Price: $1.51
  🎯 Signal: HOLD (confidence: 0.00)
  📝 Reason: 5m: RSI overbought (78.6); 5m: MACD bullish; 15m: MACD bullish; 1h: MACD bullish

[08:29:57] Cycle 884
  💰 Current Price: $1.51
  🎯 Signal: HOLD (confidence: 0.00)
  📝 Reason: 5m: RSI overbought (75.6); 5m: MACD bullish; 15m: MACD bullish; 1h: MACD bullish

[08:30:28] Cycle 885
  💰 Current Price: $1.51
  🎯 Signal: HOLD (confidence: 0.10)
  📝 Reason: 5m: MACD bullish; 15m: MACD bullish; 1h: MACD bullish; 4h: MACD bearish

[08:30:59] Cycle 886
  💰 Current Price: $1.51
  🎯 Signal: HOLD (confidence: 0.10)
  📝 Reason: 5m: MACD bullish; 15m: MACD bullish; 1h: MACD bullish; 4h: MACD bearish

[08:31:30] Cycle 887
  💰 Current Price: $1.51
  🎯 Signal: HOLD (confidence: 0.10)
  📝 Reason: 5m: MACD bullish; 15m: MACD bullish; 1h: MACD bullish; 4h: MACD bearish

[08:32:00] Cycle 888
  💰 Current Price: $1.51
  🎯 Signal: HOLD (confidence: 0.10)
  📝 Reason: 5m: MACD bullish; 15m: MACD bullish; 1h: MACD bullish; 4h: MACD bearish

[08:32:31] Cycle 889
  💰 Current Price: $1.51
  🎯 Signal: HOLD (confidence: 0.10)
  📝 Reason: 5m: MACD bullish; 15m: MACD bullish; 1h: MACD bullish; 4h: MACD bearish

[08:33:02] Cycle 890
  💰 Current Price: $1.51
  🎯 Signal: HOLD (confidence: 0.10)
  📝 Reason: 5m: MACD bullish; 15m: MACD bullish; 1h: MACD bullish; 4h: MACD bearish

[08:33:33] Cycle 891
  💰 Current Price: $1.51
  🎯 Signal: HOLD (confidence: 0.10)
  📝 Reason: 5m: MACD bullish; 15m: MACD bullish; 1h: MACD bullish; 4h: MACD bearish

[08:34:04] Cycle 892
  💰 Current Price: $1.51
  🎯 Signal: HOLD (confidence: 0.10)
  📝 Reason: 5m: MACD bullish; 15m: MACD bullish; 1h: MACD bullish; 4h: MACD bearish

[08:34:35] Cycle 893
  💰 Current Price: $1.51
  🎯 Signal: HOLD (confidence: 0.10)
  📝 Reason: 5m: MACD bullish; 15m: MACD bullish; 1h: MACD bullish; 4h: MACD bearish

[08:35:06] Cycle 894
  💰 Current Price: $1.51
  🎯 Signal: HOLD (confidence: 0.10)
  📝 Reason: 5m: MACD bullish; 15m: MACD bullish; 1h: MACD bullish; 4h: MACD bearish

[08:35:36] Cycle 895
  💰 Current Price: $1.51
  🎯 Signal: HOLD (confidence: 0.10)
  📝 Reason: 5m: MACD bullish; 15m: MACD bullish; 1h: MACD bullish; 4h: MACD bearish

[08:36:08] Cycle 896
  💰 Current Price: $1.51
  🎯 Signal: HOLD (confidence: 0.10)
  📝 Reason: 5m: MACD bullish; 15m: MACD bullish; 1h: MACD bullish; 4h: MACD bearish

[08:36:38] Cycle 897
  💰 Current Price: $1.51
  🎯 Signal: HOLD (confidence: 0.10)
  📝 Reason: 5m: MACD bullish; 15m: MACD bullish; 1h: MACD bullish; 4h: MACD bearish

[08:37:09] Cycle 898
  💰 Current Price: $1.51
  🎯 Signal: HOLD (confidence: 0.10)
  📝 Reason: 5m: MACD bullish; 15m: MACD bullish; 1h: MACD bullish; 4h: MACD bearish

[08:37:40] Cycle 899
  💰 Current Price: $1.51
  🎯 Signal: HOLD (confidence: 0.10)
  📝 Reason: 5m: MACD bullish; 15m: MACD bullish; 1h: MACD bullish; 4h: MACD bearish
  🎯 Signal: HOLD (confidence: 0.10)
  📝 Reason: 5m: MACD bullish; 15m: MACD bullish; 1h: MACD bullish; 4h: MACD bearish

[08:36:07] Cycle 901
  💰 Current Price: $1.51
  🎯 Signal: HOLD (confidence: 0.10)
  📝 Reason: 5m: MACD bullish; 15m: MACD bullish; 1h: MACD bullish; 4h: MACD bearish

[08:36:39] Cycle 902
  💰 Current Price: $1.51
  🎯 Signal: HOLD (confidence: 0.10)
  📝 Reason: 5m: MACD bullish; 15m: MACD bullish; 1h: MACD bullish; 4h: MACD bearish

[08:37:09] Cycle 903
  💰 Current Price: $1.51
  🎯 Signal: HOLD (confidence: 0.10)
  📝 Reason: 5m: MACD bullish; 15m: MACD bullish; 1h: MACD bullish; 4h: MACD bearish

[08:37:40] Cycle 904
  💰 Current Price: $1.51
  🎯 Signal: HOLD (confidence: 0.10)
  📝 Reason: 5m: MACD bullish; 15m: MACD bullish; 1h: MACD bullish; 4h: MACD bearish

[08:38:11] Cycle 905
  💰 Current Price: $1.51
  🎯 Signal: HOLD (confidence: 0.10)
  📝 Reason: 5m: MACD bullish; 15m: MACD bullish; 1h: MACD bullish; 4h: MACD bearish

[08:38:42] Cycle 906
  💰 Current Price: $1.51
  🎯 Signal: HOLD (confidence: 0.10)
  📝 Reason: 5m: MACD bullish; 15m: MACD bullish; 1h: MACD bullish; 4h: MACD bearish

[08:39:13] Cycle 907
  💰 Current Price: $1.51
  🎯 Signal: HOLD (confidence: 0.10)
  📝 Reason: 5m: MACD bullish; 15m: MACD bullish; 1h: MACD bullish; 4h: MACD bearish

[08:39:44] Cycle 908
  💰 Current Price: $1.51
  🎯 Signal: HOLD (confidence: 0.10)
  📝 Reason: 5m: MACD bullish; 15m: MACD bullish; 1h: MACD bullish; 4h: MACD bearish

[08:40:15] Cycle 909
  💰 Current Price: $1.51
  🎯 Signal: HOLD (confidence: 0.00)
  📝 Reason: 5m: RSI overbought (76.5); 5m: MACD bullish; 15m: MACD bullish; 1h: MACD bullish

[08:40:46] Cycle 910
  💰 Current Price: $1.51
  🎯 Signal: HOLD (confidence: 0.00)
  📝 Reason: 5m: RSI overbought (75.2); 5m: MACD bullish; 15m: MACD bullish; 1h: MACD bullish

[08:41:17] Cycle 911
  💰 Current Price: $1.51
  🎯 Signal: HOLD (confidence: 0.10)
  📝 Reason: 5m: MACD bullish; 15m: MACD bullish; 1h: MACD bullish; 4h: MACD bearish

[08:41:48] Cycle 912
  💰 Current Price: $1.51
  🎯 Signal: HOLD (confidence: 0.10)
  📝 Reason: 5m: MACD bullish; 15m: MACD bullish; 1h: MACD bullish; 4h: MACD bearish

[08:42:18] Cycle 913
  💰 Current Price: $1.51
  🎯 Signal: HOLD (confidence: 0.10)
  📝 Reason: 5m: MACD bullish; 15m: MACD bullish; 1h: MACD bullish; 4h: MACD bearish

[08:42:49] Cycle 914
  💰 Current Price: $1.51
  🎯 Signal: HOLD (confidence: 0.10)
  📝 Reason: 5m: MACD bullish; 15m: MACD bullish; 1h: MACD bullish; 4h: MACD bearish

[08:43:20] Cycle 915
  💰 Current Price: $1.51
  🎯 Signal: HOLD (confidence: 0.10)
  📝 Reason: 5m: MACD bullish; 15m: MACD bearish; 1h: MACD bullish; 4h: MACD bearish

[08:43:51] Cycle 916
  💰 Current Price: $1.51
  🎯 Signal: HOLD (confidence: 0.10)
  📝 Reason: 5m: MACD bullish; 15m: MACD bearish; 1h: MACD bullish; 4h: MACD bearish

[08:44:22] Cycle 917
  💰 Current Price: $1.50
  🎯 Signal: HOLD (confidence: 0.10)
  📝 Reason: 5m: MACD bullish; 15m: MACD bearish; 1h: MACD bullish; 4h: MACD bearish

[08:44:53] Cycle 918
  💰 Current Price: $1.50
  🎯 Signal: HOLD (confidence: 0.10)
  📝 Reason: 5m: MACD bullish; 15m: MACD bearish; 1h: MACD bullish; 4h: MACD bearish

[08:45:24] Cycle 919
  💰 Current Price: $1.50
  🎯 Signal: HOLD (confidence: 0.10)
  📝 Reason: 5m: MACD bullish; 15m: MACD bearish; 1h: MACD bullish; 4h: MACD bearish

[08:45:55] Cycle 920
  💰 Current Price: $1.50
  🎯 Signal: HOLD (confidence: 0.10)
  📝 Reason: 5m: MACD bullish; 15m: MACD bearish; 1h: MACD bullish; 4h: MACD bearish

[08:46:26] Cycle 921
  💰 Current Price: $1.50
  🎯 Signal: HOLD (confidence: 0.10)
  📝 Reason: 5m: MACD bullish; 15m: MACD bearish; 1h: MACD bullish; 4h: MACD bearish

[08:46:57] Cycle 922
  💰 Current Price: $1.50
  🎯 Signal: HOLD (confidence: 0.10)
  📝 Reason: 5m: MACD bullish; 15m: MACD bearish; 1h: MACD bullish; 4h: MACD bearish

[08:47:27] Cycle 923
  💰 Current Price: $1.50
  🎯 Signal: HOLD (confidence: 0.10)
  📝 Reason: 5m: MACD bullish; 15m: MACD bearish; 1h: MACD bullish; 4h: MACD bearish

[08:47:58] Cycle 924
  💰 Current Price: $1.51
  🎯 Signal: HOLD (confidence: 0.10)
  📝 Reason: 5m: MACD bullish; 15m: MACD bearish; 1h: MACD bullish; 4h: MACD bearish

[08:48:29] Cycle 925
  💰 Current Price: $1.51
  🎯 Signal: HOLD (confidence: 0.10)
  📝 Reason: 5m: MACD bullish; 15m: MACD bearish; 1h: MACD bullish; 4h: MACD bearish

[08:49:00] Cycle 926
  💰 Current Price: $1.51
  🎯 Signal: HOLD (confidence: 0.10)
  📝 Reason: 5m: MACD bullish; 15m: MACD bearish; 1h: MACD bullish; 4h: MACD bearish

[08:49:31] Cycle 927
  💰 Current Price: $1.51
  🎯 Signal: HOLD (confidence: 0.10)
  📝 Reason: 5m: MACD bullish; 15m: MACD bearish; 1h: MACD bullish; 4h: MACD bearish

[08:50:02] Cycle 928
  💰 Current Price: $1.51
  🎯 Signal: HOLD (confidence: 0.10)
  📝 Reason: 5m: MACD bullish; 15m: MACD bearish; 1h: MACD bullish; 4h: MACD bearish

[08:50:33] Cycle 929
  💰 Current Price: $1.51
  🎯 Signal: HOLD (confidence: 0.10)
  📝 Reason: 5m: MACD bullish; 15m: MACD bearish; 1h: MACD bullish; 4h: MACD bearish

[08:51:04] Cycle 930
  💰 Current Price: $1.50
  🎯 Signal: HOLD (confidence: 0.10)
  📝 Reason: 5m: MACD bullish; 15m: MACD bearish; 1h: MACD bullish; 4h: MACD bearish

[08:51:35] Cycle 931
  💰 Current Price: $1.50
  🎯 Signal: HOLD (confidence: 0.10)
  📝 Reason: 5m: MACD bullish; 15m: MACD bearish; 1h: MACD bullish; 4h: MACD bearish

[08:52:06] Cycle 932
  💰 Current Price: $1.50
  🎯 Signal: HOLD (confidence: 0.10)
  📝 Reason: 5m: MACD bullish; 15m: MACD bearish; 1h: MACD bullish; 4h: MACD bearish

[08:52:37] Cycle 933
  💰 Current Price: $1.50
  🎯 Signal: HOLD (confidence: 0.10)
  📝 Reason: 5m: MACD bullish; 15m: MACD bearish; 1h: MACD bullish; 4h: MACD bearish

[08:53:07] Cycle 934
  💰 Current Price: $1.50
  🎯 Signal: HOLD (confidence: 0.10)
  📝 Reason: 5m: MACD bullish; 15m: MACD bearish; 1h: MACD bullish; 4h: MACD bearish

[08:53:38] Cycle 935
  💰 Current Price: $1.50
  🎯 Signal: SELL (confidence: 0.20)
  📝 Reason: 5m: MACD bullish; 15m: MACD bearish; 1h: MACD bullish; 4h: MACD bearish
  ⚠️ Sell signal but no position

[08:54:09] Cycle 936
  💰 Current Price: $1.50
  🎯 Signal: SELL (confidence: 0.20)
  📝 Reason: 5m: MACD bullish; 15m: MACD bearish; 1h: MACD bullish; 4h: MACD bearish
  ⚠️ Sell signal but no position

[08:54:40] Cycle 937
  💰 Current Price: $1.50
  🎯 Signal: SELL (confidence: 0.20)
  📝 Reason: 5m: MACD bullish; 15m: MACD bearish; 1h: MACD bullish; 4h: MACD bearish
  ⚠️ Sell signal but no position

[08:55:11] Cycle 938
  💰 Current Price: $1.50
  🎯 Signal: SELL (confidence: 0.20)
  📝 Reason: 5m: MACD bullish; 15m: MACD bearish; 1h: MACD bullish; 4h: MACD bearish
  ⚠️ Sell signal but no position

[08:55:42] Cycle 939
  💰 Current Price: $1.50
  🎯 Signal: SELL (confidence: 0.20)
  📝 Reason: 5m: MACD bullish; 15m: MACD bearish; 1h: MACD bullish; 4h: MACD bearish
  ⚠️ Sell signal but no position

[08:56:12] Cycle 940
  💰 Current Price: $1.50
  🎯 Signal: SELL (confidence: 0.20)
  📝 Reason: 5m: MACD bullish; 15m: MACD bearish; 1h: MACD bullish; 4h: MACD bearish
  ⚠️ Sell signal but no position

[08:56:43] Cycle 941
  💰 Current Price: $1.50
  🎯 Signal: SELL (confidence: 0.20)
  📝 Reason: 5m: MACD bullish; 15m: MACD bearish; 1h: MACD bullish; 4h: MACD bearish
  ⚠️ Sell signal but no position

[08:57:14] Cycle 942
  💰 Current Price: $1.50
  🎯 Signal: SELL (confidence: 0.20)
  📝 Reason: 5m: MACD bullish; 15m: MACD bearish; 1h: MACD bullish; 4h: MACD bearish
  ⚠️ Sell signal but no position

[08:57:45] Cycle 943
  💰 Current Price: $1.50
  🎯 Signal: SELL (confidence: 0.20)
  📝 Reason: 5m: MACD bullish; 15m: MACD bearish; 1h: MACD bullish; 4h: MACD bearish
  ⚠️ Sell signal but no position

[08:58:15] Cycle 944
  💰 Current Price: $1.50
  🎯 Signal: SELL (confidence: 0.20)

[08:38:11] Cycle 900
  💰 Current Price: $1.51
  🎯 Signal: HOLD (confidence: 0.10)
  📝 Reason: 5m: MACD bullish; 15m: MACD bullish; 1h: MACD bullish; 4h: MACD bearish

[08:38:42] Cycle 901
  💰 Current Price: $1.51
  🎯 Signal: HOLD (confidence: 0.10)
  📝 Reason: 5m: MACD bullish; 15m: MACD bullish; 1h: MACD bullish; 4h: MACD bearish

[08:39:13] Cycle 902
  💰 Current Price: $1.51
  🎯 Signal: HOLD (confidence: 0.10)
  📝 Reason: 5m: MACD bullish; 15m: MACD bullish; 1h: MACD bullish; 4h: MACD bearish

[08:39:44] Cycle 903
  💰 Current Price: $1.51
  🎯 Signal: HOLD (confidence: 0.10)
  📝 Reason: 5m: MACD bullish; 15m: MACD bullish; 1h: MACD bullish; 4h: MACD bearish

[08:40:15] Cycle 904
  💰 Current Price: $1.51
  🎯 Signal: HOLD (confidence: 0.00)
  📝 Reason: 5m: RSI overbought (76.5); 5m: MACD bullish; 15m: MACD bullish; 1h: MACD bullish

[08:40:46] Cycle 905
  💰 Current Price: $1.51
  🎯 Signal: HOLD (confidence: 0.00)
  📝 Reason: 5m: RSI overbought (75.2); 5m: MACD bullish; 15m: MACD bullish; 1h: MACD bullish

[08:41:17] Cycle 906
  💰 Current Price: $1.51
  🎯 Signal: HOLD (confidence: 0.10)
  📝 Reason: 5m: MACD bullish; 15m: MACD bullish; 1h: MACD bullish; 4h: MACD bearish

[08:41:48] Cycle 907
  💰 Current Price: $1.51
  🎯 Signal: HOLD (confidence: 0.10)
  📝 Reason: 5m: MACD bullish; 15m: MACD bullish; 1h: MACD bullish; 4h: MACD bearish

[08:42:18] Cycle 908
  💰 Current Price: $1.51
  🎯 Signal: HOLD (confidence: 0.10)
  📝 Reason: 5m: MACD bullish; 15m: MACD bullish; 1h: MACD bullish; 4h: MACD bearish

[08:42:49] Cycle 909
  💰 Current Price: $1.51
  🎯 Signal: HOLD (confidence: 0.10)
  📝 Reason: 5m: MACD bullish; 15m: MACD bullish; 1h: MACD bullish; 4h: MACD bearish

[08:43:20] Cycle 910
  💰 Current Price: $1.51
  🎯 Signal: HOLD (confidence: 0.10)
  📝 Reason: 5m: MACD bullish; 15m: MACD bearish; 1h: MACD bullish; 4h: MACD bearish

[08:43:51] Cycle 911
  💰 Current Price: $1.51
  🎯 Signal: HOLD (confidence: 0.10)
  📝 Reason: 5m: MACD bullish; 15m: MACD bearish; 1h: MACD bullish; 4h: MACD bearish

[08:44:22] Cycle 912
  💰 Current Price: $1.50
  🎯 Signal: HOLD (confidence: 0.10)
  📝 Reason: 5m: MACD bullish; 15m: MACD bearish; 1h: MACD bullish; 4h: MACD bearish

[08:44:53] Cycle 913
  💰 Current Price: $1.50
  🎯 Signal: HOLD (confidence: 0.10)
  📝 Reason: 5m: MACD bullish; 15m: MACD bearish; 1h: MACD bullish; 4h: MACD bearish

[08:45:24] Cycle 914
  💰 Current Price: $1.50
  🎯 Signal: HOLD (confidence: 0.10)
  📝 Reason: 5m: MACD bullish; 15m: MACD bearish; 1h: MACD bullish; 4h: MACD bearish

[08:45:55] Cycle 915
  💰 Current Price: $1.50
  🎯 Signal: HOLD (confidence: 0.10)
  📝 Reason: 5m: MACD bullish; 15m: MACD bearish; 1h: MACD bullish; 4h: MACD bearish

[08:46:26] Cycle 916
  💰 Current Price: $1.50
  🎯 Signal: HOLD (confidence: 0.10)
  📝 Reason: 5m: MACD bullish; 15m: MACD bearish; 1h: MACD bullish; 4h: MACD bearish

[08:46:57] Cycle 917
  💰 Current Price: $1.50
  🎯 Signal: HOLD (confidence: 0.10)
  📝 Reason: 5m: MACD bullish; 15m: MACD bearish; 1h: MACD bullish; 4h: MACD bearish

[08:47:27] Cycle 918
  💰 Current Price: $1.50
  🎯 Signal: HOLD (confidence: 0.10)
  📝 Reason: 5m: MACD bullish; 15m: MACD bearish; 1h: MACD bullish; 4h: MACD bearish

[08:47:58] Cycle 919
  💰 Current Price: $1.51
  🎯 Signal: HOLD (confidence: 0.10)
  📝 Reason: 5m: MACD bullish; 15m: MACD bearish; 1h: MACD bullish; 4h: MACD bearish

[08:48:29] Cycle 920
  💰 Current Price: $1.51
  🎯 Signal: HOLD (confidence: 0.10)
  📝 Reason: 5m: MACD bullish; 15m: MACD bearish; 1h: MACD bullish; 4h: MACD bearish

[08:49:00] Cycle 921
  💰 Current Price: $1.51
  🎯 Signal: HOLD (confidence: 0.10)
  📝 Reason: 5m: MACD bullish; 15m: MACD bearish; 1h: MACD bullish; 4h: MACD bearish

[08:49:31] Cycle 922
  💰 Current Price: $1.51
  🎯 Signal: HOLD (confidence: 0.10)
  📝 Reason: 5m: MACD bullish; 15m: MACD bearish; 1h: MACD bullish; 4h: MACD bearish

[08:50:02] Cycle 923
  💰 Current Price: $1.51
  🎯 Signal: HOLD (confidence: 0.10)
  📝 Reason: 5m: MACD bullish; 15m: MACD bearish; 1h: MACD bullish; 4h: MACD bearish

[08:50:33] Cycle 924
  💰 Current Price: $1.51
  🎯 Signal: HOLD (confidence: 0.10)
  📝 Reason: 5m: MACD bullish; 15m: MACD bearish; 1h: MACD bullish; 4h: MACD bearish

[08:51:04] Cycle 925
  💰 Current Price: $1.50
  🎯 Signal: HOLD (confidence: 0.10)
  📝 Reason: 5m: MACD bullish; 15m: MACD bearish; 1h: MACD bullish; 4h: MACD bearish

[08:51:35] Cycle 926
  💰 Current Price: $1.50
  🎯 Signal: HOLD (confidence: 0.10)
  📝 Reason: 5m: MACD bullish; 15m: MACD bearish; 1h: MACD bullish; 4h: MACD bearish

[08:52:06] Cycle 927
  💰 Current Price: $1.50
  🎯 Signal: HOLD (confidence: 0.10)
  📝 Reason: 5m: MACD bullish; 15m: MACD bearish; 1h: MACD bullish; 4h: MACD bearish

[08:52:37] Cycle 928
  💰 Current Price: $1.50
  🎯 Signal: HOLD (confidence: 0.10)
  📝 Reason: 5m: MACD bullish; 15m: MACD bearish; 1h: MACD bullish; 4h: MACD bearish

[08:53:08] Cycle 929
  💰 Current Price: $1.50
  🎯 Signal: HOLD (confidence: 0.10)
  📝 Reason: 5m: MACD bullish; 15m: MACD bearish; 1h: MACD bullish; 4h: MACD bearish

[08:53:38] Cycle 930
  💰 Current Price: $1.50
  🎯 Signal: SELL (confidence: 0.20)
  📝 Reason: 5m: MACD bullish; 15m: MACD bearish; 1h: MACD bullish; 4h: MACD bearish
  ⚠️ Sell signal but no position

[08:54:09] Cycle 931
  💰 Current Price: $1.50
  🎯 Signal: SELL (confidence: 0.20)
  📝 Reason: 5m: MACD bullish; 15m: MACD bearish; 1h: MACD bullish; 4h: MACD bearish
  ⚠️ Sell signal but no position

[08:54:40] Cycle 932
  💰 Current Price: $1.50
  🎯 Signal: SELL (confidence: 0.20)
  📝 Reason: 5m: MACD bullish; 15m: MACD bearish; 1h: MACD bullish; 4h: MACD bearish
  ⚠️ Sell signal but no position

[08:55:11] Cycle 933
  💰 Current Price: $1.50
  🎯 Signal: SELL (confidence: 0.20)
  📝 Reason: 5m: MACD bullish; 15m: MACD bearish; 1h: MACD bullish; 4h: MACD bearish
  ⚠️ Sell signal but no position

[08:55:42] Cycle 934
  💰 Current Price: $1.50
  🎯 Signal: SELL (confidence: 0.20)
  📝 Reason: 5m: MACD bullish; 15m: MACD bearish; 1h: MACD bullish; 4h: MACD bearish
  ⚠️ Sell signal but no position

[08:56:12] Cycle 935
  💰 Current Price: $1.50
  🎯 Signal: SELL (confidence: 0.20)
  📝 Reason: 5m: MACD bullish; 15m: MACD bearish; 1h: MACD bullish; 4h: MACD bearish
  ⚠️ Sell signal but no position

[08:56:43] Cycle 936
  💰 Current Price: $1.50
  🎯 Signal: SELL (confidence: 0.20)
  📝 Reason: 5m: MACD bullish; 15m: MACD bearish; 1h: MACD bullish; 4h: MACD bearish
  ⚠️ Sell signal but no position

[08:57:14] Cycle 937
  💰 Current Price: $1.50
  🎯 Signal: SELL (confidence: 0.20)
  📝 Reason: 5m: MACD bullish; 15m: MACD bearish; 1h: MACD bullish; 4h: MACD bearish
  ⚠️ Sell signal but no position

[08:57:45] Cycle 938
  💰 Current Price: $1.50
  🎯 Signal: SELL (confidence: 0.20)
  📝 Reason: 5m: MACD bullish; 15m: MACD bearish; 1h: MACD bullish; 4h: MACD bearish
  ⚠️ Sell signal but no position

[08:58:15] Cycle 939
  💰 Current Price: $1.50
  🎯 Signal: SELL (confidence: 0.20)
  📝 Reason: 5m: MACD bullish; 15m: MACD bearish; 1h: MACD bullish; 4h: MACD bearish
  ⚠️ Sell signal but no position

[08:58:46] Cycle 940
  💰 Current Price: $1.50
  🎯 Signal: SELL (confidence: 0.20)
  📝 Reason: 5m: MACD bullish; 15m: MACD bearish; 1h: MACD bullish; 4h: MACD bearish
  ⚠️ Sell signal but no position

[08:59:17] Cycle 941
  💰 Current Price: $1.50
  🎯 Signal: SELL (confidence: 0.20)
  📝 Reason: 5m: MACD bullish; 15m: MACD bearish; 1h: MACD bullish; 4h: MACD bearish
  ⚠️ Sell signal but no position

[08:59:47] Cycle 942
  💰 Current Price: $1.50
  🎯 Signal: SELL (confidence: 0.20)
  📝 Reason: 5m: MACD bullish; 15m: MACD bearish; 1h: MACD bullish; 4h: MACD bearish
  ⚠️ Sell signal but no position

[09:00:18] Cycle 943
  💰 Current Price: $1.49
  🎯 Signal: SELL (confidence: 0.20)
  📝 Reason: 5m: MACD bullish; 15m: MACD bearish; 1h: MACD bullish; 4h: MACD bearish
  ⚠️ Sell signal but no position

[08:58:46] Cycle 945
  💰 Current Price: $1.50
  🎯 Signal: SELL (confidence: 0.20)
  📝 Reason: 5m: MACD bullish; 15m: MACD bearish; 1h: MACD bullish; 4h: MACD bearish
  ⚠️ Sell signal but no position

[08:59:17] Cycle 946
  💰 Current Price: $1.50
  🎯 Signal: SELL (confidence: 0.20)
  📝 Reason: 5m: MACD bullish; 15m: MACD bearish; 1h: MACD bullish; 4h: MACD bearish
  ⚠️ Sell signal but no position

[08:59:47] Cycle 947
  💰 Current Price: $1.50
  🎯 Signal: SELL (confidence: 0.20)
  📝 Reason: 5m: MACD bullish; 15m: MACD bearish; 1h: MACD bullish; 4h: MACD bearish
  ⚠️ Sell signal but no position

[09:00:18] Cycle 948
  💰 Current Price: $1.49
  🎯 Signal: SELL (confidence: 0.20)
  📝 Reason: 5m: MACD bullish; 15m: MACD bearish; 1h: MACD bullish; 4h: MACD bearish
  ⚠️ Sell signal but no position

[09:00:49] Cycle 949
  💰 Current Price: $1.49
  🎯 Signal: SELL (confidence: 0.20)
  📝 Reason: 5m: MACD bullish; 15m: MACD bearish; 1h: MACD bullish; 4h: MACD bearish
  ⚠️ Sell signal but no position

[09:01:20] Cycle 950
  💰 Current Price: $1.49
  🎯 Signal: HOLD (confidence: 0.00)
  📝 Reason: 5m: MACD bullish; 15m: RSI oversold (34.9); 15m: MACD bearish; 1h: MACD bullish

[09:01:51] Cycle 951
  💰 Current Price: $1.49
  🎯 Signal: HOLD (confidence: 0.00)
  📝 Reason: 5m: MACD bullish; 15m: RSI oversold (34.9); 15m: MACD bearish; 1h: MACD bullish

[09:02:22] Cycle 952
  💰 Current Price: $1.49
  🎯 Signal: HOLD (confidence: 0.10)
  📝 Reason: 5m: RSI oversold (34.6); 5m: MACD bullish; 15m: RSI oversold (32.8); 15m: MACD bearish

[09:02:53] Cycle 953
  💰 Current Price: $1.49
  🎯 Signal: HOLD (confidence: 0.00)
  📝 Reason: 5m: RSI oversold (31.6); 5m: MACD bearish; 15m: RSI oversold (31.0); 15m: MACD bearish

[09:03:24] Cycle 954
  💰 Current Price: $1.49
  🎯 Signal: HOLD (confidence: 0.00)
  📝 Reason: 5m: RSI oversold (31.6); 5m: MACD bearish; 15m: RSI oversold (31.0); 15m: MACD bearish

[09:03:54] Cycle 955
  💰 Current Price: $1.49
  🎯 Signal: HOLD (confidence: 0.00)
  📝 Reason: 5m: RSI oversold (31.6); 5m: MACD bearish; 15m: RSI oversold (31.0); 15m: MACD bearish

[09:04:25] Cycle 956
  💰 Current Price: $1.49
  🎯 Signal: HOLD (confidence: 0.00)
  📝 Reason: 5m: RSI oversold (31.6); 5m: MACD bearish; 15m: RSI oversold (31.0); 15m: MACD bearish

[09:04:56] Cycle 957
  💰 Current Price: $1.49
  🎯 Signal: HOLD (confidence: 0.00)
  📝 Reason: 5m: RSI oversold (31.6); 5m: MACD bearish; 15m: RSI oversold (31.0); 15m: MACD bearish

[09:05:27] Cycle 958
  💰 Current Price: $1.49
  🎯 Signal: HOLD (confidence: 0.00)
  📝 Reason: 5m: RSI oversold (33.8); 5m: MACD bearish; 15m: RSI oversold (31.6); 15m: MACD bearish

[09:05:58] Cycle 959
  💰 Current Price: $1.49
  🎯 Signal: HOLD (confidence: 0.00)
  📝 Reason: 5m: RSI oversold (33.8); 5m: MACD bearish; 15m: RSI oversold (31.6); 15m: MACD bearish

[09:06:29] Cycle 960
  💰 Current Price: $1.49
  🎯 Signal: HOLD (confidence: 0.00)
  📝 Reason: 5m: RSI oversold (33.8); 5m: MACD bearish; 15m: RSI oversold (31.6); 15m: MACD bearish

[09:07:00] Cycle 961
  💰 Current Price: $1.48
  🎯 Signal: HOLD (confidence: 0.00)
  📝 Reason: 5m: RSI oversold (30.2); 5m: MACD bearish; 15m: RSI oversold (30.1); 15m: MACD bearish

[09:07:31] Cycle 962
  💰 Current Price: $1.48
  🎯 Signal: HOLD (confidence: 0.00)
  📝 Reason: 5m: RSI oversold (30.2); 5m: MACD bearish; 15m: RSI oversold (30.1); 15m: MACD bearish

[09:08:01] Cycle 963
  💰 Current Price: $1.48
  🎯 Signal: HOLD (confidence: 0.00)
  📝 Reason: 5m: RSI oversold (30.2); 5m: MACD bearish; 15m: RSI oversold (30.1); 15m: MACD bearish

[09:08:32] Cycle 964
  💰 Current Price: $1.48
  🎯 Signal: HOLD (confidence: 0.00)
  📝 Reason: 5m: RSI oversold (30.2); 5m: MACD bearish; 15m: RSI oversold (30.1); 15m: MACD bearish

[09:09:03] Cycle 965
  💰 Current Price: $1.49
  🎯 Signal: HOLD (confidence: 0.00)
  📝 Reason: 5m: RSI oversold (31.7); 5m: MACD bearish; 15m: RSI oversold (31.0); 15m: MACD bearish

[09:09:34] Cycle 966
  💰 Current Price: $1.49
  🎯 Signal: HOLD (confidence: 0.00)
  📝 Reason: 5m: RSI oversold (31.7); 5m: MACD bearish; 15m: RSI oversold (31.0); 15m: MACD bearish

[09:10:05] Cycle 967
  💰 Current Price: $1.49
  🎯 Signal: HOLD (confidence: 0.00)
  📝 Reason: 5m: RSI oversold (32.1); 5m: MACD bearish; 15m: RSI oversold (31.0); 15m: MACD bearish

[09:10:36] Cycle 968
  💰 Current Price: $1.49
  🎯 Signal: HOLD (confidence: 0.00)
  📝 Reason: 5m: RSI oversold (32.1); 5m: MACD bearish; 15m: RSI oversold (31.0); 15m: MACD bearish

[09:11:07] Cycle 969
  💰 Current Price: $1.49
  🎯 Signal: HOLD (confidence: 0.00)
  📝 Reason: 5m: RSI oversold (32.1); 5m: MACD bearish; 15m: RSI oversold (31.0); 15m: MACD bearish

[09:11:37] Cycle 970
  💰 Current Price: $1.49
  🎯 Signal: HOLD (confidence: 0.00)
  📝 Reason: 5m: RSI oversold (32.1); 5m: MACD bearish; 15m: RSI oversold (31.0); 15m: MACD bearish

[09:12:08] Cycle 971
  💰 Current Price: $1.49
  🎯 Signal: HOLD (confidence: 0.00)
  📝 Reason: 5m: RSI oversold (32.1); 5m: MACD bearish; 15m: RSI oversold (31.0); 15m: MACD bearish

[09:12:39] Cycle 972
  💰 Current Price: $1.49
  🎯 Signal: HOLD (confidence: 0.00)
  📝 Reason: 5m: RSI oversold (32.1); 5m: MACD bearish; 15m: RSI oversold (31.0); 15m: MACD bearish

[09:13:11] Cycle 973
  💰 Current Price: $1.49
  🎯 Signal: HOLD (confidence: 0.00)
  📝 Reason: 5m: RSI oversold (32.1); 5m: MACD bearish; 15m: RSI oversold (31.0); 15m: MACD bearish

[09:13:42] Cycle 974
  💰 Current Price: $1.49
  🎯 Signal: HOLD (confidence: 0.00)
  📝 Reason: 5m: RSI oversold (32.1); 5m: MACD bearish; 15m: RSI oversold (31.0); 15m: MACD bearish

[09:14:13] Cycle 975
  💰 Current Price: $1.49
  🎯 Signal: HOLD (confidence: 0.00)
  📝 Reason: 5m: RSI oversold (32.1); 5m: MACD bearish; 15m: RSI oversold (31.0); 15m: MACD bearish

[09:14:43] Cycle 976
  💰 Current Price: $1.49
  🎯 Signal: HOLD (confidence: 0.00)
  📝 Reason: 5m: RSI oversold (32.1); 5m: MACD bearish; 15m: RSI oversold (31.0); 15m: MACD bearish

[09:15:14] Cycle 977
  💰 Current Price: $1.49
  🎯 Signal: HOLD (confidence: 0.00)
  📝 Reason: 5m: RSI oversold (20.8); 5m: MACD bearish; 15m: RSI oversold (30.2); 15m: MACD bearish

[09:15:45] Cycle 978
  💰 Current Price: $1.49
  🎯 Signal: HOLD (confidence: 0.00)
  📝 Reason: 5m: RSI oversold (24.5); 5m: MACD bearish; 15m: RSI oversold (31.9); 15m: MACD bearish

[09:16:16] Cycle 979
  💰 Current Price: $1.49
  🎯 Signal: HOLD (confidence: 0.00)
  📝 Reason: 5m: RSI oversold (27.2); 5m: MACD bearish; 15m: RSI oversold (33.3); 15m: MACD bearish

[09:16:47] Cycle 980
  💰 Current Price: $1.49
  🎯 Signal: HOLD (confidence: 0.00)
  📝 Reason: 5m: RSI oversold (29.0); 5m: MACD bearish; 15m: RSI oversold (34.3); 15m: MACD bearish

[09:17:19] Cycle 981
  💰 Current Price: $1.49
  🎯 Signal: HOLD (confidence: 0.00)
  📝 Reason: 5m: RSI oversold (29.0); 5m: MACD bearish; 15m: RSI oversold (34.3); 15m: MACD bearish

[09:17:49] Cycle 982
  💰 Current Price: $1.49
  🎯 Signal: HOLD (confidence: 0.00)
  📝 Reason: 5m: RSI oversold (30.1); 5m: MACD bearish; 15m: RSI oversold (34.9); 15m: MACD bearish

[09:18:20] Cycle 983
  💰 Current Price: $1.49
  🎯 Signal: HOLD (confidence: 0.00)
  📝 Reason: 5m: RSI oversold (30.1); 5m: MACD bearish; 15m: RSI oversold (34.9); 15m: MACD bearish

[09:18:51] Cycle 984
  💰 Current Price: $1.49
  🎯 Signal: HOLD (confidence: 0.00)
  📝 Reason: 5m: RSI oversold (30.1); 5m: MACD bearish; 15m: RSI oversold (34.9); 15m: MACD bearish

[09:19:22] Cycle 985
  💰 Current Price: $1.49
  🎯 Signal: HOLD (confidence: 0.00)
  📝 Reason: 5m: RSI oversold (30.1); 5m: MACD bearish; 15m: RSI oversold (34.9); 15m: MACD bearish

[09:19:53] Cycle 986
  💰 Current Price: $1.49
  🎯 Signal: HOLD (confidence: 0.00)
  📝 Reason: 5m: MACD bullish; 15m: MACD bearish; 1h: MACD bullish; 4h: MACD bearish
  ⚠️ Sell signal but no position

[09:00:49] Cycle 944
  💰 Current Price: $1.49
  🎯 Signal: SELL (confidence: 0.20)
  📝 Reason: 5m: MACD bullish; 15m: MACD bearish; 1h: MACD bullish; 4h: MACD bearish
  ⚠️ Sell signal but no position

[09:01:20] Cycle 945
  💰 Current Price: $1.49
  🎯 Signal: HOLD (confidence: 0.00)
  📝 Reason: 5m: MACD bullish; 15m: RSI oversold (34.9); 15m: MACD bearish; 1h: MACD bullish

[09:01:51] Cycle 946
  💰 Current Price: $1.49
  🎯 Signal: HOLD (confidence: 0.00)
  📝 Reason: 5m: MACD bullish; 15m: RSI oversold (34.9); 15m: MACD bearish; 1h: MACD bullish

[09:02:22] Cycle 947
  💰 Current Price: $1.49
  🎯 Signal: HOLD (confidence: 0.10)
  📝 Reason: 5m: RSI oversold (34.6); 5m: MACD bullish; 15m: RSI oversold (32.8); 15m: MACD bearish

[09:02:53] Cycle 948
  💰 Current Price: $1.49
  🎯 Signal: HOLD (confidence: 0.00)
  📝 Reason: 5m: RSI oversold (31.6); 5m: MACD bearish; 15m: RSI oversold (31.0); 15m: MACD bearish

[09:03:24] Cycle 949
  💰 Current Price: $1.49
  🎯 Signal: HOLD (confidence: 0.00)
  📝 Reason: 5m: RSI oversold (31.6); 5m: MACD bearish; 15m: RSI oversold (31.0); 15m: MACD bearish

[09:03:54] Cycle 950
  💰 Current Price: $1.49
  🎯 Signal: HOLD (confidence: 0.00)
  📝 Reason: 5m: RSI oversold (31.6); 5m: MACD bearish; 15m: RSI oversold (31.0); 15m: MACD bearish

[09:04:25] Cycle 951
  💰 Current Price: $1.49
  🎯 Signal: HOLD (confidence: 0.00)
  📝 Reason: 5m: RSI oversold (31.6); 5m: MACD bearish; 15m: RSI oversold (31.0); 15m: MACD bearish

[09:04:56] Cycle 952
  💰 Current Price: $1.49
  🎯 Signal: HOLD (confidence: 0.00)
  📝 Reason: 5m: RSI oversold (31.6); 5m: MACD bearish; 15m: RSI oversold (31.0); 15m: MACD bearish

[09:05:27] Cycle 953
  💰 Current Price: $1.49
  🎯 Signal: HOLD (confidence: 0.00)
  📝 Reason: 5m: RSI oversold (33.8); 5m: MACD bearish; 15m: RSI oversold (31.6); 15m: MACD bearish

[09:05:58] Cycle 954
  💰 Current Price: $1.49
  🎯 Signal: HOLD (confidence: 0.00)
  📝 Reason: 5m: RSI oversold (33.8); 5m: MACD bearish; 15m: RSI oversold (31.6); 15m: MACD bearish

[09:06:29] Cycle 955
  💰 Current Price: $1.49
  🎯 Signal: HOLD (confidence: 0.00)
  📝 Reason: 5m: RSI oversold (33.8); 5m: MACD bearish; 15m: RSI oversold (31.6); 15m: MACD bearish

[09:07:00] Cycle 956
  💰 Current Price: $1.48
  🎯 Signal: HOLD (confidence: 0.00)
  📝 Reason: 5m: RSI oversold (30.2); 5m: MACD bearish; 15m: RSI oversold (30.1); 15m: MACD bearish

[09:07:30] Cycle 957
  💰 Current Price: $1.48
  🎯 Signal: HOLD (confidence: 0.00)
  📝 Reason: 5m: RSI oversold (30.2); 5m: MACD bearish; 15m: RSI oversold (30.1); 15m: MACD bearish

[09:08:01] Cycle 958
  💰 Current Price: $1.48
  🎯 Signal: HOLD (confidence: 0.00)
  📝 Reason: 5m: RSI oversold (30.2); 5m: MACD bearish; 15m: RSI oversold (30.1); 15m: MACD bearish

[09:08:32] Cycle 959
  💰 Current Price: $1.48
  🎯 Signal: HOLD (confidence: 0.00)
  📝 Reason: 5m: RSI oversold (30.2); 5m: MACD bearish; 15m: RSI oversold (30.1); 15m: MACD bearish

[09:09:03] Cycle 960
  💰 Current Price: $1.49
  🎯 Signal: HOLD (confidence: 0.00)
  📝 Reason: 5m: RSI oversold (31.7); 5m: MACD bearish; 15m: RSI oversold (31.0); 15m: MACD bearish

[09:09:34] Cycle 961
  💰 Current Price: $1.49
  🎯 Signal: HOLD (confidence: 0.00)
  📝 Reason: 5m: RSI oversold (31.7); 5m: MACD bearish; 15m: RSI oversold (31.0); 15m: MACD bearish

[09:10:05] Cycle 962
  💰 Current Price: $1.49
  🎯 Signal: HOLD (confidence: 0.00)
  📝 Reason: 5m: RSI oversold (32.1); 5m: MACD bearish; 15m: RSI oversold (31.0); 15m: MACD bearish

[09:10:36] Cycle 963
  💰 Current Price: $1.49
  🎯 Signal: HOLD (confidence: 0.00)
  📝 Reason: 5m: RSI oversold (32.1); 5m: MACD bearish; 15m: RSI oversold (31.0); 15m: MACD bearish

[09:11:07] Cycle 964
  💰 Current Price: $1.49
  🎯 Signal: HOLD (confidence: 0.00)
  📝 Reason: 5m: RSI oversold (32.1); 5m: MACD bearish; 15m: RSI oversold (31.0); 15m: MACD bearish

[09:11:37] Cycle 965
  💰 Current Price: $1.49
  🎯 Signal: HOLD (confidence: 0.00)
  📝 Reason: 5m: RSI oversold (32.1); 5m: MACD bearish; 15m: RSI oversold (31.0); 15m: MACD bearish

[09:12:08] Cycle 966
  💰 Current Price: $1.49
  🎯 Signal: HOLD (confidence: 0.00)
  📝 Reason: 5m: RSI oversold (32.1); 5m: MACD bearish; 15m: RSI oversold (31.0); 15m: MACD bearish

[09:12:39] Cycle 967
  💰 Current Price: $1.49
  🎯 Signal: HOLD (confidence: 0.00)
  📝 Reason: 5m: RSI oversold (32.1); 5m: MACD bearish; 15m: RSI oversold (31.0); 15m: MACD bearish

[09:13:11] Cycle 968
  💰 Current Price: $1.49
  🎯 Signal: HOLD (confidence: 0.00)
  📝 Reason: 5m: RSI oversold (32.1); 5m: MACD bearish; 15m: RSI oversold (31.0); 15m: MACD bearish

[09:13:42] Cycle 969
  💰 Current Price: $1.49
  🎯 Signal: HOLD (confidence: 0.00)
  📝 Reason: 5m: RSI oversold (32.1); 5m: MACD bearish; 15m: RSI oversold (31.0); 15m: MACD bearish

[09:14:13] Cycle 970
  💰 Current Price: $1.49
  🎯 Signal: HOLD (confidence: 0.00)
  📝 Reason: 5m: RSI oversold (32.1); 5m: MACD bearish; 15m: RSI oversold (31.0); 15m: MACD bearish

[09:14:43] Cycle 971
  💰 Current Price: $1.49
  🎯 Signal: HOLD (confidence: 0.00)
  📝 Reason: 5m: RSI oversold (32.1); 5m: MACD bearish; 15m: RSI oversold (31.0); 15m: MACD bearish

[09:15:14] Cycle 972
  💰 Current Price: $1.49
  🎯 Signal: HOLD (confidence: 0.00)
  📝 Reason: 5m: RSI oversold (20.8); 5m: MACD bearish; 15m: RSI oversold (30.2); 15m: MACD bearish

[09:15:45] Cycle 973
  💰 Current Price: $1.49
  🎯 Signal: HOLD (confidence: 0.00)
  📝 Reason: 5m: RSI oversold (24.5); 5m: MACD bearish; 15m: RSI oversold (31.9); 15m: MACD bearish

[09:16:17] Cycle 974
  💰 Current Price: $1.49
  🎯 Signal: HOLD (confidence: 0.00)
  📝 Reason: 5m: RSI oversold (27.2); 5m: MACD bearish; 15m: RSI oversold (33.3); 15m: MACD bearish

[09:16:47] Cycle 975
  💰 Current Price: $1.49
  🎯 Signal: HOLD (confidence: 0.00)
  📝 Reason: 5m: RSI oversold (29.0); 5m: MACD bearish; 15m: RSI oversold (34.3); 15m: MACD bearish

[09:17:19] Cycle 976
  💰 Current Price: $1.49
  🎯 Signal: HOLD (confidence: 0.00)
  📝 Reason: 5m: RSI oversold (29.0); 5m: MACD bearish; 15m: RSI oversold (34.3); 15m: MACD bearish

[09:17:49] Cycle 977
  💰 Current Price: $1.49
  🎯 Signal: HOLD (confidence: 0.00)
  📝 Reason: 5m: RSI oversold (30.1); 5m: MACD bearish; 15m: RSI oversold (34.9); 15m: MACD bearish

[09:18:20] Cycle 978
  💰 Current Price: $1.49
  🎯 Signal: HOLD (confidence: 0.00)
  📝 Reason: 5m: RSI oversold (30.1); 5m: MACD bearish; 15m: RSI oversold (34.9); 15m: MACD bearish

[09:18:51] Cycle 979
  💰 Current Price: $1.49
  🎯 Signal: HOLD (confidence: 0.00)
  📝 Reason: 5m: RSI oversold (30.1); 5m: MACD bearish; 15m: RSI oversold (34.9); 15m: MACD bearish

[09:19:22] Cycle 980
  💰 Current Price: $1.49
  🎯 Signal: HOLD (confidence: 0.00)
  📝 Reason: 5m: RSI oversold (30.1); 5m: MACD bearish; 15m: RSI oversold (34.9); 15m: MACD bearish

[09:19:53] Cycle 981
  💰 Current Price: $1.49
  🎯 Signal: HOLD (confidence: 0.00)
  📝 Reason: 5m: RSI oversold (30.1); 5m: MACD bearish; 15m: RSI oversold (34.9); 15m: MACD bearish

[09:20:24] Cycle 982
  💰 Current Price: $1.49
  🎯 Signal: HOLD (confidence: 0.00)
  📝 Reason: 5m: RSI oversold (30.3); 5m: MACD bearish; 15m: RSI oversold (34.9); 15m: MACD bearish

[09:20:55] Cycle 983
  💰 Current Price: $1.49
  🎯 Signal: HOLD (confidence: 0.00)
  📝 Reason: 5m: RSI oversold (30.3); 5m: MACD bearish; 15m: RSI oversold (34.9); 15m: MACD bearish

[09:21:26] Cycle 984
  💰 Current Price: $1.49
  🎯 Signal: SELL (confidence: 0.20)
  📝 Reason: 5m: RSI oversold (31.1); 5m: MACD bearish; 15m: MACD bearish; 1h: MACD bullish
  ⚠️ Sell signal but no position

[09:21:57] Cycle 985
  💰 Current Price: $1.49
  🎯 Signal: SELL (confidence: 0.20)
  📝 Reason: 5m: RSI oversold (30.6); 5m: MACD bearish; 15m: MACD bearish; 1h: MACD bullish
  📝 Reason: 5m: RSI oversold (30.1); 5m: MACD bearish; 15m: RSI oversold (34.9); 15m: MACD bearish

[09:20:24] Cycle 987
  💰 Current Price: $1.49
  🎯 Signal: HOLD (confidence: 0.00)
  📝 Reason: 5m: RSI oversold (30.3); 5m: MACD bearish; 15m: RSI oversold (34.9); 15m: MACD bearish

[09:20:55] Cycle 988
  💰 Current Price: $1.49
  🎯 Signal: HOLD (confidence: 0.00)
  📝 Reason: 5m: RSI oversold (30.3); 5m: MACD bearish; 15m: RSI oversold (34.9); 15m: MACD bearish

[09:21:26] Cycle 989
  💰 Current Price: $1.49
  🎯 Signal: SELL (confidence: 0.20)
  📝 Reason: 5m: RSI oversold (31.1); 5m: MACD bearish; 15m: MACD bearish; 1h: MACD bullish
  ⚠️ Sell signal but no position

[09:21:57] Cycle 990
  💰 Current Price: $1.49
  🎯 Signal: SELL (confidence: 0.20)
  📝 Reason: 5m: RSI oversold (30.6); 5m: MACD bearish; 15m: MACD bearish; 1h: MACD bullish
  ⚠️ Sell signal but no position

[09:22:28] Cycle 991
  💰 Current Price: $1.49
  🎯 Signal: SELL (confidence: 0.20)
  📝 Reason: 5m: RSI oversold (30.6); 5m: MACD bearish; 15m: MACD bearish; 1h: MACD bullish
  ⚠️ Sell signal but no position

[09:22:59] Cycle 992
  💰 Current Price: $1.49
  🎯 Signal: SELL (confidence: 0.20)
  📝 Reason: 5m: RSI oversold (30.6); 5m: MACD bearish; 15m: MACD bearish; 1h: MACD bullish
  ⚠️ Sell signal but no position

[09:23:30] Cycle 993
  💰 Current Price: $1.49
  🎯 Signal: SELL (confidence: 0.20)
  📝 Reason: 5m: RSI oversold (30.6); 5m: MACD bearish; 15m: MACD bearish; 1h: MACD bullish
  ⚠️ Sell signal but no position

[09:24:01] Cycle 994
  💰 Current Price: $1.49
  🎯 Signal: SELL (confidence: 0.20)
  📝 Reason: 5m: RSI oversold (30.6); 5m: MACD bearish; 15m: MACD bearish; 1h: MACD bullish
  ⚠️ Sell signal but no position

[09:24:32] Cycle 995
  💰 Current Price: $1.49
  🎯 Signal: SELL (confidence: 0.20)
  📝 Reason: 5m: RSI oversold (30.6); 5m: MACD bearish; 15m: MACD bearish; 1h: MACD bullish
  ⚠️ Sell signal but no position

[09:25:03] Cycle 996
  💰 Current Price: $1.49
  🎯 Signal: SELL (confidence: 0.20)
  📝 Reason: 5m: RSI oversold (17.2); 5m: MACD bearish; 15m: MACD bearish; 1h: MACD bullish
  ⚠️ Sell signal but no position

[09:25:34] Cycle 997
  💰 Current Price: $1.49
  🎯 Signal: SELL (confidence: 0.20)
  📝 Reason: 5m: RSI oversold (21.0); 5m: MACD bearish; 15m: MACD bearish; 1h: MACD bullish
  ⚠️ Sell signal but no position

[09:26:05] Cycle 998
  💰 Current Price: $1.49
  🎯 Signal: SELL (confidence: 0.20)
  📝 Reason: 5m: RSI oversold (21.0); 5m: MACD bearish; 15m: MACD bearish; 1h: MACD bullish
  ⚠️ Sell signal but no position

[09:26:36] Cycle 999
  💰 Current Price: $1.49
  🎯 Signal: SELL (confidence: 0.20)
  📝 Reason: 5m: RSI oversold (21.0); 5m: MACD bearish; 15m: MACD bearish; 1h: MACD bullish
  ⚠️ Sell signal but no position

[09:27:07] Cycle 1000
  💰 Current Price: $1.49
  🎯 Signal: SELL (confidence: 0.20)
  📝 Reason: 5m: RSI oversold (21.0); 5m: MACD bearish; 15m: MACD bearish; 1h: MACD bullish
  ⚠️ Sell signal but no position

[09:27:38] Cycle 1001
  💰 Current Price: $1.49
  🎯 Signal: SELL (confidence: 0.20)
  📝 Reason: 5m: RSI oversold (21.0); 5m: MACD bearish; 15m: MACD bearish; 1h: MACD bullish
  ⚠️ Sell signal but no position

[09:28:09] Cycle 1002
  💰 Current Price: $1.49
  🎯 Signal: SELL (confidence: 0.20)
  📝 Reason: 5m: RSI oversold (22.3); 5m: MACD bearish; 15m: MACD bearish; 1h: MACD bullish
  ⚠️ Sell signal but no position

[09:28:40] Cycle 1003
  💰 Current Price: $1.49
  🎯 Signal: SELL (confidence: 0.20)
  📝 Reason: 5m: RSI oversold (22.3); 5m: MACD bearish; 15m: MACD bearish; 1h: MACD bullish
  ⚠️ Sell signal but no position

[09:29:11] Cycle 1004
  💰 Current Price: $1.49
  🎯 Signal: SELL (confidence: 0.20)
  📝 Reason: 5m: RSI oversold (22.3); 5m: MACD bearish; 15m: MACD bearish; 1h: MACD bullish
  ⚠️ Sell signal but no position

[09:29:42] Cycle 1005
  💰 Current Price: $1.49
  🎯 Signal: SELL (confidence: 0.20)
  📝 Reason: 5m: RSI oversold (22.3); 5m: MACD bearish; 15m: MACD bearish; 1h: MACD bullish
  ⚠️ Sell signal but no position

[09:30:13] Cycle 1006
  💰 Current Price: $1.49
  🎯 Signal: SELL (confidence: 0.20)
  📝 Reason: 5m: RSI oversold (22.6); 5m: MACD bearish; 15m: MACD bearish; 1h: MACD bullish
  ⚠️ Sell signal but no position

[09:30:44] Cycle 1007
  💰 Current Price: $1.49
  🎯 Signal: SELL (confidence: 0.20)
  📝 Reason: 5m: RSI oversold (22.6); 5m: MACD bearish; 15m: MACD bearish; 1h: MACD bullish
  ⚠️ Sell signal but no position

[09:31:15] Cycle 1008
  💰 Current Price: $1.49
  🎯 Signal: SELL (confidence: 0.20)
  📝 Reason: 5m: RSI oversold (26.3); 5m: MACD bearish; 15m: MACD bearish; 1h: MACD bullish
  ⚠️ Sell signal but no position

[09:31:46] Cycle 1009
  💰 Current Price: $1.50
  🎯 Signal: SELL (confidence: 0.20)
  📝 Reason: 5m: RSI oversold (31.0); 5m: MACD bearish; 15m: MACD bearish; 1h: MACD bullish
  ⚠️ Sell signal but no position

[09:32:17] Cycle 1010
  💰 Current Price: $1.50
  🎯 Signal: SELL (confidence: 0.20)
  📝 Reason: 5m: RSI oversold (30.1); 5m: MACD bearish; 15m: MACD bearish; 1h: MACD bullish
  ⚠️ Sell signal but no position

[09:32:48] Cycle 1011
  💰 Current Price: $1.50
  🎯 Signal: SELL (confidence: 0.20)
  📝 Reason: 5m: RSI oversold (30.1); 5m: MACD bearish; 15m: MACD bearish; 1h: MACD bullish
  ⚠️ Sell signal but no position

[09:33:19] Cycle 1012
  💰 Current Price: $1.49
  🎯 Signal: SELL (confidence: 0.20)
  📝 Reason: 5m: RSI oversold (23.9); 5m: MACD bearish; 15m: MACD bearish; 1h: MACD bullish
  ⚠️ Sell signal but no position

[09:33:50] Cycle 1013
  💰 Current Price: $1.49
  🎯 Signal: SELL (confidence: 0.20)
  📝 Reason: 5m: RSI oversold (23.9); 5m: MACD bearish; 15m: MACD bearish; 1h: MACD bullish
  ⚠️ Sell signal but no position

[09:34:20] Cycle 1014
  💰 Current Price: $1.49
  🎯 Signal: SELL (confidence: 0.20)
  📝 Reason: 5m: RSI oversold (23.9); 5m: MACD bearish; 15m: MACD bearish; 1h: MACD bullish
  ⚠️ Sell signal but no position

[09:34:51] Cycle 1015
  💰 Current Price: $1.49
  🎯 Signal: SELL (confidence: 0.20)
  📝 Reason: 5m: RSI oversold (23.9); 5m: MACD bearish; 15m: MACD bearish; 1h: MACD bullish
  ⚠️ Sell signal but no position

[09:35:22] Cycle 1016
  💰 Current Price: $1.49
  🎯 Signal: SELL (confidence: 0.20)
  📝 Reason: 5m: RSI oversold (24.0); 5m: MACD bearish; 15m: MACD bearish; 1h: MACD bullish
  ⚠️ Sell signal but no position

[09:35:53] Cycle 1017
  💰 Current Price: $1.49
  🎯 Signal: SELL (confidence: 0.20)
  📝 Reason: 5m: RSI oversold (24.0); 5m: MACD bearish; 15m: MACD bearish; 1h: MACD bullish
  ⚠️ Sell signal but no position

[09:36:24] Cycle 1018
  💰 Current Price: $1.49
  🎯 Signal: SELL (confidence: 0.20)
  📝 Reason: 5m: RSI oversold (24.0); 5m: MACD bearish; 15m: MACD bearish; 1h: MACD bullish
  ⚠️ Sell signal but no position

[09:36:55] Cycle 1019
  💰 Current Price: $1.49
  🎯 Signal: SELL (confidence: 0.20)
  📝 Reason: 5m: RSI oversold (22.9); 5m: MACD bearish; 15m: MACD bearish; 1h: MACD bullish
  ⚠️ Sell signal but no position

[09:37:26] Cycle 1020
  💰 Current Price: $1.49
  🎯 Signal: SELL (confidence: 0.20)
  📝 Reason: 5m: RSI oversold (22.9); 5m: MACD bearish; 15m: MACD bearish; 1h: MACD bullish
  ⚠️ Sell signal but no position

[09:37:56] Cycle 1021
  💰 Current Price: $1.49
  🎯 Signal: SELL (confidence: 0.20)
  📝 Reason: 5m: RSI oversold (22.9); 5m: MACD bearish; 15m: MACD bearish; 1h: MACD bullish
  ⚠️ Sell signal but no position

[09:38:27] Cycle 1022
  💰 Current Price: $1.49
  🎯 Signal: SELL (confidence: 0.20)
  📝 Reason: 5m: RSI oversold (22.9); 5m: MACD bearish; 15m: MACD bearish; 1h: MACD bullish
  ⚠️ Sell signal but no position

[09:38:58] Cycle 1023
  💰 Current Price: $1.49
  🎯 Signal: SELL (confidence: 0.20)
  📝 Reason: 5m: RSI oversold (22.9); 5m: MACD bearish; 15m: MACD bearish; 1h: MACD bullish
  ⚠️ Sell signal but no position

[09:22:28] Cycle 986
  💰 Current Price: $1.49
  🎯 Signal: SELL (confidence: 0.20)
  📝 Reason: 5m: RSI oversold (30.6); 5m: MACD bearish; 15m: MACD bearish; 1h: MACD bullish
  ⚠️ Sell signal but no position

[09:22:59] Cycle 987
  💰 Current Price: $1.49
  🎯 Signal: SELL (confidence: 0.20)
  📝 Reason: 5m: RSI oversold (30.6); 5m: MACD bearish; 15m: MACD bearish; 1h: MACD bullish
  ⚠️ Sell signal but no position

[09:23:30] Cycle 988
  💰 Current Price: $1.49
  🎯 Signal: SELL (confidence: 0.20)
  📝 Reason: 5m: RSI oversold (30.6); 5m: MACD bearish; 15m: MACD bearish; 1h: MACD bullish
  ⚠️ Sell signal but no position

[09:24:01] Cycle 989
  💰 Current Price: $1.49
  🎯 Signal: SELL (confidence: 0.20)
  📝 Reason: 5m: RSI oversold (30.6); 5m: MACD bearish; 15m: MACD bearish; 1h: MACD bullish
  ⚠️ Sell signal but no position

[09:24:32] Cycle 990
  💰 Current Price: $1.49
  🎯 Signal: SELL (confidence: 0.20)
  📝 Reason: 5m: RSI oversold (30.6); 5m: MACD bearish; 15m: MACD bearish; 1h: MACD bullish
  ⚠️ Sell signal but no position

[09:25:03] Cycle 991
  💰 Current Price: $1.49
  🎯 Signal: SELL (confidence: 0.20)
  📝 Reason: 5m: RSI oversold (17.2); 5m: MACD bearish; 15m: MACD bearish; 1h: MACD bullish
  ⚠️ Sell signal but no position

[09:25:34] Cycle 992
  💰 Current Price: $1.49
  🎯 Signal: SELL (confidence: 0.20)
  📝 Reason: 5m: RSI oversold (21.0); 5m: MACD bearish; 15m: MACD bearish; 1h: MACD bullish
  ⚠️ Sell signal but no position

[09:26:05] Cycle 993
  💰 Current Price: $1.49
  🎯 Signal: SELL (confidence: 0.20)
  📝 Reason: 5m: RSI oversold (21.0); 5m: MACD bearish; 15m: MACD bearish; 1h: MACD bullish
  ⚠️ Sell signal but no position

[09:26:36] Cycle 994
  💰 Current Price: $1.49
  🎯 Signal: SELL (confidence: 0.20)
  📝 Reason: 5m: RSI oversold (21.0); 5m: MACD bearish; 15m: MACD bearish; 1h: MACD bullish
  ⚠️ Sell signal but no position

[09:27:07] Cycle 995
  💰 Current Price: $1.49
  🎯 Signal: SELL (confidence: 0.20)
  📝 Reason: 5m: RSI oversold (21.0); 5m: MACD bearish; 15m: MACD bearish; 1h: MACD bullish
  ⚠️ Sell signal but no position

[09:27:38] Cycle 996
  💰 Current Price: $1.49
  🎯 Signal: SELL (confidence: 0.20)
  📝 Reason: 5m: RSI oversold (21.0); 5m: MACD bearish; 15m: MACD bearish; 1h: MACD bullish
  ⚠️ Sell signal but no position

[09:28:09] Cycle 997
  💰 Current Price: $1.49
  🎯 Signal: SELL (confidence: 0.20)
  📝 Reason: 5m: RSI oversold (22.3); 5m: MACD bearish; 15m: MACD bearish; 1h: MACD bullish
  ⚠️ Sell signal but no position

[09:28:40] Cycle 998
  💰 Current Price: $1.49
  🎯 Signal: SELL (confidence: 0.20)
  📝 Reason: 5m: RSI oversold (22.3); 5m: MACD bearish; 15m: MACD bearish; 1h: MACD bullish
  ⚠️ Sell signal but no position

[09:29:11] Cycle 999
  💰 Current Price: $1.49
  🎯 Signal: SELL (confidence: 0.20)
  📝 Reason: 5m: RSI oversold (22.3); 5m: MACD bearish; 15m: MACD bearish; 1h: MACD bullish
  ⚠️ Sell signal but no position

[09:29:42] Cycle 1000
  💰 Current Price: $1.49
  🎯 Signal: SELL (confidence: 0.20)
  📝 Reason: 5m: RSI oversold (22.3); 5m: MACD bearish; 15m: MACD bearish; 1h: MACD bullish
  ⚠️ Sell signal but no position

[09:30:13] Cycle 1001
  💰 Current Price: $1.49
  🎯 Signal: SELL (confidence: 0.20)
  📝 Reason: 5m: RSI oversold (22.6); 5m: MACD bearish; 15m: MACD bearish; 1h: MACD bullish
  ⚠️ Sell signal but no position

[09:30:44] Cycle 1002
  💰 Current Price: $1.49
  🎯 Signal: SELL (confidence: 0.20)
  📝 Reason: 5m: RSI oversold (22.6); 5m: MACD bearish; 15m: MACD bearish; 1h: MACD bullish
  ⚠️ Sell signal but no position

[09:31:15] Cycle 1003
  💰 Current Price: $1.49
  🎯 Signal: SELL (confidence: 0.20)
  📝 Reason: 5m: RSI oversold (26.3); 5m: MACD bearish; 15m: MACD bearish; 1h: MACD bullish
  ⚠️ Sell signal but no position

[09:31:46] Cycle 1004
  💰 Current Price: $1.50
  🎯 Signal: SELL (confidence: 0.20)
  📝 Reason: 5m: RSI oversold (31.0); 5m: MACD bearish; 15m: MACD bearish; 1h: MACD bullish
  ⚠️ Sell signal but no position

[09:32:17] Cycle 1005
  💰 Current Price: $1.50
  🎯 Signal: SELL (confidence: 0.20)
  📝 Reason: 5m: RSI oversold (30.1); 5m: MACD bearish; 15m: MACD bearish; 1h: MACD bullish
  ⚠️ Sell signal but no position

[09:32:48] Cycle 1006
  💰 Current Price: $1.50
  🎯 Signal: SELL (confidence: 0.20)
  📝 Reason: 5m: RSI oversold (30.1); 5m: MACD bearish; 15m: MACD bearish; 1h: MACD bullish
  ⚠️ Sell signal but no position

[09:33:19] Cycle 1007
  💰 Current Price: $1.49
  🎯 Signal: SELL (confidence: 0.20)
  📝 Reason: 5m: RSI oversold (23.9); 5m: MACD bearish; 15m: MACD bearish; 1h: MACD bullish
  ⚠️ Sell signal but no position

[09:33:50] Cycle 1008
  💰 Current Price: $1.49
  🎯 Signal: SELL (confidence: 0.20)
  📝 Reason: 5m: RSI oversold (23.9); 5m: MACD bearish; 15m: MACD bearish; 1h: MACD bullish
  ⚠️ Sell signal but no position

[09:34:20] Cycle 1009
  💰 Current Price: $1.49
  🎯 Signal: SELL (confidence: 0.20)
  📝 Reason: 5m: RSI oversold (23.9); 5m: MACD bearish; 15m: MACD bearish; 1h: MACD bullish
  ⚠️ Sell signal but no position

[09:34:51] Cycle 1010
  💰 Current Price: $1.49
  🎯 Signal: SELL (confidence: 0.20)
  📝 Reason: 5m: RSI oversold (23.9); 5m: MACD bearish; 15m: MACD bearish; 1h: MACD bullish
  ⚠️ Sell signal but no position

[09:35:22] Cycle 1011
  💰 Current Price: $1.49
  🎯 Signal: SELL (confidence: 0.20)
  📝 Reason: 5m: RSI oversold (24.0); 5m: MACD bearish; 15m: MACD bearish; 1h: MACD bullish
  ⚠️ Sell signal but no position

[09:35:53] Cycle 1012
  💰 Current Price: $1.49
  🎯 Signal: SELL (confidence: 0.20)
  📝 Reason: 5m: RSI oversold (24.0); 5m: MACD bearish; 15m: MACD bearish; 1h: MACD bullish
  ⚠️ Sell signal but no position

[09:36:24] Cycle 1013
  💰 Current Price: $1.49
  🎯 Signal: SELL (confidence: 0.20)
  📝 Reason: 5m: RSI oversold (24.0); 5m: MACD bearish; 15m: MACD bearish; 1h: MACD bullish
  ⚠️ Sell signal but no position

[09:36:55] Cycle 1014
  💰 Current Price: $1.49
  🎯 Signal: SELL (confidence: 0.20)
  📝 Reason: 5m: RSI oversold (22.9); 5m: MACD bearish; 15m: MACD bearish; 1h: MACD bullish
  ⚠️ Sell signal but no position

[09:37:26] Cycle 1015
  💰 Current Price: $1.49
  🎯 Signal: SELL (confidence: 0.20)
  📝 Reason: 5m: RSI oversold (22.9); 5m: MACD bearish; 15m: MACD bearish; 1h: MACD bullish
  ⚠️ Sell signal but no position

[09:37:56] Cycle 1016
  💰 Current Price: $1.49
  🎯 Signal: SELL (confidence: 0.20)
  📝 Reason: 5m: RSI oversold (22.9); 5m: MACD bearish; 15m: MACD bearish; 1h: MACD bullish
  ⚠️ Sell signal but no position

[09:38:27] Cycle 1017
  💰 Current Price: $1.49
  🎯 Signal: SELL (confidence: 0.20)
  📝 Reason: 5m: RSI oversold (22.9); 5m: MACD bearish; 15m: MACD bearish; 1h: MACD bullish
  ⚠️ Sell signal but no position

[09:38:58] Cycle 1018
  💰 Current Price: $1.49
  🎯 Signal: SELL (confidence: 0.20)
  📝 Reason: 5m: RSI oversold (22.9); 5m: MACD bearish; 15m: MACD bearish; 1h: MACD bullish
  ⚠️ Sell signal but no position

[09:39:29] Cycle 1019
  💰 Current Price: $1.49
  🎯 Signal: SELL (confidence: 0.20)
  📝 Reason: 5m: RSI oversold (22.9); 5m: MACD bearish; 15m: MACD bearish; 1h: MACD bullish
  ⚠️ Sell signal but no position

[09:40:00] Cycle 1020
  💰 Current Price: $1.49
  🎯 Signal: SELL (confidence: 0.20)
  📝 Reason: 5m: RSI oversold (22.1); 5m: MACD bearish; 15m: MACD bearish; 1h: MACD bullish
  ⚠️ Sell signal but no position

[09:40:31] Cycle 1021
  💰 Current Price: $1.49
  🎯 Signal: SELL (confidence: 0.20)
  📝 Reason: 5m: RSI oversold (22.1); 5m: MACD bearish; 15m: MACD bearish; 1h: MACD bullish
  ⚠️ Sell signal but no position

[09:41:02] Cycle 1022
  💰 Current Price: $1.49
  🎯 Signal: SELL (confidence: 0.20)
  📝 Reason: 5m: RSI oversold (22.1); 5m: MACD bearish; 15m: MACD bearish; 1h: MACD bullish
  ⚠️ Sell signal but no position

[09:39:29] Cycle 1024
  💰 Current Price: $1.49
  🎯 Signal: SELL (confidence: 0.20)
  📝 Reason: 5m: RSI oversold (22.9); 5m: MACD bearish; 15m: MACD bearish; 1h: MACD bullish
  ⚠️ Sell signal but no position

[09:40:00] Cycle 1025
  💰 Current Price: $1.49
  🎯 Signal: SELL (confidence: 0.20)
  📝 Reason: 5m: RSI oversold (22.1); 5m: MACD bearish; 15m: MACD bearish; 1h: MACD bullish
  ⚠️ Sell signal but no position

[09:40:31] Cycle 1026
  💰 Current Price: $1.49
  🎯 Signal: SELL (confidence: 0.20)
  📝 Reason: 5m: RSI oversold (22.1); 5m: MACD bearish; 15m: MACD bearish; 1h: MACD bullish
  ⚠️ Sell signal but no position

[09:41:02] Cycle 1027
  💰 Current Price: $1.49
  🎯 Signal: SELL (confidence: 0.20)
  📝 Reason: 5m: RSI oversold (22.1); 5m: MACD bearish; 15m: MACD bearish; 1h: MACD bullish
  ⚠️ Sell signal but no position

[09:41:33] Cycle 1028
  💰 Current Price: $1.49
  🎯 Signal: SELL (confidence: 0.20)
  📝 Reason: 5m: RSI oversold (22.1); 5m: MACD bearish; 15m: MACD bearish; 1h: MACD bullish
  ⚠️ Sell signal but no position

[09:42:03] Cycle 1029
  💰 Current Price: $1.49
  🎯 Signal: SELL (confidence: 0.20)
  📝 Reason: 5m: RSI oversold (23.1); 5m: MACD bearish; 15m: MACD bearish; 1h: MACD bullish
  ⚠️ Sell signal but no position

[09:42:34] Cycle 1030
  💰 Current Price: $1.49
  🎯 Signal: SELL (confidence: 0.20)
  📝 Reason: 5m: RSI oversold (23.1); 5m: MACD bearish; 15m: MACD bearish; 1h: MACD bullish
  ⚠️ Sell signal but no position

[09:43:05] Cycle 1031
  💰 Current Price: $1.49
  🎯 Signal: SELL (confidence: 0.20)
  📝 Reason: 5m: RSI oversold (23.1); 5m: MACD bearish; 15m: MACD bearish; 1h: MACD bullish
  ⚠️ Sell signal but no position

[09:43:36] Cycle 1032
  💰 Current Price: $1.49
  🎯 Signal: SELL (confidence: 0.20)
  📝 Reason: 5m: RSI oversold (22.5); 5m: MACD bearish; 15m: MACD bearish; 1h: MACD bullish
  ⚠️ Sell signal but no position

[09:44:07] Cycle 1033
  💰 Current Price: $1.49
  🎯 Signal: SELL (confidence: 0.20)
  📝 Reason: 5m: RSI oversold (22.5); 5m: MACD bearish; 15m: MACD bearish; 1h: MACD bullish
  ⚠️ Sell signal but no position

[09:44:38] Cycle 1034
  💰 Current Price: $1.49
  🎯 Signal: SELL (confidence: 0.20)
  📝 Reason: 5m: RSI oversold (22.5); 5m: MACD bearish; 15m: MACD bearish; 1h: MACD bullish
  ⚠️ Sell signal but no position

[09:45:09] Cycle 1035
  💰 Current Price: $1.49
  🎯 Signal: SELL (confidence: 0.20)
  📝 Reason: 5m: RSI oversold (23.1); 5m: MACD bearish; 15m: MACD bearish; 1h: MACD bullish
  ⚠️ Sell signal but no position

[09:45:39] Cycle 1036
  💰 Current Price: $1.49
  🎯 Signal: SELL (confidence: 0.20)
  📝 Reason: 5m: RSI oversold (23.1); 5m: MACD bearish; 15m: MACD bearish; 1h: MACD bullish
  ⚠️ Sell signal but no position

[09:46:10] Cycle 1037
  💰 Current Price: $1.49
  🎯 Signal: SELL (confidence: 0.20)
  📝 Reason: 5m: RSI oversold (23.1); 5m: MACD bearish; 15m: MACD bearish; 1h: MACD bullish
  ⚠️ Sell signal but no position

[09:46:41] Cycle 1038
  💰 Current Price: $1.49
  🎯 Signal: SELL (confidence: 0.20)
  📝 Reason: 5m: RSI oversold (23.7); 5m: MACD bearish; 15m: MACD bearish; 1h: MACD bullish
  ⚠️ Sell signal but no position

[09:47:12] Cycle 1039
  💰 Current Price: $1.49
  🎯 Signal: SELL (confidence: 0.20)
  📝 Reason: 5m: RSI oversold (23.7); 5m: MACD bearish; 15m: MACD bearish; 1h: MACD bullish
  ⚠️ Sell signal but no position

[09:47:43] Cycle 1040
  💰 Current Price: $1.49
  🎯 Signal: SELL (confidence: 0.20)
  📝 Reason: 5m: RSI oversold (23.7); 5m: MACD bearish; 15m: MACD bearish; 1h: MACD bullish
  ⚠️ Sell signal but no position

[09:48:14] Cycle 1041
  💰 Current Price: $1.49
  🎯 Signal: SELL (confidence: 0.20)
  📝 Reason: 5m: RSI oversold (23.7); 5m: MACD bearish; 15m: MACD bearish; 1h: MACD bullish
  ⚠️ Sell signal but no position

[09:48:44] Cycle 1042
  💰 Current Price: $1.49
  🎯 Signal: SELL (confidence: 0.20)
  📝 Reason: 5m: RSI oversold (23.7); 5m: MACD bearish; 15m: MACD bearish; 1h: MACD bullish
  ⚠️ Sell signal but no position

[09:49:15] Cycle 1043
  💰 Current Price: $1.49
  🎯 Signal: SELL (confidence: 0.20)
  📝 Reason: 5m: RSI oversold (23.7); 5m: MACD bearish; 15m: MACD bearish; 1h: MACD bullish
  ⚠️ Sell signal but no position

[09:49:46] Cycle 1044
  💰 Current Price: $1.49
  🎯 Signal: SELL (confidence: 0.20)
  📝 Reason: 5m: RSI oversold (23.7); 5m: MACD bearish; 15m: MACD bearish; 1h: MACD bullish
  ⚠️ Sell signal but no position

[09:50:17] Cycle 1045
  💰 Current Price: $1.49
  🎯 Signal: SELL (confidence: 0.20)
  📝 Reason: 5m: RSI oversold (28.1); 5m: MACD bearish; 15m: MACD bearish; 1h: MACD bullish
  ⚠️ Sell signal but no position

[09:50:47] Cycle 1046
  💰 Current Price: $1.49
  🎯 Signal: SELL (confidence: 0.20)
  📝 Reason: 5m: RSI oversold (30.3); 5m: MACD bearish; 15m: MACD bearish; 1h: MACD bullish
  ⚠️ Sell signal but no position

[09:51:18] Cycle 1047
  💰 Current Price: $1.49
  🎯 Signal: SELL (confidence: 0.20)
  📝 Reason: 5m: RSI oversold (30.3); 5m: MACD bearish; 15m: MACD bearish; 1h: MACD bullish
  ⚠️ Sell signal but no position

[09:51:49] Cycle 1048
  💰 Current Price: $1.49
  🎯 Signal: SELL (confidence: 0.20)
  📝 Reason: 5m: RSI oversold (30.3); 5m: MACD bearish; 15m: MACD bearish; 1h: MACD bullish
  ⚠️ Sell signal but no position

[09:52:20] Cycle 1049
  💰 Current Price: $1.49
  🎯 Signal: SELL (confidence: 0.20)
  📝 Reason: 5m: RSI oversold (30.3); 5m: MACD bearish; 15m: MACD bearish; 1h: MACD bullish
  ⚠️ Sell signal but no position

[09:52:50] Cycle 1050
  💰 Current Price: $1.49
  🎯 Signal: SELL (confidence: 0.20)
  📝 Reason: 5m: RSI oversold (30.3); 5m: MACD bearish; 15m: MACD bearish; 1h: MACD bullish
  ⚠️ Sell signal but no position

[09:53:21] Cycle 1051
  💰 Current Price: $1.49
  🎯 Signal: SELL (confidence: 0.20)
  📝 Reason: 5m: RSI oversold (30.3); 5m: MACD bearish; 15m: MACD bearish; 1h: MACD bullish
  ⚠️ Sell signal but no position

[09:53:52] Cycle 1052
  💰 Current Price: $1.49
  🎯 Signal: SELL (confidence: 0.20)
  📝 Reason: 5m: RSI oversold (30.3); 5m: MACD bearish; 15m: MACD bearish; 1h: MACD bullish
  ⚠️ Sell signal but no position

[09:54:23] Cycle 1053
  💰 Current Price: $1.49
  🎯 Signal: SELL (confidence: 0.20)
  📝 Reason: 5m: RSI oversold (30.3); 5m: MACD bearish; 15m: MACD bearish; 1h: MACD bullish
  ⚠️ Sell signal but no position

[09:54:54] Cycle 1054
  💰 Current Price: $1.49
  🎯 Signal: SELL (confidence: 0.20)
  📝 Reason: 5m: RSI oversold (27.7); 5m: MACD bearish; 15m: MACD bearish; 1h: MACD bullish
  ⚠️ Sell signal but no position

[09:55:24] Cycle 1055
  💰 Current Price: $1.49
  🎯 Signal: SELL (confidence: 0.20)
  📝 Reason: 5m: RSI oversold (26.8); 5m: MACD bearish; 15m: MACD bearish; 1h: MACD bullish
  ⚠️ Sell signal but no position

[09:55:55] Cycle 1056
  💰 Current Price: $1.49
  🎯 Signal: SELL (confidence: 0.20)
  📝 Reason: 5m: RSI oversold (26.8); 5m: MACD bearish; 15m: MACD bearish; 1h: MACD bullish
  ⚠️ Sell signal but no position

[09:56:26] Cycle 1057
  💰 Current Price: $1.49
  🎯 Signal: SELL (confidence: 0.20)
  📝 Reason: 5m: RSI oversold (26.8); 5m: MACD bearish; 15m: MACD bearish; 1h: MACD bullish
  ⚠️ Sell signal but no position

[09:56:57] Cycle 1058
  💰 Current Price: $1.49
  🎯 Signal: SELL (confidence: 0.20)
  📝 Reason: 5m: RSI oversold (26.8); 5m: MACD bearish; 15m: MACD bearish; 1h: MACD bullish
  ⚠️ Sell signal but no position

[09:57:27] Cycle 1059
  💰 Current Price: $1.49
  🎯 Signal: SELL (confidence: 0.20)
  📝 Reason: 5m: RSI oversold (26.8); 5m: MACD bearish; 15m: MACD bearish; 1h: MACD bullish
  ⚠️ Sell signal but no position

[09:57:58] Cycle 1060
  💰 Current Price: $1.49
  🎯 Signal: SELL (confidence: 0.20)
  📝 Reason: 5m: RSI oversold (26.8); 5m: MACD bearish; 15m: MACD bearish; 1h: MACD bullish
  ⚠️ Sell signal but no position

[09:41:33] Cycle 1023
  💰 Current Price: $1.49
  🎯 Signal: SELL (confidence: 0.20)
  📝 Reason: 5m: RSI oversold (22.1); 5m: MACD bearish; 15m: MACD bearish; 1h: MACD bullish
  ⚠️ Sell signal but no position

[09:42:03] Cycle 1024
  💰 Current Price: $1.49
  🎯 Signal: SELL (confidence: 0.20)
  📝 Reason: 5m: RSI oversold (23.1); 5m: MACD bearish; 15m: MACD bearish; 1h: MACD bullish
  ⚠️ Sell signal but no position

[09:42:34] Cycle 1025
  💰 Current Price: $1.49
  🎯 Signal: SELL (confidence: 0.20)
  📝 Reason: 5m: RSI oversold (23.1); 5m: MACD bearish; 15m: MACD bearish; 1h: MACD bullish
  ⚠️ Sell signal but no position

[09:43:05] Cycle 1026
  💰 Current Price: $1.49
  🎯 Signal: SELL (confidence: 0.20)
  📝 Reason: 5m: RSI oversold (23.1); 5m: MACD bearish; 15m: MACD bearish; 1h: MACD bullish
  ⚠️ Sell signal but no position

[09:43:36] Cycle 1027
  💰 Current Price: $1.49
  🎯 Signal: SELL (confidence: 0.20)
  📝 Reason: 5m: RSI oversold (22.5); 5m: MACD bearish; 15m: MACD bearish; 1h: MACD bullish
  ⚠️ Sell signal but no position

[09:44:07] Cycle 1028
  💰 Current Price: $1.49
  🎯 Signal: SELL (confidence: 0.20)
  📝 Reason: 5m: RSI oversold (22.5); 5m: MACD bearish; 15m: MACD bearish; 1h: MACD bullish
  ⚠️ Sell signal but no position

[09:44:38] Cycle 1029
  💰 Current Price: $1.49
  🎯 Signal: SELL (confidence: 0.20)
  📝 Reason: 5m: RSI oversold (22.5); 5m: MACD bearish; 15m: MACD bearish; 1h: MACD bullish
  ⚠️ Sell signal but no position

[09:45:09] Cycle 1030
  💰 Current Price: $1.49
  🎯 Signal: SELL (confidence: 0.20)
  📝 Reason: 5m: RSI oversold (23.1); 5m: MACD bearish; 15m: MACD bearish; 1h: MACD bullish
  ⚠️ Sell signal but no position

[09:45:40] Cycle 1031
  💰 Current Price: $1.49
  🎯 Signal: SELL (confidence: 0.20)
  📝 Reason: 5m: RSI oversold (23.1); 5m: MACD bearish; 15m: MACD bearish; 1h: MACD bullish
  ⚠️ Sell signal but no position

[09:46:10] Cycle 1032
  💰 Current Price: $1.49
  🎯 Signal: SELL (confidence: 0.20)
  📝 Reason: 5m: RSI oversold (23.1); 5m: MACD bearish; 15m: MACD bearish; 1h: MACD bullish
  ⚠️ Sell signal but no position

[09:46:41] Cycle 1033
  💰 Current Price: $1.49
  🎯 Signal: SELL (confidence: 0.20)
  📝 Reason: 5m: RSI oversold (23.7); 5m: MACD bearish; 15m: MACD bearish; 1h: MACD bullish
  ⚠️ Sell signal but no position

[09:47:12] Cycle 1034
  💰 Current Price: $1.49
  🎯 Signal: SELL (confidence: 0.20)
  📝 Reason: 5m: RSI oversold (23.7); 5m: MACD bearish; 15m: MACD bearish; 1h: MACD bullish
  ⚠️ Sell signal but no position

[09:47:43] Cycle 1035
  💰 Current Price: $1.49
  🎯 Signal: SELL (confidence: 0.20)
  📝 Reason: 5m: RSI oversold (23.7); 5m: MACD bearish; 15m: MACD bearish; 1h: MACD bullish
  ⚠️ Sell signal but no position

[09:48:14] Cycle 1036
  💰 Current Price: $1.49
  🎯 Signal: SELL (confidence: 0.20)
  📝 Reason: 5m: RSI oversold (23.7); 5m: MACD bearish; 15m: MACD bearish; 1h: MACD bullish
  ⚠️ Sell signal but no position

[09:48:44] Cycle 1037
  💰 Current Price: $1.49
  🎯 Signal: SELL (confidence: 0.20)
  📝 Reason: 5m: RSI oversold (23.7); 5m: MACD bearish; 15m: MACD bearish; 1h: MACD bullish
  ⚠️ Sell signal but no position

[09:49:15] Cycle 1038
  💰 Current Price: $1.49
  🎯 Signal: SELL (confidence: 0.20)
  📝 Reason: 5m: RSI oversold (23.7); 5m: MACD bearish; 15m: MACD bearish; 1h: MACD bullish
  ⚠️ Sell signal but no position

[09:49:46] Cycle 1039
  💰 Current Price: $1.49
  🎯 Signal: SELL (confidence: 0.20)
  📝 Reason: 5m: RSI oversold (23.7); 5m: MACD bearish; 15m: MACD bearish; 1h: MACD bullish
  ⚠️ Sell signal but no position

[09:50:17] Cycle 1040
  💰 Current Price: $1.49
  🎯 Signal: SELL (confidence: 0.20)
  📝 Reason: 5m: RSI oversold (28.1); 5m: MACD bearish; 15m: MACD bearish; 1h: MACD bullish
  ⚠️ Sell signal but no position

[09:50:47] Cycle 1041
  💰 Current Price: $1.49
  🎯 Signal: SELL (confidence: 0.20)
  📝 Reason: 5m: RSI oversold (30.3); 5m: MACD bearish; 15m: MACD bearish; 1h: MACD bullish
  ⚠️ Sell signal but no position

[09:51:18] Cycle 1042
  💰 Current Price: $1.49
  🎯 Signal: SELL (confidence: 0.20)
  📝 Reason: 5m: RSI oversold (30.3); 5m: MACD bearish; 15m: MACD bearish; 1h: MACD bullish
  ⚠️ Sell signal but no position

[09:51:49] Cycle 1043
  💰 Current Price: $1.49
  🎯 Signal: SELL (confidence: 0.20)
  📝 Reason: 5m: RSI oversold (30.3); 5m: MACD bearish; 15m: MACD bearish; 1h: MACD bullish
  ⚠️ Sell signal but no position

[09:52:20] Cycle 1044
  💰 Current Price: $1.49
  🎯 Signal: SELL (confidence: 0.20)
  📝 Reason: 5m: RSI oversold (30.3); 5m: MACD bearish; 15m: MACD bearish; 1h: MACD bullish
  ⚠️ Sell signal but no position

[09:52:50] Cycle 1045
  💰 Current Price: $1.49
  🎯 Signal: SELL (confidence: 0.20)
  📝 Reason: 5m: RSI oversold (30.3); 5m: MACD bearish; 15m: MACD bearish; 1h: MACD bullish
  ⚠️ Sell signal but no position

[09:53:21] Cycle 1046
  💰 Current Price: $1.49
  🎯 Signal: SELL (confidence: 0.20)
  📝 Reason: 5m: RSI oversold (30.3); 5m: MACD bearish; 15m: MACD bearish; 1h: MACD bullish
  ⚠️ Sell signal but no position

[09:53:52] Cycle 1047
  💰 Current Price: $1.49
  🎯 Signal: SELL (confidence: 0.20)
  📝 Reason: 5m: RSI oversold (30.3); 5m: MACD bearish; 15m: MACD bearish; 1h: MACD bullish
  ⚠️ Sell signal but no position

[09:54:23] Cycle 1048
  💰 Current Price: $1.49
  🎯 Signal: SELL (confidence: 0.20)
  📝 Reason: 5m: RSI oversold (30.3); 5m: MACD bearish; 15m: MACD bearish; 1h: MACD bullish
  ⚠️ Sell signal but no position

[09:54:54] Cycle 1049
  💰 Current Price: $1.49
  🎯 Signal: SELL (confidence: 0.20)
  📝 Reason: 5m: RSI oversold (27.7); 5m: MACD bearish; 15m: MACD bearish; 1h: MACD bullish
  ⚠️ Sell signal but no position

[09:55:24] Cycle 1050
  💰 Current Price: $1.49
  🎯 Signal: SELL (confidence: 0.20)
  📝 Reason: 5m: RSI oversold (26.8); 5m: MACD bearish; 15m: MACD bearish; 1h: MACD bullish
  ⚠️ Sell signal but no position

[09:55:55] Cycle 1051
  💰 Current Price: $1.49
  🎯 Signal: SELL (confidence: 0.20)
  📝 Reason: 5m: RSI oversold (26.8); 5m: MACD bearish; 15m: MACD bearish; 1h: MACD bullish
  ⚠️ Sell signal but no position

[09:56:26] Cycle 1052
  💰 Current Price: $1.49
  🎯 Signal: SELL (confidence: 0.20)
  📝 Reason: 5m: RSI oversold (26.8); 5m: MACD bearish; 15m: MACD bearish; 1h: MACD bullish
  ⚠️ Sell signal but no position

[09:56:57] Cycle 1053
  💰 Current Price: $1.49
  🎯 Signal: SELL (confidence: 0.20)
  📝 Reason: 5m: RSI oversold (26.8); 5m: MACD bearish; 15m: MACD bearish; 1h: MACD bullish
  ⚠️ Sell signal but no position

[09:57:27] Cycle 1054
  💰 Current Price: $1.49
  🎯 Signal: SELL (confidence: 0.20)
  📝 Reason: 5m: RSI oversold (26.8); 5m: MACD bearish; 15m: MACD bearish; 1h: MACD bullish
  ⚠️ Sell signal but no position

[09:57:58] Cycle 1055
  💰 Current Price: $1.49
  🎯 Signal: SELL (confidence: 0.20)
  📝 Reason: 5m: RSI oversold (26.8); 5m: MACD bearish; 15m: MACD bearish; 1h: MACD bullish
  ⚠️ Sell signal but no position

[09:58:29] Cycle 1056
  💰 Current Price: $1.49
  🎯 Signal: SELL (confidence: 0.20)
  📝 Reason: 5m: RSI oversold (26.4); 5m: MACD bearish; 15m: MACD bearish; 1h: MACD bullish
  ⚠️ Sell signal but no position

[09:59:00] Cycle 1057
  💰 Current Price: $1.49
  🎯 Signal: SELL (confidence: 0.20)
  📝 Reason: 5m: RSI oversold (26.4); 5m: MACD bearish; 15m: MACD bearish; 1h: MACD bullish
  ⚠️ Sell signal but no position

[09:59:31] Cycle 1058
  💰 Current Price: $1.49
  🎯 Signal: SELL (confidence: 0.20)
  📝 Reason: 5m: RSI oversold (29.5); 5m: MACD bearish; 15m: MACD bearish; 1h: MACD bullish
  ⚠️ Sell signal but no position

[10:00:01] Cycle 1059
  💰 Current Price: $1.49
  🎯 Signal: SELL (confidence: 0.23)
  📝 Reason: 5m: MACD bearish; 15m: MACD bearish; 1h: MACD bullish; 4h: MACD bearish
  ⚠️ Sell signal but no position

[09:58:29] Cycle 1061
  💰 Current Price: $1.49
  🎯 Signal: SELL (confidence: 0.20)
  📝 Reason: 5m: RSI oversold (26.4); 5m: MACD bearish; 15m: MACD bearish; 1h: MACD bullish
  ⚠️ Sell signal but no position

[09:59:00] Cycle 1062
  💰 Current Price: $1.49
  🎯 Signal: SELL (confidence: 0.20)
  📝 Reason: 5m: RSI oversold (26.4); 5m: MACD bearish; 15m: MACD bearish; 1h: MACD bullish
  ⚠️ Sell signal but no position

[09:59:31] Cycle 1063
  💰 Current Price: $1.49
  🎯 Signal: SELL (confidence: 0.20)
  📝 Reason: 5m: RSI oversold (29.5); 5m: MACD bearish; 15m: MACD bearish; 1h: MACD bullish
  ⚠️ Sell signal but no position

[10:00:01] Cycle 1064
  💰 Current Price: $1.49
  🎯 Signal: SELL (confidence: 0.23)
  📝 Reason: 5m: MACD bearish; 15m: MACD bearish; 1h: MACD bullish; 4h: MACD bearish
  ⚠️ Sell signal but no position

[10:00:32] Cycle 1065
  💰 Current Price: $1.49
  🎯 Signal: SELL (confidence: 0.23)
  📝 Reason: 5m: MACD bearish; 15m: MACD bearish; 1h: MACD bullish; 4h: MACD bearish
  ⚠️ Sell signal but no position

[10:01:03] Cycle 1066
  💰 Current Price: $1.49
  🎯 Signal: SELL (confidence: 0.23)
  📝 Reason: 5m: MACD bearish; 15m: MACD bearish; 1h: MACD bullish; 4h: MACD bearish
  ⚠️ Sell signal but no position

[10:01:34] Cycle 1067
  💰 Current Price: $1.49
  🎯 Signal: SELL (confidence: 0.23)
  📝 Reason: 5m: MACD bearish; 15m: MACD bearish; 1h: MACD bullish; 4h: MACD bearish
  ⚠️ Sell signal but no position

[10:02:05] Cycle 1068
  💰 Current Price: $1.49
  🎯 Signal: SELL (confidence: 0.23)
  📝 Reason: 5m: MACD bearish; 15m: MACD bearish; 1h: MACD bullish; 4h: MACD bearish
  ⚠️ Sell signal but no position

[10:02:36] Cycle 1069
  💰 Current Price: $1.49
  🎯 Signal: SELL (confidence: 0.23)
  📝 Reason: 5m: MACD bearish; 15m: MACD bearish; 1h: MACD bullish; 4h: MACD bearish
  ⚠️ Sell signal but no position

[10:03:07] Cycle 1070
  💰 Current Price: $1.49
  🎯 Signal: SELL (confidence: 0.23)
  📝 Reason: 5m: MACD bearish; 15m: MACD bearish; 1h: MACD bullish; 4h: MACD bearish
  ⚠️ Sell signal but no position

[10:03:38] Cycle 1071
  💰 Current Price: $1.49
  🎯 Signal: SELL (confidence: 0.23)
  📝 Reason: 5m: MACD bearish; 15m: MACD bearish; 1h: MACD bullish; 4h: MACD bearish
  ⚠️ Sell signal but no position

[10:04:08] Cycle 1072
  💰 Current Price: $1.49
  🎯 Signal: SELL (confidence: 0.23)
  📝 Reason: 5m: MACD bearish; 15m: MACD bearish; 1h: MACD bullish; 4h: MACD bearish
  ⚠️ Sell signal but no position

[10:04:39] Cycle 1073
  💰 Current Price: $1.49
  🎯 Signal: SELL (confidence: 0.23)
  📝 Reason: 5m: MACD bearish; 15m: MACD bearish; 1h: MACD bullish; 4h: MACD bearish
  ⚠️ Sell signal but no position

[10:05:10] Cycle 1074
  💰 Current Price: $1.49
  🎯 Signal: SELL (confidence: 0.23)
  📝 Reason: 5m: MACD bearish; 15m: MACD bearish; 1h: MACD bullish; 4h: MACD bearish
  ⚠️ Sell signal but no position

[10:05:41] Cycle 1075
  💰 Current Price: $1.49
  🎯 Signal: SELL (confidence: 0.23)
  📝 Reason: 5m: MACD bearish; 15m: MACD bearish; 1h: MACD bullish; 4h: MACD bearish
  ⚠️ Sell signal but no position

[10:06:12] Cycle 1076
  💰 Current Price: $1.49
  🎯 Signal: SELL (confidence: 0.23)
  📝 Reason: 5m: MACD bearish; 15m: MACD bearish; 1h: MACD bullish; 4h: MACD bearish
  ⚠️ Sell signal but no position

[10:06:43] Cycle 1077
  💰 Current Price: $1.49
  🎯 Signal: SELL (confidence: 0.23)
  📝 Reason: 5m: MACD bearish; 15m: MACD bearish; 1h: MACD bullish; 4h: MACD bearish
  ⚠️ Sell signal but no position

[10:07:14] Cycle 1078
  💰 Current Price: $1.49
  🎯 Signal: SELL (confidence: 0.23)
  📝 Reason: 5m: MACD bearish; 15m: MACD bearish; 1h: MACD bullish; 4h: MACD bearish
  ⚠️ Sell signal but no position

[10:07:45] Cycle 1079
  💰 Current Price: $1.49
  🎯 Signal: SELL (confidence: 0.23)
  📝 Reason: 5m: MACD bearish; 15m: MACD bearish; 1h: MACD bullish; 4h: MACD bearish
  ⚠️ Sell signal but no position

[10:08:16] Cycle 1080
  💰 Current Price: $1.49
  🎯 Signal: SELL (confidence: 0.23)
  📝 Reason: 5m: MACD bearish; 15m: MACD bearish; 1h: MACD bullish; 4h: MACD bearish
  ⚠️ Sell signal but no position

[10:08:47] Cycle 1081
  💰 Current Price: $1.49
  🎯 Signal: SELL (confidence: 0.23)
  📝 Reason: 5m: MACD bearish; 15m: MACD bearish; 1h: MACD bullish; 4h: MACD bearish
  ⚠️ Sell signal but no position

[10:09:18] Cycle 1082
  💰 Current Price: $1.49
  🎯 Signal: SELL (confidence: 0.23)
  📝 Reason: 5m: MACD bearish; 15m: MACD bearish; 1h: MACD bullish; 4h: MACD bearish
  ⚠️ Sell signal but no position

[10:09:49] Cycle 1083
  💰 Current Price: $1.49
  🎯 Signal: SELL (confidence: 0.23)
  📝 Reason: 5m: MACD bearish; 15m: MACD bearish; 1h: MACD bullish; 4h: MACD bearish
  ⚠️ Sell signal but no position

[10:10:19] Cycle 1084
  💰 Current Price: $1.49
  🎯 Signal: SELL (confidence: 0.23)
  📝 Reason: 5m: MACD bearish; 15m: MACD bearish; 1h: MACD bullish; 4h: MACD bearish
  ⚠️ Sell signal but no position

[10:10:50] Cycle 1085
  💰 Current Price: $1.49
  🎯 Signal: SELL (confidence: 0.23)
  📝 Reason: 5m: MACD bearish; 15m: MACD bearish; 1h: MACD bullish; 4h: MACD bearish
  ⚠️ Sell signal but no position

[10:11:21] Cycle 1086
  💰 Current Price: $1.49
  🎯 Signal: SELL (confidence: 0.23)
  📝 Reason: 5m: MACD bearish; 15m: MACD bearish; 1h: MACD bullish; 4h: MACD bearish
  ⚠️ Sell signal but no position

[10:11:52] Cycle 1087
  💰 Current Price: $1.49
  🎯 Signal: SELL (confidence: 0.23)
  📝 Reason: 5m: MACD bearish; 15m: MACD bearish; 1h: MACD bullish; 4h: MACD bearish
  ⚠️ Sell signal but no position

[10:12:23] Cycle 1088
  💰 Current Price: $1.49
  🎯 Signal: SELL (confidence: 0.23)
  📝 Reason: 5m: MACD bearish; 15m: MACD bearish; 1h: MACD bullish; 4h: MACD bearish
  ⚠️ Sell signal but no position

[10:12:54] Cycle 1089
  💰 Current Price: $1.49
  🎯 Signal: SELL (confidence: 0.23)
  📝 Reason: 5m: MACD bearish; 15m: MACD bearish; 1h: MACD bullish; 4h: MACD bearish
  ⚠️ Sell signal but no position

[10:13:25] Cycle 1090
  💰 Current Price: $1.49
  🎯 Signal: SELL (confidence: 0.23)
  📝 Reason: 5m: MACD bearish; 15m: MACD bearish; 1h: MACD bullish; 4h: MACD bearish
  ⚠️ Sell signal but no position

[10:13:55] Cycle 1091
  💰 Current Price: $1.49
  🎯 Signal: SELL (confidence: 0.23)
  📝 Reason: 5m: MACD bearish; 15m: MACD bearish; 1h: MACD bullish; 4h: MACD bearish
  ⚠️ Sell signal but no position

[10:14:26] Cycle 1092
  💰 Current Price: $1.49
  🎯 Signal: SELL (confidence: 0.23)
  📝 Reason: 5m: MACD bearish; 15m: MACD bearish; 1h: MACD bullish; 4h: MACD bearish
  ⚠️ Sell signal but no position

[10:14:57] Cycle 1093
  💰 Current Price: $1.49
  🎯 Signal: SELL (confidence: 0.23)
  📝 Reason: 5m: MACD bearish; 15m: MACD bearish; 1h: MACD bullish; 4h: MACD bearish
  ⚠️ Sell signal but no position

[10:15:28] Cycle 1094
  💰 Current Price: $1.49
  🎯 Signal: SELL (confidence: 0.23)
  📝 Reason: 5m: MACD bearish; 15m: MACD bearish; 1h: MACD bullish; 4h: MACD bearish
  ⚠️ Sell signal but no position

[10:15:59] Cycle 1095
  💰 Current Price: $1.49
  🎯 Signal: SELL (confidence: 0.23)
  📝 Reason: 5m: MACD bearish; 15m: MACD bearish; 1h: MACD bullish; 4h: MACD bearish
  ⚠️ Sell signal but no position

[10:16:30] Cycle 1096
  💰 Current Price: $1.49
  🎯 Signal: SELL (confidence: 0.23)
  📝 Reason: 5m: MACD bearish; 15m: MACD bearish; 1h: MACD bullish; 4h: MACD bearish
  ⚠️ Sell signal but no position

[10:17:01] Cycle 1097
  💰 Current Price: $1.49
  🎯 Signal: SELL (confidence: 0.23)
  📝 Reason: 5m: MACD bearish; 15m: MACD bearish; 1h: MACD bullish; 4h: MACD bearish
  ⚠️ Sell signal but no position

[10:17:32] Cycle 1098
  💰 Current Price: $1.49
  🎯 Signal: SELL (confidence: 0.23)
  📝 Reason: 5m: MACD bearish; 15m: MACD bearish; 1h: MACD bullish; 4h: MACD bearish
  ⚠️ Sell signal but no position
  ⚠️ Sell signal but no position

[10:00:32] Cycle 1060
  💰 Current Price: $1.49
  🎯 Signal: SELL (confidence: 0.23)
  📝 Reason: 5m: MACD bearish; 15m: MACD bearish; 1h: MACD bullish; 4h: MACD bearish
  ⚠️ Sell signal but no position

[10:01:03] Cycle 1061
  💰 Current Price: $1.49
  🎯 Signal: SELL (confidence: 0.23)
  📝 Reason: 5m: MACD bearish; 15m: MACD bearish; 1h: MACD bullish; 4h: MACD bearish
  ⚠️ Sell signal but no position

[10:01:34] Cycle 1062
  💰 Current Price: $1.49
  🎯 Signal: SELL (confidence: 0.23)
  📝 Reason: 5m: MACD bearish; 15m: MACD bearish; 1h: MACD bullish; 4h: MACD bearish
  ⚠️ Sell signal but no position

[10:02:05] Cycle 1063
  💰 Current Price: $1.49
  🎯 Signal: SELL (confidence: 0.23)
  📝 Reason: 5m: MACD bearish; 15m: MACD bearish; 1h: MACD bullish; 4h: MACD bearish
  ⚠️ Sell signal but no position

[10:02:36] Cycle 1064
  💰 Current Price: $1.49
  🎯 Signal: SELL (confidence: 0.23)
  📝 Reason: 5m: MACD bearish; 15m: MACD bearish; 1h: MACD bullish; 4h: MACD bearish
  ⚠️ Sell signal but no position

[10:03:07] Cycle 1065
  💰 Current Price: $1.49
  🎯 Signal: SELL (confidence: 0.23)
  📝 Reason: 5m: MACD bearish; 15m: MACD bearish; 1h: MACD bullish; 4h: MACD bearish
  ⚠️ Sell signal but no position

[10:03:38] Cycle 1066
  💰 Current Price: $1.49
  🎯 Signal: SELL (confidence: 0.23)
  📝 Reason: 5m: MACD bearish; 15m: MACD bearish; 1h: MACD bullish; 4h: MACD bearish
  ⚠️ Sell signal but no position

[10:04:08] Cycle 1067
  💰 Current Price: $1.49
  🎯 Signal: SELL (confidence: 0.23)
  📝 Reason: 5m: MACD bearish; 15m: MACD bearish; 1h: MACD bullish; 4h: MACD bearish
  ⚠️ Sell signal but no position

[10:04:39] Cycle 1068
  💰 Current Price: $1.49
  🎯 Signal: SELL (confidence: 0.23)
  📝 Reason: 5m: MACD bearish; 15m: MACD bearish; 1h: MACD bullish; 4h: MACD bearish
  ⚠️ Sell signal but no position

[10:05:10] Cycle 1069
  💰 Current Price: $1.49
  🎯 Signal: SELL (confidence: 0.23)
  📝 Reason: 5m: MACD bearish; 15m: MACD bearish; 1h: MACD bullish; 4h: MACD bearish
  ⚠️ Sell signal but no position

[10:05:41] Cycle 1070
  💰 Current Price: $1.49
  🎯 Signal: SELL (confidence: 0.23)
  📝 Reason: 5m: MACD bearish; 15m: MACD bearish; 1h: MACD bullish; 4h: MACD bearish
  ⚠️ Sell signal but no position

[10:06:12] Cycle 1071
  💰 Current Price: $1.49
  🎯 Signal: SELL (confidence: 0.23)
  📝 Reason: 5m: MACD bearish; 15m: MACD bearish; 1h: MACD bullish; 4h: MACD bearish
  ⚠️ Sell signal but no position

[10:06:43] Cycle 1072
  💰 Current Price: $1.49
  🎯 Signal: SELL (confidence: 0.23)
  📝 Reason: 5m: MACD bearish; 15m: MACD bearish; 1h: MACD bullish; 4h: MACD bearish
  ⚠️ Sell signal but no position

[10:07:14] Cycle 1073
  💰 Current Price: $1.49
  🎯 Signal: SELL (confidence: 0.23)
  📝 Reason: 5m: MACD bearish; 15m: MACD bearish; 1h: MACD bullish; 4h: MACD bearish
  ⚠️ Sell signal but no position

[10:07:45] Cycle 1074
  💰 Current Price: $1.49
  🎯 Signal: SELL (confidence: 0.23)
  📝 Reason: 5m: MACD bearish; 15m: MACD bearish; 1h: MACD bullish; 4h: MACD bearish
  ⚠️ Sell signal but no position

[10:08:16] Cycle 1075
  💰 Current Price: $1.49
  🎯 Signal: SELL (confidence: 0.23)
  📝 Reason: 5m: MACD bearish; 15m: MACD bearish; 1h: MACD bullish; 4h: MACD bearish
  ⚠️ Sell signal but no position

[10:08:47] Cycle 1076
  💰 Current Price: $1.49
  🎯 Signal: SELL (confidence: 0.23)
  📝 Reason: 5m: MACD bearish; 15m: MACD bearish; 1h: MACD bullish; 4h: MACD bearish
  ⚠️ Sell signal but no position

[10:09:18] Cycle 1077
  💰 Current Price: $1.49
  🎯 Signal: SELL (confidence: 0.23)
  📝 Reason: 5m: MACD bearish; 15m: MACD bearish; 1h: MACD bullish; 4h: MACD bearish
  ⚠️ Sell signal but no position

[10:09:49] Cycle 1078
  💰 Current Price: $1.49
  🎯 Signal: SELL (confidence: 0.23)
  📝 Reason: 5m: MACD bearish; 15m: MACD bearish; 1h: MACD bullish; 4h: MACD bearish
  ⚠️ Sell signal but no position

[10:10:20] Cycle 1079
  💰 Current Price: $1.49
  🎯 Signal: SELL (confidence: 0.23)
  📝 Reason: 5m: MACD bearish; 15m: MACD bearish; 1h: MACD bullish; 4h: MACD bearish
  ⚠️ Sell signal but no position

[10:10:50] Cycle 1080
  💰 Current Price: $1.49
  🎯 Signal: SELL (confidence: 0.23)
  📝 Reason: 5m: MACD bearish; 15m: MACD bearish; 1h: MACD bullish; 4h: MACD bearish
  ⚠️ Sell signal but no position

[10:11:21] Cycle 1081
  💰 Current Price: $1.49
  🎯 Signal: SELL (confidence: 0.23)
  📝 Reason: 5m: MACD bearish; 15m: MACD bearish; 1h: MACD bullish; 4h: MACD bearish
  ⚠️ Sell signal but no position

[10:11:52] Cycle 1082
  💰 Current Price: $1.49
  🎯 Signal: SELL (confidence: 0.23)
  📝 Reason: 5m: MACD bearish; 15m: MACD bearish; 1h: MACD bullish; 4h: MACD bearish
  ⚠️ Sell signal but no position

[10:12:23] Cycle 1083
  💰 Current Price: $1.49
  🎯 Signal: SELL (confidence: 0.23)
  📝 Reason: 5m: MACD bearish; 15m: MACD bearish; 1h: MACD bullish; 4h: MACD bearish
  ⚠️ Sell signal but no position

[10:12:54] Cycle 1084
  💰 Current Price: $1.49
  🎯 Signal: SELL (confidence: 0.23)
  📝 Reason: 5m: MACD bearish; 15m: MACD bearish; 1h: MACD bullish; 4h: MACD bearish
  ⚠️ Sell signal but no position

[10:13:25] Cycle 1085
  💰 Current Price: $1.49
  🎯 Signal: SELL (confidence: 0.23)
  📝 Reason: 5m: MACD bearish; 15m: MACD bearish; 1h: MACD bullish; 4h: MACD bearish
  ⚠️ Sell signal but no position

[10:13:55] Cycle 1086
  💰 Current Price: $1.49
  🎯 Signal: SELL (confidence: 0.23)
  📝 Reason: 5m: MACD bearish; 15m: MACD bearish; 1h: MACD bullish; 4h: MACD bearish
  ⚠️ Sell signal but no position

[10:14:26] Cycle 1087
  💰 Current Price: $1.49
  🎯 Signal: SELL (confidence: 0.23)
  📝 Reason: 5m: MACD bearish; 15m: MACD bearish; 1h: MACD bullish; 4h: MACD bearish
  ⚠️ Sell signal but no position

[10:14:57] Cycle 1088
  💰 Current Price: $1.49
  🎯 Signal: SELL (confidence: 0.23)
  📝 Reason: 5m: MACD bearish; 15m: MACD bearish; 1h: MACD bullish; 4h: MACD bearish
  ⚠️ Sell signal but no position

[10:15:28] Cycle 1089
  💰 Current Price: $1.49
  🎯 Signal: SELL (confidence: 0.23)
  📝 Reason: 5m: MACD bearish; 15m: MACD bearish; 1h: MACD bullish; 4h: MACD bearish
  ⚠️ Sell signal but no position

[10:15:59] Cycle 1090
  💰 Current Price: $1.49
  🎯 Signal: SELL (confidence: 0.23)
  📝 Reason: 5m: MACD bearish; 15m: MACD bearish; 1h: MACD bullish; 4h: MACD bearish
  ⚠️ Sell signal but no position

[10:16:30] Cycle 1091
  💰 Current Price: $1.49
  🎯 Signal: SELL (confidence: 0.23)
  📝 Reason: 5m: MACD bearish; 15m: MACD bearish; 1h: MACD bullish; 4h: MACD bearish
  ⚠️ Sell signal but no position

[10:17:01] Cycle 1092
  💰 Current Price: $1.49
  🎯 Signal: SELL (confidence: 0.23)
  📝 Reason: 5m: MACD bearish; 15m: MACD bearish; 1h: MACD bullish; 4h: MACD bearish
  ⚠️ Sell signal but no position

[10:17:32] Cycle 1093
  💰 Current Price: $1.49
  🎯 Signal: SELL (confidence: 0.23)
  📝 Reason: 5m: MACD bearish; 15m: MACD bearish; 1h: MACD bullish; 4h: MACD bearish
  ⚠️ Sell signal but no position

[10:18:02] Cycle 1094
  💰 Current Price: $1.49
  🎯 Signal: SELL (confidence: 0.23)
  📝 Reason: 5m: MACD bearish; 15m: MACD bearish; 1h: MACD bullish; 4h: MACD bearish
  ⚠️ Sell signal but no position

[10:18:33] Cycle 1095
  💰 Current Price: $1.49
  🎯 Signal: SELL (confidence: 0.23)
  📝 Reason: 5m: MACD bearish; 15m: MACD bearish; 1h: MACD bullish; 4h: MACD bearish
  ⚠️ Sell signal but no position

[10:19:04] Cycle 1096
  💰 Current Price: $1.49
  🎯 Signal: SELL (confidence: 0.23)
  📝 Reason: 5m: MACD bearish; 15m: MACD bearish; 1h: MACD bullish; 4h: MACD bearish
  ⚠️ Sell signal but no position

[10:19:35] Cycle 1097
  💰 Current Price: $1.49
  🎯 Signal: SELL (confidence: 0.23)
  📝 Reason: 5m: MACD bearish; 15m: MACD bearish; 1h: MACD bullish; 4h: MACD bearish
  ⚠️ Sell signal but no position

[10:20:06] Cycle 1098

[10:18:02] Cycle 1099
  💰 Current Price: $1.49
  🎯 Signal: SELL (confidence: 0.23)
  📝 Reason: 5m: MACD bearish; 15m: MACD bearish; 1h: MACD bullish; 4h: MACD bearish
  ⚠️ Sell signal but no position

[10:18:33] Cycle 1100
  💰 Current Price: $1.49
  🎯 Signal: SELL (confidence: 0.23)
  📝 Reason: 5m: MACD bearish; 15m: MACD bearish; 1h: MACD bullish; 4h: MACD bearish
  ⚠️ Sell signal but no position

[10:19:04] Cycle 1101
  💰 Current Price: $1.49
  🎯 Signal: SELL (confidence: 0.23)
  📝 Reason: 5m: MACD bearish; 15m: MACD bearish; 1h: MACD bullish; 4h: MACD bearish
  ⚠️ Sell signal but no position

[10:19:35] Cycle 1102
  💰 Current Price: $1.49
  🎯 Signal: SELL (confidence: 0.23)
  📝 Reason: 5m: MACD bearish; 15m: MACD bearish; 1h: MACD bullish; 4h: MACD bearish
  ⚠️ Sell signal but no position

[10:20:06] Cycle 1103
  💰 Current Price: $1.49
  🎯 Signal: SELL (confidence: 0.23)
  📝 Reason: 5m: MACD bearish; 15m: MACD bearish; 1h: MACD bullish; 4h: MACD bearish
  ⚠️ Sell signal but no position

[10:20:37] Cycle 1104
  💰 Current Price: $1.49
  🎯 Signal: SELL (confidence: 0.23)
  📝 Reason: 5m: MACD bearish; 15m: MACD bearish; 1h: MACD bullish; 4h: MACD bearish
  ⚠️ Sell signal but no position

[10:21:08] Cycle 1105
  💰 Current Price: $1.49
  🎯 Signal: SELL (confidence: 0.23)
  📝 Reason: 5m: MACD bearish; 15m: MACD bearish; 1h: MACD bullish; 4h: MACD bearish
  ⚠️ Sell signal but no position

[10:21:39] Cycle 1106
  💰 Current Price: $1.49
  🎯 Signal: SELL (confidence: 0.23)
  📝 Reason: 5m: MACD bearish; 15m: MACD bearish; 1h: MACD bullish; 4h: MACD bearish
  ⚠️ Sell signal but no position

[10:22:10] Cycle 1107
  💰 Current Price: $1.49
  🎯 Signal: SELL (confidence: 0.23)
  📝 Reason: 5m: MACD bearish; 15m: MACD bearish; 1h: MACD bullish; 4h: MACD bearish
  ⚠️ Sell signal but no position

[10:22:40] Cycle 1108
  💰 Current Price: $1.49
  🎯 Signal: SELL (confidence: 0.23)
  📝 Reason: 5m: MACD bearish; 15m: MACD bearish; 1h: MACD bullish; 4h: MACD bearish
  ⚠️ Sell signal but no position

[10:23:12] Cycle 1109
  💰 Current Price: $1.49
  🎯 Signal: SELL (confidence: 0.23)
  📝 Reason: 5m: MACD bearish; 15m: MACD bearish; 1h: MACD bullish; 4h: MACD bearish
  ⚠️ Sell signal but no position

[10:23:42] Cycle 1110
  💰 Current Price: $1.49
  🎯 Signal: SELL (confidence: 0.23)
  📝 Reason: 5m: MACD bearish; 15m: MACD bearish; 1h: MACD bullish; 4h: MACD bearish
  ⚠️ Sell signal but no position

[10:24:13] Cycle 1111
  💰 Current Price: $1.49
  🎯 Signal: SELL (confidence: 0.23)
  📝 Reason: 5m: MACD bearish; 15m: MACD bearish; 1h: MACD bullish; 4h: MACD bearish
  ⚠️ Sell signal but no position

[10:24:44] Cycle 1112
  💰 Current Price: $1.49
  🎯 Signal: SELL (confidence: 0.23)
  📝 Reason: 5m: MACD bearish; 15m: MACD bearish; 1h: MACD bullish; 4h: MACD bearish
  ⚠️ Sell signal but no position

[10:25:15] Cycle 1113
  💰 Current Price: $1.49
  🎯 Signal: SELL (confidence: 0.23)
  📝 Reason: 5m: MACD bearish; 15m: MACD bearish; 1h: MACD bullish; 4h: MACD bearish
  ⚠️ Sell signal but no position

[10:25:46] Cycle 1114
  💰 Current Price: $1.49
  🎯 Signal: SELL (confidence: 0.23)
  📝 Reason: 5m: MACD bearish; 15m: MACD bearish; 1h: MACD bullish; 4h: MACD bearish
  ⚠️ Sell signal but no position

[10:26:17] Cycle 1115
  💰 Current Price: $1.49
  🎯 Signal: SELL (confidence: 0.23)
  📝 Reason: 5m: MACD bearish; 15m: MACD bearish; 1h: MACD bullish; 4h: MACD bearish
  ⚠️ Sell signal but no position

[10:26:48] Cycle 1116
  💰 Current Price: $1.49
  🎯 Signal: SELL (confidence: 0.23)
  📝 Reason: 5m: MACD bearish; 15m: MACD bearish; 1h: MACD bullish; 4h: MACD bearish
  ⚠️ Sell signal but no position

[10:27:19] Cycle 1117
  💰 Current Price: $1.49
  🎯 Signal: SELL (confidence: 0.23)
  📝 Reason: 5m: MACD bearish; 15m: MACD bearish; 1h: MACD bullish; 4h: MACD bearish
  ⚠️ Sell signal but no position

[10:27:50] Cycle 1118
  💰 Current Price: $1.49
  🎯 Signal: SELL (confidence: 0.23)
  📝 Reason: 5m: MACD bearish; 15m: MACD bearish; 1h: MACD bullish; 4h: MACD bearish
  ⚠️ Sell signal but no position

[10:28:20] Cycle 1119
  💰 Current Price: $1.49
  🎯 Signal: SELL (confidence: 0.23)
  📝 Reason: 5m: MACD bearish; 15m: MACD bearish; 1h: MACD bullish; 4h: MACD bearish
  ⚠️ Sell signal but no position

[10:28:51] Cycle 1120
  💰 Current Price: $1.49
  🎯 Signal: SELL (confidence: 0.23)
  📝 Reason: 5m: MACD bearish; 15m: MACD bearish; 1h: MACD bullish; 4h: MACD bearish
  ⚠️ Sell signal but no position

[10:29:22] Cycle 1121
  💰 Current Price: $1.49
  🎯 Signal: SELL (confidence: 0.30)
  📝 Reason: 5m: MACD bearish; 15m: MACD bearish; 1h: MACD bullish; 4h: MACD bearish
  ⚠️ Sell signal but no position

[10:29:53] Cycle 1122
  💰 Current Price: $1.49
  🎯 Signal: SELL (confidence: 0.30)
  📝 Reason: 5m: MACD bearish; 15m: MACD bearish; 1h: MACD bullish; 4h: MACD bearish
  ⚠️ Sell signal but no position

[10:30:24] Cycle 1123
  💰 Current Price: $1.49
  🎯 Signal: SELL (confidence: 0.30)
  📝 Reason: 5m: MACD bearish; 15m: MACD bearish; 1h: MACD bullish; 4h: MACD bearish
  ⚠️ Sell signal but no position

[10:30:55] Cycle 1124
  💰 Current Price: $1.49
  🎯 Signal: SELL (confidence: 0.30)
  📝 Reason: 5m: MACD bearish; 15m: MACD bearish; 1h: MACD bullish; 4h: MACD bearish
  ⚠️ Sell signal but no position

[10:31:26] Cycle 1125
  💰 Current Price: $1.49
  🎯 Signal: SELL (confidence: 0.23)
  📝 Reason: 5m: MACD bearish; 15m: MACD bearish; 1h: MACD bullish; 4h: MACD bearish
  ⚠️ Sell signal but no position

[10:31:57] Cycle 1126
  💰 Current Price: $1.49
  🎯 Signal: SELL (confidence: 0.23)
  📝 Reason: 5m: MACD bearish; 15m: MACD bearish; 1h: MACD bullish; 4h: MACD bearish
  ⚠️ Sell signal but no position

[10:32:29] Cycle 1127
  💰 Current Price: $1.49
  🎯 Signal: SELL (confidence: 0.23)
  📝 Reason: 5m: MACD bearish; 15m: MACD bearish; 1h: MACD bullish; 4h: MACD bearish
  ⚠️ Sell signal but no position

[10:32:59] Cycle 1128
  💰 Current Price: $1.49
  🎯 Signal: SELL (confidence: 0.30)
  📝 Reason: 5m: MACD bearish; 15m: MACD bearish; 1h: MACD bullish; 4h: MACD bearish
  ⚠️ Sell signal but no position

[10:33:29] Cycle 1129
  💰 Current Price: $1.49
  🎯 Signal: SELL (confidence: 0.30)
  📝 Reason: 5m: MACD bearish; 15m: MACD bearish; 1h: MACD bullish; 4h: MACD bearish
  ⚠️ Sell signal but no position

[10:34:00] Cycle 1130
  💰 Current Price: $1.49
  🎯 Signal: SELL (confidence: 0.30)
  📝 Reason: 5m: MACD bearish; 15m: MACD bearish; 1h: MACD bullish; 4h: MACD bearish
  ⚠️ Sell signal but no position

[10:34:31] Cycle 1131
  💰 Current Price: $1.49
  🎯 Signal: SELL (confidence: 0.30)
  📝 Reason: 5m: MACD bearish; 15m: MACD bearish; 1h: MACD bullish; 4h: MACD bearish
  ⚠️ Sell signal but no position

[10:35:02] Cycle 1132
  💰 Current Price: $1.49
  🎯 Signal: SELL (confidence: 0.20)
  📝 Reason: 5m: RSI oversold (30.6); 5m: MACD bearish; 15m: MACD bearish; 1h: MACD bullish
  ⚠️ Sell signal but no position

[10:35:33] Cycle 1133
  💰 Current Price: $1.49
  🎯 Signal: SELL (confidence: 0.20)
  📝 Reason: 5m: RSI oversold (30.6); 5m: MACD bearish; 15m: MACD bearish; 1h: MACD bullish
  ⚠️ Sell signal but no position

[10:36:04] Cycle 1134
  💰 Current Price: $1.49
  🎯 Signal: SELL (confidence: 0.20)
  📝 Reason: 5m: RSI oversold (30.6); 5m: MACD bearish; 15m: MACD bearish; 1h: MACD bullish
  ⚠️ Sell signal but no position

[10:36:35] Cycle 1135
  💰 Current Price: $1.49
  🎯 Signal: SELL (confidence: 0.30)
  📝 Reason: 5m: MACD bearish; 15m: MACD bearish; 1h: MACD bullish; 4h: MACD bearish
  ⚠️ Sell signal but no position

[10:37:06] Cycle 1136
  💰 Current Price: $1.49
  🎯 Signal: SELL (confidence: 0.30)
  📝 Reason: 5m: MACD bearish; 15m: MACD bearish; 1h: MACD bullish; 4h: MACD bearish
  ⚠️ Sell signal but no position

[10:37:36] Cycle 1137
  💰 Current Price: $1.49
  🎯 Signal: SELL (confidence: 0.23)
  📝 Reason: 5m: MACD bearish; 15m: MACD bearish; 1h: MACD bullish; 4h: MACD bearish
  ⚠️ Sell signal but no position

[10:20:37] Cycle 1099
  💰 Current Price: $1.49
  🎯 Signal: SELL (confidence: 0.23)
  📝 Reason: 5m: MACD bearish; 15m: MACD bearish; 1h: MACD bullish; 4h: MACD bearish
  ⚠️ Sell signal but no position

[10:21:08] Cycle 1100
  💰 Current Price: $1.49
  🎯 Signal: SELL (confidence: 0.23)
  📝 Reason: 5m: MACD bearish; 15m: MACD bearish; 1h: MACD bullish; 4h: MACD bearish
  ⚠️ Sell signal but no position

[10:21:39] Cycle 1101
  💰 Current Price: $1.49
  🎯 Signal: SELL (confidence: 0.23)
  📝 Reason: 5m: MACD bearish; 15m: MACD bearish; 1h: MACD bullish; 4h: MACD bearish
  ⚠️ Sell signal but no position

[10:22:10] Cycle 1102
  💰 Current Price: $1.49
  🎯 Signal: SELL (confidence: 0.23)
  📝 Reason: 5m: MACD bearish; 15m: MACD bearish; 1h: MACD bullish; 4h: MACD bearish
  ⚠️ Sell signal but no position

[10:22:40] Cycle 1103
  💰 Current Price: $1.49
  🎯 Signal: SELL (confidence: 0.23)
  📝 Reason: 5m: MACD bearish; 15m: MACD bearish; 1h: MACD bullish; 4h: MACD bearish
  ⚠️ Sell signal but no position

[10:23:12] Cycle 1104
  💰 Current Price: $1.49
  🎯 Signal: SELL (confidence: 0.23)
  📝 Reason: 5m: MACD bearish; 15m: MACD bearish; 1h: MACD bullish; 4h: MACD bearish
  ⚠️ Sell signal but no position

[10:23:42] Cycle 1105
  💰 Current Price: $1.49
  🎯 Signal: SELL (confidence: 0.23)
  📝 Reason: 5m: MACD bearish; 15m: MACD bearish; 1h: MACD bullish; 4h: MACD bearish
  ⚠️ Sell signal but no position

[10:24:13] Cycle 1106
  💰 Current Price: $1.49
  🎯 Signal: SELL (confidence: 0.23)
  📝 Reason: 5m: MACD bearish; 15m: MACD bearish; 1h: MACD bullish; 4h: MACD bearish
  ⚠️ Sell signal but no position

[10:24:44] Cycle 1107
  💰 Current Price: $1.49
  🎯 Signal: SELL (confidence: 0.23)
  📝 Reason: 5m: MACD bearish; 15m: MACD bearish; 1h: MACD bullish; 4h: MACD bearish
  ⚠️ Sell signal but no position

[10:25:15] Cycle 1108
  💰 Current Price: $1.49
  🎯 Signal: SELL (confidence: 0.23)
  📝 Reason: 5m: MACD bearish; 15m: MACD bearish; 1h: MACD bullish; 4h: MACD bearish
  ⚠️ Sell signal but no position

[10:25:46] Cycle 1109
  💰 Current Price: $1.49
  🎯 Signal: SELL (confidence: 0.23)
  📝 Reason: 5m: MACD bearish; 15m: MACD bearish; 1h: MACD bullish; 4h: MACD bearish
  ⚠️ Sell signal but no position

[10:26:17] Cycle 1110
  💰 Current Price: $1.49
  🎯 Signal: SELL (confidence: 0.23)
  📝 Reason: 5m: MACD bearish; 15m: MACD bearish; 1h: MACD bullish; 4h: MACD bearish
  ⚠️ Sell signal but no position

[10:26:48] Cycle 1111
  💰 Current Price: $1.49
  🎯 Signal: SELL (confidence: 0.23)
  📝 Reason: 5m: MACD bearish; 15m: MACD bearish; 1h: MACD bullish; 4h: MACD bearish
  ⚠️ Sell signal but no position

[10:27:19] Cycle 1112
  💰 Current Price: $1.49
  🎯 Signal: SELL (confidence: 0.23)
  📝 Reason: 5m: MACD bearish; 15m: MACD bearish; 1h: MACD bullish; 4h: MACD bearish
  ⚠️ Sell signal but no position

[10:27:50] Cycle 1113
  💰 Current Price: $1.49
  🎯 Signal: SELL (confidence: 0.23)
  📝 Reason: 5m: MACD bearish; 15m: MACD bearish; 1h: MACD bullish; 4h: MACD bearish
  ⚠️ Sell signal but no position

[10:28:20] Cycle 1114
  💰 Current Price: $1.49
  🎯 Signal: SELL (confidence: 0.23)
  📝 Reason: 5m: MACD bearish; 15m: MACD bearish; 1h: MACD bullish; 4h: MACD bearish
  ⚠️ Sell signal but no position

[10:28:51] Cycle 1115
  💰 Current Price: $1.49
  🎯 Signal: SELL (confidence: 0.23)
  📝 Reason: 5m: MACD bearish; 15m: MACD bearish; 1h: MACD bullish; 4h: MACD bearish
  ⚠️ Sell signal but no position

[10:29:22] Cycle 1116
  💰 Current Price: $1.49
  🎯 Signal: SELL (confidence: 0.30)
  📝 Reason: 5m: MACD bearish; 15m: MACD bearish; 1h: MACD bullish; 4h: MACD bearish
  ⚠️ Sell signal but no position

[10:29:53] Cycle 1117
  💰 Current Price: $1.49
  🎯 Signal: SELL (confidence: 0.30)
  📝 Reason: 5m: MACD bearish; 15m: MACD bearish; 1h: MACD bullish; 4h: MACD bearish
  ⚠️ Sell signal but no position

[10:30:24] Cycle 1118
  💰 Current Price: $1.49
  🎯 Signal: SELL (confidence: 0.30)
  📝 Reason: 5m: MACD bearish; 15m: MACD bearish; 1h: MACD bullish; 4h: MACD bearish
  ⚠️ Sell signal but no position

[10:30:55] Cycle 1119
  💰 Current Price: $1.49
  🎯 Signal: SELL (confidence: 0.30)
  📝 Reason: 5m: MACD bearish; 15m: MACD bearish; 1h: MACD bullish; 4h: MACD bearish
  ⚠️ Sell signal but no position

[10:31:26] Cycle 1120
  💰 Current Price: $1.49
  🎯 Signal: SELL (confidence: 0.23)
  📝 Reason: 5m: MACD bearish; 15m: MACD bearish; 1h: MACD bullish; 4h: MACD bearish
  ⚠️ Sell signal but no position

[10:31:57] Cycle 1121
  💰 Current Price: $1.49
  🎯 Signal: SELL (confidence: 0.23)
  📝 Reason: 5m: MACD bearish; 15m: MACD bearish; 1h: MACD bullish; 4h: MACD bearish
  ⚠️ Sell signal but no position

[10:32:28] Cycle 1122
  💰 Current Price: $1.49
  🎯 Signal: SELL (confidence: 0.23)
  📝 Reason: 5m: MACD bearish; 15m: MACD bearish; 1h: MACD bullish; 4h: MACD bearish
  ⚠️ Sell signal but no position

[10:32:58] Cycle 1123
  💰 Current Price: $1.49
  🎯 Signal: SELL (confidence: 0.30)
  📝 Reason: 5m: MACD bearish; 15m: MACD bearish; 1h: MACD bullish; 4h: MACD bearish
  ⚠️ Sell signal but no position

[10:33:29] Cycle 1124
  💰 Current Price: $1.49
  🎯 Signal: SELL (confidence: 0.30)
  📝 Reason: 5m: MACD bearish; 15m: MACD bearish; 1h: MACD bullish; 4h: MACD bearish
  ⚠️ Sell signal but no position

[10:34:00] Cycle 1125
  💰 Current Price: $1.49
  🎯 Signal: SELL (confidence: 0.30)
  📝 Reason: 5m: MACD bearish; 15m: MACD bearish; 1h: MACD bullish; 4h: MACD bearish
  ⚠️ Sell signal but no position

[10:34:31] Cycle 1126
  💰 Current Price: $1.49
  🎯 Signal: SELL (confidence: 0.30)
  📝 Reason: 5m: MACD bearish; 15m: MACD bearish; 1h: MACD bullish; 4h: MACD bearish
  ⚠️ Sell signal but no position

[10:35:02] Cycle 1127
  💰 Current Price: $1.49
  🎯 Signal: SELL (confidence: 0.20)
  📝 Reason: 5m: RSI oversold (30.6); 5m: MACD bearish; 15m: MACD bearish; 1h: MACD bullish
  ⚠️ Sell signal but no position

[10:35:33] Cycle 1128
  💰 Current Price: $1.49
  🎯 Signal: SELL (confidence: 0.20)
  📝 Reason: 5m: RSI oversold (30.6); 5m: MACD bearish; 15m: MACD bearish; 1h: MACD bullish
  ⚠️ Sell signal but no position

[10:36:04] Cycle 1129
  💰 Current Price: $1.49
  🎯 Signal: SELL (confidence: 0.20)
  📝 Reason: 5m: RSI oversold (30.6); 5m: MACD bearish; 15m: MACD bearish; 1h: MACD bullish
  ⚠️ Sell signal but no position

[10:36:35] Cycle 1130
  💰 Current Price: $1.49
  🎯 Signal: SELL (confidence: 0.30)
  📝 Reason: 5m: MACD bearish; 15m: MACD bearish; 1h: MACD bullish; 4h: MACD bearish
  ⚠️ Sell signal but no position

[10:37:06] Cycle 1131
  💰 Current Price: $1.49
  🎯 Signal: SELL (confidence: 0.30)
  📝 Reason: 5m: MACD bearish; 15m: MACD bearish; 1h: MACD bullish; 4h: MACD bearish
  ⚠️ Sell signal but no position

[10:37:36] Cycle 1132
  💰 Current Price: $1.49
  🎯 Signal: SELL (confidence: 0.30)
  📝 Reason: 5m: MACD bearish; 15m: MACD bearish; 1h: MACD bullish; 4h: MACD bearish
  ⚠️ Sell signal but no position

[10:38:07] Cycle 1133
  💰 Current Price: $1.49
  🎯 Signal: SELL (confidence: 0.30)
  📝 Reason: 5m: MACD bearish; 15m: MACD bearish; 1h: MACD bullish; 4h: MACD bearish
  ⚠️ Sell signal but no position

[10:38:39] Cycle 1134
  💰 Current Price: $1.49
  🎯 Signal: SELL (confidence: 0.30)
  📝 Reason: 5m: MACD bearish; 15m: MACD bearish; 1h: MACD bullish; 4h: MACD bearish
  ⚠️ Sell signal but no position

[10:39:09] Cycle 1135
  💰 Current Price: $1.49
  🎯 Signal: SELL (confidence: 0.20)
  📝 Reason: 5m: RSI oversold (32.7); 5m: MACD bearish; 15m: MACD bearish; 1h: MACD bullish
  ⚠️ Sell signal but no position

[10:39:40] Cycle 1136
  💰 Current Price: $1.49
  💰 Current Price: $1.49
  🎯 Signal: SELL (confidence: 0.30)
  📝 Reason: 5m: MACD bearish; 15m: MACD bearish; 1h: MACD bullish; 4h: MACD bearish
  ⚠️ Sell signal but no position

[10:38:07] Cycle 1138
  💰 Current Price: $1.49
  🎯 Signal: SELL (confidence: 0.30)
  📝 Reason: 5m: MACD bearish; 15m: MACD bearish; 1h: MACD bullish; 4h: MACD bearish
  ⚠️ Sell signal but no position

[10:38:39] Cycle 1139
  💰 Current Price: $1.49
  🎯 Signal: SELL (confidence: 0.30)
  📝 Reason: 5m: MACD bearish; 15m: MACD bearish; 1h: MACD bullish; 4h: MACD bearish
  ⚠️ Sell signal but no position

[10:39:09] Cycle 1140
  💰 Current Price: $1.49
  🎯 Signal: SELL (confidence: 0.20)
  📝 Reason: 5m: RSI oversold (32.7); 5m: MACD bearish; 15m: MACD bearish; 1h: MACD bullish
  ⚠️ Sell signal but no position

[10:39:40] Cycle 1141
  💰 Current Price: $1.49
  🎯 Signal: SELL (confidence: 0.20)
  📝 Reason: 5m: RSI oversold (32.7); 5m: MACD bearish; 15m: MACD bearish; 1h: MACD bullish
  ⚠️ Sell signal but no position

[10:40:11] Cycle 1142
  💰 Current Price: $1.49
  🎯 Signal: SELL (confidence: 0.20)
  📝 Reason: 5m: RSI oversold (28.4); 5m: MACD bearish; 15m: MACD bearish; 1h: MACD bullish
  ⚠️ Sell signal but no position

[10:40:42] Cycle 1143
  💰 Current Price: $1.49
  🎯 Signal: SELL (confidence: 0.20)
  📝 Reason: 5m: RSI oversold (28.4); 5m: MACD bearish; 15m: MACD bearish; 1h: MACD bullish
  ⚠️ Sell signal but no position

[10:41:13] Cycle 1144
  💰 Current Price: $1.49
  🎯 Signal: SELL (confidence: 0.20)
  📝 Reason: 5m: RSI oversold (28.4); 5m: MACD bearish; 15m: MACD bearish; 1h: MACD bullish
  ⚠️ Sell signal but no position

[10:41:44] Cycle 1145
  💰 Current Price: $1.49
  🎯 Signal: SELL (confidence: 0.20)
  📝 Reason: 5m: RSI oversold (28.4); 5m: MACD bearish; 15m: MACD bearish; 1h: MACD bullish
  ⚠️ Sell signal but no position

[10:42:15] Cycle 1146
  💰 Current Price: $1.49
  🎯 Signal: SELL (confidence: 0.20)
  📝 Reason: 5m: RSI oversold (28.4); 5m: MACD bearish; 15m: MACD bearish; 1h: MACD bullish
  ⚠️ Sell signal but no position

[10:42:46] Cycle 1147
  💰 Current Price: $1.49
  🎯 Signal: SELL (confidence: 0.20)
  📝 Reason: 5m: RSI oversold (27.8); 5m: MACD bearish; 15m: MACD bearish; 1h: MACD bullish
  ⚠️ Sell signal but no position

[10:43:17] Cycle 1148
  💰 Current Price: $1.49
  🎯 Signal: SELL (confidence: 0.20)
  📝 Reason: 5m: RSI oversold (27.3); 5m: MACD bearish; 15m: MACD bearish; 1h: MACD bullish
  ⚠️ Sell signal but no position

[10:43:48] Cycle 1149
  💰 Current Price: $1.49
  🎯 Signal: SELL (confidence: 0.20)
  📝 Reason: 5m: RSI oversold (32.7); 5m: MACD bearish; 15m: MACD bearish; 1h: MACD bullish
  ⚠️ Sell signal but no position

[10:44:19] Cycle 1150
  💰 Current Price: $1.49
  🎯 Signal: SELL (confidence: 0.20)
  📝 Reason: 5m: RSI oversold (32.7); 5m: MACD bearish; 15m: MACD bearish; 1h: MACD bullish
  ⚠️ Sell signal but no position

[10:44:50] Cycle 1151
  💰 Current Price: $1.49
  🎯 Signal: SELL (confidence: 0.20)
  📝 Reason: 5m: RSI oversold (32.7); 5m: MACD bearish; 15m: MACD bearish; 1h: MACD bullish
  ⚠️ Sell signal but no position

[10:45:20] Cycle 1152
  💰 Current Price: $1.49
  🎯 Signal: SELL (confidence: 0.30)
  📝 Reason: 5m: MACD bearish; 15m: MACD bearish; 1h: MACD bullish; 4h: MACD bearish
  ⚠️ Sell signal but no position

[10:45:51] Cycle 1153
  💰 Current Price: $1.49
  🎯 Signal: SELL (confidence: 0.30)
  📝 Reason: 5m: MACD bearish; 15m: MACD bearish; 1h: MACD bullish; 4h: MACD bearish
  ⚠️ Sell signal but no position

[10:46:22] Cycle 1154
  💰 Current Price: $1.49
  🎯 Signal: SELL (confidence: 0.30)
  📝 Reason: 5m: MACD bearish; 15m: MACD bearish; 1h: MACD bullish; 4h: MACD bearish
  ⚠️ Sell signal but no position

[10:46:53] Cycle 1155
  💰 Current Price: $1.49
  🎯 Signal: SELL (confidence: 0.30)
  📝 Reason: 5m: MACD bearish; 15m: MACD bearish; 1h: MACD bullish; 4h: MACD bearish
  ⚠️ Sell signal but no position

[10:47:24] Cycle 1156
  💰 Current Price: $1.49
  🎯 Signal: SELL (confidence: 0.30)
  📝 Reason: 5m: MACD bearish; 15m: MACD bearish; 1h: MACD bullish; 4h: MACD bearish
  ⚠️ Sell signal but no position

[10:47:55] Cycle 1157
  💰 Current Price: $1.49
  🎯 Signal: SELL (confidence: 0.30)
  📝 Reason: 5m: MACD bearish; 15m: MACD bearish; 1h: MACD bullish; 4h: MACD bearish
  ⚠️ Sell signal but no position

[10:48:26] Cycle 1158
  💰 Current Price: $1.49
  🎯 Signal: SELL (confidence: 0.30)
  📝 Reason: 5m: MACD bearish; 15m: MACD bearish; 1h: MACD bullish; 4h: MACD bearish
  ⚠️ Sell signal but no position

[10:48:56] Cycle 1159
  💰 Current Price: $1.49
  🎯 Signal: SELL (confidence: 0.30)
  📝 Reason: 5m: MACD bearish; 15m: MACD bearish; 1h: MACD bullish; 4h: MACD bearish
  ⚠️ Sell signal but no position

[10:49:27] Cycle 1160
  💰 Current Price: $1.49
  🎯 Signal: SELL (confidence: 0.30)
  📝 Reason: 5m: MACD bearish; 15m: MACD bearish; 1h: MACD bullish; 4h: MACD bearish
  ⚠️ Sell signal but no position

[10:49:58] Cycle 1161
  💰 Current Price: $1.49
  🎯 Signal: SELL (confidence: 0.30)
  📝 Reason: 5m: MACD bearish; 15m: MACD bearish; 1h: MACD bullish; 4h: MACD bearish
  ⚠️ Sell signal but no position

[10:50:29] Cycle 1162
  💰 Current Price: $1.49
  🎯 Signal: SELL (confidence: 0.23)
  📝 Reason: 5m: MACD bearish; 15m: MACD bearish; 1h: MACD bullish; 4h: MACD bearish
  ⚠️ Sell signal but no position

[10:51:00] Cycle 1163
  💰 Current Price: $1.49
  🎯 Signal: SELL (confidence: 0.23)
  📝 Reason: 5m: MACD bearish; 15m: MACD bearish; 1h: MACD bullish; 4h: MACD bearish
  ⚠️ Sell signal but no position

[10:51:31] Cycle 1164
  💰 Current Price: $1.49
  🎯 Signal: SELL (confidence: 0.23)
  📝 Reason: 5m: MACD bearish; 15m: MACD bearish; 1h: MACD bullish; 4h: MACD bearish
  ⚠️ Sell signal but no position

[10:52:02] Cycle 1165
  💰 Current Price: $1.49
  🎯 Signal: SELL (confidence: 0.23)
  📝 Reason: 5m: MACD bearish; 15m: MACD bearish; 1h: MACD bullish; 4h: MACD bearish
  ⚠️ Sell signal but no position

[10:52:33] Cycle 1166
  💰 Current Price: $1.49
  🎯 Signal: SELL (confidence: 0.23)
  📝 Reason: 5m: MACD bearish; 15m: MACD bearish; 1h: MACD bullish; 4h: MACD bearish
  ⚠️ Sell signal but no position

[10:53:04] Cycle 1167
  💰 Current Price: $1.49
  🎯 Signal: SELL (confidence: 0.23)
  📝 Reason: 5m: MACD bearish; 15m: MACD bearish; 1h: MACD bullish; 4h: MACD bearish
  ⚠️ Sell signal but no position

[10:53:35] Cycle 1168
  💰 Current Price: $1.49
  🎯 Signal: SELL (confidence: 0.23)
  📝 Reason: 5m: MACD bearish; 15m: MACD bearish; 1h: MACD bullish; 4h: MACD bearish
  ⚠️ Sell signal but no position

[10:54:06] Cycle 1169
  💰 Current Price: $1.49
  🎯 Signal: SELL (confidence: 0.23)
  📝 Reason: 5m: MACD bearish; 15m: MACD bearish; 1h: MACD bullish; 4h: MACD bearish
  ⚠️ Sell signal but no position

[10:54:37] Cycle 1170
  💰 Current Price: $1.49
  🎯 Signal: SELL (confidence: 0.23)
  📝 Reason: 5m: MACD bearish; 15m: MACD bearish; 1h: MACD bullish; 4h: MACD bearish
  ⚠️ Sell signal but no position

[10:55:08] Cycle 1171
  💰 Current Price: $1.49
  🎯 Signal: SELL (confidence: 0.23)
  📝 Reason: 5m: MACD bearish; 15m: MACD bearish; 1h: MACD bullish; 4h: MACD bearish
  ⚠️ Sell signal but no position

[10:55:38] Cycle 1172
  💰 Current Price: $1.49
  🎯 Signal: SELL (confidence: 0.23)
  📝 Reason: 5m: MACD bearish; 15m: MACD bearish; 1h: MACD bullish; 4h: MACD bearish
  ⚠️ Sell signal but no position

[10:56:09] Cycle 1173
  💰 Current Price: $1.49
  🎯 Signal: SELL (confidence: 0.23)
  📝 Reason: 5m: MACD bearish; 15m: MACD bearish; 1h: MACD bullish; 4h: MACD bearish
  ⚠️ Sell signal but no position

[10:56:40] Cycle 1174
  💰 Current Price: $1.49
  🎯 Signal: SELL (confidence: 0.23)
  📝 Reason: 5m: MACD bearish; 15m: MACD bearish; 1h: MACD bullish; 4h: MACD bearish
  ⚠️ Sell signal but no position  🎯 Signal: SELL (confidence: 0.20)
  📝 Reason: 5m: RSI oversold (32.7); 5m: MACD bearish; 15m: MACD bearish; 1h: MACD bullish
  ⚠️ Sell signal but no position

[10:40:11] Cycle 1137
  💰 Current Price: $1.49
  🎯 Signal: SELL (confidence: 0.20)
  📝 Reason: 5m: RSI oversold (28.4); 5m: MACD bearish; 15m: MACD bearish; 1h: MACD bullish
  ⚠️ Sell signal but no position

[10:40:42] Cycle 1138
  💰 Current Price: $1.49
  🎯 Signal: SELL (confidence: 0.20)
  📝 Reason: 5m: RSI oversold (28.4); 5m: MACD bearish; 15m: MACD bearish; 1h: MACD bullish
  ⚠️ Sell signal but no position

[10:41:13] Cycle 1139
  💰 Current Price: $1.49
  🎯 Signal: SELL (confidence: 0.20)
  📝 Reason: 5m: RSI oversold (28.4); 5m: MACD bearish; 15m: MACD bearish; 1h: MACD bullish
  ⚠️ Sell signal but no position

[10:41:44] Cycle 1140
  💰 Current Price: $1.49
  🎯 Signal: SELL (confidence: 0.20)
  📝 Reason: 5m: RSI oversold (28.4); 5m: MACD bearish; 15m: MACD bearish; 1h: MACD bullish
  ⚠️ Sell signal but no position

[10:42:15] Cycle 1141
  💰 Current Price: $1.49
  🎯 Signal: SELL (confidence: 0.20)
  📝 Reason: 5m: RSI oversold (28.4); 5m: MACD bearish; 15m: MACD bearish; 1h: MACD bullish
  ⚠️ Sell signal but no position

[10:42:46] Cycle 1142
  💰 Current Price: $1.49
  🎯 Signal: SELL (confidence: 0.20)
  📝 Reason: 5m: RSI oversold (27.8); 5m: MACD bearish; 15m: MACD bearish; 1h: MACD bullish
  ⚠️ Sell signal but no position

[10:43:17] Cycle 1143
  💰 Current Price: $1.49
  🎯 Signal: SELL (confidence: 0.20)
  📝 Reason: 5m: RSI oversold (27.3); 5m: MACD bearish; 15m: MACD bearish; 1h: MACD bullish
  ⚠️ Sell signal but no position

[10:43:48] Cycle 1144
  💰 Current Price: $1.49
  🎯 Signal: SELL (confidence: 0.20)
  📝 Reason: 5m: RSI oversold (32.7); 5m: MACD bearish; 15m: MACD bearish; 1h: MACD bullish
  ⚠️ Sell signal but no position

[10:44:19] Cycle 1145
  💰 Current Price: $1.49
  🎯 Signal: SELL (confidence: 0.20)
  📝 Reason: 5m: RSI oversold (32.7); 5m: MACD bearish; 15m: MACD bearish; 1h: MACD bullish
  ⚠️ Sell signal but no position

[10:44:50] Cycle 1146
  💰 Current Price: $1.49
  🎯 Signal: SELL (confidence: 0.20)
  📝 Reason: 5m: RSI oversold (32.7); 5m: MACD bearish; 15m: MACD bearish; 1h: MACD bullish
  ⚠️ Sell signal but no position

[10:45:20] Cycle 1147
  💰 Current Price: $1.49
  🎯 Signal: SELL (confidence: 0.30)
  📝 Reason: 5m: MACD bearish; 15m: MACD bearish; 1h: MACD bullish; 4h: MACD bearish
  ⚠️ Sell signal but no position

[10:45:51] Cycle 1148
  💰 Current Price: $1.49
  🎯 Signal: SELL (confidence: 0.30)
  📝 Reason: 5m: MACD bearish; 15m: MACD bearish; 1h: MACD bullish; 4h: MACD bearish
  ⚠️ Sell signal but no position

[10:46:22] Cycle 1149
  💰 Current Price: $1.49
  🎯 Signal: SELL (confidence: 0.30)
  📝 Reason: 5m: MACD bearish; 15m: MACD bearish; 1h: MACD bullish; 4h: MACD bearish
  ⚠️ Sell signal but no position

[10:46:53] Cycle 1150
  💰 Current Price: $1.49
  🎯 Signal: SELL (confidence: 0.30)
  📝 Reason: 5m: MACD bearish; 15m: MACD bearish; 1h: MACD bullish; 4h: MACD bearish
  ⚠️ Sell signal but no position

[10:47:24] Cycle 1151
  💰 Current Price: $1.49
  🎯 Signal: SELL (confidence: 0.30)
  📝 Reason: 5m: MACD bearish; 15m: MACD bearish; 1h: MACD bullish; 4h: MACD bearish
  ⚠️ Sell signal but no position

[10:47:55] Cycle 1152
  💰 Current Price: $1.49
  🎯 Signal: SELL (confidence: 0.30)
  📝 Reason: 5m: MACD bearish; 15m: MACD bearish; 1h: MACD bullish; 4h: MACD bearish
  ⚠️ Sell signal but no position

[10:48:25] Cycle 1153
  💰 Current Price: $1.49
  🎯 Signal: SELL (confidence: 0.30)
  📝 Reason: 5m: MACD bearish; 15m: MACD bearish; 1h: MACD bullish; 4h: MACD bearish
  ⚠️ Sell signal but no position

[10:48:56] Cycle 1154
  💰 Current Price: $1.49
  🎯 Signal: SELL (confidence: 0.30)
  📝 Reason: 5m: MACD bearish; 15m: MACD bearish; 1h: MACD bullish; 4h: MACD bearish
  ⚠️ Sell signal but no position

[10:49:27] Cycle 1155
  💰 Current Price: $1.49
  🎯 Signal: SELL (confidence: 0.30)
  📝 Reason: 5m: MACD bearish; 15m: MACD bearish; 1h: MACD bullish; 4h: MACD bearish
  ⚠️ Sell signal but no position

[10:49:58] Cycle 1156
  💰 Current Price: $1.49
  🎯 Signal: SELL (confidence: 0.30)
  📝 Reason: 5m: MACD bearish; 15m: MACD bearish; 1h: MACD bullish; 4h: MACD bearish
  ⚠️ Sell signal but no position

[10:50:29] Cycle 1157
  💰 Current Price: $1.49
  🎯 Signal: SELL (confidence: 0.23)
  📝 Reason: 5m: MACD bearish; 15m: MACD bearish; 1h: MACD bullish; 4h: MACD bearish
  ⚠️ Sell signal but no position

[10:51:00] Cycle 1158
  💰 Current Price: $1.49
  🎯 Signal: SELL (confidence: 0.23)
  📝 Reason: 5m: MACD bearish; 15m: MACD bearish; 1h: MACD bullish; 4h: MACD bearish
  ⚠️ Sell signal but no position

[10:51:31] Cycle 1159
  💰 Current Price: $1.49
  🎯 Signal: SELL (confidence: 0.23)
  📝 Reason: 5m: MACD bearish; 15m: MACD bearish; 1h: MACD bullish; 4h: MACD bearish
  ⚠️ Sell signal but no position

[10:52:02] Cycle 1160
  💰 Current Price: $1.49
  🎯 Signal: SELL (confidence: 0.23)
  📝 Reason: 5m: MACD bearish; 15m: MACD bearish; 1h: MACD bullish; 4h: MACD bearish
  ⚠️ Sell signal but no position

[10:52:33] Cycle 1161
  💰 Current Price: $1.49
  🎯 Signal: SELL (confidence: 0.23)
  📝 Reason: 5m: MACD bearish; 15m: MACD bearish; 1h: MACD bullish; 4h: MACD bearish
  ⚠️ Sell signal but no position

[10:53:04] Cycle 1162
  💰 Current Price: $1.49
  🎯 Signal: SELL (confidence: 0.23)
  📝 Reason: 5m: MACD bearish; 15m: MACD bearish; 1h: MACD bullish; 4h: MACD bearish
  ⚠️ Sell signal but no position

[10:53:35] Cycle 1163
  💰 Current Price: $1.49
  🎯 Signal: SELL (confidence: 0.23)
  📝 Reason: 5m: MACD bearish; 15m: MACD bearish; 1h: MACD bullish; 4h: MACD bearish
  ⚠️ Sell signal but no position

[10:54:06] Cycle 1164
  💰 Current Price: $1.49
  🎯 Signal: SELL (confidence: 0.23)
  📝 Reason: 5m: MACD bearish; 15m: MACD bearish; 1h: MACD bullish; 4h: MACD bearish
  ⚠️ Sell signal but no position

[10:54:37] Cycle 1165
  💰 Current Price: $1.49
  🎯 Signal: SELL (confidence: 0.23)
  📝 Reason: 5m: MACD bearish; 15m: MACD bearish; 1h: MACD bullish; 4h: MACD bearish
  ⚠️ Sell signal but no position

[10:55:08] Cycle 1166
  💰 Current Price: $1.49
  🎯 Signal: SELL (confidence: 0.23)
  📝 Reason: 5m: MACD bearish; 15m: MACD bearish; 1h: MACD bullish; 4h: MACD bearish
  ⚠️ Sell signal but no position

[10:55:38] Cycle 1167
  💰 Current Price: $1.49
  🎯 Signal: SELL (confidence: 0.23)
  📝 Reason: 5m: MACD bearish; 15m: MACD bearish; 1h: MACD bullish; 4h: MACD bearish
  ⚠️ Sell signal but no position

[10:56:09] Cycle 1168
  💰 Current Price: $1.49
  🎯 Signal: SELL (confidence: 0.23)
  📝 Reason: 5m: MACD bearish; 15m: MACD bearish; 1h: MACD bullish; 4h: MACD bearish
  ⚠️ Sell signal but no position

[10:56:40] Cycle 1169
  💰 Current Price: $1.49
  🎯 Signal: SELL (confidence: 0.23)
  📝 Reason: 5m: MACD bearish; 15m: MACD bearish; 1h: MACD bullish; 4h: MACD bearish
  ⚠️ Sell signal but no position

[10:57:11] Cycle 1170
  💰 Current Price: $1.49
  🎯 Signal: SELL (confidence: 0.23)
  📝 Reason: 5m: MACD bearish; 15m: MACD bearish; 1h: MACD bullish; 4h: MACD bearish
  ⚠️ Sell signal but no position

[10:57:42] Cycle 1171
  💰 Current Price: $1.49
  🎯 Signal: SELL (confidence: 0.23)
  📝 Reason: 5m: MACD bearish; 15m: MACD bearish; 1h: MACD bullish; 4h: MACD bearish
  ⚠️ Sell signal but no position

[10:58:13] Cycle 1172
  💰 Current Price: $1.49
  🎯 Signal: SELL (confidence: 0.23)
  📝 Reason: 5m: MACD bearish; 15m: MACD bearish; 1h: MACD bullish; 4h: MACD bearish
  ⚠️ Sell signal but no position

[10:58:43] Cycle 1173
  💰 Current Price: $1.49
  🎯 Signal: SELL (confidence: 0.23)
  📝 Reason: 5m: MACD bearish; 15m: MACD bearish; 1h: MACD bullish; 4h: MACD bearish
  ⚠️ Sell signal but no position

[10:59:14] Cycle 1174


[10:57:11] Cycle 1175
  💰 Current Price: $1.49
  🎯 Signal: SELL (confidence: 0.23)
  📝 Reason: 5m: MACD bearish; 15m: MACD bearish; 1h: MACD bullish; 4h: MACD bearish
  ⚠️ Sell signal but no position

[10:57:42] Cycle 1176
  💰 Current Price: $1.49
  🎯 Signal: SELL (confidence: 0.23)
  📝 Reason: 5m: MACD bearish; 15m: MACD bearish; 1h: MACD bullish; 4h: MACD bearish
  ⚠️ Sell signal but no position

[10:58:13] Cycle 1177
  💰 Current Price: $1.49
  🎯 Signal: SELL (confidence: 0.23)
  📝 Reason: 5m: MACD bearish; 15m: MACD bearish; 1h: MACD bullish; 4h: MACD bearish
  ⚠️ Sell signal but no position

[10:58:43] Cycle 1178
  💰 Current Price: $1.49
  🎯 Signal: SELL (confidence: 0.23)
  📝 Reason: 5m: MACD bearish; 15m: MACD bearish; 1h: MACD bullish; 4h: MACD bearish
  ⚠️ Sell signal but no position

[10:59:14] Cycle 1179
  💰 Current Price: $1.49
  🎯 Signal: SELL (confidence: 0.23)
  📝 Reason: 5m: MACD bearish; 15m: MACD bearish; 1h: MACD bullish; 4h: MACD bearish
  ⚠️ Sell signal but no position

[10:59:45] Cycle 1180
  💰 Current Price: $1.49
  🎯 Signal: SELL (confidence: 0.23)
  📝 Reason: 5m: MACD bearish; 15m: MACD bearish; 1h: MACD bullish; 4h: MACD bearish
  ⚠️ Sell signal but no position

[11:00:16] Cycle 1181
  💰 Current Price: $1.49
  🎯 Signal: SELL (confidence: 0.30)
  📝 Reason: 5m: MACD bearish; 15m: MACD bearish; 1h: MACD bullish; 4h: MACD bearish
  ⚠️ Sell signal but no position

[11:00:47] Cycle 1182
  💰 Current Price: $1.49
  🎯 Signal: SELL (confidence: 0.30)
  📝 Reason: 5m: MACD bearish; 15m: MACD bearish; 1h: MACD bullish; 4h: MACD bearish
  ⚠️ Sell signal but no position

[11:01:17] Cycle 1183
  💰 Current Price: $1.49
  🎯 Signal: SELL (confidence: 0.30)
  📝 Reason: 5m: MACD bearish; 15m: MACD bearish; 1h: MACD bullish; 4h: MACD bearish
  ⚠️ Sell signal but no position

[11:01:48] Cycle 1184
  💰 Current Price: $1.49
  🎯 Signal: SELL (confidence: 0.30)
  📝 Reason: 5m: MACD bearish; 15m: MACD bearish; 1h: MACD bullish; 4h: MACD bearish
  ⚠️ Sell signal but no position

[11:02:19] Cycle 1185
  💰 Current Price: $1.49
  🎯 Signal: SELL (confidence: 0.30)
  📝 Reason: 5m: MACD bearish; 15m: MACD bearish; 1h: MACD bullish; 4h: MACD bearish
  ⚠️ Sell signal but no position

[11:02:50] Cycle 1186
  💰 Current Price: $1.49
  🎯 Signal: SELL (confidence: 0.30)
  📝 Reason: 5m: MACD bearish; 15m: MACD bearish; 1h: MACD bullish; 4h: MACD bearish
  ⚠️ Sell signal but no position

[11:03:21] Cycle 1187
  💰 Current Price: $1.49
  🎯 Signal: SELL (confidence: 0.20)
  📝 Reason: 5m: RSI oversold (34.5); 5m: MACD bearish; 15m: MACD bearish; 1h: MACD bullish
  ⚠️ Sell signal but no position

[11:03:52] Cycle 1188
  💰 Current Price: $1.49
  🎯 Signal: SELL (confidence: 0.20)
  📝 Reason: 5m: RSI oversold (34.5); 5m: MACD bearish; 15m: MACD bearish; 1h: MACD bullish
  ⚠️ Sell signal but no position

[11:04:22] Cycle 1189
  💰 Current Price: $1.49
  🎯 Signal: SELL (confidence: 0.20)
  📝 Reason: 5m: RSI oversold (34.5); 5m: MACD bearish; 15m: MACD bearish; 1h: MACD bullish
  ⚠️ Sell signal but no position

[11:04:53] Cycle 1190
  💰 Current Price: $1.49
  🎯 Signal: SELL (confidence: 0.20)
  📝 Reason: 5m: RSI oversold (34.5); 5m: MACD bearish; 15m: MACD bearish; 1h: MACD bullish
  ⚠️ Sell signal but no position

[11:05:24] Cycle 1191
  💰 Current Price: $1.49
  🎯 Signal: SELL (confidence: 0.20)
  📝 Reason: 5m: RSI oversold (26.9); 5m: MACD bearish; 15m: MACD bearish; 1h: MACD bullish
  ⚠️ Sell signal but no position

[11:05:55] Cycle 1192
  💰 Current Price: $1.49
  🎯 Signal: SELL (confidence: 0.20)
  📝 Reason: 5m: RSI oversold (26.9); 5m: MACD bearish; 15m: MACD bearish; 1h: MACD bullish
  ⚠️ Sell signal but no position

[11:06:26] Cycle 1193
  💰 Current Price: $1.49
  🎯 Signal: SELL (confidence: 0.20)
  📝 Reason: 5m: RSI oversold (26.9); 5m: MACD bearish; 15m: MACD bearish; 1h: MACD bullish
  ⚠️ Sell signal but no position

[11:06:57] Cycle 1194
  💰 Current Price: $1.49
  🎯 Signal: SELL (confidence: 0.20)
  📝 Reason: 5m: RSI oversold (26.9); 5m: MACD bearish; 15m: MACD bearish; 1h: MACD bullish
  ⚠️ Sell signal but no position

[11:07:28] Cycle 1195
  💰 Current Price: $1.49
  🎯 Signal: SELL (confidence: 0.30)
  📝 Reason: 5m: MACD bearish; 15m: MACD bearish; 1h: MACD bullish; 4h: MACD bearish
  ⚠️ Sell signal but no position

[11:07:58] Cycle 1196
  💰 Current Price: $1.49
  🎯 Signal: SELL (confidence: 0.30)
  📝 Reason: 5m: MACD bearish; 15m: MACD bearish; 1h: MACD bullish; 4h: MACD bearish
  ⚠️ Sell signal but no position

[11:08:29] Cycle 1197
  💰 Current Price: $1.49
  🎯 Signal: SELL (confidence: 0.30)
  📝 Reason: 5m: MACD bearish; 15m: MACD bearish; 1h: MACD bullish; 4h: MACD bearish
  ⚠️ Sell signal but no position

[11:09:00] Cycle 1198
  💰 Current Price: $1.49
  🎯 Signal: SELL (confidence: 0.30)
  📝 Reason: 5m: MACD bearish; 15m: MACD bearish; 1h: MACD bullish; 4h: MACD bearish
  ⚠️ Sell signal but no position

[11:09:31] Cycle 1199
  💰 Current Price: $1.49
  🎯 Signal: SELL (confidence: 0.30)
  📝 Reason: 5m: MACD bearish; 15m: MACD bearish; 1h: MACD bullish; 4h: MACD bearish
  ⚠️ Sell signal but no position

[11:10:02] Cycle 1200
  💰 Current Price: $1.49
  🎯 Signal: SELL (confidence: 0.30)
  📝 Reason: 5m: MACD bearish; 15m: MACD bearish; 1h: MACD bullish; 4h: MACD bearish
  ⚠️ Sell signal but no position

[11:10:33] Cycle 1201
  💰 Current Price: $1.49
  🎯 Signal: SELL (confidence: 0.30)
  📝 Reason: 5m: MACD bearish; 15m: MACD bearish; 1h: MACD bullish; 4h: MACD bearish
  ⚠️ Sell signal but no position

[11:11:04] Cycle 1202
  💰 Current Price: $1.49
  🎯 Signal: SELL (confidence: 0.30)
  📝 Reason: 5m: MACD bearish; 15m: MACD bearish; 1h: MACD bullish; 4h: MACD bearish
  ⚠️ Sell signal but no position

[11:11:35] Cycle 1203
  💰 Current Price: $1.49
  🎯 Signal: SELL (confidence: 0.30)
  📝 Reason: 5m: MACD bearish; 15m: MACD bearish; 1h: MACD bullish; 4h: MACD bearish
  ⚠️ Sell signal but no position

[11:12:06] Cycle 1204
  💰 Current Price: $1.49
  🎯 Signal: SELL (confidence: 0.30)
  📝 Reason: 5m: MACD bearish; 15m: MACD bearish; 1h: MACD bullish; 4h: MACD bearish
  ⚠️ Sell signal but no position

[11:12:37] Cycle 1205
  💰 Current Price: $1.49
  🎯 Signal: SELL (confidence: 0.30)
  📝 Reason: 5m: MACD bearish; 15m: MACD bearish; 1h: MACD bullish; 4h: MACD bearish
  ⚠️ Sell signal but no position

[11:13:07] Cycle 1206
  💰 Current Price: $1.49
  🎯 Signal: SELL (confidence: 0.30)
  📝 Reason: 5m: MACD bearish; 15m: MACD bearish; 1h: MACD bullish; 4h: MACD bearish
  ⚠️ Sell signal but no position

[11:13:39] Cycle 1207
  💰 Current Price: $1.49
  🎯 Signal: SELL (confidence: 0.20)
  📝 Reason: 5m: MACD bullish; 15m: MACD bearish; 1h: MACD bullish; 4h: MACD bearish
  ⚠️ Sell signal but no position

[11:14:09] Cycle 1208
  💰 Current Price: $1.49
  🎯 Signal: SELL (confidence: 0.20)
  📝 Reason: 5m: MACD bullish; 15m: MACD bearish; 1h: MACD bullish; 4h: MACD bearish
  ⚠️ Sell signal but no position

[11:14:40] Cycle 1209
  💰 Current Price: $1.50
  🎯 Signal: SELL (confidence: 0.20)
  📝 Reason: 5m: MACD bullish; 15m: MACD bearish; 1h: MACD bullish; 4h: MACD bearish
  ⚠️ Sell signal but no position

[11:15:11] Cycle 1210
  💰 Current Price: $1.50
  🎯 Signal: SELL (confidence: 0.20)
  📝 Reason: 5m: MACD bullish; 15m: MACD bearish; 1h: MACD bullish; 4h: MACD bearish
  ⚠️ Sell signal but no position

[11:15:42] Cycle 1211
  💰 Current Price: $1.50
  🎯 Signal: SELL (confidence: 0.20)
  📝 Reason: 5m: MACD bullish; 15m: MACD bearish; 1h: MACD bullish; 4h: MACD bearish
  ⚠️ Sell signal but no position

[11:16:13] Cycle 1212
  💰 Current Price: $1.50
  🎯 Signal: SELL (confidence: 0.20)
  📝 Reason: 5m: MACD bullish; 15m: MACD bearish; 1h: MACD bullish; 4h: MACD bearish
  ⚠️ Sell signal but no position
  💰 Current Price: $1.49
  🎯 Signal: SELL (confidence: 0.23)
  📝 Reason: 5m: MACD bearish; 15m: MACD bearish; 1h: MACD bullish; 4h: MACD bearish
  ⚠️ Sell signal but no position

[10:59:45] Cycle 1175
  💰 Current Price: $1.49
  🎯 Signal: SELL (confidence: 0.23)
  📝 Reason: 5m: MACD bearish; 15m: MACD bearish; 1h: MACD bullish; 4h: MACD bearish
  ⚠️ Sell signal but no position

[11:00:16] Cycle 1176
  💰 Current Price: $1.49
  🎯 Signal: SELL (confidence: 0.30)
  📝 Reason: 5m: MACD bearish; 15m: MACD bearish; 1h: MACD bullish; 4h: MACD bearish
  ⚠️ Sell signal but no position

[11:00:47] Cycle 1177
  💰 Current Price: $1.49
  🎯 Signal: SELL (confidence: 0.30)
  📝 Reason: 5m: MACD bearish; 15m: MACD bearish; 1h: MACD bullish; 4h: MACD bearish
  ⚠️ Sell signal but no position

[11:01:17] Cycle 1178
  💰 Current Price: $1.49
  🎯 Signal: SELL (confidence: 0.30)
  📝 Reason: 5m: MACD bearish; 15m: MACD bearish; 1h: MACD bullish; 4h: MACD bearish
  ⚠️ Sell signal but no position

[11:01:48] Cycle 1179
  💰 Current Price: $1.49
  🎯 Signal: SELL (confidence: 0.30)
  📝 Reason: 5m: MACD bearish; 15m: MACD bearish; 1h: MACD bullish; 4h: MACD bearish
  ⚠️ Sell signal but no position

[11:02:19] Cycle 1180
  💰 Current Price: $1.49
  🎯 Signal: SELL (confidence: 0.30)
  📝 Reason: 5m: MACD bearish; 15m: MACD bearish; 1h: MACD bullish; 4h: MACD bearish
  ⚠️ Sell signal but no position

[11:02:50] Cycle 1181
  💰 Current Price: $1.49
  🎯 Signal: SELL (confidence: 0.30)
  📝 Reason: 5m: MACD bearish; 15m: MACD bearish; 1h: MACD bullish; 4h: MACD bearish
  ⚠️ Sell signal but no position

[11:03:21] Cycle 1182
  💰 Current Price: $1.49
  🎯 Signal: SELL (confidence: 0.20)
  📝 Reason: 5m: RSI oversold (34.5); 5m: MACD bearish; 15m: MACD bearish; 1h: MACD bullish
  ⚠️ Sell signal but no position

[11:03:52] Cycle 1183
  💰 Current Price: $1.49
  🎯 Signal: SELL (confidence: 0.20)
  📝 Reason: 5m: RSI oversold (34.5); 5m: MACD bearish; 15m: MACD bearish; 1h: MACD bullish
  ⚠️ Sell signal but no position

[11:04:22] Cycle 1184
  💰 Current Price: $1.49
  🎯 Signal: SELL (confidence: 0.20)
  📝 Reason: 5m: RSI oversold (34.5); 5m: MACD bearish; 15m: MACD bearish; 1h: MACD bullish
  ⚠️ Sell signal but no position

[11:04:53] Cycle 1185
  💰 Current Price: $1.49
  🎯 Signal: SELL (confidence: 0.20)
  📝 Reason: 5m: RSI oversold (34.5); 5m: MACD bearish; 15m: MACD bearish; 1h: MACD bullish
  ⚠️ Sell signal but no position

[11:05:24] Cycle 1186
  💰 Current Price: $1.49
  🎯 Signal: SELL (confidence: 0.20)
  📝 Reason: 5m: RSI oversold (26.9); 5m: MACD bearish; 15m: MACD bearish; 1h: MACD bullish
  ⚠️ Sell signal but no position

[11:05:55] Cycle 1187
  💰 Current Price: $1.49
  🎯 Signal: SELL (confidence: 0.20)
  📝 Reason: 5m: RSI oversold (26.9); 5m: MACD bearish; 15m: MACD bearish; 1h: MACD bullish
  ⚠️ Sell signal but no position

[11:06:26] Cycle 1188
  💰 Current Price: $1.49
  🎯 Signal: SELL (confidence: 0.20)
  📝 Reason: 5m: RSI oversold (26.9); 5m: MACD bearish; 15m: MACD bearish; 1h: MACD bullish
  ⚠️ Sell signal but no position

[11:06:57] Cycle 1189
  💰 Current Price: $1.49
  🎯 Signal: SELL (confidence: 0.20)
  📝 Reason: 5m: RSI oversold (26.9); 5m: MACD bearish; 15m: MACD bearish; 1h: MACD bullish
  ⚠️ Sell signal but no position

[11:07:28] Cycle 1190
  💰 Current Price: $1.49
  🎯 Signal: SELL (confidence: 0.30)
  📝 Reason: 5m: MACD bearish; 15m: MACD bearish; 1h: MACD bullish; 4h: MACD bearish
  ⚠️ Sell signal but no position

[11:07:58] Cycle 1191
  💰 Current Price: $1.49
  🎯 Signal: SELL (confidence: 0.30)
  📝 Reason: 5m: MACD bearish; 15m: MACD bearish; 1h: MACD bullish; 4h: MACD bearish
  ⚠️ Sell signal but no position

[11:08:29] Cycle 1192
  💰 Current Price: $1.49
  🎯 Signal: SELL (confidence: 0.30)
  📝 Reason: 5m: MACD bearish; 15m: MACD bearish; 1h: MACD bullish; 4h: MACD bearish
  ⚠️ Sell signal but no position

[11:09:00] Cycle 1193
  💰 Current Price: $1.49
  🎯 Signal: SELL (confidence: 0.30)
  📝 Reason: 5m: MACD bearish; 15m: MACD bearish; 1h: MACD bullish; 4h: MACD bearish
  ⚠️ Sell signal but no position

[11:09:31] Cycle 1194
  💰 Current Price: $1.49
  🎯 Signal: SELL (confidence: 0.30)
  📝 Reason: 5m: MACD bearish; 15m: MACD bearish; 1h: MACD bullish; 4h: MACD bearish
  ⚠️ Sell signal but no position

[11:10:02] Cycle 1195
  💰 Current Price: $1.49
  🎯 Signal: SELL (confidence: 0.30)
  📝 Reason: 5m: MACD bearish; 15m: MACD bearish; 1h: MACD bullish; 4h: MACD bearish
  ⚠️ Sell signal but no position

[11:10:33] Cycle 1196
  💰 Current Price: $1.49
  🎯 Signal: SELL (confidence: 0.30)
  📝 Reason: 5m: MACD bearish; 15m: MACD bearish; 1h: MACD bullish; 4h: MACD bearish
  ⚠️ Sell signal but no position

[11:11:04] Cycle 1197
  💰 Current Price: $1.49
  🎯 Signal: SELL (confidence: 0.30)
  📝 Reason: 5m: MACD bearish; 15m: MACD bearish; 1h: MACD bullish; 4h: MACD bearish
  ⚠️ Sell signal but no position

[11:11:35] Cycle 1198
  💰 Current Price: $1.49
  🎯 Signal: SELL (confidence: 0.30)
  📝 Reason: 5m: MACD bearish; 15m: MACD bearish; 1h: MACD bullish; 4h: MACD bearish
  ⚠️ Sell signal but no position

[11:12:06] Cycle 1199
  💰 Current Price: $1.49
  🎯 Signal: SELL (confidence: 0.30)
  📝 Reason: 5m: MACD bearish; 15m: MACD bearish; 1h: MACD bullish; 4h: MACD bearish
  ⚠️ Sell signal but no position

[11:12:37] Cycle 1200
  💰 Current Price: $1.49
  🎯 Signal: SELL (confidence: 0.30)
  📝 Reason: 5m: MACD bearish; 15m: MACD bearish; 1h: MACD bullish; 4h: MACD bearish
  ⚠️ Sell signal but no position

[11:13:07] Cycle 1201
  💰 Current Price: $1.49
  🎯 Signal: SELL (confidence: 0.30)
  📝 Reason: 5m: MACD bearish; 15m: MACD bearish; 1h: MACD bullish; 4h: MACD bearish
  ⚠️ Sell signal but no position

[11:13:39] Cycle 1202
  💰 Current Price: $1.49
  🎯 Signal: SELL (confidence: 0.20)
  📝 Reason: 5m: MACD bullish; 15m: MACD bearish; 1h: MACD bullish; 4h: MACD bearish
  ⚠️ Sell signal but no position

[11:14:09] Cycle 1203
  💰 Current Price: $1.49
  🎯 Signal: SELL (confidence: 0.20)
  📝 Reason: 5m: MACD bullish; 15m: MACD bearish; 1h: MACD bullish; 4h: MACD bearish
  ⚠️ Sell signal but no position

[11:14:40] Cycle 1204
  💰 Current Price: $1.50
  🎯 Signal: SELL (confidence: 0.20)
  📝 Reason: 5m: MACD bullish; 15m: MACD bearish; 1h: MACD bullish; 4h: MACD bearish
  ⚠️ Sell signal but no position

[11:15:11] Cycle 1205
  💰 Current Price: $1.50
  🎯 Signal: SELL (confidence: 0.20)
  📝 Reason: 5m: MACD bullish; 15m: MACD bearish; 1h: MACD bullish; 4h: MACD bearish
  ⚠️ Sell signal but no position

[11:15:42] Cycle 1206
  💰 Current Price: $1.50
  🎯 Signal: SELL (confidence: 0.20)
  📝 Reason: 5m: MACD bullish; 15m: MACD bearish; 1h: MACD bullish; 4h: MACD bearish
  ⚠️ Sell signal but no position

[11:16:13] Cycle 1207
  💰 Current Price: $1.50
  🎯 Signal: SELL (confidence: 0.20)
  📝 Reason: 5m: MACD bullish; 15m: MACD bearish; 1h: MACD bullish; 4h: MACD bearish
  ⚠️ Sell signal but no position

[11:16:44] Cycle 1208
  💰 Current Price: $1.50
  🎯 Signal: SELL (confidence: 0.20)
  📝 Reason: 5m: MACD bullish; 15m: MACD bearish; 1h: MACD bullish; 4h: MACD bearish
  ⚠️ Sell signal but no position

[11:17:15] Cycle 1209
  💰 Current Price: $1.50
  🎯 Signal: SELL (confidence: 0.20)
  📝 Reason: 5m: MACD bullish; 15m: MACD bearish; 1h: MACD bullish; 4h: MACD bearish
  ⚠️ Sell signal but no position

[11:17:46] Cycle 1210
  💰 Current Price: $1.50
  🎯 Signal: SELL (confidence: 0.20)
  📝 Reason: 5m: MACD bullish; 15m: MACD bearish; 1h: MACD bullish; 4h: MACD bearish
  ⚠️ Sell signal but no position

[11:18:17] Cycle 1211
  💰 Current Price: $1.50
  🎯 Signal: SELL (confidence: 0.20)
  📝 Reason: 5m: MACD bullish; 15m: MACD bearish; 1h: MACD bullish; 4h: MACD bearish
  ⚠️ Sell signal but no position

[11:18:48] Cycle 1212

[11:16:44] Cycle 1213
  💰 Current Price: $1.50
  🎯 Signal: SELL (confidence: 0.20)
  📝 Reason: 5m: MACD bullish; 15m: MACD bearish; 1h: MACD bullish; 4h: MACD bearish
  ⚠️ Sell signal but no position

[11:17:15] Cycle 1214
  💰 Current Price: $1.50
  🎯 Signal: SELL (confidence: 0.20)
  📝 Reason: 5m: MACD bullish; 15m: MACD bearish; 1h: MACD bullish; 4h: MACD bearish
  ⚠️ Sell signal but no position

[11:17:46] Cycle 1215
  💰 Current Price: $1.50
  🎯 Signal: SELL (confidence: 0.20)
  📝 Reason: 5m: MACD bullish; 15m: MACD bearish; 1h: MACD bullish; 4h: MACD bearish
  ⚠️ Sell signal but no position

[11:18:17] Cycle 1216
  💰 Current Price: $1.50
  🎯 Signal: SELL (confidence: 0.20)
  📝 Reason: 5m: MACD bullish; 15m: MACD bearish; 1h: MACD bullish; 4h: MACD bearish
  ⚠️ Sell signal but no position

[11:18:48] Cycle 1217
  💰 Current Price: $1.50
  🎯 Signal: SELL (confidence: 0.20)
  📝 Reason: 5m: MACD bullish; 15m: MACD bearish; 1h: MACD bullish; 4h: MACD bearish
  ⚠️ Sell signal but no position

[11:19:19] Cycle 1218
  💰 Current Price: $1.50
  🎯 Signal: SELL (confidence: 0.20)
  📝 Reason: 5m: MACD bullish; 15m: MACD bearish; 1h: MACD bullish; 4h: MACD bearish
  ⚠️ Sell signal but no position

[11:19:50] Cycle 1219
  💰 Current Price: $1.50
  🎯 Signal: SELL (confidence: 0.20)
  📝 Reason: 5m: MACD bullish; 15m: MACD bearish; 1h: MACD bullish; 4h: MACD bearish
  ⚠️ Sell signal but no position

[11:20:20] Cycle 1220
  💰 Current Price: $1.50
  🎯 Signal: SELL (confidence: 0.20)
  📝 Reason: 5m: MACD bullish; 15m: MACD bearish; 1h: MACD bullish; 4h: MACD bearish
  ⚠️ Sell signal but no position

[11:20:51] Cycle 1221
  💰 Current Price: $1.50
  🎯 Signal: SELL (confidence: 0.20)
  📝 Reason: 5m: MACD bullish; 15m: MACD bearish; 1h: MACD bullish; 4h: MACD bearish
  ⚠️ Sell signal but no position

[11:21:22] Cycle 1222
  💰 Current Price: $1.50
  🎯 Signal: SELL (confidence: 0.20)
  📝 Reason: 5m: MACD bullish; 15m: MACD bearish; 1h: MACD bullish; 4h: MACD bearish
  ⚠️ Sell signal but no position

[11:21:53] Cycle 1223
  💰 Current Price: $1.50
  🎯 Signal: SELL (confidence: 0.20)
  📝 Reason: 5m: MACD bullish; 15m: MACD bearish; 1h: MACD bullish; 4h: MACD bearish
  ⚠️ Sell signal but no position

[11:22:24] Cycle 1224
  💰 Current Price: $1.50
  🎯 Signal: SELL (confidence: 0.20)
  📝 Reason: 5m: MACD bullish; 15m: MACD bearish; 1h: MACD bullish; 4h: MACD bearish
  ⚠️ Sell signal but no position

[11:22:55] Cycle 1225
  💰 Current Price: $1.50
  🎯 Signal: SELL (confidence: 0.20)
  📝 Reason: 5m: MACD bullish; 15m: MACD bearish; 1h: MACD bullish; 4h: MACD bearish
  ⚠️ Sell signal but no position

[11:23:26] Cycle 1226
  💰 Current Price: $1.49
  🎯 Signal: SELL (confidence: 0.20)
  📝 Reason: 5m: MACD bullish; 15m: MACD bearish; 1h: MACD bullish; 4h: MACD bearish
  ⚠️ Sell signal but no position

[11:23:57] Cycle 1227
  💰 Current Price: $1.49
  🎯 Signal: SELL (confidence: 0.20)
  📝 Reason: 5m: MACD bullish; 15m: MACD bearish; 1h: MACD bullish; 4h: MACD bearish
  ⚠️ Sell signal but no position

[11:24:28] Cycle 1228
  💰 Current Price: $1.49
  🎯 Signal: SELL (confidence: 0.20)
  📝 Reason: 5m: MACD bullish; 15m: MACD bearish; 1h: MACD bullish; 4h: MACD bearish
  ⚠️ Sell signal but no position

[11:24:59] Cycle 1229
  💰 Current Price: $1.49
  🎯 Signal: SELL (confidence: 0.20)
  📝 Reason: 5m: MACD bullish; 15m: MACD bearish; 1h: MACD bullish; 4h: MACD bearish
  ⚠️ Sell signal but no position

[11:25:30] Cycle 1230
  💰 Current Price: $1.49
  🎯 Signal: SELL (confidence: 0.20)
  📝 Reason: 5m: MACD bullish; 15m: MACD bearish; 1h: MACD bullish; 4h: MACD bearish
  ⚠️ Sell signal but no position

[11:26:00] Cycle 1231
  💰 Current Price: $1.49
  🎯 Signal: SELL (confidence: 0.20)
  📝 Reason: 5m: MACD bullish; 15m: MACD bearish; 1h: MACD bullish; 4h: MACD bearish
  ⚠️ Sell signal but no position

[11:26:31] Cycle 1232
  💰 Current Price: $1.49
  🎯 Signal: SELL (confidence: 0.20)
  📝 Reason: 5m: MACD bullish; 15m: MACD bearish; 1h: MACD bullish; 4h: MACD bearish
  ⚠️ Sell signal but no position

[11:27:02] Cycle 1233
  💰 Current Price: $1.49
  🎯 Signal: SELL (confidence: 0.20)
  📝 Reason: 5m: MACD bullish; 15m: MACD bearish; 1h: MACD bullish; 4h: MACD bearish
  ⚠️ Sell signal but no position

[11:27:33] Cycle 1234
  💰 Current Price: $1.49
  🎯 Signal: SELL (confidence: 0.20)
  📝 Reason: 5m: MACD bullish; 15m: MACD bearish; 1h: MACD bullish; 4h: MACD bearish
  ⚠️ Sell signal but no position

[11:28:04] Cycle 1235
  💰 Current Price: $1.49
  🎯 Signal: SELL (confidence: 0.20)
  📝 Reason: 5m: MACD bullish; 15m: MACD bearish; 1h: MACD bullish; 4h: MACD bearish
  ⚠️ Sell signal but no position

[11:28:35] Cycle 1236
  💰 Current Price: $1.49
  🎯 Signal: SELL (confidence: 0.20)
  📝 Reason: 5m: MACD bullish; 15m: MACD bearish; 1h: MACD bullish; 4h: MACD bearish
  ⚠️ Sell signal but no position

[11:29:06] Cycle 1237
  💰 Current Price: $1.49
  🎯 Signal: SELL (confidence: 0.20)
  📝 Reason: 5m: MACD bullish; 15m: MACD bearish; 1h: MACD bullish; 4h: MACD bearish
  ⚠️ Sell signal but no position

[11:29:37] Cycle 1238
  💰 Current Price: $1.49
  🎯 Signal: SELL (confidence: 0.20)
  📝 Reason: 5m: MACD bullish; 15m: MACD bearish; 1h: MACD bullish; 4h: MACD bearish
  ⚠️ Sell signal but no position

[11:30:08] Cycle 1239
  💰 Current Price: $1.49
  🎯 Signal: SELL (confidence: 0.20)
  📝 Reason: 5m: MACD bullish; 15m: MACD bearish; 1h: MACD bullish; 4h: MACD bearish
  ⚠️ Sell signal but no position

[11:30:39] Cycle 1240
  💰 Current Price: $1.49
  🎯 Signal: SELL (confidence: 0.20)
  📝 Reason: 5m: MACD bullish; 15m: MACD bearish; 1h: MACD bullish; 4h: MACD bearish
  ⚠️ Sell signal but no position

[11:31:09] Cycle 1241
  💰 Current Price: $1.49
  🎯 Signal: SELL (confidence: 0.20)
  📝 Reason: 5m: MACD bullish; 15m: MACD bearish; 1h: MACD bullish; 4h: MACD bearish
  ⚠️ Sell signal but no position

[11:31:40] Cycle 1242
  💰 Current Price: $1.49
  🎯 Signal: SELL (confidence: 0.20)
  📝 Reason: 5m: MACD bullish; 15m: MACD bearish; 1h: MACD bullish; 4h: MACD bearish
  ⚠️ Sell signal but no position

[11:32:11] Cycle 1243
  💰 Current Price: $1.49
  🎯 Signal: SELL (confidence: 0.20)
  📝 Reason: 5m: MACD bullish; 15m: MACD bearish; 1h: MACD bullish; 4h: MACD bearish
  ⚠️ Sell signal but no position

[11:32:42] Cycle 1244
  💰 Current Price: $1.49
  🎯 Signal: SELL (confidence: 0.20)
  📝 Reason: 5m: MACD bullish; 15m: MACD bearish; 1h: MACD bullish; 4h: MACD bearish
  ⚠️ Sell signal but no position

[11:33:13] Cycle 1245
  💰 Current Price: $1.49
  🎯 Signal: SELL (confidence: 0.20)
  📝 Reason: 5m: MACD bullish; 15m: MACD bearish; 1h: MACD bullish; 4h: MACD bearish
  ⚠️ Sell signal but no position

[11:33:44] Cycle 1246
  💰 Current Price: $1.49
  🎯 Signal: SELL (confidence: 0.20)
  📝 Reason: 5m: MACD bullish; 15m: MACD bearish; 1h: MACD bullish; 4h: MACD bearish
  ⚠️ Sell signal but no position

[11:34:15] Cycle 1247
  💰 Current Price: $1.49
  🎯 Signal: SELL (confidence: 0.20)
  📝 Reason: 5m: MACD bullish; 15m: MACD bearish; 1h: MACD bullish; 4h: MACD bearish
  ⚠️ Sell signal but no position

[11:34:46] Cycle 1248
  💰 Current Price: $1.49
  🎯 Signal: SELL (confidence: 0.20)
  📝 Reason: 5m: MACD bullish; 15m: MACD bearish; 1h: MACD bullish; 4h: MACD bearish
  ⚠️ Sell signal but no position

[11:35:17] Cycle 1249
  💰 Current Price: $1.49
  🎯 Signal: SELL (confidence: 0.20)
  📝 Reason: 5m: MACD bullish; 15m: MACD bearish; 1h: MACD bullish; 4h: MACD bearish
  ⚠️ Sell signal but no position

[11:35:48] Cycle 1250
  💰 Current Price: $1.49
  🎯 Signal: SELL (confidence: 0.20)
  📝 Reason: 5m: MACD bullish; 15m: MACD bearish; 1h: MACD bullish; 4h: MACD bearish
  ⚠️ Sell signal but no position

[11:36:19] Cycle 1251
  💰 Current Price: $1.49
  💰 Current Price: $1.50
  🎯 Signal: SELL (confidence: 0.20)
  📝 Reason: 5m: MACD bullish; 15m: MACD bearish; 1h: MACD bullish; 4h: MACD bearish
  ⚠️ Sell signal but no position

[11:19:19] Cycle 1213
  💰 Current Price: $1.50
  🎯 Signal: SELL (confidence: 0.20)
  📝 Reason: 5m: MACD bullish; 15m: MACD bearish; 1h: MACD bullish; 4h: MACD bearish
  ⚠️ Sell signal but no position

[11:19:50] Cycle 1214
  💰 Current Price: $1.50
  🎯 Signal: SELL (confidence: 0.20)
  📝 Reason: 5m: MACD bullish; 15m: MACD bearish; 1h: MACD bullish; 4h: MACD bearish
  ⚠️ Sell signal but no position

[11:20:20] Cycle 1215
  💰 Current Price: $1.50
  🎯 Signal: SELL (confidence: 0.20)
  📝 Reason: 5m: MACD bullish; 15m: MACD bearish; 1h: MACD bullish; 4h: MACD bearish
  ⚠️ Sell signal but no position

[11:20:51] Cycle 1216
  💰 Current Price: $1.50
  🎯 Signal: SELL (confidence: 0.20)
  📝 Reason: 5m: MACD bullish; 15m: MACD bearish; 1h: MACD bullish; 4h: MACD bearish
  ⚠️ Sell signal but no position

[11:21:22] Cycle 1217
  💰 Current Price: $1.50
  🎯 Signal: SELL (confidence: 0.20)
  📝 Reason: 5m: MACD bullish; 15m: MACD bearish; 1h: MACD bullish; 4h: MACD bearish
  ⚠️ Sell signal but no position

[11:21:53] Cycle 1218
  💰 Current Price: $1.50
  🎯 Signal: SELL (confidence: 0.20)
  📝 Reason: 5m: MACD bullish; 15m: MACD bearish; 1h: MACD bullish; 4h: MACD bearish
  ⚠️ Sell signal but no position

[11:22:24] Cycle 1219
  💰 Current Price: $1.50
  🎯 Signal: SELL (confidence: 0.20)
  📝 Reason: 5m: MACD bullish; 15m: MACD bearish; 1h: MACD bullish; 4h: MACD bearish
  ⚠️ Sell signal but no position

[11:22:55] Cycle 1220
  💰 Current Price: $1.50
  🎯 Signal: SELL (confidence: 0.20)
  📝 Reason: 5m: MACD bullish; 15m: MACD bearish; 1h: MACD bullish; 4h: MACD bearish
  ⚠️ Sell signal but no position

[11:23:26] Cycle 1221
  💰 Current Price: $1.49
  🎯 Signal: SELL (confidence: 0.20)
  📝 Reason: 5m: MACD bullish; 15m: MACD bearish; 1h: MACD bullish; 4h: MACD bearish
  ⚠️ Sell signal but no position

[11:23:57] Cycle 1222
  💰 Current Price: $1.49
  🎯 Signal: SELL (confidence: 0.20)
  📝 Reason: 5m: MACD bullish; 15m: MACD bearish; 1h: MACD bullish; 4h: MACD bearish
  ⚠️ Sell signal but no position

[11:24:28] Cycle 1223
  💰 Current Price: $1.49
  🎯 Signal: SELL (confidence: 0.20)
  📝 Reason: 5m: MACD bullish; 15m: MACD bearish; 1h: MACD bullish; 4h: MACD bearish
  ⚠️ Sell signal but no position

[11:24:59] Cycle 1224
  💰 Current Price: $1.49
  🎯 Signal: SELL (confidence: 0.20)
  📝 Reason: 5m: MACD bullish; 15m: MACD bearish; 1h: MACD bullish; 4h: MACD bearish
  ⚠️ Sell signal but no position

[11:25:30] Cycle 1225
  💰 Current Price: $1.49
  🎯 Signal: SELL (confidence: 0.20)
  📝 Reason: 5m: MACD bullish; 15m: MACD bearish; 1h: MACD bullish; 4h: MACD bearish
  ⚠️ Sell signal but no position

[11:26:01] Cycle 1226
  💰 Current Price: $1.49
  🎯 Signal: SELL (confidence: 0.20)
  📝 Reason: 5m: MACD bullish; 15m: MACD bearish; 1h: MACD bullish; 4h: MACD bearish
  ⚠️ Sell signal but no position

[11:26:31] Cycle 1227
  💰 Current Price: $1.49
  🎯 Signal: SELL (confidence: 0.20)
  📝 Reason: 5m: MACD bullish; 15m: MACD bearish; 1h: MACD bullish; 4h: MACD bearish
  ⚠️ Sell signal but no position

[11:27:02] Cycle 1228
  💰 Current Price: $1.49
  🎯 Signal: SELL (confidence: 0.20)
  📝 Reason: 5m: MACD bullish; 15m: MACD bearish; 1h: MACD bullish; 4h: MACD bearish
  ⚠️ Sell signal but no position

[11:27:33] Cycle 1229
  💰 Current Price: $1.49
  🎯 Signal: SELL (confidence: 0.20)
  📝 Reason: 5m: MACD bullish; 15m: MACD bearish; 1h: MACD bullish; 4h: MACD bearish
  ⚠️ Sell signal but no position

[11:28:04] Cycle 1230
  💰 Current Price: $1.49
  🎯 Signal: SELL (confidence: 0.20)
  📝 Reason: 5m: MACD bullish; 15m: MACD bearish; 1h: MACD bullish; 4h: MACD bearish
  ⚠️ Sell signal but no position

[11:28:35] Cycle 1231
  💰 Current Price: $1.49
  🎯 Signal: SELL (confidence: 0.20)
  📝 Reason: 5m: MACD bullish; 15m: MACD bearish; 1h: MACD bullish; 4h: MACD bearish
  ⚠️ Sell signal but no position

[11:29:06] Cycle 1232
  💰 Current Price: $1.49
  🎯 Signal: SELL (confidence: 0.20)
  📝 Reason: 5m: MACD bullish; 15m: MACD bearish; 1h: MACD bullish; 4h: MACD bearish
  ⚠️ Sell signal but no position

[11:29:37] Cycle 1233
  💰 Current Price: $1.49
  🎯 Signal: SELL (confidence: 0.20)
  📝 Reason: 5m: MACD bullish; 15m: MACD bearish; 1h: MACD bullish; 4h: MACD bearish
  ⚠️ Sell signal but no position

[11:30:08] Cycle 1234
  💰 Current Price: $1.49
  🎯 Signal: SELL (confidence: 0.20)
  📝 Reason: 5m: MACD bullish; 15m: MACD bearish; 1h: MACD bullish; 4h: MACD bearish
  ⚠️ Sell signal but no position

[11:30:38] Cycle 1235
  💰 Current Price: $1.49
  🎯 Signal: SELL (confidence: 0.20)
  📝 Reason: 5m: MACD bullish; 15m: MACD bearish; 1h: MACD bullish; 4h: MACD bearish
  ⚠️ Sell signal but no position

[11:31:09] Cycle 1236
  💰 Current Price: $1.49
  🎯 Signal: SELL (confidence: 0.20)
  📝 Reason: 5m: MACD bullish; 15m: MACD bearish; 1h: MACD bullish; 4h: MACD bearish
  ⚠️ Sell signal but no position

[11:31:40] Cycle 1237
  💰 Current Price: $1.49
  🎯 Signal: SELL (confidence: 0.20)
  📝 Reason: 5m: MACD bullish; 15m: MACD bearish; 1h: MACD bullish; 4h: MACD bearish
  ⚠️ Sell signal but no position

[11:32:11] Cycle 1238
  💰 Current Price: $1.49
  🎯 Signal: SELL (confidence: 0.20)
  📝 Reason: 5m: MACD bullish; 15m: MACD bearish; 1h: MACD bullish; 4h: MACD bearish
  ⚠️ Sell signal but no position

[11:32:42] Cycle 1239
  💰 Current Price: $1.49
  🎯 Signal: SELL (confidence: 0.20)
  📝 Reason: 5m: MACD bullish; 15m: MACD bearish; 1h: MACD bullish; 4h: MACD bearish
  ⚠️ Sell signal but no position

[11:33:13] Cycle 1240
  💰 Current Price: $1.49
  🎯 Signal: SELL (confidence: 0.20)
  📝 Reason: 5m: MACD bullish; 15m: MACD bearish; 1h: MACD bullish; 4h: MACD bearish
  ⚠️ Sell signal but no position

[11:33:44] Cycle 1241
  💰 Current Price: $1.49
  🎯 Signal: SELL (confidence: 0.20)
  📝 Reason: 5m: MACD bullish; 15m: MACD bearish; 1h: MACD bullish; 4h: MACD bearish
  ⚠️ Sell signal but no position

[11:34:15] Cycle 1242
  💰 Current Price: $1.49
  🎯 Signal: SELL (confidence: 0.20)
  📝 Reason: 5m: MACD bullish; 15m: MACD bearish; 1h: MACD bullish; 4h: MACD bearish
  ⚠️ Sell signal but no position

[11:34:46] Cycle 1243
  💰 Current Price: $1.49
  🎯 Signal: SELL (confidence: 0.20)
  📝 Reason: 5m: MACD bullish; 15m: MACD bearish; 1h: MACD bullish; 4h: MACD bearish
  ⚠️ Sell signal but no position

[11:35:17] Cycle 1244
  💰 Current Price: $1.49
  🎯 Signal: SELL (confidence: 0.20)
  📝 Reason: 5m: MACD bullish; 15m: MACD bearish; 1h: MACD bullish; 4h: MACD bearish
  ⚠️ Sell signal but no position

[11:35:48] Cycle 1245
  💰 Current Price: $1.49
  🎯 Signal: SELL (confidence: 0.20)
  📝 Reason: 5m: MACD bullish; 15m: MACD bearish; 1h: MACD bullish; 4h: MACD bearish
  ⚠️ Sell signal but no position

[11:36:19] Cycle 1246
  💰 Current Price: $1.49
  🎯 Signal: SELL (confidence: 0.20)
  📝 Reason: 5m: MACD bullish; 15m: MACD bearish; 1h: MACD bullish; 4h: MACD bearish
  ⚠️ Sell signal but no position

[11:36:49] Cycle 1247
  💰 Current Price: $1.49
  🎯 Signal: SELL (confidence: 0.20)
  📝 Reason: 5m: MACD bullish; 15m: MACD bearish; 1h: MACD bullish; 4h: MACD bearish
  ⚠️ Sell signal but no position

[11:37:20] Cycle 1248
  💰 Current Price: $1.49
  🎯 Signal: SELL (confidence: 0.20)
  📝 Reason: 5m: MACD bullish; 15m: MACD bearish; 1h: MACD bullish; 4h: MACD bearish
  ⚠️ Sell signal but no position

[11:37:51] Cycle 1249
  💰 Current Price: $1.48
  🎯 Signal: HOLD (confidence: 0.00)
  📝 Reason: 5m: MACD bullish; 15m: RSI oversold (33.1); 15m: MACD bearish; 1h: MACD bullish

[11:38:22] Cycle 1250
  💰 Current Price: $1.49
  🎯 Signal: HOLD (confidence: 0.00)
  🎯 Signal: SELL (confidence: 0.20)
  📝 Reason: 5m: MACD bullish; 15m: MACD bearish; 1h: MACD bullish; 4h: MACD bearish
  ⚠️ Sell signal but no position

[11:36:49] Cycle 1252
  💰 Current Price: $1.49
  🎯 Signal: SELL (confidence: 0.20)
  📝 Reason: 5m: MACD bullish; 15m: MACD bearish; 1h: MACD bullish; 4h: MACD bearish
  ⚠️ Sell signal but no position

[11:37:20] Cycle 1253
  💰 Current Price: $1.49
  🎯 Signal: SELL (confidence: 0.20)
  📝 Reason: 5m: MACD bullish; 15m: MACD bearish; 1h: MACD bullish; 4h: MACD bearish
  ⚠️ Sell signal but no position

[11:37:51] Cycle 1254
  💰 Current Price: $1.48
  🎯 Signal: HOLD (confidence: 0.00)
  📝 Reason: 5m: MACD bullish; 15m: RSI oversold (33.1); 15m: MACD bearish; 1h: MACD bullish

[11:38:22] Cycle 1255
  💰 Current Price: $1.49
  🎯 Signal: HOLD (confidence: 0.00)
  📝 Reason: 5m: MACD bullish; 15m: RSI oversold (33.6); 15m: MACD bearish; 1h: MACD bullish

[11:38:53] Cycle 1256
  💰 Current Price: $1.48
  🎯 Signal: HOLD (confidence: 0.10)
  📝 Reason: 5m: MACD bearish; 15m: RSI oversold (32.6); 15m: MACD bearish; 1h: MACD bullish

[11:39:24] Cycle 1257
  💰 Current Price: $1.48
  🎯 Signal: HOLD (confidence: 0.10)
  📝 Reason: 5m: MACD bearish; 15m: RSI oversold (32.4); 15m: MACD bearish; 1h: MACD bullish

[11:39:55] Cycle 1258
  💰 Current Price: $1.48
  🎯 Signal: HOLD (confidence: 0.10)
  📝 Reason: 5m: MACD bearish; 15m: RSI oversold (32.4); 15m: MACD bearish; 1h: MACD bullish

[11:40:26] Cycle 1259
  💰 Current Price: $1.48
  🎯 Signal: HOLD (confidence: 0.10)
  📝 Reason: 5m: MACD bearish; 15m: RSI oversold (33.0); 15m: MACD bearish; 1h: MACD bullish

[11:40:57] Cycle 1260
  💰 Current Price: $1.48
  🎯 Signal: HOLD (confidence: 0.10)
  📝 Reason: 5m: MACD bearish; 15m: RSI oversold (33.0); 15m: MACD bearish; 1h: MACD bullish

[11:41:28] Cycle 1261
  💰 Current Price: $1.48
  🎯 Signal: HOLD (confidence: 0.10)
  📝 Reason: 5m: MACD bearish; 15m: RSI oversold (33.0); 15m: MACD bearish; 1h: MACD bullish

[11:41:59] Cycle 1262
  💰 Current Price: $1.48
  🎯 Signal: HOLD (confidence: 0.10)
  📝 Reason: 5m: MACD bearish; 15m: RSI oversold (33.0); 15m: MACD bearish; 1h: MACD bullish

[11:42:30] Cycle 1263
  💰 Current Price: $1.48
  🎯 Signal: HOLD (confidence: 0.10)
  📝 Reason: 5m: MACD bearish; 15m: RSI oversold (33.0); 15m: MACD bearish; 1h: MACD bullish

[11:43:01] Cycle 1264
  💰 Current Price: $1.48
  🎯 Signal: HOLD (confidence: 0.10)
  📝 Reason: 5m: MACD bearish; 15m: RSI oversold (33.0); 15m: MACD bearish; 1h: MACD bullish

[11:43:32] Cycle 1265
  💰 Current Price: $1.48
  🎯 Signal: HOLD (confidence: 0.10)
  📝 Reason: 5m: MACD bearish; 15m: RSI oversold (32.9); 15m: MACD bearish; 1h: MACD bullish

[11:44:03] Cycle 1266
  💰 Current Price: $1.48
  🎯 Signal: HOLD (confidence: 0.10)
  📝 Reason: 5m: MACD bearish; 15m: RSI oversold (32.9); 15m: MACD bearish; 1h: MACD bullish

[11:44:34] Cycle 1267
  💰 Current Price: $1.48
  🎯 Signal: HOLD (confidence: 0.10)
  📝 Reason: 5m: MACD bearish; 15m: RSI oversold (32.9); 15m: MACD bearish; 1h: MACD bullish

[11:45:05] Cycle 1268
  💰 Current Price: $1.48
  🎯 Signal: HOLD (confidence: 0.10)
  📝 Reason: 5m: MACD bearish; 15m: RSI oversold (27.5); 15m: MACD bearish; 1h: MACD bullish

[11:45:36] Cycle 1269
  💰 Current Price: $1.48
  🎯 Signal: HOLD (confidence: 0.10)
  📝 Reason: 5m: MACD bearish; 15m: RSI oversold (27.5); 15m: MACD bearish; 1h: MACD bullish

[11:46:06] Cycle 1270
  💰 Current Price: $1.48
  🎯 Signal: HOLD (confidence: 0.10)
  📝 Reason: 5m: MACD bearish; 15m: RSI oversold (27.5); 15m: MACD bearish; 1h: MACD bullish

[11:46:37] Cycle 1271
  💰 Current Price: $1.48
  🎯 Signal: HOLD (confidence: 0.10)
  📝 Reason: 5m: MACD bearish; 15m: RSI oversold (27.5); 15m: MACD bearish; 1h: MACD bullish

[11:47:08] Cycle 1272
  💰 Current Price: $1.48
  🎯 Signal: HOLD (confidence: 0.10)
  📝 Reason: 5m: MACD bearish; 15m: RSI oversold (27.5); 15m: MACD bearish; 1h: MACD bullish

[11:47:39] Cycle 1273
  💰 Current Price: $1.48
  🎯 Signal: HOLD (confidence: 0.10)
  📝 Reason: 5m: MACD bearish; 15m: RSI oversold (27.5); 15m: MACD bearish; 1h: MACD bullish

[11:48:10] Cycle 1274
  💰 Current Price: $1.48
  🎯 Signal: HOLD (confidence: 0.10)
  📝 Reason: 5m: MACD bearish; 15m: RSI oversold (27.5); 15m: MACD bearish; 1h: MACD bullish

[11:48:41] Cycle 1275
  💰 Current Price: $1.48
  🎯 Signal: HOLD (confidence: 0.10)
  📝 Reason: 5m: MACD bearish; 15m: RSI oversold (27.5); 15m: MACD bearish; 1h: MACD bullish

[11:49:11] Cycle 1276
  💰 Current Price: $1.48
  🎯 Signal: HOLD (confidence: 0.10)
  📝 Reason: 5m: MACD bearish; 15m: RSI oversold (27.5); 15m: MACD bearish; 1h: MACD bullish

[11:49:42] Cycle 1277
  💰 Current Price: $1.48
  🎯 Signal: HOLD (confidence: 0.10)
  📝 Reason: 5m: MACD bearish; 15m: RSI oversold (27.5); 15m: MACD bearish; 1h: MACD bullish

[11:50:13] Cycle 1278
  💰 Current Price: $1.48
  🎯 Signal: HOLD (confidence: 0.10)
  📝 Reason: 5m: MACD bearish; 15m: RSI oversold (27.5); 15m: MACD bearish; 1h: MACD bullish

[11:50:44] Cycle 1279
  💰 Current Price: $1.48
  🎯 Signal: HOLD (confidence: 0.10)
  📝 Reason: 5m: MACD bearish; 15m: RSI oversold (27.5); 15m: MACD bearish; 1h: MACD bullish

[11:51:15] Cycle 1280
  💰 Current Price: $1.48
  🎯 Signal: HOLD (confidence: 0.10)
  📝 Reason: 5m: MACD bearish; 15m: RSI oversold (27.5); 15m: MACD bearish; 1h: MACD bullish

[11:51:46] Cycle 1281
  💰 Current Price: $1.48
  🎯 Signal: HOLD (confidence: 0.10)
  📝 Reason: 5m: MACD bearish; 15m: RSI oversold (27.5); 15m: MACD bearish; 1h: MACD bullish

[11:52:16] Cycle 1282
  💰 Current Price: $1.48
  🎯 Signal: HOLD (confidence: 0.10)
  📝 Reason: 5m: MACD bearish; 15m: RSI oversold (27.5); 15m: MACD bearish; 1h: MACD bullish

[11:52:47] Cycle 1283
  💰 Current Price: $1.48
  🎯 Signal: HOLD (confidence: 0.10)
  📝 Reason: 5m: MACD bearish; 15m: RSI oversold (27.5); 15m: MACD bearish; 1h: MACD bullish

[11:53:18] Cycle 1284
  💰 Current Price: $1.49
  🎯 Signal: HOLD (confidence: 0.10)
  📝 Reason: 5m: MACD bearish; 15m: RSI oversold (31.2); 15m: MACD bearish; 1h: MACD bullish

[11:53:49] Cycle 1285
  💰 Current Price: $1.49
  🎯 Signal: HOLD (confidence: 0.10)
  📝 Reason: 5m: MACD bearish; 15m: RSI oversold (31.2); 15m: MACD bearish; 1h: MACD bullish

[11:54:19] Cycle 1286
  💰 Current Price: $1.49
  🎯 Signal: HOLD (confidence: 0.10)
  📝 Reason: 5m: MACD bearish; 15m: RSI oversold (31.2); 15m: MACD bearish; 1h: MACD bullish

[11:54:50] Cycle 1287
  💰 Current Price: $1.49
  🎯 Signal: HOLD (confidence: 0.10)
  📝 Reason: 5m: MACD bearish; 15m: RSI oversold (33.4); 15m: MACD bearish; 1h: MACD bullish

[11:55:21] Cycle 1288
  💰 Current Price: $1.49
  🎯 Signal: HOLD (confidence: 0.10)
  📝 Reason: 5m: MACD bearish; 15m: RSI oversold (33.7); 15m: MACD bearish; 1h: MACD bullish

[11:55:52] Cycle 1289
  💰 Current Price: $1.49
  🎯 Signal: HOLD (confidence: 0.10)
  📝 Reason: 5m: MACD bearish; 15m: RSI oversold (33.7); 15m: MACD bearish; 1h: MACD bullish

[11:56:22] Cycle 1290
  💰 Current Price: $1.49
  🎯 Signal: HOLD (confidence: 0.10)
  📝 Reason: 5m: MACD bearish; 15m: RSI oversold (33.7); 15m: MACD bearish; 1h: MACD bullish

[11:56:53] Cycle 1291
  💰 Current Price: $1.49
  🎯 Signal: HOLD (confidence: 0.10)
  📝 Reason: 5m: MACD bearish; 15m: RSI oversold (33.7); 15m: MACD bearish; 1h: MACD bullish

[11:57:24] Cycle 1292
  💰 Current Price: $1.49
  🎯 Signal: HOLD (confidence: 0.10)
  📝 Reason: 5m: MACD bearish; 15m: RSI oversold (34.3); 15m: MACD bearish; 1h: MACD bullish

[11:57:55] Cycle 1293
  💰 Current Price: $1.49
  🎯 Signal: HOLD (confidence: 0.10)
  📝 Reason: 5m: MACD bearish; 15m: RSI oversold (34.0); 15m: MACD bearish; 1h: MACD bullish

[11:58:26] Cycle 1294
  💰 Current Price: $1.49
  🎯 Signal: HOLD (confidence: 0.10)
  📝 Reason: 5m: MACD bearish; 15m: RSI oversold (34.0); 15m: MACD bearish; 1h: MACD bullish
  📝 Reason: 5m: MACD bullish; 15m: RSI oversold (33.6); 15m: MACD bearish; 1h: MACD bullish

[11:38:53] Cycle 1251
  💰 Current Price: $1.48
  🎯 Signal: HOLD (confidence: 0.10)
  📝 Reason: 5m: MACD bearish; 15m: RSI oversold (32.6); 15m: MACD bearish; 1h: MACD bullish

[11:39:24] Cycle 1252
  💰 Current Price: $1.48
  🎯 Signal: HOLD (confidence: 0.10)
  📝 Reason: 5m: MACD bearish; 15m: RSI oversold (32.4); 15m: MACD bearish; 1h: MACD bullish

[11:39:55] Cycle 1253
  💰 Current Price: $1.48
  🎯 Signal: HOLD (confidence: 0.10)
  📝 Reason: 5m: MACD bearish; 15m: RSI oversold (32.4); 15m: MACD bearish; 1h: MACD bullish

[11:40:26] Cycle 1254
  💰 Current Price: $1.48
  🎯 Signal: HOLD (confidence: 0.10)
  📝 Reason: 5m: MACD bearish; 15m: RSI oversold (33.0); 15m: MACD bearish; 1h: MACD bullish

[11:40:57] Cycle 1255
  💰 Current Price: $1.48
  🎯 Signal: HOLD (confidence: 0.10)
  📝 Reason: 5m: MACD bearish; 15m: RSI oversold (33.0); 15m: MACD bearish; 1h: MACD bullish

[11:41:28] Cycle 1256
  💰 Current Price: $1.48
  🎯 Signal: HOLD (confidence: 0.10)
  📝 Reason: 5m: MACD bearish; 15m: RSI oversold (33.0); 15m: MACD bearish; 1h: MACD bullish

[11:41:59] Cycle 1257
  💰 Current Price: $1.48
  🎯 Signal: HOLD (confidence: 0.10)
  📝 Reason: 5m: MACD bearish; 15m: RSI oversold (33.0); 15m: MACD bearish; 1h: MACD bullish

[11:42:30] Cycle 1258
  💰 Current Price: $1.48
  🎯 Signal: HOLD (confidence: 0.10)
  📝 Reason: 5m: MACD bearish; 15m: RSI oversold (33.0); 15m: MACD bearish; 1h: MACD bullish

[11:43:01] Cycle 1259
  💰 Current Price: $1.48
  🎯 Signal: HOLD (confidence: 0.10)
  📝 Reason: 5m: MACD bearish; 15m: RSI oversold (33.0); 15m: MACD bearish; 1h: MACD bullish

[11:43:32] Cycle 1260
  💰 Current Price: $1.48
  🎯 Signal: HOLD (confidence: 0.10)
  📝 Reason: 5m: MACD bearish; 15m: RSI oversold (32.9); 15m: MACD bearish; 1h: MACD bullish

[11:44:03] Cycle 1261
  💰 Current Price: $1.48
  🎯 Signal: HOLD (confidence: 0.10)
  📝 Reason: 5m: MACD bearish; 15m: RSI oversold (32.9); 15m: MACD bearish; 1h: MACD bullish

[11:44:34] Cycle 1262
  💰 Current Price: $1.48
  🎯 Signal: HOLD (confidence: 0.10)
  📝 Reason: 5m: MACD bearish; 15m: RSI oversold (32.9); 15m: MACD bearish; 1h: MACD bullish

[11:45:05] Cycle 1263
  💰 Current Price: $1.48
  🎯 Signal: HOLD (confidence: 0.10)
  📝 Reason: 5m: MACD bearish; 15m: RSI oversold (27.5); 15m: MACD bearish; 1h: MACD bullish

[11:45:36] Cycle 1264
  💰 Current Price: $1.48
  🎯 Signal: HOLD (confidence: 0.10)
  📝 Reason: 5m: MACD bearish; 15m: RSI oversold (27.5); 15m: MACD bearish; 1h: MACD bullish

[11:46:06] Cycle 1265
  💰 Current Price: $1.48
  🎯 Signal: HOLD (confidence: 0.10)
  📝 Reason: 5m: MACD bearish; 15m: RSI oversold (27.5); 15m: MACD bearish; 1h: MACD bullish

[11:46:37] Cycle 1266
  💰 Current Price: $1.48
  🎯 Signal: HOLD (confidence: 0.10)
  📝 Reason: 5m: MACD bearish; 15m: RSI oversold (27.5); 15m: MACD bearish; 1h: MACD bullish

[11:47:08] Cycle 1267
  💰 Current Price: $1.48
  🎯 Signal: HOLD (confidence: 0.10)
  📝 Reason: 5m: MACD bearish; 15m: RSI oversold (27.5); 15m: MACD bearish; 1h: MACD bullish

[11:47:39] Cycle 1268
  💰 Current Price: $1.48
  🎯 Signal: HOLD (confidence: 0.10)
  📝 Reason: 5m: MACD bearish; 15m: RSI oversold (27.5); 15m: MACD bearish; 1h: MACD bullish

[11:48:10] Cycle 1269
  💰 Current Price: $1.48
  🎯 Signal: HOLD (confidence: 0.10)
  📝 Reason: 5m: MACD bearish; 15m: RSI oversold (27.5); 15m: MACD bearish; 1h: MACD bullish

[11:48:41] Cycle 1270
  💰 Current Price: $1.48
  🎯 Signal: HOLD (confidence: 0.10)
  📝 Reason: 5m: MACD bearish; 15m: RSI oversold (27.5); 15m: MACD bearish; 1h: MACD bullish

[11:49:11] Cycle 1271
  💰 Current Price: $1.48
  🎯 Signal: HOLD (confidence: 0.10)
  📝 Reason: 5m: MACD bearish; 15m: RSI oversold (27.5); 15m: MACD bearish; 1h: MACD bullish

[11:49:42] Cycle 1272
  💰 Current Price: $1.48
  🎯 Signal: HOLD (confidence: 0.10)
  📝 Reason: 5m: MACD bearish; 15m: RSI oversold (27.5); 15m: MACD bearish; 1h: MACD bullish

[11:50:13] Cycle 1273
  💰 Current Price: $1.48
  🎯 Signal: HOLD (confidence: 0.10)
  📝 Reason: 5m: MACD bearish; 15m: RSI oversold (27.5); 15m: MACD bearish; 1h: MACD bullish

[11:50:44] Cycle 1274
  💰 Current Price: $1.48
  🎯 Signal: HOLD (confidence: 0.10)
  📝 Reason: 5m: MACD bearish; 15m: RSI oversold (27.5); 15m: MACD bearish; 1h: MACD bullish

[11:51:15] Cycle 1275
  💰 Current Price: $1.48
  🎯 Signal: HOLD (confidence: 0.10)
  📝 Reason: 5m: MACD bearish; 15m: RSI oversold (27.5); 15m: MACD bearish; 1h: MACD bullish

[11:51:46] Cycle 1276
  💰 Current Price: $1.48
  🎯 Signal: HOLD (confidence: 0.10)
  📝 Reason: 5m: MACD bearish; 15m: RSI oversold (27.5); 15m: MACD bearish; 1h: MACD bullish

[11:52:16] Cycle 1277
  💰 Current Price: $1.48
  🎯 Signal: HOLD (confidence: 0.10)
  📝 Reason: 5m: MACD bearish; 15m: RSI oversold (27.5); 15m: MACD bearish; 1h: MACD bullish

[11:52:47] Cycle 1278
  💰 Current Price: $1.48
  🎯 Signal: HOLD (confidence: 0.10)
  📝 Reason: 5m: MACD bearish; 15m: RSI oversold (27.5); 15m: MACD bearish; 1h: MACD bullish

[11:53:18] Cycle 1279
  💰 Current Price: $1.49
  🎯 Signal: HOLD (confidence: 0.10)
  📝 Reason: 5m: MACD bearish; 15m: RSI oversold (31.2); 15m: MACD bearish; 1h: MACD bullish

[11:53:49] Cycle 1280
  💰 Current Price: $1.49
  🎯 Signal: HOLD (confidence: 0.10)
  📝 Reason: 5m: MACD bearish; 15m: RSI oversold (31.2); 15m: MACD bearish; 1h: MACD bullish

[11:54:19] Cycle 1281
  💰 Current Price: $1.49
  🎯 Signal: HOLD (confidence: 0.10)
  📝 Reason: 5m: MACD bearish; 15m: RSI oversold (31.2); 15m: MACD bearish; 1h: MACD bullish

[11:54:50] Cycle 1282
  💰 Current Price: $1.49
  🎯 Signal: HOLD (confidence: 0.10)
  📝 Reason: 5m: MACD bearish; 15m: RSI oversold (33.4); 15m: MACD bearish; 1h: MACD bullish

[11:55:21] Cycle 1283
  💰 Current Price: $1.49
  🎯 Signal: HOLD (confidence: 0.10)
  📝 Reason: 5m: MACD bearish; 15m: RSI oversold (33.7); 15m: MACD bearish; 1h: MACD bullish

[11:55:52] Cycle 1284
  💰 Current Price: $1.49
  🎯 Signal: HOLD (confidence: 0.10)
  📝 Reason: 5m: MACD bearish; 15m: RSI oversold (33.7); 15m: MACD bearish; 1h: MACD bullish

[11:56:23] Cycle 1285
  💰 Current Price: $1.49
  🎯 Signal: HOLD (confidence: 0.10)
  📝 Reason: 5m: MACD bearish; 15m: RSI oversold (33.7); 15m: MACD bearish; 1h: MACD bullish

[11:56:53] Cycle 1286
  💰 Current Price: $1.49
  🎯 Signal: HOLD (confidence: 0.10)
  📝 Reason: 5m: MACD bearish; 15m: RSI oversold (33.7); 15m: MACD bearish; 1h: MACD bullish

[11:57:24] Cycle 1287
  💰 Current Price: $1.49
  🎯 Signal: HOLD (confidence: 0.10)
  📝 Reason: 5m: MACD bearish; 15m: RSI oversold (34.3); 15m: MACD bearish; 1h: MACD bullish

[11:57:55] Cycle 1288
  💰 Current Price: $1.49
  🎯 Signal: HOLD (confidence: 0.10)
  📝 Reason: 5m: MACD bearish; 15m: RSI oversold (34.0); 15m: MACD bearish; 1h: MACD bullish

[11:58:26] Cycle 1289
  💰 Current Price: $1.49
  🎯 Signal: HOLD (confidence: 0.10)
  📝 Reason: 5m: MACD bearish; 15m: RSI oversold (34.0); 15m: MACD bearish; 1h: MACD bullish

[11:58:57] Cycle 1290
  💰 Current Price: $1.49
  🎯 Signal: HOLD (confidence: 0.10)
  📝 Reason: 5m: MACD bearish; 15m: RSI oversold (34.0); 15m: MACD bearish; 1h: MACD bullish

[11:59:28] Cycle 1291
  💰 Current Price: $1.49
  🎯 Signal: HOLD (confidence: 0.10)
  📝 Reason: 5m: MACD bearish; 15m: RSI oversold (34.0); 15m: MACD bearish; 1h: MACD bullish

[11:59:58] Cycle 1292
  💰 Current Price: $1.49
  🎯 Signal: HOLD (confidence: 0.10)
  📝 Reason: 5m: MACD bearish; 15m: RSI oversold (34.0); 15m: MACD bearish; 1h: MACD bullish

[12:00:29] Cycle 1293
  💰 Current Price: $1.49
  🎯 Signal: SELL (confidence: 0.30)
  📝 Reason: 5m: MACD bearish; 15m: MACD bearish; 1h: MACD bullish; 4h: MACD bearish
  ⚠️ Sell signal but no position

[12:01:00] Cycle 1294
  💰 Current Price: $1.49
  🎯 Signal: SELL (confidence: 0.30)

[11:58:57] Cycle 1295
  💰 Current Price: $1.49
  🎯 Signal: HOLD (confidence: 0.10)
  📝 Reason: 5m: MACD bearish; 15m: RSI oversold (34.0); 15m: MACD bearish; 1h: MACD bullish

[11:59:27] Cycle 1296
  💰 Current Price: $1.49
  🎯 Signal: HOLD (confidence: 0.10)
  📝 Reason: 5m: MACD bearish; 15m: RSI oversold (34.0); 15m: MACD bearish; 1h: MACD bullish

[11:59:58] Cycle 1297
  💰 Current Price: $1.49
  🎯 Signal: HOLD (confidence: 0.10)
  📝 Reason: 5m: MACD bearish; 15m: RSI oversold (34.0); 15m: MACD bearish; 1h: MACD bullish

[12:00:29] Cycle 1298
  💰 Current Price: $1.49
  🎯 Signal: SELL (confidence: 0.30)
  📝 Reason: 5m: MACD bearish; 15m: MACD bearish; 1h: MACD bullish; 4h: MACD bearish
  ⚠️ Sell signal but no position

[12:01:00] Cycle 1299
  💰 Current Price: $1.49
  🎯 Signal: SELL (confidence: 0.30)
  📝 Reason: 5m: MACD bearish; 15m: MACD bearish; 1h: MACD bullish; 4h: MACD bearish
  ⚠️ Sell signal but no position

[12:01:30] Cycle 1300
  💰 Current Price: $1.49
  🎯 Signal: SELL (confidence: 0.30)
  📝 Reason: 5m: MACD bearish; 15m: MACD bearish; 1h: MACD bullish; 4h: MACD bearish
  ⚠️ Sell signal but no position

[12:02:01] Cycle 1301
  💰 Current Price: $1.49
  🎯 Signal: SELL (confidence: 0.30)
  📝 Reason: 5m: MACD bearish; 15m: MACD bearish; 1h: MACD bullish; 4h: MACD bearish
  ⚠️ Sell signal but no position

[12:02:32] Cycle 1302
  💰 Current Price: $1.49
  🎯 Signal: SELL (confidence: 0.30)
  📝 Reason: 5m: MACD bearish; 15m: MACD bearish; 1h: MACD bullish; 4h: MACD bearish
  ⚠️ Sell signal but no position

[12:03:03] Cycle 1303
  💰 Current Price: $1.49
  🎯 Signal: SELL (confidence: 0.30)
  📝 Reason: 5m: MACD bearish; 15m: MACD bearish; 1h: MACD bullish; 4h: MACD bearish
  ⚠️ Sell signal but no position

[12:03:34] Cycle 1304
  💰 Current Price: $1.49
  🎯 Signal: SELL (confidence: 0.30)
  📝 Reason: 5m: MACD bearish; 15m: MACD bearish; 1h: MACD bullish; 4h: MACD bearish
  ⚠️ Sell signal but no position

[12:04:05] Cycle 1305
  💰 Current Price: $1.49
  🎯 Signal: SELL (confidence: 0.30)
  📝 Reason: 5m: MACD bearish; 15m: MACD bearish; 1h: MACD bullish; 4h: MACD bearish
  ⚠️ Sell signal but no position

[12:04:35] Cycle 1306
  💰 Current Price: $1.49
  🎯 Signal: SELL (confidence: 0.30)
  📝 Reason: 5m: MACD bearish; 15m: MACD bearish; 1h: MACD bullish; 4h: MACD bearish
  ⚠️ Sell signal but no position

[12:05:06] Cycle 1307
  💰 Current Price: $1.49
  🎯 Signal: SELL (confidence: 0.30)
  📝 Reason: 5m: MACD bearish; 15m: MACD bearish; 1h: MACD bullish; 4h: MACD bearish
  ⚠️ Sell signal but no position

[12:05:37] Cycle 1308
  💰 Current Price: $1.49
  🎯 Signal: SELL (confidence: 0.30)
  📝 Reason: 5m: MACD bearish; 15m: MACD bearish; 1h: MACD bullish; 4h: MACD bearish
  ⚠️ Sell signal but no position

[12:06:08] Cycle 1309
  💰 Current Price: $1.49
  🎯 Signal: SELL (confidence: 0.30)
  📝 Reason: 5m: MACD bearish; 15m: MACD bearish; 1h: MACD bullish; 4h: MACD bearish
  ⚠️ Sell signal but no position

[12:06:39] Cycle 1310
  💰 Current Price: $1.49
  🎯 Signal: SELL (confidence: 0.30)
  📝 Reason: 5m: MACD bearish; 15m: MACD bearish; 1h: MACD bullish; 4h: MACD bearish
  ⚠️ Sell signal but no position

[12:07:10] Cycle 1311
  💰 Current Price: $1.49
  🎯 Signal: SELL (confidence: 0.30)
  📝 Reason: 5m: MACD bearish; 15m: MACD bearish; 1h: MACD bullish; 4h: MACD bearish
  ⚠️ Sell signal but no position

[12:07:41] Cycle 1312
  💰 Current Price: $1.49
  🎯 Signal: SELL (confidence: 0.30)
  📝 Reason: 5m: MACD bearish; 15m: MACD bearish; 1h: MACD bullish; 4h: MACD bearish
  ⚠️ Sell signal but no position

[12:08:12] Cycle 1313
  💰 Current Price: $1.49
  🎯 Signal: SELL (confidence: 0.30)
  📝 Reason: 5m: MACD bearish; 15m: MACD bearish; 1h: MACD bullish; 4h: MACD bearish
  ⚠️ Sell signal but no position

[12:08:43] Cycle 1314
  💰 Current Price: $1.49
  🎯 Signal: SELL (confidence: 0.30)
  📝 Reason: 5m: MACD bearish; 15m: MACD bearish; 1h: MACD bullish; 4h: MACD bearish
  ⚠️ Sell signal but no position

[12:09:13] Cycle 1315
  💰 Current Price: $1.49
  🎯 Signal: SELL (confidence: 0.30)
  📝 Reason: 5m: MACD bearish; 15m: MACD bearish; 1h: MACD bullish; 4h: MACD bearish
  ⚠️ Sell signal but no position

[12:09:44] Cycle 1316
  💰 Current Price: $1.49
  🎯 Signal: SELL (confidence: 0.30)
  📝 Reason: 5m: MACD bearish; 15m: MACD bearish; 1h: MACD bullish; 4h: MACD bearish
  ⚠️ Sell signal but no position

[12:10:15] Cycle 1317
  💰 Current Price: $1.49
  🎯 Signal: SELL (confidence: 0.30)
  📝 Reason: 5m: MACD bearish; 15m: MACD bearish; 1h: MACD bullish; 4h: MACD bearish
  ⚠️ Sell signal but no position

[12:10:46] Cycle 1318
  💰 Current Price: $1.49
  🎯 Signal: SELL (confidence: 0.30)
  📝 Reason: 5m: MACD bearish; 15m: MACD bearish; 1h: MACD bullish; 4h: MACD bearish
  ⚠️ Sell signal but no position

[12:11:17] Cycle 1319
  💰 Current Price: $1.49
  🎯 Signal: SELL (confidence: 0.30)
  📝 Reason: 5m: MACD bearish; 15m: MACD bearish; 1h: MACD bullish; 4h: MACD bearish
  ⚠️ Sell signal but no position

[12:11:48] Cycle 1320
  💰 Current Price: $1.49
  🎯 Signal: SELL (confidence: 0.30)
  📝 Reason: 5m: MACD bearish; 15m: MACD bearish; 1h: MACD bullish; 4h: MACD bearish
  ⚠️ Sell signal but no position

[12:12:19] Cycle 1321
  💰 Current Price: $1.49
  🎯 Signal: SELL (confidence: 0.30)
  📝 Reason: 5m: MACD bearish; 15m: MACD bearish; 1h: MACD bullish; 4h: MACD bearish
  ⚠️ Sell signal but no position

[12:12:50] Cycle 1322
  💰 Current Price: $1.49
  🎯 Signal: SELL (confidence: 0.30)
  📝 Reason: 5m: MACD bearish; 15m: MACD bearish; 1h: MACD bullish; 4h: MACD bearish
  ⚠️ Sell signal but no position

[12:13:21] Cycle 1323
  💰 Current Price: $1.49
  🎯 Signal: SELL (confidence: 0.30)
  📝 Reason: 5m: MACD bearish; 15m: MACD bearish; 1h: MACD bullish; 4h: MACD bearish
  ⚠️ Sell signal but no position

[12:13:52] Cycle 1324
  💰 Current Price: $1.49
  🎯 Signal: SELL (confidence: 0.30)
  📝 Reason: 5m: MACD bearish; 15m: MACD bearish; 1h: MACD bullish; 4h: MACD bearish
  ⚠️ Sell signal but no position

[12:14:22] Cycle 1325
  💰 Current Price: $1.49
  🎯 Signal: SELL (confidence: 0.30)
  📝 Reason: 5m: MACD bearish; 15m: MACD bearish; 1h: MACD bullish; 4h: MACD bearish
  ⚠️ Sell signal but no position

[12:14:54] Cycle 1326
  💰 Current Price: $1.49
  🎯 Signal: SELL (confidence: 0.30)
  📝 Reason: 5m: MACD bearish; 15m: MACD bearish; 1h: MACD bullish; 4h: MACD bearish
  ⚠️ Sell signal but no position

[12:15:24] Cycle 1327
  💰 Current Price: $1.49
  🎯 Signal: SELL (confidence: 0.30)
  📝 Reason: 5m: MACD bearish; 15m: MACD bearish; 1h: MACD bullish; 4h: MACD bearish
  ⚠️ Sell signal but no position

[12:15:56] Cycle 1328
  💰 Current Price: $1.49
  🎯 Signal: SELL (confidence: 0.30)
  📝 Reason: 5m: MACD bearish; 15m: MACD bearish; 1h: MACD bullish; 4h: MACD bearish
  ⚠️ Sell signal but no position

[12:16:27] Cycle 1329
  💰 Current Price: $1.49
  🎯 Signal: SELL (confidence: 0.30)
  📝 Reason: 5m: MACD bearish; 15m: MACD bearish; 1h: MACD bullish; 4h: MACD bearish
  ⚠️ Sell signal but no position

[12:16:58] Cycle 1330
  💰 Current Price: $1.49
  🎯 Signal: SELL (confidence: 0.30)
  📝 Reason: 5m: MACD bearish; 15m: MACD bearish; 1h: MACD bullish; 4h: MACD bearish
  ⚠️ Sell signal but no position

[12:17:28] Cycle 1331
  💰 Current Price: $1.49
  🎯 Signal: SELL (confidence: 0.30)
  📝 Reason: 5m: MACD bearish; 15m: MACD bearish; 1h: MACD bullish; 4h: MACD bearish
  ⚠️ Sell signal but no position

[12:18:00] Cycle 1332
  💰 Current Price: $1.49
  🎯 Signal: SELL (confidence: 0.30)
  📝 Reason: 5m: MACD bearish; 15m: MACD bearish; 1h: MACD bullish; 4h: MACD bearish
  ⚠️ Sell signal but no position

[12:18:31] Cycle 1333
  💰 Current Price: $1.49
  🎯 Signal: SELL (confidence: 0.30)
  📝 Reason: 5m: MACD bearish; 15m: MACD bearish; 1h: MACD bullish; 4h: MACD bearish
  ⚠️ Sell signal but no position

[12:01:30] Cycle 1295
  💰 Current Price: $1.49
  🎯 Signal: SELL (confidence: 0.30)
  📝 Reason: 5m: MACD bearish; 15m: MACD bearish; 1h: MACD bullish; 4h: MACD bearish
  ⚠️ Sell signal but no position

[12:02:01] Cycle 1296
  💰 Current Price: $1.49
  🎯 Signal: SELL (confidence: 0.30)
  📝 Reason: 5m: MACD bearish; 15m: MACD bearish; 1h: MACD bullish; 4h: MACD bearish
  ⚠️ Sell signal but no position

[12:02:32] Cycle 1297
  💰 Current Price: $1.49
  🎯 Signal: SELL (confidence: 0.30)
  📝 Reason: 5m: MACD bearish; 15m: MACD bearish; 1h: MACD bullish; 4h: MACD bearish
  ⚠️ Sell signal but no position

[12:03:03] Cycle 1298
  💰 Current Price: $1.49
  🎯 Signal: SELL (confidence: 0.30)
  📝 Reason: 5m: MACD bearish; 15m: MACD bearish; 1h: MACD bullish; 4h: MACD bearish
  ⚠️ Sell signal but no position

[12:03:34] Cycle 1299
  💰 Current Price: $1.49
  🎯 Signal: SELL (confidence: 0.30)
  📝 Reason: 5m: MACD bearish; 15m: MACD bearish; 1h: MACD bullish; 4h: MACD bearish
  ⚠️ Sell signal but no position

[12:04:05] Cycle 1300
  💰 Current Price: $1.49
  🎯 Signal: SELL (confidence: 0.30)
  📝 Reason: 5m: MACD bearish; 15m: MACD bearish; 1h: MACD bullish; 4h: MACD bearish
  ⚠️ Sell signal but no position

[12:04:35] Cycle 1301
  💰 Current Price: $1.49
  🎯 Signal: SELL (confidence: 0.30)
  📝 Reason: 5m: MACD bearish; 15m: MACD bearish; 1h: MACD bullish; 4h: MACD bearish
  ⚠️ Sell signal but no position

[12:05:06] Cycle 1302
  💰 Current Price: $1.49
  🎯 Signal: SELL (confidence: 0.30)
  📝 Reason: 5m: MACD bearish; 15m: MACD bearish; 1h: MACD bullish; 4h: MACD bearish
  ⚠️ Sell signal but no position

[12:05:37] Cycle 1303
  💰 Current Price: $1.49
  🎯 Signal: SELL (confidence: 0.30)
  📝 Reason: 5m: MACD bearish; 15m: MACD bearish; 1h: MACD bullish; 4h: MACD bearish
  ⚠️ Sell signal but no position

[12:06:08] Cycle 1304
  💰 Current Price: $1.49
  🎯 Signal: SELL (confidence: 0.30)
  📝 Reason: 5m: MACD bearish; 15m: MACD bearish; 1h: MACD bullish; 4h: MACD bearish
  ⚠️ Sell signal but no position

[12:06:39] Cycle 1305
  💰 Current Price: $1.49
  🎯 Signal: SELL (confidence: 0.30)
  📝 Reason: 5m: MACD bearish; 15m: MACD bearish; 1h: MACD bullish; 4h: MACD bearish
  ⚠️ Sell signal but no position

[12:07:10] Cycle 1306
  💰 Current Price: $1.49
  🎯 Signal: SELL (confidence: 0.30)
  📝 Reason: 5m: MACD bearish; 15m: MACD bearish; 1h: MACD bullish; 4h: MACD bearish
  ⚠️ Sell signal but no position

[12:07:41] Cycle 1307
  💰 Current Price: $1.49
  🎯 Signal: SELL (confidence: 0.30)
  📝 Reason: 5m: MACD bearish; 15m: MACD bearish; 1h: MACD bullish; 4h: MACD bearish
  ⚠️ Sell signal but no position

[12:08:12] Cycle 1308
  💰 Current Price: $1.49
  🎯 Signal: SELL (confidence: 0.30)
  📝 Reason: 5m: MACD bearish; 15m: MACD bearish; 1h: MACD bullish; 4h: MACD bearish
  ⚠️ Sell signal but no position

[12:08:43] Cycle 1309
  💰 Current Price: $1.49
  🎯 Signal: SELL (confidence: 0.30)
  📝 Reason: 5m: MACD bearish; 15m: MACD bearish; 1h: MACD bullish; 4h: MACD bearish
  ⚠️ Sell signal but no position

[12:09:14] Cycle 1310
  💰 Current Price: $1.49
  🎯 Signal: SELL (confidence: 0.30)
  📝 Reason: 5m: MACD bearish; 15m: MACD bearish; 1h: MACD bullish; 4h: MACD bearish
  ⚠️ Sell signal but no position

[12:09:44] Cycle 1311
  💰 Current Price: $1.49
  🎯 Signal: SELL (confidence: 0.30)
  📝 Reason: 5m: MACD bearish; 15m: MACD bearish; 1h: MACD bullish; 4h: MACD bearish
  ⚠️ Sell signal but no position

[12:10:15] Cycle 1312
  💰 Current Price: $1.49
  🎯 Signal: SELL (confidence: 0.30)
  📝 Reason: 5m: MACD bearish; 15m: MACD bearish; 1h: MACD bullish; 4h: MACD bearish
  ⚠️ Sell signal but no position

[12:10:46] Cycle 1313
  💰 Current Price: $1.49
  🎯 Signal: SELL (confidence: 0.30)
  📝 Reason: 5m: MACD bearish; 15m: MACD bearish; 1h: MACD bullish; 4h: MACD bearish
  ⚠️ Sell signal but no position

[12:11:17] Cycle 1314
  💰 Current Price: $1.49
  🎯 Signal: SELL (confidence: 0.30)
  📝 Reason: 5m: MACD bearish; 15m: MACD bearish; 1h: MACD bullish; 4h: MACD bearish
  ⚠️ Sell signal but no position

[12:11:48] Cycle 1315
  💰 Current Price: $1.49
  🎯 Signal: SELL (confidence: 0.30)
  📝 Reason: 5m: MACD bearish; 15m: MACD bearish; 1h: MACD bullish; 4h: MACD bearish
  ⚠️ Sell signal but no position

[12:12:19] Cycle 1316
  💰 Current Price: $1.49
  🎯 Signal: SELL (confidence: 0.30)
  📝 Reason: 5m: MACD bearish; 15m: MACD bearish; 1h: MACD bullish; 4h: MACD bearish
  ⚠️ Sell signal but no position

[12:12:50] Cycle 1317
  💰 Current Price: $1.49
  🎯 Signal: SELL (confidence: 0.30)
  📝 Reason: 5m: MACD bearish; 15m: MACD bearish; 1h: MACD bullish; 4h: MACD bearish
  ⚠️ Sell signal but no position

[12:13:21] Cycle 1318
  💰 Current Price: $1.49
  🎯 Signal: SELL (confidence: 0.30)
  📝 Reason: 5m: MACD bearish; 15m: MACD bearish; 1h: MACD bullish; 4h: MACD bearish
  ⚠️ Sell signal but no position

[12:13:52] Cycle 1319
  💰 Current Price: $1.49
  🎯 Signal: SELL (confidence: 0.30)
  📝 Reason: 5m: MACD bearish; 15m: MACD bearish; 1h: MACD bullish; 4h: MACD bearish
  ⚠️ Sell signal but no position

[12:14:22] Cycle 1320
  💰 Current Price: $1.49
  🎯 Signal: SELL (confidence: 0.30)
  📝 Reason: 5m: MACD bearish; 15m: MACD bearish; 1h: MACD bullish; 4h: MACD bearish
  ⚠️ Sell signal but no position

[12:14:53] Cycle 1321
  💰 Current Price: $1.49
  🎯 Signal: SELL (confidence: 0.30)
  📝 Reason: 5m: MACD bearish; 15m: MACD bearish; 1h: MACD bullish; 4h: MACD bearish
  ⚠️ Sell signal but no position

[12:15:24] Cycle 1322
  💰 Current Price: $1.49
  🎯 Signal: SELL (confidence: 0.30)
  📝 Reason: 5m: MACD bearish; 15m: MACD bearish; 1h: MACD bullish; 4h: MACD bearish
  ⚠️ Sell signal but no position

[12:15:56] Cycle 1323
  💰 Current Price: $1.49
  🎯 Signal: SELL (confidence: 0.30)
  📝 Reason: 5m: MACD bearish; 15m: MACD bearish; 1h: MACD bullish; 4h: MACD bearish
  ⚠️ Sell signal but no position

[12:16:26] Cycle 1324
  💰 Current Price: $1.49
  🎯 Signal: SELL (confidence: 0.30)
  📝 Reason: 5m: MACD bearish; 15m: MACD bearish; 1h: MACD bullish; 4h: MACD bearish
  ⚠️ Sell signal but no position

[12:16:58] Cycle 1325
  💰 Current Price: $1.49
  🎯 Signal: SELL (confidence: 0.30)
  📝 Reason: 5m: MACD bearish; 15m: MACD bearish; 1h: MACD bullish; 4h: MACD bearish
  ⚠️ Sell signal but no position

[12:17:28] Cycle 1326
  💰 Current Price: $1.49
  🎯 Signal: SELL (confidence: 0.30)
  📝 Reason: 5m: MACD bearish; 15m: MACD bearish; 1h: MACD bullish; 4h: MACD bearish
  ⚠️ Sell signal but no position

[12:18:00] Cycle 1327
  💰 Current Price: $1.49
  🎯 Signal: SELL (confidence: 0.30)
  📝 Reason: 5m: MACD bearish; 15m: MACD bearish; 1h: MACD bullish; 4h: MACD bearish
  ⚠️ Sell signal but no position

[12:18:31] Cycle 1328
  💰 Current Price: $1.49
  🎯 Signal: SELL (confidence: 0.30)
  📝 Reason: 5m: MACD bearish; 15m: MACD bearish; 1h: MACD bullish; 4h: MACD bearish
  ⚠️ Sell signal but no position

[12:19:02] Cycle 1329
  💰 Current Price: $1.49
  🎯 Signal: SELL (confidence: 0.30)
  📝 Reason: 5m: MACD bearish; 15m: MACD bearish; 1h: MACD bullish; 4h: MACD bearish
  ⚠️ Sell signal but no position

[12:19:33] Cycle 1330
  💰 Current Price: $1.49
  🎯 Signal: SELL (confidence: 0.30)
  📝 Reason: 5m: MACD bearish; 15m: MACD bearish; 1h: MACD bullish; 4h: MACD bearish
  ⚠️ Sell signal but no position

[12:20:04] Cycle 1331
  💰 Current Price: $1.49
  🎯 Signal: SELL (confidence: 0.30)
  📝 Reason: 5m: MACD bearish; 15m: MACD bearish; 1h: MACD bullish; 4h: MACD bearish
  ⚠️ Sell signal but no position

[12:20:34] Cycle 1332
  💰 Current Price: $1.49
  🎯 Signal: SELL (confidence: 0.30)
  📝 Reason: 5m: MACD bearish; 15m: MACD bearish; 1h: MACD bullish; 4h: MACD bearish
  ⚠️ Sell signal but no position

[12:19:02] Cycle 1334
  💰 Current Price: $1.49
  🎯 Signal: SELL (confidence: 0.30)
  📝 Reason: 5m: MACD bearish; 15m: MACD bearish; 1h: MACD bullish; 4h: MACD bearish
  ⚠️ Sell signal but no position

[12:19:33] Cycle 1335
  💰 Current Price: $1.49
  🎯 Signal: SELL (confidence: 0.30)
  📝 Reason: 5m: MACD bearish; 15m: MACD bearish; 1h: MACD bullish; 4h: MACD bearish
  ⚠️ Sell signal but no position

[12:20:03] Cycle 1336
  💰 Current Price: $1.49
  🎯 Signal: SELL (confidence: 0.30)
  📝 Reason: 5m: MACD bearish; 15m: MACD bearish; 1h: MACD bullish; 4h: MACD bearish
  ⚠️ Sell signal but no position

[12:20:34] Cycle 1337
  💰 Current Price: $1.49
  🎯 Signal: SELL (confidence: 0.30)
  📝 Reason: 5m: MACD bearish; 15m: MACD bearish; 1h: MACD bullish; 4h: MACD bearish
  ⚠️ Sell signal but no position

[12:21:05] Cycle 1338
  💰 Current Price: $1.49
  🎯 Signal: SELL (confidence: 0.30)
  📝 Reason: 5m: MACD bearish; 15m: MACD bearish; 1h: MACD bullish; 4h: MACD bearish
  ⚠️ Sell signal but no position

[12:21:36] Cycle 1339
  💰 Current Price: $1.49
  🎯 Signal: SELL (confidence: 0.30)
  📝 Reason: 5m: MACD bearish; 15m: MACD bearish; 1h: MACD bullish; 4h: MACD bearish
  ⚠️ Sell signal but no position

[12:22:07] Cycle 1340
  💰 Current Price: $1.49
  🎯 Signal: SELL (confidence: 0.30)
  📝 Reason: 5m: MACD bearish; 15m: MACD bearish; 1h: MACD bullish; 4h: MACD bearish
  ⚠️ Sell signal but no position

[12:22:38] Cycle 1341
  💰 Current Price: $1.49
  🎯 Signal: SELL (confidence: 0.30)
  📝 Reason: 5m: MACD bearish; 15m: MACD bearish; 1h: MACD bullish; 4h: MACD bearish
  ⚠️ Sell signal but no position

[12:23:09] Cycle 1342
  💰 Current Price: $1.49
  🎯 Signal: SELL (confidence: 0.30)
  📝 Reason: 5m: MACD bearish; 15m: MACD bearish; 1h: MACD bullish; 4h: MACD bearish
  ⚠️ Sell signal but no position

[12:23:39] Cycle 1343
  💰 Current Price: $1.49
  🎯 Signal: SELL (confidence: 0.30)
  📝 Reason: 5m: MACD bearish; 15m: MACD bearish; 1h: MACD bullish; 4h: MACD bearish
  ⚠️ Sell signal but no position

[12:24:10] Cycle 1344
  💰 Current Price: $1.49
  🎯 Signal: SELL (confidence: 0.30)
  📝 Reason: 5m: MACD bearish; 15m: MACD bearish; 1h: MACD bullish; 4h: MACD bearish
  ⚠️ Sell signal but no position

[12:24:42] Cycle 1345
  💰 Current Price: $1.49
  🎯 Signal: SELL (confidence: 0.30)
  📝 Reason: 5m: MACD bearish; 15m: MACD bearish; 1h: MACD bullish; 4h: MACD bearish
  ⚠️ Sell signal but no position

[12:25:13] Cycle 1346
  💰 Current Price: $1.49
  🎯 Signal: SELL (confidence: 0.30)
  📝 Reason: 5m: MACD bearish; 15m: MACD bearish; 1h: MACD bullish; 4h: MACD bearish
  ⚠️ Sell signal but no position

[12:25:44] Cycle 1347
  💰 Current Price: $1.49
  🎯 Signal: SELL (confidence: 0.30)
  📝 Reason: 5m: MACD bearish; 15m: MACD bearish; 1h: MACD bullish; 4h: MACD bearish
  ⚠️ Sell signal but no position

[12:26:15] Cycle 1348
  💰 Current Price: $1.49
  🎯 Signal: SELL (confidence: 0.30)
  📝 Reason: 5m: MACD bearish; 15m: MACD bearish; 1h: MACD bullish; 4h: MACD bearish
  ⚠️ Sell signal but no position

[12:26:46] Cycle 1349
  💰 Current Price: $1.49
  🎯 Signal: SELL (confidence: 0.30)
  📝 Reason: 5m: MACD bearish; 15m: MACD bearish; 1h: MACD bullish; 4h: MACD bearish
  ⚠️ Sell signal but no position

[12:27:17] Cycle 1350
  💰 Current Price: $1.49
  🎯 Signal: SELL (confidence: 0.20)
  📝 Reason: 5m: MACD bullish; 15m: MACD bearish; 1h: MACD bullish; 4h: MACD bearish
  ⚠️ Sell signal but no position

[12:27:48] Cycle 1351
  💰 Current Price: $1.49
  🎯 Signal: SELL (confidence: 0.20)
  📝 Reason: 5m: MACD bullish; 15m: MACD bearish; 1h: MACD bullish; 4h: MACD bearish
  ⚠️ Sell signal but no position

[12:28:19] Cycle 1352
  💰 Current Price: $1.49
  🎯 Signal: SELL (confidence: 0.20)
  📝 Reason: 5m: MACD bullish; 15m: MACD bearish; 1h: MACD bullish; 4h: MACD bearish
  ⚠️ Sell signal but no position

[12:28:50] Cycle 1353
  💰 Current Price: $1.49
  🎯 Signal: SELL (confidence: 0.20)
  📝 Reason: 5m: MACD bullish; 15m: MACD bearish; 1h: MACD bullish; 4h: MACD bearish
  ⚠️ Sell signal but no position

[12:29:20] Cycle 1354
  💰 Current Price: $1.49
  🎯 Signal: SELL (confidence: 0.20)
  📝 Reason: 5m: MACD bullish; 15m: MACD bearish; 1h: MACD bullish; 4h: MACD bearish
  ⚠️ Sell signal but no position

[12:29:51] Cycle 1355
  💰 Current Price: $1.49
  🎯 Signal: SELL (confidence: 0.20)
  📝 Reason: 5m: MACD bullish; 15m: MACD bearish; 1h: MACD bullish; 4h: MACD bearish
  ⚠️ Sell signal but no position

[12:30:22] Cycle 1356
  💰 Current Price: $1.49
  🎯 Signal: SELL (confidence: 0.20)
  📝 Reason: 5m: MACD bullish; 15m: MACD bearish; 1h: MACD bullish; 4h: MACD bearish
  ⚠️ Sell signal but no position

[12:30:53] Cycle 1357
  💰 Current Price: $1.49
  🎯 Signal: SELL (confidence: 0.20)
  📝 Reason: 5m: MACD bullish; 15m: MACD bearish; 1h: MACD bullish; 4h: MACD bearish
  ⚠️ Sell signal but no position

[12:31:24] Cycle 1358
  💰 Current Price: $1.49
  🎯 Signal: SELL (confidence: 0.20)
  📝 Reason: 5m: MACD bullish; 15m: MACD bearish; 1h: MACD bullish; 4h: MACD bearish
  ⚠️ Sell signal but no position

[12:31:55] Cycle 1359
  💰 Current Price: $1.49
  🎯 Signal: SELL (confidence: 0.20)
  📝 Reason: 5m: MACD bullish; 15m: MACD bearish; 1h: MACD bullish; 4h: MACD bearish
  ⚠️ Sell signal but no position

[12:32:26] Cycle 1360
  💰 Current Price: $1.49
  🎯 Signal: SELL (confidence: 0.20)
  📝 Reason: 5m: MACD bullish; 15m: MACD bearish; 1h: MACD bullish; 4h: MACD bearish
  ⚠️ Sell signal but no position

[12:32:57] Cycle 1361
  💰 Current Price: $1.49
  🎯 Signal: SELL (confidence: 0.20)
  📝 Reason: 5m: MACD bullish; 15m: MACD bearish; 1h: MACD bullish; 4h: MACD bearish
  ⚠️ Sell signal but no position

[12:33:28] Cycle 1362
  💰 Current Price: $1.49
  🎯 Signal: SELL (confidence: 0.20)
  📝 Reason: 5m: MACD bullish; 15m: MACD bearish; 1h: MACD bullish; 4h: MACD bearish
  ⚠️ Sell signal but no position

[12:33:59] Cycle 1363
  💰 Current Price: $1.49
  🎯 Signal: SELL (confidence: 0.20)
  📝 Reason: 5m: MACD bullish; 15m: MACD bearish; 1h: MACD bullish; 4h: MACD bearish
  ⚠️ Sell signal but no position

[12:34:30] Cycle 1364
  💰 Current Price: $1.49
  🎯 Signal: SELL (confidence: 0.20)
  📝 Reason: 5m: MACD bullish; 15m: MACD bearish; 1h: MACD bullish; 4h: MACD bearish
  ⚠️ Sell signal but no position

[12:35:01] Cycle 1365
  💰 Current Price: $1.49
  🎯 Signal: SELL (confidence: 0.20)
  📝 Reason: 5m: MACD bullish; 15m: MACD bearish; 1h: MACD bullish; 4h: MACD bearish
  ⚠️ Sell signal but no position

[12:35:32] Cycle 1366
  💰 Current Price: $1.49
  🎯 Signal: SELL (confidence: 0.20)
  📝 Reason: 5m: MACD bullish; 15m: MACD bearish; 1h: MACD bullish; 4h: MACD bearish
  ⚠️ Sell signal but no position

[12:36:03] Cycle 1367
  💰 Current Price: $1.49
  🎯 Signal: SELL (confidence: 0.20)
  📝 Reason: 5m: MACD bullish; 15m: MACD bearish; 1h: MACD bullish; 4h: MACD bearish
  ⚠️ Sell signal but no position

[12:36:34] Cycle 1368
  💰 Current Price: $1.49
  🎯 Signal: SELL (confidence: 0.20)
  📝 Reason: 5m: MACD bullish; 15m: MACD bearish; 1h: MACD bullish; 4h: MACD bearish
  ⚠️ Sell signal but no position

[12:37:04] Cycle 1369
  💰 Current Price: $1.49
  🎯 Signal: SELL (confidence: 0.20)
  📝 Reason: 5m: MACD bullish; 15m: MACD bearish; 1h: MACD bullish; 4h: MACD bearish
  ⚠️ Sell signal but no position

[12:37:36] Cycle 1370
  💰 Current Price: $1.49
  🎯 Signal: SELL (confidence: 0.20)
  📝 Reason: 5m: MACD bullish; 15m: MACD bearish; 1h: MACD bullish; 4h: MACD bearish
  ⚠️ Sell signal but no position

[12:38:07] Cycle 1371
  💰 Current Price: $1.49
  🎯 Signal: SELL (confidence: 0.20)
  📝 Reason: 5m: MACD bearish; 15m: MACD bearish; 1h: MACD bullish; 4h: MACD bearish
  ⚠️ Sell signal but no position

[12:21:05] Cycle 1333
  💰 Current Price: $1.49
  🎯 Signal: SELL (confidence: 0.30)
  📝 Reason: 5m: MACD bearish; 15m: MACD bearish; 1h: MACD bullish; 4h: MACD bearish
  ⚠️ Sell signal but no position

[12:21:36] Cycle 1334
  💰 Current Price: $1.49
  🎯 Signal: SELL (confidence: 0.30)
  📝 Reason: 5m: MACD bearish; 15m: MACD bearish; 1h: MACD bullish; 4h: MACD bearish
  ⚠️ Sell signal but no position

[12:22:07] Cycle 1335
  💰 Current Price: $1.49
  🎯 Signal: SELL (confidence: 0.30)
  📝 Reason: 5m: MACD bearish; 15m: MACD bearish; 1h: MACD bullish; 4h: MACD bearish
  ⚠️ Sell signal but no position

[12:22:38] Cycle 1336
  💰 Current Price: $1.49
  🎯 Signal: SELL (confidence: 0.30)
  📝 Reason: 5m: MACD bearish; 15m: MACD bearish; 1h: MACD bullish; 4h: MACD bearish
  ⚠️ Sell signal but no position

[12:23:09] Cycle 1337
  💰 Current Price: $1.49
  🎯 Signal: SELL (confidence: 0.30)
  📝 Reason: 5m: MACD bearish; 15m: MACD bearish; 1h: MACD bullish; 4h: MACD bearish
  ⚠️ Sell signal but no position

[12:23:40] Cycle 1338
  💰 Current Price: $1.49
  🎯 Signal: SELL (confidence: 0.30)
  📝 Reason: 5m: MACD bearish; 15m: MACD bearish; 1h: MACD bullish; 4h: MACD bearish
  ⚠️ Sell signal but no position

[12:24:10] Cycle 1339
  💰 Current Price: $1.49
  🎯 Signal: SELL (confidence: 0.30)
  📝 Reason: 5m: MACD bearish; 15m: MACD bearish; 1h: MACD bullish; 4h: MACD bearish
  ⚠️ Sell signal but no position

[12:24:42] Cycle 1340
  💰 Current Price: $1.49
  🎯 Signal: SELL (confidence: 0.30)
  📝 Reason: 5m: MACD bearish; 15m: MACD bearish; 1h: MACD bullish; 4h: MACD bearish
  ⚠️ Sell signal but no position

[12:25:13] Cycle 1341
  💰 Current Price: $1.49
  🎯 Signal: SELL (confidence: 0.30)
  📝 Reason: 5m: MACD bearish; 15m: MACD bearish; 1h: MACD bullish; 4h: MACD bearish
  ⚠️ Sell signal but no position

[12:25:44] Cycle 1342
  💰 Current Price: $1.49
  🎯 Signal: SELL (confidence: 0.30)
  📝 Reason: 5m: MACD bearish; 15m: MACD bearish; 1h: MACD bullish; 4h: MACD bearish
  ⚠️ Sell signal but no position

[12:26:15] Cycle 1343
  💰 Current Price: $1.49
  🎯 Signal: SELL (confidence: 0.30)
  📝 Reason: 5m: MACD bearish; 15m: MACD bearish; 1h: MACD bullish; 4h: MACD bearish
  ⚠️ Sell signal but no position

[12:26:46] Cycle 1344
  💰 Current Price: $1.49
  🎯 Signal: SELL (confidence: 0.30)
  📝 Reason: 5m: MACD bearish; 15m: MACD bearish; 1h: MACD bullish; 4h: MACD bearish
  ⚠️ Sell signal but no position

[12:27:17] Cycle 1345
  💰 Current Price: $1.49
  🎯 Signal: SELL (confidence: 0.20)
  📝 Reason: 5m: MACD bullish; 15m: MACD bearish; 1h: MACD bullish; 4h: MACD bearish
  ⚠️ Sell signal but no position

[12:27:48] Cycle 1346
  💰 Current Price: $1.49
  🎯 Signal: SELL (confidence: 0.20)
  📝 Reason: 5m: MACD bullish; 15m: MACD bearish; 1h: MACD bullish; 4h: MACD bearish
  ⚠️ Sell signal but no position

[12:28:19] Cycle 1347
  💰 Current Price: $1.49
  🎯 Signal: SELL (confidence: 0.20)
  📝 Reason: 5m: MACD bullish; 15m: MACD bearish; 1h: MACD bullish; 4h: MACD bearish
  ⚠️ Sell signal but no position

[12:28:50] Cycle 1348
  💰 Current Price: $1.49
  🎯 Signal: SELL (confidence: 0.20)
  📝 Reason: 5m: MACD bullish; 15m: MACD bearish; 1h: MACD bullish; 4h: MACD bearish
  ⚠️ Sell signal but no position

[12:29:20] Cycle 1349
  💰 Current Price: $1.49
  🎯 Signal: SELL (confidence: 0.20)
  📝 Reason: 5m: MACD bullish; 15m: MACD bearish; 1h: MACD bullish; 4h: MACD bearish
  ⚠️ Sell signal but no position

[12:29:51] Cycle 1350
  💰 Current Price: $1.49
  🎯 Signal: SELL (confidence: 0.20)
  📝 Reason: 5m: MACD bullish; 15m: MACD bearish; 1h: MACD bullish; 4h: MACD bearish
  ⚠️ Sell signal but no position

[12:30:22] Cycle 1351
  💰 Current Price: $1.49
  🎯 Signal: SELL (confidence: 0.20)
  📝 Reason: 5m: MACD bullish; 15m: MACD bearish; 1h: MACD bullish; 4h: MACD bearish
  ⚠️ Sell signal but no position

[12:30:53] Cycle 1352
  💰 Current Price: $1.49
  🎯 Signal: SELL (confidence: 0.20)
  📝 Reason: 5m: MACD bullish; 15m: MACD bearish; 1h: MACD bullish; 4h: MACD bearish
  ⚠️ Sell signal but no position

[12:31:24] Cycle 1353
  💰 Current Price: $1.49
  🎯 Signal: SELL (confidence: 0.20)
  📝 Reason: 5m: MACD bullish; 15m: MACD bearish; 1h: MACD bullish; 4h: MACD bearish
  ⚠️ Sell signal but no position

[12:31:55] Cycle 1354
  💰 Current Price: $1.49
  🎯 Signal: SELL (confidence: 0.20)
  📝 Reason: 5m: MACD bullish; 15m: MACD bearish; 1h: MACD bullish; 4h: MACD bearish
  ⚠️ Sell signal but no position

[12:32:26] Cycle 1355
  💰 Current Price: $1.49
  🎯 Signal: SELL (confidence: 0.20)
  📝 Reason: 5m: MACD bullish; 15m: MACD bearish; 1h: MACD bullish; 4h: MACD bearish
  ⚠️ Sell signal but no position

[12:32:57] Cycle 1356
  💰 Current Price: $1.49
  🎯 Signal: SELL (confidence: 0.20)
  📝 Reason: 5m: MACD bullish; 15m: MACD bearish; 1h: MACD bullish; 4h: MACD bearish
  ⚠️ Sell signal but no position

[12:33:28] Cycle 1357
  💰 Current Price: $1.49
  🎯 Signal: SELL (confidence: 0.20)
  📝 Reason: 5m: MACD bullish; 15m: MACD bearish; 1h: MACD bullish; 4h: MACD bearish
  ⚠️ Sell signal but no position

[12:33:59] Cycle 1358
  💰 Current Price: $1.49
  🎯 Signal: SELL (confidence: 0.20)
  📝 Reason: 5m: MACD bullish; 15m: MACD bearish; 1h: MACD bullish; 4h: MACD bearish
  ⚠️ Sell signal but no position

[12:34:30] Cycle 1359
  💰 Current Price: $1.49
  🎯 Signal: SELL (confidence: 0.20)
  📝 Reason: 5m: MACD bullish; 15m: MACD bearish; 1h: MACD bullish; 4h: MACD bearish
  ⚠️ Sell signal but no position

[12:35:01] Cycle 1360
  💰 Current Price: $1.49
  🎯 Signal: SELL (confidence: 0.20)
  📝 Reason: 5m: MACD bullish; 15m: MACD bearish; 1h: MACD bullish; 4h: MACD bearish
  ⚠️ Sell signal but no position

[12:35:32] Cycle 1361
  💰 Current Price: $1.49
  🎯 Signal: SELL (confidence: 0.20)
  📝 Reason: 5m: MACD bullish; 15m: MACD bearish; 1h: MACD bullish; 4h: MACD bearish
  ⚠️ Sell signal but no position

[12:36:03] Cycle 1362
  💰 Current Price: $1.49
  🎯 Signal: SELL (confidence: 0.20)
  📝 Reason: 5m: MACD bullish; 15m: MACD bearish; 1h: MACD bullish; 4h: MACD bearish
  ⚠️ Sell signal but no position

[12:36:34] Cycle 1363
  💰 Current Price: $1.49
  🎯 Signal: SELL (confidence: 0.20)
  📝 Reason: 5m: MACD bullish; 15m: MACD bearish; 1h: MACD bullish; 4h: MACD bearish
  ⚠️ Sell signal but no position

[12:37:04] Cycle 1364
  💰 Current Price: $1.49
  🎯 Signal: SELL (confidence: 0.20)
  📝 Reason: 5m: MACD bullish; 15m: MACD bearish; 1h: MACD bullish; 4h: MACD bearish
  ⚠️ Sell signal but no position

[12:37:36] Cycle 1365
  💰 Current Price: $1.49
  🎯 Signal: SELL (confidence: 0.20)
  📝 Reason: 5m: MACD bullish; 15m: MACD bearish; 1h: MACD bullish; 4h: MACD bearish
  ⚠️ Sell signal but no position

[12:38:07] Cycle 1366
  💰 Current Price: $1.49
  🎯 Signal: SELL (confidence: 0.20)
  📝 Reason: 5m: MACD bullish; 15m: MACD bearish; 1h: MACD bullish; 4h: MACD bearish
  ⚠️ Sell signal but no position

[12:38:38] Cycle 1367
  💰 Current Price: $1.49
  🎯 Signal: SELL (confidence: 0.20)
  📝 Reason: 5m: MACD bullish; 15m: MACD bearish; 1h: MACD bullish; 4h: MACD bearish
  ⚠️ Sell signal but no position

[12:39:09] Cycle 1368
  💰 Current Price: $1.49
  🎯 Signal: SELL (confidence: 0.20)
  📝 Reason: 5m: MACD bullish; 15m: MACD bearish; 1h: MACD bullish; 4h: MACD bearish
  ⚠️ Sell signal but no position

[12:39:40] Cycle 1369
  💰 Current Price: $1.49
  🎯 Signal: SELL (confidence: 0.20)
  📝 Reason: 5m: MACD bullish; 15m: MACD bearish; 1h: MACD bullish; 4h: MACD bearish
  ⚠️ Sell signal but no position

[12:40:11] Cycle 1370
  💰 Current Price: $1.49
  🎯 Signal: SELL (confidence: 0.20)
  📝 Reason: 5m: MACD bullish; 15m: MACD bearish; 1h: MACD bullish; 4h: MACD bearish
  ⚠️ Sell signal but no position

[12:38:37] Cycle 1372
  💰 Current Price: $1.49
  🎯 Signal: SELL (confidence: 0.20)
  📝 Reason: 5m: MACD bullish; 15m: MACD bearish; 1h: MACD bullish; 4h: MACD bearish
  ⚠️ Sell signal but no position

[12:39:09] Cycle 1373
  💰 Current Price: $1.49
  🎯 Signal: SELL (confidence: 0.20)
  📝 Reason: 5m: MACD bullish; 15m: MACD bearish; 1h: MACD bullish; 4h: MACD bearish
  ⚠️ Sell signal but no position

[12:39:40] Cycle 1374
  💰 Current Price: $1.49
  🎯 Signal: SELL (confidence: 0.20)
  📝 Reason: 5m: MACD bullish; 15m: MACD bearish; 1h: MACD bullish; 4h: MACD bearish
  ⚠️ Sell signal but no position

[12:40:11] Cycle 1375
  💰 Current Price: $1.49
  🎯 Signal: SELL (confidence: 0.20)
  📝 Reason: 5m: MACD bullish; 15m: MACD bearish; 1h: MACD bullish; 4h: MACD bearish
  ⚠️ Sell signal but no position

[12:40:42] Cycle 1376
  💰 Current Price: $1.49
  🎯 Signal: SELL (confidence: 0.20)
  📝 Reason: 5m: MACD bullish; 15m: MACD bearish; 1h: MACD bullish; 4h: MACD bearish
  ⚠️ Sell signal but no position

[12:41:12] Cycle 1377
  💰 Current Price: $1.49
  🎯 Signal: SELL (confidence: 0.20)
  📝 Reason: 5m: MACD bullish; 15m: MACD bearish; 1h: MACD bullish; 4h: MACD bearish
  ⚠️ Sell signal but no position

[12:41:43] Cycle 1378
  💰 Current Price: $1.49
  🎯 Signal: SELL (confidence: 0.20)
  📝 Reason: 5m: MACD bullish; 15m: MACD bearish; 1h: MACD bullish; 4h: MACD bearish
  ⚠️ Sell signal but no position

[12:42:14] Cycle 1379
  💰 Current Price: $1.49
  🎯 Signal: SELL (confidence: 0.20)
  📝 Reason: 5m: MACD bullish; 15m: MACD bearish; 1h: MACD bullish; 4h: MACD bearish
  ⚠️ Sell signal but no position

[12:42:45] Cycle 1380
  💰 Current Price: $1.49
  🎯 Signal: SELL (confidence: 0.20)
  📝 Reason: 5m: MACD bullish; 15m: MACD bearish; 1h: MACD bullish; 4h: MACD bearish
  ⚠️ Sell signal but no position

[12:43:16] Cycle 1381
  💰 Current Price: $1.49
  🎯 Signal: SELL (confidence: 0.20)
  📝 Reason: 5m: MACD bullish; 15m: MACD bearish; 1h: MACD bullish; 4h: MACD bearish
  ⚠️ Sell signal but no position

[12:43:47] Cycle 1382
  💰 Current Price: $1.49
  🎯 Signal: SELL (confidence: 0.20)
  📝 Reason: 5m: MACD bullish; 15m: MACD bearish; 1h: MACD bullish; 4h: MACD bearish
  ⚠️ Sell signal but no position

[12:44:18] Cycle 1383
  💰 Current Price: $1.49
  🎯 Signal: SELL (confidence: 0.20)
  📝 Reason: 5m: MACD bullish; 15m: MACD bearish; 1h: MACD bullish; 4h: MACD bearish
  ⚠️ Sell signal but no position

[12:44:49] Cycle 1384
  💰 Current Price: $1.49
  🎯 Signal: SELL (confidence: 0.20)
  📝 Reason: 5m: MACD bullish; 15m: MACD bearish; 1h: MACD bullish; 4h: MACD bearish
  ⚠️ Sell signal but no position

[12:45:20] Cycle 1385
  💰 Current Price: $1.49
  🎯 Signal: SELL (confidence: 0.20)
  📝 Reason: 5m: MACD bullish; 15m: MACD bearish; 1h: MACD bullish; 4h: MACD bearish
  ⚠️ Sell signal but no position

[12:45:50] Cycle 1386
  💰 Current Price: $1.49
  🎯 Signal: SELL (confidence: 0.20)
  📝 Reason: 5m: MACD bullish; 15m: MACD bearish; 1h: MACD bullish; 4h: MACD bearish
  ⚠️ Sell signal but no position

[12:46:21] Cycle 1387
  💰 Current Price: $1.49
  🎯 Signal: SELL (confidence: 0.20)
  📝 Reason: 5m: MACD bullish; 15m: MACD bearish; 1h: MACD bullish; 4h: MACD bearish
  ⚠️ Sell signal but no position

[12:46:52] Cycle 1388
  💰 Current Price: $1.49
  🎯 Signal: SELL (confidence: 0.20)
  📝 Reason: 5m: MACD bullish; 15m: MACD bearish; 1h: MACD bullish; 4h: MACD bearish
  ⚠️ Sell signal but no position

[12:47:23] Cycle 1389
  💰 Current Price: $1.49
  🎯 Signal: SELL (confidence: 0.20)
  📝 Reason: 5m: MACD bullish; 15m: MACD bearish; 1h: MACD bullish; 4h: MACD bearish
  ⚠️ Sell signal but no position

[12:47:53] Cycle 1390
  💰 Current Price: $1.49
  🎯 Signal: SELL (confidence: 0.20)
  📝 Reason: 5m: MACD bullish; 15m: MACD bearish; 1h: MACD bullish; 4h: MACD bearish
  ⚠️ Sell signal but no position

[12:48:24] Cycle 1391
  💰 Current Price: $1.49
  🎯 Signal: SELL (confidence: 0.20)
  📝 Reason: 5m: MACD bullish; 15m: MACD bearish; 1h: MACD bullish; 4h: MACD bearish
  ⚠️ Sell signal but no position

[12:48:55] Cycle 1392
  💰 Current Price: $1.49
  🎯 Signal: SELL (confidence: 0.20)
  📝 Reason: 5m: MACD bullish; 15m: MACD bearish; 1h: MACD bullish; 4h: MACD bearish
  ⚠️ Sell signal but no position

[12:49:26] Cycle 1393
  💰 Current Price: $1.49
  🎯 Signal: SELL (confidence: 0.20)
  📝 Reason: 5m: MACD bullish; 15m: MACD bearish; 1h: MACD bullish; 4h: MACD bearish
  ⚠️ Sell signal but no position

[12:49:57] Cycle 1394
  💰 Current Price: $1.49
  🎯 Signal: SELL (confidence: 0.20)
  📝 Reason: 5m: MACD bullish; 15m: MACD bearish; 1h: MACD bullish; 4h: MACD bearish
  ⚠️ Sell signal but no position

[12:50:28] Cycle 1395
  💰 Current Price: $1.49
  🎯 Signal: SELL (confidence: 0.20)
  📝 Reason: 5m: MACD bullish; 15m: MACD bearish; 1h: MACD bullish; 4h: MACD bearish
  ⚠️ Sell signal but no position

[12:50:58] Cycle 1396
  💰 Current Price: $1.49
  🎯 Signal: SELL (confidence: 0.20)
  📝 Reason: 5m: MACD bullish; 15m: MACD bearish; 1h: MACD bullish; 4h: MACD bearish
  ⚠️ Sell signal but no position

[12:51:29] Cycle 1397
  💰 Current Price: $1.49
  🎯 Signal: SELL (confidence: 0.20)
  📝 Reason: 5m: MACD bullish; 15m: MACD bearish; 1h: MACD bullish; 4h: MACD bearish
  ⚠️ Sell signal but no position

[12:52:00] Cycle 1398
  💰 Current Price: $1.49
  🎯 Signal: SELL (confidence: 0.20)
  📝 Reason: 5m: MACD bullish; 15m: MACD bearish; 1h: MACD bullish; 4h: MACD bearish
  ⚠️ Sell signal but no position

[12:52:31] Cycle 1399
  💰 Current Price: $1.49
  🎯 Signal: SELL (confidence: 0.20)
  📝 Reason: 5m: MACD bullish; 15m: MACD bearish; 1h: MACD bullish; 4h: MACD bearish
  ⚠️ Sell signal but no position

[12:53:02] Cycle 1400
  💰 Current Price: $1.49
  🎯 Signal: SELL (confidence: 0.20)
  📝 Reason: 5m: MACD bullish; 15m: MACD bearish; 1h: MACD bullish; 4h: MACD bearish
  ⚠️ Sell signal but no position

[12:53:32] Cycle 1401
  💰 Current Price: $1.49
  🎯 Signal: SELL (confidence: 0.20)
  📝 Reason: 5m: MACD bullish; 15m: MACD bearish; 1h: MACD bullish; 4h: MACD bearish
  ⚠️ Sell signal but no position

[12:54:03] Cycle 1402
  💰 Current Price: $1.49
  🎯 Signal: SELL (confidence: 0.20)
  📝 Reason: 5m: MACD bullish; 15m: MACD bearish; 1h: MACD bullish; 4h: MACD bearish
  ⚠️ Sell signal but no position

[12:54:34] Cycle 1403
  💰 Current Price: $1.49
  🎯 Signal: SELL (confidence: 0.20)
  📝 Reason: 5m: MACD bullish; 15m: MACD bearish; 1h: MACD bullish; 4h: MACD bearish
  ⚠️ Sell signal but no position

[12:55:05] Cycle 1404
  💰 Current Price: $1.49
  🎯 Signal: SELL (confidence: 0.20)
  📝 Reason: 5m: MACD bullish; 15m: MACD bearish; 1h: MACD bullish; 4h: MACD bearish
  ⚠️ Sell signal but no position

[12:55:36] Cycle 1405
  💰 Current Price: $1.49
  🎯 Signal: SELL (confidence: 0.20)
  📝 Reason: 5m: MACD bullish; 15m: MACD bearish; 1h: MACD bullish; 4h: MACD bearish
  ⚠️ Sell signal but no position

[12:56:07] Cycle 1406
  💰 Current Price: $1.49
  🎯 Signal: SELL (confidence: 0.20)
  📝 Reason: 5m: MACD bullish; 15m: MACD bearish; 1h: MACD bullish; 4h: MACD bearish
  ⚠️ Sell signal but no position

[12:56:38] Cycle 1407
  💰 Current Price: $1.49
  🎯 Signal: SELL (confidence: 0.20)
  📝 Reason: 5m: MACD bullish; 15m: MACD bearish; 1h: MACD bullish; 4h: MACD bearish
  ⚠️ Sell signal but no position

[12:57:09] Cycle 1408
  💰 Current Price: $1.49
  🎯 Signal: SELL (confidence: 0.20)
  📝 Reason: 5m: MACD bullish; 15m: MACD bearish; 1h: MACD bullish; 4h: MACD bearish
  ⚠️ Sell signal but no position

[12:57:40] Cycle 1409
  💰 Current Price: $1.49
  🎯 Signal: SELL (confidence: 0.20)
  📝 Reason: 5m: MACD bullish; 15m: MACD bearish; 1h: MACD bullish; 4h: MACD bearish
  ⚠️ Sell signal but no position

[12:40:42] Cycle 1371
  💰 Current Price: $1.49
  🎯 Signal: SELL (confidence: 0.20)
  📝 Reason: 5m: MACD bullish; 15m: MACD bearish; 1h: MACD bullish; 4h: MACD bearish
  ⚠️ Sell signal but no position

[12:41:13] Cycle 1372
  💰 Current Price: $1.49
  🎯 Signal: SELL (confidence: 0.20)
  📝 Reason: 5m: MACD bullish; 15m: MACD bearish; 1h: MACD bullish; 4h: MACD bearish
  ⚠️ Sell signal but no position

[12:41:43] Cycle 1373
  💰 Current Price: $1.49
  🎯 Signal: SELL (confidence: 0.20)
  📝 Reason: 5m: MACD bullish; 15m: MACD bearish; 1h: MACD bullish; 4h: MACD bearish
  ⚠️ Sell signal but no position

[12:42:14] Cycle 1374
  💰 Current Price: $1.49
  🎯 Signal: SELL (confidence: 0.20)
  📝 Reason: 5m: MACD bullish; 15m: MACD bearish; 1h: MACD bullish; 4h: MACD bearish
  ⚠️ Sell signal but no position

[12:42:45] Cycle 1375
  💰 Current Price: $1.49
  🎯 Signal: SELL (confidence: 0.20)
  📝 Reason: 5m: MACD bullish; 15m: MACD bearish; 1h: MACD bullish; 4h: MACD bearish
  ⚠️ Sell signal but no position

[12:43:16] Cycle 1376
  💰 Current Price: $1.49
  🎯 Signal: SELL (confidence: 0.20)
  📝 Reason: 5m: MACD bullish; 15m: MACD bearish; 1h: MACD bullish; 4h: MACD bearish
  ⚠️ Sell signal but no position

[12:43:47] Cycle 1377
  💰 Current Price: $1.49
  🎯 Signal: SELL (confidence: 0.20)
  📝 Reason: 5m: MACD bullish; 15m: MACD bearish; 1h: MACD bullish; 4h: MACD bearish
  ⚠️ Sell signal but no position

[12:44:18] Cycle 1378
  💰 Current Price: $1.49
  🎯 Signal: SELL (confidence: 0.20)
  📝 Reason: 5m: MACD bullish; 15m: MACD bearish; 1h: MACD bullish; 4h: MACD bearish
  ⚠️ Sell signal but no position

[12:44:49] Cycle 1379
  💰 Current Price: $1.49
  🎯 Signal: SELL (confidence: 0.20)
  📝 Reason: 5m: MACD bullish; 15m: MACD bearish; 1h: MACD bullish; 4h: MACD bearish
  ⚠️ Sell signal but no position

[12:45:20] Cycle 1380
  💰 Current Price: $1.49
  🎯 Signal: SELL (confidence: 0.20)
  📝 Reason: 5m: MACD bullish; 15m: MACD bearish; 1h: MACD bullish; 4h: MACD bearish
  ⚠️ Sell signal but no position

[12:45:51] Cycle 1381
  💰 Current Price: $1.49
  🎯 Signal: SELL (confidence: 0.20)
  📝 Reason: 5m: MACD bullish; 15m: MACD bearish; 1h: MACD bullish; 4h: MACD bearish
  ⚠️ Sell signal but no position

[12:46:21] Cycle 1382
  💰 Current Price: $1.49
  🎯 Signal: SELL (confidence: 0.20)
  📝 Reason: 5m: MACD bullish; 15m: MACD bearish; 1h: MACD bullish; 4h: MACD bearish
  ⚠️ Sell signal but no position

[12:46:52] Cycle 1383
  💰 Current Price: $1.49
  🎯 Signal: SELL (confidence: 0.20)
  📝 Reason: 5m: MACD bullish; 15m: MACD bearish; 1h: MACD bullish; 4h: MACD bearish
  ⚠️ Sell signal but no position

[12:47:23] Cycle 1384
  💰 Current Price: $1.49
  🎯 Signal: SELL (confidence: 0.20)
  📝 Reason: 5m: MACD bullish; 15m: MACD bearish; 1h: MACD bullish; 4h: MACD bearish
  ⚠️ Sell signal but no position

[12:47:53] Cycle 1385
  💰 Current Price: $1.49
  🎯 Signal: SELL (confidence: 0.20)
  📝 Reason: 5m: MACD bullish; 15m: MACD bearish; 1h: MACD bullish; 4h: MACD bearish
  ⚠️ Sell signal but no position

[12:48:24] Cycle 1386
  💰 Current Price: $1.49
  🎯 Signal: SELL (confidence: 0.20)
  📝 Reason: 5m: MACD bullish; 15m: MACD bearish; 1h: MACD bullish; 4h: MACD bearish
  ⚠️ Sell signal but no position

[12:48:55] Cycle 1387
  💰 Current Price: $1.49
  🎯 Signal: SELL (confidence: 0.20)
  📝 Reason: 5m: MACD bullish; 15m: MACD bearish; 1h: MACD bullish; 4h: MACD bearish
  ⚠️ Sell signal but no position

[12:49:26] Cycle 1388
  💰 Current Price: $1.49
  🎯 Signal: SELL (confidence: 0.20)
  📝 Reason: 5m: MACD bullish; 15m: MACD bearish; 1h: MACD bullish; 4h: MACD bearish
  ⚠️ Sell signal but no position

[12:49:57] Cycle 1389
  💰 Current Price: $1.49
  🎯 Signal: SELL (confidence: 0.20)
  📝 Reason: 5m: MACD bullish; 15m: MACD bearish; 1h: MACD bullish; 4h: MACD bearish
  ⚠️ Sell signal but no position

[12:50:28] Cycle 1390
  💰 Current Price: $1.49
  🎯 Signal: SELL (confidence: 0.20)
  📝 Reason: 5m: MACD bullish; 15m: MACD bearish; 1h: MACD bullish; 4h: MACD bearish
  ⚠️ Sell signal but no position

[12:50:58] Cycle 1391
  💰 Current Price: $1.49
  🎯 Signal: SELL (confidence: 0.20)
  📝 Reason: 5m: MACD bullish; 15m: MACD bearish; 1h: MACD bullish; 4h: MACD bearish
  ⚠️ Sell signal but no position

[12:51:29] Cycle 1392
  💰 Current Price: $1.49
  🎯 Signal: SELL (confidence: 0.20)
  📝 Reason: 5m: MACD bullish; 15m: MACD bearish; 1h: MACD bullish; 4h: MACD bearish
  ⚠️ Sell signal but no position

[12:52:00] Cycle 1393
  💰 Current Price: $1.49
  🎯 Signal: SELL (confidence: 0.20)
  📝 Reason: 5m: MACD bullish; 15m: MACD bearish; 1h: MACD bullish; 4h: MACD bearish
  ⚠️ Sell signal but no position

[12:52:31] Cycle 1394
  💰 Current Price: $1.49
  🎯 Signal: SELL (confidence: 0.20)
  📝 Reason: 5m: MACD bullish; 15m: MACD bearish; 1h: MACD bullish; 4h: MACD bearish
  ⚠️ Sell signal but no position

[12:53:02] Cycle 1395
  💰 Current Price: $1.49
  🎯 Signal: SELL (confidence: 0.20)
  📝 Reason: 5m: MACD bullish; 15m: MACD bearish; 1h: MACD bullish; 4h: MACD bearish
  ⚠️ Sell signal but no position

[12:53:32] Cycle 1396
  💰 Current Price: $1.49
  🎯 Signal: SELL (confidence: 0.20)
  📝 Reason: 5m: MACD bullish; 15m: MACD bearish; 1h: MACD bullish; 4h: MACD bearish
  ⚠️ Sell signal but no position

[12:54:03] Cycle 1397
  💰 Current Price: $1.49
  🎯 Signal: SELL (confidence: 0.20)
  📝 Reason: 5m: MACD bullish; 15m: MACD bearish; 1h: MACD bullish; 4h: MACD bearish
  ⚠️ Sell signal but no position

[12:54:34] Cycle 1398
  💰 Current Price: $1.49
  🎯 Signal: SELL (confidence: 0.20)
  📝 Reason: 5m: MACD bullish; 15m: MACD bearish; 1h: MACD bullish; 4h: MACD bearish
  ⚠️ Sell signal but no position

[12:55:05] Cycle 1399
  💰 Current Price: $1.49
  🎯 Signal: SELL (confidence: 0.20)
  📝 Reason: 5m: MACD bullish; 15m: MACD bearish; 1h: MACD bullish; 4h: MACD bearish
  ⚠️ Sell signal but no position

[12:55:36] Cycle 1400
  💰 Current Price: $1.49
  🎯 Signal: SELL (confidence: 0.20)
  📝 Reason: 5m: MACD bullish; 15m: MACD bearish; 1h: MACD bullish; 4h: MACD bearish
  ⚠️ Sell signal but no position

[12:56:07] Cycle 1401
  💰 Current Price: $1.49
  🎯 Signal: SELL (confidence: 0.20)
  📝 Reason: 5m: MACD bullish; 15m: MACD bearish; 1h: MACD bullish; 4h: MACD bearish
  ⚠️ Sell signal but no position

[12:56:38] Cycle 1402
  💰 Current Price: $1.49
  🎯 Signal: SELL (confidence: 0.20)
  📝 Reason: 5m: MACD bullish; 15m: MACD bearish; 1h: MACD bullish; 4h: MACD bearish
  ⚠️ Sell signal but no position

[12:57:09] Cycle 1403
  💰 Current Price: $1.49
  🎯 Signal: SELL (confidence: 0.20)
  📝 Reason: 5m: MACD bullish; 15m: MACD bearish; 1h: MACD bullish; 4h: MACD bearish
  ⚠️ Sell signal but no position

[12:57:40] Cycle 1404
  💰 Current Price: $1.49
  🎯 Signal: SELL (confidence: 0.20)
  📝 Reason: 5m: MACD bullish; 15m: MACD bearish; 1h: MACD bullish; 4h: MACD bearish
  ⚠️ Sell signal but no position

[12:58:11] Cycle 1405
  💰 Current Price: $1.49
  🎯 Signal: SELL (confidence: 0.20)
  📝 Reason: 5m: MACD bullish; 15m: MACD bearish; 1h: MACD bullish; 4h: MACD bearish
  ⚠️ Sell signal but no position

[12:58:42] Cycle 1406
  💰 Current Price: $1.49
  🎯 Signal: SELL (confidence: 0.20)
  📝 Reason: 5m: MACD bullish; 15m: MACD bearish; 1h: MACD bullish; 4h: MACD bearish
  ⚠️ Sell signal but no position

[12:59:13] Cycle 1407
  💰 Current Price: $1.49
  🎯 Signal: SELL (confidence: 0.20)
  📝 Reason: 5m: MACD bullish; 15m: MACD bearish; 1h: MACD bullish; 4h: MACD bearish
  ⚠️ Sell signal but no position

[12:59:44] Cycle 1408
  💰 Current Price: $1.49
  🎯 Signal: SELL (confidence: 0.20)
  📝 Reason: 5m: MACD bullish; 15m: MACD bearish; 1h: MACD bullish; 4h: MACD bearish
  ⚠️ Sell signal but no position

[12:58:11] Cycle 1410
  💰 Current Price: $1.49
  🎯 Signal: SELL (confidence: 0.20)
  📝 Reason: 5m: MACD bullish; 15m: MACD bearish; 1h: MACD bullish; 4h: MACD bearish
  ⚠️ Sell signal but no position

[12:58:42] Cycle 1411
  💰 Current Price: $1.49
  🎯 Signal: SELL (confidence: 0.20)
  📝 Reason: 5m: MACD bullish; 15m: MACD bearish; 1h: MACD bullish; 4h: MACD bearish
  ⚠️ Sell signal but no position

[12:59:13] Cycle 1412
  💰 Current Price: $1.49
  🎯 Signal: SELL (confidence: 0.20)
  📝 Reason: 5m: MACD bullish; 15m: MACD bearish; 1h: MACD bullish; 4h: MACD bearish
  ⚠️ Sell signal but no position

[12:59:44] Cycle 1413
  💰 Current Price: $1.49
  🎯 Signal: SELL (confidence: 0.20)
  📝 Reason: 5m: MACD bullish; 15m: MACD bearish; 1h: MACD bullish; 4h: MACD bearish
  ⚠️ Sell signal but no position

[13:00:15] Cycle 1414
  💰 Current Price: $1.50
  🎯 Signal: SELL (confidence: 0.20)
  📝 Reason: 5m: MACD bullish; 15m: MACD bearish; 1h: MACD bullish; 4h: MACD bearish
  ⚠️ Sell signal but no position

[13:00:46] Cycle 1415
  💰 Current Price: $1.50
  🎯 Signal: SELL (confidence: 0.20)
  📝 Reason: 5m: MACD bullish; 15m: MACD bearish; 1h: MACD bullish; 4h: MACD bearish
  ⚠️ Sell signal but no position

[13:01:17] Cycle 1416
  💰 Current Price: $1.50
  🎯 Signal: SELL (confidence: 0.20)
  📝 Reason: 5m: MACD bullish; 15m: MACD bearish; 1h: MACD bullish; 4h: MACD bearish
  ⚠️ Sell signal but no position

[13:01:48] Cycle 1417
  💰 Current Price: $1.50
  🎯 Signal: SELL (confidence: 0.20)
  📝 Reason: 5m: MACD bullish; 15m: MACD bearish; 1h: MACD bullish; 4h: MACD bearish
  ⚠️ Sell signal but no position

[13:02:19] Cycle 1418
  💰 Current Price: $1.50
  🎯 Signal: SELL (confidence: 0.20)
  📝 Reason: 5m: MACD bullish; 15m: MACD bearish; 1h: MACD bullish; 4h: MACD bearish
  ⚠️ Sell signal but no position

[13:02:50] Cycle 1419
  💰 Current Price: $1.50
  🎯 Signal: SELL (confidence: 0.20)
  📝 Reason: 5m: MACD bullish; 15m: MACD bearish; 1h: MACD bullish; 4h: MACD bearish
  ⚠️ Sell signal but no position

[13:03:20] Cycle 1420
  💰 Current Price: $1.50
  🎯 Signal: SELL (confidence: 0.20)
  📝 Reason: 5m: MACD bullish; 15m: MACD bearish; 1h: MACD bullish; 4h: MACD bearish
  ⚠️ Sell signal but no position

[13:03:51] Cycle 1421
  💰 Current Price: $1.50
  🎯 Signal: SELL (confidence: 0.20)
  📝 Reason: 5m: MACD bullish; 15m: MACD bearish; 1h: MACD bullish; 4h: MACD bearish
  ⚠️ Sell signal but no position

[13:04:22] Cycle 1422
  💰 Current Price: $1.50
  🎯 Signal: SELL (confidence: 0.20)
  📝 Reason: 5m: MACD bullish; 15m: MACD bearish; 1h: MACD bullish; 4h: MACD bearish
  ⚠️ Sell signal but no position

[13:04:53] Cycle 1423
  💰 Current Price: $1.50
  🎯 Signal: SELL (confidence: 0.20)
  📝 Reason: 5m: MACD bullish; 15m: MACD bearish; 1h: MACD bullish; 4h: MACD bearish
  ⚠️ Sell signal but no position

[13:05:24] Cycle 1424
  💰 Current Price: $1.50
  🎯 Signal: SELL (confidence: 0.20)
  📝 Reason: 5m: MACD bullish; 15m: MACD bearish; 1h: MACD bullish; 4h: MACD bearish
  ⚠️ Sell signal but no position

[13:05:55] Cycle 1425
  💰 Current Price: $1.50
  🎯 Signal: SELL (confidence: 0.20)
  📝 Reason: 5m: MACD bullish; 15m: MACD bearish; 1h: MACD bullish; 4h: MACD bearish
  ⚠️ Sell signal but no position

[13:06:26] Cycle 1426
  💰 Current Price: $1.49
  🎯 Signal: SELL (confidence: 0.20)
  📝 Reason: 5m: MACD bullish; 15m: MACD bearish; 1h: MACD bullish; 4h: MACD bearish
  ⚠️ Sell signal but no position

[13:06:57] Cycle 1427
  💰 Current Price: $1.49
  🎯 Signal: SELL (confidence: 0.20)
  📝 Reason: 5m: MACD bullish; 15m: MACD bearish; 1h: MACD bullish; 4h: MACD bearish
  ⚠️ Sell signal but no position

[13:07:28] Cycle 1428
  💰 Current Price: $1.49
  🎯 Signal: SELL (confidence: 0.20)
  📝 Reason: 5m: MACD bullish; 15m: MACD bearish; 1h: MACD bullish; 4h: MACD bearish
  ⚠️ Sell signal but no position

[13:07:59] Cycle 1429
  💰 Current Price: $1.49
  🎯 Signal: SELL (confidence: 0.20)
  📝 Reason: 5m: MACD bullish; 15m: MACD bearish; 1h: MACD bullish; 4h: MACD bearish
  ⚠️ Sell signal but no position

[13:08:30] Cycle 1430
  💰 Current Price: $1.49
  🎯 Signal: SELL (confidence: 0.20)
  📝 Reason: 5m: MACD bullish; 15m: MACD bearish; 1h: MACD bullish; 4h: MACD bearish
  ⚠️ Sell signal but no position

[13:09:01] Cycle 1431
  💰 Current Price: $1.49
  🎯 Signal: SELL (confidence: 0.20)
  📝 Reason: 5m: MACD bullish; 15m: MACD bearish; 1h: MACD bullish; 4h: MACD bearish
  ⚠️ Sell signal but no position

[13:09:32] Cycle 1432
  💰 Current Price: $1.49
  🎯 Signal: SELL (confidence: 0.20)
  📝 Reason: 5m: MACD bullish; 15m: MACD bearish; 1h: MACD bullish; 4h: MACD bearish
  ⚠️ Sell signal but no position

[13:10:03] Cycle 1433
  💰 Current Price: $1.49
  🎯 Signal: SELL (confidence: 0.20)
  📝 Reason: 5m: MACD bullish; 15m: MACD bearish; 1h: MACD bullish; 4h: MACD bearish
  ⚠️ Sell signal but no position

[13:10:34] Cycle 1434
  💰 Current Price: $1.49
  🎯 Signal: SELL (confidence: 0.20)
  📝 Reason: 5m: MACD bullish; 15m: MACD bearish; 1h: MACD bullish; 4h: MACD bearish
  ⚠️ Sell signal but no position

[13:11:05] Cycle 1435
  💰 Current Price: $1.49
  🎯 Signal: SELL (confidence: 0.20)
  📝 Reason: 5m: MACD bullish; 15m: MACD bearish; 1h: MACD bullish; 4h: MACD bearish
  ⚠️ Sell signal but no position

[13:11:36] Cycle 1436
  💰 Current Price: $1.50
  🎯 Signal: SELL (confidence: 0.20)
  📝 Reason: 5m: MACD bullish; 15m: MACD bearish; 1h: MACD bullish; 4h: MACD bearish
  ⚠️ Sell signal but no position

[13:12:07] Cycle 1437
  💰 Current Price: $1.50
  🎯 Signal: SELL (confidence: 0.20)
  📝 Reason: 5m: MACD bullish; 15m: MACD bearish; 1h: MACD bullish; 4h: MACD bearish
  ⚠️ Sell signal but no position

[13:12:38] Cycle 1438
  💰 Current Price: $1.50
  🎯 Signal: SELL (confidence: 0.20)
  📝 Reason: 5m: MACD bullish; 15m: MACD bearish; 1h: MACD bullish; 4h: MACD bearish
  ⚠️ Sell signal but no position

[13:13:09] Cycle 1439
  💰 Current Price: $1.50
  🎯 Signal: SELL (confidence: 0.20)
  📝 Reason: 5m: MACD bullish; 15m: MACD bearish; 1h: MACD bullish; 4h: MACD bearish
  ⚠️ Sell signal but no position

[13:13:40] Cycle 1440
  💰 Current Price: $1.50
  🎯 Signal: SELL (confidence: 0.20)
  📝 Reason: 5m: MACD bullish; 15m: MACD bearish; 1h: MACD bullish; 4h: MACD bearish
  ⚠️ Sell signal but no position

[13:14:11] Cycle 1441
  💰 Current Price: $1.50
  🎯 Signal: SELL (confidence: 0.20)
  📝 Reason: 5m: MACD bullish; 15m: MACD bearish; 1h: MACD bullish; 4h: MACD bearish
  ⚠️ Sell signal but no position

[13:14:42] Cycle 1442
  💰 Current Price: $1.50
  🎯 Signal: SELL (confidence: 0.20)
  📝 Reason: 5m: MACD bullish; 15m: MACD bearish; 1h: MACD bullish; 4h: MACD bearish
  ⚠️ Sell signal but no position

[13:15:13] Cycle 1443
  💰 Current Price: $1.50
  🎯 Signal: SELL (confidence: 0.20)
  📝 Reason: 5m: MACD bullish; 15m: MACD bearish; 1h: MACD bullish; 4h: MACD bearish
  ⚠️ Sell signal but no position

[13:15:44] Cycle 1444
  💰 Current Price: $1.50
  🎯 Signal: SELL (confidence: 0.20)
  📝 Reason: 5m: MACD bullish; 15m: MACD bearish; 1h: MACD bullish; 4h: MACD bearish
  ⚠️ Sell signal but no position

[13:16:15] Cycle 1445
  💰 Current Price: $1.50
  🎯 Signal: SELL (confidence: 0.20)
  📝 Reason: 5m: MACD bullish; 15m: MACD bearish; 1h: MACD bullish; 4h: MACD bearish
  ⚠️ Sell signal but no position

[13:16:46] Cycle 1446
  💰 Current Price: $1.50
  🎯 Signal: SELL (confidence: 0.20)
  📝 Reason: 5m: MACD bullish; 15m: MACD bearish; 1h: MACD bullish; 4h: MACD bearish
  ⚠️ Sell signal but no position

[13:17:17] Cycle 1447
  💰 Current Price: $1.50
  🎯 Signal: SELL (confidence: 0.20)
  📝 Reason: 5m: MACD bullish; 15m: MACD bearish; 1h: MACD bullish; 4h: MACD bearish
  ⚠️ Sell signal but no position

[13:00:15] Cycle 1409
  💰 Current Price: $1.50
  🎯 Signal: SELL (confidence: 0.20)
  📝 Reason: 5m: MACD bullish; 15m: MACD bearish; 1h: MACD bullish; 4h: MACD bearish
  ⚠️ Sell signal but no position

[13:00:46] Cycle 1410
  💰 Current Price: $1.50
  🎯 Signal: SELL (confidence: 0.20)
  📝 Reason: 5m: MACD bullish; 15m: MACD bearish; 1h: MACD bullish; 4h: MACD bearish
  ⚠️ Sell signal but no position

[13:01:17] Cycle 1411
  💰 Current Price: $1.50
  🎯 Signal: SELL (confidence: 0.20)
  📝 Reason: 5m: MACD bullish; 15m: MACD bearish; 1h: MACD bullish; 4h: MACD bearish
  ⚠️ Sell signal but no position

[13:01:48] Cycle 1412
  💰 Current Price: $1.50
  🎯 Signal: SELL (confidence: 0.20)
  📝 Reason: 5m: MACD bullish; 15m: MACD bearish; 1h: MACD bullish; 4h: MACD bearish
  ⚠️ Sell signal but no position

[13:02:19] Cycle 1413
  💰 Current Price: $1.50
  🎯 Signal: SELL (confidence: 0.20)
  📝 Reason: 5m: MACD bullish; 15m: MACD bearish; 1h: MACD bullish; 4h: MACD bearish
  ⚠️ Sell signal but no position

[13:02:50] Cycle 1414
  💰 Current Price: $1.50
  🎯 Signal: SELL (confidence: 0.20)
  📝 Reason: 5m: MACD bullish; 15m: MACD bearish; 1h: MACD bullish; 4h: MACD bearish
  ⚠️ Sell signal but no position

[13:03:20] Cycle 1415
  💰 Current Price: $1.50
  🎯 Signal: SELL (confidence: 0.20)
  📝 Reason: 5m: MACD bullish; 15m: MACD bearish; 1h: MACD bullish; 4h: MACD bearish
  ⚠️ Sell signal but no position

[13:03:51] Cycle 1416
  💰 Current Price: $1.50
  🎯 Signal: SELL (confidence: 0.20)
  📝 Reason: 5m: MACD bullish; 15m: MACD bearish; 1h: MACD bullish; 4h: MACD bearish
  ⚠️ Sell signal but no position

[13:04:22] Cycle 1417
  💰 Current Price: $1.50
  🎯 Signal: SELL (confidence: 0.20)
  📝 Reason: 5m: MACD bullish; 15m: MACD bearish; 1h: MACD bullish; 4h: MACD bearish
  ⚠️ Sell signal but no position

[13:04:53] Cycle 1418
  💰 Current Price: $1.50
  🎯 Signal: SELL (confidence: 0.20)
  📝 Reason: 5m: MACD bullish; 15m: MACD bearish; 1h: MACD bullish; 4h: MACD bearish
  ⚠️ Sell signal but no position

[13:05:24] Cycle 1419
  💰 Current Price: $1.50
  🎯 Signal: SELL (confidence: 0.20)
  📝 Reason: 5m: MACD bullish; 15m: MACD bearish; 1h: MACD bullish; 4h: MACD bearish
  ⚠️ Sell signal but no position

[13:05:55] Cycle 1420
  💰 Current Price: $1.50
  🎯 Signal: SELL (confidence: 0.20)
  📝 Reason: 5m: MACD bullish; 15m: MACD bearish; 1h: MACD bullish; 4h: MACD bearish
  ⚠️ Sell signal but no position

[13:06:26] Cycle 1421
  💰 Current Price: $1.49
  🎯 Signal: SELL (confidence: 0.20)
  📝 Reason: 5m: MACD bullish; 15m: MACD bearish; 1h: MACD bullish; 4h: MACD bearish
  ⚠️ Sell signal but no position

[13:06:57] Cycle 1422
  💰 Current Price: $1.49
  🎯 Signal: SELL (confidence: 0.20)
  📝 Reason: 5m: MACD bullish; 15m: MACD bearish; 1h: MACD bullish; 4h: MACD bearish
  ⚠️ Sell signal but no position

[13:07:28] Cycle 1423
  💰 Current Price: $1.49
  🎯 Signal: SELL (confidence: 0.20)
  📝 Reason: 5m: MACD bullish; 15m: MACD bearish; 1h: MACD bullish; 4h: MACD bearish
  ⚠️ Sell signal but no position

[13:07:59] Cycle 1424
  💰 Current Price: $1.49
  🎯 Signal: SELL (confidence: 0.20)
  📝 Reason: 5m: MACD bullish; 15m: MACD bearish; 1h: MACD bullish; 4h: MACD bearish
  ⚠️ Sell signal but no position

[13:08:29] Cycle 1425
  💰 Current Price: $1.49
  🎯 Signal: SELL (confidence: 0.20)
  📝 Reason: 5m: MACD bullish; 15m: MACD bearish; 1h: MACD bullish; 4h: MACD bearish
  ⚠️ Sell signal but no position

[13:09:01] Cycle 1426
  💰 Current Price: $1.49
  🎯 Signal: SELL (confidence: 0.20)
  📝 Reason: 5m: MACD bullish; 15m: MACD bearish; 1h: MACD bullish; 4h: MACD bearish
  ⚠️ Sell signal but no position

[13:09:32] Cycle 1427
  💰 Current Price: $1.49
  🎯 Signal: SELL (confidence: 0.20)
  📝 Reason: 5m: MACD bullish; 15m: MACD bearish; 1h: MACD bullish; 4h: MACD bearish
  ⚠️ Sell signal but no position

[13:10:03] Cycle 1428
  💰 Current Price: $1.49
  🎯 Signal: SELL (confidence: 0.20)
  📝 Reason: 5m: MACD bullish; 15m: MACD bearish; 1h: MACD bullish; 4h: MACD bearish
  ⚠️ Sell signal but no position

[13:10:34] Cycle 1429
  💰 Current Price: $1.49
  🎯 Signal: SELL (confidence: 0.20)
  📝 Reason: 5m: MACD bullish; 15m: MACD bearish; 1h: MACD bullish; 4h: MACD bearish
  ⚠️ Sell signal but no position

[13:11:05] Cycle 1430
  💰 Current Price: $1.49
  🎯 Signal: SELL (confidence: 0.20)
  📝 Reason: 5m: MACD bullish; 15m: MACD bearish; 1h: MACD bullish; 4h: MACD bearish
  ⚠️ Sell signal but no position

[13:11:36] Cycle 1431
  💰 Current Price: $1.50
  🎯 Signal: SELL (confidence: 0.20)
  📝 Reason: 5m: MACD bullish; 15m: MACD bearish; 1h: MACD bullish; 4h: MACD bearish
  ⚠️ Sell signal but no position

[13:12:07] Cycle 1432
  💰 Current Price: $1.50
  🎯 Signal: SELL (confidence: 0.20)
  📝 Reason: 5m: MACD bullish; 15m: MACD bearish; 1h: MACD bullish; 4h: MACD bearish
  ⚠️ Sell signal but no position

[13:12:38] Cycle 1433
  💰 Current Price: $1.50
  🎯 Signal: SELL (confidence: 0.20)
  📝 Reason: 5m: MACD bullish; 15m: MACD bearish; 1h: MACD bullish; 4h: MACD bearish
  ⚠️ Sell signal but no position

[13:13:09] Cycle 1434
  💰 Current Price: $1.50
  🎯 Signal: SELL (confidence: 0.20)
  📝 Reason: 5m: MACD bullish; 15m: MACD bearish; 1h: MACD bullish; 4h: MACD bearish
  ⚠️ Sell signal but no position

[13:13:40] Cycle 1435
  💰 Current Price: $1.50
  🎯 Signal: SELL (confidence: 0.20)
  📝 Reason: 5m: MACD bullish; 15m: MACD bearish; 1h: MACD bullish; 4h: MACD bearish
  ⚠️ Sell signal but no position

[13:14:11] Cycle 1436
  💰 Current Price: $1.50
  🎯 Signal: SELL (confidence: 0.20)
  📝 Reason: 5m: MACD bullish; 15m: MACD bearish; 1h: MACD bullish; 4h: MACD bearish
  ⚠️ Sell signal but no position

[13:14:42] Cycle 1437
  💰 Current Price: $1.50
  🎯 Signal: SELL (confidence: 0.20)
  📝 Reason: 5m: MACD bullish; 15m: MACD bearish; 1h: MACD bullish; 4h: MACD bearish
  ⚠️ Sell signal but no position

[13:15:13] Cycle 1438
  💰 Current Price: $1.50
  🎯 Signal: SELL (confidence: 0.20)
  📝 Reason: 5m: MACD bullish; 15m: MACD bearish; 1h: MACD bullish; 4h: MACD bearish
  ⚠️ Sell signal but no position

[13:15:44] Cycle 1439
  💰 Current Price: $1.50
  🎯 Signal: SELL (confidence: 0.20)
  📝 Reason: 5m: MACD bullish; 15m: MACD bearish; 1h: MACD bullish; 4h: MACD bearish
  ⚠️ Sell signal but no position

[13:16:15] Cycle 1440
  💰 Current Price: $1.50
  🎯 Signal: SELL (confidence: 0.20)
  📝 Reason: 5m: MACD bullish; 15m: MACD bearish; 1h: MACD bullish; 4h: MACD bearish
  ⚠️ Sell signal but no position

[13:16:46] Cycle 1441
  💰 Current Price: $1.50
  🎯 Signal: SELL (confidence: 0.20)
  📝 Reason: 5m: MACD bullish; 15m: MACD bearish; 1h: MACD bullish; 4h: MACD bearish
  ⚠️ Sell signal but no position

[13:17:17] Cycle 1442
  💰 Current Price: $1.50
  🎯 Signal: SELL (confidence: 0.20)
  📝 Reason: 5m: MACD bullish; 15m: MACD bearish; 1h: MACD bullish; 4h: MACD bearish
  ⚠️ Sell signal but no position

[13:17:48] Cycle 1443
  💰 Current Price: $1.50
  🎯 Signal: SELL (confidence: 0.20)
  📝 Reason: 5m: MACD bullish; 15m: MACD bearish; 1h: MACD bullish; 4h: MACD bearish
  ⚠️ Sell signal but no position

[13:18:19] Cycle 1444
  💰 Current Price: $1.50
  🎯 Signal: SELL (confidence: 0.20)
  📝 Reason: 5m: MACD bullish; 15m: MACD bearish; 1h: MACD bullish; 4h: MACD bearish
  ⚠️ Sell signal but no position

[13:18:50] Cycle 1445
  💰 Current Price: $1.50
  🎯 Signal: SELL (confidence: 0.20)
  📝 Reason: 5m: MACD bullish; 15m: MACD bearish; 1h: MACD bullish; 4h: MACD bearish
  ⚠️ Sell signal but no position

[13:19:21] Cycle 1446
  💰 Current Price: $1.50
  🎯 Signal: SELL (confidence: 0.20)
  📝 Reason: 5m: MACD bullish; 15m: MACD bearish; 1h: MACD bullish; 4h: MACD bearish
  ⚠️ Sell signal but no position

[13:17:48] Cycle 1448
  💰 Current Price: $1.50
  🎯 Signal: SELL (confidence: 0.20)
  📝 Reason: 5m: MACD bullish; 15m: MACD bearish; 1h: MACD bullish; 4h: MACD bearish
  ⚠️ Sell signal but no position

[13:18:19] Cycle 1449
  💰 Current Price: $1.50
  🎯 Signal: SELL (confidence: 0.20)
  📝 Reason: 5m: MACD bullish; 15m: MACD bearish; 1h: MACD bullish; 4h: MACD bearish
  ⚠️ Sell signal but no position

[13:18:50] Cycle 1450
  💰 Current Price: $1.50
  🎯 Signal: SELL (confidence: 0.20)
  📝 Reason: 5m: MACD bullish; 15m: MACD bearish; 1h: MACD bullish; 4h: MACD bearish
  ⚠️ Sell signal but no position

[13:19:21] Cycle 1451
  💰 Current Price: $1.50
  🎯 Signal: SELL (confidence: 0.20)
  📝 Reason: 5m: MACD bullish; 15m: MACD bearish; 1h: MACD bullish; 4h: MACD bearish
  ⚠️ Sell signal but no position

[13:19:51] Cycle 1452
  💰 Current Price: $1.50
  🎯 Signal: SELL (confidence: 0.20)
  📝 Reason: 5m: MACD bullish; 15m: MACD bearish; 1h: MACD bullish; 4h: MACD bearish
  ⚠️ Sell signal but no position

[13:20:22] Cycle 1453
  💰 Current Price: $1.50
  🎯 Signal: SELL (confidence: 0.20)
  📝 Reason: 5m: MACD bullish; 15m: MACD bearish; 1h: MACD bullish; 4h: MACD bearish
  ⚠️ Sell signal but no position

[13:20:53] Cycle 1454
  💰 Current Price: $1.49
  🎯 Signal: SELL (confidence: 0.20)
  📝 Reason: 5m: MACD bullish; 15m: MACD bearish; 1h: MACD bullish; 4h: MACD bearish
  ⚠️ Sell signal but no position

[13:21:24] Cycle 1455
  💰 Current Price: $1.49
  🎯 Signal: SELL (confidence: 0.20)
  📝 Reason: 5m: MACD bullish; 15m: MACD bearish; 1h: MACD bullish; 4h: MACD bearish
  ⚠️ Sell signal but no position

[13:21:55] Cycle 1456
  💰 Current Price: $1.49
  🎯 Signal: SELL (confidence: 0.20)
  📝 Reason: 5m: MACD bullish; 15m: MACD bearish; 1h: MACD bullish; 4h: MACD bearish
  ⚠️ Sell signal but no position

[13:22:26] Cycle 1457
  💰 Current Price: $1.50
  🎯 Signal: SELL (confidence: 0.20)
  📝 Reason: 5m: MACD bullish; 15m: MACD bearish; 1h: MACD bullish; 4h: MACD bearish
  ⚠️ Sell signal but no position

[13:22:57] Cycle 1458
  💰 Current Price: $1.50
  🎯 Signal: SELL (confidence: 0.20)
  📝 Reason: 5m: MACD bullish; 15m: MACD bearish; 1h: MACD bullish; 4h: MACD bearish
  ⚠️ Sell signal but no position

[13:23:28] Cycle 1459
  💰 Current Price: $1.50
  🎯 Signal: SELL (confidence: 0.20)
  📝 Reason: 5m: MACD bullish; 15m: MACD bearish; 1h: MACD bullish; 4h: MACD bearish
  ⚠️ Sell signal but no position

[13:23:59] Cycle 1460
  💰 Current Price: $1.50
  🎯 Signal: SELL (confidence: 0.20)
  📝 Reason: 5m: MACD bullish; 15m: MACD bearish; 1h: MACD bullish; 4h: MACD bearish
  ⚠️ Sell signal but no position

[13:24:30] Cycle 1461
  💰 Current Price: $1.49
  🎯 Signal: SELL (confidence: 0.20)
  📝 Reason: 5m: MACD bullish; 15m: MACD bearish; 1h: MACD bullish; 4h: MACD bearish
  ⚠️ Sell signal but no position

[13:25:01] Cycle 1462
  💰 Current Price: $1.49
  🎯 Signal: SELL (confidence: 0.20)
  📝 Reason: 5m: MACD bullish; 15m: MACD bearish; 1h: MACD bullish; 4h: MACD bearish
  ⚠️ Sell signal but no position

[13:25:32] Cycle 1463
  💰 Current Price: $1.49
  🎯 Signal: SELL (confidence: 0.20)
  📝 Reason: 5m: MACD bullish; 15m: MACD bearish; 1h: MACD bullish; 4h: MACD bearish
  ⚠️ Sell signal but no position

[13:26:03] Cycle 1464
  💰 Current Price: $1.49
  🎯 Signal: SELL (confidence: 0.20)
  📝 Reason: 5m: MACD bullish; 15m: MACD bearish; 1h: MACD bullish; 4h: MACD bearish
  ⚠️ Sell signal but no position

[13:26:34] Cycle 1465
  💰 Current Price: $1.49
  🎯 Signal: SELL (confidence: 0.20)
  📝 Reason: 5m: MACD bullish; 15m: MACD bearish; 1h: MACD bullish; 4h: MACD bearish
  ⚠️ Sell signal but no position

[13:27:05] Cycle 1466
  💰 Current Price: $1.49
  🎯 Signal: SELL (confidence: 0.20)
  📝 Reason: 5m: MACD bullish; 15m: MACD bearish; 1h: MACD bullish; 4h: MACD bearish
  ⚠️ Sell signal but no position

[13:27:36] Cycle 1467
  💰 Current Price: $1.49
  🎯 Signal: SELL (confidence: 0.20)
  📝 Reason: 5m: MACD bullish; 15m: MACD bearish; 1h: MACD bullish; 4h: MACD bearish
  ⚠️ Sell signal but no position

[13:28:07] Cycle 1468
  💰 Current Price: $1.49
  🎯 Signal: SELL (confidence: 0.20)
  📝 Reason: 5m: MACD bullish; 15m: MACD bearish; 1h: MACD bullish; 4h: MACD bearish
  ⚠️ Sell signal but no position

[13:28:38] Cycle 1469
  💰 Current Price: $1.49
  🎯 Signal: SELL (confidence: 0.20)
  📝 Reason: 5m: MACD bullish; 15m: MACD bearish; 1h: MACD bullish; 4h: MACD bearish
  ⚠️ Sell signal but no position

[13:29:08] Cycle 1470
  💰 Current Price: $1.49
  🎯 Signal: SELL (confidence: 0.20)
  📝 Reason: 5m: MACD bullish; 15m: MACD bearish; 1h: MACD bullish; 4h: MACD bearish
  ⚠️ Sell signal but no position

[13:29:39] Cycle 1471
  💰 Current Price: $1.49
  🎯 Signal: SELL (confidence: 0.20)
  📝 Reason: 5m: MACD bullish; 15m: MACD bearish; 1h: MACD bullish; 4h: MACD bearish
  ⚠️ Sell signal but no position

[13:30:10] Cycle 1472
  💰 Current Price: $1.49
  🎯 Signal: SELL (confidence: 0.20)
  📝 Reason: 5m: MACD bullish; 15m: MACD bearish; 1h: MACD bullish; 4h: MACD bearish
  ⚠️ Sell signal but no position

[13:30:41] Cycle 1473
  💰 Current Price: $1.49
  🎯 Signal: SELL (confidence: 0.20)
  📝 Reason: 5m: MACD bullish; 15m: MACD bearish; 1h: MACD bullish; 4h: MACD bearish
  ⚠️ Sell signal but no position

[13:31:12] Cycle 1474
  💰 Current Price: $1.49
  🎯 Signal: SELL (confidence: 0.20)
  📝 Reason: 5m: MACD bullish; 15m: MACD bearish; 1h: MACD bullish; 4h: MACD bearish
  ⚠️ Sell signal but no position

[13:31:43] Cycle 1475
  💰 Current Price: $1.49
  🎯 Signal: SELL (confidence: 0.20)
  📝 Reason: 5m: MACD bullish; 15m: MACD bearish; 1h: MACD bullish; 4h: MACD bearish
  ⚠️ Sell signal but no position

[13:32:14] Cycle 1476
  💰 Current Price: $1.49
  🎯 Signal: SELL (confidence: 0.20)
  📝 Reason: 5m: MACD bullish; 15m: MACD bearish; 1h: MACD bullish; 4h: MACD bearish
  ⚠️ Sell signal but no position

[13:32:45] Cycle 1477
  💰 Current Price: $1.49
  🎯 Signal: SELL (confidence: 0.20)
  📝 Reason: 5m: MACD bullish; 15m: MACD bearish; 1h: MACD bullish; 4h: MACD bearish
  ⚠️ Sell signal but no position

[13:33:16] Cycle 1478
  💰 Current Price: $1.49
  🎯 Signal: SELL (confidence: 0.20)
  📝 Reason: 5m: MACD bullish; 15m: MACD bearish; 1h: MACD bullish; 4h: MACD bearish
  ⚠️ Sell signal but no position

[13:33:46] Cycle 1479
  💰 Current Price: $1.49
  🎯 Signal: SELL (confidence: 0.20)
  📝 Reason: 5m: MACD bullish; 15m: MACD bearish; 1h: MACD bullish; 4h: MACD bearish
  ⚠️ Sell signal but no position

[13:34:17] Cycle 1480
  💰 Current Price: $1.49
  🎯 Signal: SELL (confidence: 0.20)
  📝 Reason: 5m: MACD bullish; 15m: MACD bearish; 1h: MACD bullish; 4h: MACD bearish
  ⚠️ Sell signal but no position

[13:34:49] Cycle 1481
  💰 Current Price: $1.49
  🎯 Signal: SELL (confidence: 0.20)
  📝 Reason: 5m: MACD bullish; 15m: MACD bearish; 1h: MACD bullish; 4h: MACD bearish
  ⚠️ Sell signal but no position

[13:35:19] Cycle 1482
  💰 Current Price: $1.49
  🎯 Signal: SELL (confidence: 0.20)
  📝 Reason: 5m: MACD bullish; 15m: MACD bearish; 1h: MACD bullish; 4h: MACD bearish
  ⚠️ Sell signal but no position

[13:35:50] Cycle 1483
  💰 Current Price: $1.49
  🎯 Signal: SELL (confidence: 0.20)
  📝 Reason: 5m: MACD bullish; 15m: MACD bearish; 1h: MACD bullish; 4h: MACD bearish
  ⚠️ Sell signal but no position

[13:36:21] Cycle 1484
  💰 Current Price: $1.49
  🎯 Signal: SELL (confidence: 0.20)
  📝 Reason: 5m: MACD bullish; 15m: MACD bearish; 1h: MACD bullish; 4h: MACD bearish
  ⚠️ Sell signal but no position

[13:36:52] Cycle 1485
  💰 Current Price: $1.49
  🎯 Signal: SELL (confidence: 0.20)
  📝 Reason: 5m: MACD bullish; 15m: MACD bearish; 1h: MACD bullish; 4h: MACD bearish
  ⚠️ Sell signal but no position

[13:19:52] Cycle 1447
  💰 Current Price: $1.50
  🎯 Signal: SELL (confidence: 0.20)
  📝 Reason: 5m: MACD bullish; 15m: MACD bearish; 1h: MACD bullish; 4h: MACD bearish
  ⚠️ Sell signal but no position

[13:20:22] Cycle 1448
  💰 Current Price: $1.50
  🎯 Signal: SELL (confidence: 0.20)
  📝 Reason: 5m: MACD bullish; 15m: MACD bearish; 1h: MACD bullish; 4h: MACD bearish
  ⚠️ Sell signal but no position

[13:20:53] Cycle 1449
  💰 Current Price: $1.49
  🎯 Signal: SELL (confidence: 0.20)
  📝 Reason: 5m: MACD bullish; 15m: MACD bearish; 1h: MACD bullish; 4h: MACD bearish
  ⚠️ Sell signal but no position

[13:21:24] Cycle 1450
  💰 Current Price: $1.49
  🎯 Signal: SELL (confidence: 0.20)
  📝 Reason: 5m: MACD bullish; 15m: MACD bearish; 1h: MACD bullish; 4h: MACD bearish
  ⚠️ Sell signal but no position

[13:21:55] Cycle 1451
  💰 Current Price: $1.49
  🎯 Signal: SELL (confidence: 0.20)
  📝 Reason: 5m: MACD bullish; 15m: MACD bearish; 1h: MACD bullish; 4h: MACD bearish
  ⚠️ Sell signal but no position

[13:22:26] Cycle 1452
  💰 Current Price: $1.50
  🎯 Signal: SELL (confidence: 0.20)
  📝 Reason: 5m: MACD bullish; 15m: MACD bearish; 1h: MACD bullish; 4h: MACD bearish
  ⚠️ Sell signal but no position

[13:22:57] Cycle 1453
  💰 Current Price: $1.50
  🎯 Signal: SELL (confidence: 0.20)
  📝 Reason: 5m: MACD bullish; 15m: MACD bearish; 1h: MACD bullish; 4h: MACD bearish
  ⚠️ Sell signal but no position

[13:23:28] Cycle 1454
  💰 Current Price: $1.50
  🎯 Signal: SELL (confidence: 0.20)
  📝 Reason: 5m: MACD bullish; 15m: MACD bearish; 1h: MACD bullish; 4h: MACD bearish
  ⚠️ Sell signal but no position

[13:23:59] Cycle 1455
  💰 Current Price: $1.50
  🎯 Signal: SELL (confidence: 0.20)
  📝 Reason: 5m: MACD bullish; 15m: MACD bearish; 1h: MACD bullish; 4h: MACD bearish
  ⚠️ Sell signal but no position

[13:24:30] Cycle 1456
  💰 Current Price: $1.49
  🎯 Signal: SELL (confidence: 0.20)
  📝 Reason: 5m: MACD bullish; 15m: MACD bearish; 1h: MACD bullish; 4h: MACD bearish
  ⚠️ Sell signal but no position

[13:25:01] Cycle 1457
  💰 Current Price: $1.49
  🎯 Signal: SELL (confidence: 0.20)
  📝 Reason: 5m: MACD bullish; 15m: MACD bearish; 1h: MACD bullish; 4h: MACD bearish
  ⚠️ Sell signal but no position

[13:25:32] Cycle 1458
  💰 Current Price: $1.49
  🎯 Signal: SELL (confidence: 0.20)
  📝 Reason: 5m: MACD bullish; 15m: MACD bearish; 1h: MACD bullish; 4h: MACD bearish
  ⚠️ Sell signal but no position

[13:26:03] Cycle 1459
  💰 Current Price: $1.49
  🎯 Signal: SELL (confidence: 0.20)
  📝 Reason: 5m: MACD bullish; 15m: MACD bearish; 1h: MACD bullish; 4h: MACD bearish
  ⚠️ Sell signal but no position

[13:26:34] Cycle 1460
  💰 Current Price: $1.49
  🎯 Signal: SELL (confidence: 0.20)
  📝 Reason: 5m: MACD bullish; 15m: MACD bearish; 1h: MACD bullish; 4h: MACD bearish
  ⚠️ Sell signal but no position

[13:27:05] Cycle 1461
  💰 Current Price: $1.49
  🎯 Signal: SELL (confidence: 0.20)
  📝 Reason: 5m: MACD bullish; 15m: MACD bearish; 1h: MACD bullish; 4h: MACD bearish
  ⚠️ Sell signal but no position

[13:27:36] Cycle 1462
  💰 Current Price: $1.49
  🎯 Signal: SELL (confidence: 0.20)
  📝 Reason: 5m: MACD bullish; 15m: MACD bearish; 1h: MACD bullish; 4h: MACD bearish
  ⚠️ Sell signal but no position

[13:28:07] Cycle 1463
  💰 Current Price: $1.49
  🎯 Signal: SELL (confidence: 0.20)
  📝 Reason: 5m: MACD bullish; 15m: MACD bearish; 1h: MACD bullish; 4h: MACD bearish
  ⚠️ Sell signal but no position

[13:28:38] Cycle 1464
  💰 Current Price: $1.49
  🎯 Signal: SELL (confidence: 0.20)
  📝 Reason: 5m: MACD bullish; 15m: MACD bearish; 1h: MACD bullish; 4h: MACD bearish
  ⚠️ Sell signal but no position

[13:29:08] Cycle 1465
  💰 Current Price: $1.49
  🎯 Signal: SELL (confidence: 0.20)
  📝 Reason: 5m: MACD bullish; 15m: MACD bearish; 1h: MACD bullish; 4h: MACD bearish
  ⚠️ Sell signal but no position

[13:29:40] Cycle 1466
  💰 Current Price: $1.49
  🎯 Signal: SELL (confidence: 0.20)
  📝 Reason: 5m: MACD bullish; 15m: MACD bearish; 1h: MACD bullish; 4h: MACD bearish
  ⚠️ Sell signal but no position

[13:30:10] Cycle 1467
  💰 Current Price: $1.49
  🎯 Signal: SELL (confidence: 0.20)
  📝 Reason: 5m: MACD bullish; 15m: MACD bearish; 1h: MACD bullish; 4h: MACD bearish
  ⚠️ Sell signal but no position

[13:30:41] Cycle 1468
  💰 Current Price: $1.49
  🎯 Signal: SELL (confidence: 0.20)
  📝 Reason: 5m: MACD bullish; 15m: MACD bearish; 1h: MACD bullish; 4h: MACD bearish
  ⚠️ Sell signal but no position

[13:31:12] Cycle 1469
  💰 Current Price: $1.49
  🎯 Signal: SELL (confidence: 0.20)
  📝 Reason: 5m: MACD bullish; 15m: MACD bearish; 1h: MACD bullish; 4h: MACD bearish
  ⚠️ Sell signal but no position

[13:31:43] Cycle 1470
  💰 Current Price: $1.49
  🎯 Signal: SELL (confidence: 0.20)
  📝 Reason: 5m: MACD bullish; 15m: MACD bearish; 1h: MACD bullish; 4h: MACD bearish
  ⚠️ Sell signal but no position

[13:32:14] Cycle 1471
  💰 Current Price: $1.49
  🎯 Signal: SELL (confidence: 0.20)
  📝 Reason: 5m: MACD bullish; 15m: MACD bearish; 1h: MACD bullish; 4h: MACD bearish
  ⚠️ Sell signal but no position

[13:32:45] Cycle 1472
  💰 Current Price: $1.49
  🎯 Signal: SELL (confidence: 0.20)
  📝 Reason: 5m: MACD bullish; 15m: MACD bearish; 1h: MACD bullish; 4h: MACD bearish
  ⚠️ Sell signal but no position

[13:33:15] Cycle 1473
  💰 Current Price: $1.49
  🎯 Signal: SELL (confidence: 0.20)
  📝 Reason: 5m: MACD bullish; 15m: MACD bearish; 1h: MACD bullish; 4h: MACD bearish
  ⚠️ Sell signal but no position

[13:33:47] Cycle 1474
  💰 Current Price: $1.49
  🎯 Signal: SELL (confidence: 0.20)
  📝 Reason: 5m: MACD bullish; 15m: MACD bearish; 1h: MACD bullish; 4h: MACD bearish
  ⚠️ Sell signal but no position

[13:34:18] Cycle 1475
  💰 Current Price: $1.49
  🎯 Signal: SELL (confidence: 0.20)
  📝 Reason: 5m: MACD bullish; 15m: MACD bearish; 1h: MACD bullish; 4h: MACD bearish
  ⚠️ Sell signal but no position

[13:34:49] Cycle 1476
  💰 Current Price: $1.49
  🎯 Signal: SELL (confidence: 0.20)
  📝 Reason: 5m: MACD bullish; 15m: MACD bearish; 1h: MACD bullish; 4h: MACD bearish
  ⚠️ Sell signal but no position

[13:35:19] Cycle 1477
  💰 Current Price: $1.49
  🎯 Signal: SELL (confidence: 0.20)
  📝 Reason: 5m: MACD bullish; 15m: MACD bearish; 1h: MACD bullish; 4h: MACD bearish
  ⚠️ Sell signal but no position

[13:35:50] Cycle 1478
  💰 Current Price: $1.49
  🎯 Signal: SELL (confidence: 0.20)
  📝 Reason: 5m: MACD bullish; 15m: MACD bearish; 1h: MACD bullish; 4h: MACD bearish
  ⚠️ Sell signal but no position

[13:36:21] Cycle 1479
  💰 Current Price: $1.49
  🎯 Signal: SELL (confidence: 0.20)
  📝 Reason: 5m: MACD bullish; 15m: MACD bearish; 1h: MACD bullish; 4h: MACD bearish
  ⚠️ Sell signal but no position

[13:36:52] Cycle 1480
  💰 Current Price: $1.49
  🎯 Signal: SELL (confidence: 0.20)
  📝 Reason: 5m: MACD bullish; 15m: MACD bearish; 1h: MACD bullish; 4h: MACD bearish
  ⚠️ Sell signal but no position

[13:37:23] Cycle 1481
  💰 Current Price: $1.49
  🎯 Signal: SELL (confidence: 0.20)
  📝 Reason: 5m: MACD bullish; 15m: MACD bearish; 1h: MACD bullish; 4h: MACD bearish
  ⚠️ Sell signal but no position

[13:37:54] Cycle 1482
  💰 Current Price: $1.49
  🎯 Signal: SELL (confidence: 0.20)
  📝 Reason: 5m: MACD bullish; 15m: MACD bearish; 1h: MACD bullish; 4h: MACD bearish
  ⚠️ Sell signal but no position

[13:38:25] Cycle 1483
  💰 Current Price: $1.49
  🎯 Signal: SELL (confidence: 0.20)
  📝 Reason: 5m: MACD bullish; 15m: MACD bearish; 1h: MACD bullish; 4h: MACD bearish
  ⚠️ Sell signal but no position

[13:38:56] Cycle 1484
  💰 Current Price: $1.49
  🎯 Signal: SELL (confidence: 0.20)
  📝 Reason: 5m: MACD bullish; 15m: MACD bearish; 1h: MACD bullish; 4h: MACD bearish
  ⚠️ Sell signal but no position

[13:37:23] Cycle 1486
  💰 Current Price: $1.49
  🎯 Signal: SELL (confidence: 0.20)
  📝 Reason: 5m: MACD bullish; 15m: MACD bearish; 1h: MACD bullish; 4h: MACD bearish
  ⚠️ Sell signal but no position

[13:37:54] Cycle 1487
  💰 Current Price: $1.49
  🎯 Signal: SELL (confidence: 0.20)
  📝 Reason: 5m: MACD bullish; 15m: MACD bearish; 1h: MACD bullish; 4h: MACD bearish
  ⚠️ Sell signal but no position

[13:38:25] Cycle 1488
  💰 Current Price: $1.49
  🎯 Signal: SELL (confidence: 0.20)
  📝 Reason: 5m: MACD bullish; 15m: MACD bearish; 1h: MACD bullish; 4h: MACD bearish
  ⚠️ Sell signal but no position

[13:38:56] Cycle 1489
  💰 Current Price: $1.49
  🎯 Signal: SELL (confidence: 0.20)
  📝 Reason: 5m: MACD bullish; 15m: MACD bearish; 1h: MACD bullish; 4h: MACD bearish
  ⚠️ Sell signal but no position

[13:39:27] Cycle 1490
  💰 Current Price: $1.49
  🎯 Signal: SELL (confidence: 0.20)
  📝 Reason: 5m: MACD bullish; 15m: MACD bearish; 1h: MACD bullish; 4h: MACD bearish
  ⚠️ Sell signal but no position

[13:39:58] Cycle 1491
  💰 Current Price: $1.49
  🎯 Signal: SELL (confidence: 0.20)
  📝 Reason: 5m: MACD bullish; 15m: MACD bearish; 1h: MACD bullish; 4h: MACD bearish
  ⚠️ Sell signal but no position

[13:40:29] Cycle 1492
  💰 Current Price: $1.49
  🎯 Signal: SELL (confidence: 0.20)
  📝 Reason: 5m: MACD bullish; 15m: MACD bearish; 1h: MACD bullish; 4h: MACD bearish
  ⚠️ Sell signal but no position

[13:40:59] Cycle 1493
  💰 Current Price: $1.49
  🎯 Signal: SELL (confidence: 0.20)
  📝 Reason: 5m: MACD bullish; 15m: MACD bearish; 1h: MACD bullish; 4h: MACD bearish
  ⚠️ Sell signal but no position

[13:41:30] Cycle 1494
  💰 Current Price: $1.49
  🎯 Signal: SELL (confidence: 0.20)
  📝 Reason: 5m: MACD bullish; 15m: MACD bearish; 1h: MACD bullish; 4h: MACD bearish
  ⚠️ Sell signal but no position

[13:42:01] Cycle 1495
  💰 Current Price: $1.49
  🎯 Signal: SELL (confidence: 0.20)
  📝 Reason: 5m: MACD bullish; 15m: MACD bearish; 1h: MACD bullish; 4h: MACD bearish
  ⚠️ Sell signal but no position

[13:42:32] Cycle 1496
  💰 Current Price: $1.49
  🎯 Signal: SELL (confidence: 0.20)
  📝 Reason: 5m: MACD bullish; 15m: MACD bearish; 1h: MACD bullish; 4h: MACD bearish
  ⚠️ Sell signal but no position

[13:43:03] Cycle 1497
  💰 Current Price: $1.49
  🎯 Signal: SELL (confidence: 0.20)
  📝 Reason: 5m: MACD bullish; 15m: MACD bearish; 1h: MACD bullish; 4h: MACD bearish
  ⚠️ Sell signal but no position

[13:43:34] Cycle 1498
  💰 Current Price: $1.49
  🎯 Signal: SELL (confidence: 0.20)
  📝 Reason: 5m: MACD bullish; 15m: MACD bearish; 1h: MACD bullish; 4h: MACD bearish
  ⚠️ Sell signal but no position

[13:44:05] Cycle 1499
  💰 Current Price: $1.49
  🎯 Signal: SELL (confidence: 0.20)
  📝 Reason: 5m: MACD bullish; 15m: MACD bearish; 1h: MACD bullish; 4h: MACD bearish
  ⚠️ Sell signal but no position

[13:44:36] Cycle 1500
  💰 Current Price: $1.49
  🎯 Signal: SELL (confidence: 0.20)
  📝 Reason: 5m: MACD bullish; 15m: MACD bearish; 1h: MACD bullish; 4h: MACD bearish
  ⚠️ Sell signal but no position

[13:45:07] Cycle 1501
  💰 Current Price: $1.49
  🎯 Signal: SELL (confidence: 0.20)
  📝 Reason: 5m: MACD bullish; 15m: MACD bearish; 1h: MACD bullish; 4h: MACD bearish
  ⚠️ Sell signal but no position

[13:45:37] Cycle 1502
  💰 Current Price: $1.49
  🎯 Signal: SELL (confidence: 0.20)
  📝 Reason: 5m: MACD bullish; 15m: MACD bearish; 1h: MACD bullish; 4h: MACD bearish
  ⚠️ Sell signal but no position

[13:46:08] Cycle 1503
  💰 Current Price: $1.49
  🎯 Signal: SELL (confidence: 0.20)
  📝 Reason: 5m: MACD bullish; 15m: MACD bearish; 1h: MACD bullish; 4h: MACD bearish
  ⚠️ Sell signal but no position

[13:46:39] Cycle 1504
  💰 Current Price: $1.49
  🎯 Signal: SELL (confidence: 0.20)
  📝 Reason: 5m: MACD bullish; 15m: MACD bearish; 1h: MACD bullish; 4h: MACD bearish
  ⚠️ Sell signal but no position

[13:47:10] Cycle 1505
  💰 Current Price: $1.49
  🎯 Signal: SELL (confidence: 0.20)
  📝 Reason: 5m: MACD bullish; 15m: MACD bearish; 1h: MACD bullish; 4h: MACD bearish
  ⚠️ Sell signal but no position

[13:47:40] Cycle 1506
  💰 Current Price: $1.49
  🎯 Signal: SELL (confidence: 0.20)
  📝 Reason: 5m: MACD bullish; 15m: MACD bearish; 1h: MACD bullish; 4h: MACD bearish
  ⚠️ Sell signal but no position

[13:48:11] Cycle 1507
  💰 Current Price: $1.49
  🎯 Signal: SELL (confidence: 0.20)
  📝 Reason: 5m: MACD bullish; 15m: MACD bearish; 1h: MACD bullish; 4h: MACD bearish
  ⚠️ Sell signal but no position

[13:48:42] Cycle 1508
  💰 Current Price: $1.49
  🎯 Signal: SELL (confidence: 0.20)
  📝 Reason: 5m: MACD bullish; 15m: MACD bearish; 1h: MACD bullish; 4h: MACD bearish
  ⚠️ Sell signal but no position

[13:49:13] Cycle 1509
  💰 Current Price: $1.49
  🎯 Signal: SELL (confidence: 0.20)
  📝 Reason: 5m: MACD bullish; 15m: MACD bearish; 1h: MACD bullish; 4h: MACD bearish
  ⚠️ Sell signal but no position

[13:49:44] Cycle 1510
  💰 Current Price: $1.49
  🎯 Signal: SELL (confidence: 0.20)
  📝 Reason: 5m: MACD bullish; 15m: MACD bearish; 1h: MACD bullish; 4h: MACD bearish
  ⚠️ Sell signal but no position

[13:50:14] Cycle 1511
  💰 Current Price: $1.49
  🎯 Signal: SELL (confidence: 0.30)
  📝 Reason: 5m: MACD bearish; 15m: MACD bearish; 1h: MACD bullish; 4h: MACD bearish
  ⚠️ Sell signal but no position

[13:50:45] Cycle 1512
  💰 Current Price: $1.49
  🎯 Signal: SELL (confidence: 0.30)
  📝 Reason: 5m: MACD bearish; 15m: MACD bearish; 1h: MACD bullish; 4h: MACD bearish
  ⚠️ Sell signal but no position

[13:51:16] Cycle 1513
  💰 Current Price: $1.49
  🎯 Signal: SELL (confidence: 0.30)
  📝 Reason: 5m: MACD bearish; 15m: MACD bearish; 1h: MACD bullish; 4h: MACD bearish
  ⚠️ Sell signal but no position

[13:51:47] Cycle 1514
  💰 Current Price: $1.49
  🎯 Signal: SELL (confidence: 0.30)
  📝 Reason: 5m: MACD bearish; 15m: MACD bearish; 1h: MACD bullish; 4h: MACD bearish
  ⚠️ Sell signal but no position

[13:52:17] Cycle 1515
  💰 Current Price: $1.49
  🎯 Signal: SELL (confidence: 0.30)
  📝 Reason: 5m: MACD bearish; 15m: MACD bearish; 1h: MACD bullish; 4h: MACD bearish
  ⚠️ Sell signal but no position

[13:52:48] Cycle 1516
  💰 Current Price: $1.49
  🎯 Signal: SELL (confidence: 0.30)
  📝 Reason: 5m: MACD bearish; 15m: MACD bearish; 1h: MACD bullish; 4h: MACD bearish
  ⚠️ Sell signal but no position

[13:53:20] Cycle 1517
  💰 Current Price: $1.49
  🎯 Signal: SELL (confidence: 0.30)
  📝 Reason: 5m: MACD bearish; 15m: MACD bearish; 1h: MACD bullish; 4h: MACD bearish
  ⚠️ Sell signal but no position

[13:53:50] Cycle 1518
  💰 Current Price: $1.49
  🎯 Signal: SELL (confidence: 0.30)
  📝 Reason: 5m: MACD bearish; 15m: MACD bearish; 1h: MACD bullish; 4h: MACD bearish
  ⚠️ Sell signal but no position

[13:54:21] Cycle 1519
  💰 Current Price: $1.49
  🎯 Signal: SELL (confidence: 0.30)
  📝 Reason: 5m: MACD bearish; 15m: MACD bearish; 1h: MACD bullish; 4h: MACD bearish
  ⚠️ Sell signal but no position

[13:54:52] Cycle 1520
  💰 Current Price: $1.49
  🎯 Signal: SELL (confidence: 0.30)
  📝 Reason: 5m: MACD bearish; 15m: MACD bearish; 1h: MACD bullish; 4h: MACD bearish
  ⚠️ Sell signal but no position

[13:55:23] Cycle 1521
  💰 Current Price: $1.49
  🎯 Signal: SELL (confidence: 0.30)
  📝 Reason: 5m: MACD bearish; 15m: MACD bearish; 1h: MACD bullish; 4h: MACD bearish
  ⚠️ Sell signal but no position

[13:55:54] Cycle 1522
  💰 Current Price: $1.49
  🎯 Signal: SELL (confidence: 0.30)
  📝 Reason: 5m: MACD bearish; 15m: MACD bearish; 1h: MACD bullish; 4h: MACD bearish
  ⚠️ Sell signal but no position

[13:56:25] Cycle 1523
  💰 Current Price: $1.49
  🎯 Signal: SELL (confidence: 0.30)
  📝 Reason: 5m: MACD bullish; 15m: MACD bearish; 1h: MACD bullish; 4h: MACD bearish
  ⚠️ Sell signal but no position

[13:39:27] Cycle 1485
  💰 Current Price: $1.49
  🎯 Signal: SELL (confidence: 0.20)
  📝 Reason: 5m: MACD bullish; 15m: MACD bearish; 1h: MACD bullish; 4h: MACD bearish
  ⚠️ Sell signal but no position

[13:39:58] Cycle 1486
  💰 Current Price: $1.49
  🎯 Signal: SELL (confidence: 0.20)
  📝 Reason: 5m: MACD bullish; 15m: MACD bearish; 1h: MACD bullish; 4h: MACD bearish
  ⚠️ Sell signal but no position

[13:40:29] Cycle 1487
  💰 Current Price: $1.49
  🎯 Signal: SELL (confidence: 0.20)
  📝 Reason: 5m: MACD bullish; 15m: MACD bearish; 1h: MACD bullish; 4h: MACD bearish
  ⚠️ Sell signal but no position

[13:40:59] Cycle 1488
  💰 Current Price: $1.49
  🎯 Signal: SELL (confidence: 0.20)
  📝 Reason: 5m: MACD bullish; 15m: MACD bearish; 1h: MACD bullish; 4h: MACD bearish
  ⚠️ Sell signal but no position

[13:41:30] Cycle 1489
  💰 Current Price: $1.49
  🎯 Signal: SELL (confidence: 0.20)
  📝 Reason: 5m: MACD bullish; 15m: MACD bearish; 1h: MACD bullish; 4h: MACD bearish
  ⚠️ Sell signal but no position

[13:42:01] Cycle 1490
  💰 Current Price: $1.49
  🎯 Signal: SELL (confidence: 0.20)
  📝 Reason: 5m: MACD bullish; 15m: MACD bearish; 1h: MACD bullish; 4h: MACD bearish
  ⚠️ Sell signal but no position

[13:42:32] Cycle 1491
  💰 Current Price: $1.49
  🎯 Signal: SELL (confidence: 0.20)
  📝 Reason: 5m: MACD bullish; 15m: MACD bearish; 1h: MACD bullish; 4h: MACD bearish
  ⚠️ Sell signal but no position

[13:43:03] Cycle 1492
  💰 Current Price: $1.49
  🎯 Signal: SELL (confidence: 0.20)
  📝 Reason: 5m: MACD bullish; 15m: MACD bearish; 1h: MACD bullish; 4h: MACD bearish
  ⚠️ Sell signal but no position

[13:43:34] Cycle 1493
  💰 Current Price: $1.49
  🎯 Signal: SELL (confidence: 0.20)
  📝 Reason: 5m: MACD bullish; 15m: MACD bearish; 1h: MACD bullish; 4h: MACD bearish
  ⚠️ Sell signal but no position

[13:44:05] Cycle 1494
  💰 Current Price: $1.49
  🎯 Signal: SELL (confidence: 0.20)
  📝 Reason: 5m: MACD bullish; 15m: MACD bearish; 1h: MACD bullish; 4h: MACD bearish
  ⚠️ Sell signal but no position

[13:44:36] Cycle 1495
  💰 Current Price: $1.49
  🎯 Signal: SELL (confidence: 0.20)
  📝 Reason: 5m: MACD bullish; 15m: MACD bearish; 1h: MACD bullish; 4h: MACD bearish
  ⚠️ Sell signal but no position

[13:45:07] Cycle 1496
  💰 Current Price: $1.49
  🎯 Signal: SELL (confidence: 0.20)
  📝 Reason: 5m: MACD bullish; 15m: MACD bearish; 1h: MACD bullish; 4h: MACD bearish
  ⚠️ Sell signal but no position

[13:45:37] Cycle 1497
  💰 Current Price: $1.49
  🎯 Signal: SELL (confidence: 0.20)
  📝 Reason: 5m: MACD bullish; 15m: MACD bearish; 1h: MACD bullish; 4h: MACD bearish
  ⚠️ Sell signal but no position

[13:46:08] Cycle 1498
  💰 Current Price: $1.49
  🎯 Signal: SELL (confidence: 0.20)
  📝 Reason: 5m: MACD bullish; 15m: MACD bearish; 1h: MACD bullish; 4h: MACD bearish
  ⚠️ Sell signal but no position

[13:46:39] Cycle 1499
  💰 Current Price: $1.49
  🎯 Signal: SELL (confidence: 0.20)
  📝 Reason: 5m: MACD bullish; 15m: MACD bearish; 1h: MACD bullish; 4h: MACD bearish
  ⚠️ Sell signal but no position

[13:47:10] Cycle 1500
  💰 Current Price: $1.49
  🎯 Signal: SELL (confidence: 0.20)
  📝 Reason: 5m: MACD bullish; 15m: MACD bearish; 1h: MACD bullish; 4h: MACD bearish
  ⚠️ Sell signal but no position

[13:47:40] Cycle 1501
  💰 Current Price: $1.49
  🎯 Signal: SELL (confidence: 0.20)
  📝 Reason: 5m: MACD bullish; 15m: MACD bearish; 1h: MACD bullish; 4h: MACD bearish
  ⚠️ Sell signal but no position

[13:48:11] Cycle 1502
  💰 Current Price: $1.49
  🎯 Signal: SELL (confidence: 0.20)
  📝 Reason: 5m: MACD bullish; 15m: MACD bearish; 1h: MACD bullish; 4h: MACD bearish
  ⚠️ Sell signal but no position

[13:48:42] Cycle 1503
  💰 Current Price: $1.49
  🎯 Signal: SELL (confidence: 0.20)
  📝 Reason: 5m: MACD bullish; 15m: MACD bearish; 1h: MACD bullish; 4h: MACD bearish
  ⚠️ Sell signal but no position

[13:49:13] Cycle 1504
  💰 Current Price: $1.49
  🎯 Signal: SELL (confidence: 0.20)
  📝 Reason: 5m: MACD bullish; 15m: MACD bearish; 1h: MACD bullish; 4h: MACD bearish
  ⚠️ Sell signal but no position

[13:49:44] Cycle 1505
  💰 Current Price: $1.49
  🎯 Signal: SELL (confidence: 0.20)
  📝 Reason: 5m: MACD bullish; 15m: MACD bearish; 1h: MACD bullish; 4h: MACD bearish
  ⚠️ Sell signal but no position

[13:50:14] Cycle 1506
  💰 Current Price: $1.49
  🎯 Signal: SELL (confidence: 0.30)
  📝 Reason: 5m: MACD bearish; 15m: MACD bearish; 1h: MACD bullish; 4h: MACD bearish
  ⚠️ Sell signal but no position

[13:50:45] Cycle 1507
  💰 Current Price: $1.49
  🎯 Signal: SELL (confidence: 0.30)
  📝 Reason: 5m: MACD bearish; 15m: MACD bearish; 1h: MACD bullish; 4h: MACD bearish
  ⚠️ Sell signal but no position

[13:51:16] Cycle 1508
  💰 Current Price: $1.49
  🎯 Signal: SELL (confidence: 0.30)
  📝 Reason: 5m: MACD bearish; 15m: MACD bearish; 1h: MACD bullish; 4h: MACD bearish
  ⚠️ Sell signal but no position

[13:51:47] Cycle 1509
  💰 Current Price: $1.49
  🎯 Signal: SELL (confidence: 0.30)
  📝 Reason: 5m: MACD bearish; 15m: MACD bearish; 1h: MACD bullish; 4h: MACD bearish
  ⚠️ Sell signal but no position

[13:52:17] Cycle 1510
  💰 Current Price: $1.49
  🎯 Signal: SELL (confidence: 0.30)
  📝 Reason: 5m: MACD bearish; 15m: MACD bearish; 1h: MACD bullish; 4h: MACD bearish
  ⚠️ Sell signal but no position

[13:52:48] Cycle 1511
  💰 Current Price: $1.49
  🎯 Signal: SELL (confidence: 0.30)
  📝 Reason: 5m: MACD bearish; 15m: MACD bearish; 1h: MACD bullish; 4h: MACD bearish
  ⚠️ Sell signal but no position

[13:53:20] Cycle 1512
  💰 Current Price: $1.49
  🎯 Signal: SELL (confidence: 0.30)
  📝 Reason: 5m: MACD bearish; 15m: MACD bearish; 1h: MACD bullish; 4h: MACD bearish
  ⚠️ Sell signal but no position

[13:53:50] Cycle 1513
  💰 Current Price: $1.49
  🎯 Signal: SELL (confidence: 0.30)
  📝 Reason: 5m: MACD bearish; 15m: MACD bearish; 1h: MACD bullish; 4h: MACD bearish
  ⚠️ Sell signal but no position

[13:54:21] Cycle 1514
  💰 Current Price: $1.49
  🎯 Signal: SELL (confidence: 0.30)
  📝 Reason: 5m: MACD bearish; 15m: MACD bearish; 1h: MACD bullish; 4h: MACD bearish
  ⚠️ Sell signal but no position

[13:54:52] Cycle 1515
  💰 Current Price: $1.49
  🎯 Signal: SELL (confidence: 0.30)
  📝 Reason: 5m: MACD bearish; 15m: MACD bearish; 1h: MACD bullish; 4h: MACD bearish
  ⚠️ Sell signal but no position

[13:55:23] Cycle 1516
  💰 Current Price: $1.49
  🎯 Signal: SELL (confidence: 0.30)
  📝 Reason: 5m: MACD bearish; 15m: MACD bearish; 1h: MACD bullish; 4h: MACD bearish
  ⚠️ Sell signal but no position

[13:55:54] Cycle 1517
  💰 Current Price: $1.49
  🎯 Signal: SELL (confidence: 0.30)
  📝 Reason: 5m: MACD bearish; 15m: MACD bearish; 1h: MACD bullish; 4h: MACD bearish
  ⚠️ Sell signal but no position

[13:56:25] Cycle 1518
  💰 Current Price: $1.49
  🎯 Signal: SELL (confidence: 0.30)
  📝 Reason: 5m: MACD bearish; 15m: MACD bearish; 1h: MACD bullish; 4h: MACD bearish
  ⚠️ Sell signal but no position

[13:56:56] Cycle 1519
  💰 Current Price: $1.49
  🎯 Signal: SELL (confidence: 0.30)
  📝 Reason: 5m: MACD bearish; 15m: MACD bearish; 1h: MACD bullish; 4h: MACD bearish
  ⚠️ Sell signal but no position

[13:57:27] Cycle 1520
  💰 Current Price: $1.49
  🎯 Signal: SELL (confidence: 0.30)
  📝 Reason: 5m: MACD bearish; 15m: MACD bearish; 1h: MACD bullish; 4h: MACD bearish
  ⚠️ Sell signal but no position

[13:57:57] Cycle 1521
  💰 Current Price: $1.49
  🎯 Signal: SELL (confidence: 0.30)
  📝 Reason: 5m: MACD bearish; 15m: MACD bearish; 1h: MACD bullish; 4h: MACD bearish
  ⚠️ Sell signal but no position

[13:58:29] Cycle 1522
  💰 Current Price: $1.49
  🎯 Signal: SELL (confidence: 0.30)
  📝 Reason: 5m: MACD bearish; 15m: MACD bearish; 1h: MACD bullish; 4h: MACD bearish
  ⚠️ Sell signal but no position

[13:56:56] Cycle 1524
  💰 Current Price: $1.49
  🎯 Signal: SELL (confidence: 0.30)
  📝 Reason: 5m: MACD bearish; 15m: MACD bearish; 1h: MACD bullish; 4h: MACD bearish
  ⚠️ Sell signal but no position

[13:57:27] Cycle 1525
  💰 Current Price: $1.49
  🎯 Signal: SELL (confidence: 0.30)
  📝 Reason: 5m: MACD bearish; 15m: MACD bearish; 1h: MACD bullish; 4h: MACD bearish
  ⚠️ Sell signal but no position

[13:57:57] Cycle 1526
  💰 Current Price: $1.49
  🎯 Signal: SELL (confidence: 0.30)
  📝 Reason: 5m: MACD bearish; 15m: MACD bearish; 1h: MACD bullish; 4h: MACD bearish
  ⚠️ Sell signal but no position

[13:58:29] Cycle 1527
  💰 Current Price: $1.49
  🎯 Signal: SELL (confidence: 0.30)
  📝 Reason: 5m: MACD bearish; 15m: MACD bearish; 1h: MACD bullish; 4h: MACD bearish
  ⚠️ Sell signal but no position

[13:59:00] Cycle 1528
  💰 Current Price: $1.49
  🎯 Signal: SELL (confidence: 0.30)
  📝 Reason: 5m: MACD bearish; 15m: MACD bearish; 1h: MACD bullish; 4h: MACD bearish
  ⚠️ Sell signal but no position

[13:59:31] Cycle 1529
  💰 Current Price: $1.49
  🎯 Signal: SELL (confidence: 0.30)
  📝 Reason: 5m: MACD bearish; 15m: MACD bearish; 1h: MACD bullish; 4h: MACD bearish
  ⚠️ Sell signal but no position

[14:00:02] Cycle 1530
  💰 Current Price: $1.49
  🎯 Signal: SELL (confidence: 0.30)
  📝 Reason: 5m: MACD bearish; 15m: MACD bearish; 1h: MACD bullish; 4h: MACD bearish
  ⚠️ Sell signal but no position

[14:00:32] Cycle 1531
  💰 Current Price: $1.49
  🎯 Signal: SELL (confidence: 0.30)
  📝 Reason: 5m: MACD bearish; 15m: MACD bearish; 1h: MACD bullish; 4h: MACD bearish
  ⚠️ Sell signal but no position

[14:01:03] Cycle 1532
  💰 Current Price: $1.49
  🎯 Signal: SELL (confidence: 0.30)
  📝 Reason: 5m: MACD bearish; 15m: MACD bearish; 1h: MACD bullish; 4h: MACD bearish
  ⚠️ Sell signal but no position

[14:01:34] Cycle 1533
  💰 Current Price: $1.49
  🎯 Signal: SELL (confidence: 0.30)
  📝 Reason: 5m: MACD bearish; 15m: MACD bearish; 1h: MACD bullish; 4h: MACD bearish
  ⚠️ Sell signal but no position

[14:02:05] Cycle 1534
  💰 Current Price: $1.49
  🎯 Signal: SELL (confidence: 0.30)
  📝 Reason: 5m: MACD bearish; 15m: MACD bearish; 1h: MACD bullish; 4h: MACD bearish
  ⚠️ Sell signal but no position

[14:02:36] Cycle 1535
  💰 Current Price: $1.48
  🎯 Signal: SELL (confidence: 0.20)
  📝 Reason: 5m: RSI oversold (32.5); 5m: MACD bearish; 15m: MACD bearish; 1h: MACD bullish
  ⚠️ Sell signal but no position

[14:03:07] Cycle 1536
  💰 Current Price: $1.48
  🎯 Signal: SELL (confidence: 0.20)
  📝 Reason: 5m: RSI oversold (31.1); 5m: MACD bearish; 15m: MACD bearish; 1h: MACD bullish
  ⚠️ Sell signal but no position

[14:03:38] Cycle 1537
  💰 Current Price: $1.48
  🎯 Signal: SELL (confidence: 0.20)
  📝 Reason: 5m: RSI oversold (32.6); 5m: MACD bearish; 15m: MACD bearish; 1h: MACD bullish
  ⚠️ Sell signal but no position

[14:04:09] Cycle 1538
  💰 Current Price: $1.48
  🎯 Signal: SELL (confidence: 0.20)
  📝 Reason: 5m: RSI oversold (32.6); 5m: MACD bearish; 15m: MACD bearish; 1h: MACD bullish
  ⚠️ Sell signal but no position

[14:04:40] Cycle 1539
  💰 Current Price: $1.48
  🎯 Signal: SELL (confidence: 0.20)
  📝 Reason: 5m: RSI oversold (32.6); 5m: MACD bearish; 15m: MACD bearish; 1h: MACD bullish
  ⚠️ Sell signal but no position

[14:05:11] Cycle 1540
  💰 Current Price: $1.48
  🎯 Signal: SELL (confidence: 0.20)
  📝 Reason: 5m: RSI oversold (27.9); 5m: MACD bearish; 15m: MACD bearish; 1h: MACD bullish
  ⚠️ Sell signal but no position

[14:05:42] Cycle 1541
  💰 Current Price: $1.48
  🎯 Signal: SELL (confidence: 0.20)
  📝 Reason: 5m: RSI oversold (27.6); 5m: MACD bearish; 15m: MACD bearish; 1h: MACD bullish
  ⚠️ Sell signal but no position

[14:06:13] Cycle 1542
  💰 Current Price: $1.48
  🎯 Signal: SELL (confidence: 0.20)
  📝 Reason: 5m: RSI oversold (27.6); 5m: MACD bearish; 15m: MACD bearish; 1h: MACD bullish
  ⚠️ Sell signal but no position

[14:06:44] Cycle 1543
  💰 Current Price: $1.48
  🎯 Signal: SELL (confidence: 0.20)
  📝 Reason: 5m: RSI oversold (27.6); 5m: MACD bearish; 15m: MACD bearish; 1h: MACD bullish
  ⚠️ Sell signal but no position

[14:07:15] Cycle 1544
  💰 Current Price: $1.48
  🎯 Signal: SELL (confidence: 0.20)
  📝 Reason: 5m: RSI oversold (27.6); 5m: MACD bearish; 15m: MACD bearish; 1h: MACD bullish
  ⚠️ Sell signal but no position

[14:07:46] Cycle 1545
  💰 Current Price: $1.48
  🎯 Signal: SELL (confidence: 0.20)
  📝 Reason: 5m: RSI oversold (27.6); 5m: MACD bearish; 15m: MACD bearish; 1h: MACD bullish
  ⚠️ Sell signal but no position

[14:08:17] Cycle 1546
  💰 Current Price: $1.48
  🎯 Signal: SELL (confidence: 0.20)
  📝 Reason: 5m: RSI oversold (25.9); 5m: MACD bearish; 15m: MACD bearish; 1h: MACD bullish
  ⚠️ Sell signal but no position

[14:08:48] Cycle 1547
  💰 Current Price: $1.48
  🎯 Signal: SELL (confidence: 0.20)
  📝 Reason: 5m: RSI oversold (25.9); 5m: MACD bearish; 15m: MACD bearish; 1h: MACD bullish
  ⚠️ Sell signal but no position

[14:09:19] Cycle 1548
  💰 Current Price: $1.47
  🎯 Signal: SELL (confidence: 0.20)
  📝 Reason: 5m: RSI oversold (25.3); 5m: MACD bearish; 15m: MACD bearish; 1h: MACD bullish
  ⚠️ Sell signal but no position

[14:09:50] Cycle 1549
  💰 Current Price: $1.47
  🎯 Signal: SELL (confidence: 0.50)
  📝 Reason: 5m: RSI oversold (24.8); 5m: MACD bearish; 15m: MACD bearish; 1h: MACD bearish
  ⚠️ Sell signal but no position

[14:10:21] Cycle 1550
  💰 Current Price: $1.48
  🎯 Signal: SELL (confidence: 0.20)
  📝 Reason: 5m: RSI oversold (21.0); 5m: MACD bearish; 15m: MACD bearish; 1h: MACD bullish
  ⚠️ Sell signal but no position

[14:10:52] Cycle 1551
  💰 Current Price: $1.48
  🎯 Signal: SELL (confidence: 0.20)
  📝 Reason: 5m: RSI oversold (21.0); 5m: MACD bearish; 15m: MACD bearish; 1h: MACD bullish
  ⚠️ Sell signal but no position

[14:11:23] Cycle 1552
  💰 Current Price: $1.48
  🎯 Signal: SELL (confidence: 0.50)
  📝 Reason: 5m: RSI oversold (17.9); 5m: MACD bearish; 15m: MACD bearish; 1h: MACD bearish
  ⚠️ Sell signal but no position

[14:11:53] Cycle 1553
  💰 Current Price: $1.47
  🎯 Signal: SELL (confidence: 0.50)
  📝 Reason: 5m: RSI oversold (17.8); 5m: MACD bearish; 15m: MACD bearish; 1h: MACD bearish
  ⚠️ Sell signal but no position

[14:12:25] Cycle 1554
  💰 Current Price: $1.47
  🎯 Signal: SELL (confidence: 0.50)
  📝 Reason: 5m: RSI oversold (17.4); 5m: MACD bearish; 15m: MACD bearish; 1h: MACD bearish
  ⚠️ Sell signal but no position

[14:12:56] Cycle 1555
  💰 Current Price: $1.47
  🎯 Signal: SELL (confidence: 0.50)
  📝 Reason: 5m: RSI oversold (16.7); 5m: MACD bearish; 15m: MACD bearish; 1h: MACD bearish
  ⚠️ Sell signal but no position

[14:13:26] Cycle 1556
  💰 Current Price: $1.47
  🎯 Signal: SELL (confidence: 0.50)
  📝 Reason: 5m: RSI oversold (16.7); 5m: MACD bearish; 15m: MACD bearish; 1h: MACD bearish
  ⚠️ Sell signal but no position

[14:13:57] Cycle 1557
  💰 Current Price: $1.47
  🎯 Signal: SELL (confidence: 0.50)
  📝 Reason: 5m: RSI oversold (16.7); 5m: MACD bearish; 15m: MACD bearish; 1h: MACD bearish
  ⚠️ Sell signal but no position

[14:14:29] Cycle 1558
  💰 Current Price: $1.47
  🎯 Signal: SELL (confidence: 0.50)
  📝 Reason: 5m: RSI oversold (17.2); 5m: MACD bearish; 15m: MACD bearish; 1h: MACD bearish
  ⚠️ Sell signal but no position

[14:15:00] Cycle 1559
  💰 Current Price: $1.47
  🎯 Signal: SELL (confidence: 0.50)
  📝 Reason: 5m: RSI oversold (18.6); 5m: MACD bearish; 15m: MACD bearish; 1h: MACD bearish
  ⚠️ Sell signal but no position

[14:15:31] Cycle 1560
  💰 Current Price: $1.47
  🎯 Signal: SELL (confidence: 0.50)
  📝 Reason: 5m: RSI oversold (18.6); 5m: MACD bearish; 15m: MACD bearish; 1h: MACD bearish
  📝 Reason: 5m: MACD bearish; 15m: MACD bearish; 1h: MACD bullish; 4h: MACD bearish
  ⚠️ Sell signal but no position

[13:59:00] Cycle 1523
  💰 Current Price: $1.49
  🎯 Signal: SELL (confidence: 0.30)
  📝 Reason: 5m: MACD bearish; 15m: MACD bearish; 1h: MACD bullish; 4h: MACD bearish
  ⚠️ Sell signal but no position

[13:59:31] Cycle 1524
  💰 Current Price: $1.49
  🎯 Signal: SELL (confidence: 0.30)
  📝 Reason: 5m: MACD bearish; 15m: MACD bearish; 1h: MACD bullish; 4h: MACD bearish
  ⚠️ Sell signal but no position

[14:00:02] Cycle 1525
  💰 Current Price: $1.49
  🎯 Signal: SELL (confidence: 0.30)
  📝 Reason: 5m: MACD bearish; 15m: MACD bearish; 1h: MACD bullish; 4h: MACD bearish
  ⚠️ Sell signal but no position

[14:00:32] Cycle 1526
  💰 Current Price: $1.49
  🎯 Signal: SELL (confidence: 0.30)
  📝 Reason: 5m: MACD bearish; 15m: MACD bearish; 1h: MACD bullish; 4h: MACD bearish
  ⚠️ Sell signal but no position

[14:01:03] Cycle 1527
  💰 Current Price: $1.49
  🎯 Signal: SELL (confidence: 0.30)
  📝 Reason: 5m: MACD bearish; 15m: MACD bearish; 1h: MACD bullish; 4h: MACD bearish
  ⚠️ Sell signal but no position

[14:01:34] Cycle 1528
  💰 Current Price: $1.49
  🎯 Signal: SELL (confidence: 0.30)
  📝 Reason: 5m: MACD bearish; 15m: MACD bearish; 1h: MACD bullish; 4h: MACD bearish
  ⚠️ Sell signal but no position

[14:02:05] Cycle 1529
  💰 Current Price: $1.49
  🎯 Signal: SELL (confidence: 0.30)
  📝 Reason: 5m: MACD bearish; 15m: MACD bearish; 1h: MACD bullish; 4h: MACD bearish
  ⚠️ Sell signal but no position

[14:02:36] Cycle 1530
  💰 Current Price: $1.48
  🎯 Signal: SELL (confidence: 0.20)
  📝 Reason: 5m: RSI oversold (32.5); 5m: MACD bearish; 15m: MACD bearish; 1h: MACD bullish
  ⚠️ Sell signal but no position

[14:03:07] Cycle 1531
  💰 Current Price: $1.48
  🎯 Signal: SELL (confidence: 0.20)
  📝 Reason: 5m: RSI oversold (31.1); 5m: MACD bearish; 15m: MACD bearish; 1h: MACD bullish
  ⚠️ Sell signal but no position

[14:03:38] Cycle 1532
  💰 Current Price: $1.48
  🎯 Signal: SELL (confidence: 0.20)
  📝 Reason: 5m: RSI oversold (32.6); 5m: MACD bearish; 15m: MACD bearish; 1h: MACD bullish
  ⚠️ Sell signal but no position

[14:04:09] Cycle 1533
  💰 Current Price: $1.48
  🎯 Signal: SELL (confidence: 0.20)
  📝 Reason: 5m: RSI oversold (32.6); 5m: MACD bearish; 15m: MACD bearish; 1h: MACD bullish
  ⚠️ Sell signal but no position

[14:04:40] Cycle 1534
  💰 Current Price: $1.48
  🎯 Signal: SELL (confidence: 0.20)
  📝 Reason: 5m: RSI oversold (32.6); 5m: MACD bearish; 15m: MACD bearish; 1h: MACD bullish
  ⚠️ Sell signal but no position

[14:05:11] Cycle 1535
  💰 Current Price: $1.48
  🎯 Signal: SELL (confidence: 0.20)
  📝 Reason: 5m: RSI oversold (27.9); 5m: MACD bearish; 15m: MACD bearish; 1h: MACD bullish
  ⚠️ Sell signal but no position

[14:05:42] Cycle 1536
  💰 Current Price: $1.48
  🎯 Signal: SELL (confidence: 0.20)
  📝 Reason: 5m: RSI oversold (27.6); 5m: MACD bearish; 15m: MACD bearish; 1h: MACD bullish
  ⚠️ Sell signal but no position

[14:06:13] Cycle 1537
  💰 Current Price: $1.48
  🎯 Signal: SELL (confidence: 0.20)
  📝 Reason: 5m: RSI oversold (27.6); 5m: MACD bearish; 15m: MACD bearish; 1h: MACD bullish
  ⚠️ Sell signal but no position

[14:06:44] Cycle 1538
  💰 Current Price: $1.48
  🎯 Signal: SELL (confidence: 0.20)
  📝 Reason: 5m: RSI oversold (27.6); 5m: MACD bearish; 15m: MACD bearish; 1h: MACD bullish
  ⚠️ Sell signal but no position

[14:07:15] Cycle 1539
  💰 Current Price: $1.48
  🎯 Signal: SELL (confidence: 0.20)
  📝 Reason: 5m: RSI oversold (27.6); 5m: MACD bearish; 15m: MACD bearish; 1h: MACD bullish
  ⚠️ Sell signal but no position

[14:07:47] Cycle 1540
  💰 Current Price: $1.48
  🎯 Signal: SELL (confidence: 0.20)
  📝 Reason: 5m: RSI oversold (27.6); 5m: MACD bearish; 15m: MACD bearish; 1h: MACD bullish
  ⚠️ Sell signal but no position

[14:08:17] Cycle 1541
  💰 Current Price: $1.48
  🎯 Signal: SELL (confidence: 0.20)
  📝 Reason: 5m: RSI oversold (25.9); 5m: MACD bearish; 15m: MACD bearish; 1h: MACD bullish
  ⚠️ Sell signal but no position

[14:08:48] Cycle 1542
  💰 Current Price: $1.48
  🎯 Signal: SELL (confidence: 0.20)
  📝 Reason: 5m: RSI oversold (25.9); 5m: MACD bearish; 15m: MACD bearish; 1h: MACD bullish
  ⚠️ Sell signal but no position

[14:09:19] Cycle 1543
  💰 Current Price: $1.47
  🎯 Signal: SELL (confidence: 0.20)
  📝 Reason: 5m: RSI oversold (25.3); 5m: MACD bearish; 15m: MACD bearish; 1h: MACD bullish
  ⚠️ Sell signal but no position

[14:09:50] Cycle 1544
  💰 Current Price: $1.47
  🎯 Signal: SELL (confidence: 0.50)
  📝 Reason: 5m: RSI oversold (24.8); 5m: MACD bearish; 15m: MACD bearish; 1h: MACD bearish
  ⚠️ Sell signal but no position

[14:10:21] Cycle 1545
  💰 Current Price: $1.48
  🎯 Signal: SELL (confidence: 0.20)
  📝 Reason: 5m: RSI oversold (21.0); 5m: MACD bearish; 15m: MACD bearish; 1h: MACD bullish
  ⚠️ Sell signal but no position

[14:10:52] Cycle 1546
  💰 Current Price: $1.48
  🎯 Signal: SELL (confidence: 0.20)
  📝 Reason: 5m: RSI oversold (21.0); 5m: MACD bearish; 15m: MACD bearish; 1h: MACD bullish
  ⚠️ Sell signal but no position

[14:11:22] Cycle 1547
  💰 Current Price: $1.48
  🎯 Signal: SELL (confidence: 0.50)
  📝 Reason: 5m: RSI oversold (17.9); 5m: MACD bearish; 15m: MACD bearish; 1h: MACD bearish
  ⚠️ Sell signal but no position

[14:11:53] Cycle 1548
  💰 Current Price: $1.47
  🎯 Signal: SELL (confidence: 0.50)
  📝 Reason: 5m: RSI oversold (17.8); 5m: MACD bearish; 15m: MACD bearish; 1h: MACD bearish
  ⚠️ Sell signal but no position

[14:12:25] Cycle 1549
  💰 Current Price: $1.47
  🎯 Signal: SELL (confidence: 0.50)
  📝 Reason: 5m: RSI oversold (17.4); 5m: MACD bearish; 15m: MACD bearish; 1h: MACD bearish
  ⚠️ Sell signal but no position

[14:12:55] Cycle 1550
  💰 Current Price: $1.47
  🎯 Signal: SELL (confidence: 0.50)
  📝 Reason: 5m: RSI oversold (16.7); 5m: MACD bearish; 15m: MACD bearish; 1h: MACD bearish
  ⚠️ Sell signal but no position

[14:13:26] Cycle 1551
  💰 Current Price: $1.47
  🎯 Signal: SELL (confidence: 0.50)
  📝 Reason: 5m: RSI oversold (16.7); 5m: MACD bearish; 15m: MACD bearish; 1h: MACD bearish
  ⚠️ Sell signal but no position

[14:13:57] Cycle 1552
  💰 Current Price: $1.47
  🎯 Signal: SELL (confidence: 0.50)
  📝 Reason: 5m: RSI oversold (16.7); 5m: MACD bearish; 15m: MACD bearish; 1h: MACD bearish
  ⚠️ Sell signal but no position

[14:14:29] Cycle 1553
  💰 Current Price: $1.47
  🎯 Signal: SELL (confidence: 0.50)
  📝 Reason: 5m: RSI oversold (17.2); 5m: MACD bearish; 15m: MACD bearish; 1h: MACD bearish
  ⚠️ Sell signal but no position

[14:15:00] Cycle 1554
  💰 Current Price: $1.47
  🎯 Signal: SELL (confidence: 0.50)
  📝 Reason: 5m: RSI oversold (18.6); 5m: MACD bearish; 15m: MACD bearish; 1h: MACD bearish
  ⚠️ Sell signal but no position

[14:15:31] Cycle 1555
  💰 Current Price: $1.47
  🎯 Signal: SELL (confidence: 0.50)
  📝 Reason: 5m: RSI oversold (18.6); 5m: MACD bearish; 15m: MACD bearish; 1h: MACD bearish
  ⚠️ Sell signal but no position

[14:16:02] Cycle 1556
  💰 Current Price: $1.47
  🎯 Signal: SELL (confidence: 0.50)
  📝 Reason: 5m: RSI oversold (20.2); 5m: MACD bearish; 15m: MACD bearish; 1h: MACD bearish
  ⚠️ Sell signal but no position

[14:16:33] Cycle 1557
  💰 Current Price: $1.47
  🎯 Signal: SELL (confidence: 0.50)
  📝 Reason: 5m: RSI oversold (19.1); 5m: MACD bearish; 15m: MACD bearish; 1h: MACD bearish
  ⚠️ Sell signal but no position

[14:17:04] Cycle 1558
  💰 Current Price: $1.47
  🎯 Signal: SELL (confidence: 0.50)
  📝 Reason: 5m: RSI oversold (19.1); 5m: MACD bearish; 15m: MACD bearish; 1h: MACD bearish
  ⚠️ Sell signal but no position

[14:17:34] Cycle 1559
  💰 Current Price: $1.47
  🎯 Signal: SELL (confidence: 0.50)
  ⚠️ Sell signal but no position

[14:16:02] Cycle 1561
  💰 Current Price: $1.47
  🎯 Signal: SELL (confidence: 0.50)
  📝 Reason: 5m: RSI oversold (20.2); 5m: MACD bearish; 15m: MACD bearish; 1h: MACD bearish
  ⚠️ Sell signal but no position

[14:16:33] Cycle 1562
  💰 Current Price: $1.47
  🎯 Signal: SELL (confidence: 0.50)
  📝 Reason: 5m: RSI oversold (19.1); 5m: MACD bearish; 15m: MACD bearish; 1h: MACD bearish
  ⚠️ Sell signal but no position

[14:17:04] Cycle 1563
  💰 Current Price: $1.47
  🎯 Signal: SELL (confidence: 0.50)
  📝 Reason: 5m: RSI oversold (19.1); 5m: MACD bearish; 15m: MACD bearish; 1h: MACD bearish
  ⚠️ Sell signal but no position

[14:17:34] Cycle 1564
  💰 Current Price: $1.47
  🎯 Signal: SELL (confidence: 0.50)
  📝 Reason: 5m: RSI oversold (18.4); 5m: MACD bearish; 15m: MACD bearish; 1h: MACD bearish
  ⚠️ Sell signal but no position

[14:18:05] Cycle 1565
  💰 Current Price: $1.47
  🎯 Signal: SELL (confidence: 0.50)
  📝 Reason: 5m: RSI oversold (18.4); 5m: MACD bearish; 15m: MACD bearish; 1h: MACD bearish
  ⚠️ Sell signal but no position

[14:18:36] Cycle 1566
  💰 Current Price: $1.47
  🎯 Signal: SELL (confidence: 0.50)
  📝 Reason: 5m: RSI oversold (20.2); 5m: MACD bearish; 15m: MACD bearish; 1h: MACD bearish
  ⚠️ Sell signal but no position

[14:19:07] Cycle 1567
  💰 Current Price: $1.47
  🎯 Signal: SELL (confidence: 0.50)
  📝 Reason: 5m: RSI oversold (20.2); 5m: MACD bearish; 15m: MACD bearish; 1h: MACD bearish
  ⚠️ Sell signal but no position

[14:19:38] Cycle 1568
  💰 Current Price: $1.47
  🎯 Signal: SELL (confidence: 0.50)
  📝 Reason: 5m: RSI oversold (20.2); 5m: MACD bearish; 15m: MACD bearish; 1h: MACD bearish
  ⚠️ Sell signal but no position

[14:20:09] Cycle 1569
  💰 Current Price: $1.47
  🎯 Signal: SELL (confidence: 0.50)
  📝 Reason: 5m: RSI oversold (12.1); 5m: MACD bearish; 15m: MACD bearish; 1h: MACD bearish
  ⚠️ Sell signal but no position

[14:20:40] Cycle 1570
  💰 Current Price: $1.47
  🎯 Signal: SELL (confidence: 0.50)
  📝 Reason: 5m: RSI oversold (11.7); 5m: MACD bearish; 15m: MACD bearish; 1h: MACD bearish
  ⚠️ Sell signal but no position

[14:21:11] Cycle 1571
  💰 Current Price: $1.47
  🎯 Signal: SELL (confidence: 0.50)
  📝 Reason: 5m: RSI oversold (11.7); 5m: MACD bearish; 15m: MACD bearish; 1h: MACD bearish
  ⚠️ Sell signal but no position

[14:21:42] Cycle 1572
  💰 Current Price: $1.47
  🎯 Signal: SELL (confidence: 0.30)
  📝 Reason: 5m: RSI oversold (11.3); 5m: MACD bearish; 15m: RSI oversold (34.8); 15m: MACD bearish
  ⚠️ Sell signal but no position

[14:22:13] Cycle 1573
  💰 Current Price: $1.47
  🎯 Signal: SELL (confidence: 0.30)
  📝 Reason: 5m: RSI oversold (11.4); 5m: MACD bearish; 15m: RSI oversold (35.0); 15m: MACD bearish
  ⚠️ Sell signal but no position

[14:22:44] Cycle 1574
  💰 Current Price: $1.47
  🎯 Signal: SELL (confidence: 0.30)
  📝 Reason: 5m: RSI oversold (11.4); 5m: MACD bearish; 15m: RSI oversold (35.0); 15m: MACD bearish
  ⚠️ Sell signal but no position

[14:23:15] Cycle 1575
  💰 Current Price: $1.47
  🎯 Signal: SELL (confidence: 0.30)
  📝 Reason: 5m: RSI oversold (11.4); 5m: MACD bearish; 15m: RSI oversold (35.0); 15m: MACD bearish
  ⚠️ Sell signal but no position

[14:23:46] Cycle 1576
  💰 Current Price: $1.47
  🎯 Signal: SELL (confidence: 0.50)
  📝 Reason: 5m: RSI oversold (11.8); 5m: MACD bearish; 15m: MACD bearish; 1h: MACD bearish
  ⚠️ Sell signal but no position

[14:24:17] Cycle 1577
  💰 Current Price: $1.47
  🎯 Signal: SELL (confidence: 0.50)
  📝 Reason: 5m: RSI oversold (11.8); 5m: MACD bearish; 15m: MACD bearish; 1h: MACD bearish
  ⚠️ Sell signal but no position

[14:24:47] Cycle 1578
  💰 Current Price: $1.47
  🎯 Signal: SELL (confidence: 0.50)
  📝 Reason: 5m: RSI oversold (11.8); 5m: MACD bearish; 15m: MACD bearish; 1h: MACD bearish
  ⚠️ Sell signal but no position

[14:25:18] Cycle 1579
  💰 Current Price: $1.47
  🎯 Signal: SELL (confidence: 0.50)
  📝 Reason: 5m: RSI oversold (12.4); 5m: MACD bearish; 15m: MACD bearish; 1h: MACD bearish
  ⚠️ Sell signal but no position

[14:25:49] Cycle 1580
  💰 Current Price: $1.47
  🎯 Signal: SELL (confidence: 0.50)
  📝 Reason: 5m: RSI oversold (12.4); 5m: MACD bearish; 15m: MACD bearish; 1h: MACD bearish
  ⚠️ Sell signal but no position

[14:26:20] Cycle 1581
  💰 Current Price: $1.47
  🎯 Signal: SELL (confidence: 0.50)
  📝 Reason: 5m: RSI oversold (12.4); 5m: MACD bearish; 15m: MACD bearish; 1h: MACD bearish
  ⚠️ Sell signal but no position

[14:26:51] Cycle 1582
  💰 Current Price: $1.47
  🎯 Signal: SELL (confidence: 0.50)
  📝 Reason: 5m: RSI oversold (12.4); 5m: MACD bearish; 15m: MACD bearish; 1h: MACD bearish
  ⚠️ Sell signal but no position

[14:27:22] Cycle 1583
  💰 Current Price: $1.47
  🎯 Signal: SELL (confidence: 0.30)
  📝 Reason: 5m: RSI oversold (11.9); 5m: MACD bearish; 15m: RSI oversold (34.9); 15m: MACD bearish
  ⚠️ Sell signal but no position

[14:27:53] Cycle 1584
  💰 Current Price: $1.47
  🎯 Signal: SELL (confidence: 0.30)
  📝 Reason: 5m: RSI oversold (11.9); 5m: MACD bearish; 15m: RSI oversold (34.9); 15m: MACD bearish
  ⚠️ Sell signal but no position

[14:28:24] Cycle 1585
  💰 Current Price: $1.47
  🎯 Signal: SELL (confidence: 0.50)
  📝 Reason: 5m: RSI oversold (12.0); 5m: MACD bearish; 15m: MACD bearish; 1h: MACD bearish
  ⚠️ Sell signal but no position

[14:28:55] Cycle 1586
  💰 Current Price: $1.47
  🎯 Signal: SELL (confidence: 0.30)
  📝 Reason: 5m: RSI oversold (11.6); 5m: MACD bearish; 15m: RSI oversold (34.4); 15m: MACD bearish
  ⚠️ Sell signal but no position

[14:29:26] Cycle 1587
  💰 Current Price: $1.47
  🎯 Signal: SELL (confidence: 0.30)
  📝 Reason: 5m: RSI oversold (11.6); 5m: MACD bearish; 15m: RSI oversold (34.4); 15m: MACD bearish
  ⚠️ Sell signal but no position

[14:29:57] Cycle 1588
  💰 Current Price: $1.47
  🎯 Signal: SELL (confidence: 0.30)
  📝 Reason: 5m: RSI oversold (11.6); 5m: MACD bearish; 15m: RSI oversold (34.4); 15m: MACD bearish
  ⚠️ Sell signal but no position

[14:30:28] Cycle 1589
  💰 Current Price: $1.47
  🎯 Signal: SELL (confidence: 0.30)
  📝 Reason: 5m: RSI oversold (11.9); 5m: MACD bearish; 15m: RSI oversold (26.6); 15m: MACD bearish
  ⚠️ Sell signal but no position

[14:30:59] Cycle 1590
  💰 Current Price: $1.47
  🎯 Signal: SELL (confidence: 0.30)
  📝 Reason: 5m: RSI oversold (14.7); 5m: MACD bearish; 15m: RSI oversold (27.9); 15m: MACD bearish
  ⚠️ Sell signal but no position

[14:31:30] Cycle 1591
  💰 Current Price: $1.47
  🎯 Signal: SELL (confidence: 0.30)
  📝 Reason: 5m: RSI oversold (14.7); 5m: MACD bearish; 15m: RSI oversold (27.9); 15m: MACD bearish
  ⚠️ Sell signal but no position

[14:32:01] Cycle 1592
  💰 Current Price: $1.47
  🎯 Signal: SELL (confidence: 0.30)
  📝 Reason: 5m: RSI oversold (12.4); 5m: MACD bearish; 15m: RSI oversold (26.8); 15m: MACD bearish
  ⚠️ Sell signal but no position

[14:32:32] Cycle 1593
  💰 Current Price: $1.47
  🎯 Signal: SELL (confidence: 0.30)
  📝 Reason: 5m: RSI oversold (11.5); 5m: MACD bearish; 15m: RSI oversold (26.1); 15m: MACD bearish
  ⚠️ Sell signal but no position

[14:33:03] Cycle 1594
  💰 Current Price: $1.47
  🎯 Signal: SELL (confidence: 0.30)
  📝 Reason: 5m: RSI oversold (11.5); 5m: MACD bearish; 15m: RSI oversold (26.1); 15m: MACD bearish
  ⚠️ Sell signal but no position

[14:33:34] Cycle 1595
  💰 Current Price: $1.47
  🎯 Signal: SELL (confidence: 0.30)
  📝 Reason: 5m: RSI oversold (14.7); 5m: MACD bearish; 15m: RSI oversold (27.9); 15m: MACD bearish
  ⚠️ Sell signal but no position

[14:34:05] Cycle 1596
  💰 Current Price: $1.47
  🎯 Signal: SELL (confidence: 0.30)
  📝 Reason: 5m: RSI oversold (14.7); 5m: MACD bearish; 15m: RSI oversold (27.9); 15m: MACD bearish
  ⚠️ Sell signal but no position

[14:34:36] Cycle 1597
  💰 Current Price: $1.47
  📝 Reason: 5m: RSI oversold (18.4); 5m: MACD bearish; 15m: MACD bearish; 1h: MACD bearish
  ⚠️ Sell signal but no position

[14:18:05] Cycle 1560
  💰 Current Price: $1.47
  🎯 Signal: SELL (confidence: 0.50)
  📝 Reason: 5m: RSI oversold (18.4); 5m: MACD bearish; 15m: MACD bearish; 1h: MACD bearish
  ⚠️ Sell signal but no position

[14:18:36] Cycle 1561
  💰 Current Price: $1.47
  🎯 Signal: SELL (confidence: 0.50)
  📝 Reason: 5m: RSI oversold (20.2); 5m: MACD bearish; 15m: MACD bearish; 1h: MACD bearish
  ⚠️ Sell signal but no position

[14:19:07] Cycle 1562
  💰 Current Price: $1.47
  🎯 Signal: SELL (confidence: 0.50)
  📝 Reason: 5m: RSI oversold (20.2); 5m: MACD bearish; 15m: MACD bearish; 1h: MACD bearish
  ⚠️ Sell signal but no position

[14:19:38] Cycle 1563
  💰 Current Price: $1.47
  🎯 Signal: SELL (confidence: 0.50)
  📝 Reason: 5m: RSI oversold (20.2); 5m: MACD bearish; 15m: MACD bearish; 1h: MACD bearish
  ⚠️ Sell signal but no position

[14:20:09] Cycle 1564
  💰 Current Price: $1.47
  🎯 Signal: SELL (confidence: 0.50)
  📝 Reason: 5m: RSI oversold (12.1); 5m: MACD bearish; 15m: MACD bearish; 1h: MACD bearish
  ⚠️ Sell signal but no position

[14:20:40] Cycle 1565
  💰 Current Price: $1.47
  🎯 Signal: SELL (confidence: 0.50)
  📝 Reason: 5m: RSI oversold (11.7); 5m: MACD bearish; 15m: MACD bearish; 1h: MACD bearish
  ⚠️ Sell signal but no position

[14:21:11] Cycle 1566
  💰 Current Price: $1.47
  🎯 Signal: SELL (confidence: 0.50)
  📝 Reason: 5m: RSI oversold (11.7); 5m: MACD bearish; 15m: MACD bearish; 1h: MACD bearish
  ⚠️ Sell signal but no position

[14:21:42] Cycle 1567
  💰 Current Price: $1.47
  🎯 Signal: SELL (confidence: 0.30)
  📝 Reason: 5m: RSI oversold (11.3); 5m: MACD bearish; 15m: RSI oversold (34.8); 15m: MACD bearish
  ⚠️ Sell signal but no position

[14:22:13] Cycle 1568
  💰 Current Price: $1.47
  🎯 Signal: SELL (confidence: 0.30)
  📝 Reason: 5m: RSI oversold (11.4); 5m: MACD bearish; 15m: RSI oversold (35.0); 15m: MACD bearish
  ⚠️ Sell signal but no position

[14:22:44] Cycle 1569
  💰 Current Price: $1.47
  🎯 Signal: SELL (confidence: 0.30)
  📝 Reason: 5m: RSI oversold (11.4); 5m: MACD bearish; 15m: RSI oversold (35.0); 15m: MACD bearish
  ⚠️ Sell signal but no position

[14:23:15] Cycle 1570
  💰 Current Price: $1.47
  🎯 Signal: SELL (confidence: 0.30)
  📝 Reason: 5m: RSI oversold (11.4); 5m: MACD bearish; 15m: RSI oversold (35.0); 15m: MACD bearish
  ⚠️ Sell signal but no position

[14:23:46] Cycle 1571
  💰 Current Price: $1.47
  🎯 Signal: SELL (confidence: 0.50)
  📝 Reason: 5m: RSI oversold (11.8); 5m: MACD bearish; 15m: MACD bearish; 1h: MACD bearish
  ⚠️ Sell signal but no position

[14:24:17] Cycle 1572
  💰 Current Price: $1.47
  🎯 Signal: SELL (confidence: 0.50)
  📝 Reason: 5m: RSI oversold (11.8); 5m: MACD bearish; 15m: MACD bearish; 1h: MACD bearish
  ⚠️ Sell signal but no position

[14:24:47] Cycle 1573
  💰 Current Price: $1.47
  🎯 Signal: SELL (confidence: 0.50)
  📝 Reason: 5m: RSI oversold (11.8); 5m: MACD bearish; 15m: MACD bearish; 1h: MACD bearish
  ⚠️ Sell signal but no position

[14:25:18] Cycle 1574
  💰 Current Price: $1.47
  🎯 Signal: SELL (confidence: 0.50)
  📝 Reason: 5m: RSI oversold (12.4); 5m: MACD bearish; 15m: MACD bearish; 1h: MACD bearish
  ⚠️ Sell signal but no position

[14:25:49] Cycle 1575
  💰 Current Price: $1.47
  🎯 Signal: SELL (confidence: 0.50)
  📝 Reason: 5m: RSI oversold (12.4); 5m: MACD bearish; 15m: MACD bearish; 1h: MACD bearish
  ⚠️ Sell signal but no position

[14:26:20] Cycle 1576
  💰 Current Price: $1.47
  🎯 Signal: SELL (confidence: 0.50)
  📝 Reason: 5m: RSI oversold (12.4); 5m: MACD bearish; 15m: MACD bearish; 1h: MACD bearish
  ⚠️ Sell signal but no position

[14:26:51] Cycle 1577
  💰 Current Price: $1.47
  🎯 Signal: SELL (confidence: 0.50)
  📝 Reason: 5m: RSI oversold (12.4); 5m: MACD bearish; 15m: MACD bearish; 1h: MACD bearish
  ⚠️ Sell signal but no position

[14:27:22] Cycle 1578
  💰 Current Price: $1.47
  🎯 Signal: SELL (confidence: 0.30)
  📝 Reason: 5m: RSI oversold (11.9); 5m: MACD bearish; 15m: RSI oversold (34.9); 15m: MACD bearish
  ⚠️ Sell signal but no position

[14:27:53] Cycle 1579
  💰 Current Price: $1.47
  🎯 Signal: SELL (confidence: 0.30)
  📝 Reason: 5m: RSI oversold (11.9); 5m: MACD bearish; 15m: RSI oversold (34.9); 15m: MACD bearish
  ⚠️ Sell signal but no position

[14:28:24] Cycle 1580
  💰 Current Price: $1.47
  🎯 Signal: SELL (confidence: 0.50)
  📝 Reason: 5m: RSI oversold (12.0); 5m: MACD bearish; 15m: MACD bearish; 1h: MACD bearish
  ⚠️ Sell signal but no position

[14:28:55] Cycle 1581
  💰 Current Price: $1.47
  🎯 Signal: SELL (confidence: 0.30)
  📝 Reason: 5m: RSI oversold (11.6); 5m: MACD bearish; 15m: RSI oversold (34.4); 15m: MACD bearish
  ⚠️ Sell signal but no position

[14:29:26] Cycle 1582
  💰 Current Price: $1.47
  🎯 Signal: SELL (confidence: 0.30)
  📝 Reason: 5m: RSI oversold (11.6); 5m: MACD bearish; 15m: RSI oversold (34.4); 15m: MACD bearish
  ⚠️ Sell signal but no position

[14:29:57] Cycle 1583
  💰 Current Price: $1.47
  🎯 Signal: SELL (confidence: 0.30)
  📝 Reason: 5m: RSI oversold (11.6); 5m: MACD bearish; 15m: RSI oversold (34.4); 15m: MACD bearish
  ⚠️ Sell signal but no position

[14:30:28] Cycle 1584
  💰 Current Price: $1.47
  🎯 Signal: SELL (confidence: 0.30)
  📝 Reason: 5m: RSI oversold (11.9); 5m: MACD bearish; 15m: RSI oversold (26.6); 15m: MACD bearish
  ⚠️ Sell signal but no position

[14:30:59] Cycle 1585
  💰 Current Price: $1.47
  🎯 Signal: SELL (confidence: 0.30)
  📝 Reason: 5m: RSI oversold (14.7); 5m: MACD bearish; 15m: RSI oversold (27.9); 15m: MACD bearish
  ⚠️ Sell signal but no position

[14:31:30] Cycle 1586
  💰 Current Price: $1.47
  🎯 Signal: SELL (confidence: 0.30)
  📝 Reason: 5m: RSI oversold (14.7); 5m: MACD bearish; 15m: RSI oversold (27.9); 15m: MACD bearish
  ⚠️ Sell signal but no position

[14:32:01] Cycle 1587
  💰 Current Price: $1.47
  🎯 Signal: SELL (confidence: 0.30)
  📝 Reason: 5m: RSI oversold (12.4); 5m: MACD bearish; 15m: RSI oversold (26.8); 15m: MACD bearish
  ⚠️ Sell signal but no position

[14:32:32] Cycle 1588
  💰 Current Price: $1.47
  🎯 Signal: SELL (confidence: 0.30)
  📝 Reason: 5m: RSI oversold (11.5); 5m: MACD bearish; 15m: RSI oversold (26.1); 15m: MACD bearish
  ⚠️ Sell signal but no position

[14:33:03] Cycle 1589
  💰 Current Price: $1.47
  🎯 Signal: SELL (confidence: 0.30)
  📝 Reason: 5m: RSI oversold (11.5); 5m: MACD bearish; 15m: RSI oversold (26.1); 15m: MACD bearish
  ⚠️ Sell signal but no position

[14:33:34] Cycle 1590
  💰 Current Price: $1.47
  🎯 Signal: SELL (confidence: 0.30)
  📝 Reason: 5m: RSI oversold (14.7); 5m: MACD bearish; 15m: RSI oversold (27.9); 15m: MACD bearish
  ⚠️ Sell signal but no position

[14:34:05] Cycle 1591
  💰 Current Price: $1.47
  🎯 Signal: SELL (confidence: 0.30)
  📝 Reason: 5m: RSI oversold (14.7); 5m: MACD bearish; 15m: RSI oversold (27.9); 15m: MACD bearish
  ⚠️ Sell signal but no position

[14:34:36] Cycle 1592
  💰 Current Price: $1.47
  🎯 Signal: SELL (confidence: 0.30)
  📝 Reason: 5m: RSI oversold (14.7); 5m: MACD bearish; 15m: RSI oversold (27.9); 15m: MACD bearish
  ⚠️ Sell signal but no position

[14:35:07] Cycle 1593
  💰 Current Price: $1.47
  🎯 Signal: SELL (confidence: 0.30)
  📝 Reason: 5m: RSI oversold (15.2); 5m: MACD bearish; 15m: RSI oversold (27.9); 15m: MACD bearish
  ⚠️ Sell signal but no position

[14:35:38] Cycle 1594
  💰 Current Price: $1.47
  🎯 Signal: SELL (confidence: 0.30)
  📝 Reason: 5m: RSI oversold (14.7); 5m: MACD bearish; 15m: RSI oversold (26.8); 15m: MACD bearish
  ⚠️ Sell signal but no position

[14:36:09] Cycle 1595
  💰 Current Price: $1.47
  🎯 Signal: SELL (confidence: 0.30)
  🎯 Signal: SELL (confidence: 0.30)
  📝 Reason: 5m: RSI oversold (14.7); 5m: MACD bearish; 15m: RSI oversold (27.9); 15m: MACD bearish
  ⚠️ Sell signal but no position

[14:35:07] Cycle 1598
  💰 Current Price: $1.47
  🎯 Signal: SELL (confidence: 0.30)
  📝 Reason: 5m: RSI oversold (15.2); 5m: MACD bearish; 15m: RSI oversold (27.9); 15m: MACD bearish
  ⚠️ Sell signal but no position

[14:35:38] Cycle 1599
  💰 Current Price: $1.47
  🎯 Signal: SELL (confidence: 0.30)
  📝 Reason: 5m: RSI oversold (14.7); 5m: MACD bearish; 15m: RSI oversold (26.8); 15m: MACD bearish
  ⚠️ Sell signal but no position

[14:36:09] Cycle 1600
  💰 Current Price: $1.47
  🎯 Signal: SELL (confidence: 0.30)
  📝 Reason: 5m: RSI oversold (14.8); 5m: MACD bearish; 15m: RSI oversold (26.9); 15m: MACD bearish
  ⚠️ Sell signal but no position

[14:36:40] Cycle 1601
  💰 Current Price: $1.47
  🎯 Signal: SELL (confidence: 0.30)
  📝 Reason: 5m: RSI oversold (14.8); 5m: MACD bearish; 15m: RSI oversold (26.9); 15m: MACD bearish
  ⚠️ Sell signal but no position

[14:37:11] Cycle 1602
  💰 Current Price: $1.47
  🎯 Signal: SELL (confidence: 0.30)
  📝 Reason: 5m: RSI oversold (14.8); 5m: MACD bearish; 15m: RSI oversold (26.9); 15m: MACD bearish
  ⚠️ Sell signal but no position

[14:37:42] Cycle 1603
  💰 Current Price: $1.47
  🎯 Signal: SELL (confidence: 0.30)
  📝 Reason: 5m: RSI oversold (14.8); 5m: MACD bearish; 15m: RSI oversold (26.9); 15m: MACD bearish
  ⚠️ Sell signal but no position

[14:38:13] Cycle 1604
  💰 Current Price: $1.47
  🎯 Signal: SELL (confidence: 0.30)
  📝 Reason: 5m: RSI oversold (14.8); 5m: MACD bearish; 15m: RSI oversold (26.9); 15m: MACD bearish
  ⚠️ Sell signal but no position

[14:38:44] Cycle 1605
  💰 Current Price: $1.47
  🎯 Signal: SELL (confidence: 0.30)
  📝 Reason: 5m: RSI oversold (15.4); 5m: MACD bearish; 15m: RSI oversold (28.0); 15m: MACD bearish
  ⚠️ Sell signal but no position

[14:39:15] Cycle 1606
  💰 Current Price: $1.47
  🎯 Signal: SELL (confidence: 0.30)
  📝 Reason: 5m: RSI oversold (22.2); 5m: MACD bearish; 15m: RSI oversold (31.3); 15m: MACD bearish
  ⚠️ Sell signal but no position

[14:39:46] Cycle 1607
  💰 Current Price: $1.48
  🎯 Signal: HOLD (confidence: 0.00)
  📝 Reason: 5m: RSI oversold (27.8); 5m: MACD bearish; 15m: RSI oversold (34.1); 15m: MACD bearish

[14:40:17] Cycle 1608
  💰 Current Price: $1.48
  🎯 Signal: SELL (confidence: 0.20)
  📝 Reason: 5m: RSI oversold (33.7); 5m: MACD bearish; 15m: MACD bearish; 1h: MACD bullish
  ⚠️ Sell signal but no position

[14:40:48] Cycle 1609
  💰 Current Price: $1.48
  🎯 Signal: SELL (confidence: 0.20)
  📝 Reason: 5m: RSI oversold (33.7); 5m: MACD bearish; 15m: MACD bearish; 1h: MACD bullish
  ⚠️ Sell signal but no position

[14:41:19] Cycle 1610
  💰 Current Price: $1.48
  🎯 Signal: SELL (confidence: 0.20)
  📝 Reason: 5m: RSI oversold (32.9); 5m: MACD bearish; 15m: MACD bearish; 1h: MACD bullish
  ⚠️ Sell signal but no position

[14:41:50] Cycle 1611
  💰 Current Price: $1.48
  🎯 Signal: SELL (confidence: 0.20)
  📝 Reason: 5m: RSI oversold (32.9); 5m: MACD bearish; 15m: MACD bearish; 1h: MACD bullish
  ⚠️ Sell signal but no position

[14:42:21] Cycle 1612
  💰 Current Price: $1.48
  🎯 Signal: SELL (confidence: 0.20)
  📝 Reason: 5m: RSI oversold (32.9); 5m: MACD bearish; 15m: MACD bearish; 1h: MACD bullish
  ⚠️ Sell signal but no position

[14:42:51] Cycle 1613
  💰 Current Price: $1.48
  🎯 Signal: SELL (confidence: 0.20)
  📝 Reason: 5m: RSI oversold (32.9); 5m: MACD bearish; 15m: MACD bearish; 1h: MACD bullish
  ⚠️ Sell signal but no position

[14:43:22] Cycle 1614
  💰 Current Price: $1.48
  🎯 Signal: SELL (confidence: 0.20)
  📝 Reason: 5m: RSI oversold (32.9); 5m: MACD bearish; 15m: MACD bearish; 1h: MACD bullish
  ⚠️ Sell signal but no position

[14:43:53] Cycle 1615
  💰 Current Price: $1.48
  🎯 Signal: SELL (confidence: 0.20)
  📝 Reason: 5m: RSI oversold (31.9); 5m: MACD bearish; 15m: MACD bearish; 1h: MACD bullish
  ⚠️ Sell signal but no position

[14:44:24] Cycle 1616
  💰 Current Price: $1.48
  🎯 Signal: HOLD (confidence: 0.00)
  📝 Reason: 5m: RSI oversold (31.5); 5m: MACD bearish; 15m: RSI oversold (34.4); 15m: MACD bearish

[14:44:55] Cycle 1617
  💰 Current Price: $1.48
  🎯 Signal: HOLD (confidence: 0.00)
  📝 Reason: 5m: RSI oversold (31.5); 5m: MACD bearish; 15m: RSI oversold (34.4); 15m: MACD bearish

[14:45:26] Cycle 1618
  💰 Current Price: $1.48
  🎯 Signal: SELL (confidence: 0.30)
  📝 Reason: 5m: MACD bearish; 15m: MACD bearish; 1h: MACD bullish; 4h: MACD bearish
  ⚠️ Sell signal but no position

[14:45:56] Cycle 1619
  💰 Current Price: $1.48
  🎯 Signal: SELL (confidence: 0.30)
  📝 Reason: 5m: MACD bearish; 15m: MACD bearish; 1h: MACD bullish; 4h: MACD bearish
  ⚠️ Sell signal but no position

[14:46:27] Cycle 1620
  💰 Current Price: $1.48
  🎯 Signal: SELL (confidence: 0.30)
  📝 Reason: 5m: MACD bearish; 15m: MACD bearish; 1h: MACD bullish; 4h: MACD bearish
  ⚠️ Sell signal but no position

[14:46:58] Cycle 1621
  💰 Current Price: $1.48
  🎯 Signal: SELL (confidence: 0.30)
  📝 Reason: 5m: MACD bearish; 15m: MACD bearish; 1h: MACD bullish; 4h: MACD bearish
  ⚠️ Sell signal but no position

[14:47:29] Cycle 1622
  💰 Current Price: $1.48
  🎯 Signal: SELL (confidence: 0.30)
  📝 Reason: 5m: MACD bearish; 15m: MACD bearish; 1h: MACD bullish; 4h: MACD bearish
  ⚠️ Sell signal but no position

[14:48:00] Cycle 1623
  💰 Current Price: $1.48
  🎯 Signal: SELL (confidence: 0.30)
  📝 Reason: 5m: MACD bearish; 15m: MACD bearish; 1h: MACD bullish; 4h: MACD bearish
  ⚠️ Sell signal but no position

[14:48:31] Cycle 1624
  💰 Current Price: $1.48
  🎯 Signal: SELL (confidence: 0.20)
  📝 Reason: 5m: RSI oversold (34.6); 5m: MACD bearish; 15m: MACD bearish; 1h: MACD bullish
  ⚠️ Sell signal but no position

[14:49:01] Cycle 1625
  💰 Current Price: $1.48
  🎯 Signal: SELL (confidence: 0.20)
  📝 Reason: 5m: RSI oversold (34.6); 5m: MACD bearish; 15m: MACD bearish; 1h: MACD bullish
  ⚠️ Sell signal but no position

[14:49:32] Cycle 1626
  💰 Current Price: $1.47
  🎯 Signal: SELL (confidence: 0.20)
  📝 Reason: 5m: RSI oversold (33.8); 5m: MACD bearish; 15m: MACD bearish; 1h: MACD bullish
  ⚠️ Sell signal but no position

[14:50:03] Cycle 1627
  💰 Current Price: $1.47
  🎯 Signal: SELL (confidence: 0.20)
  📝 Reason: 5m: RSI oversold (29.4); 5m: MACD bearish; 15m: MACD bearish; 1h: MACD bullish
  ⚠️ Sell signal but no position

[14:50:34] Cycle 1628
  💰 Current Price: $1.48
  🎯 Signal: SELL (confidence: 0.20)
  📝 Reason: 5m: RSI oversold (33.8); 5m: MACD bearish; 15m: MACD bearish; 1h: MACD bullish
  ⚠️ Sell signal but no position

[14:51:05] Cycle 1629
  💰 Current Price: $1.48
  🎯 Signal: SELL (confidence: 0.20)
  📝 Reason: 5m: RSI oversold (34.1); 5m: MACD bearish; 15m: MACD bearish; 1h: MACD bullish
  ⚠️ Sell signal but no position

[14:51:36] Cycle 1630
  💰 Current Price: $1.48
  🎯 Signal: SELL (confidence: 0.20)
  📝 Reason: 5m: RSI oversold (34.1); 5m: MACD bearish; 15m: MACD bearish; 1h: MACD bullish
  ⚠️ Sell signal but no position

[14:52:07] Cycle 1631
  💰 Current Price: $1.48
  🎯 Signal: SELL (confidence: 0.20)
  📝 Reason: 5m: RSI oversold (34.1); 5m: MACD bearish; 15m: MACD bearish; 1h: MACD bullish
  ⚠️ Sell signal but no position

[14:52:38] Cycle 1632
  💰 Current Price: $1.48
  🎯 Signal: SELL (confidence: 0.20)
  📝 Reason: 5m: RSI oversold (34.1); 5m: MACD bearish; 15m: MACD bearish; 1h: MACD bullish
  ⚠️ Sell signal but no position

[14:53:09] Cycle 1633
  💰 Current Price: $1.48
  🎯 Signal: SELL (confidence: 0.20)
  📝 Reason: 5m: RSI oversold (34.1); 5m: MACD bearish; 15m: MACD bearish; 1h: MACD bullish
  ⚠️ Sell signal but no position

[14:53:39] Cycle 1634
  💰 Current Price: $1.48
  🎯 Signal: SELL (confidence: 0.20)
  📝 Reason: 5m: RSI oversold (14.8); 5m: MACD bearish; 15m: RSI oversold (26.9); 15m: MACD bearish
  ⚠️ Sell signal but no position

[14:36:40] Cycle 1596
  💰 Current Price: $1.47
  🎯 Signal: SELL (confidence: 0.30)
  📝 Reason: 5m: RSI oversold (14.8); 5m: MACD bearish; 15m: RSI oversold (26.9); 15m: MACD bearish
  ⚠️ Sell signal but no position

[14:37:11] Cycle 1597
  💰 Current Price: $1.47
  🎯 Signal: SELL (confidence: 0.30)
  📝 Reason: 5m: RSI oversold (14.8); 5m: MACD bearish; 15m: RSI oversold (26.9); 15m: MACD bearish
  ⚠️ Sell signal but no position

[14:37:42] Cycle 1598
  💰 Current Price: $1.47
  🎯 Signal: SELL (confidence: 0.30)
  📝 Reason: 5m: RSI oversold (14.8); 5m: MACD bearish; 15m: RSI oversold (26.9); 15m: MACD bearish
  ⚠️ Sell signal but no position

[14:38:13] Cycle 1599
  💰 Current Price: $1.47
  🎯 Signal: SELL (confidence: 0.30)
  📝 Reason: 5m: RSI oversold (14.8); 5m: MACD bearish; 15m: RSI oversold (26.9); 15m: MACD bearish
  ⚠️ Sell signal but no position

[14:38:44] Cycle 1600
  💰 Current Price: $1.47
  🎯 Signal: SELL (confidence: 0.30)
  📝 Reason: 5m: RSI oversold (15.4); 5m: MACD bearish; 15m: RSI oversold (28.0); 15m: MACD bearish
  ⚠️ Sell signal but no position

[14:39:15] Cycle 1601
  💰 Current Price: $1.47
  🎯 Signal: SELL (confidence: 0.30)
  📝 Reason: 5m: RSI oversold (22.2); 5m: MACD bearish; 15m: RSI oversold (31.3); 15m: MACD bearish
  ⚠️ Sell signal but no position

[14:39:46] Cycle 1602
  💰 Current Price: $1.48
  🎯 Signal: HOLD (confidence: 0.00)
  📝 Reason: 5m: RSI oversold (27.8); 5m: MACD bearish; 15m: RSI oversold (34.1); 15m: MACD bearish

[14:40:17] Cycle 1603
  💰 Current Price: $1.48
  🎯 Signal: SELL (confidence: 0.20)
  📝 Reason: 5m: RSI oversold (33.7); 5m: MACD bearish; 15m: MACD bearish; 1h: MACD bullish
  ⚠️ Sell signal but no position

[14:40:48] Cycle 1604
  💰 Current Price: $1.48
  🎯 Signal: SELL (confidence: 0.20)
  📝 Reason: 5m: RSI oversold (33.7); 5m: MACD bearish; 15m: MACD bearish; 1h: MACD bullish
  ⚠️ Sell signal but no position

[14:41:19] Cycle 1605
  💰 Current Price: $1.48
  🎯 Signal: SELL (confidence: 0.20)
  📝 Reason: 5m: RSI oversold (32.9); 5m: MACD bearish; 15m: MACD bearish; 1h: MACD bullish
  ⚠️ Sell signal but no position

[14:41:50] Cycle 1606
  💰 Current Price: $1.48
  🎯 Signal: SELL (confidence: 0.20)
  📝 Reason: 5m: RSI oversold (32.9); 5m: MACD bearish; 15m: MACD bearish; 1h: MACD bullish
  ⚠️ Sell signal but no position

[14:42:21] Cycle 1607
  💰 Current Price: $1.48
  🎯 Signal: SELL (confidence: 0.20)
  📝 Reason: 5m: RSI oversold (32.9); 5m: MACD bearish; 15m: MACD bearish; 1h: MACD bullish
  ⚠️ Sell signal but no position

[14:42:51] Cycle 1608
  💰 Current Price: $1.48
  🎯 Signal: SELL (confidence: 0.20)
  📝 Reason: 5m: RSI oversold (32.9); 5m: MACD bearish; 15m: MACD bearish; 1h: MACD bullish
  ⚠️ Sell signal but no position

[14:43:22] Cycle 1609
  💰 Current Price: $1.48
  🎯 Signal: SELL (confidence: 0.20)
  📝 Reason: 5m: RSI oversold (32.9); 5m: MACD bearish; 15m: MACD bearish; 1h: MACD bullish
  ⚠️ Sell signal but no position

[14:43:53] Cycle 1610
  💰 Current Price: $1.48
  🎯 Signal: SELL (confidence: 0.20)
  📝 Reason: 5m: RSI oversold (31.9); 5m: MACD bearish; 15m: MACD bearish; 1h: MACD bullish
  ⚠️ Sell signal but no position

[14:44:24] Cycle 1611
  💰 Current Price: $1.48
  🎯 Signal: HOLD (confidence: 0.00)
  📝 Reason: 5m: RSI oversold (31.5); 5m: MACD bearish; 15m: RSI oversold (34.4); 15m: MACD bearish

[14:44:55] Cycle 1612
  💰 Current Price: $1.48
  🎯 Signal: HOLD (confidence: 0.00)
  📝 Reason: 5m: RSI oversold (31.5); 5m: MACD bearish; 15m: RSI oversold (34.4); 15m: MACD bearish

[14:45:26] Cycle 1613
  💰 Current Price: $1.48
  🎯 Signal: SELL (confidence: 0.30)
  📝 Reason: 5m: MACD bearish; 15m: MACD bearish; 1h: MACD bullish; 4h: MACD bearish
  ⚠️ Sell signal but no position

[14:45:56] Cycle 1614
  💰 Current Price: $1.48
  🎯 Signal: SELL (confidence: 0.30)
  📝 Reason: 5m: MACD bearish; 15m: MACD bearish; 1h: MACD bullish; 4h: MACD bearish
  ⚠️ Sell signal but no position

[14:46:27] Cycle 1615
  💰 Current Price: $1.48
  🎯 Signal: SELL (confidence: 0.30)
  📝 Reason: 5m: MACD bearish; 15m: MACD bearish; 1h: MACD bullish; 4h: MACD bearish
  ⚠️ Sell signal but no position

[14:46:58] Cycle 1616
  💰 Current Price: $1.48
  🎯 Signal: SELL (confidence: 0.30)
  📝 Reason: 5m: MACD bearish; 15m: MACD bearish; 1h: MACD bullish; 4h: MACD bearish
  ⚠️ Sell signal but no position

[14:47:29] Cycle 1617
  💰 Current Price: $1.48
  🎯 Signal: SELL (confidence: 0.30)
  📝 Reason: 5m: MACD bearish; 15m: MACD bearish; 1h: MACD bullish; 4h: MACD bearish
  ⚠️ Sell signal but no position

[14:48:00] Cycle 1618
  💰 Current Price: $1.48
  🎯 Signal: SELL (confidence: 0.30)
  📝 Reason: 5m: MACD bearish; 15m: MACD bearish; 1h: MACD bullish; 4h: MACD bearish
  ⚠️ Sell signal but no position

[14:48:31] Cycle 1619
  💰 Current Price: $1.48
  🎯 Signal: SELL (confidence: 0.20)
  📝 Reason: 5m: RSI oversold (34.6); 5m: MACD bearish; 15m: MACD bearish; 1h: MACD bullish
  ⚠️ Sell signal but no position

[14:49:01] Cycle 1620
  💰 Current Price: $1.48
  🎯 Signal: SELL (confidence: 0.20)
  📝 Reason: 5m: RSI oversold (34.6); 5m: MACD bearish; 15m: MACD bearish; 1h: MACD bullish
  ⚠️ Sell signal but no position

[14:49:32] Cycle 1621
  💰 Current Price: $1.47
  🎯 Signal: SELL (confidence: 0.20)
  📝 Reason: 5m: RSI oversold (33.8); 5m: MACD bearish; 15m: MACD bearish; 1h: MACD bullish
  ⚠️ Sell signal but no position

[14:50:03] Cycle 1622
  💰 Current Price: $1.47
  🎯 Signal: SELL (confidence: 0.20)
  📝 Reason: 5m: RSI oversold (29.4); 5m: MACD bearish; 15m: MACD bearish; 1h: MACD bullish
  ⚠️ Sell signal but no position

[14:50:34] Cycle 1623
  💰 Current Price: $1.48
  🎯 Signal: SELL (confidence: 0.20)
  📝 Reason: 5m: RSI oversold (33.8); 5m: MACD bearish; 15m: MACD bearish; 1h: MACD bullish
  ⚠️ Sell signal but no position

[14:51:05] Cycle 1624
  💰 Current Price: $1.48
  🎯 Signal: SELL (confidence: 0.20)
  📝 Reason: 5m: RSI oversold (34.1); 5m: MACD bearish; 15m: MACD bearish; 1h: MACD bullish
  ⚠️ Sell signal but no position

[14:51:36] Cycle 1625
  💰 Current Price: $1.48
  🎯 Signal: SELL (confidence: 0.20)
  📝 Reason: 5m: RSI oversold (34.1); 5m: MACD bearish; 15m: MACD bearish; 1h: MACD bullish
  ⚠️ Sell signal but no position

[14:52:07] Cycle 1626
  💰 Current Price: $1.48
  🎯 Signal: SELL (confidence: 0.20)
  📝 Reason: 5m: RSI oversold (34.1); 5m: MACD bearish; 15m: MACD bearish; 1h: MACD bullish
  ⚠️ Sell signal but no position

[14:52:38] Cycle 1627
  💰 Current Price: $1.48
  🎯 Signal: SELL (confidence: 0.20)
  📝 Reason: 5m: RSI oversold (34.1); 5m: MACD bearish; 15m: MACD bearish; 1h: MACD bullish
  ⚠️ Sell signal but no position

[14:53:08] Cycle 1628
  💰 Current Price: $1.48
  🎯 Signal: SELL (confidence: 0.20)
  📝 Reason: 5m: RSI oversold (34.1); 5m: MACD bearish; 15m: MACD bearish; 1h: MACD bullish
  ⚠️ Sell signal but no position

[14:53:39] Cycle 1629
  💰 Current Price: $1.48
  🎯 Signal: SELL (confidence: 0.20)
  📝 Reason: 5m: RSI oversold (31.7); 5m: MACD bearish; 15m: MACD bearish; 1h: MACD bullish
  ⚠️ Sell signal but no position

[14:54:10] Cycle 1630
  💰 Current Price: $1.48
  🎯 Signal: SELL (confidence: 0.20)
  📝 Reason: 5m: RSI oversold (33.0); 5m: MACD bearish; 15m: MACD bearish; 1h: MACD bullish
  ⚠️ Sell signal but no position

[14:54:41] Cycle 1631
  💰 Current Price: $1.48
  🎯 Signal: SELL (confidence: 0.20)
  📝 Reason: 5m: RSI oversold (33.0); 5m: MACD bearish; 15m: MACD bearish; 1h: MACD bullish
  ⚠️ Sell signal but no position

[14:55:12] Cycle 1632
  💰 Current Price: $1.48
  🎯 Signal: SELL (confidence: 0.20)
  📝 Reason: 5m: RSI oversold (31.7); 5m: MACD bearish; 15m: MACD bearish; 1h: MACD bullish
  ⚠️ Sell signal but no position

[14:54:10] Cycle 1635
  💰 Current Price: $1.48
  🎯 Signal: SELL (confidence: 0.20)
  📝 Reason: 5m: RSI oversold (33.0); 5m: MACD bearish; 15m: MACD bearish; 1h: MACD bullish
  ⚠️ Sell signal but no position

[14:54:41] Cycle 1636
  💰 Current Price: $1.48
  🎯 Signal: SELL (confidence: 0.20)
  📝 Reason: 5m: RSI oversold (33.0); 5m: MACD bearish; 15m: MACD bearish; 1h: MACD bullish
  ⚠️ Sell signal but no position

[14:55:12] Cycle 1637
  💰 Current Price: $1.48
  🎯 Signal: SELL (confidence: 0.20)
  📝 Reason: 5m: RSI oversold (34.7); 5m: MACD bearish; 15m: MACD bearish; 1h: MACD bullish
  ⚠️ Sell signal but no position

[14:55:43] Cycle 1638
  💰 Current Price: $1.48
  🎯 Signal: SELL (confidence: 0.20)
  📝 Reason: 5m: RSI oversold (34.7); 5m: MACD bearish; 15m: MACD bearish; 1h: MACD bullish
  ⚠️ Sell signal but no position

[14:56:14] Cycle 1639
  💰 Current Price: $1.48
  🎯 Signal: SELL (confidence: 0.20)
  📝 Reason: 5m: RSI oversold (34.7); 5m: MACD bearish; 15m: MACD bearish; 1h: MACD bullish
  ⚠️ Sell signal but no position

[14:56:45] Cycle 1640
  💰 Current Price: $1.48
  🎯 Signal: SELL (confidence: 0.30)
  📝 Reason: 5m: MACD bearish; 15m: MACD bearish; 1h: MACD bullish; 4h: MACD bearish
  ⚠️ Sell signal but no position

[14:57:15] Cycle 1641
  💰 Current Price: $1.48
  🎯 Signal: SELL (confidence: 0.30)
  📝 Reason: 5m: MACD bearish; 15m: MACD bearish; 1h: MACD bullish; 4h: MACD bearish
  ⚠️ Sell signal but no position

[14:57:46] Cycle 1642
  💰 Current Price: $1.48
  🎯 Signal: SELL (confidence: 0.30)
  📝 Reason: 5m: MACD bearish; 15m: MACD bearish; 1h: MACD bullish; 4h: MACD bearish
  ⚠️ Sell signal but no position

[14:58:17] Cycle 1643
  💰 Current Price: $1.48
  🎯 Signal: SELL (confidence: 0.30)
  📝 Reason: 5m: MACD bearish; 15m: MACD bearish; 1h: MACD bullish; 4h: MACD bearish
  ⚠️ Sell signal but no position

[14:58:47] Cycle 1644
  💰 Current Price: $1.48
  🎯 Signal: SELL (confidence: 0.30)
  📝 Reason: 5m: MACD bearish; 15m: MACD bearish; 1h: MACD bullish; 4h: MACD bearish
  ⚠️ Sell signal but no position

[14:59:18] Cycle 1645
  💰 Current Price: $1.48
  🎯 Signal: SELL (confidence: 0.20)
  📝 Reason: 5m: RSI oversold (34.7); 5m: MACD bearish; 15m: MACD bearish; 1h: MACD bullish
  ⚠️ Sell signal but no position

[14:59:49] Cycle 1646
  💰 Current Price: $1.48
  🎯 Signal: SELL (confidence: 0.20)
  📝 Reason: 5m: RSI oversold (34.3); 5m: MACD bearish; 15m: MACD bearish; 1h: MACD bullish
  ⚠️ Sell signal but no position

[15:00:20] Cycle 1647
  💰 Current Price: $1.48
  🎯 Signal: SELL (confidence: 0.60)
  📝 Reason: 5m: MACD bearish; 15m: MACD bearish; 1h: MACD bearish; 4h: MACD bearish
  ⚠️ Sell signal but no position

[15:00:51] Cycle 1648
  💰 Current Price: $1.48
  🎯 Signal: SELL (confidence: 0.60)
  📝 Reason: 5m: MACD bearish; 15m: MACD bearish; 1h: MACD bearish; 4h: MACD bearish
  ⚠️ Sell signal but no position

[15:01:21] Cycle 1649
  💰 Current Price: $1.48
  🎯 Signal: SELL (confidence: 0.60)
  📝 Reason: 5m: MACD bearish; 15m: MACD bearish; 1h: MACD bearish; 4h: MACD bearish
  ⚠️ Sell signal but no position

[15:01:52] Cycle 1650
  💰 Current Price: $1.48
  🎯 Signal: SELL (confidence: 0.60)
  📝 Reason: 5m: MACD bearish; 15m: MACD bearish; 1h: MACD bearish; 4h: MACD bearish
  ⚠️ Sell signal but no position

[15:02:23] Cycle 1651
  💰 Current Price: $1.48
  🎯 Signal: SELL (confidence: 0.50)
  📝 Reason: 5m: RSI oversold (34.5); 5m: MACD bearish; 15m: MACD bearish; 1h: MACD bearish
  ⚠️ Sell signal but no position

[15:02:54] Cycle 1652
  💰 Current Price: $1.48
  🎯 Signal: SELL (confidence: 0.50)
  📝 Reason: 5m: RSI oversold (34.5); 5m: MACD bearish; 15m: MACD bearish; 1h: MACD bearish
  ⚠️ Sell signal but no position

[15:03:25] Cycle 1653
  💰 Current Price: $1.48
  🎯 Signal: SELL (confidence: 0.50)
  📝 Reason: 5m: RSI oversold (34.5); 5m: MACD bearish; 15m: MACD bearish; 1h: MACD bearish
  ⚠️ Sell signal but no position

[15:03:55] Cycle 1654
  💰 Current Price: $1.48
  🎯 Signal: SELL (confidence: 0.60)
  📝 Reason: 5m: MACD bearish; 15m: MACD bearish; 1h: MACD bearish; 4h: MACD bearish
  ⚠️ Sell signal but no position

[15:04:27] Cycle 1655
  💰 Current Price: $1.48
  🎯 Signal: SELL (confidence: 0.60)
  📝 Reason: 5m: MACD bearish; 15m: MACD bearish; 1h: MACD bearish; 4h: MACD bearish
  ⚠️ Sell signal but no position

[15:04:57] Cycle 1656
  💰 Current Price: $1.48
  🎯 Signal: SELL (confidence: 0.60)
  📝 Reason: 5m: MACD bearish; 15m: MACD bearish; 1h: MACD bearish; 4h: MACD bearish
  ⚠️ Sell signal but no position

[15:05:28] Cycle 1657
  💰 Current Price: $1.48
  🎯 Signal: SELL (confidence: 0.60)
  📝 Reason: 5m: MACD bearish; 15m: MACD bearish; 1h: MACD bearish; 4h: MACD bearish
  ⚠️ Sell signal but no position

[15:05:59] Cycle 1658
  💰 Current Price: $1.48
  🎯 Signal: SELL (confidence: 0.60)
  📝 Reason: 5m: MACD bearish; 15m: MACD bearish; 1h: MACD bearish; 4h: MACD bearish
  ⚠️ Sell signal but no position

[15:06:30] Cycle 1659
  💰 Current Price: $1.48
  🎯 Signal: SELL (confidence: 0.60)
  📝 Reason: 5m: MACD bearish; 15m: MACD bearish; 1h: MACD bearish; 4h: MACD bearish
  ⚠️ Sell signal but no position

[15:07:01] Cycle 1660
  💰 Current Price: $1.48
  🎯 Signal: SELL (confidence: 0.60)
  📝 Reason: 5m: MACD bearish; 15m: MACD bearish; 1h: MACD bearish; 4h: MACD bearish
  ⚠️ Sell signal but no position

[15:07:32] Cycle 1661
  💰 Current Price: $1.48
  🎯 Signal: SELL (confidence: 0.60)
  📝 Reason: 5m: MACD bearish; 15m: MACD bearish; 1h: MACD bearish; 4h: MACD bearish
  ⚠️ Sell signal but no position

[15:08:03] Cycle 1662
  💰 Current Price: $1.48
  🎯 Signal: SELL (confidence: 0.60)
  📝 Reason: 5m: MACD bearish; 15m: MACD bearish; 1h: MACD bearish; 4h: MACD bearish
  ⚠️ Sell signal but no position

[15:08:35] Cycle 1663
  💰 Current Price: $1.48
  🎯 Signal: SELL (confidence: 0.60)
  📝 Reason: 5m: MACD bearish; 15m: MACD bearish; 1h: MACD bearish; 4h: MACD bearish
  ⚠️ Sell signal but no position

[15:09:05] Cycle 1664
  💰 Current Price: $1.48
  🎯 Signal: SELL (confidence: 0.60)
  📝 Reason: 5m: MACD bearish; 15m: MACD bearish; 1h: MACD bearish; 4h: MACD bearish
  ⚠️ Sell signal but no position

[15:09:37] Cycle 1665
  💰 Current Price: $1.48
  🎯 Signal: SELL (confidence: 0.60)
  📝 Reason: 5m: MACD bearish; 15m: MACD bearish; 1h: MACD bearish; 4h: MACD bearish
  ⚠️ Sell signal but no position

[15:10:08] Cycle 1666
  💰 Current Price: $1.48
  🎯 Signal: SELL (confidence: 0.60)
  📝 Reason: 5m: MACD bearish; 15m: MACD bearish; 1h: MACD bearish; 4h: MACD bearish
  ⚠️ Sell signal but no position

[15:10:38] Cycle 1667
  💰 Current Price: $1.48
  🎯 Signal: SELL (confidence: 0.60)
  📝 Reason: 5m: MACD bearish; 15m: MACD bearish; 1h: MACD bearish; 4h: MACD bearish
  ⚠️ Sell signal but no position

[15:11:09] Cycle 1668
  💰 Current Price: $1.48
  🎯 Signal: SELL (confidence: 0.60)
  📝 Reason: 5m: MACD bearish; 15m: MACD bearish; 1h: MACD bearish; 4h: MACD bearish
  ⚠️ Sell signal but no position

[15:11:40] Cycle 1669
  💰 Current Price: $1.48
  🎯 Signal: SELL (confidence: 0.60)
  📝 Reason: 5m: MACD bearish; 15m: MACD bearish; 1h: MACD bearish; 4h: MACD bearish
  ⚠️ Sell signal but no position

[15:12:11] Cycle 1670
  💰 Current Price: $1.48
  🎯 Signal: SELL (confidence: 0.60)
  📝 Reason: 5m: MACD bearish; 15m: MACD bearish; 1h: MACD bearish; 4h: MACD bearish
  ⚠️ Sell signal but no position

[15:12:42] Cycle 1671
  💰 Current Price: $1.48
  🎯 Signal: SELL (confidence: 0.60)
  📝 Reason: 5m: MACD bearish; 15m: MACD bearish; 1h: MACD bearish; 4h: MACD bearish
  ⚠️ Sell signal but no position

[15:13:14] Cycle 1672
  💰 Current Price: $1.48
  📝 Reason: 5m: RSI oversold (34.7); 5m: MACD bearish; 15m: MACD bearish; 1h: MACD bullish
  ⚠️ Sell signal but no position

[14:55:43] Cycle 1633
  💰 Current Price: $1.48
  🎯 Signal: SELL (confidence: 0.20)
  📝 Reason: 5m: RSI oversold (34.7); 5m: MACD bearish; 15m: MACD bearish; 1h: MACD bullish
  ⚠️ Sell signal but no position

[14:56:14] Cycle 1634
  💰 Current Price: $1.48
  🎯 Signal: SELL (confidence: 0.20)
  📝 Reason: 5m: RSI oversold (34.7); 5m: MACD bearish; 15m: MACD bearish; 1h: MACD bullish
  ⚠️ Sell signal but no position

[14:56:44] Cycle 1635
  💰 Current Price: $1.48
  🎯 Signal: SELL (confidence: 0.30)
  📝 Reason: 5m: MACD bearish; 15m: MACD bearish; 1h: MACD bullish; 4h: MACD bearish
  ⚠️ Sell signal but no position

[14:57:15] Cycle 1636
  💰 Current Price: $1.48
  🎯 Signal: SELL (confidence: 0.30)
  📝 Reason: 5m: MACD bearish; 15m: MACD bearish; 1h: MACD bullish; 4h: MACD bearish
  ⚠️ Sell signal but no position

[14:57:46] Cycle 1637
  💰 Current Price: $1.48
  🎯 Signal: SELL (confidence: 0.30)
  📝 Reason: 5m: MACD bearish; 15m: MACD bearish; 1h: MACD bullish; 4h: MACD bearish
  ⚠️ Sell signal but no position

[14:58:17] Cycle 1638
  💰 Current Price: $1.48
  🎯 Signal: SELL (confidence: 0.30)
  📝 Reason: 5m: MACD bearish; 15m: MACD bearish; 1h: MACD bullish; 4h: MACD bearish
  ⚠️ Sell signal but no position

[14:58:47] Cycle 1639
  💰 Current Price: $1.48
  🎯 Signal: SELL (confidence: 0.30)
  📝 Reason: 5m: MACD bearish; 15m: MACD bearish; 1h: MACD bullish; 4h: MACD bearish
  ⚠️ Sell signal but no position

[14:59:18] Cycle 1640
  💰 Current Price: $1.48
  🎯 Signal: SELL (confidence: 0.20)
  📝 Reason: 5m: RSI oversold (34.7); 5m: MACD bearish; 15m: MACD bearish; 1h: MACD bullish
  ⚠️ Sell signal but no position

[14:59:49] Cycle 1641
  💰 Current Price: $1.48
  🎯 Signal: SELL (confidence: 0.20)
  📝 Reason: 5m: RSI oversold (34.3); 5m: MACD bearish; 15m: MACD bearish; 1h: MACD bullish
  ⚠️ Sell signal but no position

[15:00:20] Cycle 1642
  💰 Current Price: $1.48
  🎯 Signal: SELL (confidence: 0.60)
  📝 Reason: 5m: MACD bearish; 15m: MACD bearish; 1h: MACD bearish; 4h: MACD bearish
  ⚠️ Sell signal but no position

[15:00:50] Cycle 1643
  💰 Current Price: $1.48
  🎯 Signal: SELL (confidence: 0.60)
  📝 Reason: 5m: MACD bearish; 15m: MACD bearish; 1h: MACD bearish; 4h: MACD bearish
  ⚠️ Sell signal but no position

[15:01:21] Cycle 1644
  💰 Current Price: $1.48
  🎯 Signal: SELL (confidence: 0.60)
  📝 Reason: 5m: MACD bearish; 15m: MACD bearish; 1h: MACD bearish; 4h: MACD bearish
  ⚠️ Sell signal but no position

[15:01:52] Cycle 1645
  💰 Current Price: $1.48
  🎯 Signal: SELL (confidence: 0.60)
  📝 Reason: 5m: MACD bearish; 15m: MACD bearish; 1h: MACD bearish; 4h: MACD bearish
  ⚠️ Sell signal but no position

[15:02:23] Cycle 1646
  💰 Current Price: $1.48
  🎯 Signal: SELL (confidence: 0.50)
  📝 Reason: 5m: RSI oversold (34.5); 5m: MACD bearish; 15m: MACD bearish; 1h: MACD bearish
  ⚠️ Sell signal but no position

[15:02:54] Cycle 1647
  💰 Current Price: $1.48
  🎯 Signal: SELL (confidence: 0.50)
  📝 Reason: 5m: RSI oversold (34.5); 5m: MACD bearish; 15m: MACD bearish; 1h: MACD bearish
  ⚠️ Sell signal but no position

[15:03:25] Cycle 1648
  💰 Current Price: $1.48
  🎯 Signal: SELL (confidence: 0.50)
  📝 Reason: 5m: RSI oversold (34.5); 5m: MACD bearish; 15m: MACD bearish; 1h: MACD bearish
  ⚠️ Sell signal but no position

[15:03:56] Cycle 1649
  💰 Current Price: $1.48
  🎯 Signal: SELL (confidence: 0.60)
  📝 Reason: 5m: MACD bearish; 15m: MACD bearish; 1h: MACD bearish; 4h: MACD bearish
  ⚠️ Sell signal but no position

[15:04:27] Cycle 1650
  💰 Current Price: $1.48
  🎯 Signal: SELL (confidence: 0.60)
  📝 Reason: 5m: MACD bearish; 15m: MACD bearish; 1h: MACD bearish; 4h: MACD bearish
  ⚠️ Sell signal but no position

[15:04:57] Cycle 1651
  💰 Current Price: $1.48
  🎯 Signal: SELL (confidence: 0.60)
  📝 Reason: 5m: MACD bearish; 15m: MACD bearish; 1h: MACD bearish; 4h: MACD bearish
  ⚠️ Sell signal but no position

[15:05:29] Cycle 1652
  💰 Current Price: $1.48
  🎯 Signal: SELL (confidence: 0.60)
  📝 Reason: 5m: MACD bearish; 15m: MACD bearish; 1h: MACD bearish; 4h: MACD bearish
  ⚠️ Sell signal but no position

[15:05:59] Cycle 1653
  💰 Current Price: $1.48
  🎯 Signal: SELL (confidence: 0.60)
  📝 Reason: 5m: MACD bearish; 15m: MACD bearish; 1h: MACD bearish; 4h: MACD bearish
  ⚠️ Sell signal but no position

[15:06:30] Cycle 1654
  💰 Current Price: $1.48
  🎯 Signal: SELL (confidence: 0.60)
  📝 Reason: 5m: MACD bearish; 15m: MACD bearish; 1h: MACD bearish; 4h: MACD bearish
  ⚠️ Sell signal but no position

[15:07:01] Cycle 1655
  💰 Current Price: $1.48
  🎯 Signal: SELL (confidence: 0.60)
  📝 Reason: 5m: MACD bearish; 15m: MACD bearish; 1h: MACD bearish; 4h: MACD bearish
  ⚠️ Sell signal but no position

[15:07:32] Cycle 1656
  💰 Current Price: $1.48
  🎯 Signal: SELL (confidence: 0.60)
  📝 Reason: 5m: MACD bearish; 15m: MACD bearish; 1h: MACD bearish; 4h: MACD bearish
  ⚠️ Sell signal but no position

[15:08:03] Cycle 1657
  💰 Current Price: $1.48
  🎯 Signal: SELL (confidence: 0.60)
  📝 Reason: 5m: MACD bearish; 15m: MACD bearish; 1h: MACD bearish; 4h: MACD bearish
  ⚠️ Sell signal but no position

[15:08:35] Cycle 1658
  💰 Current Price: $1.48
  🎯 Signal: SELL (confidence: 0.60)
  📝 Reason: 5m: MACD bearish; 15m: MACD bearish; 1h: MACD bearish; 4h: MACD bearish
  ⚠️ Sell signal but no position

[15:09:06] Cycle 1659
  💰 Current Price: $1.48
  🎯 Signal: SELL (confidence: 0.60)
  📝 Reason: 5m: MACD bearish; 15m: MACD bearish; 1h: MACD bearish; 4h: MACD bearish
  ⚠️ Sell signal but no position

[15:09:37] Cycle 1660
  💰 Current Price: $1.48
  🎯 Signal: SELL (confidence: 0.60)
  📝 Reason: 5m: MACD bearish; 15m: MACD bearish; 1h: MACD bearish; 4h: MACD bearish
  ⚠️ Sell signal but no position

[15:10:07] Cycle 1661
  💰 Current Price: $1.48
  🎯 Signal: SELL (confidence: 0.60)
  📝 Reason: 5m: MACD bearish; 15m: MACD bearish; 1h: MACD bearish; 4h: MACD bearish
  ⚠️ Sell signal but no position

[15:10:38] Cycle 1662
  💰 Current Price: $1.48
  🎯 Signal: SELL (confidence: 0.60)
  📝 Reason: 5m: MACD bearish; 15m: MACD bearish; 1h: MACD bearish; 4h: MACD bearish
  ⚠️ Sell signal but no position

[15:11:09] Cycle 1663
  💰 Current Price: $1.48
  🎯 Signal: SELL (confidence: 0.60)
  📝 Reason: 5m: MACD bearish; 15m: MACD bearish; 1h: MACD bearish; 4h: MACD bearish
  ⚠️ Sell signal but no position

[15:11:40] Cycle 1664
  💰 Current Price: $1.48
  🎯 Signal: SELL (confidence: 0.60)
  📝 Reason: 5m: MACD bearish; 15m: MACD bearish; 1h: MACD bearish; 4h: MACD bearish
  ⚠️ Sell signal but no position

[15:12:11] Cycle 1665
  💰 Current Price: $1.48
  🎯 Signal: SELL (confidence: 0.60)
  📝 Reason: 5m: MACD bearish; 15m: MACD bearish; 1h: MACD bearish; 4h: MACD bearish
  ⚠️ Sell signal but no position

[15:12:42] Cycle 1666
  💰 Current Price: $1.48
  🎯 Signal: SELL (confidence: 0.60)
  📝 Reason: 5m: MACD bearish; 15m: MACD bearish; 1h: MACD bearish; 4h: MACD bearish
  ⚠️ Sell signal but no position

[15:13:14] Cycle 1667
  💰 Current Price: $1.48
  🎯 Signal: SELL (confidence: 0.60)
  📝 Reason: 5m: MACD bearish; 15m: MACD bearish; 1h: MACD bearish; 4h: MACD bearish
  ⚠️ Sell signal but no position

[15:13:45] Cycle 1668
  💰 Current Price: $1.48
  🎯 Signal: SELL (confidence: 0.60)
  📝 Reason: 5m: MACD bearish; 15m: MACD bearish; 1h: MACD bearish; 4h: MACD bearish
  ⚠️ Sell signal but no position

[15:14:16] Cycle 1669
  💰 Current Price: $1.48
  🎯 Signal: SELL (confidence: 0.60)
  📝 Reason: 5m: MACD bearish; 15m: MACD bearish; 1h: MACD bearish; 4h: MACD bearish
  ⚠️ Sell signal but no position

[15:14:46] Cycle 1670
  💰 Current Price: $1.48
  🎯 Signal: SELL (confidence: 0.60)
  🎯 Signal: SELL (confidence: 0.60)
  📝 Reason: 5m: MACD bearish; 15m: MACD bearish; 1h: MACD bearish; 4h: MACD bearish
  ⚠️ Sell signal but no position

[15:13:45] Cycle 1673
  💰 Current Price: $1.48
  🎯 Signal: SELL (confidence: 0.60)
  📝 Reason: 5m: MACD bearish; 15m: MACD bearish; 1h: MACD bearish; 4h: MACD bearish
  ⚠️ Sell signal but no position

[15:14:16] Cycle 1674
  💰 Current Price: $1.48
  🎯 Signal: SELL (confidence: 0.60)
  📝 Reason: 5m: MACD bearish; 15m: MACD bearish; 1h: MACD bearish; 4h: MACD bearish
  ⚠️ Sell signal but no position

[15:14:46] Cycle 1675
  💰 Current Price: $1.48
  🎯 Signal: SELL (confidence: 0.60)
  📝 Reason: 5m: MACD bearish; 15m: MACD bearish; 1h: MACD bearish; 4h: MACD bearish
  ⚠️ Sell signal but no position

[15:15:17] Cycle 1676
  💰 Current Price: $1.48
  🎯 Signal: SELL (confidence: 0.60)
  📝 Reason: 5m: MACD bearish; 15m: MACD bearish; 1h: MACD bearish; 4h: MACD bearish
  ⚠️ Sell signal but no position

[15:15:48] Cycle 1677
  💰 Current Price: $1.48
  🎯 Signal: SELL (confidence: 0.60)
  📝 Reason: 5m: MACD bearish; 15m: MACD bearish; 1h: MACD bearish; 4h: MACD bearish
  ⚠️ Sell signal but no position

[15:16:19] Cycle 1678
  💰 Current Price: $1.48
  🎯 Signal: SELL (confidence: 0.60)
  📝 Reason: 5m: MACD bearish; 15m: MACD bearish; 1h: MACD bearish; 4h: MACD bearish
  ⚠️ Sell signal but no position

[15:16:50] Cycle 1679
  💰 Current Price: $1.48
  🎯 Signal: SELL (confidence: 0.60)
  📝 Reason: 5m: MACD bearish; 15m: MACD bearish; 1h: MACD bearish; 4h: MACD bearish
  ⚠️ Sell signal but no position

[15:17:21] Cycle 1680
  💰 Current Price: $1.48
  🎯 Signal: SELL (confidence: 0.60)
  📝 Reason: 5m: MACD bearish; 15m: MACD bearish; 1h: MACD bearish; 4h: MACD bearish
  ⚠️ Sell signal but no position

[15:17:52] Cycle 1681
  💰 Current Price: $1.48
  🎯 Signal: SELL (confidence: 0.60)
  📝 Reason: 5m: MACD bearish; 15m: MACD bearish; 1h: MACD bearish; 4h: MACD bearish
  ⚠️ Sell signal but no position

[15:18:23] Cycle 1682
  💰 Current Price: $1.48
  🎯 Signal: SELL (confidence: 0.60)
  📝 Reason: 5m: MACD bearish; 15m: MACD bearish; 1h: MACD bearish; 4h: MACD bearish
  ⚠️ Sell signal but no position

[15:18:54] Cycle 1683
  💰 Current Price: $1.48
  🎯 Signal: SELL (confidence: 0.60)
  📝 Reason: 5m: MACD bearish; 15m: MACD bearish; 1h: MACD bearish; 4h: MACD bearish
  ⚠️ Sell signal but no position

[15:19:25] Cycle 1684
  💰 Current Price: $1.48
  🎯 Signal: SELL (confidence: 0.60)
  📝 Reason: 5m: MACD bearish; 15m: MACD bearish; 1h: MACD bearish; 4h: MACD bearish
  ⚠️ Sell signal but no position

[15:19:56] Cycle 1685
  💰 Current Price: $1.48
  🎯 Signal: SELL (confidence: 0.60)
  📝 Reason: 5m: MACD bearish; 15m: MACD bearish; 1h: MACD bearish; 4h: MACD bearish
  ⚠️ Sell signal but no position

[15:20:27] Cycle 1686
  💰 Current Price: $1.48
  🎯 Signal: SELL (confidence: 0.60)
  📝 Reason: 5m: MACD bearish; 15m: MACD bearish; 1h: MACD bearish; 4h: MACD bearish
  ⚠️ Sell signal but no position

[15:20:58] Cycle 1687
  💰 Current Price: $1.48
  🎯 Signal: SELL (confidence: 0.60)
  📝 Reason: 5m: MACD bearish; 15m: MACD bearish; 1h: MACD bearish; 4h: MACD bearish
  ⚠️ Sell signal but no position

[15:21:29] Cycle 1688
  💰 Current Price: $1.48
  🎯 Signal: SELL (confidence: 0.60)
  📝 Reason: 5m: MACD bearish; 15m: MACD bearish; 1h: MACD bearish; 4h: MACD bearish
  ⚠️ Sell signal but no position

[15:22:00] Cycle 1689
  💰 Current Price: $1.48
  🎯 Signal: SELL (confidence: 0.60)
  📝 Reason: 5m: MACD bearish; 15m: MACD bearish; 1h: MACD bearish; 4h: MACD bearish
  ⚠️ Sell signal but no position

[15:22:31] Cycle 1690
  💰 Current Price: $1.48
  🎯 Signal: SELL (confidence: 0.60)
  📝 Reason: 5m: MACD bearish; 15m: MACD bearish; 1h: MACD bearish; 4h: MACD bearish
  ⚠️ Sell signal but no position

[15:23:02] Cycle 1691
  💰 Current Price: $1.48
  🎯 Signal: SELL (confidence: 0.60)
  📝 Reason: 5m: MACD bearish; 15m: MACD bearish; 1h: MACD bearish; 4h: MACD bearish
  ⚠️ Sell signal but no position

[15:23:33] Cycle 1692
  💰 Current Price: $1.48
  🎯 Signal: SELL (confidence: 0.60)
  📝 Reason: 5m: MACD bearish; 15m: MACD bearish; 1h: MACD bearish; 4h: MACD bearish
  ⚠️ Sell signal but no position

[15:24:04] Cycle 1693
  💰 Current Price: $1.48
  🎯 Signal: SELL (confidence: 0.60)
  📝 Reason: 5m: MACD bearish; 15m: MACD bearish; 1h: MACD bearish; 4h: MACD bearish
  ⚠️ Sell signal but no position

[15:24:35] Cycle 1694
  💰 Current Price: $1.48
  🎯 Signal: SELL (confidence: 0.60)
  📝 Reason: 5m: MACD bearish; 15m: MACD bearish; 1h: MACD bearish; 4h: MACD bearish
  ⚠️ Sell signal but no position

[15:25:06] Cycle 1695
  💰 Current Price: $1.48
  🎯 Signal: SELL (confidence: 0.60)
  📝 Reason: 5m: MACD bearish; 15m: MACD bearish; 1h: MACD bearish; 4h: MACD bearish
  ⚠️ Sell signal but no position

[15:25:37] Cycle 1696
  💰 Current Price: $1.48
  🎯 Signal: SELL (confidence: 0.60)
  📝 Reason: 5m: MACD bearish; 15m: MACD bearish; 1h: MACD bearish; 4h: MACD bearish
  ⚠️ Sell signal but no position

[15:26:08] Cycle 1697
  💰 Current Price: $1.48
  🎯 Signal: SELL (confidence: 0.60)
  📝 Reason: 5m: MACD bearish; 15m: MACD bearish; 1h: MACD bearish; 4h: MACD bearish
  ⚠️ Sell signal but no position

[15:26:39] Cycle 1698
  💰 Current Price: $1.48
  🎯 Signal: SELL (confidence: 0.60)
  📝 Reason: 5m: MACD bearish; 15m: MACD bearish; 1h: MACD bearish; 4h: MACD bearish
  ⚠️ Sell signal but no position

[15:27:10] Cycle 1699
  💰 Current Price: $1.48
  🎯 Signal: SELL (confidence: 0.60)
  📝 Reason: 5m: MACD bearish; 15m: MACD bearish; 1h: MACD bearish; 4h: MACD bearish
  ⚠️ Sell signal but no position

[15:27:40] Cycle 1700
  💰 Current Price: $1.48
  🎯 Signal: SELL (confidence: 0.60)
  📝 Reason: 5m: MACD bearish; 15m: MACD bearish; 1h: MACD bearish; 4h: MACD bearish
  ⚠️ Sell signal but no position

[15:28:11] Cycle 1701
  💰 Current Price: $1.48
  🎯 Signal: SELL (confidence: 0.60)
  📝 Reason: 5m: MACD bearish; 15m: MACD bearish; 1h: MACD bearish; 4h: MACD bearish
  ⚠️ Sell signal but no position

[15:28:42] Cycle 1702
  💰 Current Price: $1.48
  🎯 Signal: SELL (confidence: 0.60)
  📝 Reason: 5m: MACD bearish; 15m: MACD bearish; 1h: MACD bearish; 4h: MACD bearish
  ⚠️ Sell signal but no position

[15:29:13] Cycle 1703
  💰 Current Price: $1.48
  🎯 Signal: SELL (confidence: 0.60)
  📝 Reason: 5m: MACD bearish; 15m: MACD bearish; 1h: MACD bearish; 4h: MACD bearish
  ⚠️ Sell signal but no position

[15:29:44] Cycle 1704
  💰 Current Price: $1.48
  🎯 Signal: SELL (confidence: 0.60)
  📝 Reason: 5m: MACD bearish; 15m: MACD bearish; 1h: MACD bearish; 4h: MACD bearish
  ⚠️ Sell signal but no position

[15:30:15] Cycle 1705
  💰 Current Price: $1.48
  🎯 Signal: SELL (confidence: 0.40)
  📝 Reason: 5m: MACD bearish; 15m: RSI oversold (34.5); 15m: MACD bearish; 1h: MACD bearish
  ⚠️ Sell signal but no position

[15:30:46] Cycle 1706
  💰 Current Price: $1.48
  🎯 Signal: SELL (confidence: 0.40)
  📝 Reason: 5m: MACD bearish; 15m: RSI oversold (34.5); 15m: MACD bearish; 1h: MACD bearish
  ⚠️ Sell signal but no position

[15:31:17] Cycle 1707
  💰 Current Price: $1.48
  🎯 Signal: SELL (confidence: 0.40)
  📝 Reason: 5m: MACD bearish; 15m: RSI oversold (34.5); 15m: MACD bearish; 1h: MACD bearish
  ⚠️ Sell signal but no position

[15:31:48] Cycle 1708
  💰 Current Price: $1.47
  🎯 Signal: SELL (confidence: 0.40)
  📝 Reason: 5m: MACD bearish; 15m: RSI oversold (33.7); 15m: MACD bearish; 1h: MACD bearish
  ⚠️ Sell signal but no position

[15:32:19] Cycle 1709
  💰 Current Price: $1.47
  🎯 Signal: SELL (confidence: 0.40)
  📝 Reason: 5m: MACD bearish; 15m: RSI oversold (33.7); 15m: MACD bearish; 1h: MACD bearish
  ⚠️ Sell signal but no position

[15:32:50] Cycle 1710
  💰 Current Price: $1.47
