  Learning: 0 closed trades | win rate 0.0% | avg P&L +0.00%
  Learning status: need 12 closed trades, have 0
============================================================
  🪙 Crypto ETH Swing Trading Bot 🟢 LIVE 🤖 AUTO
  Pair: ETHUSD
  Risk per trade: 2.0%
  Min risk/reward: 2.0:1
  Profit target: 6.0%
  Stop loss: 3.0%
  RSI thresholds: 35/75
============================================================

[00:50:26] Cycle 1
  💰 Current Price: $1982.17
  🎯 Signal: BUY (confidence: 0.33)
  📝 Reason: 5m: MACD bearish; 15m: MACD bullish; 1h: RSI oversold (20.3); 1h: MACD bearish

[00:50:57] Cycle 2
  💰 Current Price: $1982.17
  🎯 Signal: BUY (confidence: 0.33)
  📝 Reason: 5m: MACD bearish; 15m: MACD bullish; 1h: RSI oversold (20.3); 1h: MACD bearish

[00:51:28] Cycle 3
  💰 Current Price: $1982.42
  🎯 Signal: BUY (confidence: 0.33)
  📝 Reason: 5m: MACD bearish; 15m: MACD bullish; 1h: RSI oversold (20.7); 1h: MACD bearish

[00:51:59] Cycle 4
  💰 Current Price: $1983.06
  🎯 Signal: BUY (confidence: 0.33)
  📝 Reason: 5m: MACD bearish; 15m: MACD bullish; 1h: RSI oversold (20.8); 1h: MACD bearish

[00:52:30] Cycle 5
  💰 Current Price: $1981.84
  🎯 Signal: BUY (confidence: 0.33)
  📝 Reason: 5m: MACD bearish; 15m: MACD bullish; 1h: RSI oversold (20.1); 1h: MACD bearish

[00:53:01] Cycle 6
  💰 Current Price: $1982.11
  🎯 Signal: BUY (confidence: 0.33)
  📝 Reason: 5m: MACD bearish; 15m: MACD bullish; 1h: RSI oversold (20.3); 1h: MACD bearish

[00:53:32] Cycle 7
  💰 Current Price: $1982.69
  🎯 Signal: BUY (confidence: 0.33)
  📝 Reason: 5m: MACD bearish; 15m: MACD bullish; 1h: RSI oversold (20.1); 1h: MACD bearish

[00:54:03] Cycle 8
  💰 Current Price: $1982.68
  🎯 Signal: BUY (confidence: 0.33)
  📝 Reason: 5m: MACD bearish; 15m: MACD bullish; 1h: RSI oversold (20.6); 1h: MACD bearish

[00:54:34] Cycle 9
  💰 Current Price: $1983.05
  🎯 Signal: BUY (confidence: 0.33)
  📝 Reason: 5m: MACD bearish; 15m: MACD bullish; 1h: RSI oversold (20.8); 1h: MACD bearish

[00:55:05] Cycle 10
  💰 Current Price: $1983.05
  🎯 Signal: BUY (confidence: 0.33)
  📝 Reason: 5m: MACD bearish; 15m: MACD bullish; 1h: RSI oversold (20.7); 1h: MACD bearish

[00:55:36] Cycle 11
  💰 Current Price: $1982.98
  🎯 Signal: BUY (confidence: 0.33)
  📝 Reason: 5m: MACD bearish; 15m: MACD bullish; 1h: RSI oversold (20.7); 1h: MACD bearish

[00:56:07] Cycle 12
  💰 Current Price: $1982.91
  🎯 Signal: BUY (confidence: 0.33)
  📝 Reason: 5m: MACD bearish; 15m: MACD bullish; 1h: RSI oversold (20.7); 1h: MACD bearish

[00:56:38] Cycle 13
  💰 Current Price: $1983.06
  🎯 Signal: BUY (confidence: 0.33)
  📝 Reason: 5m: MACD bearish; 15m: MACD bullish; 1h: RSI oversold (20.8); 1h: MACD bearish

[00:57:09] Cycle 14
  💰 Current Price: $1982.77
  🎯 Signal: BUY (confidence: 0.33)
  📝 Reason: 5m: MACD bearish; 15m: MACD bullish; 1h: RSI oversold (20.6); 1h: MACD bearish

[00:57:40] Cycle 15
  💰 Current Price: $1982.94
  🎯 Signal: BUY (confidence: 0.33)
  📝 Reason: 5m: MACD bearish; 15m: MACD bullish; 1h: RSI oversold (20.7); 1h: MACD bearish

[00:58:11] Cycle 16
  💰 Current Price: $1982.76
  🎯 Signal: BUY (confidence: 0.33)
  📝 Reason: 5m: MACD bearish; 15m: MACD bullish; 1h: RSI oversold (20.6); 1h: MACD bearish

[00:58:42] Cycle 17
  💰 Current Price: $1982.25
  🎯 Signal: BUY (confidence: 0.33)
  📝 Reason: 5m: MACD bearish; 15m: MACD bullish; 1h: RSI oversold (20.3); 1h: MACD bearish

[00:59:13] Cycle 18
  💰 Current Price: $1982.41
  🎯 Signal: BUY (confidence: 0.33)
  📝 Reason: 5m: MACD bearish; 15m: MACD bullish; 1h: RSI oversold (20.4); 1h: MACD bearish

[00:59:44] Cycle 19
  💰 Current Price: $1982.74
  🎯 Signal: BUY (confidence: 0.33)
  📝 Reason: 5m: MACD bearish; 15m: MACD bullish; 1h: RSI oversold (20.6); 1h: MACD bearish

[01:00:15] Cycle 20
  💰 Current Price: $1981.34
  🎯 Signal: BUY (confidence: 0.33)
  📝 Reason: 5m: MACD bearish; 15m: MACD bullish; 1h: RSI oversold (21.6); 1h: MACD bearish

[01:00:46] Cycle 21
  💰 Current Price: $1981.34
  🎯 Signal: BUY (confidence: 0.33)
  📝 Reason: 5m: MACD bearish; 15m: MACD bullish; 1h: RSI oversold (22.1); 1h: MACD bearish

[01:01:17] Cycle 22
  💰 Current Price: $1982.39
  🎯 Signal: BUY (confidence: 0.33)
  📝 Reason: 5m: MACD bearish; 15m: MACD bullish; 1h: RSI oversold (22.3); 1h: MACD bearish

[01:01:48] Cycle 23
  💰 Current Price: $1982.40
  🎯 Signal: BUY (confidence: 0.33)
  📝 Reason: 5m: MACD bearish; 15m: MACD bullish; 1h: RSI oversold (22.3); 1h: MACD bearish

[01:02:19] Cycle 24
  💰 Current Price: $1982.40
  🎯 Signal: BUY (confidence: 0.33)
  📝 Reason: 5m: MACD bearish; 15m: MACD bullish; 1h: RSI oversold (22.7); 1h: MACD bearish

[01:02:50] Cycle 25
  💰 Current Price: $1983.43
  🎯 Signal: BUY (confidence: 0.33)
  📝 Reason: 5m: MACD bearish; 15m: MACD bullish; 1h: RSI oversold (22.9); 1h: MACD bearish

[01:03:21] Cycle 26
  💰 Current Price: $1983.43
  🎯 Signal: BUY (confidence: 0.33)
  📝 Reason: 5m: MACD bearish; 15m: MACD bullish; 1h: RSI oversold (22.9); 1h: MACD bearish

[01:03:52] Cycle 27
  💰 Current Price: $1982.00
  🎯 Signal: BUY (confidence: 0.33)
  📝 Reason: 5m: MACD bearish; 15m: MACD bullish; 1h: RSI oversold (22.1); 1h: MACD bearish

[01:04:23] Cycle 28
  💰 Current Price: $1983.06
  🎯 Signal: BUY (confidence: 0.33)
  📝 Reason: 5m: MACD bearish; 15m: MACD bullish; 1h: RSI oversold (22.7); 1h: MACD bearish

[01:04:54] Cycle 29
  💰 Current Price: $1983.36
  🎯 Signal: BUY (confidence: 0.33)
  📝 Reason: 5m: MACD bearish; 15m: MACD bullish; 1h: RSI oversold (22.6); 1h: MACD bearish

[01:05:25] Cycle 30
  💰 Current Price: $1982.78
  🎯 Signal: BUY (confidence: 0.33)
  📝 Reason: 5m: MACD bearish; 15m: MACD bullish; 1h: RSI oversold (22.5); 1h: MACD bearish

[01:05:56] Cycle 31
  💰 Current Price: $1982.54
  🎯 Signal: BUY (confidence: 0.33)
  📝 Reason: 5m: MACD bearish; 15m: MACD bullish; 1h: RSI oversold (22.4); 1h: MACD bearish

[01:06:27] Cycle 32
  💰 Current Price: $1982.23
  🎯 Signal: BUY (confidence: 0.33)
  📝 Reason: 5m: MACD bearish; 15m: MACD bullish; 1h: RSI oversold (22.2); 1h: MACD bearish

[01:06:57] Cycle 33
  💰 Current Price: $1982.01
  🎯 Signal: BUY (confidence: 0.33)
  📝 Reason: 5m: MACD bearish; 15m: MACD bullish; 1h: RSI oversold (22.1); 1h: MACD bearish

[01:07:29] Cycle 34
  💰 Current Price: $1982.01
  🎯 Signal: BUY (confidence: 0.33)
  📝 Reason: 5m: MACD bearish; 15m: MACD bullish; 1h: RSI oversold (22.1); 1h: MACD bearish

[01:08:00] Cycle 35
  💰 Current Price: $1982.01
  🎯 Signal: BUY (confidence: 0.33)
  📝 Reason: 5m: MACD bearish; 15m: MACD bullish; 1h: RSI oversold (22.1); 1h: MACD bearish

[01:08:31] Cycle 36
  💰 Current Price: $1982.01
  🎯 Signal: BUY (confidence: 0.33)
  📝 Reason: 5m: MACD bearish; 15m: MACD bullish; 1h: RSI oversold (22.1); 1h: MACD bearish

[01:09:01] Cycle 37
  💰 Current Price: $1982.01
  🎯 Signal: BUY (confidence: 0.33)
  📝 Reason: 5m: MACD bearish; 15m: MACD bullish; 1h: RSI oversold (22.1); 1h: MACD bearish

[01:09:32] Cycle 38
  💰 Current Price: $1982.41
  🎯 Signal: BUY (confidence: 0.33)
  📝 Reason: 5m: MACD bearish; 15m: MACD bullish; 1h: RSI oversold (22.3); 1h: MACD bearish

[01:10:03] Cycle 39
  💰 Current Price: $1982.41
  🎯 Signal: BUY (confidence: 0.42)
  📝 Reason: 5m: MACD bullish; 15m: MACD bullish; 1h: RSI oversold (22.6); 1h: MACD bearish

[01:10:34] Cycle 40
  💰 Current Price: $1982.90
  🎯 Signal: BUY (confidence: 0.42)
  📝 Reason: 5m: MACD bullish; 15m: MACD bullish; 1h: RSI oversold (22.6); 1h: MACD bearish

[01:11:05] Cycle 41
  💰 Current Price: $1983.55
  🎯 Signal: BUY (confidence: 0.42)
  📝 Reason: 5m: MACD bullish; 15m: MACD bullish; 1h: RSI oversold (22.9); 1h: MACD bearish

[01:11:36] Cycle 42
  💰 Current Price: $1983.38
  🎯 Signal: BUY (confidence: 0.42)
  📝 Reason: 5m: MACD bullish; 15m: MACD bullish; 1h: RSI oversold (22.9); 1h: MACD bearish

[01:12:07] Cycle 43
  💰 Current Price: $1982.58
  Learning: 0 closed trades | win rate 0.0% | avg P&L +0.00%
  Learning status: need 12 closed trades, have 0
============================================================
  🪙 Crypto ETH Swing Trading Bot 🟢 LIVE 🤖 AUTO
  Pair: ETHUSD
  Risk per trade: 2.0%
  Min risk/reward: 2.0:1
  Profit target: 6.0%
  Stop loss: 3.0%
  RSI thresholds: 35/75
============================================================

[00:53:09] Cycle 1
  💰 Current Price: $1982.20
  🎯 Signal: BUY (confidence: 0.33)
  📝 Reason: 5m: MACD bearish; 15m: MACD bullish; 1h: RSI oversold (20.2); 1h: MACD bearish

[00:53:40] Cycle 2
  💰 Current Price: $1982.12
  🎯 Signal: BUY (confidence: 0.33)
  📝 Reason: 5m: MACD bearish; 15m: MACD bullish; 1h: RSI oversold (20.2); 1h: MACD bearish

[00:54:11] Cycle 3
  💰 Current Price: $1982.95
  🎯 Signal: BUY (confidence: 0.33)
  📝 Reason: 5m: MACD bearish; 15m: MACD bullish; 1h: RSI oversold (20.7); 1h: MACD bearish

[00:54:42] Cycle 4
  💰 Current Price: $1983.05
  🎯 Signal: BUY (confidence: 0.33)
  📝 Reason: 5m: MACD bearish; 15m: MACD bullish; 1h: RSI oversold (20.8); 1h: MACD bearish

[00:55:13] Cycle 5
  💰 Current Price: $1982.85
  🎯 Signal: BUY (confidence: 0.33)
  📝 Reason: 5m: MACD bearish; 15m: MACD bullish; 1h: RSI oversold (20.7); 1h: MACD bearish

[00:55:44] Cycle 6
  💰 Current Price: $1982.70
  🎯 Signal: BUY (confidence: 0.33)
  📝 Reason: 5m: MACD bearish; 15m: MACD bullish; 1h: RSI oversold (20.6); 1h: MACD bearish

[00:56:15] Cycle 7
  💰 Current Price: $1983.01
  🎯 Signal: BUY (confidence: 0.33)
  📝 Reason: 5m: MACD bearish; 15m: MACD bullish; 1h: RSI oversold (20.8); 1h: MACD bearish

[00:56:46] Cycle 8
  💰 Current Price: $1983.06
  🎯 Signal: BUY (confidence: 0.33)
  📝 Reason: 5m: MACD bearish; 15m: MACD bullish; 1h: RSI oversold (20.8); 1h: MACD bearish

[00:57:17] Cycle 9
  💰 Current Price: $1982.77
  🎯 Signal: BUY (confidence: 0.33)
  📝 Reason: 5m: MACD bearish; 15m: MACD bullish; 1h: RSI oversold (20.6); 1h: MACD bearish

[00:57:48] Cycle 10
  💰 Current Price: $1982.77
  🎯 Signal: BUY (confidence: 0.33)
  📝 Reason: 5m: MACD bearish; 15m: MACD bullish; 1h: RSI oversold (20.6); 1h: MACD bearish

[00:58:19] Cycle 11
  💰 Current Price: $1982.39
  🎯 Signal: BUY (confidence: 0.33)
  📝 Reason: 5m: MACD bearish; 15m: MACD bullish; 1h: RSI oversold (20.4); 1h: MACD bearish

[00:58:50] Cycle 12
  💰 Current Price: $1982.25
  🎯 Signal: BUY (confidence: 0.33)
  📝 Reason: 5m: MACD bearish; 15m: MACD bullish; 1h: RSI oversold (20.3); 1h: MACD bearish

[00:59:21] Cycle 13
  💰 Current Price: $1982.41
  🎯 Signal: BUY (confidence: 0.33)
  📝 Reason: 5m: MACD bearish; 15m: MACD bullish; 1h: RSI oversold (20.4); 1h: MACD bearish

[00:59:52] Cycle 14
  💰 Current Price: $1982.74
  🎯 Signal: BUY (confidence: 0.33)
  📝 Reason: 5m: MACD bearish; 15m: MACD bullish; 1h: RSI oversold (20.6); 1h: MACD bearish

[01:00:23] Cycle 15
  💰 Current Price: $1981.34
  🎯 Signal: BUY (confidence: 0.33)
  📝 Reason: 5m: MACD bearish; 15m: MACD bullish; 1h: RSI oversold (21.6); 1h: MACD bearish

[01:00:54] Cycle 16
  💰 Current Price: $1982.39
  🎯 Signal: BUY (confidence: 0.33)
  📝 Reason: 5m: MACD bearish; 15m: MACD bullish; 1h: RSI oversold (22.3); 1h: MACD bearish

[01:01:25] Cycle 17
  💰 Current Price: $1982.39
  🎯 Signal: BUY (confidence: 0.33)
  📝 Reason: 5m: MACD bearish; 15m: MACD bullish; 1h: RSI oversold (22.3); 1h: MACD bearish

[01:01:56] Cycle 18
  💰 Current Price: $1982.40
  🎯 Signal: BUY (confidence: 0.33)
  📝 Reason: 5m: MACD bearish; 15m: MACD bullish; 1h: RSI oversold (22.3); 1h: MACD bearish

[01:02:27] Cycle 19
  💰 Current Price: $1983.00
  🎯 Signal: BUY (confidence: 0.33)
  📝 Reason: 5m: MACD bearish; 15m: MACD bullish; 1h: RSI oversold (22.7); 1h: MACD bearish

[01:02:58] Cycle 20
  💰 Current Price: $1983.43
  🎯 Signal: BUY (confidence: 0.33)
  📝 Reason: 5m: MACD bearish; 15m: MACD bullish; 1h: RSI oversold (22.9); 1h: MACD bearish

[01:03:29] Cycle 21
  💰 Current Price: $1983.35
  🎯 Signal: BUY (confidence: 0.33)
  📝 Reason: 5m: MACD bearish; 15m: MACD bullish; 1h: RSI oversold (22.9); 1h: MACD bearish

[01:04:00] Cycle 22
  💰 Current Price: $1982.00
  🎯 Signal: BUY (confidence: 0.33)
  📝 Reason: 5m: MACD bearish; 15m: MACD bullish; 1h: RSI oversold (22.1); 1h: MACD bearish

[01:04:31] Cycle 23
  💰 Current Price: $1983.06
  🎯 Signal: BUY (confidence: 0.33)
  📝 Reason: 5m: MACD bearish; 15m: MACD bullish; 1h: RSI oversold (22.9); 1h: MACD bearish

[01:05:02] Cycle 24
  💰 Current Price: $1982.90
  🎯 Signal: BUY (confidence: 0.33)
  📝 Reason: 5m: MACD bearish; 15m: MACD bullish; 1h: RSI oversold (22.5); 1h: MACD bearish

[01:05:33] Cycle 25
  💰 Current Price: $1982.78
  🎯 Signal: BUY (confidence: 0.33)
  📝 Reason: 5m: MACD bearish; 15m: MACD bullish; 1h: RSI oversold (22.0); 1h: MACD bearish

[01:06:03] Cycle 26
  💰 Current Price: $1982.54
  🎯 Signal: BUY (confidence: 0.33)
  📝 Reason: 5m: MACD bearish; 15m: MACD bullish; 1h: RSI oversold (22.4); 1h: MACD bearish

[01:06:35] Cycle 27
  💰 Current Price: $1982.23
  🎯 Signal: BUY (confidence: 0.33)
  📝 Reason: 5m: MACD bearish; 15m: MACD bullish; 1h: RSI oversold (22.2); 1h: MACD bearish

[01:07:06] Cycle 28
  💰 Current Price: $1982.01
  🎯 Signal: BUY (confidence: 0.33)
  📝 Reason: 5m: MACD bearish; 15m: MACD bullish; 1h: RSI oversold (22.1); 1h: MACD bearish

[01:07:37] Cycle 29
  💰 Current Price: $1982.01
  🎯 Signal: BUY (confidence: 0.33)
  📝 Reason: 5m: MACD bearish; 15m: MACD bullish; 1h: RSI oversold (22.1); 1h: MACD bearish

[01:08:08] Cycle 30
  💰 Current Price: $1982.01
  🎯 Signal: BUY (confidence: 0.33)
  📝 Reason: 5m: MACD bearish; 15m: MACD bullish; 1h: RSI oversold (22.1); 1h: MACD bearish

[01:08:38] Cycle 31
  💰 Current Price: $1982.01
  🎯 Signal: BUY (confidence: 0.33)
  📝 Reason: 5m: MACD bearish; 15m: MACD bullish; 1h: RSI oversold (22.1); 1h: MACD bearish

[01:09:09] Cycle 32
  💰 Current Price: $1982.01
  🎯 Signal: BUY (confidence: 0.33)
  📝 Reason: 5m: MACD bearish; 15m: MACD bullish; 1h: RSI oversold (22.1); 1h: MACD bearish

[01:09:40] Cycle 33
  💰 Current Price: $1982.41
  🎯 Signal: BUY (confidence: 0.33)
  📝 Reason: 5m: MACD bearish; 15m: MACD bullish; 1h: RSI oversold (22.3); 1h: MACD bearish

[01:10:11] Cycle 34
  💰 Current Price: $1982.90
  🎯 Signal: BUY (confidence: 0.42)
  📝 Reason: 5m: MACD bullish; 15m: MACD bullish; 1h: RSI oversold (22.6); 1h: MACD bearish

[01:10:42] Cycle 35
  💰 Current Price: $1982.90
  🎯 Signal: BUY (confidence: 0.42)
  📝 Reason: 5m: MACD bullish; 15m: MACD bullish; 1h: RSI oversold (23.1); 1h: MACD bearish

[01:11:13] Cycle 36
  💰 Current Price: $1983.38
  🎯 Signal: BUY (confidence: 0.42)
  📝 Reason: 5m: MACD bullish; 15m: MACD bullish; 1h: RSI oversold (22.9); 1h: MACD bearish

[01:11:44] Cycle 37
  💰 Current Price: $1983.00
  🎯 Signal: BUY (confidence: 0.42)
  📝 Reason: 5m: MACD bullish; 15m: MACD bullish; 1h: RSI oversold (22.7); 1h: MACD bearish

[01:12:15] Cycle 38
  💰 Current Price: $1982.58
  🎯 Signal: BUY (confidence: 0.42)
  📝 Reason: 5m: MACD bullish; 15m: MACD bullish; 1h: RSI oversold (22.4); 1h: MACD bearish

[01:12:46] Cycle 39
  💰 Current Price: $1982.58
  🎯 Signal: BUY (confidence: 0.42)
  📝 Reason: 5m: MACD bullish; 15m: MACD bullish; 1h: RSI oversold (22.4); 1h: MACD bearish

[01:13:17] Cycle 40
  💰 Current Price: $1980.30
  🎯 Signal: BUY (confidence: 0.33)
  📝 Reason: 5m: MACD bearish; 15m: MACD bullish; 1h: RSI oversold (21.5); 1h: MACD bearish

[01:13:48] Cycle 41
  💰 Current Price: $1980.26
  🎯 Signal: BUY (confidence: 0.33)
  📝 Reason: 5m: MACD bearish; 15m: MACD bullish; 1h: RSI oversold (21.5); 1h: MACD bearish

[01:14:19] Cycle 42
  💰 Current Price: $1980.34
  🎯 Signal: BUY (confidence: 0.33)
  📝 Reason: 5m: MACD bearish; 15m: MACD bullish; 1h: RSI oversold (21.5); 1h: MACD bearish

[01:14:50] Cycle 43
  💰 Current Price: $1980.30
  🎯 Signal: BUY (confidence: 0.42)
  📝 Reason: 5m: MACD bullish; 15m: MACD bullish; 1h: RSI oversold (22.4); 1h: MACD bearish

[01:12:38] Cycle 44
  💰 Current Price: $1982.58
  🎯 Signal: BUY (confidence: 0.42)
  📝 Reason: 5m: MACD bullish; 15m: MACD bullish; 1h: RSI oversold (22.4); 1h: MACD bearish

[01:13:09] Cycle 45
  💰 Current Price: $1982.58
  🎯 Signal: BUY (confidence: 0.42)
  📝 Reason: 5m: MACD bullish; 15m: MACD bullish; 1h: RSI oversold (22.4); 1h: MACD bearish

[01:13:40] Cycle 46
  💰 Current Price: $1980.26
  🎯 Signal: BUY (confidence: 0.33)
  📝 Reason: 5m: MACD bearish; 15m: MACD bullish; 1h: RSI oversold (21.5); 1h: MACD bearish

[01:14:11] Cycle 47
  💰 Current Price: $1980.00
  🎯 Signal: BUY (confidence: 0.33)
  📝 Reason: 5m: MACD bearish; 15m: MACD bullish; 1h: RSI oversold (21.4); 1h: MACD bearish

[01:14:42] Cycle 48
  💰 Current Price: $1980.30
  🎯 Signal: BUY (confidence: 0.33)
  📝 Reason: 5m: MACD bearish; 15m: MACD bullish; 1h: RSI oversold (21.5); 1h: MACD bearish

[01:15:13] Cycle 49
  💰 Current Price: $1980.44
  🎯 Signal: HOLD (confidence: 0.12)
  📝 Reason: 5m: MACD bearish; 15m: MACD bearish; 1h: RSI oversold (21.5); 1h: MACD bearish

[01:15:44] Cycle 50
  💰 Current Price: $1980.51
  🎯 Signal: HOLD (confidence: 0.12)
  📝 Reason: 5m: MACD bearish; 15m: MACD bearish; 1h: RSI oversold (21.5); 1h: MACD bearish

[01:16:15] Cycle 51
  💰 Current Price: $1980.48
  🎯 Signal: HOLD (confidence: 0.12)
  📝 Reason: 5m: MACD bearish; 15m: MACD bearish; 1h: RSI oversold (21.5); 1h: MACD bearish

[01:16:46] Cycle 52
  💰 Current Price: $1980.34
  🎯 Signal: HOLD (confidence: 0.12)
  📝 Reason: 5m: MACD bearish; 15m: MACD bearish; 1h: RSI oversold (21.5); 1h: MACD bearish

[01:17:17] Cycle 53
  💰 Current Price: $1980.35
  🎯 Signal: HOLD (confidence: 0.12)
  📝 Reason: 5m: MACD bearish; 15m: MACD bearish; 1h: RSI oversold (21.5); 1h: MACD bearish

[01:17:48] Cycle 54
  💰 Current Price: $1979.94
  🎯 Signal: HOLD (confidence: 0.12)
  📝 Reason: 5m: MACD bearish; 15m: MACD bearish; 1h: RSI oversold (21.4); 1h: MACD bearish

[01:18:18] Cycle 55
  💰 Current Price: $1979.80
  🎯 Signal: HOLD (confidence: 0.12)
  📝 Reason: 5m: MACD bearish; 15m: MACD bearish; 1h: RSI oversold (21.4); 1h: MACD bearish

[01:18:49] Cycle 56
  💰 Current Price: $1979.80
  🎯 Signal: HOLD (confidence: 0.12)
  📝 Reason: 5m: MACD bearish; 15m: MACD bearish; 1h: RSI oversold (21.4); 1h: MACD bearish

[01:19:20] Cycle 57
  💰 Current Price: $1979.42
  🎯 Signal: HOLD (confidence: 0.12)
  📝 Reason: 5m: MACD bearish; 15m: MACD bearish; 1h: RSI oversold (21.3); 1h: MACD bearish

[01:19:51] Cycle 58
  💰 Current Price: $1979.42
  🎯 Signal: HOLD (confidence: 0.12)
  📝 Reason: 5m: MACD bearish; 15m: MACD bearish; 1h: RSI oversold (21.3); 1h: MACD bearish

[01:20:23] Cycle 59
  💰 Current Price: $1979.51
  🎯 Signal: HOLD (confidence: 0.12)
  📝 Reason: 5m: MACD bearish; 15m: MACD bearish; 1h: RSI oversold (21.3); 1h: MACD bearish

[01:20:54] Cycle 60
  💰 Current Price: $1979.01
  🎯 Signal: HOLD (confidence: 0.12)
  📝 Reason: 5m: MACD bearish; 15m: MACD bearish; 1h: RSI oversold (21.2); 1h: MACD bearish

[01:21:33] Cycle 61
  💰 Current Price: $1979.66
  🎯 Signal: HOLD (confidence: 0.12)
  📝 Reason: 5m: MACD bearish; 15m: MACD bearish; 1h: RSI oversold (21.3); 1h: MACD bearish

[01:22:04] Cycle 62
  💰 Current Price: $1979.01
  🎯 Signal: HOLD (confidence: 0.12)
  📝 Reason: 5m: MACD bearish; 15m: MACD bearish; 1h: RSI oversold (21.2); 1h: MACD bearish

[01:22:59] Cycle 63
  💰 Current Price: $1979.00
  🎯 Signal: HOLD (confidence: 0.12)
  📝 Reason: 5m: MACD bearish; 15m: MACD bearish; 1h: RSI oversold (21.2); 1h: MACD bearish

[01:23:38] Cycle 64
  💰 Current Price: $1978.97
  🎯 Signal: HOLD (confidence: 0.12)
  📝 Reason: 5m: MACD bearish; 15m: MACD bearish; 1h: RSI oversold (21.2); 1h: MACD bearish

[01:24:08] Cycle 65
  💰 Current Price: $1977.93
  🎯 Signal: BUY (confidence: 0.33)
  📝 Reason: 5m: MACD bearish; 15m: RSI oversold (34.7); 15m: MACD bearish; 1h: RSI oversold (21.1)

[01:24:40] Cycle 66
  💰 Current Price: $1977.79
  🎯 Signal: BUY (confidence: 0.33)
  📝 Reason: 5m: MACD bearish; 15m: RSI oversold (34.5); 15m: MACD bearish; 1h: RSI oversold (21.0)

[01:25:10] Cycle 67
  💰 Current Price: $1977.45
  🎯 Signal: BUY (confidence: 0.33)
  📝 Reason: 5m: MACD bearish; 15m: RSI oversold (33.9); 15m: MACD bearish; 1h: RSI oversold (21.0)

[01:25:41] Cycle 68
  💰 Current Price: $1977.31
  🎯 Signal: BUY (confidence: 0.33)
  📝 Reason: 5m: MACD bearish; 15m: RSI oversold (34.1); 15m: MACD bearish; 1h: RSI oversold (21.0)

[01:26:12] Cycle 69
  💰 Current Price: $1977.53
  🎯 Signal: BUY (confidence: 0.33)
  📝 Reason: 5m: MACD bearish; 15m: RSI oversold (33.7); 15m: MACD bearish; 1h: RSI oversold (21.0)

[01:26:43] Cycle 70
  💰 Current Price: $1978.09
  🎯 Signal: BUY (confidence: 0.33)
  📝 Reason: 5m: MACD bearish; 15m: RSI oversold (35.0); 15m: MACD bearish; 1h: RSI oversold (21.1)

[01:27:14] Cycle 71
  💰 Current Price: $1977.91
  🎯 Signal: BUY (confidence: 0.33)
  📝 Reason: 5m: MACD bearish; 15m: RSI oversold (34.7); 15m: MACD bearish; 1h: RSI oversold (21.1)

[01:27:45] Cycle 72
  💰 Current Price: $1977.92
  🎯 Signal: BUY (confidence: 0.33)
  📝 Reason: 5m: MACD bearish; 15m: RSI oversold (34.7); 15m: MACD bearish; 1h: RSI oversold (21.1)

[01:28:16] Cycle 73
  💰 Current Price: $1978.92
  🎯 Signal: HOLD (confidence: 0.12)
  📝 Reason: 5m: MACD bearish; 15m: MACD bearish; 1h: RSI oversold (21.1); 1h: MACD bearish

[01:28:47] Cycle 74
  💰 Current Price: $1978.49
  🎯 Signal: HOLD (confidence: 0.12)
  📝 Reason: 5m: MACD bearish; 15m: MACD bearish; 1h: RSI oversold (21.2); 1h: MACD bearish

[01:29:19] Cycle 75
  💰 Current Price: $1978.63
  🎯 Signal: HOLD (confidence: 0.12)
  📝 Reason: 5m: MACD bearish; 15m: MACD bearish; 1h: RSI oversold (21.2); 1h: MACD bearish

[01:29:49] Cycle 76
  💰 Current Price: $1978.63
  🎯 Signal: HOLD (confidence: 0.12)
  📝 Reason: 5m: MACD bearish; 15m: MACD bearish; 1h: RSI oversold (21.2); 1h: MACD bearish

[01:30:21] Cycle 77
  💰 Current Price: $1979.43
  🎯 Signal: HOLD (confidence: 0.12)
  📝 Reason: 5m: MACD bearish; 15m: MACD bearish; 1h: RSI oversold (21.3); 1h: MACD bearish

[01:30:52] Cycle 78
  💰 Current Price: $1978.72
  🎯 Signal: HOLD (confidence: 0.12)
  📝 Reason: 5m: MACD bearish; 15m: MACD bearish; 1h: RSI oversold (21.2); 1h: MACD bearish

[01:31:23] Cycle 79
  💰 Current Price: $1978.45
  🎯 Signal: HOLD (confidence: 0.12)
  📝 Reason: 5m: MACD bearish; 15m: MACD bearish; 1h: RSI oversold (21.1); 1h: MACD bearish

[01:31:53] Cycle 80
  💰 Current Price: $1978.30
  🎯 Signal: HOLD (confidence: 0.12)
  📝 Reason: 5m: MACD bearish; 15m: MACD bearish; 1h: RSI oversold (21.1); 1h: MACD bearish

[01:32:25] Cycle 81
  💰 Current Price: $1978.30
  🎯 Signal: HOLD (confidence: 0.12)
  📝 Reason: 5m: MACD bearish; 15m: MACD bearish; 1h: RSI oversold (21.1); 1h: MACD bearish

[01:32:56] Cycle 82
  💰 Current Price: $1978.71
  🎯 Signal: HOLD (confidence: 0.12)
  📝 Reason: 5m: MACD bearish; 15m: MACD bearish; 1h: RSI oversold (21.2); 1h: MACD bearish

[01:33:27] Cycle 83
  💰 Current Price: $1978.22
  🎯 Signal: HOLD (confidence: 0.12)
  📝 Reason: 5m: MACD bearish; 15m: MACD bearish; 1h: RSI oversold (21.1); 1h: MACD bearish

[01:33:58] Cycle 84
  💰 Current Price: $1978.22
  🎯 Signal: HOLD (confidence: 0.12)
  📝 Reason: 5m: MACD bearish; 15m: MACD bearish; 1h: RSI oversold (21.1); 1h: MACD bearish

[01:34:29] Cycle 85
  💰 Current Price: $1979.01
  🎯 Signal: HOLD (confidence: 0.12)
  📝 Reason: 5m: MACD bearish; 15m: MACD bearish; 1h: RSI oversold (21.2); 1h: MACD bearish

[01:35:00] Cycle 86
  💰 Current Price: $1978.93
  🎯 Signal: HOLD (confidence: 0.12)
  📝 Reason: 5m: MACD bearish; 15m: MACD bearish; 1h: RSI oversold (21.3); 1h: MACD bearish

[01:35:31] Cycle 87
  💰 Current Price: $1979.17
  🎯 Signal: BUY (confidence: 0.33)
  📝 Reason: 5m: MACD bearish; 15m: MACD bullish; 1h: RSI oversold (21.5); 1h: MACD bearish

[01:15:21] Cycle 44
  💰 Current Price: $1981.07
  🎯 Signal: HOLD (confidence: 0.12)
  📝 Reason: 5m: MACD bearish; 15m: MACD bearish; 1h: RSI oversold (21.6); 1h: MACD bearish

[01:15:52] Cycle 45
  💰 Current Price: $1980.51
  🎯 Signal: HOLD (confidence: 0.12)
  📝 Reason: 5m: MACD bearish; 15m: MACD bearish; 1h: RSI oversold (21.5); 1h: MACD bearish

[01:16:23] Cycle 46
  💰 Current Price: $1980.48
  🎯 Signal: HOLD (confidence: 0.12)
  📝 Reason: 5m: MACD bearish; 15m: MACD bearish; 1h: RSI oversold (21.5); 1h: MACD bearish

[01:16:54] Cycle 47
  💰 Current Price: $1980.34
  🎯 Signal: HOLD (confidence: 0.12)
  📝 Reason: 5m: MACD bearish; 15m: MACD bearish; 1h: RSI oversold (21.5); 1h: MACD bearish

[01:17:25] Cycle 48
  💰 Current Price: $1979.78
  🎯 Signal: HOLD (confidence: 0.12)
  📝 Reason: 5m: MACD bearish; 15m: MACD bearish; 1h: RSI oversold (21.4); 1h: MACD bearish

[01:17:56] Cycle 49
  💰 Current Price: $1979.94
  🎯 Signal: HOLD (confidence: 0.12)
  📝 Reason: 5m: MACD bearish; 15m: MACD bearish; 1h: RSI oversold (21.4); 1h: MACD bearish

[01:18:27] Cycle 50
  💰 Current Price: $1979.80
  🎯 Signal: HOLD (confidence: 0.12)
  📝 Reason: 5m: MACD bearish; 15m: MACD bearish; 1h: RSI oversold (21.4); 1h: MACD bearish

[01:18:58] Cycle 51
  💰 Current Price: $1979.80
  🎯 Signal: HOLD (confidence: 0.12)
  📝 Reason: 5m: MACD bearish; 15m: MACD bearish; 1h: RSI oversold (21.4); 1h: MACD bearish

[01:19:29] Cycle 52
  💰 Current Price: $1979.42
  🎯 Signal: HOLD (confidence: 0.12)
  📝 Reason: 5m: MACD bearish; 15m: MACD bearish; 1h: RSI oversold (21.3); 1h: MACD bearish

[01:20:00] Cycle 53
  💰 Current Price: $1979.42
  🎯 Signal: HOLD (confidence: 0.12)
  📝 Reason: 5m: MACD bearish; 15m: MACD bearish; 1h: RSI oversold (21.3); 1h: MACD bearish

[01:20:31] Cycle 54
  💰 Current Price: $1979.01
  🎯 Signal: HOLD (confidence: 0.12)
  📝 Reason: 5m: MACD bearish; 15m: MACD bearish; 1h: RSI oversold (21.2); 1h: MACD bearish

[01:21:18] Cycle 55
  💰 Current Price: $1979.66
  🎯 Signal: HOLD (confidence: 0.12)
  📝 Reason: 5m: MACD bearish; 15m: MACD bearish; 1h: RSI oversold (21.3); 1h: MACD bearish

[01:22:13] Cycle 56
  💰 Current Price: $1979.01
  🎯 Signal: HOLD (confidence: 0.12)
  📝 Reason: 5m: MACD bearish; 15m: MACD bearish; 1h: RSI oversold (21.2); 1h: MACD bearish

[01:23:00] Cycle 57
  💰 Current Price: $1978.83
  🎯 Signal: HOLD (confidence: 0.12)
  📝 Reason: 5m: MACD bearish; 15m: MACD bearish; 1h: RSI oversold (21.2); 1h: MACD bearish

[01:23:31] Cycle 58
  💰 Current Price: $1978.97
  🎯 Signal: HOLD (confidence: 0.12)
  📝 Reason: 5m: MACD bearish; 15m: MACD bearish; 1h: RSI oversold (21.2); 1h: MACD bearish

[01:24:02] Cycle 59
  💰 Current Price: $1977.49
  🎯 Signal: BUY (confidence: 0.33)
  📝 Reason: 5m: MACD bearish; 15m: RSI oversold (34.0); 15m: MACD bearish; 1h: RSI oversold (21.0)

[01:24:33] Cycle 60
  💰 Current Price: $1977.79
  🎯 Signal: BUY (confidence: 0.33)
  📝 Reason: 5m: MACD bearish; 15m: RSI oversold (34.5); 15m: MACD bearish; 1h: RSI oversold (21.0)

[01:25:04] Cycle 61
  💰 Current Price: $1977.45
  🎯 Signal: BUY (confidence: 0.33)
  📝 Reason: 5m: MACD bearish; 15m: RSI oversold (33.9); 15m: MACD bearish; 1h: RSI oversold (21.0)

[01:25:35] Cycle 62
  💰 Current Price: $1977.08
  🎯 Signal: BUY (confidence: 0.33)
  📝 Reason: 5m: MACD bearish; 15m: RSI oversold (33.7); 15m: MACD bearish; 1h: RSI oversold (21.0)

[01:26:06] Cycle 63
  💰 Current Price: $1977.53
  🎯 Signal: BUY (confidence: 0.33)
  📝 Reason: 5m: MACD bearish; 15m: RSI oversold (34.1); 15m: MACD bearish; 1h: RSI oversold (21.0)

[01:26:37] Cycle 64
  💰 Current Price: $1977.66
  🎯 Signal: BUY (confidence: 0.33)
  📝 Reason: 5m: MACD bearish; 15m: RSI oversold (34.3); 15m: MACD bearish; 1h: RSI oversold (21.0)

[01:27:08] Cycle 65
  💰 Current Price: $1977.91
  🎯 Signal: BUY (confidence: 0.33)
  📝 Reason: 5m: MACD bearish; 15m: RSI oversold (34.7); 15m: MACD bearish; 1h: RSI oversold (21.1)

[01:27:39] Cycle 66
  💰 Current Price: $1977.91
  🎯 Signal: BUY (confidence: 0.33)
  📝 Reason: 5m: MACD bearish; 15m: RSI oversold (34.7); 15m: MACD bearish; 1h: RSI oversold (21.1)

[01:28:10] Cycle 67
  💰 Current Price: $1978.92
  🎯 Signal: HOLD (confidence: 0.12)
  📝 Reason: 5m: MACD bearish; 15m: MACD bearish; 1h: RSI oversold (21.2); 1h: MACD bearish

[01:28:41] Cycle 68
  💰 Current Price: $1978.46
  🎯 Signal: HOLD (confidence: 0.12)
  📝 Reason: 5m: MACD bearish; 15m: MACD bearish; 1h: RSI oversold (21.2); 1h: MACD bearish

[01:29:12] Cycle 69
  💰 Current Price: $1978.65
  🎯 Signal: HOLD (confidence: 0.12)
  📝 Reason: 5m: MACD bearish; 15m: MACD bearish; 1h: RSI oversold (21.2); 1h: MACD bearish

[01:29:43] Cycle 70
  💰 Current Price: $1978.63
  🎯 Signal: HOLD (confidence: 0.12)
  📝 Reason: 5m: MACD bearish; 15m: MACD bearish; 1h: RSI oversold (21.2); 1h: MACD bearish

[01:30:14] Cycle 71
  💰 Current Price: $1979.43
  🎯 Signal: HOLD (confidence: 0.12)
  📝 Reason: 5m: MACD bearish; 15m: MACD bearish; 1h: RSI oversold (21.3); 1h: MACD bearish

[01:30:45] Cycle 72
  💰 Current Price: $1978.53
  🎯 Signal: HOLD (confidence: 0.12)
  📝 Reason: 5m: MACD bearish; 15m: MACD bearish; 1h: RSI oversold (21.2); 1h: MACD bearish

[01:31:16] Cycle 73
  💰 Current Price: $1978.45
  🎯 Signal: HOLD (confidence: 0.12)
  📝 Reason: 5m: MACD bearish; 15m: MACD bearish; 1h: RSI oversold (21.1); 1h: MACD bearish

[01:31:47] Cycle 74
  💰 Current Price: $1978.30
  🎯 Signal: HOLD (confidence: 0.12)
  📝 Reason: 5m: MACD bearish; 15m: MACD bearish; 1h: RSI oversold (21.1); 1h: MACD bearish

[01:32:18] Cycle 75
  💰 Current Price: $1978.30
  🎯 Signal: HOLD (confidence: 0.12)
  📝 Reason: 5m: MACD bearish; 15m: MACD bearish; 1h: RSI oversold (21.1); 1h: MACD bearish

[01:32:49] Cycle 76
  💰 Current Price: $1978.71
  🎯 Signal: HOLD (confidence: 0.12)
  📝 Reason: 5m: MACD bearish; 15m: MACD bearish; 1h: RSI oversold (21.2); 1h: MACD bearish

[01:33:20] Cycle 77
  💰 Current Price: $1978.22
  🎯 Signal: HOLD (confidence: 0.12)
  📝 Reason: 5m: MACD bearish; 15m: MACD bearish; 1h: RSI oversold (21.1); 1h: MACD bearish

[01:33:51] Cycle 78
  💰 Current Price: $1978.65
  🎯 Signal: HOLD (confidence: 0.12)
  📝 Reason: 5m: MACD bearish; 15m: MACD bearish; 1h: RSI oversold (21.1); 1h: MACD bearish

[01:34:22] Cycle 79
  💰 Current Price: $1979.01
  🎯 Signal: HOLD (confidence: 0.12)
  📝 Reason: 5m: MACD bearish; 15m: MACD bearish; 1h: RSI oversold (21.2); 1h: MACD bearish

[01:34:54] Cycle 80
  💰 Current Price: $1979.01
  🎯 Signal: HOLD (confidence: 0.12)
  📝 Reason: 5m: MACD bearish; 15m: MACD bearish; 1h: RSI oversold (21.2); 1h: MACD bearish

[01:35:25] Cycle 81
  💰 Current Price: $1979.17
  🎯 Signal: HOLD (confidence: 0.12)
  📝 Reason: 5m: MACD bearish; 15m: MACD bearish; 1h: RSI oversold (21.3); 1h: MACD bearish

[01:35:56] Cycle 82
  💰 Current Price: $1979.17
  🎯 Signal: HOLD (confidence: 0.12)
  📝 Reason: 5m: MACD bearish; 15m: MACD bearish; 1h: RSI oversold (21.3); 1h: MACD bearish

[01:36:27] Cycle 83
  💰 Current Price: $1979.32
  🎯 Signal: HOLD (confidence: 0.12)
  📝 Reason: 5m: MACD bearish; 15m: MACD bearish; 1h: RSI oversold (21.3); 1h: MACD bearish

[01:36:58] Cycle 84
  💰 Current Price: $1979.70
  🎯 Signal: HOLD (confidence: 0.12)
  📝 Reason: 5m: MACD bearish; 15m: MACD bearish; 1h: RSI oversold (21.4); 1h: MACD bearish

[01:37:29] Cycle 85
  💰 Current Price: $1979.95
  🎯 Signal: HOLD (confidence: 0.12)
  📝 Reason: 5m: MACD bearish; 15m: MACD bearish; 1h: RSI oversold (21.4); 1h: MACD bearish

[01:38:00] Cycle 86
  💰 Current Price: $1979.79
  🎯 Signal: HOLD (confidence: 0.12)
  📝 Reason: 5m: MACD bearish; 15m: MACD bearish; 1h: RSI oversold (21.4); 1h: MACD bearish

[01:38:31] Cycle 87
  🎯 Signal: HOLD (confidence: 0.12)
  📝 Reason: 5m: MACD bearish; 15m: MACD bearish; 1h: RSI oversold (21.3); 1h: MACD bearish

[01:36:02] Cycle 88
  💰 Current Price: $1979.16
  🎯 Signal: HOLD (confidence: 0.12)
  📝 Reason: 5m: MACD bearish; 15m: MACD bearish; 1h: RSI oversold (21.3); 1h: MACD bearish

[01:36:33] Cycle 89
  💰 Current Price: $1979.32
  🎯 Signal: HOLD (confidence: 0.12)
  📝 Reason: 5m: MACD bearish; 15m: MACD bearish; 1h: RSI oversold (21.4); 1h: MACD bearish

[01:37:04] Cycle 90
  💰 Current Price: $1979.95
  🎯 Signal: HOLD (confidence: 0.12)
  📝 Reason: 5m: MACD bearish; 15m: MACD bearish; 1h: RSI oversold (21.4); 1h: MACD bearish

[01:37:35] Cycle 91
  💰 Current Price: $1979.95
  🎯 Signal: HOLD (confidence: 0.12)
  📝 Reason: 5m: MACD bearish; 15m: MACD bearish; 1h: RSI oversold (21.4); 1h: MACD bearish

[01:38:06] Cycle 92
  💰 Current Price: $1979.79
  🎯 Signal: HOLD (confidence: 0.12)
  📝 Reason: 5m: MACD bearish; 15m: MACD bearish; 1h: RSI oversold (21.4); 1h: MACD bearish

[01:38:37] Cycle 93
  💰 Current Price: $1979.85
  🎯 Signal: HOLD (confidence: 0.12)
  📝 Reason: 5m: MACD bearish; 15m: MACD bearish; 1h: RSI oversold (21.4); 1h: MACD bearish

[01:39:07] Cycle 94
  💰 Current Price: $1979.97
  🎯 Signal: HOLD (confidence: 0.12)
  📝 Reason: 5m: MACD bearish; 15m: MACD bearish; 1h: RSI oversold (21.4); 1h: MACD bearish

[01:39:38] Cycle 95
  💰 Current Price: $1979.96
  🎯 Signal: HOLD (confidence: 0.12)
  📝 Reason: 5m: MACD bearish; 15m: MACD bearish; 1h: RSI oversold (21.4); 1h: MACD bearish

[01:40:09] Cycle 96
  💰 Current Price: $1979.19
  🎯 Signal: HOLD (confidence: 0.12)
  📝 Reason: 5m: MACD bearish; 15m: MACD bearish; 1h: RSI oversold (21.3); 1h: MACD bearish

[01:40:40] Cycle 97
  💰 Current Price: $1978.85
  🎯 Signal: HOLD (confidence: 0.12)
  📝 Reason: 5m: MACD bearish; 15m: MACD bearish; 1h: RSI oversold (21.2); 1h: MACD bearish

[01:41:11] Cycle 98
  💰 Current Price: $1978.46
  🎯 Signal: HOLD (confidence: 0.12)
  📝 Reason: 5m: MACD bearish; 15m: MACD bearish; 1h: RSI oversold (21.1); 1h: MACD bearish

[01:41:42] Cycle 99
  💰 Current Price: $1978.06
  🎯 Signal: HOLD (confidence: 0.12)
  📝 Reason: 5m: MACD bearish; 15m: MACD bearish; 1h: RSI oversold (21.1); 1h: MACD bearish

[01:42:13] Cycle 100
  💰 Current Price: $1977.67
  🎯 Signal: BUY (confidence: 0.33)
  📝 Reason: 5m: MACD bearish; 15m: RSI oversold (34.4); 15m: MACD bearish; 1h: RSI oversold (21.0)

[01:42:44] Cycle 101
  💰 Current Price: $1977.68
  🎯 Signal: BUY (confidence: 0.33)
  📝 Reason: 5m: MACD bearish; 15m: RSI oversold (34.4); 15m: MACD bearish; 1h: RSI oversold (21.0)

[01:43:15] Cycle 102
  💰 Current Price: $1977.49
  🎯 Signal: BUY (confidence: 0.33)
  📝 Reason: 5m: MACD bearish; 15m: RSI oversold (34.1); 15m: MACD bearish; 1h: RSI oversold (21.0)

[01:43:46] Cycle 103
  💰 Current Price: $1977.39
  🎯 Signal: BUY (confidence: 0.33)
  📝 Reason: 5m: MACD bearish; 15m: RSI oversold (33.0); 15m: MACD bearish; 1h: RSI oversold (20.9)

[01:44:17] Cycle 104
  💰 Current Price: $1976.80
  🎯 Signal: BUY (confidence: 0.33)
  📝 Reason: 5m: MACD bearish; 15m: RSI oversold (33.0); 15m: MACD bearish; 1h: RSI oversold (20.9)

[01:44:48] Cycle 105
  💰 Current Price: $1977.07
  🎯 Signal: BUY (confidence: 0.33)
  📝 Reason: 5m: MACD bearish; 15m: RSI oversold (33.5); 15m: MACD bearish; 1h: RSI oversold (20.9)

[01:45:20] Cycle 106
  💰 Current Price: $1978.86
  🎯 Signal: HOLD (confidence: 0.12)
  📝 Reason: 5m: MACD bearish; 15m: MACD bearish; 1h: RSI oversold (21.2); 1h: MACD bearish

[01:45:51] Cycle 107
  💰 Current Price: $1978.69
  🎯 Signal: HOLD (confidence: 0.12)
  📝 Reason: 5m: MACD bearish; 15m: MACD bearish; 1h: RSI oversold (21.2); 1h: MACD bearish

[01:46:21] Cycle 108
  💰 Current Price: $1978.53
  🎯 Signal: HOLD (confidence: 0.12)
  📝 Reason: 5m: MACD bearish; 15m: MACD bearish; 1h: RSI oversold (21.2); 1h: MACD bearish

[01:46:52] Cycle 109
  💰 Current Price: $1978.53
  🎯 Signal: HOLD (confidence: 0.12)
  📝 Reason: 5m: MACD bearish; 15m: MACD bearish; 1h: RSI oversold (21.2); 1h: MACD bearish

[01:47:24] Cycle 110
  💰 Current Price: $1978.87
  🎯 Signal: HOLD (confidence: 0.12)
  📝 Reason: 5m: MACD bearish; 15m: MACD bearish; 1h: RSI oversold (21.2); 1h: MACD bearish

[01:47:54] Cycle 111
  💰 Current Price: $1979.16
  🎯 Signal: HOLD (confidence: 0.12)
  📝 Reason: 5m: MACD bearish; 15m: MACD bearish; 1h: RSI oversold (21.3); 1h: MACD bearish

[01:48:25] Cycle 112
  💰 Current Price: $1979.22
  🎯 Signal: HOLD (confidence: 0.12)
  📝 Reason: 5m: MACD bearish; 15m: MACD bearish; 1h: RSI oversold (21.3); 1h: MACD bearish

[01:48:56] Cycle 113
  💰 Current Price: $1979.24
  🎯 Signal: HOLD (confidence: 0.12)
  📝 Reason: 5m: MACD bearish; 15m: MACD bearish; 1h: RSI oversold (21.3); 1h: MACD bearish

[01:49:27] Cycle 114
  💰 Current Price: $1979.37
  🎯 Signal: HOLD (confidence: 0.12)
  📝 Reason: 5m: MACD bearish; 15m: MACD bearish; 1h: RSI oversold (21.5); 1h: MACD bearish

[01:49:58] Cycle 115
  💰 Current Price: $1981.33
  🎯 Signal: HOLD (confidence: 0.12)
  📝 Reason: 5m: MACD bearish; 15m: MACD bearish; 1h: RSI oversold (21.6); 1h: MACD bearish

[01:50:29] Cycle 116
  💰 Current Price: $1981.46
  🎯 Signal: HOLD (confidence: 0.12)
  📝 Reason: 5m: MACD bearish; 15m: MACD bearish; 1h: RSI oversold (21.7); 1h: MACD bearish

[01:51:01] Cycle 117
  💰 Current Price: $1981.41
  🎯 Signal: HOLD (confidence: 0.12)
  📝 Reason: 5m: MACD bearish; 15m: MACD bearish; 1h: RSI oversold (21.7); 1h: MACD bearish

[01:51:32] Cycle 118
  💰 Current Price: $1981.66
  🎯 Signal: HOLD (confidence: 0.12)
  📝 Reason: 5m: MACD bearish; 15m: MACD bearish; 1h: RSI oversold (21.8); 1h: MACD bearish

[01:52:03] Cycle 119
  💰 Current Price: $1982.66
  🎯 Signal: HOLD (confidence: 0.12)
  📝 Reason: 5m: MACD bearish; 15m: MACD bearish; 1h: RSI oversold (22.5); 1h: MACD bearish

[01:52:34] Cycle 120
  💰 Current Price: $1982.56
  🎯 Signal: HOLD (confidence: 0.12)
  📝 Reason: 5m: MACD bearish; 15m: MACD bearish; 1h: RSI oversold (22.4); 1h: MACD bearish

[01:53:05] Cycle 121
  💰 Current Price: $1982.16
  🎯 Signal: HOLD (confidence: 0.12)
  📝 Reason: 5m: MACD bearish; 15m: MACD bearish; 1h: RSI oversold (22.2); 1h: MACD bearish

[01:53:35] Cycle 122
  💰 Current Price: $1981.94
  🎯 Signal: HOLD (confidence: 0.12)
  📝 Reason: 5m: MACD bearish; 15m: MACD bearish; 1h: RSI oversold (22.0); 1h: MACD bearish

[01:54:07] Cycle 123
  💰 Current Price: $1982.12
  🎯 Signal: HOLD (confidence: 0.12)
  📝 Reason: 5m: MACD bearish; 15m: MACD bearish; 1h: RSI oversold (22.1); 1h: MACD bearish

[01:54:38] Cycle 124
  💰 Current Price: $1982.12
  🎯 Signal: HOLD (confidence: 0.12)
  📝 Reason: 5m: MACD bearish; 15m: MACD bearish; 1h: RSI oversold (22.3); 1h: MACD bearish

[01:55:09] Cycle 125
  💰 Current Price: $1981.94
  🎯 Signal: BUY (confidence: 0.23)
  📝 Reason: 5m: MACD bullish; 15m: MACD bearish; 1h: RSI oversold (22.0); 1h: MACD bearish

[01:55:40] Cycle 126
  💰 Current Price: $1982.13
  🎯 Signal: BUY (confidence: 0.23)
  📝 Reason: 5m: MACD bullish; 15m: MACD bearish; 1h: RSI oversold (22.1); 1h: MACD bearish

[01:56:11] Cycle 127
  💰 Current Price: $1982.14
  🎯 Signal: BUY (confidence: 0.23)
  📝 Reason: 5m: MACD bullish; 15m: MACD bearish; 1h: RSI oversold (22.1); 1h: MACD bearish

[01:56:42] Cycle 128
  💰 Current Price: $1981.60
  🎯 Signal: BUY (confidence: 0.23)
  📝 Reason: 5m: MACD bullish; 15m: MACD bearish; 1h: RSI oversold (21.6); 1h: MACD bearish

[01:57:13] Cycle 129
  💰 Current Price: $1981.30
  🎯 Signal: BUY (confidence: 0.23)
  📝 Reason: 5m: MACD bullish; 15m: MACD bearish; 1h: RSI oversold (21.6); 1h: MACD bearish

[01:57:44] Cycle 130
  💰 Current Price: $1981.40
  🎯 Signal: BUY (confidence: 0.23)
  📝 Reason: 5m: MACD bullish; 15m: MACD bearish; 1h: RSI oversold (21.7); 1h: MACD bearish

[01:58:15] Cycle 131
  💰 Current Price: $1980.14
  🎯 Signal: HOLD (confidence: 0.12)
  📝 Reason: 5m: MACD bearish; 15m: MACD bearish; 1h: RSI oversold (21.4); 1h: MACD bearish

[01:39:02] Cycle 88
  💰 Current Price: $1979.97
  🎯 Signal: HOLD (confidence: 0.12)
  📝 Reason: 5m: MACD bearish; 15m: MACD bearish; 1h: RSI oversold (21.4); 1h: MACD bearish

[01:39:33] Cycle 89
  💰 Current Price: $1979.96
  🎯 Signal: HOLD (confidence: 0.12)
  📝 Reason: 5m: MACD bearish; 15m: MACD bearish; 1h: RSI oversold (21.4); 1h: MACD bearish

[01:40:04] Cycle 90
  💰 Current Price: $1979.19
  🎯 Signal: HOLD (confidence: 0.12)
  📝 Reason: 5m: MACD bearish; 15m: MACD bearish; 1h: RSI oversold (21.3); 1h: MACD bearish

[01:40:35] Cycle 91
  💰 Current Price: $1978.85
  🎯 Signal: HOLD (confidence: 0.12)
  📝 Reason: 5m: MACD bearish; 15m: MACD bearish; 1h: RSI oversold (21.2); 1h: MACD bearish

[01:41:06] Cycle 92
  💰 Current Price: $1978.46
  🎯 Signal: HOLD (confidence: 0.12)
  📝 Reason: 5m: MACD bearish; 15m: MACD bearish; 1h: RSI oversold (21.1); 1h: MACD bearish

[01:41:36] Cycle 93
  💰 Current Price: $1978.06
  🎯 Signal: HOLD (confidence: 0.12)
  📝 Reason: 5m: MACD bearish; 15m: MACD bearish; 1h: RSI oversold (21.1); 1h: MACD bearish

[01:42:07] Cycle 94
  💰 Current Price: $1977.86
  🎯 Signal: BUY (confidence: 0.33)
  📝 Reason: 5m: MACD bearish; 15m: RSI oversold (34.4); 15m: MACD bearish; 1h: RSI oversold (21.0)

[01:42:38] Cycle 95
  💰 Current Price: $1977.68
  🎯 Signal: BUY (confidence: 0.33)
  📝 Reason: 5m: MACD bearish; 15m: RSI oversold (34.4); 15m: MACD bearish; 1h: RSI oversold (21.0)

[01:43:09] Cycle 96
  💰 Current Price: $1977.49
  🎯 Signal: BUY (confidence: 0.33)
  📝 Reason: 5m: MACD bearish; 15m: RSI oversold (34.1); 15m: MACD bearish; 1h: RSI oversold (21.0)

[01:43:40] Cycle 97
  💰 Current Price: $1977.49
  🎯 Signal: BUY (confidence: 0.33)
  📝 Reason: 5m: MACD bearish; 15m: RSI oversold (34.0); 15m: MACD bearish; 1h: RSI oversold (21.0)

[01:44:11] Cycle 98
  💰 Current Price: $1976.80
  🎯 Signal: BUY (confidence: 0.33)
  📝 Reason: 5m: MACD bearish; 15m: RSI oversold (33.0); 15m: MACD bearish; 1h: RSI oversold (20.9)

[01:44:42] Cycle 99
  💰 Current Price: $1977.07
  🎯 Signal: BUY (confidence: 0.33)
  📝 Reason: 5m: MACD bearish; 15m: RSI oversold (33.5); 15m: MACD bearish; 1h: RSI oversold (20.9)

[01:45:13] Cycle 100
  💰 Current Price: $1979.20
  🎯 Signal: HOLD (confidence: 0.12)
  📝 Reason: 5m: MACD bearish; 15m: MACD bearish; 1h: RSI oversold (21.2); 1h: MACD bearish

[01:45:44] Cycle 101
  💰 Current Price: $1978.86
  🎯 Signal: HOLD (confidence: 0.12)
  📝 Reason: 5m: MACD bearish; 15m: MACD bearish; 1h: RSI oversold (21.2); 1h: MACD bearish

[01:46:15] Cycle 102
  💰 Current Price: $1978.54
  🎯 Signal: HOLD (confidence: 0.12)
  📝 Reason: 5m: MACD bearish; 15m: MACD bearish; 1h: RSI oversold (21.2); 1h: MACD bearish

[01:46:45] Cycle 103
  💰 Current Price: $1978.53
  🎯 Signal: HOLD (confidence: 0.12)
  📝 Reason: 5m: MACD bearish; 15m: MACD bearish; 1h: RSI oversold (21.2); 1h: MACD bearish

[01:47:16] Cycle 104
  💰 Current Price: $1978.72
  🎯 Signal: HOLD (confidence: 0.12)
  📝 Reason: 5m: MACD bearish; 15m: MACD bearish; 1h: RSI oversold (21.2); 1h: MACD bearish

[01:47:47] Cycle 105
  💰 Current Price: $1979.16
  🎯 Signal: HOLD (confidence: 0.12)
  📝 Reason: 5m: MACD bearish; 15m: MACD bearish; 1h: RSI oversold (21.3); 1h: MACD bearish

[01:48:19] Cycle 106
  💰 Current Price: $1979.22
  🎯 Signal: HOLD (confidence: 0.12)
  📝 Reason: 5m: MACD bearish; 15m: MACD bearish; 1h: RSI oversold (21.3); 1h: MACD bearish

[01:48:49] Cycle 107
  💰 Current Price: $1979.24
  🎯 Signal: HOLD (confidence: 0.12)
  📝 Reason: 5m: MACD bearish; 15m: MACD bearish; 1h: RSI oversold (21.3); 1h: MACD bearish

[01:49:20] Cycle 108
  💰 Current Price: $1979.37
  🎯 Signal: HOLD (confidence: 0.12)
  📝 Reason: 5m: MACD bearish; 15m: MACD bearish; 1h: RSI oversold (21.3); 1h: MACD bearish

[01:49:51] Cycle 109
  💰 Current Price: $1981.33
  🎯 Signal: HOLD (confidence: 0.12)
  📝 Reason: 5m: MACD bearish; 15m: MACD bearish; 1h: RSI oversold (21.6); 1h: MACD bearish

[01:50:22] Cycle 110
  💰 Current Price: $1981.46
  🎯 Signal: HOLD (confidence: 0.12)
  📝 Reason: 5m: MACD bearish; 15m: MACD bearish; 1h: RSI oversold (21.7); 1h: MACD bearish

[01:50:53] Cycle 111
  💰 Current Price: $1981.45
  🎯 Signal: HOLD (confidence: 0.12)
  📝 Reason: 5m: MACD bearish; 15m: MACD bearish; 1h: RSI oversold (21.7); 1h: MACD bearish

[01:51:24] Cycle 112
  💰 Current Price: $1981.63
  🎯 Signal: HOLD (confidence: 0.12)
  📝 Reason: 5m: MACD bearish; 15m: MACD bearish; 1h: RSI oversold (21.8); 1h: MACD bearish

[01:51:54] Cycle 113
  💰 Current Price: $1982.66
  🎯 Signal: HOLD (confidence: 0.12)
  📝 Reason: 5m: MACD bearish; 15m: MACD bearish; 1h: RSI oversold (22.5); 1h: MACD bearish

[01:52:25] Cycle 114
  💰 Current Price: $1982.77
  🎯 Signal: HOLD (confidence: 0.12)
  📝 Reason: 5m: MACD bearish; 15m: MACD bearish; 1h: RSI oversold (22.5); 1h: MACD bearish

[01:52:56] Cycle 115
  💰 Current Price: $1982.16
  🎯 Signal: HOLD (confidence: 0.12)
  📝 Reason: 5m: MACD bearish; 15m: MACD bearish; 1h: RSI oversold (22.2); 1h: MACD bearish

[01:53:27] Cycle 116
  💰 Current Price: $1982.83
  🎯 Signal: HOLD (confidence: 0.12)
  📝 Reason: 5m: MACD bearish; 15m: MACD bearish; 1h: RSI oversold (22.0); 1h: MACD bearish

[01:53:58] Cycle 117
  💰 Current Price: $1982.75
  🎯 Signal: HOLD (confidence: 0.12)
  📝 Reason: 5m: MACD bearish; 15m: MACD bearish; 1h: RSI oversold (22.5); 1h: MACD bearish

[01:54:29] Cycle 118
  💰 Current Price: $1982.12
  🎯 Signal: HOLD (confidence: 0.12)
  📝 Reason: 5m: MACD bearish; 15m: MACD bearish; 1h: RSI oversold (22.1); 1h: MACD bearish

[01:55:00] Cycle 119
  💰 Current Price: $1981.94
  🎯 Signal: HOLD (confidence: 0.12)
  📝 Reason: 5m: MACD bearish; 15m: MACD bearish; 1h: RSI oversold (22.0); 1h: MACD bearish

[01:55:30] Cycle 120
  💰 Current Price: $1981.94
  🎯 Signal: BUY (confidence: 0.23)
  📝 Reason: 5m: MACD bullish; 15m: MACD bearish; 1h: RSI oversold (22.0); 1h: MACD bearish

[01:56:01] Cycle 121
  💰 Current Price: $1982.14
  🎯 Signal: BUY (confidence: 0.23)
  📝 Reason: 5m: MACD bullish; 15m: MACD bearish; 1h: RSI oversold (22.1); 1h: MACD bearish

[01:56:32] Cycle 122
  💰 Current Price: $1981.60
  🎯 Signal: BUY (confidence: 0.23)
  📝 Reason: 5m: MACD bullish; 15m: MACD bearish; 1h: RSI oversold (21.8); 1h: MACD bearish

[01:57:02] Cycle 123
  💰 Current Price: $1981.28
  🎯 Signal: BUY (confidence: 0.23)
  📝 Reason: 5m: MACD bullish; 15m: MACD bearish; 1h: RSI oversold (21.6); 1h: MACD bearish

[01:57:33] Cycle 124
  💰 Current Price: $1981.41
  🎯 Signal: BUY (confidence: 0.23)
  📝 Reason: 5m: MACD bullish; 15m: MACD bearish; 1h: RSI oversold (21.7); 1h: MACD bearish

[01:58:04] Cycle 125
  💰 Current Price: $1981.25
  🎯 Signal: BUY (confidence: 0.23)
  📝 Reason: 5m: MACD bullish; 15m: MACD bearish; 1h: RSI oversold (21.6); 1h: MACD bearish

[01:58:35] Cycle 126
  💰 Current Price: $1981.33
  🎯 Signal: BUY (confidence: 0.23)
  📝 Reason: 5m: MACD bullish; 15m: MACD bearish; 1h: RSI oversold (21.6); 1h: MACD bearish

[01:59:06] Cycle 127
  💰 Current Price: $1981.34
  🎯 Signal: BUY (confidence: 0.23)
  📝 Reason: 5m: MACD bullish; 15m: MACD bearish; 1h: RSI oversold (21.6); 1h: MACD bearish

[01:59:36] Cycle 128
  💰 Current Price: $1980.84
  🎯 Signal: HOLD (confidence: 0.12)
  📝 Reason: 5m: MACD bearish; 15m: MACD bearish; 1h: RSI oversold (21.6); 1h: MACD bearish

[02:00:08] Cycle 129
  💰 Current Price: $1980.91
  🎯 Signal: HOLD (confidence: 0.12)
  📝 Reason: 5m: MACD bearish; 15m: MACD bearish; 1h: RSI oversold (22.0); 1h: MACD bearish

[02:00:38] Cycle 130
  💰 Current Price: $1980.93
  🎯 Signal: HOLD (confidence: 0.12)
  📝 Reason: 5m: MACD bearish; 15m: MACD bearish; 1h: RSI oversold (21.9); 1h: MACD bearish
  💰 Current Price: $1981.48
  🎯 Signal: BUY (confidence: 0.23)
  📝 Reason: 5m: MACD bullish; 15m: MACD bearish; 1h: RSI oversold (21.7); 1h: MACD bearish

[01:58:46] Cycle 132
  💰 Current Price: $1981.33
  🎯 Signal: BUY (confidence: 0.23)
  📝 Reason: 5m: MACD bullish; 15m: MACD bearish; 1h: RSI oversold (21.6); 1h: MACD bearish

[01:59:17] Cycle 133
  💰 Current Price: $1981.34
  🎯 Signal: BUY (confidence: 0.23)
  📝 Reason: 5m: MACD bullish; 15m: MACD bearish; 1h: RSI oversold (21.6); 1h: MACD bearish

[01:59:48] Cycle 134
  💰 Current Price: $1980.89
  🎯 Signal: HOLD (confidence: 0.12)
  📝 Reason: 5m: MACD bearish; 15m: MACD bearish; 1h: RSI oversold (21.6); 1h: MACD bearish

[02:00:18] Cycle 135
  💰 Current Price: $1980.88
  🎯 Signal: HOLD (confidence: 0.12)
  📝 Reason: 5m: MACD bearish; 15m: MACD bearish; 1h: RSI oversold (21.9); 1h: MACD bearish

[02:00:49] Cycle 136
  💰 Current Price: $1980.77
  🎯 Signal: HOLD (confidence: 0.12)
  📝 Reason: 5m: MACD bearish; 15m: MACD bearish; 1h: RSI oversold (21.9); 1h: MACD bearish

[02:01:20] Cycle 137
  💰 Current Price: $1980.27
  🎯 Signal: HOLD (confidence: 0.12)
  📝 Reason: 5m: MACD bearish; 15m: MACD bearish; 1h: RSI oversold (21.8); 1h: MACD bearish

[02:01:51] Cycle 138
  💰 Current Price: $1979.85
  🎯 Signal: HOLD (confidence: 0.12)
  📝 Reason: 5m: MACD bearish; 15m: MACD bearish; 1h: RSI oversold (21.8); 1h: MACD bearish

[02:02:22] Cycle 139
  💰 Current Price: $1979.80
  🎯 Signal: HOLD (confidence: 0.12)
  📝 Reason: 5m: MACD bearish; 15m: MACD bearish; 1h: RSI oversold (21.8); 1h: MACD bearish

[02:02:53] Cycle 140
  💰 Current Price: $1979.85
  🎯 Signal: HOLD (confidence: 0.12)
  📝 Reason: 5m: MACD bearish; 15m: MACD bearish; 1h: RSI oversold (21.8); 1h: MACD bearish

[02:03:24] Cycle 141
  💰 Current Price: $1980.43
  🎯 Signal: HOLD (confidence: 0.12)
  📝 Reason: 5m: MACD bearish; 15m: MACD bearish; 1h: RSI oversold (21.9); 1h: MACD bearish

[02:03:55] Cycle 142
  💰 Current Price: $1980.23
  🎯 Signal: HOLD (confidence: 0.12)
  📝 Reason: 5m: MACD bearish; 15m: MACD bearish; 1h: RSI oversold (21.8); 1h: MACD bearish

[02:04:26] Cycle 143
  💰 Current Price: $1980.44
  🎯 Signal: HOLD (confidence: 0.12)
  📝 Reason: 5m: MACD bearish; 15m: MACD bearish; 1h: RSI oversold (21.9); 1h: MACD bearish

[02:04:57] Cycle 144
  💰 Current Price: $1981.02
  🎯 Signal: HOLD (confidence: 0.12)
  📝 Reason: 5m: MACD bearish; 15m: MACD bearish; 1h: RSI oversold (22.0); 1h: MACD bearish

[02:05:27] Cycle 145
  💰 Current Price: $1979.22
  🎯 Signal: HOLD (confidence: 0.12)
  📝 Reason: 5m: MACD bearish; 15m: MACD bearish; 1h: RSI oversold (21.7); 1h: MACD bearish

[02:05:59] Cycle 146
  💰 Current Price: $1979.22
  🎯 Signal: HOLD (confidence: 0.12)
  📝 Reason: 5m: MACD bearish; 15m: MACD bearish; 1h: RSI oversold (21.7); 1h: MACD bearish

[02:06:29] Cycle 147
  💰 Current Price: $1978.90
  🎯 Signal: HOLD (confidence: 0.12)
  📝 Reason: 5m: MACD bearish; 15m: MACD bearish; 1h: RSI oversold (21.6); 1h: MACD bearish

[02:07:00] Cycle 148
  💰 Current Price: $1978.89
  🎯 Signal: HOLD (confidence: 0.12)
  📝 Reason: 5m: MACD bearish; 15m: MACD bearish; 1h: RSI oversold (21.6); 1h: MACD bearish

[02:07:32] Cycle 149
  💰 Current Price: $1978.90
  🎯 Signal: HOLD (confidence: 0.12)
  📝 Reason: 5m: MACD bearish; 15m: MACD bearish; 1h: RSI oversold (21.6); 1h: MACD bearish

[02:08:03] Cycle 150
  💰 Current Price: $1978.90
  🎯 Signal: HOLD (confidence: 0.12)
  📝 Reason: 5m: MACD bearish; 15m: MACD bearish; 1h: RSI oversold (21.6); 1h: MACD bearish

[02:08:33] Cycle 151
  💰 Current Price: $1978.90
  🎯 Signal: HOLD (confidence: 0.12)
  📝 Reason: 5m: MACD bearish; 15m: MACD bearish; 1h: RSI oversold (21.6); 1h: MACD bearish

[02:09:05] Cycle 152
  💰 Current Price: $1978.90
  🎯 Signal: HOLD (confidence: 0.12)
  📝 Reason: 5m: MACD bearish; 15m: MACD bearish; 1h: RSI oversold (21.6); 1h: MACD bearish

[02:09:35] Cycle 153
  💰 Current Price: $1979.73
  🎯 Signal: HOLD (confidence: 0.12)
  📝 Reason: 5m: MACD bearish; 15m: MACD bearish; 1h: RSI oversold (21.7); 1h: MACD bearish

[02:10:06] Cycle 154
  💰 Current Price: $1980.00
  🎯 Signal: HOLD (confidence: 0.12)
  📝 Reason: 5m: MACD bearish; 15m: MACD bearish; 1h: RSI oversold (21.8); 1h: MACD bearish

[02:10:37] Cycle 155
  💰 Current Price: $1980.00
  🎯 Signal: HOLD (confidence: 0.12)
  📝 Reason: 5m: MACD bearish; 15m: MACD bearish; 1h: RSI oversold (21.8); 1h: MACD bearish

[02:11:08] Cycle 156
  💰 Current Price: $1980.00
  🎯 Signal: HOLD (confidence: 0.12)
  📝 Reason: 5m: MACD bearish; 15m: MACD bearish; 1h: RSI oversold (21.8); 1h: MACD bearish

[02:11:39] Cycle 157
  💰 Current Price: $1980.00
  🎯 Signal: HOLD (confidence: 0.12)
  📝 Reason: 5m: MACD bearish; 15m: MACD bearish; 1h: RSI oversold (21.8); 1h: MACD bearish

[02:12:10] Cycle 158
  💰 Current Price: $1979.99
  🎯 Signal: HOLD (confidence: 0.12)
  📝 Reason: 5m: MACD bearish; 15m: MACD bearish; 1h: RSI oversold (21.8); 1h: MACD bearish

[02:12:41] Cycle 159
  💰 Current Price: $1979.99
  🎯 Signal: HOLD (confidence: 0.12)
  📝 Reason: 5m: MACD bearish; 15m: MACD bearish; 1h: RSI oversold (21.8); 1h: MACD bearish

[02:13:12] Cycle 160
  💰 Current Price: $1979.99
  🎯 Signal: HOLD (confidence: 0.12)
  📝 Reason: 5m: MACD bearish; 15m: MACD bearish; 1h: RSI oversold (21.8); 1h: MACD bearish

[02:13:43] Cycle 161
  💰 Current Price: $1980.00
  🎯 Signal: HOLD (confidence: 0.12)
  📝 Reason: 5m: MACD bearish; 15m: MACD bearish; 1h: RSI oversold (21.8); 1h: MACD bearish

[02:14:15] Cycle 162
  💰 Current Price: $1980.00
  🎯 Signal: HOLD (confidence: 0.12)
  📝 Reason: 5m: MACD bearish; 15m: MACD bearish; 1h: RSI oversold (21.8); 1h: MACD bearish

[02:14:46] Cycle 163
  💰 Current Price: $1979.99
  🎯 Signal: HOLD (confidence: 0.12)
  📝 Reason: 5m: MACD bearish; 15m: MACD bearish; 1h: RSI oversold (21.8); 1h: MACD bearish

[02:15:17] Cycle 164
  💰 Current Price: $1979.99
  🎯 Signal: BUY (confidence: 0.33)
  📝 Reason: 5m: MACD bearish; 15m: RSI oversold (31.1); 15m: MACD bearish; 1h: RSI oversold (21.8)

[02:15:48] Cycle 165
  💰 Current Price: $1979.50
  🎯 Signal: BUY (confidence: 0.33)
  📝 Reason: 5m: MACD bearish; 15m: RSI oversold (30.4); 15m: MACD bearish; 1h: RSI oversold (21.7)

[02:16:19] Cycle 166
  💰 Current Price: $1980.00
  🎯 Signal: BUY (confidence: 0.33)
  📝 Reason: 5m: MACD bearish; 15m: RSI oversold (31.2); 15m: MACD bearish; 1h: RSI oversold (21.8)

[02:16:50] Cycle 167
  💰 Current Price: $1978.97
  🎯 Signal: BUY (confidence: 0.33)
  📝 Reason: 5m: MACD bearish; 15m: RSI oversold (29.6); 15m: MACD bearish; 1h: RSI oversold (21.6)

[02:17:21] Cycle 168
  💰 Current Price: $1979.03
  🎯 Signal: BUY (confidence: 0.33)
  📝 Reason: 5m: MACD bearish; 15m: RSI oversold (29.6); 15m: MACD bearish; 1h: RSI oversold (21.6)

[02:17:52] Cycle 169
  💰 Current Price: $1978.92
  🎯 Signal: BUY (confidence: 0.33)
  📝 Reason: 5m: MACD bearish; 15m: RSI oversold (29.5); 15m: MACD bearish; 1h: RSI oversold (21.6)

[02:18:22] Cycle 170
  💰 Current Price: $1978.72
  🎯 Signal: BUY (confidence: 0.33)
  📝 Reason: 5m: MACD bearish; 15m: RSI oversold (29.2); 15m: MACD bearish; 1h: RSI oversold (21.6)

[02:18:54] Cycle 171
  💰 Current Price: $1978.88
  🎯 Signal: BUY (confidence: 0.33)
  📝 Reason: 5m: MACD bearish; 15m: RSI oversold (29.4); 15m: MACD bearish; 1h: RSI oversold (21.6)

[02:19:25] Cycle 172
  💰 Current Price: $1979.11
  🎯 Signal: BUY (confidence: 0.33)
  📝 Reason: 5m: MACD bearish; 15m: RSI oversold (29.8); 15m: MACD bearish; 1h: RSI oversold (21.6)

[02:19:56] Cycle 173
  💰 Current Price: $1979.11
  🎯 Signal: BUY (confidence: 0.33)
  📝 Reason: 5m: MACD bearish; 15m: RSI oversold (29.8); 15m: MACD bearish; 1h: RSI oversold (21.6)

[02:20:27] Cycle 174
  💰 Current Price: $1978.90
  🎯 Signal: BUY (confidence: 0.33)

[02:01:09] Cycle 131
  💰 Current Price: $1980.27
  🎯 Signal: HOLD (confidence: 0.12)
  📝 Reason: 5m: MACD bearish; 15m: MACD bearish; 1h: RSI oversold (21.8); 1h: MACD bearish

[02:01:40] Cycle 132
  💰 Current Price: $1980.11
  🎯 Signal: HOLD (confidence: 0.12)
  📝 Reason: 5m: MACD bearish; 15m: MACD bearish; 1h: RSI oversold (21.8); 1h: MACD bearish

[02:02:11] Cycle 133
  💰 Current Price: $1979.78
  🎯 Signal: HOLD (confidence: 0.12)
  📝 Reason: 5m: MACD bearish; 15m: MACD bearish; 1h: RSI oversold (21.8); 1h: MACD bearish

[02:02:42] Cycle 134
  💰 Current Price: $1979.85
  🎯 Signal: HOLD (confidence: 0.12)
  📝 Reason: 5m: MACD bearish; 15m: MACD bearish; 1h: RSI oversold (21.8); 1h: MACD bearish

[02:03:13] Cycle 135
  💰 Current Price: $1980.43
  🎯 Signal: HOLD (confidence: 0.12)
  📝 Reason: 5m: MACD bearish; 15m: MACD bearish; 1h: RSI oversold (21.9); 1h: MACD bearish

[02:03:44] Cycle 136
  💰 Current Price: $1980.59
  🎯 Signal: HOLD (confidence: 0.12)
  📝 Reason: 5m: MACD bearish; 15m: MACD bearish; 1h: RSI oversold (21.9); 1h: MACD bearish

[02:04:15] Cycle 137
  💰 Current Price: $1980.38
  🎯 Signal: HOLD (confidence: 0.12)
  📝 Reason: 5m: MACD bearish; 15m: MACD bearish; 1h: RSI oversold (21.9); 1h: MACD bearish

[02:04:46] Cycle 138
  💰 Current Price: $1980.94
  🎯 Signal: HOLD (confidence: 0.12)
  📝 Reason: 5m: MACD bearish; 15m: MACD bearish; 1h: RSI oversold (22.0); 1h: MACD bearish

[02:05:17] Cycle 139
  💰 Current Price: $1979.23
  🎯 Signal: HOLD (confidence: 0.12)
  📝 Reason: 5m: MACD bearish; 15m: MACD bearish; 1h: RSI oversold (21.7); 1h: MACD bearish

[02:05:48] Cycle 140
  💰 Current Price: $1979.22
  🎯 Signal: HOLD (confidence: 0.12)
  📝 Reason: 5m: MACD bearish; 15m: MACD bearish; 1h: RSI oversold (21.7); 1h: MACD bearish

[02:06:19] Cycle 141
  💰 Current Price: $1978.86
  🎯 Signal: HOLD (confidence: 0.12)
  📝 Reason: 5m: MACD bearish; 15m: MACD bearish; 1h: RSI oversold (21.6); 1h: MACD bearish

[02:06:50] Cycle 142
  💰 Current Price: $1978.89
  🎯 Signal: HOLD (confidence: 0.12)
  📝 Reason: 5m: MACD bearish; 15m: MACD bearish; 1h: RSI oversold (21.6); 1h: MACD bearish

[02:07:21] Cycle 143
  💰 Current Price: $1978.90
  🎯 Signal: HOLD (confidence: 0.12)
  📝 Reason: 5m: MACD bearish; 15m: MACD bearish; 1h: RSI oversold (21.6); 1h: MACD bearish

[02:07:51] Cycle 144
  💰 Current Price: $1978.90
  🎯 Signal: HOLD (confidence: 0.12)
  📝 Reason: 5m: MACD bearish; 15m: MACD bearish; 1h: RSI oversold (21.6); 1h: MACD bearish

[02:08:22] Cycle 145
  💰 Current Price: $1978.90
  🎯 Signal: HOLD (confidence: 0.12)
  📝 Reason: 5m: MACD bearish; 15m: MACD bearish; 1h: RSI oversold (21.6); 1h: MACD bearish

[02:08:53] Cycle 146
  💰 Current Price: $1978.90
  🎯 Signal: HOLD (confidence: 0.12)
  📝 Reason: 5m: MACD bearish; 15m: MACD bearish; 1h: RSI oversold (21.6); 1h: MACD bearish

[02:09:24] Cycle 147
  💰 Current Price: $1978.90
  🎯 Signal: HOLD (confidence: 0.12)
  📝 Reason: 5m: MACD bearish; 15m: MACD bearish; 1h: RSI oversold (21.6); 1h: MACD bearish

[02:09:55] Cycle 148
  💰 Current Price: $1979.73
  🎯 Signal: HOLD (confidence: 0.12)
  📝 Reason: 5m: MACD bearish; 15m: MACD bearish; 1h: RSI oversold (21.7); 1h: MACD bearish

[02:10:26] Cycle 149
  💰 Current Price: $1980.00
  🎯 Signal: HOLD (confidence: 0.12)
  📝 Reason: 5m: MACD bearish; 15m: MACD bearish; 1h: RSI oversold (21.8); 1h: MACD bearish

[02:10:57] Cycle 150
  💰 Current Price: $1980.00
  🎯 Signal: HOLD (confidence: 0.12)
  📝 Reason: 5m: MACD bearish; 15m: MACD bearish; 1h: RSI oversold (21.8); 1h: MACD bearish

[02:11:27] Cycle 151
  💰 Current Price: $1980.00
  🎯 Signal: HOLD (confidence: 0.12)
  📝 Reason: 5m: MACD bearish; 15m: MACD bearish; 1h: RSI oversold (21.8); 1h: MACD bearish

[02:11:58] Cycle 152
  💰 Current Price: $1980.00
  🎯 Signal: HOLD (confidence: 0.12)
  📝 Reason: 5m: MACD bearish; 15m: MACD bearish; 1h: RSI oversold (21.8); 1h: MACD bearish

[02:12:29] Cycle 153
  💰 Current Price: $1979.99
  🎯 Signal: HOLD (confidence: 0.12)
  📝 Reason: 5m: MACD bearish; 15m: MACD bearish; 1h: RSI oversold (21.8); 1h: MACD bearish

[02:13:00] Cycle 154
  💰 Current Price: $1980.00
  🎯 Signal: HOLD (confidence: 0.12)
  📝 Reason: 5m: MACD bearish; 15m: MACD bearish; 1h: RSI oversold (21.8); 1h: MACD bearish

[02:13:31] Cycle 155
  💰 Current Price: $1980.00
  🎯 Signal: HOLD (confidence: 0.12)
  📝 Reason: 5m: MACD bearish; 15m: MACD bearish; 1h: RSI oversold (21.8); 1h: MACD bearish

[02:14:02] Cycle 156
  💰 Current Price: $1980.00
  🎯 Signal: HOLD (confidence: 0.12)
  📝 Reason: 5m: MACD bearish; 15m: MACD bearish; 1h: RSI oversold (21.8); 1h: MACD bearish

[02:14:33] Cycle 157
  💰 Current Price: $1979.99
  🎯 Signal: HOLD (confidence: 0.12)
  📝 Reason: 5m: MACD bearish; 15m: MACD bearish; 1h: RSI oversold (21.8); 1h: MACD bearish

[02:15:04] Cycle 158
  💰 Current Price: $1979.99
  🎯 Signal: BUY (confidence: 0.33)
  📝 Reason: 5m: MACD bearish; 15m: RSI oversold (31.1); 15m: MACD bearish; 1h: RSI oversold (21.8)

[02:15:35] Cycle 159
  💰 Current Price: $1979.99
  🎯 Signal: BUY (confidence: 0.33)
  📝 Reason: 5m: MACD bearish; 15m: RSI oversold (31.1); 15m: MACD bearish; 1h: RSI oversold (21.8)

[02:16:06] Cycle 160
  💰 Current Price: $1980.00
  🎯 Signal: BUY (confidence: 0.33)
  📝 Reason: 5m: MACD bearish; 15m: RSI oversold (31.2); 15m: MACD bearish; 1h: RSI oversold (21.8)

[02:16:36] Cycle 161
  💰 Current Price: $1979.99
  🎯 Signal: BUY (confidence: 0.33)
  📝 Reason: 5m: MACD bearish; 15m: RSI oversold (31.1); 15m: MACD bearish; 1h: RSI oversold (21.8)

[02:17:07] Cycle 162
  💰 Current Price: $1979.03
  🎯 Signal: BUY (confidence: 0.33)
  📝 Reason: 5m: MACD bearish; 15m: RSI oversold (29.6); 15m: MACD bearish; 1h: RSI oversold (21.6)

[02:17:38] Cycle 163
  💰 Current Price: $1978.92
  🎯 Signal: BUY (confidence: 0.33)
  📝 Reason: 5m: MACD bearish; 15m: RSI oversold (29.5); 15m: MACD bearish; 1h: RSI oversold (21.6)

[02:18:09] Cycle 164
  💰 Current Price: $1978.75
  🎯 Signal: BUY (confidence: 0.33)
  📝 Reason: 5m: MACD bearish; 15m: RSI oversold (29.2); 15m: MACD bearish; 1h: RSI oversold (21.6)

[02:18:40] Cycle 165
  💰 Current Price: $1978.88
  🎯 Signal: BUY (confidence: 0.33)
  📝 Reason: 5m: MACD bearish; 15m: RSI oversold (29.4); 15m: MACD bearish; 1h: RSI oversold (21.6)

[02:19:11] Cycle 166
  💰 Current Price: $1979.11
  🎯 Signal: BUY (confidence: 0.33)
  📝 Reason: 5m: MACD bearish; 15m: RSI oversold (29.8); 15m: MACD bearish; 1h: RSI oversold (21.6)

[02:19:41] Cycle 167
  💰 Current Price: $1979.11
  🎯 Signal: BUY (confidence: 0.33)
  📝 Reason: 5m: MACD bearish; 15m: RSI oversold (29.8); 15m: MACD bearish; 1h: RSI oversold (21.6)

[02:20:12] Cycle 168
  💰 Current Price: $1978.90
  🎯 Signal: BUY (confidence: 0.33)
  📝 Reason: 5m: MACD bearish; 15m: RSI oversold (29.5); 15m: MACD bearish; 1h: RSI oversold (21.6)

[02:20:43] Cycle 169
  💰 Current Price: $1978.90
  🎯 Signal: BUY (confidence: 0.33)
  📝 Reason: 5m: MACD bearish; 15m: RSI oversold (29.5); 15m: MACD bearish; 1h: RSI oversold (21.6)

[02:21:14] Cycle 170
  💰 Current Price: $1977.34
  🎯 Signal: BUY (confidence: 0.33)
  📝 Reason: 5m: MACD bearish; 15m: RSI oversold (27.4); 15m: MACD bearish; 1h: RSI oversold (21.3)

[02:21:45] Cycle 171
  💰 Current Price: $1977.34
  🎯 Signal: BUY (confidence: 0.33)
  📝 Reason: 5m: MACD bearish; 15m: RSI oversold (27.4); 15m: MACD bearish; 1h: RSI oversold (21.3)

[02:22:16] Cycle 172
  💰 Current Price: $1978.22
  🎯 Signal: BUY (confidence: 0.33)
  📝 Reason: 5m: MACD bearish; 15m: RSI oversold (28.5); 15m: MACD bearish; 1h: RSI oversold (21.5)

[02:22:47] Cycle 173
  💰 Current Price: $1978.72
  🎯 Signal: BUY (confidence: 0.33)
  📝 Reason: 5m: MACD bearish; 15m: RSI oversold (29.2); 15m: MACD bearish; 1h: RSI oversold (21.6)

[02:23:18] Cycle 174
  💰 Current Price: $1978.52
  📝 Reason: 5m: MACD bearish; 15m: RSI oversold (29.5); 15m: MACD bearish; 1h: RSI oversold (21.6)

[02:20:58] Cycle 175
  💰 Current Price: $1978.22
  🎯 Signal: BUY (confidence: 0.33)
  📝 Reason: 5m: MACD bearish; 15m: RSI oversold (28.5); 15m: MACD bearish; 1h: RSI oversold (21.5)

[02:21:29] Cycle 176
  💰 Current Price: $1977.34
  🎯 Signal: BUY (confidence: 0.33)
  📝 Reason: 5m: MACD bearish; 15m: RSI oversold (27.4); 15m: MACD bearish; 1h: RSI oversold (21.3)

[02:22:00] Cycle 177
  💰 Current Price: $1978.26
  🎯 Signal: BUY (confidence: 0.33)
  📝 Reason: 5m: MACD bearish; 15m: RSI oversold (28.6); 15m: MACD bearish; 1h: RSI oversold (21.5)

[02:22:31] Cycle 178
  💰 Current Price: $1978.23
  🎯 Signal: BUY (confidence: 0.33)
  📝 Reason: 5m: MACD bearish; 15m: RSI oversold (28.5); 15m: MACD bearish; 1h: RSI oversold (21.5)

[02:23:02] Cycle 179
  💰 Current Price: $1978.45
  🎯 Signal: BUY (confidence: 0.33)
  📝 Reason: 5m: MACD bearish; 15m: RSI oversold (28.8); 15m: MACD bearish; 1h: RSI oversold (21.5)

[02:23:33] Cycle 180
  💰 Current Price: $1978.52
  🎯 Signal: BUY (confidence: 0.33)
  📝 Reason: 5m: MACD bearish; 15m: RSI oversold (28.9); 15m: MACD bearish; 1h: RSI oversold (21.5)

[02:24:04] Cycle 181
  💰 Current Price: $1976.51
  🎯 Signal: BUY (confidence: 0.33)
  📝 Reason: 5m: MACD bearish; 15m: RSI oversold (26.4); 15m: MACD bearish; 1h: RSI oversold (21.2)

[02:24:35] Cycle 182
  💰 Current Price: $1977.17
  🎯 Signal: BUY (confidence: 0.33)
  📝 Reason: 5m: MACD bearish; 15m: RSI oversold (27.1); 15m: MACD bearish; 1h: RSI oversold (21.3)

[02:25:06] Cycle 183
  💰 Current Price: $1976.93
  🎯 Signal: BUY (confidence: 0.33)
  📝 Reason: 5m: MACD bearish; 15m: RSI oversold (26.9); 15m: MACD bearish; 1h: RSI oversold (21.3)

[02:25:37] Cycle 184
  💰 Current Price: $1978.06
  🎯 Signal: BUY (confidence: 0.33)
  📝 Reason: 5m: MACD bearish; 15m: RSI oversold (28.3); 15m: MACD bearish; 1h: RSI oversold (21.5)

[02:26:08] Cycle 185
  💰 Current Price: $1977.48
  🎯 Signal: BUY (confidence: 0.33)
  📝 Reason: 5m: MACD bearish; 15m: RSI oversold (27.4); 15m: MACD bearish; 1h: RSI oversold (21.3)

[02:26:39] Cycle 186
  💰 Current Price: $1977.40
  🎯 Signal: BUY (confidence: 0.33)
  📝 Reason: 5m: MACD bearish; 15m: RSI oversold (27.4); 15m: MACD bearish; 1h: RSI oversold (21.3)

[02:27:10] Cycle 187
  💰 Current Price: $1976.67
  🎯 Signal: BUY (confidence: 0.33)
  📝 Reason: 5m: MACD bearish; 15m: RSI oversold (26.5); 15m: MACD bearish; 1h: RSI oversold (21.2)

[02:27:41] Cycle 188
  💰 Current Price: $1976.58
  🎯 Signal: BUY (confidence: 0.33)
  📝 Reason: 5m: MACD bearish; 15m: RSI oversold (26.4); 15m: MACD bearish; 1h: RSI oversold (21.2)

[02:28:12] Cycle 189
  💰 Current Price: $1976.00
  🎯 Signal: BUY (confidence: 0.33)
  📝 Reason: 5m: MACD bearish; 15m: RSI oversold (25.8); 15m: MACD bearish; 1h: RSI oversold (21.1)

[02:28:43] Cycle 190
  💰 Current Price: $1975.70
  🎯 Signal: BUY (confidence: 0.33)
  📝 Reason: 5m: MACD bearish; 15m: RSI oversold (25.4); 15m: MACD bearish; 1h: RSI oversold (21.1)

[02:29:14] Cycle 191
  💰 Current Price: $1975.94
  🎯 Signal: BUY (confidence: 0.33)
  📝 Reason: 5m: MACD bearish; 15m: RSI oversold (25.7); 15m: MACD bearish; 1h: RSI oversold (21.1)

[02:29:45] Cycle 192
  💰 Current Price: $1975.99
  🎯 Signal: BUY (confidence: 0.33)
  📝 Reason: 5m: MACD bearish; 15m: RSI oversold (25.8); 15m: MACD bearish; 1h: RSI oversold (21.1)

[02:30:16] Cycle 193
  💰 Current Price: $1974.95
  🎯 Signal: BUY (confidence: 0.33)
  📝 Reason: 5m: MACD bearish; 15m: RSI oversold (25.9); 15m: MACD bearish; 1h: RSI oversold (20.9)

[02:30:47] Cycle 194
  💰 Current Price: $1974.91
  🎯 Signal: BUY (confidence: 0.33)
  📝 Reason: 5m: MACD bearish; 15m: RSI oversold (25.9); 15m: MACD bearish; 1h: RSI oversold (20.9)

[02:31:18] Cycle 195
  💰 Current Price: $1975.00
  🎯 Signal: BUY (confidence: 0.33)
  📝 Reason: 5m: MACD bearish; 15m: RSI oversold (26.0); 15m: MACD bearish; 1h: RSI oversold (20.9)

[02:31:49] Cycle 196
  💰 Current Price: $1975.49
  🎯 Signal: BUY (confidence: 0.33)
  📝 Reason: 5m: MACD bearish; 15m: RSI oversold (26.6); 15m: MACD bearish; 1h: RSI oversold (21.0)

[02:32:20] Cycle 197
  💰 Current Price: $1975.78
  🎯 Signal: BUY (confidence: 0.33)
  📝 Reason: 5m: MACD bearish; 15m: RSI oversold (26.9); 15m: MACD bearish; 1h: RSI oversold (21.1)

[02:32:51] Cycle 198
  💰 Current Price: $1975.75
  🎯 Signal: BUY (confidence: 0.33)
  📝 Reason: 5m: MACD bearish; 15m: RSI oversold (26.9); 15m: MACD bearish; 1h: RSI oversold (21.1)

[02:33:22] Cycle 199
  💰 Current Price: $1976.18
  🎯 Signal: BUY (confidence: 0.33)
  📝 Reason: 5m: MACD bearish; 15m: RSI oversold (28.0); 15m: MACD bearish; 1h: RSI oversold (21.2)

[02:33:53] Cycle 200
  💰 Current Price: $1976.07
  🎯 Signal: BUY (confidence: 0.33)
  📝 Reason: 5m: MACD bearish; 15m: RSI oversold (27.4); 15m: MACD bearish; 1h: RSI oversold (21.1)

[02:34:24] Cycle 201
  💰 Current Price: $1976.07
  🎯 Signal: BUY (confidence: 0.33)
  📝 Reason: 5m: MACD bearish; 15m: RSI oversold (27.4); 15m: MACD bearish; 1h: RSI oversold (21.1)

[02:34:55] Cycle 202
  💰 Current Price: $1976.07
  🎯 Signal: BUY (confidence: 0.33)
  📝 Reason: 5m: MACD bearish; 15m: RSI oversold (27.4); 15m: MACD bearish; 1h: RSI oversold (21.1)

[02:35:26] Cycle 203
  💰 Current Price: $1975.20
  🎯 Signal: BUY (confidence: 0.42)
  📝 Reason: 5m: RSI oversold (31.2); 5m: MACD bearish; 15m: RSI oversold (26.2); 15m: MACD bearish

[02:35:57] Cycle 204
  💰 Current Price: $1976.25
  🎯 Signal: BUY (confidence: 0.33)
  📝 Reason: 5m: MACD bearish; 15m: RSI oversold (28.0); 15m: MACD bearish; 1h: RSI oversold (21.2)

[02:36:28] Cycle 205
  💰 Current Price: $1976.25
  🎯 Signal: BUY (confidence: 0.33)
  📝 Reason: 5m: MACD bearish; 15m: RSI oversold (28.0); 15m: MACD bearish; 1h: RSI oversold (21.2)

[02:36:59] Cycle 206
  💰 Current Price: $1976.60
  🎯 Signal: BUY (confidence: 0.33)
  📝 Reason: 5m: MACD bearish; 15m: RSI oversold (29.1); 15m: MACD bearish; 1h: RSI oversold (21.2)

[02:37:30] Cycle 207
  💰 Current Price: $1974.71
  🎯 Signal: BUY (confidence: 0.42)
  📝 Reason: 5m: RSI oversold (29.9); 5m: MACD bearish; 15m: RSI oversold (25.7); 15m: MACD bearish

[02:38:01] Cycle 208
  💰 Current Price: $1974.77
  🎯 Signal: BUY (confidence: 0.42)
  📝 Reason: 5m: RSI oversold (30.0); 5m: MACD bearish; 15m: RSI oversold (25.7); 15m: MACD bearish

[02:38:32] Cycle 209
  💰 Current Price: $1975.34
  🎯 Signal: BUY (confidence: 0.42)
  📝 Reason: 5m: RSI oversold (28.7); 5m: MACD bearish; 15m: RSI oversold (26.4); 15m: MACD bearish

[02:39:03] Cycle 210
  💰 Current Price: $1972.73
  🎯 Signal: BUY (confidence: 0.42)
  📝 Reason: 5m: RSI oversold (25.5); 5m: MACD bearish; 15m: RSI oversold (23.7); 15m: MACD bearish

[02:39:33] Cycle 211
  💰 Current Price: $1973.68
  🎯 Signal: BUY (confidence: 0.42)
  📝 Reason: 5m: RSI oversold (27.5); 5m: MACD bearish; 15m: RSI oversold (24.6); 15m: MACD bearish

[02:40:05] Cycle 212
  💰 Current Price: $1974.20
  🎯 Signal: BUY (confidence: 0.42)
  📝 Reason: 5m: RSI oversold (28.9); 5m: MACD bearish; 15m: RSI oversold (25.1); 15m: MACD bearish

[02:40:36] Cycle 213
  💰 Current Price: $1975.23
  🎯 Signal: BUY (confidence: 0.42)
  📝 Reason: 5m: RSI oversold (34.5); 5m: MACD bearish; 15m: RSI oversold (26.3); 15m: MACD bearish

[02:41:07] Cycle 214
  💰 Current Price: $1975.48
  🎯 Signal: BUY (confidence: 0.33)
  📝 Reason: 5m: MACD bearish; 15m: RSI oversold (27.2); 15m: MACD bearish; 1h: RSI oversold (21.1)

[02:41:37] Cycle 215
  💰 Current Price: $1976.02
  🎯 Signal: BUY (confidence: 0.33)
  📝 Reason: 5m: MACD bearish; 15m: RSI oversold (28.4); 15m: MACD bearish; 1h: RSI oversold (21.2)

[02:42:08] Cycle 216
  💰 Current Price: $1976.37
  🎯 Signal: BUY (confidence: 0.33)
  🎯 Signal: BUY (confidence: 0.33)
  📝 Reason: 5m: MACD bearish; 15m: RSI oversold (28.9); 15m: MACD bearish; 1h: RSI oversold (21.5)

[02:23:49] Cycle 175
  💰 Current Price: $1977.00
  🎯 Signal: BUY (confidence: 0.33)
  📝 Reason: 5m: MACD bearish; 15m: RSI oversold (26.9); 15m: MACD bearish; 1h: RSI oversold (21.3)

[02:24:20] Cycle 176
  💰 Current Price: $1976.51
  🎯 Signal: BUY (confidence: 0.33)
  📝 Reason: 5m: MACD bearish; 15m: RSI oversold (26.4); 15m: MACD bearish; 1h: RSI oversold (21.2)

[02:24:51] Cycle 177
  💰 Current Price: $1976.93
  🎯 Signal: BUY (confidence: 0.33)
  📝 Reason: 5m: MACD bearish; 15m: RSI oversold (26.9); 15m: MACD bearish; 1h: RSI oversold (21.3)

[02:25:22] Cycle 178
  💰 Current Price: $1978.06
  🎯 Signal: BUY (confidence: 0.33)
  📝 Reason: 5m: MACD bearish; 15m: RSI oversold (28.3); 15m: MACD bearish; 1h: RSI oversold (21.5)

[02:25:53] Cycle 179
  💰 Current Price: $1978.06
  🎯 Signal: BUY (confidence: 0.33)
  📝 Reason: 5m: MACD bearish; 15m: RSI oversold (28.3); 15m: MACD bearish; 1h: RSI oversold (21.5)

[02:26:23] Cycle 180
  💰 Current Price: $1977.41
  🎯 Signal: BUY (confidence: 0.33)
  📝 Reason: 5m: MACD bearish; 15m: RSI oversold (27.4); 15m: MACD bearish; 1h: RSI oversold (21.3)

[02:26:54] Cycle 181
  💰 Current Price: $1977.40
  🎯 Signal: BUY (confidence: 0.33)
  📝 Reason: 5m: MACD bearish; 15m: RSI oversold (27.4); 15m: MACD bearish; 1h: RSI oversold (21.3)

[02:27:25] Cycle 182
  💰 Current Price: $1976.58
  🎯 Signal: BUY (confidence: 0.33)
  📝 Reason: 5m: MACD bearish; 15m: RSI oversold (26.4); 15m: MACD bearish; 1h: RSI oversold (21.2)

[02:27:56] Cycle 183
  💰 Current Price: $1976.58
  🎯 Signal: BUY (confidence: 0.33)
  📝 Reason: 5m: MACD bearish; 15m: RSI oversold (26.4); 15m: MACD bearish; 1h: RSI oversold (21.2)

[02:28:27] Cycle 184
  💰 Current Price: $1976.00
  🎯 Signal: BUY (confidence: 0.33)
  📝 Reason: 5m: MACD bearish; 15m: RSI oversold (25.8); 15m: MACD bearish; 1h: RSI oversold (21.1)

[02:28:58] Cycle 185
  💰 Current Price: $1975.81
  🎯 Signal: BUY (confidence: 0.33)
  📝 Reason: 5m: MACD bearish; 15m: RSI oversold (25.6); 15m: MACD bearish; 1h: RSI oversold (21.1)

[02:29:29] Cycle 186
  💰 Current Price: $1975.99
  🎯 Signal: BUY (confidence: 0.33)
  📝 Reason: 5m: MACD bearish; 15m: RSI oversold (25.8); 15m: MACD bearish; 1h: RSI oversold (21.1)

[02:30:00] Cycle 187
  💰 Current Price: $1975.99
  🎯 Signal: BUY (confidence: 0.33)
  📝 Reason: 5m: MACD bearish; 15m: RSI oversold (25.8); 15m: MACD bearish; 1h: RSI oversold (21.0)

[02:30:31] Cycle 188
  💰 Current Price: $1974.95
  🎯 Signal: BUY (confidence: 0.33)
  📝 Reason: 5m: MACD bearish; 15m: RSI oversold (25.9); 15m: MACD bearish; 1h: RSI oversold (20.9)

[02:31:02] Cycle 189
  💰 Current Price: $1974.83
  🎯 Signal: BUY (confidence: 0.33)
  📝 Reason: 5m: MACD bearish; 15m: RSI oversold (26.0); 15m: MACD bearish; 1h: RSI oversold (20.9)

[02:31:33] Cycle 190
  💰 Current Price: $1975.80
  🎯 Signal: BUY (confidence: 0.33)
  📝 Reason: 5m: MACD bearish; 15m: RSI oversold (26.9); 15m: MACD bearish; 1h: RSI oversold (21.1)

[02:32:04] Cycle 191
  💰 Current Price: $1975.68
  🎯 Signal: BUY (confidence: 0.33)
  📝 Reason: 5m: MACD bearish; 15m: RSI oversold (26.8); 15m: MACD bearish; 1h: RSI oversold (21.1)

[02:32:35] Cycle 192
  💰 Current Price: $1975.75
  🎯 Signal: BUY (confidence: 0.33)
  📝 Reason: 5m: MACD bearish; 15m: RSI oversold (26.9); 15m: MACD bearish; 1h: RSI oversold (21.1)

[02:33:05] Cycle 193
  💰 Current Price: $1975.75
  🎯 Signal: BUY (confidence: 0.33)
  📝 Reason: 5m: MACD bearish; 15m: RSI oversold (26.9); 15m: MACD bearish; 1h: RSI oversold (21.1)

[02:33:36] Cycle 194
  💰 Current Price: $1976.07
  🎯 Signal: BUY (confidence: 0.33)
  📝 Reason: 5m: MACD bearish; 15m: RSI oversold (27.4); 15m: MACD bearish; 1h: RSI oversold (21.1)

[02:34:07] Cycle 195
  💰 Current Price: $1976.07
  🎯 Signal: BUY (confidence: 0.33)
  📝 Reason: 5m: MACD bearish; 15m: RSI oversold (27.4); 15m: MACD bearish; 1h: RSI oversold (21.1)

[02:34:38] Cycle 196
  💰 Current Price: $1976.07
  🎯 Signal: BUY (confidence: 0.33)
  📝 Reason: 5m: MACD bearish; 15m: RSI oversold (27.4); 15m: MACD bearish; 1h: RSI oversold (21.1)

[02:35:09] Cycle 197
  💰 Current Price: $1975.20
  🎯 Signal: BUY (confidence: 0.42)
  📝 Reason: 5m: RSI oversold (31.2); 5m: MACD bearish; 15m: RSI oversold (26.2); 15m: MACD bearish

[02:35:40] Cycle 198
  💰 Current Price: $1975.20
  🎯 Signal: BUY (confidence: 0.42)
  📝 Reason: 5m: RSI oversold (31.2); 5m: MACD bearish; 15m: RSI oversold (26.2); 15m: MACD bearish

[02:36:11] Cycle 199
  💰 Current Price: $1976.25
  🎯 Signal: BUY (confidence: 0.33)
  📝 Reason: 5m: MACD bearish; 15m: RSI oversold (28.0); 15m: MACD bearish; 1h: RSI oversold (21.2)

[02:36:42] Cycle 200
  💰 Current Price: $1976.61
  🎯 Signal: BUY (confidence: 0.33)
  📝 Reason: 5m: MACD bearish; 15m: RSI oversold (29.1); 15m: MACD bearish; 1h: RSI oversold (21.2)

[02:37:13] Cycle 201
  💰 Current Price: $1975.08
  🎯 Signal: BUY (confidence: 0.42)
  📝 Reason: 5m: RSI oversold (30.8); 5m: MACD bearish; 15m: RSI oversold (26.1); 15m: MACD bearish

[02:37:44] Cycle 202
  💰 Current Price: $1974.77
  🎯 Signal: BUY (confidence: 0.42)
  📝 Reason: 5m: RSI oversold (30.0); 5m: MACD bearish; 15m: RSI oversold (25.7); 15m: MACD bearish

[02:38:15] Cycle 203
  💰 Current Price: $1974.77
  🎯 Signal: BUY (confidence: 0.42)
  📝 Reason: 5m: RSI oversold (30.0); 5m: MACD bearish; 15m: RSI oversold (25.7); 15m: MACD bearish

[02:38:46] Cycle 204
  💰 Current Price: $1974.25
  🎯 Signal: BUY (confidence: 0.42)
  📝 Reason: 5m: RSI oversold (24.9); 5m: MACD bearish; 15m: RSI oversold (23.3); 15m: MACD bearish

[02:39:17] Cycle 205
  💰 Current Price: $1973.68
  🎯 Signal: BUY (confidence: 0.42)
  📝 Reason: 5m: RSI oversold (27.5); 5m: MACD bearish; 15m: RSI oversold (24.6); 15m: MACD bearish

[02:39:48] Cycle 206
  💰 Current Price: $1974.20
  🎯 Signal: BUY (confidence: 0.42)
  📝 Reason: 5m: RSI oversold (28.6); 5m: MACD bearish; 15m: RSI oversold (25.1); 15m: MACD bearish

[02:40:19] Cycle 207
  💰 Current Price: $1975.23
  🎯 Signal: BUY (confidence: 0.42)
  📝 Reason: 5m: RSI oversold (34.5); 5m: MACD bearish; 15m: RSI oversold (26.3); 15m: MACD bearish

[02:40:50] Cycle 208
  💰 Current Price: $1975.86
  🎯 Signal: BUY (confidence: 0.33)
  📝 Reason: 5m: MACD bearish; 15m: RSI oversold (27.0); 15m: MACD bearish; 1h: RSI oversold (21.1)

[02:41:21] Cycle 209
  💰 Current Price: $1976.02
  🎯 Signal: BUY (confidence: 0.33)
  📝 Reason: 5m: MACD bearish; 15m: RSI oversold (27.3); 15m: MACD bearish; 1h: RSI oversold (21.1)

[02:41:52] Cycle 210
  💰 Current Price: $1976.37
  🎯 Signal: BUY (confidence: 0.33)
  📝 Reason: 5m: MACD bearish; 15m: RSI oversold (28.4); 15m: MACD bearish; 1h: RSI oversold (21.2)

[02:42:22] Cycle 211
  💰 Current Price: $1976.37
  🎯 Signal: BUY (confidence: 0.33)
  📝 Reason: 5m: MACD bearish; 15m: RSI oversold (29.3); 15m: MACD bearish; 1h: RSI oversold (21.2)

[02:42:53] Cycle 212
  💰 Current Price: $1976.69
  🎯 Signal: BUY (confidence: 0.33)
  📝 Reason: 5m: MACD bearish; 15m: RSI oversold (29.4); 15m: MACD bearish; 1h: RSI oversold (21.2)

[02:43:24] Cycle 213
  💰 Current Price: $1976.82
  🎯 Signal: BUY (confidence: 0.33)
  📝 Reason: 5m: MACD bearish; 15m: RSI oversold (29.8); 15m: MACD bearish; 1h: RSI oversold (21.2)

[02:43:55] Cycle 214
  💰 Current Price: $1976.90
  🎯 Signal: BUY (confidence: 0.33)
  📝 Reason: 5m: MACD bearish; 15m: RSI oversold (30.1); 15m: MACD bearish; 1h: RSI oversold (21.3)

[02:44:26] Cycle 215
  💰 Current Price: $1976.68
  🎯 Signal: BUY (confidence: 0.33)
  📝 Reason: 5m: MACD bearish; 15m: RSI oversold (29.4); 15m: MACD bearish; 1h: RSI oversold (21.2)

[02:44:57] Cycle 216
  💰 Current Price: $1975.91
  🎯 Signal: BUY (confidence: 0.33)
  📝 Reason: 5m: MACD bearish; 15m: RSI oversold (28.4); 15m: MACD bearish; 1h: RSI oversold (21.2)

[02:42:39] Cycle 217
  💰 Current Price: $1976.65
  🎯 Signal: BUY (confidence: 0.33)
  📝 Reason: 5m: MACD bearish; 15m: RSI oversold (29.4); 15m: MACD bearish; 1h: RSI oversold (21.2)

[02:43:10] Cycle 218
  💰 Current Price: $1976.82
  🎯 Signal: BUY (confidence: 0.33)
  📝 Reason: 5m: MACD bearish; 15m: RSI oversold (29.8); 15m: MACD bearish; 1h: RSI oversold (21.2)

[02:43:41] Cycle 219
  💰 Current Price: $1976.77
  🎯 Signal: BUY (confidence: 0.33)
  📝 Reason: 5m: MACD bearish; 15m: RSI oversold (29.7); 15m: MACD bearish; 1h: RSI oversold (21.2)

[02:44:12] Cycle 220
  💰 Current Price: $1976.81
  🎯 Signal: BUY (confidence: 0.33)
  📝 Reason: 5m: MACD bearish; 15m: RSI oversold (29.8); 15m: MACD bearish; 1h: RSI oversold (21.2)

[02:44:43] Cycle 221
  💰 Current Price: $1976.47
  🎯 Signal: BUY (confidence: 0.33)
  📝 Reason: 5m: MACD bearish; 15m: RSI oversold (27.1); 15m: MACD bearish; 1h: RSI oversold (21.1)

[02:45:14] Cycle 222
  💰 Current Price: $1974.97
  🎯 Signal: BUY (confidence: 0.42)
  📝 Reason: 5m: RSI oversold (31.0); 5m: MACD bearish; 15m: RSI oversold (24.3); 15m: MACD bearish

[02:45:45] Cycle 223
  💰 Current Price: $1975.33
  🎯 Signal: BUY (confidence: 0.42)
  📝 Reason: 5m: RSI oversold (32.9); 5m: MACD bearish; 15m: RSI oversold (25.4); 15m: MACD bearish

[02:46:16] Cycle 224
  💰 Current Price: $1975.75
  🎯 Signal: BUY (confidence: 0.33)
  📝 Reason: 5m: MACD bearish; 15m: RSI oversold (26.9); 15m: MACD bearish; 1h: RSI oversold (21.1)

[02:46:47] Cycle 225
  💰 Current Price: $1975.94
  🎯 Signal: BUY (confidence: 0.33)
  📝 Reason: 5m: MACD bearish; 15m: RSI oversold (27.7); 15m: MACD bearish; 1h: RSI oversold (21.1)

[02:47:18] Cycle 226
  💰 Current Price: $1976.58
  🎯 Signal: BUY (confidence: 0.33)
  📝 Reason: 5m: MACD bearish; 15m: RSI oversold (29.3); 15m: MACD bearish; 1h: RSI oversold (21.2)

[02:47:49] Cycle 227
  💰 Current Price: $1975.93
  🎯 Signal: BUY (confidence: 0.33)
  📝 Reason: 5m: MACD bearish; 15m: RSI oversold (27.4); 15m: MACD bearish; 1h: RSI oversold (21.1)

[02:48:20] Cycle 228
  💰 Current Price: $1977.46
  🎯 Signal: BUY (confidence: 0.33)
  📝 Reason: 5m: MACD bearish; 15m: RSI oversold (33.5); 15m: MACD bearish; 1h: RSI oversold (21.5)

[02:48:52] Cycle 229
  💰 Current Price: $1978.15
  🎯 Signal: BUY (confidence: 0.33)
  📝 Reason: 5m: MACD bearish; 15m: RSI oversold (33.6); 15m: MACD bearish; 1h: RSI oversold (21.5)

[02:49:23] Cycle 230
  💰 Current Price: $1978.45
  🎯 Signal: BUY (confidence: 0.33)
  📝 Reason: 5m: MACD bearish; 15m: RSI oversold (34.4); 15m: MACD bearish; 1h: RSI oversold (21.5)

[02:49:53] Cycle 231
  💰 Current Price: $1978.29
  🎯 Signal: BUY (confidence: 0.33)
  📝 Reason: 5m: MACD bearish; 15m: RSI oversold (34.0); 15m: MACD bearish; 1h: RSI oversold (21.5)

[02:50:24] Cycle 232
  💰 Current Price: $1978.62
  🎯 Signal: BUY (confidence: 0.33)
  📝 Reason: 5m: MACD bearish; 15m: RSI oversold (34.0); 15m: MACD bearish; 1h: RSI oversold (21.5)

[02:50:55] Cycle 233
  💰 Current Price: $1979.37
  🎯 Signal: HOLD (confidence: 0.12)
  📝 Reason: 5m: MACD bearish; 15m: MACD bearish; 1h: RSI oversold (21.7); 1h: MACD bearish

[02:51:26] Cycle 234
  💰 Current Price: $1979.69
  🎯 Signal: HOLD (confidence: 0.12)
  📝 Reason: 5m: MACD bearish; 15m: MACD bearish; 1h: RSI oversold (21.7); 1h: MACD bearish

[02:51:57] Cycle 235
  💰 Current Price: $1981.21
  🎯 Signal: HOLD (confidence: 0.12)
  📝 Reason: 5m: MACD bearish; 15m: MACD bearish; 1h: RSI oversold (22.2); 1h: MACD bearish

[02:52:28] Cycle 236
  💰 Current Price: $1980.56
  🎯 Signal: HOLD (confidence: 0.12)
  📝 Reason: 5m: MACD bearish; 15m: MACD bearish; 1h: RSI oversold (21.9); 1h: MACD bearish

[02:52:59] Cycle 237
  💰 Current Price: $1980.19
  🎯 Signal: HOLD (confidence: 0.12)
  📝 Reason: 5m: MACD bearish; 15m: MACD bearish; 1h: RSI oversold (21.8); 1h: MACD bearish

[02:53:30] Cycle 238
  💰 Current Price: $1980.01
  🎯 Signal: HOLD (confidence: 0.12)
  📝 Reason: 5m: MACD bearish; 15m: MACD bearish; 1h: RSI oversold (22.2); 1h: MACD bearish

[02:54:01] Cycle 239
  💰 Current Price: $1981.41
  🎯 Signal: HOLD (confidence: 0.12)
  📝 Reason: 5m: MACD bearish; 15m: MACD bearish; 1h: RSI oversold (22.3); 1h: MACD bearish

[02:54:32] Cycle 240
  💰 Current Price: $1980.86
  🎯 Signal: HOLD (confidence: 0.12)
  📝 Reason: 5m: MACD bearish; 15m: MACD bearish; 1h: RSI oversold (21.9); 1h: MACD bearish

[02:55:03] Cycle 241
  💰 Current Price: $1980.55
  🎯 Signal: HOLD (confidence: 0.12)
  📝 Reason: 5m: MACD bearish; 15m: MACD bearish; 1h: RSI oversold (21.9); 1h: MACD bearish

[02:55:34] Cycle 242
  💰 Current Price: $1980.25
  🎯 Signal: HOLD (confidence: 0.12)
  📝 Reason: 5m: MACD bearish; 15m: MACD bearish; 1h: RSI oversold (22.3); 1h: MACD bearish

[02:56:05] Cycle 243
  💰 Current Price: $1981.32
  🎯 Signal: HOLD (confidence: 0.12)
  📝 Reason: 5m: MACD bearish; 15m: MACD bearish; 1h: RSI oversold (22.2); 1h: MACD bearish

[02:56:36] Cycle 244
  💰 Current Price: $1981.31
  🎯 Signal: HOLD (confidence: 0.12)
  📝 Reason: 5m: MACD bearish; 15m: MACD bearish; 1h: RSI oversold (22.2); 1h: MACD bearish

[02:57:07] Cycle 245
  💰 Current Price: $1981.31
  🎯 Signal: HOLD (confidence: 0.12)
  📝 Reason: 5m: MACD bearish; 15m: MACD bearish; 1h: RSI oversold (22.2); 1h: MACD bearish

[02:57:38] Cycle 246
  💰 Current Price: $1981.31
  🎯 Signal: HOLD (confidence: 0.12)
  📝 Reason: 5m: MACD bearish; 15m: MACD bearish; 1h: RSI oversold (22.2); 1h: MACD bearish

[02:58:09] Cycle 247
  💰 Current Price: $1981.32
  🎯 Signal: HOLD (confidence: 0.12)
  📝 Reason: 5m: MACD bearish; 15m: MACD bearish; 1h: RSI oversold (22.2); 1h: MACD bearish

[02:58:40] Cycle 248
  💰 Current Price: $1982.60
  🎯 Signal: HOLD (confidence: 0.12)
  📝 Reason: 5m: MACD bearish; 15m: MACD bearish; 1h: RSI oversold (23.0); 1h: MACD bearish

[02:59:11] Cycle 249
  💰 Current Price: $1983.51
  🎯 Signal: HOLD (confidence: 0.12)
  📝 Reason: 5m: MACD bearish; 15m: MACD bearish; 1h: RSI oversold (23.6); 1h: MACD bearish

[02:59:42] Cycle 250
  💰 Current Price: $1984.53
  🎯 Signal: HOLD (confidence: 0.12)
  📝 Reason: 5m: MACD bearish; 15m: MACD bearish; 1h: RSI oversold (24.2); 1h: MACD bearish

[03:00:13] Cycle 251
  💰 Current Price: $1983.65
  🎯 Signal: BUY (confidence: 0.23)
  📝 Reason: 5m: MACD bullish; 15m: MACD bearish; 1h: RSI oversold (30.7); 1h: MACD bearish

[03:00:44] Cycle 252
  💰 Current Price: $1983.73
  🎯 Signal: BUY (confidence: 0.23)
  📝 Reason: 5m: MACD bullish; 15m: MACD bearish; 1h: RSI oversold (30.7); 1h: MACD bearish

[03:01:15] Cycle 253
  💰 Current Price: $1983.73
  🎯 Signal: BUY (confidence: 0.23)
  📝 Reason: 5m: MACD bullish; 15m: MACD bearish; 1h: RSI oversold (30.7); 1h: MACD bearish

[03:01:46] Cycle 254
  💰 Current Price: $1983.73
  🎯 Signal: BUY (confidence: 0.23)
  📝 Reason: 5m: MACD bullish; 15m: MACD bearish; 1h: RSI oversold (30.7); 1h: MACD bearish

[03:02:17] Cycle 255
  💰 Current Price: $1984.95
  🎯 Signal: BUY (confidence: 0.23)
  📝 Reason: 5m: MACD bullish; 15m: MACD bearish; 1h: RSI oversold (31.3); 1h: MACD bearish

[03:02:48] Cycle 256
  💰 Current Price: $1984.70
  🎯 Signal: BUY (confidence: 0.23)
  📝 Reason: 5m: MACD bullish; 15m: MACD bearish; 1h: RSI oversold (31.1); 1h: MACD bearish

[03:03:19] Cycle 257
  💰 Current Price: $1983.48
  🎯 Signal: HOLD (confidence: 0.12)
  📝 Reason: 5m: MACD bearish; 15m: MACD bearish; 1h: RSI oversold (30.6); 1h: MACD bearish

[03:03:50] Cycle 258
  💰 Current Price: $1982.88
  🎯 Signal: HOLD (confidence: 0.12)
  📝 Reason: 5m: MACD bearish; 15m: MACD bearish; 1h: RSI oversold (30.4); 1h: MACD bearish

[03:04:21] Cycle 259
  💰 Current Price: $1981.66
  🎯 Signal: HOLD (confidence: 0.12)
  📝 Reason: 5m: MACD bearish; 15m: RSI oversold (26.5); 15m: MACD bearish; 1h: RSI oversold (21.0)

[02:45:28] Cycle 217
  💰 Current Price: $1974.97
  🎯 Signal: BUY (confidence: 0.42)
  📝 Reason: 5m: RSI oversold (31.0); 5m: MACD bearish; 15m: RSI oversold (24.3); 15m: MACD bearish

[02:45:59] Cycle 218
  💰 Current Price: $1975.33
  🎯 Signal: BUY (confidence: 0.42)
  📝 Reason: 5m: RSI oversold (32.9); 5m: MACD bearish; 15m: RSI oversold (25.4); 15m: MACD bearish

[02:46:29] Cycle 219
  💰 Current Price: $1975.77
  🎯 Signal: BUY (confidence: 0.33)
  📝 Reason: 5m: MACD bearish; 15m: RSI oversold (26.9); 15m: MACD bearish; 1h: RSI oversold (21.1)

[02:47:00] Cycle 220
  💰 Current Price: $1976.04
  🎯 Signal: BUY (confidence: 0.33)
  📝 Reason: 5m: MACD bearish; 15m: RSI oversold (27.7); 15m: MACD bearish; 1h: RSI oversold (21.1)

[02:47:31] Cycle 221
  💰 Current Price: $1976.00
  🎯 Signal: BUY (confidence: 0.33)
  📝 Reason: 5m: MACD bearish; 15m: RSI oversold (27.6); 15m: MACD bearish; 1h: RSI oversold (21.1)

[02:48:02] Cycle 222
  💰 Current Price: $1976.43
  🎯 Signal: BUY (confidence: 0.33)
  📝 Reason: 5m: MACD bearish; 15m: RSI oversold (28.9); 15m: MACD bearish; 1h: RSI oversold (21.2)

[02:48:33] Cycle 223
  💰 Current Price: $1978.09
  🎯 Signal: BUY (confidence: 0.33)
  📝 Reason: 5m: MACD bearish; 15m: RSI oversold (33.5); 15m: MACD bearish; 1h: RSI oversold (21.5)

[02:49:04] Cycle 224
  💰 Current Price: $1978.45
  🎯 Signal: BUY (confidence: 0.33)
  📝 Reason: 5m: MACD bearish; 15m: RSI oversold (34.4); 15m: MACD bearish; 1h: RSI oversold (21.5)

[02:49:35] Cycle 225
  💰 Current Price: $1978.29
  🎯 Signal: BUY (confidence: 0.33)
  📝 Reason: 5m: MACD bearish; 15m: RSI oversold (34.0); 15m: MACD bearish; 1h: RSI oversold (21.5)

[02:50:06] Cycle 226
  💰 Current Price: $1978.62
  🎯 Signal: BUY (confidence: 0.33)
  📝 Reason: 5m: MACD bearish; 15m: RSI oversold (34.8); 15m: MACD bearish; 1h: RSI oversold (21.6)

[02:50:37] Cycle 227
  💰 Current Price: $1978.31
  🎯 Signal: BUY (confidence: 0.33)
  📝 Reason: 5m: MACD bearish; 15m: RSI oversold (34.0); 15m: MACD bearish; 1h: RSI oversold (21.5)

[02:51:08] Cycle 228
  💰 Current Price: $1979.37
  🎯 Signal: HOLD (confidence: 0.12)
  📝 Reason: 5m: MACD bearish; 15m: MACD bearish; 1h: RSI oversold (21.7); 1h: MACD bearish

[02:51:38] Cycle 229
  💰 Current Price: $1979.69
  🎯 Signal: HOLD (confidence: 0.12)
  📝 Reason: 5m: MACD bearish; 15m: MACD bearish; 1h: RSI oversold (21.7); 1h: MACD bearish

[02:52:09] Cycle 230
  💰 Current Price: $1981.21
  🎯 Signal: HOLD (confidence: 0.12)
  📝 Reason: 5m: MACD bearish; 15m: MACD bearish; 1h: RSI oversold (21.9); 1h: MACD bearish

[02:52:40] Cycle 231
  💰 Current Price: $1980.56
  🎯 Signal: HOLD (confidence: 0.12)
  📝 Reason: 5m: MACD bearish; 15m: MACD bearish; 1h: RSI oversold (21.9); 1h: MACD bearish

[02:53:11] Cycle 232
  💰 Current Price: $1980.15
  🎯 Signal: HOLD (confidence: 0.12)
  📝 Reason: 5m: MACD bearish; 15m: MACD bearish; 1h: RSI oversold (21.8); 1h: MACD bearish

[02:53:42] Cycle 233
  💰 Current Price: $1981.41
  🎯 Signal: HOLD (confidence: 0.12)
  📝 Reason: 5m: MACD bearish; 15m: MACD bearish; 1h: RSI oversold (22.3); 1h: MACD bearish

[02:54:13] Cycle 234
  💰 Current Price: $1981.41
  🎯 Signal: HOLD (confidence: 0.12)
  📝 Reason: 5m: MACD bearish; 15m: MACD bearish; 1h: RSI oversold (22.0); 1h: MACD bearish

[02:54:44] Cycle 235
  💰 Current Price: $1980.81
  🎯 Signal: HOLD (confidence: 0.12)
  📝 Reason: 5m: MACD bearish; 15m: MACD bearish; 1h: RSI oversold (21.9); 1h: MACD bearish

[02:55:15] Cycle 236
  💰 Current Price: $1980.25
  🎯 Signal: HOLD (confidence: 0.12)
  📝 Reason: 5m: MACD bearish; 15m: MACD bearish; 1h: RSI oversold (21.8); 1h: MACD bearish

[02:55:46] Cycle 237
  💰 Current Price: $1982.25
  🎯 Signal: HOLD (confidence: 0.12)
  📝 Reason: 5m: MACD bearish; 15m: MACD bearish; 1h: RSI oversold (22.8); 1h: MACD bearish

[02:56:17] Cycle 238
  💰 Current Price: $1981.32
  🎯 Signal: HOLD (confidence: 0.12)
  📝 Reason: 5m: MACD bearish; 15m: MACD bearish; 1h: RSI oversold (22.2); 1h: MACD bearish

[02:56:48] Cycle 239
  💰 Current Price: $1981.31
  🎯 Signal: HOLD (confidence: 0.12)
  📝 Reason: 5m: MACD bearish; 15m: MACD bearish; 1h: RSI oversold (22.2); 1h: MACD bearish

[02:57:19] Cycle 240
  💰 Current Price: $1981.31
  🎯 Signal: HOLD (confidence: 0.12)
  📝 Reason: 5m: MACD bearish; 15m: MACD bearish; 1h: RSI oversold (22.2); 1h: MACD bearish

[02:57:50] Cycle 241
  💰 Current Price: $1981.32
  🎯 Signal: HOLD (confidence: 0.12)
  📝 Reason: 5m: MACD bearish; 15m: MACD bearish; 1h: RSI oversold (22.2); 1h: MACD bearish

[02:58:21] Cycle 242
  💰 Current Price: $1982.60
  🎯 Signal: HOLD (confidence: 0.12)
  📝 Reason: 5m: MACD bearish; 15m: MACD bearish; 1h: RSI oversold (23.0); 1h: MACD bearish

[02:58:51] Cycle 243
  💰 Current Price: $1982.60
  🎯 Signal: HOLD (confidence: 0.12)
  📝 Reason: 5m: MACD bearish; 15m: MACD bearish; 1h: RSI oversold (23.0); 1h: MACD bearish

[02:59:22] Cycle 244
  💰 Current Price: $1983.59
  🎯 Signal: HOLD (confidence: 0.12)
  📝 Reason: 5m: MACD bearish; 15m: MACD bearish; 1h: RSI oversold (23.6); 1h: MACD bearish

[02:59:53] Cycle 245
  💰 Current Price: $1984.47
  🎯 Signal: HOLD (confidence: 0.12)
  📝 Reason: 5m: MACD bearish; 15m: MACD bearish; 1h: RSI oversold (24.2); 1h: MACD bearish

[03:00:24] Cycle 246
  💰 Current Price: $1983.88
  🎯 Signal: BUY (confidence: 0.23)
  📝 Reason: 5m: MACD bullish; 15m: MACD bearish; 1h: RSI oversold (30.7); 1h: MACD bearish

[03:00:55] Cycle 247
  💰 Current Price: $1983.73
  🎯 Signal: BUY (confidence: 0.23)
  📝 Reason: 5m: MACD bullish; 15m: MACD bearish; 1h: RSI oversold (30.7); 1h: MACD bearish

[03:01:26] Cycle 248
  💰 Current Price: $1983.73
  🎯 Signal: BUY (confidence: 0.23)
  📝 Reason: 5m: MACD bullish; 15m: MACD bearish; 1h: RSI oversold (30.7); 1h: MACD bearish

[03:01:57] Cycle 249
  💰 Current Price: $1983.73
  🎯 Signal: BUY (confidence: 0.23)
  📝 Reason: 5m: MACD bullish; 15m: MACD bearish; 1h: RSI oversold (30.7); 1h: MACD bearish

[03:02:28] Cycle 250
  💰 Current Price: $1984.25
  🎯 Signal: BUY (confidence: 0.23)
  📝 Reason: 5m: MACD bullish; 15m: MACD bearish; 1h: RSI oversold (30.9); 1h: MACD bearish

[03:02:59] Cycle 251
  💰 Current Price: $1984.70
  🎯 Signal: BUY (confidence: 0.23)
  📝 Reason: 5m: MACD bullish; 15m: MACD bearish; 1h: RSI oversold (31.1); 1h: MACD bearish

[03:03:30] Cycle 252
  💰 Current Price: $1983.04
  🎯 Signal: HOLD (confidence: 0.12)
  📝 Reason: 5m: MACD bearish; 15m: MACD bearish; 1h: RSI oversold (30.4); 1h: MACD bearish

[03:04:01] Cycle 253
  💰 Current Price: $1983.47
  🎯 Signal: HOLD (confidence: 0.12)
  📝 Reason: 5m: MACD bearish; 15m: MACD bearish; 1h: RSI oversold (30.6); 1h: MACD bearish

[03:04:32] Cycle 254
  💰 Current Price: $1981.66
  🎯 Signal: HOLD (confidence: 0.12)
  📝 Reason: 5m: MACD bearish; 15m: MACD bearish; 1h: RSI oversold (30.1); 1h: MACD bearish

[03:05:02] Cycle 255
  💰 Current Price: $1981.66
  🎯 Signal: BUY (confidence: 0.23)
  📝 Reason: 5m: MACD bullish; 15m: MACD bearish; 1h: RSI oversold (30.1); 1h: MACD bearish

[03:05:33] Cycle 256
  💰 Current Price: $1982.58
  🎯 Signal: BUY (confidence: 0.23)
  📝 Reason: 5m: MACD bullish; 15m: MACD bearish; 1h: RSI oversold (30.3); 1h: MACD bearish

[03:06:04] Cycle 257
  💰 Current Price: $1982.58
  🎯 Signal: BUY (confidence: 0.23)
  📝 Reason: 5m: MACD bullish; 15m: MACD bearish; 1h: RSI oversold (30.3); 1h: MACD bearish

[03:06:35] Cycle 258
  💰 Current Price: $1982.67
  🎯 Signal: BUY (confidence: 0.23)
  📝 Reason: 5m: MACD bullish; 15m: MACD bearish; 1h: RSI oversold (30.4); 1h: MACD bearish

[03:07:06] Cycle 259
  💰 Current Price: $1982.78
  🎯 Signal: BUY (confidence: 0.23)
  📝 Reason: 5m: MACD bullish; 15m: MACD bearish; 1h: RSI oversold (30.4); 1h: MACD bearish

[03:07:36] Cycle 260
  📝 Reason: 5m: MACD bearish; 15m: MACD bearish; 1h: RSI oversold (30.1); 1h: MACD bearish

[03:04:52] Cycle 260
  💰 Current Price: $1981.66
  🎯 Signal: HOLD (confidence: 0.12)
  📝 Reason: 5m: MACD bearish; 15m: MACD bearish; 1h: RSI oversold (30.1); 1h: MACD bearish

[03:05:23] Cycle 261
  💰 Current Price: $1982.58
  🎯 Signal: BUY (confidence: 0.23)
  📝 Reason: 5m: MACD bullish; 15m: MACD bearish; 1h: RSI oversold (30.3); 1h: MACD bearish

[03:05:54] Cycle 262
  💰 Current Price: $1982.58
  🎯 Signal: BUY (confidence: 0.23)
  📝 Reason: 5m: MACD bullish; 15m: MACD bearish; 1h: RSI oversold (30.3); 1h: MACD bearish

[03:06:25] Cycle 263
  💰 Current Price: $1982.67
  🎯 Signal: BUY (confidence: 0.23)
  📝 Reason: 5m: MACD bullish; 15m: MACD bearish; 1h: RSI oversold (30.4); 1h: MACD bearish

[03:06:56] Cycle 264
  💰 Current Price: $1982.78
  🎯 Signal: BUY (confidence: 0.23)
  📝 Reason: 5m: MACD bullish; 15m: MACD bearish; 1h: RSI oversold (30.4); 1h: MACD bearish

[03:07:26] Cycle 265
  💰 Current Price: $1982.78
  🎯 Signal: BUY (confidence: 0.23)
  📝 Reason: 5m: MACD bullish; 15m: MACD bearish; 1h: RSI oversold (30.4); 1h: MACD bearish

[03:07:57] Cycle 266
  💰 Current Price: $1982.78
  🎯 Signal: BUY (confidence: 0.23)
  📝 Reason: 5m: MACD bullish; 15m: MACD bearish; 1h: RSI oversold (30.4); 1h: MACD bearish

[03:08:28] Cycle 267
  💰 Current Price: $1983.36
  🎯 Signal: BUY (confidence: 0.23)
  📝 Reason: 5m: MACD bullish; 15m: MACD bearish; 1h: RSI oversold (30.6); 1h: MACD bearish

[03:08:59] Cycle 268
  💰 Current Price: $1983.27
  🎯 Signal: BUY (confidence: 0.23)
  📝 Reason: 5m: MACD bullish; 15m: MACD bearish; 1h: RSI oversold (30.5); 1h: MACD bearish

[03:09:30] Cycle 269
  💰 Current Price: $1982.26
  🎯 Signal: BUY (confidence: 0.23)
  📝 Reason: 5m: MACD bullish; 15m: MACD bearish; 1h: RSI oversold (30.2); 1h: MACD bearish

[03:10:01] Cycle 270
  💰 Current Price: $1982.26
  🎯 Signal: BUY (confidence: 0.23)
  📝 Reason: 5m: MACD bullish; 15m: MACD bearish; 1h: RSI oversold (30.5); 1h: MACD bearish

[03:10:32] Cycle 271
  💰 Current Price: $1982.85
  🎯 Signal: BUY (confidence: 0.23)
  📝 Reason: 5m: MACD bullish; 15m: MACD bearish; 1h: RSI oversold (30.4); 1h: MACD bearish

[03:11:03] Cycle 272
  💰 Current Price: $1982.48
  🎯 Signal: BUY (confidence: 0.23)
  📝 Reason: 5m: MACD bullish; 15m: MACD bearish; 1h: RSI oversold (30.4); 1h: MACD bearish

[03:11:34] Cycle 273
  💰 Current Price: $1982.21
  🎯 Signal: BUY (confidence: 0.23)
  📝 Reason: 5m: MACD bullish; 15m: MACD bearish; 1h: RSI oversold (30.2); 1h: MACD bearish

[03:12:05] Cycle 274
  💰 Current Price: $1982.69
  🎯 Signal: BUY (confidence: 0.23)
  📝 Reason: 5m: MACD bullish; 15m: MACD bearish; 1h: RSI oversold (30.3); 1h: MACD bearish

[03:12:36] Cycle 275
  💰 Current Price: $1982.57
  🎯 Signal: BUY (confidence: 0.23)
  📝 Reason: 5m: MACD bullish; 15m: MACD bearish; 1h: RSI oversold (30.3); 1h: MACD bearish

[03:13:07] Cycle 276
  💰 Current Price: $1983.12
  🎯 Signal: BUY (confidence: 0.23)
  📝 Reason: 5m: MACD bullish; 15m: MACD bearish; 1h: RSI oversold (31.9); 1h: MACD bearish

[03:13:38] Cycle 277
  💰 Current Price: $1987.64
  🎯 Signal: BUY (confidence: 0.23)
  📝 Reason: 5m: MACD bullish; 15m: MACD bearish; 1h: RSI oversold (33.7); 1h: MACD bearish

[03:14:09] Cycle 278
  💰 Current Price: $1992.38
  🎯 Signal: HOLD (confidence: 0.12)
  📝 Reason: 5m: MACD bullish; 15m: MACD bullish; 1h: MACD bearish; 4h: RSI oversold (20.0)

[03:14:40] Cycle 279
  💰 Current Price: $1995.20
  🎯 Signal: HOLD (confidence: 0.12)
  📝 Reason: 5m: MACD bullish; 15m: MACD bullish; 1h: MACD bearish; 4h: RSI oversold (20.7)

[03:15:11] Cycle 280
  💰 Current Price: $1993.74
  🎯 Signal: HOLD (confidence: 0.12)
  📝 Reason: 5m: MACD bullish; 15m: MACD bullish; 1h: MACD bearish; 4h: RSI oversold (20.5)

[03:15:42] Cycle 281
  💰 Current Price: $1992.84
  🎯 Signal: HOLD (confidence: 0.12)
  📝 Reason: 5m: MACD bullish; 15m: MACD bullish; 1h: MACD bearish; 4h: RSI oversold (20.2)

[03:16:13] Cycle 282
  💰 Current Price: $1990.56
  🎯 Signal: BUY (confidence: 0.42)
  📝 Reason: 5m: MACD bullish; 15m: MACD bullish; 1h: RSI oversold (34.6); 1h: MACD bearish

[03:16:44] Cycle 283
  💰 Current Price: $1990.82
  🎯 Signal: HOLD (confidence: 0.12)
  📝 Reason: 5m: MACD bullish; 15m: MACD bullish; 1h: MACD bearish; 4h: RSI oversold (19.7)

[03:17:15] Cycle 284
  💰 Current Price: $1990.71
  🎯 Signal: BUY (confidence: 0.42)
  📝 Reason: 5m: MACD bullish; 15m: MACD bullish; 1h: RSI oversold (34.4); 1h: MACD bearish

[03:17:46] Cycle 285
  💰 Current Price: $1988.79
  🎯 Signal: BUY (confidence: 0.42)
  📝 Reason: 5m: MACD bullish; 15m: MACD bullish; 1h: RSI oversold (33.8); 1h: MACD bearish

[03:18:17] Cycle 286
  💰 Current Price: $1988.26
  🎯 Signal: BUY (confidence: 0.42)
  📝 Reason: 5m: MACD bullish; 15m: MACD bullish; 1h: RSI oversold (33.5); 1h: MACD bearish

[03:18:48] Cycle 287
  💰 Current Price: $1988.26
  🎯 Signal: BUY (confidence: 0.42)
  📝 Reason: 5m: MACD bullish; 15m: MACD bullish; 1h: RSI oversold (33.5); 1h: MACD bearish

[03:19:19] Cycle 288
  💰 Current Price: $1989.38
  🎯 Signal: BUY (confidence: 0.42)
  📝 Reason: 5m: MACD bullish; 15m: MACD bullish; 1h: RSI oversold (34.2); 1h: MACD bearish

[03:19:50] Cycle 289
  💰 Current Price: $1988.43
  🎯 Signal: BUY (confidence: 0.42)
  📝 Reason: 5m: MACD bullish; 15m: MACD bullish; 1h: RSI oversold (33.6); 1h: MACD bearish

[03:20:21] Cycle 290
  💰 Current Price: $1988.54
  🎯 Signal: BUY (confidence: 0.42)
  📝 Reason: 5m: MACD bullish; 15m: MACD bullish; 1h: RSI oversold (33.7); 1h: MACD bearish

[03:20:52] Cycle 291
  💰 Current Price: $1987.20
  🎯 Signal: BUY (confidence: 0.42)
  📝 Reason: 5m: MACD bullish; 15m: MACD bullish; 1h: RSI oversold (32.8); 1h: MACD bearish

[03:21:23] Cycle 292
  💰 Current Price: $1986.50
  🎯 Signal: BUY (confidence: 0.42)
  📝 Reason: 5m: MACD bullish; 15m: MACD bullish; 1h: RSI oversold (32.3); 1h: MACD bearish

[03:21:54] Cycle 293
  💰 Current Price: $1985.79
  🎯 Signal: BUY (confidence: 0.42)
  📝 Reason: 5m: MACD bullish; 15m: MACD bullish; 1h: RSI oversold (31.8); 1h: MACD bearish

[03:22:25] Cycle 294
  💰 Current Price: $1985.98
  🎯 Signal: BUY (confidence: 0.42)
  📝 Reason: 5m: MACD bullish; 15m: MACD bullish; 1h: RSI oversold (32.0); 1h: MACD bearish

[03:22:56] Cycle 295
  💰 Current Price: $1986.04
  🎯 Signal: BUY (confidence: 0.42)
  📝 Reason: 5m: MACD bullish; 15m: MACD bullish; 1h: RSI oversold (32.0); 1h: MACD bearish

[03:23:27] Cycle 296
  💰 Current Price: $1985.82
  🎯 Signal: BUY (confidence: 0.42)
  📝 Reason: 5m: MACD bullish; 15m: MACD bullish; 1h: RSI oversold (31.9); 1h: MACD bearish

[03:23:58] Cycle 297
  💰 Current Price: $1985.86
  🎯 Signal: BUY (confidence: 0.42)
  📝 Reason: 5m: MACD bullish; 15m: MACD bullish; 1h: RSI oversold (31.9); 1h: MACD bearish

[03:24:29] Cycle 298
  💰 Current Price: $1985.86
  🎯 Signal: BUY (confidence: 0.42)
  📝 Reason: 5m: MACD bullish; 15m: MACD bullish; 1h: RSI oversold (31.9); 1h: MACD bearish

[03:25:00] Cycle 299
  💰 Current Price: $1985.84
  🎯 Signal: BUY (confidence: 0.42)
  📝 Reason: 5m: MACD bullish; 15m: MACD bullish; 1h: RSI oversold (31.9); 1h: MACD bearish

[03:25:31] Cycle 300
  💰 Current Price: $1986.04
  🎯 Signal: BUY (confidence: 0.42)
  📝 Reason: 5m: MACD bullish; 15m: MACD bullish; 1h: RSI oversold (32.0); 1h: MACD bearish

[03:26:02] Cycle 301
  💰 Current Price: $1986.17
  🎯 Signal: BUY (confidence: 0.42)
  📝 Reason: 5m: MACD bullish; 15m: MACD bullish; 1h: RSI oversold (32.1); 1h: MACD bearish

[03:26:33] Cycle 302
  💰 Current Price: $1986.16
  🎯 Signal: BUY (confidence: 0.42)
  📝 Reason: 5m: MACD bullish; 15m: MACD bullish; 1h: RSI oversold (31.1); 1h: MACD bearish

[03:27:04] Cycle 303
  💰 Current Price: $1984.16
  🎯 Signal: BUY (confidence: 0.42)
  💰 Current Price: $1982.78
  🎯 Signal: BUY (confidence: 0.23)
  📝 Reason: 5m: MACD bullish; 15m: MACD bearish; 1h: RSI oversold (30.4); 1h: MACD bearish

[03:08:07] Cycle 261
  💰 Current Price: $1982.78
  🎯 Signal: BUY (confidence: 0.23)
  📝 Reason: 5m: MACD bullish; 15m: MACD bearish; 1h: RSI oversold (30.4); 1h: MACD bearish

[03:08:38] Cycle 262
  💰 Current Price: $1983.65
  🎯 Signal: BUY (confidence: 0.23)
  📝 Reason: 5m: MACD bullish; 15m: MACD bearish; 1h: RSI oversold (30.7); 1h: MACD bearish

[03:09:09] Cycle 263
  💰 Current Price: $1983.16
  🎯 Signal: BUY (confidence: 0.23)
  📝 Reason: 5m: MACD bullish; 15m: MACD bearish; 1h: RSI oversold (30.5); 1h: MACD bearish

[03:09:40] Cycle 264
  💰 Current Price: $1982.26
  🎯 Signal: BUY (confidence: 0.23)
  📝 Reason: 5m: MACD bullish; 15m: MACD bearish; 1h: RSI oversold (30.2); 1h: MACD bearish

[03:10:11] Cycle 265
  💰 Current Price: $1983.31
  🎯 Signal: BUY (confidence: 0.23)
  📝 Reason: 5m: MACD bullish; 15m: MACD bearish; 1h: RSI oversold (30.6); 1h: MACD bearish

[03:10:42] Cycle 266
  💰 Current Price: $1982.57
  🎯 Signal: BUY (confidence: 0.23)
  📝 Reason: 5m: MACD bullish; 15m: MACD bearish; 1h: RSI oversold (30.3); 1h: MACD bearish

[03:11:13] Cycle 267
  💰 Current Price: $1982.35
  🎯 Signal: BUY (confidence: 0.23)
  📝 Reason: 5m: MACD bullish; 15m: MACD bearish; 1h: RSI oversold (30.3); 1h: MACD bearish

[03:11:44] Cycle 268
  💰 Current Price: $1982.21
  🎯 Signal: BUY (confidence: 0.23)
  📝 Reason: 5m: MACD bullish; 15m: MACD bearish; 1h: RSI oversold (30.2); 1h: MACD bearish

[03:12:15] Cycle 269
  💰 Current Price: $1982.57
  🎯 Signal: BUY (confidence: 0.23)
  📝 Reason: 5m: MACD bullish; 15m: MACD bearish; 1h: RSI oversold (30.3); 1h: MACD bearish

[03:12:46] Cycle 270
  💰 Current Price: $1982.57
  🎯 Signal: BUY (confidence: 0.23)
  📝 Reason: 5m: MACD bullish; 15m: MACD bearish; 1h: RSI oversold (30.3); 1h: MACD bearish

[03:13:16] Cycle 271
  💰 Current Price: $1987.53
  🎯 Signal: BUY (confidence: 0.23)
  📝 Reason: 5m: MACD bullish; 15m: MACD bearish; 1h: RSI oversold (33.7); 1h: MACD bearish

[03:13:47] Cycle 272
  💰 Current Price: $1990.48
  🎯 Signal: BUY (confidence: 0.23)
  📝 Reason: 5m: MACD bullish; 15m: MACD bearish; 1h: RSI oversold (34.9); 1h: MACD bearish

[03:14:18] Cycle 273
  💰 Current Price: $1991.41
  🎯 Signal: HOLD (confidence: 0.12)
  📝 Reason: 5m: MACD bullish; 15m: MACD bullish; 1h: MACD bearish; 4h: RSI oversold (19.8)

[03:14:49] Cycle 274
  💰 Current Price: $1995.08
  🎯 Signal: HOLD (confidence: 0.12)
  📝 Reason: 5m: MACD bullish; 15m: MACD bullish; 1h: MACD bearish; 4h: RSI oversold (20.8)

[03:15:20] Cycle 275
  💰 Current Price: $1994.11
  🎯 Signal: HOLD (confidence: 0.12)
  📝 Reason: 5m: MACD bullish; 15m: MACD bullish; 1h: MACD bearish; 4h: RSI oversold (20.5)

[03:15:51] Cycle 276
  💰 Current Price: $1992.45
  🎯 Signal: HOLD (confidence: 0.12)
  📝 Reason: 5m: MACD bullish; 15m: MACD bullish; 1h: MACD bearish; 4h: RSI oversold (20.1)

[03:16:22] Cycle 277
  💰 Current Price: $1990.07
  🎯 Signal: HOLD (confidence: 0.12)
  📝 Reason: 5m: MACD bullish; 15m: MACD bullish; 1h: MACD bearish; 4h: RSI oversold (19.8)

[03:16:52] Cycle 278
  💰 Current Price: $1991.04
  🎯 Signal: HOLD (confidence: 0.12)
  📝 Reason: 5m: MACD bullish; 15m: MACD bullish; 1h: MACD bearish; 4h: RSI oversold (19.7)

[03:17:23] Cycle 279
  💰 Current Price: $1989.73
  🎯 Signal: BUY (confidence: 0.42)
  📝 Reason: 5m: MACD bullish; 15m: MACD bullish; 1h: RSI oversold (34.4); 1h: MACD bearish

[03:17:54] Cycle 280
  💰 Current Price: $1988.00
  🎯 Signal: BUY (confidence: 0.42)
  📝 Reason: 5m: MACD bullish; 15m: MACD bullish; 1h: RSI oversold (33.5); 1h: MACD bearish

[03:18:25] Cycle 281
  💰 Current Price: $1988.26
  🎯 Signal: BUY (confidence: 0.42)
  📝 Reason: 5m: MACD bullish; 15m: MACD bullish; 1h: RSI oversold (33.5); 1h: MACD bearish

[03:18:56] Cycle 282
  💰 Current Price: $1988.26
  🎯 Signal: BUY (confidence: 0.42)
  📝 Reason: 5m: MACD bullish; 15m: MACD bullish; 1h: RSI oversold (33.5); 1h: MACD bearish

[03:19:27] Cycle 283
  💰 Current Price: $1989.38
  🎯 Signal: BUY (confidence: 0.42)
  📝 Reason: 5m: MACD bullish; 15m: MACD bullish; 1h: RSI oversold (34.2); 1h: MACD bearish

[03:19:57] Cycle 284
  💰 Current Price: $1988.43
  🎯 Signal: BUY (confidence: 0.42)
  📝 Reason: 5m: MACD bullish; 15m: MACD bullish; 1h: RSI oversold (33.4); 1h: MACD bearish

[03:20:28] Cycle 285
  💰 Current Price: $1988.58
  🎯 Signal: BUY (confidence: 0.42)
  📝 Reason: 5m: MACD bullish; 15m: MACD bullish; 1h: RSI oversold (33.7); 1h: MACD bearish

[03:21:00] Cycle 286
  💰 Current Price: $1986.50
  🎯 Signal: BUY (confidence: 0.42)
  📝 Reason: 5m: MACD bullish; 15m: MACD bullish; 1h: RSI oversold (32.3); 1h: MACD bearish

[03:21:31] Cycle 287
  💰 Current Price: $1985.82
  🎯 Signal: BUY (confidence: 0.42)
  📝 Reason: 5m: MACD bullish; 15m: MACD bullish; 1h: RSI oversold (31.9); 1h: MACD bearish

[03:22:01] Cycle 288
  💰 Current Price: $1985.79
  🎯 Signal: BUY (confidence: 0.42)
  📝 Reason: 5m: MACD bullish; 15m: MACD bullish; 1h: RSI oversold (31.8); 1h: MACD bearish

[03:22:32] Cycle 289
  💰 Current Price: $1985.98
  🎯 Signal: BUY (confidence: 0.42)
  📝 Reason: 5m: MACD bullish; 15m: MACD bullish; 1h: RSI oversold (31.9); 1h: MACD bearish

[03:23:03] Cycle 290
  💰 Current Price: $1985.82
  🎯 Signal: BUY (confidence: 0.42)
  📝 Reason: 5m: MACD bullish; 15m: MACD bullish; 1h: RSI oversold (31.9); 1h: MACD bearish

[03:23:34] Cycle 291
  💰 Current Price: $1985.88
  🎯 Signal: BUY (confidence: 0.42)
  📝 Reason: 5m: MACD bullish; 15m: MACD bullish; 1h: RSI oversold (31.9); 1h: MACD bearish

[03:24:05] Cycle 292
  💰 Current Price: $1985.86
  🎯 Signal: BUY (confidence: 0.42)
  📝 Reason: 5m: MACD bullish; 15m: MACD bullish; 1h: RSI oversold (31.9); 1h: MACD bearish

[03:24:36] Cycle 293
  💰 Current Price: $1985.86
  🎯 Signal: BUY (confidence: 0.42)
  📝 Reason: 5m: MACD bullish; 15m: MACD bullish; 1h: RSI oversold (31.7); 1h: MACD bearish

[03:25:06] Cycle 294
  💰 Current Price: $1985.84
  🎯 Signal: BUY (confidence: 0.42)
  📝 Reason: 5m: MACD bullish; 15m: MACD bullish; 1h: RSI oversold (31.9); 1h: MACD bearish

[03:25:38] Cycle 295
  💰 Current Price: $1986.04
  🎯 Signal: BUY (confidence: 0.42)
  📝 Reason: 5m: MACD bullish; 15m: MACD bullish; 1h: RSI oversold (32.0); 1h: MACD bearish

[03:26:09] Cycle 296
  💰 Current Price: $1986.17
  🎯 Signal: BUY (confidence: 0.42)
  📝 Reason: 5m: MACD bullish; 15m: MACD bullish; 1h: RSI oversold (32.1); 1h: MACD bearish

[03:26:39] Cycle 297
  💰 Current Price: $1984.74
  🎯 Signal: BUY (confidence: 0.42)
  📝 Reason: 5m: MACD bullish; 15m: MACD bullish; 1h: RSI oversold (31.1); 1h: MACD bearish

[03:27:10] Cycle 298
  💰 Current Price: $1984.16
  🎯 Signal: BUY (confidence: 0.42)
  📝 Reason: 5m: MACD bullish; 15m: MACD bullish; 1h: RSI oversold (30.8); 1h: MACD bearish

[03:27:41] Cycle 299
  💰 Current Price: $1984.14
  🎯 Signal: BUY (confidence: 0.42)
  📝 Reason: 5m: MACD bullish; 15m: MACD bullish; 1h: RSI oversold (30.8); 1h: MACD bearish

[03:28:12] Cycle 300
  💰 Current Price: $1984.05
  🎯 Signal: BUY (confidence: 0.42)
  📝 Reason: 5m: MACD bullish; 15m: MACD bullish; 1h: RSI oversold (30.8); 1h: MACD bearish

[03:28:43] Cycle 301
  💰 Current Price: $1984.09
  🎯 Signal: BUY (confidence: 0.42)
  📝 Reason: 5m: MACD bullish; 15m: MACD bullish; 1h: RSI oversold (30.8); 1h: MACD bearish

[03:29:14] Cycle 302
  💰 Current Price: $1984.09
  🎯 Signal: BUY (confidence: 0.42)
  📝 Reason: 5m: MACD bullish; 15m: MACD bullish; 1h: RSI oversold (30.8); 1h: MACD bearish

[03:29:45] Cycle 303
  💰 Current Price: $1984.00
  🎯 Signal: BUY (confidence: 0.42)
  📝 Reason: 5m: MACD bullish; 15m: MACD bullish; 1h: RSI oversold (30.8); 1h: MACD bearish

[03:30:16] Cycle 304
  💰 Current Price: $1984.35
  📝 Reason: 5m: MACD bullish; 15m: MACD bullish; 1h: RSI oversold (30.8); 1h: MACD bearish

[03:27:35] Cycle 304
  💰 Current Price: $1984.59
  🎯 Signal: BUY (confidence: 0.42)
  📝 Reason: 5m: MACD bullish; 15m: MACD bullish; 1h: RSI oversold (30.8); 1h: MACD bearish

[03:28:06] Cycle 305
  💰 Current Price: $1984.05
  🎯 Signal: BUY (confidence: 0.42)
  📝 Reason: 5m: MACD bullish; 15m: MACD bullish; 1h: RSI oversold (30.8); 1h: MACD bearish

[03:28:37] Cycle 306
  💰 Current Price: $1984.09
  🎯 Signal: BUY (confidence: 0.42)
  📝 Reason: 5m: MACD bullish; 15m: MACD bullish; 1h: RSI oversold (30.8); 1h: MACD bearish

[03:29:08] Cycle 307
  💰 Current Price: $1984.09
  🎯 Signal: BUY (confidence: 0.42)
  📝 Reason: 5m: MACD bullish; 15m: MACD bullish; 1h: RSI oversold (30.8); 1h: MACD bearish

[03:29:38] Cycle 308
  💰 Current Price: $1984.09
  🎯 Signal: BUY (confidence: 0.42)
  📝 Reason: 5m: MACD bullish; 15m: MACD bullish; 1h: RSI oversold (30.8); 1h: MACD bearish

[03:30:09] Cycle 309
  💰 Current Price: $1984.00
  🎯 Signal: BUY (confidence: 0.42)
  📝 Reason: 5m: MACD bullish; 15m: MACD bullish; 1h: RSI oversold (30.8); 1h: MACD bearish

[03:30:40] Cycle 310
  💰 Current Price: $1984.35
  🎯 Signal: BUY (confidence: 0.42)
  📝 Reason: 5m: MACD bullish; 15m: MACD bullish; 1h: RSI oversold (30.9); 1h: MACD bearish

[03:31:11] Cycle 311
  💰 Current Price: $1983.52
  🎯 Signal: BUY (confidence: 0.42)
  📝 Reason: 5m: MACD bullish; 15m: MACD bullish; 1h: RSI oversold (30.6); 1h: MACD bearish

[03:31:42] Cycle 312
  💰 Current Price: $1983.49
  🎯 Signal: BUY (confidence: 0.42)
  📝 Reason: 5m: MACD bullish; 15m: MACD bullish; 1h: RSI oversold (30.6); 1h: MACD bearish

[03:32:13] Cycle 313
  💰 Current Price: $1982.72
  🎯 Signal: BUY (confidence: 0.42)
  📝 Reason: 5m: MACD bullish; 15m: MACD bullish; 1h: RSI oversold (30.4); 1h: MACD bearish

[03:32:44] Cycle 314
  💰 Current Price: $1983.82
  🎯 Signal: BUY (confidence: 0.42)
  📝 Reason: 5m: MACD bullish; 15m: MACD bullish; 1h: RSI oversold (30.7); 1h: MACD bearish

[03:33:15] Cycle 315
  💰 Current Price: $1983.36
  🎯 Signal: BUY (confidence: 0.42)
  📝 Reason: 5m: MACD bullish; 15m: MACD bullish; 1h: RSI oversold (30.6); 1h: MACD bearish

[03:33:46] Cycle 316
  💰 Current Price: $1983.36
  🎯 Signal: BUY (confidence: 0.42)
  📝 Reason: 5m: MACD bullish; 15m: MACD bullish; 1h: RSI oversold (31.1); 1h: MACD bearish

[03:34:17] Cycle 317
  💰 Current Price: $1984.24
  🎯 Signal: BUY (confidence: 0.42)
  📝 Reason: 5m: MACD bullish; 15m: MACD bullish; 1h: RSI oversold (30.8); 1h: MACD bearish

[03:34:48] Cycle 318
  💰 Current Price: $1984.34
  🎯 Signal: BUY (confidence: 0.42)
  📝 Reason: 5m: MACD bullish; 15m: MACD bullish; 1h: RSI oversold (30.9); 1h: MACD bearish

[03:35:34] Cycle 319
  💰 Current Price: $1985.01
  🎯 Signal: BUY (confidence: 0.42)
  📝 Reason: 5m: MACD bullish; 15m: MACD bullish; 1h: RSI oversold (31.3); 1h: MACD bearish

[03:36:04] Cycle 320
  💰 Current Price: $1985.01
  🎯 Signal: BUY (confidence: 0.42)
  📝 Reason: 5m: MACD bullish; 15m: MACD bullish; 1h: RSI oversold (31.3); 1h: MACD bearish

[03:36:35] Cycle 321
  💰 Current Price: $1985.01
  🎯 Signal: BUY (confidence: 0.42)
  📝 Reason: 5m: MACD bullish; 15m: MACD bullish; 1h: RSI oversold (31.3); 1h: MACD bearish

[03:37:06] Cycle 322
  💰 Current Price: $1985.01
  🎯 Signal: BUY (confidence: 0.42)
  📝 Reason: 5m: MACD bullish; 15m: MACD bullish; 1h: RSI oversold (31.3); 1h: MACD bearish

[03:37:36] Cycle 323
  💰 Current Price: $1985.00
  🎯 Signal: BUY (confidence: 0.42)
  📝 Reason: 5m: MACD bullish; 15m: MACD bullish; 1h: RSI oversold (31.3); 1h: MACD bearish

[03:38:07] Cycle 324
  💰 Current Price: $1985.00
  🎯 Signal: BUY (confidence: 0.42)
  📝 Reason: 5m: MACD bullish; 15m: MACD bullish; 1h: RSI oversold (31.3); 1h: MACD bearish

[03:38:38] Cycle 325
  💰 Current Price: $1985.19
  🎯 Signal: BUY (confidence: 0.42)
  📝 Reason: 5m: MACD bullish; 15m: MACD bullish; 1h: RSI oversold (31.4); 1h: MACD bearish

[03:39:08] Cycle 326
  💰 Current Price: $1984.38
  🎯 Signal: BUY (confidence: 0.42)
  📝 Reason: 5m: MACD bullish; 15m: MACD bullish; 1h: RSI oversold (30.9); 1h: MACD bearish

[03:39:39] Cycle 327
  💰 Current Price: $1983.65
  🎯 Signal: BUY (confidence: 0.42)
  📝 Reason: 5m: MACD bullish; 15m: MACD bullish; 1h: RSI oversold (30.7); 1h: MACD bearish

[03:40:10] Cycle 328
  💰 Current Price: $1982.65
  🎯 Signal: BUY (confidence: 0.42)
  📝 Reason: 5m: MACD bullish; 15m: MACD bullish; 1h: RSI oversold (30.4); 1h: MACD bearish

[03:40:41] Cycle 329
  💰 Current Price: $1982.65
  🎯 Signal: BUY (confidence: 0.42)
  📝 Reason: 5m: MACD bullish; 15m: MACD bullish; 1h: RSI oversold (30.4); 1h: MACD bearish

[03:41:12] Cycle 330
  💰 Current Price: $1983.09
  🎯 Signal: BUY (confidence: 0.42)
  📝 Reason: 5m: MACD bullish; 15m: MACD bullish; 1h: RSI oversold (30.5); 1h: MACD bearish

[03:41:43] Cycle 331
  💰 Current Price: $1982.65
  🎯 Signal: BUY (confidence: 0.42)
  📝 Reason: 5m: MACD bullish; 15m: MACD bullish; 1h: RSI oversold (30.4); 1h: MACD bearish

[03:42:14] Cycle 332
  💰 Current Price: $1982.75
  🎯 Signal: BUY (confidence: 0.42)
  📝 Reason: 5m: MACD bullish; 15m: MACD bullish; 1h: RSI oversold (30.4); 1h: MACD bearish

[03:42:44] Cycle 333
  💰 Current Price: $1982.78
  🎯 Signal: BUY (confidence: 0.42)
  📝 Reason: 5m: MACD bullish; 15m: MACD bullish; 1h: RSI oversold (30.4); 1h: MACD bearish

[03:43:15] Cycle 334
  💰 Current Price: $1983.60
  🎯 Signal: BUY (confidence: 0.42)
  📝 Reason: 5m: MACD bullish; 15m: MACD bullish; 1h: RSI oversold (30.7); 1h: MACD bearish

[03:43:46] Cycle 335
  💰 Current Price: $1983.55
  🎯 Signal: BUY (confidence: 0.42)
  📝 Reason: 5m: MACD bullish; 15m: MACD bullish; 1h: RSI oversold (30.6); 1h: MACD bearish

[03:44:17] Cycle 336
  💰 Current Price: $1983.56
  🎯 Signal: BUY (confidence: 0.42)
  📝 Reason: 5m: MACD bullish; 15m: MACD bullish; 1h: RSI oversold (30.6); 1h: MACD bearish

[03:44:48] Cycle 337
  💰 Current Price: $1983.51
  🎯 Signal: BUY (confidence: 0.42)
  📝 Reason: 5m: MACD bullish; 15m: MACD bullish; 1h: RSI oversold (30.6); 1h: MACD bearish

[03:45:19] Cycle 338
  💰 Current Price: $1983.11
  🎯 Signal: BUY (confidence: 0.42)
  📝 Reason: 5m: MACD bullish; 15m: MACD bullish; 1h: RSI oversold (30.5); 1h: MACD bearish

[03:45:50] Cycle 339
  💰 Current Price: $1983.01
  🎯 Signal: BUY (confidence: 0.42)
  📝 Reason: 5m: MACD bullish; 15m: MACD bullish; 1h: RSI oversold (30.5); 1h: MACD bearish

[03:46:20] Cycle 340
  💰 Current Price: $1981.91
  🎯 Signal: BUY (confidence: 0.42)
  📝 Reason: 5m: MACD bullish; 15m: MACD bullish; 1h: RSI oversold (30.1); 1h: MACD bearish

[03:46:51] Cycle 341
  💰 Current Price: $1982.23
  🎯 Signal: BUY (confidence: 0.42)
  📝 Reason: 5m: MACD bullish; 15m: MACD bullish; 1h: RSI oversold (30.2); 1h: MACD bearish

[03:47:22] Cycle 342
  ⚠️ Ticker exception: HTTPSConnectionPool(host='api.kraken.com', port=443): Max retries exceeded with url: /0/public/Ticker?pair=ETHUSD (Caused by ConnectTimeoutError(<HTTPSConnection(host='api.kraken.com', port=443) at 0x7f33ce626d50>, 'Connection to api.kraken.com timed out. (connect timeout=8)'))
  ⚠️ No ticker data

[03:48:32] Cycle 343
  💰 Current Price: $1983.05
  🎯 Signal: BUY (confidence: 0.42)
  📝 Reason: 5m: MACD bullish; 15m: MACD bullish; 1h: RSI oversold (30.5); 1h: MACD bearish

[03:49:12] Cycle 344
  💰 Current Price: $1983.06
  🎯 Signal: BUY (confidence: 0.42)
  📝 Reason: 5m: MACD bullish; 15m: MACD bullish; 1h: RSI oversold (30.5); 1h: MACD bearish

[03:49:43] Cycle 345
  💰 Current Price: $1983.33
  🎯 Signal: BUY (confidence: 0.42)
  📝 Reason: 5m: MACD bullish; 15m: MACD bullish; 1h: RSI oversold (30.6); 1h: MACD bearish

[03:50:14] Cycle 346
  💰 Current Price: $1983.10
  🎯 Signal: BUY (confidence: 0.42)
  🎯 Signal: BUY (confidence: 0.42)
  📝 Reason: 5m: MACD bullish; 15m: MACD bullish; 1h: RSI oversold (30.9); 1h: MACD bearish

[03:30:46] Cycle 305
  💰 Current Price: $1984.35
  🎯 Signal: BUY (confidence: 0.42)
  📝 Reason: 5m: MACD bullish; 15m: MACD bullish; 1h: RSI oversold (30.9); 1h: MACD bearish

[03:31:18] Cycle 306
  💰 Current Price: $1983.59
  🎯 Signal: BUY (confidence: 0.42)
  📝 Reason: 5m: MACD bullish; 15m: MACD bullish; 1h: RSI oversold (30.6); 1h: MACD bearish

[03:31:48] Cycle 307
  💰 Current Price: $1982.52
  🎯 Signal: BUY (confidence: 0.42)
  📝 Reason: 5m: MACD bullish; 15m: MACD bullish; 1h: RSI oversold (30.3); 1h: MACD bearish

[03:32:19] Cycle 308
  💰 Current Price: $1982.72
  🎯 Signal: BUY (confidence: 0.42)
  📝 Reason: 5m: MACD bullish; 15m: MACD bullish; 1h: RSI oversold (30.4); 1h: MACD bearish

[03:32:50] Cycle 309
  💰 Current Price: $1983.82
  🎯 Signal: BUY (confidence: 0.42)
  📝 Reason: 5m: MACD bullish; 15m: MACD bullish; 1h: RSI oversold (30.7); 1h: MACD bearish

[03:33:21] Cycle 310
  💰 Current Price: $1983.36
  🎯 Signal: BUY (confidence: 0.42)
  📝 Reason: 5m: MACD bullish; 15m: MACD bullish; 1h: RSI oversold (30.6); 1h: MACD bearish

[03:33:52] Cycle 311
  💰 Current Price: $1984.75
  🎯 Signal: BUY (confidence: 0.42)
  📝 Reason: 5m: MACD bullish; 15m: MACD bullish; 1h: RSI oversold (31.1); 1h: MACD bearish

[03:34:23] Cycle 312
  💰 Current Price: $1984.24
  🎯 Signal: BUY (confidence: 0.42)
  📝 Reason: 5m: MACD bullish; 15m: MACD bullish; 1h: RSI oversold (30.8); 1h: MACD bearish

[03:34:53] Cycle 313
  💰 Current Price: $1984.34
  🎯 Signal: BUY (confidence: 0.42)
  📝 Reason: 5m: MACD bullish; 15m: MACD bullish; 1h: RSI oversold (30.9); 1h: MACD bearish

[03:35:32] Cycle 314
  💰 Current Price: $1985.37
  🎯 Signal: BUY (confidence: 0.42)
  📝 Reason: 5m: MACD bullish; 15m: MACD bullish; 1h: RSI oversold (31.5); 1h: MACD bearish

[03:36:02] Cycle 315
  💰 Current Price: $1985.01
  🎯 Signal: BUY (confidence: 0.42)
  📝 Reason: 5m: MACD bullish; 15m: MACD bullish; 1h: RSI oversold (31.3); 1h: MACD bearish

[03:36:33] Cycle 316
  💰 Current Price: $1985.01
  🎯 Signal: BUY (confidence: 0.42)
  📝 Reason: 5m: MACD bullish; 15m: MACD bullish; 1h: RSI oversold (31.3); 1h: MACD bearish

[03:37:04] Cycle 317
  💰 Current Price: $1985.01
  🎯 Signal: BUY (confidence: 0.42)
  📝 Reason: 5m: MACD bullish; 15m: MACD bullish; 1h: RSI oversold (31.3); 1h: MACD bearish

[03:37:35] Cycle 318
  💰 Current Price: $1985.00
  🎯 Signal: BUY (confidence: 0.42)
  📝 Reason: 5m: MACD bullish; 15m: MACD bullish; 1h: RSI oversold (31.3); 1h: MACD bearish

[03:38:06] Cycle 319
  💰 Current Price: $1985.00
  🎯 Signal: BUY (confidence: 0.42)
  📝 Reason: 5m: MACD bullish; 15m: MACD bullish; 1h: RSI oversold (31.3); 1h: MACD bearish

[03:38:37] Cycle 320
  💰 Current Price: $1985.19
  🎯 Signal: BUY (confidence: 0.42)
  📝 Reason: 5m: MACD bullish; 15m: MACD bullish; 1h: RSI oversold (31.4); 1h: MACD bearish

[03:39:08] Cycle 321
  💰 Current Price: $1984.38
  🎯 Signal: BUY (confidence: 0.42)
  📝 Reason: 5m: MACD bullish; 15m: MACD bullish; 1h: RSI oversold (30.9); 1h: MACD bearish

[03:39:39] Cycle 322
  💰 Current Price: $1983.65
  🎯 Signal: BUY (confidence: 0.42)
  📝 Reason: 5m: MACD bullish; 15m: MACD bullish; 1h: RSI oversold (30.7); 1h: MACD bearish

[03:40:10] Cycle 323
  💰 Current Price: $1982.65
  🎯 Signal: BUY (confidence: 0.42)
  📝 Reason: 5m: MACD bullish; 15m: MACD bullish; 1h: RSI oversold (30.4); 1h: MACD bearish

[03:40:41] Cycle 324
  💰 Current Price: $1982.65
  🎯 Signal: BUY (confidence: 0.42)
  📝 Reason: 5m: MACD bullish; 15m: MACD bullish; 1h: RSI oversold (30.4); 1h: MACD bearish

[03:41:12] Cycle 325
  💰 Current Price: $1983.09
  🎯 Signal: BUY (confidence: 0.42)
  📝 Reason: 5m: MACD bullish; 15m: MACD bullish; 1h: RSI oversold (30.5); 1h: MACD bearish

[03:41:42] Cycle 326
  💰 Current Price: $1982.65
  🎯 Signal: BUY (confidence: 0.42)
  📝 Reason: 5m: MACD bullish; 15m: MACD bullish; 1h: RSI oversold (30.4); 1h: MACD bearish

[03:42:13] Cycle 327
  💰 Current Price: $1982.75
  🎯 Signal: BUY (confidence: 0.42)
  📝 Reason: 5m: MACD bullish; 15m: MACD bullish; 1h: RSI oversold (30.4); 1h: MACD bearish

[03:42:44] Cycle 328
  💰 Current Price: $1982.78
  🎯 Signal: BUY (confidence: 0.42)
  📝 Reason: 5m: MACD bullish; 15m: MACD bullish; 1h: RSI oversold (30.4); 1h: MACD bearish

[03:43:15] Cycle 329
  💰 Current Price: $1983.60
  🎯 Signal: BUY (confidence: 0.42)
  📝 Reason: 5m: MACD bullish; 15m: MACD bullish; 1h: RSI oversold (30.7); 1h: MACD bearish

[03:43:46] Cycle 330
  💰 Current Price: $1983.55
  🎯 Signal: BUY (confidence: 0.42)
  📝 Reason: 5m: MACD bullish; 15m: MACD bullish; 1h: RSI oversold (30.6); 1h: MACD bearish

[03:44:17] Cycle 331
  💰 Current Price: $1983.56
  🎯 Signal: BUY (confidence: 0.42)
  📝 Reason: 5m: MACD bullish; 15m: MACD bullish; 1h: RSI oversold (30.6); 1h: MACD bearish

[03:44:48] Cycle 332
  💰 Current Price: $1983.51
  🎯 Signal: BUY (confidence: 0.42)
  📝 Reason: 5m: MACD bullish; 15m: MACD bullish; 1h: RSI oversold (30.6); 1h: MACD bearish

[03:45:19] Cycle 333
  💰 Current Price: $1983.11
  🎯 Signal: BUY (confidence: 0.42)
  📝 Reason: 5m: MACD bullish; 15m: MACD bullish; 1h: RSI oversold (30.5); 1h: MACD bearish

[03:45:50] Cycle 334
  💰 Current Price: $1983.01
  🎯 Signal: BUY (confidence: 0.42)
  📝 Reason: 5m: MACD bullish; 15m: MACD bullish; 1h: RSI oversold (30.5); 1h: MACD bearish

[03:46:20] Cycle 335
  💰 Current Price: $1981.91
  🎯 Signal: BUY (confidence: 0.42)
  📝 Reason: 5m: MACD bullish; 15m: MACD bullish; 1h: RSI oversold (30.1); 1h: MACD bearish

[03:46:51] Cycle 336
  💰 Current Price: $1982.23
  🎯 Signal: BUY (confidence: 0.42)
  📝 Reason: 5m: MACD bullish; 15m: MACD bullish; 1h: RSI oversold (30.2); 1h: MACD bearish

[03:47:22] Cycle 337
  ⚠️ Ticker exception: HTTPSConnectionPool(host='api.kraken.com', port=443): Max retries exceeded with url: /0/public/Ticker?pair=ETHUSD (Caused by ConnectTimeoutError(<HTTPSConnection(host='api.kraken.com', port=443) at 0x7f7f0a45bc50>, 'Connection to api.kraken.com timed out. (connect timeout=8)'))
  ⚠️ No ticker data

[03:48:32] Cycle 338
  💰 Current Price: $1983.05
  🎯 Signal: BUY (confidence: 0.42)
  📝 Reason: 5m: MACD bullish; 15m: MACD bullish; 1h: RSI oversold (30.5); 1h: MACD bearish

[03:49:13] Cycle 339
  💰 Current Price: $1983.06
  🎯 Signal: BUY (confidence: 0.42)
  📝 Reason: 5m: MACD bullish; 15m: MACD bullish; 1h: RSI oversold (30.5); 1h: MACD bearish

[03:49:44] Cycle 340
  💰 Current Price: $1983.33
  🎯 Signal: BUY (confidence: 0.42)
  📝 Reason: 5m: MACD bullish; 15m: MACD bullish; 1h: RSI oversold (30.6); 1h: MACD bearish

[03:50:15] Cycle 341
  💰 Current Price: $1983.10
  🎯 Signal: BUY (confidence: 0.42)
  📝 Reason: 5m: MACD bullish; 15m: MACD bullish; 1h: RSI oversold (30.5); 1h: MACD bearish

[03:50:45] Cycle 342
  💰 Current Price: $1982.24
  🎯 Signal: BUY (confidence: 0.42)
  📝 Reason: 5m: MACD bullish; 15m: MACD bullish; 1h: RSI oversold (30.2); 1h: MACD bearish

[03:51:16] Cycle 343
  💰 Current Price: $1981.51
  🎯 Signal: BUY (confidence: 0.42)
  📝 Reason: 5m: MACD bullish; 15m: MACD bullish; 1h: RSI oversold (30.0); 1h: MACD bearish

[03:51:47] Cycle 344
  💰 Current Price: $1981.58
  🎯 Signal: BUY (confidence: 0.42)
  📝 Reason: 5m: MACD bullish; 15m: MACD bullish; 1h: RSI oversold (30.0); 1h: MACD bearish

[03:52:18] Cycle 345
  💰 Current Price: $1981.52
  🎯 Signal: BUY (confidence: 0.42)
  📝 Reason: 5m: MACD bullish; 15m: MACD bullish; 1h: RSI oversold (30.0); 1h: MACD bearish

[03:52:49] Cycle 346
  💰 Current Price: $1980.98
  🎯 Signal: BUY (confidence: 0.42)
  📝 Reason: 5m: MACD bullish; 15m: MACD bullish; 1h: RSI oversold (29.9); 1h: MACD bearish

[03:53:20] Cycle 347
  💰 Current Price: $1980.16
  🎯 Signal: BUY (confidence: 0.42)
  📝 Reason: 5m: MACD bullish; 15m: MACD bullish; 1h: RSI oversold (30.5); 1h: MACD bearish

[03:50:45] Cycle 347
  💰 Current Price: $1982.24
  🎯 Signal: BUY (confidence: 0.42)
  📝 Reason: 5m: MACD bullish; 15m: MACD bullish; 1h: RSI oversold (30.2); 1h: MACD bearish

[03:51:16] Cycle 348
  💰 Current Price: $1981.51
  🎯 Signal: BUY (confidence: 0.42)
  📝 Reason: 5m: MACD bullish; 15m: MACD bullish; 1h: RSI oversold (30.0); 1h: MACD bearish

[03:51:47] Cycle 349
  💰 Current Price: $1981.58
  🎯 Signal: BUY (confidence: 0.42)
  📝 Reason: 5m: MACD bullish; 15m: MACD bullish; 1h: RSI oversold (30.0); 1h: MACD bearish

[03:52:18] Cycle 350
  💰 Current Price: $1981.52
  🎯 Signal: BUY (confidence: 0.42)
  📝 Reason: 5m: MACD bullish; 15m: MACD bullish; 1h: RSI oversold (30.0); 1h: MACD bearish

[03:52:49] Cycle 351
  💰 Current Price: $1980.98
  🎯 Signal: BUY (confidence: 0.42)
  📝 Reason: 5m: MACD bullish; 15m: MACD bullish; 1h: RSI oversold (29.9); 1h: MACD bearish

[03:53:20] Cycle 352
  💰 Current Price: $1980.16
  🎯 Signal: BUY (confidence: 0.42)
  📝 Reason: 5m: MACD bullish; 15m: MACD bullish; 1h: RSI oversold (29.6); 1h: MACD bearish

[03:53:51] Cycle 353
  💰 Current Price: $1980.46
  🎯 Signal: BUY (confidence: 0.42)
  📝 Reason: 5m: MACD bullish; 15m: MACD bullish; 1h: RSI oversold (29.7); 1h: MACD bearish

[03:54:21] Cycle 354
  💰 Current Price: $1980.35
  🎯 Signal: BUY (confidence: 0.42)
  📝 Reason: 5m: MACD bullish; 15m: MACD bullish; 1h: RSI oversold (29.7); 1h: MACD bearish

[03:54:52] Cycle 355
  💰 Current Price: $1980.32
  🎯 Signal: BUY (confidence: 0.42)
  📝 Reason: 5m: MACD bullish; 15m: MACD bullish; 1h: RSI oversold (29.7); 1h: MACD bearish

[03:55:23] Cycle 356
  💰 Current Price: $1980.32
  🎯 Signal: BUY (confidence: 0.42)
  📝 Reason: 5m: MACD bullish; 15m: MACD bullish; 1h: RSI oversold (29.7); 1h: MACD bearish

[03:55:54] Cycle 357
  💰 Current Price: $1980.80
  🎯 Signal: BUY (confidence: 0.42)
  📝 Reason: 5m: MACD bullish; 15m: MACD bullish; 1h: RSI oversold (29.8); 1h: MACD bearish

[03:56:26] Cycle 358
  💰 Current Price: $1980.83
  🎯 Signal: BUY (confidence: 0.42)
  📝 Reason: 5m: MACD bullish; 15m: MACD bullish; 1h: RSI oversold (29.8); 1h: MACD bearish

[03:56:56] Cycle 359
  💰 Current Price: $1980.50
  🎯 Signal: BUY (confidence: 0.42)
  📝 Reason: 5m: MACD bullish; 15m: MACD bullish; 1h: RSI oversold (29.7); 1h: MACD bearish

[03:57:28] Cycle 360
  💰 Current Price: $1980.59
  🎯 Signal: BUY (confidence: 0.42)
  📝 Reason: 5m: MACD bullish; 15m: MACD bullish; 1h: RSI oversold (29.7); 1h: MACD bearish

[03:57:59] Cycle 361
  💰 Current Price: $1980.50
  🎯 Signal: BUY (confidence: 0.42)
  📝 Reason: 5m: MACD bullish; 15m: MACD bullish; 1h: RSI oversold (29.8); 1h: MACD bearish

[03:58:30] Cycle 362
  💰 Current Price: $1980.61
  🎯 Signal: BUY (confidence: 0.42)
  📝 Reason: 5m: MACD bullish; 15m: MACD bullish; 1h: RSI oversold (29.8); 1h: MACD bearish

[03:59:01] Cycle 363
  💰 Current Price: $1980.77
  🎯 Signal: BUY (confidence: 0.42)
  📝 Reason: 5m: MACD bullish; 15m: MACD bullish; 1h: RSI oversold (29.8); 1h: MACD bearish

[03:59:32] Cycle 364
  💰 Current Price: $1980.77
  🎯 Signal: BUY (confidence: 0.42)
  📝 Reason: 5m: MACD bullish; 15m: MACD bullish; 1h: RSI oversold (29.8); 1h: MACD bearish

[04:00:04] Cycle 365
  💰 Current Price: $1980.00
  🎯 Signal: HOLD (confidence: 0.12)
  📝 Reason: 5m: MACD bullish; 15m: MACD bullish; 1h: MACD bearish; 4h: RSI oversold (20.2)

[04:00:35] Cycle 366
  💰 Current Price: $1980.29
  🎯 Signal: HOLD (confidence: 0.12)
  📝 Reason: 5m: MACD bullish; 15m: MACD bullish; 1h: MACD bearish; 4h: RSI oversold (20.3)

[04:01:06] Cycle 367
  💰 Current Price: $1980.00
  🎯 Signal: HOLD (confidence: 0.12)
  📝 Reason: 5m: MACD bullish; 15m: MACD bullish; 1h: MACD bearish; 4h: RSI oversold (20.2)

[04:01:37] Cycle 368
  💰 Current Price: $1979.58
  🎯 Signal: HOLD (confidence: 0.12)
  📝 Reason: 5m: MACD bullish; 15m: MACD bullish; 1h: MACD bearish; 4h: RSI oversold (20.2)

[04:02:08] Cycle 369
  💰 Current Price: $1979.43
  🎯 Signal: HOLD (confidence: 0.12)
  📝 Reason: 5m: MACD bullish; 15m: MACD bullish; 1h: MACD bearish; 4h: RSI oversold (20.2)

[04:02:39] Cycle 370
  💰 Current Price: $1979.68
  🎯 Signal: HOLD (confidence: 0.12)
  📝 Reason: 5m: MACD bullish; 15m: MACD bullish; 1h: MACD bearish; 4h: RSI oversold (20.2)

[04:03:09] Cycle 371
  💰 Current Price: $1978.51
  🎯 Signal: HOLD (confidence: 0.07)
  📝 Reason: 5m: MACD bullish; 15m: MACD bearish; 1h: MACD bearish; 4h: RSI oversold (20.1)

[04:03:40] Cycle 372
  💰 Current Price: $1976.19
  🎯 Signal: HOLD (confidence: 0.07)
  📝 Reason: 5m: MACD bullish; 15m: MACD bearish; 1h: MACD bearish; 4h: RSI oversold (19.9)

[04:04:11] Cycle 373
  💰 Current Price: $1971.83
  🎯 Signal: HOLD (confidence: 0.07)
  📝 Reason: 5m: MACD bullish; 15m: MACD bearish; 1h: MACD bearish; 4h: RSI oversold (19.6)

[04:04:42] Cycle 374
  💰 Current Price: $1967.15
  🎯 Signal: SELL (confidence: 0.17)
  📝 Reason: 5m: MACD bearish; 15m: MACD bearish; 1h: MACD bearish; 4h: RSI oversold (19.1)
  ⚠️ Sell signal but no position

[04:05:13] Cycle 375
  💰 Current Price: $1968.65
  🎯 Signal: SELL (confidence: 0.17)
  📝 Reason: 5m: MACD bearish; 15m: MACD bearish; 1h: MACD bearish; 4h: RSI oversold (19.4)
  ⚠️ Sell signal but no position

[04:05:44] Cycle 376
  💰 Current Price: $1969.16
  🎯 Signal: SELL (confidence: 0.17)
  📝 Reason: 5m: MACD bearish; 15m: MACD bearish; 1h: MACD bearish; 4h: RSI oversold (19.4)
  ⚠️ Sell signal but no position

[04:06:14] Cycle 377
  💰 Current Price: $1970.13
  🎯 Signal: SELL (confidence: 0.17)
  📝 Reason: 5m: MACD bearish; 15m: MACD bearish; 1h: MACD bearish; 4h: RSI oversold (19.5)
  ⚠️ Sell signal but no position

[04:06:45] Cycle 378
  💰 Current Price: $1970.55
  🎯 Signal: SELL (confidence: 0.17)
  📝 Reason: 5m: MACD bearish; 15m: MACD bearish; 1h: MACD bearish; 4h: RSI oversold (19.5)
  ⚠️ Sell signal but no position

[04:07:16] Cycle 379
  💰 Current Price: $1970.19
  🎯 Signal: SELL (confidence: 0.17)
  📝 Reason: 5m: MACD bearish; 15m: MACD bearish; 1h: MACD bearish; 4h: RSI oversold (19.5)
  ⚠️ Sell signal but no position

[04:07:47] Cycle 380
  💰 Current Price: $1970.28
  🎯 Signal: SELL (confidence: 0.17)
  📝 Reason: 5m: MACD bearish; 15m: MACD bearish; 1h: MACD bearish; 4h: RSI oversold (19.5)
  ⚠️ Sell signal but no position

[04:08:18] Cycle 381
  💰 Current Price: $1970.37
  🎯 Signal: SELL (confidence: 0.17)
  📝 Reason: 5m: MACD bearish; 15m: MACD bearish; 1h: MACD bearish; 4h: RSI oversold (19.5)
  ⚠️ Sell signal but no position

[04:08:49] Cycle 382
  💰 Current Price: $1970.94
  🎯 Signal: SELL (confidence: 0.17)
  📝 Reason: 5m: MACD bearish; 15m: MACD bearish; 1h: MACD bearish; 4h: RSI oversold (19.5)
  ⚠️ Sell signal but no position

[04:09:20] Cycle 383
  💰 Current Price: $1969.56
  🎯 Signal: SELL (confidence: 0.17)
  📝 Reason: 5m: MACD bearish; 15m: MACD bearish; 1h: MACD bearish; 4h: RSI oversold (19.4)
  ⚠️ Sell signal but no position

[04:09:51] Cycle 384
  💰 Current Price: $1969.00
  🎯 Signal: SELL (confidence: 0.17)
  📝 Reason: 5m: MACD bearish; 15m: MACD bearish; 1h: MACD bearish; 4h: RSI oversold (19.4)
  ⚠️ Sell signal but no position

[04:10:22] Cycle 385
  💰 Current Price: $1969.89
  🎯 Signal: SELL (confidence: 0.17)
  📝 Reason: 5m: MACD bearish; 15m: MACD bearish; 1h: MACD bearish; 4h: RSI oversold (19.4)
  ⚠️ Sell signal but no position

[04:10:53] Cycle 386
  💰 Current Price: $1970.25
  🎯 Signal: SELL (confidence: 0.17)
  📝 Reason: 5m: MACD bearish; 15m: MACD bearish; 1h: MACD bearish; 4h: RSI oversold (19.5)
  ⚠️ Sell signal but no position

[04:11:23] Cycle 387
  💰 Current Price: $1970.24
  🎯 Signal: SELL (confidence: 0.17)
  📝 Reason: 5m: MACD bearish; 15m: MACD bearish; 1h: MACD bearish; 4h: RSI oversold (19.5)
  📝 Reason: 5m: MACD bullish; 15m: MACD bullish; 1h: RSI oversold (29.6); 1h: MACD bearish

[03:53:50] Cycle 348
  💰 Current Price: $1980.46
  🎯 Signal: BUY (confidence: 0.42)
  📝 Reason: 5m: MACD bullish; 15m: MACD bullish; 1h: RSI oversold (29.7); 1h: MACD bearish

[03:54:21] Cycle 349
  💰 Current Price: $1980.35
  🎯 Signal: BUY (confidence: 0.42)
  📝 Reason: 5m: MACD bullish; 15m: MACD bullish; 1h: RSI oversold (29.7); 1h: MACD bearish

[03:54:52] Cycle 350
  💰 Current Price: $1980.32
  🎯 Signal: BUY (confidence: 0.42)
  📝 Reason: 5m: MACD bullish; 15m: MACD bullish; 1h: RSI oversold (29.7); 1h: MACD bearish

[03:55:23] Cycle 351
  💰 Current Price: $1980.32
  🎯 Signal: BUY (confidence: 0.42)
  📝 Reason: 5m: MACD bullish; 15m: MACD bullish; 1h: RSI oversold (29.7); 1h: MACD bearish

[03:55:54] Cycle 352
  💰 Current Price: $1980.80
  🎯 Signal: BUY (confidence: 0.42)
  📝 Reason: 5m: MACD bullish; 15m: MACD bullish; 1h: RSI oversold (29.8); 1h: MACD bearish

[03:56:25] Cycle 353
  💰 Current Price: $1980.83
  🎯 Signal: BUY (confidence: 0.42)
  📝 Reason: 5m: MACD bullish; 15m: MACD bullish; 1h: RSI oversold (29.8); 1h: MACD bearish

[03:56:56] Cycle 354
  💰 Current Price: $1980.50
  🎯 Signal: BUY (confidence: 0.42)
  📝 Reason: 5m: MACD bullish; 15m: MACD bullish; 1h: RSI oversold (29.7); 1h: MACD bearish

[03:57:28] Cycle 355
  💰 Current Price: $1980.59
  🎯 Signal: BUY (confidence: 0.42)
  📝 Reason: 5m: MACD bullish; 15m: MACD bullish; 1h: RSI oversold (29.7); 1h: MACD bearish

[03:57:59] Cycle 356
  💰 Current Price: $1980.50
  🎯 Signal: BUY (confidence: 0.42)
  📝 Reason: 5m: MACD bullish; 15m: MACD bullish; 1h: RSI oversold (29.8); 1h: MACD bearish

[03:58:30] Cycle 357
  💰 Current Price: $1980.61
  🎯 Signal: BUY (confidence: 0.42)
  📝 Reason: 5m: MACD bullish; 15m: MACD bullish; 1h: RSI oversold (29.8); 1h: MACD bearish

[03:59:01] Cycle 358
  💰 Current Price: $1980.77
  🎯 Signal: BUY (confidence: 0.42)
  📝 Reason: 5m: MACD bullish; 15m: MACD bullish; 1h: RSI oversold (29.8); 1h: MACD bearish

[03:59:32] Cycle 359
  💰 Current Price: $1980.77
  🎯 Signal: BUY (confidence: 0.42)
  📝 Reason: 5m: MACD bullish; 15m: MACD bullish; 1h: RSI oversold (29.8); 1h: MACD bearish

[04:00:04] Cycle 360
  💰 Current Price: $1980.00
  🎯 Signal: HOLD (confidence: 0.12)
  📝 Reason: 5m: MACD bullish; 15m: MACD bullish; 1h: MACD bearish; 4h: RSI oversold (20.2)

[04:00:35] Cycle 361
  💰 Current Price: $1980.29
  🎯 Signal: HOLD (confidence: 0.12)
  📝 Reason: 5m: MACD bullish; 15m: MACD bullish; 1h: MACD bearish; 4h: RSI oversold (20.3)

[04:01:06] Cycle 362
  💰 Current Price: $1980.00
  🎯 Signal: HOLD (confidence: 0.12)
  📝 Reason: 5m: MACD bullish; 15m: MACD bullish; 1h: MACD bearish; 4h: RSI oversold (20.2)

[04:01:37] Cycle 363
  💰 Current Price: $1979.58
  🎯 Signal: HOLD (confidence: 0.12)
  📝 Reason: 5m: MACD bullish; 15m: MACD bullish; 1h: MACD bearish; 4h: RSI oversold (20.2)

[04:02:08] Cycle 364
  💰 Current Price: $1979.43
  🎯 Signal: HOLD (confidence: 0.12)
  📝 Reason: 5m: MACD bullish; 15m: MACD bullish; 1h: MACD bearish; 4h: RSI oversold (20.2)

[04:02:39] Cycle 365
  💰 Current Price: $1979.68
  🎯 Signal: HOLD (confidence: 0.12)
  📝 Reason: 5m: MACD bullish; 15m: MACD bullish; 1h: MACD bearish; 4h: RSI oversold (20.2)

[04:03:09] Cycle 366
  💰 Current Price: $1978.51
  🎯 Signal: HOLD (confidence: 0.07)
  📝 Reason: 5m: MACD bullish; 15m: MACD bearish; 1h: MACD bearish; 4h: RSI oversold (20.1)

[04:03:40] Cycle 367
  💰 Current Price: $1976.19
  🎯 Signal: HOLD (confidence: 0.07)
  📝 Reason: 5m: MACD bullish; 15m: MACD bearish; 1h: MACD bearish; 4h: RSI oversold (19.9)

[04:04:11] Cycle 368
  💰 Current Price: $1971.83
  🎯 Signal: HOLD (confidence: 0.07)
  📝 Reason: 5m: MACD bullish; 15m: MACD bearish; 1h: MACD bearish; 4h: RSI oversold (19.6)

[04:04:42] Cycle 369
  💰 Current Price: $1967.15
  🎯 Signal: SELL (confidence: 0.17)
  📝 Reason: 5m: MACD bearish; 15m: MACD bearish; 1h: MACD bearish; 4h: RSI oversold (19.1)
  ⚠️ Sell signal but no position

[04:05:13] Cycle 370
  💰 Current Price: $1968.65
  🎯 Signal: SELL (confidence: 0.17)
  📝 Reason: 5m: MACD bearish; 15m: MACD bearish; 1h: MACD bearish; 4h: RSI oversold (19.4)
  ⚠️ Sell signal but no position

[04:05:44] Cycle 371
  💰 Current Price: $1969.16
  🎯 Signal: SELL (confidence: 0.17)
  📝 Reason: 5m: MACD bearish; 15m: MACD bearish; 1h: MACD bearish; 4h: RSI oversold (19.4)
  ⚠️ Sell signal but no position

[04:06:14] Cycle 372
  💰 Current Price: $1970.13
  🎯 Signal: SELL (confidence: 0.17)
  📝 Reason: 5m: MACD bearish; 15m: MACD bearish; 1h: MACD bearish; 4h: RSI oversold (19.5)
  ⚠️ Sell signal but no position

[04:06:45] Cycle 373
  💰 Current Price: $1970.55
  🎯 Signal: SELL (confidence: 0.17)
  📝 Reason: 5m: MACD bearish; 15m: MACD bearish; 1h: MACD bearish; 4h: RSI oversold (19.5)
  ⚠️ Sell signal but no position

[04:07:16] Cycle 374
  💰 Current Price: $1970.19
  🎯 Signal: SELL (confidence: 0.17)
  📝 Reason: 5m: MACD bearish; 15m: MACD bearish; 1h: MACD bearish; 4h: RSI oversold (19.5)
  ⚠️ Sell signal but no position

[04:07:47] Cycle 375
  💰 Current Price: $1970.28
  🎯 Signal: SELL (confidence: 0.17)
  📝 Reason: 5m: MACD bearish; 15m: MACD bearish; 1h: MACD bearish; 4h: RSI oversold (19.5)
  ⚠️ Sell signal but no position

[04:08:18] Cycle 376
  💰 Current Price: $1970.37
  🎯 Signal: SELL (confidence: 0.17)
  📝 Reason: 5m: MACD bearish; 15m: MACD bearish; 1h: MACD bearish; 4h: RSI oversold (19.5)
  ⚠️ Sell signal but no position

[04:08:49] Cycle 377
  💰 Current Price: $1970.94
  🎯 Signal: SELL (confidence: 0.17)
  📝 Reason: 5m: MACD bearish; 15m: MACD bearish; 1h: MACD bearish; 4h: RSI oversold (19.5)
  ⚠️ Sell signal but no position

[04:09:20] Cycle 378
  💰 Current Price: $1969.56
  🎯 Signal: SELL (confidence: 0.17)
  📝 Reason: 5m: MACD bearish; 15m: MACD bearish; 1h: MACD bearish; 4h: RSI oversold (19.4)
  ⚠️ Sell signal but no position

[04:09:51] Cycle 379
  💰 Current Price: $1969.00
  🎯 Signal: SELL (confidence: 0.17)
  📝 Reason: 5m: MACD bearish; 15m: MACD bearish; 1h: MACD bearish; 4h: RSI oversold (19.4)
  ⚠️ Sell signal but no position

[04:10:21] Cycle 380
  💰 Current Price: $1969.00
  🎯 Signal: SELL (confidence: 0.17)
  📝 Reason: 5m: MACD bearish; 15m: MACD bearish; 1h: MACD bearish; 4h: RSI oversold (19.4)
  ⚠️ Sell signal but no position

[04:10:52] Cycle 381
  💰 Current Price: $1970.25
  🎯 Signal: SELL (confidence: 0.17)
  📝 Reason: 5m: MACD bearish; 15m: MACD bearish; 1h: MACD bearish; 4h: RSI oversold (19.5)
  ⚠️ Sell signal but no position

[04:11:24] Cycle 382
  💰 Current Price: $1970.24
  🎯 Signal: SELL (confidence: 0.17)
  📝 Reason: 5m: MACD bearish; 15m: MACD bearish; 1h: MACD bearish; 4h: RSI oversold (19.5)
  ⚠️ Sell signal but no position

[04:11:54] Cycle 383
  💰 Current Price: $1971.27
  🎯 Signal: SELL (confidence: 0.17)
  📝 Reason: 5m: MACD bearish; 15m: MACD bearish; 1h: MACD bearish; 4h: RSI oversold (19.6)
  ⚠️ Sell signal but no position

[04:12:25] Cycle 384
  💰 Current Price: $1970.17
  🎯 Signal: SELL (confidence: 0.17)
  📝 Reason: 5m: MACD bearish; 15m: MACD bearish; 1h: MACD bearish; 4h: RSI oversold (19.5)
  ⚠️ Sell signal but no position

[04:12:56] Cycle 385
  💰 Current Price: $1970.50
  🎯 Signal: SELL (confidence: 0.17)
  📝 Reason: 5m: MACD bearish; 15m: MACD bearish; 1h: MACD bearish; 4h: RSI oversold (19.5)
  ⚠️ Sell signal but no position

[04:13:27] Cycle 386
  💰 Current Price: $1970.65
  🎯 Signal: SELL (confidence: 0.17)
  📝 Reason: 5m: MACD bearish; 15m: MACD bearish; 1h: MACD bearish; 4h: RSI oversold (19.5)
  ⚠️ Sell signal but no position

[04:13:57] Cycle 387
  💰 Current Price: $1970.98
  🎯 Signal: SELL (confidence: 0.17)
  📝 Reason: 5m: MACD bearish; 15m: MACD bearish; 1h: MACD bearish; 4h: RSI oversold (19.5)
  ⚠️ Sell signal but no position

[04:11:54] Cycle 388
  💰 Current Price: $1971.27
  🎯 Signal: SELL (confidence: 0.17)
  📝 Reason: 5m: MACD bearish; 15m: MACD bearish; 1h: MACD bearish; 4h: RSI oversold (19.6)
  ⚠️ Sell signal but no position

[04:12:25] Cycle 389
  💰 Current Price: $1970.17
  🎯 Signal: SELL (confidence: 0.17)
  📝 Reason: 5m: MACD bearish; 15m: MACD bearish; 1h: MACD bearish; 4h: RSI oversold (19.5)
  ⚠️ Sell signal but no position

[04:12:56] Cycle 390
  💰 Current Price: $1970.50
  🎯 Signal: SELL (confidence: 0.17)
  📝 Reason: 5m: MACD bearish; 15m: MACD bearish; 1h: MACD bearish; 4h: RSI oversold (19.5)
  ⚠️ Sell signal but no position

[04:13:27] Cycle 391
  💰 Current Price: $1970.65
  🎯 Signal: SELL (confidence: 0.17)
  📝 Reason: 5m: MACD bearish; 15m: MACD bearish; 1h: MACD bearish; 4h: RSI oversold (19.5)
  ⚠️ Sell signal but no position

[04:13:57] Cycle 392
  💰 Current Price: $1970.98
  🎯 Signal: SELL (confidence: 0.17)
  📝 Reason: 5m: MACD bearish; 15m: MACD bearish; 1h: MACD bearish; 4h: RSI oversold (19.5)
  ⚠️ Sell signal but no position

[04:14:28] Cycle 393
  💰 Current Price: $1971.06
  🎯 Signal: SELL (confidence: 0.17)
  📝 Reason: 5m: MACD bearish; 15m: MACD bearish; 1h: MACD bearish; 4h: RSI oversold (19.5)
  ⚠️ Sell signal but no position

[04:14:59] Cycle 394
  💰 Current Price: $1970.89
  🎯 Signal: SELL (confidence: 0.17)
  📝 Reason: 5m: MACD bearish; 15m: MACD bearish; 1h: MACD bearish; 4h: RSI oversold (19.5)
  ⚠️ Sell signal but no position

[04:15:30] Cycle 395
  💰 Current Price: $1970.73
  🎯 Signal: SELL (confidence: 0.17)
  📝 Reason: 5m: MACD bearish; 15m: MACD bearish; 1h: MACD bearish; 4h: RSI oversold (19.5)
  ⚠️ Sell signal but no position

[04:16:01] Cycle 396
  💰 Current Price: $1971.59
  🎯 Signal: SELL (confidence: 0.17)
  📝 Reason: 5m: MACD bearish; 15m: MACD bearish; 1h: MACD bearish; 4h: RSI oversold (19.6)
  ⚠️ Sell signal but no position

[04:16:32] Cycle 397
  💰 Current Price: $1971.68
  🎯 Signal: SELL (confidence: 0.17)
  📝 Reason: 5m: MACD bearish; 15m: MACD bearish; 1h: MACD bearish; 4h: RSI oversold (19.6)
  ⚠️ Sell signal but no position

[04:17:03] Cycle 398
  💰 Current Price: $1972.47
  🎯 Signal: SELL (confidence: 0.17)
  📝 Reason: 5m: MACD bearish; 15m: MACD bearish; 1h: MACD bearish; 4h: RSI oversold (19.7)
  ⚠️ Sell signal but no position

[04:17:33] Cycle 399
  💰 Current Price: $1972.51
  🎯 Signal: SELL (confidence: 0.17)
  📝 Reason: 5m: MACD bearish; 15m: MACD bearish; 1h: MACD bearish; 4h: RSI oversold (19.7)
  ⚠️ Sell signal but no position

[04:18:04] Cycle 400
  💰 Current Price: $1972.54
  🎯 Signal: SELL (confidence: 0.17)
  📝 Reason: 5m: MACD bearish; 15m: MACD bearish; 1h: MACD bearish; 4h: RSI oversold (19.7)
  ⚠️ Sell signal but no position

[04:18:35] Cycle 401
  💰 Current Price: $1972.68
  🎯 Signal: SELL (confidence: 0.17)
  📝 Reason: 5m: MACD bearish; 15m: MACD bearish; 1h: MACD bearish; 4h: RSI oversold (19.7)
  ⚠️ Sell signal but no position

[04:19:06] Cycle 402
  💰 Current Price: $1973.03
  🎯 Signal: SELL (confidence: 0.17)
  📝 Reason: 5m: MACD bearish; 15m: MACD bearish; 1h: MACD bearish; 4h: RSI oversold (19.7)
  ⚠️ Sell signal but no position

[04:19:37] Cycle 403
  💰 Current Price: $1972.89
  🎯 Signal: SELL (confidence: 0.17)
  📝 Reason: 5m: MACD bearish; 15m: MACD bearish; 1h: MACD bearish; 4h: RSI oversold (19.7)
  ⚠️ Sell signal but no position

[04:20:08] Cycle 404
  💰 Current Price: $1972.64
  🎯 Signal: HOLD (confidence: 0.07)
  📝 Reason: 5m: RSI oversold (22.9); 5m: MACD bearish; 15m: MACD bearish; 1h: MACD bearish

[04:20:38] Cycle 405
  💰 Current Price: $1972.58
  🎯 Signal: HOLD (confidence: 0.07)
  📝 Reason: 5m: RSI oversold (22.9); 5m: MACD bearish; 15m: MACD bearish; 1h: MACD bearish

[04:21:09] Cycle 406
  💰 Current Price: $1971.69
  🎯 Signal: HOLD (confidence: 0.07)
  📝 Reason: 5m: RSI oversold (22.5); 5m: MACD bearish; 15m: MACD bearish; 1h: MACD bearish

[04:21:40] Cycle 407
  💰 Current Price: $1971.10
  🎯 Signal: HOLD (confidence: 0.07)
  📝 Reason: 5m: RSI oversold (22.2); 5m: MACD bearish; 15m: MACD bearish; 1h: MACD bearish

[04:22:11] Cycle 408
  💰 Current Price: $1972.49
  🎯 Signal: HOLD (confidence: 0.07)
  📝 Reason: 5m: RSI oversold (22.9); 5m: MACD bearish; 15m: MACD bearish; 1h: MACD bearish

[04:22:42] Cycle 409
  💰 Current Price: $1972.57
  🎯 Signal: HOLD (confidence: 0.07)
  📝 Reason: 5m: RSI oversold (22.9); 5m: MACD bearish; 15m: MACD bearish; 1h: MACD bearish

[04:23:13] Cycle 410
  💰 Current Price: $1972.90
  🎯 Signal: HOLD (confidence: 0.07)
  📝 Reason: 5m: RSI oversold (23.1); 5m: MACD bearish; 15m: MACD bearish; 1h: MACD bearish

[04:23:44] Cycle 411
  💰 Current Price: $1973.81
  🎯 Signal: HOLD (confidence: 0.07)
  📝 Reason: 5m: RSI oversold (24.4); 5m: MACD bearish; 15m: MACD bearish; 1h: MACD bearish

[04:24:14] Cycle 412
  💰 Current Price: $1973.42
  🎯 Signal: HOLD (confidence: 0.07)
  📝 Reason: 5m: RSI oversold (23.7); 5m: MACD bearish; 15m: MACD bearish; 1h: MACD bearish

[04:24:45] Cycle 413
  💰 Current Price: $1973.42
  🎯 Signal: HOLD (confidence: 0.07)
  📝 Reason: 5m: RSI oversold (23.7); 5m: MACD bearish; 15m: MACD bearish; 1h: MACD bearish

[04:25:16] Cycle 414
  💰 Current Price: $1973.08
  🎯 Signal: HOLD (confidence: 0.07)
  📝 Reason: 5m: RSI oversold (28.3); 5m: MACD bearish; 15m: MACD bearish; 1h: MACD bearish

[04:25:47] Cycle 415
  💰 Current Price: $1973.08
  🎯 Signal: HOLD (confidence: 0.07)
  📝 Reason: 5m: RSI oversold (28.3); 5m: MACD bearish; 15m: MACD bearish; 1h: MACD bearish

[04:26:18] Cycle 416
  💰 Current Price: $1973.12
  🎯 Signal: HOLD (confidence: 0.07)
  📝 Reason: 5m: RSI oversold (28.4); 5m: MACD bearish; 15m: MACD bearish; 1h: MACD bearish

[04:26:49] Cycle 417
  💰 Current Price: $1973.88
  🎯 Signal: HOLD (confidence: 0.07)
  📝 Reason: 5m: RSI oversold (29.9); 5m: MACD bearish; 15m: MACD bearish; 1h: MACD bearish

[04:27:20] Cycle 418
  💰 Current Price: $1974.02
  🎯 Signal: HOLD (confidence: 0.07)
  📝 Reason: 5m: RSI oversold (30.2); 5m: MACD bearish; 15m: MACD bearish; 1h: MACD bearish

[04:27:51] Cycle 419
  💰 Current Price: $1974.34
  🎯 Signal: HOLD (confidence: 0.07)
  📝 Reason: 5m: RSI oversold (30.8); 5m: MACD bearish; 15m: MACD bearish; 1h: MACD bearish

[04:28:21] Cycle 420
  💰 Current Price: $1974.53
  🎯 Signal: HOLD (confidence: 0.07)
  📝 Reason: 5m: RSI oversold (31.2); 5m: MACD bearish; 15m: MACD bearish; 1h: MACD bearish

[04:28:52] Cycle 421
  💰 Current Price: $1974.23
  🎯 Signal: HOLD (confidence: 0.07)
  📝 Reason: 5m: RSI oversold (30.6); 5m: MACD bearish; 15m: MACD bearish; 1h: MACD bearish

[04:29:23] Cycle 422
  💰 Current Price: $1974.48
  🎯 Signal: HOLD (confidence: 0.07)
  📝 Reason: 5m: RSI oversold (31.1); 5m: MACD bearish; 15m: MACD bearish; 1h: MACD bearish

[04:29:54] Cycle 423
  💰 Current Price: $1974.67
  🎯 Signal: HOLD (confidence: 0.07)
  📝 Reason: 5m: RSI oversold (31.4); 5m: MACD bearish; 15m: MACD bearish; 1h: MACD bearish

[04:30:25] Cycle 424
  💰 Current Price: $1974.67
  🎯 Signal: HOLD (confidence: 0.07)
  📝 Reason: 5m: RSI oversold (33.8); 5m: MACD bearish; 15m: MACD bearish; 1h: MACD bearish

[04:30:56] Cycle 425
  💰 Current Price: $1974.67
  🎯 Signal: HOLD (confidence: 0.07)
  📝 Reason: 5m: RSI oversold (33.8); 5m: MACD bearish; 15m: MACD bearish; 1h: MACD bearish

[04:31:27] Cycle 426
  💰 Current Price: $1974.77
  🎯 Signal: HOLD (confidence: 0.07)
  📝 Reason: 5m: RSI oversold (34.0); 5m: MACD bearish; 15m: MACD bearish; 1h: MACD bearish

[04:31:57] Cycle 427
  💰 Current Price: $1975.09
  🎯 Signal: HOLD (confidence: 0.07)
  📝 Reason: 5m: RSI oversold (34.6); 5m: MACD bearish; 15m: MACD bearish; 1h: MACD bearish

[04:32:29] Cycle 428
  💰 Current Price: $1975.32
  🎯 Signal: HOLD (confidence: 0.07)
  ⚠️ Sell signal but no position

[04:14:28] Cycle 388
  💰 Current Price: $1971.06
  🎯 Signal: SELL (confidence: 0.17)
  📝 Reason: 5m: MACD bearish; 15m: MACD bearish; 1h: MACD bearish; 4h: RSI oversold (19.5)
  ⚠️ Sell signal but no position

[04:14:59] Cycle 389
  💰 Current Price: $1970.89
  🎯 Signal: SELL (confidence: 0.17)
  📝 Reason: 5m: MACD bearish; 15m: MACD bearish; 1h: MACD bearish; 4h: RSI oversold (19.5)
  ⚠️ Sell signal but no position

[04:15:30] Cycle 390
  💰 Current Price: $1970.73
  🎯 Signal: SELL (confidence: 0.17)
  📝 Reason: 5m: MACD bearish; 15m: MACD bearish; 1h: MACD bearish; 4h: RSI oversold (19.5)
  ⚠️ Sell signal but no position

[04:16:01] Cycle 391
  💰 Current Price: $1971.59
  🎯 Signal: SELL (confidence: 0.17)
  📝 Reason: 5m: MACD bearish; 15m: MACD bearish; 1h: MACD bearish; 4h: RSI oversold (19.6)
  ⚠️ Sell signal but no position

[04:16:32] Cycle 392
  💰 Current Price: $1971.68
  🎯 Signal: SELL (confidence: 0.17)
  📝 Reason: 5m: MACD bearish; 15m: MACD bearish; 1h: MACD bearish; 4h: RSI oversold (19.6)
  ⚠️ Sell signal but no position

[04:17:03] Cycle 393
  💰 Current Price: $1972.47
  🎯 Signal: SELL (confidence: 0.17)
  📝 Reason: 5m: MACD bearish; 15m: MACD bearish; 1h: MACD bearish; 4h: RSI oversold (19.7)
  ⚠️ Sell signal but no position

[04:17:33] Cycle 394
  💰 Current Price: $1972.51
  🎯 Signal: SELL (confidence: 0.17)
  📝 Reason: 5m: MACD bearish; 15m: MACD bearish; 1h: MACD bearish; 4h: RSI oversold (19.7)
  ⚠️ Sell signal but no position

[04:18:04] Cycle 395
  💰 Current Price: $1972.54
  🎯 Signal: SELL (confidence: 0.17)
  📝 Reason: 5m: MACD bearish; 15m: MACD bearish; 1h: MACD bearish; 4h: RSI oversold (19.7)
  ⚠️ Sell signal but no position

[04:18:35] Cycle 396
  💰 Current Price: $1972.68
  🎯 Signal: SELL (confidence: 0.17)
  📝 Reason: 5m: MACD bearish; 15m: MACD bearish; 1h: MACD bearish; 4h: RSI oversold (19.7)
  ⚠️ Sell signal but no position

[04:19:06] Cycle 397
  💰 Current Price: $1973.03
  🎯 Signal: SELL (confidence: 0.17)
  📝 Reason: 5m: MACD bearish; 15m: MACD bearish; 1h: MACD bearish; 4h: RSI oversold (19.7)
  ⚠️ Sell signal but no position

[04:19:37] Cycle 398
  💰 Current Price: $1972.89
  🎯 Signal: SELL (confidence: 0.17)
  📝 Reason: 5m: MACD bearish; 15m: MACD bearish; 1h: MACD bearish; 4h: RSI oversold (19.7)
  ⚠️ Sell signal but no position

[04:20:08] Cycle 399
  💰 Current Price: $1972.64
  🎯 Signal: HOLD (confidence: 0.07)
  📝 Reason: 5m: RSI oversold (22.9); 5m: MACD bearish; 15m: MACD bearish; 1h: MACD bearish

[04:20:38] Cycle 400
  💰 Current Price: $1972.58
  🎯 Signal: HOLD (confidence: 0.07)
  📝 Reason: 5m: RSI oversold (22.9); 5m: MACD bearish; 15m: MACD bearish; 1h: MACD bearish

[04:21:09] Cycle 401
  💰 Current Price: $1971.69
  🎯 Signal: HOLD (confidence: 0.07)
  📝 Reason: 5m: RSI oversold (22.5); 5m: MACD bearish; 15m: MACD bearish; 1h: MACD bearish

[04:21:40] Cycle 402
  💰 Current Price: $1971.10
  🎯 Signal: HOLD (confidence: 0.07)
  📝 Reason: 5m: RSI oversold (22.2); 5m: MACD bearish; 15m: MACD bearish; 1h: MACD bearish

[04:22:11] Cycle 403
  💰 Current Price: $1972.49
  🎯 Signal: HOLD (confidence: 0.07)
  📝 Reason: 5m: RSI oversold (22.9); 5m: MACD bearish; 15m: MACD bearish; 1h: MACD bearish

[04:22:42] Cycle 404
  💰 Current Price: $1972.57
  🎯 Signal: HOLD (confidence: 0.07)
  📝 Reason: 5m: RSI oversold (22.9); 5m: MACD bearish; 15m: MACD bearish; 1h: MACD bearish

[04:23:13] Cycle 405
  💰 Current Price: $1972.90
  🎯 Signal: HOLD (confidence: 0.07)
  📝 Reason: 5m: RSI oversold (23.1); 5m: MACD bearish; 15m: MACD bearish; 1h: MACD bearish

[04:23:44] Cycle 406
  💰 Current Price: $1973.81
  🎯 Signal: HOLD (confidence: 0.07)
  📝 Reason: 5m: RSI oversold (24.4); 5m: MACD bearish; 15m: MACD bearish; 1h: MACD bearish

[04:24:14] Cycle 407
  💰 Current Price: $1973.42
  🎯 Signal: HOLD (confidence: 0.07)
  📝 Reason: 5m: RSI oversold (23.7); 5m: MACD bearish; 15m: MACD bearish; 1h: MACD bearish

[04:24:45] Cycle 408
  💰 Current Price: $1973.42
  🎯 Signal: HOLD (confidence: 0.07)
  📝 Reason: 5m: RSI oversold (23.7); 5m: MACD bearish; 15m: MACD bearish; 1h: MACD bearish

[04:25:16] Cycle 409
  💰 Current Price: $1973.08
  🎯 Signal: HOLD (confidence: 0.07)
  📝 Reason: 5m: RSI oversold (28.3); 5m: MACD bearish; 15m: MACD bearish; 1h: MACD bearish

[04:25:47] Cycle 410
  💰 Current Price: $1973.08
  🎯 Signal: HOLD (confidence: 0.07)
  📝 Reason: 5m: RSI oversold (28.3); 5m: MACD bearish; 15m: MACD bearish; 1h: MACD bearish

[04:26:18] Cycle 411
  💰 Current Price: $1973.12
  🎯 Signal: HOLD (confidence: 0.07)
  📝 Reason: 5m: RSI oversold (28.4); 5m: MACD bearish; 15m: MACD bearish; 1h: MACD bearish

[04:26:49] Cycle 412
  💰 Current Price: $1973.88
  🎯 Signal: HOLD (confidence: 0.07)
  📝 Reason: 5m: RSI oversold (29.9); 5m: MACD bearish; 15m: MACD bearish; 1h: MACD bearish

[04:27:20] Cycle 413
  💰 Current Price: $1974.02
  🎯 Signal: HOLD (confidence: 0.07)
  📝 Reason: 5m: RSI oversold (30.2); 5m: MACD bearish; 15m: MACD bearish; 1h: MACD bearish

[04:27:50] Cycle 414
  💰 Current Price: $1974.34
  🎯 Signal: HOLD (confidence: 0.07)
  📝 Reason: 5m: RSI oversold (30.8); 5m: MACD bearish; 15m: MACD bearish; 1h: MACD bearish

[04:28:21] Cycle 415
  💰 Current Price: $1974.53
  🎯 Signal: HOLD (confidence: 0.07)
  📝 Reason: 5m: RSI oversold (31.2); 5m: MACD bearish; 15m: MACD bearish; 1h: MACD bearish

[04:28:52] Cycle 416
  💰 Current Price: $1974.23
  🎯 Signal: HOLD (confidence: 0.07)
  📝 Reason: 5m: RSI oversold (30.6); 5m: MACD bearish; 15m: MACD bearish; 1h: MACD bearish

[04:29:23] Cycle 417
  💰 Current Price: $1974.48
  🎯 Signal: HOLD (confidence: 0.07)
  📝 Reason: 5m: RSI oversold (31.1); 5m: MACD bearish; 15m: MACD bearish; 1h: MACD bearish

[04:29:54] Cycle 418
  💰 Current Price: $1974.67
  🎯 Signal: HOLD (confidence: 0.07)
  📝 Reason: 5m: RSI oversold (31.4); 5m: MACD bearish; 15m: MACD bearish; 1h: MACD bearish

[04:30:25] Cycle 419
  💰 Current Price: $1974.67
  🎯 Signal: HOLD (confidence: 0.07)
  📝 Reason: 5m: RSI oversold (33.8); 5m: MACD bearish; 15m: MACD bearish; 1h: MACD bearish

[04:30:56] Cycle 420
  💰 Current Price: $1974.67
  🎯 Signal: HOLD (confidence: 0.07)
  📝 Reason: 5m: RSI oversold (33.8); 5m: MACD bearish; 15m: MACD bearish; 1h: MACD bearish

[04:31:27] Cycle 421
  💰 Current Price: $1974.77
  🎯 Signal: HOLD (confidence: 0.07)
  📝 Reason: 5m: RSI oversold (34.0); 5m: MACD bearish; 15m: MACD bearish; 1h: MACD bearish

[04:31:57] Cycle 422
  💰 Current Price: $1975.09
  🎯 Signal: HOLD (confidence: 0.07)
  📝 Reason: 5m: RSI oversold (34.6); 5m: MACD bearish; 15m: MACD bearish; 1h: MACD bearish

[04:32:28] Cycle 423
  💰 Current Price: $1975.32
  🎯 Signal: HOLD (confidence: 0.07)
  📝 Reason: 5m: RSI oversold (35.0); 5m: MACD bearish; 15m: MACD bearish; 1h: MACD bearish

[04:32:59] Cycle 424
  💰 Current Price: $1975.08
  🎯 Signal: HOLD (confidence: 0.07)
  📝 Reason: 5m: RSI oversold (34.5); 5m: MACD bearish; 15m: MACD bearish; 1h: MACD bearish

[04:33:30] Cycle 425
  💰 Current Price: $1975.08
  🎯 Signal: HOLD (confidence: 0.07)
  📝 Reason: 5m: RSI oversold (34.5); 5m: MACD bearish; 15m: MACD bearish; 1h: MACD bearish

[04:34:01] Cycle 426
  💰 Current Price: $1975.01
  🎯 Signal: HOLD (confidence: 0.07)
  📝 Reason: 5m: RSI oversold (34.4); 5m: MACD bearish; 15m: MACD bearish; 1h: MACD bearish

[04:34:32] Cycle 427
  💰 Current Price: $1975.00
  🎯 Signal: HOLD (confidence: 0.07)
  📝 Reason: 5m: RSI oversold (34.3); 5m: MACD bearish; 15m: MACD bearish; 1h: MACD bearish

[04:35:03] Cycle 428
  💰 Current Price: $1973.19
  🎯 Signal: HOLD (confidence: 0.07)
  📝 Reason: 5m: RSI oversold (33.3); 5m: MACD bearish; 15m: MACD bearish; 1h: MACD bearish

[04:35:34] Cycle 429
  💰 Current Price: $1972.32
  🎯 Signal: HOLD (confidence: 0.07)
  📝 Reason: 5m: RSI oversold (35.0); 5m: MACD bearish; 15m: MACD bearish; 1h: MACD bearish

[04:32:59] Cycle 429
  💰 Current Price: $1975.08
  🎯 Signal: HOLD (confidence: 0.07)
  📝 Reason: 5m: RSI oversold (34.5); 5m: MACD bearish; 15m: MACD bearish; 1h: MACD bearish

[04:33:30] Cycle 430
  💰 Current Price: $1975.08
  🎯 Signal: HOLD (confidence: 0.07)
  📝 Reason: 5m: RSI oversold (34.5); 5m: MACD bearish; 15m: MACD bearish; 1h: MACD bearish

[04:34:01] Cycle 431
  💰 Current Price: $1975.01
  🎯 Signal: HOLD (confidence: 0.07)
  📝 Reason: 5m: RSI oversold (34.4); 5m: MACD bearish; 15m: MACD bearish; 1h: MACD bearish

[04:34:32] Cycle 432
  💰 Current Price: $1975.00
  🎯 Signal: HOLD (confidence: 0.07)
  📝 Reason: 5m: RSI oversold (34.3); 5m: MACD bearish; 15m: MACD bearish; 1h: MACD bearish

[04:35:03] Cycle 433
  💰 Current Price: $1973.19
  🎯 Signal: HOLD (confidence: 0.07)
  📝 Reason: 5m: RSI oversold (33.3); 5m: MACD bearish; 15m: MACD bearish; 1h: MACD bearish

[04:35:34] Cycle 434
  💰 Current Price: $1972.32
  🎯 Signal: HOLD (confidence: 0.07)
  📝 Reason: 5m: RSI oversold (33.3); 5m: MACD bearish; 15m: MACD bearish; 1h: MACD bearish

[04:36:05] Cycle 435
  💰 Current Price: $1972.32
  🎯 Signal: HOLD (confidence: 0.07)
  📝 Reason: 5m: RSI oversold (33.3); 5m: MACD bearish; 15m: MACD bearish; 1h: MACD bearish

[04:36:36] Cycle 436
  💰 Current Price: $1974.58
  🎯 Signal: SELL (confidence: 0.17)
  📝 Reason: 5m: MACD bearish; 15m: MACD bearish; 1h: MACD bearish; 4h: RSI oversold (19.8)
  ⚠️ Sell signal but no position

[04:37:06] Cycle 437
  💰 Current Price: $1974.58
  🎯 Signal: SELL (confidence: 0.17)
  📝 Reason: 5m: MACD bearish; 15m: MACD bearish; 1h: MACD bearish; 4h: RSI oversold (19.9)
  ⚠️ Sell signal but no position

[04:37:37] Cycle 438
  💰 Current Price: $1977.00
  🎯 Signal: SELL (confidence: 0.17)
  📝 Reason: 5m: MACD bearish; 15m: MACD bearish; 1h: MACD bearish; 4h: RSI oversold (20.0)
  ⚠️ Sell signal but no position

[04:38:08] Cycle 439
  💰 Current Price: $1978.00
  🎯 Signal: SELL (confidence: 0.17)
  📝 Reason: 5m: MACD bearish; 15m: MACD bearish; 1h: MACD bearish; 4h: RSI oversold (20.1)
  ⚠️ Sell signal but no position

[04:38:39] Cycle 440
  💰 Current Price: $1978.11
  🎯 Signal: SELL (confidence: 0.17)
  📝 Reason: 5m: MACD bearish; 15m: MACD bearish; 1h: MACD bearish; 4h: RSI oversold (20.2)
  ⚠️ Sell signal but no position

[04:39:09] Cycle 441
  💰 Current Price: $1978.36
  🎯 Signal: SELL (confidence: 0.17)
  📝 Reason: 5m: MACD bearish; 15m: MACD bearish; 1h: MACD bearish; 4h: RSI oversold (20.1)
  ⚠️ Sell signal but no position

[04:39:41] Cycle 442
  💰 Current Price: $1978.97
  🎯 Signal: SELL (confidence: 0.17)
  📝 Reason: 5m: MACD bearish; 15m: MACD bearish; 1h: MACD bearish; 4h: RSI oversold (20.2)
  ⚠️ Sell signal but no position

[04:40:11] Cycle 443
  💰 Current Price: $1980.00
  🎯 Signal: SELL (confidence: 0.17)
  📝 Reason: 5m: MACD bearish; 15m: MACD bearish; 1h: MACD bearish; 4h: RSI oversold (20.2)
  ⚠️ Sell signal but no position

[04:40:42] Cycle 444
  💰 Current Price: $1979.07
  🎯 Signal: SELL (confidence: 0.17)
  📝 Reason: 5m: MACD bearish; 15m: MACD bearish; 1h: MACD bearish; 4h: RSI oversold (20.2)
  ⚠️ Sell signal but no position

[04:41:13] Cycle 445
  💰 Current Price: $1979.72
  🎯 Signal: SELL (confidence: 0.17)
  📝 Reason: 5m: MACD bearish; 15m: MACD bearish; 1h: MACD bearish; 4h: RSI oversold (20.2)
  ⚠️ Sell signal but no position

[04:41:44] Cycle 446
  💰 Current Price: $1979.44
  🎯 Signal: SELL (confidence: 0.17)
  📝 Reason: 5m: MACD bearish; 15m: MACD bearish; 1h: MACD bearish; 4h: RSI oversold (20.2)
  ⚠️ Sell signal but no position

[04:42:15] Cycle 447
  💰 Current Price: $1979.00
  🎯 Signal: SELL (confidence: 0.17)
  📝 Reason: 5m: MACD bearish; 15m: MACD bearish; 1h: MACD bearish; 4h: RSI oversold (20.2)
  ⚠️ Sell signal but no position

[04:42:46] Cycle 448
  💰 Current Price: $1979.01
  🎯 Signal: SELL (confidence: 0.17)
  📝 Reason: 5m: MACD bearish; 15m: MACD bearish; 1h: MACD bearish; 4h: RSI oversold (20.2)
  ⚠️ Sell signal but no position

[04:43:17] Cycle 449
  💰 Current Price: $1979.00
  🎯 Signal: SELL (confidence: 0.17)
  📝 Reason: 5m: MACD bearish; 15m: MACD bearish; 1h: MACD bearish; 4h: RSI oversold (20.1)
  ⚠️ Sell signal but no position

[04:43:47] Cycle 450
  💰 Current Price: $1977.90
  🎯 Signal: SELL (confidence: 0.17)
  📝 Reason: 5m: MACD bearish; 15m: MACD bearish; 1h: MACD bearish; 4h: RSI oversold (20.1)
  ⚠️ Sell signal but no position

[04:44:18] Cycle 451
  💰 Current Price: $1977.90
  🎯 Signal: SELL (confidence: 0.17)
  📝 Reason: 5m: MACD bearish; 15m: MACD bearish; 1h: MACD bearish; 4h: RSI oversold (20.1)
  ⚠️ Sell signal but no position

[04:44:49] Cycle 452
  💰 Current Price: $1977.92
  🎯 Signal: SELL (confidence: 0.17)
  📝 Reason: 5m: MACD bearish; 15m: MACD bearish; 1h: MACD bearish; 4h: RSI oversold (20.1)
  ⚠️ Sell signal but no position

[04:45:20] Cycle 453
  💰 Current Price: $1977.87
  🎯 Signal: SELL (confidence: 0.17)
  📝 Reason: 5m: MACD bearish; 15m: MACD bearish; 1h: MACD bearish; 4h: RSI oversold (20.1)
  ⚠️ Sell signal but no position

[04:45:51] Cycle 454
  💰 Current Price: $1977.51
  🎯 Signal: SELL (confidence: 0.17)
  📝 Reason: 5m: MACD bearish; 15m: MACD bearish; 1h: MACD bearish; 4h: RSI oversold (20.0)
  ⚠️ Sell signal but no position

[04:46:21] Cycle 455
  💰 Current Price: $1977.51
  🎯 Signal: SELL (confidence: 0.17)
  📝 Reason: 5m: MACD bearish; 15m: MACD bearish; 1h: MACD bearish; 4h: RSI oversold (20.0)
  ⚠️ Sell signal but no position

[04:46:52] Cycle 456
  💰 Current Price: $1976.69
  🎯 Signal: SELL (confidence: 0.17)
  📝 Reason: 5m: MACD bearish; 15m: MACD bearish; 1h: MACD bearish; 4h: RSI oversold (20.0)
  ⚠️ Sell signal but no position

[04:47:23] Cycle 457
  💰 Current Price: $1977.09
  🎯 Signal: SELL (confidence: 0.17)
  📝 Reason: 5m: MACD bearish; 15m: MACD bearish; 1h: MACD bearish; 4h: RSI oversold (20.0)
  ⚠️ Sell signal but no position

[04:47:54] Cycle 458
  💰 Current Price: $1977.05
  🎯 Signal: SELL (confidence: 0.17)
  📝 Reason: 5m: MACD bearish; 15m: MACD bearish; 1h: MACD bearish; 4h: RSI oversold (20.0)
  ⚠️ Sell signal but no position

[04:48:25] Cycle 459
  💰 Current Price: $1976.76
  🎯 Signal: SELL (confidence: 0.17)
  📝 Reason: 5m: MACD bearish; 15m: MACD bearish; 1h: MACD bearish; 4h: RSI oversold (20.0)
  ⚠️ Sell signal but no position

[04:48:56] Cycle 460
  💰 Current Price: $1976.76
  🎯 Signal: SELL (confidence: 0.17)
  📝 Reason: 5m: MACD bearish; 15m: MACD bearish; 1h: MACD bearish; 4h: RSI oversold (20.0)
  ⚠️ Sell signal but no position

[04:49:26] Cycle 461
  💰 Current Price: $1976.69
  🎯 Signal: SELL (confidence: 0.17)
  📝 Reason: 5m: MACD bearish; 15m: MACD bearish; 1h: MACD bearish; 4h: RSI oversold (20.0)
  ⚠️ Sell signal but no position

[04:49:57] Cycle 462
  💰 Current Price: $1976.68
  🎯 Signal: SELL (confidence: 0.17)
  📝 Reason: 5m: MACD bearish; 15m: MACD bearish; 1h: MACD bearish; 4h: RSI oversold (20.0)
  ⚠️ Sell signal but no position

[04:50:28] Cycle 463
  💰 Current Price: $1976.64
  🎯 Signal: SELL (confidence: 0.17)
  📝 Reason: 5m: MACD bearish; 15m: MACD bearish; 1h: MACD bearish; 4h: RSI oversold (20.0)
  ⚠️ Sell signal but no position

[04:50:59] Cycle 464
  💰 Current Price: $1976.64
  🎯 Signal: SELL (confidence: 0.17)
  📝 Reason: 5m: MACD bearish; 15m: MACD bearish; 1h: MACD bearish; 4h: RSI oversold (20.0)
  ⚠️ Sell signal but no position

[04:51:30] Cycle 465
  💰 Current Price: $1976.90
  🎯 Signal: SELL (confidence: 0.17)
  📝 Reason: 5m: MACD bearish; 15m: MACD bearish; 1h: MACD bearish; 4h: RSI oversold (20.0)
  ⚠️ Sell signal but no position

[04:52:01] Cycle 466
  💰 Current Price: $1976.40
  🎯 Signal: SELL (confidence: 0.17)
  📝 Reason: 5m: RSI oversold (33.3); 5m: MACD bearish; 15m: MACD bearish; 1h: MACD bearish

[04:36:05] Cycle 430
  💰 Current Price: $1972.32
  🎯 Signal: HOLD (confidence: 0.07)
  📝 Reason: 5m: RSI oversold (33.3); 5m: MACD bearish; 15m: MACD bearish; 1h: MACD bearish

[04:36:35] Cycle 431
  💰 Current Price: $1974.58
  🎯 Signal: SELL (confidence: 0.17)
  📝 Reason: 5m: MACD bearish; 15m: MACD bearish; 1h: MACD bearish; 4h: RSI oversold (19.8)
  ⚠️ Sell signal but no position

[04:37:06] Cycle 432
  💰 Current Price: $1974.58
  🎯 Signal: SELL (confidence: 0.17)
  📝 Reason: 5m: MACD bearish; 15m: MACD bearish; 1h: MACD bearish; 4h: RSI oversold (19.9)
  ⚠️ Sell signal but no position

[04:37:37] Cycle 433
  💰 Current Price: $1977.00
  🎯 Signal: SELL (confidence: 0.17)
  📝 Reason: 5m: MACD bearish; 15m: MACD bearish; 1h: MACD bearish; 4h: RSI oversold (20.0)
  ⚠️ Sell signal but no position

[04:38:08] Cycle 434
  💰 Current Price: $1978.00
  🎯 Signal: SELL (confidence: 0.17)
  📝 Reason: 5m: MACD bearish; 15m: MACD bearish; 1h: MACD bearish; 4h: RSI oversold (20.1)
  ⚠️ Sell signal but no position

[04:38:39] Cycle 435
  💰 Current Price: $1978.11
  🎯 Signal: SELL (confidence: 0.17)
  📝 Reason: 5m: MACD bearish; 15m: MACD bearish; 1h: MACD bearish; 4h: RSI oversold (20.2)
  ⚠️ Sell signal but no position

[04:39:10] Cycle 436
  💰 Current Price: $1978.36
  🎯 Signal: SELL (confidence: 0.17)
  📝 Reason: 5m: MACD bearish; 15m: MACD bearish; 1h: MACD bearish; 4h: RSI oversold (20.1)
  ⚠️ Sell signal but no position

[04:39:41] Cycle 437
  💰 Current Price: $1978.97
  🎯 Signal: SELL (confidence: 0.17)
  📝 Reason: 5m: MACD bearish; 15m: MACD bearish; 1h: MACD bearish; 4h: RSI oversold (20.2)
  ⚠️ Sell signal but no position

[04:40:11] Cycle 438
  💰 Current Price: $1980.00
  🎯 Signal: SELL (confidence: 0.17)
  📝 Reason: 5m: MACD bearish; 15m: MACD bearish; 1h: MACD bearish; 4h: RSI oversold (20.2)
  ⚠️ Sell signal but no position

[04:40:42] Cycle 439
  💰 Current Price: $1979.07
  🎯 Signal: SELL (confidence: 0.17)
  📝 Reason: 5m: MACD bearish; 15m: MACD bearish; 1h: MACD bearish; 4h: RSI oversold (20.2)
  ⚠️ Sell signal but no position

[04:41:13] Cycle 440
  💰 Current Price: $1979.72
  🎯 Signal: SELL (confidence: 0.17)
  📝 Reason: 5m: MACD bearish; 15m: MACD bearish; 1h: MACD bearish; 4h: RSI oversold (20.2)
  ⚠️ Sell signal but no position

[04:41:44] Cycle 441
  💰 Current Price: $1979.44
  🎯 Signal: SELL (confidence: 0.17)
  📝 Reason: 5m: MACD bearish; 15m: MACD bearish; 1h: MACD bearish; 4h: RSI oversold (20.2)
  ⚠️ Sell signal but no position

[04:42:15] Cycle 442
  💰 Current Price: $1979.00
  🎯 Signal: SELL (confidence: 0.17)
  📝 Reason: 5m: MACD bearish; 15m: MACD bearish; 1h: MACD bearish; 4h: RSI oversold (20.2)
  ⚠️ Sell signal but no position

[04:42:46] Cycle 443
  💰 Current Price: $1979.01
  🎯 Signal: SELL (confidence: 0.17)
  📝 Reason: 5m: MACD bearish; 15m: MACD bearish; 1h: MACD bearish; 4h: RSI oversold (20.2)
  ⚠️ Sell signal but no position

[04:43:17] Cycle 444
  💰 Current Price: $1979.00
  🎯 Signal: SELL (confidence: 0.17)
  📝 Reason: 5m: MACD bearish; 15m: MACD bearish; 1h: MACD bearish; 4h: RSI oversold (20.1)
  ⚠️ Sell signal but no position

[04:43:47] Cycle 445
  💰 Current Price: $1977.90
  🎯 Signal: SELL (confidence: 0.17)
  📝 Reason: 5m: MACD bearish; 15m: MACD bearish; 1h: MACD bearish; 4h: RSI oversold (20.1)
  ⚠️ Sell signal but no position

[04:44:18] Cycle 446
  💰 Current Price: $1977.90
  🎯 Signal: SELL (confidence: 0.17)
  📝 Reason: 5m: MACD bearish; 15m: MACD bearish; 1h: MACD bearish; 4h: RSI oversold (20.1)
  ⚠️ Sell signal but no position

[04:44:49] Cycle 447
  💰 Current Price: $1977.92
  🎯 Signal: SELL (confidence: 0.17)
  📝 Reason: 5m: MACD bearish; 15m: MACD bearish; 1h: MACD bearish; 4h: RSI oversold (20.1)
  ⚠️ Sell signal but no position

[04:45:20] Cycle 448
  💰 Current Price: $1977.87
  🎯 Signal: SELL (confidence: 0.17)
  📝 Reason: 5m: MACD bearish; 15m: MACD bearish; 1h: MACD bearish; 4h: RSI oversold (20.1)
  ⚠️ Sell signal but no position

[04:45:51] Cycle 449
  💰 Current Price: $1977.51
  🎯 Signal: SELL (confidence: 0.17)
  📝 Reason: 5m: MACD bearish; 15m: MACD bearish; 1h: MACD bearish; 4h: RSI oversold (20.0)
  ⚠️ Sell signal but no position

[04:46:21] Cycle 450
  💰 Current Price: $1977.51
  🎯 Signal: SELL (confidence: 0.17)
  📝 Reason: 5m: MACD bearish; 15m: MACD bearish; 1h: MACD bearish; 4h: RSI oversold (20.0)
  ⚠️ Sell signal but no position

[04:46:52] Cycle 451
  💰 Current Price: $1976.69
  🎯 Signal: SELL (confidence: 0.17)
  📝 Reason: 5m: MACD bearish; 15m: MACD bearish; 1h: MACD bearish; 4h: RSI oversold (20.0)
  ⚠️ Sell signal but no position

[04:47:23] Cycle 452
  💰 Current Price: $1977.09
  🎯 Signal: SELL (confidence: 0.17)
  📝 Reason: 5m: MACD bearish; 15m: MACD bearish; 1h: MACD bearish; 4h: RSI oversold (20.0)
  ⚠️ Sell signal but no position

[04:47:54] Cycle 453
  💰 Current Price: $1977.05
  🎯 Signal: SELL (confidence: 0.17)
  📝 Reason: 5m: MACD bearish; 15m: MACD bearish; 1h: MACD bearish; 4h: RSI oversold (20.0)
  ⚠️ Sell signal but no position

[04:48:25] Cycle 454
  💰 Current Price: $1976.76
  🎯 Signal: SELL (confidence: 0.17)
  📝 Reason: 5m: MACD bearish; 15m: MACD bearish; 1h: MACD bearish; 4h: RSI oversold (20.0)
  ⚠️ Sell signal but no position

[04:48:56] Cycle 455
  💰 Current Price: $1976.76
  🎯 Signal: SELL (confidence: 0.17)
  📝 Reason: 5m: MACD bearish; 15m: MACD bearish; 1h: MACD bearish; 4h: RSI oversold (20.0)
  ⚠️ Sell signal but no position

[04:49:26] Cycle 456
  💰 Current Price: $1976.69
  🎯 Signal: SELL (confidence: 0.17)
  📝 Reason: 5m: MACD bearish; 15m: MACD bearish; 1h: MACD bearish; 4h: RSI oversold (20.0)
  ⚠️ Sell signal but no position

[04:49:57] Cycle 457
  💰 Current Price: $1976.68
  🎯 Signal: SELL (confidence: 0.17)
  📝 Reason: 5m: MACD bearish; 15m: MACD bearish; 1h: MACD bearish; 4h: RSI oversold (20.0)
  ⚠️ Sell signal but no position

[04:50:28] Cycle 458
  💰 Current Price: $1976.64
  🎯 Signal: SELL (confidence: 0.17)
  📝 Reason: 5m: MACD bearish; 15m: MACD bearish; 1h: MACD bearish; 4h: RSI oversold (20.0)
  ⚠️ Sell signal but no position

[04:50:59] Cycle 459
  💰 Current Price: $1976.64
  🎯 Signal: SELL (confidence: 0.17)
  📝 Reason: 5m: MACD bearish; 15m: MACD bearish; 1h: MACD bearish; 4h: RSI oversold (20.0)
  ⚠️ Sell signal but no position

[04:51:30] Cycle 460
  💰 Current Price: $1976.90
  🎯 Signal: SELL (confidence: 0.17)
  📝 Reason: 5m: MACD bearish; 15m: MACD bearish; 1h: MACD bearish; 4h: RSI oversold (20.0)
  ⚠️ Sell signal but no position

[04:52:01] Cycle 461
  💰 Current Price: $1976.40
  🎯 Signal: SELL (confidence: 0.17)
  📝 Reason: 5m: MACD bearish; 15m: MACD bearish; 1h: MACD bearish; 4h: RSI oversold (20.0)
  ⚠️ Sell signal but no position

[04:52:32] Cycle 462
  💰 Current Price: $1976.63
  🎯 Signal: SELL (confidence: 0.17)
  📝 Reason: 5m: MACD bearish; 15m: MACD bearish; 1h: MACD bearish; 4h: RSI oversold (20.0)
  ⚠️ Sell signal but no position

[04:53:02] Cycle 463
  💰 Current Price: $1976.62
  🎯 Signal: SELL (confidence: 0.17)
  📝 Reason: 5m: MACD bearish; 15m: MACD bearish; 1h: MACD bearish; 4h: RSI oversold (20.0)
  ⚠️ Sell signal but no position

[04:53:33] Cycle 464
  💰 Current Price: $1976.63
  🎯 Signal: SELL (confidence: 0.17)
  📝 Reason: 5m: MACD bearish; 15m: MACD bearish; 1h: MACD bearish; 4h: RSI oversold (20.0)
  ⚠️ Sell signal but no position

[04:54:04] Cycle 465
  💰 Current Price: $1976.63
  🎯 Signal: SELL (confidence: 0.17)
  📝 Reason: 5m: MACD bearish; 15m: MACD bearish; 1h: MACD bearish; 4h: RSI oversold (20.0)
  ⚠️ Sell signal but no position

[04:54:35] Cycle 466
  💰 Current Price: $1977.15
  🎯 Signal: SELL (confidence: 0.17)
  📝 Reason: 5m: MACD bearish; 15m: MACD bearish; 1h: MACD bearish; 4h: RSI oversold (20.0)
  ⚠️ Sell signal but no position

[04:52:32] Cycle 467
  💰 Current Price: $1976.63
  🎯 Signal: SELL (confidence: 0.17)
  📝 Reason: 5m: MACD bearish; 15m: MACD bearish; 1h: MACD bearish; 4h: RSI oversold (20.0)
  ⚠️ Sell signal but no position

[04:53:02] Cycle 468
  💰 Current Price: $1976.62
  🎯 Signal: SELL (confidence: 0.17)
  📝 Reason: 5m: MACD bearish; 15m: MACD bearish; 1h: MACD bearish; 4h: RSI oversold (20.0)
  ⚠️ Sell signal but no position

[04:53:33] Cycle 469
  💰 Current Price: $1976.63
  🎯 Signal: SELL (confidence: 0.17)
  📝 Reason: 5m: MACD bearish; 15m: MACD bearish; 1h: MACD bearish; 4h: RSI oversold (20.0)
  ⚠️ Sell signal but no position

[04:54:04] Cycle 470
  💰 Current Price: $1976.63
  🎯 Signal: SELL (confidence: 0.17)
  📝 Reason: 5m: MACD bearish; 15m: MACD bearish; 1h: MACD bearish; 4h: RSI oversold (20.0)
  ⚠️ Sell signal but no position

[04:54:35] Cycle 471
  💰 Current Price: $1977.15
  🎯 Signal: SELL (confidence: 0.17)
  📝 Reason: 5m: MACD bearish; 15m: MACD bearish; 1h: MACD bearish; 4h: RSI oversold (20.0)
  ⚠️ Sell signal but no position

[04:55:06] Cycle 472
  💰 Current Price: $1977.06
  🎯 Signal: SELL (confidence: 0.17)
  📝 Reason: 5m: MACD bearish; 15m: MACD bearish; 1h: MACD bearish; 4h: RSI oversold (20.0)
  ⚠️ Sell signal but no position

[04:55:36] Cycle 473
  💰 Current Price: $1977.06
  🎯 Signal: SELL (confidence: 0.17)
  📝 Reason: 5m: MACD bearish; 15m: MACD bearish; 1h: MACD bearish; 4h: RSI oversold (20.0)
  ⚠️ Sell signal but no position

[04:56:07] Cycle 474
  💰 Current Price: $1976.81
  🎯 Signal: SELL (confidence: 0.17)
  📝 Reason: 5m: MACD bearish; 15m: MACD bearish; 1h: MACD bearish; 4h: RSI oversold (20.0)
  ⚠️ Sell signal but no position

[04:56:38] Cycle 475
  💰 Current Price: $1976.81
  🎯 Signal: SELL (confidence: 0.17)
  📝 Reason: 5m: MACD bearish; 15m: MACD bearish; 1h: MACD bearish; 4h: RSI oversold (20.0)
  ⚠️ Sell signal but no position

[04:57:09] Cycle 476
  💰 Current Price: $1976.81
  🎯 Signal: SELL (confidence: 0.17)
  📝 Reason: 5m: MACD bearish; 15m: MACD bearish; 1h: MACD bearish; 4h: RSI oversold (20.0)
  ⚠️ Sell signal but no position

[04:57:40] Cycle 477
  💰 Current Price: $1976.81
  🎯 Signal: SELL (confidence: 0.17)
  📝 Reason: 5m: MACD bearish; 15m: MACD bearish; 1h: MACD bearish; 4h: RSI oversold (20.0)
  ⚠️ Sell signal but no position

[04:58:11] Cycle 478
  💰 Current Price: $1976.42
  🎯 Signal: SELL (confidence: 0.17)
  📝 Reason: 5m: MACD bearish; 15m: MACD bearish; 1h: MACD bearish; 4h: RSI oversold (20.0)
  ⚠️ Sell signal but no position

[04:58:42] Cycle 479
  💰 Current Price: $1976.42
  🎯 Signal: SELL (confidence: 0.17)
  📝 Reason: 5m: MACD bearish; 15m: MACD bearish; 1h: MACD bearish; 4h: RSI oversold (20.0)
  ⚠️ Sell signal but no position

[04:59:12] Cycle 480
  💰 Current Price: $1976.23
  🎯 Signal: SELL (confidence: 0.17)
  📝 Reason: 5m: MACD bearish; 15m: MACD bearish; 1h: MACD bearish; 4h: RSI oversold (19.9)
  ⚠️ Sell signal but no position

[04:59:43] Cycle 481
  💰 Current Price: $1975.51
  🎯 Signal: SELL (confidence: 0.17)
  📝 Reason: 5m: MACD bearish; 15m: MACD bearish; 1h: MACD bearish; 4h: RSI oversold (19.9)
  ⚠️ Sell signal but no position

[05:00:14] Cycle 482
  💰 Current Price: $1975.70
  🎯 Signal: SELL (confidence: 0.17)
  📝 Reason: 5m: MACD bearish; 15m: MACD bearish; 1h: MACD bearish; 4h: RSI oversold (19.9)
  ⚠️ Sell signal but no position

[05:00:45] Cycle 483
  💰 Current Price: $1975.70
  🎯 Signal: SELL (confidence: 0.17)
  📝 Reason: 5m: MACD bearish; 15m: MACD bearish; 1h: MACD bearish; 4h: RSI oversold (19.9)
  ⚠️ Sell signal but no position

[05:01:16] Cycle 484
  💰 Current Price: $1976.72
  🎯 Signal: SELL (confidence: 0.17)
  📝 Reason: 5m: MACD bearish; 15m: MACD bearish; 1h: MACD bearish; 4h: RSI oversold (20.0)
  ⚠️ Sell signal but no position

[05:01:46] Cycle 485
  💰 Current Price: $1976.72
  🎯 Signal: SELL (confidence: 0.17)
  📝 Reason: 5m: MACD bearish; 15m: MACD bearish; 1h: MACD bearish; 4h: RSI oversold (20.0)
  ⚠️ Sell signal but no position

[05:02:17] Cycle 486
  💰 Current Price: $1976.98
  🎯 Signal: SELL (confidence: 0.17)
  📝 Reason: 5m: MACD bearish; 15m: MACD bearish; 1h: MACD bearish; 4h: RSI oversold (20.0)
  ⚠️ Sell signal but no position

[05:02:48] Cycle 487
  💰 Current Price: $1976.98
  🎯 Signal: SELL (confidence: 0.17)
  📝 Reason: 5m: MACD bearish; 15m: MACD bearish; 1h: MACD bearish; 4h: RSI oversold (20.0)
  ⚠️ Sell signal but no position

[05:03:19] Cycle 488
  💰 Current Price: $1976.98
  🎯 Signal: SELL (confidence: 0.17)
  📝 Reason: 5m: MACD bearish; 15m: MACD bearish; 1h: MACD bearish; 4h: RSI oversold (20.0)
  ⚠️ Sell signal but no position

[05:03:50] Cycle 489
  💰 Current Price: $1976.98
  🎯 Signal: SELL (confidence: 0.17)
  📝 Reason: 5m: MACD bearish; 15m: MACD bearish; 1h: MACD bearish; 4h: RSI oversold (20.0)
  ⚠️ Sell signal but no position

[05:04:21] Cycle 490
  💰 Current Price: $1976.97
  🎯 Signal: SELL (confidence: 0.17)
  📝 Reason: 5m: MACD bearish; 15m: MACD bearish; 1h: MACD bearish; 4h: RSI oversold (20.0)
  ⚠️ Sell signal but no position

[05:04:51] Cycle 491
  💰 Current Price: $1977.68
  🎯 Signal: SELL (confidence: 0.17)
  📝 Reason: 5m: MACD bearish; 15m: MACD bearish; 1h: MACD bearish; 4h: RSI oversold (20.1)
  ⚠️ Sell signal but no position

[05:05:22] Cycle 492
  💰 Current Price: $1977.49
  🎯 Signal: SELL (confidence: 0.17)
  📝 Reason: 5m: MACD bearish; 15m: MACD bearish; 1h: MACD bearish; 4h: RSI oversold (20.0)
  ⚠️ Sell signal but no position

[05:05:53] Cycle 493
  💰 Current Price: $1977.26
  🎯 Signal: SELL (confidence: 0.17)
  📝 Reason: 5m: MACD bearish; 15m: MACD bearish; 1h: MACD bearish; 4h: RSI oversold (20.0)
  ⚠️ Sell signal but no position

[05:06:24] Cycle 494
  💰 Current Price: $1977.26
  🎯 Signal: SELL (confidence: 0.17)
  📝 Reason: 5m: MACD bearish; 15m: MACD bearish; 1h: MACD bearish; 4h: RSI oversold (20.0)
  ⚠️ Sell signal but no position

[05:06:55] Cycle 495
  💰 Current Price: $1977.53
  🎯 Signal: SELL (confidence: 0.17)
  📝 Reason: 5m: MACD bearish; 15m: MACD bearish; 1h: MACD bearish; 4h: RSI oversold (20.0)
  ⚠️ Sell signal but no position

[05:07:26] Cycle 496
  💰 Current Price: $1977.53
  🎯 Signal: SELL (confidence: 0.17)
  📝 Reason: 5m: MACD bearish; 15m: MACD bearish; 1h: MACD bearish; 4h: RSI oversold (20.0)
  ⚠️ Sell signal but no position

[05:07:57] Cycle 497
  💰 Current Price: $1978.41
  🎯 Signal: SELL (confidence: 0.17)
  📝 Reason: 5m: MACD bearish; 15m: MACD bearish; 1h: MACD bearish; 4h: RSI oversold (20.1)
  ⚠️ Sell signal but no position

[05:08:28] Cycle 498
  💰 Current Price: $1978.93
  🎯 Signal: SELL (confidence: 0.17)
  📝 Reason: 5m: MACD bearish; 15m: MACD bearish; 1h: MACD bearish; 4h: RSI oversold (20.2)
  ⚠️ Sell signal but no position

[05:08:58] Cycle 499
  💰 Current Price: $1978.82
  🎯 Signal: SELL (confidence: 0.17)
  📝 Reason: 5m: MACD bearish; 15m: MACD bearish; 1h: MACD bearish; 4h: RSI oversold (20.1)
  ⚠️ Sell signal but no position

[05:09:29] Cycle 500
  💰 Current Price: $1978.67
  🎯 Signal: SELL (confidence: 0.17)
  📝 Reason: 5m: MACD bearish; 15m: MACD bearish; 1h: MACD bearish; 4h: RSI oversold (20.1)
  ⚠️ Sell signal but no position

[05:10:00] Cycle 501
  💰 Current Price: $1978.43
  🎯 Signal: SELL (confidence: 0.28)
  📝 Reason: 5m: RSI overbought (77.4); 5m: MACD bearish; 15m: MACD bearish; 1h: MACD bearish
  ⚠️ Sell signal but no position

[05:10:31] Cycle 502
  💰 Current Price: $1978.46
  🎯 Signal: SELL (confidence: 0.28)
  📝 Reason: 5m: RSI overbought (77.4); 5m: MACD bearish; 15m: MACD bearish; 1h: MACD bearish
  ⚠️ Sell signal but no position

[05:11:02] Cycle 503
  📝 Reason: 5m: MACD bearish; 15m: MACD bearish; 1h: MACD bearish; 4h: RSI oversold (20.0)
  ⚠️ Sell signal but no position

[04:55:05] Cycle 467
  💰 Current Price: $1977.06
  🎯 Signal: SELL (confidence: 0.17)
  📝 Reason: 5m: MACD bearish; 15m: MACD bearish; 1h: MACD bearish; 4h: RSI oversold (20.0)
  ⚠️ Sell signal but no position

[04:55:36] Cycle 468
  💰 Current Price: $1977.06
  🎯 Signal: SELL (confidence: 0.17)
  📝 Reason: 5m: MACD bearish; 15m: MACD bearish; 1h: MACD bearish; 4h: RSI oversold (20.0)
  ⚠️ Sell signal but no position

[04:56:07] Cycle 469
  💰 Current Price: $1976.81
  🎯 Signal: SELL (confidence: 0.17)
  📝 Reason: 5m: MACD bearish; 15m: MACD bearish; 1h: MACD bearish; 4h: RSI oversold (20.0)
  ⚠️ Sell signal but no position

[04:56:38] Cycle 470
  💰 Current Price: $1976.81
  🎯 Signal: SELL (confidence: 0.17)
  📝 Reason: 5m: MACD bearish; 15m: MACD bearish; 1h: MACD bearish; 4h: RSI oversold (20.0)
  ⚠️ Sell signal but no position

[04:57:09] Cycle 471
  💰 Current Price: $1976.81
  🎯 Signal: SELL (confidence: 0.17)
  📝 Reason: 5m: MACD bearish; 15m: MACD bearish; 1h: MACD bearish; 4h: RSI oversold (20.0)
  ⚠️ Sell signal but no position

[04:57:40] Cycle 472
  💰 Current Price: $1976.81
  🎯 Signal: SELL (confidence: 0.17)
  📝 Reason: 5m: MACD bearish; 15m: MACD bearish; 1h: MACD bearish; 4h: RSI oversold (20.0)
  ⚠️ Sell signal but no position

[04:58:11] Cycle 473
  💰 Current Price: $1976.42
  🎯 Signal: SELL (confidence: 0.17)
  📝 Reason: 5m: MACD bearish; 15m: MACD bearish; 1h: MACD bearish; 4h: RSI oversold (20.0)
  ⚠️ Sell signal but no position

[04:58:41] Cycle 474
  💰 Current Price: $1976.42
  🎯 Signal: SELL (confidence: 0.17)
  📝 Reason: 5m: MACD bearish; 15m: MACD bearish; 1h: MACD bearish; 4h: RSI oversold (20.0)
  ⚠️ Sell signal but no position

[04:59:12] Cycle 475
  💰 Current Price: $1976.23
  🎯 Signal: SELL (confidence: 0.17)
  📝 Reason: 5m: MACD bearish; 15m: MACD bearish; 1h: MACD bearish; 4h: RSI oversold (19.9)
  ⚠️ Sell signal but no position

[04:59:43] Cycle 476
  💰 Current Price: $1975.51
  🎯 Signal: SELL (confidence: 0.17)
  📝 Reason: 5m: MACD bearish; 15m: MACD bearish; 1h: MACD bearish; 4h: RSI oversold (19.9)
  ⚠️ Sell signal but no position

[05:00:14] Cycle 477
  💰 Current Price: $1975.70
  🎯 Signal: SELL (confidence: 0.17)
  📝 Reason: 5m: MACD bearish; 15m: MACD bearish; 1h: MACD bearish; 4h: RSI oversold (19.9)
  ⚠️ Sell signal but no position

[05:00:45] Cycle 478
  💰 Current Price: $1975.70
  🎯 Signal: SELL (confidence: 0.17)
  📝 Reason: 5m: MACD bearish; 15m: MACD bearish; 1h: MACD bearish; 4h: RSI oversold (19.9)
  ⚠️ Sell signal but no position

[05:01:15] Cycle 479
  💰 Current Price: $1976.72
  🎯 Signal: SELL (confidence: 0.17)
  📝 Reason: 5m: MACD bearish; 15m: MACD bearish; 1h: MACD bearish; 4h: RSI oversold (20.0)
  ⚠️ Sell signal but no position

[05:01:46] Cycle 480
  💰 Current Price: $1976.72
  🎯 Signal: SELL (confidence: 0.17)
  📝 Reason: 5m: MACD bearish; 15m: MACD bearish; 1h: MACD bearish; 4h: RSI oversold (20.0)
  ⚠️ Sell signal but no position

[05:02:17] Cycle 481
  💰 Current Price: $1976.98
  🎯 Signal: SELL (confidence: 0.17)
  📝 Reason: 5m: MACD bearish; 15m: MACD bearish; 1h: MACD bearish; 4h: RSI oversold (20.0)
  ⚠️ Sell signal but no position

[05:02:48] Cycle 482
  💰 Current Price: $1976.98
  🎯 Signal: SELL (confidence: 0.17)
  📝 Reason: 5m: MACD bearish; 15m: MACD bearish; 1h: MACD bearish; 4h: RSI oversold (20.0)
  ⚠️ Sell signal but no position

[05:03:19] Cycle 483
  💰 Current Price: $1976.98
  🎯 Signal: SELL (confidence: 0.17)
  📝 Reason: 5m: MACD bearish; 15m: MACD bearish; 1h: MACD bearish; 4h: RSI oversold (20.0)
  ⚠️ Sell signal but no position

[05:03:50] Cycle 484
  💰 Current Price: $1976.98
  🎯 Signal: SELL (confidence: 0.17)
  📝 Reason: 5m: MACD bearish; 15m: MACD bearish; 1h: MACD bearish; 4h: RSI oversold (20.0)
  ⚠️ Sell signal but no position

[05:04:21] Cycle 485
  💰 Current Price: $1976.97
  🎯 Signal: SELL (confidence: 0.17)
  📝 Reason: 5m: MACD bearish; 15m: MACD bearish; 1h: MACD bearish; 4h: RSI oversold (20.0)
  ⚠️ Sell signal but no position

[05:04:51] Cycle 486
  💰 Current Price: $1977.68
  🎯 Signal: SELL (confidence: 0.17)
  📝 Reason: 5m: MACD bearish; 15m: MACD bearish; 1h: MACD bearish; 4h: RSI oversold (20.1)
  ⚠️ Sell signal but no position

[05:05:22] Cycle 487
  💰 Current Price: $1977.49
  🎯 Signal: SELL (confidence: 0.17)
  📝 Reason: 5m: MACD bearish; 15m: MACD bearish; 1h: MACD bearish; 4h: RSI oversold (20.0)
  ⚠️ Sell signal but no position

[05:05:53] Cycle 488
  💰 Current Price: $1977.26
  🎯 Signal: SELL (confidence: 0.17)
  📝 Reason: 5m: MACD bearish; 15m: MACD bearish; 1h: MACD bearish; 4h: RSI oversold (20.0)
  ⚠️ Sell signal but no position

[05:06:24] Cycle 489
  💰 Current Price: $1977.26
  🎯 Signal: SELL (confidence: 0.17)
  📝 Reason: 5m: MACD bearish; 15m: MACD bearish; 1h: MACD bearish; 4h: RSI oversold (20.0)
  ⚠️ Sell signal but no position

[05:06:55] Cycle 490
  💰 Current Price: $1977.53
  🎯 Signal: SELL (confidence: 0.17)
  📝 Reason: 5m: MACD bearish; 15m: MACD bearish; 1h: MACD bearish; 4h: RSI oversold (20.0)
  ⚠️ Sell signal but no position

[05:07:26] Cycle 491
  💰 Current Price: $1977.53
  🎯 Signal: SELL (confidence: 0.17)
  📝 Reason: 5m: MACD bearish; 15m: MACD bearish; 1h: MACD bearish; 4h: RSI oversold (20.0)
  ⚠️ Sell signal but no position

[05:07:57] Cycle 492
  💰 Current Price: $1978.41
  🎯 Signal: SELL (confidence: 0.17)
  📝 Reason: 5m: MACD bearish; 15m: MACD bearish; 1h: MACD bearish; 4h: RSI oversold (20.1)
  ⚠️ Sell signal but no position

[05:08:27] Cycle 493
  💰 Current Price: $1978.93
  🎯 Signal: SELL (confidence: 0.17)
  📝 Reason: 5m: MACD bearish; 15m: MACD bearish; 1h: MACD bearish; 4h: RSI oversold (20.2)
  ⚠️ Sell signal but no position

[05:08:59] Cycle 494
  💰 Current Price: $1978.82
  🎯 Signal: SELL (confidence: 0.17)
  📝 Reason: 5m: MACD bearish; 15m: MACD bearish; 1h: MACD bearish; 4h: RSI oversold (20.1)
  ⚠️ Sell signal but no position

[05:09:29] Cycle 495
  💰 Current Price: $1978.67
  🎯 Signal: SELL (confidence: 0.17)
  📝 Reason: 5m: MACD bearish; 15m: MACD bearish; 1h: MACD bearish; 4h: RSI oversold (20.1)
  ⚠️ Sell signal but no position

[05:10:00] Cycle 496
  💰 Current Price: $1978.43
  🎯 Signal: SELL (confidence: 0.28)
  📝 Reason: 5m: RSI overbought (77.4); 5m: MACD bearish; 15m: MACD bearish; 1h: MACD bearish
  ⚠️ Sell signal but no position

[05:10:31] Cycle 497
  💰 Current Price: $1978.46
  🎯 Signal: SELL (confidence: 0.28)
  📝 Reason: 5m: RSI overbought (77.4); 5m: MACD bearish; 15m: MACD bearish; 1h: MACD bearish
  ⚠️ Sell signal but no position

[05:11:02] Cycle 498
  💰 Current Price: $1976.83
  🎯 Signal: SELL (confidence: 0.17)
  📝 Reason: 5m: MACD bearish; 15m: MACD bearish; 1h: MACD bearish; 4h: RSI oversold (20.0)
  ⚠️ Sell signal but no position

[05:11:33] Cycle 499
  💰 Current Price: $1977.40
  🎯 Signal: SELL (confidence: 0.17)
  📝 Reason: 5m: MACD bearish; 15m: MACD bearish; 1h: MACD bearish; 4h: RSI oversold (20.0)
  ⚠️ Sell signal but no position

[05:12:04] Cycle 500
  💰 Current Price: $1975.58
  🎯 Signal: SELL (confidence: 0.17)
  📝 Reason: 5m: MACD bearish; 15m: MACD bearish; 1h: MACD bearish; 4h: RSI oversold (19.9)
  ⚠️ Sell signal but no position

[05:12:34] Cycle 501
  💰 Current Price: $1975.58
  🎯 Signal: SELL (confidence: 0.17)
  📝 Reason: 5m: MACD bearish; 15m: MACD bearish; 1h: MACD bearish; 4h: RSI oversold (19.9)
  ⚠️ Sell signal but no position

[05:13:06] Cycle 502
  💰 Current Price: $1975.57
  🎯 Signal: SELL (confidence: 0.17)
  📝 Reason: 5m: MACD bearish; 15m: MACD bearish; 1h: MACD bearish; 4h: RSI oversold (19.9)
  ⚠️ Sell signal but no position

[05:13:36] Cycle 503
  💰 Current Price: $1976.83
  🎯 Signal: SELL (confidence: 0.17)
  📝 Reason: 5m: MACD bearish; 15m: MACD bearish; 1h: MACD bearish; 4h: RSI oversold (20.0)
  ⚠️ Sell signal but no position

[05:11:33] Cycle 504
  💰 Current Price: $1977.40
  🎯 Signal: SELL (confidence: 0.17)
  📝 Reason: 5m: MACD bearish; 15m: MACD bearish; 1h: MACD bearish; 4h: RSI oversold (20.0)
  ⚠️ Sell signal but no position

[05:12:03] Cycle 505
  💰 Current Price: $1975.58
  🎯 Signal: SELL (confidence: 0.17)
  📝 Reason: 5m: MACD bearish; 15m: MACD bearish; 1h: MACD bearish; 4h: RSI oversold (19.9)
  ⚠️ Sell signal but no position

[05:12:35] Cycle 506
  💰 Current Price: $1975.58
  🎯 Signal: SELL (confidence: 0.17)
  📝 Reason: 5m: MACD bearish; 15m: MACD bearish; 1h: MACD bearish; 4h: RSI oversold (19.9)
  ⚠️ Sell signal but no position

[05:13:05] Cycle 507
  💰 Current Price: $1975.57
  🎯 Signal: SELL (confidence: 0.17)
  📝 Reason: 5m: MACD bearish; 15m: MACD bearish; 1h: MACD bearish; 4h: RSI oversold (19.9)
  ⚠️ Sell signal but no position

[05:13:36] Cycle 508
  💰 Current Price: $1976.24
  🎯 Signal: SELL (confidence: 0.17)
  📝 Reason: 5m: MACD bearish; 15m: MACD bearish; 1h: MACD bearish; 4h: RSI oversold (19.9)
  ⚠️ Sell signal but no position

[05:14:07] Cycle 509
  💰 Current Price: $1976.50
  🎯 Signal: SELL (confidence: 0.17)
  📝 Reason: 5m: MACD bearish; 15m: MACD bearish; 1h: MACD bearish; 4h: RSI oversold (20.0)
  ⚠️ Sell signal but no position

[05:14:38] Cycle 510
  💰 Current Price: $1976.50
  🎯 Signal: SELL (confidence: 0.17)
  📝 Reason: 5m: MACD bearish; 15m: MACD bearish; 1h: MACD bearish; 4h: RSI oversold (20.0)
  ⚠️ Sell signal but no position

[05:15:09] Cycle 511
  💰 Current Price: $1976.49
  🎯 Signal: SELL (confidence: 0.17)
  📝 Reason: 5m: MACD bearish; 15m: MACD bearish; 1h: MACD bearish; 4h: RSI oversold (20.0)
  ⚠️ Sell signal but no position

[05:15:39] Cycle 512
  💰 Current Price: $1976.89
  🎯 Signal: SELL (confidence: 0.17)
  📝 Reason: 5m: MACD bearish; 15m: MACD bearish; 1h: MACD bearish; 4h: RSI oversold (20.0)
  ⚠️ Sell signal but no position

[05:16:10] Cycle 513
  💰 Current Price: $1976.60
  🎯 Signal: SELL (confidence: 0.17)
  📝 Reason: 5m: MACD bearish; 15m: MACD bearish; 1h: MACD bearish; 4h: RSI oversold (20.0)
  ⚠️ Sell signal but no position

[05:16:41] Cycle 514
  💰 Current Price: $1976.55
  🎯 Signal: SELL (confidence: 0.17)
  📝 Reason: 5m: MACD bearish; 15m: MACD bearish; 1h: MACD bearish; 4h: RSI oversold (20.0)
  ⚠️ Sell signal but no position

[05:17:12] Cycle 515
  💰 Current Price: $1974.00
  🎯 Signal: SELL (confidence: 0.17)
  📝 Reason: 5m: MACD bearish; 15m: MACD bearish; 1h: MACD bearish; 4h: RSI oversold (19.8)
  ⚠️ Sell signal but no position

[05:17:43] Cycle 516
  💰 Current Price: $1974.31
  🎯 Signal: SELL (confidence: 0.17)
  📝 Reason: 5m: MACD bearish; 15m: MACD bearish; 1h: MACD bearish; 4h: RSI oversold (19.8)
  ⚠️ Sell signal but no position

[05:18:14] Cycle 517
  💰 Current Price: $1974.20
  🎯 Signal: SELL (confidence: 0.17)
  📝 Reason: 5m: MACD bearish; 15m: MACD bearish; 1h: MACD bearish; 4h: RSI oversold (19.8)
  ⚠️ Sell signal but no position

[05:18:45] Cycle 518
  💰 Current Price: $1974.20
  🎯 Signal: SELL (confidence: 0.17)
  📝 Reason: 5m: MACD bearish; 15m: MACD bearish; 1h: MACD bearish; 4h: RSI oversold (19.8)
  ⚠️ Sell signal but no position

[05:19:16] Cycle 519
  💰 Current Price: $1974.80
  🎯 Signal: SELL (confidence: 0.17)
  📝 Reason: 5m: MACD bearish; 15m: MACD bearish; 1h: MACD bearish; 4h: RSI oversold (19.8)
  ⚠️ Sell signal but no position

[05:19:47] Cycle 520
  💰 Current Price: $1973.00
  🎯 Signal: SELL (confidence: 0.17)
  📝 Reason: 5m: MACD bearish; 15m: MACD bearish; 1h: MACD bearish; 4h: RSI oversold (19.7)
  ⚠️ Sell signal but no position

[05:20:18] Cycle 521
  💰 Current Price: $1972.99
  🎯 Signal: SELL (confidence: 0.17)
  📝 Reason: 5m: MACD bearish; 15m: MACD bearish; 1h: MACD bearish; 4h: RSI oversold (19.7)
  ⚠️ Sell signal but no position

[05:20:48] Cycle 522
  💰 Current Price: $1972.99
  🎯 Signal: SELL (confidence: 0.17)
  📝 Reason: 5m: MACD bearish; 15m: MACD bearish; 1h: MACD bearish; 4h: RSI oversold (19.7)
  ⚠️ Sell signal but no position

[05:21:19] Cycle 523
  💰 Current Price: $1973.00
  🎯 Signal: SELL (confidence: 0.17)
  📝 Reason: 5m: MACD bearish; 15m: MACD bearish; 1h: MACD bearish; 4h: RSI oversold (19.7)
  ⚠️ Sell signal but no position

[05:21:50] Cycle 524
  💰 Current Price: $1973.83
  🎯 Signal: SELL (confidence: 0.17)
  📝 Reason: 5m: MACD bearish; 15m: MACD bearish; 1h: MACD bearish; 4h: RSI oversold (19.8)
  ⚠️ Sell signal but no position

[05:22:21] Cycle 525
  💰 Current Price: $1973.83
  🎯 Signal: SELL (confidence: 0.17)
  📝 Reason: 5m: MACD bearish; 15m: MACD bearish; 1h: MACD bearish; 4h: RSI oversold (19.8)
  ⚠️ Sell signal but no position

[05:22:51] Cycle 526
  💰 Current Price: $1974.42
  🎯 Signal: SELL (confidence: 0.17)
  📝 Reason: 5m: MACD bearish; 15m: MACD bearish; 1h: MACD bearish; 4h: RSI oversold (19.8)
  ⚠️ Sell signal but no position

[05:23:22] Cycle 527
  💰 Current Price: $1974.35
  🎯 Signal: SELL (confidence: 0.17)
  📝 Reason: 5m: MACD bearish; 15m: MACD bearish; 1h: MACD bearish; 4h: RSI oversold (19.8)
  ⚠️ Sell signal but no position

[05:23:53] Cycle 528
  💰 Current Price: $1974.45
  🎯 Signal: SELL (confidence: 0.17)
  📝 Reason: 5m: MACD bearish; 15m: MACD bearish; 1h: MACD bearish; 4h: RSI oversold (19.8)
  ⚠️ Sell signal but no position

[05:24:24] Cycle 529
  💰 Current Price: $1974.10
  🎯 Signal: SELL (confidence: 0.17)
  📝 Reason: 5m: MACD bearish; 15m: MACD bearish; 1h: MACD bearish; 4h: RSI oversold (19.8)
  ⚠️ Sell signal but no position

[05:24:55] Cycle 530
  💰 Current Price: $1974.30
  🎯 Signal: SELL (confidence: 0.17)
  📝 Reason: 5m: MACD bearish; 15m: MACD bearish; 1h: MACD bearish; 4h: RSI oversold (19.8)
  ⚠️ Sell signal but no position

[05:25:26] Cycle 531
  💰 Current Price: $1974.20
  🎯 Signal: SELL (confidence: 0.17)
  📝 Reason: 5m: MACD bearish; 15m: MACD bearish; 1h: MACD bearish; 4h: RSI oversold (19.8)
  ⚠️ Sell signal but no position

[05:25:57] Cycle 532
  💰 Current Price: $1974.20
  🎯 Signal: SELL (confidence: 0.17)
  📝 Reason: 5m: MACD bearish; 15m: MACD bearish; 1h: MACD bearish; 4h: RSI oversold (19.8)
  ⚠️ Sell signal but no position

[05:26:27] Cycle 533
  💰 Current Price: $1974.75
  🎯 Signal: SELL (confidence: 0.17)
  📝 Reason: 5m: MACD bearish; 15m: MACD bearish; 1h: MACD bearish; 4h: RSI oversold (19.8)
  ⚠️ Sell signal but no position

[05:26:59] Cycle 534
  💰 Current Price: $1974.38
  🎯 Signal: SELL (confidence: 0.17)
  📝 Reason: 5m: MACD bearish; 15m: MACD bearish; 1h: MACD bearish; 4h: RSI oversold (19.8)
  ⚠️ Sell signal but no position

[05:27:29] Cycle 535
  💰 Current Price: $1974.79
  🎯 Signal: SELL (confidence: 0.17)
  📝 Reason: 5m: MACD bearish; 15m: MACD bearish; 1h: MACD bearish; 4h: RSI oversold (19.8)
  ⚠️ Sell signal but no position

[05:28:00] Cycle 536
  💰 Current Price: $1975.00
  🎯 Signal: SELL (confidence: 0.17)
  📝 Reason: 5m: MACD bearish; 15m: MACD bearish; 1h: MACD bearish; 4h: RSI oversold (19.9)
  ⚠️ Sell signal but no position

[05:28:31] Cycle 537
  💰 Current Price: $1975.45
  🎯 Signal: SELL (confidence: 0.17)
  📝 Reason: 5m: MACD bearish; 15m: MACD bearish; 1h: MACD bearish; 4h: RSI oversold (19.9)
  ⚠️ Sell signal but no position

[05:29:02] Cycle 538
  💰 Current Price: $1975.44
  🎯 Signal: SELL (confidence: 0.17)
  📝 Reason: 5m: MACD bearish; 15m: MACD bearish; 1h: MACD bearish; 4h: RSI oversold (19.9)
  ⚠️ Sell signal but no position

[05:29:32] Cycle 539
  💰 Current Price: $1975.62
  🎯 Signal: SELL (confidence: 0.17)
  📝 Reason: 5m: MACD bearish; 15m: MACD bearish; 1h: MACD bearish; 4h: RSI oversold (19.9)
  💰 Current Price: $1976.24
  🎯 Signal: SELL (confidence: 0.17)
  📝 Reason: 5m: MACD bearish; 15m: MACD bearish; 1h: MACD bearish; 4h: RSI oversold (19.9)
  ⚠️ Sell signal but no position

[05:14:07] Cycle 504
  💰 Current Price: $1976.50
  🎯 Signal: SELL (confidence: 0.17)
  📝 Reason: 5m: MACD bearish; 15m: MACD bearish; 1h: MACD bearish; 4h: RSI oversold (20.0)
  ⚠️ Sell signal but no position

[05:14:38] Cycle 505
  💰 Current Price: $1976.50
  🎯 Signal: SELL (confidence: 0.17)
  📝 Reason: 5m: MACD bearish; 15m: MACD bearish; 1h: MACD bearish; 4h: RSI oversold (20.0)
  ⚠️ Sell signal but no position

[05:15:09] Cycle 506
  💰 Current Price: $1976.49
  🎯 Signal: SELL (confidence: 0.17)
  📝 Reason: 5m: MACD bearish; 15m: MACD bearish; 1h: MACD bearish; 4h: RSI oversold (20.0)
  ⚠️ Sell signal but no position

[05:15:39] Cycle 507
  💰 Current Price: $1976.89
  🎯 Signal: SELL (confidence: 0.17)
  📝 Reason: 5m: MACD bearish; 15m: MACD bearish; 1h: MACD bearish; 4h: RSI oversold (20.0)
  ⚠️ Sell signal but no position

[05:16:10] Cycle 508
  💰 Current Price: $1976.60
  🎯 Signal: SELL (confidence: 0.17)
  📝 Reason: 5m: MACD bearish; 15m: MACD bearish; 1h: MACD bearish; 4h: RSI oversold (20.0)
  ⚠️ Sell signal but no position

[05:16:41] Cycle 509
  💰 Current Price: $1976.55
  🎯 Signal: SELL (confidence: 0.17)
  📝 Reason: 5m: MACD bearish; 15m: MACD bearish; 1h: MACD bearish; 4h: RSI oversold (20.0)
  ⚠️ Sell signal but no position

[05:17:12] Cycle 510
  💰 Current Price: $1974.00
  🎯 Signal: SELL (confidence: 0.17)
  📝 Reason: 5m: MACD bearish; 15m: MACD bearish; 1h: MACD bearish; 4h: RSI oversold (19.8)
  ⚠️ Sell signal but no position

[05:17:43] Cycle 511
  💰 Current Price: $1974.31
  🎯 Signal: SELL (confidence: 0.17)
  📝 Reason: 5m: MACD bearish; 15m: MACD bearish; 1h: MACD bearish; 4h: RSI oversold (19.8)
  ⚠️ Sell signal but no position

[05:18:14] Cycle 512
  💰 Current Price: $1974.20
  🎯 Signal: SELL (confidence: 0.17)
  📝 Reason: 5m: MACD bearish; 15m: MACD bearish; 1h: MACD bearish; 4h: RSI oversold (19.8)
  ⚠️ Sell signal but no position

[05:18:45] Cycle 513
  💰 Current Price: $1974.20
  🎯 Signal: SELL (confidence: 0.17)
  📝 Reason: 5m: MACD bearish; 15m: MACD bearish; 1h: MACD bearish; 4h: RSI oversold (19.8)
  ⚠️ Sell signal but no position

[05:19:16] Cycle 514
  💰 Current Price: $1974.80
  🎯 Signal: SELL (confidence: 0.17)
  📝 Reason: 5m: MACD bearish; 15m: MACD bearish; 1h: MACD bearish; 4h: RSI oversold (19.8)
  ⚠️ Sell signal but no position

[05:19:47] Cycle 515
  💰 Current Price: $1973.00
  🎯 Signal: SELL (confidence: 0.17)
  📝 Reason: 5m: MACD bearish; 15m: MACD bearish; 1h: MACD bearish; 4h: RSI oversold (19.7)
  ⚠️ Sell signal but no position

[05:20:18] Cycle 516
  💰 Current Price: $1972.99
  🎯 Signal: SELL (confidence: 0.17)
  📝 Reason: 5m: MACD bearish; 15m: MACD bearish; 1h: MACD bearish; 4h: RSI oversold (19.7)
  ⚠️ Sell signal but no position

[05:20:48] Cycle 517
  💰 Current Price: $1972.99
  🎯 Signal: SELL (confidence: 0.17)
  📝 Reason: 5m: MACD bearish; 15m: MACD bearish; 1h: MACD bearish; 4h: RSI oversold (19.7)
  ⚠️ Sell signal but no position

[05:21:19] Cycle 518
  💰 Current Price: $1973.00
  🎯 Signal: SELL (confidence: 0.17)
  📝 Reason: 5m: MACD bearish; 15m: MACD bearish; 1h: MACD bearish; 4h: RSI oversold (19.7)
  ⚠️ Sell signal but no position

[05:21:50] Cycle 519
  💰 Current Price: $1973.83
  🎯 Signal: SELL (confidence: 0.17)
  📝 Reason: 5m: MACD bearish; 15m: MACD bearish; 1h: MACD bearish; 4h: RSI oversold (19.8)
  ⚠️ Sell signal but no position

[05:22:21] Cycle 520
  💰 Current Price: $1973.83
  🎯 Signal: SELL (confidence: 0.17)
  📝 Reason: 5m: MACD bearish; 15m: MACD bearish; 1h: MACD bearish; 4h: RSI oversold (19.8)
  ⚠️ Sell signal but no position

[05:22:51] Cycle 521
  💰 Current Price: $1974.42
  🎯 Signal: SELL (confidence: 0.17)
  📝 Reason: 5m: MACD bearish; 15m: MACD bearish; 1h: MACD bearish; 4h: RSI oversold (19.8)
  ⚠️ Sell signal but no position

[05:23:23] Cycle 522
  💰 Current Price: $1974.35
  🎯 Signal: SELL (confidence: 0.17)
  📝 Reason: 5m: MACD bearish; 15m: MACD bearish; 1h: MACD bearish; 4h: RSI oversold (19.8)
  ⚠️ Sell signal but no position

[05:23:53] Cycle 523
  💰 Current Price: $1974.45
  🎯 Signal: SELL (confidence: 0.17)
  📝 Reason: 5m: MACD bearish; 15m: MACD bearish; 1h: MACD bearish; 4h: RSI oversold (19.8)
  ⚠️ Sell signal but no position

[05:24:24] Cycle 524
  💰 Current Price: $1974.10
  🎯 Signal: SELL (confidence: 0.17)
  📝 Reason: 5m: MACD bearish; 15m: MACD bearish; 1h: MACD bearish; 4h: RSI oversold (19.8)
  ⚠️ Sell signal but no position

[05:24:55] Cycle 525
  💰 Current Price: $1974.30
  🎯 Signal: SELL (confidence: 0.17)
  📝 Reason: 5m: MACD bearish; 15m: MACD bearish; 1h: MACD bearish; 4h: RSI oversold (19.8)
  ⚠️ Sell signal but no position

[05:25:26] Cycle 526
  💰 Current Price: $1974.20
  🎯 Signal: SELL (confidence: 0.17)
  📝 Reason: 5m: MACD bearish; 15m: MACD bearish; 1h: MACD bearish; 4h: RSI oversold (19.8)
  ⚠️ Sell signal but no position

[05:25:57] Cycle 527
  💰 Current Price: $1974.20
  🎯 Signal: SELL (confidence: 0.17)
  📝 Reason: 5m: MACD bearish; 15m: MACD bearish; 1h: MACD bearish; 4h: RSI oversold (19.8)
  ⚠️ Sell signal but no position

[05:26:27] Cycle 528
  💰 Current Price: $1974.75
  🎯 Signal: SELL (confidence: 0.17)
  📝 Reason: 5m: MACD bearish; 15m: MACD bearish; 1h: MACD bearish; 4h: RSI oversold (19.8)
  ⚠️ Sell signal but no position

[05:26:58] Cycle 529
  💰 Current Price: $1974.38
  🎯 Signal: SELL (confidence: 0.17)
  📝 Reason: 5m: MACD bearish; 15m: MACD bearish; 1h: MACD bearish; 4h: RSI oversold (19.8)
  ⚠️ Sell signal but no position

[05:27:29] Cycle 530
  💰 Current Price: $1974.79
  🎯 Signal: SELL (confidence: 0.17)
  📝 Reason: 5m: MACD bearish; 15m: MACD bearish; 1h: MACD bearish; 4h: RSI oversold (19.8)
  ⚠️ Sell signal but no position

[05:28:00] Cycle 531
  💰 Current Price: $1975.00
  🎯 Signal: SELL (confidence: 0.17)
  📝 Reason: 5m: MACD bearish; 15m: MACD bearish; 1h: MACD bearish; 4h: RSI oversold (19.9)
  ⚠️ Sell signal but no position

[05:28:31] Cycle 532
  💰 Current Price: $1975.45
  🎯 Signal: SELL (confidence: 0.17)
  📝 Reason: 5m: MACD bearish; 15m: MACD bearish; 1h: MACD bearish; 4h: RSI oversold (19.9)
  ⚠️ Sell signal but no position

[05:29:02] Cycle 533
  💰 Current Price: $1975.44
  🎯 Signal: SELL (confidence: 0.17)
  📝 Reason: 5m: MACD bearish; 15m: MACD bearish; 1h: MACD bearish; 4h: RSI oversold (19.9)
  ⚠️ Sell signal but no position

[05:29:33] Cycle 534
  💰 Current Price: $1975.62
  🎯 Signal: SELL (confidence: 0.17)
  📝 Reason: 5m: MACD bearish; 15m: MACD bearish; 1h: MACD bearish; 4h: RSI oversold (19.9)
  ⚠️ Sell signal but no position

[05:30:03] Cycle 535
  💰 Current Price: $1975.92
  🎯 Signal: SELL (confidence: 0.17)
  📝 Reason: 5m: MACD bearish; 15m: MACD bearish; 1h: MACD bearish; 4h: RSI oversold (19.9)
  ⚠️ Sell signal but no position

[05:30:34] Cycle 536
  💰 Current Price: $1975.62
  🎯 Signal: SELL (confidence: 0.17)
  📝 Reason: 5m: MACD bearish; 15m: MACD bearish; 1h: MACD bearish; 4h: RSI oversold (19.9)
  ⚠️ Sell signal but no position

[05:31:05] Cycle 537
  💰 Current Price: $1975.62
  🎯 Signal: SELL (confidence: 0.17)
  📝 Reason: 5m: MACD bearish; 15m: MACD bearish; 1h: MACD bearish; 4h: RSI oversold (19.9)
  ⚠️ Sell signal but no position

[05:31:36] Cycle 538
  💰 Current Price: $1974.98
  🎯 Signal: SELL (confidence: 0.17)
  📝 Reason: 5m: MACD bearish; 15m: MACD bearish; 1h: MACD bearish; 4h: RSI oversold (19.8)
  ⚠️ Sell signal but no position

[05:32:07] Cycle 539
  💰 Current Price: $1975.09
  🎯 Signal: SELL (confidence: 0.17)
  📝 Reason: 5m: MACD bearish; 15m: MACD bearish; 1h: MACD bearish; 4h: RSI oversold (19.9)
  ⚠️ Sell signal but no position

[05:30:03] Cycle 540
  💰 Current Price: $1975.92
  🎯 Signal: SELL (confidence: 0.17)
  📝 Reason: 5m: MACD bearish; 15m: MACD bearish; 1h: MACD bearish; 4h: RSI oversold (19.9)
  ⚠️ Sell signal but no position

[05:30:34] Cycle 541
  💰 Current Price: $1975.62
  🎯 Signal: SELL (confidence: 0.17)
  📝 Reason: 5m: MACD bearish; 15m: MACD bearish; 1h: MACD bearish; 4h: RSI oversold (19.9)
  ⚠️ Sell signal but no position

[05:31:05] Cycle 542
  💰 Current Price: $1975.62
  🎯 Signal: SELL (confidence: 0.17)
  📝 Reason: 5m: MACD bearish; 15m: MACD bearish; 1h: MACD bearish; 4h: RSI oversold (19.9)
  ⚠️ Sell signal but no position

[05:31:36] Cycle 543
  💰 Current Price: $1974.98
  🎯 Signal: SELL (confidence: 0.17)
  📝 Reason: 5m: MACD bearish; 15m: MACD bearish; 1h: MACD bearish; 4h: RSI oversold (19.8)
  ⚠️ Sell signal but no position

[05:32:07] Cycle 544
  💰 Current Price: $1975.09
  🎯 Signal: SELL (confidence: 0.17)
  📝 Reason: 5m: MACD bearish; 15m: MACD bearish; 1h: MACD bearish; 4h: RSI oversold (19.9)
  ⚠️ Sell signal but no position

[05:32:38] Cycle 545
  💰 Current Price: $1974.92
  🎯 Signal: SELL (confidence: 0.17)
  📝 Reason: 5m: MACD bearish; 15m: MACD bearish; 1h: MACD bearish; 4h: RSI oversold (19.8)
  ⚠️ Sell signal but no position

[05:33:08] Cycle 546
  💰 Current Price: $1974.91
  🎯 Signal: SELL (confidence: 0.17)
  📝 Reason: 5m: MACD bearish; 15m: MACD bearish; 1h: MACD bearish; 4h: RSI oversold (19.8)
  ⚠️ Sell signal but no position

[05:33:39] Cycle 547
  💰 Current Price: $1974.31
  🎯 Signal: SELL (confidence: 0.17)
  📝 Reason: 5m: MACD bearish; 15m: MACD bearish; 1h: MACD bearish; 4h: RSI oversold (19.8)
  ⚠️ Sell signal but no position

[05:34:10] Cycle 548
  💰 Current Price: $1973.44
  🎯 Signal: SELL (confidence: 0.17)
  📝 Reason: 5m: MACD bearish; 15m: MACD bearish; 1h: MACD bearish; 4h: RSI oversold (19.7)
  ⚠️ Sell signal but no position

[05:34:41] Cycle 549
  💰 Current Price: $1973.85
  🎯 Signal: SELL (confidence: 0.17)
  📝 Reason: 5m: MACD bearish; 15m: MACD bearish; 1h: MACD bearish; 4h: RSI oversold (19.8)
  ⚠️ Sell signal but no position

[05:35:12] Cycle 550
  💰 Current Price: $1973.57
  🎯 Signal: SELL (confidence: 0.17)
  📝 Reason: 5m: MACD bearish; 15m: MACD bearish; 1h: MACD bearish; 4h: RSI oversold (19.7)
  ⚠️ Sell signal but no position

[05:35:43] Cycle 551
  💰 Current Price: $1973.57
  🎯 Signal: SELL (confidence: 0.17)
  📝 Reason: 5m: MACD bearish; 15m: MACD bearish; 1h: MACD bearish; 4h: RSI oversold (19.7)
  ⚠️ Sell signal but no position

[05:36:14] Cycle 552
  💰 Current Price: $1973.57
  🎯 Signal: SELL (confidence: 0.17)
  📝 Reason: 5m: MACD bearish; 15m: MACD bearish; 1h: MACD bearish; 4h: RSI oversold (19.7)
  ⚠️ Sell signal but no position

[05:36:45] Cycle 553
  💰 Current Price: $1973.58
  🎯 Signal: SELL (confidence: 0.17)
  📝 Reason: 5m: MACD bearish; 15m: MACD bearish; 1h: MACD bearish; 4h: RSI oversold (19.7)
  ⚠️ Sell signal but no position

[05:37:15] Cycle 554
  💰 Current Price: $1974.18
  🎯 Signal: SELL (confidence: 0.17)
  📝 Reason: 5m: MACD bearish; 15m: MACD bearish; 1h: MACD bearish; 4h: RSI oversold (19.9)
  ⚠️ Sell signal but no position

[05:37:46] Cycle 555
  💰 Current Price: $1975.51
  🎯 Signal: SELL (confidence: 0.17)
  📝 Reason: 5m: MACD bearish; 15m: MACD bearish; 1h: MACD bearish; 4h: RSI oversold (19.9)
  ⚠️ Sell signal but no position

[05:38:17] Cycle 556
  💰 Current Price: $1975.41
  🎯 Signal: SELL (confidence: 0.17)
  📝 Reason: 5m: MACD bearish; 15m: MACD bearish; 1h: MACD bearish; 4h: RSI oversold (19.9)
  ⚠️ Sell signal but no position

[05:38:48] Cycle 557
  💰 Current Price: $1975.85
  🎯 Signal: SELL (confidence: 0.17)
  📝 Reason: 5m: MACD bearish; 15m: MACD bearish; 1h: MACD bearish; 4h: RSI oversold (19.9)
  ⚠️ Sell signal but no position

[05:39:19] Cycle 558
  💰 Current Price: $1977.15
  🎯 Signal: SELL (confidence: 0.17)
  📝 Reason: 5m: MACD bearish; 15m: MACD bearish; 1h: MACD bearish; 4h: RSI oversold (20.0)
  ⚠️ Sell signal but no position

[05:39:50] Cycle 559
  💰 Current Price: $1977.15
  🎯 Signal: SELL (confidence: 0.17)
  📝 Reason: 5m: MACD bearish; 15m: MACD bearish; 1h: MACD bearish; 4h: RSI oversold (20.0)
  ⚠️ Sell signal but no position

[05:40:20] Cycle 560
  💰 Current Price: $1977.15
  🎯 Signal: HOLD (confidence: 0.07)
  📝 Reason: 5m: MACD bullish; 15m: MACD bearish; 1h: MACD bearish; 4h: RSI oversold (20.0)

[05:40:51] Cycle 561
  💰 Current Price: $1978.11
  🎯 Signal: HOLD (confidence: 0.07)
  📝 Reason: 5m: MACD bullish; 15m: MACD bearish; 1h: MACD bearish; 4h: RSI oversold (20.1)

[05:41:22] Cycle 562
  💰 Current Price: $1978.01
  🎯 Signal: HOLD (confidence: 0.07)
  📝 Reason: 5m: MACD bullish; 15m: MACD bearish; 1h: MACD bearish; 4h: RSI oversold (20.1)

[05:41:53] Cycle 563
  💰 Current Price: $1978.02
  🎯 Signal: HOLD (confidence: 0.07)
  📝 Reason: 5m: MACD bullish; 15m: MACD bearish; 1h: MACD bearish; 4h: RSI oversold (20.1)

[05:42:23] Cycle 564
  💰 Current Price: $1978.11
  🎯 Signal: HOLD (confidence: 0.07)
  📝 Reason: 5m: MACD bullish; 15m: MACD bearish; 1h: MACD bearish; 4h: RSI oversold (20.1)

[05:42:54] Cycle 565
  💰 Current Price: $1978.06
  🎯 Signal: HOLD (confidence: 0.07)
  📝 Reason: 5m: MACD bullish; 15m: MACD bearish; 1h: MACD bearish; 4h: RSI oversold (20.1)

[05:43:25] Cycle 566
  💰 Current Price: $1977.00
  🎯 Signal: HOLD (confidence: 0.07)
  📝 Reason: 5m: MACD bullish; 15m: MACD bearish; 1h: MACD bearish; 4h: RSI oversold (20.0)

[05:43:56] Cycle 567
  💰 Current Price: $1977.73
  🎯 Signal: HOLD (confidence: 0.07)
  📝 Reason: 5m: MACD bullish; 15m: MACD bearish; 1h: MACD bearish; 4h: RSI oversold (20.1)

[05:44:27] Cycle 568
  💰 Current Price: $1977.73
  🎯 Signal: HOLD (confidence: 0.07)
  📝 Reason: 5m: MACD bullish; 15m: MACD bearish; 1h: MACD bearish; 4h: RSI oversold (20.1)

[05:44:58] Cycle 569
  💰 Current Price: $1977.90
  🎯 Signal: HOLD (confidence: 0.07)
  📝 Reason: 5m: MACD bullish; 15m: MACD bearish; 1h: MACD bearish; 4h: RSI oversold (20.1)

[05:45:29] Cycle 570
  💰 Current Price: $1978.63
  🎯 Signal: HOLD (confidence: 0.07)
  📝 Reason: 5m: MACD bullish; 15m: MACD bearish; 1h: MACD bearish; 4h: RSI oversold (20.1)

[05:46:00] Cycle 571
  💰 Current Price: $1978.63
  🎯 Signal: HOLD (confidence: 0.07)
  📝 Reason: 5m: MACD bullish; 15m: MACD bearish; 1h: MACD bearish; 4h: RSI oversold (20.1)

[05:46:30] Cycle 572
  💰 Current Price: $1978.92
  🎯 Signal: HOLD (confidence: 0.07)
  📝 Reason: 5m: MACD bullish; 15m: MACD bearish; 1h: MACD bearish; 4h: RSI oversold (20.2)

[05:47:01] Cycle 573
  💰 Current Price: $1979.35
  🎯 Signal: HOLD (confidence: 0.07)
  📝 Reason: 5m: MACD bullish; 15m: MACD bearish; 1h: MACD bearish; 4h: RSI oversold (20.2)

[05:47:32] Cycle 574
  💰 Current Price: $1979.34
  🎯 Signal: HOLD (confidence: 0.07)
  📝 Reason: 5m: MACD bullish; 15m: MACD bearish; 1h: MACD bearish; 4h: RSI oversold (20.2)

[05:48:03] Cycle 575
  💰 Current Price: $1979.34
  🎯 Signal: HOLD (confidence: 0.07)
  📝 Reason: 5m: MACD bullish; 15m: MACD bearish; 1h: MACD bearish; 4h: RSI oversold (20.2)

[05:48:34] Cycle 576
  💰 Current Price: $1978.72
  🎯 Signal: HOLD (confidence: 0.07)
  📝 Reason: 5m: MACD bullish; 15m: MACD bearish; 1h: MACD bearish; 4h: RSI oversold (20.1)

[05:49:05] Cycle 577
  💰 Current Price: $1978.72
  🎯 Signal: HOLD (confidence: 0.07)
  📝 Reason: 5m: MACD bullish; 15m: MACD bearish; 1h: MACD bearish; 4h: RSI oversold (20.1)

[05:49:36] Cycle 578
  💰 Current Price: $1978.71
  🎯 Signal: HOLD (confidence: 0.07)
  📝 Reason: 5m: MACD bullish; 15m: MACD bearish; 1h: MACD bearish; 4h: RSI oversold (20.1)

[05:50:06] Cycle 579
  💰 Current Price: $1978.31
  🎯 Signal: HOLD (confidence: 0.07)
  ⚠️ Sell signal but no position

[05:32:38] Cycle 540
  💰 Current Price: $1974.92
  🎯 Signal: SELL (confidence: 0.17)
  📝 Reason: 5m: MACD bearish; 15m: MACD bearish; 1h: MACD bearish; 4h: RSI oversold (19.8)
  ⚠️ Sell signal but no position

[05:33:08] Cycle 541
  💰 Current Price: $1974.91
  🎯 Signal: SELL (confidence: 0.17)
  📝 Reason: 5m: MACD bearish; 15m: MACD bearish; 1h: MACD bearish; 4h: RSI oversold (19.8)
  ⚠️ Sell signal but no position

[05:33:39] Cycle 542
  💰 Current Price: $1974.31
  🎯 Signal: SELL (confidence: 0.17)
  📝 Reason: 5m: MACD bearish; 15m: MACD bearish; 1h: MACD bearish; 4h: RSI oversold (19.8)
  ⚠️ Sell signal but no position

[05:34:10] Cycle 543
  💰 Current Price: $1973.44
  🎯 Signal: SELL (confidence: 0.17)
  📝 Reason: 5m: MACD bearish; 15m: MACD bearish; 1h: MACD bearish; 4h: RSI oversold (19.7)
  ⚠️ Sell signal but no position

[05:34:41] Cycle 544
  💰 Current Price: $1973.85
  🎯 Signal: SELL (confidence: 0.17)
  📝 Reason: 5m: MACD bearish; 15m: MACD bearish; 1h: MACD bearish; 4h: RSI oversold (19.8)
  ⚠️ Sell signal but no position

[05:35:12] Cycle 545
  💰 Current Price: $1973.57
  🎯 Signal: SELL (confidence: 0.17)
  📝 Reason: 5m: MACD bearish; 15m: MACD bearish; 1h: MACD bearish; 4h: RSI oversold (19.7)
  ⚠️ Sell signal but no position

[05:35:43] Cycle 546
  💰 Current Price: $1973.57
  🎯 Signal: SELL (confidence: 0.17)
  📝 Reason: 5m: MACD bearish; 15m: MACD bearish; 1h: MACD bearish; 4h: RSI oversold (19.7)
  ⚠️ Sell signal but no position

[05:36:14] Cycle 547
  💰 Current Price: $1973.57
  🎯 Signal: SELL (confidence: 0.17)
  📝 Reason: 5m: MACD bearish; 15m: MACD bearish; 1h: MACD bearish; 4h: RSI oversold (19.7)
  ⚠️ Sell signal but no position

[05:36:45] Cycle 548
  💰 Current Price: $1973.58
  🎯 Signal: SELL (confidence: 0.17)
  📝 Reason: 5m: MACD bearish; 15m: MACD bearish; 1h: MACD bearish; 4h: RSI oversold (19.7)
  ⚠️ Sell signal but no position

[05:37:15] Cycle 549
  💰 Current Price: $1974.18
  🎯 Signal: SELL (confidence: 0.17)
  📝 Reason: 5m: MACD bearish; 15m: MACD bearish; 1h: MACD bearish; 4h: RSI oversold (19.9)
  ⚠️ Sell signal but no position

[05:37:46] Cycle 550
  💰 Current Price: $1975.51
  🎯 Signal: SELL (confidence: 0.17)
  📝 Reason: 5m: MACD bearish; 15m: MACD bearish; 1h: MACD bearish; 4h: RSI oversold (19.9)
  ⚠️ Sell signal but no position

[05:38:17] Cycle 551
  💰 Current Price: $1975.41
  🎯 Signal: SELL (confidence: 0.17)
  📝 Reason: 5m: MACD bearish; 15m: MACD bearish; 1h: MACD bearish; 4h: RSI oversold (19.9)
  ⚠️ Sell signal but no position

[05:38:48] Cycle 552
  💰 Current Price: $1975.85
  🎯 Signal: SELL (confidence: 0.17)
  📝 Reason: 5m: MACD bearish; 15m: MACD bearish; 1h: MACD bearish; 4h: RSI oversold (19.9)
  ⚠️ Sell signal but no position

[05:39:19] Cycle 553
  💰 Current Price: $1977.15
  🎯 Signal: SELL (confidence: 0.17)
  📝 Reason: 5m: MACD bearish; 15m: MACD bearish; 1h: MACD bearish; 4h: RSI oversold (20.0)
  ⚠️ Sell signal but no position

[05:39:50] Cycle 554
  💰 Current Price: $1977.15
  🎯 Signal: SELL (confidence: 0.17)
  📝 Reason: 5m: MACD bearish; 15m: MACD bearish; 1h: MACD bearish; 4h: RSI oversold (20.0)
  ⚠️ Sell signal but no position

[05:40:20] Cycle 555
  💰 Current Price: $1977.15
  🎯 Signal: HOLD (confidence: 0.07)
  📝 Reason: 5m: MACD bullish; 15m: MACD bearish; 1h: MACD bearish; 4h: RSI oversold (20.0)

[05:40:51] Cycle 556
  💰 Current Price: $1978.11
  🎯 Signal: HOLD (confidence: 0.07)
  📝 Reason: 5m: MACD bullish; 15m: MACD bearish; 1h: MACD bearish; 4h: RSI oversold (20.1)

[05:41:22] Cycle 557
  💰 Current Price: $1978.01
  🎯 Signal: HOLD (confidence: 0.07)
  📝 Reason: 5m: MACD bullish; 15m: MACD bearish; 1h: MACD bearish; 4h: RSI oversold (20.1)

[05:41:53] Cycle 558
  💰 Current Price: $1978.02
  🎯 Signal: HOLD (confidence: 0.07)
  📝 Reason: 5m: MACD bullish; 15m: MACD bearish; 1h: MACD bearish; 4h: RSI oversold (20.1)

[05:42:23] Cycle 559
  💰 Current Price: $1978.11
  🎯 Signal: HOLD (confidence: 0.07)
  📝 Reason: 5m: MACD bullish; 15m: MACD bearish; 1h: MACD bearish; 4h: RSI oversold (20.1)

[05:42:54] Cycle 560
  💰 Current Price: $1978.06
  🎯 Signal: HOLD (confidence: 0.07)
  📝 Reason: 5m: MACD bullish; 15m: MACD bearish; 1h: MACD bearish; 4h: RSI oversold (20.1)

[05:43:25] Cycle 561
  💰 Current Price: $1977.00
  🎯 Signal: HOLD (confidence: 0.07)
  📝 Reason: 5m: MACD bullish; 15m: MACD bearish; 1h: MACD bearish; 4h: RSI oversold (20.0)

[05:43:56] Cycle 562
  💰 Current Price: $1977.73
  🎯 Signal: HOLD (confidence: 0.07)
  📝 Reason: 5m: MACD bullish; 15m: MACD bearish; 1h: MACD bearish; 4h: RSI oversold (20.1)

[05:44:27] Cycle 563
  💰 Current Price: $1977.73
  🎯 Signal: HOLD (confidence: 0.07)
  📝 Reason: 5m: MACD bullish; 15m: MACD bearish; 1h: MACD bearish; 4h: RSI oversold (20.1)

[05:44:58] Cycle 564
  💰 Current Price: $1977.90
  🎯 Signal: HOLD (confidence: 0.07)
  📝 Reason: 5m: MACD bullish; 15m: MACD bearish; 1h: MACD bearish; 4h: RSI oversold (20.1)

[05:45:29] Cycle 565
  💰 Current Price: $1978.63
  🎯 Signal: HOLD (confidence: 0.07)
  📝 Reason: 5m: MACD bullish; 15m: MACD bearish; 1h: MACD bearish; 4h: RSI oversold (20.1)

[05:46:00] Cycle 566
  💰 Current Price: $1978.63
  🎯 Signal: HOLD (confidence: 0.07)
  📝 Reason: 5m: MACD bullish; 15m: MACD bearish; 1h: MACD bearish; 4h: RSI oversold (20.1)

[05:46:30] Cycle 567
  💰 Current Price: $1978.92
  🎯 Signal: HOLD (confidence: 0.07)
  📝 Reason: 5m: MACD bullish; 15m: MACD bearish; 1h: MACD bearish; 4h: RSI oversold (20.2)

[05:47:02] Cycle 568
  💰 Current Price: $1979.35
  🎯 Signal: HOLD (confidence: 0.07)
  📝 Reason: 5m: MACD bullish; 15m: MACD bearish; 1h: MACD bearish; 4h: RSI oversold (20.2)

[05:47:32] Cycle 569
  💰 Current Price: $1979.34
  🎯 Signal: HOLD (confidence: 0.07)
  📝 Reason: 5m: MACD bullish; 15m: MACD bearish; 1h: MACD bearish; 4h: RSI oversold (20.2)

[05:48:03] Cycle 570
  💰 Current Price: $1979.34
  🎯 Signal: HOLD (confidence: 0.07)
  📝 Reason: 5m: MACD bullish; 15m: MACD bearish; 1h: MACD bearish; 4h: RSI oversold (20.2)

[05:48:34] Cycle 571
  💰 Current Price: $1978.72
  🎯 Signal: HOLD (confidence: 0.07)
  📝 Reason: 5m: MACD bullish; 15m: MACD bearish; 1h: MACD bearish; 4h: RSI oversold (20.1)

[05:49:05] Cycle 572
  💰 Current Price: $1978.72
  🎯 Signal: HOLD (confidence: 0.07)
  📝 Reason: 5m: MACD bullish; 15m: MACD bearish; 1h: MACD bearish; 4h: RSI oversold (20.1)

[05:49:36] Cycle 573
  💰 Current Price: $1978.71
  🎯 Signal: HOLD (confidence: 0.07)
  📝 Reason: 5m: MACD bullish; 15m: MACD bearish; 1h: MACD bearish; 4h: RSI oversold (20.1)

[05:50:06] Cycle 574
  💰 Current Price: $1978.30
  🎯 Signal: HOLD (confidence: 0.07)
  📝 Reason: 5m: MACD bullish; 15m: MACD bearish; 1h: MACD bearish; 4h: RSI oversold (20.1)

[05:50:37] Cycle 575
  💰 Current Price: $1978.31
  🎯 Signal: HOLD (confidence: 0.07)
  📝 Reason: 5m: MACD bullish; 15m: MACD bearish; 1h: MACD bearish; 4h: RSI oversold (20.1)

[05:51:08] Cycle 576
  💰 Current Price: $1978.28
  🎯 Signal: HOLD (confidence: 0.07)
  📝 Reason: 5m: MACD bullish; 15m: MACD bearish; 1h: MACD bearish; 4h: RSI oversold (20.1)

[05:51:39] Cycle 577
  💰 Current Price: $1978.00
  🎯 Signal: HOLD (confidence: 0.07)
  📝 Reason: 5m: MACD bullish; 15m: MACD bearish; 1h: MACD bearish; 4h: RSI oversold (20.1)

[05:52:10] Cycle 578
  💰 Current Price: $1978.00
  🎯 Signal: HOLD (confidence: 0.07)
  📝 Reason: 5m: MACD bullish; 15m: MACD bearish; 1h: MACD bearish; 4h: RSI oversold (20.1)

[05:52:40] Cycle 579
  💰 Current Price: $1978.78
  🎯 Signal: HOLD (confidence: 0.07)
  📝 Reason: 5m: MACD bullish; 15m: MACD bearish; 1h: MACD bearish; 4h: RSI oversold (20.1)

[05:53:11] Cycle 580
  💰 Current Price: $1978.52
  🎯 Signal: HOLD (confidence: 0.07)
  📝 Reason: 5m: MACD bullish; 15m: MACD bearish; 1h: MACD bearish; 4h: RSI oversold (20.1)

[05:50:37] Cycle 580
  💰 Current Price: $1978.31
  🎯 Signal: HOLD (confidence: 0.07)
  📝 Reason: 5m: MACD bullish; 15m: MACD bearish; 1h: MACD bearish; 4h: RSI oversold (20.1)

[05:51:08] Cycle 581
  💰 Current Price: $1978.28
  🎯 Signal: HOLD (confidence: 0.07)
  📝 Reason: 5m: MACD bullish; 15m: MACD bearish; 1h: MACD bearish; 4h: RSI oversold (20.1)

[05:51:39] Cycle 582
  💰 Current Price: $1978.00
  🎯 Signal: HOLD (confidence: 0.07)
  📝 Reason: 5m: MACD bullish; 15m: MACD bearish; 1h: MACD bearish; 4h: RSI oversold (20.1)

[05:52:09] Cycle 583
  💰 Current Price: $1978.00
  🎯 Signal: HOLD (confidence: 0.07)
  📝 Reason: 5m: MACD bullish; 15m: MACD bearish; 1h: MACD bearish; 4h: RSI oversold (20.1)

[05:52:40] Cycle 584
  💰 Current Price: $1978.78
  🎯 Signal: HOLD (confidence: 0.07)
  📝 Reason: 5m: MACD bullish; 15m: MACD bearish; 1h: MACD bearish; 4h: RSI oversold (20.1)

[05:53:11] Cycle 585
  💰 Current Price: $1978.52
  🎯 Signal: HOLD (confidence: 0.07)
  📝 Reason: 5m: MACD bullish; 15m: MACD bearish; 1h: MACD bearish; 4h: RSI oversold (20.1)

[05:53:42] Cycle 586
  💰 Current Price: $1978.89
  🎯 Signal: HOLD (confidence: 0.07)
  📝 Reason: 5m: MACD bullish; 15m: MACD bearish; 1h: MACD bearish; 4h: RSI oversold (20.2)

[05:54:12] Cycle 587
  💰 Current Price: $1979.29
  🎯 Signal: HOLD (confidence: 0.07)
  📝 Reason: 5m: MACD bullish; 15m: MACD bearish; 1h: MACD bearish; 4h: RSI oversold (20.2)

[05:54:43] Cycle 588
  💰 Current Price: $1979.29
  🎯 Signal: HOLD (confidence: 0.07)
  📝 Reason: 5m: MACD bullish; 15m: MACD bearish; 1h: MACD bearish; 4h: RSI oversold (20.2)

[05:55:14] Cycle 589
  💰 Current Price: $1979.29
  🎯 Signal: HOLD (confidence: 0.07)
  📝 Reason: 5m: MACD bullish; 15m: MACD bearish; 1h: MACD bearish; 4h: RSI oversold (20.2)

[05:55:45] Cycle 590
  💰 Current Price: $1979.29
  🎯 Signal: HOLD (confidence: 0.07)
  📝 Reason: 5m: MACD bullish; 15m: MACD bearish; 1h: MACD bearish; 4h: RSI oversold (20.2)

[05:56:16] Cycle 591
  💰 Current Price: $1979.10
  🎯 Signal: HOLD (confidence: 0.07)
  📝 Reason: 5m: MACD bullish; 15m: MACD bearish; 1h: MACD bearish; 4h: RSI oversold (20.2)

[05:56:47] Cycle 592
  💰 Current Price: $1978.89
  🎯 Signal: HOLD (confidence: 0.07)
  📝 Reason: 5m: MACD bullish; 15m: MACD bearish; 1h: MACD bearish; 4h: RSI oversold (20.2)

[05:57:18] Cycle 593
  💰 Current Price: $1978.50
  🎯 Signal: HOLD (confidence: 0.07)
  📝 Reason: 5m: MACD bullish; 15m: MACD bearish; 1h: MACD bearish; 4h: RSI oversold (20.1)

[05:57:49] Cycle 594
  💰 Current Price: $1978.50
  🎯 Signal: HOLD (confidence: 0.07)
  📝 Reason: 5m: MACD bullish; 15m: MACD bearish; 1h: MACD bearish; 4h: RSI oversold (20.1)

[05:58:20] Cycle 595
  💰 Current Price: $1978.50
  🎯 Signal: HOLD (confidence: 0.07)
  📝 Reason: 5m: MACD bullish; 15m: MACD bearish; 1h: MACD bearish; 4h: RSI oversold (20.1)

[05:58:50] Cycle 596
  💰 Current Price: $1977.80
  🎯 Signal: HOLD (confidence: 0.07)
  📝 Reason: 5m: MACD bullish; 15m: MACD bearish; 1h: MACD bearish; 4h: RSI oversold (20.1)

[05:59:21] Cycle 597
  💰 Current Price: $1977.82
  🎯 Signal: HOLD (confidence: 0.07)
  📝 Reason: 5m: MACD bullish; 15m: MACD bearish; 1h: MACD bearish; 4h: RSI oversold (20.1)

[05:59:52] Cycle 598
  💰 Current Price: $1977.82
  🎯 Signal: HOLD (confidence: 0.07)
  📝 Reason: 5m: MACD bullish; 15m: MACD bearish; 1h: MACD bearish; 4h: RSI oversold (20.1)

[06:00:23] Cycle 599
  💰 Current Price: $1978.35
  🎯 Signal: HOLD (confidence: 0.07)
  📝 Reason: 5m: MACD bullish; 15m: MACD bearish; 1h: MACD bearish; 4h: RSI oversold (20.1)

[06:00:53] Cycle 600
  💰 Current Price: $1978.45
  🎯 Signal: HOLD (confidence: 0.07)
  📝 Reason: 5m: MACD bullish; 15m: MACD bearish; 1h: MACD bearish; 4h: RSI oversold (20.1)

[06:01:24] Cycle 601
  💰 Current Price: $1978.42
  🎯 Signal: HOLD (confidence: 0.07)
  📝 Reason: 5m: MACD bullish; 15m: MACD bearish; 1h: MACD bearish; 4h: RSI oversold (20.1)

[06:01:55] Cycle 602
  💰 Current Price: $1977.41
  🎯 Signal: HOLD (confidence: 0.07)
  📝 Reason: 5m: MACD bullish; 15m: MACD bearish; 1h: MACD bearish; 4h: RSI oversold (20.0)

[06:02:26] Cycle 603
  💰 Current Price: $1977.20
  🎯 Signal: HOLD (confidence: 0.07)
  📝 Reason: 5m: MACD bullish; 15m: MACD bearish; 1h: MACD bearish; 4h: RSI oversold (20.0)

[06:02:57] Cycle 604
  💰 Current Price: $1977.21
  🎯 Signal: HOLD (confidence: 0.07)
  📝 Reason: 5m: MACD bullish; 15m: MACD bearish; 1h: MACD bearish; 4h: RSI oversold (20.0)

[06:03:28] Cycle 605
  💰 Current Price: $1977.21
  🎯 Signal: HOLD (confidence: 0.07)
  📝 Reason: 5m: MACD bullish; 15m: MACD bearish; 1h: MACD bearish; 4h: RSI oversold (20.0)

[06:03:59] Cycle 606
  💰 Current Price: $1977.58
  🎯 Signal: HOLD (confidence: 0.07)
  📝 Reason: 5m: MACD bullish; 15m: MACD bearish; 1h: MACD bearish; 4h: RSI oversold (20.0)

[06:04:30] Cycle 607
  💰 Current Price: $1977.81
  🎯 Signal: HOLD (confidence: 0.07)
  📝 Reason: 5m: MACD bullish; 15m: MACD bearish; 1h: MACD bearish; 4h: RSI oversold (20.1)

[06:05:01] Cycle 608
  💰 Current Price: $1977.81
  🎯 Signal: HOLD (confidence: 0.07)
  📝 Reason: 5m: MACD bullish; 15m: MACD bearish; 1h: MACD bearish; 4h: RSI oversold (20.1)

[06:05:32] Cycle 609
  💰 Current Price: $1977.72
  🎯 Signal: HOLD (confidence: 0.07)
  📝 Reason: 5m: MACD bullish; 15m: MACD bearish; 1h: MACD bearish; 4h: RSI oversold (20.1)

[06:06:03] Cycle 610
  💰 Current Price: $1977.81
  🎯 Signal: HOLD (confidence: 0.07)
  📝 Reason: 5m: MACD bullish; 15m: MACD bearish; 1h: MACD bearish; 4h: RSI oversold (20.1)

[06:06:33] Cycle 611
  💰 Current Price: $1978.00
  🎯 Signal: HOLD (confidence: 0.07)
  📝 Reason: 5m: MACD bullish; 15m: MACD bearish; 1h: MACD bearish; 4h: RSI oversold (20.1)

[06:07:04] Cycle 612
  💰 Current Price: $1977.80
  🎯 Signal: HOLD (confidence: 0.07)
  📝 Reason: 5m: MACD bullish; 15m: MACD bearish; 1h: MACD bearish; 4h: RSI oversold (20.1)

[06:07:35] Cycle 613
  💰 Current Price: $1977.21
  🎯 Signal: HOLD (confidence: 0.07)
  📝 Reason: 5m: MACD bullish; 15m: MACD bearish; 1h: MACD bearish; 4h: RSI oversold (20.0)

[06:08:06] Cycle 614
  💰 Current Price: $1977.35
  🎯 Signal: HOLD (confidence: 0.07)
  📝 Reason: 5m: MACD bullish; 15m: MACD bearish; 1h: MACD bearish; 4h: RSI oversold (20.0)

[06:08:37] Cycle 615
  💰 Current Price: $1977.07
  🎯 Signal: HOLD (confidence: 0.07)
  📝 Reason: 5m: MACD bullish; 15m: MACD bearish; 1h: MACD bearish; 4h: RSI oversold (20.0)

[06:09:08] Cycle 616
  💰 Current Price: $1977.07
  🎯 Signal: HOLD (confidence: 0.07)
  📝 Reason: 5m: MACD bullish; 15m: MACD bearish; 1h: MACD bearish; 4h: RSI oversold (20.0)

[06:09:38] Cycle 617
  💰 Current Price: $1977.07
  🎯 Signal: HOLD (confidence: 0.07)
  📝 Reason: 5m: MACD bullish; 15m: MACD bearish; 1h: MACD bearish; 4h: RSI oversold (20.0)

[06:10:09] Cycle 618
  💰 Current Price: $1976.34
  🎯 Signal: HOLD (confidence: 0.07)
  📝 Reason: 5m: MACD bullish; 15m: MACD bearish; 1h: MACD bearish; 4h: RSI oversold (20.0)

[06:10:40] Cycle 619
  💰 Current Price: $1976.21
  🎯 Signal: HOLD (confidence: 0.07)
  📝 Reason: 5m: MACD bullish; 15m: MACD bearish; 1h: MACD bearish; 4h: RSI oversold (19.9)

[06:11:11] Cycle 620
  💰 Current Price: $1976.78
  🎯 Signal: HOLD (confidence: 0.07)
  📝 Reason: 5m: MACD bullish; 15m: MACD bearish; 1h: MACD bearish; 4h: RSI oversold (20.0)

[06:11:42] Cycle 621
  💰 Current Price: $1976.13
  🎯 Signal: HOLD (confidence: 0.07)
  📝 Reason: 5m: MACD bullish; 15m: MACD bearish; 1h: MACD bearish; 4h: RSI oversold (19.9)

[06:12:13] Cycle 622
  💰 Current Price: $1975.23
  🎯 Signal: HOLD (confidence: 0.07)
  📝 Reason: 5m: MACD bullish; 15m: MACD bearish; 1h: MACD bearish; 4h: RSI oversold (19.9)

[06:12:44] Cycle 623
  💰 Current Price: $1975.72
  🎯 Signal: HOLD (confidence: 0.07)
  📝 Reason: 5m: MACD bullish; 15m: MACD bearish; 1h: MACD bearish; 4h: RSI oversold (20.1)

[05:53:42] Cycle 581
  💰 Current Price: $1978.89
  🎯 Signal: HOLD (confidence: 0.07)
  📝 Reason: 5m: MACD bullish; 15m: MACD bearish; 1h: MACD bearish; 4h: RSI oversold (20.2)

[05:54:13] Cycle 582
  💰 Current Price: $1979.29
  🎯 Signal: HOLD (confidence: 0.07)
  📝 Reason: 5m: MACD bullish; 15m: MACD bearish; 1h: MACD bearish; 4h: RSI oversold (20.2)

[05:54:43] Cycle 583
  💰 Current Price: $1979.29
  🎯 Signal: HOLD (confidence: 0.07)
  📝 Reason: 5m: MACD bullish; 15m: MACD bearish; 1h: MACD bearish; 4h: RSI oversold (20.2)

[05:55:14] Cycle 584
  💰 Current Price: $1979.29
  🎯 Signal: HOLD (confidence: 0.07)
  📝 Reason: 5m: MACD bullish; 15m: MACD bearish; 1h: MACD bearish; 4h: RSI oversold (20.2)

[05:55:45] Cycle 585
  💰 Current Price: $1979.29
  🎯 Signal: HOLD (confidence: 0.07)
  📝 Reason: 5m: MACD bullish; 15m: MACD bearish; 1h: MACD bearish; 4h: RSI oversold (20.2)

[05:56:16] Cycle 586
  💰 Current Price: $1979.10
  🎯 Signal: HOLD (confidence: 0.07)
  📝 Reason: 5m: MACD bullish; 15m: MACD bearish; 1h: MACD bearish; 4h: RSI oversold (20.2)

[05:56:47] Cycle 587
  💰 Current Price: $1978.89
  🎯 Signal: HOLD (confidence: 0.07)
  📝 Reason: 5m: MACD bullish; 15m: MACD bearish; 1h: MACD bearish; 4h: RSI oversold (20.2)

[05:57:18] Cycle 588
  💰 Current Price: $1978.50
  🎯 Signal: HOLD (confidence: 0.07)
  📝 Reason: 5m: MACD bullish; 15m: MACD bearish; 1h: MACD bearish; 4h: RSI oversold (20.1)

[05:57:49] Cycle 589
  💰 Current Price: $1978.50
  🎯 Signal: HOLD (confidence: 0.07)
  📝 Reason: 5m: MACD bullish; 15m: MACD bearish; 1h: MACD bearish; 4h: RSI oversold (20.1)

[05:58:20] Cycle 590
  💰 Current Price: $1978.50
  🎯 Signal: HOLD (confidence: 0.07)
  📝 Reason: 5m: MACD bullish; 15m: MACD bearish; 1h: MACD bearish; 4h: RSI oversold (20.1)

[05:58:50] Cycle 591
  💰 Current Price: $1977.80
  🎯 Signal: HOLD (confidence: 0.07)
  📝 Reason: 5m: MACD bullish; 15m: MACD bearish; 1h: MACD bearish; 4h: RSI oversold (20.1)

[05:59:21] Cycle 592
  💰 Current Price: $1977.82
  🎯 Signal: HOLD (confidence: 0.07)
  📝 Reason: 5m: MACD bullish; 15m: MACD bearish; 1h: MACD bearish; 4h: RSI oversold (20.1)

[05:59:52] Cycle 593
  💰 Current Price: $1977.82
  🎯 Signal: HOLD (confidence: 0.07)
  📝 Reason: 5m: MACD bullish; 15m: MACD bearish; 1h: MACD bearish; 4h: RSI oversold (20.1)

[06:00:23] Cycle 594
  💰 Current Price: $1978.35
  🎯 Signal: HOLD (confidence: 0.07)
  📝 Reason: 5m: MACD bullish; 15m: MACD bearish; 1h: MACD bearish; 4h: RSI oversold (20.1)

[06:00:53] Cycle 595
  💰 Current Price: $1978.45
  🎯 Signal: HOLD (confidence: 0.07)
  📝 Reason: 5m: MACD bullish; 15m: MACD bearish; 1h: MACD bearish; 4h: RSI oversold (20.1)

[06:01:24] Cycle 596
  💰 Current Price: $1978.42
  🎯 Signal: HOLD (confidence: 0.07)
  📝 Reason: 5m: MACD bullish; 15m: MACD bearish; 1h: MACD bearish; 4h: RSI oversold (20.1)

[06:01:56] Cycle 597
  💰 Current Price: $1977.41
  🎯 Signal: HOLD (confidence: 0.07)
  📝 Reason: 5m: MACD bullish; 15m: MACD bearish; 1h: MACD bearish; 4h: RSI oversold (20.0)

[06:02:26] Cycle 598
  💰 Current Price: $1977.20
  🎯 Signal: HOLD (confidence: 0.07)
  📝 Reason: 5m: MACD bullish; 15m: MACD bearish; 1h: MACD bearish; 4h: RSI oversold (20.0)

[06:02:57] Cycle 599
  💰 Current Price: $1977.21
  🎯 Signal: HOLD (confidence: 0.07)
  📝 Reason: 5m: MACD bullish; 15m: MACD bearish; 1h: MACD bearish; 4h: RSI oversold (20.0)

[06:03:28] Cycle 600
  💰 Current Price: $1977.21
  🎯 Signal: HOLD (confidence: 0.07)
  📝 Reason: 5m: MACD bullish; 15m: MACD bearish; 1h: MACD bearish; 4h: RSI oversold (20.0)

[06:03:59] Cycle 601
  💰 Current Price: $1977.58
  🎯 Signal: HOLD (confidence: 0.07)
  📝 Reason: 5m: MACD bullish; 15m: MACD bearish; 1h: MACD bearish; 4h: RSI oversold (20.0)

[06:04:30] Cycle 602
  💰 Current Price: $1977.81
  🎯 Signal: HOLD (confidence: 0.07)
  📝 Reason: 5m: MACD bullish; 15m: MACD bearish; 1h: MACD bearish; 4h: RSI oversold (20.1)

[06:05:01] Cycle 603
  💰 Current Price: $1977.81
  🎯 Signal: HOLD (confidence: 0.07)
  📝 Reason: 5m: MACD bullish; 15m: MACD bearish; 1h: MACD bearish; 4h: RSI oversold (20.1)

[06:05:32] Cycle 604
  💰 Current Price: $1977.72
  🎯 Signal: HOLD (confidence: 0.07)
  📝 Reason: 5m: MACD bullish; 15m: MACD bearish; 1h: MACD bearish; 4h: RSI oversold (20.1)

[06:06:03] Cycle 605
  💰 Current Price: $1977.81
  🎯 Signal: HOLD (confidence: 0.07)
  📝 Reason: 5m: MACD bullish; 15m: MACD bearish; 1h: MACD bearish; 4h: RSI oversold (20.1)

[06:06:34] Cycle 606
  💰 Current Price: $1978.00
  🎯 Signal: HOLD (confidence: 0.07)
  📝 Reason: 5m: MACD bullish; 15m: MACD bearish; 1h: MACD bearish; 4h: RSI oversold (20.1)

[06:07:04] Cycle 607
  💰 Current Price: $1977.80
  🎯 Signal: HOLD (confidence: 0.07)
  📝 Reason: 5m: MACD bullish; 15m: MACD bearish; 1h: MACD bearish; 4h: RSI oversold (20.1)

[06:07:35] Cycle 608
  💰 Current Price: $1977.21
  🎯 Signal: HOLD (confidence: 0.07)
  📝 Reason: 5m: MACD bullish; 15m: MACD bearish; 1h: MACD bearish; 4h: RSI oversold (20.0)

[06:08:06] Cycle 609
  💰 Current Price: $1977.35
  🎯 Signal: HOLD (confidence: 0.07)
  📝 Reason: 5m: MACD bullish; 15m: MACD bearish; 1h: MACD bearish; 4h: RSI oversold (20.0)

[06:08:37] Cycle 610
  💰 Current Price: $1977.07
  🎯 Signal: HOLD (confidence: 0.07)
  📝 Reason: 5m: MACD bullish; 15m: MACD bearish; 1h: MACD bearish; 4h: RSI oversold (20.0)

[06:09:08] Cycle 611
  💰 Current Price: $1977.07
  🎯 Signal: HOLD (confidence: 0.07)
  📝 Reason: 5m: MACD bullish; 15m: MACD bearish; 1h: MACD bearish; 4h: RSI oversold (20.0)

[06:09:38] Cycle 612
  💰 Current Price: $1977.07
  🎯 Signal: HOLD (confidence: 0.07)
  📝 Reason: 5m: MACD bullish; 15m: MACD bearish; 1h: MACD bearish; 4h: RSI oversold (20.0)

[06:10:09] Cycle 613
  💰 Current Price: $1976.34
  🎯 Signal: HOLD (confidence: 0.07)
  📝 Reason: 5m: MACD bullish; 15m: MACD bearish; 1h: MACD bearish; 4h: RSI oversold (20.0)

[06:10:40] Cycle 614
  💰 Current Price: $1976.21
  🎯 Signal: HOLD (confidence: 0.07)
  📝 Reason: 5m: MACD bullish; 15m: MACD bearish; 1h: MACD bearish; 4h: RSI oversold (19.9)

[06:11:11] Cycle 615
  💰 Current Price: $1976.78
  🎯 Signal: HOLD (confidence: 0.07)
  📝 Reason: 5m: MACD bullish; 15m: MACD bearish; 1h: MACD bearish; 4h: RSI oversold (20.0)

[06:11:42] Cycle 616
  💰 Current Price: $1976.13
  🎯 Signal: HOLD (confidence: 0.07)
  📝 Reason: 5m: MACD bullish; 15m: MACD bearish; 1h: MACD bearish; 4h: RSI oversold (19.9)

[06:12:13] Cycle 617
  💰 Current Price: $1975.23
  🎯 Signal: HOLD (confidence: 0.07)
  📝 Reason: 5m: MACD bullish; 15m: MACD bearish; 1h: MACD bearish; 4h: RSI oversold (19.9)

[06:12:44] Cycle 618
  💰 Current Price: $1975.72
  🎯 Signal: HOLD (confidence: 0.07)
  📝 Reason: 5m: MACD bullish; 15m: MACD bearish; 1h: MACD bearish; 4h: RSI oversold (19.9)

[06:13:14] Cycle 619
  💰 Current Price: $1975.37
  🎯 Signal: HOLD (confidence: 0.07)
  📝 Reason: 5m: MACD bullish; 15m: MACD bearish; 1h: MACD bearish; 4h: RSI oversold (19.9)

[06:13:45] Cycle 620
  💰 Current Price: $1975.64
  🎯 Signal: HOLD (confidence: 0.07)
  📝 Reason: 5m: MACD bullish; 15m: MACD bearish; 1h: MACD bearish; 4h: RSI oversold (19.9)

[06:14:16] Cycle 621
  💰 Current Price: $1976.51
  🎯 Signal: HOLD (confidence: 0.07)
  📝 Reason: 5m: MACD bullish; 15m: MACD bearish; 1h: MACD bearish; 4h: RSI oversold (20.0)

[06:14:47] Cycle 622
  💰 Current Price: $1976.39
  🎯 Signal: HOLD (confidence: 0.07)
  📝 Reason: 5m: MACD bullish; 15m: MACD bearish; 1h: MACD bearish; 4h: RSI oversold (20.0)

[06:15:18] Cycle 623
  💰 Current Price: $1976.38
  🎯 Signal: HOLD (confidence: 0.07)
  📝 Reason: 5m: MACD bullish; 15m: MACD bearish; 1h: MACD bearish; 4h: RSI oversold (20.0)

[06:15:49] Cycle 624
  💰 Current Price: $1976.27
  🎯 Signal: HOLD (confidence: 0.07)
  📝 Reason: 5m: MACD bullish; 15m: MACD bearish; 1h: MACD bearish; 4h: RSI oversold (19.9)

[06:13:14] Cycle 624
  💰 Current Price: $1975.37
  🎯 Signal: HOLD (confidence: 0.07)
  📝 Reason: 5m: MACD bullish; 15m: MACD bearish; 1h: MACD bearish; 4h: RSI oversold (19.9)

[06:13:45] Cycle 625
  💰 Current Price: $1975.64
  🎯 Signal: HOLD (confidence: 0.07)
  📝 Reason: 5m: MACD bullish; 15m: MACD bearish; 1h: MACD bearish; 4h: RSI oversold (19.9)

[06:14:16] Cycle 626
  💰 Current Price: $1976.51
  🎯 Signal: HOLD (confidence: 0.07)
  📝 Reason: 5m: MACD bullish; 15m: MACD bearish; 1h: MACD bearish; 4h: RSI oversold (20.0)

[06:14:47] Cycle 627
  💰 Current Price: $1976.39
  🎯 Signal: HOLD (confidence: 0.07)
  📝 Reason: 5m: MACD bullish; 15m: MACD bearish; 1h: MACD bearish; 4h: RSI oversold (20.0)

[06:15:18] Cycle 628
  💰 Current Price: $1976.38
  🎯 Signal: HOLD (confidence: 0.07)
  📝 Reason: 5m: MACD bullish; 15m: MACD bearish; 1h: MACD bearish; 4h: RSI oversold (20.0)

[06:15:49] Cycle 629
  💰 Current Price: $1976.27
  🎯 Signal: HOLD (confidence: 0.07)
  📝 Reason: 5m: MACD bullish; 15m: MACD bearish; 1h: MACD bearish; 4h: RSI oversold (19.9)

[06:16:20] Cycle 630
  💰 Current Price: $1976.27
  🎯 Signal: HOLD (confidence: 0.07)
  📝 Reason: 5m: MACD bullish; 15m: MACD bearish; 1h: MACD bearish; 4h: RSI oversold (19.9)

[06:16:51] Cycle 631
  💰 Current Price: $1976.08
  🎯 Signal: HOLD (confidence: 0.07)
  📝 Reason: 5m: MACD bullish; 15m: MACD bearish; 1h: MACD bearish; 4h: RSI oversold (19.9)

[06:17:22] Cycle 632
  💰 Current Price: $1976.07
  🎯 Signal: HOLD (confidence: 0.07)
  📝 Reason: 5m: MACD bullish; 15m: MACD bearish; 1h: MACD bearish; 4h: RSI oversold (19.9)

[06:17:53] Cycle 633
  💰 Current Price: $1976.07
  🎯 Signal: HOLD (confidence: 0.07)
  📝 Reason: 5m: MACD bullish; 15m: MACD bearish; 1h: MACD bearish; 4h: RSI oversold (19.9)

[06:18:23] Cycle 634
  💰 Current Price: $1977.15
  🎯 Signal: HOLD (confidence: 0.07)
  📝 Reason: 5m: MACD bullish; 15m: MACD bearish; 1h: MACD bearish; 4h: RSI oversold (20.0)

[06:18:54] Cycle 635
  💰 Current Price: $1977.23
  🎯 Signal: HOLD (confidence: 0.07)
  📝 Reason: 5m: MACD bullish; 15m: MACD bearish; 1h: MACD bearish; 4h: RSI oversold (20.0)

[06:19:25] Cycle 636
  💰 Current Price: $1977.23
  🎯 Signal: HOLD (confidence: 0.07)
  📝 Reason: 5m: MACD bullish; 15m: MACD bearish; 1h: MACD bearish; 4h: RSI oversold (20.0)

[06:19:56] Cycle 637
  💰 Current Price: $1977.12
  🎯 Signal: HOLD (confidence: 0.07)
  📝 Reason: 5m: MACD bullish; 15m: MACD bearish; 1h: MACD bearish; 4h: RSI oversold (20.0)

[06:20:26] Cycle 638
  💰 Current Price: $1975.05
  🎯 Signal: HOLD (confidence: 0.07)
  📝 Reason: 5m: MACD bullish; 15m: MACD bearish; 1h: MACD bearish; 4h: RSI oversold (19.9)

[06:20:57] Cycle 639
  💰 Current Price: $1974.44
  🎯 Signal: HOLD (confidence: 0.07)
  📝 Reason: 5m: MACD bullish; 15m: MACD bearish; 1h: MACD bearish; 4h: RSI oversold (19.8)

[06:21:28] Cycle 640
  💰 Current Price: $1974.92
  🎯 Signal: HOLD (confidence: 0.07)
  📝 Reason: 5m: MACD bullish; 15m: MACD bearish; 1h: MACD bearish; 4h: RSI oversold (19.8)

[06:21:59] Cycle 641
  💰 Current Price: $1976.30
  🎯 Signal: HOLD (confidence: 0.07)
  📝 Reason: 5m: MACD bullish; 15m: MACD bearish; 1h: MACD bearish; 4h: RSI oversold (19.9)

[06:22:30] Cycle 642
  💰 Current Price: $1976.43
  🎯 Signal: HOLD (confidence: 0.07)
  📝 Reason: 5m: MACD bullish; 15m: MACD bearish; 1h: MACD bearish; 4h: RSI oversold (20.0)

[06:23:01] Cycle 643
  💰 Current Price: $1976.14
  🎯 Signal: HOLD (confidence: 0.07)
  📝 Reason: 5m: MACD bullish; 15m: MACD bearish; 1h: MACD bearish; 4h: RSI oversold (19.9)

[06:23:31] Cycle 644
  💰 Current Price: $1976.56
  🎯 Signal: HOLD (confidence: 0.07)
  📝 Reason: 5m: MACD bullish; 15m: MACD bearish; 1h: MACD bearish; 4h: RSI oversold (20.0)

[06:24:02] Cycle 645
  💰 Current Price: $1976.56
  🎯 Signal: HOLD (confidence: 0.07)
  📝 Reason: 5m: MACD bullish; 15m: MACD bearish; 1h: MACD bearish; 4h: RSI oversold (20.0)

[06:24:33] Cycle 646
  💰 Current Price: $1976.41
  🎯 Signal: HOLD (confidence: 0.07)
  📝 Reason: 5m: MACD bullish; 15m: MACD bearish; 1h: MACD bearish; 4h: RSI oversold (19.9)

[06:25:04] Cycle 647
  💰 Current Price: $1976.20
  🎯 Signal: HOLD (confidence: 0.07)
  📝 Reason: 5m: MACD bullish; 15m: MACD bearish; 1h: MACD bearish; 4h: RSI oversold (19.9)

[06:25:35] Cycle 648
  💰 Current Price: $1975.81
  🎯 Signal: HOLD (confidence: 0.07)
  📝 Reason: 5m: MACD bullish; 15m: MACD bearish; 1h: MACD bearish; 4h: RSI oversold (19.9)

[06:26:06] Cycle 649
  💰 Current Price: $1975.45
  🎯 Signal: HOLD (confidence: 0.07)
  📝 Reason: 5m: MACD bullish; 15m: MACD bearish; 1h: MACD bearish; 4h: RSI oversold (19.9)

[06:26:36] Cycle 650
  💰 Current Price: $1975.45
  🎯 Signal: HOLD (confidence: 0.07)
  📝 Reason: 5m: MACD bullish; 15m: MACD bearish; 1h: MACD bearish; 4h: RSI oversold (19.9)

[06:27:07] Cycle 651
  💰 Current Price: $1975.41
  🎯 Signal: HOLD (confidence: 0.07)
  📝 Reason: 5m: MACD bullish; 15m: MACD bearish; 1h: MACD bearish; 4h: RSI oversold (19.9)

[06:27:38] Cycle 652
  💰 Current Price: $1975.30
  🎯 Signal: HOLD (confidence: 0.07)
  📝 Reason: 5m: MACD bullish; 15m: MACD bearish; 1h: MACD bearish; 4h: RSI oversold (19.9)

[06:28:09] Cycle 653
  💰 Current Price: $1975.08
  🎯 Signal: HOLD (confidence: 0.07)
  📝 Reason: 5m: MACD bullish; 15m: MACD bearish; 1h: MACD bearish; 4h: RSI oversold (19.9)

[06:28:40] Cycle 654
  💰 Current Price: $1975.06
  🎯 Signal: HOLD (confidence: 0.07)
  📝 Reason: 5m: MACD bullish; 15m: MACD bearish; 1h: MACD bearish; 4h: RSI oversold (19.9)

[06:29:11] Cycle 655
  💰 Current Price: $1974.69
  🎯 Signal: HOLD (confidence: 0.07)
  📝 Reason: 5m: MACD bullish; 15m: MACD bearish; 1h: MACD bearish; 4h: RSI oversold (19.8)

[06:29:42] Cycle 656
  💰 Current Price: $1974.69
  🎯 Signal: HOLD (confidence: 0.07)
  📝 Reason: 5m: MACD bullish; 15m: MACD bearish; 1h: MACD bearish; 4h: RSI oversold (19.8)

[06:30:12] Cycle 657
  💰 Current Price: $1974.59
  🎯 Signal: HOLD (confidence: 0.03)
  📝 Reason: 5m: MACD bearish; 15m: RSI oversold (24.8); 15m: MACD bearish; 1h: MACD bearish

[06:30:43] Cycle 658
  💰 Current Price: $1974.59
  🎯 Signal: HOLD (confidence: 0.03)
  📝 Reason: 5m: MACD bearish; 15m: RSI oversold (24.8); 15m: MACD bearish; 1h: MACD bearish

[06:31:14] Cycle 659
  💰 Current Price: $1975.39
  🎯 Signal: HOLD (confidence: 0.03)
  📝 Reason: 5m: MACD bearish; 15m: RSI oversold (26.2); 15m: MACD bearish; 1h: MACD bearish

[06:31:45] Cycle 660
  💰 Current Price: $1975.36
  🎯 Signal: HOLD (confidence: 0.12)
  📝 Reason: 5m: MACD bullish; 15m: RSI oversold (26.9); 15m: MACD bearish; 1h: MACD bearish

[06:32:16] Cycle 661
  💰 Current Price: $1975.87
  🎯 Signal: HOLD (confidence: 0.12)
  📝 Reason: 5m: MACD bullish; 15m: RSI oversold (27.0); 15m: MACD bearish; 1h: MACD bearish

[06:32:46] Cycle 662
  💰 Current Price: $1975.53
  🎯 Signal: HOLD (confidence: 0.12)
  📝 Reason: 5m: MACD bullish; 15m: RSI oversold (26.4); 15m: MACD bearish; 1h: MACD bearish

[06:33:17] Cycle 663
  💰 Current Price: $1974.44
  🎯 Signal: HOLD (confidence: 0.03)
  📝 Reason: 5m: MACD bearish; 15m: RSI oversold (24.5); 15m: MACD bearish; 1h: MACD bearish

[06:33:48] Cycle 664
  💰 Current Price: $1974.11
  🎯 Signal: HOLD (confidence: 0.03)
  📝 Reason: 5m: MACD bearish; 15m: RSI oversold (24.4); 15m: MACD bearish; 1h: MACD bearish

[06:34:19] Cycle 665
  💰 Current Price: $1973.86
  🎯 Signal: HOLD (confidence: 0.03)
  📝 Reason: 5m: MACD bearish; 15m: RSI oversold (24.2); 15m: MACD bearish; 1h: MACD bearish

[06:34:50] Cycle 666
  💰 Current Price: $1974.14
  🎯 Signal: HOLD (confidence: 0.03)
  📝 Reason: 5m: MACD bearish; 15m: RSI oversold (24.4); 15m: MACD bearish; 1h: MACD bearish

[06:35:21] Cycle 667
  💰 Current Price: $1973.43
  📝 Reason: 5m: MACD bullish; 15m: MACD bearish; 1h: MACD bearish; 4h: RSI oversold (19.9)

[06:16:20] Cycle 625
  💰 Current Price: $1976.27
  🎯 Signal: HOLD (confidence: 0.07)
  📝 Reason: 5m: MACD bullish; 15m: MACD bearish; 1h: MACD bearish; 4h: RSI oversold (19.9)

[06:16:51] Cycle 626
  💰 Current Price: $1976.08
  🎯 Signal: HOLD (confidence: 0.07)
  📝 Reason: 5m: MACD bullish; 15m: MACD bearish; 1h: MACD bearish; 4h: RSI oversold (19.9)

[06:17:21] Cycle 627
  💰 Current Price: $1976.07
  🎯 Signal: HOLD (confidence: 0.07)
  📝 Reason: 5m: MACD bullish; 15m: MACD bearish; 1h: MACD bearish; 4h: RSI oversold (19.9)

[06:17:52] Cycle 628
  💰 Current Price: $1976.07
  🎯 Signal: HOLD (confidence: 0.07)
  📝 Reason: 5m: MACD bullish; 15m: MACD bearish; 1h: MACD bearish; 4h: RSI oversold (19.9)

[06:18:23] Cycle 629
  💰 Current Price: $1977.15
  🎯 Signal: HOLD (confidence: 0.07)
  📝 Reason: 5m: MACD bullish; 15m: MACD bearish; 1h: MACD bearish; 4h: RSI oversold (20.0)

[06:18:54] Cycle 630
  💰 Current Price: $1977.23
  🎯 Signal: HOLD (confidence: 0.07)
  📝 Reason: 5m: MACD bullish; 15m: MACD bearish; 1h: MACD bearish; 4h: RSI oversold (20.0)

[06:19:25] Cycle 631
  💰 Current Price: $1977.23
  🎯 Signal: HOLD (confidence: 0.07)
  📝 Reason: 5m: MACD bullish; 15m: MACD bearish; 1h: MACD bearish; 4h: RSI oversold (20.0)

[06:19:56] Cycle 632
  💰 Current Price: $1977.12
  🎯 Signal: HOLD (confidence: 0.07)
  📝 Reason: 5m: MACD bullish; 15m: MACD bearish; 1h: MACD bearish; 4h: RSI oversold (20.0)

[06:20:26] Cycle 633
  💰 Current Price: $1975.05
  🎯 Signal: HOLD (confidence: 0.07)
  📝 Reason: 5m: MACD bullish; 15m: MACD bearish; 1h: MACD bearish; 4h: RSI oversold (19.9)

[06:20:57] Cycle 634
  💰 Current Price: $1974.44
  🎯 Signal: HOLD (confidence: 0.07)
  📝 Reason: 5m: MACD bullish; 15m: MACD bearish; 1h: MACD bearish; 4h: RSI oversold (19.8)

[06:21:28] Cycle 635
  💰 Current Price: $1974.92
  🎯 Signal: HOLD (confidence: 0.07)
  📝 Reason: 5m: MACD bullish; 15m: MACD bearish; 1h: MACD bearish; 4h: RSI oversold (19.8)

[06:21:59] Cycle 636
  💰 Current Price: $1976.30
  🎯 Signal: HOLD (confidence: 0.07)
  📝 Reason: 5m: MACD bullish; 15m: MACD bearish; 1h: MACD bearish; 4h: RSI oversold (19.9)

[06:22:30] Cycle 637
  💰 Current Price: $1976.43
  🎯 Signal: HOLD (confidence: 0.07)
  📝 Reason: 5m: MACD bullish; 15m: MACD bearish; 1h: MACD bearish; 4h: RSI oversold (20.0)

[06:23:01] Cycle 638
  💰 Current Price: $1976.14
  🎯 Signal: HOLD (confidence: 0.07)
  📝 Reason: 5m: MACD bullish; 15m: MACD bearish; 1h: MACD bearish; 4h: RSI oversold (19.9)

[06:23:31] Cycle 639
  💰 Current Price: $1976.56
  🎯 Signal: HOLD (confidence: 0.07)
  📝 Reason: 5m: MACD bullish; 15m: MACD bearish; 1h: MACD bearish; 4h: RSI oversold (20.0)

[06:24:02] Cycle 640
  💰 Current Price: $1976.56
  🎯 Signal: HOLD (confidence: 0.07)
  📝 Reason: 5m: MACD bullish; 15m: MACD bearish; 1h: MACD bearish; 4h: RSI oversold (20.0)

[06:24:33] Cycle 641
  💰 Current Price: $1976.41
  🎯 Signal: HOLD (confidence: 0.07)
  📝 Reason: 5m: MACD bullish; 15m: MACD bearish; 1h: MACD bearish; 4h: RSI oversold (19.9)

[06:25:04] Cycle 642
  💰 Current Price: $1976.20
  🎯 Signal: HOLD (confidence: 0.07)
  📝 Reason: 5m: MACD bullish; 15m: MACD bearish; 1h: MACD bearish; 4h: RSI oversold (19.9)

[06:25:35] Cycle 643
  💰 Current Price: $1975.81
  🎯 Signal: HOLD (confidence: 0.07)
  📝 Reason: 5m: MACD bullish; 15m: MACD bearish; 1h: MACD bearish; 4h: RSI oversold (19.9)

[06:26:06] Cycle 644
  💰 Current Price: $1975.45
  🎯 Signal: HOLD (confidence: 0.07)
  📝 Reason: 5m: MACD bullish; 15m: MACD bearish; 1h: MACD bearish; 4h: RSI oversold (19.9)

[06:26:37] Cycle 645
  💰 Current Price: $1975.45
  🎯 Signal: HOLD (confidence: 0.07)
  📝 Reason: 5m: MACD bullish; 15m: MACD bearish; 1h: MACD bearish; 4h: RSI oversold (19.9)

[06:27:07] Cycle 646
  💰 Current Price: $1975.41
  🎯 Signal: HOLD (confidence: 0.07)
  📝 Reason: 5m: MACD bullish; 15m: MACD bearish; 1h: MACD bearish; 4h: RSI oversold (19.9)

[06:27:38] Cycle 647
  💰 Current Price: $1975.30
  🎯 Signal: HOLD (confidence: 0.07)
  📝 Reason: 5m: MACD bullish; 15m: MACD bearish; 1h: MACD bearish; 4h: RSI oversold (19.9)

[06:28:09] Cycle 648
  💰 Current Price: $1975.08
  🎯 Signal: HOLD (confidence: 0.07)
  📝 Reason: 5m: MACD bullish; 15m: MACD bearish; 1h: MACD bearish; 4h: RSI oversold (19.9)

[06:28:40] Cycle 649
  💰 Current Price: $1975.06
  🎯 Signal: HOLD (confidence: 0.07)
  📝 Reason: 5m: MACD bullish; 15m: MACD bearish; 1h: MACD bearish; 4h: RSI oversold (19.9)

[06:29:11] Cycle 650
  💰 Current Price: $1974.69
  🎯 Signal: HOLD (confidence: 0.07)
  📝 Reason: 5m: MACD bullish; 15m: MACD bearish; 1h: MACD bearish; 4h: RSI oversold (19.8)

[06:29:42] Cycle 651
  💰 Current Price: $1974.69
  🎯 Signal: HOLD (confidence: 0.07)
  📝 Reason: 5m: MACD bullish; 15m: MACD bearish; 1h: MACD bearish; 4h: RSI oversold (19.8)

[06:30:13] Cycle 652
  💰 Current Price: $1974.59
  🎯 Signal: HOLD (confidence: 0.03)
  📝 Reason: 5m: MACD bearish; 15m: RSI oversold (24.8); 15m: MACD bearish; 1h: MACD bearish

[06:30:43] Cycle 653
  💰 Current Price: $1974.59
  🎯 Signal: HOLD (confidence: 0.03)
  📝 Reason: 5m: MACD bearish; 15m: RSI oversold (24.8); 15m: MACD bearish; 1h: MACD bearish

[06:31:14] Cycle 654
  💰 Current Price: $1975.39
  🎯 Signal: HOLD (confidence: 0.03)
  📝 Reason: 5m: MACD bearish; 15m: RSI oversold (26.2); 15m: MACD bearish; 1h: MACD bearish

[06:31:45] Cycle 655
  💰 Current Price: $1975.36
  🎯 Signal: HOLD (confidence: 0.12)
  📝 Reason: 5m: MACD bullish; 15m: RSI oversold (26.9); 15m: MACD bearish; 1h: MACD bearish

[06:32:16] Cycle 656
  💰 Current Price: $1975.87
  🎯 Signal: HOLD (confidence: 0.12)
  📝 Reason: 5m: MACD bullish; 15m: RSI oversold (27.0); 15m: MACD bearish; 1h: MACD bearish

[06:32:47] Cycle 657
  💰 Current Price: $1975.53
  🎯 Signal: HOLD (confidence: 0.12)
  📝 Reason: 5m: MACD bullish; 15m: RSI oversold (26.4); 15m: MACD bearish; 1h: MACD bearish

[06:33:17] Cycle 658
  💰 Current Price: $1974.44
  🎯 Signal: HOLD (confidence: 0.03)
  📝 Reason: 5m: MACD bearish; 15m: RSI oversold (24.5); 15m: MACD bearish; 1h: MACD bearish

[06:33:48] Cycle 659
  💰 Current Price: $1974.11
  🎯 Signal: HOLD (confidence: 0.03)
  📝 Reason: 5m: MACD bearish; 15m: RSI oversold (24.4); 15m: MACD bearish; 1h: MACD bearish

[06:34:19] Cycle 660
  💰 Current Price: $1973.86
  🎯 Signal: HOLD (confidence: 0.03)
  📝 Reason: 5m: MACD bearish; 15m: RSI oversold (24.2); 15m: MACD bearish; 1h: MACD bearish

[06:34:50] Cycle 661
  💰 Current Price: $1974.14
  🎯 Signal: HOLD (confidence: 0.03)
  📝 Reason: 5m: MACD bearish; 15m: RSI oversold (24.4); 15m: MACD bearish; 1h: MACD bearish

[06:35:21] Cycle 662
  💰 Current Price: $1973.43
  🎯 Signal: HOLD (confidence: 0.03)
  📝 Reason: 5m: MACD bearish; 15m: RSI oversold (24.0); 15m: MACD bearish; 1h: MACD bearish

[06:35:52] Cycle 663
  💰 Current Price: $1973.94
  🎯 Signal: HOLD (confidence: 0.03)
  📝 Reason: 5m: MACD bearish; 15m: RSI oversold (24.3); 15m: MACD bearish; 1h: MACD bearish

[06:36:22] Cycle 664
  💰 Current Price: $1973.19
  🎯 Signal: HOLD (confidence: 0.03)
  📝 Reason: 5m: MACD bearish; 15m: RSI oversold (23.8); 15m: MACD bearish; 1h: MACD bearish

[06:36:53] Cycle 665
  💰 Current Price: $1972.92
  🎯 Signal: HOLD (confidence: 0.03)
  📝 Reason: 5m: MACD bearish; 15m: RSI oversold (23.8); 15m: MACD bearish; 1h: MACD bearish

[06:37:24] Cycle 666
  💰 Current Price: $1973.22
  🎯 Signal: HOLD (confidence: 0.03)
  📝 Reason: 5m: MACD bearish; 15m: RSI oversold (23.9); 15m: MACD bearish; 1h: MACD bearish

[06:37:55] Cycle 667
  💰 Current Price: $1973.87
  🎯 Signal: HOLD (confidence: 0.03)
  📝 Reason: 5m: MACD bearish; 15m: RSI oversold (24.2); 15m: MACD bearish; 1h: MACD bearish

[06:38:26] Cycle 668
  💰 Current Price: $1973.69
  🎯 Signal: HOLD (confidence: 0.03)
  📝 Reason: 5m: MACD bearish; 15m: RSI oversold (24.0); 15m: MACD bearish; 1h: MACD bearish

[06:35:52] Cycle 668
  💰 Current Price: $1973.94
  🎯 Signal: HOLD (confidence: 0.03)
  📝 Reason: 5m: MACD bearish; 15m: RSI oversold (24.3); 15m: MACD bearish; 1h: MACD bearish

[06:36:22] Cycle 669
  💰 Current Price: $1973.19
  🎯 Signal: HOLD (confidence: 0.03)
  📝 Reason: 5m: MACD bearish; 15m: RSI oversold (23.8); 15m: MACD bearish; 1h: MACD bearish

[06:36:53] Cycle 670
  💰 Current Price: $1972.92
  🎯 Signal: HOLD (confidence: 0.03)
  📝 Reason: 5m: MACD bearish; 15m: RSI oversold (23.8); 15m: MACD bearish; 1h: MACD bearish

[06:37:24] Cycle 671
  💰 Current Price: $1973.22
  🎯 Signal: HOLD (confidence: 0.03)
  📝 Reason: 5m: MACD bearish; 15m: RSI oversold (23.9); 15m: MACD bearish; 1h: MACD bearish

[06:37:55] Cycle 672
  💰 Current Price: $1973.87
  🎯 Signal: HOLD (confidence: 0.03)
  📝 Reason: 5m: MACD bearish; 15m: RSI oversold (24.2); 15m: MACD bearish; 1h: MACD bearish

[06:38:26] Cycle 673
  💰 Current Price: $1973.69
  🎯 Signal: HOLD (confidence: 0.03)
  📝 Reason: 5m: MACD bearish; 15m: RSI oversold (24.1); 15m: MACD bearish; 1h: MACD bearish

[06:38:57] Cycle 674
  💰 Current Price: $1974.02
  🎯 Signal: HOLD (confidence: 0.03)
  📝 Reason: 5m: MACD bearish; 15m: RSI oversold (24.3); 15m: MACD bearish; 1h: MACD bearish

[06:39:28] Cycle 675
  💰 Current Price: $1973.27
  🎯 Signal: HOLD (confidence: 0.03)
  📝 Reason: 5m: MACD bearish; 15m: RSI oversold (23.9); 15m: MACD bearish; 1h: MACD bearish

[06:39:58] Cycle 676
  💰 Current Price: $1972.87
  🎯 Signal: HOLD (confidence: 0.03)
  📝 Reason: 5m: MACD bearish; 15m: RSI oversold (23.7); 15m: MACD bearish; 1h: MACD bearish

[06:40:29] Cycle 677
  💰 Current Price: $1972.87
  🎯 Signal: HOLD (confidence: 0.03)
  📝 Reason: 5m: MACD bearish; 15m: RSI oversold (23.7); 15m: MACD bearish; 1h: MACD bearish

[06:41:00] Cycle 678
  💰 Current Price: $1974.58
  🎯 Signal: HOLD (confidence: 0.03)
  📝 Reason: 5m: MACD bearish; 15m: RSI oversold (24.8); 15m: MACD bearish; 1h: MACD bearish

[06:41:31] Cycle 679
  💰 Current Price: $1975.38
  🎯 Signal: HOLD (confidence: 0.03)
  📝 Reason: 5m: MACD bearish; 15m: RSI oversold (26.2); 15m: MACD bearish; 1h: MACD bearish

[06:42:02] Cycle 680
  💰 Current Price: $1974.87
  🎯 Signal: HOLD (confidence: 0.03)
  📝 Reason: 5m: MACD bearish; 15m: RSI oversold (25.3); 15m: MACD bearish; 1h: MACD bearish

[06:42:33] Cycle 681
  💰 Current Price: $1974.87
  🎯 Signal: HOLD (confidence: 0.03)
  📝 Reason: 5m: MACD bearish; 15m: RSI oversold (25.3); 15m: MACD bearish; 1h: MACD bearish

[06:43:03] Cycle 682
  💰 Current Price: $1975.12
  🎯 Signal: HOLD (confidence: 0.03)
  📝 Reason: 5m: MACD bearish; 15m: RSI oversold (25.7); 15m: MACD bearish; 1h: MACD bearish

[06:43:34] Cycle 683
  💰 Current Price: $1975.12
  🎯 Signal: HOLD (confidence: 0.03)
  📝 Reason: 5m: MACD bearish; 15m: RSI oversold (25.7); 15m: MACD bearish; 1h: MACD bearish

[06:44:05] Cycle 684
  💰 Current Price: $1974.99
  🎯 Signal: HOLD (confidence: 0.03)
  📝 Reason: 5m: MACD bearish; 15m: RSI oversold (25.5); 15m: MACD bearish; 1h: MACD bearish

[06:44:36] Cycle 685
  💰 Current Price: $1976.64
  🎯 Signal: HOLD (confidence: 0.03)
  📝 Reason: 5m: MACD bearish; 15m: RSI oversold (28.3); 15m: MACD bearish; 1h: MACD bearish

[06:45:06] Cycle 686
  💰 Current Price: $1976.44
  🎯 Signal: SELL (confidence: 0.17)
  📝 Reason: 5m: MACD bearish; 15m: MACD bearish; 1h: MACD bearish; 4h: RSI oversold (20.0)
  ⚠️ Sell signal but no position

[06:45:37] Cycle 687
  💰 Current Price: $1976.90
  🎯 Signal: SELL (confidence: 0.17)
  📝 Reason: 5m: MACD bearish; 15m: MACD bearish; 1h: MACD bearish; 4h: RSI oversold (20.0)
  ⚠️ Sell signal but no position

[06:46:08] Cycle 688
  💰 Current Price: $1976.74
  🎯 Signal: SELL (confidence: 0.17)
  📝 Reason: 5m: MACD bearish; 15m: MACD bearish; 1h: MACD bearish; 4h: RSI oversold (20.0)
  ⚠️ Sell signal but no position

[06:46:39] Cycle 689
  💰 Current Price: $1975.90
  🎯 Signal: SELL (confidence: 0.17)
  📝 Reason: 5m: MACD bearish; 15m: MACD bearish; 1h: MACD bearish; 4h: RSI oversold (19.9)
  ⚠️ Sell signal but no position

[06:47:10] Cycle 690
  💰 Current Price: $1975.90
  🎯 Signal: SELL (confidence: 0.17)
  📝 Reason: 5m: MACD bearish; 15m: MACD bearish; 1h: MACD bearish; 4h: RSI oversold (19.9)
  ⚠️ Sell signal but no position

[06:47:41] Cycle 691
  💰 Current Price: $1975.71
  🎯 Signal: SELL (confidence: 0.17)
  📝 Reason: 5m: MACD bearish; 15m: MACD bearish; 1h: MACD bearish; 4h: RSI oversold (19.9)
  ⚠️ Sell signal but no position

[06:48:12] Cycle 692
  💰 Current Price: $1975.71
  🎯 Signal: SELL (confidence: 0.17)
  📝 Reason: 5m: MACD bearish; 15m: MACD bearish; 1h: MACD bearish; 4h: RSI oversold (19.9)
  ⚠️ Sell signal but no position

[06:48:42] Cycle 693
  💰 Current Price: $1975.36
  🎯 Signal: SELL (confidence: 0.17)
  📝 Reason: 5m: MACD bearish; 15m: MACD bearish; 1h: MACD bearish; 4h: RSI oversold (19.9)
  ⚠️ Sell signal but no position

[06:49:13] Cycle 694
  💰 Current Price: $1974.36
  🎯 Signal: SELL (confidence: 0.17)
  📝 Reason: 5m: MACD bearish; 15m: MACD bearish; 1h: MACD bearish; 4h: RSI oversold (19.8)
  ⚠️ Sell signal but no position

[06:49:44] Cycle 695
  💰 Current Price: $1974.92
  🎯 Signal: SELL (confidence: 0.17)
  📝 Reason: 5m: MACD bearish; 15m: MACD bearish; 1h: MACD bearish; 4h: RSI oversold (19.8)
  ⚠️ Sell signal but no position

[06:50:15] Cycle 696
  💰 Current Price: $1974.70
  🎯 Signal: SELL (confidence: 0.17)
  📝 Reason: 5m: MACD bearish; 15m: MACD bearish; 1h: MACD bearish; 4h: RSI oversold (19.8)
  ⚠️ Sell signal but no position

[06:50:46] Cycle 697
  💰 Current Price: $1973.58
  🎯 Signal: SELL (confidence: 0.17)
  📝 Reason: 5m: MACD bearish; 15m: MACD bearish; 1h: MACD bearish; 4h: RSI oversold (19.7)
  ⚠️ Sell signal but no position

[06:51:17] Cycle 698
  💰 Current Price: $1972.44
  🎯 Signal: HOLD (confidence: 0.12)
  📝 Reason: 5m: RSI oversold (34.2); 5m: MACD bearish; 15m: RSI oversold (34.1); 15m: MACD bearish

[06:51:48] Cycle 699
  💰 Current Price: $1972.55
  🎯 Signal: HOLD (confidence: 0.12)
  📝 Reason: 5m: RSI oversold (34.2); 5m: MACD bearish; 15m: RSI oversold (34.1); 15m: MACD bearish

[06:52:18] Cycle 700
  💰 Current Price: $1973.03
  🎯 Signal: HOLD (confidence: 0.03)
  📝 Reason: 5m: MACD bearish; 15m: RSI oversold (34.6); 15m: MACD bearish; 1h: MACD bearish

[06:52:50] Cycle 701
  💰 Current Price: $1972.52
  🎯 Signal: HOLD (confidence: 0.12)
  📝 Reason: 5m: RSI oversold (34.1); 5m: MACD bearish; 15m: RSI oversold (34.1); 15m: MACD bearish

[06:53:21] Cycle 702
  💰 Current Price: $1969.61
  🎯 Signal: HOLD (confidence: 0.12)
  📝 Reason: 5m: RSI oversold (29.1); 5m: MACD bearish; 15m: RSI oversold (31.5); 15m: MACD bearish

[06:53:51] Cycle 703
  💰 Current Price: $1971.83
  🎯 Signal: HOLD (confidence: 0.12)
  📝 Reason: 5m: RSI oversold (32.8); 5m: MACD bearish; 15m: RSI oversold (33.4); 15m: MACD bearish

[06:54:22] Cycle 704
  💰 Current Price: $1972.10
  🎯 Signal: HOLD (confidence: 0.12)
  📝 Reason: 5m: RSI oversold (33.3); 5m: MACD bearish; 15m: RSI oversold (33.7); 15m: MACD bearish

[06:54:53] Cycle 705
  💰 Current Price: $1972.10
  🎯 Signal: HOLD (confidence: 0.12)
  📝 Reason: 5m: RSI oversold (33.6); 5m: MACD bearish; 15m: RSI oversold (33.8); 15m: MACD bearish

[06:55:24] Cycle 706
  💰 Current Price: $1972.22
  🎯 Signal: HOLD (confidence: 0.12)
  📝 Reason: 5m: RSI oversold (30.2); 5m: MACD bearish; 15m: RSI oversold (33.8); 15m: MACD bearish

[06:55:54] Cycle 707
  💰 Current Price: $1972.53
  🎯 Signal: HOLD (confidence: 0.12)
  📝 Reason: 5m: RSI oversold (31.5); 5m: MACD bearish; 15m: RSI oversold (34.1); 15m: MACD bearish

[06:56:25] Cycle 708
  💰 Current Price: $1972.51
  🎯 Signal: HOLD (confidence: 0.03)
  📝 Reason: 5m: MACD bearish; 15m: RSI oversold (24.1); 15m: MACD bearish; 1h: MACD bearish

[06:38:57] Cycle 669
  💰 Current Price: $1974.02
  🎯 Signal: HOLD (confidence: 0.03)
  📝 Reason: 5m: MACD bearish; 15m: RSI oversold (24.3); 15m: MACD bearish; 1h: MACD bearish

[06:39:28] Cycle 670
  💰 Current Price: $1973.27
  🎯 Signal: HOLD (confidence: 0.03)
  📝 Reason: 5m: MACD bearish; 15m: RSI oversold (23.9); 15m: MACD bearish; 1h: MACD bearish

[06:39:58] Cycle 671
  💰 Current Price: $1972.87
  🎯 Signal: HOLD (confidence: 0.03)
  📝 Reason: 5m: MACD bearish; 15m: RSI oversold (23.7); 15m: MACD bearish; 1h: MACD bearish

[06:40:29] Cycle 672
  💰 Current Price: $1972.87
  🎯 Signal: HOLD (confidence: 0.03)
  📝 Reason: 5m: MACD bearish; 15m: RSI oversold (23.7); 15m: MACD bearish; 1h: MACD bearish

[06:41:00] Cycle 673
  💰 Current Price: $1974.58
  🎯 Signal: HOLD (confidence: 0.03)
  📝 Reason: 5m: MACD bearish; 15m: RSI oversold (24.8); 15m: MACD bearish; 1h: MACD bearish

[06:41:31] Cycle 674
  💰 Current Price: $1975.38
  🎯 Signal: HOLD (confidence: 0.03)
  📝 Reason: 5m: MACD bearish; 15m: RSI oversold (26.2); 15m: MACD bearish; 1h: MACD bearish

[06:42:02] Cycle 675
  💰 Current Price: $1974.87
  🎯 Signal: HOLD (confidence: 0.03)
  📝 Reason: 5m: MACD bearish; 15m: RSI oversold (25.3); 15m: MACD bearish; 1h: MACD bearish

[06:42:33] Cycle 676
  💰 Current Price: $1974.87
  🎯 Signal: HOLD (confidence: 0.03)
  📝 Reason: 5m: MACD bearish; 15m: RSI oversold (25.3); 15m: MACD bearish; 1h: MACD bearish

[06:43:03] Cycle 677
  💰 Current Price: $1975.12
  🎯 Signal: HOLD (confidence: 0.03)
  📝 Reason: 5m: MACD bearish; 15m: RSI oversold (25.7); 15m: MACD bearish; 1h: MACD bearish

[06:43:34] Cycle 678
  💰 Current Price: $1975.12
  🎯 Signal: HOLD (confidence: 0.03)
  📝 Reason: 5m: MACD bearish; 15m: RSI oversold (25.7); 15m: MACD bearish; 1h: MACD bearish

[06:44:05] Cycle 679
  💰 Current Price: $1974.99
  🎯 Signal: HOLD (confidence: 0.03)
  📝 Reason: 5m: MACD bearish; 15m: RSI oversold (25.5); 15m: MACD bearish; 1h: MACD bearish

[06:44:36] Cycle 680
  💰 Current Price: $1976.64
  🎯 Signal: HOLD (confidence: 0.03)
  📝 Reason: 5m: MACD bearish; 15m: RSI oversold (28.3); 15m: MACD bearish; 1h: MACD bearish

[06:45:06] Cycle 681
  💰 Current Price: $1976.44
  🎯 Signal: SELL (confidence: 0.17)
  📝 Reason: 5m: MACD bearish; 15m: MACD bearish; 1h: MACD bearish; 4h: RSI oversold (20.0)
  ⚠️ Sell signal but no position

[06:45:37] Cycle 682
  💰 Current Price: $1976.90
  🎯 Signal: SELL (confidence: 0.17)
  📝 Reason: 5m: MACD bearish; 15m: MACD bearish; 1h: MACD bearish; 4h: RSI oversold (20.0)
  ⚠️ Sell signal but no position

[06:46:08] Cycle 683
  💰 Current Price: $1976.74
  🎯 Signal: SELL (confidence: 0.17)
  📝 Reason: 5m: MACD bearish; 15m: MACD bearish; 1h: MACD bearish; 4h: RSI oversold (20.0)
  ⚠️ Sell signal but no position

[06:46:39] Cycle 684
  💰 Current Price: $1975.90
  🎯 Signal: SELL (confidence: 0.17)
  📝 Reason: 5m: MACD bearish; 15m: MACD bearish; 1h: MACD bearish; 4h: RSI oversold (19.9)
  ⚠️ Sell signal but no position

[06:47:10] Cycle 685
  💰 Current Price: $1975.90
  🎯 Signal: SELL (confidence: 0.17)
  📝 Reason: 5m: MACD bearish; 15m: MACD bearish; 1h: MACD bearish; 4h: RSI oversold (19.9)
  ⚠️ Sell signal but no position

[06:47:41] Cycle 686
  💰 Current Price: $1975.71
  🎯 Signal: SELL (confidence: 0.17)
  📝 Reason: 5m: MACD bearish; 15m: MACD bearish; 1h: MACD bearish; 4h: RSI oversold (19.9)
  ⚠️ Sell signal but no position

[06:48:11] Cycle 687
  💰 Current Price: $1975.71
  🎯 Signal: SELL (confidence: 0.17)
  📝 Reason: 5m: MACD bearish; 15m: MACD bearish; 1h: MACD bearish; 4h: RSI oversold (19.9)
  ⚠️ Sell signal but no position

[06:48:42] Cycle 688
  💰 Current Price: $1975.36
  🎯 Signal: SELL (confidence: 0.17)
  📝 Reason: 5m: MACD bearish; 15m: MACD bearish; 1h: MACD bearish; 4h: RSI oversold (19.9)
  ⚠️ Sell signal but no position

[06:49:13] Cycle 689
  💰 Current Price: $1974.36
  🎯 Signal: SELL (confidence: 0.17)
  📝 Reason: 5m: MACD bearish; 15m: MACD bearish; 1h: MACD bearish; 4h: RSI oversold (19.8)
  ⚠️ Sell signal but no position

[06:49:44] Cycle 690
  💰 Current Price: $1974.92
  🎯 Signal: SELL (confidence: 0.17)
  📝 Reason: 5m: MACD bearish; 15m: MACD bearish; 1h: MACD bearish; 4h: RSI oversold (19.8)
  ⚠️ Sell signal but no position

[06:50:15] Cycle 691
  💰 Current Price: $1974.70
  🎯 Signal: SELL (confidence: 0.17)
  📝 Reason: 5m: MACD bearish; 15m: MACD bearish; 1h: MACD bearish; 4h: RSI oversold (19.8)
  ⚠️ Sell signal but no position

[06:50:46] Cycle 692
  💰 Current Price: $1973.58
  🎯 Signal: SELL (confidence: 0.17)
  📝 Reason: 5m: MACD bearish; 15m: MACD bearish; 1h: MACD bearish; 4h: RSI oversold (19.7)
  ⚠️ Sell signal but no position

[06:51:17] Cycle 693
  💰 Current Price: $1972.44
  🎯 Signal: HOLD (confidence: 0.12)
  📝 Reason: 5m: RSI oversold (34.2); 5m: MACD bearish; 15m: RSI oversold (34.1); 15m: MACD bearish

[06:51:48] Cycle 694
  💰 Current Price: $1972.55
  🎯 Signal: HOLD (confidence: 0.12)
  📝 Reason: 5m: RSI oversold (34.2); 5m: MACD bearish; 15m: RSI oversold (34.1); 15m: MACD bearish

[06:52:18] Cycle 695
  💰 Current Price: $1973.03
  🎯 Signal: HOLD (confidence: 0.03)
  📝 Reason: 5m: MACD bearish; 15m: RSI oversold (34.6); 15m: MACD bearish; 1h: MACD bearish

[06:52:50] Cycle 696
  💰 Current Price: $1972.52
  🎯 Signal: HOLD (confidence: 0.12)
  📝 Reason: 5m: RSI oversold (34.1); 5m: MACD bearish; 15m: RSI oversold (34.1); 15m: MACD bearish

[06:53:20] Cycle 697
  💰 Current Price: $1969.61
  🎯 Signal: HOLD (confidence: 0.12)
  📝 Reason: 5m: RSI oversold (29.1); 5m: MACD bearish; 15m: RSI oversold (31.5); 15m: MACD bearish

[06:53:51] Cycle 698
  💰 Current Price: $1971.83
  🎯 Signal: HOLD (confidence: 0.12)
  📝 Reason: 5m: RSI oversold (32.8); 5m: MACD bearish; 15m: RSI oversold (33.4); 15m: MACD bearish

[06:54:22] Cycle 699
  💰 Current Price: $1972.10
  🎯 Signal: HOLD (confidence: 0.12)
  📝 Reason: 5m: RSI oversold (33.3); 5m: MACD bearish; 15m: RSI oversold (33.7); 15m: MACD bearish

[06:54:53] Cycle 700
  💰 Current Price: $1972.10
  🎯 Signal: HOLD (confidence: 0.12)
  📝 Reason: 5m: RSI oversold (33.6); 5m: MACD bearish; 15m: RSI oversold (33.8); 15m: MACD bearish

[06:55:24] Cycle 701
  💰 Current Price: $1972.22
  🎯 Signal: HOLD (confidence: 0.12)
  📝 Reason: 5m: RSI oversold (30.2); 5m: MACD bearish; 15m: RSI oversold (33.8); 15m: MACD bearish

[06:55:54] Cycle 702
  💰 Current Price: $1972.53
  🎯 Signal: HOLD (confidence: 0.12)
  📝 Reason: 5m: RSI oversold (31.5); 5m: MACD bearish; 15m: RSI oversold (34.1); 15m: MACD bearish

[06:56:25] Cycle 703
  💰 Current Price: $1972.51
  🎯 Signal: HOLD (confidence: 0.12)
  📝 Reason: 5m: RSI oversold (31.4); 5m: MACD bearish; 15m: RSI oversold (34.1); 15m: MACD bearish

[06:56:56] Cycle 704
  💰 Current Price: $1972.93
  🎯 Signal: HOLD (confidence: 0.12)
  📝 Reason: 5m: RSI oversold (33.1); 5m: MACD bearish; 15m: RSI oversold (34.5); 15m: MACD bearish

[06:57:27] Cycle 705
  💰 Current Price: $1972.84
  🎯 Signal: HOLD (confidence: 0.12)
  📝 Reason: 5m: RSI oversold (32.7); 5m: MACD bearish; 15m: RSI oversold (34.4); 15m: MACD bearish

[06:57:57] Cycle 706
  💰 Current Price: $1973.60
  🎯 Signal: SELL (confidence: 0.17)
  📝 Reason: 5m: MACD bearish; 15m: MACD bearish; 1h: MACD bearish; 4h: RSI oversold (19.7)
  ⚠️ Sell signal but no position

[06:58:28] Cycle 707
  💰 Current Price: $1973.63
  🎯 Signal: SELL (confidence: 0.17)
  📝 Reason: 5m: MACD bearish; 15m: MACD bearish; 1h: MACD bearish; 4h: RSI oversold (19.7)
  ⚠️ Sell signal but no position

[06:58:59] Cycle 708
  💰 Current Price: $1973.53
  🎯 Signal: SELL (confidence: 0.17)
  🎯 Signal: HOLD (confidence: 0.12)
  📝 Reason: 5m: RSI oversold (31.4); 5m: MACD bearish; 15m: RSI oversold (34.1); 15m: MACD bearish

[06:56:56] Cycle 709
  💰 Current Price: $1972.93
  🎯 Signal: HOLD (confidence: 0.12)
  📝 Reason: 5m: RSI oversold (33.1); 5m: MACD bearish; 15m: RSI oversold (34.5); 15m: MACD bearish

[06:57:27] Cycle 710
  💰 Current Price: $1972.84
  🎯 Signal: HOLD (confidence: 0.12)
  📝 Reason: 5m: RSI oversold (32.7); 5m: MACD bearish; 15m: RSI oversold (34.4); 15m: MACD bearish

[06:57:57] Cycle 711
  💰 Current Price: $1973.60
  🎯 Signal: SELL (confidence: 0.17)
  📝 Reason: 5m: MACD bearish; 15m: MACD bearish; 1h: MACD bearish; 4h: RSI oversold (19.7)
  ⚠️ Sell signal but no position

[06:58:28] Cycle 712
  💰 Current Price: $1973.63
  🎯 Signal: SELL (confidence: 0.17)
  📝 Reason: 5m: MACD bearish; 15m: MACD bearish; 1h: MACD bearish; 4h: RSI oversold (19.7)
  ⚠️ Sell signal but no position

[06:58:59] Cycle 713
  💰 Current Price: $1973.53
  🎯 Signal: SELL (confidence: 0.17)
  📝 Reason: 5m: MACD bearish; 15m: MACD bearish; 1h: MACD bearish; 4h: RSI oversold (19.7)
  ⚠️ Sell signal but no position

[06:59:30] Cycle 714
  💰 Current Price: $1973.17
  🎯 Signal: HOLD (confidence: 0.12)
  📝 Reason: 5m: RSI oversold (34.0); 5m: MACD bearish; 15m: RSI oversold (34.7); 15m: MACD bearish

[07:00:01] Cycle 715
  💰 Current Price: $1972.02
  🎯 Signal: HOLD (confidence: 0.12)
  📝 Reason: 5m: RSI oversold (27.4); 5m: MACD bearish; 15m: RSI oversold (34.1); 15m: MACD bearish

[07:00:32] Cycle 716
  💰 Current Price: $1971.83
  🎯 Signal: HOLD (confidence: 0.12)
  📝 Reason: 5m: RSI oversold (27.0); 5m: MACD bearish; 15m: RSI oversold (33.9); 15m: MACD bearish

[07:01:03] Cycle 717
  💰 Current Price: $1971.40
  🎯 Signal: HOLD (confidence: 0.12)
  📝 Reason: 5m: RSI oversold (26.3); 5m: MACD bearish; 15m: RSI oversold (33.5); 15m: MACD bearish

[07:01:34] Cycle 718
  💰 Current Price: $1971.14
  🎯 Signal: HOLD (confidence: 0.12)
  📝 Reason: 5m: RSI oversold (25.9); 5m: MACD bearish; 15m: RSI oversold (33.3); 15m: MACD bearish

[07:02:05] Cycle 719
  💰 Current Price: $1971.96
  🎯 Signal: HOLD (confidence: 0.12)
  📝 Reason: 5m: RSI oversold (27.3); 5m: MACD bearish; 15m: RSI oversold (34.0); 15m: MACD bearish

[07:02:35] Cycle 720
  💰 Current Price: $1972.16
  🎯 Signal: HOLD (confidence: 0.12)
  📝 Reason: 5m: RSI oversold (27.8); 5m: MACD bearish; 15m: RSI oversold (34.3); 15m: MACD bearish

[07:03:06] Cycle 721
  💰 Current Price: $1971.85
  🎯 Signal: HOLD (confidence: 0.12)
  📝 Reason: 5m: RSI oversold (27.1); 5m: MACD bearish; 15m: RSI oversold (33.9); 15m: MACD bearish

[07:03:37] Cycle 722
  💰 Current Price: $1970.51
  🎯 Signal: HOLD (confidence: 0.12)
  📝 Reason: 5m: RSI oversold (25.0); 5m: MACD bearish; 15m: RSI oversold (32.7); 15m: MACD bearish

[07:04:08] Cycle 723
  💰 Current Price: $1970.41
  🎯 Signal: HOLD (confidence: 0.12)
  📝 Reason: 5m: RSI oversold (24.9); 5m: MACD bearish; 15m: RSI oversold (32.6); 15m: MACD bearish

[07:04:39] Cycle 724
  💰 Current Price: $1970.64
  🎯 Signal: HOLD (confidence: 0.12)
  📝 Reason: 5m: RSI oversold (25.2); 5m: MACD bearish; 15m: RSI oversold (32.8); 15m: MACD bearish

[07:05:10] Cycle 725
  💰 Current Price: $1970.10
  🎯 Signal: HOLD (confidence: 0.12)
  📝 Reason: 5m: RSI oversold (25.7); 5m: MACD bearish; 15m: RSI oversold (32.3); 15m: MACD bearish

[07:05:41] Cycle 726
  💰 Current Price: $1971.69
  🎯 Signal: HOLD (confidence: 0.12)
  📝 Reason: 5m: RSI oversold (31.0); 5m: MACD bearish; 15m: RSI oversold (33.8); 15m: MACD bearish

[07:06:11] Cycle 727
  💰 Current Price: $1969.46
  🎯 Signal: HOLD (confidence: 0.12)
  📝 Reason: 5m: RSI oversold (24.8); 5m: MACD bearish; 15m: RSI oversold (31.8); 15m: MACD bearish

[07:06:43] Cycle 728
  💰 Current Price: $1968.15
  🎯 Signal: HOLD (confidence: 0.12)
  📝 Reason: 5m: RSI oversold (23.1); 5m: MACD bearish; 15m: RSI oversold (30.8); 15m: MACD bearish

[07:07:14] Cycle 729
  💰 Current Price: $1968.57
  🎯 Signal: HOLD (confidence: 0.12)
  📝 Reason: 5m: RSI oversold (23.6); 5m: MACD bearish; 15m: RSI oversold (31.1); 15m: MACD bearish

[07:07:45] Cycle 730
  💰 Current Price: $1969.69
  🎯 Signal: HOLD (confidence: 0.12)
  📝 Reason: 5m: RSI oversold (25.1); 5m: MACD bearish; 15m: RSI oversold (32.0); 15m: MACD bearish

[07:08:15] Cycle 731
  💰 Current Price: $1969.69
  🎯 Signal: HOLD (confidence: 0.12)
  📝 Reason: 5m: RSI oversold (25.1); 5m: MACD bearish; 15m: RSI oversold (32.0); 15m: MACD bearish

[07:08:46] Cycle 732
  💰 Current Price: $1969.62
  🎯 Signal: HOLD (confidence: 0.12)
  📝 Reason: 5m: RSI oversold (25.0); 5m: MACD bearish; 15m: RSI oversold (31.9); 15m: MACD bearish

[07:09:17] Cycle 733
  💰 Current Price: $1969.65
  🎯 Signal: HOLD (confidence: 0.12)
  📝 Reason: 5m: RSI oversold (25.1); 5m: MACD bearish; 15m: RSI oversold (32.0); 15m: MACD bearish

[07:09:48] Cycle 734
  💰 Current Price: $1969.65
  🎯 Signal: HOLD (confidence: 0.12)
  📝 Reason: 5m: RSI oversold (25.1); 5m: MACD bearish; 15m: RSI oversold (32.0); 15m: MACD bearish

[07:10:19] Cycle 735
  💰 Current Price: $1968.94
  🎯 Signal: HOLD (confidence: 0.12)
  📝 Reason: 5m: RSI oversold (24.9); 5m: MACD bearish; 15m: RSI oversold (31.4); 15m: MACD bearish

[07:10:50] Cycle 736
  💰 Current Price: $1971.29
  🎯 Signal: HOLD (confidence: 0.12)
  📝 Reason: 5m: RSI oversold (33.2); 5m: MACD bearish; 15m: RSI oversold (33.4); 15m: MACD bearish

[07:11:20] Cycle 737
  💰 Current Price: $1970.13
  🎯 Signal: HOLD (confidence: 0.12)
  📝 Reason: 5m: RSI oversold (30.3); 5m: MACD bearish; 15m: RSI oversold (32.7); 15m: MACD bearish

[07:11:51] Cycle 738
  💰 Current Price: $1971.30
  🎯 Signal: HOLD (confidence: 0.12)
  📝 Reason: 5m: RSI oversold (34.9); 5m: MACD bearish; 15m: RSI oversold (33.9); 15m: MACD bearish

[07:12:22] Cycle 739
  💰 Current Price: $1971.67
  🎯 Signal: HOLD (confidence: 0.12)
  📝 Reason: 5m: RSI oversold (34.5); 5m: MACD bearish; 15m: RSI oversold (33.7); 15m: MACD bearish

[07:12:53] Cycle 740
  💰 Current Price: $1972.24
  🎯 Signal: HOLD (confidence: 0.03)
  📝 Reason: 5m: MACD bearish; 15m: RSI oversold (34.4); 15m: MACD bearish; 1h: MACD bearish

[07:13:23] Cycle 741
  💰 Current Price: $1972.83
  🎯 Signal: SELL (confidence: 0.17)
  📝 Reason: 5m: MACD bearish; 15m: MACD bearish; 1h: MACD bearish; 4h: RSI oversold (19.7)
  ⚠️ Sell signal but no position

[07:13:54] Cycle 742
  💰 Current Price: $1972.83
  🎯 Signal: SELL (confidence: 0.17)
  📝 Reason: 5m: MACD bearish; 15m: MACD bearish; 1h: MACD bearish; 4h: RSI oversold (19.7)
  ⚠️ Sell signal but no position

[07:14:25] Cycle 743
  💰 Current Price: $1973.00
  🎯 Signal: SELL (confidence: 0.17)
  📝 Reason: 5m: MACD bearish; 15m: MACD bearish; 1h: MACD bearish; 4h: RSI oversold (19.7)
  ⚠️ Sell signal but no position

[07:14:56] Cycle 744
  💰 Current Price: $1972.38
  🎯 Signal: HOLD (confidence: 0.03)
  📝 Reason: 5m: MACD bearish; 15m: RSI oversold (34.7); 15m: MACD bearish; 1h: MACD bearish

[07:15:27] Cycle 745
  💰 Current Price: $1972.84
  🎯 Signal: SELL (confidence: 0.17)
  📝 Reason: 5m: MACD bearish; 15m: MACD bearish; 1h: MACD bearish; 4h: RSI oversold (19.7)
  ⚠️ Sell signal but no position

[07:15:58] Cycle 746
  💰 Current Price: $1973.00
  🎯 Signal: SELL (confidence: 0.17)
  📝 Reason: 5m: MACD bearish; 15m: MACD bearish; 1h: MACD bearish; 4h: RSI oversold (19.7)
  ⚠️ Sell signal but no position

[07:16:28] Cycle 747
  💰 Current Price: $1972.83
  🎯 Signal: SELL (confidence: 0.17)
  📝 Reason: 5m: MACD bearish; 15m: MACD bearish; 1h: MACD bearish; 4h: RSI oversold (19.7)
  ⚠️ Sell signal but no position

[07:16:59] Cycle 748
  💰 Current Price: $1972.95
  🎯 Signal: SELL (confidence: 0.17)
  📝 Reason: 5m: MACD bearish; 15m: MACD bearish; 1h: MACD bearish; 4h: RSI oversold (19.7)
  ⚠️ Sell signal but no position
  📝 Reason: 5m: MACD bearish; 15m: MACD bearish; 1h: MACD bearish; 4h: RSI oversold (19.7)
  ⚠️ Sell signal but no position

[06:59:30] Cycle 709
  💰 Current Price: $1973.17
  🎯 Signal: HOLD (confidence: 0.12)
  📝 Reason: 5m: RSI oversold (34.0); 5m: MACD bearish; 15m: RSI oversold (34.7); 15m: MACD bearish

[07:00:01] Cycle 710
  💰 Current Price: $1972.02
  🎯 Signal: HOLD (confidence: 0.12)
  📝 Reason: 5m: RSI oversold (27.4); 5m: MACD bearish; 15m: RSI oversold (34.1); 15m: MACD bearish

[07:00:32] Cycle 711
  💰 Current Price: $1971.83
  🎯 Signal: HOLD (confidence: 0.12)
  📝 Reason: 5m: RSI oversold (27.0); 5m: MACD bearish; 15m: RSI oversold (33.9); 15m: MACD bearish

[07:01:03] Cycle 712
  💰 Current Price: $1971.40
  🎯 Signal: HOLD (confidence: 0.12)
  📝 Reason: 5m: RSI oversold (26.3); 5m: MACD bearish; 15m: RSI oversold (33.5); 15m: MACD bearish

[07:01:34] Cycle 713
  💰 Current Price: $1971.14
  🎯 Signal: HOLD (confidence: 0.12)
  📝 Reason: 5m: RSI oversold (25.9); 5m: MACD bearish; 15m: RSI oversold (33.3); 15m: MACD bearish

[07:02:05] Cycle 714
  💰 Current Price: $1971.96
  🎯 Signal: HOLD (confidence: 0.12)
  📝 Reason: 5m: RSI oversold (27.3); 5m: MACD bearish; 15m: RSI oversold (34.0); 15m: MACD bearish

[07:02:35] Cycle 715
  💰 Current Price: $1972.16
  🎯 Signal: HOLD (confidence: 0.12)
  📝 Reason: 5m: RSI oversold (27.8); 5m: MACD bearish; 15m: RSI oversold (34.3); 15m: MACD bearish

[07:03:06] Cycle 716
  💰 Current Price: $1971.85
  🎯 Signal: HOLD (confidence: 0.12)
  📝 Reason: 5m: RSI oversold (27.1); 5m: MACD bearish; 15m: RSI oversold (33.9); 15m: MACD bearish

[07:03:37] Cycle 717
  💰 Current Price: $1970.51
  🎯 Signal: HOLD (confidence: 0.12)
  📝 Reason: 5m: RSI oversold (25.0); 5m: MACD bearish; 15m: RSI oversold (32.7); 15m: MACD bearish

[07:04:08] Cycle 718
  💰 Current Price: $1970.41
  🎯 Signal: HOLD (confidence: 0.12)
  📝 Reason: 5m: RSI oversold (24.9); 5m: MACD bearish; 15m: RSI oversold (32.6); 15m: MACD bearish

[07:04:39] Cycle 719
  💰 Current Price: $1970.64
  🎯 Signal: HOLD (confidence: 0.12)
  📝 Reason: 5m: RSI oversold (25.2); 5m: MACD bearish; 15m: RSI oversold (32.8); 15m: MACD bearish

[07:05:10] Cycle 720
  💰 Current Price: $1970.10
  🎯 Signal: HOLD (confidence: 0.12)
  📝 Reason: 5m: RSI oversold (25.7); 5m: MACD bearish; 15m: RSI oversold (32.3); 15m: MACD bearish

[07:05:41] Cycle 721
  💰 Current Price: $1971.69
  🎯 Signal: HOLD (confidence: 0.12)
  📝 Reason: 5m: RSI oversold (31.0); 5m: MACD bearish; 15m: RSI oversold (33.8); 15m: MACD bearish

[07:06:11] Cycle 722
  💰 Current Price: $1969.46
  🎯 Signal: HOLD (confidence: 0.12)
  📝 Reason: 5m: RSI oversold (24.8); 5m: MACD bearish; 15m: RSI oversold (31.8); 15m: MACD bearish

[07:06:43] Cycle 723
  💰 Current Price: $1968.15
  🎯 Signal: HOLD (confidence: 0.12)
  📝 Reason: 5m: RSI oversold (23.1); 5m: MACD bearish; 15m: RSI oversold (30.8); 15m: MACD bearish

[07:07:14] Cycle 724
  💰 Current Price: $1968.57
  🎯 Signal: HOLD (confidence: 0.12)
  📝 Reason: 5m: RSI oversold (23.6); 5m: MACD bearish; 15m: RSI oversold (31.1); 15m: MACD bearish

[07:07:45] Cycle 725
  💰 Current Price: $1969.69
  🎯 Signal: HOLD (confidence: 0.12)
  📝 Reason: 5m: RSI oversold (25.1); 5m: MACD bearish; 15m: RSI oversold (32.0); 15m: MACD bearish

[07:08:16] Cycle 726
  💰 Current Price: $1969.69
  🎯 Signal: HOLD (confidence: 0.12)
  📝 Reason: 5m: RSI oversold (25.1); 5m: MACD bearish; 15m: RSI oversold (32.0); 15m: MACD bearish

[07:08:46] Cycle 727
  💰 Current Price: $1969.62
  🎯 Signal: HOLD (confidence: 0.12)
  📝 Reason: 5m: RSI oversold (25.0); 5m: MACD bearish; 15m: RSI oversold (31.9); 15m: MACD bearish

[07:09:17] Cycle 728
  💰 Current Price: $1969.65
  🎯 Signal: HOLD (confidence: 0.12)
  📝 Reason: 5m: RSI oversold (25.1); 5m: MACD bearish; 15m: RSI oversold (32.0); 15m: MACD bearish

[07:09:48] Cycle 729
  💰 Current Price: $1969.65
  🎯 Signal: HOLD (confidence: 0.12)
  📝 Reason: 5m: RSI oversold (25.1); 5m: MACD bearish; 15m: RSI oversold (32.0); 15m: MACD bearish

[07:10:19] Cycle 730
  💰 Current Price: $1968.94
  🎯 Signal: HOLD (confidence: 0.12)
  📝 Reason: 5m: RSI oversold (24.9); 5m: MACD bearish; 15m: RSI oversold (31.4); 15m: MACD bearish

[07:10:49] Cycle 731
  💰 Current Price: $1971.29
  🎯 Signal: HOLD (confidence: 0.12)
  📝 Reason: 5m: RSI oversold (33.2); 5m: MACD bearish; 15m: RSI oversold (33.4); 15m: MACD bearish

[07:11:20] Cycle 732
  💰 Current Price: $1970.13
  🎯 Signal: HOLD (confidence: 0.12)
  📝 Reason: 5m: RSI oversold (30.3); 5m: MACD bearish; 15m: RSI oversold (32.7); 15m: MACD bearish

[07:11:51] Cycle 733
  💰 Current Price: $1971.30
  🎯 Signal: HOLD (confidence: 0.12)
  📝 Reason: 5m: RSI oversold (34.9); 5m: MACD bearish; 15m: RSI oversold (33.9); 15m: MACD bearish

[07:12:22] Cycle 734
  💰 Current Price: $1971.67
  🎯 Signal: HOLD (confidence: 0.12)
  📝 Reason: 5m: RSI oversold (34.5); 5m: MACD bearish; 15m: RSI oversold (33.7); 15m: MACD bearish

[07:12:53] Cycle 735
  💰 Current Price: $1972.24
  🎯 Signal: HOLD (confidence: 0.03)
  📝 Reason: 5m: MACD bearish; 15m: RSI oversold (34.4); 15m: MACD bearish; 1h: MACD bearish

[07:13:23] Cycle 736
  💰 Current Price: $1972.83
  🎯 Signal: SELL (confidence: 0.17)
  📝 Reason: 5m: MACD bearish; 15m: MACD bearish; 1h: MACD bearish; 4h: RSI oversold (19.7)
  ⚠️ Sell signal but no position

[07:13:54] Cycle 737
  💰 Current Price: $1972.83
  🎯 Signal: SELL (confidence: 0.17)
  📝 Reason: 5m: MACD bearish; 15m: MACD bearish; 1h: MACD bearish; 4h: RSI oversold (19.7)
  ⚠️ Sell signal but no position

[07:14:25] Cycle 738
  💰 Current Price: $1973.00
  🎯 Signal: SELL (confidence: 0.17)
  📝 Reason: 5m: MACD bearish; 15m: MACD bearish; 1h: MACD bearish; 4h: RSI oversold (19.7)
  ⚠️ Sell signal but no position

[07:14:56] Cycle 739
  💰 Current Price: $1972.38
  🎯 Signal: HOLD (confidence: 0.03)
  📝 Reason: 5m: MACD bearish; 15m: RSI oversold (34.7); 15m: MACD bearish; 1h: MACD bearish

[07:15:27] Cycle 740
  💰 Current Price: $1972.84
  🎯 Signal: SELL (confidence: 0.17)
  📝 Reason: 5m: MACD bearish; 15m: MACD bearish; 1h: MACD bearish; 4h: RSI oversold (19.7)
  ⚠️ Sell signal but no position

[07:15:58] Cycle 741
  💰 Current Price: $1973.00
  🎯 Signal: SELL (confidence: 0.17)
  📝 Reason: 5m: MACD bearish; 15m: MACD bearish; 1h: MACD bearish; 4h: RSI oversold (19.7)
  ⚠️ Sell signal but no position

[07:16:28] Cycle 742
  💰 Current Price: $1972.83
  🎯 Signal: SELL (confidence: 0.17)
  📝 Reason: 5m: MACD bearish; 15m: MACD bearish; 1h: MACD bearish; 4h: RSI oversold (19.7)
  ⚠️ Sell signal but no position

[07:16:59] Cycle 743
  💰 Current Price: $1972.95
  🎯 Signal: SELL (confidence: 0.17)
  📝 Reason: 5m: MACD bearish; 15m: MACD bearish; 1h: MACD bearish; 4h: RSI oversold (19.7)
  ⚠️ Sell signal but no position

[07:17:30] Cycle 744
  💰 Current Price: $1973.03
  🎯 Signal: SELL (confidence: 0.17)
  📝 Reason: 5m: MACD bearish; 15m: MACD bearish; 1h: MACD bearish; 4h: RSI oversold (19.7)
  ⚠️ Sell signal but no position

[07:18:01] Cycle 745
  💰 Current Price: $1973.03
  🎯 Signal: SELL (confidence: 0.17)
  📝 Reason: 5m: MACD bearish; 15m: MACD bearish; 1h: MACD bearish; 4h: RSI oversold (19.7)
  ⚠️ Sell signal but no position

[07:18:32] Cycle 746
  💰 Current Price: $1973.74
  🎯 Signal: SELL (confidence: 0.17)
  📝 Reason: 5m: MACD bearish; 15m: MACD bearish; 1h: MACD bearish; 4h: RSI oversold (19.8)
  ⚠️ Sell signal but no position

[07:19:03] Cycle 747
  💰 Current Price: $1973.05
  🎯 Signal: SELL (confidence: 0.17)
  📝 Reason: 5m: MACD bearish; 15m: MACD bearish; 1h: MACD bearish; 4h: RSI oversold (19.7)
  ⚠️ Sell signal but no position

[07:19:34] Cycle 748
  💰 Current Price: $1972.75
  🎯 Signal: SELL (confidence: 0.17)
  📝 Reason: 5m: MACD bearish; 15m: MACD bearish; 1h: MACD bearish; 4h: RSI oversold (19.7)

[07:17:30] Cycle 749
  💰 Current Price: $1973.03
  🎯 Signal: SELL (confidence: 0.17)
  📝 Reason: 5m: MACD bearish; 15m: MACD bearish; 1h: MACD bearish; 4h: RSI oversold (19.7)
  ⚠️ Sell signal but no position

[07:18:01] Cycle 750
  💰 Current Price: $1973.03
  🎯 Signal: SELL (confidence: 0.17)
  📝 Reason: 5m: MACD bearish; 15m: MACD bearish; 1h: MACD bearish; 4h: RSI oversold (19.7)
  ⚠️ Sell signal but no position

[07:18:32] Cycle 751
  💰 Current Price: $1973.74
  🎯 Signal: SELL (confidence: 0.17)
  📝 Reason: 5m: MACD bearish; 15m: MACD bearish; 1h: MACD bearish; 4h: RSI oversold (19.8)
  ⚠️ Sell signal but no position

[07:19:03] Cycle 752
  💰 Current Price: $1973.05
  🎯 Signal: SELL (confidence: 0.17)
  📝 Reason: 5m: MACD bearish; 15m: MACD bearish; 1h: MACD bearish; 4h: RSI oversold (19.7)
  ⚠️ Sell signal but no position

[07:19:34] Cycle 753
  💰 Current Price: $1972.75
  🎯 Signal: SELL (confidence: 0.17)
  📝 Reason: 5m: MACD bearish; 15m: MACD bearish; 1h: MACD bearish; 4h: RSI oversold (19.7)
  ⚠️ Sell signal but no position

[07:20:04] Cycle 754
  💰 Current Price: $1972.36
  🎯 Signal: SELL (confidence: 0.17)
  📝 Reason: 5m: MACD bearish; 15m: MACD bearish; 1h: MACD bearish; 4h: RSI oversold (19.6)
  ⚠️ Sell signal but no position

[07:20:35] Cycle 755
  💰 Current Price: $1972.36
  🎯 Signal: SELL (confidence: 0.17)
  📝 Reason: 5m: MACD bearish; 15m: MACD bearish; 1h: MACD bearish; 4h: RSI oversold (19.6)
  ⚠️ Sell signal but no position

[07:21:06] Cycle 756
  💰 Current Price: $1972.35
  🎯 Signal: SELL (confidence: 0.17)
  📝 Reason: 5m: MACD bearish; 15m: MACD bearish; 1h: MACD bearish; 4h: RSI oversold (19.6)
  ⚠️ Sell signal but no position

[07:21:37] Cycle 757
  💰 Current Price: $1972.34
  🎯 Signal: SELL (confidence: 0.17)
  📝 Reason: 5m: MACD bearish; 15m: MACD bearish; 1h: MACD bearish; 4h: RSI oversold (19.6)
  ⚠️ Sell signal but no position

[07:22:08] Cycle 758
  💰 Current Price: $1972.34
  🎯 Signal: SELL (confidence: 0.17)
  📝 Reason: 5m: MACD bearish; 15m: MACD bearish; 1h: MACD bearish; 4h: RSI oversold (19.6)
  ⚠️ Sell signal but no position

[07:22:39] Cycle 759
  💰 Current Price: $1971.46
  🎯 Signal: SELL (confidence: 0.17)
  📝 Reason: 5m: MACD bearish; 15m: MACD bearish; 1h: MACD bearish; 4h: RSI oversold (19.6)
  ⚠️ Sell signal but no position

[07:23:10] Cycle 760
  💰 Current Price: $1972.35
  🎯 Signal: SELL (confidence: 0.17)
  📝 Reason: 5m: MACD bearish; 15m: MACD bearish; 1h: MACD bearish; 4h: RSI oversold (19.6)
  ⚠️ Sell signal but no position

[07:23:41] Cycle 761
  💰 Current Price: $1972.69
  🎯 Signal: SELL (confidence: 0.17)
  📝 Reason: 5m: MACD bearish; 15m: MACD bearish; 1h: MACD bearish; 4h: RSI oversold (19.7)
  ⚠️ Sell signal but no position

[07:24:11] Cycle 762
  💰 Current Price: $1972.97
  🎯 Signal: SELL (confidence: 0.17)
  📝 Reason: 5m: MACD bearish; 15m: MACD bearish; 1h: MACD bearish; 4h: RSI oversold (19.7)
  ⚠️ Sell signal but no position

[07:24:42] Cycle 763
  💰 Current Price: $1976.36
  🎯 Signal: SELL (confidence: 0.17)
  📝 Reason: 5m: MACD bearish; 15m: MACD bearish; 1h: MACD bearish; 4h: RSI oversold (20.0)
  ⚠️ Sell signal but no position

[07:25:13] Cycle 764
  💰 Current Price: $1975.70
  🎯 Signal: SELL (confidence: 0.17)
  📝 Reason: 5m: MACD bearish; 15m: MACD bearish; 1h: MACD bearish; 4h: RSI oversold (19.9)
  ⚠️ Sell signal but no position

[07:25:44] Cycle 765
  💰 Current Price: $1975.70
  🎯 Signal: SELL (confidence: 0.17)
  📝 Reason: 5m: MACD bearish; 15m: MACD bearish; 1h: MACD bearish; 4h: RSI oversold (19.9)
  ⚠️ Sell signal but no position

[07:26:15] Cycle 766
  💰 Current Price: $1977.00
  🎯 Signal: SELL (confidence: 0.17)
  📝 Reason: 5m: MACD bearish; 15m: MACD bearish; 1h: MACD bearish; 4h: RSI oversold (20.0)
  ⚠️ Sell signal but no position

[07:26:45] Cycle 767
  💰 Current Price: $1977.00
  🎯 Signal: SELL (confidence: 0.17)
  📝 Reason: 5m: MACD bearish; 15m: MACD bearish; 1h: MACD bearish; 4h: RSI oversold (20.0)
  ⚠️ Sell signal but no position

[07:27:16] Cycle 768
  💰 Current Price: $1977.00
  🎯 Signal: SELL (confidence: 0.17)
  📝 Reason: 5m: MACD bearish; 15m: MACD bearish; 1h: MACD bearish; 4h: RSI oversold (20.0)
  ⚠️ Sell signal but no position

[07:27:47] Cycle 769
  💰 Current Price: $1976.41
  🎯 Signal: SELL (confidence: 0.17)
  📝 Reason: 5m: MACD bearish; 15m: MACD bearish; 1h: MACD bearish; 4h: RSI oversold (20.0)
  ⚠️ Sell signal but no position

[07:28:18] Cycle 770
  💰 Current Price: $1977.01
  🎯 Signal: SELL (confidence: 0.17)
  📝 Reason: 5m: MACD bearish; 15m: MACD bearish; 1h: MACD bearish; 4h: RSI oversold (20.0)
  ⚠️ Sell signal but no position

[07:28:49] Cycle 771
  💰 Current Price: $1977.00
  🎯 Signal: SELL (confidence: 0.17)
  📝 Reason: 5m: MACD bearish; 15m: MACD bearish; 1h: MACD bearish; 4h: RSI oversold (20.0)
  ⚠️ Sell signal but no position

[07:29:20] Cycle 772
  💰 Current Price: $1977.00
  🎯 Signal: SELL (confidence: 0.17)
  📝 Reason: 5m: MACD bearish; 15m: MACD bearish; 1h: MACD bearish; 4h: RSI oversold (20.0)
  ⚠️ Sell signal but no position

[07:29:51] Cycle 773
  💰 Current Price: $1977.00
  🎯 Signal: SELL (confidence: 0.17)
  📝 Reason: 5m: MACD bearish; 15m: MACD bearish; 1h: MACD bearish; 4h: RSI oversold (20.0)
  ⚠️ Sell signal but no position

[07:30:21] Cycle 774
  💰 Current Price: $1977.00
  🎯 Signal: SELL (confidence: 0.17)
  📝 Reason: 5m: MACD bearish; 15m: MACD bearish; 1h: MACD bearish; 4h: RSI oversold (20.0)
  ⚠️ Sell signal but no position

[07:30:52] Cycle 775
  💰 Current Price: $1977.00
  🎯 Signal: SELL (confidence: 0.17)
  📝 Reason: 5m: MACD bearish; 15m: MACD bearish; 1h: MACD bearish; 4h: RSI oversold (20.0)
  ⚠️ Sell signal but no position

[07:31:23] Cycle 776
  💰 Current Price: $1977.01
  🎯 Signal: SELL (confidence: 0.17)
  📝 Reason: 5m: MACD bearish; 15m: MACD bearish; 1h: MACD bearish; 4h: RSI oversold (20.0)
  ⚠️ Sell signal but no position

[07:31:54] Cycle 777
  💰 Current Price: $1977.00
  🎯 Signal: SELL (confidence: 0.17)
  📝 Reason: 5m: MACD bearish; 15m: MACD bearish; 1h: MACD bearish; 4h: RSI oversold (20.0)
  ⚠️ Sell signal but no position

[07:32:25] Cycle 778
  💰 Current Price: $1977.01
  🎯 Signal: SELL (confidence: 0.17)
  📝 Reason: 5m: MACD bearish; 15m: MACD bearish; 1h: MACD bearish; 4h: RSI oversold (20.0)
  ⚠️ Sell signal but no position

[07:32:55] Cycle 779
  💰 Current Price: $1977.01
  🎯 Signal: SELL (confidence: 0.17)
  📝 Reason: 5m: MACD bearish; 15m: MACD bearish; 1h: MACD bearish; 4h: RSI oversold (20.0)
  ⚠️ Sell signal but no position

[07:33:26] Cycle 780
  💰 Current Price: $1977.01
  🎯 Signal: SELL (confidence: 0.17)
  📝 Reason: 5m: MACD bearish; 15m: MACD bearish; 1h: MACD bearish; 4h: RSI oversold (20.0)
  ⚠️ Sell signal but no position

[07:33:57] Cycle 781
  💰 Current Price: $1977.01
  🎯 Signal: SELL (confidence: 0.17)
  📝 Reason: 5m: MACD bearish; 15m: MACD bearish; 1h: MACD bearish; 4h: RSI oversold (20.0)
  ⚠️ Sell signal but no position

[07:34:28] Cycle 782
  💰 Current Price: $1977.32
  🎯 Signal: SELL (confidence: 0.17)
  📝 Reason: 5m: MACD bearish; 15m: MACD bearish; 1h: MACD bearish; 4h: RSI oversold (20.0)
  ⚠️ Sell signal but no position

[07:34:59] Cycle 783
  💰 Current Price: $1977.32
  🎯 Signal: SELL (confidence: 0.17)
  📝 Reason: 5m: MACD bearish; 15m: MACD bearish; 1h: MACD bearish; 4h: RSI oversold (20.0)
  ⚠️ Sell signal but no position

[07:35:30] Cycle 784
  💰 Current Price: $1977.03
  🎯 Signal: SELL (confidence: 0.17)
  📝 Reason: 5m: MACD bearish; 15m: MACD bearish; 1h: MACD bearish; 4h: RSI oversold (20.0)
  ⚠️ Sell signal but no position

[07:36:00] Cycle 785
  💰 Current Price: $1977.03
  🎯 Signal: SELL (confidence: 0.17)
  ⚠️ Sell signal but no position

[07:20:04] Cycle 749
  💰 Current Price: $1972.36
  🎯 Signal: SELL (confidence: 0.17)
  📝 Reason: 5m: MACD bearish; 15m: MACD bearish; 1h: MACD bearish; 4h: RSI oversold (19.6)
  ⚠️ Sell signal but no position

[07:20:35] Cycle 750
  💰 Current Price: $1972.36
  🎯 Signal: SELL (confidence: 0.17)
  📝 Reason: 5m: MACD bearish; 15m: MACD bearish; 1h: MACD bearish; 4h: RSI oversold (19.6)
  ⚠️ Sell signal but no position

[07:21:06] Cycle 751
  💰 Current Price: $1972.35
  🎯 Signal: SELL (confidence: 0.17)
  📝 Reason: 5m: MACD bearish; 15m: MACD bearish; 1h: MACD bearish; 4h: RSI oversold (19.6)
  ⚠️ Sell signal but no position

[07:21:37] Cycle 752
  💰 Current Price: $1972.34
  🎯 Signal: SELL (confidence: 0.17)
  📝 Reason: 5m: MACD bearish; 15m: MACD bearish; 1h: MACD bearish; 4h: RSI oversold (19.6)
  ⚠️ Sell signal but no position

[07:22:08] Cycle 753
  💰 Current Price: $1972.34
  🎯 Signal: SELL (confidence: 0.17)
  📝 Reason: 5m: MACD bearish; 15m: MACD bearish; 1h: MACD bearish; 4h: RSI oversold (19.6)
  ⚠️ Sell signal but no position

[07:22:39] Cycle 754
  💰 Current Price: $1971.46
  🎯 Signal: SELL (confidence: 0.17)
  📝 Reason: 5m: MACD bearish; 15m: MACD bearish; 1h: MACD bearish; 4h: RSI oversold (19.6)
  ⚠️ Sell signal but no position

[07:23:10] Cycle 755
  💰 Current Price: $1972.35
  🎯 Signal: SELL (confidence: 0.17)
  📝 Reason: 5m: MACD bearish; 15m: MACD bearish; 1h: MACD bearish; 4h: RSI oversold (19.6)
  ⚠️ Sell signal but no position

[07:23:41] Cycle 756
  💰 Current Price: $1972.69
  🎯 Signal: SELL (confidence: 0.17)
  📝 Reason: 5m: MACD bearish; 15m: MACD bearish; 1h: MACD bearish; 4h: RSI oversold (19.7)
  ⚠️ Sell signal but no position

[07:24:11] Cycle 757
  💰 Current Price: $1972.97
  🎯 Signal: SELL (confidence: 0.17)
  📝 Reason: 5m: MACD bearish; 15m: MACD bearish; 1h: MACD bearish; 4h: RSI oversold (19.7)
  ⚠️ Sell signal but no position

[07:24:42] Cycle 758
  💰 Current Price: $1976.36
  🎯 Signal: SELL (confidence: 0.17)
  📝 Reason: 5m: MACD bearish; 15m: MACD bearish; 1h: MACD bearish; 4h: RSI oversold (20.0)
  ⚠️ Sell signal but no position

[07:25:13] Cycle 759
  💰 Current Price: $1975.70
  🎯 Signal: SELL (confidence: 0.17)
  📝 Reason: 5m: MACD bearish; 15m: MACD bearish; 1h: MACD bearish; 4h: RSI oversold (19.9)
  ⚠️ Sell signal but no position

[07:25:44] Cycle 760
  💰 Current Price: $1975.70
  🎯 Signal: SELL (confidence: 0.17)
  📝 Reason: 5m: MACD bearish; 15m: MACD bearish; 1h: MACD bearish; 4h: RSI oversold (19.9)
  ⚠️ Sell signal but no position

[07:26:14] Cycle 761
  💰 Current Price: $1977.00
  🎯 Signal: SELL (confidence: 0.17)
  📝 Reason: 5m: MACD bearish; 15m: MACD bearish; 1h: MACD bearish; 4h: RSI oversold (20.0)
  ⚠️ Sell signal but no position

[07:26:45] Cycle 762
  💰 Current Price: $1977.00
  🎯 Signal: SELL (confidence: 0.17)
  📝 Reason: 5m: MACD bearish; 15m: MACD bearish; 1h: MACD bearish; 4h: RSI oversold (20.0)
  ⚠️ Sell signal but no position

[07:27:16] Cycle 763
  💰 Current Price: $1977.00
  🎯 Signal: SELL (confidence: 0.17)
  📝 Reason: 5m: MACD bearish; 15m: MACD bearish; 1h: MACD bearish; 4h: RSI oversold (20.0)
  ⚠️ Sell signal but no position

[07:27:47] Cycle 764
  💰 Current Price: $1976.41
  🎯 Signal: SELL (confidence: 0.17)
  📝 Reason: 5m: MACD bearish; 15m: MACD bearish; 1h: MACD bearish; 4h: RSI oversold (20.0)
  ⚠️ Sell signal but no position

[07:28:18] Cycle 765
  💰 Current Price: $1977.01
  🎯 Signal: SELL (confidence: 0.17)
  📝 Reason: 5m: MACD bearish; 15m: MACD bearish; 1h: MACD bearish; 4h: RSI oversold (20.0)
  ⚠️ Sell signal but no position

[07:28:49] Cycle 766
  💰 Current Price: $1977.00
  🎯 Signal: SELL (confidence: 0.17)
  📝 Reason: 5m: MACD bearish; 15m: MACD bearish; 1h: MACD bearish; 4h: RSI oversold (20.0)
  ⚠️ Sell signal but no position

[07:29:20] Cycle 767
  💰 Current Price: $1977.00
  🎯 Signal: SELL (confidence: 0.17)
  📝 Reason: 5m: MACD bearish; 15m: MACD bearish; 1h: MACD bearish; 4h: RSI oversold (20.0)
  ⚠️ Sell signal but no position

[07:29:51] Cycle 768
  💰 Current Price: $1977.00
  🎯 Signal: SELL (confidence: 0.17)
  📝 Reason: 5m: MACD bearish; 15m: MACD bearish; 1h: MACD bearish; 4h: RSI oversold (20.0)
  ⚠️ Sell signal but no position

[07:30:21] Cycle 769
  💰 Current Price: $1977.00
  🎯 Signal: SELL (confidence: 0.17)
  📝 Reason: 5m: MACD bearish; 15m: MACD bearish; 1h: MACD bearish; 4h: RSI oversold (20.0)
  ⚠️ Sell signal but no position

[07:30:52] Cycle 770
  💰 Current Price: $1977.00
  🎯 Signal: SELL (confidence: 0.17)
  📝 Reason: 5m: MACD bearish; 15m: MACD bearish; 1h: MACD bearish; 4h: RSI oversold (20.0)
  ⚠️ Sell signal but no position

[07:31:23] Cycle 771
  💰 Current Price: $1977.01
  🎯 Signal: SELL (confidence: 0.17)
  📝 Reason: 5m: MACD bearish; 15m: MACD bearish; 1h: MACD bearish; 4h: RSI oversold (20.0)
  ⚠️ Sell signal but no position

[07:31:54] Cycle 772
  💰 Current Price: $1977.00
  🎯 Signal: SELL (confidence: 0.17)
  📝 Reason: 5m: MACD bearish; 15m: MACD bearish; 1h: MACD bearish; 4h: RSI oversold (20.0)
  ⚠️ Sell signal but no position

[07:32:25] Cycle 773
  💰 Current Price: $1977.01
  🎯 Signal: SELL (confidence: 0.17)
  📝 Reason: 5m: MACD bearish; 15m: MACD bearish; 1h: MACD bearish; 4h: RSI oversold (20.0)
  ⚠️ Sell signal but no position

[07:32:55] Cycle 774
  💰 Current Price: $1977.01
  🎯 Signal: SELL (confidence: 0.17)
  📝 Reason: 5m: MACD bearish; 15m: MACD bearish; 1h: MACD bearish; 4h: RSI oversold (20.0)
  ⚠️ Sell signal but no position

[07:33:26] Cycle 775
  💰 Current Price: $1977.01
  🎯 Signal: SELL (confidence: 0.17)
  📝 Reason: 5m: MACD bearish; 15m: MACD bearish; 1h: MACD bearish; 4h: RSI oversold (20.0)
  ⚠️ Sell signal but no position

[07:33:57] Cycle 776
  💰 Current Price: $1977.01
  🎯 Signal: SELL (confidence: 0.17)
  📝 Reason: 5m: MACD bearish; 15m: MACD bearish; 1h: MACD bearish; 4h: RSI oversold (20.0)
  ⚠️ Sell signal but no position

[07:34:28] Cycle 777
  💰 Current Price: $1977.32
  🎯 Signal: SELL (confidence: 0.17)
  📝 Reason: 5m: MACD bearish; 15m: MACD bearish; 1h: MACD bearish; 4h: RSI oversold (20.0)
  ⚠️ Sell signal but no position

[07:34:59] Cycle 778
  💰 Current Price: $1977.32
  🎯 Signal: SELL (confidence: 0.17)
  📝 Reason: 5m: MACD bearish; 15m: MACD bearish; 1h: MACD bearish; 4h: RSI oversold (20.0)
  ⚠️ Sell signal but no position

[07:35:30] Cycle 779
  💰 Current Price: $1977.03
  🎯 Signal: SELL (confidence: 0.17)
  📝 Reason: 5m: MACD bearish; 15m: MACD bearish; 1h: MACD bearish; 4h: RSI oversold (20.0)
  ⚠️ Sell signal but no position

[07:36:01] Cycle 780
  💰 Current Price: $1977.03
  🎯 Signal: SELL (confidence: 0.17)
  📝 Reason: 5m: MACD bearish; 15m: MACD bearish; 1h: MACD bearish; 4h: RSI oversold (20.0)
  ⚠️ Sell signal but no position

[07:36:31] Cycle 781
  💰 Current Price: $1977.03
  🎯 Signal: SELL (confidence: 0.17)
  📝 Reason: 5m: MACD bearish; 15m: MACD bearish; 1h: MACD bearish; 4h: RSI oversold (20.0)
  ⚠️ Sell signal but no position

[07:37:02] Cycle 782
  💰 Current Price: $1977.00
  🎯 Signal: SELL (confidence: 0.17)
  📝 Reason: 5m: MACD bearish; 15m: MACD bearish; 1h: MACD bearish; 4h: RSI oversold (20.0)
  ⚠️ Sell signal but no position

[07:37:33] Cycle 783
  💰 Current Price: $1976.77
  🎯 Signal: SELL (confidence: 0.17)
  📝 Reason: 5m: MACD bearish; 15m: MACD bearish; 1h: MACD bearish; 4h: RSI oversold (20.0)
  ⚠️ Sell signal but no position

[07:38:04] Cycle 784
  💰 Current Price: $1975.61
  🎯 Signal: SELL (confidence: 0.17)
  📝 Reason: 5m: MACD bearish; 15m: MACD bearish; 1h: MACD bearish; 4h: RSI oversold (19.9)
  ⚠️ Sell signal but no position

[07:38:35] Cycle 785
  💰 Current Price: $1975.61
  🎯 Signal: SELL (confidence: 0.17)
  📝 Reason: 5m: MACD bearish; 15m: MACD bearish; 1h: MACD bearish; 4h: RSI oversold (20.0)
  ⚠️ Sell signal but no position

[07:36:31] Cycle 786
  💰 Current Price: $1977.03
  🎯 Signal: SELL (confidence: 0.17)
  📝 Reason: 5m: MACD bearish; 15m: MACD bearish; 1h: MACD bearish; 4h: RSI oversold (20.0)
  ⚠️ Sell signal but no position

[07:37:02] Cycle 787
  💰 Current Price: $1977.00
  🎯 Signal: SELL (confidence: 0.17)
  📝 Reason: 5m: MACD bearish; 15m: MACD bearish; 1h: MACD bearish; 4h: RSI oversold (20.0)
  ⚠️ Sell signal but no position

[07:37:33] Cycle 788
  💰 Current Price: $1976.77
  🎯 Signal: SELL (confidence: 0.17)
  📝 Reason: 5m: MACD bearish; 15m: MACD bearish; 1h: MACD bearish; 4h: RSI oversold (20.0)
  ⚠️ Sell signal but no position

[07:38:04] Cycle 789
  💰 Current Price: $1975.61
  🎯 Signal: SELL (confidence: 0.17)
  📝 Reason: 5m: MACD bearish; 15m: MACD bearish; 1h: MACD bearish; 4h: RSI oversold (20.0)
  ⚠️ Sell signal but no position

[07:38:34] Cycle 790
  💰 Current Price: $1975.61
  🎯 Signal: SELL (confidence: 0.17)
  📝 Reason: 5m: MACD bearish; 15m: MACD bearish; 1h: MACD bearish; 4h: RSI oversold (19.9)
  ⚠️ Sell signal but no position

[07:39:05] Cycle 791
  💰 Current Price: $1975.56
  🎯 Signal: SELL (confidence: 0.17)
  📝 Reason: 5m: MACD bearish; 15m: MACD bearish; 1h: MACD bearish; 4h: RSI oversold (19.9)
  ⚠️ Sell signal but no position

[07:39:36] Cycle 792
  💰 Current Price: $1975.55
  🎯 Signal: SELL (confidence: 0.17)
  📝 Reason: 5m: MACD bearish; 15m: MACD bearish; 1h: MACD bearish; 4h: RSI oversold (19.9)
  ⚠️ Sell signal but no position

[07:40:07] Cycle 793
  💰 Current Price: $1975.44
  🎯 Signal: SELL (confidence: 0.17)
  📝 Reason: 5m: MACD bearish; 15m: MACD bearish; 1h: MACD bearish; 4h: RSI oversold (19.9)
  ⚠️ Sell signal but no position

[07:40:38] Cycle 794
  💰 Current Price: $1975.58
  🎯 Signal: SELL (confidence: 0.17)
  📝 Reason: 5m: MACD bearish; 15m: MACD bearish; 1h: MACD bearish; 4h: RSI oversold (19.9)
  ⚠️ Sell signal but no position

[07:41:08] Cycle 795
  💰 Current Price: $1975.58
  🎯 Signal: SELL (confidence: 0.17)
  📝 Reason: 5m: MACD bearish; 15m: MACD bearish; 1h: MACD bearish; 4h: RSI oversold (19.9)
  ⚠️ Sell signal but no position

[07:41:39] Cycle 796
  💰 Current Price: $1975.95
  🎯 Signal: SELL (confidence: 0.17)
  📝 Reason: 5m: MACD bearish; 15m: MACD bearish; 1h: MACD bearish; 4h: RSI oversold (20.0)
  ⚠️ Sell signal but no position

[07:42:10] Cycle 797
  💰 Current Price: $1976.81
  🎯 Signal: SELL (confidence: 0.17)
  📝 Reason: 5m: MACD bearish; 15m: MACD bearish; 1h: MACD bearish; 4h: RSI oversold (20.0)
  ⚠️ Sell signal but no position

[07:42:41] Cycle 798
  💰 Current Price: $1977.21
  🎯 Signal: SELL (confidence: 0.17)
  📝 Reason: 5m: MACD bearish; 15m: MACD bearish; 1h: MACD bearish; 4h: RSI oversold (20.0)
  ⚠️ Sell signal but no position

[07:43:12] Cycle 799
  💰 Current Price: $1977.52
  🎯 Signal: SELL (confidence: 0.17)
  📝 Reason: 5m: MACD bearish; 15m: MACD bearish; 1h: MACD bearish; 4h: RSI oversold (20.0)
  ⚠️ Sell signal but no position

[07:43:43] Cycle 800
  💰 Current Price: $1978.17
  🎯 Signal: SELL (confidence: 0.17)
  📝 Reason: 5m: MACD bearish; 15m: MACD bearish; 1h: MACD bearish; 4h: RSI oversold (20.1)
  ⚠️ Sell signal but no position

[07:44:14] Cycle 801
  💰 Current Price: $1978.28
  🎯 Signal: SELL (confidence: 0.17)
  📝 Reason: 5m: MACD bearish; 15m: MACD bearish; 1h: MACD bearish; 4h: RSI oversold (20.1)
  ⚠️ Sell signal but no position

[07:44:44] Cycle 802
  💰 Current Price: $1978.17
  🎯 Signal: SELL (confidence: 0.17)
  📝 Reason: 5m: MACD bearish; 15m: MACD bearish; 1h: MACD bearish; 4h: RSI oversold (20.1)
  ⚠️ Sell signal but no position

[07:45:15] Cycle 803
  💰 Current Price: $1978.18
  🎯 Signal: HOLD (confidence: 0.07)
  📝 Reason: 5m: MACD bullish; 15m: MACD bearish; 1h: MACD bearish; 4h: RSI oversold (20.1)

[07:45:46] Cycle 804
  💰 Current Price: $1978.18
  🎯 Signal: HOLD (confidence: 0.07)
  📝 Reason: 5m: MACD bullish; 15m: MACD bearish; 1h: MACD bearish; 4h: RSI oversold (20.1)

[07:46:17] Cycle 805
  💰 Current Price: $1978.17
  🎯 Signal: HOLD (confidence: 0.07)
  📝 Reason: 5m: MACD bullish; 15m: MACD bearish; 1h: MACD bearish; 4h: RSI oversold (20.1)

[07:46:47] Cycle 806
  💰 Current Price: $1978.18
  🎯 Signal: HOLD (confidence: 0.07)
  📝 Reason: 5m: MACD bullish; 15m: MACD bearish; 1h: MACD bearish; 4h: RSI oversold (20.1)

[07:47:18] Cycle 807
  💰 Current Price: $1978.51
  🎯 Signal: HOLD (confidence: 0.07)
  📝 Reason: 5m: MACD bullish; 15m: MACD bearish; 1h: MACD bearish; 4h: RSI oversold (20.1)

[07:47:49] Cycle 808
  💰 Current Price: $1978.51
  🎯 Signal: HOLD (confidence: 0.07)
  📝 Reason: 5m: MACD bullish; 15m: MACD bearish; 1h: MACD bearish; 4h: RSI oversold (20.1)

[07:48:20] Cycle 809
  💰 Current Price: $1978.51
  🎯 Signal: HOLD (confidence: 0.07)
  📝 Reason: 5m: MACD bullish; 15m: MACD bearish; 1h: MACD bearish; 4h: RSI oversold (20.1)

[07:48:51] Cycle 810
  💰 Current Price: $1978.51
  🎯 Signal: HOLD (confidence: 0.07)
  📝 Reason: 5m: MACD bullish; 15m: MACD bearish; 1h: MACD bearish; 4h: RSI oversold (20.1)

[07:49:21] Cycle 811
  💰 Current Price: $1978.54
  🎯 Signal: HOLD (confidence: 0.07)
  📝 Reason: 5m: MACD bullish; 15m: MACD bearish; 1h: MACD bearish; 4h: RSI oversold (20.1)

[07:49:52] Cycle 812
  💰 Current Price: $1978.50
  🎯 Signal: HOLD (confidence: 0.07)
  📝 Reason: 5m: MACD bullish; 15m: MACD bearish; 1h: MACD bearish; 4h: RSI oversold (20.1)

[07:50:23] Cycle 813
  💰 Current Price: $1978.57
  🎯 Signal: HOLD (confidence: 0.07)
  📝 Reason: 5m: MACD bullish; 15m: MACD bearish; 1h: MACD bearish; 4h: RSI oversold (20.1)

[07:50:53] Cycle 814
  💰 Current Price: $1978.57
  🎯 Signal: HOLD (confidence: 0.07)
  📝 Reason: 5m: MACD bullish; 15m: MACD bearish; 1h: MACD bearish; 4h: RSI oversold (20.1)

[07:51:24] Cycle 815
  💰 Current Price: $1978.57
  🎯 Signal: HOLD (confidence: 0.07)
  📝 Reason: 5m: MACD bullish; 15m: MACD bearish; 1h: MACD bearish; 4h: RSI oversold (20.1)

[07:51:55] Cycle 816
  💰 Current Price: $1979.82
  🎯 Signal: HOLD (confidence: 0.07)
  📝 Reason: 5m: MACD bullish; 15m: MACD bearish; 1h: MACD bearish; 4h: RSI oversold (20.3)

[07:52:26] Cycle 817
  💰 Current Price: $1979.77
  🎯 Signal: HOLD (confidence: 0.07)
  📝 Reason: 5m: MACD bullish; 15m: MACD bearish; 1h: MACD bearish; 4h: RSI oversold (20.2)

[07:52:57] Cycle 818
  💰 Current Price: $1979.77
  🎯 Signal: HOLD (confidence: 0.07)
  📝 Reason: 5m: MACD bullish; 15m: MACD bearish; 1h: MACD bearish; 4h: RSI oversold (20.2)

[07:53:28] Cycle 819
  💰 Current Price: $1979.77
  🎯 Signal: HOLD (confidence: 0.07)
  📝 Reason: 5m: MACD bullish; 15m: MACD bearish; 1h: MACD bearish; 4h: RSI oversold (20.2)

[07:53:59] Cycle 820
  💰 Current Price: $1979.77
  🎯 Signal: HOLD (confidence: 0.07)
  📝 Reason: 5m: MACD bullish; 15m: MACD bearish; 1h: MACD bearish; 4h: RSI oversold (20.2)

[07:54:29] Cycle 821
  💰 Current Price: $1980.92
  🎯 Signal: HOLD (confidence: 0.07)
  📝 Reason: 5m: MACD bullish; 15m: MACD bearish; 1h: MACD bearish; 4h: RSI oversold (20.4)

[07:55:00] Cycle 822
  💰 Current Price: $1980.76
  🎯 Signal: HOLD (confidence: 0.07)
  📝 Reason: 5m: MACD bullish; 15m: MACD bearish; 1h: MACD bearish; 4h: RSI oversold (20.3)

[07:55:31] Cycle 823
  💰 Current Price: $1981.51
  🎯 Signal: HOLD (confidence: 0.07)
  📝 Reason: 5m: MACD bullish; 15m: MACD bearish; 1h: MACD bearish; 4h: RSI oversold (20.6)

[07:56:02] Cycle 824
  💰 Current Price: $1981.12
  🎯 Signal: HOLD (confidence: 0.07)
  📝 Reason: 5m: MACD bullish; 15m: MACD bearish; 1h: MACD bearish; 4h: RSI oversold (20.4)

[07:56:33] Cycle 825
  💰 Current Price: $1981.12
  🎯 Signal: HOLD (confidence: 0.07)
  📝 Reason: 5m: MACD bearish; 15m: MACD bearish; 1h: MACD bearish; 4h: RSI oversold (19.9)
  ⚠️ Sell signal but no position

[07:39:05] Cycle 786
  💰 Current Price: $1975.56
  🎯 Signal: SELL (confidence: 0.17)
  📝 Reason: 5m: MACD bearish; 15m: MACD bearish; 1h: MACD bearish; 4h: RSI oversold (19.9)
  ⚠️ Sell signal but no position

[07:39:36] Cycle 787
  💰 Current Price: $1975.55
  🎯 Signal: SELL (confidence: 0.17)
  📝 Reason: 5m: MACD bearish; 15m: MACD bearish; 1h: MACD bearish; 4h: RSI oversold (19.9)
  ⚠️ Sell signal but no position

[07:40:07] Cycle 788
  💰 Current Price: $1975.44
  🎯 Signal: SELL (confidence: 0.17)
  📝 Reason: 5m: MACD bearish; 15m: MACD bearish; 1h: MACD bearish; 4h: RSI oversold (19.9)
  ⚠️ Sell signal but no position

[07:40:38] Cycle 789
  💰 Current Price: $1975.58
  🎯 Signal: SELL (confidence: 0.17)
  📝 Reason: 5m: MACD bearish; 15m: MACD bearish; 1h: MACD bearish; 4h: RSI oversold (19.9)
  ⚠️ Sell signal but no position

[07:41:08] Cycle 790
  💰 Current Price: $1975.58
  🎯 Signal: SELL (confidence: 0.17)
  📝 Reason: 5m: MACD bearish; 15m: MACD bearish; 1h: MACD bearish; 4h: RSI oversold (19.9)
  ⚠️ Sell signal but no position

[07:41:39] Cycle 791
  💰 Current Price: $1975.95
  🎯 Signal: SELL (confidence: 0.17)
  📝 Reason: 5m: MACD bearish; 15m: MACD bearish; 1h: MACD bearish; 4h: RSI oversold (20.0)
  ⚠️ Sell signal but no position

[07:42:10] Cycle 792
  💰 Current Price: $1976.81
  🎯 Signal: SELL (confidence: 0.17)
  📝 Reason: 5m: MACD bearish; 15m: MACD bearish; 1h: MACD bearish; 4h: RSI oversold (20.0)
  ⚠️ Sell signal but no position

[07:42:41] Cycle 793
  💰 Current Price: $1977.21
  🎯 Signal: SELL (confidence: 0.17)
  📝 Reason: 5m: MACD bearish; 15m: MACD bearish; 1h: MACD bearish; 4h: RSI oversold (20.0)
  ⚠️ Sell signal but no position

[07:43:12] Cycle 794
  💰 Current Price: $1977.52
  🎯 Signal: SELL (confidence: 0.17)
  📝 Reason: 5m: MACD bearish; 15m: MACD bearish; 1h: MACD bearish; 4h: RSI oversold (20.0)
  ⚠️ Sell signal but no position

[07:43:43] Cycle 795
  💰 Current Price: $1978.17
  🎯 Signal: SELL (confidence: 0.17)
  📝 Reason: 5m: MACD bearish; 15m: MACD bearish; 1h: MACD bearish; 4h: RSI oversold (20.1)
  ⚠️ Sell signal but no position

[07:44:13] Cycle 796
  💰 Current Price: $1978.28
  🎯 Signal: SELL (confidence: 0.17)
  📝 Reason: 5m: MACD bearish; 15m: MACD bearish; 1h: MACD bearish; 4h: RSI oversold (20.1)
  ⚠️ Sell signal but no position

[07:44:44] Cycle 797
  💰 Current Price: $1978.17
  🎯 Signal: SELL (confidence: 0.17)
  📝 Reason: 5m: MACD bearish; 15m: MACD bearish; 1h: MACD bearish; 4h: RSI oversold (20.1)
  ⚠️ Sell signal but no position

[07:45:15] Cycle 798
  💰 Current Price: $1978.18
  🎯 Signal: HOLD (confidence: 0.07)
  📝 Reason: 5m: MACD bullish; 15m: MACD bearish; 1h: MACD bearish; 4h: RSI oversold (20.1)

[07:45:46] Cycle 799
  💰 Current Price: $1978.18
  🎯 Signal: HOLD (confidence: 0.07)
  📝 Reason: 5m: MACD bullish; 15m: MACD bearish; 1h: MACD bearish; 4h: RSI oversold (20.1)

[07:46:17] Cycle 800
  💰 Current Price: $1978.17
  🎯 Signal: HOLD (confidence: 0.07)
  📝 Reason: 5m: MACD bullish; 15m: MACD bearish; 1h: MACD bearish; 4h: RSI oversold (20.1)

[07:46:48] Cycle 801
  💰 Current Price: $1978.18
  🎯 Signal: HOLD (confidence: 0.07)
  📝 Reason: 5m: MACD bullish; 15m: MACD bearish; 1h: MACD bearish; 4h: RSI oversold (20.1)

[07:47:19] Cycle 802
  💰 Current Price: $1978.51
  🎯 Signal: HOLD (confidence: 0.07)
  📝 Reason: 5m: MACD bullish; 15m: MACD bearish; 1h: MACD bearish; 4h: RSI oversold (20.1)

[07:47:49] Cycle 803
  💰 Current Price: $1978.51
  🎯 Signal: HOLD (confidence: 0.07)
  📝 Reason: 5m: MACD bullish; 15m: MACD bearish; 1h: MACD bearish; 4h: RSI oversold (20.1)

[07:48:20] Cycle 804
  💰 Current Price: $1978.51
  🎯 Signal: HOLD (confidence: 0.07)
  📝 Reason: 5m: MACD bullish; 15m: MACD bearish; 1h: MACD bearish; 4h: RSI oversold (20.1)

[07:48:51] Cycle 805
  💰 Current Price: $1978.51
  🎯 Signal: HOLD (confidence: 0.07)
  📝 Reason: 5m: MACD bullish; 15m: MACD bearish; 1h: MACD bearish; 4h: RSI oversold (20.1)

[07:49:21] Cycle 806
  💰 Current Price: $1978.54
  🎯 Signal: HOLD (confidence: 0.07)
  📝 Reason: 5m: MACD bullish; 15m: MACD bearish; 1h: MACD bearish; 4h: RSI oversold (20.1)

[07:49:52] Cycle 807
  💰 Current Price: $1978.50
  🎯 Signal: HOLD (confidence: 0.07)
  📝 Reason: 5m: MACD bullish; 15m: MACD bearish; 1h: MACD bearish; 4h: RSI oversold (20.1)

[07:50:23] Cycle 808
  💰 Current Price: $1978.57
  🎯 Signal: HOLD (confidence: 0.07)
  📝 Reason: 5m: MACD bullish; 15m: MACD bearish; 1h: MACD bearish; 4h: RSI oversold (20.1)

[07:50:53] Cycle 809
  💰 Current Price: $1978.57
  🎯 Signal: HOLD (confidence: 0.07)
  📝 Reason: 5m: MACD bullish; 15m: MACD bearish; 1h: MACD bearish; 4h: RSI oversold (20.1)

[07:51:24] Cycle 810
  💰 Current Price: $1978.57
  🎯 Signal: HOLD (confidence: 0.07)
  📝 Reason: 5m: MACD bullish; 15m: MACD bearish; 1h: MACD bearish; 4h: RSI oversold (20.1)

[07:51:55] Cycle 811
  💰 Current Price: $1979.82
  🎯 Signal: HOLD (confidence: 0.07)
  📝 Reason: 5m: MACD bullish; 15m: MACD bearish; 1h: MACD bearish; 4h: RSI oversold (20.3)

[07:52:26] Cycle 812
  💰 Current Price: $1979.77
  🎯 Signal: HOLD (confidence: 0.07)
  📝 Reason: 5m: MACD bullish; 15m: MACD bearish; 1h: MACD bearish; 4h: RSI oversold (20.2)

[07:52:57] Cycle 813
  💰 Current Price: $1979.77
  🎯 Signal: HOLD (confidence: 0.07)
  📝 Reason: 5m: MACD bullish; 15m: MACD bearish; 1h: MACD bearish; 4h: RSI oversold (20.2)

[07:53:28] Cycle 814
  💰 Current Price: $1979.77
  🎯 Signal: HOLD (confidence: 0.07)
  📝 Reason: 5m: MACD bullish; 15m: MACD bearish; 1h: MACD bearish; 4h: RSI oversold (20.2)

[07:53:59] Cycle 815
  💰 Current Price: $1979.77
  🎯 Signal: HOLD (confidence: 0.07)
  📝 Reason: 5m: MACD bullish; 15m: MACD bearish; 1h: MACD bearish; 4h: RSI oversold (20.2)

[07:54:29] Cycle 816
  💰 Current Price: $1980.92
  🎯 Signal: HOLD (confidence: 0.07)
  📝 Reason: 5m: MACD bullish; 15m: MACD bearish; 1h: MACD bearish; 4h: RSI oversold (20.4)

[07:55:00] Cycle 817
  💰 Current Price: $1980.76
  🎯 Signal: HOLD (confidence: 0.07)
  📝 Reason: 5m: MACD bullish; 15m: MACD bearish; 1h: MACD bearish; 4h: RSI oversold (20.3)

[07:55:31] Cycle 818
  💰 Current Price: $1981.51
  🎯 Signal: HOLD (confidence: 0.07)
  📝 Reason: 5m: MACD bullish; 15m: MACD bearish; 1h: MACD bearish; 4h: RSI oversold (20.6)

[07:56:02] Cycle 819
  💰 Current Price: $1981.12
  🎯 Signal: HOLD (confidence: 0.07)
  📝 Reason: 5m: MACD bullish; 15m: MACD bearish; 1h: MACD bearish; 4h: RSI oversold (20.4)

[07:56:33] Cycle 820
  💰 Current Price: $1981.12
  🎯 Signal: HOLD (confidence: 0.07)
  📝 Reason: 5m: MACD bullish; 15m: MACD bearish; 1h: MACD bearish; 4h: RSI oversold (20.4)

[07:57:04] Cycle 821
  💰 Current Price: $1981.12
  🎯 Signal: HOLD (confidence: 0.07)
  📝 Reason: 5m: MACD bullish; 15m: MACD bearish; 1h: MACD bearish; 4h: RSI oversold (20.4)

[07:57:35] Cycle 822
  💰 Current Price: $1983.43
  🎯 Signal: HOLD (confidence: 0.07)
  📝 Reason: 5m: MACD bullish; 15m: MACD bearish; 1h: MACD bearish; 4h: RSI oversold (21.2)

[07:58:05] Cycle 823
  💰 Current Price: $1983.05
  🎯 Signal: HOLD (confidence: 0.07)
  📝 Reason: 5m: MACD bullish; 15m: MACD bearish; 1h: MACD bearish; 4h: RSI oversold (21.0)

[07:58:36] Cycle 824
  💰 Current Price: $1983.24
  🎯 Signal: HOLD (confidence: 0.07)
  📝 Reason: 5m: MACD bullish; 15m: MACD bearish; 1h: MACD bearish; 4h: RSI oversold (21.1)

[07:59:07] Cycle 825
  💰 Current Price: $1983.26
  🎯 Signal: HOLD (confidence: 0.07)
  📝 Reason: 5m: MACD bullish; 15m: MACD bearish; 1h: MACD bearish; 4h: RSI oversold (21.1)

[07:59:38] Cycle 826
  💰 Current Price: $1983.39
  🎯 Signal: HOLD (confidence: 0.07)
  📝 Reason: 5m: MACD bullish; 15m: MACD bearish; 1h: MACD bearish; 4h: RSI oversold (20.4)

[07:57:04] Cycle 826
  💰 Current Price: $1981.12
  🎯 Signal: HOLD (confidence: 0.07)
  📝 Reason: 5m: MACD bullish; 15m: MACD bearish; 1h: MACD bearish; 4h: RSI oversold (20.4)

[07:57:35] Cycle 827
  💰 Current Price: $1983.43
  🎯 Signal: HOLD (confidence: 0.07)
  📝 Reason: 5m: MACD bullish; 15m: MACD bearish; 1h: MACD bearish; 4h: RSI oversold (21.2)

[07:58:06] Cycle 828
  💰 Current Price: $1983.05
  🎯 Signal: HOLD (confidence: 0.07)
  📝 Reason: 5m: MACD bullish; 15m: MACD bearish; 1h: MACD bearish; 4h: RSI oversold (21.0)

[07:58:36] Cycle 829
  💰 Current Price: $1983.24
  🎯 Signal: HOLD (confidence: 0.07)
  📝 Reason: 5m: MACD bullish; 15m: MACD bearish; 1h: MACD bearish; 4h: RSI oversold (21.1)

[07:59:07] Cycle 830
  💰 Current Price: $1983.26
  🎯 Signal: HOLD (confidence: 0.07)
  📝 Reason: 5m: MACD bullish; 15m: MACD bearish; 1h: MACD bearish; 4h: RSI oversold (21.1)

[07:59:38] Cycle 831
  💰 Current Price: $1983.39
  🎯 Signal: HOLD (confidence: 0.07)
  📝 Reason: 5m: MACD bullish; 15m: MACD bearish; 1h: MACD bearish; 4h: RSI oversold (21.1)

[08:00:09] Cycle 832
  💰 Current Price: $1983.19
  🎯 Signal: HOLD (confidence: 0.10)
  📝 Reason: 5m: RSI overbought (75.8); 5m: MACD bullish; 15m: MACD bearish; 1h: MACD bearish

[08:00:39] Cycle 833
  💰 Current Price: $1982.19
  🎯 Signal: HOLD (confidence: 0.00)
  📝 Reason: 5m: MACD bullish; 15m: MACD bearish; 1h: MACD bearish; 4h: RSI oversold (21.8)

[08:01:10] Cycle 834
  💰 Current Price: $1982.10
  🎯 Signal: HOLD (confidence: 0.00)
  📝 Reason: 5m: MACD bullish; 15m: MACD bearish; 1h: MACD bearish; 4h: RSI oversold (21.7)

[08:01:41] Cycle 835
  💰 Current Price: $1981.47
  🎯 Signal: HOLD (confidence: 0.07)
  📝 Reason: 5m: MACD bullish; 15m: MACD bearish; 1h: MACD bearish; 4h: RSI oversold (21.7)

[08:02:12] Cycle 836
  💰 Current Price: $1981.60
  🎯 Signal: HOLD (confidence: 0.07)
  📝 Reason: 5m: MACD bullish; 15m: MACD bearish; 1h: MACD bearish; 4h: RSI oversold (21.8)

[08:02:43] Cycle 837
  💰 Current Price: $1983.27
  🎯 Signal: HOLD (confidence: 0.10)
  📝 Reason: 5m: RSI overbought (76.0); 5m: MACD bullish; 15m: MACD bearish; 1h: MACD bearish

[08:03:13] Cycle 838
  💰 Current Price: $1982.52
  🎯 Signal: HOLD (confidence: 0.00)
  📝 Reason: 5m: MACD bullish; 15m: MACD bearish; 1h: MACD bearish; 4h: RSI oversold (21.8)

[08:03:44] Cycle 839
  💰 Current Price: $1982.48
  🎯 Signal: HOLD (confidence: 0.00)
  📝 Reason: 5m: MACD bullish; 15m: MACD bearish; 1h: MACD bearish; 4h: RSI oversold (21.8)

[08:04:15] Cycle 840
  💰 Current Price: $1982.31
  🎯 Signal: HOLD (confidence: 0.00)
  📝 Reason: 5m: MACD bullish; 15m: MACD bearish; 1h: MACD bearish; 4h: RSI oversold (21.8)

[08:04:46] Cycle 841
  💰 Current Price: $1982.49
  🎯 Signal: HOLD (confidence: 0.00)
  📝 Reason: 5m: MACD bullish; 15m: MACD bearish; 1h: MACD bearish; 4h: RSI oversold (21.8)

[08:05:17] Cycle 842
  💰 Current Price: $1982.51
  🎯 Signal: HOLD (confidence: 0.00)
  📝 Reason: 5m: MACD bullish; 15m: MACD bearish; 1h: MACD bearish; 4h: RSI oversold (21.8)

[08:05:48] Cycle 843
  💰 Current Price: $1982.52
  🎯 Signal: HOLD (confidence: 0.00)
  📝 Reason: 5m: MACD bullish; 15m: MACD bearish; 1h: MACD bearish; 4h: RSI oversold (21.8)

[08:06:19] Cycle 844
  💰 Current Price: $1982.60
  🎯 Signal: HOLD (confidence: 0.00)
  📝 Reason: 5m: MACD bullish; 15m: MACD bearish; 1h: MACD bearish; 4h: RSI oversold (21.8)

[08:06:50] Cycle 845
  💰 Current Price: $1982.14
  🎯 Signal: HOLD (confidence: 0.00)
  📝 Reason: 5m: MACD bullish; 15m: MACD bearish; 1h: MACD bearish; 4h: RSI oversold (21.7)

[08:07:21] Cycle 846
  💰 Current Price: $1982.14
  🎯 Signal: HOLD (confidence: 0.00)
  📝 Reason: 5m: MACD bullish; 15m: MACD bearish; 1h: MACD bearish; 4h: RSI oversold (21.7)

[08:07:51] Cycle 847
  💰 Current Price: $1982.59
  🎯 Signal: HOLD (confidence: 0.00)
  📝 Reason: 5m: MACD bullish; 15m: MACD bearish; 1h: MACD bearish; 4h: RSI oversold (21.8)

[08:08:22] Cycle 848
  💰 Current Price: $1982.59
  🎯 Signal: HOLD (confidence: 0.00)
  📝 Reason: 5m: MACD bullish; 15m: MACD bearish; 1h: MACD bearish; 4h: RSI oversold (21.8)

[08:08:53] Cycle 849
  💰 Current Price: $1982.93
  🎯 Signal: HOLD (confidence: 0.00)
  📝 Reason: 5m: MACD bullish; 15m: MACD bearish; 1h: MACD bearish; 4h: RSI oversold (21.8)

[08:09:23] Cycle 850
  💰 Current Price: $1982.96
  🎯 Signal: HOLD (confidence: 0.00)
  📝 Reason: 5m: MACD bullish; 15m: MACD bearish; 1h: MACD bearish; 4h: RSI oversold (21.8)

[08:09:54] Cycle 851
  💰 Current Price: $1982.80
  🎯 Signal: HOLD (confidence: 0.00)
  📝 Reason: 5m: MACD bullish; 15m: MACD bearish; 1h: MACD bearish; 4h: RSI oversold (21.8)

[08:10:25] Cycle 852
  💰 Current Price: $1982.50
  🎯 Signal: HOLD (confidence: 0.10)
  📝 Reason: 5m: RSI overbought (79.2); 5m: MACD bullish; 15m: MACD bearish; 1h: MACD bearish

[08:10:56] Cycle 853
  💰 Current Price: $1982.01
  🎯 Signal: HOLD (confidence: 0.10)
  📝 Reason: 5m: RSI overbought (77.3); 5m: MACD bullish; 15m: MACD bearish; 1h: MACD bearish

[08:11:27] Cycle 854
  💰 Current Price: $1982.00
  🎯 Signal: HOLD (confidence: 0.10)
  📝 Reason: 5m: RSI overbought (77.3); 5m: MACD bullish; 15m: MACD bearish; 1h: MACD bearish

[08:11:58] Cycle 855
  💰 Current Price: $1982.00
  🎯 Signal: HOLD (confidence: 0.10)
  📝 Reason: 5m: RSI overbought (77.3); 5m: MACD bullish; 15m: MACD bearish; 1h: MACD bearish

[08:12:29] Cycle 856
  💰 Current Price: $1981.71
  🎯 Signal: HOLD (confidence: 0.10)
  📝 Reason: 5m: RSI overbought (76.2); 5m: MACD bullish; 15m: MACD bearish; 1h: MACD bearish

[08:13:00] Cycle 857
  💰 Current Price: $1981.89
  🎯 Signal: HOLD (confidence: 0.10)
  📝 Reason: 5m: RSI overbought (76.9); 5m: MACD bullish; 15m: MACD bearish; 1h: MACD bearish

[08:13:31] Cycle 858
  💰 Current Price: $1982.24
  🎯 Signal: HOLD (confidence: 0.10)
  📝 Reason: 5m: RSI overbought (78.2); 5m: MACD bullish; 15m: MACD bearish; 1h: MACD bearish

[08:14:01] Cycle 859
  💰 Current Price: $1982.93
  🎯 Signal: HOLD (confidence: 0.10)
  📝 Reason: 5m: RSI overbought (79.7); 5m: MACD bullish; 15m: MACD bearish; 1h: MACD bearish

[08:14:32] Cycle 860
  💰 Current Price: $1982.95
  🎯 Signal: HOLD (confidence: 0.10)
  📝 Reason: 5m: RSI overbought (79.8); 5m: MACD bullish; 15m: MACD bearish; 1h: MACD bearish

[08:15:03] Cycle 861
  💰 Current Price: $1983.00
  🎯 Signal: HOLD (confidence: 0.10)
  📝 Reason: 5m: RSI overbought (85.6); 5m: MACD bullish; 15m: MACD bullish; 1h: MACD bearish

[08:15:34] Cycle 862
  💰 Current Price: $1984.31
  🎯 Signal: HOLD (confidence: 0.10)
  📝 Reason: 5m: RSI overbought (86.5); 5m: MACD bullish; 15m: MACD bullish; 1h: MACD bearish

[08:16:05] Cycle 863
  💰 Current Price: $1984.41
  🎯 Signal: HOLD (confidence: 0.10)
  📝 Reason: 5m: RSI overbought (86.5); 5m: MACD bullish; 15m: MACD bullish; 1h: MACD bearish

[08:16:36] Cycle 864
  💰 Current Price: $1984.25
  🎯 Signal: HOLD (confidence: 0.10)
  📝 Reason: 5m: RSI overbought (86.4); 5m: MACD bullish; 15m: MACD bullish; 1h: MACD bearish

[08:17:07] Cycle 865
  💰 Current Price: $1984.35
  🎯 Signal: HOLD (confidence: 0.10)
  📝 Reason: 5m: RSI overbought (86.5); 5m: MACD bullish; 15m: MACD bullish; 1h: MACD bearish

[08:17:37] Cycle 866
  💰 Current Price: $1984.24
  🎯 Signal: HOLD (confidence: 0.10)
  📝 Reason: 5m: RSI overbought (86.4); 5m: MACD bullish; 15m: MACD bullish; 1h: MACD bearish

[08:18:08] Cycle 867
  💰 Current Price: $1985.00
  🎯 Signal: HOLD (confidence: 0.10)
  📝 Reason: 5m: RSI overbought (86.9); 5m: MACD bullish; 15m: MACD bullish; 1h: MACD bearish

[08:18:39] Cycle 868
  💰 Current Price: $1985.92
  🎯 Signal: HOLD (confidence: 0.10)
  📝 Reason: 5m: RSI overbought (87.4); 5m: MACD bullish; 15m: MACD bullish; 1h: MACD bearish

[08:19:09] Cycle 869
  💰 Current Price: $1985.98
  📝 Reason: 5m: MACD bullish; 15m: MACD bearish; 1h: MACD bearish; 4h: RSI oversold (21.1)

[08:00:08] Cycle 827
  💰 Current Price: $1983.19
  🎯 Signal: HOLD (confidence: 0.10)
  📝 Reason: 5m: RSI overbought (75.8); 5m: MACD bullish; 15m: MACD bearish; 1h: MACD bearish

[08:00:39] Cycle 828
  💰 Current Price: $1982.19
  🎯 Signal: HOLD (confidence: 0.00)
  📝 Reason: 5m: MACD bullish; 15m: MACD bearish; 1h: MACD bearish; 4h: RSI oversold (21.8)

[08:01:10] Cycle 829
  💰 Current Price: $1982.10
  🎯 Signal: HOLD (confidence: 0.00)
  📝 Reason: 5m: MACD bullish; 15m: MACD bearish; 1h: MACD bearish; 4h: RSI oversold (21.7)

[08:01:41] Cycle 830
  💰 Current Price: $1981.47
  🎯 Signal: HOLD (confidence: 0.07)
  📝 Reason: 5m: MACD bullish; 15m: MACD bearish; 1h: MACD bearish; 4h: RSI oversold (21.7)

[08:02:12] Cycle 831
  💰 Current Price: $1981.60
  🎯 Signal: HOLD (confidence: 0.07)
  📝 Reason: 5m: MACD bullish; 15m: MACD bearish; 1h: MACD bearish; 4h: RSI oversold (21.8)

[08:02:43] Cycle 832
  💰 Current Price: $1983.27
  🎯 Signal: HOLD (confidence: 0.10)
  📝 Reason: 5m: RSI overbought (76.0); 5m: MACD bullish; 15m: MACD bearish; 1h: MACD bearish

[08:03:14] Cycle 833
  💰 Current Price: $1982.52
  🎯 Signal: HOLD (confidence: 0.00)
  📝 Reason: 5m: MACD bullish; 15m: MACD bearish; 1h: MACD bearish; 4h: RSI oversold (21.8)

[08:03:44] Cycle 834
  💰 Current Price: $1982.48
  🎯 Signal: HOLD (confidence: 0.00)
  📝 Reason: 5m: MACD bullish; 15m: MACD bearish; 1h: MACD bearish; 4h: RSI oversold (21.8)

[08:04:15] Cycle 835
  💰 Current Price: $1982.31
  🎯 Signal: HOLD (confidence: 0.00)
  📝 Reason: 5m: MACD bullish; 15m: MACD bearish; 1h: MACD bearish; 4h: RSI oversold (21.8)

[08:04:46] Cycle 836
  💰 Current Price: $1982.49
  🎯 Signal: HOLD (confidence: 0.00)
  📝 Reason: 5m: MACD bullish; 15m: MACD bearish; 1h: MACD bearish; 4h: RSI oversold (21.8)

[08:05:17] Cycle 837
  💰 Current Price: $1982.51
  🎯 Signal: HOLD (confidence: 0.00)
  📝 Reason: 5m: MACD bullish; 15m: MACD bearish; 1h: MACD bearish; 4h: RSI oversold (21.8)

[08:05:48] Cycle 838
  💰 Current Price: $1982.52
  🎯 Signal: HOLD (confidence: 0.00)
  📝 Reason: 5m: MACD bullish; 15m: MACD bearish; 1h: MACD bearish; 4h: RSI oversold (21.8)

[08:06:19] Cycle 839
  💰 Current Price: $1982.60
  🎯 Signal: HOLD (confidence: 0.00)
  📝 Reason: 5m: MACD bullish; 15m: MACD bearish; 1h: MACD bearish; 4h: RSI oversold (21.8)

[08:06:50] Cycle 840
  💰 Current Price: $1982.14
  🎯 Signal: HOLD (confidence: 0.00)
  📝 Reason: 5m: MACD bullish; 15m: MACD bearish; 1h: MACD bearish; 4h: RSI oversold (21.7)

[08:07:21] Cycle 841
  💰 Current Price: $1982.14
  🎯 Signal: HOLD (confidence: 0.00)
  📝 Reason: 5m: MACD bullish; 15m: MACD bearish; 1h: MACD bearish; 4h: RSI oversold (21.7)

[08:07:51] Cycle 842
  💰 Current Price: $1982.59
  🎯 Signal: HOLD (confidence: 0.00)
  📝 Reason: 5m: MACD bullish; 15m: MACD bearish; 1h: MACD bearish; 4h: RSI oversold (21.8)

[08:08:22] Cycle 843
  💰 Current Price: $1982.59
  🎯 Signal: HOLD (confidence: 0.00)
  📝 Reason: 5m: MACD bullish; 15m: MACD bearish; 1h: MACD bearish; 4h: RSI oversold (21.8)

[08:08:53] Cycle 844
  💰 Current Price: $1982.93
  🎯 Signal: HOLD (confidence: 0.00)
  📝 Reason: 5m: MACD bullish; 15m: MACD bearish; 1h: MACD bearish; 4h: RSI oversold (21.8)

[08:09:24] Cycle 845
  💰 Current Price: $1982.96
  🎯 Signal: HOLD (confidence: 0.00)
  📝 Reason: 5m: MACD bullish; 15m: MACD bearish; 1h: MACD bearish; 4h: RSI oversold (21.8)

[08:09:55] Cycle 846
  💰 Current Price: $1982.80
  🎯 Signal: HOLD (confidence: 0.00)
  📝 Reason: 5m: MACD bullish; 15m: MACD bearish; 1h: MACD bearish; 4h: RSI oversold (21.8)

[08:10:25] Cycle 847
  💰 Current Price: $1982.50
  🎯 Signal: HOLD (confidence: 0.10)
  📝 Reason: 5m: RSI overbought (79.2); 5m: MACD bullish; 15m: MACD bearish; 1h: MACD bearish

[08:10:56] Cycle 848
  💰 Current Price: $1982.01
  🎯 Signal: HOLD (confidence: 0.10)
  📝 Reason: 5m: RSI overbought (77.3); 5m: MACD bullish; 15m: MACD bearish; 1h: MACD bearish

[08:11:27] Cycle 849
  💰 Current Price: $1982.00
  🎯 Signal: HOLD (confidence: 0.10)
  📝 Reason: 5m: RSI overbought (77.3); 5m: MACD bullish; 15m: MACD bearish; 1h: MACD bearish

[08:11:58] Cycle 850
  💰 Current Price: $1982.00
  🎯 Signal: HOLD (confidence: 0.10)
  📝 Reason: 5m: RSI overbought (77.3); 5m: MACD bullish; 15m: MACD bearish; 1h: MACD bearish

[08:12:29] Cycle 851
  💰 Current Price: $1981.71
  🎯 Signal: HOLD (confidence: 0.10)
  📝 Reason: 5m: RSI overbought (76.2); 5m: MACD bullish; 15m: MACD bearish; 1h: MACD bearish

[08:12:59] Cycle 852
  💰 Current Price: $1981.89
  🎯 Signal: HOLD (confidence: 0.10)
  📝 Reason: 5m: RSI overbought (76.9); 5m: MACD bullish; 15m: MACD bearish; 1h: MACD bearish

[08:13:31] Cycle 853
  💰 Current Price: $1982.24
  🎯 Signal: HOLD (confidence: 0.10)
  📝 Reason: 5m: RSI overbought (78.2); 5m: MACD bullish; 15m: MACD bearish; 1h: MACD bearish

[08:14:02] Cycle 854
  💰 Current Price: $1982.93
  🎯 Signal: HOLD (confidence: 0.10)
  📝 Reason: 5m: RSI overbought (79.7); 5m: MACD bullish; 15m: MACD bearish; 1h: MACD bearish

[08:14:32] Cycle 855
  💰 Current Price: $1982.95
  🎯 Signal: HOLD (confidence: 0.10)
  📝 Reason: 5m: RSI overbought (79.8); 5m: MACD bullish; 15m: MACD bearish; 1h: MACD bearish

[08:15:03] Cycle 856
  💰 Current Price: $1983.00
  🎯 Signal: HOLD (confidence: 0.10)
  📝 Reason: 5m: RSI overbought (85.6); 5m: MACD bullish; 15m: MACD bullish; 1h: MACD bearish

[08:15:34] Cycle 857
  💰 Current Price: $1984.31
  🎯 Signal: HOLD (confidence: 0.10)
  📝 Reason: 5m: RSI overbought (86.5); 5m: MACD bullish; 15m: MACD bullish; 1h: MACD bearish

[08:16:05] Cycle 858
  💰 Current Price: $1984.41
  🎯 Signal: HOLD (confidence: 0.10)
  📝 Reason: 5m: RSI overbought (86.5); 5m: MACD bullish; 15m: MACD bullish; 1h: MACD bearish

[08:16:36] Cycle 859
  💰 Current Price: $1984.25
  🎯 Signal: HOLD (confidence: 0.10)
  📝 Reason: 5m: RSI overbought (86.4); 5m: MACD bullish; 15m: MACD bullish; 1h: MACD bearish

[08:17:07] Cycle 860
  💰 Current Price: $1984.35
  🎯 Signal: HOLD (confidence: 0.10)
  📝 Reason: 5m: RSI overbought (86.5); 5m: MACD bullish; 15m: MACD bullish; 1h: MACD bearish

[08:17:37] Cycle 861
  💰 Current Price: $1984.24
  🎯 Signal: HOLD (confidence: 0.10)
  📝 Reason: 5m: RSI overbought (86.4); 5m: MACD bullish; 15m: MACD bullish; 1h: MACD bearish

[08:18:08] Cycle 862
  💰 Current Price: $1985.00
  🎯 Signal: HOLD (confidence: 0.10)
  📝 Reason: 5m: RSI overbought (86.9); 5m: MACD bullish; 15m: MACD bullish; 1h: MACD bearish

[08:18:39] Cycle 863
  💰 Current Price: $1985.92
  🎯 Signal: HOLD (confidence: 0.10)
  📝 Reason: 5m: RSI overbought (87.4); 5m: MACD bullish; 15m: MACD bullish; 1h: MACD bearish

[08:19:09] Cycle 864
  💰 Current Price: $1985.98
  🎯 Signal: HOLD (confidence: 0.10)
  📝 Reason: 5m: RSI overbought (87.5); 5m: MACD bullish; 15m: MACD bullish; 1h: MACD bearish

[08:19:40] Cycle 865
  💰 Current Price: $1985.35
  🎯 Signal: HOLD (confidence: 0.10)
  📝 Reason: 5m: RSI overbought (87.2); 5m: MACD bullish; 15m: MACD bullish; 1h: MACD bearish

[08:20:11] Cycle 866
  💰 Current Price: $1985.34
  🎯 Signal: HOLD (confidence: 0.10)
  📝 Reason: 5m: RSI overbought (84.9); 5m: MACD bullish; 15m: MACD bullish; 1h: MACD bearish

[08:20:42] Cycle 867
  💰 Current Price: $1985.15
  🎯 Signal: HOLD (confidence: 0.10)
  📝 Reason: 5m: RSI overbought (84.0); 5m: MACD bullish; 15m: MACD bullish; 1h: MACD bearish

[08:21:13] Cycle 868
  💰 Current Price: $1985.15
  🎯 Signal: HOLD (confidence: 0.10)
  📝 Reason: 5m: RSI overbought (84.0); 5m: MACD bullish; 15m: MACD bullish; 1h: MACD bearish

[08:21:43] Cycle 869
  💰 Current Price: $1985.15
  🎯 Signal: HOLD (confidence: 0.10)
  📝 Reason: 5m: RSI overbought (84.0); 5m: MACD bullish; 15m: MACD bullish; 1h: MACD bearish

[08:22:14] Cycle 870
  🎯 Signal: HOLD (confidence: 0.10)
  📝 Reason: 5m: RSI overbought (87.5); 5m: MACD bullish; 15m: MACD bullish; 1h: MACD bearish

[08:19:40] Cycle 870
  💰 Current Price: $1985.35
  🎯 Signal: HOLD (confidence: 0.10)
  📝 Reason: 5m: RSI overbought (87.2); 5m: MACD bullish; 15m: MACD bullish; 1h: MACD bearish

[08:20:11] Cycle 871
  💰 Current Price: $1985.34
  🎯 Signal: HOLD (confidence: 0.10)
  📝 Reason: 5m: RSI overbought (84.9); 5m: MACD bullish; 15m: MACD bullish; 1h: MACD bearish

[08:20:42] Cycle 872
  💰 Current Price: $1985.15
  🎯 Signal: HOLD (confidence: 0.10)
  📝 Reason: 5m: RSI overbought (84.0); 5m: MACD bullish; 15m: MACD bullish; 1h: MACD bearish

[08:21:13] Cycle 873
  💰 Current Price: $1985.15
  🎯 Signal: HOLD (confidence: 0.10)
  📝 Reason: 5m: RSI overbought (84.0); 5m: MACD bullish; 15m: MACD bullish; 1h: MACD bearish

[08:21:44] Cycle 874
  💰 Current Price: $1985.15
  🎯 Signal: HOLD (confidence: 0.10)
  📝 Reason: 5m: RSI overbought (84.0); 5m: MACD bullish; 15m: MACD bullish; 1h: MACD bearish

[08:22:14] Cycle 875
  💰 Current Price: $1985.27
  🎯 Signal: HOLD (confidence: 0.10)
  📝 Reason: 5m: RSI overbought (84.6); 5m: MACD bullish; 15m: MACD bullish; 1h: MACD bearish

[08:22:45] Cycle 876
  💰 Current Price: $1985.67
  🎯 Signal: HOLD (confidence: 0.10)
  📝 Reason: 5m: RSI overbought (85.7); 5m: MACD bullish; 15m: MACD bullish; 1h: MACD bearish

[08:23:16] Cycle 877
  💰 Current Price: $1986.34
  🎯 Signal: HOLD (confidence: 0.10)
  📝 Reason: 5m: RSI overbought (85.7); 5m: MACD bullish; 15m: MACD bullish; 1h: MACD bearish

[08:23:47] Cycle 878
  💰 Current Price: $1987.31
  🎯 Signal: HOLD (confidence: 0.10)
  📝 Reason: 5m: RSI overbought (86.4); 5m: MACD bullish; 15m: MACD bullish; 1h: MACD bearish

[08:24:18] Cycle 879
  💰 Current Price: $1987.54
  🎯 Signal: HOLD (confidence: 0.10)
  📝 Reason: 5m: RSI overbought (86.5); 5m: MACD bullish; 15m: MACD bullish; 1h: MACD bearish

[08:24:49] Cycle 880
  💰 Current Price: $1987.54
  🎯 Signal: HOLD (confidence: 0.10)
  📝 Reason: 5m: RSI overbought (86.5); 5m: MACD bullish; 15m: MACD bullish; 1h: MACD bearish

[08:25:20] Cycle 881
  💰 Current Price: $1986.42
  🎯 Signal: HOLD (confidence: 0.10)
  📝 Reason: 5m: RSI overbought (84.3); 5m: MACD bullish; 15m: MACD bullish; 1h: MACD bearish

[08:25:51] Cycle 882
  💰 Current Price: $1986.42
  🎯 Signal: HOLD (confidence: 0.10)
  📝 Reason: 5m: RSI overbought (84.3); 5m: MACD bullish; 15m: MACD bullish; 1h: MACD bearish

[08:26:21] Cycle 883
  💰 Current Price: $1986.41
  🎯 Signal: HOLD (confidence: 0.10)
  📝 Reason: 5m: RSI overbought (84.3); 5m: MACD bullish; 15m: MACD bullish; 1h: MACD bearish

[08:26:52] Cycle 884
  💰 Current Price: $1984.99
  🎯 Signal: HOLD (confidence: 0.10)
  📝 Reason: 5m: RSI overbought (78.8); 5m: MACD bullish; 15m: MACD bullish; 1h: MACD bearish

[08:27:23] Cycle 885
  💰 Current Price: $1985.15
  🎯 Signal: HOLD (confidence: 0.10)
  📝 Reason: 5m: RSI overbought (79.4); 5m: MACD bullish; 15m: MACD bullish; 1h: MACD bearish

[08:27:54] Cycle 886
  💰 Current Price: $1986.20
  🎯 Signal: HOLD (confidence: 0.10)
  📝 Reason: 5m: RSI overbought (83.4); 5m: MACD bullish; 15m: MACD bullish; 1h: MACD bearish

[08:28:24] Cycle 887
  💰 Current Price: $1986.78
  🎯 Signal: HOLD (confidence: 0.10)
  📝 Reason: 5m: RSI overbought (86.7); 5m: MACD bullish; 15m: MACD bullish; 1h: MACD bearish

[08:28:55] Cycle 888
  💰 Current Price: $1986.80
  🎯 Signal: HOLD (confidence: 0.10)
  📝 Reason: 5m: RSI overbought (85.9); 5m: MACD bullish; 15m: MACD bullish; 1h: MACD bearish

[08:29:26] Cycle 889
  💰 Current Price: $1986.65
  🎯 Signal: HOLD (confidence: 0.10)
  📝 Reason: 5m: RSI overbought (85.3); 5m: MACD bullish; 15m: MACD bullish; 1h: MACD bearish

[08:29:57] Cycle 890
  💰 Current Price: $1986.66
  🎯 Signal: HOLD (confidence: 0.10)
  📝 Reason: 5m: RSI overbought (84.0); 5m: MACD bullish; 15m: MACD bullish; 1h: MACD bearish

[08:30:28] Cycle 891
  💰 Current Price: $1986.69
  🎯 Signal: HOLD (confidence: 0.10)
  📝 Reason: 5m: RSI overbought (81.3); 5m: MACD bullish; 15m: MACD bullish; 1h: MACD bearish

[08:30:59] Cycle 892
  💰 Current Price: $1986.95
  🎯 Signal: HOLD (confidence: 0.10)
  📝 Reason: 5m: RSI overbought (81.5); 5m: MACD bullish; 15m: MACD bullish; 1h: MACD bearish

[08:31:30] Cycle 893
  💰 Current Price: $1986.62
  🎯 Signal: HOLD (confidence: 0.10)
  📝 Reason: 5m: RSI overbought (81.2); 5m: MACD bullish; 15m: MACD bullish; 1h: MACD bearish

[08:32:00] Cycle 894
  💰 Current Price: $1986.61
  🎯 Signal: HOLD (confidence: 0.10)
  📝 Reason: 5m: RSI overbought (81.2); 5m: MACD bullish; 15m: MACD bullish; 1h: MACD bearish

[08:32:32] Cycle 895
  💰 Current Price: $1986.61
  🎯 Signal: HOLD (confidence: 0.10)
  📝 Reason: 5m: RSI overbought (81.2); 5m: MACD bullish; 15m: MACD bullish; 1h: MACD bearish

[08:33:02] Cycle 896
  💰 Current Price: $1986.62
  🎯 Signal: HOLD (confidence: 0.10)
  📝 Reason: 5m: RSI overbought (81.2); 5m: MACD bullish; 15m: MACD bullish; 1h: MACD bearish

[08:33:33] Cycle 897
  💰 Current Price: $1984.91
  🎯 Signal: BUY (confidence: 0.20)
  📝 Reason: 5m: MACD bullish; 15m: MACD bullish; 1h: MACD bearish; 4h: RSI oversold (22.4)

[08:34:04] Cycle 898
  💰 Current Price: $1984.57
  🎯 Signal: BUY (confidence: 0.20)
  📝 Reason: 5m: MACD bullish; 15m: MACD bullish; 1h: MACD bearish; 4h: RSI oversold (22.2)

[08:34:35] Cycle 899
  💰 Current Price: $1985.39
  🎯 Signal: HOLD (confidence: 0.10)
  📝 Reason: 5m: RSI overbought (76.7); 5m: MACD bullish; 15m: MACD bullish; 1h: MACD bearish

[08:35:05] Cycle 900
  💰 Current Price: $1984.55
  🎯 Signal: BUY (confidence: 0.20)
  📝 Reason: 5m: MACD bullish; 15m: MACD bullish; 1h: MACD bearish; 4h: RSI oversold (22.2)

[08:35:36] Cycle 901
  💰 Current Price: $1984.35
  🎯 Signal: BUY (confidence: 0.20)
  📝 Reason: 5m: MACD bullish; 15m: MACD bullish; 1h: MACD bearish; 4h: RSI oversold (22.2)

[08:36:07] Cycle 902
  💰 Current Price: $1984.30
  🎯 Signal: BUY (confidence: 0.20)
  📝 Reason: 5m: MACD bullish; 15m: MACD bullish; 1h: MACD bearish; 4h: RSI oversold (22.2)

[08:36:38] Cycle 903
  💰 Current Price: $1984.63
  🎯 Signal: BUY (confidence: 0.20)
  📝 Reason: 5m: MACD bullish; 15m: MACD bullish; 1h: MACD bearish; 4h: RSI oversold (22.3)

[08:37:08] Cycle 904
  💰 Current Price: $1984.64
  🎯 Signal: BUY (confidence: 0.20)
  📝 Reason: 5m: MACD bullish; 15m: MACD bullish; 1h: MACD bearish; 4h: RSI oversold (22.3)

[08:37:39] Cycle 905
  💰 Current Price: $1985.33
  🎯 Signal: BUY (confidence: 0.20)
  📝 Reason: 5m: MACD bullish; 15m: MACD bullish; 1h: MACD bearish; 4h: RSI oversold (22.5)

[08:38:10] Cycle 906
  💰 Current Price: $1985.33
  🎯 Signal: BUY (confidence: 0.20)
  📝 Reason: 5m: MACD bullish; 15m: MACD bullish; 1h: MACD bearish; 4h: RSI oversold (22.5)

[08:38:41] Cycle 907
  💰 Current Price: $1984.00
  🎯 Signal: BUY (confidence: 0.20)
  📝 Reason: 5m: MACD bullish; 15m: MACD bullish; 1h: MACD bearish; 4h: RSI oversold (22.1)

[08:39:12] Cycle 908
  💰 Current Price: $1984.01
  🎯 Signal: BUY (confidence: 0.20)
  📝 Reason: 5m: MACD bullish; 15m: MACD bullish; 1h: MACD bearish; 4h: RSI oversold (21.9)

[08:39:42] Cycle 909
  💰 Current Price: $1982.90
  🎯 Signal: BUY (confidence: 0.20)
  📝 Reason: 5m: MACD bullish; 15m: MACD bullish; 1h: MACD bearish; 4h: RSI oversold (21.8)

[08:40:13] Cycle 910
  💰 Current Price: $1983.89
  🎯 Signal: BUY (confidence: 0.20)
  📝 Reason: 5m: MACD bullish; 15m: MACD bullish; 1h: MACD bearish; 4h: RSI oversold (22.0)

[08:40:44] Cycle 911
  💰 Current Price: $1983.89
  🎯 Signal: BUY (confidence: 0.20)
  📝 Reason: 5m: MACD bullish; 15m: MACD bullish; 1h: MACD bearish; 4h: RSI oversold (22.0)

[08:41:15] Cycle 912
  💰 Current Price: $1982.57
  🎯 Signal: BUY (confidence: 0.20)
  📝 Reason: 5m: MACD bullish; 15m: MACD bullish; 1h: MACD bearish; 4h: RSI oversold (21.8)
  💰 Current Price: $1985.27
  🎯 Signal: HOLD (confidence: 0.10)
  📝 Reason: 5m: RSI overbought (84.6); 5m: MACD bullish; 15m: MACD bullish; 1h: MACD bearish

[08:22:45] Cycle 871
  💰 Current Price: $1985.67
  🎯 Signal: HOLD (confidence: 0.10)
  📝 Reason: 5m: RSI overbought (85.7); 5m: MACD bullish; 15m: MACD bullish; 1h: MACD bearish

[08:23:16] Cycle 872
  💰 Current Price: $1986.34
  🎯 Signal: HOLD (confidence: 0.10)
  📝 Reason: 5m: RSI overbought (85.7); 5m: MACD bullish; 15m: MACD bullish; 1h: MACD bearish

[08:23:47] Cycle 873
  💰 Current Price: $1987.31
  🎯 Signal: HOLD (confidence: 0.10)
  📝 Reason: 5m: RSI overbought (86.4); 5m: MACD bullish; 15m: MACD bullish; 1h: MACD bearish

[08:24:18] Cycle 874
  💰 Current Price: $1987.54
  🎯 Signal: HOLD (confidence: 0.10)
  📝 Reason: 5m: RSI overbought (86.5); 5m: MACD bullish; 15m: MACD bullish; 1h: MACD bearish

[08:24:48] Cycle 875
  💰 Current Price: $1987.54
  🎯 Signal: HOLD (confidence: 0.10)
  📝 Reason: 5m: RSI overbought (86.5); 5m: MACD bullish; 15m: MACD bullish; 1h: MACD bearish

[08:25:19] Cycle 876
  💰 Current Price: $1986.42
  🎯 Signal: HOLD (confidence: 0.10)
  📝 Reason: 5m: RSI overbought (84.3); 5m: MACD bullish; 15m: MACD bullish; 1h: MACD bearish

[08:25:50] Cycle 877
  💰 Current Price: $1986.42
  🎯 Signal: HOLD (confidence: 0.10)
  📝 Reason: 5m: RSI overbought (84.3); 5m: MACD bullish; 15m: MACD bullish; 1h: MACD bearish

[08:26:21] Cycle 878
  💰 Current Price: $1986.41
  🎯 Signal: HOLD (confidence: 0.10)
  📝 Reason: 5m: RSI overbought (84.3); 5m: MACD bullish; 15m: MACD bullish; 1h: MACD bearish

[08:26:52] Cycle 879
  💰 Current Price: $1984.99
  🎯 Signal: HOLD (confidence: 0.10)
  📝 Reason: 5m: RSI overbought (78.8); 5m: MACD bullish; 15m: MACD bullish; 1h: MACD bearish

[08:27:23] Cycle 880
  💰 Current Price: $1985.15
  🎯 Signal: HOLD (confidence: 0.10)
  📝 Reason: 5m: RSI overbought (79.4); 5m: MACD bullish; 15m: MACD bullish; 1h: MACD bearish

[08:27:54] Cycle 881
  💰 Current Price: $1986.20
  🎯 Signal: HOLD (confidence: 0.10)
  📝 Reason: 5m: RSI overbought (83.4); 5m: MACD bullish; 15m: MACD bullish; 1h: MACD bearish

[08:28:24] Cycle 882
  💰 Current Price: $1987.30
  🎯 Signal: HOLD (confidence: 0.10)
  📝 Reason: 5m: RSI overbought (86.7); 5m: MACD bullish; 15m: MACD bullish; 1h: MACD bearish

[08:28:55] Cycle 883
  💰 Current Price: $1986.80
  🎯 Signal: HOLD (confidence: 0.10)
  📝 Reason: 5m: RSI overbought (85.9); 5m: MACD bullish; 15m: MACD bullish; 1h: MACD bearish

[08:29:26] Cycle 884
  💰 Current Price: $1986.65
  🎯 Signal: HOLD (confidence: 0.10)
  📝 Reason: 5m: RSI overbought (85.3); 5m: MACD bullish; 15m: MACD bullish; 1h: MACD bearish

[08:29:57] Cycle 885
  💰 Current Price: $1986.66
  🎯 Signal: HOLD (confidence: 0.10)
  📝 Reason: 5m: RSI overbought (84.0); 5m: MACD bullish; 15m: MACD bullish; 1h: MACD bearish

[08:30:28] Cycle 886
  💰 Current Price: $1986.69
  🎯 Signal: HOLD (confidence: 0.10)
  📝 Reason: 5m: RSI overbought (81.3); 5m: MACD bullish; 15m: MACD bullish; 1h: MACD bearish

[08:30:59] Cycle 887
  💰 Current Price: $1986.95
  🎯 Signal: HOLD (confidence: 0.10)
  📝 Reason: 5m: RSI overbought (81.5); 5m: MACD bullish; 15m: MACD bullish; 1h: MACD bearish

[08:31:30] Cycle 888
  💰 Current Price: $1986.62
  🎯 Signal: HOLD (confidence: 0.10)
  📝 Reason: 5m: RSI overbought (81.2); 5m: MACD bullish; 15m: MACD bullish; 1h: MACD bearish

[08:32:00] Cycle 889
  💰 Current Price: $1986.61
  🎯 Signal: HOLD (confidence: 0.10)
  📝 Reason: 5m: RSI overbought (81.2); 5m: MACD bullish; 15m: MACD bullish; 1h: MACD bearish

[08:32:32] Cycle 890
  💰 Current Price: $1986.61
  🎯 Signal: HOLD (confidence: 0.10)
  📝 Reason: 5m: RSI overbought (81.2); 5m: MACD bullish; 15m: MACD bullish; 1h: MACD bearish

[08:33:02] Cycle 891
  💰 Current Price: $1986.62
  🎯 Signal: HOLD (confidence: 0.10)
  📝 Reason: 5m: RSI overbought (81.2); 5m: MACD bullish; 15m: MACD bullish; 1h: MACD bearish

[08:33:33] Cycle 892
  💰 Current Price: $1984.91
  🎯 Signal: BUY (confidence: 0.20)
  📝 Reason: 5m: MACD bullish; 15m: MACD bullish; 1h: MACD bearish; 4h: RSI oversold (22.4)

[08:34:04] Cycle 893
  💰 Current Price: $1984.57
  🎯 Signal: BUY (confidence: 0.20)
  📝 Reason: 5m: MACD bullish; 15m: MACD bullish; 1h: MACD bearish; 4h: RSI oversold (22.2)

[08:34:35] Cycle 894
  💰 Current Price: $1985.39
  🎯 Signal: HOLD (confidence: 0.10)
  📝 Reason: 5m: RSI overbought (76.7); 5m: MACD bullish; 15m: MACD bullish; 1h: MACD bearish

[08:35:05] Cycle 895
  💰 Current Price: $1984.55
  🎯 Signal: BUY (confidence: 0.20)
  📝 Reason: 5m: MACD bullish; 15m: MACD bullish; 1h: MACD bearish; 4h: RSI oversold (22.2)

[08:35:36] Cycle 896
  💰 Current Price: $1984.35
  🎯 Signal: BUY (confidence: 0.20)
  📝 Reason: 5m: MACD bullish; 15m: MACD bullish; 1h: MACD bearish; 4h: RSI oversold (22.2)

[08:36:07] Cycle 897
  💰 Current Price: $1984.30
  🎯 Signal: BUY (confidence: 0.20)
  📝 Reason: 5m: MACD bullish; 15m: MACD bullish; 1h: MACD bearish; 4h: RSI oversold (22.2)

[08:36:38] Cycle 898
  💰 Current Price: $1984.63
  🎯 Signal: BUY (confidence: 0.20)
  📝 Reason: 5m: MACD bullish; 15m: MACD bullish; 1h: MACD bearish; 4h: RSI oversold (22.3)

[08:37:08] Cycle 899
  💰 Current Price: $1984.64
  🎯 Signal: BUY (confidence: 0.20)
  📝 Reason: 5m: MACD bullish; 15m: MACD bullish; 1h: MACD bearish; 4h: RSI oversold (22.3)

[08:37:39] Cycle 900
  💰 Current Price: $1985.33
  🎯 Signal: BUY (confidence: 0.20)
  📝 Reason: 5m: MACD bullish; 15m: MACD bullish; 1h: MACD bearish; 4h: RSI oversold (22.5)

[08:38:10] Cycle 901
  💰 Current Price: $1985.33
  🎯 Signal: BUY (confidence: 0.20)
  📝 Reason: 5m: MACD bullish; 15m: MACD bullish; 1h: MACD bearish; 4h: RSI oversold (22.5)

[08:38:41] Cycle 902
  💰 Current Price: $1984.00
  🎯 Signal: BUY (confidence: 0.20)
  📝 Reason: 5m: MACD bullish; 15m: MACD bullish; 1h: MACD bearish; 4h: RSI oversold (22.1)

[08:39:11] Cycle 903
  💰 Current Price: $1984.01
  🎯 Signal: BUY (confidence: 0.20)
  📝 Reason: 5m: MACD bullish; 15m: MACD bullish; 1h: MACD bearish; 4h: RSI oversold (21.9)

[08:39:42] Cycle 904
  💰 Current Price: $1982.90
  🎯 Signal: BUY (confidence: 0.20)
  📝 Reason: 5m: MACD bullish; 15m: MACD bullish; 1h: MACD bearish; 4h: RSI oversold (21.8)

[08:40:13] Cycle 905
  💰 Current Price: $1983.89
  🎯 Signal: BUY (confidence: 0.20)
  📝 Reason: 5m: MACD bullish; 15m: MACD bullish; 1h: MACD bearish; 4h: RSI oversold (22.0)

[08:40:44] Cycle 906
  💰 Current Price: $1983.89
  🎯 Signal: BUY (confidence: 0.20)
  📝 Reason: 5m: MACD bullish; 15m: MACD bullish; 1h: MACD bearish; 4h: RSI oversold (22.0)

[08:41:15] Cycle 907
  💰 Current Price: $1982.57
  🎯 Signal: BUY (confidence: 0.20)
  📝 Reason: 5m: MACD bullish; 15m: MACD bullish; 1h: MACD bearish; 4h: RSI oversold (21.8)

[08:41:46] Cycle 908
  💰 Current Price: $1982.96
  🎯 Signal: BUY (confidence: 0.20)
  📝 Reason: 5m: MACD bullish; 15m: MACD bullish; 1h: MACD bearish; 4h: RSI oversold (21.8)

[08:42:17] Cycle 909
  💰 Current Price: $1982.28
  🎯 Signal: BUY (confidence: 0.20)
  📝 Reason: 5m: MACD bullish; 15m: MACD bullish; 1h: MACD bearish; 4h: RSI oversold (21.7)

[08:42:48] Cycle 910
  💰 Current Price: $1982.85
  🎯 Signal: BUY (confidence: 0.20)
  📝 Reason: 5m: MACD bullish; 15m: MACD bullish; 1h: MACD bearish; 4h: RSI oversold (21.8)

[08:43:19] Cycle 911
  💰 Current Price: $1981.99
  🎯 Signal: BUY (confidence: 0.20)
  📝 Reason: 5m: MACD bullish; 15m: MACD bullish; 1h: MACD bearish; 4h: RSI oversold (21.7)

[08:43:50] Cycle 912
  💰 Current Price: $1982.00
  🎯 Signal: BUY (confidence: 0.20)
  📝 Reason: 5m: MACD bullish; 15m: MACD bullish; 1h: MACD bearish; 4h: RSI oversold (21.7)

[08:44:20] Cycle 913
  💰 Current Price: $1982.17
  🎯 Signal: BUY (confidence: 0.20)
  📝 Reason: 5m: MACD bullish; 15m: MACD bullish; 1h: MACD bearish; 4h: RSI oversold (21.7)

[08:41:46] Cycle 913
  💰 Current Price: $1982.96
  🎯 Signal: BUY (confidence: 0.20)
  📝 Reason: 5m: MACD bullish; 15m: MACD bullish; 1h: MACD bearish; 4h: RSI oversold (21.8)

[08:42:17] Cycle 914
  💰 Current Price: $1982.28
  🎯 Signal: BUY (confidence: 0.20)
  📝 Reason: 5m: MACD bullish; 15m: MACD bullish; 1h: MACD bearish; 4h: RSI oversold (21.7)

[08:42:48] Cycle 915
  💰 Current Price: $1982.85
  🎯 Signal: BUY (confidence: 0.20)
  📝 Reason: 5m: MACD bullish; 15m: MACD bullish; 1h: MACD bearish; 4h: RSI oversold (21.8)

[08:43:18] Cycle 916
  💰 Current Price: $1981.99
  🎯 Signal: BUY (confidence: 0.20)
  📝 Reason: 5m: MACD bullish; 15m: MACD bullish; 1h: MACD bearish; 4h: RSI oversold (21.7)

[08:43:49] Cycle 917
  💰 Current Price: $1982.00
  🎯 Signal: BUY (confidence: 0.20)
  📝 Reason: 5m: MACD bullish; 15m: MACD bullish; 1h: MACD bearish; 4h: RSI oversold (21.7)

[08:44:20] Cycle 918
  💰 Current Price: $1982.17
  🎯 Signal: BUY (confidence: 0.20)
  📝 Reason: 5m: MACD bullish; 15m: MACD bullish; 1h: MACD bearish; 4h: RSI oversold (21.7)

[08:44:51] Cycle 919
  💰 Current Price: $1982.06
  🎯 Signal: BUY (confidence: 0.20)
  📝 Reason: 5m: MACD bullish; 15m: MACD bullish; 1h: MACD bearish; 4h: RSI oversold (21.7)

[08:45:22] Cycle 920
  💰 Current Price: $1981.82
  🎯 Signal: BUY (confidence: 0.20)
  📝 Reason: 5m: MACD bullish; 15m: MACD bullish; 1h: MACD bearish; 4h: RSI oversold (21.7)

[08:45:52] Cycle 921
  💰 Current Price: $1981.78
  🎯 Signal: BUY (confidence: 0.20)
  📝 Reason: 5m: MACD bullish; 15m: MACD bullish; 1h: MACD bearish; 4h: RSI oversold (21.7)

[08:46:23] Cycle 922
  💰 Current Price: $1982.03
  🎯 Signal: BUY (confidence: 0.20)
  📝 Reason: 5m: MACD bullish; 15m: MACD bullish; 1h: MACD bearish; 4h: RSI oversold (21.7)

[08:46:54] Cycle 923
  💰 Current Price: $1982.15
  🎯 Signal: BUY (confidence: 0.20)
  📝 Reason: 5m: MACD bullish; 15m: MACD bullish; 1h: MACD bearish; 4h: RSI oversold (21.7)

[08:47:25] Cycle 924
  💰 Current Price: $1982.06
  🎯 Signal: BUY (confidence: 0.20)
  📝 Reason: 5m: MACD bullish; 15m: MACD bullish; 1h: MACD bearish; 4h: RSI oversold (21.7)

[08:47:56] Cycle 925
  💰 Current Price: $1981.30
  🎯 Signal: HOLD (confidence: 0.12)
  📝 Reason: 5m: MACD bullish; 15m: MACD bullish; 1h: MACD bearish; 4h: RSI oversold (21.7)

[08:48:26] Cycle 926
  💰 Current Price: $1981.12
  🎯 Signal: HOLD (confidence: 0.12)
  📝 Reason: 5m: MACD bullish; 15m: MACD bullish; 1h: MACD bearish; 4h: RSI oversold (21.6)

[08:48:57] Cycle 927
  💰 Current Price: $1981.12
  🎯 Signal: HOLD (confidence: 0.12)
  📝 Reason: 5m: MACD bullish; 15m: MACD bullish; 1h: MACD bearish; 4h: RSI oversold (21.6)

[08:49:28] Cycle 928
  💰 Current Price: $1981.12
  🎯 Signal: HOLD (confidence: 0.12)
  📝 Reason: 5m: MACD bullish; 15m: MACD bullish; 1h: MACD bearish; 4h: RSI oversold (21.6)

[08:49:59] Cycle 929
  💰 Current Price: $1981.49
  🎯 Signal: HOLD (confidence: 0.12)
  📝 Reason: 5m: MACD bullish; 15m: MACD bullish; 1h: MACD bearish; 4h: RSI oversold (21.7)

[08:50:30] Cycle 930
  💰 Current Price: $1981.67
  🎯 Signal: BUY (confidence: 0.20)
  📝 Reason: 5m: MACD bullish; 15m: MACD bullish; 1h: MACD bearish; 4h: RSI oversold (21.7)

[08:51:01] Cycle 931
  💰 Current Price: $1981.67
  🎯 Signal: BUY (confidence: 0.20)
  📝 Reason: 5m: MACD bullish; 15m: MACD bullish; 1h: MACD bearish; 4h: RSI oversold (21.7)

[08:51:32] Cycle 932
  💰 Current Price: $1981.67
  🎯 Signal: BUY (confidence: 0.20)
  📝 Reason: 5m: MACD bullish; 15m: MACD bullish; 1h: MACD bearish; 4h: RSI oversold (21.7)

[08:52:03] Cycle 933
  💰 Current Price: $1981.67
  🎯 Signal: BUY (confidence: 0.20)
  📝 Reason: 5m: MACD bullish; 15m: MACD bullish; 1h: MACD bearish; 4h: RSI oversold (21.7)

[08:52:34] Cycle 934
  💰 Current Price: $1981.67
  🎯 Signal: BUY (confidence: 0.20)
  📝 Reason: 5m: MACD bullish; 15m: MACD bullish; 1h: MACD bearish; 4h: RSI oversold (21.8)

[08:53:04] Cycle 935
  💰 Current Price: $1981.93
  🎯 Signal: BUY (confidence: 0.20)
  📝 Reason: 5m: MACD bullish; 15m: MACD bullish; 1h: MACD bearish; 4h: RSI oversold (21.7)

[08:53:35] Cycle 936
  💰 Current Price: $1982.20
  🎯 Signal: BUY (confidence: 0.20)
  📝 Reason: 5m: MACD bullish; 15m: MACD bullish; 1h: MACD bearish; 4h: RSI oversold (21.7)

[08:54:06] Cycle 937
  💰 Current Price: $1982.26
  🎯 Signal: BUY (confidence: 0.20)
  📝 Reason: 5m: MACD bullish; 15m: MACD bullish; 1h: MACD bearish; 4h: RSI oversold (21.7)

[08:54:37] Cycle 938
  💰 Current Price: $1982.14
  🎯 Signal: BUY (confidence: 0.20)
  📝 Reason: 5m: MACD bullish; 15m: MACD bullish; 1h: MACD bearish; 4h: RSI oversold (21.7)

[08:55:08] Cycle 939
  💰 Current Price: $1981.67
  🎯 Signal: BUY (confidence: 0.20)
  📝 Reason: 5m: MACD bullish; 15m: MACD bullish; 1h: MACD bearish; 4h: RSI oversold (21.7)

[08:55:39] Cycle 940
  💰 Current Price: $1979.79
  🎯 Signal: HOLD (confidence: 0.12)
  📝 Reason: 5m: MACD bullish; 15m: MACD bullish; 1h: MACD bearish; 4h: RSI oversold (21.5)

[08:56:09] Cycle 941
  💰 Current Price: $1978.48
  🎯 Signal: HOLD (confidence: 0.12)
  📝 Reason: 5m: MACD bullish; 15m: MACD bullish; 1h: MACD bearish; 4h: RSI oversold (21.4)

[08:56:40] Cycle 942
  💰 Current Price: $1977.77
  🎯 Signal: HOLD (confidence: 0.12)
  📝 Reason: 5m: MACD bullish; 15m: MACD bullish; 1h: MACD bearish; 4h: RSI oversold (21.4)

[08:57:11] Cycle 943
  💰 Current Price: $1976.32
  🎯 Signal: HOLD (confidence: 0.12)
  📝 Reason: 5m: MACD bullish; 15m: MACD bullish; 1h: MACD bearish; 4h: RSI oversold (21.2)

[08:57:42] Cycle 944
  💰 Current Price: $1976.89
  🎯 Signal: HOLD (confidence: 0.12)
  📝 Reason: 5m: MACD bullish; 15m: MACD bullish; 1h: MACD bearish; 4h: RSI oversold (21.3)

[08:58:13] Cycle 945
  💰 Current Price: $1977.67
  🎯 Signal: HOLD (confidence: 0.12)
  📝 Reason: 5m: MACD bullish; 15m: MACD bullish; 1h: MACD bearish; 4h: RSI oversold (21.3)

[08:58:44] Cycle 946
  💰 Current Price: $1977.45
  🎯 Signal: HOLD (confidence: 0.12)
  📝 Reason: 5m: MACD bullish; 15m: MACD bullish; 1h: MACD bearish; 4h: RSI oversold (21.3)

[08:59:14] Cycle 947
  💰 Current Price: $1977.04
  🎯 Signal: HOLD (confidence: 0.12)
  📝 Reason: 5m: MACD bullish; 15m: MACD bullish; 1h: MACD bearish; 4h: RSI oversold (21.3)

[08:59:45] Cycle 948
  💰 Current Price: $1977.51
  🎯 Signal: HOLD (confidence: 0.12)
  📝 Reason: 5m: MACD bullish; 15m: MACD bullish; 1h: MACD bearish; 4h: RSI oversold (21.3)

[09:00:16] Cycle 949
  💰 Current Price: $1977.81
  🎯 Signal: BUY (confidence: 0.20)
  📝 Reason: 5m: MACD bullish; 15m: MACD bullish; 1h: MACD bearish; 4h: RSI oversold (21.4)

[09:00:47] Cycle 950
  💰 Current Price: $1978.24
  🎯 Signal: BUY (confidence: 0.20)
  📝 Reason: 5m: MACD bullish; 15m: MACD bullish; 1h: MACD bearish; 4h: RSI oversold (21.4)

[09:01:18] Cycle 951
  💰 Current Price: $1978.10
  🎯 Signal: BUY (confidence: 0.20)
  📝 Reason: 5m: MACD bullish; 15m: MACD bullish; 1h: MACD bearish; 4h: RSI oversold (21.4)

[09:01:48] Cycle 952
  💰 Current Price: $1977.89
  🎯 Signal: BUY (confidence: 0.20)
  📝 Reason: 5m: MACD bullish; 15m: MACD bullish; 1h: MACD bearish; 4h: RSI oversold (21.4)

[09:02:20] Cycle 953
  💰 Current Price: $1976.81
  🎯 Signal: BUY (confidence: 0.20)
  📝 Reason: 5m: MACD bullish; 15m: MACD bullish; 1h: MACD bearish; 4h: RSI oversold (21.3)

[09:02:50] Cycle 954
  💰 Current Price: $1976.30
  🎯 Signal: BUY (confidence: 0.20)
  📝 Reason: 5m: MACD bullish; 15m: MACD bullish; 1h: MACD bearish; 4h: RSI oversold (21.2)

[09:03:21] Cycle 955
  💰 Current Price: $1975.65
  🎯 Signal: BUY (confidence: 0.20)
  📝 Reason: 5m: MACD bullish; 15m: MACD bullish; 1h: MACD bearish; 4h: RSI oversold (21.2)

[09:03:52] Cycle 956
  💰 Current Price: $1976.85
  🎯 Signal: BUY (confidence: 0.20)
  📝 Reason: 5m: MACD bullish; 15m: MACD bullish; 1h: MACD bearish; 4h: RSI oversold (21.3)

[09:04:23] Cycle 957

[08:44:51] Cycle 914
  💰 Current Price: $1982.06
  🎯 Signal: BUY (confidence: 0.20)
  📝 Reason: 5m: MACD bullish; 15m: MACD bullish; 1h: MACD bearish; 4h: RSI oversold (21.7)

[08:45:22] Cycle 915
  💰 Current Price: $1981.82
  🎯 Signal: BUY (confidence: 0.20)
  📝 Reason: 5m: MACD bullish; 15m: MACD bullish; 1h: MACD bearish; 4h: RSI oversold (21.7)

[08:45:52] Cycle 916
  💰 Current Price: $1981.78
  🎯 Signal: BUY (confidence: 0.20)
  📝 Reason: 5m: MACD bullish; 15m: MACD bullish; 1h: MACD bearish; 4h: RSI oversold (21.7)

[08:46:23] Cycle 917
  💰 Current Price: $1982.03
  🎯 Signal: BUY (confidence: 0.20)
  📝 Reason: 5m: MACD bullish; 15m: MACD bullish; 1h: MACD bearish; 4h: RSI oversold (21.7)

[08:46:54] Cycle 918
  💰 Current Price: $1982.15
  🎯 Signal: BUY (confidence: 0.20)
  📝 Reason: 5m: MACD bullish; 15m: MACD bullish; 1h: MACD bearish; 4h: RSI oversold (21.7)

[08:47:25] Cycle 919
  💰 Current Price: $1982.06
  🎯 Signal: BUY (confidence: 0.20)
  📝 Reason: 5m: MACD bullish; 15m: MACD bullish; 1h: MACD bearish; 4h: RSI oversold (21.7)

[08:47:56] Cycle 920
  💰 Current Price: $1981.30
  🎯 Signal: HOLD (confidence: 0.12)
  📝 Reason: 5m: MACD bullish; 15m: MACD bullish; 1h: MACD bearish; 4h: RSI oversold (21.7)

[08:48:27] Cycle 921
  💰 Current Price: $1981.12
  🎯 Signal: HOLD (confidence: 0.12)
  📝 Reason: 5m: MACD bullish; 15m: MACD bullish; 1h: MACD bearish; 4h: RSI oversold (21.6)

[08:48:58] Cycle 922
  💰 Current Price: $1981.12
  🎯 Signal: HOLD (confidence: 0.12)
  📝 Reason: 5m: MACD bullish; 15m: MACD bullish; 1h: MACD bearish; 4h: RSI oversold (21.6)

[08:49:28] Cycle 923
  💰 Current Price: $1981.12
  🎯 Signal: HOLD (confidence: 0.12)
  📝 Reason: 5m: MACD bullish; 15m: MACD bullish; 1h: MACD bearish; 4h: RSI oversold (21.6)

[08:49:59] Cycle 924
  💰 Current Price: $1981.49
  🎯 Signal: HOLD (confidence: 0.12)
  📝 Reason: 5m: MACD bullish; 15m: MACD bullish; 1h: MACD bearish; 4h: RSI oversold (21.7)

[08:50:30] Cycle 925
  💰 Current Price: $1981.67
  🎯 Signal: BUY (confidence: 0.20)
  📝 Reason: 5m: MACD bullish; 15m: MACD bullish; 1h: MACD bearish; 4h: RSI oversold (21.7)

[08:51:01] Cycle 926
  💰 Current Price: $1981.67
  🎯 Signal: BUY (confidence: 0.20)
  📝 Reason: 5m: MACD bullish; 15m: MACD bullish; 1h: MACD bearish; 4h: RSI oversold (21.7)

[08:51:32] Cycle 927
  💰 Current Price: $1981.67
  🎯 Signal: BUY (confidence: 0.20)
  📝 Reason: 5m: MACD bullish; 15m: MACD bullish; 1h: MACD bearish; 4h: RSI oversold (21.7)

[08:52:03] Cycle 928
  💰 Current Price: $1981.67
  🎯 Signal: BUY (confidence: 0.20)
  📝 Reason: 5m: MACD bullish; 15m: MACD bullish; 1h: MACD bearish; 4h: RSI oversold (21.7)

[08:52:33] Cycle 929
  💰 Current Price: $1981.67
  🎯 Signal: BUY (confidence: 0.20)
  📝 Reason: 5m: MACD bullish; 15m: MACD bullish; 1h: MACD bearish; 4h: RSI oversold (21.8)

[08:53:04] Cycle 930
  💰 Current Price: $1981.93
  🎯 Signal: BUY (confidence: 0.20)
  📝 Reason: 5m: MACD bullish; 15m: MACD bullish; 1h: MACD bearish; 4h: RSI oversold (21.7)

[08:53:35] Cycle 931
  💰 Current Price: $1982.20
  🎯 Signal: BUY (confidence: 0.20)
  📝 Reason: 5m: MACD bullish; 15m: MACD bullish; 1h: MACD bearish; 4h: RSI oversold (21.7)

[08:54:06] Cycle 932
  💰 Current Price: $1982.26
  🎯 Signal: BUY (confidence: 0.20)
  📝 Reason: 5m: MACD bullish; 15m: MACD bullish; 1h: MACD bearish; 4h: RSI oversold (21.7)

[08:54:37] Cycle 933
  💰 Current Price: $1982.14
  🎯 Signal: BUY (confidence: 0.20)
  📝 Reason: 5m: MACD bullish; 15m: MACD bullish; 1h: MACD bearish; 4h: RSI oversold (21.7)

[08:55:08] Cycle 934
  💰 Current Price: $1981.67
  🎯 Signal: BUY (confidence: 0.20)
  📝 Reason: 5m: MACD bullish; 15m: MACD bullish; 1h: MACD bearish; 4h: RSI oversold (21.7)

[08:55:39] Cycle 935
  💰 Current Price: $1979.79
  🎯 Signal: HOLD (confidence: 0.12)
  📝 Reason: 5m: MACD bullish; 15m: MACD bullish; 1h: MACD bearish; 4h: RSI oversold (21.5)

[08:56:10] Cycle 936
  💰 Current Price: $1978.30
  🎯 Signal: HOLD (confidence: 0.12)
  📝 Reason: 5m: MACD bullish; 15m: MACD bullish; 1h: MACD bearish; 4h: RSI oversold (21.4)

[08:56:40] Cycle 937
  💰 Current Price: $1977.77
  🎯 Signal: HOLD (confidence: 0.12)
  📝 Reason: 5m: MACD bullish; 15m: MACD bullish; 1h: MACD bearish; 4h: RSI oversold (21.4)

[08:57:11] Cycle 938
  💰 Current Price: $1976.32
  🎯 Signal: HOLD (confidence: 0.12)
  📝 Reason: 5m: MACD bullish; 15m: MACD bullish; 1h: MACD bearish; 4h: RSI oversold (21.2)

[08:57:42] Cycle 939
  💰 Current Price: $1976.89
  🎯 Signal: HOLD (confidence: 0.12)
  📝 Reason: 5m: MACD bullish; 15m: MACD bullish; 1h: MACD bearish; 4h: RSI oversold (21.3)

[08:58:13] Cycle 940
  💰 Current Price: $1977.67
  🎯 Signal: HOLD (confidence: 0.12)
  📝 Reason: 5m: MACD bullish; 15m: MACD bullish; 1h: MACD bearish; 4h: RSI oversold (21.3)

[08:58:44] Cycle 941
  💰 Current Price: $1977.45
  🎯 Signal: HOLD (confidence: 0.12)
  📝 Reason: 5m: MACD bullish; 15m: MACD bullish; 1h: MACD bearish; 4h: RSI oversold (21.3)

[08:59:14] Cycle 942
  💰 Current Price: $1977.04
  🎯 Signal: HOLD (confidence: 0.12)
  📝 Reason: 5m: MACD bullish; 15m: MACD bullish; 1h: MACD bearish; 4h: RSI oversold (21.3)

[08:59:45] Cycle 943
  💰 Current Price: $1977.51
  🎯 Signal: HOLD (confidence: 0.12)
  📝 Reason: 5m: MACD bullish; 15m: MACD bullish; 1h: MACD bearish; 4h: RSI oversold (21.3)

[09:00:16] Cycle 944
  💰 Current Price: $1977.81
  🎯 Signal: BUY (confidence: 0.20)
  📝 Reason: 5m: MACD bullish; 15m: MACD bullish; 1h: MACD bearish; 4h: RSI oversold (21.4)

[09:00:47] Cycle 945
  💰 Current Price: $1978.24
  🎯 Signal: BUY (confidence: 0.20)
  📝 Reason: 5m: MACD bullish; 15m: MACD bullish; 1h: MACD bearish; 4h: RSI oversold (21.4)

[09:01:18] Cycle 946
  💰 Current Price: $1978.10
  🎯 Signal: BUY (confidence: 0.20)
  📝 Reason: 5m: MACD bullish; 15m: MACD bullish; 1h: MACD bearish; 4h: RSI oversold (21.4)

[09:01:49] Cycle 947
  💰 Current Price: $1977.89
  🎯 Signal: BUY (confidence: 0.20)
  📝 Reason: 5m: MACD bullish; 15m: MACD bullish; 1h: MACD bearish; 4h: RSI oversold (21.4)

[09:02:20] Cycle 948
  💰 Current Price: $1976.81
  🎯 Signal: BUY (confidence: 0.20)
  📝 Reason: 5m: MACD bullish; 15m: MACD bullish; 1h: MACD bearish; 4h: RSI oversold (21.3)

[09:02:50] Cycle 949
  💰 Current Price: $1976.30
  🎯 Signal: BUY (confidence: 0.20)
  📝 Reason: 5m: MACD bullish; 15m: MACD bullish; 1h: MACD bearish; 4h: RSI oversold (21.2)

[09:03:21] Cycle 950
  💰 Current Price: $1975.65
  🎯 Signal: BUY (confidence: 0.20)
  📝 Reason: 5m: MACD bullish; 15m: MACD bullish; 1h: MACD bearish; 4h: RSI oversold (21.2)

[09:03:52] Cycle 951
  💰 Current Price: $1976.85
  🎯 Signal: BUY (confidence: 0.20)
  📝 Reason: 5m: MACD bullish; 15m: MACD bullish; 1h: MACD bearish; 4h: RSI oversold (21.3)

[09:04:23] Cycle 952
  💰 Current Price: $1977.20
  🎯 Signal: BUY (confidence: 0.20)
  📝 Reason: 5m: MACD bullish; 15m: MACD bullish; 1h: MACD bearish; 4h: RSI oversold (21.3)

[09:04:54] Cycle 953
  💰 Current Price: $1977.22
  🎯 Signal: BUY (confidence: 0.20)
  📝 Reason: 5m: MACD bullish; 15m: MACD bullish; 1h: MACD bearish; 4h: RSI oversold (21.3)

[09:05:25] Cycle 954
  💰 Current Price: $1977.43
  🎯 Signal: BUY (confidence: 0.30)
  📝 Reason: 5m: RSI oversold (32.3); 5m: MACD bullish; 15m: MACD bullish; 1h: MACD bearish

[09:05:56] Cycle 955
  💰 Current Price: $1977.50
  🎯 Signal: BUY (confidence: 0.30)
  📝 Reason: 5m: RSI oversold (32.6); 5m: MACD bullish; 15m: MACD bullish; 1h: MACD bearish

[09:06:27] Cycle 956
  💰 Current Price: $1977.50
  🎯 Signal: BUY (confidence: 0.30)
  📝 Reason: 5m: RSI oversold (32.6); 5m: MACD bullish; 15m: MACD bullish; 1h: MACD bearish

[09:06:57] Cycle 957
  💰 Current Price: $1978.44
  🎯 Signal: BUY (confidence: 0.20)
  📝 Reason: 5m: MACD bullish; 15m: MACD bullish; 1h: MACD bearish; 4h: RSI oversold (21.4)

[09:07:28] Cycle 958
  💰 Current Price: $1977.20
  🎯 Signal: BUY (confidence: 0.20)
  📝 Reason: 5m: MACD bullish; 15m: MACD bullish; 1h: MACD bearish; 4h: RSI oversold (21.3)

[09:04:54] Cycle 958
  💰 Current Price: $1977.22
  🎯 Signal: BUY (confidence: 0.20)
  📝 Reason: 5m: MACD bullish; 15m: MACD bullish; 1h: MACD bearish; 4h: RSI oversold (21.3)

[09:05:25] Cycle 959
  💰 Current Price: $1977.43
  🎯 Signal: BUY (confidence: 0.30)
  📝 Reason: 5m: RSI oversold (32.3); 5m: MACD bullish; 15m: MACD bullish; 1h: MACD bearish

[09:05:56] Cycle 960
  💰 Current Price: $1977.50
  🎯 Signal: BUY (confidence: 0.30)
  📝 Reason: 5m: RSI oversold (32.6); 5m: MACD bullish; 15m: MACD bullish; 1h: MACD bearish

[09:06:27] Cycle 961
  💰 Current Price: $1977.50
  🎯 Signal: BUY (confidence: 0.30)
  📝 Reason: 5m: RSI oversold (32.6); 5m: MACD bullish; 15m: MACD bullish; 1h: MACD bearish

[09:06:57] Cycle 962
  💰 Current Price: $1978.44
  🎯 Signal: BUY (confidence: 0.20)
  📝 Reason: 5m: MACD bullish; 15m: MACD bullish; 1h: MACD bearish; 4h: RSI oversold (21.4)

[09:07:28] Cycle 963
  💰 Current Price: $1978.68
  🎯 Signal: BUY (confidence: 0.20)
  📝 Reason: 5m: MACD bullish; 15m: MACD bullish; 1h: MACD bearish; 4h: RSI oversold (21.4)

[09:07:59] Cycle 964
  💰 Current Price: $1978.50
  🎯 Signal: BUY (confidence: 0.20)
  📝 Reason: 5m: MACD bullish; 15m: MACD bullish; 1h: MACD bearish; 4h: RSI oversold (21.4)

[09:08:30] Cycle 965
  💰 Current Price: $1979.50
  🎯 Signal: BUY (confidence: 0.20)
  📝 Reason: 5m: MACD bullish; 15m: MACD bullish; 1h: MACD bearish; 4h: RSI oversold (21.5)

[09:09:01] Cycle 966
  💰 Current Price: $1979.19
  🎯 Signal: BUY (confidence: 0.20)
  📝 Reason: 5m: MACD bullish; 15m: MACD bullish; 1h: MACD bearish; 4h: RSI oversold (21.5)

[09:09:32] Cycle 967
  💰 Current Price: $1979.44
  🎯 Signal: BUY (confidence: 0.20)
  📝 Reason: 5m: MACD bullish; 15m: MACD bullish; 1h: MACD bearish; 4h: RSI oversold (21.5)

[09:10:03] Cycle 968
  💰 Current Price: $1979.49
  🎯 Signal: BUY (confidence: 0.20)
  📝 Reason: 5m: MACD bullish; 15m: MACD bullish; 1h: MACD bearish; 4h: RSI oversold (21.5)

[09:10:34] Cycle 969
  💰 Current Price: $1979.80
  🎯 Signal: BUY (confidence: 0.20)
  📝 Reason: 5m: MACD bullish; 15m: MACD bullish; 1h: MACD bearish; 4h: RSI oversold (21.5)

[09:11:05] Cycle 970
  💰 Current Price: $1981.79
  🎯 Signal: BUY (confidence: 0.20)
  📝 Reason: 5m: MACD bullish; 15m: MACD bullish; 1h: MACD bearish; 4h: RSI oversold (21.7)

[09:11:35] Cycle 971
  💰 Current Price: $1981.79
  🎯 Signal: BUY (confidence: 0.20)
  📝 Reason: 5m: MACD bullish; 15m: MACD bullish; 1h: MACD bearish; 4h: RSI oversold (21.7)

[09:12:06] Cycle 972
  💰 Current Price: $1983.02
  🎯 Signal: BUY (confidence: 0.20)
  📝 Reason: 5m: MACD bullish; 15m: MACD bullish; 1h: MACD bearish; 4h: RSI oversold (21.8)

[09:12:37] Cycle 973
  💰 Current Price: $1983.02
  🎯 Signal: BUY (confidence: 0.20)
  📝 Reason: 5m: MACD bullish; 15m: MACD bullish; 1h: MACD bearish; 4h: RSI oversold (21.8)

[09:13:08] Cycle 974
  💰 Current Price: $1983.26
  🎯 Signal: BUY (confidence: 0.20)
  📝 Reason: 5m: MACD bullish; 15m: MACD bullish; 1h: MACD bearish; 4h: RSI oversold (21.8)

[09:13:38] Cycle 975
  💰 Current Price: $1983.34
  🎯 Signal: BUY (confidence: 0.20)
  📝 Reason: 5m: MACD bullish; 15m: MACD bullish; 1h: MACD bearish; 4h: RSI oversold (21.9)

[09:14:09] Cycle 976
  💰 Current Price: $1983.34
  🎯 Signal: BUY (confidence: 0.20)
  📝 Reason: 5m: MACD bullish; 15m: MACD bullish; 1h: MACD bearish; 4h: RSI oversold (21.9)

[09:14:40] Cycle 977
  💰 Current Price: $1983.74
  🎯 Signal: BUY (confidence: 0.20)
  📝 Reason: 5m: MACD bullish; 15m: MACD bullish; 1h: MACD bearish; 4h: RSI oversold (22.0)

[09:15:11] Cycle 978
  💰 Current Price: $1983.74
  🎯 Signal: BUY (confidence: 0.20)
  📝 Reason: 5m: MACD bullish; 15m: MACD bullish; 1h: MACD bearish; 4h: RSI oversold (22.0)

[09:15:42] Cycle 979
  💰 Current Price: $1986.18
  🎯 Signal: BUY (confidence: 0.20)
  📝 Reason: 5m: MACD bullish; 15m: MACD bullish; 1h: MACD bearish; 4h: RSI oversold (22.8)

[09:16:12] Cycle 980
  💰 Current Price: $1988.30
  🎯 Signal: BUY (confidence: 0.20)
  📝 Reason: 5m: MACD bullish; 15m: MACD bullish; 1h: MACD bearish; 4h: RSI oversold (23.5)

[09:16:43] Cycle 981
  💰 Current Price: $1988.59
  🎯 Signal: BUY (confidence: 0.20)
  📝 Reason: 5m: MACD bullish; 15m: MACD bullish; 1h: MACD bearish; 4h: RSI oversold (23.5)

[09:17:14] Cycle 982
  💰 Current Price: $1988.37
  🎯 Signal: BUY (confidence: 0.20)
  📝 Reason: 5m: MACD bullish; 15m: MACD bullish; 1h: MACD bearish; 4h: RSI oversold (23.4)

[09:17:45] Cycle 983
  💰 Current Price: $1987.52
  🎯 Signal: BUY (confidence: 0.20)
  📝 Reason: 5m: MACD bullish; 15m: MACD bullish; 1h: MACD bearish; 4h: RSI oversold (23.2)

[09:18:16] Cycle 984
  💰 Current Price: $1987.51
  🎯 Signal: BUY (confidence: 0.20)
  📝 Reason: 5m: MACD bullish; 15m: MACD bullish; 1h: MACD bearish; 4h: RSI oversold (23.2)

[09:18:47] Cycle 985
  💰 Current Price: $1986.31
  🎯 Signal: BUY (confidence: 0.20)
  📝 Reason: 5m: MACD bullish; 15m: MACD bullish; 1h: MACD bearish; 4h: RSI oversold (22.7)

[09:19:18] Cycle 986
  💰 Current Price: $1986.15
  🎯 Signal: BUY (confidence: 0.20)
  📝 Reason: 5m: MACD bullish; 15m: MACD bullish; 1h: MACD bearish; 4h: RSI oversold (22.7)

[09:19:48] Cycle 987
  💰 Current Price: $1986.67
  🎯 Signal: BUY (confidence: 0.20)
  📝 Reason: 5m: MACD bullish; 15m: MACD bullish; 1h: MACD bearish; 4h: RSI oversold (22.9)

[09:20:20] Cycle 988
  💰 Current Price: $1986.10
  🎯 Signal: BUY (confidence: 0.20)
  📝 Reason: 5m: MACD bullish; 15m: MACD bullish; 1h: MACD bearish; 4h: RSI oversold (22.7)

[09:20:50] Cycle 989
  💰 Current Price: $1986.10
  🎯 Signal: BUY (confidence: 0.20)
  📝 Reason: 5m: MACD bullish; 15m: MACD bullish; 1h: MACD bearish; 4h: RSI oversold (22.7)

[09:21:21] Cycle 990
  💰 Current Price: $1986.12
  🎯 Signal: BUY (confidence: 0.20)
  📝 Reason: 5m: MACD bullish; 15m: MACD bullish; 1h: MACD bearish; 4h: RSI oversold (22.7)

[09:21:52] Cycle 991
  💰 Current Price: $1985.28
  🎯 Signal: BUY (confidence: 0.20)
  📝 Reason: 5m: MACD bullish; 15m: MACD bullish; 1h: MACD bearish; 4h: RSI oversold (22.5)

[09:22:23] Cycle 992
  💰 Current Price: $1984.32
  🎯 Signal: BUY (confidence: 0.20)
  📝 Reason: 5m: MACD bullish; 15m: MACD bullish; 1h: MACD bearish; 4h: RSI oversold (22.2)

[09:22:53] Cycle 993
  💰 Current Price: $1983.56
  🎯 Signal: BUY (confidence: 0.20)
  📝 Reason: 5m: MACD bullish; 15m: MACD bullish; 1h: MACD bearish; 4h: RSI oversold (21.9)

[09:23:24] Cycle 994
  💰 Current Price: $1984.22
  🎯 Signal: BUY (confidence: 0.20)
  📝 Reason: 5m: MACD bullish; 15m: MACD bullish; 1h: MACD bearish; 4h: RSI oversold (22.1)

[09:23:55] Cycle 995
  💰 Current Price: $1984.05
  🎯 Signal: BUY (confidence: 0.20)
  📝 Reason: 5m: MACD bullish; 15m: MACD bullish; 1h: MACD bearish; 4h: RSI oversold (22.1)

[09:24:26] Cycle 996
  💰 Current Price: $1984.40
  🎯 Signal: BUY (confidence: 0.20)
  📝 Reason: 5m: MACD bullish; 15m: MACD bullish; 1h: MACD bearish; 4h: RSI oversold (22.2)

[09:24:57] Cycle 997
  💰 Current Price: $1984.54
  🎯 Signal: BUY (confidence: 0.20)
  📝 Reason: 5m: MACD bullish; 15m: MACD bullish; 1h: MACD bearish; 4h: RSI oversold (22.2)

[09:25:28] Cycle 998
  💰 Current Price: $1984.80
  🎯 Signal: BUY (confidence: 0.20)
  📝 Reason: 5m: MACD bullish; 15m: MACD bullish; 1h: MACD bearish; 4h: RSI oversold (22.3)

[09:25:59] Cycle 999
  💰 Current Price: $1984.82
  🎯 Signal: BUY (confidence: 0.20)
  📝 Reason: 5m: MACD bullish; 15m: MACD bullish; 1h: MACD bearish; 4h: RSI oversold (22.3)

[09:26:30] Cycle 1000
  💰 Current Price: $1984.98
  🎯 Signal: BUY (confidence: 0.20)
  📝 Reason: 5m: MACD bullish; 15m: MACD bullish; 1h: MACD bearish; 4h: RSI oversold (22.4)

[09:27:00] Cycle 1001
  💰 Current Price: $1984.98
  💰 Current Price: $1978.68
  🎯 Signal: BUY (confidence: 0.20)
  📝 Reason: 5m: MACD bullish; 15m: MACD bullish; 1h: MACD bearish; 4h: RSI oversold (21.4)

[09:07:59] Cycle 959
  💰 Current Price: $1978.50
  🎯 Signal: BUY (confidence: 0.20)
  📝 Reason: 5m: MACD bullish; 15m: MACD bullish; 1h: MACD bearish; 4h: RSI oversold (21.4)

[09:08:30] Cycle 960
  💰 Current Price: $1979.50
  🎯 Signal: BUY (confidence: 0.20)
  📝 Reason: 5m: MACD bullish; 15m: MACD bullish; 1h: MACD bearish; 4h: RSI oversold (21.5)

[09:09:01] Cycle 961
  💰 Current Price: $1979.19
  🎯 Signal: BUY (confidence: 0.20)
  📝 Reason: 5m: MACD bullish; 15m: MACD bullish; 1h: MACD bearish; 4h: RSI oversold (21.5)

[09:09:32] Cycle 962
  💰 Current Price: $1979.44
  🎯 Signal: BUY (confidence: 0.20)
  📝 Reason: 5m: MACD bullish; 15m: MACD bullish; 1h: MACD bearish; 4h: RSI oversold (21.5)

[09:10:03] Cycle 963
  💰 Current Price: $1979.49
  🎯 Signal: BUY (confidence: 0.20)
  📝 Reason: 5m: MACD bullish; 15m: MACD bullish; 1h: MACD bearish; 4h: RSI oversold (21.5)

[09:10:33] Cycle 964
  💰 Current Price: $1979.80
  🎯 Signal: BUY (confidence: 0.20)
  📝 Reason: 5m: MACD bullish; 15m: MACD bullish; 1h: MACD bearish; 4h: RSI oversold (21.5)

[09:11:05] Cycle 965
  💰 Current Price: $1981.79
  🎯 Signal: BUY (confidence: 0.20)
  📝 Reason: 5m: MACD bullish; 15m: MACD bullish; 1h: MACD bearish; 4h: RSI oversold (21.7)

[09:11:35] Cycle 966
  💰 Current Price: $1981.79
  🎯 Signal: BUY (confidence: 0.20)
  📝 Reason: 5m: MACD bullish; 15m: MACD bullish; 1h: MACD bearish; 4h: RSI oversold (21.7)

[09:12:06] Cycle 967
  💰 Current Price: $1983.02
  🎯 Signal: BUY (confidence: 0.20)
  📝 Reason: 5m: MACD bullish; 15m: MACD bullish; 1h: MACD bearish; 4h: RSI oversold (21.8)

[09:12:37] Cycle 968
  💰 Current Price: $1983.02
  🎯 Signal: BUY (confidence: 0.20)
  📝 Reason: 5m: MACD bullish; 15m: MACD bullish; 1h: MACD bearish; 4h: RSI oversold (21.8)

[09:13:08] Cycle 969
  💰 Current Price: $1983.26
  🎯 Signal: BUY (confidence: 0.20)
  📝 Reason: 5m: MACD bullish; 15m: MACD bullish; 1h: MACD bearish; 4h: RSI oversold (21.8)

[09:13:38] Cycle 970
  💰 Current Price: $1983.34
  🎯 Signal: BUY (confidence: 0.20)
  📝 Reason: 5m: MACD bullish; 15m: MACD bullish; 1h: MACD bearish; 4h: RSI oversold (21.9)

[09:14:09] Cycle 971
  💰 Current Price: $1983.34
  🎯 Signal: BUY (confidence: 0.20)
  📝 Reason: 5m: MACD bullish; 15m: MACD bullish; 1h: MACD bearish; 4h: RSI oversold (21.9)

[09:14:40] Cycle 972
  💰 Current Price: $1983.74
  🎯 Signal: BUY (confidence: 0.20)
  📝 Reason: 5m: MACD bullish; 15m: MACD bullish; 1h: MACD bearish; 4h: RSI oversold (22.0)

[09:15:11] Cycle 973
  💰 Current Price: $1983.74
  🎯 Signal: BUY (confidence: 0.20)
  📝 Reason: 5m: MACD bullish; 15m: MACD bullish; 1h: MACD bearish; 4h: RSI oversold (22.0)

[09:15:42] Cycle 974
  💰 Current Price: $1986.18
  🎯 Signal: BUY (confidence: 0.20)
  📝 Reason: 5m: MACD bullish; 15m: MACD bullish; 1h: MACD bearish; 4h: RSI oversold (22.8)

[09:16:13] Cycle 975
  💰 Current Price: $1988.30
  🎯 Signal: BUY (confidence: 0.20)
  📝 Reason: 5m: MACD bullish; 15m: MACD bullish; 1h: MACD bearish; 4h: RSI oversold (23.5)

[09:16:43] Cycle 976
  💰 Current Price: $1988.59
  🎯 Signal: BUY (confidence: 0.20)
  📝 Reason: 5m: MACD bullish; 15m: MACD bullish; 1h: MACD bearish; 4h: RSI oversold (23.5)

[09:17:14] Cycle 977
  💰 Current Price: $1988.37
  🎯 Signal: BUY (confidence: 0.20)
  📝 Reason: 5m: MACD bullish; 15m: MACD bullish; 1h: MACD bearish; 4h: RSI oversold (23.4)

[09:17:45] Cycle 978
  💰 Current Price: $1987.52
  🎯 Signal: BUY (confidence: 0.20)
  📝 Reason: 5m: MACD bullish; 15m: MACD bullish; 1h: MACD bearish; 4h: RSI oversold (23.2)

[09:18:16] Cycle 979
  💰 Current Price: $1987.51
  🎯 Signal: BUY (confidence: 0.20)
  📝 Reason: 5m: MACD bullish; 15m: MACD bullish; 1h: MACD bearish; 4h: RSI oversold (23.2)

[09:18:47] Cycle 980
  💰 Current Price: $1986.31
  🎯 Signal: BUY (confidence: 0.20)
  📝 Reason: 5m: MACD bullish; 15m: MACD bullish; 1h: MACD bearish; 4h: RSI oversold (22.7)

[09:19:18] Cycle 981
  💰 Current Price: $1986.15
  🎯 Signal: BUY (confidence: 0.20)
  📝 Reason: 5m: MACD bullish; 15m: MACD bullish; 1h: MACD bearish; 4h: RSI oversold (22.7)

[09:19:48] Cycle 982
  💰 Current Price: $1986.67
  🎯 Signal: BUY (confidence: 0.20)
  📝 Reason: 5m: MACD bullish; 15m: MACD bullish; 1h: MACD bearish; 4h: RSI oversold (22.9)

[09:20:19] Cycle 983
  💰 Current Price: $1986.10
  🎯 Signal: BUY (confidence: 0.20)
  📝 Reason: 5m: MACD bullish; 15m: MACD bullish; 1h: MACD bearish; 4h: RSI oversold (22.7)

[09:20:50] Cycle 984
  💰 Current Price: $1986.10
  🎯 Signal: BUY (confidence: 0.20)
  📝 Reason: 5m: MACD bullish; 15m: MACD bullish; 1h: MACD bearish; 4h: RSI oversold (22.7)

[09:21:21] Cycle 985
  💰 Current Price: $1986.12
  🎯 Signal: BUY (confidence: 0.20)
  📝 Reason: 5m: MACD bullish; 15m: MACD bullish; 1h: MACD bearish; 4h: RSI oversold (22.7)

[09:21:52] Cycle 986
  💰 Current Price: $1985.28
  🎯 Signal: BUY (confidence: 0.20)
  📝 Reason: 5m: MACD bullish; 15m: MACD bullish; 1h: MACD bearish; 4h: RSI oversold (22.5)

[09:22:23] Cycle 987
  💰 Current Price: $1984.32
  🎯 Signal: BUY (confidence: 0.20)
  📝 Reason: 5m: MACD bullish; 15m: MACD bullish; 1h: MACD bearish; 4h: RSI oversold (22.2)

[09:22:54] Cycle 988
  💰 Current Price: $1983.56
  🎯 Signal: BUY (confidence: 0.20)
  📝 Reason: 5m: MACD bullish; 15m: MACD bullish; 1h: MACD bearish; 4h: RSI oversold (21.9)

[09:23:24] Cycle 989
  💰 Current Price: $1984.22
  🎯 Signal: BUY (confidence: 0.20)
  📝 Reason: 5m: MACD bullish; 15m: MACD bullish; 1h: MACD bearish; 4h: RSI oversold (22.1)

[09:23:55] Cycle 990
  💰 Current Price: $1984.05
  🎯 Signal: BUY (confidence: 0.20)
  📝 Reason: 5m: MACD bullish; 15m: MACD bullish; 1h: MACD bearish; 4h: RSI oversold (22.1)

[09:24:26] Cycle 991
  💰 Current Price: $1984.40
  🎯 Signal: BUY (confidence: 0.20)
  📝 Reason: 5m: MACD bullish; 15m: MACD bullish; 1h: MACD bearish; 4h: RSI oversold (22.2)

[09:24:57] Cycle 992
  💰 Current Price: $1984.54
  🎯 Signal: BUY (confidence: 0.20)
  📝 Reason: 5m: MACD bullish; 15m: MACD bullish; 1h: MACD bearish; 4h: RSI oversold (22.2)

[09:25:28] Cycle 993
  💰 Current Price: $1984.80
  🎯 Signal: BUY (confidence: 0.20)
  📝 Reason: 5m: MACD bullish; 15m: MACD bullish; 1h: MACD bearish; 4h: RSI oversold (22.3)

[09:25:59] Cycle 994
  💰 Current Price: $1984.82
  🎯 Signal: BUY (confidence: 0.20)
  📝 Reason: 5m: MACD bullish; 15m: MACD bullish; 1h: MACD bearish; 4h: RSI oversold (22.3)

[09:26:30] Cycle 995
  💰 Current Price: $1984.98
  🎯 Signal: BUY (confidence: 0.20)
  📝 Reason: 5m: MACD bullish; 15m: MACD bullish; 1h: MACD bearish; 4h: RSI oversold (22.4)

[09:27:00] Cycle 996
  💰 Current Price: $1984.98
  🎯 Signal: BUY (confidence: 0.20)
  📝 Reason: 5m: MACD bullish; 15m: MACD bullish; 1h: MACD bearish; 4h: RSI oversold (22.4)

[09:27:31] Cycle 997
  💰 Current Price: $1984.76
  🎯 Signal: BUY (confidence: 0.20)
  📝 Reason: 5m: MACD bullish; 15m: MACD bullish; 1h: MACD bearish; 4h: RSI oversold (22.3)

[09:28:02] Cycle 998
  💰 Current Price: $1983.89
  🎯 Signal: BUY (confidence: 0.20)
  📝 Reason: 5m: MACD bullish; 15m: MACD bullish; 1h: MACD bearish; 4h: RSI oversold (22.0)

[09:28:33] Cycle 999
  💰 Current Price: $1984.08
  🎯 Signal: BUY (confidence: 0.20)
  📝 Reason: 5m: MACD bullish; 15m: MACD bullish; 1h: MACD bearish; 4h: RSI oversold (22.1)

[09:29:04] Cycle 1000
  💰 Current Price: $1983.97
  🎯 Signal: BUY (confidence: 0.20)
  📝 Reason: 5m: MACD bullish; 15m: MACD bullish; 1h: MACD bearish; 4h: RSI oversold (22.1)

[09:29:34] Cycle 1001
  💰 Current Price: $1983.26
  🎯 Signal: BUY (confidence: 0.20)
  📝 Reason: 5m: MACD bullish; 15m: MACD bullish; 1h: MACD bearish; 4h: RSI oversold (21.8)

[09:30:06] Cycle 1002
  💰 Current Price: $1983.26
  🎯 Signal: BUY (confidence: 0.20)
  📝 Reason: 5m: MACD bullish; 15m: MACD bullish; 1h: MACD bearish; 4h: RSI oversold (22.4)

[09:27:31] Cycle 1002
  💰 Current Price: $1984.76
  🎯 Signal: BUY (confidence: 0.20)
  📝 Reason: 5m: MACD bullish; 15m: MACD bullish; 1h: MACD bearish; 4h: RSI oversold (22.3)

[09:28:02] Cycle 1003
  💰 Current Price: $1983.89
  🎯 Signal: BUY (confidence: 0.20)
  📝 Reason: 5m: MACD bullish; 15m: MACD bullish; 1h: MACD bearish; 4h: RSI oversold (22.0)

[09:28:33] Cycle 1004
  💰 Current Price: $1984.08
  🎯 Signal: BUY (confidence: 0.20)
  📝 Reason: 5m: MACD bullish; 15m: MACD bullish; 1h: MACD bearish; 4h: RSI oversold (22.1)

[09:29:04] Cycle 1005
  💰 Current Price: $1983.97
  🎯 Signal: BUY (confidence: 0.20)
  📝 Reason: 5m: MACD bullish; 15m: MACD bullish; 1h: MACD bearish; 4h: RSI oversold (22.1)

[09:29:34] Cycle 1006
  💰 Current Price: $1983.26
  🎯 Signal: BUY (confidence: 0.20)
  📝 Reason: 5m: MACD bullish; 15m: MACD bullish; 1h: MACD bearish; 4h: RSI oversold (21.8)

[09:30:05] Cycle 1007
  💰 Current Price: $1983.26
  🎯 Signal: BUY (confidence: 0.20)
  📝 Reason: 5m: MACD bullish; 15m: MACD bullish; 1h: MACD bearish; 4h: RSI oversold (21.8)

[09:30:36] Cycle 1008
  💰 Current Price: $1983.26
  🎯 Signal: BUY (confidence: 0.20)
  📝 Reason: 5m: MACD bullish; 15m: MACD bullish; 1h: MACD bearish; 4h: RSI oversold (21.8)

[09:31:07] Cycle 1009
  💰 Current Price: $1983.92
  🎯 Signal: BUY (confidence: 0.20)
  📝 Reason: 5m: MACD bullish; 15m: MACD bullish; 1h: MACD bearish; 4h: RSI oversold (22.0)

[09:31:38] Cycle 1010
  💰 Current Price: $1983.92
  🎯 Signal: BUY (confidence: 0.20)
  📝 Reason: 5m: MACD bullish; 15m: MACD bullish; 1h: MACD bearish; 4h: RSI oversold (22.5)

[09:32:09] Cycle 1011
  💰 Current Price: $1985.32
  🎯 Signal: BUY (confidence: 0.20)
  📝 Reason: 5m: MACD bullish; 15m: MACD bullish; 1h: MACD bearish; 4h: RSI oversold (22.5)

[09:32:39] Cycle 1012
  💰 Current Price: $1985.17
  🎯 Signal: BUY (confidence: 0.20)
  📝 Reason: 5m: MACD bullish; 15m: MACD bullish; 1h: MACD bearish; 4h: RSI oversold (22.4)

[09:33:10] Cycle 1013
  💰 Current Price: $1985.15
  🎯 Signal: BUY (confidence: 0.20)
  📝 Reason: 5m: MACD bullish; 15m: MACD bullish; 1h: MACD bearish; 4h: RSI oversold (22.4)

[09:33:41] Cycle 1014
  💰 Current Price: $1985.09
  🎯 Signal: BUY (confidence: 0.20)
  📝 Reason: 5m: MACD bullish; 15m: MACD bullish; 1h: MACD bearish; 4h: RSI oversold (22.4)

[09:34:12] Cycle 1015
  💰 Current Price: $1985.21
  🎯 Signal: BUY (confidence: 0.20)
  📝 Reason: 5m: MACD bullish; 15m: MACD bullish; 1h: MACD bearish; 4h: RSI oversold (22.4)

[09:34:43] Cycle 1016
  💰 Current Price: $1984.82
  🎯 Signal: BUY (confidence: 0.20)
  📝 Reason: 5m: MACD bullish; 15m: MACD bullish; 1h: MACD bearish; 4h: RSI oversold (22.3)

[09:35:13] Cycle 1017
  💰 Current Price: $1984.24
  🎯 Signal: BUY (confidence: 0.20)
  📝 Reason: 5m: MACD bullish; 15m: MACD bullish; 1h: MACD bearish; 4h: RSI oversold (22.1)

[09:35:44] Cycle 1018
  💰 Current Price: $1984.24
  🎯 Signal: BUY (confidence: 0.20)
  📝 Reason: 5m: MACD bullish; 15m: MACD bullish; 1h: MACD bearish; 4h: RSI oversold (22.1)

[09:36:15] Cycle 1019
  💰 Current Price: $1984.54
  🎯 Signal: BUY (confidence: 0.20)
  📝 Reason: 5m: MACD bullish; 15m: MACD bullish; 1h: MACD bearish; 4h: RSI oversold (22.2)

[09:36:46] Cycle 1020
  💰 Current Price: $1984.38
  🎯 Signal: BUY (confidence: 0.20)
  📝 Reason: 5m: MACD bullish; 15m: MACD bullish; 1h: MACD bearish; 4h: RSI oversold (22.2)

[09:37:17] Cycle 1021
  💰 Current Price: $1983.87
  🎯 Signal: BUY (confidence: 0.20)
  📝 Reason: 5m: MACD bullish; 15m: MACD bullish; 1h: MACD bearish; 4h: RSI oversold (22.0)

[09:37:48] Cycle 1022
  💰 Current Price: $1983.84
  🎯 Signal: BUY (confidence: 0.20)
  📝 Reason: 5m: MACD bullish; 15m: MACD bullish; 1h: MACD bearish; 4h: RSI oversold (22.0)

[09:38:19] Cycle 1023
  💰 Current Price: $1983.85
  🎯 Signal: BUY (confidence: 0.20)
  📝 Reason: 5m: MACD bullish; 15m: MACD bullish; 1h: MACD bearish; 4h: RSI oversold (22.0)

[09:38:49] Cycle 1024
  💰 Current Price: $1984.53
  🎯 Signal: BUY (confidence: 0.20)
  📝 Reason: 5m: MACD bullish; 15m: MACD bullish; 1h: MACD bearish; 4h: RSI oversold (22.2)

[09:39:20] Cycle 1025
  💰 Current Price: $1984.33
  🎯 Signal: BUY (confidence: 0.20)
  📝 Reason: 5m: MACD bullish; 15m: MACD bullish; 1h: MACD bearish; 4h: RSI oversold (22.2)

[09:39:51] Cycle 1026
  💰 Current Price: $1984.39
  🎯 Signal: BUY (confidence: 0.20)
  📝 Reason: 5m: MACD bullish; 15m: MACD bullish; 1h: MACD bearish; 4h: RSI oversold (22.2)

[09:40:22] Cycle 1027
  💰 Current Price: $1984.34
  🎯 Signal: BUY (confidence: 0.20)
  📝 Reason: 5m: MACD bullish; 15m: MACD bullish; 1h: MACD bearish; 4h: RSI oversold (22.2)

[09:40:53] Cycle 1028
  💰 Current Price: $1984.33
  🎯 Signal: BUY (confidence: 0.20)
  📝 Reason: 5m: MACD bullish; 15m: MACD bullish; 1h: MACD bearish; 4h: RSI oversold (22.2)

[09:41:24] Cycle 1029
  💰 Current Price: $1984.62
  🎯 Signal: BUY (confidence: 0.20)
  📝 Reason: 5m: MACD bullish; 15m: MACD bullish; 1h: MACD bearish; 4h: RSI oversold (22.3)

[09:41:55] Cycle 1030
  💰 Current Price: $1984.40
  🎯 Signal: BUY (confidence: 0.20)
  📝 Reason: 5m: MACD bullish; 15m: MACD bullish; 1h: MACD bearish; 4h: RSI oversold (22.2)

[09:42:26] Cycle 1031
  💰 Current Price: $1984.17
  🎯 Signal: BUY (confidence: 0.20)
  📝 Reason: 5m: MACD bullish; 15m: MACD bullish; 1h: MACD bearish; 4h: RSI oversold (22.1)

[09:42:56] Cycle 1032
  💰 Current Price: $1984.77
  🎯 Signal: BUY (confidence: 0.20)
  📝 Reason: 5m: MACD bullish; 15m: MACD bullish; 1h: MACD bearish; 4h: RSI oversold (22.3)

[09:43:27] Cycle 1033
  💰 Current Price: $1984.77
  🎯 Signal: BUY (confidence: 0.20)
  📝 Reason: 5m: MACD bullish; 15m: MACD bullish; 1h: MACD bearish; 4h: RSI oversold (22.3)

[09:43:58] Cycle 1034
  💰 Current Price: $1984.71
  🎯 Signal: BUY (confidence: 0.20)
  📝 Reason: 5m: MACD bullish; 15m: MACD bullish; 1h: MACD bearish; 4h: RSI oversold (22.3)

[09:44:29] Cycle 1035
  💰 Current Price: $1984.72
  🎯 Signal: BUY (confidence: 0.20)
  📝 Reason: 5m: MACD bullish; 15m: MACD bullish; 1h: MACD bearish; 4h: RSI oversold (22.3)

[09:45:00] Cycle 1036
  💰 Current Price: $1985.28
  🎯 Signal: BUY (confidence: 0.20)
  📝 Reason: 5m: MACD bullish; 15m: MACD bullish; 1h: MACD bearish; 4h: RSI oversold (22.5)

[09:45:30] Cycle 1037
  💰 Current Price: $1985.26
  🎯 Signal: BUY (confidence: 0.20)
  📝 Reason: 5m: MACD bullish; 15m: MACD bullish; 1h: MACD bearish; 4h: RSI oversold (22.5)

[09:46:01] Cycle 1038
  💰 Current Price: $1985.26
  🎯 Signal: BUY (confidence: 0.20)
  📝 Reason: 5m: MACD bullish; 15m: MACD bullish; 1h: MACD bearish; 4h: RSI oversold (22.5)

[09:46:32] Cycle 1039
  💰 Current Price: $1984.90
  🎯 Signal: BUY (confidence: 0.20)
  📝 Reason: 5m: MACD bullish; 15m: MACD bullish; 1h: MACD bearish; 4h: RSI oversold (22.4)

[09:47:03] Cycle 1040
  💰 Current Price: $1984.90
  🎯 Signal: BUY (confidence: 0.20)
  📝 Reason: 5m: MACD bullish; 15m: MACD bullish; 1h: MACD bearish; 4h: RSI oversold (22.4)

[09:47:33] Cycle 1041
  💰 Current Price: $1986.59
  🎯 Signal: BUY (confidence: 0.20)
  📝 Reason: 5m: MACD bullish; 15m: MACD bullish; 1h: MACD bearish; 4h: RSI oversold (22.9)

[09:48:04] Cycle 1042
  💰 Current Price: $1987.25
  🎯 Signal: BUY (confidence: 0.20)
  📝 Reason: 5m: MACD bullish; 15m: MACD bullish; 1h: MACD bearish; 4h: RSI oversold (23.1)

[09:48:35] Cycle 1043
  💰 Current Price: $1988.00
  🎯 Signal: BUY (confidence: 0.20)
  📝 Reason: 5m: MACD bullish; 15m: MACD bullish; 1h: MACD bearish; 4h: RSI oversold (23.3)

[09:49:06] Cycle 1044
  💰 Current Price: $1988.00
  🎯 Signal: BUY (confidence: 0.20)
  📝 Reason: 5m: MACD bullish; 15m: MACD bullish; 1h: MACD bearish; 4h: RSI oversold (23.3)

[09:49:37] Cycle 1045
  💰 Current Price: $1987.27
  🎯 Signal: BUY (confidence: 0.20)
  📝 Reason: 5m: MACD bullish; 15m: MACD bullish; 1h: MACD bearish; 4h: RSI oversold (21.8)

[09:30:36] Cycle 1003
  💰 Current Price: $1983.26
  🎯 Signal: BUY (confidence: 0.20)
  📝 Reason: 5m: MACD bullish; 15m: MACD bullish; 1h: MACD bearish; 4h: RSI oversold (21.8)

[09:31:07] Cycle 1004
  💰 Current Price: $1983.92
  🎯 Signal: BUY (confidence: 0.20)
  📝 Reason: 5m: MACD bullish; 15m: MACD bullish; 1h: MACD bearish; 4h: RSI oversold (22.0)

[09:31:38] Cycle 1005
  💰 Current Price: $1983.92
  🎯 Signal: BUY (confidence: 0.20)
  📝 Reason: 5m: MACD bullish; 15m: MACD bullish; 1h: MACD bearish; 4h: RSI oversold (22.5)

[09:32:09] Cycle 1006
  💰 Current Price: $1985.32
  🎯 Signal: BUY (confidence: 0.20)
  📝 Reason: 5m: MACD bullish; 15m: MACD bullish; 1h: MACD bearish; 4h: RSI oversold (22.5)

[09:32:39] Cycle 1007
  💰 Current Price: $1985.17
  🎯 Signal: BUY (confidence: 0.20)
  📝 Reason: 5m: MACD bullish; 15m: MACD bullish; 1h: MACD bearish; 4h: RSI oversold (22.4)

[09:33:10] Cycle 1008
  💰 Current Price: $1985.15
  🎯 Signal: BUY (confidence: 0.20)
  📝 Reason: 5m: MACD bullish; 15m: MACD bullish; 1h: MACD bearish; 4h: RSI oversold (22.4)

[09:33:41] Cycle 1009
  💰 Current Price: $1985.09
  🎯 Signal: BUY (confidence: 0.20)
  📝 Reason: 5m: MACD bullish; 15m: MACD bullish; 1h: MACD bearish; 4h: RSI oversold (22.4)

[09:34:12] Cycle 1010
  💰 Current Price: $1985.21
  🎯 Signal: BUY (confidence: 0.20)
  📝 Reason: 5m: MACD bullish; 15m: MACD bullish; 1h: MACD bearish; 4h: RSI oversold (22.4)

[09:34:43] Cycle 1011
  💰 Current Price: $1984.82
  🎯 Signal: BUY (confidence: 0.20)
  📝 Reason: 5m: MACD bullish; 15m: MACD bullish; 1h: MACD bearish; 4h: RSI oversold (22.3)

[09:35:13] Cycle 1012
  💰 Current Price: $1984.24
  🎯 Signal: BUY (confidence: 0.20)
  📝 Reason: 5m: MACD bullish; 15m: MACD bullish; 1h: MACD bearish; 4h: RSI oversold (22.1)

[09:35:44] Cycle 1013
  💰 Current Price: $1984.24
  🎯 Signal: BUY (confidence: 0.20)
  📝 Reason: 5m: MACD bullish; 15m: MACD bullish; 1h: MACD bearish; 4h: RSI oversold (22.1)

[09:36:15] Cycle 1014
  💰 Current Price: $1984.54
  🎯 Signal: BUY (confidence: 0.20)
  📝 Reason: 5m: MACD bullish; 15m: MACD bullish; 1h: MACD bearish; 4h: RSI oversold (22.2)

[09:36:46] Cycle 1015
  💰 Current Price: $1984.38
  🎯 Signal: BUY (confidence: 0.20)
  📝 Reason: 5m: MACD bullish; 15m: MACD bullish; 1h: MACD bearish; 4h: RSI oversold (22.2)

[09:37:17] Cycle 1016
  💰 Current Price: $1983.87
  🎯 Signal: BUY (confidence: 0.20)
  📝 Reason: 5m: MACD bullish; 15m: MACD bullish; 1h: MACD bearish; 4h: RSI oversold (22.0)

[09:37:48] Cycle 1017
  💰 Current Price: $1983.84
  🎯 Signal: BUY (confidence: 0.20)
  📝 Reason: 5m: MACD bullish; 15m: MACD bullish; 1h: MACD bearish; 4h: RSI oversold (22.0)

[09:38:19] Cycle 1018
  💰 Current Price: $1983.85
  🎯 Signal: BUY (confidence: 0.20)
  📝 Reason: 5m: MACD bullish; 15m: MACD bullish; 1h: MACD bearish; 4h: RSI oversold (22.0)

[09:38:49] Cycle 1019
  💰 Current Price: $1984.53
  🎯 Signal: BUY (confidence: 0.20)
  📝 Reason: 5m: MACD bullish; 15m: MACD bullish; 1h: MACD bearish; 4h: RSI oversold (22.2)

[09:39:20] Cycle 1020
  💰 Current Price: $1984.33
  🎯 Signal: BUY (confidence: 0.20)
  📝 Reason: 5m: MACD bullish; 15m: MACD bullish; 1h: MACD bearish; 4h: RSI oversold (22.2)

[09:39:51] Cycle 1021
  💰 Current Price: $1984.39
  🎯 Signal: BUY (confidence: 0.20)
  📝 Reason: 5m: MACD bullish; 15m: MACD bullish; 1h: MACD bearish; 4h: RSI oversold (22.2)

[09:40:22] Cycle 1022
  💰 Current Price: $1984.34
  🎯 Signal: BUY (confidence: 0.20)
  📝 Reason: 5m: MACD bullish; 15m: MACD bullish; 1h: MACD bearish; 4h: RSI oversold (22.2)

[09:40:53] Cycle 1023
  💰 Current Price: $1984.33
  🎯 Signal: BUY (confidence: 0.20)
  📝 Reason: 5m: MACD bullish; 15m: MACD bullish; 1h: MACD bearish; 4h: RSI oversold (22.2)

[09:41:24] Cycle 1024
  💰 Current Price: $1984.62
  🎯 Signal: BUY (confidence: 0.20)
  📝 Reason: 5m: MACD bullish; 15m: MACD bullish; 1h: MACD bearish; 4h: RSI oversold (22.3)

[09:41:55] Cycle 1025
  💰 Current Price: $1984.40
  🎯 Signal: BUY (confidence: 0.20)
  📝 Reason: 5m: MACD bullish; 15m: MACD bullish; 1h: MACD bearish; 4h: RSI oversold (22.2)

[09:42:26] Cycle 1026
  💰 Current Price: $1984.17
  🎯 Signal: BUY (confidence: 0.20)
  📝 Reason: 5m: MACD bullish; 15m: MACD bullish; 1h: MACD bearish; 4h: RSI oversold (22.1)

[09:42:56] Cycle 1027
  💰 Current Price: $1984.77
  🎯 Signal: BUY (confidence: 0.20)
  📝 Reason: 5m: MACD bullish; 15m: MACD bullish; 1h: MACD bearish; 4h: RSI oversold (22.3)

[09:43:27] Cycle 1028
  💰 Current Price: $1984.77
  🎯 Signal: BUY (confidence: 0.20)
  📝 Reason: 5m: MACD bullish; 15m: MACD bullish; 1h: MACD bearish; 4h: RSI oversold (22.3)

[09:43:58] Cycle 1029
  💰 Current Price: $1984.71
  🎯 Signal: BUY (confidence: 0.20)
  📝 Reason: 5m: MACD bullish; 15m: MACD bullish; 1h: MACD bearish; 4h: RSI oversold (22.3)

[09:44:29] Cycle 1030
  💰 Current Price: $1984.72
  🎯 Signal: BUY (confidence: 0.20)
  📝 Reason: 5m: MACD bullish; 15m: MACD bullish; 1h: MACD bearish; 4h: RSI oversold (22.3)

[09:44:59] Cycle 1031
  💰 Current Price: $1985.28
  🎯 Signal: BUY (confidence: 0.20)
  📝 Reason: 5m: MACD bullish; 15m: MACD bullish; 1h: MACD bearish; 4h: RSI oversold (22.5)

[09:45:30] Cycle 1032
  💰 Current Price: $1985.26
  🎯 Signal: BUY (confidence: 0.20)
  📝 Reason: 5m: MACD bullish; 15m: MACD bullish; 1h: MACD bearish; 4h: RSI oversold (22.5)

[09:46:01] Cycle 1033
  💰 Current Price: $1985.26
  🎯 Signal: BUY (confidence: 0.20)
  📝 Reason: 5m: MACD bullish; 15m: MACD bullish; 1h: MACD bearish; 4h: RSI oversold (22.5)

[09:46:32] Cycle 1034
  💰 Current Price: $1984.90
  🎯 Signal: BUY (confidence: 0.20)
  📝 Reason: 5m: MACD bullish; 15m: MACD bullish; 1h: MACD bearish; 4h: RSI oversold (22.4)

[09:47:03] Cycle 1035
  💰 Current Price: $1984.90
  🎯 Signal: BUY (confidence: 0.20)
  📝 Reason: 5m: MACD bullish; 15m: MACD bullish; 1h: MACD bearish; 4h: RSI oversold (22.4)

[09:47:33] Cycle 1036
  💰 Current Price: $1986.59
  🎯 Signal: BUY (confidence: 0.20)
  📝 Reason: 5m: MACD bullish; 15m: MACD bullish; 1h: MACD bearish; 4h: RSI oversold (22.9)

[09:48:04] Cycle 1037
  💰 Current Price: $1987.25
  🎯 Signal: BUY (confidence: 0.20)
  📝 Reason: 5m: MACD bullish; 15m: MACD bullish; 1h: MACD bearish; 4h: RSI oversold (23.1)

[09:48:35] Cycle 1038
  💰 Current Price: $1988.00
  🎯 Signal: BUY (confidence: 0.20)
  📝 Reason: 5m: MACD bullish; 15m: MACD bullish; 1h: MACD bearish; 4h: RSI oversold (23.3)

[09:49:06] Cycle 1039
  💰 Current Price: $1988.00
  🎯 Signal: BUY (confidence: 0.20)
  📝 Reason: 5m: MACD bullish; 15m: MACD bullish; 1h: MACD bearish; 4h: RSI oversold (23.3)

[09:49:36] Cycle 1040
  💰 Current Price: $1987.27
  🎯 Signal: BUY (confidence: 0.20)
  📝 Reason: 5m: MACD bullish; 15m: MACD bullish; 1h: MACD bearish; 4h: RSI oversold (23.1)

[09:50:08] Cycle 1041
  💰 Current Price: $1987.24
  🎯 Signal: BUY (confidence: 0.20)
  📝 Reason: 5m: MACD bullish; 15m: MACD bullish; 1h: MACD bearish; 4h: RSI oversold (23.1)

[09:50:38] Cycle 1042
  💰 Current Price: $1987.24
  🎯 Signal: BUY (confidence: 0.20)
  📝 Reason: 5m: MACD bullish; 15m: MACD bullish; 1h: MACD bearish; 4h: RSI oversold (23.0)

[09:51:09] Cycle 1043
  💰 Current Price: $1987.16
  🎯 Signal: BUY (confidence: 0.20)
  📝 Reason: 5m: MACD bullish; 15m: MACD bullish; 1h: MACD bearish; 4h: RSI oversold (23.0)

[09:51:40] Cycle 1044
  💰 Current Price: $1986.41
  🎯 Signal: BUY (confidence: 0.20)
  📝 Reason: 5m: MACD bullish; 15m: MACD bullish; 1h: MACD bearish; 4h: RSI oversold (22.8)

[09:52:11] Cycle 1045
  💰 Current Price: $1986.41
  🎯 Signal: BUY (confidence: 0.20)
  📝 Reason: 5m: MACD bullish; 15m: MACD bullish; 1h: MACD bearish; 4h: RSI oversold (23.0)

[09:52:42] Cycle 1046
  💰 Current Price: $1987.11
  🎯 Signal: BUY (confidence: 0.20)
  📝 Reason: 5m: MACD bullish; 15m: MACD bullish; 1h: MACD bearish; 4h: RSI oversold (23.1)

[09:50:08] Cycle 1046
  💰 Current Price: $1987.24
  🎯 Signal: BUY (confidence: 0.20)
  📝 Reason: 5m: MACD bullish; 15m: MACD bullish; 1h: MACD bearish; 4h: RSI oversold (23.1)

[09:50:38] Cycle 1047
  💰 Current Price: $1987.24
  🎯 Signal: BUY (confidence: 0.20)
  📝 Reason: 5m: MACD bullish; 15m: MACD bullish; 1h: MACD bearish; 4h: RSI oversold (23.0)

[09:51:09] Cycle 1048
  💰 Current Price: $1987.16
  🎯 Signal: BUY (confidence: 0.20)
  📝 Reason: 5m: MACD bullish; 15m: MACD bullish; 1h: MACD bearish; 4h: RSI oversold (23.0)

[09:51:40] Cycle 1049
  💰 Current Price: $1986.41
  🎯 Signal: BUY (confidence: 0.20)
  📝 Reason: 5m: MACD bullish; 15m: MACD bullish; 1h: MACD bearish; 4h: RSI oversold (22.8)

[09:52:11] Cycle 1050
  💰 Current Price: $1986.41
  🎯 Signal: BUY (confidence: 0.20)
  📝 Reason: 5m: MACD bullish; 15m: MACD bullish; 1h: MACD bearish; 4h: RSI oversold (23.0)

[09:52:42] Cycle 1051
  💰 Current Price: $1987.11
  🎯 Signal: BUY (confidence: 0.20)
  📝 Reason: 5m: MACD bullish; 15m: MACD bullish; 1h: MACD bearish; 4h: RSI oversold (23.0)

[09:53:13] Cycle 1052
  💰 Current Price: $1987.24
  🎯 Signal: BUY (confidence: 0.20)
  📝 Reason: 5m: MACD bullish; 15m: MACD bullish; 1h: MACD bearish; 4h: RSI oversold (23.1)

[09:53:44] Cycle 1053
  💰 Current Price: $1987.56
  🎯 Signal: BUY (confidence: 0.20)
  📝 Reason: 5m: MACD bullish; 15m: MACD bullish; 1h: MACD bearish; 4h: RSI oversold (23.2)

[09:54:14] Cycle 1054
  💰 Current Price: $1987.32
  🎯 Signal: BUY (confidence: 0.20)
  📝 Reason: 5m: MACD bullish; 15m: MACD bullish; 1h: MACD bearish; 4h: RSI oversold (23.1)

[09:54:45] Cycle 1055
  💰 Current Price: $1987.11
  🎯 Signal: BUY (confidence: 0.20)
  📝 Reason: 5m: MACD bullish; 15m: MACD bullish; 1h: MACD bearish; 4h: RSI oversold (23.0)

[09:55:16] Cycle 1056
  💰 Current Price: $1986.53
  🎯 Signal: BUY (confidence: 0.20)
  📝 Reason: 5m: MACD bullish; 15m: MACD bullish; 1h: MACD bearish; 4h: RSI oversold (22.9)

[09:55:47] Cycle 1057
  💰 Current Price: $1987.27
  🎯 Signal: BUY (confidence: 0.20)
  📝 Reason: 5m: MACD bullish; 15m: MACD bullish; 1h: MACD bearish; 4h: RSI oversold (23.1)

[09:56:17] Cycle 1058
  💰 Current Price: $1987.27
  🎯 Signal: BUY (confidence: 0.20)
  📝 Reason: 5m: MACD bullish; 15m: MACD bullish; 1h: MACD bearish; 4h: RSI oversold (23.2)

[09:56:48] Cycle 1059
  💰 Current Price: $1987.68
  🎯 Signal: BUY (confidence: 0.20)
  📝 Reason: 5m: MACD bullish; 15m: MACD bullish; 1h: MACD bearish; 4h: RSI oversold (23.2)

[09:57:19] Cycle 1060
  💰 Current Price: $1987.60
  🎯 Signal: BUY (confidence: 0.20)
  📝 Reason: 5m: MACD bullish; 15m: MACD bullish; 1h: MACD bearish; 4h: RSI oversold (23.2)

[09:57:50] Cycle 1061
  💰 Current Price: $1987.60
  🎯 Signal: BUY (confidence: 0.20)
  📝 Reason: 5m: MACD bullish; 15m: MACD bullish; 1h: MACD bearish; 4h: RSI oversold (23.2)

[09:58:21] Cycle 1062
  💰 Current Price: $1987.31
  🎯 Signal: BUY (confidence: 0.20)
  📝 Reason: 5m: MACD bullish; 15m: MACD bullish; 1h: MACD bearish; 4h: RSI oversold (23.1)

[09:58:52] Cycle 1063
  💰 Current Price: $1987.31
  🎯 Signal: BUY (confidence: 0.20)
  📝 Reason: 5m: MACD bullish; 15m: MACD bullish; 1h: MACD bearish; 4h: RSI oversold (23.1)

[09:59:23] Cycle 1064
  💰 Current Price: $1986.83
  🎯 Signal: BUY (confidence: 0.20)
  📝 Reason: 5m: MACD bullish; 15m: MACD bullish; 1h: MACD bearish; 4h: RSI oversold (23.0)

[09:59:54] Cycle 1065
  💰 Current Price: $1986.01
  🎯 Signal: BUY (confidence: 0.20)
  📝 Reason: 5m: MACD bullish; 15m: MACD bullish; 1h: MACD bearish; 4h: RSI oversold (22.7)

[10:00:25] Cycle 1066
  💰 Current Price: $1987.16
  🎯 Signal: BUY (confidence: 0.20)
  📝 Reason: 5m: MACD bullish; 15m: MACD bullish; 1h: MACD bearish; 4h: RSI oversold (23.1)

[10:00:55] Cycle 1067
  💰 Current Price: $1987.15
  🎯 Signal: BUY (confidence: 0.20)
  📝 Reason: 5m: MACD bullish; 15m: MACD bullish; 1h: MACD bearish; 4h: RSI oversold (23.1)

[10:01:26] Cycle 1068
  💰 Current Price: $1986.50
  🎯 Signal: BUY (confidence: 0.20)
  📝 Reason: 5m: MACD bullish; 15m: MACD bullish; 1h: MACD bearish; 4h: RSI oversold (22.9)

[10:01:57] Cycle 1069
  💰 Current Price: $1986.00
  🎯 Signal: BUY (confidence: 0.20)
  📝 Reason: 5m: MACD bullish; 15m: MACD bullish; 1h: MACD bearish; 4h: RSI oversold (22.6)

[10:02:28] Cycle 1070
  💰 Current Price: $1985.41
  🎯 Signal: BUY (confidence: 0.20)
  📝 Reason: 5m: MACD bullish; 15m: MACD bullish; 1h: MACD bearish; 4h: RSI oversold (22.5)

[10:02:59] Cycle 1071
  💰 Current Price: $1985.41
  🎯 Signal: BUY (confidence: 0.20)
  📝 Reason: 5m: MACD bullish; 15m: MACD bullish; 1h: MACD bearish; 4h: RSI oversold (22.7)

[10:03:30] Cycle 1072
  💰 Current Price: $1986.19
  🎯 Signal: BUY (confidence: 0.20)
  📝 Reason: 5m: MACD bullish; 15m: MACD bullish; 1h: MACD bearish; 4h: RSI oversold (22.8)

[10:04:00] Cycle 1073
  💰 Current Price: $1986.20
  🎯 Signal: BUY (confidence: 0.20)
  📝 Reason: 5m: MACD bullish; 15m: MACD bullish; 1h: MACD bearish; 4h: RSI oversold (22.8)

[10:04:31] Cycle 1074
  💰 Current Price: $1986.40
  🎯 Signal: BUY (confidence: 0.20)
  📝 Reason: 5m: MACD bullish; 15m: MACD bullish; 1h: MACD bearish; 4h: RSI oversold (22.8)

[10:05:02] Cycle 1075
  💰 Current Price: $1987.64
  🎯 Signal: BUY (confidence: 0.20)
  📝 Reason: 5m: MACD bullish; 15m: MACD bullish; 1h: MACD bearish; 4h: RSI oversold (23.2)

[10:05:33] Cycle 1076
  💰 Current Price: $1987.64
  🎯 Signal: BUY (confidence: 0.20)
  📝 Reason: 5m: MACD bullish; 15m: MACD bullish; 1h: MACD bearish; 4h: RSI oversold (23.2)

[10:06:04] Cycle 1077
  💰 Current Price: $1987.59
  🎯 Signal: BUY (confidence: 0.20)
  📝 Reason: 5m: MACD bullish; 15m: MACD bullish; 1h: MACD bearish; 4h: RSI oversold (23.2)

[10:06:34] Cycle 1078
  💰 Current Price: $1987.08
  🎯 Signal: BUY (confidence: 0.20)
  📝 Reason: 5m: MACD bullish; 15m: MACD bullish; 1h: MACD bearish; 4h: RSI oversold (23.0)

[10:07:05] Cycle 1079
  💰 Current Price: $1987.01
  🎯 Signal: BUY (confidence: 0.20)
  📝 Reason: 5m: MACD bullish; 15m: MACD bullish; 1h: MACD bearish; 4h: RSI oversold (23.0)

[10:07:36] Cycle 1080
  💰 Current Price: $1987.01
  🎯 Signal: BUY (confidence: 0.20)
  📝 Reason: 5m: MACD bullish; 15m: MACD bullish; 1h: MACD bearish; 4h: RSI oversold (23.0)

[10:08:07] Cycle 1081
  💰 Current Price: $1987.07
  🎯 Signal: BUY (confidence: 0.20)
  📝 Reason: 5m: MACD bullish; 15m: MACD bullish; 1h: MACD bearish; 4h: RSI oversold (23.0)

[10:08:38] Cycle 1082
  💰 Current Price: $1987.08
  🎯 Signal: BUY (confidence: 0.20)
  📝 Reason: 5m: MACD bullish; 15m: MACD bullish; 1h: MACD bearish; 4h: RSI oversold (23.0)

[10:09:08] Cycle 1083
  💰 Current Price: $1987.18
  🎯 Signal: BUY (confidence: 0.20)
  📝 Reason: 5m: MACD bullish; 15m: MACD bullish; 1h: MACD bearish; 4h: RSI oversold (23.1)

[10:09:39] Cycle 1084
  💰 Current Price: $1987.50
  🎯 Signal: BUY (confidence: 0.20)
  📝 Reason: 5m: MACD bullish; 15m: MACD bullish; 1h: MACD bearish; 4h: RSI oversold (23.3)

[10:10:10] Cycle 1085
  💰 Current Price: $1987.81
  🎯 Signal: HOLD (confidence: 0.10)
  📝 Reason: 5m: RSI overbought (75.5); 5m: MACD bullish; 15m: MACD bullish; 1h: MACD bearish

[10:10:41] Cycle 1086
  💰 Current Price: $1987.71
  🎯 Signal: HOLD (confidence: 0.10)
  📝 Reason: 5m: RSI overbought (75.2); 5m: MACD bullish; 15m: MACD bullish; 1h: MACD bearish

[10:11:11] Cycle 1087
  💰 Current Price: $1987.66
  🎯 Signal: HOLD (confidence: 0.10)
  📝 Reason: 5m: RSI overbought (75.0); 5m: MACD bullish; 15m: MACD bullish; 1h: MACD bearish

[10:11:42] Cycle 1088
  💰 Current Price: $1987.99
  🎯 Signal: HOLD (confidence: 0.10)
  📝 Reason: 5m: RSI overbought (75.8); 5m: MACD bullish; 15m: MACD bullish; 1h: MACD bearish

[10:12:13] Cycle 1089
  🎯 Signal: BUY (confidence: 0.20)
  📝 Reason: 5m: MACD bullish; 15m: MACD bullish; 1h: MACD bearish; 4h: RSI oversold (23.0)

[09:53:13] Cycle 1047
  💰 Current Price: $1987.24
  🎯 Signal: BUY (confidence: 0.20)
  📝 Reason: 5m: MACD bullish; 15m: MACD bullish; 1h: MACD bearish; 4h: RSI oversold (23.1)

[09:53:44] Cycle 1048
  💰 Current Price: $1987.56
  🎯 Signal: BUY (confidence: 0.20)
  📝 Reason: 5m: MACD bullish; 15m: MACD bullish; 1h: MACD bearish; 4h: RSI oversold (23.2)

[09:54:14] Cycle 1049
  💰 Current Price: $1987.32
  🎯 Signal: BUY (confidence: 0.20)
  📝 Reason: 5m: MACD bullish; 15m: MACD bullish; 1h: MACD bearish; 4h: RSI oversold (23.1)

[09:54:45] Cycle 1050
  💰 Current Price: $1987.11
  🎯 Signal: BUY (confidence: 0.20)
  📝 Reason: 5m: MACD bullish; 15m: MACD bullish; 1h: MACD bearish; 4h: RSI oversold (23.0)

[09:55:16] Cycle 1051
  💰 Current Price: $1986.53
  🎯 Signal: BUY (confidence: 0.20)
  📝 Reason: 5m: MACD bullish; 15m: MACD bullish; 1h: MACD bearish; 4h: RSI oversold (22.9)

[09:55:47] Cycle 1052
  💰 Current Price: $1987.27
  🎯 Signal: BUY (confidence: 0.20)
  📝 Reason: 5m: MACD bullish; 15m: MACD bullish; 1h: MACD bearish; 4h: RSI oversold (23.1)

[09:56:17] Cycle 1053
  💰 Current Price: $1987.27
  🎯 Signal: BUY (confidence: 0.20)
  📝 Reason: 5m: MACD bullish; 15m: MACD bullish; 1h: MACD bearish; 4h: RSI oversold (23.2)

[09:56:48] Cycle 1054
  💰 Current Price: $1987.68
  🎯 Signal: BUY (confidence: 0.20)
  📝 Reason: 5m: MACD bullish; 15m: MACD bullish; 1h: MACD bearish; 4h: RSI oversold (23.2)

[09:57:20] Cycle 1055
  💰 Current Price: $1987.60
  🎯 Signal: BUY (confidence: 0.20)
  📝 Reason: 5m: MACD bullish; 15m: MACD bullish; 1h: MACD bearish; 4h: RSI oversold (23.2)

[09:57:50] Cycle 1056
  💰 Current Price: $1987.60
  🎯 Signal: BUY (confidence: 0.20)
  📝 Reason: 5m: MACD bullish; 15m: MACD bullish; 1h: MACD bearish; 4h: RSI oversold (23.2)

[09:58:21] Cycle 1057
  💰 Current Price: $1987.31
  🎯 Signal: BUY (confidence: 0.20)
  📝 Reason: 5m: MACD bullish; 15m: MACD bullish; 1h: MACD bearish; 4h: RSI oversold (23.1)

[09:58:52] Cycle 1058
  💰 Current Price: $1987.31
  🎯 Signal: BUY (confidence: 0.20)
  📝 Reason: 5m: MACD bullish; 15m: MACD bullish; 1h: MACD bearish; 4h: RSI oversold (23.1)

[09:59:23] Cycle 1059
  💰 Current Price: $1986.83
  🎯 Signal: BUY (confidence: 0.20)
  📝 Reason: 5m: MACD bullish; 15m: MACD bullish; 1h: MACD bearish; 4h: RSI oversold (23.0)

[09:59:54] Cycle 1060
  💰 Current Price: $1986.01
  🎯 Signal: BUY (confidence: 0.20)
  📝 Reason: 5m: MACD bullish; 15m: MACD bullish; 1h: MACD bearish; 4h: RSI oversold (22.7)

[10:00:25] Cycle 1061
  💰 Current Price: $1987.16
  🎯 Signal: BUY (confidence: 0.20)
  📝 Reason: 5m: MACD bullish; 15m: MACD bullish; 1h: MACD bearish; 4h: RSI oversold (23.1)

[10:00:55] Cycle 1062
  💰 Current Price: $1987.15
  🎯 Signal: BUY (confidence: 0.20)
  📝 Reason: 5m: MACD bullish; 15m: MACD bullish; 1h: MACD bearish; 4h: RSI oversold (23.1)

[10:01:26] Cycle 1063
  💰 Current Price: $1986.50
  🎯 Signal: BUY (confidence: 0.20)
  📝 Reason: 5m: MACD bullish; 15m: MACD bullish; 1h: MACD bearish; 4h: RSI oversold (22.9)

[10:01:57] Cycle 1064
  💰 Current Price: $1986.00
  🎯 Signal: BUY (confidence: 0.20)
  📝 Reason: 5m: MACD bullish; 15m: MACD bullish; 1h: MACD bearish; 4h: RSI oversold (22.6)

[10:02:28] Cycle 1065
  💰 Current Price: $1985.41
  🎯 Signal: BUY (confidence: 0.20)
  📝 Reason: 5m: MACD bullish; 15m: MACD bullish; 1h: MACD bearish; 4h: RSI oversold (22.5)

[10:02:59] Cycle 1066
  💰 Current Price: $1985.41
  🎯 Signal: BUY (confidence: 0.20)
  📝 Reason: 5m: MACD bullish; 15m: MACD bullish; 1h: MACD bearish; 4h: RSI oversold (22.7)

[10:03:29] Cycle 1067
  💰 Current Price: $1986.19
  🎯 Signal: BUY (confidence: 0.20)
  📝 Reason: 5m: MACD bullish; 15m: MACD bullish; 1h: MACD bearish; 4h: RSI oversold (22.8)

[10:04:00] Cycle 1068
  💰 Current Price: $1986.20
  🎯 Signal: BUY (confidence: 0.20)
  📝 Reason: 5m: MACD bullish; 15m: MACD bullish; 1h: MACD bearish; 4h: RSI oversold (22.8)

[10:04:31] Cycle 1069
  💰 Current Price: $1986.40
  🎯 Signal: BUY (confidence: 0.20)
  📝 Reason: 5m: MACD bullish; 15m: MACD bullish; 1h: MACD bearish; 4h: RSI oversold (22.8)

[10:05:02] Cycle 1070
  💰 Current Price: $1987.64
  🎯 Signal: BUY (confidence: 0.20)
  📝 Reason: 5m: MACD bullish; 15m: MACD bullish; 1h: MACD bearish; 4h: RSI oversold (23.2)

[10:05:33] Cycle 1071
  💰 Current Price: $1987.64
  🎯 Signal: BUY (confidence: 0.20)
  📝 Reason: 5m: MACD bullish; 15m: MACD bullish; 1h: MACD bearish; 4h: RSI oversold (23.2)

[10:06:04] Cycle 1072
  💰 Current Price: $1987.59
  🎯 Signal: BUY (confidence: 0.20)
  📝 Reason: 5m: MACD bullish; 15m: MACD bullish; 1h: MACD bearish; 4h: RSI oversold (23.2)

[10:06:34] Cycle 1073
  💰 Current Price: $1987.08
  🎯 Signal: BUY (confidence: 0.20)
  📝 Reason: 5m: MACD bullish; 15m: MACD bullish; 1h: MACD bearish; 4h: RSI oversold (23.0)

[10:07:05] Cycle 1074
  💰 Current Price: $1987.01
  🎯 Signal: BUY (confidence: 0.20)
  📝 Reason: 5m: MACD bullish; 15m: MACD bullish; 1h: MACD bearish; 4h: RSI oversold (23.0)

[10:07:36] Cycle 1075
  💰 Current Price: $1987.01
  🎯 Signal: BUY (confidence: 0.20)
  📝 Reason: 5m: MACD bullish; 15m: MACD bullish; 1h: MACD bearish; 4h: RSI oversold (23.0)

[10:08:07] Cycle 1076
  💰 Current Price: $1987.07
  🎯 Signal: BUY (confidence: 0.20)
  📝 Reason: 5m: MACD bullish; 15m: MACD bullish; 1h: MACD bearish; 4h: RSI oversold (23.0)

[10:08:37] Cycle 1077
  💰 Current Price: $1987.08
  🎯 Signal: BUY (confidence: 0.20)
  📝 Reason: 5m: MACD bullish; 15m: MACD bullish; 1h: MACD bearish; 4h: RSI oversold (23.0)

[10:09:08] Cycle 1078
  💰 Current Price: $1987.18
  🎯 Signal: BUY (confidence: 0.20)
  📝 Reason: 5m: MACD bullish; 15m: MACD bullish; 1h: MACD bearish; 4h: RSI oversold (23.1)

[10:09:39] Cycle 1079
  💰 Current Price: $1987.50
  🎯 Signal: BUY (confidence: 0.20)
  📝 Reason: 5m: MACD bullish; 15m: MACD bullish; 1h: MACD bearish; 4h: RSI oversold (23.3)

[10:10:10] Cycle 1080
  💰 Current Price: $1987.81
  🎯 Signal: HOLD (confidence: 0.10)
  📝 Reason: 5m: RSI overbought (75.5); 5m: MACD bullish; 15m: MACD bullish; 1h: MACD bearish

[10:10:41] Cycle 1081
  💰 Current Price: $1987.71
  🎯 Signal: HOLD (confidence: 0.10)
  📝 Reason: 5m: RSI overbought (75.2); 5m: MACD bullish; 15m: MACD bullish; 1h: MACD bearish

[10:11:11] Cycle 1082
  💰 Current Price: $1987.66
  🎯 Signal: HOLD (confidence: 0.10)
  📝 Reason: 5m: RSI overbought (75.0); 5m: MACD bullish; 15m: MACD bullish; 1h: MACD bearish

[10:11:42] Cycle 1083
  💰 Current Price: $1987.99
  🎯 Signal: HOLD (confidence: 0.10)
  📝 Reason: 5m: RSI overbought (75.8); 5m: MACD bullish; 15m: MACD bullish; 1h: MACD bearish

[10:12:13] Cycle 1084
  💰 Current Price: $1988.40
  🎯 Signal: HOLD (confidence: 0.10)
  📝 Reason: 5m: RSI overbought (76.2); 5m: MACD bullish; 15m: MACD bullish; 1h: MACD bearish

[10:12:44] Cycle 1085
  💰 Current Price: $1988.55
  🎯 Signal: HOLD (confidence: 0.10)
  📝 Reason: 5m: RSI overbought (76.4); 5m: MACD bullish; 15m: MACD bullish; 1h: MACD bearish

[10:13:15] Cycle 1086
  💰 Current Price: $1988.27
  🎯 Signal: HOLD (confidence: 0.10)
  📝 Reason: 5m: RSI overbought (76.1); 5m: MACD bullish; 15m: MACD bullish; 1h: MACD bearish

[10:13:46] Cycle 1087
  💰 Current Price: $1988.27
  🎯 Signal: HOLD (confidence: 0.10)
  📝 Reason: 5m: RSI overbought (76.1); 5m: MACD bullish; 15m: MACD bullish; 1h: MACD bearish

[10:14:17] Cycle 1088
  💰 Current Price: $1988.01
  🎯 Signal: HOLD (confidence: 0.10)
  📝 Reason: 5m: RSI overbought (75.8); 5m: MACD bullish; 15m: MACD bullish; 1h: MACD bearish

[10:14:47] Cycle 1089
  💰 Current Price: $1988.01
  🎯 Signal: HOLD (confidence: 0.10)
  📝 Reason: 5m: RSI overbought (75.8); 5m: MACD bullish; 15m: MACD bullish; 1h: MACD bearish

[10:15:18] Cycle 1090
  💰 Current Price: $1988.40
  🎯 Signal: HOLD (confidence: 0.10)
  📝 Reason: 5m: RSI overbought (76.2); 5m: MACD bullish; 15m: MACD bullish; 1h: MACD bearish

[10:12:44] Cycle 1090
  💰 Current Price: $1988.55
  🎯 Signal: HOLD (confidence: 0.10)
  📝 Reason: 5m: RSI overbought (76.4); 5m: MACD bullish; 15m: MACD bullish; 1h: MACD bearish

[10:13:15] Cycle 1091
  💰 Current Price: $1988.27
  🎯 Signal: HOLD (confidence: 0.10)
  📝 Reason: 5m: RSI overbought (76.1); 5m: MACD bullish; 15m: MACD bullish; 1h: MACD bearish

[10:13:46] Cycle 1092
  💰 Current Price: $1988.27
  🎯 Signal: HOLD (confidence: 0.10)
  📝 Reason: 5m: RSI overbought (76.1); 5m: MACD bullish; 15m: MACD bullish; 1h: MACD bearish

[10:14:17] Cycle 1093
  💰 Current Price: $1988.01
  🎯 Signal: HOLD (confidence: 0.10)
  📝 Reason: 5m: RSI overbought (75.8); 5m: MACD bullish; 15m: MACD bullish; 1h: MACD bearish

[10:14:47] Cycle 1094
  💰 Current Price: $1988.01
  🎯 Signal: HOLD (confidence: 0.10)
  📝 Reason: 5m: RSI overbought (75.8); 5m: MACD bullish; 15m: MACD bullish; 1h: MACD bearish

[10:15:18] Cycle 1095
  💰 Current Price: $1988.72
  🎯 Signal: BUY (confidence: 0.20)
  📝 Reason: 5m: MACD bullish; 15m: MACD bullish; 1h: MACD bearish; 4h: RSI oversold (23.5)

[10:15:49] Cycle 1096
  💰 Current Price: $1988.79
  🎯 Signal: BUY (confidence: 0.20)
  📝 Reason: 5m: MACD bullish; 15m: MACD bullish; 1h: MACD bearish; 4h: RSI oversold (23.6)

[10:16:20] Cycle 1097
  💰 Current Price: $1988.00
  🎯 Signal: BUY (confidence: 0.20)
  📝 Reason: 5m: MACD bullish; 15m: MACD bullish; 1h: MACD bearish; 4h: RSI oversold (23.3)

[10:16:51] Cycle 1098
  💰 Current Price: $1988.00
  🎯 Signal: BUY (confidence: 0.20)
  📝 Reason: 5m: MACD bullish; 15m: MACD bullish; 1h: MACD bearish; 4h: RSI oversold (23.0)

[10:17:22] Cycle 1099
  💰 Current Price: $1985.37
  🎯 Signal: BUY (confidence: 0.20)
  📝 Reason: 5m: MACD bullish; 15m: MACD bullish; 1h: MACD bearish; 4h: RSI oversold (22.5)

[10:17:52] Cycle 1100
  💰 Current Price: $1986.59
  🎯 Signal: BUY (confidence: 0.20)
  📝 Reason: 5m: MACD bullish; 15m: MACD bullish; 1h: MACD bearish; 4h: RSI oversold (22.9)

[10:18:23] Cycle 1101
  💰 Current Price: $1986.88
  🎯 Signal: BUY (confidence: 0.20)
  📝 Reason: 5m: MACD bullish; 15m: MACD bullish; 1h: MACD bearish; 4h: RSI oversold (23.0)

[10:18:54] Cycle 1102
  💰 Current Price: $1986.95
  🎯 Signal: BUY (confidence: 0.20)
  📝 Reason: 5m: MACD bullish; 15m: MACD bullish; 1h: MACD bearish; 4h: RSI oversold (23.0)

[10:19:25] Cycle 1103
  💰 Current Price: $1987.64
  🎯 Signal: BUY (confidence: 0.20)
  📝 Reason: 5m: MACD bullish; 15m: MACD bullish; 1h: MACD bearish; 4h: RSI oversold (23.2)

[10:19:56] Cycle 1104
  💰 Current Price: $1986.73
  🎯 Signal: BUY (confidence: 0.20)
  📝 Reason: 5m: MACD bullish; 15m: MACD bullish; 1h: MACD bearish; 4h: RSI oversold (22.9)

[10:20:27] Cycle 1105
  💰 Current Price: $1985.57
  🎯 Signal: BUY (confidence: 0.20)
  📝 Reason: 5m: MACD bullish; 15m: MACD bullish; 1h: MACD bearish; 4h: RSI oversold (22.6)

[10:20:58] Cycle 1106
  💰 Current Price: $1985.31
  🎯 Signal: BUY (confidence: 0.20)
  📝 Reason: 5m: MACD bullish; 15m: MACD bullish; 1h: MACD bearish; 4h: RSI oversold (22.5)

[10:21:28] Cycle 1107
  💰 Current Price: $1985.24
  🎯 Signal: BUY (confidence: 0.20)
  📝 Reason: 5m: MACD bullish; 15m: MACD bullish; 1h: MACD bearish; 4h: RSI oversold (22.5)

[10:21:59] Cycle 1108
  💰 Current Price: $1985.24
  🎯 Signal: BUY (confidence: 0.20)
  📝 Reason: 5m: MACD bullish; 15m: MACD bullish; 1h: MACD bearish; 4h: RSI oversold (22.5)

[10:22:30] Cycle 1109
  💰 Current Price: $1985.74
  🎯 Signal: BUY (confidence: 0.20)
  📝 Reason: 5m: MACD bullish; 15m: MACD bullish; 1h: MACD bearish; 4h: RSI oversold (22.5)

[10:23:01] Cycle 1110
  💰 Current Price: $1985.19
  🎯 Signal: BUY (confidence: 0.20)
  📝 Reason: 5m: MACD bullish; 15m: MACD bullish; 1h: MACD bearish; 4h: RSI oversold (22.4)

[10:23:32] Cycle 1111
  💰 Current Price: $1985.28
  🎯 Signal: BUY (confidence: 0.20)
  📝 Reason: 5m: MACD bullish; 15m: MACD bullish; 1h: MACD bearish; 4h: RSI oversold (22.5)

[10:24:03] Cycle 1112
  💰 Current Price: $1985.19
  🎯 Signal: BUY (confidence: 0.20)
  📝 Reason: 5m: MACD bullish; 15m: MACD bullish; 1h: MACD bearish; 4h: RSI oversold (22.4)

[10:24:33] Cycle 1113
  💰 Current Price: $1985.19
  🎯 Signal: BUY (confidence: 0.20)
  📝 Reason: 5m: MACD bullish; 15m: MACD bullish; 1h: MACD bearish; 4h: RSI oversold (22.4)

[10:25:04] Cycle 1114
  💰 Current Price: $1985.18
  🎯 Signal: BUY (confidence: 0.20)
  📝 Reason: 5m: MACD bullish; 15m: MACD bullish; 1h: MACD bearish; 4h: RSI oversold (22.4)

[10:25:35] Cycle 1115
  💰 Current Price: $1985.19
  🎯 Signal: BUY (confidence: 0.20)
  📝 Reason: 5m: MACD bullish; 15m: MACD bullish; 1h: MACD bearish; 4h: RSI oversold (22.4)

[10:26:06] Cycle 1116
  💰 Current Price: $1985.18
  🎯 Signal: BUY (confidence: 0.20)
  📝 Reason: 5m: MACD bullish; 15m: MACD bullish; 1h: MACD bearish; 4h: RSI oversold (22.4)

[10:26:36] Cycle 1117
  💰 Current Price: $1985.18
  🎯 Signal: BUY (confidence: 0.20)
  📝 Reason: 5m: MACD bullish; 15m: MACD bullish; 1h: MACD bearish; 4h: RSI oversold (22.4)

[10:27:07] Cycle 1118
  💰 Current Price: $1985.20
  🎯 Signal: BUY (confidence: 0.20)
  📝 Reason: 5m: MACD bullish; 15m: MACD bullish; 1h: MACD bearish; 4h: RSI oversold (22.4)

[10:27:38] Cycle 1119
  💰 Current Price: $1985.21
  🎯 Signal: BUY (confidence: 0.20)
  📝 Reason: 5m: MACD bullish; 15m: MACD bullish; 1h: MACD bearish; 4h: RSI oversold (22.4)

[10:28:09] Cycle 1120
  💰 Current Price: $1985.18
  🎯 Signal: BUY (confidence: 0.20)
  📝 Reason: 5m: MACD bullish; 15m: MACD bullish; 1h: MACD bearish; 4h: RSI oversold (22.4)

[10:28:40] Cycle 1121
  💰 Current Price: $1984.51
  🎯 Signal: BUY (confidence: 0.20)
  📝 Reason: 5m: MACD bullish; 15m: MACD bullish; 1h: MACD bearish; 4h: RSI oversold (22.2)

[10:29:10] Cycle 1122
  💰 Current Price: $1984.32
  🎯 Signal: BUY (confidence: 0.20)
  📝 Reason: 5m: MACD bullish; 15m: MACD bullish; 1h: MACD bearish; 4h: RSI oversold (22.2)

[10:29:41] Cycle 1123
  💰 Current Price: $1984.32
  🎯 Signal: BUY (confidence: 0.20)
  📝 Reason: 5m: MACD bullish; 15m: MACD bullish; 1h: MACD bearish; 4h: RSI oversold (22.3)

[10:30:13] Cycle 1124
  💰 Current Price: $1984.74
  🎯 Signal: BUY (confidence: 0.20)
  📝 Reason: 5m: MACD bullish; 15m: MACD bullish; 1h: MACD bearish; 4h: RSI oversold (22.3)

[10:30:44] Cycle 1125
  💰 Current Price: $1984.98
  🎯 Signal: BUY (confidence: 0.20)
  📝 Reason: 5m: MACD bullish; 15m: MACD bullish; 1h: MACD bearish; 4h: RSI oversold (22.4)

[10:31:15] Cycle 1126
  💰 Current Price: $1984.98
  🎯 Signal: BUY (confidence: 0.20)
  📝 Reason: 5m: MACD bullish; 15m: MACD bullish; 1h: MACD bearish; 4h: RSI oversold (22.4)

[10:31:46] Cycle 1127
  💰 Current Price: $1984.78
  🎯 Signal: BUY (confidence: 0.20)
  📝 Reason: 5m: MACD bullish; 15m: MACD bullish; 1h: MACD bearish; 4h: RSI oversold (22.3)

[10:32:17] Cycle 1128
  💰 Current Price: $1983.93
  🎯 Signal: BUY (confidence: 0.20)
  📝 Reason: 5m: MACD bullish; 15m: MACD bullish; 1h: MACD bearish; 4h: RSI oversold (22.0)

[10:32:48] Cycle 1129
  💰 Current Price: $1983.81
  🎯 Signal: BUY (confidence: 0.20)
  📝 Reason: 5m: MACD bullish; 15m: MACD bullish; 1h: MACD bearish; 4h: RSI oversold (22.0)

[10:33:19] Cycle 1130
  💰 Current Price: $1983.81
  🎯 Signal: BUY (confidence: 0.20)
  📝 Reason: 5m: MACD bullish; 15m: MACD bullish; 1h: MACD bearish; 4h: RSI oversold (22.0)

[10:33:50] Cycle 1131
  💰 Current Price: $1983.81
  🎯 Signal: BUY (confidence: 0.20)
  📝 Reason: 5m: MACD bullish; 15m: MACD bullish; 1h: MACD bearish; 4h: RSI oversold (22.0)

[10:34:21] Cycle 1132
  💰 Current Price: $1984.20
  🎯 Signal: BUY (confidence: 0.20)
  📝 Reason: 5m: MACD bullish; 15m: MACD bullish; 1h: MACD bearish; 4h: RSI oversold (22.1)
  💰 Current Price: $1988.72
  🎯 Signal: BUY (confidence: 0.20)
  📝 Reason: 5m: MACD bullish; 15m: MACD bullish; 1h: MACD bearish; 4h: RSI oversold (23.5)

[10:15:49] Cycle 1091
  💰 Current Price: $1988.79
  🎯 Signal: BUY (confidence: 0.20)
  📝 Reason: 5m: MACD bullish; 15m: MACD bullish; 1h: MACD bearish; 4h: RSI oversold (23.6)

[10:16:20] Cycle 1092
  💰 Current Price: $1988.00
  🎯 Signal: BUY (confidence: 0.20)
  📝 Reason: 5m: MACD bullish; 15m: MACD bullish; 1h: MACD bearish; 4h: RSI oversold (23.3)

[10:16:51] Cycle 1093
  💰 Current Price: $1988.00
  🎯 Signal: BUY (confidence: 0.20)
  📝 Reason: 5m: MACD bullish; 15m: MACD bullish; 1h: MACD bearish; 4h: RSI oversold (23.0)

[10:17:22] Cycle 1094
  💰 Current Price: $1985.37
  🎯 Signal: BUY (confidence: 0.20)
  📝 Reason: 5m: MACD bullish; 15m: MACD bullish; 1h: MACD bearish; 4h: RSI oversold (22.5)

[10:17:53] Cycle 1095
  💰 Current Price: $1986.59
  🎯 Signal: BUY (confidence: 0.20)
  📝 Reason: 5m: MACD bullish; 15m: MACD bullish; 1h: MACD bearish; 4h: RSI oversold (22.9)

[10:18:23] Cycle 1096
  💰 Current Price: $1986.88
  🎯 Signal: BUY (confidence: 0.20)
  📝 Reason: 5m: MACD bullish; 15m: MACD bullish; 1h: MACD bearish; 4h: RSI oversold (23.0)

[10:18:54] Cycle 1097
  💰 Current Price: $1986.95
  🎯 Signal: BUY (confidence: 0.20)
  📝 Reason: 5m: MACD bullish; 15m: MACD bullish; 1h: MACD bearish; 4h: RSI oversold (23.0)

[10:19:25] Cycle 1098
  💰 Current Price: $1987.64
  🎯 Signal: BUY (confidence: 0.20)
  📝 Reason: 5m: MACD bullish; 15m: MACD bullish; 1h: MACD bearish; 4h: RSI oversold (23.2)

[10:19:56] Cycle 1099
  💰 Current Price: $1986.73
  🎯 Signal: BUY (confidence: 0.20)
  📝 Reason: 5m: MACD bullish; 15m: MACD bullish; 1h: MACD bearish; 4h: RSI oversold (22.9)

[10:20:27] Cycle 1100
  💰 Current Price: $1985.57
  🎯 Signal: BUY (confidence: 0.20)
  📝 Reason: 5m: MACD bullish; 15m: MACD bullish; 1h: MACD bearish; 4h: RSI oversold (22.6)

[10:20:58] Cycle 1101
  💰 Current Price: $1985.31
  🎯 Signal: BUY (confidence: 0.20)
  📝 Reason: 5m: MACD bullish; 15m: MACD bullish; 1h: MACD bearish; 4h: RSI oversold (22.5)

[10:21:28] Cycle 1102
  💰 Current Price: $1985.24
  🎯 Signal: BUY (confidence: 0.20)
  📝 Reason: 5m: MACD bullish; 15m: MACD bullish; 1h: MACD bearish; 4h: RSI oversold (22.5)

[10:21:59] Cycle 1103
  💰 Current Price: $1985.24
  🎯 Signal: BUY (confidence: 0.20)
  📝 Reason: 5m: MACD bullish; 15m: MACD bullish; 1h: MACD bearish; 4h: RSI oversold (22.5)

[10:22:30] Cycle 1104
  💰 Current Price: $1985.74
  🎯 Signal: BUY (confidence: 0.20)
  📝 Reason: 5m: MACD bullish; 15m: MACD bullish; 1h: MACD bearish; 4h: RSI oversold (22.5)

[10:23:01] Cycle 1105
  💰 Current Price: $1985.19
  🎯 Signal: BUY (confidence: 0.20)
  📝 Reason: 5m: MACD bullish; 15m: MACD bullish; 1h: MACD bearish; 4h: RSI oversold (22.4)

[10:23:32] Cycle 1106
  💰 Current Price: $1985.28
  🎯 Signal: BUY (confidence: 0.20)
  📝 Reason: 5m: MACD bullish; 15m: MACD bullish; 1h: MACD bearish; 4h: RSI oversold (22.5)

[10:24:02] Cycle 1107
  💰 Current Price: $1985.19
  🎯 Signal: BUY (confidence: 0.20)
  📝 Reason: 5m: MACD bullish; 15m: MACD bullish; 1h: MACD bearish; 4h: RSI oversold (22.4)

[10:24:33] Cycle 1108
  💰 Current Price: $1985.19
  🎯 Signal: BUY (confidence: 0.20)
  📝 Reason: 5m: MACD bullish; 15m: MACD bullish; 1h: MACD bearish; 4h: RSI oversold (22.4)

[10:25:04] Cycle 1109
  💰 Current Price: $1985.18
  🎯 Signal: BUY (confidence: 0.20)
  📝 Reason: 5m: MACD bullish; 15m: MACD bullish; 1h: MACD bearish; 4h: RSI oversold (22.4)

[10:25:35] Cycle 1110
  💰 Current Price: $1985.19
  🎯 Signal: BUY (confidence: 0.20)
  📝 Reason: 5m: MACD bullish; 15m: MACD bullish; 1h: MACD bearish; 4h: RSI oversold (22.4)

[10:26:06] Cycle 1111
  💰 Current Price: $1985.18
  🎯 Signal: BUY (confidence: 0.20)
  📝 Reason: 5m: MACD bullish; 15m: MACD bullish; 1h: MACD bearish; 4h: RSI oversold (22.4)

[10:26:36] Cycle 1112
  💰 Current Price: $1985.18
  🎯 Signal: BUY (confidence: 0.20)
  📝 Reason: 5m: MACD bullish; 15m: MACD bullish; 1h: MACD bearish; 4h: RSI oversold (22.4)

[10:27:07] Cycle 1113
  💰 Current Price: $1985.20
  🎯 Signal: BUY (confidence: 0.20)
  📝 Reason: 5m: MACD bullish; 15m: MACD bullish; 1h: MACD bearish; 4h: RSI oversold (22.4)

[10:27:38] Cycle 1114
  💰 Current Price: $1985.21
  🎯 Signal: BUY (confidence: 0.20)
  📝 Reason: 5m: MACD bullish; 15m: MACD bullish; 1h: MACD bearish; 4h: RSI oversold (22.4)

[10:28:09] Cycle 1115
  💰 Current Price: $1985.18
  🎯 Signal: BUY (confidence: 0.20)
  📝 Reason: 5m: MACD bullish; 15m: MACD bullish; 1h: MACD bearish; 4h: RSI oversold (22.4)

[10:28:40] Cycle 1116
  💰 Current Price: $1984.51
  🎯 Signal: BUY (confidence: 0.20)
  📝 Reason: 5m: MACD bullish; 15m: MACD bullish; 1h: MACD bearish; 4h: RSI oversold (22.2)

[10:29:10] Cycle 1117
  💰 Current Price: $1984.32
  🎯 Signal: BUY (confidence: 0.20)
  📝 Reason: 5m: MACD bullish; 15m: MACD bullish; 1h: MACD bearish; 4h: RSI oversold (22.2)

[10:29:41] Cycle 1118
  💰 Current Price: $1984.32
  🎯 Signal: BUY (confidence: 0.20)
  📝 Reason: 5m: MACD bullish; 15m: MACD bullish; 1h: MACD bearish; 4h: RSI oversold (22.3)

[10:30:13] Cycle 1119
  💰 Current Price: $1984.74
  🎯 Signal: BUY (confidence: 0.20)
  📝 Reason: 5m: MACD bullish; 15m: MACD bullish; 1h: MACD bearish; 4h: RSI oversold (22.3)

[10:30:44] Cycle 1120
  💰 Current Price: $1984.98
  🎯 Signal: BUY (confidence: 0.20)
  📝 Reason: 5m: MACD bullish; 15m: MACD bullish; 1h: MACD bearish; 4h: RSI oversold (22.4)

[10:31:15] Cycle 1121
  💰 Current Price: $1984.98
  🎯 Signal: BUY (confidence: 0.20)
  📝 Reason: 5m: MACD bullish; 15m: MACD bullish; 1h: MACD bearish; 4h: RSI oversold (22.4)

[10:31:46] Cycle 1122
  💰 Current Price: $1984.78
  🎯 Signal: BUY (confidence: 0.20)
  📝 Reason: 5m: MACD bullish; 15m: MACD bullish; 1h: MACD bearish; 4h: RSI oversold (22.3)

[10:32:17] Cycle 1123
  💰 Current Price: $1983.93
  🎯 Signal: BUY (confidence: 0.20)
  📝 Reason: 5m: MACD bullish; 15m: MACD bullish; 1h: MACD bearish; 4h: RSI oversold (22.0)

[10:32:48] Cycle 1124
  💰 Current Price: $1983.81
  🎯 Signal: BUY (confidence: 0.20)
  📝 Reason: 5m: MACD bullish; 15m: MACD bullish; 1h: MACD bearish; 4h: RSI oversold (22.0)

[10:33:19] Cycle 1125
  💰 Current Price: $1983.81
  🎯 Signal: BUY (confidence: 0.20)
  📝 Reason: 5m: MACD bullish; 15m: MACD bullish; 1h: MACD bearish; 4h: RSI oversold (22.0)

[10:33:50] Cycle 1126
  💰 Current Price: $1983.81
  🎯 Signal: BUY (confidence: 0.20)
  📝 Reason: 5m: MACD bullish; 15m: MACD bullish; 1h: MACD bearish; 4h: RSI oversold (22.0)

[10:34:21] Cycle 1127
  💰 Current Price: $1984.20
  🎯 Signal: BUY (confidence: 0.20)
  📝 Reason: 5m: MACD bullish; 15m: MACD bullish; 1h: MACD bearish; 4h: RSI oversold (22.1)

[10:34:52] Cycle 1128
  💰 Current Price: $1983.82
  🎯 Signal: BUY (confidence: 0.20)
  📝 Reason: 5m: MACD bullish; 15m: MACD bullish; 1h: MACD bearish; 4h: RSI oversold (22.0)

[10:35:23] Cycle 1129
  💰 Current Price: $1984.07
  🎯 Signal: BUY (confidence: 0.20)
  📝 Reason: 5m: MACD bullish; 15m: MACD bullish; 1h: MACD bearish; 4h: RSI oversold (22.1)

[10:35:53] Cycle 1130
  💰 Current Price: $1984.55
  🎯 Signal: BUY (confidence: 0.20)
  📝 Reason: 5m: MACD bullish; 15m: MACD bullish; 1h: MACD bearish; 4h: RSI oversold (22.2)

[10:36:24] Cycle 1131
  💰 Current Price: $1985.18
  🎯 Signal: BUY (confidence: 0.20)
  📝 Reason: 5m: MACD bullish; 15m: MACD bullish; 1h: MACD bearish; 4h: RSI oversold (22.4)

[10:36:55] Cycle 1132
  💰 Current Price: $1985.18
  🎯 Signal: BUY (confidence: 0.20)
  📝 Reason: 5m: MACD bullish; 15m: MACD bullish; 1h: MACD bearish; 4h: RSI oversold (22.3)

[10:37:26] Cycle 1133
  💰 Current Price: $1984.63
  🎯 Signal: BUY (confidence: 0.20)
  📝 Reason: 5m: MACD bullish; 15m: MACD bullish; 1h: MACD bearish; 4h: RSI oversold (22.3)

[10:37:57] Cycle 1134

[10:34:52] Cycle 1133
  💰 Current Price: $1983.82
  🎯 Signal: BUY (confidence: 0.20)
  📝 Reason: 5m: MACD bullish; 15m: MACD bullish; 1h: MACD bearish; 4h: RSI oversold (22.0)

[10:35:23] Cycle 1134
  💰 Current Price: $1984.07
  🎯 Signal: BUY (confidence: 0.20)
  📝 Reason: 5m: MACD bullish; 15m: MACD bullish; 1h: MACD bearish; 4h: RSI oversold (22.1)

[10:35:54] Cycle 1135
  💰 Current Price: $1984.55
  🎯 Signal: BUY (confidence: 0.20)
  📝 Reason: 5m: MACD bullish; 15m: MACD bullish; 1h: MACD bearish; 4h: RSI oversold (22.2)

[10:36:24] Cycle 1136
  💰 Current Price: $1985.18
  🎯 Signal: BUY (confidence: 0.20)
  📝 Reason: 5m: MACD bullish; 15m: MACD bullish; 1h: MACD bearish; 4h: RSI oversold (22.4)

[10:36:55] Cycle 1137
  💰 Current Price: $1985.18
  🎯 Signal: BUY (confidence: 0.20)
  📝 Reason: 5m: MACD bullish; 15m: MACD bullish; 1h: MACD bearish; 4h: RSI oversold (22.3)

[10:37:26] Cycle 1138
  💰 Current Price: $1984.63
  🎯 Signal: BUY (confidence: 0.20)
  📝 Reason: 5m: MACD bullish; 15m: MACD bullish; 1h: MACD bearish; 4h: RSI oversold (22.3)

[10:37:57] Cycle 1139
  💰 Current Price: $1984.51
  🎯 Signal: BUY (confidence: 0.20)
  📝 Reason: 5m: MACD bullish; 15m: MACD bullish; 1h: MACD bearish; 4h: RSI oversold (22.2)

[10:38:28] Cycle 1140
  💰 Current Price: $1984.51
  🎯 Signal: BUY (confidence: 0.20)
  📝 Reason: 5m: MACD bullish; 15m: MACD bullish; 1h: MACD bearish; 4h: RSI oversold (22.2)

[10:38:58] Cycle 1141
  💰 Current Price: $1985.55
  🎯 Signal: BUY (confidence: 0.20)
  📝 Reason: 5m: MACD bullish; 15m: MACD bullish; 1h: MACD bearish; 4h: RSI oversold (22.6)

[10:39:29] Cycle 1142
  💰 Current Price: $1985.81
  🎯 Signal: BUY (confidence: 0.20)
  📝 Reason: 5m: MACD bullish; 15m: MACD bullish; 1h: MACD bearish; 4h: RSI oversold (22.6)

[10:40:00] Cycle 1143
  💰 Current Price: $1985.74
  🎯 Signal: BUY (confidence: 0.20)
  📝 Reason: 5m: MACD bullish; 15m: MACD bullish; 1h: MACD bearish; 4h: RSI oversold (22.6)

[10:40:31] Cycle 1144
  💰 Current Price: $1985.51
  🎯 Signal: BUY (confidence: 0.20)
  📝 Reason: 5m: MACD bullish; 15m: MACD bullish; 1h: MACD bearish; 4h: RSI oversold (22.5)

[10:41:02] Cycle 1145
  💰 Current Price: $1985.51
  🎯 Signal: BUY (confidence: 0.20)
  📝 Reason: 5m: MACD bullish; 15m: MACD bullish; 1h: MACD bearish; 4h: RSI oversold (22.5)

[10:41:33] Cycle 1146
  💰 Current Price: $1985.51
  🎯 Signal: BUY (confidence: 0.20)
  📝 Reason: 5m: MACD bullish; 15m: MACD bullish; 1h: MACD bearish; 4h: RSI oversold (22.5)

[10:42:03] Cycle 1147
  💰 Current Price: $1985.51
  🎯 Signal: BUY (confidence: 0.20)
  📝 Reason: 5m: MACD bullish; 15m: MACD bullish; 1h: MACD bearish; 4h: RSI oversold (22.5)

[10:42:34] Cycle 1148
  💰 Current Price: $1985.51
  🎯 Signal: BUY (confidence: 0.20)
  📝 Reason: 5m: MACD bullish; 15m: MACD bullish; 1h: MACD bearish; 4h: RSI oversold (22.5)

[10:43:05] Cycle 1149
  💰 Current Price: $1985.76
  🎯 Signal: BUY (confidence: 0.20)
  📝 Reason: 5m: MACD bullish; 15m: MACD bullish; 1h: MACD bearish; 4h: RSI oversold (22.6)

[10:43:36] Cycle 1150
  💰 Current Price: $1985.76
  🎯 Signal: BUY (confidence: 0.20)
  📝 Reason: 5m: MACD bullish; 15m: MACD bullish; 1h: MACD bearish; 4h: RSI oversold (22.6)

[10:44:06] Cycle 1151
  💰 Current Price: $1985.75
  🎯 Signal: BUY (confidence: 0.20)
  📝 Reason: 5m: MACD bullish; 15m: MACD bullish; 1h: MACD bearish; 4h: RSI oversold (22.6)

[10:44:37] Cycle 1152
  💰 Current Price: $1985.50
  🎯 Signal: BUY (confidence: 0.20)
  📝 Reason: 5m: MACD bullish; 15m: MACD bullish; 1h: MACD bearish; 4h: RSI oversold (22.5)

[10:45:08] Cycle 1153
  💰 Current Price: $1985.15
  🎯 Signal: BUY (confidence: 0.20)
  📝 Reason: 5m: MACD bullish; 15m: MACD bullish; 1h: MACD bearish; 4h: RSI oversold (22.2)

[10:45:39] Cycle 1154
  💰 Current Price: $1984.51
  🎯 Signal: BUY (confidence: 0.20)
  📝 Reason: 5m: MACD bullish; 15m: MACD bullish; 1h: MACD bearish; 4h: RSI oversold (22.2)

[10:46:09] Cycle 1155
  💰 Current Price: $1984.52
  🎯 Signal: BUY (confidence: 0.20)
  📝 Reason: 5m: MACD bullish; 15m: MACD bullish; 1h: MACD bearish; 4h: RSI oversold (22.2)

[10:46:40] Cycle 1156
  💰 Current Price: $1984.52
  🎯 Signal: BUY (confidence: 0.20)
  📝 Reason: 5m: MACD bullish; 15m: MACD bullish; 1h: MACD bearish; 4h: RSI oversold (22.2)

[10:47:11] Cycle 1157
  💰 Current Price: $1984.51
  🎯 Signal: BUY (confidence: 0.20)
  📝 Reason: 5m: MACD bullish; 15m: MACD bullish; 1h: MACD bearish; 4h: RSI oversold (22.2)

[10:47:42] Cycle 1158
  💰 Current Price: $1984.51
  🎯 Signal: BUY (confidence: 0.20)
  📝 Reason: 5m: MACD bullish; 15m: MACD bullish; 1h: MACD bearish; 4h: RSI oversold (22.2)

[10:48:13] Cycle 1159
  💰 Current Price: $1984.51
  🎯 Signal: BUY (confidence: 0.20)
  📝 Reason: 5m: MACD bullish; 15m: MACD bullish; 1h: MACD bearish; 4h: RSI oversold (22.2)

[10:48:43] Cycle 1160
  💰 Current Price: $1984.52
  🎯 Signal: BUY (confidence: 0.20)
  📝 Reason: 5m: MACD bullish; 15m: MACD bullish; 1h: MACD bearish; 4h: RSI oversold (22.2)

[10:49:14] Cycle 1161
  💰 Current Price: $1984.72
  🎯 Signal: BUY (confidence: 0.20)
  📝 Reason: 5m: MACD bullish; 15m: MACD bullish; 1h: MACD bearish; 4h: RSI oversold (22.3)

[10:49:45] Cycle 1162
  💰 Current Price: $1985.77
  🎯 Signal: BUY (confidence: 0.20)
  📝 Reason: 5m: MACD bullish; 15m: MACD bullish; 1h: MACD bearish; 4h: RSI oversold (22.6)

[10:50:16] Cycle 1163
  💰 Current Price: $1985.77
  🎯 Signal: BUY (confidence: 0.20)
  📝 Reason: 5m: MACD bullish; 15m: MACD bullish; 1h: MACD bearish; 4h: RSI oversold (22.6)

[10:50:47] Cycle 1164
  💰 Current Price: $1985.77
  🎯 Signal: BUY (confidence: 0.20)
  📝 Reason: 5m: MACD bullish; 15m: MACD bullish; 1h: MACD bearish; 4h: RSI oversold (22.6)

[10:51:18] Cycle 1165
  💰 Current Price: $1985.82
  🎯 Signal: BUY (confidence: 0.20)
  📝 Reason: 5m: MACD bullish; 15m: MACD bullish; 1h: MACD bearish; 4h: RSI oversold (22.6)

[10:51:49] Cycle 1166
  💰 Current Price: $1985.20
  🎯 Signal: BUY (confidence: 0.20)
  📝 Reason: 5m: MACD bullish; 15m: MACD bullish; 1h: MACD bearish; 4h: RSI oversold (22.4)

[10:52:20] Cycle 1167
  💰 Current Price: $1984.68
  🎯 Signal: BUY (confidence: 0.20)
  📝 Reason: 5m: MACD bullish; 15m: MACD bullish; 1h: MACD bearish; 4h: RSI oversold (22.3)

[10:52:50] Cycle 1168
  💰 Current Price: $1984.35
  🎯 Signal: BUY (confidence: 0.20)
  📝 Reason: 5m: MACD bullish; 15m: MACD bullish; 1h: MACD bearish; 4h: RSI oversold (22.2)

[10:53:21] Cycle 1169
  💰 Current Price: $1983.99
  🎯 Signal: BUY (confidence: 0.20)
  📝 Reason: 5m: MACD bullish; 15m: MACD bullish; 1h: MACD bearish; 4h: RSI oversold (22.1)

[10:53:52] Cycle 1170
  💰 Current Price: $1984.14
  🎯 Signal: BUY (confidence: 0.20)
  📝 Reason: 5m: MACD bullish; 15m: MACD bullish; 1h: MACD bearish; 4h: RSI oversold (22.1)

[10:54:23] Cycle 1171
  💰 Current Price: $1984.45
  🎯 Signal: BUY (confidence: 0.20)
  📝 Reason: 5m: MACD bullish; 15m: MACD bullish; 1h: MACD bearish; 4h: RSI oversold (22.2)

[10:54:54] Cycle 1172
  💰 Current Price: $1984.42
  🎯 Signal: BUY (confidence: 0.20)
  📝 Reason: 5m: MACD bullish; 15m: MACD bullish; 1h: MACD bearish; 4h: RSI oversold (22.2)

[10:55:24] Cycle 1173
  💰 Current Price: $1984.23
  🎯 Signal: BUY (confidence: 0.20)
  📝 Reason: 5m: MACD bullish; 15m: MACD bullish; 1h: MACD bearish; 4h: RSI oversold (22.2)

[10:55:55] Cycle 1174
  💰 Current Price: $1984.46
  🎯 Signal: BUY (confidence: 0.20)
  📝 Reason: 5m: MACD bullish; 15m: MACD bullish; 1h: MACD bearish; 4h: RSI oversold (22.2)

[10:56:26] Cycle 1175
  💰 Current Price: $1984.52
  🎯 Signal: BUY (confidence: 0.20)
  📝 Reason: 5m: MACD bullish; 15m: MACD bullish; 1h: MACD bearish; 4h: RSI oversold (22.2)

[10:56:57] Cycle 1176
  💰 Current Price: $1985.09
  🎯 Signal: BUY (confidence: 0.20)
  📝 Reason: 5m: MACD bullish; 15m: MACD bullish; 1h: MACD bearish; 4h: RSI oversold (22.4)
  💰 Current Price: $1984.51
  🎯 Signal: BUY (confidence: 0.20)
  📝 Reason: 5m: MACD bullish; 15m: MACD bullish; 1h: MACD bearish; 4h: RSI oversold (22.2)

[10:38:28] Cycle 1135
  💰 Current Price: $1984.51
  🎯 Signal: BUY (confidence: 0.20)
  📝 Reason: 5m: MACD bullish; 15m: MACD bullish; 1h: MACD bearish; 4h: RSI oversold (22.2)

[10:38:59] Cycle 1136
  💰 Current Price: $1985.55
  🎯 Signal: BUY (confidence: 0.20)
  📝 Reason: 5m: MACD bullish; 15m: MACD bullish; 1h: MACD bearish; 4h: RSI oversold (22.6)

[10:39:29] Cycle 1137
  💰 Current Price: $1985.81
  🎯 Signal: BUY (confidence: 0.20)
  📝 Reason: 5m: MACD bullish; 15m: MACD bullish; 1h: MACD bearish; 4h: RSI oversold (22.6)

[10:40:00] Cycle 1138
  💰 Current Price: $1985.74
  🎯 Signal: BUY (confidence: 0.20)
  📝 Reason: 5m: MACD bullish; 15m: MACD bullish; 1h: MACD bearish; 4h: RSI oversold (22.6)

[10:40:31] Cycle 1139
  💰 Current Price: $1985.51
  🎯 Signal: BUY (confidence: 0.20)
  📝 Reason: 5m: MACD bullish; 15m: MACD bullish; 1h: MACD bearish; 4h: RSI oversold (22.5)

[10:41:02] Cycle 1140
  💰 Current Price: $1985.51
  🎯 Signal: BUY (confidence: 0.20)
  📝 Reason: 5m: MACD bullish; 15m: MACD bullish; 1h: MACD bearish; 4h: RSI oversold (22.5)

[10:41:32] Cycle 1141
  💰 Current Price: $1985.51
  🎯 Signal: BUY (confidence: 0.20)
  📝 Reason: 5m: MACD bullish; 15m: MACD bullish; 1h: MACD bearish; 4h: RSI oversold (22.5)

[10:42:03] Cycle 1142
  💰 Current Price: $1985.51
  🎯 Signal: BUY (confidence: 0.20)
  📝 Reason: 5m: MACD bullish; 15m: MACD bullish; 1h: MACD bearish; 4h: RSI oversold (22.5)

[10:42:34] Cycle 1143
  💰 Current Price: $1985.51
  🎯 Signal: BUY (confidence: 0.20)
  📝 Reason: 5m: MACD bullish; 15m: MACD bullish; 1h: MACD bearish; 4h: RSI oversold (22.5)

[10:43:05] Cycle 1144
  💰 Current Price: $1985.76
  🎯 Signal: BUY (confidence: 0.20)
  📝 Reason: 5m: MACD bullish; 15m: MACD bullish; 1h: MACD bearish; 4h: RSI oversold (22.6)

[10:43:36] Cycle 1145
  💰 Current Price: $1985.76
  🎯 Signal: BUY (confidence: 0.20)
  📝 Reason: 5m: MACD bullish; 15m: MACD bullish; 1h: MACD bearish; 4h: RSI oversold (22.6)

[10:44:06] Cycle 1146
  💰 Current Price: $1985.75
  🎯 Signal: BUY (confidence: 0.20)
  📝 Reason: 5m: MACD bullish; 15m: MACD bullish; 1h: MACD bearish; 4h: RSI oversold (22.6)

[10:44:37] Cycle 1147
  💰 Current Price: $1985.50
  🎯 Signal: BUY (confidence: 0.20)
  📝 Reason: 5m: MACD bullish; 15m: MACD bullish; 1h: MACD bearish; 4h: RSI oversold (22.5)

[10:45:08] Cycle 1148
  💰 Current Price: $1985.15
  🎯 Signal: BUY (confidence: 0.20)
  📝 Reason: 5m: MACD bullish; 15m: MACD bullish; 1h: MACD bearish; 4h: RSI oversold (22.2)

[10:45:39] Cycle 1149
  💰 Current Price: $1984.51
  🎯 Signal: BUY (confidence: 0.20)
  📝 Reason: 5m: MACD bullish; 15m: MACD bullish; 1h: MACD bearish; 4h: RSI oversold (22.2)

[10:46:09] Cycle 1150
  💰 Current Price: $1984.52
  🎯 Signal: BUY (confidence: 0.20)
  📝 Reason: 5m: MACD bullish; 15m: MACD bullish; 1h: MACD bearish; 4h: RSI oversold (22.2)

[10:46:40] Cycle 1151
  💰 Current Price: $1984.52
  🎯 Signal: BUY (confidence: 0.20)
  📝 Reason: 5m: MACD bullish; 15m: MACD bullish; 1h: MACD bearish; 4h: RSI oversold (22.2)

[10:47:11] Cycle 1152
  💰 Current Price: $1984.51
  🎯 Signal: BUY (confidence: 0.20)
  📝 Reason: 5m: MACD bullish; 15m: MACD bullish; 1h: MACD bearish; 4h: RSI oversold (22.2)

[10:47:42] Cycle 1153
  💰 Current Price: $1984.51
  🎯 Signal: BUY (confidence: 0.20)
  📝 Reason: 5m: MACD bullish; 15m: MACD bullish; 1h: MACD bearish; 4h: RSI oversold (22.2)

[10:48:13] Cycle 1154
  💰 Current Price: $1984.51
  🎯 Signal: BUY (confidence: 0.20)
  📝 Reason: 5m: MACD bullish; 15m: MACD bullish; 1h: MACD bearish; 4h: RSI oversold (22.2)

[10:48:43] Cycle 1155
  💰 Current Price: $1984.52
  🎯 Signal: BUY (confidence: 0.20)
  📝 Reason: 5m: MACD bullish; 15m: MACD bullish; 1h: MACD bearish; 4h: RSI oversold (22.2)

[10:49:14] Cycle 1156
  💰 Current Price: $1984.72
  🎯 Signal: BUY (confidence: 0.20)
  📝 Reason: 5m: MACD bullish; 15m: MACD bullish; 1h: MACD bearish; 4h: RSI oversold (22.3)

[10:49:45] Cycle 1157
  💰 Current Price: $1985.77
  🎯 Signal: BUY (confidence: 0.20)
  📝 Reason: 5m: MACD bullish; 15m: MACD bullish; 1h: MACD bearish; 4h: RSI oversold (22.6)

[10:50:16] Cycle 1158
  💰 Current Price: $1985.77
  🎯 Signal: BUY (confidence: 0.20)
  📝 Reason: 5m: MACD bullish; 15m: MACD bullish; 1h: MACD bearish; 4h: RSI oversold (22.6)

[10:50:47] Cycle 1159
  💰 Current Price: $1985.77
  🎯 Signal: BUY (confidence: 0.20)
  📝 Reason: 5m: MACD bullish; 15m: MACD bullish; 1h: MACD bearish; 4h: RSI oversold (22.6)

[10:51:18] Cycle 1160
  💰 Current Price: $1985.82
  🎯 Signal: BUY (confidence: 0.20)
  📝 Reason: 5m: MACD bullish; 15m: MACD bullish; 1h: MACD bearish; 4h: RSI oversold (22.6)

[10:51:49] Cycle 1161
  💰 Current Price: $1985.20
  🎯 Signal: BUY (confidence: 0.20)
  📝 Reason: 5m: MACD bullish; 15m: MACD bullish; 1h: MACD bearish; 4h: RSI oversold (22.4)

[10:52:19] Cycle 1162
  💰 Current Price: $1984.68
  🎯 Signal: BUY (confidence: 0.20)
  📝 Reason: 5m: MACD bullish; 15m: MACD bullish; 1h: MACD bearish; 4h: RSI oversold (22.3)

[10:52:50] Cycle 1163
  💰 Current Price: $1984.35
  🎯 Signal: BUY (confidence: 0.20)
  📝 Reason: 5m: MACD bullish; 15m: MACD bullish; 1h: MACD bearish; 4h: RSI oversold (22.2)

[10:53:21] Cycle 1164
  💰 Current Price: $1983.99
  🎯 Signal: BUY (confidence: 0.20)
  📝 Reason: 5m: MACD bullish; 15m: MACD bullish; 1h: MACD bearish; 4h: RSI oversold (22.1)

[10:53:52] Cycle 1165
  💰 Current Price: $1984.14
  🎯 Signal: BUY (confidence: 0.20)
  📝 Reason: 5m: MACD bullish; 15m: MACD bullish; 1h: MACD bearish; 4h: RSI oversold (22.1)

[10:54:23] Cycle 1166
  💰 Current Price: $1984.45
  🎯 Signal: BUY (confidence: 0.20)
  📝 Reason: 5m: MACD bullish; 15m: MACD bullish; 1h: MACD bearish; 4h: RSI oversold (22.2)

[10:54:53] Cycle 1167
  💰 Current Price: $1984.42
  🎯 Signal: BUY (confidence: 0.20)
  📝 Reason: 5m: MACD bullish; 15m: MACD bullish; 1h: MACD bearish; 4h: RSI oversold (22.2)

[10:55:24] Cycle 1168
  💰 Current Price: $1984.23
  🎯 Signal: BUY (confidence: 0.20)
  📝 Reason: 5m: MACD bullish; 15m: MACD bullish; 1h: MACD bearish; 4h: RSI oversold (22.2)

[10:55:55] Cycle 1169
  💰 Current Price: $1984.46
  🎯 Signal: BUY (confidence: 0.20)
  📝 Reason: 5m: MACD bullish; 15m: MACD bullish; 1h: MACD bearish; 4h: RSI oversold (22.2)

[10:56:26] Cycle 1170
  💰 Current Price: $1984.52
  🎯 Signal: BUY (confidence: 0.20)
  📝 Reason: 5m: MACD bullish; 15m: MACD bullish; 1h: MACD bearish; 4h: RSI oversold (22.2)

[10:56:57] Cycle 1171
  💰 Current Price: $1985.09
  🎯 Signal: BUY (confidence: 0.20)
  📝 Reason: 5m: MACD bullish; 15m: MACD bullish; 1h: MACD bearish; 4h: RSI oversold (22.4)

[10:57:27] Cycle 1172
  💰 Current Price: $1985.18
  🎯 Signal: BUY (confidence: 0.20)
  📝 Reason: 5m: MACD bullish; 15m: MACD bullish; 1h: MACD bearish; 4h: RSI oversold (22.4)

[10:57:58] Cycle 1173
  💰 Current Price: $1983.78
  🎯 Signal: BUY (confidence: 0.20)
  📝 Reason: 5m: MACD bullish; 15m: MACD bullish; 1h: MACD bearish; 4h: RSI oversold (22.0)

[10:58:29] Cycle 1174
  💰 Current Price: $1984.27
  🎯 Signal: BUY (confidence: 0.20)
  📝 Reason: 5m: MACD bullish; 15m: MACD bullish; 1h: MACD bearish; 4h: RSI oversold (22.2)

[10:59:00] Cycle 1175
  💰 Current Price: $1984.27
  🎯 Signal: BUY (confidence: 0.20)
  📝 Reason: 5m: MACD bullish; 15m: MACD bullish; 1h: MACD bearish; 4h: RSI oversold (22.2)

[10:59:31] Cycle 1176
  💰 Current Price: $1984.31
  🎯 Signal: BUY (confidence: 0.20)
  📝 Reason: 5m: MACD bullish; 15m: MACD bullish; 1h: MACD bearish; 4h: RSI oversold (22.2)

[11:00:02] Cycle 1177
  💰 Current Price: $1984.29
  🎯 Signal: BUY (confidence: 0.20)
  📝 Reason: 5m: MACD bullish; 15m: MACD bullish; 1h: MACD bearish; 4h: RSI oversold (22.2)

[11:00:33] Cycle 1178

[10:57:27] Cycle 1177
  💰 Current Price: $1985.00
  🎯 Signal: BUY (confidence: 0.20)
  📝 Reason: 5m: MACD bullish; 15m: MACD bullish; 1h: MACD bearish; 4h: RSI oversold (22.4)

[10:57:58] Cycle 1178
  💰 Current Price: $1983.78
  🎯 Signal: BUY (confidence: 0.20)
  📝 Reason: 5m: MACD bullish; 15m: MACD bullish; 1h: MACD bearish; 4h: RSI oversold (22.0)

[10:58:29] Cycle 1179
  💰 Current Price: $1984.27
  🎯 Signal: BUY (confidence: 0.20)
  📝 Reason: 5m: MACD bullish; 15m: MACD bullish; 1h: MACD bearish; 4h: RSI oversold (22.2)

[10:59:00] Cycle 1180
  💰 Current Price: $1984.27
  🎯 Signal: BUY (confidence: 0.20)
  📝 Reason: 5m: MACD bullish; 15m: MACD bullish; 1h: MACD bearish; 4h: RSI oversold (22.2)

[10:59:31] Cycle 1181
  💰 Current Price: $1984.31
  🎯 Signal: BUY (confidence: 0.20)
  📝 Reason: 5m: MACD bullish; 15m: MACD bullish; 1h: MACD bearish; 4h: RSI oversold (22.2)

[11:00:02] Cycle 1182
  💰 Current Price: $1984.29
  🎯 Signal: BUY (confidence: 0.20)
  📝 Reason: 5m: MACD bullish; 15m: MACD bullish; 1h: MACD bearish; 4h: RSI oversold (22.2)

[11:00:33] Cycle 1183
  💰 Current Price: $1983.91
  🎯 Signal: BUY (confidence: 0.20)
  📝 Reason: 5m: MACD bullish; 15m: MACD bullish; 1h: MACD bearish; 4h: RSI oversold (22.0)

[11:01:03] Cycle 1184
  💰 Current Price: $1984.07
  🎯 Signal: BUY (confidence: 0.20)
  📝 Reason: 5m: MACD bullish; 15m: MACD bullish; 1h: MACD bearish; 4h: RSI oversold (22.1)

[11:01:34] Cycle 1185
  💰 Current Price: $1984.09
  🎯 Signal: BUY (confidence: 0.20)
  📝 Reason: 5m: MACD bullish; 15m: MACD bullish; 1h: MACD bearish; 4h: RSI oversold (22.1)

[11:02:05] Cycle 1186
  💰 Current Price: $1984.08
  🎯 Signal: BUY (confidence: 0.20)
  📝 Reason: 5m: MACD bullish; 15m: MACD bullish; 1h: MACD bearish; 4h: RSI oversold (22.1)

[11:02:36] Cycle 1187
  💰 Current Price: $1984.35
  🎯 Signal: BUY (confidence: 0.20)
  📝 Reason: 5m: MACD bullish; 15m: MACD bullish; 1h: MACD bearish; 4h: RSI oversold (22.2)

[11:03:07] Cycle 1188
  💰 Current Price: $1983.94
  🎯 Signal: BUY (confidence: 0.20)
  📝 Reason: 5m: MACD bullish; 15m: MACD bullish; 1h: MACD bearish; 4h: RSI oversold (22.0)

[11:03:38] Cycle 1189
  💰 Current Price: $1983.91
  🎯 Signal: BUY (confidence: 0.20)
  📝 Reason: 5m: MACD bullish; 15m: MACD bullish; 1h: MACD bearish; 4h: RSI oversold (22.0)

[11:04:08] Cycle 1190
  💰 Current Price: $1982.98
  🎯 Signal: BUY (confidence: 0.20)
  📝 Reason: 5m: RSI oversold (35.0); 5m: MACD bearish; 15m: MACD bullish; 1h: MACD bearish

[11:04:39] Cycle 1191
  💰 Current Price: $1982.72
  🎯 Signal: BUY (confidence: 0.20)
  📝 Reason: 5m: RSI oversold (34.4); 5m: MACD bearish; 15m: MACD bullish; 1h: MACD bearish

[11:05:10] Cycle 1192
  💰 Current Price: $1982.79
  🎯 Signal: HOLD (confidence: 0.10)
  📝 Reason: 5m: MACD bearish; 15m: MACD bullish; 1h: MACD bearish; 4h: RSI oversold (21.8)

[11:05:41] Cycle 1193
  💰 Current Price: $1983.01
  🎯 Signal: HOLD (confidence: 0.10)
  📝 Reason: 5m: MACD bearish; 15m: MACD bullish; 1h: MACD bearish; 4h: RSI oversold (21.8)

[11:06:12] Cycle 1194
  💰 Current Price: $1982.83
  🎯 Signal: HOLD (confidence: 0.10)
  📝 Reason: 5m: MACD bearish; 15m: MACD bullish; 1h: MACD bearish; 4h: RSI oversold (21.8)

[11:06:43] Cycle 1195
  💰 Current Price: $1983.53
  🎯 Signal: HOLD (confidence: 0.10)
  📝 Reason: 5m: MACD bearish; 15m: MACD bullish; 1h: MACD bearish; 4h: RSI oversold (22.0)

[11:07:13] Cycle 1196
  💰 Current Price: $1983.77
  🎯 Signal: HOLD (confidence: 0.10)
  📝 Reason: 5m: MACD bearish; 15m: MACD bullish; 1h: MACD bearish; 4h: RSI oversold (22.0)

[11:07:44] Cycle 1197
  💰 Current Price: $1984.72
  🎯 Signal: HOLD (confidence: 0.10)
  📝 Reason: 5m: MACD bearish; 15m: MACD bullish; 1h: MACD bearish; 4h: RSI oversold (22.3)

[11:08:15] Cycle 1198
  💰 Current Price: $1985.19
  🎯 Signal: HOLD (confidence: 0.10)
  📝 Reason: 5m: MACD bearish; 15m: MACD bullish; 1h: MACD bearish; 4h: RSI oversold (22.4)

[11:08:46] Cycle 1199
  💰 Current Price: $1984.49
  🎯 Signal: HOLD (confidence: 0.10)
  📝 Reason: 5m: MACD bearish; 15m: MACD bullish; 1h: MACD bearish; 4h: RSI oversold (22.2)

[11:09:17] Cycle 1200
  💰 Current Price: $1984.64
  🎯 Signal: HOLD (confidence: 0.10)
  📝 Reason: 5m: MACD bearish; 15m: MACD bullish; 1h: MACD bearish; 4h: RSI oversold (22.3)

[11:09:47] Cycle 1201
  💰 Current Price: $1983.80
  🎯 Signal: HOLD (confidence: 0.10)
  📝 Reason: 5m: MACD bearish; 15m: MACD bullish; 1h: MACD bearish; 4h: RSI oversold (21.9)

[11:10:18] Cycle 1202
  💰 Current Price: $1983.69
  🎯 Signal: BUY (confidence: 0.20)
  📝 Reason: 5m: RSI oversold (33.7); 5m: MACD bearish; 15m: MACD bullish; 1h: MACD bearish

[11:10:49] Cycle 1203
  💰 Current Price: $1983.95
  🎯 Signal: HOLD (confidence: 0.10)
  📝 Reason: 5m: MACD bearish; 15m: MACD bullish; 1h: MACD bearish; 4h: RSI oversold (22.1)

[11:11:20] Cycle 1204
  💰 Current Price: $1983.95
  🎯 Signal: HOLD (confidence: 0.10)
  📝 Reason: 5m: MACD bearish; 15m: MACD bullish; 1h: MACD bearish; 4h: RSI oversold (22.1)

[11:11:51] Cycle 1205
  💰 Current Price: $1987.99
  🎯 Signal: HOLD (confidence: 0.10)
  📝 Reason: 5m: MACD bearish; 15m: MACD bullish; 1h: MACD bearish; 4h: RSI oversold (23.3)

[11:12:22] Cycle 1206
  💰 Current Price: $1987.99
  🎯 Signal: HOLD (confidence: 0.10)
  📝 Reason: 5m: MACD bearish; 15m: MACD bullish; 1h: MACD bearish; 4h: RSI oversold (23.3)

[11:12:53] Cycle 1207
  💰 Current Price: $1990.58
  🎯 Signal: HOLD (confidence: 0.10)
  📝 Reason: 5m: MACD bearish; 15m: MACD bullish; 1h: MACD bearish; 4h: RSI oversold (24.1)

[11:13:23] Cycle 1208
  💰 Current Price: $1991.20
  🎯 Signal: HOLD (confidence: 0.10)
  📝 Reason: 5m: MACD bearish; 15m: MACD bullish; 1h: MACD bearish; 4h: RSI oversold (24.3)

[11:13:54] Cycle 1209
  💰 Current Price: $1992.04
  🎯 Signal: BUY (confidence: 0.20)
  📝 Reason: 5m: MACD bullish; 15m: MACD bullish; 1h: MACD bearish; 4h: RSI oversold (24.5)

[11:14:25] Cycle 1210
  💰 Current Price: $1991.07
  🎯 Signal: HOLD (confidence: 0.10)
  📝 Reason: 5m: MACD bearish; 15m: MACD bullish; 1h: MACD bearish; 4h: RSI oversold (24.2)

[11:14:56] Cycle 1211
  💰 Current Price: $1992.73
  🎯 Signal: BUY (confidence: 0.20)
  📝 Reason: 5m: MACD bullish; 15m: MACD bullish; 1h: MACD bearish; 4h: RSI oversold (24.8)

[11:15:26] Cycle 1212
  💰 Current Price: $1993.86
  🎯 Signal: BUY (confidence: 0.20)
  📝 Reason: 5m: MACD bullish; 15m: MACD bullish; 1h: MACD bearish; 4h: RSI oversold (25.1)

[11:15:58] Cycle 1213
  💰 Current Price: $1993.62
  🎯 Signal: BUY (confidence: 0.20)
  📝 Reason: 5m: MACD bullish; 15m: MACD bullish; 1h: MACD bearish; 4h: RSI oversold (25.0)

[11:16:28] Cycle 1214
  💰 Current Price: $1991.86
  🎯 Signal: BUY (confidence: 0.20)
  📝 Reason: 5m: MACD bullish; 15m: MACD bullish; 1h: MACD bearish; 4h: RSI oversold (24.6)

[11:16:59] Cycle 1215
  💰 Current Price: $1992.31
  🎯 Signal: BUY (confidence: 0.20)
  📝 Reason: 5m: MACD bullish; 15m: MACD bullish; 1h: MACD bearish; 4h: RSI oversold (24.3)

[11:17:30] Cycle 1216
  💰 Current Price: $1991.46
  🎯 Signal: BUY (confidence: 0.20)
  📝 Reason: 5m: MACD bullish; 15m: MACD bullish; 1h: MACD bearish; 4h: RSI oversold (24.4)

[11:18:01] Cycle 1217
  💰 Current Price: $1991.45
  🎯 Signal: BUY (confidence: 0.20)
  📝 Reason: 5m: MACD bullish; 15m: MACD bullish; 1h: MACD bearish; 4h: RSI oversold (24.4)

[11:18:31] Cycle 1218
  💰 Current Price: $1990.88
  🎯 Signal: BUY (confidence: 0.20)
  📝 Reason: 5m: MACD bullish; 15m: MACD bullish; 1h: MACD bearish; 4h: RSI oversold (24.2)

[11:19:02] Cycle 1219
  💰 Current Price: $1991.26
  🎯 Signal: BUY (confidence: 0.20)
  📝 Reason: 5m: MACD bullish; 15m: MACD bullish; 1h: MACD bearish; 4h: RSI oversold (24.2)

[11:19:33] Cycle 1220
  💰 Current Price: $1990.96
  🎯 Signal: BUY (confidence: 0.20)
  💰 Current Price: $1983.91
  🎯 Signal: BUY (confidence: 0.20)
  📝 Reason: 5m: MACD bullish; 15m: MACD bullish; 1h: MACD bearish; 4h: RSI oversold (22.0)

[11:01:03] Cycle 1179
  💰 Current Price: $1984.07
  🎯 Signal: BUY (confidence: 0.20)
  📝 Reason: 5m: MACD bullish; 15m: MACD bullish; 1h: MACD bearish; 4h: RSI oversold (22.1)

[11:01:34] Cycle 1180
  💰 Current Price: $1984.09
  🎯 Signal: BUY (confidence: 0.20)
  📝 Reason: 5m: MACD bullish; 15m: MACD bullish; 1h: MACD bearish; 4h: RSI oversold (22.1)

[11:02:05] Cycle 1181
  💰 Current Price: $1984.08
  🎯 Signal: BUY (confidence: 0.20)
  📝 Reason: 5m: MACD bullish; 15m: MACD bullish; 1h: MACD bearish; 4h: RSI oversold (22.1)

[11:02:36] Cycle 1182
  💰 Current Price: $1984.35
  🎯 Signal: BUY (confidence: 0.20)
  📝 Reason: 5m: MACD bullish; 15m: MACD bullish; 1h: MACD bearish; 4h: RSI oversold (22.2)

[11:03:07] Cycle 1183
  💰 Current Price: $1983.94
  🎯 Signal: BUY (confidence: 0.20)
  📝 Reason: 5m: MACD bullish; 15m: MACD bullish; 1h: MACD bearish; 4h: RSI oversold (22.0)

[11:03:38] Cycle 1184
  💰 Current Price: $1983.91
  🎯 Signal: BUY (confidence: 0.20)
  📝 Reason: 5m: MACD bullish; 15m: MACD bullish; 1h: MACD bearish; 4h: RSI oversold (22.0)

[11:04:08] Cycle 1185
  💰 Current Price: $1982.98
  🎯 Signal: BUY (confidence: 0.20)
  📝 Reason: 5m: RSI oversold (35.0); 5m: MACD bearish; 15m: MACD bullish; 1h: MACD bearish

[11:04:39] Cycle 1186
  💰 Current Price: $1982.72
  🎯 Signal: BUY (confidence: 0.20)
  📝 Reason: 5m: RSI oversold (34.4); 5m: MACD bearish; 15m: MACD bullish; 1h: MACD bearish

[11:05:10] Cycle 1187
  💰 Current Price: $1982.79
  🎯 Signal: HOLD (confidence: 0.10)
  📝 Reason: 5m: MACD bearish; 15m: MACD bullish; 1h: MACD bearish; 4h: RSI oversold (21.8)

[11:05:41] Cycle 1188
  💰 Current Price: $1983.01
  🎯 Signal: HOLD (confidence: 0.10)
  📝 Reason: 5m: MACD bearish; 15m: MACD bullish; 1h: MACD bearish; 4h: RSI oversold (21.8)

[11:06:12] Cycle 1189
  💰 Current Price: $1982.83
  🎯 Signal: HOLD (confidence: 0.10)
  📝 Reason: 5m: MACD bearish; 15m: MACD bullish; 1h: MACD bearish; 4h: RSI oversold (21.8)

[11:06:43] Cycle 1190
  💰 Current Price: $1983.53
  🎯 Signal: HOLD (confidence: 0.10)
  📝 Reason: 5m: MACD bearish; 15m: MACD bullish; 1h: MACD bearish; 4h: RSI oversold (22.0)

[11:07:13] Cycle 1191
  💰 Current Price: $1983.77
  🎯 Signal: HOLD (confidence: 0.10)
  📝 Reason: 5m: MACD bearish; 15m: MACD bullish; 1h: MACD bearish; 4h: RSI oversold (22.0)

[11:07:44] Cycle 1192
  💰 Current Price: $1984.72
  🎯 Signal: HOLD (confidence: 0.10)
  📝 Reason: 5m: MACD bearish; 15m: MACD bullish; 1h: MACD bearish; 4h: RSI oversold (22.3)

[11:08:15] Cycle 1193
  💰 Current Price: $1985.19
  🎯 Signal: HOLD (confidence: 0.10)
  📝 Reason: 5m: MACD bearish; 15m: MACD bullish; 1h: MACD bearish; 4h: RSI oversold (22.4)

[11:08:46] Cycle 1194
  💰 Current Price: $1984.49
  🎯 Signal: HOLD (confidence: 0.10)
  📝 Reason: 5m: MACD bearish; 15m: MACD bullish; 1h: MACD bearish; 4h: RSI oversold (22.2)

[11:09:17] Cycle 1195
  💰 Current Price: $1984.64
  🎯 Signal: HOLD (confidence: 0.10)
  📝 Reason: 5m: MACD bearish; 15m: MACD bullish; 1h: MACD bearish; 4h: RSI oversold (22.3)

[11:09:47] Cycle 1196
  💰 Current Price: $1983.80
  🎯 Signal: HOLD (confidence: 0.10)
  📝 Reason: 5m: MACD bearish; 15m: MACD bullish; 1h: MACD bearish; 4h: RSI oversold (21.9)

[11:10:18] Cycle 1197
  💰 Current Price: $1983.69
  🎯 Signal: BUY (confidence: 0.20)
  📝 Reason: 5m: RSI oversold (33.7); 5m: MACD bearish; 15m: MACD bullish; 1h: MACD bearish

[11:10:49] Cycle 1198
  💰 Current Price: $1983.95
  🎯 Signal: HOLD (confidence: 0.10)
  📝 Reason: 5m: MACD bearish; 15m: MACD bullish; 1h: MACD bearish; 4h: RSI oversold (22.1)

[11:11:20] Cycle 1199
  💰 Current Price: $1983.95
  🎯 Signal: HOLD (confidence: 0.10)
  📝 Reason: 5m: MACD bearish; 15m: MACD bullish; 1h: MACD bearish; 4h: RSI oversold (22.1)

[11:11:51] Cycle 1200
  💰 Current Price: $1987.99
  🎯 Signal: HOLD (confidence: 0.10)
  📝 Reason: 5m: MACD bearish; 15m: MACD bullish; 1h: MACD bearish; 4h: RSI oversold (23.3)

[11:12:22] Cycle 1201
  💰 Current Price: $1987.99
  🎯 Signal: HOLD (confidence: 0.10)
  📝 Reason: 5m: MACD bearish; 15m: MACD bullish; 1h: MACD bearish; 4h: RSI oversold (23.3)

[11:12:53] Cycle 1202
  💰 Current Price: $1990.58
  🎯 Signal: HOLD (confidence: 0.10)
  📝 Reason: 5m: MACD bearish; 15m: MACD bullish; 1h: MACD bearish; 4h: RSI oversold (24.1)

[11:13:23] Cycle 1203
  💰 Current Price: $1991.20
  🎯 Signal: HOLD (confidence: 0.10)
  📝 Reason: 5m: MACD bearish; 15m: MACD bullish; 1h: MACD bearish; 4h: RSI oversold (24.3)

[11:13:54] Cycle 1204
  💰 Current Price: $1992.04
  🎯 Signal: BUY (confidence: 0.20)
  📝 Reason: 5m: MACD bullish; 15m: MACD bullish; 1h: MACD bearish; 4h: RSI oversold (24.5)

[11:14:25] Cycle 1205
  💰 Current Price: $1991.07
  🎯 Signal: HOLD (confidence: 0.10)
  📝 Reason: 5m: MACD bearish; 15m: MACD bullish; 1h: MACD bearish; 4h: RSI oversold (24.2)

[11:14:56] Cycle 1206
  💰 Current Price: $1992.73
  🎯 Signal: BUY (confidence: 0.20)
  📝 Reason: 5m: MACD bullish; 15m: MACD bullish; 1h: MACD bearish; 4h: RSI oversold (24.8)

[11:15:26] Cycle 1207
  💰 Current Price: $1993.86
  🎯 Signal: BUY (confidence: 0.20)
  📝 Reason: 5m: MACD bullish; 15m: MACD bullish; 1h: MACD bearish; 4h: RSI oversold (25.1)

[11:15:57] Cycle 1208
  💰 Current Price: $1993.52
  🎯 Signal: BUY (confidence: 0.20)
  📝 Reason: 5m: MACD bullish; 15m: MACD bullish; 1h: MACD bearish; 4h: RSI oversold (25.0)

[11:16:28] Cycle 1209
  💰 Current Price: $1991.86
  🎯 Signal: BUY (confidence: 0.20)
  📝 Reason: 5m: MACD bullish; 15m: MACD bullish; 1h: MACD bearish; 4h: RSI oversold (24.6)

[11:16:59] Cycle 1210
  💰 Current Price: $1992.31
  🎯 Signal: BUY (confidence: 0.20)
  📝 Reason: 5m: MACD bullish; 15m: MACD bullish; 1h: MACD bearish; 4h: RSI oversold (24.3)

[11:17:30] Cycle 1211
  💰 Current Price: $1991.46
  🎯 Signal: BUY (confidence: 0.20)
  📝 Reason: 5m: MACD bullish; 15m: MACD bullish; 1h: MACD bearish; 4h: RSI oversold (24.4)

[11:18:00] Cycle 1212
  💰 Current Price: $1991.45
  🎯 Signal: BUY (confidence: 0.20)
  📝 Reason: 5m: MACD bullish; 15m: MACD bullish; 1h: MACD bearish; 4h: RSI oversold (24.4)

[11:18:32] Cycle 1213
  💰 Current Price: $1990.88
  🎯 Signal: BUY (confidence: 0.20)
  📝 Reason: 5m: MACD bullish; 15m: MACD bullish; 1h: MACD bearish; 4h: RSI oversold (24.2)

[11:19:02] Cycle 1214
  💰 Current Price: $1991.26
  🎯 Signal: BUY (confidence: 0.20)
  📝 Reason: 5m: MACD bullish; 15m: MACD bullish; 1h: MACD bearish; 4h: RSI oversold (24.2)

[11:19:33] Cycle 1215
  💰 Current Price: $1990.96
  🎯 Signal: BUY (confidence: 0.20)
  📝 Reason: 5m: MACD bullish; 15m: MACD bullish; 1h: MACD bearish; 4h: RSI oversold (24.2)

[11:20:04] Cycle 1216
  💰 Current Price: $1991.17
  🎯 Signal: BUY (confidence: 0.20)
  📝 Reason: 5m: MACD bullish; 15m: MACD bullish; 1h: MACD bearish; 4h: RSI oversold (24.3)

[11:20:35] Cycle 1217
  💰 Current Price: $1990.70
  🎯 Signal: BUY (confidence: 0.20)
  📝 Reason: 5m: MACD bullish; 15m: MACD bullish; 1h: MACD bearish; 4h: RSI oversold (24.1)

[11:21:06] Cycle 1218
  💰 Current Price: $1989.97
  🎯 Signal: BUY (confidence: 0.20)
  📝 Reason: 5m: MACD bullish; 15m: MACD bullish; 1h: MACD bearish; 4h: RSI oversold (23.9)

[11:21:37] Cycle 1219
  💰 Current Price: $1987.99
  🎯 Signal: BUY (confidence: 0.20)
  📝 Reason: 5m: MACD bullish; 15m: MACD bullish; 1h: MACD bearish; 4h: RSI oversold (23.3)

[11:22:07] Cycle 1220
  💰 Current Price: $1988.79
  🎯 Signal: BUY (confidence: 0.20)
  📝 Reason: 5m: MACD bullish; 15m: MACD bullish; 1h: MACD bearish; 4h: RSI oversold (23.6)

[11:22:38] Cycle 1221
  💰 Current Price: $1989.04
  🎯 Signal: BUY (confidence: 0.20)
  📝 Reason: 5m: MACD bullish; 15m: MACD bullish; 1h: MACD bearish; 4h: RSI oversold (23.6)
  📝 Reason: 5m: MACD bullish; 15m: MACD bullish; 1h: MACD bearish; 4h: RSI oversold (24.2)

[11:20:04] Cycle 1221
  💰 Current Price: $1991.17
  🎯 Signal: BUY (confidence: 0.20)
  📝 Reason: 5m: MACD bullish; 15m: MACD bullish; 1h: MACD bearish; 4h: RSI oversold (24.3)

[11:20:35] Cycle 1222
  💰 Current Price: $1990.70
  🎯 Signal: BUY (confidence: 0.20)
  📝 Reason: 5m: MACD bullish; 15m: MACD bullish; 1h: MACD bearish; 4h: RSI oversold (24.1)

[11:21:06] Cycle 1223
  💰 Current Price: $1989.97
  🎯 Signal: BUY (confidence: 0.20)
  📝 Reason: 5m: MACD bullish; 15m: MACD bullish; 1h: MACD bearish; 4h: RSI oversold (23.9)

[11:21:36] Cycle 1224
  💰 Current Price: $1988.71
  🎯 Signal: BUY (confidence: 0.20)
  📝 Reason: 5m: MACD bullish; 15m: MACD bullish; 1h: MACD bearish; 4h: RSI oversold (23.3)

[11:22:07] Cycle 1225
  💰 Current Price: $1988.79
  🎯 Signal: BUY (confidence: 0.20)
  📝 Reason: 5m: MACD bullish; 15m: MACD bullish; 1h: MACD bearish; 4h: RSI oversold (23.6)

[11:22:38] Cycle 1226
  💰 Current Price: $1989.04
  🎯 Signal: BUY (confidence: 0.20)
  📝 Reason: 5m: MACD bullish; 15m: MACD bullish; 1h: MACD bearish; 4h: RSI oversold (23.6)

[11:23:09] Cycle 1227
  💰 Current Price: $1990.01
  🎯 Signal: BUY (confidence: 0.20)
  📝 Reason: 5m: MACD bullish; 15m: MACD bullish; 1h: MACD bearish; 4h: RSI oversold (23.9)

[11:23:40] Cycle 1228
  💰 Current Price: $1989.30
  🎯 Signal: BUY (confidence: 0.20)
  📝 Reason: 5m: MACD bullish; 15m: MACD bullish; 1h: MACD bearish; 4h: RSI oversold (23.7)

[11:24:11] Cycle 1229
  💰 Current Price: $1988.62
  🎯 Signal: BUY (confidence: 0.20)
  📝 Reason: 5m: MACD bullish; 15m: MACD bullish; 1h: MACD bearish; 4h: RSI oversold (23.5)

[11:24:41] Cycle 1230
  💰 Current Price: $1989.15
  🎯 Signal: BUY (confidence: 0.20)
  📝 Reason: 5m: MACD bullish; 15m: MACD bullish; 1h: MACD bearish; 4h: RSI oversold (23.7)

[11:25:12] Cycle 1231
  💰 Current Price: $1988.50
  🎯 Signal: BUY (confidence: 0.20)
  📝 Reason: 5m: MACD bullish; 15m: MACD bullish; 1h: MACD bearish; 4h: RSI oversold (23.5)

[11:25:43] Cycle 1232
  💰 Current Price: $1989.60
  🎯 Signal: BUY (confidence: 0.20)
  📝 Reason: 5m: MACD bullish; 15m: MACD bullish; 1h: MACD bearish; 4h: RSI oversold (23.8)

[11:26:14] Cycle 1233
  💰 Current Price: $1989.73
  🎯 Signal: BUY (confidence: 0.20)
  📝 Reason: 5m: MACD bullish; 15m: MACD bullish; 1h: MACD bearish; 4h: RSI oversold (23.8)

[11:26:45] Cycle 1234
  💰 Current Price: $1990.21
  🎯 Signal: BUY (confidence: 0.20)
  📝 Reason: 5m: MACD bullish; 15m: MACD bullish; 1h: MACD bearish; 4h: RSI oversold (24.0)

[11:27:16] Cycle 1235
  💰 Current Price: $1989.66
  🎯 Signal: BUY (confidence: 0.20)
  📝 Reason: 5m: MACD bullish; 15m: MACD bullish; 1h: MACD bearish; 4h: RSI oversold (23.8)

[11:27:47] Cycle 1236
  💰 Current Price: $1989.78
  🎯 Signal: BUY (confidence: 0.20)
  📝 Reason: 5m: MACD bullish; 15m: MACD bullish; 1h: MACD bearish; 4h: RSI oversold (23.9)

[11:28:18] Cycle 1237
  💰 Current Price: $1989.28
  🎯 Signal: BUY (confidence: 0.20)
  📝 Reason: 5m: MACD bullish; 15m: MACD bullish; 1h: MACD bearish; 4h: RSI oversold (23.8)

[11:28:49] Cycle 1238
  💰 Current Price: $1989.42
  🎯 Signal: BUY (confidence: 0.20)
  📝 Reason: 5m: MACD bullish; 15m: MACD bullish; 1h: MACD bearish; 4h: RSI oversold (23.8)

[11:29:19] Cycle 1239
  💰 Current Price: $1989.35
  🎯 Signal: BUY (confidence: 0.20)
  📝 Reason: 5m: MACD bullish; 15m: MACD bullish; 1h: MACD bearish; 4h: RSI oversold (23.7)

[11:29:50] Cycle 1240
  💰 Current Price: $1989.13
  🎯 Signal: BUY (confidence: 0.20)
  📝 Reason: 5m: MACD bullish; 15m: MACD bullish; 1h: MACD bearish; 4h: RSI oversold (23.7)

[11:30:21] Cycle 1241
  💰 Current Price: $1988.98
  🎯 Signal: BUY (confidence: 0.20)
  📝 Reason: 5m: MACD bullish; 15m: MACD bullish; 1h: MACD bearish; 4h: RSI oversold (23.6)

[11:30:52] Cycle 1242
  💰 Current Price: $1987.97
  🎯 Signal: BUY (confidence: 0.20)
  📝 Reason: 5m: MACD bullish; 15m: MACD bullish; 1h: MACD bearish; 4h: RSI oversold (23.3)

[11:31:23] Cycle 1243
  💰 Current Price: $1987.84
  🎯 Signal: BUY (confidence: 0.20)
  📝 Reason: 5m: MACD bullish; 15m: MACD bullish; 1h: MACD bearish; 4h: RSI oversold (23.3)

[11:31:53] Cycle 1244
  💰 Current Price: $1988.17
  🎯 Signal: BUY (confidence: 0.20)
  📝 Reason: 5m: MACD bullish; 15m: MACD bullish; 1h: MACD bearish; 4h: RSI oversold (23.4)

[11:32:24] Cycle 1245
  💰 Current Price: $1988.54
  🎯 Signal: BUY (confidence: 0.20)
  📝 Reason: 5m: MACD bullish; 15m: MACD bullish; 1h: MACD bearish; 4h: RSI oversold (23.5)

[11:32:55] Cycle 1246
  💰 Current Price: $1987.54
  🎯 Signal: BUY (confidence: 0.20)
  📝 Reason: 5m: MACD bullish; 15m: MACD bullish; 1h: MACD bearish; 4h: RSI oversold (23.2)

[11:33:26] Cycle 1247
  💰 Current Price: $1987.54
  🎯 Signal: BUY (confidence: 0.20)
  📝 Reason: 5m: MACD bullish; 15m: MACD bullish; 1h: MACD bearish; 4h: RSI oversold (23.2)

[11:33:57] Cycle 1248
  💰 Current Price: $1987.54
  🎯 Signal: BUY (confidence: 0.20)
  📝 Reason: 5m: MACD bullish; 15m: MACD bullish; 1h: MACD bearish; 4h: RSI oversold (23.2)

[11:34:28] Cycle 1249
  💰 Current Price: $1987.54
  🎯 Signal: BUY (confidence: 0.20)
  📝 Reason: 5m: MACD bullish; 15m: MACD bullish; 1h: MACD bearish; 4h: RSI oversold (23.2)

[11:34:59] Cycle 1250
  💰 Current Price: $1987.54
  🎯 Signal: BUY (confidence: 0.20)
  📝 Reason: 5m: MACD bullish; 15m: MACD bullish; 1h: MACD bearish; 4h: RSI oversold (23.2)

[11:35:29] Cycle 1251
  💰 Current Price: $1987.54
  🎯 Signal: BUY (confidence: 0.20)
  📝 Reason: 5m: MACD bullish; 15m: MACD bullish; 1h: MACD bearish; 4h: RSI oversold (23.2)

[11:36:00] Cycle 1252
  💰 Current Price: $1987.77
  🎯 Signal: BUY (confidence: 0.20)
  📝 Reason: 5m: MACD bullish; 15m: MACD bullish; 1h: MACD bearish; 4h: RSI oversold (23.2)

[11:36:31] Cycle 1253
  💰 Current Price: $1987.78
  🎯 Signal: BUY (confidence: 0.20)
  📝 Reason: 5m: MACD bullish; 15m: MACD bullish; 1h: MACD bearish; 4h: RSI oversold (23.2)

[11:37:02] Cycle 1254
  💰 Current Price: $1987.78
  🎯 Signal: BUY (confidence: 0.20)
  📝 Reason: 5m: MACD bullish; 15m: MACD bullish; 1h: MACD bearish; 4h: RSI oversold (23.2)

[11:37:33] Cycle 1255
  💰 Current Price: $1988.18
  🎯 Signal: BUY (confidence: 0.20)
  📝 Reason: 5m: MACD bullish; 15m: MACD bullish; 1h: MACD bearish; 4h: RSI oversold (23.4)

[11:38:03] Cycle 1256
  💰 Current Price: $1987.78
  🎯 Signal: BUY (confidence: 0.20)
  📝 Reason: 5m: MACD bullish; 15m: MACD bullish; 1h: MACD bearish; 4h: RSI oversold (23.2)

[11:38:34] Cycle 1257
  💰 Current Price: $1987.77
  🎯 Signal: BUY (confidence: 0.20)
  📝 Reason: 5m: MACD bullish; 15m: MACD bullish; 1h: MACD bearish; 4h: RSI oversold (23.2)

[11:39:05] Cycle 1258
  💰 Current Price: $1987.78
  🎯 Signal: BUY (confidence: 0.20)
  📝 Reason: 5m: MACD bullish; 15m: MACD bullish; 1h: MACD bearish; 4h: RSI oversold (23.2)

[11:39:36] Cycle 1259
  💰 Current Price: $1987.78
  🎯 Signal: BUY (confidence: 0.20)
  📝 Reason: 5m: MACD bullish; 15m: MACD bullish; 1h: MACD bearish; 4h: RSI oversold (23.2)

[11:40:07] Cycle 1260
  💰 Current Price: $1987.77
  🎯 Signal: BUY (confidence: 0.20)
  📝 Reason: 5m: MACD bullish; 15m: MACD bullish; 1h: MACD bearish; 4h: RSI oversold (23.2)

[11:40:38] Cycle 1261
  💰 Current Price: $1987.78
  🎯 Signal: BUY (confidence: 0.20)
  📝 Reason: 5m: MACD bullish; 15m: MACD bullish; 1h: MACD bearish; 4h: RSI oversold (23.2)

[11:41:09] Cycle 1262
  💰 Current Price: $1987.78
  🎯 Signal: BUY (confidence: 0.20)
  📝 Reason: 5m: MACD bullish; 15m: MACD bullish; 1h: MACD bearish; 4h: RSI oversold (23.2)

[11:41:39] Cycle 1263
  💰 Current Price: $1987.78
  🎯 Signal: BUY (confidence: 0.20)
  📝 Reason: 5m: MACD bullish; 15m: MACD bullish; 1h: MACD bearish; 4h: RSI oversold (23.2)

[11:42:10] Cycle 1264
  💰 Current Price: $1987.78
  🎯 Signal: BUY (confidence: 0.20)

[11:23:09] Cycle 1222
  💰 Current Price: $1990.01
  🎯 Signal: BUY (confidence: 0.20)
  📝 Reason: 5m: MACD bullish; 15m: MACD bullish; 1h: MACD bearish; 4h: RSI oversold (23.9)

[11:23:40] Cycle 1223
  💰 Current Price: $1989.30
  🎯 Signal: BUY (confidence: 0.20)
  📝 Reason: 5m: MACD bullish; 15m: MACD bullish; 1h: MACD bearish; 4h: RSI oversold (23.7)

[11:24:11] Cycle 1224
  💰 Current Price: $1988.62
  🎯 Signal: BUY (confidence: 0.20)
  📝 Reason: 5m: MACD bullish; 15m: MACD bullish; 1h: MACD bearish; 4h: RSI oversold (23.5)

[11:24:41] Cycle 1225
  💰 Current Price: $1989.15
  🎯 Signal: BUY (confidence: 0.20)
  📝 Reason: 5m: MACD bullish; 15m: MACD bullish; 1h: MACD bearish; 4h: RSI oversold (23.7)

[11:25:12] Cycle 1226
  💰 Current Price: $1988.50
  🎯 Signal: BUY (confidence: 0.20)
  📝 Reason: 5m: MACD bullish; 15m: MACD bullish; 1h: MACD bearish; 4h: RSI oversold (23.5)

[11:25:43] Cycle 1227
  💰 Current Price: $1989.60
  🎯 Signal: BUY (confidence: 0.20)
  📝 Reason: 5m: MACD bullish; 15m: MACD bullish; 1h: MACD bearish; 4h: RSI oversold (23.8)

[11:26:14] Cycle 1228
  💰 Current Price: $1989.73
  🎯 Signal: BUY (confidence: 0.20)
  📝 Reason: 5m: MACD bullish; 15m: MACD bullish; 1h: MACD bearish; 4h: RSI oversold (23.8)

[11:26:45] Cycle 1229
  💰 Current Price: $1990.21
  🎯 Signal: BUY (confidence: 0.20)
  📝 Reason: 5m: MACD bullish; 15m: MACD bullish; 1h: MACD bearish; 4h: RSI oversold (24.0)

[11:27:16] Cycle 1230
  💰 Current Price: $1989.66
  🎯 Signal: BUY (confidence: 0.20)
  📝 Reason: 5m: MACD bullish; 15m: MACD bullish; 1h: MACD bearish; 4h: RSI oversold (23.8)

[11:27:47] Cycle 1231
  💰 Current Price: $1989.78
  🎯 Signal: BUY (confidence: 0.20)
  📝 Reason: 5m: MACD bullish; 15m: MACD bullish; 1h: MACD bearish; 4h: RSI oversold (23.9)

[11:28:18] Cycle 1232
  💰 Current Price: $1989.28
  🎯 Signal: BUY (confidence: 0.20)
  📝 Reason: 5m: MACD bullish; 15m: MACD bullish; 1h: MACD bearish; 4h: RSI oversold (23.8)

[11:28:48] Cycle 1233
  💰 Current Price: $1989.42
  🎯 Signal: BUY (confidence: 0.20)
  📝 Reason: 5m: MACD bullish; 15m: MACD bullish; 1h: MACD bearish; 4h: RSI oversold (23.8)

[11:29:20] Cycle 1234
  💰 Current Price: $1989.35
  🎯 Signal: BUY (confidence: 0.20)
  📝 Reason: 5m: MACD bullish; 15m: MACD bullish; 1h: MACD bearish; 4h: RSI oversold (23.7)

[11:29:50] Cycle 1235
  💰 Current Price: $1989.13
  🎯 Signal: BUY (confidence: 0.20)
  📝 Reason: 5m: MACD bullish; 15m: MACD bullish; 1h: MACD bearish; 4h: RSI oversold (23.7)

[11:30:21] Cycle 1236
  💰 Current Price: $1988.98
  🎯 Signal: BUY (confidence: 0.20)
  📝 Reason: 5m: MACD bullish; 15m: MACD bullish; 1h: MACD bearish; 4h: RSI oversold (23.6)

[11:30:52] Cycle 1237
  💰 Current Price: $1987.97
  🎯 Signal: BUY (confidence: 0.20)
  📝 Reason: 5m: MACD bullish; 15m: MACD bullish; 1h: MACD bearish; 4h: RSI oversold (23.3)

[11:31:23] Cycle 1238
  💰 Current Price: $1987.84
  🎯 Signal: BUY (confidence: 0.20)
  📝 Reason: 5m: MACD bullish; 15m: MACD bullish; 1h: MACD bearish; 4h: RSI oversold (23.3)

[11:31:53] Cycle 1239
  💰 Current Price: $1988.17
  🎯 Signal: BUY (confidence: 0.20)
  📝 Reason: 5m: MACD bullish; 15m: MACD bullish; 1h: MACD bearish; 4h: RSI oversold (23.4)

[11:32:24] Cycle 1240
  💰 Current Price: $1988.54
  🎯 Signal: BUY (confidence: 0.20)
  📝 Reason: 5m: MACD bullish; 15m: MACD bullish; 1h: MACD bearish; 4h: RSI oversold (23.5)

[11:32:55] Cycle 1241
  💰 Current Price: $1987.54
  🎯 Signal: BUY (confidence: 0.20)
  📝 Reason: 5m: MACD bullish; 15m: MACD bullish; 1h: MACD bearish; 4h: RSI oversold (23.2)

[11:33:26] Cycle 1242
  💰 Current Price: $1987.54
  🎯 Signal: BUY (confidence: 0.20)
  📝 Reason: 5m: MACD bullish; 15m: MACD bullish; 1h: MACD bearish; 4h: RSI oversold (23.2)

[11:33:57] Cycle 1243
  💰 Current Price: $1987.54
  🎯 Signal: BUY (confidence: 0.20)
  📝 Reason: 5m: MACD bullish; 15m: MACD bullish; 1h: MACD bearish; 4h: RSI oversold (23.2)

[11:34:28] Cycle 1244
  💰 Current Price: $1987.54
  🎯 Signal: BUY (confidence: 0.20)
  📝 Reason: 5m: MACD bullish; 15m: MACD bullish; 1h: MACD bearish; 4h: RSI oversold (23.2)

[11:34:59] Cycle 1245
  💰 Current Price: $1987.54
  🎯 Signal: BUY (confidence: 0.20)
  📝 Reason: 5m: MACD bullish; 15m: MACD bullish; 1h: MACD bearish; 4h: RSI oversold (23.2)

[11:35:29] Cycle 1246
  💰 Current Price: $1987.54
  🎯 Signal: BUY (confidence: 0.20)
  📝 Reason: 5m: MACD bullish; 15m: MACD bullish; 1h: MACD bearish; 4h: RSI oversold (23.2)

[11:36:00] Cycle 1247
  💰 Current Price: $1987.77
  🎯 Signal: BUY (confidence: 0.20)
  📝 Reason: 5m: MACD bullish; 15m: MACD bullish; 1h: MACD bearish; 4h: RSI oversold (23.2)

[11:36:31] Cycle 1248
  💰 Current Price: $1987.78
  🎯 Signal: BUY (confidence: 0.20)
  📝 Reason: 5m: MACD bullish; 15m: MACD bullish; 1h: MACD bearish; 4h: RSI oversold (23.2)

[11:37:02] Cycle 1249
  💰 Current Price: $1987.78
  🎯 Signal: BUY (confidence: 0.20)
  📝 Reason: 5m: MACD bullish; 15m: MACD bullish; 1h: MACD bearish; 4h: RSI oversold (23.2)

[11:37:33] Cycle 1250
  💰 Current Price: $1988.18
  🎯 Signal: BUY (confidence: 0.20)
  📝 Reason: 5m: MACD bullish; 15m: MACD bullish; 1h: MACD bearish; 4h: RSI oversold (23.4)

[11:38:03] Cycle 1251
  💰 Current Price: $1987.78
  🎯 Signal: BUY (confidence: 0.20)
  📝 Reason: 5m: MACD bullish; 15m: MACD bullish; 1h: MACD bearish; 4h: RSI oversold (23.2)

[11:38:34] Cycle 1252
  💰 Current Price: $1987.77
  🎯 Signal: BUY (confidence: 0.20)
  📝 Reason: 5m: MACD bullish; 15m: MACD bullish; 1h: MACD bearish; 4h: RSI oversold (23.2)

[11:39:05] Cycle 1253
  💰 Current Price: $1987.78
  🎯 Signal: BUY (confidence: 0.20)
  📝 Reason: 5m: MACD bullish; 15m: MACD bullish; 1h: MACD bearish; 4h: RSI oversold (23.2)

[11:39:36] Cycle 1254
  💰 Current Price: $1987.78
  🎯 Signal: BUY (confidence: 0.20)
  📝 Reason: 5m: MACD bullish; 15m: MACD bullish; 1h: MACD bearish; 4h: RSI oversold (23.2)

[11:40:07] Cycle 1255
  💰 Current Price: $1987.77
  🎯 Signal: BUY (confidence: 0.20)
  📝 Reason: 5m: MACD bullish; 15m: MACD bullish; 1h: MACD bearish; 4h: RSI oversold (23.2)

[11:40:38] Cycle 1256
  💰 Current Price: $1987.78
  🎯 Signal: BUY (confidence: 0.20)
  📝 Reason: 5m: MACD bullish; 15m: MACD bullish; 1h: MACD bearish; 4h: RSI oversold (23.2)

[11:41:09] Cycle 1257
  💰 Current Price: $1987.78
  🎯 Signal: BUY (confidence: 0.20)
  📝 Reason: 5m: MACD bullish; 15m: MACD bullish; 1h: MACD bearish; 4h: RSI oversold (23.2)

[11:41:39] Cycle 1258
  💰 Current Price: $1987.78
  🎯 Signal: BUY (confidence: 0.20)
  📝 Reason: 5m: MACD bullish; 15m: MACD bullish; 1h: MACD bearish; 4h: RSI oversold (23.2)

[11:42:10] Cycle 1259
  💰 Current Price: $1987.78
  🎯 Signal: BUY (confidence: 0.20)
  📝 Reason: 5m: MACD bullish; 15m: MACD bullish; 1h: MACD bearish; 4h: RSI oversold (23.2)

[11:42:41] Cycle 1260
  💰 Current Price: $1987.78
  🎯 Signal: BUY (confidence: 0.20)
  📝 Reason: 5m: MACD bullish; 15m: MACD bullish; 1h: MACD bearish; 4h: RSI oversold (23.2)

[11:43:12] Cycle 1261
  💰 Current Price: $1987.77
  🎯 Signal: BUY (confidence: 0.20)
  📝 Reason: 5m: MACD bullish; 15m: MACD bullish; 1h: MACD bearish; 4h: RSI oversold (23.4)

[11:43:43] Cycle 1262
  💰 Current Price: $1988.15
  🎯 Signal: BUY (confidence: 0.20)
  📝 Reason: 5m: MACD bullish; 15m: MACD bullish; 1h: MACD bearish; 4h: RSI oversold (23.4)

[11:44:14] Cycle 1263
  💰 Current Price: $1988.15
  🎯 Signal: BUY (confidence: 0.20)
  📝 Reason: 5m: MACD bullish; 15m: MACD bullish; 1h: MACD bearish; 4h: RSI oversold (23.4)

[11:44:44] Cycle 1264
  💰 Current Price: $1988.15
  🎯 Signal: BUY (confidence: 0.20)
  📝 Reason: 5m: MACD bullish; 15m: MACD bullish; 1h: MACD bearish; 4h: RSI oversold (23.4)

[11:45:15] Cycle 1265
  💰 Current Price: $1988.56
  🎯 Signal: BUY (confidence: 0.20)
  📝 Reason: 5m: MACD bullish; 15m: MACD bullish; 1h: MACD bearish; 4h: RSI oversold (23.5)
  📝 Reason: 5m: MACD bullish; 15m: MACD bullish; 1h: MACD bearish; 4h: RSI oversold (23.2)

[11:42:41] Cycle 1265
  💰 Current Price: $1987.78
  🎯 Signal: BUY (confidence: 0.20)
  📝 Reason: 5m: MACD bullish; 15m: MACD bullish; 1h: MACD bearish; 4h: RSI oversold (23.2)

[11:43:12] Cycle 1266
  💰 Current Price: $1987.77
  🎯 Signal: BUY (confidence: 0.20)
  📝 Reason: 5m: MACD bullish; 15m: MACD bullish; 1h: MACD bearish; 4h: RSI oversold (23.4)

[11:43:43] Cycle 1267
  💰 Current Price: $1988.15
  🎯 Signal: BUY (confidence: 0.20)
  📝 Reason: 5m: MACD bullish; 15m: MACD bullish; 1h: MACD bearish; 4h: RSI oversold (23.4)

[11:44:14] Cycle 1268
  💰 Current Price: $1988.15
  🎯 Signal: BUY (confidence: 0.20)
  📝 Reason: 5m: MACD bullish; 15m: MACD bullish; 1h: MACD bearish; 4h: RSI oversold (23.4)

[11:44:44] Cycle 1269
  💰 Current Price: $1988.15
  🎯 Signal: BUY (confidence: 0.20)
  📝 Reason: 5m: MACD bullish; 15m: MACD bullish; 1h: MACD bearish; 4h: RSI oversold (23.4)

[11:45:16] Cycle 1270
  💰 Current Price: $1988.56
  🎯 Signal: BUY (confidence: 0.20)
  📝 Reason: 5m: MACD bullish; 15m: MACD bullish; 1h: MACD bearish; 4h: RSI oversold (23.5)

[11:45:46] Cycle 1271
  💰 Current Price: $1988.56
  🎯 Signal: BUY (confidence: 0.20)
  📝 Reason: 5m: MACD bullish; 15m: MACD bullish; 1h: MACD bearish; 4h: RSI oversold (23.5)

[11:46:17] Cycle 1272
  💰 Current Price: $1988.56
  🎯 Signal: BUY (confidence: 0.20)
  📝 Reason: 5m: MACD bullish; 15m: MACD bullish; 1h: MACD bearish; 4h: RSI oversold (23.5)

[11:46:48] Cycle 1273
  💰 Current Price: $1988.57
  🎯 Signal: BUY (confidence: 0.20)
  📝 Reason: 5m: MACD bullish; 15m: MACD bullish; 1h: MACD bearish; 4h: RSI oversold (23.5)

[11:47:19] Cycle 1274
  💰 Current Price: $1988.57
  🎯 Signal: BUY (confidence: 0.20)
  📝 Reason: 5m: MACD bullish; 15m: MACD bullish; 1h: MACD bearish; 4h: RSI oversold (23.5)

[11:47:50] Cycle 1275
  💰 Current Price: $1988.57
  🎯 Signal: BUY (confidence: 0.20)
  📝 Reason: 5m: MACD bullish; 15m: MACD bullish; 1h: MACD bearish; 4h: RSI oversold (23.5)

[11:48:21] Cycle 1276
  💰 Current Price: $1988.57
  🎯 Signal: BUY (confidence: 0.20)
  📝 Reason: 5m: MACD bullish; 15m: MACD bullish; 1h: MACD bearish; 4h: RSI oversold (23.5)

[11:48:52] Cycle 1277
  💰 Current Price: $1988.56
  🎯 Signal: BUY (confidence: 0.20)
  📝 Reason: 5m: MACD bullish; 15m: MACD bullish; 1h: MACD bearish; 4h: RSI oversold (23.5)

[11:49:22] Cycle 1278
  💰 Current Price: $1988.42
  🎯 Signal: BUY (confidence: 0.20)
  📝 Reason: 5m: MACD bullish; 15m: MACD bullish; 1h: MACD bearish; 4h: RSI oversold (23.4)

[11:49:53] Cycle 1279
  💰 Current Price: $1988.42
  🎯 Signal: BUY (confidence: 0.20)
  📝 Reason: 5m: MACD bullish; 15m: MACD bullish; 1h: MACD bearish; 4h: RSI oversold (23.4)

[11:50:24] Cycle 1280
  💰 Current Price: $1988.42
  🎯 Signal: BUY (confidence: 0.20)
  📝 Reason: 5m: MACD bullish; 15m: MACD bullish; 1h: MACD bearish; 4h: RSI oversold (23.4)

[11:50:55] Cycle 1281
  💰 Current Price: $1988.42
  🎯 Signal: BUY (confidence: 0.20)
  📝 Reason: 5m: MACD bullish; 15m: MACD bullish; 1h: MACD bearish; 4h: RSI oversold (23.4)

[11:51:26] Cycle 1282
  💰 Current Price: $1988.40
  🎯 Signal: BUY (confidence: 0.20)
  📝 Reason: 5m: MACD bullish; 15m: MACD bullish; 1h: MACD bearish; 4h: RSI oversold (23.4)

[11:51:56] Cycle 1283
  💰 Current Price: $1988.41
  🎯 Signal: BUY (confidence: 0.20)
  📝 Reason: 5m: MACD bullish; 15m: MACD bullish; 1h: MACD bearish; 4h: RSI oversold (23.4)

[11:52:27] Cycle 1284
  💰 Current Price: $1988.41
  🎯 Signal: BUY (confidence: 0.20)
  📝 Reason: 5m: MACD bullish; 15m: MACD bullish; 1h: MACD bearish; 4h: RSI oversold (23.7)

[11:52:58] Cycle 1285
  💰 Current Price: $1989.65
  🎯 Signal: BUY (confidence: 0.20)
  📝 Reason: 5m: MACD bullish; 15m: MACD bullish; 1h: MACD bearish; 4h: RSI oversold (23.8)

[11:53:29] Cycle 1286
  💰 Current Price: $1989.49
  🎯 Signal: BUY (confidence: 0.20)
  📝 Reason: 5m: MACD bullish; 15m: MACD bullish; 1h: MACD bearish; 4h: RSI oversold (23.8)

[11:54:00] Cycle 1287
  💰 Current Price: $1990.00
  🎯 Signal: BUY (confidence: 0.20)
  📝 Reason: 5m: MACD bullish; 15m: MACD bullish; 1h: MACD bearish; 4h: RSI oversold (23.9)

[11:54:30] Cycle 1288
  💰 Current Price: $1990.75
  🎯 Signal: BUY (confidence: 0.20)
  📝 Reason: 5m: MACD bullish; 15m: MACD bullish; 1h: MACD bearish; 4h: RSI oversold (24.2)

[11:55:01] Cycle 1289
  💰 Current Price: $1990.75
  🎯 Signal: BUY (confidence: 0.20)
  📝 Reason: 5m: MACD bullish; 15m: MACD bullish; 1h: MACD bearish; 4h: RSI oversold (24.2)

[11:55:32] Cycle 1290
  💰 Current Price: $1990.52
  🎯 Signal: BUY (confidence: 0.20)
  📝 Reason: 5m: MACD bullish; 15m: MACD bullish; 1h: MACD bearish; 4h: RSI oversold (24.1)

[11:56:03] Cycle 1291
  💰 Current Price: $1991.45
  🎯 Signal: BUY (confidence: 0.20)
  📝 Reason: 5m: MACD bullish; 15m: MACD bullish; 1h: MACD bearish; 4h: RSI oversold (24.4)

[11:56:34] Cycle 1292
  💰 Current Price: $1991.45
  🎯 Signal: BUY (confidence: 0.20)
  📝 Reason: 5m: MACD bullish; 15m: MACD bullish; 1h: MACD bearish; 4h: RSI oversold (24.4)

[11:57:05] Cycle 1293
  💰 Current Price: $1990.47
  🎯 Signal: BUY (confidence: 0.20)
  📝 Reason: 5m: MACD bullish; 15m: MACD bullish; 1h: MACD bearish; 4h: RSI oversold (24.1)

[11:57:36] Cycle 1294
  💰 Current Price: $1990.31
  🎯 Signal: BUY (confidence: 0.20)
  📝 Reason: 5m: MACD bullish; 15m: MACD bullish; 1h: MACD bearish; 4h: RSI oversold (24.0)

[11:58:06] Cycle 1295
  💰 Current Price: $1989.30
  🎯 Signal: BUY (confidence: 0.20)
  📝 Reason: 5m: MACD bullish; 15m: MACD bullish; 1h: MACD bearish; 4h: RSI oversold (23.7)

[11:58:37] Cycle 1296
  💰 Current Price: $1989.06
  🎯 Signal: BUY (confidence: 0.20)
  📝 Reason: 5m: MACD bullish; 15m: MACD bullish; 1h: MACD bearish; 4h: RSI oversold (23.6)

[11:59:08] Cycle 1297
  💰 Current Price: $1988.97
  🎯 Signal: BUY (confidence: 0.20)
  📝 Reason: 5m: MACD bullish; 15m: MACD bullish; 1h: MACD bearish; 4h: RSI oversold (23.6)

[11:59:39] Cycle 1298
  💰 Current Price: $1988.97
  🎯 Signal: BUY (confidence: 0.20)
  📝 Reason: 5m: MACD bullish; 15m: MACD bullish; 1h: MACD bearish; 4h: RSI oversold (23.5)

[12:00:09] Cycle 1299
  💰 Current Price: $1988.72
  🎯 Signal: HOLD (confidence: 0.10)
  📝 Reason: 5m: MACD bullish; 15m: MACD bullish; 1h: MACD bearish; 4h: RSI oversold (25.2)

[12:00:40] Cycle 1300
  💰 Current Price: $1989.21
  🎯 Signal: HOLD (confidence: 0.10)
  📝 Reason: 5m: MACD bullish; 15m: MACD bullish; 1h: MACD bearish; 4h: RSI oversold (25.3)

[12:01:11] Cycle 1301
  💰 Current Price: $1989.21
  🎯 Signal: HOLD (confidence: 0.10)
  📝 Reason: 5m: MACD bullish; 15m: MACD bullish; 1h: MACD bearish; 4h: RSI oversold (25.3)

[12:01:42] Cycle 1302
  💰 Current Price: $1989.01
  🎯 Signal: HOLD (confidence: 0.10)
  📝 Reason: 5m: MACD bullish; 15m: MACD bullish; 1h: MACD bearish; 4h: RSI oversold (25.2)

[12:02:13] Cycle 1303
  💰 Current Price: $1989.35
  🎯 Signal: HOLD (confidence: 0.10)
  📝 Reason: 5m: MACD bullish; 15m: MACD bullish; 1h: MACD bearish; 4h: RSI oversold (25.3)

[12:02:44] Cycle 1304
  💰 Current Price: $1989.16
  🎯 Signal: HOLD (confidence: 0.10)
  📝 Reason: 5m: MACD bullish; 15m: MACD bullish; 1h: MACD bearish; 4h: RSI oversold (25.3)

[12:03:15] Cycle 1305
  💰 Current Price: $1989.11
  🎯 Signal: HOLD (confidence: 0.10)
  📝 Reason: 5m: MACD bullish; 15m: MACD bullish; 1h: MACD bearish; 4h: RSI oversold (25.2)

[12:03:45] Cycle 1306
  💰 Current Price: $1989.09
  🎯 Signal: HOLD (confidence: 0.10)
  📝 Reason: 5m: MACD bullish; 15m: MACD bullish; 1h: MACD bearish; 4h: RSI oversold (25.2)

[12:04:17] Cycle 1307
  💰 Current Price: $1989.30
  🎯 Signal: HOLD (confidence: 0.10)
  📝 Reason: 5m: MACD bullish; 15m: MACD bullish; 1h: MACD bearish; 4h: RSI oversold (25.3)

[12:04:47] Cycle 1308
  💰 Current Price: $1990.65

[11:45:46] Cycle 1266
  💰 Current Price: $1988.56
  🎯 Signal: BUY (confidence: 0.20)
  📝 Reason: 5m: MACD bullish; 15m: MACD bullish; 1h: MACD bearish; 4h: RSI oversold (23.5)

[11:46:17] Cycle 1267
  💰 Current Price: $1988.56
  🎯 Signal: BUY (confidence: 0.20)
  📝 Reason: 5m: MACD bullish; 15m: MACD bullish; 1h: MACD bearish; 4h: RSI oversold (23.5)

[11:46:48] Cycle 1268
  💰 Current Price: $1988.57
  🎯 Signal: BUY (confidence: 0.20)
  📝 Reason: 5m: MACD bullish; 15m: MACD bullish; 1h: MACD bearish; 4h: RSI oversold (23.5)

[11:47:19] Cycle 1269
  💰 Current Price: $1988.57
  🎯 Signal: BUY (confidence: 0.20)
  📝 Reason: 5m: MACD bullish; 15m: MACD bullish; 1h: MACD bearish; 4h: RSI oversold (23.5)

[11:47:50] Cycle 1270
  💰 Current Price: $1988.57
  🎯 Signal: BUY (confidence: 0.20)
  📝 Reason: 5m: MACD bullish; 15m: MACD bullish; 1h: MACD bearish; 4h: RSI oversold (23.5)

[11:48:21] Cycle 1271
  💰 Current Price: $1988.57
  🎯 Signal: BUY (confidence: 0.20)
  📝 Reason: 5m: MACD bullish; 15m: MACD bullish; 1h: MACD bearish; 4h: RSI oversold (23.5)

[11:48:51] Cycle 1272
  💰 Current Price: $1988.56
  🎯 Signal: BUY (confidence: 0.20)
  📝 Reason: 5m: MACD bullish; 15m: MACD bullish; 1h: MACD bearish; 4h: RSI oversold (23.5)

[11:49:22] Cycle 1273
  💰 Current Price: $1988.42
  🎯 Signal: BUY (confidence: 0.20)
  📝 Reason: 5m: MACD bullish; 15m: MACD bullish; 1h: MACD bearish; 4h: RSI oversold (23.4)

[11:49:53] Cycle 1274
  💰 Current Price: $1988.42
  🎯 Signal: BUY (confidence: 0.20)
  📝 Reason: 5m: MACD bullish; 15m: MACD bullish; 1h: MACD bearish; 4h: RSI oversold (23.4)

[11:50:24] Cycle 1275
  💰 Current Price: $1988.42
  🎯 Signal: BUY (confidence: 0.20)
  📝 Reason: 5m: MACD bullish; 15m: MACD bullish; 1h: MACD bearish; 4h: RSI oversold (23.4)

[11:50:55] Cycle 1276
  💰 Current Price: $1988.42
  🎯 Signal: BUY (confidence: 0.20)
  📝 Reason: 5m: MACD bullish; 15m: MACD bullish; 1h: MACD bearish; 4h: RSI oversold (23.4)

[11:51:26] Cycle 1277
  💰 Current Price: $1988.40
  🎯 Signal: BUY (confidence: 0.20)
  📝 Reason: 5m: MACD bullish; 15m: MACD bullish; 1h: MACD bearish; 4h: RSI oversold (23.4)

[11:51:57] Cycle 1278
  💰 Current Price: $1988.41
  🎯 Signal: BUY (confidence: 0.20)
  📝 Reason: 5m: MACD bullish; 15m: MACD bullish; 1h: MACD bearish; 4h: RSI oversold (23.4)

[11:52:27] Cycle 1279
  💰 Current Price: $1988.41
  🎯 Signal: BUY (confidence: 0.20)
  📝 Reason: 5m: MACD bullish; 15m: MACD bullish; 1h: MACD bearish; 4h: RSI oversold (23.7)

[11:52:58] Cycle 1280
  💰 Current Price: $1989.65
  🎯 Signal: BUY (confidence: 0.20)
  📝 Reason: 5m: MACD bullish; 15m: MACD bullish; 1h: MACD bearish; 4h: RSI oversold (23.8)

[11:53:29] Cycle 1281
  💰 Current Price: $1989.49
  🎯 Signal: BUY (confidence: 0.20)
  📝 Reason: 5m: MACD bullish; 15m: MACD bullish; 1h: MACD bearish; 4h: RSI oversold (23.8)

[11:54:00] Cycle 1282
  💰 Current Price: $1990.00
  🎯 Signal: BUY (confidence: 0.20)
  📝 Reason: 5m: MACD bullish; 15m: MACD bullish; 1h: MACD bearish; 4h: RSI oversold (23.9)

[11:54:30] Cycle 1283
  💰 Current Price: $1990.75
  🎯 Signal: BUY (confidence: 0.20)
  📝 Reason: 5m: MACD bullish; 15m: MACD bullish; 1h: MACD bearish; 4h: RSI oversold (24.2)

[11:55:01] Cycle 1284
  💰 Current Price: $1990.75
  🎯 Signal: BUY (confidence: 0.20)
  📝 Reason: 5m: MACD bullish; 15m: MACD bullish; 1h: MACD bearish; 4h: RSI oversold (24.2)

[11:55:32] Cycle 1285
  💰 Current Price: $1990.52
  🎯 Signal: BUY (confidence: 0.20)
  📝 Reason: 5m: MACD bullish; 15m: MACD bullish; 1h: MACD bearish; 4h: RSI oversold (24.1)

[11:56:03] Cycle 1286
  💰 Current Price: $1991.45
  🎯 Signal: BUY (confidence: 0.20)
  📝 Reason: 5m: MACD bullish; 15m: MACD bullish; 1h: MACD bearish; 4h: RSI oversold (24.4)

[11:56:34] Cycle 1287
  💰 Current Price: $1991.45
  🎯 Signal: BUY (confidence: 0.20)
  📝 Reason: 5m: MACD bullish; 15m: MACD bullish; 1h: MACD bearish; 4h: RSI oversold (24.4)

[11:57:05] Cycle 1288
  💰 Current Price: $1990.47
  🎯 Signal: BUY (confidence: 0.20)
  📝 Reason: 5m: MACD bullish; 15m: MACD bullish; 1h: MACD bearish; 4h: RSI oversold (24.1)

[11:57:36] Cycle 1289
  💰 Current Price: $1990.31
  🎯 Signal: BUY (confidence: 0.20)
  📝 Reason: 5m: MACD bullish; 15m: MACD bullish; 1h: MACD bearish; 4h: RSI oversold (24.0)

[11:58:06] Cycle 1290
  💰 Current Price: $1989.30
  🎯 Signal: BUY (confidence: 0.20)
  📝 Reason: 5m: MACD bullish; 15m: MACD bullish; 1h: MACD bearish; 4h: RSI oversold (23.7)

[11:58:37] Cycle 1291
  💰 Current Price: $1989.06
  🎯 Signal: BUY (confidence: 0.20)
  📝 Reason: 5m: MACD bullish; 15m: MACD bullish; 1h: MACD bearish; 4h: RSI oversold (23.6)

[11:59:08] Cycle 1292
  💰 Current Price: $1988.97
  🎯 Signal: BUY (confidence: 0.20)
  📝 Reason: 5m: MACD bullish; 15m: MACD bullish; 1h: MACD bearish; 4h: RSI oversold (23.6)

[11:59:39] Cycle 1293
  💰 Current Price: $1988.97
  🎯 Signal: BUY (confidence: 0.20)
  📝 Reason: 5m: MACD bullish; 15m: MACD bullish; 1h: MACD bearish; 4h: RSI oversold (23.5)

[12:00:09] Cycle 1294
  💰 Current Price: $1988.72
  🎯 Signal: HOLD (confidence: 0.10)
  📝 Reason: 5m: MACD bullish; 15m: MACD bullish; 1h: MACD bearish; 4h: RSI oversold (25.2)

[12:00:40] Cycle 1295
  💰 Current Price: $1989.21
  🎯 Signal: HOLD (confidence: 0.10)
  📝 Reason: 5m: MACD bullish; 15m: MACD bullish; 1h: MACD bearish; 4h: RSI oversold (25.3)

[12:01:11] Cycle 1296
  💰 Current Price: $1989.21
  🎯 Signal: HOLD (confidence: 0.10)
  📝 Reason: 5m: MACD bullish; 15m: MACD bullish; 1h: MACD bearish; 4h: RSI oversold (25.3)

[12:01:42] Cycle 1297
  💰 Current Price: $1989.01
  🎯 Signal: HOLD (confidence: 0.10)
  📝 Reason: 5m: MACD bullish; 15m: MACD bullish; 1h: MACD bearish; 4h: RSI oversold (25.2)

[12:02:13] Cycle 1298
  💰 Current Price: $1989.35
  🎯 Signal: HOLD (confidence: 0.10)
  📝 Reason: 5m: MACD bullish; 15m: MACD bullish; 1h: MACD bearish; 4h: RSI oversold (25.3)

[12:02:44] Cycle 1299
  💰 Current Price: $1989.16
  🎯 Signal: HOLD (confidence: 0.10)
  📝 Reason: 5m: MACD bullish; 15m: MACD bullish; 1h: MACD bearish; 4h: RSI oversold (25.3)

[12:03:15] Cycle 1300
  💰 Current Price: $1989.11
  🎯 Signal: HOLD (confidence: 0.10)
  📝 Reason: 5m: MACD bullish; 15m: MACD bullish; 1h: MACD bearish; 4h: RSI oversold (25.2)

[12:03:46] Cycle 1301
  💰 Current Price: $1989.09
  🎯 Signal: HOLD (confidence: 0.10)
  📝 Reason: 5m: MACD bullish; 15m: MACD bullish; 1h: MACD bearish; 4h: RSI oversold (25.2)

[12:04:16] Cycle 1302
  💰 Current Price: $1989.30
  🎯 Signal: HOLD (confidence: 0.10)
  📝 Reason: 5m: MACD bullish; 15m: MACD bullish; 1h: MACD bearish; 4h: RSI oversold (25.3)

[12:04:47] Cycle 1303
  💰 Current Price: $1990.65
  🎯 Signal: HOLD (confidence: 0.10)
  📝 Reason: 5m: MACD bullish; 15m: MACD bullish; 1h: MACD bearish; 4h: RSI oversold (25.8)

[12:05:18] Cycle 1304
  💰 Current Price: $1991.26
  🎯 Signal: HOLD (confidence: 0.10)
  📝 Reason: 5m: MACD bullish; 15m: MACD bullish; 1h: MACD bearish; 4h: RSI oversold (25.9)

[12:05:49] Cycle 1305
  💰 Current Price: $1990.77
  🎯 Signal: HOLD (confidence: 0.10)
  📝 Reason: 5m: MACD bullish; 15m: MACD bullish; 1h: MACD bearish; 4h: RSI oversold (25.8)

[12:06:20] Cycle 1306
  💰 Current Price: $1988.38
  🎯 Signal: HOLD (confidence: 0.10)
  📝 Reason: 5m: MACD bullish; 15m: MACD bullish; 1h: MACD bearish; 4h: RSI oversold (25.1)

[12:06:51] Cycle 1307
  💰 Current Price: $1989.36
  🎯 Signal: HOLD (confidence: 0.10)
  📝 Reason: 5m: MACD bullish; 15m: MACD bullish; 1h: MACD bearish; 4h: RSI oversold (25.3)

[12:07:22] Cycle 1308
  💰 Current Price: $1989.63
  🎯 Signal: HOLD (confidence: 0.10)
  📝 Reason: 5m: MACD bullish; 15m: MACD bullish; 1h: MACD bearish; 4h: RSI oversold (25.4)

[12:07:53] Cycle 1309
  💰 Current Price: $1989.57
  🎯 Signal: HOLD (confidence: 0.10)
  🎯 Signal: HOLD (confidence: 0.10)
  📝 Reason: 5m: MACD bullish; 15m: MACD bullish; 1h: MACD bearish; 4h: RSI oversold (25.8)

[12:05:18] Cycle 1309
  💰 Current Price: $1991.26
  🎯 Signal: HOLD (confidence: 0.10)
  📝 Reason: 5m: MACD bullish; 15m: MACD bullish; 1h: MACD bearish; 4h: RSI oversold (25.9)

[12:05:49] Cycle 1310
  💰 Current Price: $1990.77
  🎯 Signal: HOLD (confidence: 0.10)
  📝 Reason: 5m: MACD bullish; 15m: MACD bullish; 1h: MACD bearish; 4h: RSI oversold (25.8)

[12:06:20] Cycle 1311
  💰 Current Price: $1988.38
  🎯 Signal: HOLD (confidence: 0.10)
  📝 Reason: 5m: MACD bullish; 15m: MACD bullish; 1h: MACD bearish; 4h: RSI oversold (25.1)

[12:06:51] Cycle 1312
  💰 Current Price: $1989.36
  🎯 Signal: HOLD (confidence: 0.10)
  📝 Reason: 5m: MACD bullish; 15m: MACD bullish; 1h: MACD bearish; 4h: RSI oversold (25.3)

[12:07:22] Cycle 1313
  💰 Current Price: $1989.63
  🎯 Signal: HOLD (confidence: 0.10)
  📝 Reason: 5m: MACD bullish; 15m: MACD bullish; 1h: MACD bearish; 4h: RSI oversold (25.4)

[12:07:52] Cycle 1314
  💰 Current Price: $1989.57
  🎯 Signal: HOLD (confidence: 0.10)
  📝 Reason: 5m: MACD bullish; 15m: MACD bullish; 1h: MACD bearish; 4h: RSI oversold (25.4)

[12:08:23] Cycle 1315
  💰 Current Price: $1988.47
  🎯 Signal: HOLD (confidence: 0.10)
  📝 Reason: 5m: MACD bullish; 15m: MACD bullish; 1h: MACD bearish; 4h: RSI oversold (25.1)

[12:08:54] Cycle 1316
  💰 Current Price: $1987.90
  🎯 Signal: HOLD (confidence: 0.10)
  📝 Reason: 5m: MACD bullish; 15m: MACD bullish; 1h: MACD bearish; 4h: RSI oversold (25.1)

[12:09:25] Cycle 1317
  💰 Current Price: $1987.76
  🎯 Signal: HOLD (confidence: 0.10)
  📝 Reason: 5m: MACD bullish; 15m: MACD bullish; 1h: MACD bearish; 4h: RSI oversold (25.1)

[12:09:56] Cycle 1318
  💰 Current Price: $1987.68
  🎯 Signal: HOLD (confidence: 0.10)
  📝 Reason: 5m: MACD bullish; 15m: MACD bullish; 1h: MACD bearish; 4h: RSI oversold (25.1)

[12:10:27] Cycle 1319
  💰 Current Price: $1987.85
  🎯 Signal: HOLD (confidence: 0.10)
  📝 Reason: 5m: MACD bullish; 15m: MACD bullish; 1h: MACD bearish; 4h: RSI oversold (25.1)

[12:10:58] Cycle 1320
  💰 Current Price: $1987.70
  🎯 Signal: HOLD (confidence: 0.10)
  📝 Reason: 5m: MACD bullish; 15m: MACD bullish; 1h: MACD bearish; 4h: RSI oversold (25.1)

[12:11:28] Cycle 1321
  💰 Current Price: $1987.53
  🎯 Signal: HOLD (confidence: 0.10)
  📝 Reason: 5m: MACD bullish; 15m: MACD bullish; 1h: MACD bearish; 4h: RSI oversold (25.0)

[12:11:59] Cycle 1322
  💰 Current Price: $1987.04
  🎯 Signal: HOLD (confidence: 0.10)
  📝 Reason: 5m: MACD bullish; 15m: MACD bullish; 1h: MACD bearish; 4h: RSI oversold (25.0)

[12:12:30] Cycle 1323
  💰 Current Price: $1987.52
  🎯 Signal: HOLD (confidence: 0.10)
  📝 Reason: 5m: MACD bullish; 15m: MACD bullish; 1h: MACD bearish; 4h: RSI oversold (25.0)

[12:13:01] Cycle 1324
  💰 Current Price: $1987.60
  🎯 Signal: HOLD (confidence: 0.10)
  📝 Reason: 5m: MACD bullish; 15m: MACD bullish; 1h: MACD bearish; 4h: RSI oversold (25.1)

[12:13:32] Cycle 1325
  💰 Current Price: $1987.92
  🎯 Signal: HOLD (confidence: 0.10)
  📝 Reason: 5m: MACD bullish; 15m: MACD bullish; 1h: MACD bearish; 4h: RSI oversold (25.1)

[12:14:02] Cycle 1326
  💰 Current Price: $1987.78
  🎯 Signal: HOLD (confidence: 0.10)
  📝 Reason: 5m: MACD bullish; 15m: MACD bullish; 1h: MACD bearish; 4h: RSI oversold (25.1)

[12:14:33] Cycle 1327
  💰 Current Price: $1987.71
  🎯 Signal: HOLD (confidence: 0.10)
  📝 Reason: 5m: MACD bullish; 15m: MACD bullish; 1h: MACD bearish; 4h: RSI oversold (25.1)

[12:15:04] Cycle 1328
  💰 Current Price: $1987.71
  🎯 Signal: HOLD (confidence: 0.10)
  📝 Reason: 5m: MACD bullish; 15m: MACD bullish; 1h: MACD bearish; 4h: RSI oversold (25.1)

[12:15:35] Cycle 1329
  💰 Current Price: $1987.78
  🎯 Signal: HOLD (confidence: 0.10)
  📝 Reason: 5m: MACD bullish; 15m: MACD bullish; 1h: MACD bearish; 4h: RSI oversold (25.1)

[12:16:06] Cycle 1330
  💰 Current Price: $1987.78
  🎯 Signal: HOLD (confidence: 0.10)
  📝 Reason: 5m: MACD bullish; 15m: MACD bullish; 1h: MACD bearish; 4h: RSI oversold (25.1)

[12:16:37] Cycle 1331
  💰 Current Price: $1987.55
  🎯 Signal: HOLD (confidence: 0.10)
  📝 Reason: 5m: MACD bullish; 15m: MACD bullish; 1h: MACD bearish; 4h: RSI oversold (25.0)

[12:17:07] Cycle 1332
  💰 Current Price: $1987.76
  🎯 Signal: HOLD (confidence: 0.10)
  📝 Reason: 5m: MACD bullish; 15m: MACD bullish; 1h: MACD bearish; 4h: RSI oversold (25.1)

[12:17:38] Cycle 1333
  💰 Current Price: $1988.00
  🎯 Signal: HOLD (confidence: 0.10)
  📝 Reason: 5m: MACD bullish; 15m: MACD bullish; 1h: MACD bearish; 4h: RSI oversold (25.1)

[12:18:09] Cycle 1334
  💰 Current Price: $1987.99
  🎯 Signal: HOLD (confidence: 0.10)
  📝 Reason: 5m: MACD bullish; 15m: MACD bullish; 1h: MACD bearish; 4h: RSI oversold (25.1)

[12:18:40] Cycle 1335
  💰 Current Price: $1989.08
  🎯 Signal: HOLD (confidence: 0.10)
  📝 Reason: 5m: MACD bullish; 15m: MACD bullish; 1h: MACD bearish; 4h: RSI oversold (25.2)

[12:19:11] Cycle 1336
  💰 Current Price: $1989.02
  🎯 Signal: HOLD (confidence: 0.10)
  📝 Reason: 5m: MACD bullish; 15m: MACD bullish; 1h: MACD bearish; 4h: RSI oversold (25.2)

[12:19:41] Cycle 1337
  💰 Current Price: $1989.09
  🎯 Signal: HOLD (confidence: 0.10)
  📝 Reason: 5m: MACD bullish; 15m: MACD bullish; 1h: MACD bearish; 4h: RSI oversold (25.2)

[12:20:12] Cycle 1338
  💰 Current Price: $1988.73
  🎯 Signal: BUY (confidence: 0.20)
  📝 Reason: 5m: RSI oversold (33.9); 5m: MACD bullish; 15m: MACD bullish; 1h: MACD bearish

[12:20:43] Cycle 1339
  💰 Current Price: $1988.73
  🎯 Signal: BUY (confidence: 0.20)
  📝 Reason: 5m: RSI oversold (33.9); 5m: MACD bullish; 15m: MACD bullish; 1h: MACD bearish

[12:21:14] Cycle 1340
  💰 Current Price: $1989.55
  🎯 Signal: HOLD (confidence: 0.10)
  📝 Reason: 5m: MACD bullish; 15m: MACD bullish; 1h: MACD bearish; 4h: RSI oversold (25.4)

[12:21:45] Cycle 1341
  💰 Current Price: $1989.35
  🎯 Signal: HOLD (confidence: 0.10)
  📝 Reason: 5m: MACD bullish; 15m: MACD bullish; 1h: MACD bearish; 4h: RSI oversold (25.4)

[12:22:15] Cycle 1342
  💰 Current Price: $1989.29
  🎯 Signal: HOLD (confidence: 0.10)
  📝 Reason: 5m: MACD bullish; 15m: MACD bullish; 1h: MACD bearish; 4h: RSI oversold (25.3)

[12:22:46] Cycle 1343
  💰 Current Price: $1988.48
  🎯 Signal: BUY (confidence: 0.20)
  📝 Reason: 5m: RSI oversold (33.5); 5m: MACD bullish; 15m: MACD bullish; 1h: MACD bearish

[12:23:17] Cycle 1344
  💰 Current Price: $1988.62
  🎯 Signal: BUY (confidence: 0.20)
  📝 Reason: 5m: RSI oversold (33.7); 5m: MACD bullish; 15m: MACD bullish; 1h: MACD bearish

[12:23:48] Cycle 1345
  💰 Current Price: $1988.62
  🎯 Signal: BUY (confidence: 0.20)
  📝 Reason: 5m: RSI oversold (33.7); 5m: MACD bullish; 15m: MACD bullish; 1h: MACD bearish

[12:24:19] Cycle 1346
  💰 Current Price: $1989.16
  🎯 Signal: HOLD (confidence: 0.10)
  📝 Reason: 5m: MACD bullish; 15m: MACD bullish; 1h: MACD bearish; 4h: RSI oversold (25.3)

[12:24:50] Cycle 1347
  💰 Current Price: $1989.07
  🎯 Signal: HOLD (confidence: 0.10)
  📝 Reason: 5m: MACD bullish; 15m: MACD bullish; 1h: MACD bearish; 4h: RSI oversold (25.2)

[12:25:21] Cycle 1348
  💰 Current Price: $1989.29
  🎯 Signal: HOLD (confidence: 0.10)
  📝 Reason: 5m: MACD bullish; 15m: MACD bullish; 1h: MACD bearish; 4h: RSI oversold (25.3)

[12:25:51] Cycle 1349
  💰 Current Price: $1989.73
  🎯 Signal: HOLD (confidence: 0.10)
  📝 Reason: 5m: MACD bullish; 15m: MACD bullish; 1h: MACD bearish; 4h: RSI oversold (25.4)

[12:26:22] Cycle 1350
  💰 Current Price: $1989.64
  🎯 Signal: HOLD (confidence: 0.10)
  📝 Reason: 5m: MACD bullish; 15m: MACD bullish; 1h: MACD bearish; 4h: RSI oversold (25.4)

[12:26:53] Cycle 1351
  💰 Current Price: $1988.79
  🎯 Signal: HOLD (confidence: 0.10)
  📝 Reason: 5m: MACD bullish; 15m: MACD bullish; 1h: MACD bearish; 4h: RSI oversold (25.2)

[12:27:24] Cycle 1352
  📝 Reason: 5m: MACD bullish; 15m: MACD bullish; 1h: MACD bearish; 4h: RSI oversold (25.4)

[12:08:23] Cycle 1310
  💰 Current Price: $1988.47
  🎯 Signal: HOLD (confidence: 0.10)
  📝 Reason: 5m: MACD bullish; 15m: MACD bullish; 1h: MACD bearish; 4h: RSI oversold (25.1)

[12:08:54] Cycle 1311
  💰 Current Price: $1987.90
  🎯 Signal: HOLD (confidence: 0.10)
  📝 Reason: 5m: MACD bullish; 15m: MACD bullish; 1h: MACD bearish; 4h: RSI oversold (25.1)

[12:09:25] Cycle 1312
  💰 Current Price: $1987.76
  🎯 Signal: HOLD (confidence: 0.10)
  📝 Reason: 5m: MACD bullish; 15m: MACD bullish; 1h: MACD bearish; 4h: RSI oversold (25.1)

[12:09:56] Cycle 1313
  💰 Current Price: $1987.68
  🎯 Signal: HOLD (confidence: 0.10)
  📝 Reason: 5m: MACD bullish; 15m: MACD bullish; 1h: MACD bearish; 4h: RSI oversold (25.1)

[12:10:27] Cycle 1314
  💰 Current Price: $1987.85
  🎯 Signal: HOLD (confidence: 0.10)
  📝 Reason: 5m: MACD bullish; 15m: MACD bullish; 1h: MACD bearish; 4h: RSI oversold (25.1)

[12:10:58] Cycle 1315
  💰 Current Price: $1987.70
  🎯 Signal: HOLD (confidence: 0.10)
  📝 Reason: 5m: MACD bullish; 15m: MACD bullish; 1h: MACD bearish; 4h: RSI oversold (25.1)

[12:11:28] Cycle 1316
  💰 Current Price: $1987.53
  🎯 Signal: HOLD (confidence: 0.10)
  📝 Reason: 5m: MACD bullish; 15m: MACD bullish; 1h: MACD bearish; 4h: RSI oversold (25.0)

[12:11:59] Cycle 1317
  💰 Current Price: $1987.04
  🎯 Signal: HOLD (confidence: 0.10)
  📝 Reason: 5m: MACD bullish; 15m: MACD bullish; 1h: MACD bearish; 4h: RSI oversold (25.0)

[12:12:30] Cycle 1318
  💰 Current Price: $1987.52
  🎯 Signal: HOLD (confidence: 0.10)
  📝 Reason: 5m: MACD bullish; 15m: MACD bullish; 1h: MACD bearish; 4h: RSI oversold (25.0)

[12:13:01] Cycle 1319
  💰 Current Price: $1987.60
  🎯 Signal: HOLD (confidence: 0.10)
  📝 Reason: 5m: MACD bullish; 15m: MACD bullish; 1h: MACD bearish; 4h: RSI oversold (25.1)

[12:13:32] Cycle 1320
  💰 Current Price: $1987.92
  🎯 Signal: HOLD (confidence: 0.10)
  📝 Reason: 5m: MACD bullish; 15m: MACD bullish; 1h: MACD bearish; 4h: RSI oversold (25.1)

[12:14:03] Cycle 1321
  💰 Current Price: $1987.78
  🎯 Signal: HOLD (confidence: 0.10)
  📝 Reason: 5m: MACD bullish; 15m: MACD bullish; 1h: MACD bearish; 4h: RSI oversold (25.1)

[12:14:33] Cycle 1322
  💰 Current Price: $1987.71
  🎯 Signal: HOLD (confidence: 0.10)
  📝 Reason: 5m: MACD bullish; 15m: MACD bullish; 1h: MACD bearish; 4h: RSI oversold (25.1)

[12:15:04] Cycle 1323
  💰 Current Price: $1987.71
  🎯 Signal: HOLD (confidence: 0.10)
  📝 Reason: 5m: MACD bullish; 15m: MACD bullish; 1h: MACD bearish; 4h: RSI oversold (25.1)

[12:15:35] Cycle 1324
  💰 Current Price: $1987.78
  🎯 Signal: HOLD (confidence: 0.10)
  📝 Reason: 5m: MACD bullish; 15m: MACD bullish; 1h: MACD bearish; 4h: RSI oversold (25.1)

[12:16:06] Cycle 1325
  💰 Current Price: $1987.78
  🎯 Signal: HOLD (confidence: 0.10)
  📝 Reason: 5m: MACD bullish; 15m: MACD bullish; 1h: MACD bearish; 4h: RSI oversold (25.1)

[12:16:37] Cycle 1326
  💰 Current Price: $1987.55
  🎯 Signal: HOLD (confidence: 0.10)
  📝 Reason: 5m: MACD bullish; 15m: MACD bullish; 1h: MACD bearish; 4h: RSI oversold (25.0)

[12:17:07] Cycle 1327
  💰 Current Price: $1987.76
  🎯 Signal: HOLD (confidence: 0.10)
  📝 Reason: 5m: MACD bullish; 15m: MACD bullish; 1h: MACD bearish; 4h: RSI oversold (25.1)

[12:17:38] Cycle 1328
  💰 Current Price: $1988.00
  🎯 Signal: HOLD (confidence: 0.10)
  📝 Reason: 5m: MACD bullish; 15m: MACD bullish; 1h: MACD bearish; 4h: RSI oversold (25.1)

[12:18:09] Cycle 1329
  💰 Current Price: $1987.99
  🎯 Signal: HOLD (confidence: 0.10)
  📝 Reason: 5m: MACD bullish; 15m: MACD bullish; 1h: MACD bearish; 4h: RSI oversold (25.1)

[12:18:40] Cycle 1330
  💰 Current Price: $1989.08
  🎯 Signal: HOLD (confidence: 0.10)
  📝 Reason: 5m: MACD bullish; 15m: MACD bullish; 1h: MACD bearish; 4h: RSI oversold (25.2)

[12:19:11] Cycle 1331
  💰 Current Price: $1989.02
  🎯 Signal: HOLD (confidence: 0.10)
  📝 Reason: 5m: MACD bullish; 15m: MACD bullish; 1h: MACD bearish; 4h: RSI oversold (25.2)

[12:19:41] Cycle 1332
  💰 Current Price: $1989.09
  🎯 Signal: HOLD (confidence: 0.10)
  📝 Reason: 5m: MACD bullish; 15m: MACD bullish; 1h: MACD bearish; 4h: RSI oversold (25.2)

[12:20:12] Cycle 1333
  💰 Current Price: $1988.73
  🎯 Signal: BUY (confidence: 0.20)
  📝 Reason: 5m: RSI oversold (33.9); 5m: MACD bullish; 15m: MACD bullish; 1h: MACD bearish

[12:20:43] Cycle 1334
  💰 Current Price: $1988.73
  🎯 Signal: BUY (confidence: 0.20)
  📝 Reason: 5m: RSI oversold (33.9); 5m: MACD bullish; 15m: MACD bullish; 1h: MACD bearish

[12:21:14] Cycle 1335
  💰 Current Price: $1989.55
  🎯 Signal: HOLD (confidence: 0.10)
  📝 Reason: 5m: MACD bullish; 15m: MACD bullish; 1h: MACD bearish; 4h: RSI oversold (25.4)

[12:21:45] Cycle 1336
  💰 Current Price: $1989.35
  🎯 Signal: HOLD (confidence: 0.10)
  📝 Reason: 5m: MACD bullish; 15m: MACD bullish; 1h: MACD bearish; 4h: RSI oversold (25.4)

[12:22:16] Cycle 1337
  💰 Current Price: $1989.29
  🎯 Signal: HOLD (confidence: 0.10)
  📝 Reason: 5m: MACD bullish; 15m: MACD bullish; 1h: MACD bearish; 4h: RSI oversold (25.3)

[12:22:46] Cycle 1338
  💰 Current Price: $1988.48
  🎯 Signal: BUY (confidence: 0.20)
  📝 Reason: 5m: RSI oversold (33.5); 5m: MACD bullish; 15m: MACD bullish; 1h: MACD bearish

[12:23:17] Cycle 1339
  💰 Current Price: $1988.62
  🎯 Signal: BUY (confidence: 0.20)
  📝 Reason: 5m: RSI oversold (33.7); 5m: MACD bullish; 15m: MACD bullish; 1h: MACD bearish

[12:23:48] Cycle 1340
  💰 Current Price: $1988.62
  🎯 Signal: BUY (confidence: 0.20)
  📝 Reason: 5m: RSI oversold (33.7); 5m: MACD bullish; 15m: MACD bullish; 1h: MACD bearish

[12:24:19] Cycle 1341
  💰 Current Price: $1989.16
  🎯 Signal: HOLD (confidence: 0.10)
  📝 Reason: 5m: MACD bullish; 15m: MACD bullish; 1h: MACD bearish; 4h: RSI oversold (25.3)

[12:24:50] Cycle 1342
  💰 Current Price: $1989.07
  🎯 Signal: HOLD (confidence: 0.10)
  📝 Reason: 5m: MACD bullish; 15m: MACD bullish; 1h: MACD bearish; 4h: RSI oversold (25.2)

[12:25:20] Cycle 1343
  💰 Current Price: $1989.29
  🎯 Signal: HOLD (confidence: 0.10)
  📝 Reason: 5m: MACD bullish; 15m: MACD bullish; 1h: MACD bearish; 4h: RSI oversold (25.3)

[12:25:51] Cycle 1344
  💰 Current Price: $1989.73
  🎯 Signal: HOLD (confidence: 0.10)
  📝 Reason: 5m: MACD bullish; 15m: MACD bullish; 1h: MACD bearish; 4h: RSI oversold (25.4)

[12:26:22] Cycle 1345
  💰 Current Price: $1989.64
  🎯 Signal: HOLD (confidence: 0.10)
  📝 Reason: 5m: MACD bullish; 15m: MACD bullish; 1h: MACD bearish; 4h: RSI oversold (25.4)

[12:26:53] Cycle 1346
  💰 Current Price: $1988.79
  🎯 Signal: HOLD (confidence: 0.10)
  📝 Reason: 5m: MACD bullish; 15m: MACD bullish; 1h: MACD bearish; 4h: RSI oversold (25.2)

[12:27:24] Cycle 1347
  💰 Current Price: $1988.51
  🎯 Signal: HOLD (confidence: 0.10)
  📝 Reason: 5m: MACD bullish; 15m: MACD bullish; 1h: MACD bearish; 4h: RSI oversold (25.2)

[12:27:55] Cycle 1348
  💰 Current Price: $1988.58
  🎯 Signal: HOLD (confidence: 0.10)
  📝 Reason: 5m: MACD bullish; 15m: MACD bullish; 1h: MACD bearish; 4h: RSI oversold (25.2)

[12:28:26] Cycle 1349
  💰 Current Price: $1987.13
  🎯 Signal: HOLD (confidence: 0.10)
  📝 Reason: 5m: MACD bullish; 15m: MACD bullish; 1h: MACD bearish; 4h: RSI oversold (25.0)

[12:28:57] Cycle 1350
  💰 Current Price: $1987.34
  🎯 Signal: HOLD (confidence: 0.10)
  📝 Reason: 5m: MACD bullish; 15m: MACD bullish; 1h: MACD bearish; 4h: RSI oversold (25.0)

[12:29:27] Cycle 1351
  💰 Current Price: $1987.09
  🎯 Signal: HOLD (confidence: 0.10)
  📝 Reason: 5m: MACD bullish; 15m: MACD bullish; 1h: MACD bearish; 4h: RSI oversold (25.0)

[12:29:58] Cycle 1352
  💰 Current Price: $1987.09
  🎯 Signal: HOLD (confidence: 0.10)
  📝 Reason: 5m: MACD bullish; 15m: MACD bullish; 1h: MACD bearish; 4h: RSI oversold (25.0)

[12:30:29] Cycle 1353
  💰 Current Price: $1988.15
  💰 Current Price: $1988.51
  🎯 Signal: HOLD (confidence: 0.10)
  📝 Reason: 5m: MACD bullish; 15m: MACD bullish; 1h: MACD bearish; 4h: RSI oversold (25.2)

[12:27:55] Cycle 1353
  💰 Current Price: $1988.58
  🎯 Signal: HOLD (confidence: 0.10)
  📝 Reason: 5m: MACD bullish; 15m: MACD bullish; 1h: MACD bearish; 4h: RSI oversold (25.2)

[12:28:26] Cycle 1354
  💰 Current Price: $1987.13
  🎯 Signal: HOLD (confidence: 0.10)
  📝 Reason: 5m: MACD bullish; 15m: MACD bullish; 1h: MACD bearish; 4h: RSI oversold (25.0)

[12:28:57] Cycle 1355
  💰 Current Price: $1987.34
  🎯 Signal: HOLD (confidence: 0.10)
  📝 Reason: 5m: MACD bullish; 15m: MACD bullish; 1h: MACD bearish; 4h: RSI oversold (25.0)

[12:29:27] Cycle 1356
  💰 Current Price: $1987.09
  🎯 Signal: HOLD (confidence: 0.10)
  📝 Reason: 5m: MACD bullish; 15m: MACD bullish; 1h: MACD bearish; 4h: RSI oversold (25.0)

[12:29:58] Cycle 1357
  💰 Current Price: $1987.09
  🎯 Signal: HOLD (confidence: 0.10)
  📝 Reason: 5m: MACD bullish; 15m: MACD bullish; 1h: MACD bearish; 4h: RSI oversold (25.0)

[12:30:29] Cycle 1358
  💰 Current Price: $1988.15
  🎯 Signal: HOLD (confidence: 0.10)
  📝 Reason: 5m: MACD bullish; 15m: MACD bullish; 1h: MACD bearish; 4h: RSI oversold (25.1)

[12:31:00] Cycle 1359
  💰 Current Price: $1988.15
  🎯 Signal: HOLD (confidence: 0.10)
  📝 Reason: 5m: MACD bullish; 15m: MACD bullish; 1h: MACD bearish; 4h: RSI oversold (25.1)

[12:31:30] Cycle 1360
  💰 Current Price: $1987.45
  🎯 Signal: HOLD (confidence: 0.10)
  📝 Reason: 5m: MACD bullish; 15m: MACD bullish; 1h: MACD bearish; 4h: RSI oversold (25.0)

[12:32:01] Cycle 1361
  💰 Current Price: $1987.01
  🎯 Signal: HOLD (confidence: 0.10)
  📝 Reason: 5m: MACD bullish; 15m: MACD bullish; 1h: MACD bearish; 4h: RSI oversold (25.0)

[12:32:32] Cycle 1362
  💰 Current Price: $1987.01
  🎯 Signal: HOLD (confidence: 0.10)
  📝 Reason: 5m: MACD bullish; 15m: MACD bullish; 1h: MACD bearish; 4h: RSI oversold (25.0)

[12:33:03] Cycle 1363
  💰 Current Price: $1987.01
  🎯 Signal: HOLD (confidence: 0.10)
  📝 Reason: 5m: MACD bullish; 15m: MACD bullish; 1h: MACD bearish; 4h: RSI oversold (25.0)

[12:33:34] Cycle 1364
  💰 Current Price: $1987.24
  🎯 Signal: HOLD (confidence: 0.10)
  📝 Reason: 5m: MACD bullish; 15m: MACD bullish; 1h: MACD bearish; 4h: RSI oversold (25.0)

[12:34:04] Cycle 1365
  💰 Current Price: $1987.40
  🎯 Signal: HOLD (confidence: 0.10)
  📝 Reason: 5m: MACD bullish; 15m: MACD bullish; 1h: MACD bearish; 4h: RSI oversold (25.0)

[12:34:35] Cycle 1366
  💰 Current Price: $1987.00
  🎯 Signal: HOLD (confidence: 0.10)
  📝 Reason: 5m: MACD bullish; 15m: MACD bullish; 1h: MACD bearish; 4h: RSI oversold (25.0)

[12:35:06] Cycle 1367
  💰 Current Price: $1986.71
  🎯 Signal: HOLD (confidence: 0.10)
  📝 Reason: 5m: MACD bullish; 15m: MACD bullish; 1h: MACD bearish; 4h: RSI oversold (24.9)

[12:35:37] Cycle 1368
  💰 Current Price: $1986.73
  🎯 Signal: HOLD (confidence: 0.10)
  📝 Reason: 5m: MACD bullish; 15m: MACD bullish; 1h: MACD bearish; 4h: RSI oversold (25.0)

[12:36:08] Cycle 1369
  💰 Current Price: $1986.50
  🎯 Signal: HOLD (confidence: 0.10)
  📝 Reason: 5m: MACD bullish; 15m: MACD bullish; 1h: MACD bearish; 4h: RSI oversold (24.9)

[12:36:39] Cycle 1370
  💰 Current Price: $1986.50
  🎯 Signal: HOLD (confidence: 0.10)
  📝 Reason: 5m: MACD bullish; 15m: MACD bullish; 1h: MACD bearish; 4h: RSI oversold (24.9)

[12:37:09] Cycle 1371
  💰 Current Price: $1986.50
  🎯 Signal: HOLD (confidence: 0.10)
  📝 Reason: 5m: MACD bullish; 15m: MACD bullish; 1h: MACD bearish; 4h: RSI oversold (24.9)

[12:37:40] Cycle 1372
  💰 Current Price: $1986.50
  🎯 Signal: HOLD (confidence: 0.10)
  📝 Reason: 5m: MACD bullish; 15m: MACD bullish; 1h: MACD bearish; 4h: RSI oversold (24.9)

[12:38:11] Cycle 1373
  💰 Current Price: $1986.50
  🎯 Signal: HOLD (confidence: 0.10)
  📝 Reason: 5m: MACD bullish; 15m: MACD bullish; 1h: MACD bearish; 4h: RSI oversold (24.9)

[12:38:42] Cycle 1374
  💰 Current Price: $1986.28
  🎯 Signal: HOLD (confidence: 0.10)
  📝 Reason: 5m: MACD bullish; 15m: MACD bullish; 1h: MACD bearish; 4h: RSI oversold (24.8)

[12:39:13] Cycle 1375
  💰 Current Price: $1985.57
  🎯 Signal: HOLD (confidence: 0.10)
  📝 Reason: 5m: MACD bullish; 15m: MACD bullish; 1h: MACD bearish; 4h: RSI oversold (24.9)

[12:39:44] Cycle 1376
  💰 Current Price: $1985.89
  🎯 Signal: HOLD (confidence: 0.10)
  📝 Reason: 5m: MACD bullish; 15m: MACD bullish; 1h: MACD bearish; 4h: RSI oversold (24.9)

[12:40:14] Cycle 1377
  💰 Current Price: $1985.90
  🎯 Signal: HOLD (confidence: 0.00)
  📝 Reason: 5m: MACD bearish; 15m: MACD bullish; 1h: MACD bearish; 4h: RSI oversold (24.9)

[12:40:45] Cycle 1378
  💰 Current Price: $1985.61
  🎯 Signal: HOLD (confidence: 0.00)
  📝 Reason: 5m: MACD bearish; 15m: MACD bullish; 1h: MACD bearish; 4h: RSI oversold (24.8)

[12:41:16] Cycle 1379
  💰 Current Price: $1985.55
  🎯 Signal: HOLD (confidence: 0.00)
  📝 Reason: 5m: MACD bearish; 15m: MACD bullish; 1h: MACD bearish; 4h: RSI oversold (24.8)

[12:41:47] Cycle 1380
  💰 Current Price: $1985.00
  🎯 Signal: HOLD (confidence: 0.00)
  📝 Reason: 5m: MACD bearish; 15m: MACD bullish; 1h: MACD bearish; 4h: RSI oversold (24.8)

[12:42:18] Cycle 1381
  💰 Current Price: $1985.01
  🎯 Signal: HOLD (confidence: 0.00)
  📝 Reason: 5m: MACD bearish; 15m: MACD bullish; 1h: MACD bearish; 4h: RSI oversold (24.8)

[12:42:49] Cycle 1382
  💰 Current Price: $1984.60
  🎯 Signal: HOLD (confidence: 0.00)
  📝 Reason: 5m: MACD bearish; 15m: MACD bullish; 1h: MACD bearish; 4h: RSI oversold (24.7)

[12:43:20] Cycle 1383
  💰 Current Price: $1983.94
  🎯 Signal: HOLD (confidence: 0.00)
  📝 Reason: 5m: MACD bearish; 15m: MACD bullish; 1h: MACD bearish; 4h: RSI oversold (24.7)

[12:43:51] Cycle 1384
  💰 Current Price: $1983.57
  🎯 Signal: HOLD (confidence: 0.00)
  📝 Reason: 5m: MACD bearish; 15m: MACD bullish; 1h: MACD bearish; 4h: RSI oversold (24.6)

[12:44:21] Cycle 1385
  💰 Current Price: $1983.63
  🎯 Signal: HOLD (confidence: 0.00)
  📝 Reason: 5m: MACD bearish; 15m: MACD bullish; 1h: MACD bearish; 4h: RSI oversold (24.6)

[12:44:52] Cycle 1386
  💰 Current Price: $1983.63
  🎯 Signal: HOLD (confidence: 0.00)
  📝 Reason: 5m: MACD bearish; 15m: MACD bullish; 1h: MACD bearish; 4h: RSI oversold (24.6)

[12:45:23] Cycle 1387
  💰 Current Price: $1983.79
  🎯 Signal: HOLD (confidence: 0.00)
  📝 Reason: 5m: MACD bearish; 15m: MACD bullish; 1h: MACD bearish; 4h: RSI oversold (24.7)

[12:45:54] Cycle 1388
  💰 Current Price: $1984.73
  🎯 Signal: HOLD (confidence: 0.00)
  📝 Reason: 5m: MACD bearish; 15m: MACD bullish; 1h: MACD bearish; 4h: RSI oversold (24.8)

[12:46:24] Cycle 1389
  💰 Current Price: $1984.74
  🎯 Signal: HOLD (confidence: 0.00)
  📝 Reason: 5m: MACD bearish; 15m: MACD bullish; 1h: MACD bearish; 4h: RSI oversold (24.8)

[12:46:55] Cycle 1390
  💰 Current Price: $1985.12
  🎯 Signal: HOLD (confidence: 0.00)
  📝 Reason: 5m: MACD bearish; 15m: MACD bullish; 1h: MACD bearish; 4h: RSI oversold (24.8)

[12:47:26] Cycle 1391
  💰 Current Price: $1983.73
  🎯 Signal: HOLD (confidence: 0.00)
  📝 Reason: 5m: MACD bearish; 15m: MACD bullish; 1h: MACD bearish; 4h: RSI oversold (24.7)

[12:47:57] Cycle 1392
  💰 Current Price: $1983.02
  🎯 Signal: HOLD (confidence: 0.00)
  📝 Reason: 5m: MACD bearish; 15m: MACD bullish; 1h: MACD bearish; 4h: RSI oversold (24.6)

[12:48:28] Cycle 1393
  💰 Current Price: $1982.17
  🎯 Signal: HOLD (confidence: 0.10)
  📝 Reason: 5m: RSI oversold (34.6); 5m: MACD bearish; 15m: MACD bullish; 1h: MACD bearish

[12:48:59] Cycle 1394
  💰 Current Price: $1980.08
  🎯 Signal: HOLD (confidence: 0.10)
  📝 Reason: 5m: RSI oversold (31.1); 5m: MACD bearish; 15m: MACD bullish; 1h: MACD bearish

[12:49:30] Cycle 1395
  💰 Current Price: $1981.26
  🎯 Signal: HOLD (confidence: 0.10)
  🎯 Signal: HOLD (confidence: 0.10)
  📝 Reason: 5m: MACD bullish; 15m: MACD bullish; 1h: MACD bearish; 4h: RSI oversold (25.1)

[12:31:00] Cycle 1354
  💰 Current Price: $1988.15
  🎯 Signal: HOLD (confidence: 0.10)
  📝 Reason: 5m: MACD bullish; 15m: MACD bullish; 1h: MACD bearish; 4h: RSI oversold (25.1)

[12:31:30] Cycle 1355
  💰 Current Price: $1987.45
  🎯 Signal: HOLD (confidence: 0.10)
  📝 Reason: 5m: MACD bullish; 15m: MACD bullish; 1h: MACD bearish; 4h: RSI oversold (25.0)

[12:32:01] Cycle 1356
  💰 Current Price: $1987.01
  🎯 Signal: HOLD (confidence: 0.10)
  📝 Reason: 5m: MACD bullish; 15m: MACD bullish; 1h: MACD bearish; 4h: RSI oversold (25.0)

[12:32:32] Cycle 1357
  💰 Current Price: $1987.01
  🎯 Signal: HOLD (confidence: 0.10)
  📝 Reason: 5m: MACD bullish; 15m: MACD bullish; 1h: MACD bearish; 4h: RSI oversold (25.0)

[12:33:03] Cycle 1358
  💰 Current Price: $1987.01
  🎯 Signal: HOLD (confidence: 0.10)
  📝 Reason: 5m: MACD bullish; 15m: MACD bullish; 1h: MACD bearish; 4h: RSI oversold (25.0)

[12:33:33] Cycle 1359
  💰 Current Price: $1987.24
  🎯 Signal: HOLD (confidence: 0.10)
  📝 Reason: 5m: MACD bullish; 15m: MACD bullish; 1h: MACD bearish; 4h: RSI oversold (25.0)

[12:34:05] Cycle 1360
  💰 Current Price: $1987.40
  🎯 Signal: HOLD (confidence: 0.10)
  📝 Reason: 5m: MACD bullish; 15m: MACD bullish; 1h: MACD bearish; 4h: RSI oversold (25.0)

[12:34:35] Cycle 1361
  💰 Current Price: $1987.00
  🎯 Signal: HOLD (confidence: 0.10)
  📝 Reason: 5m: MACD bullish; 15m: MACD bullish; 1h: MACD bearish; 4h: RSI oversold (25.0)

[12:35:06] Cycle 1362
  💰 Current Price: $1986.71
  🎯 Signal: HOLD (confidence: 0.10)
  📝 Reason: 5m: MACD bullish; 15m: MACD bullish; 1h: MACD bearish; 4h: RSI oversold (24.9)

[12:35:37] Cycle 1363
  💰 Current Price: $1986.73
  🎯 Signal: HOLD (confidence: 0.10)
  📝 Reason: 5m: MACD bullish; 15m: MACD bullish; 1h: MACD bearish; 4h: RSI oversold (25.0)

[12:36:08] Cycle 1364
  💰 Current Price: $1986.50
  🎯 Signal: HOLD (confidence: 0.10)
  📝 Reason: 5m: MACD bullish; 15m: MACD bullish; 1h: MACD bearish; 4h: RSI oversold (24.9)

[12:36:39] Cycle 1365
  💰 Current Price: $1986.50
  🎯 Signal: HOLD (confidence: 0.10)
  📝 Reason: 5m: MACD bullish; 15m: MACD bullish; 1h: MACD bearish; 4h: RSI oversold (24.9)

[12:37:09] Cycle 1366
  💰 Current Price: $1986.50
  🎯 Signal: HOLD (confidence: 0.10)
  📝 Reason: 5m: MACD bullish; 15m: MACD bullish; 1h: MACD bearish; 4h: RSI oversold (24.9)

[12:37:40] Cycle 1367
  💰 Current Price: $1986.50
  🎯 Signal: HOLD (confidence: 0.10)
  📝 Reason: 5m: MACD bullish; 15m: MACD bullish; 1h: MACD bearish; 4h: RSI oversold (24.9)

[12:38:11] Cycle 1368
  💰 Current Price: $1986.50
  🎯 Signal: HOLD (confidence: 0.10)
  📝 Reason: 5m: MACD bullish; 15m: MACD bullish; 1h: MACD bearish; 4h: RSI oversold (24.9)

[12:38:42] Cycle 1369
  💰 Current Price: $1986.28
  🎯 Signal: HOLD (confidence: 0.10)
  📝 Reason: 5m: MACD bullish; 15m: MACD bullish; 1h: MACD bearish; 4h: RSI oversold (24.8)

[12:39:13] Cycle 1370
  💰 Current Price: $1985.57
  🎯 Signal: HOLD (confidence: 0.10)
  📝 Reason: 5m: MACD bullish; 15m: MACD bullish; 1h: MACD bearish; 4h: RSI oversold (24.9)

[12:39:44] Cycle 1371
  💰 Current Price: $1985.89
  🎯 Signal: HOLD (confidence: 0.10)
  📝 Reason: 5m: MACD bullish; 15m: MACD bullish; 1h: MACD bearish; 4h: RSI oversold (24.9)

[12:40:15] Cycle 1372
  💰 Current Price: $1985.90
  🎯 Signal: HOLD (confidence: 0.00)
  📝 Reason: 5m: MACD bearish; 15m: MACD bullish; 1h: MACD bearish; 4h: RSI oversold (24.9)

[12:40:45] Cycle 1373
  💰 Current Price: $1985.61
  🎯 Signal: HOLD (confidence: 0.00)
  📝 Reason: 5m: MACD bearish; 15m: MACD bullish; 1h: MACD bearish; 4h: RSI oversold (24.8)

[12:41:16] Cycle 1374
  💰 Current Price: $1985.55
  🎯 Signal: HOLD (confidence: 0.00)
  📝 Reason: 5m: MACD bearish; 15m: MACD bullish; 1h: MACD bearish; 4h: RSI oversold (24.8)

[12:41:47] Cycle 1375
  💰 Current Price: $1985.00
  🎯 Signal: HOLD (confidence: 0.00)
  📝 Reason: 5m: MACD bearish; 15m: MACD bullish; 1h: MACD bearish; 4h: RSI oversold (24.8)

[12:42:18] Cycle 1376
  💰 Current Price: $1985.01
  🎯 Signal: HOLD (confidence: 0.00)
  📝 Reason: 5m: MACD bearish; 15m: MACD bullish; 1h: MACD bearish; 4h: RSI oversold (24.8)

[12:42:49] Cycle 1377
  💰 Current Price: $1984.60
  🎯 Signal: HOLD (confidence: 0.00)
  📝 Reason: 5m: MACD bearish; 15m: MACD bullish; 1h: MACD bearish; 4h: RSI oversold (24.7)

[12:43:20] Cycle 1378
  💰 Current Price: $1983.94
  🎯 Signal: HOLD (confidence: 0.00)
  📝 Reason: 5m: MACD bearish; 15m: MACD bullish; 1h: MACD bearish; 4h: RSI oversold (24.7)

[12:43:50] Cycle 1379
  💰 Current Price: $1983.57
  🎯 Signal: HOLD (confidence: 0.00)
  📝 Reason: 5m: MACD bearish; 15m: MACD bullish; 1h: MACD bearish; 4h: RSI oversold (24.6)

[12:44:21] Cycle 1380
  💰 Current Price: $1983.63
  🎯 Signal: HOLD (confidence: 0.00)
  📝 Reason: 5m: MACD bearish; 15m: MACD bullish; 1h: MACD bearish; 4h: RSI oversold (24.6)

[12:44:52] Cycle 1381
  💰 Current Price: $1983.63
  🎯 Signal: HOLD (confidence: 0.00)
  📝 Reason: 5m: MACD bearish; 15m: MACD bullish; 1h: MACD bearish; 4h: RSI oversold (24.6)

[12:45:23] Cycle 1382
  💰 Current Price: $1983.79
  🎯 Signal: HOLD (confidence: 0.00)
  📝 Reason: 5m: MACD bearish; 15m: MACD bullish; 1h: MACD bearish; 4h: RSI oversold (24.7)

[12:45:54] Cycle 1383
  💰 Current Price: $1984.73
  🎯 Signal: HOLD (confidence: 0.00)
  📝 Reason: 5m: MACD bearish; 15m: MACD bullish; 1h: MACD bearish; 4h: RSI oversold (24.8)

[12:46:25] Cycle 1384
  💰 Current Price: $1984.74
  🎯 Signal: HOLD (confidence: 0.00)
  📝 Reason: 5m: MACD bearish; 15m: MACD bullish; 1h: MACD bearish; 4h: RSI oversold (24.8)

[12:46:55] Cycle 1385
  💰 Current Price: $1985.12
  🎯 Signal: HOLD (confidence: 0.00)
  📝 Reason: 5m: MACD bearish; 15m: MACD bullish; 1h: MACD bearish; 4h: RSI oversold (24.8)

[12:47:26] Cycle 1386
  💰 Current Price: $1983.73
  🎯 Signal: HOLD (confidence: 0.00)
  📝 Reason: 5m: MACD bearish; 15m: MACD bullish; 1h: MACD bearish; 4h: RSI oversold (24.7)

[12:47:57] Cycle 1387
  💰 Current Price: $1983.02
  🎯 Signal: HOLD (confidence: 0.00)
  📝 Reason: 5m: MACD bearish; 15m: MACD bullish; 1h: MACD bearish; 4h: RSI oversold (24.6)

[12:48:28] Cycle 1388
  💰 Current Price: $1982.17
  🎯 Signal: HOLD (confidence: 0.10)
  📝 Reason: 5m: RSI oversold (34.6); 5m: MACD bearish; 15m: MACD bullish; 1h: MACD bearish

[12:48:59] Cycle 1389
  💰 Current Price: $1980.08
  🎯 Signal: HOLD (confidence: 0.10)
  📝 Reason: 5m: RSI oversold (31.1); 5m: MACD bearish; 15m: MACD bullish; 1h: MACD bearish

[12:49:29] Cycle 1390
  💰 Current Price: $1981.26
  🎯 Signal: HOLD (confidence: 0.10)
  📝 Reason: 5m: RSI oversold (33.0); 5m: MACD bearish; 15m: MACD bullish; 1h: MACD bearish

[12:50:00] Cycle 1391
  💰 Current Price: $1981.50
  🎯 Signal: HOLD (confidence: 0.10)
  📝 Reason: 5m: RSI oversold (31.2); 5m: MACD bearish; 15m: MACD bullish; 1h: MACD bearish

[12:50:31] Cycle 1392
  💰 Current Price: $1981.50
  🎯 Signal: HOLD (confidence: 0.10)
  📝 Reason: 5m: RSI oversold (31.2); 5m: MACD bearish; 15m: MACD bullish; 1h: MACD bearish

[12:51:02] Cycle 1393
  💰 Current Price: $1981.91
  🎯 Signal: HOLD (confidence: 0.10)
  📝 Reason: 5m: RSI oversold (32.7); 5m: MACD bearish; 15m: MACD bullish; 1h: MACD bearish

[12:51:33] Cycle 1394
  💰 Current Price: $1981.90
  🎯 Signal: HOLD (confidence: 0.10)
  📝 Reason: 5m: RSI oversold (32.7); 5m: MACD bearish; 15m: MACD bullish; 1h: MACD bearish

[12:52:04] Cycle 1395
  💰 Current Price: $1981.91
  🎯 Signal: HOLD (confidence: 0.10)
  📝 Reason: 5m: RSI oversold (32.7); 5m: MACD bearish; 15m: MACD bullish; 1h: MACD bearish

[12:52:35] Cycle 1396
  💰 Current Price: $1982.10
  🎯 Signal: HOLD (confidence: 0.00)
  📝 Reason: 5m: MACD bearish; 15m: MACD bullish; 1h: MACD bearish; 4h: RSI oversold (24.6)
  📝 Reason: 5m: RSI oversold (33.0); 5m: MACD bearish; 15m: MACD bullish; 1h: MACD bearish

[12:50:01] Cycle 1396
  💰 Current Price: $1981.50
  🎯 Signal: HOLD (confidence: 0.10)
  📝 Reason: 5m: RSI oversold (31.2); 5m: MACD bearish; 15m: MACD bullish; 1h: MACD bearish

[12:50:31] Cycle 1397
  💰 Current Price: $1981.50
  🎯 Signal: HOLD (confidence: 0.10)
  📝 Reason: 5m: RSI oversold (31.2); 5m: MACD bearish; 15m: MACD bullish; 1h: MACD bearish

[12:51:02] Cycle 1398
  💰 Current Price: $1981.91
  🎯 Signal: HOLD (confidence: 0.10)
  📝 Reason: 5m: RSI oversold (32.7); 5m: MACD bearish; 15m: MACD bullish; 1h: MACD bearish

[12:51:33] Cycle 1399
  💰 Current Price: $1981.90
  🎯 Signal: HOLD (confidence: 0.10)
  📝 Reason: 5m: RSI oversold (32.7); 5m: MACD bearish; 15m: MACD bullish; 1h: MACD bearish

[12:52:04] Cycle 1400
  💰 Current Price: $1981.91
  🎯 Signal: HOLD (confidence: 0.10)
  📝 Reason: 5m: RSI oversold (32.7); 5m: MACD bearish; 15m: MACD bullish; 1h: MACD bearish

[12:52:35] Cycle 1401
  💰 Current Price: $1982.10
  🎯 Signal: HOLD (confidence: 0.00)
  📝 Reason: 5m: MACD bearish; 15m: MACD bullish; 1h: MACD bearish; 4h: RSI oversold (24.6)

[12:53:06] Cycle 1402
  💰 Current Price: $1982.85
  🎯 Signal: HOLD (confidence: 0.00)
  📝 Reason: 5m: MACD bearish; 15m: MACD bullish; 1h: MACD bearish; 4h: RSI oversold (24.6)

[12:53:36] Cycle 1403
  💰 Current Price: $1982.79
  🎯 Signal: HOLD (confidence: 0.00)
  📝 Reason: 5m: MACD bearish; 15m: MACD bullish; 1h: MACD bearish; 4h: RSI oversold (24.6)

[12:54:07] Cycle 1404
  💰 Current Price: $1982.80
  🎯 Signal: HOLD (confidence: 0.00)
  📝 Reason: 5m: MACD bearish; 15m: MACD bullish; 1h: MACD bearish; 4h: RSI oversold (24.6)

[12:54:38] Cycle 1405
  💰 Current Price: $1982.76
  🎯 Signal: HOLD (confidence: 0.00)
  📝 Reason: 5m: MACD bearish; 15m: MACD bullish; 1h: MACD bearish; 4h: RSI oversold (24.6)

[12:55:09] Cycle 1406
  💰 Current Price: $1982.71
  🎯 Signal: HOLD (confidence: 0.00)
  📝 Reason: 5m: MACD bearish; 15m: MACD bullish; 1h: MACD bearish; 4h: RSI oversold (24.5)

[12:55:40] Cycle 1407
  💰 Current Price: $1982.71
  🎯 Signal: HOLD (confidence: 0.00)
  📝 Reason: 5m: MACD bearish; 15m: MACD bullish; 1h: MACD bearish; 4h: RSI oversold (24.5)

[12:56:11] Cycle 1408
  💰 Current Price: $1981.33
  🎯 Signal: HOLD (confidence: 0.10)
  📝 Reason: 5m: RSI oversold (33.1); 5m: MACD bearish; 15m: MACD bullish; 1h: MACD bearish

[12:56:41] Cycle 1409
  💰 Current Price: $1981.91
  🎯 Signal: HOLD (confidence: 0.10)
  📝 Reason: 5m: RSI oversold (34.0); 5m: MACD bearish; 15m: MACD bullish; 1h: MACD bearish

[12:57:12] Cycle 1410
  💰 Current Price: $1981.91
  🎯 Signal: HOLD (confidence: 0.10)
  📝 Reason: 5m: RSI oversold (34.0); 5m: MACD bearish; 15m: MACD bullish; 1h: MACD bearish

[12:57:43] Cycle 1411
  💰 Current Price: $1981.91
  🎯 Signal: HOLD (confidence: 0.10)
  📝 Reason: 5m: RSI oversold (34.0); 5m: MACD bearish; 15m: MACD bullish; 1h: MACD bearish

[12:58:14] Cycle 1412
  💰 Current Price: $1981.91
  🎯 Signal: HOLD (confidence: 0.10)
  📝 Reason: 5m: RSI oversold (34.0); 5m: MACD bearish; 15m: MACD bullish; 1h: MACD bearish

[12:58:45] Cycle 1413
  💰 Current Price: $1981.91
  🎯 Signal: HOLD (confidence: 0.10)
  📝 Reason: 5m: RSI oversold (34.0); 5m: MACD bearish; 15m: MACD bullish; 1h: MACD bearish

[12:59:15] Cycle 1414
  💰 Current Price: $1981.91
  🎯 Signal: HOLD (confidence: 0.10)
  📝 Reason: 5m: RSI oversold (34.0); 5m: MACD bearish; 15m: MACD bullish; 1h: MACD bearish

[12:59:46] Cycle 1415
  💰 Current Price: $1981.91
  🎯 Signal: HOLD (confidence: 0.10)
  📝 Reason: 5m: RSI oversold (34.0); 5m: MACD bearish; 15m: MACD bullish; 1h: MACD bearish

[13:00:17] Cycle 1416
  💰 Current Price: $1982.32
  🎯 Signal: HOLD (confidence: 0.10)
  📝 Reason: 5m: RSI oversold (26.1); 5m: MACD bearish; 15m: MACD bullish; 1h: MACD bearish

[13:00:48] Cycle 1417
  💰 Current Price: $1982.32
  🎯 Signal: HOLD (confidence: 0.10)
  📝 Reason: 5m: RSI oversold (26.1); 5m: MACD bearish; 15m: MACD bullish; 1h: MACD bearish

[13:01:19] Cycle 1418
  💰 Current Price: $1982.32
  🎯 Signal: HOLD (confidence: 0.10)
  📝 Reason: 5m: RSI oversold (26.1); 5m: MACD bearish; 15m: MACD bullish; 1h: MACD bearish

[13:01:50] Cycle 1419
  💰 Current Price: $1982.12
  🎯 Signal: HOLD (confidence: 0.10)
  📝 Reason: 5m: RSI oversold (25.7); 5m: MACD bearish; 15m: MACD bullish; 1h: MACD bearish

[13:02:21] Cycle 1420
  💰 Current Price: $1981.94
  🎯 Signal: HOLD (confidence: 0.10)
  📝 Reason: 5m: RSI oversold (27.0); 5m: MACD bearish; 15m: MACD bullish; 1h: MACD bearish

[13:02:51] Cycle 1421
  💰 Current Price: $1982.84
  🎯 Signal: HOLD (confidence: 0.10)
  📝 Reason: 5m: RSI oversold (28.3); 5m: MACD bearish; 15m: MACD bullish; 1h: MACD bearish

[13:03:22] Cycle 1422
  💰 Current Price: $1982.84
  🎯 Signal: HOLD (confidence: 0.10)
  📝 Reason: 5m: RSI oversold (28.3); 5m: MACD bearish; 15m: MACD bullish; 1h: MACD bearish

[13:03:53] Cycle 1423
  💰 Current Price: $1983.00
  🎯 Signal: HOLD (confidence: 0.10)
  📝 Reason: 5m: RSI oversold (28.9); 5m: MACD bearish; 15m: MACD bullish; 1h: MACD bearish

[13:04:24] Cycle 1424
  💰 Current Price: $1983.21
  🎯 Signal: HOLD (confidence: 0.10)
  📝 Reason: 5m: RSI oversold (32.0); 5m: MACD bearish; 15m: MACD bullish; 1h: MACD bearish

[13:04:55] Cycle 1425
  💰 Current Price: $1983.83
  🎯 Signal: HOLD (confidence: 0.10)
  📝 Reason: 5m: RSI oversold (32.0); 5m: MACD bearish; 15m: MACD bullish; 1h: MACD bearish

[13:05:26] Cycle 1426
  💰 Current Price: $1983.97
  🎯 Signal: HOLD (confidence: 0.00)
  📝 Reason: 5m: MACD bearish; 15m: MACD bullish; 1h: MACD bearish; 4h: RSI oversold (24.7)

[13:05:57] Cycle 1427
  💰 Current Price: $1983.74
  🎯 Signal: HOLD (confidence: 0.10)
  📝 Reason: 5m: RSI oversold (35.0); 5m: MACD bearish; 15m: MACD bullish; 1h: MACD bearish

[13:06:27] Cycle 1428
  💰 Current Price: $1983.73
  🎯 Signal: HOLD (confidence: 0.10)
  📝 Reason: 5m: RSI oversold (33.6); 5m: MACD bearish; 15m: MACD bullish; 1h: MACD bearish

[13:06:58] Cycle 1429
  💰 Current Price: $1981.37
  🎯 Signal: HOLD (confidence: 0.10)
  📝 Reason: 5m: RSI oversold (30.8); 5m: MACD bearish; 15m: MACD bullish; 1h: MACD bearish

[13:07:29] Cycle 1430
  💰 Current Price: $1981.20
  🎯 Signal: HOLD (confidence: 0.10)
  📝 Reason: 5m: RSI oversold (30.6); 5m: MACD bearish; 15m: MACD bullish; 1h: MACD bearish

[13:08:00] Cycle 1431
  💰 Current Price: $1981.20
  🎯 Signal: HOLD (confidence: 0.10)
  📝 Reason: 5m: RSI oversold (29.8); 5m: MACD bearish; 15m: MACD bullish; 1h: MACD bearish

[13:08:31] Cycle 1432
  💰 Current Price: $1980.56
  🎯 Signal: HOLD (confidence: 0.10)
  📝 Reason: 5m: RSI oversold (29.6); 5m: MACD bearish; 15m: MACD bullish; 1h: MACD bearish

[13:09:02] Cycle 1433
  💰 Current Price: $1980.77
  🎯 Signal: HOLD (confidence: 0.10)
  📝 Reason: 5m: RSI oversold (29.9); 5m: MACD bearish; 15m: MACD bullish; 1h: MACD bearish

[13:09:32] Cycle 1434
  💰 Current Price: $1981.36
  🎯 Signal: HOLD (confidence: 0.10)
  📝 Reason: 5m: RSI oversold (30.8); 5m: MACD bearish; 15m: MACD bullish; 1h: MACD bearish

[13:10:03] Cycle 1435
  💰 Current Price: $1982.23
  🎯 Signal: HOLD (confidence: 0.10)
  📝 Reason: 5m: RSI oversold (24.3); 5m: MACD bearish; 15m: MACD bullish; 1h: MACD bearish

[13:10:34] Cycle 1436
  💰 Current Price: $1981.25
  🎯 Signal: HOLD (confidence: 0.10)
  📝 Reason: 5m: RSI oversold (23.0); 5m: MACD bearish; 15m: MACD bullish; 1h: MACD bearish

[13:11:05] Cycle 1437
  💰 Current Price: $1981.25
  🎯 Signal: HOLD (confidence: 0.10)
  📝 Reason: 5m: RSI oversold (23.0); 5m: MACD bearish; 15m: MACD bullish; 1h: MACD bearish

[13:11:36] Cycle 1438
  💰 Current Price: $1981.68
  🎯 Signal: HOLD (confidence: 0.10)
  📝 Reason: 5m: RSI oversold (23.5); 5m: MACD bearish; 15m: MACD bullish; 1h: MACD bearish

[13:12:07] Cycle 1439
  💰 Current Price: $1981.68

[12:53:06] Cycle 1397
  💰 Current Price: $1982.85
  🎯 Signal: HOLD (confidence: 0.00)
  📝 Reason: 5m: MACD bearish; 15m: MACD bullish; 1h: MACD bearish; 4h: RSI oversold (24.6)

[12:53:36] Cycle 1398
  💰 Current Price: $1982.79
  🎯 Signal: HOLD (confidence: 0.00)
  📝 Reason: 5m: MACD bearish; 15m: MACD bullish; 1h: MACD bearish; 4h: RSI oversold (24.6)

[12:54:07] Cycle 1399
  💰 Current Price: $1982.80
  🎯 Signal: HOLD (confidence: 0.00)
  📝 Reason: 5m: MACD bearish; 15m: MACD bullish; 1h: MACD bearish; 4h: RSI oversold (24.6)

[12:54:38] Cycle 1400
  💰 Current Price: $1982.76
  🎯 Signal: HOLD (confidence: 0.00)
  📝 Reason: 5m: MACD bearish; 15m: MACD bullish; 1h: MACD bearish; 4h: RSI oversold (24.6)

[12:55:09] Cycle 1401
  💰 Current Price: $1982.71
  🎯 Signal: HOLD (confidence: 0.00)
  📝 Reason: 5m: MACD bearish; 15m: MACD bullish; 1h: MACD bearish; 4h: RSI oversold (24.5)

[12:55:40] Cycle 1402
  💰 Current Price: $1982.71
  🎯 Signal: HOLD (confidence: 0.00)
  📝 Reason: 5m: MACD bearish; 15m: MACD bullish; 1h: MACD bearish; 4h: RSI oversold (24.5)

[12:56:11] Cycle 1403
  💰 Current Price: $1981.33
  🎯 Signal: HOLD (confidence: 0.10)
  📝 Reason: 5m: RSI oversold (33.1); 5m: MACD bearish; 15m: MACD bullish; 1h: MACD bearish

[12:56:41] Cycle 1404
  💰 Current Price: $1981.91
  🎯 Signal: HOLD (confidence: 0.10)
  📝 Reason: 5m: RSI oversold (34.0); 5m: MACD bearish; 15m: MACD bullish; 1h: MACD bearish

[12:57:12] Cycle 1405
  💰 Current Price: $1981.91
  🎯 Signal: HOLD (confidence: 0.10)
  📝 Reason: 5m: RSI oversold (34.0); 5m: MACD bearish; 15m: MACD bullish; 1h: MACD bearish

[12:57:43] Cycle 1406
  💰 Current Price: $1981.91
  🎯 Signal: HOLD (confidence: 0.10)
  📝 Reason: 5m: RSI oversold (34.0); 5m: MACD bearish; 15m: MACD bullish; 1h: MACD bearish

[12:58:14] Cycle 1407
  💰 Current Price: $1981.91
  🎯 Signal: HOLD (confidence: 0.10)
  📝 Reason: 5m: RSI oversold (34.0); 5m: MACD bearish; 15m: MACD bullish; 1h: MACD bearish

[12:58:45] Cycle 1408
  💰 Current Price: $1981.91
  🎯 Signal: HOLD (confidence: 0.10)
  📝 Reason: 5m: RSI oversold (34.0); 5m: MACD bearish; 15m: MACD bullish; 1h: MACD bearish

[12:59:15] Cycle 1409
  💰 Current Price: $1981.91
  🎯 Signal: HOLD (confidence: 0.10)
  📝 Reason: 5m: RSI oversold (34.0); 5m: MACD bearish; 15m: MACD bullish; 1h: MACD bearish

[12:59:46] Cycle 1410
  💰 Current Price: $1981.91
  🎯 Signal: HOLD (confidence: 0.10)
  📝 Reason: 5m: RSI oversold (34.0); 5m: MACD bearish; 15m: MACD bullish; 1h: MACD bearish

[13:00:17] Cycle 1411
  💰 Current Price: $1982.32
  🎯 Signal: HOLD (confidence: 0.10)
  📝 Reason: 5m: RSI oversold (26.1); 5m: MACD bearish; 15m: MACD bullish; 1h: MACD bearish

[13:00:48] Cycle 1412
  💰 Current Price: $1982.32
  🎯 Signal: HOLD (confidence: 0.10)
  📝 Reason: 5m: RSI oversold (26.1); 5m: MACD bearish; 15m: MACD bullish; 1h: MACD bearish

[13:01:19] Cycle 1413
  💰 Current Price: $1982.32
  🎯 Signal: HOLD (confidence: 0.10)
  📝 Reason: 5m: RSI oversold (26.1); 5m: MACD bearish; 15m: MACD bullish; 1h: MACD bearish

[13:01:50] Cycle 1414
  💰 Current Price: $1982.12
  🎯 Signal: HOLD (confidence: 0.10)
  📝 Reason: 5m: RSI oversold (25.7); 5m: MACD bearish; 15m: MACD bullish; 1h: MACD bearish

[13:02:21] Cycle 1415
  💰 Current Price: $1981.94
  🎯 Signal: HOLD (confidence: 0.10)
  📝 Reason: 5m: RSI oversold (27.0); 5m: MACD bearish; 15m: MACD bullish; 1h: MACD bearish

[13:02:51] Cycle 1416
  💰 Current Price: $1982.84
  🎯 Signal: HOLD (confidence: 0.10)
  📝 Reason: 5m: RSI oversold (28.3); 5m: MACD bearish; 15m: MACD bullish; 1h: MACD bearish

[13:03:22] Cycle 1417
  💰 Current Price: $1982.84
  🎯 Signal: HOLD (confidence: 0.10)
  📝 Reason: 5m: RSI oversold (28.3); 5m: MACD bearish; 15m: MACD bullish; 1h: MACD bearish

[13:03:53] Cycle 1418
  💰 Current Price: $1983.00
  🎯 Signal: HOLD (confidence: 0.10)
  📝 Reason: 5m: RSI oversold (28.9); 5m: MACD bearish; 15m: MACD bullish; 1h: MACD bearish

[13:04:24] Cycle 1419
  💰 Current Price: $1983.21
  🎯 Signal: HOLD (confidence: 0.10)
  📝 Reason: 5m: RSI oversold (32.0); 5m: MACD bearish; 15m: MACD bullish; 1h: MACD bearish

[13:04:55] Cycle 1420
  💰 Current Price: $1983.83
  🎯 Signal: HOLD (confidence: 0.10)
  📝 Reason: 5m: RSI oversold (32.0); 5m: MACD bearish; 15m: MACD bullish; 1h: MACD bearish

[13:05:26] Cycle 1421
  💰 Current Price: $1983.97
  🎯 Signal: HOLD (confidence: 0.00)
  📝 Reason: 5m: MACD bearish; 15m: MACD bullish; 1h: MACD bearish; 4h: RSI oversold (24.7)

[13:05:56] Cycle 1422
  💰 Current Price: $1983.74
  🎯 Signal: HOLD (confidence: 0.10)
  📝 Reason: 5m: RSI oversold (35.0); 5m: MACD bearish; 15m: MACD bullish; 1h: MACD bearish

[13:06:27] Cycle 1423
  💰 Current Price: $1983.73
  🎯 Signal: HOLD (confidence: 0.10)
  📝 Reason: 5m: RSI oversold (33.6); 5m: MACD bearish; 15m: MACD bullish; 1h: MACD bearish

[13:06:58] Cycle 1424
  💰 Current Price: $1981.37
  🎯 Signal: HOLD (confidence: 0.10)
  📝 Reason: 5m: RSI oversold (30.8); 5m: MACD bearish; 15m: MACD bullish; 1h: MACD bearish

[13:07:29] Cycle 1425
  💰 Current Price: $1981.20
  🎯 Signal: HOLD (confidence: 0.10)
  📝 Reason: 5m: RSI oversold (30.6); 5m: MACD bearish; 15m: MACD bullish; 1h: MACD bearish

[13:08:00] Cycle 1426
  💰 Current Price: $1981.20
  🎯 Signal: HOLD (confidence: 0.10)
  📝 Reason: 5m: RSI oversold (29.8); 5m: MACD bearish; 15m: MACD bullish; 1h: MACD bearish

[13:08:31] Cycle 1427
  💰 Current Price: $1980.56
  🎯 Signal: HOLD (confidence: 0.10)
  📝 Reason: 5m: RSI oversold (29.6); 5m: MACD bearish; 15m: MACD bullish; 1h: MACD bearish

[13:09:02] Cycle 1428
  💰 Current Price: $1980.77
  🎯 Signal: HOLD (confidence: 0.10)
  📝 Reason: 5m: RSI oversold (29.9); 5m: MACD bearish; 15m: MACD bullish; 1h: MACD bearish

[13:09:32] Cycle 1429
  💰 Current Price: $1981.36
  🎯 Signal: HOLD (confidence: 0.10)
  📝 Reason: 5m: RSI oversold (30.8); 5m: MACD bearish; 15m: MACD bullish; 1h: MACD bearish

[13:10:03] Cycle 1430
  💰 Current Price: $1982.23
  🎯 Signal: HOLD (confidence: 0.10)
  📝 Reason: 5m: RSI oversold (24.3); 5m: MACD bearish; 15m: MACD bullish; 1h: MACD bearish

[13:10:34] Cycle 1431
  💰 Current Price: $1981.25
  🎯 Signal: HOLD (confidence: 0.10)
  📝 Reason: 5m: RSI oversold (23.0); 5m: MACD bearish; 15m: MACD bullish; 1h: MACD bearish

[13:11:05] Cycle 1432
  💰 Current Price: $1981.25
  🎯 Signal: HOLD (confidence: 0.10)
  📝 Reason: 5m: RSI oversold (23.0); 5m: MACD bearish; 15m: MACD bullish; 1h: MACD bearish

[13:11:36] Cycle 1433
  💰 Current Price: $1981.68
  🎯 Signal: HOLD (confidence: 0.10)
  📝 Reason: 5m: RSI oversold (23.5); 5m: MACD bearish; 15m: MACD bullish; 1h: MACD bearish

[13:12:06] Cycle 1434
  💰 Current Price: $1981.68
  🎯 Signal: HOLD (confidence: 0.10)
  📝 Reason: 5m: RSI oversold (23.5); 5m: MACD bearish; 15m: MACD bullish; 1h: MACD bearish

[13:12:38] Cycle 1435
  💰 Current Price: $1981.68
  🎯 Signal: HOLD (confidence: 0.10)
  📝 Reason: 5m: RSI oversold (23.5); 5m: MACD bearish; 15m: MACD bullish; 1h: MACD bearish

[13:13:08] Cycle 1436
  💰 Current Price: $1981.67
  🎯 Signal: HOLD (confidence: 0.10)
  📝 Reason: 5m: RSI oversold (23.5); 5m: MACD bearish; 15m: MACD bullish; 1h: MACD bearish

[13:13:39] Cycle 1437
  💰 Current Price: $1981.68
  🎯 Signal: HOLD (confidence: 0.10)
  📝 Reason: 5m: RSI oversold (23.9); 5m: MACD bearish; 15m: MACD bullish; 1h: MACD bearish

[13:14:10] Cycle 1438
  💰 Current Price: $1981.83
  🎯 Signal: HOLD (confidence: 0.10)
  📝 Reason: 5m: RSI oversold (23.7); 5m: MACD bearish; 15m: MACD bullish; 1h: MACD bearish

[13:14:41] Cycle 1439
  💰 Current Price: $1981.89
  🎯 Signal: HOLD (confidence: 0.10)
  📝 Reason: 5m: RSI oversold (23.8); 5m: MACD bearish; 15m: MACD bullish; 1h: MACD bearish

[13:15:12] Cycle 1440
  💰 Current Price: $1982.00
  🎯 Signal: HOLD (confidence: 0.10)
  🎯 Signal: HOLD (confidence: 0.10)
  📝 Reason: 5m: RSI oversold (23.5); 5m: MACD bearish; 15m: MACD bullish; 1h: MACD bearish

[13:12:38] Cycle 1440
  💰 Current Price: $1981.68
  🎯 Signal: HOLD (confidence: 0.10)
  📝 Reason: 5m: RSI oversold (23.5); 5m: MACD bearish; 15m: MACD bullish; 1h: MACD bearish

[13:13:08] Cycle 1441
  💰 Current Price: $1981.67
  🎯 Signal: HOLD (confidence: 0.10)
  📝 Reason: 5m: RSI oversold (23.5); 5m: MACD bearish; 15m: MACD bullish; 1h: MACD bearish

[13:13:39] Cycle 1442
  💰 Current Price: $1981.68
  🎯 Signal: HOLD (confidence: 0.10)
  📝 Reason: 5m: RSI oversold (23.9); 5m: MACD bearish; 15m: MACD bullish; 1h: MACD bearish

[13:14:10] Cycle 1443
  💰 Current Price: $1981.83
  🎯 Signal: HOLD (confidence: 0.10)
  📝 Reason: 5m: RSI oversold (23.7); 5m: MACD bearish; 15m: MACD bullish; 1h: MACD bearish

[13:14:41] Cycle 1444
  💰 Current Price: $1981.89
  🎯 Signal: HOLD (confidence: 0.10)
  📝 Reason: 5m: RSI oversold (23.8); 5m: MACD bearish; 15m: MACD bullish; 1h: MACD bearish

[13:15:12] Cycle 1445
  💰 Current Price: $1982.00
  🎯 Signal: HOLD (confidence: 0.10)
  📝 Reason: 5m: RSI oversold (29.4); 5m: MACD bearish; 15m: MACD bullish; 1h: MACD bearish

[13:15:43] Cycle 1446
  💰 Current Price: $1982.16
  🎯 Signal: HOLD (confidence: 0.10)
  📝 Reason: 5m: RSI oversold (30.2); 5m: MACD bearish; 15m: MACD bullish; 1h: MACD bearish

[13:16:14] Cycle 1447
  💰 Current Price: $1982.52
  🎯 Signal: HOLD (confidence: 0.10)
  📝 Reason: 5m: RSI oversold (31.9); 5m: MACD bearish; 15m: MACD bullish; 1h: MACD bearish

[13:16:45] Cycle 1448
  💰 Current Price: $1982.52
  🎯 Signal: HOLD (confidence: 0.10)
  📝 Reason: 5m: RSI oversold (31.9); 5m: MACD bearish; 15m: MACD bullish; 1h: MACD bearish

[13:17:16] Cycle 1449
  💰 Current Price: $1982.94
  🎯 Signal: HOLD (confidence: 0.10)
  📝 Reason: 5m: RSI oversold (33.8); 5m: MACD bearish; 15m: MACD bullish; 1h: MACD bearish

[13:17:47] Cycle 1450
  💰 Current Price: $1982.44
  🎯 Signal: HOLD (confidence: 0.10)
  📝 Reason: 5m: RSI oversold (31.5); 5m: MACD bearish; 15m: MACD bullish; 1h: MACD bearish

[13:18:17] Cycle 1451
  💰 Current Price: $1982.44
  🎯 Signal: HOLD (confidence: 0.10)
  📝 Reason: 5m: RSI oversold (31.5); 5m: MACD bearish; 15m: MACD bullish; 1h: MACD bearish

[13:18:48] Cycle 1452
  💰 Current Price: $1982.44
  🎯 Signal: HOLD (confidence: 0.10)
  📝 Reason: 5m: RSI oversold (31.5); 5m: MACD bearish; 15m: MACD bullish; 1h: MACD bearish

[13:19:19] Cycle 1453
  💰 Current Price: $1982.96
  🎯 Signal: HOLD (confidence: 0.10)
  📝 Reason: 5m: RSI oversold (33.9); 5m: MACD bearish; 15m: MACD bullish; 1h: MACD bearish

[13:19:50] Cycle 1454
  💰 Current Price: $1983.30
  🎯 Signal: HOLD (confidence: 0.00)
  📝 Reason: 5m: MACD bearish; 15m: MACD bullish; 1h: MACD bearish; 4h: RSI oversold (24.6)

[13:20:21] Cycle 1455
  💰 Current Price: $1980.71
  🎯 Signal: HOLD (confidence: 0.10)
  📝 Reason: 5m: RSI oversold (27.1); 5m: MACD bearish; 15m: MACD bullish; 1h: MACD bearish

[13:20:52] Cycle 1456
  💰 Current Price: $1981.46
  🎯 Signal: HOLD (confidence: 0.10)
  📝 Reason: 5m: RSI oversold (28.5); 5m: MACD bearish; 15m: MACD bullish; 1h: MACD bearish

[13:21:22] Cycle 1457
  💰 Current Price: $1981.58
  🎯 Signal: HOLD (confidence: 0.10)
  📝 Reason: 5m: RSI oversold (28.7); 5m: MACD bearish; 15m: MACD bullish; 1h: MACD bearish

[13:21:53] Cycle 1458
  💰 Current Price: $1981.58
  🎯 Signal: HOLD (confidence: 0.10)
  📝 Reason: 5m: RSI oversold (28.7); 5m: MACD bearish; 15m: MACD bullish; 1h: MACD bearish

[13:22:24] Cycle 1459
  💰 Current Price: $1981.80
  🎯 Signal: HOLD (confidence: 0.10)
  📝 Reason: 5m: RSI oversold (29.6); 5m: MACD bearish; 15m: MACD bullish; 1h: MACD bearish

[13:22:55] Cycle 1460
  💰 Current Price: $1982.25
  🎯 Signal: HOLD (confidence: 0.10)
  📝 Reason: 5m: RSI oversold (31.7); 5m: MACD bearish; 15m: MACD bullish; 1h: MACD bearish

[13:23:26] Cycle 1461
  💰 Current Price: $1982.25
  🎯 Signal: HOLD (confidence: 0.10)
  📝 Reason: 5m: RSI oversold (31.7); 5m: MACD bearish; 15m: MACD bullish; 1h: MACD bearish

[13:23:57] Cycle 1462
  💰 Current Price: $1982.10
  🎯 Signal: HOLD (confidence: 0.10)
  📝 Reason: 5m: RSI oversold (31.0); 5m: MACD bearish; 15m: MACD bullish; 1h: MACD bearish

[13:24:27] Cycle 1463
  💰 Current Price: $1981.79
  🎯 Signal: HOLD (confidence: 0.10)
  📝 Reason: 5m: RSI oversold (29.5); 5m: MACD bearish; 15m: MACD bullish; 1h: MACD bearish

[13:24:58] Cycle 1464
  💰 Current Price: $1981.73
  🎯 Signal: HOLD (confidence: 0.10)
  📝 Reason: 5m: RSI oversold (29.2); 5m: MACD bearish; 15m: MACD bullish; 1h: MACD bearish

[13:25:29] Cycle 1465
  💰 Current Price: $1981.98
  🎯 Signal: HOLD (confidence: 0.10)
  📝 Reason: 5m: RSI oversold (24.7); 5m: MACD bearish; 15m: MACD bullish; 1h: MACD bearish

[13:26:00] Cycle 1466
  💰 Current Price: $1981.75
  🎯 Signal: HOLD (confidence: 0.10)
  📝 Reason: 5m: RSI oversold (23.4); 5m: MACD bearish; 15m: MACD bullish; 1h: MACD bearish

[13:26:31] Cycle 1467
  💰 Current Price: $1981.44
  🎯 Signal: HOLD (confidence: 0.10)
  📝 Reason: 5m: RSI oversold (22.8); 5m: MACD bearish; 15m: MACD bullish; 1h: MACD bearish

[13:27:02] Cycle 1468
  💰 Current Price: $1981.01
  🎯 Signal: HOLD (confidence: 0.10)
  📝 Reason: 5m: RSI oversold (22.1); 5m: MACD bearish; 15m: MACD bullish; 1h: MACD bearish

[13:27:32] Cycle 1469
  💰 Current Price: $1981.83
  🎯 Signal: HOLD (confidence: 0.10)
  📝 Reason: 5m: RSI oversold (23.9); 5m: MACD bearish; 15m: MACD bullish; 1h: MACD bearish

[13:28:03] Cycle 1470
  💰 Current Price: $1981.74
  🎯 Signal: HOLD (confidence: 0.10)
  📝 Reason: 5m: RSI oversold (23.3); 5m: MACD bearish; 15m: MACD bullish; 1h: MACD bearish

[13:28:34] Cycle 1471
  💰 Current Price: $1981.74
  🎯 Signal: HOLD (confidence: 0.10)
  📝 Reason: 5m: RSI oversold (23.3); 5m: MACD bearish; 15m: MACD bullish; 1h: MACD bearish

[13:29:04] Cycle 1472
  💰 Current Price: $1982.66
  🎯 Signal: HOLD (confidence: 0.10)
  📝 Reason: 5m: RSI oversold (28.3); 5m: MACD bearish; 15m: MACD bullish; 1h: MACD bearish

[13:29:35] Cycle 1473
  💰 Current Price: $1982.67
  🎯 Signal: HOLD (confidence: 0.10)
  📝 Reason: 5m: RSI oversold (28.4); 5m: MACD bearish; 15m: MACD bullish; 1h: MACD bearish

[13:30:06] Cycle 1474
  💰 Current Price: $1982.55
  🎯 Signal: HOLD (confidence: 0.10)
  📝 Reason: 5m: RSI oversold (26.4); 5m: MACD bearish; 15m: MACD bearish; 1h: MACD bearish

[13:30:37] Cycle 1475
  💰 Current Price: $1982.55
  🎯 Signal: HOLD (confidence: 0.10)
  📝 Reason: 5m: RSI oversold (26.4); 5m: MACD bearish; 15m: MACD bearish; 1h: MACD bearish

[13:31:08] Cycle 1476
  💰 Current Price: $1981.84
  🎯 Signal: HOLD (confidence: 0.10)
  📝 Reason: 5m: RSI oversold (27.0); 5m: MACD bearish; 15m: MACD bearish; 1h: MACD bearish

[13:31:39] Cycle 1477
  💰 Current Price: $1982.66
  🎯 Signal: HOLD (confidence: 0.10)
  📝 Reason: 5m: RSI oversold (27.0); 5m: MACD bearish; 15m: MACD bearish; 1h: MACD bearish

[13:32:09] Cycle 1478
  💰 Current Price: $1982.93
  🎯 Signal: HOLD (confidence: 0.10)
  📝 Reason: 5m: RSI oversold (28.4); 5m: MACD bearish; 15m: MACD bullish; 1h: MACD bearish

[13:32:41] Cycle 1479
  💰 Current Price: $1982.93
  🎯 Signal: HOLD (confidence: 0.10)
  📝 Reason: 5m: RSI oversold (28.4); 5m: MACD bearish; 15m: MACD bullish; 1h: MACD bearish

[13:33:11] Cycle 1480
  💰 Current Price: $1982.93
  🎯 Signal: HOLD (confidence: 0.10)
  📝 Reason: 5m: RSI oversold (28.4); 5m: MACD bearish; 15m: MACD bullish; 1h: MACD bearish

[13:33:42] Cycle 1481
  💰 Current Price: $1982.92
  🎯 Signal: HOLD (confidence: 0.10)
  📝 Reason: 5m: RSI oversold (28.4); 5m: MACD bearish; 15m: MACD bullish; 1h: MACD bearish

[13:34:13] Cycle 1482
  💰 Current Price: $1982.92
  🎯 Signal: HOLD (confidence: 0.10)
  📝 Reason: 5m: RSI oversold (28.4); 5m: MACD bearish; 15m: MACD bullish; 1h: MACD bearish
  📝 Reason: 5m: RSI oversold (29.4); 5m: MACD bearish; 15m: MACD bullish; 1h: MACD bearish

[13:15:43] Cycle 1441
  💰 Current Price: $1982.16
  🎯 Signal: HOLD (confidence: 0.10)
  📝 Reason: 5m: RSI oversold (30.2); 5m: MACD bearish; 15m: MACD bullish; 1h: MACD bearish

[13:16:14] Cycle 1442
  💰 Current Price: $1982.52
  🎯 Signal: HOLD (confidence: 0.10)
  📝 Reason: 5m: RSI oversold (31.9); 5m: MACD bearish; 15m: MACD bullish; 1h: MACD bearish

[13:16:45] Cycle 1443
  💰 Current Price: $1982.52
  🎯 Signal: HOLD (confidence: 0.10)
  📝 Reason: 5m: RSI oversold (31.9); 5m: MACD bearish; 15m: MACD bullish; 1h: MACD bearish

[13:17:16] Cycle 1444
  💰 Current Price: $1982.94
  🎯 Signal: HOLD (confidence: 0.10)
  📝 Reason: 5m: RSI oversold (33.8); 5m: MACD bearish; 15m: MACD bullish; 1h: MACD bearish

[13:17:47] Cycle 1445
  💰 Current Price: $1982.44
  🎯 Signal: HOLD (confidence: 0.10)
  📝 Reason: 5m: RSI oversold (31.5); 5m: MACD bearish; 15m: MACD bullish; 1h: MACD bearish

[13:18:17] Cycle 1446
  💰 Current Price: $1982.44
  🎯 Signal: HOLD (confidence: 0.10)
  📝 Reason: 5m: RSI oversold (31.5); 5m: MACD bearish; 15m: MACD bullish; 1h: MACD bearish

[13:18:48] Cycle 1447
  💰 Current Price: $1982.44
  🎯 Signal: HOLD (confidence: 0.10)
  📝 Reason: 5m: RSI oversold (31.5); 5m: MACD bearish; 15m: MACD bullish; 1h: MACD bearish

[13:19:19] Cycle 1448
  💰 Current Price: $1982.96
  🎯 Signal: HOLD (confidence: 0.10)
  📝 Reason: 5m: RSI oversold (33.9); 5m: MACD bearish; 15m: MACD bullish; 1h: MACD bearish

[13:19:50] Cycle 1449
  💰 Current Price: $1983.30
  🎯 Signal: HOLD (confidence: 0.00)
  📝 Reason: 5m: MACD bearish; 15m: MACD bullish; 1h: MACD bearish; 4h: RSI oversold (24.6)

[13:20:21] Cycle 1450
  💰 Current Price: $1980.71
  🎯 Signal: HOLD (confidence: 0.10)
  📝 Reason: 5m: RSI oversold (27.1); 5m: MACD bearish; 15m: MACD bullish; 1h: MACD bearish

[13:20:52] Cycle 1451
  💰 Current Price: $1981.46
  🎯 Signal: HOLD (confidence: 0.10)
  📝 Reason: 5m: RSI oversold (28.5); 5m: MACD bearish; 15m: MACD bullish; 1h: MACD bearish

[13:21:23] Cycle 1452
  💰 Current Price: $1981.58
  🎯 Signal: HOLD (confidence: 0.10)
  📝 Reason: 5m: RSI oversold (28.7); 5m: MACD bearish; 15m: MACD bullish; 1h: MACD bearish

[13:21:53] Cycle 1453
  💰 Current Price: $1981.58
  🎯 Signal: HOLD (confidence: 0.10)
  📝 Reason: 5m: RSI oversold (28.7); 5m: MACD bearish; 15m: MACD bullish; 1h: MACD bearish

[13:22:24] Cycle 1454
  💰 Current Price: $1981.80
  🎯 Signal: HOLD (confidence: 0.10)
  📝 Reason: 5m: RSI oversold (29.6); 5m: MACD bearish; 15m: MACD bullish; 1h: MACD bearish

[13:22:55] Cycle 1455
  💰 Current Price: $1982.25
  🎯 Signal: HOLD (confidence: 0.10)
  📝 Reason: 5m: RSI oversold (31.7); 5m: MACD bearish; 15m: MACD bullish; 1h: MACD bearish

[13:23:26] Cycle 1456
  💰 Current Price: $1982.25
  🎯 Signal: HOLD (confidence: 0.10)
  📝 Reason: 5m: RSI oversold (31.7); 5m: MACD bearish; 15m: MACD bullish; 1h: MACD bearish

[13:23:57] Cycle 1457
  💰 Current Price: $1982.10
  🎯 Signal: HOLD (confidence: 0.10)
  📝 Reason: 5m: RSI oversold (31.0); 5m: MACD bearish; 15m: MACD bullish; 1h: MACD bearish

[13:24:27] Cycle 1458
  💰 Current Price: $1981.79
  🎯 Signal: HOLD (confidence: 0.10)
  📝 Reason: 5m: RSI oversold (29.5); 5m: MACD bearish; 15m: MACD bullish; 1h: MACD bearish

[13:24:58] Cycle 1459
  💰 Current Price: $1981.73
  🎯 Signal: HOLD (confidence: 0.10)
  📝 Reason: 5m: RSI oversold (29.2); 5m: MACD bearish; 15m: MACD bullish; 1h: MACD bearish

[13:25:29] Cycle 1460
  💰 Current Price: $1981.98
  🎯 Signal: HOLD (confidence: 0.10)
  📝 Reason: 5m: RSI oversold (24.7); 5m: MACD bearish; 15m: MACD bullish; 1h: MACD bearish

[13:26:00] Cycle 1461
  💰 Current Price: $1981.75
  🎯 Signal: HOLD (confidence: 0.10)
  📝 Reason: 5m: RSI oversold (23.4); 5m: MACD bearish; 15m: MACD bullish; 1h: MACD bearish

[13:26:31] Cycle 1462
  💰 Current Price: $1981.44
  🎯 Signal: HOLD (confidence: 0.10)
  📝 Reason: 5m: RSI oversold (22.8); 5m: MACD bearish; 15m: MACD bullish; 1h: MACD bearish

[13:27:01] Cycle 1463
  💰 Current Price: $1981.01
  🎯 Signal: HOLD (confidence: 0.10)
  📝 Reason: 5m: RSI oversold (22.1); 5m: MACD bearish; 15m: MACD bullish; 1h: MACD bearish

[13:27:32] Cycle 1464
  💰 Current Price: $1981.83
  🎯 Signal: HOLD (confidence: 0.10)
  📝 Reason: 5m: RSI oversold (23.9); 5m: MACD bearish; 15m: MACD bullish; 1h: MACD bearish

[13:28:03] Cycle 1465
  💰 Current Price: $1981.74
  🎯 Signal: HOLD (confidence: 0.10)
  📝 Reason: 5m: RSI oversold (23.3); 5m: MACD bearish; 15m: MACD bullish; 1h: MACD bearish

[13:28:34] Cycle 1466
  💰 Current Price: $1981.74
  🎯 Signal: HOLD (confidence: 0.10)
  📝 Reason: 5m: RSI oversold (23.3); 5m: MACD bearish; 15m: MACD bullish; 1h: MACD bearish

[13:29:04] Cycle 1467
  💰 Current Price: $1982.66
  🎯 Signal: HOLD (confidence: 0.10)
  📝 Reason: 5m: RSI oversold (28.3); 5m: MACD bearish; 15m: MACD bullish; 1h: MACD bearish

[13:29:35] Cycle 1468
  💰 Current Price: $1982.67
  🎯 Signal: HOLD (confidence: 0.10)
  📝 Reason: 5m: RSI oversold (28.4); 5m: MACD bearish; 15m: MACD bullish; 1h: MACD bearish

[13:30:06] Cycle 1469
  💰 Current Price: $1982.55
  🎯 Signal: HOLD (confidence: 0.10)
  📝 Reason: 5m: RSI oversold (26.4); 5m: MACD bearish; 15m: MACD bearish; 1h: MACD bearish

[13:30:37] Cycle 1470
  💰 Current Price: $1982.55
  🎯 Signal: HOLD (confidence: 0.10)
  📝 Reason: 5m: RSI oversold (26.4); 5m: MACD bearish; 15m: MACD bearish; 1h: MACD bearish

[13:31:08] Cycle 1471
  💰 Current Price: $1981.84
  🎯 Signal: HOLD (confidence: 0.10)
  📝 Reason: 5m: RSI oversold (27.0); 5m: MACD bearish; 15m: MACD bearish; 1h: MACD bearish

[13:31:39] Cycle 1472
  💰 Current Price: $1982.66
  🎯 Signal: HOLD (confidence: 0.10)
  📝 Reason: 5m: RSI oversold (27.0); 5m: MACD bearish; 15m: MACD bearish; 1h: MACD bearish

[13:32:10] Cycle 1473
  💰 Current Price: $1982.93
  🎯 Signal: HOLD (confidence: 0.10)
  📝 Reason: 5m: RSI oversold (28.4); 5m: MACD bearish; 15m: MACD bullish; 1h: MACD bearish

[13:32:41] Cycle 1474
  💰 Current Price: $1982.93
  🎯 Signal: HOLD (confidence: 0.10)
  📝 Reason: 5m: RSI oversold (28.4); 5m: MACD bearish; 15m: MACD bullish; 1h: MACD bearish

[13:33:11] Cycle 1475
  💰 Current Price: $1982.93
  🎯 Signal: HOLD (confidence: 0.10)
  📝 Reason: 5m: RSI oversold (28.4); 5m: MACD bearish; 15m: MACD bullish; 1h: MACD bearish

[13:33:42] Cycle 1476
  💰 Current Price: $1982.92
  🎯 Signal: HOLD (confidence: 0.10)
  📝 Reason: 5m: RSI oversold (28.4); 5m: MACD bearish; 15m: MACD bullish; 1h: MACD bearish

[13:34:13] Cycle 1477
  💰 Current Price: $1982.92
  🎯 Signal: HOLD (confidence: 0.10)
  📝 Reason: 5m: RSI oversold (28.4); 5m: MACD bearish; 15m: MACD bullish; 1h: MACD bearish

[13:34:44] Cycle 1478
  💰 Current Price: $1982.12
  🎯 Signal: HOLD (confidence: 0.10)
  📝 Reason: 5m: RSI oversold (25.6); 5m: MACD bearish; 15m: MACD bearish; 1h: MACD bearish

[13:35:15] Cycle 1479
  💰 Current Price: $1981.13
  🎯 Signal: HOLD (confidence: 0.10)
  📝 Reason: 5m: RSI oversold (27.6); 5m: MACD bearish; 15m: MACD bearish; 1h: MACD bearish

[13:35:45] Cycle 1480
  💰 Current Price: $1981.13
  🎯 Signal: HOLD (confidence: 0.10)
  📝 Reason: 5m: RSI oversold (27.6); 5m: MACD bearish; 15m: MACD bearish; 1h: MACD bearish

[13:36:16] Cycle 1481
  💰 Current Price: $1982.34
  🎯 Signal: HOLD (confidence: 0.10)
  📝 Reason: 5m: RSI oversold (31.9); 5m: MACD bearish; 15m: MACD bearish; 1h: MACD bearish

[13:36:47] Cycle 1482
  💰 Current Price: $1982.71
  🎯 Signal: HOLD (confidence: 0.10)
  📝 Reason: 5m: RSI oversold (33.8); 5m: MACD bearish; 15m: MACD bearish; 1h: MACD bearish

[13:37:18] Cycle 1483
  💰 Current Price: $1982.86
  🎯 Signal: HOLD (confidence: 0.10)
  📝 Reason: 5m: RSI oversold (34.5); 5m: MACD bearish; 15m: MACD bullish; 1h: MACD bearish

[13:37:49] Cycle 1484
  💰 Current Price: $1981.58

[13:34:44] Cycle 1483
  💰 Current Price: $1982.12
  🎯 Signal: HOLD (confidence: 0.10)
  📝 Reason: 5m: RSI oversold (25.6); 5m: MACD bearish; 15m: MACD bearish; 1h: MACD bearish

[13:35:15] Cycle 1484
  💰 Current Price: $1981.13
  🎯 Signal: HOLD (confidence: 0.10)
  📝 Reason: 5m: RSI oversold (27.6); 5m: MACD bearish; 15m: MACD bearish; 1h: MACD bearish

[13:35:45] Cycle 1485
  💰 Current Price: $1981.13
  🎯 Signal: HOLD (confidence: 0.10)
  📝 Reason: 5m: RSI oversold (27.6); 5m: MACD bearish; 15m: MACD bearish; 1h: MACD bearish

[13:36:16] Cycle 1486
  💰 Current Price: $1982.34
  🎯 Signal: HOLD (confidence: 0.10)
  📝 Reason: 5m: RSI oversold (31.9); 5m: MACD bearish; 15m: MACD bearish; 1h: MACD bearish

[13:36:47] Cycle 1487
  💰 Current Price: $1982.71
  🎯 Signal: HOLD (confidence: 0.10)
  📝 Reason: 5m: RSI oversold (33.8); 5m: MACD bearish; 15m: MACD bearish; 1h: MACD bearish

[13:37:18] Cycle 1488
  💰 Current Price: $1982.86
  🎯 Signal: HOLD (confidence: 0.10)
  📝 Reason: 5m: RSI oversold (34.5); 5m: MACD bearish; 15m: MACD bullish; 1h: MACD bearish

[13:37:49] Cycle 1489
  💰 Current Price: $1981.58
  🎯 Signal: HOLD (confidence: 0.10)
  📝 Reason: 5m: RSI oversold (28.5); 5m: MACD bearish; 15m: MACD bearish; 1h: MACD bearish

[13:38:20] Cycle 1490
  💰 Current Price: $1981.06
  🎯 Signal: HOLD (confidence: 0.10)
  📝 Reason: 5m: RSI oversold (26.6); 5m: MACD bearish; 15m: MACD bearish; 1h: MACD bearish

[13:38:51] Cycle 1491
  💰 Current Price: $1978.40
  🎯 Signal: HOLD (confidence: 0.10)
  📝 Reason: 5m: RSI oversold (22.9); 5m: MACD bearish; 15m: MACD bearish; 1h: MACD bearish

[13:39:21] Cycle 1492
  💰 Current Price: $1978.75
  🎯 Signal: HOLD (confidence: 0.10)
  📝 Reason: 5m: RSI oversold (22.2); 5m: MACD bearish; 15m: RSI oversold (34.8); 15m: MACD bearish

[13:39:52] Cycle 1493
  💰 Current Price: $1977.95
  🎯 Signal: HOLD (confidence: 0.10)
  📝 Reason: 5m: RSI oversold (22.2); 5m: MACD bearish; 15m: RSI oversold (34.8); 15m: MACD bearish

[13:40:23] Cycle 1494
  💰 Current Price: $1978.96
  🎯 Signal: HOLD (confidence: 0.10)
  📝 Reason: 5m: RSI oversold (27.3); 5m: MACD bearish; 15m: MACD bearish; 1h: MACD bearish

[13:40:54] Cycle 1495
  💰 Current Price: $1978.96
  🎯 Signal: HOLD (confidence: 0.10)
  📝 Reason: 5m: RSI oversold (31.9); 5m: MACD bearish; 15m: MACD bearish; 1h: MACD bearish

[13:41:25] Cycle 1496
  💰 Current Price: $1980.12
  🎯 Signal: HOLD (confidence: 0.10)
  📝 Reason: 5m: RSI oversold (31.9); 5m: MACD bearish; 15m: MACD bearish; 1h: MACD bearish

[13:41:55] Cycle 1497
  💰 Current Price: $1980.12
  🎯 Signal: HOLD (confidence: 0.10)
  📝 Reason: 5m: RSI oversold (31.9); 5m: MACD bearish; 15m: MACD bearish; 1h: MACD bearish

[13:42:26] Cycle 1498
  💰 Current Price: $1981.40
  🎯 Signal: SELL (confidence: 0.20)
  📝 Reason: 5m: MACD bearish; 15m: MACD bearish; 1h: MACD bearish; 4h: RSI oversold (24.4)
  ⚠️ Sell signal but no position

[13:42:57] Cycle 1499
  💰 Current Price: $1981.29
  🎯 Signal: SELL (confidence: 0.20)
  📝 Reason: 5m: MACD bearish; 15m: MACD bearish; 1h: MACD bearish; 4h: RSI oversold (24.4)
  ⚠️ Sell signal but no position

[13:43:28] Cycle 1500
  💰 Current Price: $1981.29
  🎯 Signal: SELL (confidence: 0.20)
  📝 Reason: 5m: MACD bearish; 15m: MACD bearish; 1h: MACD bearish; 4h: RSI oversold (24.4)
  ⚠️ Sell signal but no position

[13:43:59] Cycle 1501
  💰 Current Price: $1981.16
  🎯 Signal: SELL (confidence: 0.20)
  📝 Reason: 5m: MACD bearish; 15m: MACD bearish; 1h: MACD bearish; 4h: RSI oversold (24.4)
  ⚠️ Sell signal but no position

[13:44:30] Cycle 1502
  💰 Current Price: $1981.18
  🎯 Signal: SELL (confidence: 0.20)
  📝 Reason: 5m: MACD bearish; 15m: MACD bearish; 1h: MACD bearish; 4h: RSI oversold (24.4)
  ⚠️ Sell signal but no position

[13:45:01] Cycle 1503
  💰 Current Price: $1981.58
  🎯 Signal: SELL (confidence: 0.20)
  📝 Reason: 5m: MACD bearish; 15m: MACD bearish; 1h: MACD bearish; 4h: RSI oversold (24.4)
  ⚠️ Sell signal but no position

[13:45:32] Cycle 1504
  💰 Current Price: $1980.75
  🎯 Signal: SELL (confidence: 0.20)
  📝 Reason: 5m: MACD bearish; 15m: MACD bearish; 1h: MACD bearish; 4h: RSI oversold (24.3)
  ⚠️ Sell signal but no position

[13:46:03] Cycle 1505
  💰 Current Price: $1980.76
  🎯 Signal: SELL (confidence: 0.20)
  📝 Reason: 5m: MACD bearish; 15m: MACD bearish; 1h: MACD bearish; 4h: RSI oversold (24.3)
  ⚠️ Sell signal but no position

[13:46:33] Cycle 1506
  💰 Current Price: $1981.49
  🎯 Signal: SELL (confidence: 0.20)
  📝 Reason: 5m: MACD bearish; 15m: MACD bearish; 1h: MACD bearish; 4h: RSI oversold (24.5)
  ⚠️ Sell signal but no position

[13:47:04] Cycle 1507
  💰 Current Price: $1982.11
  🎯 Signal: SELL (confidence: 0.20)
  📝 Reason: 5m: MACD bearish; 15m: MACD bearish; 1h: MACD bearish; 4h: RSI oversold (24.5)
  ⚠️ Sell signal but no position

[13:47:35] Cycle 1508
  💰 Current Price: $1982.17
  🎯 Signal: SELL (confidence: 0.20)
  📝 Reason: 5m: MACD bearish; 15m: MACD bearish; 1h: MACD bearish; 4h: RSI oversold (24.5)
  ⚠️ Sell signal but no position

[13:48:06] Cycle 1509
  💰 Current Price: $1982.68
  🎯 Signal: SELL (confidence: 0.20)
  📝 Reason: 5m: MACD bearish; 15m: MACD bearish; 1h: MACD bearish; 4h: RSI oversold (24.5)
  ⚠️ Sell signal but no position

[13:48:36] Cycle 1510
  💰 Current Price: $1981.94
  🎯 Signal: SELL (confidence: 0.20)
  📝 Reason: 5m: MACD bearish; 15m: MACD bearish; 1h: MACD bearish; 4h: RSI oversold (24.5)
  ⚠️ Sell signal but no position

[13:49:07] Cycle 1511
  💰 Current Price: $1982.18
  🎯 Signal: SELL (confidence: 0.20)
  📝 Reason: 5m: MACD bearish; 15m: MACD bearish; 1h: MACD bearish; 4h: RSI oversold (24.5)
  ⚠️ Sell signal but no position

[13:49:38] Cycle 1512
  💰 Current Price: $1982.03
  🎯 Signal: SELL (confidence: 0.20)
  📝 Reason: 5m: MACD bearish; 15m: MACD bearish; 1h: MACD bearish; 4h: RSI oversold (24.4)
  ⚠️ Sell signal but no position

[13:50:09] Cycle 1513
  💰 Current Price: $1981.99
  🎯 Signal: SELL (confidence: 0.20)
  📝 Reason: 5m: MACD bearish; 15m: MACD bearish; 1h: MACD bearish; 4h: RSI oversold (24.4)
  ⚠️ Sell signal but no position

[13:50:40] Cycle 1514
  💰 Current Price: $1981.43
  🎯 Signal: SELL (confidence: 0.20)
  📝 Reason: 5m: MACD bearish; 15m: MACD bearish; 1h: MACD bearish; 4h: RSI oversold (24.4)
  ⚠️ Sell signal but no position

[13:51:11] Cycle 1515
  💰 Current Price: $1981.93
  🎯 Signal: SELL (confidence: 0.20)
  📝 Reason: 5m: MACD bearish; 15m: MACD bearish; 1h: MACD bearish; 4h: RSI oversold (24.5)
  ⚠️ Sell signal but no position

[13:51:42] Cycle 1516
  💰 Current Price: $1982.05
  🎯 Signal: SELL (confidence: 0.20)
  📝 Reason: 5m: MACD bearish; 15m: MACD bearish; 1h: MACD bearish; 4h: RSI oversold (24.5)
  ⚠️ Sell signal but no position

[13:52:12] Cycle 1517
  💰 Current Price: $1982.57
  🎯 Signal: SELL (confidence: 0.20)
  📝 Reason: 5m: MACD bearish; 15m: MACD bearish; 1h: MACD bearish; 4h: RSI oversold (24.5)
  ⚠️ Sell signal but no position

[13:52:43] Cycle 1518
  💰 Current Price: $1982.38
  🎯 Signal: SELL (confidence: 0.20)
  📝 Reason: 5m: MACD bearish; 15m: MACD bearish; 1h: MACD bearish; 4h: RSI oversold (24.5)
  ⚠️ Sell signal but no position

[13:53:14] Cycle 1519
  💰 Current Price: $1982.90
  🎯 Signal: SELL (confidence: 0.20)
  📝 Reason: 5m: MACD bearish; 15m: MACD bearish; 1h: MACD bearish; 4h: RSI oversold (24.6)
  ⚠️ Sell signal but no position

[13:53:45] Cycle 1520
  💰 Current Price: $1982.90
  🎯 Signal: SELL (confidence: 0.20)
  📝 Reason: 5m: MACD bearish; 15m: MACD bearish; 1h: MACD bearish; 4h: RSI oversold (24.6)
  ⚠️ Sell signal but no position

[13:54:16] Cycle 1521
  💰 Current Price: $1981.63
  🎯 Signal: SELL (confidence: 0.20)
  📝 Reason: 5m: MACD bearish; 15m: MACD bearish; 1h: MACD bearish; 4h: RSI oversold (24.4)
  🎯 Signal: HOLD (confidence: 0.10)
  📝 Reason: 5m: RSI oversold (28.5); 5m: MACD bearish; 15m: MACD bearish; 1h: MACD bearish

[13:38:20] Cycle 1485
  💰 Current Price: $1981.06
  🎯 Signal: HOLD (confidence: 0.10)
  📝 Reason: 5m: RSI oversold (26.6); 5m: MACD bearish; 15m: MACD bearish; 1h: MACD bearish

[13:38:51] Cycle 1486
  💰 Current Price: $1978.40
  🎯 Signal: HOLD (confidence: 0.10)
  📝 Reason: 5m: RSI oversold (22.9); 5m: MACD bearish; 15m: MACD bearish; 1h: MACD bearish

[13:39:21] Cycle 1487
  💰 Current Price: $1978.75
  🎯 Signal: HOLD (confidence: 0.10)
  📝 Reason: 5m: RSI oversold (22.2); 5m: MACD bearish; 15m: RSI oversold (34.8); 15m: MACD bearish

[13:39:52] Cycle 1488
  💰 Current Price: $1977.95
  🎯 Signal: HOLD (confidence: 0.10)
  📝 Reason: 5m: RSI oversold (22.2); 5m: MACD bearish; 15m: RSI oversold (34.8); 15m: MACD bearish

[13:40:23] Cycle 1489
  💰 Current Price: $1978.96
  🎯 Signal: HOLD (confidence: 0.10)
  📝 Reason: 5m: RSI oversold (27.3); 5m: MACD bearish; 15m: MACD bearish; 1h: MACD bearish

[13:40:54] Cycle 1490
  💰 Current Price: $1978.96
  🎯 Signal: HOLD (confidence: 0.10)
  📝 Reason: 5m: RSI oversold (31.9); 5m: MACD bearish; 15m: MACD bearish; 1h: MACD bearish

[13:41:25] Cycle 1491
  💰 Current Price: $1980.12
  🎯 Signal: HOLD (confidence: 0.10)
  📝 Reason: 5m: RSI oversold (31.9); 5m: MACD bearish; 15m: MACD bearish; 1h: MACD bearish

[13:41:56] Cycle 1492
  💰 Current Price: $1980.12
  🎯 Signal: HOLD (confidence: 0.10)
  📝 Reason: 5m: RSI oversold (31.9); 5m: MACD bearish; 15m: MACD bearish; 1h: MACD bearish

[13:42:26] Cycle 1493
  💰 Current Price: $1981.40
  🎯 Signal: SELL (confidence: 0.20)
  📝 Reason: 5m: MACD bearish; 15m: MACD bearish; 1h: MACD bearish; 4h: RSI oversold (24.4)
  ⚠️ Sell signal but no position

[13:42:57] Cycle 1494
  💰 Current Price: $1981.29
  🎯 Signal: SELL (confidence: 0.20)
  📝 Reason: 5m: MACD bearish; 15m: MACD bearish; 1h: MACD bearish; 4h: RSI oversold (24.4)
  ⚠️ Sell signal but no position

[13:43:28] Cycle 1495
  💰 Current Price: $1981.29
  🎯 Signal: SELL (confidence: 0.20)
  📝 Reason: 5m: MACD bearish; 15m: MACD bearish; 1h: MACD bearish; 4h: RSI oversold (24.4)
  ⚠️ Sell signal but no position

[13:43:59] Cycle 1496
  💰 Current Price: $1981.16
  🎯 Signal: SELL (confidence: 0.20)
  📝 Reason: 5m: MACD bearish; 15m: MACD bearish; 1h: MACD bearish; 4h: RSI oversold (24.4)
  ⚠️ Sell signal but no position

[13:44:30] Cycle 1497
  💰 Current Price: $1981.18
  🎯 Signal: SELL (confidence: 0.20)
  📝 Reason: 5m: MACD bearish; 15m: MACD bearish; 1h: MACD bearish; 4h: RSI oversold (24.4)
  ⚠️ Sell signal but no position

[13:45:01] Cycle 1498
  💰 Current Price: $1981.58
  🎯 Signal: SELL (confidence: 0.20)
  📝 Reason: 5m: MACD bearish; 15m: MACD bearish; 1h: MACD bearish; 4h: RSI oversold (24.4)
  ⚠️ Sell signal but no position

[13:45:32] Cycle 1499
  💰 Current Price: $1980.75
  🎯 Signal: SELL (confidence: 0.20)
  📝 Reason: 5m: MACD bearish; 15m: MACD bearish; 1h: MACD bearish; 4h: RSI oversold (24.3)
  ⚠️ Sell signal but no position

[13:46:02] Cycle 1500
  💰 Current Price: $1980.76
  🎯 Signal: SELL (confidence: 0.20)
  📝 Reason: 5m: MACD bearish; 15m: MACD bearish; 1h: MACD bearish; 4h: RSI oversold (24.3)
  ⚠️ Sell signal but no position

[13:46:33] Cycle 1501
  💰 Current Price: $1981.49
  🎯 Signal: SELL (confidence: 0.20)
  📝 Reason: 5m: MACD bearish; 15m: MACD bearish; 1h: MACD bearish; 4h: RSI oversold (24.5)
  ⚠️ Sell signal but no position

[13:47:04] Cycle 1502
  💰 Current Price: $1982.11
  🎯 Signal: SELL (confidence: 0.20)
  📝 Reason: 5m: MACD bearish; 15m: MACD bearish; 1h: MACD bearish; 4h: RSI oversold (24.5)
  ⚠️ Sell signal but no position

[13:47:35] Cycle 1503
  💰 Current Price: $1982.17
  🎯 Signal: SELL (confidence: 0.20)
  📝 Reason: 5m: MACD bearish; 15m: MACD bearish; 1h: MACD bearish; 4h: RSI oversold (24.5)
  ⚠️ Sell signal but no position

[13:48:06] Cycle 1504
  💰 Current Price: $1982.68
  🎯 Signal: SELL (confidence: 0.20)
  📝 Reason: 5m: MACD bearish; 15m: MACD bearish; 1h: MACD bearish; 4h: RSI oversold (24.5)
  ⚠️ Sell signal but no position

[13:48:36] Cycle 1505
  💰 Current Price: $1981.94
  🎯 Signal: SELL (confidence: 0.20)
  📝 Reason: 5m: MACD bearish; 15m: MACD bearish; 1h: MACD bearish; 4h: RSI oversold (24.5)
  ⚠️ Sell signal but no position

[13:49:07] Cycle 1506
  💰 Current Price: $1982.18
  🎯 Signal: SELL (confidence: 0.20)
  📝 Reason: 5m: MACD bearish; 15m: MACD bearish; 1h: MACD bearish; 4h: RSI oversold (24.5)
  ⚠️ Sell signal but no position

[13:49:38] Cycle 1507
  💰 Current Price: $1982.03
  🎯 Signal: SELL (confidence: 0.20)
  📝 Reason: 5m: MACD bearish; 15m: MACD bearish; 1h: MACD bearish; 4h: RSI oversold (24.4)
  ⚠️ Sell signal but no position

[13:50:09] Cycle 1508
  💰 Current Price: $1981.99
  🎯 Signal: SELL (confidence: 0.20)
  📝 Reason: 5m: MACD bearish; 15m: MACD bearish; 1h: MACD bearish; 4h: RSI oversold (24.4)
  ⚠️ Sell signal but no position

[13:50:40] Cycle 1509
  💰 Current Price: $1981.43
  🎯 Signal: SELL (confidence: 0.20)
  📝 Reason: 5m: MACD bearish; 15m: MACD bearish; 1h: MACD bearish; 4h: RSI oversold (24.4)
  ⚠️ Sell signal but no position

[13:51:11] Cycle 1510
  💰 Current Price: $1981.93
  🎯 Signal: SELL (confidence: 0.20)
  📝 Reason: 5m: MACD bearish; 15m: MACD bearish; 1h: MACD bearish; 4h: RSI oversold (24.5)
  ⚠️ Sell signal but no position

[13:51:42] Cycle 1511
  💰 Current Price: $1982.05
  🎯 Signal: SELL (confidence: 0.20)
  📝 Reason: 5m: MACD bearish; 15m: MACD bearish; 1h: MACD bearish; 4h: RSI oversold (24.5)
  ⚠️ Sell signal but no position

[13:52:12] Cycle 1512
  💰 Current Price: $1982.57
  🎯 Signal: SELL (confidence: 0.20)
  📝 Reason: 5m: MACD bearish; 15m: MACD bearish; 1h: MACD bearish; 4h: RSI oversold (24.5)
  ⚠️ Sell signal but no position

[13:52:43] Cycle 1513
  💰 Current Price: $1982.38
  🎯 Signal: SELL (confidence: 0.20)
  📝 Reason: 5m: MACD bearish; 15m: MACD bearish; 1h: MACD bearish; 4h: RSI oversold (24.5)
  ⚠️ Sell signal but no position

[13:53:14] Cycle 1514
  💰 Current Price: $1982.90
  🎯 Signal: SELL (confidence: 0.20)
  📝 Reason: 5m: MACD bearish; 15m: MACD bearish; 1h: MACD bearish; 4h: RSI oversold (24.6)
  ⚠️ Sell signal but no position

[13:53:45] Cycle 1515
  💰 Current Price: $1982.90
  🎯 Signal: SELL (confidence: 0.20)
  📝 Reason: 5m: MACD bearish; 15m: MACD bearish; 1h: MACD bearish; 4h: RSI oversold (24.6)
  ⚠️ Sell signal but no position

[13:54:16] Cycle 1516
  💰 Current Price: $1981.63
  🎯 Signal: SELL (confidence: 0.20)
  📝 Reason: 5m: MACD bearish; 15m: MACD bearish; 1h: MACD bearish; 4h: RSI oversold (24.4)
  ⚠️ Sell signal but no position

[13:54:47] Cycle 1517
  💰 Current Price: $1981.68
  🎯 Signal: SELL (confidence: 0.20)
  📝 Reason: 5m: MACD bearish; 15m: MACD bearish; 1h: MACD bearish; 4h: RSI oversold (24.5)
  ⚠️ Sell signal but no position

[13:55:18] Cycle 1518
  💰 Current Price: $1981.55
  🎯 Signal: SELL (confidence: 0.20)
  📝 Reason: 5m: MACD bearish; 15m: MACD bearish; 1h: MACD bearish; 4h: RSI oversold (24.4)
  ⚠️ Sell signal but no position

[13:55:49] Cycle 1519
  💰 Current Price: $1981.30
  🎯 Signal: SELL (confidence: 0.20)
  📝 Reason: 5m: MACD bearish; 15m: MACD bearish; 1h: MACD bearish; 4h: RSI oversold (24.4)
  ⚠️ Sell signal but no position

[13:56:19] Cycle 1520
  💰 Current Price: $1981.29
  🎯 Signal: SELL (confidence: 0.20)
  📝 Reason: 5m: MACD bearish; 15m: MACD bearish; 1h: MACD bearish; 4h: RSI oversold (24.4)
  ⚠️ Sell signal but no position

[13:56:50] Cycle 1521
  💰 Current Price: $1981.39
  🎯 Signal: SELL (confidence: 0.20)
  📝 Reason: 5m: MACD bearish; 15m: MACD bearish; 1h: MACD bearish; 4h: RSI oversold (24.4)
  ⚠️ Sell signal but no position

[13:57:21] Cycle 1522
  ⚠️ Sell signal but no position

[13:54:47] Cycle 1522
  💰 Current Price: $1981.68
  🎯 Signal: SELL (confidence: 0.20)
  📝 Reason: 5m: MACD bearish; 15m: MACD bearish; 1h: MACD bearish; 4h: RSI oversold (24.5)
  ⚠️ Sell signal but no position

[13:55:18] Cycle 1523
  💰 Current Price: $1981.55
  🎯 Signal: SELL (confidence: 0.20)
  📝 Reason: 5m: MACD bearish; 15m: MACD bearish; 1h: MACD bearish; 4h: RSI oversold (24.4)
  ⚠️ Sell signal but no position

[13:55:49] Cycle 1524
  💰 Current Price: $1981.30
  🎯 Signal: SELL (confidence: 0.20)
  📝 Reason: 5m: MACD bearish; 15m: MACD bearish; 1h: MACD bearish; 4h: RSI oversold (24.4)
  ⚠️ Sell signal but no position

[13:56:20] Cycle 1525
  💰 Current Price: $1981.29
  🎯 Signal: SELL (confidence: 0.20)
  📝 Reason: 5m: MACD bearish; 15m: MACD bearish; 1h: MACD bearish; 4h: RSI oversold (24.4)
  ⚠️ Sell signal but no position

[13:56:51] Cycle 1526
  💰 Current Price: $1981.39
  🎯 Signal: SELL (confidence: 0.20)
  📝 Reason: 5m: MACD bearish; 15m: MACD bearish; 1h: MACD bearish; 4h: RSI oversold (24.4)
  ⚠️ Sell signal but no position

[13:57:21] Cycle 1527
  💰 Current Price: $1981.05
  🎯 Signal: SELL (confidence: 0.20)
  📝 Reason: 5m: MACD bearish; 15m: MACD bearish; 1h: MACD bearish; 4h: RSI oversold (24.4)
  ⚠️ Sell signal but no position

[13:57:52] Cycle 1528
  💰 Current Price: $1980.88
  🎯 Signal: SELL (confidence: 0.20)
  📝 Reason: 5m: MACD bearish; 15m: MACD bearish; 1h: MACD bearish; 4h: RSI oversold (24.4)
  ⚠️ Sell signal but no position

[13:58:23] Cycle 1529
  💰 Current Price: $1980.36
  🎯 Signal: SELL (confidence: 0.20)
  📝 Reason: 5m: MACD bearish; 15m: MACD bearish; 1h: MACD bearish; 4h: RSI oversold (24.3)
  ⚠️ Sell signal but no position

[13:58:54] Cycle 1530
  💰 Current Price: $1980.88
  🎯 Signal: SELL (confidence: 0.20)
  📝 Reason: 5m: MACD bearish; 15m: MACD bearish; 1h: MACD bearish; 4h: RSI oversold (24.4)
  ⚠️ Sell signal but no position

[13:59:25] Cycle 1531
  💰 Current Price: $1981.70
  🎯 Signal: SELL (confidence: 0.20)
  📝 Reason: 5m: MACD bearish; 15m: MACD bearish; 1h: MACD bearish; 4h: RSI oversold (24.4)
  ⚠️ Sell signal but no position

[13:59:56] Cycle 1532
  💰 Current Price: $1982.02
  🎯 Signal: SELL (confidence: 0.20)
  📝 Reason: 5m: MACD bearish; 15m: MACD bearish; 1h: MACD bearish; 4h: RSI oversold (24.5)
  ⚠️ Sell signal but no position

[14:00:27] Cycle 1533
  💰 Current Price: $1981.68
  🎯 Signal: HOLD (confidence: 0.10)
  📝 Reason: 5m: MACD bearish; 15m: MACD bearish; 1h: MACD bullish; 4h: RSI oversold (24.4)

[14:00:57] Cycle 1534
  💰 Current Price: $1981.68
  🎯 Signal: HOLD (confidence: 0.10)
  📝 Reason: 5m: MACD bearish; 15m: MACD bearish; 1h: MACD bullish; 4h: RSI oversold (24.3)

[14:01:28] Cycle 1535
  💰 Current Price: $1979.68
  🎯 Signal: HOLD (confidence: 0.10)
  📝 Reason: 5m: MACD bearish; 15m: MACD bearish; 1h: MACD bullish; 4h: RSI oversold (24.2)

[14:01:59] Cycle 1536
  💰 Current Price: $1977.41
  🎯 Signal: SELL (confidence: 0.20)
  📝 Reason: 5m: MACD bearish; 15m: MACD bearish; 1h: MACD bearish; 4h: RSI oversold (24.0)
  ⚠️ Sell signal but no position

[14:02:30] Cycle 1537
  💰 Current Price: $1977.12
  🎯 Signal: SELL (confidence: 0.20)
  📝 Reason: 5m: MACD bearish; 15m: MACD bearish; 1h: MACD bearish; 4h: RSI oversold (24.0)
  ⚠️ Sell signal but no position

[14:03:01] Cycle 1538
  💰 Current Price: $1976.76
  🎯 Signal: HOLD (confidence: 0.10)
  📝 Reason: 5m: RSI oversold (34.9); 5m: MACD bearish; 15m: MACD bearish; 1h: MACD bearish

[14:03:32] Cycle 1539
  💰 Current Price: $1978.41
  🎯 Signal: SELL (confidence: 0.20)
  📝 Reason: 5m: MACD bearish; 15m: MACD bearish; 1h: MACD bearish; 4h: RSI oversold (24.1)
  ⚠️ Sell signal but no position

[14:04:02] Cycle 1540
  💰 Current Price: $1978.80
  🎯 Signal: SELL (confidence: 0.20)
  📝 Reason: 5m: MACD bearish; 15m: MACD bearish; 1h: MACD bearish; 4h: RSI oversold (24.2)
  ⚠️ Sell signal but no position

[14:04:33] Cycle 1541
  💰 Current Price: $1978.38
  🎯 Signal: SELL (confidence: 0.20)
  📝 Reason: 5m: MACD bearish; 15m: MACD bearish; 1h: MACD bearish; 4h: RSI oversold (24.1)
  ⚠️ Sell signal but no position

[14:05:04] Cycle 1542
  💰 Current Price: $1978.27
  🎯 Signal: SELL (confidence: 0.20)
  📝 Reason: 5m: MACD bearish; 15m: MACD bearish; 1h: MACD bearish; 4h: RSI oversold (24.1)
  ⚠️ Sell signal but no position

[14:05:35] Cycle 1543
  💰 Current Price: $1978.27
  🎯 Signal: SELL (confidence: 0.20)
  📝 Reason: 5m: MACD bearish; 15m: MACD bearish; 1h: MACD bearish; 4h: RSI oversold (24.1)
  ⚠️ Sell signal but no position

[14:06:06] Cycle 1544
  💰 Current Price: $1978.25
  🎯 Signal: SELL (confidence: 0.20)
  📝 Reason: 5m: MACD bearish; 15m: MACD bearish; 1h: MACD bearish; 4h: RSI oversold (24.1)
  ⚠️ Sell signal but no position

[14:06:37] Cycle 1545
  💰 Current Price: $1976.74
  🎯 Signal: SELL (confidence: 0.20)
  📝 Reason: 5m: MACD bearish; 15m: MACD bearish; 1h: MACD bearish; 4h: RSI oversold (24.0)
  ⚠️ Sell signal but no position

[14:07:07] Cycle 1546
  💰 Current Price: $1977.55
  🎯 Signal: SELL (confidence: 0.20)
  📝 Reason: 5m: MACD bearish; 15m: MACD bearish; 1h: MACD bearish; 4h: RSI oversold (24.0)
  ⚠️ Sell signal but no position

[14:07:38] Cycle 1547
  💰 Current Price: $1977.50
  🎯 Signal: SELL (confidence: 0.20)
  📝 Reason: 5m: MACD bearish; 15m: MACD bearish; 1h: MACD bearish; 4h: RSI oversold (24.0)
  ⚠️ Sell signal but no position

[14:08:09] Cycle 1548
  💰 Current Price: $1976.26
  🎯 Signal: HOLD (confidence: 0.10)
  📝 Reason: 5m: RSI oversold (34.9); 5m: MACD bearish; 15m: MACD bearish; 1h: MACD bearish

[14:08:40] Cycle 1549
  💰 Current Price: $1976.28
  🎯 Signal: HOLD (confidence: 0.10)
  📝 Reason: 5m: RSI oversold (34.9); 5m: MACD bearish; 15m: MACD bearish; 1h: MACD bearish

[14:09:11] Cycle 1550
  💰 Current Price: $1976.14
  🎯 Signal: HOLD (confidence: 0.10)
  📝 Reason: 5m: RSI oversold (34.6); 5m: MACD bearish; 15m: MACD bearish; 1h: MACD bearish

[14:09:42] Cycle 1551
  💰 Current Price: $1975.61
  🎯 Signal: HOLD (confidence: 0.10)
  📝 Reason: 5m: RSI oversold (33.8); 5m: MACD bearish; 15m: RSI oversold (35.0); 15m: MACD bearish

[14:10:13] Cycle 1552
  💰 Current Price: $1974.13
  🎯 Signal: HOLD (confidence: 0.10)
  📝 Reason: 5m: RSI oversold (28.8); 5m: MACD bearish; 15m: MACD bearish; 1h: MACD bearish

[14:10:43] Cycle 1553
  💰 Current Price: $1975.02
  🎯 Signal: HOLD (confidence: 0.10)
  📝 Reason: 5m: RSI oversold (28.6); 5m: MACD bearish; 15m: RSI oversold (35.0); 15m: MACD bearish

[14:11:14] Cycle 1554
  💰 Current Price: $1974.40
  🎯 Signal: HOLD (confidence: 0.10)
  📝 Reason: 5m: RSI oversold (26.8); 5m: MACD bearish; 15m: RSI oversold (34.4); 15m: MACD bearish

[14:11:45] Cycle 1555
  💰 Current Price: $1972.00
  🎯 Signal: HOLD (confidence: 0.10)
  📝 Reason: 5m: RSI oversold (24.0); 5m: MACD bearish; 15m: RSI oversold (32.1); 15m: MACD bearish

[14:12:16] Cycle 1556
  💰 Current Price: $1973.01
  🎯 Signal: HOLD (confidence: 0.10)
  📝 Reason: 5m: RSI oversold (25.5); 5m: MACD bearish; 15m: RSI oversold (33.3); 15m: MACD bearish

[14:12:47] Cycle 1557
  💰 Current Price: $1971.30
  🎯 Signal: HOLD (confidence: 0.10)
  📝 Reason: 5m: RSI oversold (23.2); 5m: MACD bearish; 15m: RSI oversold (31.5); 15m: MACD bearish

[14:13:18] Cycle 1558
  💰 Current Price: $1971.67
  🎯 Signal: HOLD (confidence: 0.10)
  📝 Reason: 5m: RSI oversold (23.7); 5m: MACD bearish; 15m: RSI oversold (31.9); 15m: MACD bearish

[14:13:49] Cycle 1559
  💰 Current Price: $1971.00
  🎯 Signal: HOLD (confidence: 0.10)
  📝 Reason: 5m: RSI oversold (22.9); 5m: MACD bearish; 15m: RSI oversold (31.3); 15m: MACD bearish

[14:14:20] Cycle 1560
  💰 Current Price: $1972.28
  🎯 Signal: HOLD (confidence: 0.10)
  💰 Current Price: $1981.05
  🎯 Signal: SELL (confidence: 0.20)
  📝 Reason: 5m: MACD bearish; 15m: MACD bearish; 1h: MACD bearish; 4h: RSI oversold (24.4)
  ⚠️ Sell signal but no position

[13:57:52] Cycle 1523
  💰 Current Price: $1980.88
  🎯 Signal: SELL (confidence: 0.20)
  📝 Reason: 5m: MACD bearish; 15m: MACD bearish; 1h: MACD bearish; 4h: RSI oversold (24.4)
  ⚠️ Sell signal but no position

[13:58:23] Cycle 1524
  💰 Current Price: $1980.36
  🎯 Signal: SELL (confidence: 0.20)
  📝 Reason: 5m: MACD bearish; 15m: MACD bearish; 1h: MACD bearish; 4h: RSI oversold (24.3)
  ⚠️ Sell signal but no position

[13:58:54] Cycle 1525
  💰 Current Price: $1980.88
  🎯 Signal: SELL (confidence: 0.20)
  📝 Reason: 5m: MACD bearish; 15m: MACD bearish; 1h: MACD bearish; 4h: RSI oversold (24.4)
  ⚠️ Sell signal but no position

[13:59:25] Cycle 1526
  💰 Current Price: $1981.70
  🎯 Signal: SELL (confidence: 0.20)
  📝 Reason: 5m: MACD bearish; 15m: MACD bearish; 1h: MACD bearish; 4h: RSI oversold (24.4)
  ⚠️ Sell signal but no position

[13:59:56] Cycle 1527
  💰 Current Price: $1982.02
  🎯 Signal: SELL (confidence: 0.20)
  📝 Reason: 5m: MACD bearish; 15m: MACD bearish; 1h: MACD bearish; 4h: RSI oversold (24.5)
  ⚠️ Sell signal but no position

[14:00:27] Cycle 1528
  💰 Current Price: $1981.68
  🎯 Signal: HOLD (confidence: 0.10)
  📝 Reason: 5m: MACD bearish; 15m: MACD bearish; 1h: MACD bullish; 4h: RSI oversold (24.4)

[14:00:57] Cycle 1529
  💰 Current Price: $1981.68
  🎯 Signal: HOLD (confidence: 0.10)
  📝 Reason: 5m: MACD bearish; 15m: MACD bearish; 1h: MACD bullish; 4h: RSI oversold (24.3)

[14:01:28] Cycle 1530
  💰 Current Price: $1979.68
  🎯 Signal: HOLD (confidence: 0.10)
  📝 Reason: 5m: MACD bearish; 15m: MACD bearish; 1h: MACD bullish; 4h: RSI oversold (24.2)

[14:01:59] Cycle 1531
  💰 Current Price: $1977.41
  🎯 Signal: SELL (confidence: 0.20)
  📝 Reason: 5m: MACD bearish; 15m: MACD bearish; 1h: MACD bearish; 4h: RSI oversold (24.0)
  ⚠️ Sell signal but no position

[14:02:30] Cycle 1532
  💰 Current Price: $1977.12
  🎯 Signal: SELL (confidence: 0.20)
  📝 Reason: 5m: MACD bearish; 15m: MACD bearish; 1h: MACD bearish; 4h: RSI oversold (24.0)
  ⚠️ Sell signal but no position

[14:03:01] Cycle 1533
  💰 Current Price: $1976.76
  🎯 Signal: HOLD (confidence: 0.10)
  📝 Reason: 5m: RSI oversold (34.9); 5m: MACD bearish; 15m: MACD bearish; 1h: MACD bearish

[14:03:32] Cycle 1534
  💰 Current Price: $1978.41
  🎯 Signal: SELL (confidence: 0.20)
  📝 Reason: 5m: MACD bearish; 15m: MACD bearish; 1h: MACD bearish; 4h: RSI oversold (24.1)
  ⚠️ Sell signal but no position

[14:04:02] Cycle 1535
  💰 Current Price: $1978.80
  🎯 Signal: SELL (confidence: 0.20)
  📝 Reason: 5m: MACD bearish; 15m: MACD bearish; 1h: MACD bearish; 4h: RSI oversold (24.2)
  ⚠️ Sell signal but no position

[14:04:33] Cycle 1536
  💰 Current Price: $1978.33
  🎯 Signal: SELL (confidence: 0.20)
  📝 Reason: 5m: MACD bearish; 15m: MACD bearish; 1h: MACD bearish; 4h: RSI oversold (24.1)
  ⚠️ Sell signal but no position

[14:05:04] Cycle 1537
  💰 Current Price: $1978.27
  🎯 Signal: SELL (confidence: 0.20)
  📝 Reason: 5m: MACD bearish; 15m: MACD bearish; 1h: MACD bearish; 4h: RSI oversold (24.1)
  ⚠️ Sell signal but no position

[14:05:35] Cycle 1538
  💰 Current Price: $1978.27
  🎯 Signal: SELL (confidence: 0.20)
  📝 Reason: 5m: MACD bearish; 15m: MACD bearish; 1h: MACD bearish; 4h: RSI oversold (24.1)
  ⚠️ Sell signal but no position

[14:06:06] Cycle 1539
  💰 Current Price: $1978.25
  🎯 Signal: SELL (confidence: 0.20)
  📝 Reason: 5m: MACD bearish; 15m: MACD bearish; 1h: MACD bearish; 4h: RSI oversold (24.1)
  ⚠️ Sell signal but no position

[14:06:37] Cycle 1540
  💰 Current Price: $1976.74
  🎯 Signal: SELL (confidence: 0.20)
  📝 Reason: 5m: MACD bearish; 15m: MACD bearish; 1h: MACD bearish; 4h: RSI oversold (24.0)
  ⚠️ Sell signal but no position

[14:07:07] Cycle 1541
  💰 Current Price: $1977.55
  🎯 Signal: SELL (confidence: 0.20)
  📝 Reason: 5m: MACD bearish; 15m: MACD bearish; 1h: MACD bearish; 4h: RSI oversold (24.0)
  ⚠️ Sell signal but no position

[14:07:39] Cycle 1542
  💰 Current Price: $1977.50
  🎯 Signal: SELL (confidence: 0.20)
  📝 Reason: 5m: MACD bearish; 15m: MACD bearish; 1h: MACD bearish; 4h: RSI oversold (24.0)
  ⚠️ Sell signal but no position

[14:08:09] Cycle 1543
  💰 Current Price: $1976.26
  🎯 Signal: HOLD (confidence: 0.10)
  📝 Reason: 5m: RSI oversold (34.9); 5m: MACD bearish; 15m: MACD bearish; 1h: MACD bearish

[14:08:40] Cycle 1544
  💰 Current Price: $1976.28
  🎯 Signal: HOLD (confidence: 0.10)
  📝 Reason: 5m: RSI oversold (34.9); 5m: MACD bearish; 15m: MACD bearish; 1h: MACD bearish

[14:09:11] Cycle 1545
  💰 Current Price: $1976.14
  🎯 Signal: HOLD (confidence: 0.10)
  📝 Reason: 5m: RSI oversold (34.6); 5m: MACD bearish; 15m: MACD bearish; 1h: MACD bearish

[14:09:42] Cycle 1546
  💰 Current Price: $1975.61
  🎯 Signal: HOLD (confidence: 0.10)
  📝 Reason: 5m: RSI oversold (33.8); 5m: MACD bearish; 15m: RSI oversold (35.0); 15m: MACD bearish

[14:10:13] Cycle 1547
  💰 Current Price: $1974.13
  🎯 Signal: HOLD (confidence: 0.10)
  📝 Reason: 5m: RSI oversold (28.8); 5m: MACD bearish; 15m: MACD bearish; 1h: MACD bearish

[14:10:43] Cycle 1548
  💰 Current Price: $1975.02
  🎯 Signal: HOLD (confidence: 0.10)
  📝 Reason: 5m: RSI oversold (28.6); 5m: MACD bearish; 15m: RSI oversold (35.0); 15m: MACD bearish

[14:11:14] Cycle 1549
  💰 Current Price: $1974.40
  🎯 Signal: HOLD (confidence: 0.10)
  📝 Reason: 5m: RSI oversold (26.8); 5m: MACD bearish; 15m: RSI oversold (34.4); 15m: MACD bearish

[14:11:45] Cycle 1550
  💰 Current Price: $1972.00
  🎯 Signal: HOLD (confidence: 0.10)
  📝 Reason: 5m: RSI oversold (24.0); 5m: MACD bearish; 15m: RSI oversold (32.1); 15m: MACD bearish

[14:12:16] Cycle 1551
  💰 Current Price: $1973.01
  🎯 Signal: HOLD (confidence: 0.10)
  📝 Reason: 5m: RSI oversold (25.5); 5m: MACD bearish; 15m: RSI oversold (33.3); 15m: MACD bearish

[14:12:47] Cycle 1552
  💰 Current Price: $1971.30
  🎯 Signal: HOLD (confidence: 0.10)
  📝 Reason: 5m: RSI oversold (23.2); 5m: MACD bearish; 15m: RSI oversold (31.5); 15m: MACD bearish

[14:13:18] Cycle 1553
  💰 Current Price: $1971.67
  🎯 Signal: HOLD (confidence: 0.10)
  📝 Reason: 5m: RSI oversold (23.7); 5m: MACD bearish; 15m: RSI oversold (31.9); 15m: MACD bearish

[14:13:49] Cycle 1554
  💰 Current Price: $1971.00
  🎯 Signal: HOLD (confidence: 0.10)
  📝 Reason: 5m: RSI oversold (22.9); 5m: MACD bearish; 15m: RSI oversold (31.3); 15m: MACD bearish

[14:14:20] Cycle 1555
  💰 Current Price: $1972.28
  🎯 Signal: HOLD (confidence: 0.10)
  📝 Reason: 5m: RSI oversold (24.3); 5m: MACD bearish; 15m: RSI oversold (32.4); 15m: MACD bearish

[14:14:50] Cycle 1556
  💰 Current Price: $1974.07
  🎯 Signal: HOLD (confidence: 0.10)
  📝 Reason: 5m: RSI oversold (26.4); 5m: MACD bearish; 15m: RSI oversold (34.0); 15m: MACD bearish

[14:15:21] Cycle 1557
  💰 Current Price: $1974.81
  🎯 Signal: HOLD (confidence: 0.10)
  📝 Reason: 5m: RSI oversold (31.2); 5m: MACD bearish; 15m: MACD bearish; 1h: MACD bearish

[14:15:52] Cycle 1558
  💰 Current Price: $1974.81
  🎯 Signal: HOLD (confidence: 0.10)
  📝 Reason: 5m: RSI oversold (33.6); 5m: MACD bearish; 15m: MACD bearish; 1h: MACD bearish

[14:16:23] Cycle 1559
  💰 Current Price: $1974.46
  🎯 Signal: HOLD (confidence: 0.10)
  📝 Reason: 5m: RSI oversold (30.0); 5m: MACD bearish; 15m: MACD bearish; 1h: MACD bearish

[14:16:53] Cycle 1560
  💰 Current Price: $1974.47
  🎯 Signal: HOLD (confidence: 0.10)
  📝 Reason: 5m: RSI oversold (31.6); 5m: MACD bearish; 15m: MACD bearish; 1h: MACD bearish

[14:17:24] Cycle 1561
  💰 Current Price: $1975.48
  🎯 Signal: HOLD (confidence: 0.10)
  📝 Reason: 5m: RSI oversold (33.5); 5m: MACD bearish; 15m: MACD bearish; 1h: MACD bearish

[14:17:55] Cycle 1562
  📝 Reason: 5m: RSI oversold (24.3); 5m: MACD bearish; 15m: RSI oversold (32.4); 15m: MACD bearish

[14:14:50] Cycle 1561
  💰 Current Price: $1974.07
  🎯 Signal: HOLD (confidence: 0.10)
  📝 Reason: 5m: RSI oversold (26.4); 5m: MACD bearish; 15m: RSI oversold (34.0); 15m: MACD bearish

[14:15:21] Cycle 1562
  💰 Current Price: $1974.81
  🎯 Signal: HOLD (confidence: 0.10)
  📝 Reason: 5m: RSI oversold (31.2); 5m: MACD bearish; 15m: MACD bearish; 1h: MACD bearish

[14:15:52] Cycle 1563
  💰 Current Price: $1974.81
  🎯 Signal: HOLD (confidence: 0.10)
  📝 Reason: 5m: RSI oversold (33.6); 5m: MACD bearish; 15m: MACD bearish; 1h: MACD bearish

[14:16:23] Cycle 1564
  💰 Current Price: $1974.46
  🎯 Signal: HOLD (confidence: 0.10)
  📝 Reason: 5m: RSI oversold (30.0); 5m: MACD bearish; 15m: MACD bearish; 1h: MACD bearish

[14:16:53] Cycle 1565
  💰 Current Price: $1974.47
  🎯 Signal: HOLD (confidence: 0.10)
  📝 Reason: 5m: RSI oversold (31.6); 5m: MACD bearish; 15m: MACD bearish; 1h: MACD bearish

[14:17:24] Cycle 1566
  💰 Current Price: $1975.48
  🎯 Signal: HOLD (confidence: 0.10)
  📝 Reason: 5m: RSI oversold (33.5); 5m: MACD bearish; 15m: MACD bearish; 1h: MACD bearish

[14:17:55] Cycle 1567
  💰 Current Price: $1975.48
  🎯 Signal: HOLD (confidence: 0.10)
  📝 Reason: 5m: RSI oversold (33.5); 5m: MACD bearish; 15m: MACD bearish; 1h: MACD bearish

[14:18:26] Cycle 1568
  💰 Current Price: $1975.07
  🎯 Signal: HOLD (confidence: 0.10)
  📝 Reason: 5m: RSI oversold (32.1); 5m: MACD bearish; 15m: MACD bearish; 1h: MACD bearish

[14:18:57] Cycle 1569
  💰 Current Price: $1976.02
  🎯 Signal: SELL (confidence: 0.20)
  📝 Reason: 5m: MACD bearish; 15m: MACD bearish; 1h: MACD bearish; 4h: RSI oversold (23.9)
  ⚠️ Sell signal but no position

[14:19:28] Cycle 1570
  💰 Current Price: $1976.02
  🎯 Signal: SELL (confidence: 0.20)
  📝 Reason: 5m: MACD bearish; 15m: MACD bearish; 1h: MACD bearish; 4h: RSI oversold (23.9)
  ⚠️ Sell signal but no position

[14:19:59] Cycle 1571
  💰 Current Price: $1975.43
  🎯 Signal: HOLD (confidence: 0.10)
  📝 Reason: 5m: RSI oversold (32.2); 5m: MACD bearish; 15m: MACD bearish; 1h: MACD bearish

[14:20:29] Cycle 1572
  💰 Current Price: $1975.07
  🎯 Signal: HOLD (confidence: 0.10)
  📝 Reason: 5m: RSI oversold (32.6); 5m: MACD bearish; 15m: MACD bearish; 1h: MACD bearish

[14:21:00] Cycle 1573
  💰 Current Price: $1974.96
  🎯 Signal: HOLD (confidence: 0.10)
  📝 Reason: 5m: RSI oversold (31.6); 5m: MACD bearish; 15m: MACD bearish; 1h: MACD bearish

[14:21:31] Cycle 1574
  💰 Current Price: $1973.91
  🎯 Signal: HOLD (confidence: 0.10)
  📝 Reason: 5m: RSI oversold (30.8); 5m: MACD bearish; 15m: RSI oversold (34.7); 15m: MACD bearish

[14:22:02] Cycle 1575
  💰 Current Price: $1974.49
  🎯 Signal: HOLD (confidence: 0.10)
  📝 Reason: 5m: RSI oversold (31.6); 5m: MACD bearish; 15m: MACD bearish; 1h: MACD bearish

[14:22:33] Cycle 1576
  💰 Current Price: $1974.47
  🎯 Signal: HOLD (confidence: 0.10)
  📝 Reason: 5m: RSI oversold (31.6); 5m: MACD bearish; 15m: MACD bearish; 1h: MACD bearish

[14:23:03] Cycle 1577
  💰 Current Price: $1974.49
  🎯 Signal: HOLD (confidence: 0.10)
  📝 Reason: 5m: RSI oversold (31.6); 5m: MACD bearish; 15m: MACD bearish; 1h: MACD bearish

[14:23:34] Cycle 1578
  💰 Current Price: $1975.66
  🎯 Signal: HOLD (confidence: 0.10)
  📝 Reason: 5m: RSI oversold (34.5); 5m: MACD bearish; 15m: MACD bearish; 1h: MACD bearish

[14:24:05] Cycle 1579
  💰 Current Price: $1975.67
  🎯 Signal: HOLD (confidence: 0.10)
  📝 Reason: 5m: RSI oversold (34.5); 5m: MACD bearish; 15m: MACD bearish; 1h: MACD bearish

[14:24:36] Cycle 1580
  💰 Current Price: $1976.01
  🎯 Signal: SELL (confidence: 0.20)
  📝 Reason: 5m: MACD bearish; 15m: MACD bearish; 1h: MACD bearish; 4h: RSI oversold (23.9)
  ⚠️ Sell signal but no position

[14:25:07] Cycle 1581
  💰 Current Price: $1975.49
  🎯 Signal: HOLD (confidence: 0.10)
  📝 Reason: 5m: RSI oversold (34.5); 5m: MACD bearish; 15m: MACD bearish; 1h: MACD bearish

[14:25:38] Cycle 1582
  💰 Current Price: $1975.49
  🎯 Signal: HOLD (confidence: 0.10)
  📝 Reason: 5m: RSI oversold (34.5); 5m: MACD bearish; 15m: MACD bearish; 1h: MACD bearish

[14:26:09] Cycle 1583
  💰 Current Price: $1976.60
  🎯 Signal: SELL (confidence: 0.20)
  📝 Reason: 5m: MACD bearish; 15m: MACD bearish; 1h: MACD bearish; 4h: RSI oversold (23.9)
  ⚠️ Sell signal but no position

[14:26:40] Cycle 1584
  💰 Current Price: $1976.51
  🎯 Signal: SELL (confidence: 0.20)
  📝 Reason: 5m: MACD bearish; 15m: MACD bearish; 1h: MACD bearish; 4h: RSI oversold (23.9)
  ⚠️ Sell signal but no position

[14:27:11] Cycle 1585
  💰 Current Price: $1975.97
  🎯 Signal: SELL (confidence: 0.20)
  📝 Reason: 5m: MACD bearish; 15m: MACD bearish; 1h: MACD bearish; 4h: RSI oversold (23.9)
  ⚠️ Sell signal but no position

[14:27:42] Cycle 1586
  💰 Current Price: $1975.66
  🎯 Signal: SELL (confidence: 0.20)
  📝 Reason: 5m: MACD bearish; 15m: MACD bearish; 1h: MACD bearish; 4h: RSI oversold (23.8)
  ⚠️ Sell signal but no position

[14:28:13] Cycle 1587
  💰 Current Price: $1975.30
  🎯 Signal: HOLD (confidence: 0.10)
  📝 Reason: 5m: RSI oversold (34.1); 5m: MACD bearish; 15m: MACD bearish; 1h: MACD bearish

[14:28:44] Cycle 1588
  💰 Current Price: $1976.02
  🎯 Signal: SELL (confidence: 0.20)
  📝 Reason: 5m: MACD bearish; 15m: MACD bearish; 1h: MACD bearish; 4h: RSI oversold (23.9)
  ⚠️ Sell signal but no position

[14:29:15] Cycle 1589
  💰 Current Price: $1975.10
  🎯 Signal: HOLD (confidence: 0.10)
  📝 Reason: 5m: RSI oversold (33.8); 5m: MACD bearish; 15m: MACD bearish; 1h: MACD bearish

[14:29:46] Cycle 1590
  💰 Current Price: $1975.20
  🎯 Signal: HOLD (confidence: 0.10)
  📝 Reason: 5m: RSI oversold (33.9); 5m: MACD bearish; 15m: MACD bearish; 1h: MACD bearish

[14:30:16] Cycle 1591
  💰 Current Price: $1975.19
  🎯 Signal: HOLD (confidence: 0.10)
  📝 Reason: 5m: RSI oversold (33.7); 5m: MACD bearish; 15m: RSI oversold (11.0); 15m: MACD bearish

[14:30:47] Cycle 1592
  💰 Current Price: $1976.02
  🎯 Signal: HOLD (confidence: 0.00)
  📝 Reason: 5m: MACD bearish; 15m: RSI oversold (13.9); 15m: MACD bearish; 1h: MACD bearish

[14:31:18] Cycle 1593
  💰 Current Price: $1976.44
  🎯 Signal: HOLD (confidence: 0.00)
  📝 Reason: 5m: MACD bearish; 15m: RSI oversold (15.3); 15m: MACD bearish; 1h: MACD bearish

[14:31:50] Cycle 1594
  💰 Current Price: $1976.31
  🎯 Signal: HOLD (confidence: 0.00)
  📝 Reason: 5m: MACD bearish; 15m: RSI oversold (14.8); 15m: MACD bearish; 1h: MACD bearish

[14:32:20] Cycle 1595
  💰 Current Price: $1976.19
  🎯 Signal: HOLD (confidence: 0.00)
  📝 Reason: 5m: MACD bearish; 15m: RSI oversold (14.5); 15m: MACD bearish; 1h: MACD bearish

[14:32:51] Cycle 1596
  💰 Current Price: $1976.37
  🎯 Signal: HOLD (confidence: 0.00)
  📝 Reason: 5m: MACD bearish; 15m: RSI oversold (15.0); 15m: MACD bearish; 1h: MACD bearish

[14:33:22] Cycle 1597
  💰 Current Price: $1976.35
  🎯 Signal: HOLD (confidence: 0.00)
  📝 Reason: 5m: MACD bearish; 15m: RSI oversold (15.0); 15m: MACD bearish; 1h: MACD bearish

[14:33:53] Cycle 1598
  💰 Current Price: $1977.21
  🎯 Signal: HOLD (confidence: 0.00)
  📝 Reason: 5m: MACD bearish; 15m: RSI oversold (17.7); 15m: MACD bearish; 1h: MACD bearish

[14:34:24] Cycle 1599
  💰 Current Price: $1977.21
  🎯 Signal: HOLD (confidence: 0.00)
  📝 Reason: 5m: MACD bearish; 15m: RSI oversold (17.7); 15m: MACD bearish; 1h: MACD bearish

[14:34:55] Cycle 1600
  💰 Current Price: $1976.92
  🎯 Signal: HOLD (confidence: 0.00)
  📝 Reason: 5m: MACD bearish; 15m: RSI oversold (17.2); 15m: MACD bearish; 1h: MACD bearish

[14:35:26] Cycle 1601
  💰 Current Price: $1977.06
  🎯 Signal: HOLD (confidence: 0.00)
  📝 Reason: 5m: MACD bearish; 15m: RSI oversold (17.2); 15m: MACD bearish; 1h: MACD bearish

[14:35:57] Cycle 1602
  💰 Current Price: $1977.75
  🎯 Signal: HOLD (confidence: 0.00)
  💰 Current Price: $1975.48
  🎯 Signal: HOLD (confidence: 0.10)
  📝 Reason: 5m: RSI oversold (33.5); 5m: MACD bearish; 15m: MACD bearish; 1h: MACD bearish

[14:18:26] Cycle 1563
  💰 Current Price: $1975.07
  🎯 Signal: HOLD (confidence: 0.10)
  📝 Reason: 5m: RSI oversold (32.1); 5m: MACD bearish; 15m: MACD bearish; 1h: MACD bearish

[14:18:57] Cycle 1564
  💰 Current Price: $1976.02
  🎯 Signal: SELL (confidence: 0.20)
  📝 Reason: 5m: MACD bearish; 15m: MACD bearish; 1h: MACD bearish; 4h: RSI oversold (23.9)
  ⚠️ Sell signal but no position

[14:19:28] Cycle 1565
  💰 Current Price: $1976.02
  🎯 Signal: SELL (confidence: 0.20)
  📝 Reason: 5m: MACD bearish; 15m: MACD bearish; 1h: MACD bearish; 4h: RSI oversold (23.9)
  ⚠️ Sell signal but no position

[14:19:59] Cycle 1566
  💰 Current Price: $1975.43
  🎯 Signal: HOLD (confidence: 0.10)
  📝 Reason: 5m: RSI oversold (32.2); 5m: MACD bearish; 15m: MACD bearish; 1h: MACD bearish

[14:20:29] Cycle 1567
  💰 Current Price: $1975.07
  🎯 Signal: HOLD (confidence: 0.10)
  📝 Reason: 5m: RSI oversold (32.6); 5m: MACD bearish; 15m: MACD bearish; 1h: MACD bearish

[14:21:00] Cycle 1568
  💰 Current Price: $1974.96
  🎯 Signal: HOLD (confidence: 0.10)
  📝 Reason: 5m: RSI oversold (31.6); 5m: MACD bearish; 15m: MACD bearish; 1h: MACD bearish

[14:21:31] Cycle 1569
  💰 Current Price: $1973.91
  🎯 Signal: HOLD (confidence: 0.10)
  📝 Reason: 5m: RSI oversold (30.8); 5m: MACD bearish; 15m: RSI oversold (34.7); 15m: MACD bearish

[14:22:02] Cycle 1570
  💰 Current Price: $1974.49
  🎯 Signal: HOLD (confidence: 0.10)
  📝 Reason: 5m: RSI oversold (31.6); 5m: MACD bearish; 15m: MACD bearish; 1h: MACD bearish

[14:22:33] Cycle 1571
  💰 Current Price: $1974.47
  🎯 Signal: HOLD (confidence: 0.10)
  📝 Reason: 5m: RSI oversold (31.6); 5m: MACD bearish; 15m: MACD bearish; 1h: MACD bearish

[14:23:04] Cycle 1572
  💰 Current Price: $1974.49
  🎯 Signal: HOLD (confidence: 0.10)
  📝 Reason: 5m: RSI oversold (31.6); 5m: MACD bearish; 15m: MACD bearish; 1h: MACD bearish

[14:23:34] Cycle 1573
  💰 Current Price: $1975.66
  🎯 Signal: HOLD (confidence: 0.10)
  📝 Reason: 5m: RSI oversold (34.5); 5m: MACD bearish; 15m: MACD bearish; 1h: MACD bearish

[14:24:06] Cycle 1574
  💰 Current Price: $1975.67
  🎯 Signal: HOLD (confidence: 0.10)
  📝 Reason: 5m: RSI oversold (34.5); 5m: MACD bearish; 15m: MACD bearish; 1h: MACD bearish

[14:24:36] Cycle 1575
  💰 Current Price: $1976.01
  🎯 Signal: SELL (confidence: 0.20)
  📝 Reason: 5m: MACD bearish; 15m: MACD bearish; 1h: MACD bearish; 4h: RSI oversold (23.9)
  ⚠️ Sell signal but no position

[14:25:07] Cycle 1576
  💰 Current Price: $1975.49
  🎯 Signal: HOLD (confidence: 0.10)
  📝 Reason: 5m: RSI oversold (34.5); 5m: MACD bearish; 15m: MACD bearish; 1h: MACD bearish

[14:25:38] Cycle 1577
  💰 Current Price: $1975.49
  🎯 Signal: HOLD (confidence: 0.10)
  📝 Reason: 5m: RSI oversold (34.5); 5m: MACD bearish; 15m: MACD bearish; 1h: MACD bearish

[14:26:09] Cycle 1578
  💰 Current Price: $1976.60
  🎯 Signal: SELL (confidence: 0.20)
  📝 Reason: 5m: MACD bearish; 15m: MACD bearish; 1h: MACD bearish; 4h: RSI oversold (23.9)
  ⚠️ Sell signal but no position

[14:26:40] Cycle 1579
  💰 Current Price: $1976.51
  🎯 Signal: SELL (confidence: 0.20)
  📝 Reason: 5m: MACD bearish; 15m: MACD bearish; 1h: MACD bearish; 4h: RSI oversold (23.9)
  ⚠️ Sell signal but no position

[14:27:11] Cycle 1580
  💰 Current Price: $1975.97
  🎯 Signal: SELL (confidence: 0.20)
  📝 Reason: 5m: MACD bearish; 15m: MACD bearish; 1h: MACD bearish; 4h: RSI oversold (23.9)
  ⚠️ Sell signal but no position

[14:27:42] Cycle 1581
  💰 Current Price: $1975.66
  🎯 Signal: SELL (confidence: 0.20)
  📝 Reason: 5m: MACD bearish; 15m: MACD bearish; 1h: MACD bearish; 4h: RSI oversold (23.8)
  ⚠️ Sell signal but no position

[14:28:13] Cycle 1582
  💰 Current Price: $1975.30
  🎯 Signal: HOLD (confidence: 0.10)
  📝 Reason: 5m: RSI oversold (34.1); 5m: MACD bearish; 15m: MACD bearish; 1h: MACD bearish

[14:28:44] Cycle 1583
  💰 Current Price: $1976.02
  🎯 Signal: SELL (confidence: 0.20)
  📝 Reason: 5m: MACD bearish; 15m: MACD bearish; 1h: MACD bearish; 4h: RSI oversold (23.9)
  ⚠️ Sell signal but no position

[14:29:15] Cycle 1584
  💰 Current Price: $1975.10
  🎯 Signal: HOLD (confidence: 0.10)
  📝 Reason: 5m: RSI oversold (33.8); 5m: MACD bearish; 15m: MACD bearish; 1h: MACD bearish

[14:29:46] Cycle 1585
  💰 Current Price: $1975.20
  🎯 Signal: HOLD (confidence: 0.10)
  📝 Reason: 5m: RSI oversold (33.9); 5m: MACD bearish; 15m: MACD bearish; 1h: MACD bearish

[14:30:17] Cycle 1586
  💰 Current Price: $1975.19
  🎯 Signal: HOLD (confidence: 0.10)
  📝 Reason: 5m: RSI oversold (33.7); 5m: MACD bearish; 15m: RSI oversold (11.0); 15m: MACD bearish

[14:30:47] Cycle 1587
  💰 Current Price: $1976.02
  🎯 Signal: HOLD (confidence: 0.00)
  📝 Reason: 5m: MACD bearish; 15m: RSI oversold (13.9); 15m: MACD bearish; 1h: MACD bearish

[14:31:18] Cycle 1588
  💰 Current Price: $1976.44
  🎯 Signal: HOLD (confidence: 0.00)
  📝 Reason: 5m: MACD bearish; 15m: RSI oversold (15.3); 15m: MACD bearish; 1h: MACD bearish

[14:31:50] Cycle 1589
  💰 Current Price: $1976.31
  🎯 Signal: HOLD (confidence: 0.00)
  📝 Reason: 5m: MACD bearish; 15m: RSI oversold (14.8); 15m: MACD bearish; 1h: MACD bearish

[14:32:20] Cycle 1590
  💰 Current Price: $1976.19
  🎯 Signal: HOLD (confidence: 0.00)
  📝 Reason: 5m: MACD bearish; 15m: RSI oversold (14.5); 15m: MACD bearish; 1h: MACD bearish

[14:32:51] Cycle 1591
  💰 Current Price: $1976.37
  🎯 Signal: HOLD (confidence: 0.00)
  📝 Reason: 5m: MACD bearish; 15m: RSI oversold (15.0); 15m: MACD bearish; 1h: MACD bearish

[14:33:22] Cycle 1592
  💰 Current Price: $1976.35
  🎯 Signal: HOLD (confidence: 0.00)
  📝 Reason: 5m: MACD bearish; 15m: RSI oversold (15.0); 15m: MACD bearish; 1h: MACD bearish

[14:33:53] Cycle 1593
  💰 Current Price: $1977.21
  🎯 Signal: HOLD (confidence: 0.00)
  📝 Reason: 5m: MACD bearish; 15m: RSI oversold (17.7); 15m: MACD bearish; 1h: MACD bearish

[14:34:24] Cycle 1594
  💰 Current Price: $1977.21
  🎯 Signal: HOLD (confidence: 0.00)
  📝 Reason: 5m: MACD bearish; 15m: RSI oversold (17.7); 15m: MACD bearish; 1h: MACD bearish

[14:34:55] Cycle 1595
  💰 Current Price: $1976.92
  🎯 Signal: HOLD (confidence: 0.00)
  📝 Reason: 5m: MACD bearish; 15m: RSI oversold (17.2); 15m: MACD bearish; 1h: MACD bearish

[14:35:26] Cycle 1596
  💰 Current Price: $1977.06
  🎯 Signal: HOLD (confidence: 0.00)
  📝 Reason: 5m: MACD bearish; 15m: RSI oversold (17.2); 15m: MACD bearish; 1h: MACD bearish

[14:35:56] Cycle 1597
  💰 Current Price: $1977.75
  🎯 Signal: HOLD (confidence: 0.00)
  📝 Reason: 5m: MACD bearish; 15m: RSI oversold (19.3); 15m: MACD bearish; 1h: MACD bearish

[14:36:27] Cycle 1598
  💰 Current Price: $1977.81
  🎯 Signal: HOLD (confidence: 0.00)
  📝 Reason: 5m: MACD bearish; 15m: RSI oversold (17.1); 15m: MACD bearish; 1h: MACD bearish

[14:36:58] Cycle 1599
  💰 Current Price: $1977.36
  🎯 Signal: HOLD (confidence: 0.00)
  📝 Reason: 5m: MACD bearish; 15m: RSI oversold (18.2); 15m: MACD bearish; 1h: MACD bearish

[14:37:29] Cycle 1600
  💰 Current Price: $1977.25
  🎯 Signal: HOLD (confidence: 0.00)
  📝 Reason: 5m: MACD bearish; 15m: RSI oversold (17.8); 15m: MACD bearish; 1h: MACD bearish

[14:38:00] Cycle 1601
  💰 Current Price: $1977.55
  🎯 Signal: HOLD (confidence: 0.00)
  📝 Reason: 5m: MACD bearish; 15m: RSI oversold (18.7); 15m: MACD bearish; 1h: MACD bearish

[14:38:31] Cycle 1602
  💰 Current Price: $1978.08
  🎯 Signal: HOLD (confidence: 0.00)
  📝 Reason: 5m: MACD bearish; 15m: RSI oversold (20.3); 15m: MACD bearish; 1h: MACD bearish

[14:39:02] Cycle 1603
  💰 Current Price: $1980.09
  🎯 Signal: BUY (confidence: 0.30)
  📝 Reason: 5m: MACD bearish; 15m: RSI oversold (25.7); 15m: MACD bearish; 1h: MACD bullish

[14:39:33] Cycle 1604
  📝 Reason: 5m: MACD bearish; 15m: RSI oversold (19.3); 15m: MACD bearish; 1h: MACD bearish

[14:36:27] Cycle 1603
  💰 Current Price: $1977.81
  🎯 Signal: HOLD (confidence: 0.00)
  📝 Reason: 5m: MACD bearish; 15m: RSI oversold (17.1); 15m: MACD bearish; 1h: MACD bearish

[14:36:58] Cycle 1604
  💰 Current Price: $1977.36
  🎯 Signal: HOLD (confidence: 0.00)
  📝 Reason: 5m: MACD bearish; 15m: RSI oversold (18.2); 15m: MACD bearish; 1h: MACD bearish

[14:37:29] Cycle 1605
  💰 Current Price: $1977.25
  🎯 Signal: HOLD (confidence: 0.00)
  📝 Reason: 5m: MACD bearish; 15m: RSI oversold (17.8); 15m: MACD bearish; 1h: MACD bearish

[14:38:00] Cycle 1606
  💰 Current Price: $1977.55
  🎯 Signal: HOLD (confidence: 0.00)
  📝 Reason: 5m: MACD bearish; 15m: RSI oversold (18.7); 15m: MACD bearish; 1h: MACD bearish

[14:38:31] Cycle 1607
  💰 Current Price: $1978.08
  🎯 Signal: HOLD (confidence: 0.00)
  📝 Reason: 5m: MACD bearish; 15m: RSI oversold (20.3); 15m: MACD bearish; 1h: MACD bearish

[14:39:02] Cycle 1608
  💰 Current Price: $1980.09
  🎯 Signal: BUY (confidence: 0.30)
  📝 Reason: 5m: MACD bearish; 15m: RSI oversold (25.7); 15m: MACD bearish; 1h: MACD bullish

[14:39:33] Cycle 1609
  💰 Current Price: $1981.04
  🎯 Signal: BUY (confidence: 0.30)
  📝 Reason: 5m: MACD bearish; 15m: RSI oversold (28.2); 15m: MACD bearish; 1h: MACD bullish

[14:40:04] Cycle 1610
  💰 Current Price: $1987.54
  🎯 Signal: HOLD (confidence: 0.10)
  📝 Reason: 5m: MACD bearish; 15m: MACD bearish; 1h: MACD bullish; 4h: RSI oversold (24.9)

[14:40:34] Cycle 1611
  💰 Current Price: $1985.60
  🎯 Signal: HOLD (confidence: 0.10)
  📝 Reason: 5m: MACD bearish; 15m: MACD bearish; 1h: MACD bullish; 4h: RSI oversold (24.8)

[14:41:05] Cycle 1612
  💰 Current Price: $1985.16
  🎯 Signal: HOLD (confidence: 0.10)
  📝 Reason: 5m: MACD bearish; 15m: MACD bearish; 1h: MACD bullish; 4h: RSI oversold (24.8)

[14:41:36] Cycle 1613
  💰 Current Price: $1987.04
  🎯 Signal: HOLD (confidence: 0.10)
  📝 Reason: 5m: MACD bearish; 15m: MACD bearish; 1h: MACD bullish; 4h: RSI oversold (24.8)

[14:42:07] Cycle 1614
  💰 Current Price: $1985.21
  🎯 Signal: HOLD (confidence: 0.10)
  📝 Reason: 5m: MACD bearish; 15m: MACD bearish; 1h: MACD bullish; 4h: RSI oversold (24.8)

[14:42:38] Cycle 1615
  💰 Current Price: $1985.64
  🎯 Signal: HOLD (confidence: 0.10)
  📝 Reason: 5m: MACD bearish; 15m: MACD bearish; 1h: MACD bullish; 4h: RSI oversold (24.8)

[14:43:08] Cycle 1616
  💰 Current Price: $1985.45
  🎯 Signal: HOLD (confidence: 0.10)
  📝 Reason: 5m: MACD bearish; 15m: MACD bearish; 1h: MACD bullish; 4h: RSI oversold (24.8)

[14:43:39] Cycle 1617
  💰 Current Price: $1985.45
  🎯 Signal: HOLD (confidence: 0.10)
  📝 Reason: 5m: MACD bearish; 15m: MACD bearish; 1h: MACD bullish; 4h: RSI oversold (24.8)

[14:44:10] Cycle 1618
  💰 Current Price: $1985.01
  🎯 Signal: HOLD (confidence: 0.10)
  📝 Reason: 5m: MACD bearish; 15m: MACD bearish; 1h: MACD bullish; 4h: RSI oversold (24.8)

[14:44:41] Cycle 1619
  💰 Current Price: $1985.01
  🎯 Signal: HOLD (confidence: 0.10)
  📝 Reason: 5m: MACD bearish; 15m: MACD bearish; 1h: MACD bullish; 4h: RSI oversold (24.8)

[14:45:12] Cycle 1620
  💰 Current Price: $1985.06
  🎯 Signal: BUY (confidence: 0.20)
  📝 Reason: 5m: MACD bullish; 15m: MACD bearish; 1h: MACD bullish; 4h: RSI oversold (24.8)

[14:45:43] Cycle 1621
  💰 Current Price: $1986.10
  🎯 Signal: BUY (confidence: 0.20)
  📝 Reason: 5m: MACD bullish; 15m: MACD bearish; 1h: MACD bullish; 4h: RSI oversold (24.9)

[14:46:14] Cycle 1622
  💰 Current Price: $1985.36
  🎯 Signal: BUY (confidence: 0.20)
  📝 Reason: 5m: MACD bullish; 15m: MACD bearish; 1h: MACD bullish; 4h: RSI oversold (24.8)

[14:46:44] Cycle 1623
  💰 Current Price: $1985.38
  🎯 Signal: BUY (confidence: 0.20)
  📝 Reason: 5m: MACD bullish; 15m: MACD bearish; 1h: MACD bullish; 4h: RSI oversold (24.8)

[14:47:15] Cycle 1624
  💰 Current Price: $1985.78
  🎯 Signal: BUY (confidence: 0.20)
  📝 Reason: 5m: MACD bullish; 15m: MACD bearish; 1h: MACD bullish; 4h: RSI oversold (24.9)

[14:47:46] Cycle 1625
  💰 Current Price: $1985.78
  🎯 Signal: BUY (confidence: 0.20)
  📝 Reason: 5m: MACD bullish; 15m: MACD bearish; 1h: MACD bullish; 4h: RSI oversold (24.8)

[14:48:17] Cycle 1626
  💰 Current Price: $1984.12
  🎯 Signal: HOLD (confidence: 0.10)
  📝 Reason: 5m: MACD bearish; 15m: MACD bearish; 1h: MACD bullish; 4h: RSI oversold (24.7)

[14:48:48] Cycle 1627
  💰 Current Price: $1984.84
  🎯 Signal: HOLD (confidence: 0.10)
  📝 Reason: 5m: MACD bearish; 15m: MACD bearish; 1h: MACD bullish; 4h: RSI oversold (24.8)

[14:49:19] Cycle 1628
  💰 Current Price: $1984.87
  🎯 Signal: BUY (confidence: 0.20)
  📝 Reason: 5m: MACD bullish; 15m: MACD bearish; 1h: MACD bullish; 4h: RSI oversold (24.8)

[14:49:50] Cycle 1629
  💰 Current Price: $1986.65
  🎯 Signal: BUY (confidence: 0.20)
  📝 Reason: 5m: MACD bullish; 15m: MACD bearish; 1h: MACD bullish; 4h: RSI oversold (24.9)

[14:50:21] Cycle 1630
  💰 Current Price: $1987.00
  🎯 Signal: BUY (confidence: 0.20)
  📝 Reason: 5m: MACD bullish; 15m: MACD bearish; 1h: MACD bullish; 4h: RSI oversold (25.0)

[14:50:52] Cycle 1631
  💰 Current Price: $1989.94
  🎯 Signal: BUY (confidence: 0.20)
  📝 Reason: 5m: MACD bullish; 15m: MACD bearish; 1h: MACD bullish; 4h: RSI oversold (25.5)

[14:51:23] Cycle 1632
  💰 Current Price: $1987.11
  🎯 Signal: BUY (confidence: 0.20)
  📝 Reason: 5m: MACD bullish; 15m: MACD bearish; 1h: MACD bullish; 4h: RSI oversold (25.0)

[14:51:53] Cycle 1633
  💰 Current Price: $1987.47
  🎯 Signal: BUY (confidence: 0.20)
  📝 Reason: 5m: MACD bullish; 15m: MACD bearish; 1h: MACD bullish; 4h: RSI oversold (25.0)

[14:52:24] Cycle 1634
  💰 Current Price: $1987.99
  🎯 Signal: BUY (confidence: 0.20)
  📝 Reason: 5m: MACD bullish; 15m: MACD bearish; 1h: MACD bullish; 4h: RSI oversold (25.1)

[14:52:55] Cycle 1635
  💰 Current Price: $1987.45
  🎯 Signal: BUY (confidence: 0.20)
  📝 Reason: 5m: MACD bullish; 15m: MACD bearish; 1h: MACD bullish; 4h: RSI oversold (25.0)

[14:53:26] Cycle 1636
  💰 Current Price: $1987.45
  🎯 Signal: BUY (confidence: 0.20)
  📝 Reason: 5m: MACD bullish; 15m: MACD bearish; 1h: MACD bullish; 4h: RSI oversold (25.0)

[14:53:57] Cycle 1637
  💰 Current Price: $1986.95
  🎯 Signal: BUY (confidence: 0.20)
  📝 Reason: 5m: MACD bullish; 15m: MACD bearish; 1h: MACD bullish; 4h: RSI oversold (25.0)

[14:54:28] Cycle 1638
  💰 Current Price: $1987.53
  🎯 Signal: BUY (confidence: 0.20)
  📝 Reason: 5m: MACD bullish; 15m: MACD bearish; 1h: MACD bullish; 4h: RSI oversold (25.0)

[14:54:59] Cycle 1639
  💰 Current Price: $1987.70
  🎯 Signal: BUY (confidence: 0.20)
  📝 Reason: 5m: MACD bullish; 15m: MACD bearish; 1h: MACD bullish; 4h: RSI oversold (25.1)

[14:55:29] Cycle 1640
  💰 Current Price: $1987.82
  🎯 Signal: BUY (confidence: 0.20)
  📝 Reason: 5m: MACD bullish; 15m: MACD bearish; 1h: MACD bullish; 4h: RSI oversold (25.1)

[14:56:00] Cycle 1641
  💰 Current Price: $1988.09
  🎯 Signal: BUY (confidence: 0.20)
  📝 Reason: 5m: MACD bullish; 15m: MACD bearish; 1h: MACD bullish; 4h: RSI oversold (25.1)

[14:56:31] Cycle 1642
  💰 Current Price: $1987.81
  🎯 Signal: BUY (confidence: 0.20)
  📝 Reason: 5m: MACD bullish; 15m: MACD bearish; 1h: MACD bullish; 4h: RSI oversold (25.1)

[14:57:02] Cycle 1643
  💰 Current Price: $1987.62
  🎯 Signal: BUY (confidence: 0.20)
  📝 Reason: 5m: MACD bullish; 15m: MACD bearish; 1h: MACD bullish; 4h: RSI oversold (25.1)

[14:57:33] Cycle 1644
  💰 Current Price: $1987.69
  🎯 Signal: BUY (confidence: 0.20)
  📝 Reason: 5m: MACD bullish; 15m: MACD bearish; 1h: MACD bullish; 4h: RSI oversold (25.1)

[14:58:04] Cycle 1645
  💰 Current Price: $1987.94
  🎯 Signal: BUY (confidence: 0.20)
  📝 Reason: 5m: MACD bullish; 15m: MACD bearish; 1h: MACD bullish; 4h: RSI oversold (25.1)

[14:58:35] Cycle 1646
  💰 Current Price: $1987.80
  💰 Current Price: $1981.04
  🎯 Signal: BUY (confidence: 0.30)
  📝 Reason: 5m: MACD bearish; 15m: RSI oversold (28.2); 15m: MACD bearish; 1h: MACD bullish

[14:40:03] Cycle 1605
  💰 Current Price: $1987.54
  🎯 Signal: HOLD (confidence: 0.10)
  📝 Reason: 5m: MACD bearish; 15m: MACD bearish; 1h: MACD bullish; 4h: RSI oversold (24.9)

[14:40:34] Cycle 1606
  💰 Current Price: $1985.60
  🎯 Signal: HOLD (confidence: 0.10)
  📝 Reason: 5m: MACD bearish; 15m: MACD bearish; 1h: MACD bullish; 4h: RSI oversold (24.8)

[14:41:05] Cycle 1607
  💰 Current Price: $1985.16
  🎯 Signal: HOLD (confidence: 0.10)
  📝 Reason: 5m: MACD bearish; 15m: MACD bearish; 1h: MACD bullish; 4h: RSI oversold (24.8)

[14:41:36] Cycle 1608
  💰 Current Price: $1987.04
  🎯 Signal: HOLD (confidence: 0.10)
  📝 Reason: 5m: MACD bearish; 15m: MACD bearish; 1h: MACD bullish; 4h: RSI oversold (24.8)

[14:42:07] Cycle 1609
  💰 Current Price: $1985.21
  🎯 Signal: HOLD (confidence: 0.10)
  📝 Reason: 5m: MACD bearish; 15m: MACD bearish; 1h: MACD bullish; 4h: RSI oversold (24.8)

[14:42:38] Cycle 1610
  💰 Current Price: $1985.64
  🎯 Signal: HOLD (confidence: 0.10)
  📝 Reason: 5m: MACD bearish; 15m: MACD bearish; 1h: MACD bullish; 4h: RSI oversold (24.8)

[14:43:08] Cycle 1611
  💰 Current Price: $1985.45
  🎯 Signal: HOLD (confidence: 0.10)
  📝 Reason: 5m: MACD bearish; 15m: MACD bearish; 1h: MACD bullish; 4h: RSI oversold (24.8)

[14:43:39] Cycle 1612
  💰 Current Price: $1985.53
  🎯 Signal: HOLD (confidence: 0.10)
  📝 Reason: 5m: MACD bearish; 15m: MACD bearish; 1h: MACD bullish; 4h: RSI oversold (24.8)

[14:44:10] Cycle 1613
  💰 Current Price: $1985.01
  🎯 Signal: HOLD (confidence: 0.10)
  📝 Reason: 5m: MACD bearish; 15m: MACD bearish; 1h: MACD bullish; 4h: RSI oversold (24.8)

[14:44:41] Cycle 1614
  💰 Current Price: $1985.01
  🎯 Signal: HOLD (confidence: 0.10)
  📝 Reason: 5m: MACD bearish; 15m: MACD bearish; 1h: MACD bullish; 4h: RSI oversold (24.8)

[14:45:12] Cycle 1615
  💰 Current Price: $1985.06
  🎯 Signal: BUY (confidence: 0.20)
  📝 Reason: 5m: MACD bullish; 15m: MACD bearish; 1h: MACD bullish; 4h: RSI oversold (24.8)

[14:45:43] Cycle 1616
  💰 Current Price: $1986.10
  🎯 Signal: BUY (confidence: 0.20)
  📝 Reason: 5m: MACD bullish; 15m: MACD bearish; 1h: MACD bullish; 4h: RSI oversold (24.9)

[14:46:14] Cycle 1617
  💰 Current Price: $1985.36
  🎯 Signal: BUY (confidence: 0.20)
  📝 Reason: 5m: MACD bullish; 15m: MACD bearish; 1h: MACD bullish; 4h: RSI oversold (24.8)

[14:46:44] Cycle 1618
  💰 Current Price: $1985.38
  🎯 Signal: BUY (confidence: 0.20)
  📝 Reason: 5m: MACD bullish; 15m: MACD bearish; 1h: MACD bullish; 4h: RSI oversold (24.8)

[14:47:15] Cycle 1619
  💰 Current Price: $1985.78
  🎯 Signal: BUY (confidence: 0.20)
  📝 Reason: 5m: MACD bullish; 15m: MACD bearish; 1h: MACD bullish; 4h: RSI oversold (24.9)

[14:47:46] Cycle 1620
  💰 Current Price: $1985.78
  🎯 Signal: BUY (confidence: 0.20)
  📝 Reason: 5m: MACD bullish; 15m: MACD bearish; 1h: MACD bullish; 4h: RSI oversold (24.8)

[14:48:17] Cycle 1621
  💰 Current Price: $1984.12
  🎯 Signal: HOLD (confidence: 0.10)
  📝 Reason: 5m: MACD bearish; 15m: MACD bearish; 1h: MACD bullish; 4h: RSI oversold (24.7)

[14:48:48] Cycle 1622
  💰 Current Price: $1984.84
  🎯 Signal: HOLD (confidence: 0.10)
  📝 Reason: 5m: MACD bearish; 15m: MACD bearish; 1h: MACD bullish; 4h: RSI oversold (24.8)

[14:49:19] Cycle 1623
  💰 Current Price: $1984.87
  🎯 Signal: BUY (confidence: 0.20)
  📝 Reason: 5m: MACD bullish; 15m: MACD bearish; 1h: MACD bullish; 4h: RSI oversold (24.8)

[14:49:50] Cycle 1624
  💰 Current Price: $1986.65
  🎯 Signal: BUY (confidence: 0.20)
  📝 Reason: 5m: MACD bullish; 15m: MACD bearish; 1h: MACD bullish; 4h: RSI oversold (24.9)

[14:50:21] Cycle 1625
  💰 Current Price: $1987.00
  🎯 Signal: BUY (confidence: 0.20)
  📝 Reason: 5m: MACD bullish; 15m: MACD bearish; 1h: MACD bullish; 4h: RSI oversold (25.0)

[14:50:52] Cycle 1626
  💰 Current Price: $1989.94
  🎯 Signal: BUY (confidence: 0.20)
  📝 Reason: 5m: MACD bullish; 15m: MACD bearish; 1h: MACD bullish; 4h: RSI oversold (25.5)

[14:51:23] Cycle 1627
  💰 Current Price: $1987.11
  🎯 Signal: BUY (confidence: 0.20)
  📝 Reason: 5m: MACD bullish; 15m: MACD bearish; 1h: MACD bullish; 4h: RSI oversold (25.0)

[14:51:54] Cycle 1628
  💰 Current Price: $1987.47
  🎯 Signal: BUY (confidence: 0.20)
  📝 Reason: 5m: MACD bullish; 15m: MACD bearish; 1h: MACD bullish; 4h: RSI oversold (25.0)

[14:52:24] Cycle 1629
  💰 Current Price: $1987.99
  🎯 Signal: BUY (confidence: 0.20)
  📝 Reason: 5m: MACD bullish; 15m: MACD bearish; 1h: MACD bullish; 4h: RSI oversold (25.1)

[14:52:55] Cycle 1630
  💰 Current Price: $1987.45
  🎯 Signal: BUY (confidence: 0.20)
  📝 Reason: 5m: MACD bullish; 15m: MACD bearish; 1h: MACD bullish; 4h: RSI oversold (25.0)

[14:53:26] Cycle 1631
  💰 Current Price: $1987.45
  🎯 Signal: BUY (confidence: 0.20)
  📝 Reason: 5m: MACD bullish; 15m: MACD bearish; 1h: MACD bullish; 4h: RSI oversold (25.0)

[14:53:57] Cycle 1632
  💰 Current Price: $1986.95
  🎯 Signal: BUY (confidence: 0.20)
  📝 Reason: 5m: MACD bullish; 15m: MACD bearish; 1h: MACD bullish; 4h: RSI oversold (25.0)

[14:54:28] Cycle 1633
  💰 Current Price: $1987.53
  🎯 Signal: BUY (confidence: 0.20)
  📝 Reason: 5m: MACD bullish; 15m: MACD bearish; 1h: MACD bullish; 4h: RSI oversold (25.0)

[14:54:59] Cycle 1634
  💰 Current Price: $1987.70
  🎯 Signal: BUY (confidence: 0.20)
  📝 Reason: 5m: MACD bullish; 15m: MACD bearish; 1h: MACD bullish; 4h: RSI oversold (25.1)

[14:55:30] Cycle 1635
  💰 Current Price: $1987.82
  🎯 Signal: BUY (confidence: 0.20)
  📝 Reason: 5m: MACD bullish; 15m: MACD bearish; 1h: MACD bullish; 4h: RSI oversold (25.1)

[14:56:00] Cycle 1636
  💰 Current Price: $1988.09
  🎯 Signal: BUY (confidence: 0.20)
  📝 Reason: 5m: MACD bullish; 15m: MACD bearish; 1h: MACD bullish; 4h: RSI oversold (25.1)

[14:56:31] Cycle 1637
  💰 Current Price: $1987.81
  🎯 Signal: BUY (confidence: 0.20)
  📝 Reason: 5m: MACD bullish; 15m: MACD bearish; 1h: MACD bullish; 4h: RSI oversold (25.1)

[14:57:02] Cycle 1638
  💰 Current Price: $1987.62
  🎯 Signal: BUY (confidence: 0.20)
  📝 Reason: 5m: MACD bullish; 15m: MACD bearish; 1h: MACD bullish; 4h: RSI oversold (25.1)

[14:57:33] Cycle 1639
  💰 Current Price: $1987.69
  🎯 Signal: BUY (confidence: 0.20)
  📝 Reason: 5m: MACD bullish; 15m: MACD bearish; 1h: MACD bullish; 4h: RSI oversold (25.1)

[14:58:04] Cycle 1640
  💰 Current Price: $1987.94
  🎯 Signal: BUY (confidence: 0.20)
  📝 Reason: 5m: MACD bullish; 15m: MACD bearish; 1h: MACD bullish; 4h: RSI oversold (25.1)

[14:58:35] Cycle 1641
  💰 Current Price: $1987.80
  🎯 Signal: BUY (confidence: 0.20)
  📝 Reason: 5m: MACD bullish; 15m: MACD bearish; 1h: MACD bullish; 4h: RSI oversold (25.1)

[14:59:06] Cycle 1642
  💰 Current Price: $1988.09
  🎯 Signal: BUY (confidence: 0.20)
  📝 Reason: 5m: MACD bullish; 15m: MACD bearish; 1h: MACD bullish; 4h: RSI oversold (25.1)

[14:59:36] Cycle 1643
  💰 Current Price: $1987.62
  🎯 Signal: BUY (confidence: 0.20)
  📝 Reason: 5m: MACD bullish; 15m: MACD bearish; 1h: MACD bullish; 4h: RSI oversold (25.1)

[15:00:07] Cycle 1644
  💰 Current Price: $1986.89
  🎯 Signal: BUY (confidence: 0.20)
  📝 Reason: 5m: MACD bullish; 15m: MACD bearish; 1h: MACD bullish; 4h: RSI oversold (25.0)

[15:00:38] Cycle 1645
  💰 Current Price: $1986.50
  🎯 Signal: BUY (confidence: 0.20)
  📝 Reason: 5m: MACD bullish; 15m: MACD bearish; 1h: MACD bullish; 4h: RSI oversold (24.9)

[15:01:09] Cycle 1646
  💰 Current Price: $1986.20
  🎯 Signal: BUY (confidence: 0.20)
  📝 Reason: 5m: MACD bullish; 15m: MACD bearish; 1h: MACD bullish; 4h: RSI oversold (24.9)

[15:01:40] Cycle 1647
  💰 Current Price: $1985.68
  🎯 Signal: BUY (confidence: 0.20)
  📝 Reason: 5m: MACD bullish; 15m: MACD bearish; 1h: MACD bullish; 4h: RSI oversold (24.9)
  🎯 Signal: BUY (confidence: 0.20)
  📝 Reason: 5m: MACD bullish; 15m: MACD bearish; 1h: MACD bullish; 4h: RSI oversold (25.1)

[14:59:06] Cycle 1647
  💰 Current Price: $1988.09
  🎯 Signal: BUY (confidence: 0.20)
  📝 Reason: 5m: MACD bullish; 15m: MACD bearish; 1h: MACD bullish; 4h: RSI oversold (25.1)

[14:59:36] Cycle 1648
  💰 Current Price: $1987.62
  🎯 Signal: BUY (confidence: 0.20)
  📝 Reason: 5m: MACD bullish; 15m: MACD bearish; 1h: MACD bullish; 4h: RSI oversold (25.1)

[15:00:07] Cycle 1649
  💰 Current Price: $1986.89
  🎯 Signal: BUY (confidence: 0.20)
  📝 Reason: 5m: MACD bullish; 15m: MACD bearish; 1h: MACD bullish; 4h: RSI oversold (25.0)

[15:00:38] Cycle 1650
  💰 Current Price: $1986.50
  🎯 Signal: BUY (confidence: 0.20)
  📝 Reason: 5m: MACD bullish; 15m: MACD bearish; 1h: MACD bullish; 4h: RSI oversold (24.9)

[15:01:09] Cycle 1651
  💰 Current Price: $1986.20
  🎯 Signal: BUY (confidence: 0.20)
  📝 Reason: 5m: MACD bullish; 15m: MACD bearish; 1h: MACD bullish; 4h: RSI oversold (24.9)

[15:01:40] Cycle 1652
  💰 Current Price: $1985.68
  🎯 Signal: BUY (confidence: 0.20)
  📝 Reason: 5m: MACD bullish; 15m: MACD bearish; 1h: MACD bullish; 4h: RSI oversold (24.9)

[15:02:11] Cycle 1653
  💰 Current Price: $1985.31
  🎯 Signal: BUY (confidence: 0.20)
  📝 Reason: 5m: MACD bullish; 15m: MACD bearish; 1h: MACD bullish; 4h: RSI oversold (24.7)

[15:02:41] Cycle 1654
  💰 Current Price: $1984.85
  🎯 Signal: BUY (confidence: 0.20)
  📝 Reason: 5m: MACD bullish; 15m: MACD bearish; 1h: MACD bullish; 4h: RSI oversold (24.8)

[15:03:12] Cycle 1655
  💰 Current Price: $1985.60
  🎯 Signal: BUY (confidence: 0.20)
  📝 Reason: 5m: MACD bullish; 15m: MACD bearish; 1h: MACD bullish; 4h: RSI oversold (24.8)

[15:03:43] Cycle 1656
  💰 Current Price: $1985.51
  🎯 Signal: BUY (confidence: 0.20)
  📝 Reason: 5m: MACD bullish; 15m: MACD bearish; 1h: MACD bullish; 4h: RSI oversold (24.9)

[15:04:14] Cycle 1657
  💰 Current Price: $1986.01
  🎯 Signal: BUY (confidence: 0.20)
  📝 Reason: 5m: MACD bullish; 15m: MACD bearish; 1h: MACD bullish; 4h: RSI oversold (24.9)

[15:04:45] Cycle 1658
  💰 Current Price: $1986.27
  🎯 Signal: BUY (confidence: 0.20)
  📝 Reason: 5m: MACD bullish; 15m: MACD bearish; 1h: MACD bullish; 4h: RSI oversold (24.9)

[15:05:16] Cycle 1659
  💰 Current Price: $1985.11
  🎯 Signal: BUY (confidence: 0.20)
  📝 Reason: 5m: MACD bullish; 15m: MACD bearish; 1h: MACD bullish; 4h: RSI oversold (24.8)

[15:05:47] Cycle 1660
  💰 Current Price: $1984.50
  🎯 Signal: BUY (confidence: 0.20)
  📝 Reason: 5m: MACD bullish; 15m: MACD bearish; 1h: MACD bullish; 4h: RSI oversold (24.7)

[15:06:17] Cycle 1661
  💰 Current Price: $1984.50
  🎯 Signal: BUY (confidence: 0.20)
  📝 Reason: 5m: MACD bullish; 15m: MACD bearish; 1h: MACD bullish; 4h: RSI oversold (24.7)

[15:06:48] Cycle 1662
  💰 Current Price: $1986.62
  🎯 Signal: BUY (confidence: 0.20)
  📝 Reason: 5m: MACD bullish; 15m: MACD bearish; 1h: MACD bullish; 4h: RSI oversold (25.0)

[15:07:19] Cycle 1663
  💰 Current Price: $1986.77
  🎯 Signal: BUY (confidence: 0.20)
  📝 Reason: 5m: MACD bullish; 15m: MACD bearish; 1h: MACD bullish; 4h: RSI oversold (25.0)

[15:07:50] Cycle 1664
  💰 Current Price: $1987.20
  🎯 Signal: BUY (confidence: 0.20)
  📝 Reason: 5m: MACD bullish; 15m: MACD bearish; 1h: MACD bullish; 4h: RSI oversold (25.0)

[15:08:21] Cycle 1665
  💰 Current Price: $1987.02
  🎯 Signal: BUY (confidence: 0.20)
  📝 Reason: 5m: MACD bullish; 15m: MACD bearish; 1h: MACD bullish; 4h: RSI oversold (24.9)

[15:08:52] Cycle 1666
  💰 Current Price: $1986.47
  🎯 Signal: BUY (confidence: 0.20)
  📝 Reason: 5m: MACD bullish; 15m: MACD bearish; 1h: MACD bullish; 4h: RSI oversold (24.9)

[15:09:23] Cycle 1667
  💰 Current Price: $1986.27
  🎯 Signal: BUY (confidence: 0.20)
  📝 Reason: 5m: MACD bullish; 15m: MACD bearish; 1h: MACD bullish; 4h: RSI oversold (24.9)

[15:09:54] Cycle 1668
  💰 Current Price: $1985.87
  🎯 Signal: BUY (confidence: 0.20)
  📝 Reason: 5m: MACD bullish; 15m: MACD bearish; 1h: MACD bullish; 4h: RSI oversold (24.9)

[15:10:24] Cycle 1669
  💰 Current Price: $1986.02
  🎯 Signal: BUY (confidence: 0.20)
  📝 Reason: 5m: MACD bullish; 15m: MACD bearish; 1h: MACD bullish; 4h: RSI oversold (24.9)

[15:10:56] Cycle 1670
  💰 Current Price: $1985.35
  🎯 Signal: BUY (confidence: 0.20)
  📝 Reason: 5m: MACD bullish; 15m: MACD bearish; 1h: MACD bullish; 4h: RSI oversold (24.8)

[15:11:26] Cycle 1671
  💰 Current Price: $1985.26
  🎯 Signal: BUY (confidence: 0.20)
  📝 Reason: 5m: MACD bullish; 15m: MACD bearish; 1h: MACD bullish; 4h: RSI oversold (24.8)

[15:11:57] Cycle 1672
  💰 Current Price: $1985.00
  🎯 Signal: BUY (confidence: 0.20)
  📝 Reason: 5m: MACD bullish; 15m: MACD bearish; 1h: MACD bullish; 4h: RSI oversold (24.8)

[15:12:28] Cycle 1673
  💰 Current Price: $1985.00
  🎯 Signal: BUY (confidence: 0.20)
  📝 Reason: 5m: MACD bullish; 15m: MACD bearish; 1h: MACD bullish; 4h: RSI oversold (24.8)

[15:12:59] Cycle 1674
  💰 Current Price: $1985.80
  🎯 Signal: BUY (confidence: 0.20)
  📝 Reason: 5m: MACD bullish; 15m: MACD bearish; 1h: MACD bullish; 4h: RSI oversold (24.9)

[15:13:29] Cycle 1675
  💰 Current Price: $1985.86
  🎯 Signal: BUY (confidence: 0.20)
  📝 Reason: 5m: MACD bullish; 15m: MACD bearish; 1h: MACD bullish; 4h: RSI oversold (24.9)

[15:14:00] Cycle 1676
  💰 Current Price: $1985.75
  🎯 Signal: BUY (confidence: 0.20)
  📝 Reason: 5m: MACD bullish; 15m: MACD bearish; 1h: MACD bullish; 4h: RSI oversold (24.9)

[15:14:31] Cycle 1677
  💰 Current Price: $1985.32
  🎯 Signal: BUY (confidence: 0.20)
  📝 Reason: 5m: MACD bullish; 15m: MACD bearish; 1h: MACD bullish; 4h: RSI oversold (24.8)

[15:15:02] Cycle 1678
  💰 Current Price: $1985.50
  🎯 Signal: BUY (confidence: 0.20)
  📝 Reason: 5m: MACD bullish; 15m: MACD bearish; 1h: MACD bullish; 4h: RSI oversold (24.8)

[15:15:33] Cycle 1679
  💰 Current Price: $1985.50
  🎯 Signal: BUY (confidence: 0.20)
  📝 Reason: 5m: MACD bullish; 15m: MACD bearish; 1h: MACD bullish; 4h: RSI oversold (24.8)

[15:16:04] Cycle 1680
  💰 Current Price: $1986.31
  🎯 Signal: BUY (confidence: 0.20)
  📝 Reason: 5m: MACD bullish; 15m: MACD bearish; 1h: MACD bullish; 4h: RSI oversold (24.9)

[15:16:35] Cycle 1681
  💰 Current Price: $1986.56
  🎯 Signal: HOLD (confidence: 0.10)
  📝 Reason: 5m: RSI overbought (75.2); 5m: MACD bullish; 15m: MACD bearish; 1h: MACD bullish

[15:17:06] Cycle 1682
  💰 Current Price: $1987.07
  🎯 Signal: HOLD (confidence: 0.10)
  📝 Reason: 5m: RSI overbought (75.7); 5m: MACD bullish; 15m: MACD bearish; 1h: MACD bullish

[15:17:36] Cycle 1683
  💰 Current Price: $1986.25
  🎯 Signal: BUY (confidence: 0.20)
  📝 Reason: 5m: MACD bullish; 15m: MACD bearish; 1h: MACD bullish; 4h: RSI oversold (24.9)

[15:18:08] Cycle 1684
  💰 Current Price: $1986.62
  🎯 Signal: HOLD (confidence: 0.10)
  📝 Reason: 5m: RSI overbought (75.2); 5m: MACD bullish; 15m: MACD bearish; 1h: MACD bullish

[15:18:38] Cycle 1685
  💰 Current Price: $1986.24
  🎯 Signal: HOLD (confidence: 0.10)
  📝 Reason: 5m: RSI overbought (75.1); 5m: MACD bullish; 15m: MACD bearish; 1h: MACD bullish

[15:19:09] Cycle 1686
  💰 Current Price: $1986.31
  🎯 Signal: BUY (confidence: 0.20)
  📝 Reason: 5m: MACD bullish; 15m: MACD bearish; 1h: MACD bullish; 4h: RSI oversold (24.9)

[15:19:40] Cycle 1687
  💰 Current Price: $1985.96
  🎯 Signal: BUY (confidence: 0.20)
  📝 Reason: 5m: MACD bullish; 15m: MACD bearish; 1h: MACD bullish; 4h: RSI oversold (24.9)

[15:20:11] Cycle 1688
  💰 Current Price: $1985.30
  🎯 Signal: BUY (confidence: 0.20)
  📝 Reason: 5m: MACD bullish; 15m: MACD bearish; 1h: MACD bullish; 4h: RSI oversold (24.8)

[15:20:42] Cycle 1689
  💰 Current Price: $1984.00
  🎯 Signal: BUY (confidence: 0.20)
  📝 Reason: 5m: MACD bullish; 15m: MACD bearish; 1h: MACD bullish; 4h: RSI oversold (24.7)

[15:21:13] Cycle 1690

[15:02:11] Cycle 1648
  💰 Current Price: $1985.31
  🎯 Signal: BUY (confidence: 0.20)
  📝 Reason: 5m: MACD bullish; 15m: MACD bearish; 1h: MACD bullish; 4h: RSI oversold (24.7)

[15:02:41] Cycle 1649
  💰 Current Price: $1984.85
  🎯 Signal: BUY (confidence: 0.20)
  📝 Reason: 5m: MACD bullish; 15m: MACD bearish; 1h: MACD bullish; 4h: RSI oversold (24.8)

[15:03:12] Cycle 1650
  💰 Current Price: $1985.60
  🎯 Signal: BUY (confidence: 0.20)
  📝 Reason: 5m: MACD bullish; 15m: MACD bearish; 1h: MACD bullish; 4h: RSI oversold (24.8)

[15:03:43] Cycle 1651
  💰 Current Price: $1985.51
  🎯 Signal: BUY (confidence: 0.20)
  📝 Reason: 5m: MACD bullish; 15m: MACD bearish; 1h: MACD bullish; 4h: RSI oversold (24.9)

[15:04:14] Cycle 1652
  💰 Current Price: $1986.01
  🎯 Signal: BUY (confidence: 0.20)
  📝 Reason: 5m: MACD bullish; 15m: MACD bearish; 1h: MACD bullish; 4h: RSI oversold (24.9)

[15:04:45] Cycle 1653
  💰 Current Price: $1986.27
  🎯 Signal: BUY (confidence: 0.20)
  📝 Reason: 5m: MACD bullish; 15m: MACD bearish; 1h: MACD bullish; 4h: RSI oversold (24.9)

[15:05:16] Cycle 1654
  💰 Current Price: $1985.11
  🎯 Signal: BUY (confidence: 0.20)
  📝 Reason: 5m: MACD bullish; 15m: MACD bearish; 1h: MACD bullish; 4h: RSI oversold (24.8)

[15:05:47] Cycle 1655
  💰 Current Price: $1984.50
  🎯 Signal: BUY (confidence: 0.20)
  📝 Reason: 5m: MACD bullish; 15m: MACD bearish; 1h: MACD bullish; 4h: RSI oversold (24.7)

[15:06:18] Cycle 1656
  💰 Current Price: $1984.50
  🎯 Signal: BUY (confidence: 0.20)
  📝 Reason: 5m: MACD bullish; 15m: MACD bearish; 1h: MACD bullish; 4h: RSI oversold (24.7)

[15:06:48] Cycle 1657
  💰 Current Price: $1986.62
  🎯 Signal: BUY (confidence: 0.20)
  📝 Reason: 5m: MACD bullish; 15m: MACD bearish; 1h: MACD bullish; 4h: RSI oversold (25.0)

[15:07:19] Cycle 1658
  💰 Current Price: $1986.77
  🎯 Signal: BUY (confidence: 0.20)
  📝 Reason: 5m: MACD bullish; 15m: MACD bearish; 1h: MACD bullish; 4h: RSI oversold (25.0)

[15:07:50] Cycle 1659
  💰 Current Price: $1987.20
  🎯 Signal: BUY (confidence: 0.20)
  📝 Reason: 5m: MACD bullish; 15m: MACD bearish; 1h: MACD bullish; 4h: RSI oversold (25.0)

[15:08:21] Cycle 1660
  💰 Current Price: $1987.02
  🎯 Signal: BUY (confidence: 0.20)
  📝 Reason: 5m: MACD bullish; 15m: MACD bearish; 1h: MACD bullish; 4h: RSI oversold (24.9)

[15:08:52] Cycle 1661
  💰 Current Price: $1986.47
  🎯 Signal: BUY (confidence: 0.20)
  📝 Reason: 5m: MACD bullish; 15m: MACD bearish; 1h: MACD bullish; 4h: RSI oversold (24.9)

[15:09:23] Cycle 1662
  💰 Current Price: $1986.27
  🎯 Signal: BUY (confidence: 0.20)
  📝 Reason: 5m: MACD bullish; 15m: MACD bearish; 1h: MACD bullish; 4h: RSI oversold (24.9)

[15:09:54] Cycle 1663
  💰 Current Price: $1985.87
  🎯 Signal: BUY (confidence: 0.20)
  📝 Reason: 5m: MACD bullish; 15m: MACD bearish; 1h: MACD bullish; 4h: RSI oversold (24.9)

[15:10:24] Cycle 1664
  💰 Current Price: $1986.02
  🎯 Signal: BUY (confidence: 0.20)
  📝 Reason: 5m: MACD bullish; 15m: MACD bearish; 1h: MACD bullish; 4h: RSI oversold (24.9)

[15:10:55] Cycle 1665
  💰 Current Price: $1985.35
  🎯 Signal: BUY (confidence: 0.20)
  📝 Reason: 5m: MACD bullish; 15m: MACD bearish; 1h: MACD bullish; 4h: RSI oversold (24.8)

[15:11:26] Cycle 1666
  💰 Current Price: $1985.26
  🎯 Signal: BUY (confidence: 0.20)
  📝 Reason: 5m: MACD bullish; 15m: MACD bearish; 1h: MACD bullish; 4h: RSI oversold (24.8)

[15:11:57] Cycle 1667
  💰 Current Price: $1985.00
  🎯 Signal: BUY (confidence: 0.20)
  📝 Reason: 5m: MACD bullish; 15m: MACD bearish; 1h: MACD bullish; 4h: RSI oversold (24.8)

[15:12:28] Cycle 1668
  💰 Current Price: $1985.00
  🎯 Signal: BUY (confidence: 0.20)
  📝 Reason: 5m: MACD bullish; 15m: MACD bearish; 1h: MACD bullish; 4h: RSI oversold (24.8)

[15:12:59] Cycle 1669
  💰 Current Price: $1985.80
  🎯 Signal: BUY (confidence: 0.20)
  📝 Reason: 5m: MACD bullish; 15m: MACD bearish; 1h: MACD bullish; 4h: RSI oversold (24.9)

[15:13:30] Cycle 1670
  💰 Current Price: $1985.86
  🎯 Signal: BUY (confidence: 0.20)
  📝 Reason: 5m: MACD bullish; 15m: MACD bearish; 1h: MACD bullish; 4h: RSI oversold (24.9)

[15:14:00] Cycle 1671
  💰 Current Price: $1985.75
  🎯 Signal: BUY (confidence: 0.20)
  📝 Reason: 5m: MACD bullish; 15m: MACD bearish; 1h: MACD bullish; 4h: RSI oversold (24.9)

[15:14:31] Cycle 1672
  💰 Current Price: $1985.32
  🎯 Signal: BUY (confidence: 0.20)
  📝 Reason: 5m: MACD bullish; 15m: MACD bearish; 1h: MACD bullish; 4h: RSI oversold (24.8)

[15:15:02] Cycle 1673
  💰 Current Price: $1985.50
  🎯 Signal: BUY (confidence: 0.20)
  📝 Reason: 5m: MACD bullish; 15m: MACD bearish; 1h: MACD bullish; 4h: RSI oversold (24.8)

[15:15:33] Cycle 1674
  💰 Current Price: $1985.50
  🎯 Signal: BUY (confidence: 0.20)
  📝 Reason: 5m: MACD bullish; 15m: MACD bearish; 1h: MACD bullish; 4h: RSI oversold (24.8)

[15:16:04] Cycle 1675
  💰 Current Price: $1986.31
  🎯 Signal: BUY (confidence: 0.20)
  📝 Reason: 5m: MACD bullish; 15m: MACD bearish; 1h: MACD bullish; 4h: RSI oversold (24.9)

[15:16:35] Cycle 1676
  💰 Current Price: $1986.56
  🎯 Signal: HOLD (confidence: 0.10)
  📝 Reason: 5m: RSI overbought (75.2); 5m: MACD bullish; 15m: MACD bearish; 1h: MACD bullish

[15:17:06] Cycle 1677
  💰 Current Price: $1987.07
  🎯 Signal: HOLD (confidence: 0.10)
  📝 Reason: 5m: RSI overbought (75.7); 5m: MACD bullish; 15m: MACD bearish; 1h: MACD bullish

[15:17:36] Cycle 1678
  💰 Current Price: $1986.25
  🎯 Signal: BUY (confidence: 0.20)
  📝 Reason: 5m: MACD bullish; 15m: MACD bearish; 1h: MACD bullish; 4h: RSI oversold (24.9)

[15:18:07] Cycle 1679
  💰 Current Price: $1986.62
  🎯 Signal: HOLD (confidence: 0.10)
  📝 Reason: 5m: RSI overbought (75.2); 5m: MACD bullish; 15m: MACD bearish; 1h: MACD bullish

[15:18:38] Cycle 1680
  💰 Current Price: $1986.24
  🎯 Signal: HOLD (confidence: 0.10)
  📝 Reason: 5m: RSI overbought (75.1); 5m: MACD bullish; 15m: MACD bearish; 1h: MACD bullish

[15:19:09] Cycle 1681
  💰 Current Price: $1986.31
  🎯 Signal: BUY (confidence: 0.20)
  📝 Reason: 5m: MACD bullish; 15m: MACD bearish; 1h: MACD bullish; 4h: RSI oversold (24.9)

[15:19:40] Cycle 1682
  💰 Current Price: $1985.96
  🎯 Signal: BUY (confidence: 0.20)
  📝 Reason: 5m: MACD bullish; 15m: MACD bearish; 1h: MACD bullish; 4h: RSI oversold (24.9)

[15:20:11] Cycle 1683
  💰 Current Price: $1985.30
  🎯 Signal: BUY (confidence: 0.20)
  📝 Reason: 5m: MACD bullish; 15m: MACD bearish; 1h: MACD bullish; 4h: RSI oversold (24.8)

[15:20:42] Cycle 1684
  💰 Current Price: $1984.00
  🎯 Signal: BUY (confidence: 0.20)
  📝 Reason: 5m: MACD bullish; 15m: MACD bearish; 1h: MACD bullish; 4h: RSI oversold (24.7)

[15:21:13] Cycle 1685
  💰 Current Price: $1984.01
  🎯 Signal: BUY (confidence: 0.20)
  📝 Reason: 5m: MACD bullish; 15m: MACD bearish; 1h: MACD bullish; 4h: RSI oversold (24.7)

[15:21:43] Cycle 1686
  💰 Current Price: $1983.48
  🎯 Signal: BUY (confidence: 0.20)
  📝 Reason: 5m: MACD bullish; 15m: MACD bearish; 1h: MACD bullish; 4h: RSI oversold (24.6)

[15:22:15] Cycle 1687
  💰 Current Price: $1983.63
  🎯 Signal: BUY (confidence: 0.20)
  📝 Reason: 5m: MACD bullish; 15m: MACD bearish; 1h: MACD bullish; 4h: RSI oversold (24.6)

[15:22:46] Cycle 1688
  💰 Current Price: $1984.00
  🎯 Signal: BUY (confidence: 0.20)
  📝 Reason: 5m: MACD bullish; 15m: MACD bearish; 1h: MACD bullish; 4h: RSI oversold (24.7)

[15:23:17] Cycle 1689
  💰 Current Price: $1984.68
  🎯 Signal: BUY (confidence: 0.20)
  📝 Reason: 5m: MACD bullish; 15m: MACD bearish; 1h: MACD bullish; 4h: RSI oversold (24.7)

[15:23:48] Cycle 1690
  💰 Current Price: $1985.58
  🎯 Signal: HOLD (confidence: 0.10)
  📝 Reason: 5m: RSI overbought (75.2); 5m: MACD bullish; 15m: MACD bearish; 1h: MACD bullish

[15:24:19] Cycle 1691
  💰 Current Price: $1985.55
  🎯 Signal: HOLD (confidence: 0.10)
  💰 Current Price: $1984.01
  🎯 Signal: BUY (confidence: 0.20)
  📝 Reason: 5m: MACD bullish; 15m: MACD bearish; 1h: MACD bullish; 4h: RSI oversold (24.7)

[15:21:44] Cycle 1691
  💰 Current Price: $1983.48
  🎯 Signal: BUY (confidence: 0.20)
  📝 Reason: 5m: MACD bullish; 15m: MACD bearish; 1h: MACD bullish; 4h: RSI oversold (24.6)

[15:22:14] Cycle 1692
  💰 Current Price: $1983.63
  🎯 Signal: BUY (confidence: 0.20)
  📝 Reason: 5m: MACD bullish; 15m: MACD bearish; 1h: MACD bullish; 4h: RSI oversold (24.6)

[15:22:46] Cycle 1693
  💰 Current Price: $1984.00
  🎯 Signal: BUY (confidence: 0.20)
  📝 Reason: 5m: MACD bullish; 15m: MACD bearish; 1h: MACD bullish; 4h: RSI oversold (24.7)

[15:23:17] Cycle 1694
  💰 Current Price: $1984.68
  🎯 Signal: BUY (confidence: 0.20)
  📝 Reason: 5m: MACD bullish; 15m: MACD bearish; 1h: MACD bullish; 4h: RSI oversold (24.7)

[15:23:48] Cycle 1695
  💰 Current Price: $1985.58
  🎯 Signal: HOLD (confidence: 0.10)
  📝 Reason: 5m: RSI overbought (75.2); 5m: MACD bullish; 15m: MACD bearish; 1h: MACD bullish

[15:24:19] Cycle 1696
  💰 Current Price: $1985.55
  🎯 Signal: HOLD (confidence: 0.10)
  📝 Reason: 5m: RSI overbought (75.1); 5m: MACD bullish; 15m: MACD bearish; 1h: MACD bullish

[15:24:50] Cycle 1697
  💰 Current Price: $1985.61
  🎯 Signal: HOLD (confidence: 0.10)
  📝 Reason: 5m: RSI overbought (76.2); 5m: MACD bullish; 15m: MACD bearish; 1h: MACD bullish

[15:25:20] Cycle 1698
  💰 Current Price: $1984.80
  🎯 Signal: BUY (confidence: 0.20)
  📝 Reason: 5m: MACD bullish; 15m: MACD bearish; 1h: MACD bullish; 4h: RSI oversold (24.7)

[15:25:51] Cycle 1699
  💰 Current Price: $1985.17
  🎯 Signal: BUY (confidence: 0.20)
  📝 Reason: 5m: MACD bullish; 15m: MACD bearish; 1h: MACD bullish; 4h: RSI oversold (24.8)

[15:26:22] Cycle 1700
  💰 Current Price: $1984.44
  🎯 Signal: BUY (confidence: 0.20)
  📝 Reason: 5m: MACD bullish; 15m: MACD bearish; 1h: MACD bullish; 4h: RSI oversold (24.7)

[15:26:53] Cycle 1701
  💰 Current Price: $1983.64
  🎯 Signal: BUY (confidence: 0.20)
  📝 Reason: 5m: MACD bullish; 15m: MACD bearish; 1h: MACD bullish; 4h: RSI oversold (24.6)

[15:27:23] Cycle 1702
  💰 Current Price: $1983.61
  🎯 Signal: BUY (confidence: 0.20)
  📝 Reason: 5m: MACD bullish; 15m: MACD bearish; 1h: MACD bullish; 4h: RSI oversold (24.6)

[15:27:55] Cycle 1703
  💰 Current Price: $1983.66
  🎯 Signal: BUY (confidence: 0.20)
  📝 Reason: 5m: MACD bullish; 15m: MACD bearish; 1h: MACD bullish; 4h: RSI oversold (24.6)

[15:28:25] Cycle 1704
  💰 Current Price: $1982.47
  🎯 Signal: BUY (confidence: 0.20)
  📝 Reason: 5m: MACD bullish; 15m: MACD bearish; 1h: MACD bullish; 4h: RSI oversold (24.5)

[15:28:56] Cycle 1705
  💰 Current Price: $1982.69
  🎯 Signal: BUY (confidence: 0.20)
  📝 Reason: 5m: MACD bullish; 15m: MACD bearish; 1h: MACD bullish; 4h: RSI oversold (24.5)

[15:29:27] Cycle 1706
  💰 Current Price: $1983.18
  🎯 Signal: BUY (confidence: 0.20)
  📝 Reason: 5m: MACD bullish; 15m: MACD bearish; 1h: MACD bullish; 4h: RSI oversold (24.6)

[15:29:58] Cycle 1707
  💰 Current Price: $1983.28
  🎯 Signal: BUY (confidence: 0.20)
  📝 Reason: 5m: MACD bullish; 15m: MACD bearish; 1h: MACD bullish; 4h: RSI oversold (24.6)

[15:30:29] Cycle 1708
  💰 Current Price: $1983.25
  🎯 Signal: BUY (confidence: 0.20)
  📝 Reason: 5m: MACD bullish; 15m: MACD bearish; 1h: MACD bullish; 4h: RSI oversold (24.6)

[15:31:00] Cycle 1709
  💰 Current Price: $1982.71
  🎯 Signal: BUY (confidence: 0.20)
  📝 Reason: 5m: MACD bullish; 15m: MACD bearish; 1h: MACD bullish; 4h: RSI oversold (24.5)

[15:31:31] Cycle 1710
  💰 Current Price: $1981.68
  🎯 Signal: BUY (confidence: 0.20)
  📝 Reason: 5m: MACD bullish; 15m: MACD bearish; 1h: MACD bullish; 4h: RSI oversold (24.4)

[15:32:02] Cycle 1711
  💰 Current Price: $1980.24
  🎯 Signal: BUY (confidence: 0.20)
  📝 Reason: 5m: MACD bullish; 15m: MACD bearish; 1h: MACD bullish; 4h: RSI oversold (24.3)

[15:32:33] Cycle 1712
  💰 Current Price: $1981.10
  🎯 Signal: BUY (confidence: 0.20)
  📝 Reason: 5m: MACD bullish; 15m: MACD bearish; 1h: MACD bullish; 4h: RSI oversold (24.4)

[15:33:03] Cycle 1713
  💰 Current Price: $1982.44
  🎯 Signal: BUY (confidence: 0.20)
  📝 Reason: 5m: MACD bullish; 15m: MACD bearish; 1h: MACD bullish; 4h: RSI oversold (24.5)

[15:33:35] Cycle 1714
  💰 Current Price: $1983.49
  🎯 Signal: BUY (confidence: 0.20)
  📝 Reason: 5m: MACD bullish; 15m: MACD bearish; 1h: MACD bullish; 4h: RSI oversold (24.7)

[15:34:06] Cycle 1715
  💰 Current Price: $1985.12
  🎯 Signal: BUY (confidence: 0.20)
  📝 Reason: 5m: MACD bullish; 15m: MACD bearish; 1h: MACD bullish; 4h: RSI oversold (24.8)

[15:34:36] Cycle 1716
  💰 Current Price: $1984.71
  🎯 Signal: BUY (confidence: 0.20)
  📝 Reason: 5m: MACD bullish; 15m: MACD bearish; 1h: MACD bullish; 4h: RSI oversold (24.8)

[15:35:07] Cycle 1717
  💰 Current Price: $1985.30
  🎯 Signal: BUY (confidence: 0.20)
  📝 Reason: 5m: MACD bullish; 15m: MACD bearish; 1h: MACD bullish; 4h: RSI oversold (24.8)

[15:35:38] Cycle 1718
  💰 Current Price: $1985.08
  🎯 Signal: BUY (confidence: 0.20)
  📝 Reason: 5m: MACD bullish; 15m: MACD bearish; 1h: MACD bullish; 4h: RSI oversold (24.8)

[15:36:09] Cycle 1719
  💰 Current Price: $1985.41
  🎯 Signal: BUY (confidence: 0.20)
  📝 Reason: 5m: MACD bullish; 15m: MACD bearish; 1h: MACD bullish; 4h: RSI oversold (24.8)

[15:36:40] Cycle 1720
  💰 Current Price: $1985.36
  🎯 Signal: BUY (confidence: 0.20)
  📝 Reason: 5m: MACD bullish; 15m: MACD bearish; 1h: MACD bullish; 4h: RSI oversold (24.8)

[15:37:11] Cycle 1721
  💰 Current Price: $1983.44
  🎯 Signal: BUY (confidence: 0.20)
  📝 Reason: 5m: MACD bullish; 15m: MACD bearish; 1h: MACD bullish; 4h: RSI oversold (24.6)

[15:37:42] Cycle 1722
  💰 Current Price: $1983.13
  🎯 Signal: BUY (confidence: 0.20)
  📝 Reason: 5m: MACD bullish; 15m: MACD bearish; 1h: MACD bullish; 4h: RSI oversold (24.6)

[15:38:12] Cycle 1723
  💰 Current Price: $1982.19
  🎯 Signal: BUY (confidence: 0.20)
  📝 Reason: 5m: MACD bullish; 15m: MACD bearish; 1h: MACD bullish; 4h: RSI oversold (24.5)

[15:38:43] Cycle 1724
  💰 Current Price: $1982.19
  🎯 Signal: BUY (confidence: 0.20)
  📝 Reason: 5m: MACD bullish; 15m: MACD bearish; 1h: MACD bullish; 4h: RSI oversold (24.5)

[15:39:14] Cycle 1725
  💰 Current Price: $1979.38
  🎯 Signal: BUY (confidence: 0.20)
  📝 Reason: 5m: MACD bullish; 15m: MACD bearish; 1h: MACD bullish; 4h: RSI oversold (24.2)

[15:39:45] Cycle 1726
  💰 Current Price: $1977.17
  🎯 Signal: BUY (confidence: 0.20)
  📝 Reason: 5m: MACD bullish; 15m: MACD bearish; 1h: MACD bullish; 4h: RSI oversold (24.0)

[15:40:16] Cycle 1727
  💰 Current Price: $1977.90
  🎯 Signal: BUY (confidence: 0.20)
  📝 Reason: 5m: MACD bullish; 15m: MACD bearish; 1h: MACD bullish; 4h: RSI oversold (24.1)

[15:40:46] Cycle 1728
  💰 Current Price: $1978.54
  🎯 Signal: BUY (confidence: 0.20)
  📝 Reason: 5m: MACD bullish; 15m: MACD bearish; 1h: MACD bullish; 4h: RSI oversold (24.1)

[15:41:17] Cycle 1729
  💰 Current Price: $1977.58
  🎯 Signal: BUY (confidence: 0.20)
  📝 Reason: 5m: MACD bullish; 15m: MACD bearish; 1h: MACD bullish; 4h: RSI oversold (24.0)

[15:41:48] Cycle 1730
  💰 Current Price: $1977.98
  🎯 Signal: BUY (confidence: 0.20)
  📝 Reason: 5m: MACD bullish; 15m: MACD bearish; 1h: MACD bullish; 4h: RSI oversold (24.1)

[15:42:19] Cycle 1731
  💰 Current Price: $1977.98
  🎯 Signal: BUY (confidence: 0.20)
  📝 Reason: 5m: MACD bullish; 15m: MACD bearish; 1h: MACD bullish; 4h: RSI oversold (24.1)

[15:42:50] Cycle 1732
  💰 Current Price: $1977.95
  🎯 Signal: BUY (confidence: 0.20)
  📝 Reason: 5m: MACD bullish; 15m: MACD bearish; 1h: MACD bullish; 4h: RSI oversold (24.1)

[15:43:21] Cycle 1733
  💰 Current Price: $1977.82
  🎯 Signal: BUY (confidence: 0.20)
  📝 Reason: 5m: MACD bullish; 15m: MACD bearish; 1h: MACD bullish; 4h: RSI oversold (24.1)

[15:43:52] Cycle 1734  📝 Reason: 5m: RSI overbought (75.1); 5m: MACD bullish; 15m: MACD bearish; 1h: MACD bullish

[15:24:49] Cycle 1692
  💰 Current Price: $1985.61
  🎯 Signal: HOLD (confidence: 0.10)
  📝 Reason: 5m: RSI overbought (76.2); 5m: MACD bullish; 15m: MACD bearish; 1h: MACD bullish

[15:25:20] Cycle 1693
  💰 Current Price: $1984.80
  🎯 Signal: BUY (confidence: 0.20)
  📝 Reason: 5m: MACD bullish; 15m: MACD bearish; 1h: MACD bullish; 4h: RSI oversold (24.7)

[15:25:51] Cycle 1694
  💰 Current Price: $1985.17
  🎯 Signal: BUY (confidence: 0.20)
  📝 Reason: 5m: MACD bullish; 15m: MACD bearish; 1h: MACD bullish; 4h: RSI oversold (24.8)

[15:26:22] Cycle 1695
  💰 Current Price: $1984.44
  🎯 Signal: BUY (confidence: 0.20)
  📝 Reason: 5m: MACD bullish; 15m: MACD bearish; 1h: MACD bullish; 4h: RSI oversold (24.7)

[15:26:53] Cycle 1696
  💰 Current Price: $1983.64
  🎯 Signal: BUY (confidence: 0.20)
  📝 Reason: 5m: MACD bullish; 15m: MACD bearish; 1h: MACD bullish; 4h: RSI oversold (24.6)

[15:27:23] Cycle 1697
  💰 Current Price: $1983.61
  🎯 Signal: BUY (confidence: 0.20)
  📝 Reason: 5m: MACD bullish; 15m: MACD bearish; 1h: MACD bullish; 4h: RSI oversold (24.6)

[15:27:54] Cycle 1698
  💰 Current Price: $1983.66
  🎯 Signal: BUY (confidence: 0.20)
  📝 Reason: 5m: MACD bullish; 15m: MACD bearish; 1h: MACD bullish; 4h: RSI oversold (24.6)

[15:28:25] Cycle 1699
  💰 Current Price: $1982.47
  🎯 Signal: BUY (confidence: 0.20)
  📝 Reason: 5m: MACD bullish; 15m: MACD bearish; 1h: MACD bullish; 4h: RSI oversold (24.5)

[15:28:56] Cycle 1700
  💰 Current Price: $1982.69
  🎯 Signal: BUY (confidence: 0.20)
  📝 Reason: 5m: MACD bullish; 15m: MACD bearish; 1h: MACD bullish; 4h: RSI oversold (24.5)

[15:29:27] Cycle 1701
  💰 Current Price: $1983.18
  🎯 Signal: BUY (confidence: 0.20)
  📝 Reason: 5m: MACD bullish; 15m: MACD bearish; 1h: MACD bullish; 4h: RSI oversold (24.6)

[15:29:58] Cycle 1702
  💰 Current Price: $1983.28
  🎯 Signal: BUY (confidence: 0.20)
  📝 Reason: 5m: MACD bullish; 15m: MACD bearish; 1h: MACD bullish; 4h: RSI oversold (24.6)

[15:30:29] Cycle 1703
  💰 Current Price: $1983.25
  🎯 Signal: BUY (confidence: 0.20)
  📝 Reason: 5m: MACD bullish; 15m: MACD bearish; 1h: MACD bullish; 4h: RSI oversold (24.6)

[15:31:00] Cycle 1704
  💰 Current Price: $1982.71
  🎯 Signal: BUY (confidence: 0.20)
  📝 Reason: 5m: MACD bullish; 15m: MACD bearish; 1h: MACD bullish; 4h: RSI oversold (24.5)

[15:31:31] Cycle 1705
  💰 Current Price: $1981.68
  🎯 Signal: BUY (confidence: 0.20)
  📝 Reason: 5m: MACD bullish; 15m: MACD bearish; 1h: MACD bullish; 4h: RSI oversold (24.4)

[15:32:02] Cycle 1706
  💰 Current Price: $1980.24
  🎯 Signal: BUY (confidence: 0.20)
  📝 Reason: 5m: MACD bullish; 15m: MACD bearish; 1h: MACD bullish; 4h: RSI oversold (24.3)

[15:32:32] Cycle 1707
  💰 Current Price: $1981.10
  🎯 Signal: BUY (confidence: 0.20)
  📝 Reason: 5m: MACD bullish; 15m: MACD bearish; 1h: MACD bullish; 4h: RSI oversold (24.4)

[15:33:03] Cycle 1708
  💰 Current Price: $1982.44
  🎯 Signal: BUY (confidence: 0.20)
  📝 Reason: 5m: MACD bullish; 15m: MACD bearish; 1h: MACD bullish; 4h: RSI oversold (24.5)

[15:33:34] Cycle 1709
  💰 Current Price: $1983.49
  🎯 Signal: BUY (confidence: 0.20)
  📝 Reason: 5m: MACD bullish; 15m: MACD bearish; 1h: MACD bullish; 4h: RSI oversold (24.7)

[15:34:05] Cycle 1710
  💰 Current Price: $1985.12
  🎯 Signal: BUY (confidence: 0.20)
  📝 Reason: 5m: MACD bullish; 15m: MACD bearish; 1h: MACD bullish; 4h: RSI oversold (24.8)

[15:34:36] Cycle 1711
  💰 Current Price: $1984.71
  🎯 Signal: BUY (confidence: 0.20)
  📝 Reason: 5m: MACD bullish; 15m: MACD bearish; 1h: MACD bullish; 4h: RSI oversold (24.8)

[15:35:07] Cycle 1712
  💰 Current Price: $1985.30
  🎯 Signal: BUY (confidence: 0.20)
  📝 Reason: 5m: MACD bullish; 15m: MACD bearish; 1h: MACD bullish; 4h: RSI oversold (24.8)

[15:35:38] Cycle 1713
  💰 Current Price: $1985.08
  🎯 Signal: BUY (confidence: 0.20)
  📝 Reason: 5m: MACD bullish; 15m: MACD bearish; 1h: MACD bullish; 4h: RSI oversold (24.8)

[15:36:09] Cycle 1714
  💰 Current Price: $1985.41
  🎯 Signal: BUY (confidence: 0.20)
  📝 Reason: 5m: MACD bullish; 15m: MACD bearish; 1h: MACD bullish; 4h: RSI oversold (24.8)

[15:36:40] Cycle 1715
  💰 Current Price: $1985.36
  🎯 Signal: BUY (confidence: 0.20)
  📝 Reason: 5m: MACD bullish; 15m: MACD bearish; 1h: MACD bullish; 4h: RSI oversold (24.8)

[15:37:11] Cycle 1716
  💰 Current Price: $1983.44
  🎯 Signal: BUY (confidence: 0.20)
  📝 Reason: 5m: MACD bullish; 15m: MACD bearish; 1h: MACD bullish; 4h: RSI oversold (24.6)

[15:37:42] Cycle 1717
  💰 Current Price: $1983.13
  🎯 Signal: BUY (confidence: 0.20)
  📝 Reason: 5m: MACD bullish; 15m: MACD bearish; 1h: MACD bullish; 4h: RSI oversold (24.6)

[15:38:12] Cycle 1718
  💰 Current Price: $1982.19
  🎯 Signal: BUY (confidence: 0.20)
  📝 Reason: 5m: MACD bullish; 15m: MACD bearish; 1h: MACD bullish; 4h: RSI oversold (24.5)

[15:38:43] Cycle 1719
  💰 Current Price: $1982.19
  🎯 Signal: BUY (confidence: 0.20)
  📝 Reason: 5m: MACD bullish; 15m: MACD bearish; 1h: MACD bullish; 4h: RSI oversold (24.5)

[15:39:14] Cycle 1720
  💰 Current Price: $1979.38
  🎯 Signal: BUY (confidence: 0.20)
  📝 Reason: 5m: MACD bullish; 15m: MACD bearish; 1h: MACD bullish; 4h: RSI oversold (24.2)

[15:39:45] Cycle 1721
  💰 Current Price: $1977.17
  🎯 Signal: BUY (confidence: 0.20)
  📝 Reason: 5m: MACD bullish; 15m: MACD bearish; 1h: MACD bullish; 4h: RSI oversold (24.0)

[15:40:16] Cycle 1722
  💰 Current Price: $1977.90
  🎯 Signal: BUY (confidence: 0.20)
  📝 Reason: 5m: MACD bullish; 15m: MACD bearish; 1h: MACD bullish; 4h: RSI oversold (24.1)

[15:40:46] Cycle 1723
  💰 Current Price: $1978.54
  🎯 Signal: BUY (confidence: 0.20)
  📝 Reason: 5m: MACD bullish; 15m: MACD bearish; 1h: MACD bullish; 4h: RSI oversold (24.1)

[15:41:17] Cycle 1724
  💰 Current Price: $1977.58
  🎯 Signal: BUY (confidence: 0.20)
  📝 Reason: 5m: MACD bullish; 15m: MACD bearish; 1h: MACD bullish; 4h: RSI oversold (24.0)

[15:41:48] Cycle 1725
  💰 Current Price: $1977.98
  🎯 Signal: BUY (confidence: 0.20)
  📝 Reason: 5m: MACD bullish; 15m: MACD bearish; 1h: MACD bullish; 4h: RSI oversold (24.1)

[15:42:19] Cycle 1726
  💰 Current Price: $1977.98
  🎯 Signal: BUY (confidence: 0.20)
  📝 Reason: 5m: MACD bullish; 15m: MACD bearish; 1h: MACD bullish; 4h: RSI oversold (24.1)

[15:42:50] Cycle 1727
  💰 Current Price: $1977.95
  🎯 Signal: BUY (confidence: 0.20)
  📝 Reason: 5m: MACD bullish; 15m: MACD bearish; 1h: MACD bullish; 4h: RSI oversold (24.1)

[15:43:21] Cycle 1728
  💰 Current Price: $1977.82
  🎯 Signal: BUY (confidence: 0.20)
  📝 Reason: 5m: MACD bullish; 15m: MACD bearish; 1h: MACD bullish; 4h: RSI oversold (24.1)

[15:43:52] Cycle 1729
  💰 Current Price: $1977.91
  🎯 Signal: BUY (confidence: 0.20)
  📝 Reason: 5m: MACD bullish; 15m: MACD bearish; 1h: MACD bullish; 4h: RSI oversold (24.1)

[15:44:23] Cycle 1730
  💰 Current Price: $1978.26
  🎯 Signal: BUY (confidence: 0.20)
  📝 Reason: 5m: MACD bullish; 15m: MACD bearish; 1h: MACD bullish; 4h: RSI oversold (24.1)

[15:44:54] Cycle 1731
  💰 Current Price: $1978.59
  🎯 Signal: BUY (confidence: 0.20)
  📝 Reason: 5m: MACD bullish; 15m: MACD bearish; 1h: MACD bullish; 4h: RSI oversold (24.1)

[15:45:24] Cycle 1732
  💰 Current Price: $1978.58
  🎯 Signal: BUY (confidence: 0.30)
  📝 Reason: 5m: RSI oversold (30.3); 5m: MACD bullish; 15m: MACD bearish; 1h: MACD bullish

[15:45:55] Cycle 1733
  💰 Current Price: $1978.58
  🎯 Signal: BUY (confidence: 0.30)
  📝 Reason: 5m: RSI oversold (30.3); 5m: MACD bullish; 15m: MACD bearish; 1h: MACD bullish

[15:46:26] Cycle 1734
  💰 Current Price: $1977.44
  🎯 Signal: BUY (confidence: 0.30)
  📝 Reason: 5m: RSI oversold (28.9); 5m: MACD bullish; 15m: MACD bearish; 1h: MACD bullish

[15:46:57] Cycle 1735
  💰 Current Price: $1978.16
  🎯 Signal: BUY (confidence: 0.30)

  💰 Current Price: $1977.91
  🎯 Signal: BUY (confidence: 0.20)
  📝 Reason: 5m: MACD bullish; 15m: MACD bearish; 1h: MACD bullish; 4h: RSI oversold (24.1)

[15:44:23] Cycle 1735
  💰 Current Price: $1978.26
  🎯 Signal: BUY (confidence: 0.20)
  📝 Reason: 5m: MACD bullish; 15m: MACD bearish; 1h: MACD bullish; 4h: RSI oversold (24.1)

[15:44:54] Cycle 1736
  💰 Current Price: $1978.59
  🎯 Signal: BUY (confidence: 0.20)
  📝 Reason: 5m: MACD bullish; 15m: MACD bearish; 1h: MACD bullish; 4h: RSI oversold (24.1)

[15:45:25] Cycle 1737
  💰 Current Price: $1978.58
  🎯 Signal: BUY (confidence: 0.30)
  📝 Reason: 5m: RSI oversold (30.3); 5m: MACD bullish; 15m: MACD bearish; 1h: MACD bullish

[15:45:55] Cycle 1738
  💰 Current Price: $1978.58
  🎯 Signal: BUY (confidence: 0.30)
  📝 Reason: 5m: RSI oversold (30.3); 5m: MACD bullish; 15m: MACD bearish; 1h: MACD bullish

[15:46:26] Cycle 1739
  💰 Current Price: $1977.44
  🎯 Signal: BUY (confidence: 0.30)
  📝 Reason: 5m: RSI oversold (28.9); 5m: MACD bullish; 15m: MACD bearish; 1h: MACD bullish

[15:46:57] Cycle 1740
  💰 Current Price: $1978.16
  🎯 Signal: BUY (confidence: 0.30)
  📝 Reason: 5m: RSI oversold (29.7); 5m: MACD bullish; 15m: MACD bearish; 1h: MACD bullish

[15:47:28] Cycle 1741
  💰 Current Price: $1980.00
  🎯 Signal: BUY (confidence: 0.30)
  📝 Reason: 5m: RSI oversold (34.4); 5m: MACD bullish; 15m: MACD bearish; 1h: MACD bullish

[15:47:59] Cycle 1742
  💰 Current Price: $1980.00
  🎯 Signal: BUY (confidence: 0.30)
  📝 Reason: 5m: RSI oversold (34.4); 5m: MACD bullish; 15m: MACD bearish; 1h: MACD bullish

[15:48:30] Cycle 1743
  💰 Current Price: $1979.77
  🎯 Signal: BUY (confidence: 0.30)
  📝 Reason: 5m: RSI oversold (33.8); 5m: MACD bullish; 15m: MACD bearish; 1h: MACD bullish

[15:49:01] Cycle 1744
  💰 Current Price: $1980.17
  🎯 Signal: BUY (confidence: 0.30)
  📝 Reason: 5m: RSI oversold (34.8); 5m: MACD bullish; 15m: MACD bearish; 1h: MACD bullish

[15:49:32] Cycle 1745
  💰 Current Price: $1979.61
  🎯 Signal: BUY (confidence: 0.30)
  📝 Reason: 5m: RSI oversold (33.3); 5m: MACD bullish; 15m: MACD bearish; 1h: MACD bullish

[15:50:02] Cycle 1746
  💰 Current Price: $1979.77
  🎯 Signal: HOLD (confidence: 0.10)
  📝 Reason: 5m: MACD bearish; 15m: MACD bearish; 1h: MACD bullish; 4h: RSI oversold (24.3)

[15:50:33] Cycle 1747
  💰 Current Price: $1980.57
  🎯 Signal: BUY (confidence: 0.20)
  📝 Reason: 5m: MACD bullish; 15m: MACD bearish; 1h: MACD bullish; 4h: RSI oversold (24.3)

[15:51:04] Cycle 1748
  💰 Current Price: $1980.40
  🎯 Signal: HOLD (confidence: 0.10)
  📝 Reason: 5m: MACD bearish; 15m: MACD bearish; 1h: MACD bullish; 4h: RSI oversold (24.3)

[15:51:35] Cycle 1749
  💰 Current Price: $1980.41
  🎯 Signal: HOLD (confidence: 0.10)
  📝 Reason: 5m: MACD bearish; 15m: MACD bearish; 1h: MACD bullish; 4h: RSI oversold (24.3)

[15:52:06] Cycle 1750
  💰 Current Price: $1979.23
  🎯 Signal: HOLD (confidence: 0.10)
  📝 Reason: 5m: MACD bearish; 15m: MACD bearish; 1h: MACD bullish; 4h: RSI oversold (24.2)

[15:52:37] Cycle 1751
  💰 Current Price: $1979.76
  🎯 Signal: HOLD (confidence: 0.10)
  📝 Reason: 5m: MACD bearish; 15m: MACD bearish; 1h: MACD bullish; 4h: RSI oversold (24.2)

[15:53:07] Cycle 1752
  💰 Current Price: $1980.41
  🎯 Signal: HOLD (confidence: 0.10)
  📝 Reason: 5m: MACD bearish; 15m: MACD bearish; 1h: MACD bullish; 4h: RSI oversold (24.3)

[15:53:38] Cycle 1753
  💰 Current Price: $1981.37
  🎯 Signal: BUY (confidence: 0.20)
  📝 Reason: 5m: MACD bullish; 15m: MACD bearish; 1h: MACD bullish; 4h: RSI oversold (24.4)

[15:54:09] Cycle 1754
  💰 Current Price: $1981.37
  🎯 Signal: BUY (confidence: 0.20)
  📝 Reason: 5m: MACD bullish; 15m: MACD bearish; 1h: MACD bullish; 4h: RSI oversold (24.4)

[15:54:40] Cycle 1755
  💰 Current Price: $1981.37
  🎯 Signal: BUY (confidence: 0.20)
  📝 Reason: 5m: MACD bullish; 15m: MACD bearish; 1h: MACD bullish; 4h: RSI oversold (24.4)

[15:55:11] Cycle 1756
  💰 Current Price: $1981.07
  🎯 Signal: HOLD (confidence: 0.10)
  📝 Reason: 5m: MACD bearish; 15m: MACD bearish; 1h: MACD bullish; 4h: RSI oversold (24.4)

[15:55:42] Cycle 1757
  💰 Current Price: $1981.44
  🎯 Signal: HOLD (confidence: 0.10)
  📝 Reason: 5m: MACD bearish; 15m: MACD bearish; 1h: MACD bullish; 4h: RSI oversold (24.4)

[15:56:12] Cycle 1758
  💰 Current Price: $1981.40
  🎯 Signal: HOLD (confidence: 0.10)
  📝 Reason: 5m: MACD bearish; 15m: MACD bearish; 1h: MACD bullish; 4h: RSI oversold (24.4)

[15:56:43] Cycle 1759
  💰 Current Price: $1981.41
  🎯 Signal: HOLD (confidence: 0.10)
  📝 Reason: 5m: MACD bearish; 15m: MACD bearish; 1h: MACD bullish; 4h: RSI oversold (24.4)

[15:57:14] Cycle 1760
  💰 Current Price: $1981.41
  🎯 Signal: HOLD (confidence: 0.10)
  📝 Reason: 5m: MACD bearish; 15m: MACD bearish; 1h: MACD bullish; 4h: RSI oversold (24.4)

[15:57:45] Cycle 1761
  💰 Current Price: $1981.55
  🎯 Signal: HOLD (confidence: 0.10)
  📝 Reason: 5m: MACD bearish; 15m: MACD bearish; 1h: MACD bullish; 4h: RSI oversold (24.4)

[15:58:16] Cycle 1762
  💰 Current Price: $1981.90
  🎯 Signal: HOLD (confidence: 0.10)
  📝 Reason: 5m: MACD bearish; 15m: MACD bearish; 1h: MACD bullish; 4h: RSI oversold (24.5)

[15:58:47] Cycle 1763
  💰 Current Price: $1981.82
  🎯 Signal: HOLD (confidence: 0.10)
  📝 Reason: 5m: MACD bearish; 15m: MACD bearish; 1h: MACD bullish; 4h: RSI oversold (24.5)

[15:59:18] Cycle 1764
  💰 Current Price: $1981.95
  🎯 Signal: HOLD (confidence: 0.10)
  📝 Reason: 5m: MACD bearish; 15m: MACD bearish; 1h: MACD bullish; 4h: RSI oversold (24.5)

[15:59:49] Cycle 1765
  💰 Current Price: $1981.49
  🎯 Signal: HOLD (confidence: 0.10)
  📝 Reason: 5m: MACD bearish; 15m: MACD bearish; 1h: MACD bullish; 4h: RSI oversold (24.4)

[16:00:19] Cycle 1766
  💰 Current Price: $1980.67
  🎯 Signal: BUY (confidence: 0.20)
  📝 Reason: 5m: RSI oversold (32.4); 5m: MACD bearish; 15m: MACD bearish; 1h: MACD bullish

[16:00:50] Cycle 1767
  💰 Current Price: $1980.30
  🎯 Signal: BUY (confidence: 0.20)
  📝 Reason: 5m: RSI oversold (32.4); 5m: MACD bearish; 15m: MACD bearish; 1h: MACD bullish

[16:01:21] Cycle 1768
  💰 Current Price: $1979.76
  🎯 Signal: BUY (confidence: 0.20)
  📝 Reason: 5m: RSI oversold (31.6); 5m: MACD bearish; 15m: MACD bearish; 1h: MACD bullish

[16:01:52] Cycle 1769
  💰 Current Price: $1979.74
  🎯 Signal: BUY (confidence: 0.20)
  📝 Reason: 5m: RSI oversold (31.6); 5m: MACD bearish; 15m: MACD bearish; 1h: MACD bullish

[16:02:23] Cycle 1770
  💰 Current Price: $1979.74
  🎯 Signal: BUY (confidence: 0.20)
  📝 Reason: 5m: RSI oversold (31.6); 5m: MACD bearish; 15m: MACD bearish; 1h: MACD bullish

[16:02:54] Cycle 1771
  💰 Current Price: $1978.79
  🎯 Signal: BUY (confidence: 0.20)
  📝 Reason: 5m: RSI oversold (30.3); 5m: MACD bearish; 15m: MACD bearish; 1h: MACD bullish

[16:03:25] Cycle 1772
  💰 Current Price: $1978.96
  🎯 Signal: BUY (confidence: 0.20)
  📝 Reason: 5m: RSI oversold (30.5); 5m: MACD bearish; 15m: MACD bearish; 1h: MACD bullish

[16:03:55] Cycle 1773
  💰 Current Price: $1978.95
  🎯 Signal: BUY (confidence: 0.20)
  📝 Reason: 5m: RSI oversold (30.5); 5m: MACD bearish; 15m: MACD bearish; 1h: MACD bullish

[16:04:26] Cycle 1774
  💰 Current Price: $1978.95
  🎯 Signal: BUY (confidence: 0.20)
  📝 Reason: 5m: RSI oversold (30.5); 5m: MACD bearish; 15m: MACD bearish; 1h: MACD bullish

[16:04:57] Cycle 1775
  💰 Current Price: $1978.96
  🎯 Signal: BUY (confidence: 0.20)
  📝 Reason: 5m: RSI oversold (30.5); 5m: MACD bearish; 15m: MACD bearish; 1h: MACD bullish

[16:05:28] Cycle 1776
  💰 Current Price: $1978.96
  🎯 Signal: BUY (confidence: 0.20)
  📝 Reason: 5m: RSI oversold (31.8); 5m: MACD bearish; 15m: MACD bearish; 1h: MACD bullish

[16:05:59] Cycle 1777
  💰 Current Price: $1977.52
  🎯 Signal: BUY (confidence: 0.20)
  📝 Reason: 5m: RSI oversold (29.9); 5m: MACD bearish; 15m: MACD bearish; 1h: MACD bullish
  📝 Reason: 5m: RSI oversold (29.7); 5m: MACD bullish; 15m: MACD bearish; 1h: MACD bullish

[15:47:28] Cycle 1736
  💰 Current Price: $1980.00
  🎯 Signal: BUY (confidence: 0.30)
  📝 Reason: 5m: RSI oversold (34.4); 5m: MACD bullish; 15m: MACD bearish; 1h: MACD bullish

[15:47:59] Cycle 1737
  💰 Current Price: $1980.00
  🎯 Signal: BUY (confidence: 0.30)
  📝 Reason: 5m: RSI oversold (34.4); 5m: MACD bullish; 15m: MACD bearish; 1h: MACD bullish

[15:48:30] Cycle 1738
  💰 Current Price: $1979.77
  🎯 Signal: BUY (confidence: 0.30)
  📝 Reason: 5m: RSI oversold (33.8); 5m: MACD bullish; 15m: MACD bearish; 1h: MACD bullish

[15:49:01] Cycle 1739
  💰 Current Price: $1980.17
  🎯 Signal: BUY (confidence: 0.30)
  📝 Reason: 5m: RSI oversold (34.8); 5m: MACD bullish; 15m: MACD bearish; 1h: MACD bullish

[15:49:32] Cycle 1740
  💰 Current Price: $1979.61
  🎯 Signal: BUY (confidence: 0.30)
  📝 Reason: 5m: RSI oversold (33.3); 5m: MACD bullish; 15m: MACD bearish; 1h: MACD bullish

[15:50:02] Cycle 1741
  💰 Current Price: $1979.77
  🎯 Signal: HOLD (confidence: 0.10)
  📝 Reason: 5m: MACD bearish; 15m: MACD bearish; 1h: MACD bullish; 4h: RSI oversold (24.3)

[15:50:33] Cycle 1742
  💰 Current Price: $1980.57
  🎯 Signal: BUY (confidence: 0.20)
  📝 Reason: 5m: MACD bullish; 15m: MACD bearish; 1h: MACD bullish; 4h: RSI oversold (24.3)

[15:51:04] Cycle 1743
  💰 Current Price: $1980.40
  🎯 Signal: HOLD (confidence: 0.10)
  📝 Reason: 5m: MACD bearish; 15m: MACD bearish; 1h: MACD bullish; 4h: RSI oversold (24.3)

[15:51:35] Cycle 1744
  💰 Current Price: $1980.41
  🎯 Signal: HOLD (confidence: 0.10)
  📝 Reason: 5m: MACD bearish; 15m: MACD bearish; 1h: MACD bullish; 4h: RSI oversold (24.3)

[15:52:06] Cycle 1745
  💰 Current Price: $1979.23
  🎯 Signal: HOLD (confidence: 0.10)
  📝 Reason: 5m: MACD bearish; 15m: MACD bearish; 1h: MACD bullish; 4h: RSI oversold (24.2)

[15:52:37] Cycle 1746
  💰 Current Price: $1979.76
  🎯 Signal: HOLD (confidence: 0.10)
  📝 Reason: 5m: MACD bearish; 15m: MACD bearish; 1h: MACD bullish; 4h: RSI oversold (24.2)

[15:53:07] Cycle 1747
  💰 Current Price: $1980.41
  🎯 Signal: HOLD (confidence: 0.10)
  📝 Reason: 5m: MACD bearish; 15m: MACD bearish; 1h: MACD bullish; 4h: RSI oversold (24.3)

[15:53:38] Cycle 1748
  💰 Current Price: $1981.37
  🎯 Signal: BUY (confidence: 0.20)
  📝 Reason: 5m: MACD bullish; 15m: MACD bearish; 1h: MACD bullish; 4h: RSI oversold (24.4)

[15:54:09] Cycle 1749
  💰 Current Price: $1981.37
  🎯 Signal: BUY (confidence: 0.20)
  📝 Reason: 5m: MACD bullish; 15m: MACD bearish; 1h: MACD bullish; 4h: RSI oversold (24.4)

[15:54:40] Cycle 1750
  💰 Current Price: $1981.37
  🎯 Signal: BUY (confidence: 0.20)
  📝 Reason: 5m: MACD bullish; 15m: MACD bearish; 1h: MACD bullish; 4h: RSI oversold (24.4)

[15:55:11] Cycle 1751
  💰 Current Price: $1981.07
  🎯 Signal: HOLD (confidence: 0.10)
  📝 Reason: 5m: MACD bearish; 15m: MACD bearish; 1h: MACD bullish; 4h: RSI oversold (24.4)

[15:55:42] Cycle 1752
  💰 Current Price: $1981.44
  🎯 Signal: HOLD (confidence: 0.10)
  📝 Reason: 5m: MACD bearish; 15m: MACD bearish; 1h: MACD bullish; 4h: RSI oversold (24.4)

[15:56:12] Cycle 1753
  💰 Current Price: $1981.40
  🎯 Signal: HOLD (confidence: 0.10)
  📝 Reason: 5m: MACD bearish; 15m: MACD bearish; 1h: MACD bullish; 4h: RSI oversold (24.4)

[15:56:43] Cycle 1754
  💰 Current Price: $1981.41
  🎯 Signal: HOLD (confidence: 0.10)
  📝 Reason: 5m: MACD bearish; 15m: MACD bearish; 1h: MACD bullish; 4h: RSI oversold (24.4)

[15:57:14] Cycle 1755
  💰 Current Price: $1981.41
  🎯 Signal: HOLD (confidence: 0.10)
  📝 Reason: 5m: MACD bearish; 15m: MACD bearish; 1h: MACD bullish; 4h: RSI oversold (24.4)

[15:57:45] Cycle 1756
  💰 Current Price: $1981.55
  🎯 Signal: HOLD (confidence: 0.10)
  📝 Reason: 5m: MACD bearish; 15m: MACD bearish; 1h: MACD bullish; 4h: RSI oversold (24.4)

[15:58:16] Cycle 1757
  💰 Current Price: $1981.90
  🎯 Signal: HOLD (confidence: 0.10)
  📝 Reason: 5m: MACD bearish; 15m: MACD bearish; 1h: MACD bullish; 4h: RSI oversold (24.5)

[15:58:47] Cycle 1758
  💰 Current Price: $1981.82
  🎯 Signal: HOLD (confidence: 0.10)
  📝 Reason: 5m: MACD bearish; 15m: MACD bearish; 1h: MACD bullish; 4h: RSI oversold (24.5)

[15:59:18] Cycle 1759
  💰 Current Price: $1981.95
  🎯 Signal: HOLD (confidence: 0.10)
  📝 Reason: 5m: MACD bearish; 15m: MACD bearish; 1h: MACD bullish; 4h: RSI oversold (24.5)

[15:59:48] Cycle 1760
  💰 Current Price: $1981.49
  🎯 Signal: HOLD (confidence: 0.10)
  📝 Reason: 5m: MACD bearish; 15m: MACD bearish; 1h: MACD bullish; 4h: RSI oversold (24.4)

[16:00:19] Cycle 1761
  💰 Current Price: $1980.67
  🎯 Signal: BUY (confidence: 0.20)
  📝 Reason: 5m: RSI oversold (32.4); 5m: MACD bearish; 15m: MACD bearish; 1h: MACD bullish

[16:00:50] Cycle 1762
  💰 Current Price: $1980.30
  🎯 Signal: BUY (confidence: 0.20)
  📝 Reason: 5m: RSI oversold (32.4); 5m: MACD bearish; 15m: MACD bearish; 1h: MACD bullish

[16:01:21] Cycle 1763
  💰 Current Price: $1979.76
  🎯 Signal: BUY (confidence: 0.20)
  📝 Reason: 5m: RSI oversold (31.6); 5m: MACD bearish; 15m: MACD bearish; 1h: MACD bullish

[16:01:52] Cycle 1764
  💰 Current Price: $1979.74
  🎯 Signal: BUY (confidence: 0.20)
  📝 Reason: 5m: RSI oversold (31.6); 5m: MACD bearish; 15m: MACD bearish; 1h: MACD bullish

[16:02:23] Cycle 1765
  💰 Current Price: $1979.74
  🎯 Signal: BUY (confidence: 0.20)
  📝 Reason: 5m: RSI oversold (31.6); 5m: MACD bearish; 15m: MACD bearish; 1h: MACD bullish

[16:02:54] Cycle 1766
  💰 Current Price: $1978.79
  🎯 Signal: BUY (confidence: 0.20)
  📝 Reason: 5m: RSI oversold (30.3); 5m: MACD bearish; 15m: MACD bearish; 1h: MACD bullish

[16:03:25] Cycle 1767
  💰 Current Price: $1978.96
  🎯 Signal: BUY (confidence: 0.20)
  📝 Reason: 5m: RSI oversold (30.5); 5m: MACD bearish; 15m: MACD bearish; 1h: MACD bullish

[16:03:55] Cycle 1768
  💰 Current Price: $1978.95
  🎯 Signal: BUY (confidence: 0.20)
  📝 Reason: 5m: RSI oversold (30.5); 5m: MACD bearish; 15m: MACD bearish; 1h: MACD bullish

[16:04:26] Cycle 1769
  💰 Current Price: $1978.95
  🎯 Signal: BUY (confidence: 0.20)
  📝 Reason: 5m: RSI oversold (30.5); 5m: MACD bearish; 15m: MACD bearish; 1h: MACD bullish

[16:04:57] Cycle 1770
  💰 Current Price: $1978.96
  🎯 Signal: BUY (confidence: 0.20)
  📝 Reason: 5m: RSI oversold (30.5); 5m: MACD bearish; 15m: MACD bearish; 1h: MACD bullish

[16:05:28] Cycle 1771
  💰 Current Price: $1978.96
  🎯 Signal: BUY (confidence: 0.20)
  📝 Reason: 5m: RSI oversold (31.8); 5m: MACD bearish; 15m: MACD bearish; 1h: MACD bullish

[16:05:59] Cycle 1772
  💰 Current Price: $1977.52
  🎯 Signal: BUY (confidence: 0.20)
  📝 Reason: 5m: RSI oversold (29.9); 5m: MACD bearish; 15m: MACD bearish; 1h: MACD bullish

[16:06:30] Cycle 1773
  💰 Current Price: $1978.10
  🎯 Signal: BUY (confidence: 0.20)
  📝 Reason: 5m: RSI oversold (30.6); 5m: MACD bearish; 15m: MACD bearish; 1h: MACD bullish

[16:07:00] Cycle 1774
  💰 Current Price: $1977.79
  🎯 Signal: BUY (confidence: 0.20)
  📝 Reason: 5m: RSI oversold (30.2); 5m: MACD bearish; 15m: MACD bearish; 1h: MACD bullish

[16:07:31] Cycle 1775
  💰 Current Price: $1977.79
  🎯 Signal: BUY (confidence: 0.20)
  📝 Reason: 5m: RSI oversold (30.2); 5m: MACD bearish; 15m: MACD bearish; 1h: MACD bullish

[16:08:02] Cycle 1776
  💰 Current Price: $1979.11
  🎯 Signal: BUY (confidence: 0.20)
  📝 Reason: 5m: RSI oversold (32.3); 5m: MACD bearish; 15m: MACD bearish; 1h: MACD bullish

[16:08:33] Cycle 1777
  💰 Current Price: $1978.55
  🎯 Signal: BUY (confidence: 0.20)
  📝 Reason: 5m: RSI oversold (31.2); 5m: MACD bearish; 15m: MACD bearish; 1h: MACD bullish

[16:09:04] Cycle 1778
  💰 Current Price: $1979.41
  🎯 Signal: BUY (confidence: 0.20)
  📝 Reason: 5m: RSI oversold (33.4); 5m: MACD bearish; 15m: MACD bearish; 1h: MACD bullish

[16:09:35] Cycle 1779
  💰 Current Price: $1979.35
