============================================================
  Momentum Scanner Bot — LIVE
  Max positions: 3 @ $15.0/trade
  Entry: +3% to +10% in 1h, activity 1.5x+
  Exit: TP +10% / SL -5%
  Scan interval: 300s
============================================================

[16:35:41] Scan #1
  633 USD pairs found
  633 tickers fetched
  Warmup: 1/12 cycles (~55min until signals)

[16:40:50] Scan #2
  633 USD pairs found
  633 tickers fetched
  Warmup: 2/12 cycles (~50min until signals)

[16:45:59] Scan #3
  633 USD pairs found
  633 tickers fetched
  Warmup: 3/12 cycles (~45min until signals)

[16:51:08] Scan #4
  633 USD pairs found
  633 tickers fetched
  Warmup: 4/12 cycles (~40min until signals)

[16:56:17] Scan #5
  633 USD pairs found
  633 tickers fetched
  Warmup: 5/12 cycles (~35min until signals)

[17:01:26] Scan #6
  633 USD pairs found
  633 tickers fetched
  Warmup: 6/12 cycles (~30min until signals)

[17:06:35] Scan #7
  633 USD pairs found
  633 tickers fetched
  Warmup: 7/12 cycles (~25min until signals)

[17:11:45] Scan #8
  633 USD pairs found
  633 tickers fetched
  Warmup: 8/12 cycles (~20min until signals)

[17:16:54] Scan #9
  633 USD pairs found
  633 tickers fetched
  Warmup: 9/12 cycles (~15min until signals)

[17:22:03] Scan #10
  633 USD pairs found
  633 tickers fetched
  Warmup: 10/12 cycles (~10min until signals)

[17:27:12] Scan #11
  633 USD pairs found
  633 tickers fetched
  Warmup: 11/12 cycles (~5min until signals)

[17:32:21] Scan #12
  633 USD pairs found
  633 tickers fetched
  No signals (633 pairs ready)

[17:37:30] Scan #13
  633 USD pairs found
  633 tickers fetched
  No signals (633 pairs ready)

[17:42:39] Scan #14
  633 USD pairs found
  633 tickers fetched
  No signals (633 pairs ready)

[17:47:49] Scan #15
  633 USD pairs found
  633 tickers fetched
  No signals (633 pairs ready)

[17:52:58] Scan #16
  633 USD pairs found
  633 tickers fetched
  No signals (633 pairs ready)

[17:58:07] Scan #17
  633 USD pairs found
  633 tickers fetched
  No signals (633 pairs ready)

[18:05:55] Scan #18
  633 USD pairs found
  633 tickers fetched
  No signals (633 pairs ready)

[18:11:05] Scan #19
  633 USD pairs found
  633 tickers fetched
  No signals (633 pairs ready)

[18:16:15] Scan #20
  633 USD pairs found
  633 tickers fetched
  No signals (633 pairs ready)

[18:21:25] Scan #21
  633 USD pairs found
  633 tickers fetched
  No signals (633 pairs ready)

[18:26:35] Scan #22
  633 USD pairs found
  633 tickers fetched
  No signals (633 pairs ready)

[18:31:45] Scan #23
  633 USD pairs found
  633 tickers fetched
  No signals (633 pairs ready)

[18:36:54] Scan #24
  633 USD pairs found
  633 tickers fetched
  No signals (633 pairs ready)

[18:42:04] Scan #25
  633 USD pairs found
  633 tickers fetched
  No signals (633 pairs ready)

[18:47:14] Scan #26
  633 USD pairs found
  633 tickers fetched
  No signals (633 pairs ready)

[18:52:23] Scan #27
  633 USD pairs found
  633 tickers fetched
  No signals (633 pairs ready)

[18:57:33] Scan #28
  633 USD pairs found
  633 tickers fetched
  No signals (633 pairs ready)

[19:02:42] Scan #29
  633 USD pairs found
  633 tickers fetched
  No signals (633 pairs ready)

[19:07:52] Scan #30
  633 USD pairs found
  633 tickers fetched
  No signals (633 pairs ready)

[19:13:02] Scan #31
  633 USD pairs found
  633 tickers fetched
  No signals (633 pairs ready)

[19:18:11] Scan #32
  633 USD pairs found
  633 tickers fetched
  No signals (633 pairs ready)

[19:23:21] Scan #33
  633 USD pairs found
  633 tickers fetched
  No signals (633 pairs ready)

[19:28:31] Scan #34
  633 USD pairs found
  633 tickers fetched
  No signals (633 pairs ready)

[19:33:40] Scan #35
  633 USD pairs found
  633 tickers fetched
  No signals (633 pairs ready)

[19:38:50] Scan #36
  633 USD pairs found
  633 tickers fetched
  No signals (633 pairs ready)

[19:44:00] Scan #37
  633 USD pairs found
  633 tickers fetched
  No signals (633 pairs ready)

[19:49:10] Scan #38
  633 USD pairs found
  633 tickers fetched
  No signals (633 pairs ready)

[19:54:19] Scan #39
  633 USD pairs found
  633 tickers fetched
  No signals (633 pairs ready)

[19:59:28] Scan #40
  633 USD pairs found
  633 tickers fetched
  No signals (633 pairs ready)

[20:04:38] Scan #41
  633 USD pairs found
  633 tickers fetched
  No signals (633 pairs ready)

[20:09:47] Scan #42
  633 USD pairs found
  633 tickers fetched
  No signals (633 pairs ready)

[20:14:57] Scan #43
  633 USD pairs found
  633 tickers fetched
  No signals (633 pairs ready)

[20:20:06] Scan #44
  633 USD pairs found
  633 tickers fetched
  No signals (633 pairs ready)

[20:25:15] Scan #45
  633 USD pairs found
  633 tickers fetched
  No signals (633 pairs ready)

[20:30:24] Scan #46
  633 USD pairs found
  633 tickers fetched
  No signals (633 pairs ready)

[20:35:34] Scan #47
  633 USD pairs found
  633 tickers fetched
  No signals (633 pairs ready)

[20:40:43] Scan #48
  633 USD pairs found
  633 tickers fetched
  No signals (633 pairs ready)

[20:45:52] Scan #49
  633 USD pairs found
  633 tickers fetched
  No signals (633 pairs ready)

[20:51:01] Scan #50
  633 USD pairs found
  633 tickers fetched
  No signals (633 pairs ready)

[20:56:11] Scan #51
  633 USD pairs found
  633 tickers fetched
  No signals (633 pairs ready)

[21:01:20] Scan #52
  633 USD pairs found
  633 tickers fetched
  No signals (633 pairs ready)

[21:06:29] Scan #53
  633 USD pairs found
  633 tickers fetched
  No signals (633 pairs ready)

[21:11:39] Scan #54
  633 USD pairs found
  633 tickers fetched
  No signals (633 pairs ready)

[21:16:48] Scan #55
  633 USD pairs found
  633 tickers fetched
  No signals (633 pairs ready)

[21:21:57] Scan #56
  633 USD pairs found
  633 tickers fetched
  No signals (633 pairs ready)

[21:27:06] Scan #57
  633 USD pairs found
  633 tickers fetched
  No signals (633 pairs ready)

[21:32:15] Scan #58
  633 USD pairs found
  633 tickers fetched
  No signals (633 pairs ready)

[21:37:24] Scan #59
  633 USD pairs found
  633 tickers fetched
  No signals (633 pairs ready)

[21:42:33] Scan #60
  633 USD pairs found
  633 tickers fetched
  No signals (633 pairs ready)

[21:47:42] Scan #61
  633 USD pairs found
  633 tickers fetched
  No signals (633 pairs ready)

[21:52:53] Scan #62
  633 USD pairs found
  633 tickers fetched
  No signals (633 pairs ready)

[21:58:02] Scan #63
  633 USD pairs found
  633 tickers fetched
  No signals (633 pairs ready)

[22:03:11] Scan #64
  633 USD pairs found
  633 tickers fetched
  No signals (633 pairs ready)

[22:08:21] Scan #65
  633 USD pairs found
  633 tickers fetched
  No signals (633 pairs ready)

[22:13:30] Scan #66
  633 USD pairs found
  633 tickers fetched
  No signals (633 pairs ready)

[22:18:39] Scan #67
  633 USD pairs found
  633 tickers fetched
  No signals (633 pairs ready)

[22:23:48] Scan #68
  633 USD pairs found
  633 tickers fetched
  No signals (633 pairs ready)

[22:28:57] Scan #69
  633 USD pairs found
  633 tickers fetched
  No signals (633 pairs ready)

[22:34:06] Scan #70
  633 USD pairs found
  633 tickers fetched
  No signals (633 pairs ready)

[22:39:15] Scan #71
  633 USD pairs found
  633 tickers fetched
  No signals (633 pairs ready)

[22:44:25] Scan #72
  633 USD pairs found
  633 tickers fetched
  No signals (633 pairs ready)

[22:49:34] Scan #73
  633 USD pairs found
  633 tickers fetched
  No signals (633 pairs ready)

[22:54:43] Scan #74
  633 USD pairs found
  633 tickers fetched
  No signals (633 pairs ready)

[22:59:52] Scan #75
  633 USD pairs found
  633 tickers fetched
  No signals (633 pairs ready)

[23:05:01] Scan #76
  633 USD pairs found
  633 tickers fetched
  No signals (633 pairs ready)

[23:10:10] Scan #77
  633 USD pairs found
  633 tickers fetched
  No signals (633 pairs ready)

[23:15:20] Scan #78
  633 USD pairs found
  633 tickers fetched
  No signals (633 pairs ready)

[23:20:29] Scan #79
  633 USD pairs found
  633 tickers fetched
  No signals (633 pairs ready)

[23:25:38] Scan #80
  633 USD pairs found
  633 tickers fetched
  No signals (633 pairs ready)

[23:30:47] Scan #81
  633 USD pairs found
  633 tickers fetched
  No signals (633 pairs ready)

[23:35:56] Scan #82
  633 USD pairs found
  633 tickers fetched
  No signals (633 pairs ready)

[23:41:05] Scan #83
  633 USD pairs found
  633 tickers fetched
  No signals (633 pairs ready)

[23:46:15] Scan #84
  633 USD pairs found
  633 tickers fetched
  No signals (633 pairs ready)

[23:51:24] Scan #85
  633 USD pairs found
  633 tickers fetched
  No signals (633 pairs ready)

[23:56:33] Scan #86
  633 USD pairs found
  633 tickers fetched
  No signals (633 pairs ready)

[00:01:42] Scan #87
  633 USD pairs found
  633 tickers fetched
  No signals (633 pairs ready)

[00:06:51] Scan #88
  633 USD pairs found
  633 tickers fetched
  No signals (633 pairs ready)

[00:12:09] Scan #89
  633 USD pairs found
  633 tickers fetched
  No signals (633 pairs ready)

[00:17:19] Scan #90
  633 USD pairs found
  633 tickers fetched
  No signals (633 pairs ready)

[00:22:29] Scan #91
  633 USD pairs found
  633 tickers fetched
  No signals (633 pairs ready)

[00:27:39] Scan #92
  633 USD pairs found
  633 tickers fetched
  No signals (633 pairs ready)

[00:32:48] Scan #93
  633 USD pairs found
  633 tickers fetched
  No signals (633 pairs ready)

[00:37:58] Scan #94
  633 USD pairs found
  633 tickers fetched
  No signals (633 pairs ready)

[00:43:08] Scan #95
  633 USD pairs found
  633 tickers fetched
  No signals (633 pairs ready)

[00:48:17] Scan #96
  633 USD pairs found
  633 tickers fetched
  No signals (633 pairs ready)

[00:53:27] Scan #97
  633 USD pairs found
  633 tickers fetched
  No signals (633 pairs ready)

[00:58:37] Scan #98
  633 USD pairs found
  633 tickers fetched
  No signals (633 pairs ready)

[01:03:46] Scan #99
  633 USD pairs found
  633 tickers fetched
  No signals (633 pairs ready)

[01:08:56] Scan #100
  633 USD pairs found
  633 tickers fetched
  No signals (633 pairs ready)

[01:14:05] Scan #101
  633 USD pairs found
  633 tickers fetched
  No signals (633 pairs ready)

[01:19:15] Scan #102
  633 USD pairs found
  633 tickers fetched
  No signals (633 pairs ready)

[01:24:24] Scan #103
  633 USD pairs found
  633 tickers fetched
  No signals (633 pairs ready)

[01:29:34] Scan #104
  633 USD pairs found
  633 tickers fetched
  1 signals found:
    BONK: +3.2% in 1h, vol $341k, activity 3.7x
  [01:29:43] Not enough USD ($5.67) to buy BONK

[01:34:43] Scan #105
  633 USD pairs found
  633 tickers fetched
  1 signals found:
    BONK: +3.1% in 1h, vol $347k, activity 3.7x
  [01:34:52] Not enough USD ($5.66) to buy BONK

[01:39:52] Scan #106
  633 USD pairs found
  633 tickers fetched
  1 signals found:
    PI: +3.9% in 1h, vol $141k, activity 1.5x
  [01:40:02] Not enough USD ($5.66) to buy PI

[01:45:02] Scan #107
  633 USD pairs found
  633 tickers fetched
  No signals (633 pairs ready)

[01:50:11] Scan #108
  633 USD pairs found
  633 tickers fetched
  No signals (633 pairs ready)

[01:55:20] Scan #109
  633 USD pairs found
  633 tickers fetched
  No signals (633 pairs ready)

[02:00:30] Scan #110
  633 USD pairs found
  633 tickers fetched
  No signals (633 pairs ready)

[02:05:39] Scan #111
  633 USD pairs found
  633 tickers fetched
  No signals (633 pairs ready)

[02:10:48] Scan #112
  633 USD pairs found
  633 tickers fetched
  No signals (633 pairs ready)

[02:15:57] Scan #113
  633 USD pairs found
  633 tickers fetched
  No signals (633 pairs ready)

[02:21:06] Scan #114
  633 USD pairs found
  633 tickers fetched
  No signals (633 pairs ready)

[02:26:16] Scan #115
  633 USD pairs found
  633 tickers fetched
  No signals (633 pairs ready)

[02:31:25] Scan #116
  633 USD pairs found
  633 tickers fetched
  No signals (633 pairs ready)

[02:36:34] Scan #117
  633 USD pairs found
  633 tickers fetched
  No signals (633 pairs ready)

[02:41:43] Scan #118
  633 USD pairs found
  633 tickers fetched
  No signals (633 pairs ready)

[02:46:52] Scan #119
  633 USD pairs found
  633 tickers fetched
  No signals (633 pairs ready)

[02:52:01] Scan #120
  633 USD pairs found
  633 tickers fetched
  No signals (633 pairs ready)

[02:57:10] Scan #121
  633 USD pairs found
  633 tickers fetched
  2 signals found:
    CELO: +4.3% in 1h, vol $120k, activity 4.7x
    MON: +3.6% in 1h, vol $233k, activity 1.6x
  [02:57:19] Not enough USD ($5.66) to buy CELO
  [02:57:19] Not enough USD ($5.66) to buy MON

[03:02:19] Scan #122
  633 USD pairs found
  633 tickers fetched
  2 signals found:
    CELO: +4.5% in 1h, vol $121k, activity 4.6x
    MON: +4.1% in 1h, vol $235k, activity 1.6x
  [03:02:28] Not enough USD ($5.66) to buy CELO
  [03:02:28] Not enough USD ($5.66) to buy MON

[03:07:28] Scan #123
  633 USD pairs found
  633 tickers fetched
  2 signals found:
    CELO: +4.5% in 1h, vol $121k, activity 4.4x
    MON: +4.4% in 1h, vol $251k, activity 1.8x
  [03:07:37] Not enough USD ($5.66) to buy CELO
  [03:07:37] Not enough USD ($5.66) to buy MON

[03:12:37] Scan #124
  633 USD pairs found
  633 tickers fetched
  2 signals found:
    CELO: +3.6% in 1h, vol $121k, activity 4.3x
    MON: +4.4% in 1h, vol $252k, activity 1.8x
  [03:12:47] Not enough USD ($5.66) to buy CELO
  [03:12:47] Not enough USD ($5.66) to buy MON

[03:17:47] Scan #125
  633 USD pairs found
  633 tickers fetched
  1 signals found:
    MON: +4.1% in 1h, vol $263k, activity 1.9x
  [03:17:57] Not enough USD ($5.66) to buy MON

[03:22:57] Scan #126
  633 USD pairs found
  633 tickers fetched
  1 signals found:
    MON: +5.8% in 1h, vol $270k, activity 1.9x
  [03:23:07] Not enough USD ($5.66) to buy MON

[03:28:07] Scan #127
  633 USD pairs found
  633 tickers fetched
  2 signals found:
    MON: +5.8% in 1h, vol $274k, activity 1.9x
    BANANAS31: +5.3% in 1h, vol $104k, activity 1.6x
  [03:28:16] Not enough USD ($5.66) to buy MON
  [03:28:16] Not enough USD ($5.66) to buy BANANAS31

[03:33:16] Scan #128
  633 USD pairs found
  633 tickers fetched
  3 signals found:
    BONK: +3.1% in 1h, vol $394k, activity 2.5x
    MON: +5.4% in 1h, vol $273k, activity 1.9x
    BANANAS31: +3.6% in 1h, vol $111k, activity 1.7x
  [03:33:26] Not enough USD ($5.66) to buy BONK
  [03:33:26] Not enough USD ($5.66) to buy MON
  [03:33:26] Not enough USD ($5.66) to buy BANANAS31

[03:38:26] Scan #129
  633 USD pairs found
  633 tickers fetched
  7 signals found:
    BONK: +4.7% in 1h, vol $402k, activity 2.5x
    PENGU: +3.5% in 1h, vol $546k, activity 2.3x
    MON: +5.5% in 1h, vol $274k, activity 1.9x
    SHIB: +3.4% in 1h, vol $144k, activity 1.9x
    VIRTUAL: +3.0% in 1h, vol $410k, activity 1.8x
  [03:38:35] Not enough USD ($5.66) to buy BONK
  [03:38:35] Not enough USD ($5.66) to buy PENGU
  [03:38:35] Not enough USD ($5.66) to buy MON
  [03:38:35] Not enough USD ($5.66) to buy SHIB
  [03:38:35] Not enough USD ($5.66) to buy VIRTUAL
  [03:38:35] Not enough USD ($5.66) to buy BANANAS31
  [03:38:35] Not enough USD ($5.66) to buy USELESS

[03:43:35] Scan #130
  633 USD pairs found
  633 tickers fetched
  4 signals found:
    BONK: +3.4% in 1h, vol $402k, activity 2.6x
    MON: +5.6% in 1h, vol $277k, activity 1.9x
    BANANAS31: +3.4% in 1h, vol $112k, activity 1.8x
    USELESS: +6.0% in 1h, vol $434k, activity 1.6x
  [03:43:45] Not enough USD ($5.66) to buy BONK
  [03:43:45] Not enough USD ($5.66) to buy MON
  [03:43:45] Not enough USD ($5.66) to buy BANANAS31
  [03:43:45] Not enough USD ($5.66) to buy USELESS

[03:48:45] Scan #131
  633 USD pairs found
  633 tickers fetched
  5 signals found:
    BONK: +3.1% in 1h, vol $399k, activity 2.5x
    DRV: +9.7% in 1h, vol $127k, activity 1.9x
    MON: +5.0% in 1h, vol $278k, activity 1.9x
    BANANAS31: +3.4% in 1h, vol $112k, activity 1.7x
    USELESS: +6.0% in 1h, vol $433k, activity 1.5x
  [03:48:55] Not enough USD ($5.66) to buy BONK
  [03:48:55] Not enough USD ($5.66) to buy DRV
  [03:48:55] Not enough USD ($5.66) to buy MON
  [03:48:55] Not enough USD ($5.66) to buy BANANAS31
  [03:48:55] Not enough USD ($5.66) to buy USELESS

[03:53:55] Scan #132
  633 USD pairs found
  633 tickers fetched
  3 signals found:
    DRV: +9.6% in 1h, vol $127k, activity 1.9x
    MON: +5.9% in 1h, vol $282k, activity 1.9x
    USELESS: +4.4% in 1h, vol $429k, activity 1.5x
  [03:54:04] Not enough USD ($5.66) to buy DRV
  [03:54:04] Not enough USD ($5.66) to buy MON
  [03:54:04] Not enough USD ($5.66) to buy USELESS

[03:59:04] Scan #133
  633 USD pairs found
  633 tickers fetched
  2 signals found:
    DRV: +9.6% in 1h, vol $128k, activity 1.9x
    MON: +4.7% in 1h, vol $282k, activity 1.9x
  [03:59:13] Not enough USD ($5.66) to buy DRV
  [03:59:13] Not enough USD ($5.66) to buy MON

[04:04:13] Scan #134
  633 USD pairs found
  633 tickers fetched
  5 signals found:
    BONK: +3.3% in 1h, vol $410k, activity 2.5x
    MON: +3.7% in 1h, vol $284k, activity 1.9x
    DRV: +9.5% in 1h, vol $128k, activity 1.8x
    USELESS: +7.2% in 1h, vol $485k, activity 1.7x
    FLOW: +4.5% in 1h, vol $452k, activity 1.7x
  [04:04:22] Not enough USD ($5.66) to buy BONK
  [04:04:22] Not enough USD ($5.66) to buy MON
  [04:04:22] Not enough USD ($5.66) to buy DRV
  [04:04:22] Not enough USD ($5.66) to buy USELESS
  [04:04:22] Not enough USD ($5.66) to buy FLOW

[04:09:22] Scan #135
  633 USD pairs found
  633 tickers fetched
  5 signals found:
    BONK: +3.9% in 1h, vol $481k, activity 2.6x
    MON: +3.5% in 1h, vol $285k, activity 1.9x
    DRV: +7.2% in 1h, vol $128k, activity 1.8x
    USELESS: +6.6% in 1h, vol $503k, activity 1.7x
    FLOW: +6.5% in 1h, vol $463k, activity 1.7x
  [04:09:31] Not enough USD ($5.66) to buy BONK
  [04:09:31] Not enough USD ($5.66) to buy MON
  [04:09:31] Not enough USD ($5.66) to buy DRV
  [04:09:31] Not enough USD ($5.66) to buy USELESS
  [04:09:31] Not enough USD ($5.66) to buy FLOW

[04:14:31] Scan #136
  633 USD pairs found
  633 tickers fetched
  5 signals found:
    BONK: +4.5% in 1h, vol $488k, activity 2.6x
    MON: +3.1% in 1h, vol $295k, activity 1.9x
    DRV: +7.0% in 1h, vol $128k, activity 1.8x
    FLOW: +5.1% in 1h, vol $460k, activity 1.7x
    USELESS: +5.9% in 1h, vol $500k, activity 1.7x
  [04:14:40] Not enough USD ($5.66) to buy BONK
  [04:14:40] Not enough USD ($5.66) to buy MON
  [04:14:40] Not enough USD ($5.66) to buy DRV
  [04:14:40] Not enough USD ($5.66) to buy FLOW
  [04:14:40] Not enough USD ($5.66) to buy USELESS

[04:19:40] Scan #137
  633 USD pairs found
  633 tickers fetched
  5 signals found:
    BONK: +5.4% in 1h, vol $492k, activity 2.6x
    MON: +3.2% in 1h, vol $326k, activity 2.0x
    DRV: +7.0% in 1h, vol $126k, activity 1.7x
    USELESS: +6.4% in 1h, vol $504k, activity 1.7x
    FLOW: +4.5% in 1h, vol $462k, activity 1.7x
  [04:19:49] Not enough USD ($5.66) to buy BONK
  [04:19:49] Not enough USD ($5.66) to buy MON
  [04:19:49] Not enough USD ($5.66) to buy DRV
  [04:19:49] Not enough USD ($5.66) to buy USELESS
  [04:19:49] Not enough USD ($5.66) to buy FLOW

[04:24:49] Scan #138
  633 USD pairs found
  633 tickers fetched
  4 signals found:
    BONK: +6.3% in 1h, vol $513k, activity 2.6x
    DRV: +7.0% in 1h, vol $126k, activity 1.7x
    USELESS: +6.7% in 1h, vol $504k, activity 1.7x
    FLOW: +3.4% in 1h, vol $462k, activity 1.7x
  [04:24:58] Not enough USD ($5.66) to buy BONK
  [04:24:58] Not enough USD ($5.66) to buy DRV
  [04:24:58] Not enough USD ($5.66) to buy USELESS
  [04:24:58] Not enough USD ($5.66) to buy FLOW

[04:29:58] Scan #139
  633 USD pairs found
  633 tickers fetched
  4 signals found:
    BONK: +6.4% in 1h, vol $511k, activity 2.6x
    DRV: +6.8% in 1h, vol $126k, activity 1.7x
    USELESS: +6.2% in 1h, vol $496k, activity 1.7x
    FLOW: +5.6% in 1h, vol $468k, activity 1.6x
  [04:30:07] Not enough USD ($5.66) to buy BONK
  [04:30:07] Not enough USD ($5.66) to buy DRV
  [04:30:07] Not enough USD ($5.66) to buy USELESS
  [04:30:07] Not enough USD ($5.66) to buy FLOW

[04:35:07] Scan #140
  633 USD pairs found
  633 tickers fetched
  4 signals found:
    BONK: +4.8% in 1h, vol $512k, activity 2.7x
    DRV: +7.0% in 1h, vol $126k, activity 1.7x
    USELESS: +5.9% in 1h, vol $493k, activity 1.6x
    FLOW: +5.3% in 1h, vol $469k, activity 1.6x
  [04:35:16] Not enough USD ($5.66) to buy BONK
  [04:35:16] Not enough USD ($5.66) to buy DRV
  [04:35:16] Not enough USD ($5.66) to buy USELESS
  [04:35:16] Not enough USD ($5.66) to buy FLOW

[04:40:16] Scan #141
  633 USD pairs found
  633 tickers fetched
  5 signals found:
    BONK: +5.4% in 1h, vol $520k, activity 2.7x
    SHIB: +3.0% in 1h, vol $147k, activity 1.9x
    FLOW: +5.9% in 1h, vol $479k, activity 1.7x
    DRV: +7.0% in 1h, vol $128k, activity 1.7x
    USELESS: +6.2% in 1h, vol $495k, activity 1.6x
  [04:40:26] Not enough USD ($5.66) to buy BONK
  [04:40:26] Not enough USD ($5.66) to buy SHIB
  [04:40:26] Not enough USD ($5.66) to buy FLOW
  [04:40:26] Not enough USD ($5.66) to buy DRV
  [04:40:26] Not enough USD ($5.66) to buy USELESS

[04:45:26] Scan #142
  633 USD pairs found
  633 tickers fetched
  5 signals found:
    BONK: +5.4% in 1h, vol $522k, activity 2.7x
    SHIB: +3.0% in 1h, vol $149k, activity 1.9x
    FLOW: +7.7% in 1h, vol $495k, activity 1.7x
    DRV: +7.2% in 1h, vol $130k, activity 1.7x
    USELESS: +6.0% in 1h, vol $495k, activity 1.6x
  [04:45:35] Not enough USD ($5.66) to buy BONK
  [04:45:35] Not enough USD ($5.66) to buy SHIB
  [04:45:35] Not enough USD ($5.66) to buy FLOW
  [04:45:35] Not enough USD ($5.66) to buy DRV
  [04:45:35] Not enough USD ($5.66) to buy USELESS

[04:50:35] Scan #143
  633 USD pairs found
  633 tickers fetched
  7 signals found:
    BONK: +6.2% in 1h, vol $526k, activity 2.6x
    SHIB: +3.4% in 1h, vol $150k, activity 1.9x
    ARB: +3.2% in 1h, vol $174k, activity 1.9x
    FLOW: +5.8% in 1h, vol $489k, activity 1.7x
    ONDO: +3.5% in 1h, vol $452k, activity 1.7x
  [04:50:44] Not enough USD ($5.66) to buy BONK
  [04:50:44] Not enough USD ($5.66) to buy SHIB
  [04:50:44] Not enough USD ($5.66) to buy ARB
  [04:50:44] Not enough USD ($5.66) to buy FLOW
  [04:50:44] Not enough USD ($5.66) to buy ONDO
  [04:50:44] Not enough USD ($5.66) to buy DRV
  [04:50:44] Not enough USD ($5.66) to buy USELESS

[04:55:44] Scan #144
  633 USD pairs found
  633 tickers fetched
  8 signals found:
    BONK: +6.2% in 1h, vol $539k, activity 2.7x
    SHIB: +3.2% in 1h, vol $153k, activity 1.9x
    ARB: +3.6% in 1h, vol $176k, activity 1.9x
    DRV: +8.5% in 1h, vol $131k, activity 1.7x
    ONDO: +3.3% in 1h, vol $454k, activity 1.7x
  [04:55:53] Not enough USD ($5.53) to buy BONK
  [04:55:53] Not enough USD ($5.53) to buy SHIB
  [04:55:53] Not enough USD ($5.53) to buy ARB
  [04:55:53] Not enough USD ($5.53) to buy DRV
  [04:55:53] Not enough USD ($5.53) to buy ONDO
  [04:55:53] Not enough USD ($5.53) to buy USELESS
  [04:55:53] Not enough USD ($5.53) to buy FLOW
  [04:55:53] Not enough USD ($5.53) to buy TRU

[05:00:53] Scan #145
  633 USD pairs found
  633 tickers fetched
  8 signals found:
    BONK: +5.6% in 1h, vol $539k, activity 2.6x
    PENGU: +3.1% in 1h, vol $652k, activity 2.2x
    SHIB: +3.3% in 1h, vol $154k, activity 1.9x
    ARB: +3.4% in 1h, vol $176k, activity 1.9x
    DRV: +8.2% in 1h, vol $161k, activity 1.8x
  [05:01:02] Not enough USD ($5.53) to buy BONK
  [05:01:02] Not enough USD ($5.53) to buy PENGU
  [05:01:02] Not enough USD ($5.53) to buy SHIB
  [05:01:02] Not enough USD ($5.53) to buy ARB
  [05:01:02] Not enough USD ($5.53) to buy DRV
  [05:01:02] Not enough USD ($5.53) to buy ONDO
  [05:01:02] Not enough USD ($5.53) to buy USELESS
  [05:01:02] Not enough USD ($5.53) to buy FLOW

[05:06:02] Scan #146
  633 USD pairs found
  633 tickers fetched
  8 signals found:
    BONK: +5.5% in 1h, vol $541k, activity 2.6x
    PENGU: +3.2% in 1h, vol $664k, activity 2.2x
    SHIB: +3.0% in 1h, vol $158k, activity 2.0x
    ARB: +3.3% in 1h, vol $178k, activity 1.9x
    DRV: +8.1% in 1h, vol $155k, activity 1.9x
  [05:06:12] Not enough USD ($5.53) to buy BONK
  [05:06:12] Not enough USD ($5.53) to buy PENGU
  [05:06:12] Not enough USD ($5.53) to buy SHIB
  [05:06:12] Not enough USD ($5.53) to buy ARB
  [05:06:12] Not enough USD ($5.53) to buy DRV
  [05:06:12] Not enough USD ($5.53) to buy ONDO
  [05:06:12] Not enough USD ($5.53) to buy FLOW
  [05:06:12] Not enough USD ($5.53) to buy USELESS

[05:11:12] Scan #147
  633 USD pairs found
  633 tickers fetched
  6 signals found:
    BONK: +5.5% in 1h, vol $546k, activity 2.6x
    PENGU: +3.2% in 1h, vol $669k, activity 2.2x
    ARB: +3.7% in 1h, vol $187k, activity 2.1x
    DRV: +7.2% in 1h, vol $146k, activity 2.0x
    FLOW: +6.5% in 1h, vol $493k, activity 1.6x
  [05:11:20] Not enough USD ($5.53) to buy BONK
  [05:11:20] Not enough USD ($5.53) to buy PENGU
  [05:11:20] Not enough USD ($5.53) to buy ARB
  [05:11:20] Not enough USD ($5.53) to buy DRV
  [05:11:20] Not enough USD ($5.53) to buy FLOW
  [05:11:20] Not enough USD ($5.53) to buy USELESS

[05:16:21] Scan #148
  633 USD pairs found
  633 tickers fetched
  5 signals found:
    BONK: +6.0% in 1h, vol $550k, activity 2.6x
    DRV: +7.6% in 1h, vol $139k, activity 2.2x
    PENGU: +3.5% in 1h, vol $681k, activity 2.2x
    ARB: +3.5% in 1h, vol $197k, activity 2.1x
    FLOW: +4.6% in 1h, vol $487k, activity 1.6x
  [05:16:29] Not enough USD ($5.53) to buy BONK
  [05:16:29] Not enough USD ($5.53) to buy DRV
  [05:16:29] Not enough USD ($5.53) to buy PENGU
  [05:16:29] Not enough USD ($5.53) to buy ARB
  [05:16:29] Not enough USD ($5.53) to buy FLOW

[05:21:29] Scan #149
  633 USD pairs found
  633 tickers fetched
  3 signals found:
    BONK: +5.6% in 1h, vol $588k, activity 2.6x
    DRV: +6.8% in 1h, vol $136k, activity 2.3x
    FLOW: +4.3% in 1h, vol $486k, activity 1.6x
  [05:21:38] Not enough USD ($5.53) to buy BONK
  [05:21:38] Not enough USD ($5.53) to buy DRV
  [05:21:38] Not enough USD ($5.53) to buy FLOW

[05:26:38] Scan #150
  633 USD pairs found
  633 tickers fetched
  4 signals found:
    BONK: +5.8% in 1h, vol $597k, activity 2.6x
    DRV: +6.3% in 1h, vol $135k, activity 2.4x
    PENGU: +3.1% in 1h, vol $681k, activity 2.1x
    FLOW: +3.2% in 1h, vol $470k, activity 1.6x
  [05:26:47] Not enough USD ($5.53) to buy BONK
  [05:26:47] Not enough USD ($5.53) to buy DRV
  [05:26:47] Not enough USD ($5.53) to buy PENGU
  [05:26:47] Not enough USD ($5.53) to buy FLOW

[05:31:47] Scan #151
  633 USD pairs found
  633 tickers fetched
  3 signals found:
    BONK: +3.8% in 1h, vol $602k, activity 2.6x
    DRV: +5.2% in 1h, vol $135k, activity 2.3x
    FLOW: +3.5% in 1h, vol $471k, activity 1.6x
  [05:31:57] Not enough USD ($5.53) to buy BONK
  [05:31:57] Not enough USD ($5.53) to buy DRV
  [05:31:57] Not enough USD ($5.53) to buy FLOW

[05:36:57] Scan #152
  633 USD pairs found
  633 tickers fetched
  1 signals found:
    ICNT: +4.4% in 1h, vol $137k, activity 2.5x
  [05:37:07] Not enough USD ($5.53) to buy ICNT

[05:42:07] Scan #153
  633 USD pairs found
  633 tickers fetched
  3 signals found:
    BONK: +3.8% in 1h, vol $619k, activity 2.6x
    ICNT: +4.5% in 1h, vol $141k, activity 2.5x
    KAS: +3.7% in 1h, vol $642k, activity 1.7x
  [05:42:16] Not enough USD ($5.53) to buy BONK
  [05:42:16] Not enough USD ($5.53) to buy ICNT
  [05:42:16] Not enough USD ($5.53) to buy KAS

[05:47:16] Scan #154
  633 USD pairs found
  633 tickers fetched
  4 signals found:
    ICNT: +5.6% in 1h, vol $158k, activity 2.6x
    BONK: +4.6% in 1h, vol $624k, activity 2.6x
    PENGU: +3.8% in 1h, vol $692k, activity 2.1x
    KAS: +4.3% in 1h, vol $657k, activity 1.8x
  [05:47:25] Not enough USD ($5.53) to buy ICNT
  [05:47:25] Not enough USD ($5.53) to buy BONK
  [05:47:25] Not enough USD ($5.53) to buy PENGU
  [05:47:25] Not enough USD ($5.53) to buy KAS

[05:52:26] Scan #155
  633 USD pairs found
  633 tickers fetched
  3 signals found:
    BONK: +3.4% in 1h, vol $623k, activity 2.6x
    ICNT: +5.3% in 1h, vol $158k, activity 2.5x
    KAS: +3.8% in 1h, vol $657k, activity 1.8x
  [05:52:34] Not enough USD ($5.53) to buy BONK
  [05:52:34] Not enough USD ($5.53) to buy ICNT
  [05:52:34] Not enough USD ($5.53) to buy KAS

[05:57:35] Scan #156
  633 USD pairs found
  633 tickers fetched
  4 signals found:
    BONK: +3.7% in 1h, vol $629k, activity 2.5x
    ICNT: +5.6% in 1h, vol $159k, activity 2.5x
    PENGU: +3.4% in 1h, vol $699k, activity 2.1x
    KAS: +5.3% in 1h, vol $679k, activity 1.8x
  [05:57:43] Not enough USD ($5.53) to buy BONK
  [05:57:43] Not enough USD ($5.53) to buy ICNT
  [05:57:43] Not enough USD ($5.53) to buy PENGU
  [05:57:43] Not enough USD ($5.53) to buy KAS

[06:02:44] Scan #157
  633 USD pairs found
  633 tickers fetched
  4 signals found:
    BONK: +3.0% in 1h, vol $629k, activity 2.5x
    ICNT: +5.4% in 1h, vol $159k, activity 2.5x
    PENGU: +3.1% in 1h, vol $698k, activity 2.1x
    KAS: +4.5% in 1h, vol $675k, activity 1.8x
  [06:02:53] Not enough USD ($5.53) to buy BONK
  [06:02:53] Not enough USD ($5.53) to buy ICNT
  [06:02:53] Not enough USD ($5.53) to buy PENGU
  [06:02:53] Not enough USD ($5.53) to buy KAS

[06:07:53] Scan #158
  633 USD pairs found
  633 tickers fetched
  2 signals found:
    ICNT: +4.1% in 1h, vol $160k, activity 2.5x
    KAS: +3.8% in 1h, vol $671k, activity 1.8x
  [06:08:02] Not enough USD ($5.53) to buy ICNT
  [06:08:02] Not enough USD ($5.53) to buy KAS

[06:13:02] Scan #159
  633 USD pairs found
  633 tickers fetched
  1 signals found:
    ICNT: +3.9% in 1h, vol $160k, activity 2.5x
  [06:13:11] Not enough USD ($5.53) to buy ICNT

[06:18:11] Scan #160
  633 USD pairs found
  633 tickers fetched
  2 signals found:
    ICNT: +4.7% in 1h, vol $161k, activity 2.4x
    KAS: +3.1% in 1h, vol $672k, activity 1.8x
  [06:18:20] Not enough USD ($5.53) to buy ICNT
  [06:18:20] Not enough USD ($5.53) to buy KAS

[06:23:20] Scan #161
  633 USD pairs found
  633 tickers fetched
  3 signals found:
    ICNT: +6.5% in 1h, vol $163k, activity 2.4x
    KAS: +3.5% in 1h, vol $673k, activity 1.8x
    FIL: +3.1% in 1h, vol $158k, activity 1.7x
  [06:23:29] Not enough USD ($5.53) to buy ICNT
  [06:23:29] Not enough USD ($5.53) to buy KAS
  [06:23:29] Not enough USD ($5.53) to buy FIL

[06:28:29] Scan #162
  633 USD pairs found
  633 tickers fetched
  2 signals found:
    ICNT: +6.5% in 1h, vol $163k, activity 2.4x
    USELESS: +3.2% in 1h, vol $571k, activity 1.5x
  [06:28:38] Not enough USD ($5.53) to buy ICNT
  [06:28:38] Not enough USD ($5.53) to buy USELESS

[06:33:38] Scan #163
  633 USD pairs found
  633 tickers fetched
  4 signals found:
    ICNT: +7.8% in 1h, vol $164k, activity 2.4x
    FIL: +3.4% in 1h, vol $182k, activity 1.9x
    KAS: +3.1% in 1h, vol $681k, activity 1.8x
    USELESS: +4.4% in 1h, vol $576k, activity 1.5x
  [06:33:47] Not enough USD ($5.53) to buy ICNT
  [06:33:47] Not enough USD ($5.53) to buy FIL
  [06:33:47] Not enough USD ($5.53) to buy KAS
  [06:33:47] Not enough USD ($5.53) to buy USELESS

[06:38:48] Scan #164
  633 USD pairs found
  633 tickers fetched
  5 signals found:
    ICNT: +7.6% in 1h, vol $164k, activity 2.3x
    PENGU: +3.1% in 1h, vol $739k, activity 2.0x
    FIL: +3.3% in 1h, vol $185k, activity 1.9x
    KAS: +3.4% in 1h, vol $685k, activity 1.8x
    USELESS: +4.1% in 1h, vol $575k, activity 1.5x
  [06:38:56] Not enough USD ($5.53) to buy ICNT
  [06:38:56] Not enough USD ($5.53) to buy PENGU
  [06:38:56] Not enough USD ($5.53) to buy FIL
  [06:38:56] Not enough USD ($5.53) to buy KAS
  [06:38:56] Not enough USD ($5.53) to buy USELESS

[06:43:56] Scan #165
  633 USD pairs found
  633 tickers fetched
  5 signals found:
    ICNT: +7.6% in 1h, vol $165k, activity 2.3x
    PENGU: +3.4% in 1h, vol $752k, activity 2.0x
    FIL: +4.0% in 1h, vol $186k, activity 1.9x
    KAS: +4.0% in 1h, vol $693k, activity 1.7x
    USELESS: +4.6% in 1h, vol $581k, activity 1.5x
  [06:44:06] Not enough USD ($5.53) to buy ICNT
  [06:44:06] Not enough USD ($5.53) to buy PENGU
  [06:44:06] Not enough USD ($5.53) to buy FIL
  [06:44:06] Not enough USD ($5.53) to buy KAS
  [06:44:06] Not enough USD ($5.53) to buy USELESS

[06:49:06] Scan #166
  633 USD pairs found
  633 tickers fetched
  3 signals found:
    ICNT: +7.6% in 1h, vol $165k, activity 2.3x
    FIL: +3.7% in 1h, vol $188k, activity 1.9x
    KAS: +3.5% in 1h, vol $692k, activity 1.7x
  [06:49:15] Not enough USD ($5.53) to buy ICNT
  [06:49:15] Not enough USD ($5.53) to buy FIL
  [06:49:15] Not enough USD ($5.53) to buy KAS

[06:54:15] Scan #167
  633 USD pairs found
  633 tickers fetched
  2 signals found:
    ICNT: +7.5% in 1h, vol $165k, activity 2.3x
    KAS: +3.2% in 1h, vol $691k, activity 1.7x
  [06:54:24] Not enough USD ($5.53) to buy ICNT
  [06:54:24] Not enough USD ($5.53) to buy KAS

[06:59:24] Scan #168
  633 USD pairs found
  633 tickers fetched
  2 signals found:
    ICNT: +7.1% in 1h, vol $165k, activity 2.2x
    KAS: +3.1% in 1h, vol $691k, activity 1.7x
  [06:59:33] Not enough USD ($5.53) to buy ICNT
  [06:59:33] Not enough USD ($5.53) to buy KAS

[07:04:33] Scan #169
  633 USD pairs found
  633 tickers fetched
  3 signals found:
    ICNT: +6.5% in 1h, vol $165k, activity 2.2x
    PENGU: +3.1% in 1h, vol $786k, activity 1.9x
    KAS: +3.3% in 1h, vol $693k, activity 1.7x
  [07:04:42] BUY 8.0 ICNT @ ~$0.3734 (~$2.99)
  ✅ Order placed: {'txid': ['OALFYW-J56ZQ-RXVPO4'], 'descr': {'order': 'buy 8.000 ICNTUSD @ market'}}
  [07:04:42] Bought: ['OALFYW-J56ZQ-RXVPO4']
  ❌ Order error: ['EOrder:Invalid price:ICNT/USD price can only be specified up to 4 decimals.']
  [07:04:44] WARNING: OTO bracket failed: {'error': ['EOrder:Invalid price:ICNT/USD price can only be specified up to 4 decimals.']}
  [07:04:44] Position is UNPROTECTED — cron monitor will catch it
  [07:04:45] BUY 100.0 PENGU @ ~$0.0080 (~$0.80)
  ✅ Order placed: {'txid': ['ORGET5-GLGQF-V3HNXE'], 'descr': {'order': 'buy 100.00 PENGUUSD @ market'}}
  [07:04:45] Bought: ['ORGET5-GLGQF-V3HNXE']
  ✅ Order placed: {'txid': ['O7WTUM-MWTX4-X5BDKS'], 'descr': {'order': 'sell 100.00 PENGUUSD @ limit 0.008777', 'close': 'close position @ stop loss 0.007580'}}
  [07:04:48] OTO bracket placed: TP $0.008777 / SL $0.00758
  [07:04:48] BUY 30.0 KAS @ ~$0.0321 (~$0.96)
  ✅ Order placed: {'txid': ['OQHWJW-XHINP-NNDR6R'], 'descr': {'order': 'buy 30.000 KASUSD @ market'}}
  [07:04:48] Bought: ['OQHWJW-XHINP-NNDR6R']
  ❌ Order error: ['EOrder:Invalid price:KAS/USD price can only be specified up to 5 decimals.']
  [07:04:51] WARNING: OTO bracket failed: {'error': ['EOrder:Invalid price:KAS/USD price can only be specified up to 5 decimals.']}
  [07:04:51] Position is UNPROTECTED — cron monitor will catch it
  Positions (3/3):
    ICNT: entry $0.3734 → $0.3734 (+0.0%)
    PENGU: entry $0.0080 → $0.0080 (+0.0%)
    KAS: entry $0.0321 → $0.0321 (+0.0%)

[07:09:51] Scan #170
  633 USD pairs found
  633 tickers fetched
  At max positions (3/3)
  Positions (3/3):
    ICNT: entry $0.3734 → $0.3713 (-0.6%)
    PENGU: entry $0.0080 → $0.0080 (+0.3%)
    KAS: entry $0.0321 → $0.0321 (+0.1%)

[07:15:00] Scan #171
  633 USD pairs found
  633 tickers fetched
  At max positions (3/3)
  Positions (3/3):
    ICNT: entry $0.3734 → $0.3713 (-0.6%)
    PENGU: entry $0.0080 → $0.0080 (+0.1%)
    KAS: entry $0.0321 → $0.0321 (+0.0%)

[07:20:09] Scan #172
  633 USD pairs found
  633 tickers fetched
  At max positions (3/3)
  Positions (3/3):
    ICNT: entry $0.3734 → $0.3713 (-0.6%)
    PENGU: entry $0.0080 → $0.0080 (+0.0%)
    KAS: entry $0.0321 → $0.0321 (+0.0%)

[07:25:18] Scan #173
  633 USD pairs found
  633 tickers fetched
  At max positions (3/3)
  Positions (3/3):
    ICNT: entry $0.3734 → $0.3697 (-1.0%)
    PENGU: entry $0.0080 → $0.0080 (-0.0%)
    KAS: entry $0.0321 → $0.0320 (-0.4%)

[07:30:27] Scan #174
  633 USD pairs found
  633 tickers fetched
  At max positions (3/3)
  Positions (3/3):
    ICNT: entry $0.3734 → $0.3688 (-1.2%)
    PENGU: entry $0.0080 → $0.0080 (+0.6%)
    KAS: entry $0.0321 → $0.0321 (-0.1%)

[07:35:37] Scan #175
  633 USD pairs found
  633 tickers fetched
  At max positions (3/3)
  Positions (3/3):
    ICNT: entry $0.3734 → $0.3682 (-1.4%)
    PENGU: entry $0.0080 → $0.0081 (+0.9%)
    KAS: entry $0.0321 → $0.0321 (+0.1%)

[07:40:46] Scan #176
  633 USD pairs found
  633 tickers fetched
  At max positions (3/3)
  Positions (3/3):
    ICNT: entry $0.3734 → $0.3682 (-1.4%)
    PENGU: entry $0.0080 → $0.0080 (+0.7%)
    KAS: entry $0.0321 → $0.0321 (-0.1%)

[07:45:55] Scan #177
  633 USD pairs found
  633 tickers fetched
  At max positions (3/3)
  Positions (3/3):
    ICNT: entry $0.3734 → $0.3715 (-0.5%)
    PENGU: entry $0.0080 → $0.0081 (+1.5%)
    KAS: entry $0.0321 → $0.0321 (+0.0%)

[07:51:04] Scan #178
  633 USD pairs found
  633 tickers fetched
  At max positions (3/3)
  Positions (3/3):
    ICNT: entry $0.3734 → $0.3715 (-0.5%)
    PENGU: entry $0.0080 → $0.0081 (+0.9%)
    KAS: entry $0.0321 → $0.0323 (+0.5%)

[07:56:13] Scan #179
  633 USD pairs found
  633 tickers fetched
  At max positions (3/3)
  Positions (3/3):
    ICNT: entry $0.3734 → $0.3683 (-1.4%)
    PENGU: entry $0.0080 → $0.0081 (+1.6%)
    KAS: entry $0.0321 → $0.0323 (+0.6%)

[08:01:22] Scan #180
  633 USD pairs found
  633 tickers fetched
  At max positions (3/3)
  Positions (3/3):
    ICNT: entry $0.3734 → $0.3683 (-1.4%)
    PENGU: entry $0.0080 → $0.0081 (+1.7%)
    KAS: entry $0.0321 → $0.0325 (+1.2%)

[08:06:31] Scan #181
  633 USD pairs found
  633 tickers fetched
  At max positions (3/3)
  Positions (3/3):
    ICNT: entry $0.3734 → $0.3683 (-1.4%)
    PENGU: entry $0.0080 → $0.0081 (+1.6%)
    KAS: entry $0.0321 → $0.0325 (+1.1%)

[08:11:44] Scan #182
  633 USD pairs found
  633 tickers fetched
  At max positions (3/3)
  Positions (3/3):
    ICNT: entry $0.3734 → $0.3739 (+0.1%)
    PENGU: entry $0.0080 → $0.0082 (+2.3%)
    KAS: entry $0.0321 → $0.0324 (+0.9%)

[08:16:53] Scan #183
  633 USD pairs found
  633 tickers fetched
  At max positions (3/3)
  Positions (3/3):
    ICNT: entry $0.3734 → $0.3747 (+0.3%)
    PENGU: entry $0.0080 → $0.0081 (+0.9%)
    KAS: entry $0.0321 → $0.0324 (+1.0%)

[08:22:02] Scan #184
  633 USD pairs found
  633 tickers fetched
  At max positions (3/3)
  Positions (3/3):
    ICNT: entry $0.3734 → $0.3774 (+1.1%)
    PENGU: entry $0.0080 → $0.0081 (+1.0%)
    KAS: entry $0.0321 → $0.0325 (+1.2%)

[08:27:11] Scan #185
  633 USD pairs found
  633 tickers fetched
  At max positions (3/3)
  Positions (3/3):
    ICNT: entry $0.3734 → $0.3786 (+1.4%)
    PENGU: entry $0.0080 → $0.0081 (+1.0%)
    KAS: entry $0.0321 → $0.0326 (+1.7%)

[08:32:21] Scan #186
  633 USD pairs found
  633 tickers fetched
  At max positions (3/3)
  Positions (3/3):
    ICNT: entry $0.3734 → $0.3786 (+1.4%)
    PENGU: entry $0.0080 → $0.0080 (+0.1%)
    KAS: entry $0.0321 → $0.0326 (+1.5%)

[08:37:30] Scan #187
  633 USD pairs found
  633 tickers fetched
  At max positions (3/3)
  Positions (3/3):
    ICNT: entry $0.3734 → $0.3791 (+1.5%)
    PENGU: entry $0.0080 → $0.0080 (+0.2%)
    KAS: entry $0.0321 → $0.0325 (+1.3%)

[08:42:39] Scan #188
  633 USD pairs found
  633 tickers fetched
  At max positions (3/3)
  Positions (3/3):
    ICNT: entry $0.3734 → $0.3791 (+1.5%)
    PENGU: entry $0.0080 → $0.0080 (+0.6%)
    KAS: entry $0.0321 → $0.0325 (+1.2%)

[08:47:48] Scan #189
  633 USD pairs found
  633 tickers fetched
  At max positions (3/3)
  Positions (3/3):
    ICNT: entry $0.3734 → $0.3815 (+2.2%)
    PENGU: entry $0.0080 → $0.0080 (+0.5%)
    KAS: entry $0.0321 → $0.0325 (+1.3%)

[08:52:57] Scan #190
  633 USD pairs found
  633 tickers fetched
  At max positions (3/3)
  Positions (3/3):
    ICNT: entry $0.3734 → $0.3834 (+2.7%)
    PENGU: entry $0.0080 → $0.0080 (+0.3%)
    KAS: entry $0.0321 → $0.0324 (+1.0%)

[08:58:06] Scan #191
  633 USD pairs found
  633 tickers fetched
  At max positions (3/3)
  Positions (3/3):
    ICNT: entry $0.3734 → $0.3837 (+2.8%)
    PENGU: entry $0.0080 → $0.0080 (+0.1%)
    KAS: entry $0.0321 → $0.0325 (+1.2%)

[09:03:15] Scan #192
  633 USD pairs found
  633 tickers fetched
  At max positions (3/3)
  Positions (3/3):
    ICNT: entry $0.3734 → $0.3837 (+2.8%)
    PENGU: entry $0.0080 → $0.0080 (-0.1%)
    KAS: entry $0.0321 → $0.0325 (+1.1%)

[09:08:25] Scan #193
  633 USD pairs found
  633 tickers fetched
  At max positions (3/3)
  Positions (3/3):
    ICNT: entry $0.3734 → $0.3837 (+2.8%)
    PENGU: entry $0.0080 → $0.0080 (-0.1%)
    KAS: entry $0.0321 → $0.0325 (+1.1%)

[09:13:34] Scan #194
  633 USD pairs found
  633 tickers fetched
  At max positions (3/3)
  Positions (3/3):
    ICNT: entry $0.3734 → $0.3786 (+1.4%)
    PENGU: entry $0.0080 → $0.0080 (+0.2%)
    KAS: entry $0.0321 → $0.0326 (+1.6%)

[09:18:43] Scan #195
  633 USD pairs found
  633 tickers fetched
  At max positions (3/3)
  Positions (3/3):
    ICNT: entry $0.3734 → $0.3786 (+1.4%)
    PENGU: entry $0.0080 → $0.0080 (+0.7%)
    KAS: entry $0.0321 → $0.0327 (+1.9%)

[09:23:52] Scan #196
  633 USD pairs found
  633 tickers fetched
  At max positions (3/3)
  Positions (3/3):
    ICNT: entry $0.3734 → $0.3786 (+1.4%)
    PENGU: entry $0.0080 → $0.0080 (+0.7%)
    KAS: entry $0.0321 → $0.0328 (+2.0%)

[09:29:01] Scan #197
  633 USD pairs found
  633 tickers fetched
  At max positions (3/3)
  Positions (3/3):
    ICNT: entry $0.3734 → $0.3786 (+1.4%)
    PENGU: entry $0.0080 → $0.0081 (+1.0%)
    KAS: entry $0.0321 → $0.0327 (+1.9%)

[09:34:10] Scan #198
  633 USD pairs found
  633 tickers fetched
  At max positions (3/3)
  Positions (3/3):
    ICNT: entry $0.3734 → $0.3786 (+1.4%)
    PENGU: entry $0.0080 → $0.0081 (+1.5%)
    KAS: entry $0.0321 → $0.0329 (+2.6%)

[09:39:19] Scan #199
  633 USD pairs found
  633 tickers fetched
  At max positions (3/3)
  Positions (3/3):
    ICNT: entry $0.3734 → $0.3786 (+1.4%)
    PENGU: entry $0.0080 → $0.0081 (+1.4%)
    KAS: entry $0.0321 → $0.0330 (+2.9%)

[09:44:28] Scan #200
  633 USD pairs found
  633 tickers fetched
  At max positions (3/3)
  Positions (3/3):
    ICNT: entry $0.3734 → $0.3786 (+1.4%)
    PENGU: entry $0.0080 → $0.0081 (+1.8%)
    KAS: entry $0.0321 → $0.0332 (+3.5%)

[09:49:38] Scan #201
  633 USD pairs found
  633 tickers fetched
  At max positions (3/3)
  Positions (3/3):
    ICNT: entry $0.3734 → $0.3760 (+0.7%)
    PENGU: entry $0.0080 → $0.0081 (+1.6%)
    KAS: entry $0.0321 → $0.0333 (+3.6%)

[09:54:47] Scan #202
  633 USD pairs found
  633 tickers fetched
  At max positions (3/3)
  Positions (3/3):
    ICNT: entry $0.3734 → $0.3780 (+1.2%)
    PENGU: entry $0.0080 → $0.0081 (+1.6%)
    KAS: entry $0.0321 → $0.0333 (+3.7%)

[09:59:56] Scan #203
  633 USD pairs found
  633 tickers fetched
  At max positions (3/3)
  Positions (3/3):
    ICNT: entry $0.3734 → $0.3780 (+1.2%)
    PENGU: entry $0.0080 → $0.0081 (+1.4%)
    KAS: entry $0.0321 → $0.0335 (+4.2%)

[10:05:05] Scan #204
  633 USD pairs found
  633 tickers fetched
  At max positions (3/3)
  Positions (3/3):
    ICNT: entry $0.3734 → $0.3780 (+1.2%)
    PENGU: entry $0.0080 → $0.0081 (+1.8%)
    KAS: entry $0.0321 → $0.0335 (+4.4%)

[10:10:14] Scan #205
  633 USD pairs found
  633 tickers fetched
  At max positions (3/3)
  Positions (3/3):
    ICNT: entry $0.3734 → $0.3780 (+1.2%)
    PENGU: entry $0.0080 → $0.0081 (+1.4%)
    KAS: entry $0.0321 → $0.0336 (+4.7%)

[10:15:24] Scan #206
  633 USD pairs found
  633 tickers fetched
  At max positions (3/3)
  Positions (3/3):
    ICNT: entry $0.3734 → $0.3780 (+1.2%)
    PENGU: entry $0.0080 → $0.0080 (+0.8%)
    KAS: entry $0.0321 → $0.0335 (+4.3%)

[10:20:33] Scan #207
  633 USD pairs found
  633 tickers fetched
  At max positions (3/3)
  Positions (3/3):
    ICNT: entry $0.3734 → $0.3780 (+1.2%)
    PENGU: entry $0.0080 → $0.0080 (+0.4%)
    KAS: entry $0.0321 → $0.0333 (+3.7%)

[10:25:42] Scan #208
  633 USD pairs found
  633 tickers fetched
  At max positions (3/3)
  Positions (3/3):
    ICNT: entry $0.3734 → $0.3780 (+1.2%)
    PENGU: entry $0.0080 → $0.0080 (+0.4%)
    KAS: entry $0.0321 → $0.0330 (+2.7%)

[10:30:51] Scan #209
  633 USD pairs found
  633 tickers fetched
  At max positions (3/3)
  Positions (3/3):
    ICNT: entry $0.3734 → $0.3739 (+0.1%)
    PENGU: entry $0.0080 → $0.0080 (-0.3%)
    KAS: entry $0.0321 → $0.0331 (+2.9%)

[10:36:00] Scan #210
  633 USD pairs found
  633 tickers fetched
  At max positions (3/3)
  Positions (3/3):
    ICNT: entry $0.3734 → $0.3697 (-1.0%)
    PENGU: entry $0.0080 → $0.0080 (-0.2%)
    KAS: entry $0.0321 → $0.0330 (+2.6%)

[10:41:09] Scan #211
  633 USD pairs found
  633 tickers fetched
  At max positions (3/3)
  Positions (3/3):
    ICNT: entry $0.3734 → $0.3697 (-1.0%)
    PENGU: entry $0.0080 → $0.0080 (-0.4%)
    KAS: entry $0.0321 → $0.0329 (+2.4%)

[10:46:19] Scan #212
  633 USD pairs found
  633 tickers fetched
  At max positions (3/3)
  Positions (3/3):
    ICNT: entry $0.3734 → $0.3697 (-1.0%)
    PENGU: entry $0.0080 → $0.0079 (-0.6%)
    KAS: entry $0.0321 → $0.0329 (+2.4%)

[10:51:29] Scan #213
  633 USD pairs found
  633 tickers fetched
  At max positions (3/3)
  Positions (3/3):
    ICNT: entry $0.3734 → $0.3697 (-1.0%)
    PENGU: entry $0.0080 → $0.0079 (-0.9%)
    KAS: entry $0.0321 → $0.0330 (+2.7%)

[10:56:38] Scan #214
  633 USD pairs found
  633 tickers fetched
  At max positions (3/3)
  Positions (3/3):
    ICNT: entry $0.3734 → $0.3697 (-1.0%)
    PENGU: entry $0.0080 → $0.0079 (-0.6%)
    KAS: entry $0.0321 → $0.0329 (+2.5%)

[11:01:48] Scan #215
  633 USD pairs found
  633 tickers fetched
  At max positions (3/3)
  Positions (3/3):
    ICNT: entry $0.3734 → $0.3719 (-0.4%)
    PENGU: entry $0.0080 → $0.0079 (-0.5%)
    KAS: entry $0.0321 → $0.0331 (+3.0%)

[11:06:58] Scan #216
  633 USD pairs found
  633 tickers fetched
  At max positions (3/3)
  Positions (3/3):
    ICNT: entry $0.3734 → $0.3719 (-0.4%)
    PENGU: entry $0.0080 → $0.0079 (-0.5%)
    KAS: entry $0.0321 → $0.0331 (+3.0%)

[11:12:07] Scan #217
  633 USD pairs found
  633 tickers fetched
  At max positions (3/3)
  Positions (3/3):
    ICNT: entry $0.3734 → $0.3719 (-0.4%)
    PENGU: entry $0.0080 → $0.0079 (-0.7%)
    KAS: entry $0.0321 → $0.0333 (+3.7%)

[11:17:17] Scan #218
  633 USD pairs found
  633 tickers fetched
  At max positions (3/3)
  Positions (3/3):
    ICNT: entry $0.3734 → $0.3777 (+1.2%)
    PENGU: entry $0.0080 → $0.0079 (-1.0%)
    KAS: entry $0.0321 → $0.0331 (+3.2%)

[11:22:26] Scan #219
  633 USD pairs found
  633 tickers fetched
  At max positions (3/3)
  Positions (3/3):
    ICNT: entry $0.3734 → $0.3778 (+1.2%)
    PENGU: entry $0.0080 → $0.0079 (-1.2%)
    KAS: entry $0.0321 → $0.0333 (+3.6%)

[11:27:35] Scan #220
  633 USD pairs found
  633 tickers fetched
  At max positions (3/3)
  Positions (3/3):
    ICNT: entry $0.3734 → $0.3778 (+1.2%)
    PENGU: entry $0.0080 → $0.0079 (-1.0%)
    KAS: entry $0.0321 → $0.0334 (+4.0%)

[11:32:45] Scan #221
  633 USD pairs found
  633 tickers fetched
  At max positions (3/3)
  Positions (3/3):
    ICNT: entry $0.3734 → $0.3778 (+1.2%)
    PENGU: entry $0.0080 → $0.0079 (-1.4%)
    KAS: entry $0.0321 → $0.0332 (+3.3%)

[11:37:55] Scan #222
  633 USD pairs found
  633 tickers fetched
  At max positions (3/3)
  Positions (3/3):
    ICNT: entry $0.3734 → $0.3778 (+1.2%)
    PENGU: entry $0.0080 → $0.0079 (-1.5%)
    KAS: entry $0.0321 → $0.0333 (+3.8%)

[11:43:04] Scan #223
  633 USD pairs found
  633 tickers fetched
  At max positions (3/3)
  Positions (3/3):
    ICNT: entry $0.3734 → $0.3778 (+1.2%)
    PENGU: entry $0.0080 → $0.0079 (-1.1%)
    KAS: entry $0.0321 → $0.0335 (+4.3%)

[11:48:14] Scan #224
  633 USD pairs found
  633 tickers fetched
  At max positions (3/3)
  Positions (3/3):
    ICNT: entry $0.3734 → $0.3814 (+2.1%)
    PENGU: entry $0.0080 → $0.0079 (-0.8%)
    KAS: entry $0.0321 → $0.0334 (+4.1%)

[11:53:25] Scan #225
  633 USD pairs found
  633 tickers fetched
  At max positions (3/3)
  Positions (3/3):
    ICNT: entry $0.3734 → $0.3814 (+2.1%)
    PENGU: entry $0.0080 → $0.0079 (-0.9%)
    KAS: entry $0.0321 → $0.0333 (+3.8%)

[11:58:34] Scan #226
  633 USD pairs found
  633 tickers fetched
  At max positions (3/3)
  Positions (3/3):
    ICNT: entry $0.3734 → $0.3814 (+2.1%)
    PENGU: entry $0.0080 → $0.0079 (-0.7%)
    KAS: entry $0.0321 → $0.0334 (+3.9%)

[12:03:43] Scan #227
  633 USD pairs found
  633 tickers fetched
  At max positions (3/3)
  Positions (3/3):
    ICNT: entry $0.3734 → $0.3821 (+2.3%)
    PENGU: entry $0.0080 → $0.0079 (-0.8%)
    KAS: entry $0.0321 → $0.0333 (+3.8%)

[12:08:53] Scan #228
  633 USD pairs found
  633 tickers fetched
  At max positions (3/3)
  Positions (3/3):
    ICNT: entry $0.3734 → $0.3802 (+1.8%)
    PENGU: entry $0.0080 → $0.0079 (-0.9%)
    KAS: entry $0.0321 → $0.0331 (+3.1%)

[12:14:02] Scan #229
  633 USD pairs found
  633 tickers fetched
  At max positions (3/3)
  Positions (3/3):
    ICNT: entry $0.3734 → $0.3802 (+1.8%)
    PENGU: entry $0.0080 → $0.0079 (-0.7%)
    KAS: entry $0.0321 → $0.0331 (+3.1%)

[12:19:12] Scan #230
  633 USD pairs found
  633 tickers fetched
  At max positions (3/3)
  Positions (3/3):
    ICNT: entry $0.3734 → $0.3802 (+1.8%)
    PENGU: entry $0.0080 → $0.0079 (-0.5%)
    KAS: entry $0.0321 → $0.0331 (+3.1%)

[12:24:21] Scan #231
  633 USD pairs found
  633 tickers fetched
  At max positions (3/3)
  Positions (3/3):
    ICNT: entry $0.3734 → $0.3793 (+1.6%)
    PENGU: entry $0.0080 → $0.0079 (-0.6%)
    KAS: entry $0.0321 → $0.0330 (+2.9%)

[12:29:30] Scan #232
  633 USD pairs found
  633 tickers fetched
  At max positions (3/3)
  Positions (3/3):
    ICNT: entry $0.3734 → $0.3793 (+1.6%)
    PENGU: entry $0.0080 → $0.0079 (-0.5%)
    KAS: entry $0.0321 → $0.0331 (+3.0%)

[12:34:39] Scan #233
  633 USD pairs found
  633 tickers fetched
  At max positions (3/3)
  Positions (3/3):
    ICNT: entry $0.3734 → $0.3850 (+3.1%)
    PENGU: entry $0.0080 → $0.0079 (-0.5%)
    KAS: entry $0.0321 → $0.0335 (+4.2%)

[12:39:49] Scan #234
  633 USD pairs found
  633 tickers fetched
  At max positions (3/3)
  Positions (3/3):
    ICNT: entry $0.3734 → $0.3847 (+3.0%)
    PENGU: entry $0.0080 → $0.0080 (-0.3%)
    KAS: entry $0.0321 → $0.0332 (+3.5%)

[12:44:58] Scan #235
  633 USD pairs found
  633 tickers fetched
  At max positions (3/3)
  Positions (3/3):
    ICNT: entry $0.3734 → $0.3847 (+3.0%)
    PENGU: entry $0.0080 → $0.0080 (-0.3%)
    KAS: entry $0.0321 → $0.0331 (+3.1%)

[12:50:08] Scan #236
  633 USD pairs found
  633 tickers fetched
  At max positions (3/3)
  Positions (3/3):
    ICNT: entry $0.3734 → $0.3866 (+3.5%)
    PENGU: entry $0.0080 → $0.0080 (-0.1%)
    KAS: entry $0.0321 → $0.0331 (+3.0%)

[12:55:17] Scan #237
  633 USD pairs found
  633 tickers fetched
  At max positions (3/3)
  Positions (3/3):
    ICNT: entry $0.3734 → $0.3964 (+6.2%)
    PENGU: entry $0.0080 → $0.0080 (-0.2%)
    KAS: entry $0.0321 → $0.0330 (+2.6%)

[13:00:26] Scan #238
  633 USD pairs found
  633 tickers fetched
  At max positions (3/3)
  Positions (3/3):
    ICNT: entry $0.3734 → $0.3964 (+6.2%)
    PENGU: entry $0.0080 → $0.0080 (+0.0%)
    KAS: entry $0.0321 → $0.0330 (+2.7%)

[13:05:36] Scan #239
  633 USD pairs found
  633 tickers fetched
  At max positions (3/3)
  Positions (3/3):
    ICNT: entry $0.3734 → $0.3960 (+6.1%)
    PENGU: entry $0.0080 → $0.0080 (-0.3%)
    KAS: entry $0.0321 → $0.0329 (+2.5%)

[13:10:46] Scan #240
  633 USD pairs found
  633 tickers fetched
  At max positions (3/3)
  Positions (3/3):
    ICNT: entry $0.3734 → $0.3974 (+6.4%)
    PENGU: entry $0.0080 → $0.0079 (-0.5%)
    KAS: entry $0.0321 → $0.0329 (+2.4%)

[13:15:56] Scan #241
  633 USD pairs found
  633 tickers fetched
  At max positions (3/3)
  Positions (3/3):
    ICNT: entry $0.3734 → $0.3978 (+6.5%)
    PENGU: entry $0.0080 → $0.0080 (+0.4%)
    KAS: entry $0.0321 → $0.0329 (+2.5%)

[13:21:06] Scan #242
  633 USD pairs found
  633 tickers fetched
  At max positions (3/3)
  Positions (3/3):
    ICNT: entry $0.3734 → $0.3959 (+6.0%)
    PENGU: entry $0.0080 → $0.0080 (-0.1%)
    KAS: entry $0.0321 → $0.0328 (+2.3%)

[13:26:15] Scan #243
  633 USD pairs found
  633 tickers fetched
  At max positions (3/3)
  Positions (3/3):
    ICNT: entry $0.3734 → $0.3974 (+6.4%)
    PENGU: entry $0.0080 → $0.0080 (-0.2%)
    KAS: entry $0.0321 → $0.0329 (+2.4%)

[13:31:25] Scan #244
  633 USD pairs found
  633 tickers fetched
  At max positions (3/3)
  Positions (3/3):
    ICNT: entry $0.3734 → $0.3960 (+6.1%)
    PENGU: entry $0.0080 → $0.0080 (-0.2%)
    KAS: entry $0.0321 → $0.0330 (+2.8%)

[13:36:34] Scan #245
  633 USD pairs found
  633 tickers fetched
  At max positions (3/3)
  Positions (3/3):
    ICNT: entry $0.3734 → $0.3995 (+7.0%)
    PENGU: entry $0.0080 → $0.0080 (+0.4%)
    KAS: entry $0.0321 → $0.0332 (+3.5%)

[13:41:44] Scan #246
  633 USD pairs found
  633 tickers fetched
  At max positions (3/3)
  Positions (3/3):
    ICNT: entry $0.3734 → $0.3950 (+5.8%)
    PENGU: entry $0.0080 → $0.0080 (+0.5%)
    KAS: entry $0.0321 → $0.0332 (+3.5%)

[13:46:53] Scan #247
  633 USD pairs found
  633 tickers fetched
  At max positions (3/3)
  Positions (3/3):
    ICNT: entry $0.3734 → $0.3982 (+6.6%)
    PENGU: entry $0.0080 → $0.0080 (-0.2%)
    KAS: entry $0.0321 → $0.0332 (+3.3%)

[13:52:03] Scan #248
  633 USD pairs found
  633 tickers fetched
  At max positions (3/3)
  Positions (3/3):
    ICNT: entry $0.3734 → $0.3982 (+6.6%)
    PENGU: entry $0.0080 → $0.0079 (-0.9%)
    KAS: entry $0.0321 → $0.0332 (+3.5%)

[13:57:12] Scan #249
  633 USD pairs found
  633 tickers fetched
  At max positions (3/3)
  Positions (3/3):
    ICNT: entry $0.3734 → $0.3982 (+6.6%)
    PENGU: entry $0.0080 → $0.0079 (-1.1%)
    KAS: entry $0.0321 → $0.0331 (+3.1%)

[14:02:22] Scan #250
  633 USD pairs found
  633 tickers fetched
  At max positions (3/3)
  Positions (3/3):
    ICNT: entry $0.3734 → $0.3982 (+6.6%)
    PENGU: entry $0.0080 → $0.0079 (-0.5%)
    KAS: entry $0.0321 → $0.0331 (+3.2%)

[14:07:31] Scan #251
  633 USD pairs found
  633 tickers fetched
  At max positions (3/3)
  Positions (3/3):
    ICNT: entry $0.3734 → $0.3982 (+6.6%)
    PENGU: entry $0.0080 → $0.0080 (-0.3%)
    KAS: entry $0.0321 → $0.0333 (+3.7%)

[14:12:41] Scan #252
  633 USD pairs found
  633 tickers fetched
  At max positions (3/3)
  Positions (3/3):
    ICNT: entry $0.3734 → $0.4000 (+7.1%)
    PENGU: entry $0.0080 → $0.0079 (-0.5%)
    KAS: entry $0.0321 → $0.0333 (+3.8%)

[14:17:51] Scan #253
  633 USD pairs found
  633 tickers fetched
  At max positions (3/3)
  Positions (3/3):
    ICNT: entry $0.3734 → $0.4000 (+7.1%)
    PENGU: entry $0.0080 → $0.0079 (-0.5%)
    KAS: entry $0.0321 → $0.0333 (+3.7%)

[14:23:01] Scan #254
  633 USD pairs found
  633 tickers fetched
  At max positions (3/3)
  Positions (3/3):
    ICNT: entry $0.3734 → $0.3968 (+6.3%)
    PENGU: entry $0.0080 → $0.0080 (-0.2%)
    KAS: entry $0.0321 → $0.0335 (+4.2%)

[14:28:10] Scan #255
  633 USD pairs found
  633 tickers fetched
  At max positions (3/3)
  Positions (3/3):
    ICNT: entry $0.3734 → $0.3952 (+5.8%)
    PENGU: entry $0.0080 → $0.0079 (-0.6%)
    KAS: entry $0.0321 → $0.0334 (+4.0%)

[14:33:20] Scan #256
  633 USD pairs found
  633 tickers fetched
  At max positions (3/3)
  Positions (3/3):
    ICNT: entry $0.3734 → $0.3973 (+6.4%)
    PENGU: entry $0.0080 → $0.0079 (-1.5%)
    KAS: entry $0.0321 → $0.0331 (+3.2%)

[14:38:29] Scan #257
  633 USD pairs found
  633 tickers fetched
  At max positions (3/3)
  Positions (3/3):
    ICNT: entry $0.3734 → $0.3995 (+7.0%)
    PENGU: entry $0.0080 → $0.0079 (-1.2%)
    KAS: entry $0.0321 → $0.0332 (+3.3%)

[14:43:38] Scan #258
  633 USD pairs found
  633 tickers fetched
  At max positions (3/3)
  Positions (3/3):
    ICNT: entry $0.3734 → $0.3995 (+7.0%)
    PENGU: entry $0.0080 → $0.0078 (-2.0%)
    KAS: entry $0.0321 → $0.0332 (+3.3%)

[14:48:47] Scan #259
  633 USD pairs found
  633 tickers fetched
  At max positions (3/3)
  Positions (3/3):
    ICNT: entry $0.3734 → $0.4003 (+7.2%)
    PENGU: entry $0.0080 → $0.0079 (-1.5%)
    KAS: entry $0.0321 → $0.0333 (+3.6%)

[14:53:57] Scan #260
  633 USD pairs found
  633 tickers fetched
  At max positions (3/3)
  Positions (3/3):
    ICNT: entry $0.3734 → $0.4004 (+7.2%)
    PENGU: entry $0.0080 → $0.0079 (-1.3%)
    KAS: entry $0.0321 → $0.0331 (+3.2%)

[14:59:06] Scan #261
  633 USD pairs found
  633 tickers fetched
  At max positions (3/3)
  Positions (3/3):
    ICNT: entry $0.3734 → $0.4004 (+7.2%)
    PENGU: entry $0.0080 → $0.0079 (-0.7%)
    KAS: entry $0.0321 → $0.0333 (+3.8%)

[15:04:16] Scan #262
  633 USD pairs found
  633 tickers fetched
  At max positions (3/3)
  Positions (3/3):
    ICNT: entry $0.3734 → $0.3987 (+6.8%)
    PENGU: entry $0.0080 → $0.0079 (-0.9%)
    KAS: entry $0.0321 → $0.0336 (+4.5%)

[15:09:25] Scan #263
  633 USD pairs found
  633 tickers fetched
  At max positions (3/3)
  Positions (3/3):
    ICNT: entry $0.3734 → $0.3991 (+6.9%)
    PENGU: entry $0.0080 → $0.0079 (-0.9%)
    KAS: entry $0.0321 → $0.0335 (+4.4%)

[15:14:34] Scan #264
  633 USD pairs found
  633 tickers fetched
  At max positions (3/3)
  Positions (3/3):
    ICNT: entry $0.3734 → $0.4004 (+7.2%)
    PENGU: entry $0.0080 → $0.0079 (-0.9%)
    KAS: entry $0.0321 → $0.0336 (+4.8%)

[15:19:44] Scan #265
  633 USD pairs found
  633 tickers fetched
  At max positions (3/3)
  Positions (3/3):
    ICNT: entry $0.3734 → $0.4028 (+7.9%)
    PENGU: entry $0.0080 → $0.0079 (-0.9%)
    KAS: entry $0.0321 → $0.0337 (+4.9%)

[15:24:53] Scan #266
  633 USD pairs found
  633 tickers fetched
  At max positions (3/3)
  Positions (3/3):
    ICNT: entry $0.3734 → $0.4028 (+7.9%)
    PENGU: entry $0.0080 → $0.0079 (-1.0%)
    KAS: entry $0.0321 → $0.0336 (+4.7%)

[15:30:03] Scan #267
  633 USD pairs found
  633 tickers fetched
  At max positions (3/3)
  Positions (3/3):
    ICNT: entry $0.3734 → $0.4028 (+7.9%)
    PENGU: entry $0.0080 → $0.0079 (-1.0%)
    KAS: entry $0.0321 → $0.0337 (+5.0%)

[15:35:13] Scan #268
  633 USD pairs found
  633 tickers fetched
  At max positions (3/3)
  Positions (3/3):
    ICNT: entry $0.3734 → $0.3970 (+6.3%)
    PENGU: entry $0.0080 → $0.0079 (-1.4%)
    KAS: entry $0.0321 → $0.0338 (+5.4%)

[15:40:30] Scan #269
  633 USD pairs found
  633 tickers fetched
  At max positions (3/3)
  Positions (3/3):
    ICNT: entry $0.3734 → $0.3972 (+6.4%)
    PENGU: entry $0.0080 → $0.0079 (-1.6%)
    KAS: entry $0.0321 → $0.0336 (+4.6%)

[15:45:40] Scan #270
  633 USD pairs found
  633 tickers fetched
  At max positions (3/3)
  Positions (3/3):
    ICNT: entry $0.3734 → $0.4003 (+7.2%)
    PENGU: entry $0.0080 → $0.0079 (-1.6%)
    KAS: entry $0.0321 → $0.0335 (+4.4%)

[15:50:49] Scan #271
  633 USD pairs found
  633 tickers fetched
  At max positions (3/3)
  Positions (3/3):
    ICNT: entry $0.3734 → $0.4003 (+7.2%)
    PENGU: entry $0.0080 → $0.0078 (-2.0%)
    KAS: entry $0.0321 → $0.0335 (+4.3%)

[15:55:59] Scan #272
  633 USD pairs found
  633 tickers fetched
  At max positions (3/3)
  Positions (3/3):
    ICNT: entry $0.3734 → $0.4017 (+7.6%)
    PENGU: entry $0.0080 → $0.0078 (-2.1%)
    KAS: entry $0.0321 → $0.0335 (+4.3%)

[16:01:09] Scan #273
  633 USD pairs found
  633 tickers fetched
  At max positions (3/3)
  Positions (3/3):
    ICNT: entry $0.3734 → $0.4028 (+7.9%)
    PENGU: entry $0.0080 → $0.0078 (-2.2%)
    KAS: entry $0.0321 → $0.0334 (+4.0%)

[16:06:19] Scan #274
  633 USD pairs found
  633 tickers fetched
  At max positions (3/3)
  Positions (3/3):
    ICNT: entry $0.3734 → $0.4028 (+7.9%)
    PENGU: entry $0.0080 → $0.0078 (-2.3%)
    KAS: entry $0.0321 → $0.0335 (+4.4%)

[16:11:29] Scan #275
  633 USD pairs found
  633 tickers fetched
  At max positions (3/3)
  Positions (3/3):
    ICNT: entry $0.3734 → $0.4071 (+9.0%)
    PENGU: entry $0.0080 → $0.0078 (-2.4%)
    KAS: entry $0.0321 → $0.0338 (+5.3%)

[16:16:39] Scan #276
  633 USD pairs found
  633 tickers fetched
  At max positions (3/3)
  Positions (3/3):
    ICNT: entry $0.3734 → $0.4071 (+9.0%)
    PENGU: entry $0.0080 → $0.0078 (-2.6%)
    KAS: entry $0.0321 → $0.0338 (+5.3%)

[16:21:48] Scan #277
  633 USD pairs found
  633 tickers fetched
  At max positions (3/3)
  Positions (3/3):
    ICNT: entry $0.3734 → $0.4071 (+9.0%)
    PENGU: entry $0.0080 → $0.0078 (-2.2%)
    KAS: entry $0.0321 → $0.0338 (+5.4%)

[16:26:58] Scan #278
  633 USD pairs found
  633 tickers fetched
  At max positions (3/3)
  Positions (3/3):
    ICNT: entry $0.3734 → $0.4071 (+9.0%)
    PENGU: entry $0.0080 → $0.0078 (-2.1%)
    KAS: entry $0.0321 → $0.0341 (+6.3%)

[16:32:07] Scan #279
  633 USD pairs found
  633 tickers fetched
  At max positions (3/3)
  Positions (3/3):
    ICNT: entry $0.3734 → $0.3995 (+7.0%)
    PENGU: entry $0.0080 → $0.0078 (-1.9%)
    KAS: entry $0.0321 → $0.0341 (+6.2%)

[16:37:17] Scan #280
  633 USD pairs found
  633 tickers fetched
  At max positions (3/3)
  Positions (3/3):
    ICNT: entry $0.3734 → $0.3995 (+7.0%)
    PENGU: entry $0.0080 → $0.0078 (-2.4%)
    KAS: entry $0.0321 → $0.0339 (+5.7%)

[16:42:26] Scan #281
  633 USD pairs found
  633 tickers fetched
  At max positions (3/3)
  Positions (3/3):
    ICNT: entry $0.3734 → $0.4011 (+7.4%)
    PENGU: entry $0.0080 → $0.0078 (-2.2%)
    KAS: entry $0.0321 → $0.0339 (+5.6%)

[16:47:36] Scan #282
  633 USD pairs found
  633 tickers fetched
  At max positions (3/3)
  Positions (3/3):
    ICNT: entry $0.3734 → $0.4033 (+8.0%)
    PENGU: entry $0.0080 → $0.0078 (-1.8%)
    KAS: entry $0.0321 → $0.0338 (+5.2%)

[16:52:46] Scan #283
  633 USD pairs found
  633 tickers fetched
  At max positions (3/3)
  Positions (3/3):
    ICNT: entry $0.3734 → $0.4033 (+8.0%)
    PENGU: entry $0.0080 → $0.0079 (-1.5%)
    KAS: entry $0.0321 → $0.0338 (+5.3%)

[16:57:56] Scan #284
  633 USD pairs found
  633 tickers fetched
  At max positions (3/3)
  Positions (3/3):
    ICNT: entry $0.3734 → $0.4033 (+8.0%)
    PENGU: entry $0.0080 → $0.0078 (-2.0%)
    KAS: entry $0.0321 → $0.0333 (+3.7%)

[17:03:07] Scan #285
  633 USD pairs found
  633 tickers fetched
  At max positions (3/3)
  Positions (3/3):
    ICNT: entry $0.3734 → $0.4033 (+8.0%)
    PENGU: entry $0.0080 → $0.0078 (-1.8%)
    KAS: entry $0.0321 → $0.0334 (+4.1%)

[17:08:17] Scan #286
  633 USD pairs found
  633 tickers fetched
  At max positions (3/3)
  Positions (3/3):
    ICNT: entry $0.3734 → $0.4033 (+8.0%)
    PENGU: entry $0.0080 → $0.0078 (-1.9%)
    KAS: entry $0.0321 → $0.0332 (+3.4%)

[17:13:27] Scan #287
  633 USD pairs found
  633 tickers fetched
  At max positions (3/3)
  Positions (3/3):
    ICNT: entry $0.3734 → $0.4033 (+8.0%)
    PENGU: entry $0.0080 → $0.0078 (-1.7%)
    KAS: entry $0.0321 → $0.0334 (+4.1%)

[17:18:36] Scan #288
  633 USD pairs found
  633 tickers fetched
  At max positions (3/3)
  Positions (3/3):
    ICNT: entry $0.3734 → $0.4111 (+10.1%)
    PENGU: entry $0.0080 → $0.0078 (-1.9%)
    KAS: entry $0.0321 → $0.0334 (+3.9%)

[17:23:46] Scan #289
  633 USD pairs found
  633 tickers fetched
  At max positions (3/3)
  Positions (3/3):
    ICNT: entry $0.3734 → $0.4111 (+10.1%)
    PENGU: entry $0.0080 → $0.0078 (-1.7%)
    KAS: entry $0.0321 → $0.0335 (+4.3%)

[17:28:56] Scan #290
  633 USD pairs found
  633 tickers fetched
  At max positions (3/3)
  Positions (3/3):
    ICNT: entry $0.3734 → $0.4111 (+10.1%)
    PENGU: entry $0.0080 → $0.0078 (-1.8%)
    KAS: entry $0.0321 → $0.0333 (+3.9%)

[17:34:05] Scan #291
  633 USD pairs found
  633 tickers fetched
  At max positions (3/3)
  Positions (3/3):
    ICNT: entry $0.3734 → $0.4131 (+10.6%)
    PENGU: entry $0.0080 → $0.0078 (-1.9%)
    KAS: entry $0.0321 → $0.0333 (+3.6%)

[17:39:15] Scan #292
  633 USD pairs found
  633 tickers fetched
  At max positions (3/3)
  Positions (3/3):
    ICNT: entry $0.3734 → $0.4131 (+10.6%)
    PENGU: entry $0.0080 → $0.0079 (-1.4%)
    KAS: entry $0.0321 → $0.0335 (+4.2%)

[17:44:25] Scan #293
  633 USD pairs found
  633 tickers fetched
  At max positions (3/3)
  Positions (3/3):
    ICNT: entry $0.3734 → $0.4131 (+10.6%)
    PENGU: entry $0.0080 → $0.0079 (-1.6%)
    KAS: entry $0.0321 → $0.0335 (+4.4%)

[17:49:35] Scan #294
  633 USD pairs found
  633 tickers fetched
  At max positions (3/3)
  Positions (3/3):
    ICNT: entry $0.3734 → $0.4131 (+10.6%)
    PENGU: entry $0.0080 → $0.0079 (-1.3%)
    KAS: entry $0.0321 → $0.0335 (+4.4%)

[17:54:45] Scan #295
  633 USD pairs found
  633 tickers fetched
  At max positions (3/3)
  Positions (3/3):
    ICNT: entry $0.3734 → $0.4131 (+10.6%)
    PENGU: entry $0.0080 → $0.0078 (-1.7%)
    KAS: entry $0.0321 → $0.0335 (+4.3%)

[17:59:54] Scan #296
  633 USD pairs found
  633 tickers fetched
  At max positions (3/3)
  Positions (3/3):
    ICNT: entry $0.3734 → $0.4131 (+10.6%)
    PENGU: entry $0.0080 → $0.0078 (-1.8%)
    KAS: entry $0.0321 → $0.0335 (+4.3%)

[18:05:04] Scan #297
  633 USD pairs found
  633 tickers fetched
  At max positions (3/3)
  Positions (3/3):
    ICNT: entry $0.3734 → $0.4131 (+10.6%)
    PENGU: entry $0.0080 → $0.0078 (-1.9%)
    KAS: entry $0.0321 → $0.0334 (+4.0%)

[18:10:15] Scan #298
  633 USD pairs found
  633 tickers fetched
  At max positions (3/3)
  Positions (3/3):
    ICNT: entry $0.3734 → $0.4131 (+10.6%)
    PENGU: entry $0.0080 → $0.0079 (-1.3%)
    KAS: entry $0.0321 → $0.0335 (+4.3%)

[18:15:25] Scan #299
  633 USD pairs found
  633 tickers fetched
  At max positions (3/3)
  Positions (3/3):
    ICNT: entry $0.3734 → $0.4298 (+15.1%)
    PENGU: entry $0.0080 → $0.0079 (-1.3%)
    KAS: entry $0.0321 → $0.0335 (+4.2%)

[18:20:35] Scan #300
  633 USD pairs found
  633 tickers fetched
  At max positions (3/3)
  Positions (3/3):
    ICNT: entry $0.3734 → $0.4286 (+14.8%)
    PENGU: entry $0.0080 → $0.0079 (-1.3%)
    KAS: entry $0.0321 → $0.0335 (+4.2%)

[18:25:44] Scan #301
  633 USD pairs found
  633 tickers fetched
  At max positions (3/3)
  Positions (3/3):
    ICNT: entry $0.3734 → $0.4219 (+13.0%)
    PENGU: entry $0.0080 → $0.0079 (-1.2%)
    KAS: entry $0.0321 → $0.0335 (+4.2%)

[18:30:54] Scan #302
  633 USD pairs found
  633 tickers fetched
  At max positions (3/3)
  Positions (3/3):
    ICNT: entry $0.3734 → $0.4170 (+11.7%)
    PENGU: entry $0.0080 → $0.0079 (-1.1%)
    KAS: entry $0.0321 → $0.0334 (+4.0%)

[18:36:04] Scan #303
  633 USD pairs found
  633 tickers fetched
  At max positions (3/3)
  Positions (3/3):
    ICNT: entry $0.3734 → $0.4142 (+10.9%)
    PENGU: entry $0.0080 → $0.0079 (-1.2%)
    KAS: entry $0.0321 → $0.0333 (+3.8%)

[18:41:14] Scan #304
  633 USD pairs found
  633 tickers fetched
  At max positions (3/3)
  Positions (3/3):
    ICNT: entry $0.3734 → $0.4123 (+10.4%)
    PENGU: entry $0.0080 → $0.0079 (-1.2%)
    KAS: entry $0.0321 → $0.0331 (+3.2%)

[18:46:23] Scan #305
  633 USD pairs found
  633 tickers fetched
  At max positions (3/3)
  Positions (3/3):
    ICNT: entry $0.3734 → $0.4133 (+10.7%)
    PENGU: entry $0.0080 → $0.0079 (-1.5%)
    KAS: entry $0.0321 → $0.0331 (+3.1%)

[18:51:33] Scan #306
  633 USD pairs found
  633 tickers fetched
  At max positions (3/3)
  Positions (3/3):
    ICNT: entry $0.3734 → $0.4128 (+10.6%)
    PENGU: entry $0.0080 → $0.0079 (-1.4%)
    KAS: entry $0.0321 → $0.0332 (+3.3%)

[18:56:43] Scan #307
  633 USD pairs found
  633 tickers fetched
  At max positions (3/3)
  Positions (3/3):
    ICNT: entry $0.3734 → $0.4128 (+10.6%)
    PENGU: entry $0.0080 → $0.0079 (-1.5%)
    KAS: entry $0.0321 → $0.0331 (+3.1%)

[19:01:52] Scan #308
  633 USD pairs found
  633 tickers fetched
  At max positions (3/3)
  Positions (3/3):
    ICNT: entry $0.3734 → $0.4128 (+10.6%)
    PENGU: entry $0.0080 → $0.0078 (-1.8%)
    KAS: entry $0.0321 → $0.0332 (+3.4%)

[19:07:02] Scan #309
  633 USD pairs found
  633 tickers fetched
  At max positions (3/3)
  Positions (3/3):
    ICNT: entry $0.3734 → $0.4203 (+12.6%)
    PENGU: entry $0.0080 → $0.0079 (-1.6%)
    KAS: entry $0.0321 → $0.0331 (+3.2%)

[19:12:12] Scan #310
  633 USD pairs found
  633 tickers fetched
  At max positions (3/3)
  Positions (3/3):
    ICNT: entry $0.3734 → $0.4179 (+11.9%)
    PENGU: entry $0.0080 → $0.0079 (-1.2%)
    KAS: entry $0.0321 → $0.0332 (+3.4%)

[19:17:21] Scan #311
  633 USD pairs found
  633 tickers fetched
  At max positions (3/3)
  Positions (3/3):
    ICNT: entry $0.3734 → $0.4152 (+11.2%)
    PENGU: entry $0.0080 → $0.0079 (-0.6%)
    KAS: entry $0.0321 → $0.0333 (+3.6%)

[19:22:31] Scan #312
  633 USD pairs found
  633 tickers fetched
  At max positions (3/3)
  Positions (3/3):
    ICNT: entry $0.3734 → $0.4166 (+11.6%)
    PENGU: entry $0.0080 → $0.0079 (-1.1%)
    KAS: entry $0.0321 → $0.0331 (+3.1%)

[19:27:41] Scan #313
  633 USD pairs found
  633 tickers fetched
  At max positions (3/3)
  Positions (3/3):
    ICNT: entry $0.3734 → $0.4148 (+11.1%)
    PENGU: entry $0.0080 → $0.0079 (-1.2%)
    KAS: entry $0.0321 → $0.0331 (+3.0%)

[19:32:51] Scan #314
  633 USD pairs found
  633 tickers fetched
  At max positions (3/3)
  Positions (3/3):
    ICNT: entry $0.3734 → $0.4122 (+10.4%)
    PENGU: entry $0.0080 → $0.0079 (-1.0%)
    KAS: entry $0.0321 → $0.0331 (+3.2%)

[19:38:00] Scan #315
  633 USD pairs found
  633 tickers fetched
  At max positions (3/3)
  Positions (3/3):
    ICNT: entry $0.3734 → $0.4121 (+10.4%)
    PENGU: entry $0.0080 → $0.0079 (-1.2%)
    KAS: entry $0.0321 → $0.0332 (+3.4%)

[19:43:10] Scan #316
  633 USD pairs found
  633 tickers fetched
  At max positions (3/3)
  Positions (3/3):
    ICNT: entry $0.3734 → $0.4139 (+10.8%)
    PENGU: entry $0.0080 → $0.0079 (-1.1%)
    KAS: entry $0.0321 → $0.0332 (+3.5%)

[19:48:20] Scan #317
  633 USD pairs found
  633 tickers fetched
  At max positions (3/3)
  Positions (3/3):
    ICNT: entry $0.3734 → $0.4101 (+9.8%)
    PENGU: entry $0.0080 → $0.0079 (-1.6%)
    KAS: entry $0.0321 → $0.0332 (+3.3%)

[19:53:30] Scan #318
  633 USD pairs found
  633 tickers fetched
  At max positions (3/3)
  Positions (3/3):
    ICNT: entry $0.3734 → $0.4101 (+9.8%)
    PENGU: entry $0.0080 → $0.0078 (-1.7%)
    KAS: entry $0.0321 → $0.0332 (+3.3%)

[19:58:39] Scan #319
  633 USD pairs found
  633 tickers fetched
  At max positions (3/3)
  Positions (3/3):
    ICNT: entry $0.3734 → $0.4122 (+10.4%)
    PENGU: entry $0.0080 → $0.0079 (-1.5%)
    KAS: entry $0.0321 → $0.0332 (+3.3%)

[20:03:50] Scan #320
  633 USD pairs found
  633 tickers fetched
  At max positions (3/3)
  Positions (3/3):
    ICNT: entry $0.3734 → $0.4078 (+9.2%)
    PENGU: entry $0.0080 → $0.0079 (-1.3%)
    KAS: entry $0.0321 → $0.0331 (+2.9%)

[20:08:59] Scan #321
  633 USD pairs found
  633 tickers fetched
  At max positions (3/3)
  Positions (3/3):
    ICNT: entry $0.3734 → $0.4078 (+9.2%)
    PENGU: entry $0.0080 → $0.0079 (-1.4%)
    KAS: entry $0.0321 → $0.0331 (+2.9%)

[20:14:09] Scan #322
  633 USD pairs found
  633 tickers fetched
  At max positions (3/3)
  Positions (3/3):
    ICNT: entry $0.3734 → $0.4078 (+9.2%)
    PENGU: entry $0.0080 → $0.0079 (-1.3%)
    KAS: entry $0.0321 → $0.0331 (+3.0%)

[20:19:18] Scan #323
  633 USD pairs found
  633 tickers fetched
  At max positions (3/3)
  Positions (3/3):
    ICNT: entry $0.3734 → $0.4078 (+9.2%)
    PENGU: entry $0.0080 → $0.0079 (-1.2%)
    KAS: entry $0.0321 → $0.0330 (+2.8%)

[20:24:27] Scan #324
  633 USD pairs found
  633 tickers fetched
  At max positions (3/3)
  Positions (3/3):
    ICNT: entry $0.3734 → $0.4078 (+9.2%)
    PENGU: entry $0.0080 → $0.0079 (-1.2%)
    KAS: entry $0.0321 → $0.0330 (+2.8%)

[20:29:36] Scan #325
  633 USD pairs found
  633 tickers fetched
  At max positions (3/3)
  Positions (3/3):
    ICNT: entry $0.3734 → $0.4078 (+9.2%)
    PENGU: entry $0.0080 → $0.0079 (-0.8%)
    KAS: entry $0.0321 → $0.0331 (+3.0%)

[20:34:46] Scan #326
  633 USD pairs found
  633 tickers fetched
  At max positions (3/3)
  Positions (3/3):
    ICNT: entry $0.3734 → $0.4124 (+10.4%)
    PENGU: entry $0.0080 → $0.0079 (-0.5%)
    KAS: entry $0.0321 → $0.0331 (+3.1%)

[20:39:56] Scan #327
  633 USD pairs found
  633 tickers fetched
  At max positions (3/3)
  Positions (3/3):
    ICNT: entry $0.3734 → $0.4124 (+10.4%)
    PENGU: entry $0.0080 → $0.0079 (-0.4%)
    KAS: entry $0.0321 → $0.0331 (+3.1%)

[20:45:06] Scan #328
  633 USD pairs found
  633 tickers fetched
  At max positions (3/3)
  Positions (3/3):
    ICNT: entry $0.3734 → $0.4106 (+10.0%)
    PENGU: entry $0.0080 → $0.0079 (-0.9%)
    KAS: entry $0.0321 → $0.0332 (+3.3%)

[20:50:16] Scan #329
  633 USD pairs found
  633 tickers fetched
  At max positions (3/3)
  Positions (3/3):
    ICNT: entry $0.3734 → $0.4113 (+10.1%)
    PENGU: entry $0.0080 → $0.0079 (-0.7%)
    KAS: entry $0.0321 → $0.0332 (+3.5%)

[20:55:25] Scan #330
  633 USD pairs found
  633 tickers fetched
  At max positions (3/3)
  Positions (3/3):
    ICNT: entry $0.3734 → $0.4113 (+10.1%)
    PENGU: entry $0.0080 → $0.0079 (-0.7%)
    KAS: entry $0.0321 → $0.0332 (+3.5%)

[21:00:35] Scan #331
  633 USD pairs found
  633 tickers fetched
  At max positions (3/3)
  Positions (3/3):
    ICNT: entry $0.3734 → $0.4113 (+10.1%)
    PENGU: entry $0.0080 → $0.0079 (-0.8%)
    KAS: entry $0.0321 → $0.0333 (+3.6%)

[21:05:44] Scan #332
  633 USD pairs found
  633 tickers fetched
  At max positions (3/3)
  Positions (3/3):
    ICNT: entry $0.3734 → $0.4113 (+10.1%)
    PENGU: entry $0.0080 → $0.0079 (-1.2%)
    KAS: entry $0.0321 → $0.0333 (+3.8%)

[21:10:54] Scan #333
  633 USD pairs found
  633 tickers fetched
  At max positions (3/3)
  Positions (3/3):
    ICNT: entry $0.3734 → $0.4144 (+11.0%)
    PENGU: entry $0.0080 → $0.0079 (-1.0%)
    KAS: entry $0.0321 → $0.0334 (+4.0%)

[21:16:04] Scan #334
  633 USD pairs found
  633 tickers fetched
  At max positions (3/3)
  Positions (3/3):
    ICNT: entry $0.3734 → $0.4138 (+10.8%)
    PENGU: entry $0.0080 → $0.0079 (-0.8%)
    KAS: entry $0.0321 → $0.0334 (+4.0%)

[21:21:13] Scan #335
  633 USD pairs found
  633 tickers fetched
  At max positions (3/3)
  Positions (3/3):
    ICNT: entry $0.3734 → $0.4133 (+10.7%)
    PENGU: entry $0.0080 → $0.0079 (-0.9%)
    KAS: entry $0.0321 → $0.0334 (+4.1%)

[21:26:22] Scan #336
  633 USD pairs found
  633 tickers fetched
  ⚠️ OpenOrders exception: HTTPSConnectionPool(host='api.kraken.com', port=443): Read timed out. (read timeout=10)
  [21:26:42] Position closed: PENGU (PENGUUSD)
  No signals (633 pairs ready)
  Positions (2/3):
    ICNT: entry $0.3734 → $0.4131 (+10.6%)
    KAS: entry $0.0321 → $0.0334 (+4.1%)

[21:31:43] Scan #337
  633 USD pairs found
  633 tickers fetched
  No signals (633 pairs ready)
  Positions (2/3):
    ICNT: entry $0.3734 → $0.4131 (+10.6%)
    KAS: entry $0.0321 → $0.0334 (+4.1%)

[21:36:52] Scan #338
  633 USD pairs found
  633 tickers fetched
  No signals (633 pairs ready)
  Positions (2/3):
    ICNT: entry $0.3734 → $0.4131 (+10.6%)
    KAS: entry $0.0321 → $0.0337 (+4.9%)

[21:42:02] Scan #339
  633 USD pairs found
  633 tickers fetched
  No signals (633 pairs ready)
  Positions (2/3):
    ICNT: entry $0.3734 → $0.4129 (+10.6%)
    KAS: entry $0.0321 → $0.0335 (+4.4%)

[21:47:12] Scan #340
  633 USD pairs found
  633 tickers fetched
  No signals (633 pairs ready)
  Positions (2/3):
    ICNT: entry $0.3734 → $0.4129 (+10.6%)
    KAS: entry $0.0321 → $0.0336 (+4.5%)

[21:52:22] Scan #341
  633 USD pairs found
  633 tickers fetched
  No signals (633 pairs ready)
  Positions (2/3):
    ICNT: entry $0.3734 → $0.4129 (+10.6%)
    KAS: entry $0.0321 → $0.0336 (+4.7%)

[21:57:31] Scan #342
  633 USD pairs found
  633 tickers fetched
  No signals (633 pairs ready)
  Positions (2/3):
    ICNT: entry $0.3734 → $0.4146 (+11.0%)
    KAS: entry $0.0321 → $0.0335 (+4.4%)

[22:02:41] Scan #343
  633 USD pairs found
  633 tickers fetched
  No signals (633 pairs ready)
  Positions (2/3):
    ICNT: entry $0.3734 → $0.4146 (+11.0%)
    KAS: entry $0.0321 → $0.0336 (+4.6%)

[22:07:51] Scan #344
  633 USD pairs found
  633 tickers fetched
  No signals (633 pairs ready)
  Positions (2/3):
    ICNT: entry $0.3734 → $0.4148 (+11.1%)
    KAS: entry $0.0321 → $0.0337 (+5.0%)

[22:13:01] Scan #345
  633 USD pairs found
  633 tickers fetched
  No signals (633 pairs ready)
  Positions (2/3):
    ICNT: entry $0.3734 → $0.4177 (+11.9%)
    KAS: entry $0.0321 → $0.0337 (+4.9%)

[22:18:11] Scan #346
  633 USD pairs found
  633 tickers fetched
  No signals (633 pairs ready)
  Positions (2/3):
    ICNT: entry $0.3734 → $0.4191 (+12.2%)
    KAS: entry $0.0321 → $0.0337 (+5.1%)

[22:23:20] Scan #347
  633 USD pairs found
  633 tickers fetched
  No signals (633 pairs ready)
  Positions (2/3):
    ICNT: entry $0.3734 → $0.4131 (+10.6%)
    KAS: entry $0.0321 → $0.0338 (+5.1%)

[22:28:30] Scan #348
  633 USD pairs found
  633 tickers fetched
  No signals (633 pairs ready)
  Positions (2/3):
    ICNT: entry $0.3734 → $0.4149 (+11.1%)
    KAS: entry $0.0321 → $0.0338 (+5.1%)

[22:34:05] Scan #349
  633 USD pairs found
  633 tickers fetched
  No signals (633 pairs ready)
  Positions (2/3):
    ICNT: entry $0.3734 → $0.4173 (+11.8%)
    KAS: entry $0.0321 → $0.0338 (+5.2%)

[22:39:15] Scan #350
  633 USD pairs found
  633 tickers fetched
  No signals (633 pairs ready)
  Positions (2/3):
    ICNT: entry $0.3734 → $0.4161 (+11.4%)
    KAS: entry $0.0321 → $0.0339 (+5.5%)

[22:44:24] Scan #351
  633 USD pairs found
  633 tickers fetched
  No signals (633 pairs ready)
  Positions (2/3):
    ICNT: entry $0.3734 → $0.4174 (+11.8%)
    KAS: entry $0.0321 → $0.0339 (+5.6%)

[22:49:35] Scan #352
  633 USD pairs found
  633 tickers fetched
  No signals (633 pairs ready)
  Positions (2/3):
    ICNT: entry $0.3734 → $0.4178 (+11.9%)
    KAS: entry $0.0321 → $0.0340 (+5.9%)

[22:54:45] Scan #353
  633 USD pairs found
  633 tickers fetched
  No signals (633 pairs ready)
  Positions (2/3):
    ICNT: entry $0.3734 → $0.4177 (+11.9%)
    KAS: entry $0.0321 → $0.0339 (+5.6%)

[22:59:54] Scan #354
  633 USD pairs found
  633 tickers fetched
  No signals (633 pairs ready)
  Positions (2/3):
    ICNT: entry $0.3734 → $0.4177 (+11.9%)
    KAS: entry $0.0321 → $0.0339 (+5.5%)

[23:05:04] Scan #355
  633 USD pairs found
  633 tickers fetched
  No signals (633 pairs ready)
  Positions (2/3):
    ICNT: entry $0.3734 → $0.4173 (+11.8%)
    KAS: entry $0.0321 → $0.0337 (+5.0%)

[23:10:14] Scan #356
  633 USD pairs found
  633 tickers fetched
  No signals (633 pairs ready)
  Positions (2/3):
    ICNT: entry $0.3734 → $0.4169 (+11.6%)
    KAS: entry $0.0321 → $0.0336 (+4.8%)

[23:15:24] Scan #357
  633 USD pairs found
  633 tickers fetched
  No signals (633 pairs ready)
  Positions (2/3):
    ICNT: entry $0.3734 → $0.4176 (+11.8%)
    KAS: entry $0.0321 → $0.0337 (+5.0%)

[23:20:34] Scan #358
  633 USD pairs found
  633 tickers fetched
  No signals (633 pairs ready)
  Positions (2/3):
    ICNT: entry $0.3734 → $0.4176 (+11.8%)
    KAS: entry $0.0321 → $0.0336 (+4.7%)

[23:25:43] Scan #359
  633 USD pairs found
  633 tickers fetched
  No signals (633 pairs ready)
  Positions (2/3):
    ICNT: entry $0.3734 → $0.4171 (+11.7%)
    KAS: entry $0.0321 → $0.0337 (+4.8%)

[23:30:53] Scan #360
  633 USD pairs found
  633 tickers fetched
  No signals (633 pairs ready)
  Positions (2/3):
    ICNT: entry $0.3734 → $0.4151 (+11.2%)
    KAS: entry $0.0321 → $0.0339 (+5.6%)

[23:36:03] Scan #361
  633 USD pairs found
  633 tickers fetched
  No signals (633 pairs ready)
  Positions (2/3):
    ICNT: entry $0.3734 → $0.4151 (+11.2%)
    KAS: entry $0.0321 → $0.0338 (+5.4%)

[23:41:12] Scan #362
  633 USD pairs found
  633 tickers fetched
  No signals (633 pairs ready)
  Positions (2/3):
    ICNT: entry $0.3734 → $0.4179 (+11.9%)
    KAS: entry $0.0321 → $0.0338 (+5.3%)

[23:46:21] Scan #363
  633 USD pairs found
  633 tickers fetched
  No signals (633 pairs ready)
  Positions (2/3):
    ICNT: entry $0.3734 → $0.4163 (+11.5%)
    KAS: entry $0.0321 → $0.0340 (+5.9%)

[23:51:30] Scan #364
  633 USD pairs found
  633 tickers fetched
  No signals (633 pairs ready)
  Positions (2/3):
    ICNT: entry $0.3734 → $0.4144 (+11.0%)
    KAS: entry $0.0321 → $0.0339 (+5.5%)

[23:56:40] Scan #365
  633 USD pairs found
  633 tickers fetched
  No signals (633 pairs ready)
  Positions (2/3):
    ICNT: entry $0.3734 → $0.4157 (+11.3%)
    KAS: entry $0.0321 → $0.0337 (+5.1%)

[00:01:49] Scan #366
  633 USD pairs found
  633 tickers fetched
  No signals (633 pairs ready)
  Positions (2/3):
    ICNT: entry $0.3734 → $0.4136 (+10.8%)
    KAS: entry $0.0321 → $0.0338 (+5.3%)

[00:06:58] Scan #367
  633 USD pairs found
  633 tickers fetched
  No signals (633 pairs ready)
  Positions (2/3):
    ICNT: entry $0.3734 → $0.4156 (+11.3%)
    KAS: entry $0.0321 → $0.0336 (+4.8%)

[00:12:08] Scan #368
  633 USD pairs found
  633 tickers fetched
  2 signals found:
    ASTER: +3.2% in 1h, vol $1165k, activity 3.1x
    NOS: +7.6% in 1h, vol $422k, activity 2.0x
  [00:12:17] Not enough USD ($5.19) to buy ASTER
  [00:12:17] Not enough USD ($5.19) to buy NOS
  Positions (2/3):
    ICNT: entry $0.3734 → $0.4146 (+11.0%)
    KAS: entry $0.0321 → $0.0338 (+5.2%)

[00:17:17] Scan #369
  633 USD pairs found
  633 tickers fetched
  2 signals found:
    NOS: +7.3% in 1h, vol $420k, activity 2.3x
    G: +9.7% in 1h, vol $285k, activity 1.9x
  [00:17:26] Not enough USD ($5.19) to buy NOS
  [00:17:26] Not enough USD ($5.19) to buy G
  Positions (2/3):
    ICNT: entry $0.3734 → $0.4157 (+11.3%)
    KAS: entry $0.0321 → $0.0338 (+5.2%)

[00:22:26] Scan #370
  633 USD pairs found
  633 tickers fetched
  1 signals found:
    NOS: +4.3% in 1h, vol $417k, activity 3.1x
  [00:22:35] Not enough USD ($5.19) to buy NOS
  Positions (2/3):
    ICNT: entry $0.3734 → $0.4160 (+11.4%)
    KAS: entry $0.0321 → $0.0336 (+4.8%)

[00:27:36] Scan #371
  633 USD pairs found
  633 tickers fetched
  1 signals found:
    NOS: +6.0% in 1h, vol $429k, activity 3.9x
  [00:27:45] Not enough USD ($5.19) to buy NOS
  Positions (2/3):
    ICNT: entry $0.3734 → $0.4159 (+11.4%)
    KAS: entry $0.0321 → $0.0334 (+4.0%)

[00:32:45] Scan #372
  633 USD pairs found
  633 tickers fetched
  2 signals found:
    ASTER: +3.1% in 1h, vol $1273k, activity 5.2x
    NOS: +5.9% in 1h, vol $428k, activity 4.3x
  [00:32:54] Can't afford minimum for ASTER
  [00:32:54] Can't afford minimum for NOS
  Positions (2/3):
    ICNT: entry $0.3734 → $0.4162 (+11.5%)
    KAS: entry $0.0321 → $0.0336 (+4.5%)

[00:37:54] Scan #373
  633 USD pairs found
  633 tickers fetched
  1 signals found:
    NOS: +4.6% in 1h, vol $427k, activity 3.9x
  [00:38:03] Can't afford minimum for NOS
  Positions (2/3):
    ICNT: entry $0.3734 → $0.4154 (+11.2%)
    KAS: entry $0.0321 → $0.0335 (+4.5%)

[00:43:03] Scan #374
  633 USD pairs found
  633 tickers fetched
  2 signals found:
    FARTCOIN: +5.8% in 1h, vol $5090k, activity 4.1x
    UNITAS: +8.8% in 1h, vol $194k, activity 3.8x
  [00:43:12] BUY 30.000000000000004 FARTCOIN @ ~$0.2095 (~$6.29)
  ✅ Order placed: {'txid': ['OKX6GX-6Z7BN-SQTAUF'], 'descr': {'order': 'buy 30.000 FARTCOINUSD @ market'}}
  [00:43:12] Bought: ['OKX6GX-6Z7BN-SQTAUF']
  ❌ Order error: ['EOrder:Invalid price:FARTCOIN/USD price can only be specified up to 4 decimals.']
  [00:43:15] WARNING: OTO bracket failed: {'error': ['EOrder:Invalid price:FARTCOIN/USD price can only be specified up to 4 decimals.']}
  [00:43:15] Position is UNPROTECTED — cron monitor will catch it
  Positions (3/3):
    ICNT: entry $0.3734 → $0.4120 (+10.3%)
    KAS: entry $0.0321 → $0.0334 (+3.9%)
    FARTCOIN: entry $0.2095 → $0.2095 (+0.0%)

[00:48:15] Scan #375
  633 USD pairs found
  633 tickers fetched
  At max positions (3/3)
  Positions (3/3):
    ICNT: entry $0.3734 → $0.4110 (+10.1%)
    KAS: entry $0.0321 → $0.0334 (+4.0%)
    FARTCOIN: entry $0.2095 → $0.2098 (+0.1%)

[00:54:05] Scan #376
  633 USD pairs found
  633 tickers fetched
  At max positions (3/3)
  Positions (3/3):
    ICNT: entry $0.3734 → $0.4110 (+10.1%)
    KAS: entry $0.0321 → $0.0333 (+3.9%)
    FARTCOIN: entry $0.2095 → $0.2098 (+0.1%)

[00:59:14] Scan #377
  633 USD pairs found
  633 tickers fetched
  At max positions (3/3)
  Positions (3/3):
    ICNT: entry $0.3734 → $0.4110 (+10.1%)
    KAS: entry $0.0321 → $0.0334 (+3.9%)
    FARTCOIN: entry $0.2095 → $0.2092 (-0.1%)

[01:04:24] Scan #378
  633 USD pairs found
  633 tickers fetched
  At max positions (3/3)
  Positions (3/3):
    ICNT: entry $0.3734 → $0.4110 (+10.1%)
    KAS: entry $0.0321 → $0.0334 (+4.0%)
    FARTCOIN: entry $0.2095 → $0.2089 (-0.3%)

[01:09:34] Scan #379
  633 USD pairs found
  633 tickers fetched
  At max positions (3/3)
  Positions (3/3):
    ICNT: entry $0.3734 → $0.4080 (+9.3%)
    KAS: entry $0.0321 → $0.0335 (+4.2%)
    FARTCOIN: entry $0.2095 → $0.2122 (+1.3%)

[01:14:44] Scan #380
  633 USD pairs found
  633 tickers fetched
  At max positions (3/3)
  Positions (3/3):
    ICNT: entry $0.3734 → $0.4080 (+9.3%)
    KAS: entry $0.0321 → $0.0335 (+4.2%)
    FARTCOIN: entry $0.2095 → $0.2115 (+1.0%)

[01:19:53] Scan #381
  633 USD pairs found
  633 tickers fetched
  At max positions (3/3)
  Positions (3/3):
    ICNT: entry $0.3734 → $0.4080 (+9.3%)
    KAS: entry $0.0321 → $0.0336 (+4.6%)
    FARTCOIN: entry $0.2095 → $0.2108 (+0.6%)

[01:25:03] Scan #382
  633 USD pairs found
  633 tickers fetched
  At max positions (3/3)
  Positions (3/3):
    ICNT: entry $0.3734 → $0.4080 (+9.3%)
    KAS: entry $0.0321 → $0.0336 (+4.5%)
    FARTCOIN: entry $0.2095 → $0.2116 (+1.0%)

[01:30:12] Scan #383
  633 USD pairs found
  633 tickers fetched
  At max positions (3/3)
  Positions (3/3):
    ICNT: entry $0.3734 → $0.4119 (+10.3%)
    KAS: entry $0.0321 → $0.0337 (+4.8%)
    FARTCOIN: entry $0.2095 → $0.2122 (+1.3%)

[01:35:21] Scan #384
  633 USD pairs found
  633 tickers fetched
  At max positions (3/3)
  Positions (3/3):
    ICNT: entry $0.3734 → $0.4106 (+10.0%)
    KAS: entry $0.0321 → $0.0336 (+4.7%)
    FARTCOIN: entry $0.2095 → $0.2126 (+1.5%)

[01:40:30] Scan #385
  633 USD pairs found
  633 tickers fetched
  At max positions (3/3)
  Positions (3/3):
    ICNT: entry $0.3734 → $0.4106 (+10.0%)
    KAS: entry $0.0321 → $0.0336 (+4.6%)
    FARTCOIN: entry $0.2095 → $0.2123 (+1.3%)

[01:45:39] Scan #386
  633 USD pairs found
  633 tickers fetched
  At max positions (3/3)
  Positions (3/3):
    ICNT: entry $0.3734 → $0.4106 (+10.0%)
    KAS: entry $0.0321 → $0.0335 (+4.3%)
    FARTCOIN: entry $0.2095 → $0.2100 (+0.2%)

[01:50:49] Scan #387
  633 USD pairs found
  633 tickers fetched
  At max positions (3/3)
  Positions (3/3):
    ICNT: entry $0.3734 → $0.4106 (+10.0%)
    KAS: entry $0.0321 → $0.0335 (+4.5%)
    FARTCOIN: entry $0.2095 → $0.2105 (+0.5%)

[01:55:58] Scan #388
  633 USD pairs found
  633 tickers fetched
  At max positions (3/3)
  Positions (3/3):
    ICNT: entry $0.3734 → $0.4097 (+9.7%)
    KAS: entry $0.0321 → $0.0334 (+4.0%)
    FARTCOIN: entry $0.2095 → $0.2106 (+0.5%)

[02:01:07] Scan #389
  633 USD pairs found
  633 tickers fetched
  At max positions (3/3)
  Positions (3/3):
    ICNT: entry $0.3734 → $0.4097 (+9.7%)
    KAS: entry $0.0321 → $0.0334 (+4.0%)
    FARTCOIN: entry $0.2095 → $0.2116 (+1.0%)

[02:06:16] Scan #390
  633 USD pairs found
  633 tickers fetched
  At max positions (3/3)
  Positions (3/3):
    ICNT: entry $0.3734 → $0.4082 (+9.3%)
    KAS: entry $0.0321 → $0.0336 (+4.6%)
    FARTCOIN: entry $0.2095 → $0.2138 (+2.1%)

[02:11:41] Scan #391
  633 USD pairs found
  633 tickers fetched
  At max positions (3/3)
  Positions (3/3):
    ICNT: entry $0.3734 → $0.4072 (+9.1%)
    KAS: entry $0.0321 → $0.0334 (+4.1%)
    FARTCOIN: entry $0.2095 → $0.2145 (+2.4%)

[02:16:50] Scan #392
  633 USD pairs found
  633 tickers fetched
  At max positions (3/3)
  Positions (3/3):
    ICNT: entry $0.3734 → $0.4045 (+8.3%)
    KAS: entry $0.0321 → $0.0338 (+5.2%)
    FARTCOIN: entry $0.2095 → $0.2151 (+2.7%)

[02:21:59] Scan #393
  633 USD pairs found
  633 tickers fetched
  At max positions (3/3)
  Positions (3/3):
    ICNT: entry $0.3734 → $0.4055 (+8.6%)
    KAS: entry $0.0321 → $0.0337 (+5.0%)
    FARTCOIN: entry $0.2095 → $0.2143 (+2.3%)

[02:27:09] Scan #394
  633 USD pairs found
  633 tickers fetched
  At max positions (3/3)
  Positions (3/3):
    ICNT: entry $0.3734 → $0.4054 (+8.6%)
    KAS: entry $0.0321 → $0.0338 (+5.4%)
    FARTCOIN: entry $0.2095 → $0.2129 (+1.6%)

[02:32:18] Scan #395
  633 USD pairs found
  633 tickers fetched
  At max positions (3/3)
  Positions (3/3):
    ICNT: entry $0.3734 → $0.4054 (+8.6%)
    KAS: entry $0.0321 → $0.0340 (+6.0%)
    FARTCOIN: entry $0.2095 → $0.2090 (-0.2%)

[02:37:27] Scan #396
  633 USD pairs found
  633 tickers fetched
  At max positions (3/3)
  Positions (3/3):
    ICNT: entry $0.3734 → $0.4054 (+8.6%)
    KAS: entry $0.0321 → $0.0347 (+8.0%)
    FARTCOIN: entry $0.2095 → $0.2094 (-0.0%)

[02:42:37] Scan #397
  633 USD pairs found
  633 tickers fetched
  At max positions (3/3)
  Positions (3/3):
    ICNT: entry $0.3734 → $0.4054 (+8.6%)
    KAS: entry $0.0321 → $0.0347 (+8.1%)
    FARTCOIN: entry $0.2095 → $0.2090 (-0.2%)

[02:47:46] Scan #398
  633 USD pairs found
  633 tickers fetched
  At max positions (3/3)
  Positions (3/3):
    ICNT: entry $0.3734 → $0.4099 (+9.8%)
    KAS: entry $0.0321 → $0.0347 (+8.1%)
    FARTCOIN: entry $0.2095 → $0.2085 (-0.5%)

[02:52:56] Scan #399
  633 USD pairs found
  633 tickers fetched
  At max positions (3/3)
  Positions (3/3):
    ICNT: entry $0.3734 → $0.4099 (+9.8%)
    KAS: entry $0.0321 → $0.0347 (+8.0%)
    FARTCOIN: entry $0.2095 → $0.2084 (-0.5%)

[02:58:05] Scan #400
  633 USD pairs found
  633 tickers fetched
  At max positions (3/3)
  Positions (3/3):
    ICNT: entry $0.3734 → $0.4099 (+9.8%)
    KAS: entry $0.0321 → $0.0346 (+7.7%)
    FARTCOIN: entry $0.2095 → $0.2097 (+0.1%)

[03:03:14] Scan #401
  633 USD pairs found
  633 tickers fetched
  At max positions (3/3)
  Positions (3/3):
    ICNT: entry $0.3734 → $0.4099 (+9.8%)
    KAS: entry $0.0321 → $0.0350 (+8.9%)
    FARTCOIN: entry $0.2095 → $0.2099 (+0.2%)

[03:08:23] Scan #402
  633 USD pairs found
  633 tickers fetched
  At max positions (3/3)
  Positions (3/3):
    ICNT: entry $0.3734 → $0.4099 (+9.8%)
    KAS: entry $0.0321 → $0.0351 (+9.2%)
    FARTCOIN: entry $0.2095 → $0.2116 (+1.0%)

[03:13:32] Scan #403
  633 USD pairs found
  633 tickers fetched
  At max positions (3/3)
  Positions (3/3):
    ICNT: entry $0.3734 → $0.4117 (+10.3%)
    KAS: entry $0.0321 → $0.0350 (+9.0%)
    FARTCOIN: entry $0.2095 → $0.2109 (+0.7%)

[03:18:41] Scan #404
  633 USD pairs found
  633 tickers fetched
  At max positions (3/3)
  Positions (3/3):
    ICNT: entry $0.3734 → $0.4112 (+10.1%)
    KAS: entry $0.0321 → $0.0350 (+8.9%)
    FARTCOIN: entry $0.2095 → $0.2103 (+0.4%)

[03:23:50] Scan #405
  633 USD pairs found
  633 tickers fetched
  At max positions (3/3)
  Positions (3/3):
    ICNT: entry $0.3734 → $0.4121 (+10.4%)
    KAS: entry $0.0321 → $0.0347 (+8.1%)
    FARTCOIN: entry $0.2095 → $0.2125 (+1.4%)

[03:29:00] Scan #406
  633 USD pairs found
  633 tickers fetched
  At max positions (3/3)
  Positions (3/3):
    ICNT: entry $0.3734 → $0.4144 (+11.0%)
    KAS: entry $0.0321 → $0.0345 (+7.6%)
    FARTCOIN: entry $0.2095 → $0.2150 (+2.6%)

[03:34:10] Scan #407
  633 USD pairs found
  633 tickers fetched
  At max positions (3/3)
  Positions (3/3):
    ICNT: entry $0.3734 → $0.4166 (+11.6%)
    KAS: entry $0.0321 → $0.0346 (+7.9%)
    FARTCOIN: entry $0.2095 → $0.2102 (+0.3%)

[03:39:19] Scan #408
  633 USD pairs found
  633 tickers fetched
  At max positions (3/3)
  Positions (3/3):
    ICNT: entry $0.3734 → $0.4186 (+12.1%)
    KAS: entry $0.0321 → $0.0351 (+9.2%)
    FARTCOIN: entry $0.2095 → $0.2100 (+0.2%)

[03:44:28] Scan #409
  633 USD pairs found
  633 tickers fetched
  At max positions (3/3)
  Positions (3/3):
    ICNT: entry $0.3734 → $0.4137 (+10.8%)
    KAS: entry $0.0321 → $0.0350 (+8.8%)
    FARTCOIN: entry $0.2095 → $0.2066 (-1.4%)

[03:49:38] Scan #410
  633 USD pairs found
  633 tickers fetched
  At max positions (3/3)
  Positions (3/3):
    ICNT: entry $0.3734 → $0.4184 (+12.1%)
    KAS: entry $0.0321 → $0.0348 (+8.3%)
    FARTCOIN: entry $0.2095 → $0.2034 (-2.9%)

[03:54:47] Scan #411
  633 USD pairs found
  633 tickers fetched
  At max positions (3/3)
  Positions (3/3):
    ICNT: entry $0.3734 → $0.4122 (+10.4%)
    KAS: entry $0.0321 → $0.0350 (+8.8%)
    FARTCOIN: entry $0.2095 → $0.2050 (-2.1%)

[03:59:56] Scan #412
  633 USD pairs found
  633 tickers fetched
  At max positions (3/3)
  Positions (3/3):
    ICNT: entry $0.3734 → $0.4166 (+11.6%)
    KAS: entry $0.0321 → $0.0350 (+9.1%)
    FARTCOIN: entry $0.2095 → $0.2062 (-1.6%)

[04:05:05] Scan #413
  633 USD pairs found
  633 tickers fetched
  At max positions (3/3)
  Positions (3/3):
    ICNT: entry $0.3734 → $0.4176 (+11.8%)
    KAS: entry $0.0321 → $0.0348 (+8.5%)
    FARTCOIN: entry $0.2095 → $0.2045 (-2.4%)

[04:10:14] Scan #414
  633 USD pairs found
  633 tickers fetched
  At max positions (3/3)
  Positions (3/3):
    ICNT: entry $0.3734 → $0.4186 (+12.1%)
    KAS: entry $0.0321 → $0.0350 (+9.1%)
    FARTCOIN: entry $0.2095 → $0.2046 (-2.3%)

[04:15:23] Scan #415
  633 USD pairs found
  633 tickers fetched
  At max positions (3/3)
  Positions (3/3):
    ICNT: entry $0.3734 → $0.4203 (+12.6%)
    KAS: entry $0.0321 → $0.0354 (+10.2%)
    FARTCOIN: entry $0.2095 → $0.2035 (-2.9%)

[04:20:32] Scan #416
  633 USD pairs found
  633 tickers fetched
  At max positions (3/3)
  Positions (3/3):
    ICNT: entry $0.3734 → $0.4206 (+12.6%)
    KAS: entry $0.0321 → $0.0353 (+9.8%)
    FARTCOIN: entry $0.2095 → $0.2023 (-3.4%)

[04:25:41] Scan #417
  633 USD pairs found
  633 tickers fetched
  At max positions (3/3)
  Positions (3/3):
    ICNT: entry $0.3734 → $0.4183 (+12.0%)
    KAS: entry $0.0321 → $0.0351 (+9.3%)
    FARTCOIN: entry $0.2095 → $0.2012 (-4.0%)

[04:30:51] Scan #418
  633 USD pairs found
  633 tickers fetched
  At max positions (3/3)
  Positions (3/3):
    ICNT: entry $0.3734 → $0.4194 (+12.3%)
    KAS: entry $0.0321 → $0.0352 (+9.7%)
    FARTCOIN: entry $0.2095 → $0.2018 (-3.7%)

[04:36:01] Scan #419
  633 USD pairs found
  633 tickers fetched
  At max positions (3/3)
  Positions (3/3):
    ICNT: entry $0.3734 → $0.4178 (+11.9%)
    KAS: entry $0.0321 → $0.0350 (+9.0%)
    FARTCOIN: entry $0.2095 → $0.1991 (-5.0%)

[04:41:10] Scan #420
  633 USD pairs found
  633 tickers fetched
  At max positions (3/3)
  Positions (3/3):
    ICNT: entry $0.3734 → $0.4169 (+11.6%)
    KAS: entry $0.0321 → $0.0349 (+8.7%)
    FARTCOIN: entry $0.2095 → $0.1979 (-5.5%)

[04:46:23] Scan #421
  633 USD pairs found
  633 tickers fetched
  At max positions (3/3)
  Positions (3/3):
    ICNT: entry $0.3734 → $0.4190 (+12.2%)
    KAS: entry $0.0321 → $0.0350 (+8.8%)
    FARTCOIN: entry $0.2095 → $0.1993 (-4.9%)

[04:51:33] Scan #422
  633 USD pairs found
  633 tickers fetched
  At max positions (3/3)
  Positions (3/3):
    ICNT: entry $0.3734 → $0.4191 (+12.2%)
    KAS: entry $0.0321 → $0.0349 (+8.7%)
    FARTCOIN: entry $0.2095 → $0.2016 (-3.8%)

[04:56:42] Scan #423
  633 USD pairs found
  633 tickers fetched
  At max positions (3/3)
  Positions (3/3):
    ICNT: entry $0.3734 → $0.4226 (+13.2%)
    KAS: entry $0.0321 → $0.0350 (+9.0%)
    FARTCOIN: entry $0.2095 → $0.2029 (-3.2%)

[05:01:51] Scan #424
  633 USD pairs found
  633 tickers fetched
  At max positions (3/3)
  Positions (3/3):
    ICNT: entry $0.3734 → $0.4224 (+13.1%)
    KAS: entry $0.0321 → $0.0348 (+8.5%)
    FARTCOIN: entry $0.2095 → $0.2030 (-3.1%)

[05:07:01] Scan #425
  633 USD pairs found
  633 tickers fetched
  At max positions (3/3)
  Positions (3/3):
    ICNT: entry $0.3734 → $0.4242 (+13.6%)
    KAS: entry $0.0321 → $0.0350 (+9.0%)
    FARTCOIN: entry $0.2095 → $0.2029 (-3.2%)

[05:12:10] Scan #426
  633 USD pairs found
  633 tickers fetched
  At max positions (3/3)
  Positions (3/3):
    ICNT: entry $0.3734 → $0.4217 (+12.9%)
    KAS: entry $0.0321 → $0.0352 (+9.7%)
    FARTCOIN: entry $0.2095 → $0.2030 (-3.1%)

[05:17:19] Scan #427
  633 USD pairs found
  633 tickers fetched
  At max positions (3/3)
  Positions (3/3):
    ICNT: entry $0.3734 → $0.4209 (+12.7%)
    KAS: entry $0.0321 → $0.0351 (+9.4%)
    FARTCOIN: entry $0.2095 → $0.2044 (-2.4%)

[05:22:28] Scan #428
  633 USD pairs found
  633 tickers fetched
  At max positions (3/3)
  Positions (3/3):
    ICNT: entry $0.3734 → $0.4221 (+13.0%)
    KAS: entry $0.0321 → $0.0351 (+9.2%)
    FARTCOIN: entry $0.2095 → $0.2041 (-2.6%)

[05:27:37] Scan #429
  633 USD pairs found
  633 tickers fetched
  At max positions (3/3)
  Positions (3/3):
    ICNT: entry $0.3734 → $0.4213 (+12.8%)
    KAS: entry $0.0321 → $0.0351 (+9.4%)
    FARTCOIN: entry $0.2095 → $0.2041 (-2.6%)

[05:32:46] Scan #430
  633 USD pairs found
  633 tickers fetched
  At max positions (3/3)
  Positions (3/3):
    ICNT: entry $0.3734 → $0.4228 (+13.2%)
    KAS: entry $0.0321 → $0.0351 (+9.3%)
    FARTCOIN: entry $0.2095 → $0.2031 (-3.1%)

[05:37:55] Scan #431
  633 USD pairs found
  633 tickers fetched
  At max positions (3/3)
  Positions (3/3):
    ICNT: entry $0.3734 → $0.4232 (+13.3%)
    KAS: entry $0.0321 → $0.0348 (+8.3%)
    FARTCOIN: entry $0.2095 → $0.2018 (-3.7%)

[05:43:04] Scan #432
  633 USD pairs found
  633 tickers fetched
  At max positions (3/3)
  Positions (3/3):
    ICNT: entry $0.3734 → $0.4232 (+13.3%)
    KAS: entry $0.0321 → $0.0346 (+7.8%)
    FARTCOIN: entry $0.2095 → $0.2008 (-4.2%)

[05:48:13] Scan #433
  633 USD pairs found
  633 tickers fetched
  At max positions (3/3)
  Positions (3/3):
    ICNT: entry $0.3734 → $0.4251 (+13.8%)
    KAS: entry $0.0321 → $0.0344 (+7.0%)
    FARTCOIN: entry $0.2095 → $0.1999 (-4.6%)

[05:53:23] Scan #434
  633 USD pairs found
  633 tickers fetched
  At max positions (3/3)
  Positions (3/3):
    ICNT: entry $0.3734 → $0.4248 (+13.8%)
    KAS: entry $0.0321 → $0.0348 (+8.4%)
    FARTCOIN: entry $0.2095 → $0.2034 (-2.9%)

[05:58:32] Scan #435
  633 USD pairs found
  633 tickers fetched
  At max positions (3/3)
  Positions (3/3):
    ICNT: entry $0.3734 → $0.4243 (+13.6%)
    KAS: entry $0.0321 → $0.0350 (+8.9%)
    FARTCOIN: entry $0.2095 → $0.2016 (-3.8%)

[06:03:41] Scan #436
  633 USD pairs found
  633 tickers fetched
  At max positions (3/3)
  Positions (3/3):
    ICNT: entry $0.3734 → $0.4268 (+14.3%)
    KAS: entry $0.0321 → $0.0349 (+8.6%)
    FARTCOIN: entry $0.2095 → $0.2011 (-4.0%)

[06:08:50] Scan #437
  633 USD pairs found
  633 tickers fetched
  At max positions (3/3)
  Positions (3/3):
    ICNT: entry $0.3734 → $0.4250 (+13.8%)
    KAS: entry $0.0321 → $0.0348 (+8.5%)
    FARTCOIN: entry $0.2095 → $0.1998 (-4.6%)

[06:13:59] Scan #438
  633 USD pairs found
  633 tickers fetched
  At max positions (3/3)
  Positions (3/3):
    ICNT: entry $0.3734 → $0.4250 (+13.8%)
    KAS: entry $0.0321 → $0.0351 (+9.3%)
    FARTCOIN: entry $0.2095 → $0.2025 (-3.3%)

[06:19:08] Scan #439
  633 USD pairs found
  633 tickers fetched
  At max positions (3/3)
  Positions (3/3):
    ICNT: entry $0.3734 → $0.4251 (+13.8%)
    KAS: entry $0.0321 → $0.0353 (+9.8%)
    FARTCOIN: entry $0.2095 → $0.2009 (-4.1%)

[06:24:17] Scan #440
  633 USD pairs found
  633 tickers fetched
  At max positions (3/3)
  Positions (3/3):
    ICNT: entry $0.3734 → $0.4223 (+13.1%)
    KAS: entry $0.0321 → $0.0352 (+9.6%)
    FARTCOIN: entry $0.2095 → $0.2029 (-3.2%)

[06:29:26] Scan #441
  633 USD pairs found
  633 tickers fetched
  At max positions (3/3)
  Positions (3/3):
    ICNT: entry $0.3734 → $0.4240 (+13.6%)
    KAS: entry $0.0321 → $0.0353 (+9.9%)
    FARTCOIN: entry $0.2095 → $0.2025 (-3.3%)

[06:34:35] Scan #442
  633 USD pairs found
  633 tickers fetched
  At max positions (3/3)
  Positions (3/3):
    ICNT: entry $0.3734 → $0.4184 (+12.1%)
    KAS: entry $0.0321 → $0.0352 (+9.7%)
    FARTCOIN: entry $0.2095 → $0.2025 (-3.3%)

[06:39:44] Scan #443
  633 USD pairs found
  633 tickers fetched
  At max positions (3/3)
  Positions (3/3):
    ICNT: entry $0.3734 → $0.4186 (+12.1%)
    KAS: entry $0.0321 → $0.0355 (+10.5%)
    FARTCOIN: entry $0.2095 → $0.2029 (-3.2%)

[06:44:53] Scan #444
  633 USD pairs found
  633 tickers fetched
  At max positions (3/3)
  Positions (3/3):
    ICNT: entry $0.3734 → $0.4181 (+12.0%)
    KAS: entry $0.0321 → $0.0355 (+10.6%)
    FARTCOIN: entry $0.2095 → $0.2015 (-3.8%)

[06:50:03] Scan #445
  633 USD pairs found
  633 tickers fetched
  At max positions (3/3)
  Positions (3/3):
    ICNT: entry $0.3734 → $0.4222 (+13.1%)
    KAS: entry $0.0321 → $0.0355 (+10.7%)
    FARTCOIN: entry $0.2095 → $0.2022 (-3.5%)

[06:55:12] Scan #446
  633 USD pairs found
  633 tickers fetched
  At max positions (3/3)
  Positions (3/3):
    ICNT: entry $0.3734 → $0.4208 (+12.7%)
    KAS: entry $0.0321 → $0.0354 (+10.1%)
    FARTCOIN: entry $0.2095 → $0.2017 (-3.7%)

[07:00:21] Scan #447
  633 USD pairs found
  633 tickers fetched
  At max positions (3/3)
  Positions (3/3):
    ICNT: entry $0.3734 → $0.4208 (+12.7%)
    KAS: entry $0.0321 → $0.0354 (+10.2%)
    FARTCOIN: entry $0.2095 → $0.2023 (-3.4%)

[07:05:30] Scan #448
  633 USD pairs found
  633 tickers fetched
  At max positions (3/3)
  Positions (3/3):
    ICNT: entry $0.3734 → $0.4217 (+12.9%)
    KAS: entry $0.0321 → $0.0355 (+10.6%)
    FARTCOIN: entry $0.2095 → $0.2024 (-3.4%)

[07:10:39] Scan #449
  633 USD pairs found
  633 tickers fetched
  At max positions (3/3)
  Positions (3/3):
    ICNT: entry $0.3734 → $0.4217 (+12.9%)
    KAS: entry $0.0321 → $0.0356 (+10.7%)
    FARTCOIN: entry $0.2095 → $0.2038 (-2.7%)

[07:15:48] Scan #450
  633 USD pairs found
  633 tickers fetched
  At max positions (3/3)
  Positions (3/3):
    ICNT: entry $0.3734 → $0.4217 (+12.9%)
    KAS: entry $0.0321 → $0.0356 (+10.8%)
    FARTCOIN: entry $0.2095 → $0.2050 (-2.1%)

[07:20:57] Scan #451
  633 USD pairs found
  633 tickers fetched
  At max positions (3/3)
  Positions (3/3):
    ICNT: entry $0.3734 → $0.4251 (+13.8%)
    KAS: entry $0.0321 → $0.0361 (+12.4%)
    FARTCOIN: entry $0.2095 → $0.2055 (-1.9%)

[07:26:06] Scan #452
  633 USD pairs found
  633 tickers fetched
  At max positions (3/3)
  Positions (3/3):
    ICNT: entry $0.3734 → $0.4256 (+14.0%)
    KAS: entry $0.0321 → $0.0359 (+11.9%)
    FARTCOIN: entry $0.2095 → $0.2051 (-2.1%)

[07:31:15] Scan #453
  633 USD pairs found
  633 tickers fetched
  At max positions (3/3)
  Positions (3/3):
    ICNT: entry $0.3734 → $0.4252 (+13.9%)
    KAS: entry $0.0321 → $0.0360 (+12.1%)
    FARTCOIN: entry $0.2095 → $0.2073 (-1.1%)

[07:36:24] Scan #454
  633 USD pairs found
  633 tickers fetched
  At max positions (3/3)
  Positions (3/3):
    ICNT: entry $0.3734 → $0.4252 (+13.9%)
    KAS: entry $0.0321 → $0.0360 (+12.0%)
    FARTCOIN: entry $0.2095 → $0.2070 (-1.2%)

[07:41:33] Scan #455
  633 USD pairs found
  633 tickers fetched
  At max positions (3/3)
  Positions (3/3):
    ICNT: entry $0.3734 → $0.4252 (+13.9%)
    KAS: entry $0.0321 → $0.0358 (+11.6%)
    FARTCOIN: entry $0.2095 → $0.2078 (-0.8%)

[07:46:41] Scan #456
  633 USD pairs found
  633 tickers fetched
  At max positions (3/3)
  Positions (3/3):
    ICNT: entry $0.3734 → $0.4229 (+13.3%)
    KAS: entry $0.0321 → $0.0357 (+11.2%)
    FARTCOIN: entry $0.2095 → $0.2090 (-0.2%)

[07:51:51] Scan #457
  633 USD pairs found
  633 tickers fetched
  At max positions (3/3)
  Positions (3/3):
    ICNT: entry $0.3734 → $0.4229 (+13.3%)
    KAS: entry $0.0321 → $0.0356 (+11.0%)
    FARTCOIN: entry $0.2095 → $0.2084 (-0.5%)

[07:57:00] Scan #458
  633 USD pairs found
  633 tickers fetched
  At max positions (3/3)
  Positions (3/3):
    ICNT: entry $0.3734 → $0.4229 (+13.3%)
    KAS: entry $0.0321 → $0.0356 (+10.9%)
    FARTCOIN: entry $0.2095 → $0.2104 (+0.4%)

[08:02:09] Scan #459
  633 USD pairs found
  633 tickers fetched
  At max positions (3/3)
  Positions (3/3):
    ICNT: entry $0.3734 → $0.4229 (+13.3%)
    KAS: entry $0.0321 → $0.0360 (+12.3%)
    FARTCOIN: entry $0.2095 → $0.2125 (+1.4%)

[08:07:18] Scan #460
  633 USD pairs found
  633 tickers fetched
  At max positions (3/3)
  Positions (3/3):
    ICNT: entry $0.3734 → $0.4199 (+12.5%)
    KAS: entry $0.0321 → $0.0361 (+12.4%)
    FARTCOIN: entry $0.2095 → $0.2101 (+0.3%)

[08:12:27] Scan #461
  633 USD pairs found
  633 tickers fetched
  At max positions (3/3)
  Positions (3/3):
    ICNT: entry $0.3734 → $0.4199 (+12.5%)
    KAS: entry $0.0321 → $0.0360 (+12.1%)
    FARTCOIN: entry $0.2095 → $0.2081 (-0.7%)

[08:17:36] Scan #462
  633 USD pairs found
  633 tickers fetched
  At max positions (3/3)
  Positions (3/3):
    ICNT: entry $0.3734 → $0.4160 (+11.4%)
    KAS: entry $0.0321 → $0.0359 (+11.8%)
    FARTCOIN: entry $0.2095 → $0.2090 (-0.2%)

[08:22:45] Scan #463
  633 USD pairs found
  633 tickers fetched
  At max positions (3/3)
  Positions (3/3):
    ICNT: entry $0.3734 → $0.4132 (+10.7%)
    KAS: entry $0.0321 → $0.0360 (+12.3%)
    FARTCOIN: entry $0.2095 → $0.2103 (+0.4%)

[08:27:54] Scan #464
  633 USD pairs found
  633 tickers fetched
  At max positions (3/3)
  Positions (3/3):
    ICNT: entry $0.3734 → $0.4132 (+10.7%)
    KAS: entry $0.0321 → $0.0360 (+12.0%)
    FARTCOIN: entry $0.2095 → $0.2090 (-0.2%)

[08:33:03] Scan #465
  633 USD pairs found
  633 tickers fetched
  At max positions (3/3)
  Positions (3/3):
    ICNT: entry $0.3734 → $0.4103 (+9.9%)
    KAS: entry $0.0321 → $0.0360 (+12.0%)
    FARTCOIN: entry $0.2095 → $0.2078 (-0.8%)

[08:38:12] Scan #466
  633 USD pairs found
  633 tickers fetched
  At max positions (3/3)
  Positions (3/3):
    ICNT: entry $0.3734 → $0.4126 (+10.5%)
    KAS: entry $0.0321 → $0.0361 (+12.3%)
    FARTCOIN: entry $0.2095 → $0.2079 (-0.8%)

[08:43:21] Scan #467
  633 USD pairs found
  633 tickers fetched
  At max positions (3/3)
  Positions (3/3):
    ICNT: entry $0.3734 → $0.4126 (+10.5%)
    KAS: entry $0.0321 → $0.0361 (+12.3%)
    FARTCOIN: entry $0.2095 → $0.2072 (-1.1%)

[08:48:30] Scan #468
  633 USD pairs found
  633 tickers fetched
  At max positions (3/3)
  Positions (3/3):
    ICNT: entry $0.3734 → $0.4125 (+10.5%)
    KAS: entry $0.0321 → $0.0361 (+12.4%)
    FARTCOIN: entry $0.2095 → $0.2078 (-0.8%)

[08:53:39] Scan #469
  633 USD pairs found
  633 tickers fetched
  At max positions (3/3)
  Positions (3/3):
    ICNT: entry $0.3734 → $0.4125 (+10.5%)
    KAS: entry $0.0321 → $0.0359 (+11.7%)
    FARTCOIN: entry $0.2095 → $0.2069 (-1.2%)

[08:58:48] Scan #470
  633 USD pairs found
  633 tickers fetched
  At max positions (3/3)
  Positions (3/3):
    ICNT: entry $0.3734 → $0.4125 (+10.5%)
    KAS: entry $0.0321 → $0.0359 (+11.7%)
    FARTCOIN: entry $0.2095 → $0.2061 (-1.6%)

[09:03:57] Scan #471
  633 USD pairs found
  633 tickers fetched
  At max positions (3/3)
  Positions (3/3):
    ICNT: entry $0.3734 → $0.4142 (+10.9%)
    KAS: entry $0.0321 → $0.0359 (+11.8%)
    FARTCOIN: entry $0.2095 → $0.2053 (-2.0%)

[09:09:06] Scan #472
  633 USD pairs found
  633 tickers fetched
  At max positions (3/3)
  Positions (3/3):
    ICNT: entry $0.3734 → $0.4124 (+10.4%)
    KAS: entry $0.0321 → $0.0358 (+11.5%)
    FARTCOIN: entry $0.2095 → $0.2031 (-3.1%)

[09:14:15] Scan #473
  633 USD pairs found
  633 tickers fetched
  At max positions (3/3)
  Positions (3/3):
    ICNT: entry $0.3734 → $0.4153 (+11.2%)
    KAS: entry $0.0321 → $0.0359 (+11.7%)
    FARTCOIN: entry $0.2095 → $0.2028 (-3.2%)

[09:19:24] Scan #474
  633 USD pairs found
  633 tickers fetched
  At max positions (3/3)
  Positions (3/3):
    ICNT: entry $0.3734 → $0.4153 (+11.2%)
    KAS: entry $0.0321 → $0.0357 (+11.1%)
    FARTCOIN: entry $0.2095 → $0.2019 (-3.6%)

[09:24:33] Scan #475
  633 USD pairs found
  633 tickers fetched
  At max positions (3/3)
  Positions (3/3):
    ICNT: entry $0.3734 → $0.4153 (+11.2%)
    KAS: entry $0.0321 → $0.0359 (+11.7%)
    FARTCOIN: entry $0.2095 → $0.2038 (-2.7%)

[09:29:43] Scan #476
  633 USD pairs found
  633 tickers fetched
  At max positions (3/3)
  Positions (3/3):
    ICNT: entry $0.3734 → $0.4153 (+11.2%)
    KAS: entry $0.0321 → $0.0359 (+11.9%)
    FARTCOIN: entry $0.2095 → $0.2035 (-2.9%)

[09:34:52] Scan #477
  633 USD pairs found
  633 tickers fetched
  At max positions (3/3)
  Positions (3/3):
    ICNT: entry $0.3734 → $0.4153 (+11.2%)
    KAS: entry $0.0321 → $0.0358 (+11.5%)
    FARTCOIN: entry $0.2095 → $0.2042 (-2.5%)

[09:40:01] Scan #478
  633 USD pairs found
  633 tickers fetched
  At max positions (3/3)
  Positions (3/3):
    ICNT: entry $0.3734 → $0.4222 (+13.1%)
    KAS: entry $0.0321 → $0.0358 (+11.5%)
    FARTCOIN: entry $0.2095 → $0.2044 (-2.4%)

[09:45:10] Scan #479
  633 USD pairs found
  633 tickers fetched
  At max positions (3/3)
  Positions (3/3):
    ICNT: entry $0.3734 → $0.4222 (+13.1%)
    KAS: entry $0.0321 → $0.0359 (+11.8%)
    FARTCOIN: entry $0.2095 → $0.2051 (-2.1%)

[09:50:19] Scan #480
  633 USD pairs found
  633 tickers fetched
  At max positions (3/3)
  Positions (3/3):
    ICNT: entry $0.3734 → $0.4238 (+13.5%)
    KAS: entry $0.0321 → $0.0360 (+12.3%)
    FARTCOIN: entry $0.2095 → $0.2052 (-2.1%)

[09:55:29] Scan #481
  633 USD pairs found
  633 tickers fetched
  At max positions (3/3)
  Positions (3/3):
    ICNT: entry $0.3734 → $0.4240 (+13.6%)
    KAS: entry $0.0321 → $0.0359 (+11.8%)
    FARTCOIN: entry $0.2095 → $0.2054 (-2.0%)

[10:00:38] Scan #482
  633 USD pairs found
  633 tickers fetched
  At max positions (3/3)
  Positions (3/3):
    ICNT: entry $0.3734 → $0.4246 (+13.7%)
    KAS: entry $0.0321 → $0.0357 (+11.1%)
    FARTCOIN: entry $0.2095 → $0.2043 (-2.5%)

[10:05:47] Scan #483
  633 USD pairs found
  633 tickers fetched
  At max positions (3/3)
  Positions (3/3):
    ICNT: entry $0.3734 → $0.4246 (+13.7%)
    KAS: entry $0.0321 → $0.0357 (+11.2%)
    FARTCOIN: entry $0.2095 → $0.2030 (-3.1%)

[10:10:56] Scan #484
  633 USD pairs found
  633 tickers fetched
  At max positions (3/3)
  Positions (3/3):
    ICNT: entry $0.3734 → $0.4253 (+13.9%)
    KAS: entry $0.0321 → $0.0358 (+11.5%)
    FARTCOIN: entry $0.2095 → $0.2019 (-3.6%)

[10:16:05] Scan #485
  633 USD pairs found
  633 tickers fetched
  At max positions (3/3)
  Positions (3/3):
    ICNT: entry $0.3734 → $0.4241 (+13.6%)
    KAS: entry $0.0321 → $0.0360 (+12.1%)
    FARTCOIN: entry $0.2095 → $0.2027 (-3.2%)

[10:21:14] Scan #486
  633 USD pairs found
  633 tickers fetched
  At max positions (3/3)
  Positions (3/3):
    ICNT: entry $0.3734 → $0.4250 (+13.8%)
    KAS: entry $0.0321 → $0.0359 (+11.7%)
    FARTCOIN: entry $0.2095 → $0.2025 (-3.3%)

[10:26:23] Scan #487
  633 USD pairs found
  633 tickers fetched
  At max positions (3/3)
  Positions (3/3):
    ICNT: entry $0.3734 → $0.4250 (+13.8%)
    KAS: entry $0.0321 → $0.0358 (+11.4%)
    FARTCOIN: entry $0.2095 → $0.2031 (-3.1%)

[10:31:32] Scan #488
  633 USD pairs found
  633 tickers fetched
  At max positions (3/3)
  Positions (3/3):
    ICNT: entry $0.3734 → $0.4250 (+13.8%)
    KAS: entry $0.0321 → $0.0358 (+11.5%)
    FARTCOIN: entry $0.2095 → $0.2028 (-3.2%)

[10:36:41] Scan #489
  633 USD pairs found
  633 tickers fetched
  At max positions (3/3)
  Positions (3/3):
    ICNT: entry $0.3734 → $0.4265 (+14.2%)
    KAS: entry $0.0321 → $0.0358 (+11.5%)
    FARTCOIN: entry $0.2095 → $0.2023 (-3.4%)

[10:41:50] Scan #490
  633 USD pairs found
  633 tickers fetched
  At max positions (3/3)
  Positions (3/3):
    ICNT: entry $0.3734 → $0.4265 (+14.2%)
    KAS: entry $0.0321 → $0.0355 (+10.7%)
    FARTCOIN: entry $0.2095 → $0.2018 (-3.7%)

[10:47:00] Scan #491
  633 USD pairs found
  633 tickers fetched
  At max positions (3/3)
  Positions (3/3):
    ICNT: entry $0.3734 → $0.4265 (+14.2%)
    KAS: entry $0.0321 → $0.0355 (+10.7%)
    FARTCOIN: entry $0.2095 → $0.2025 (-3.3%)

[10:52:09] Scan #492
  633 USD pairs found
  633 tickers fetched
  At max positions (3/3)
  Positions (3/3):
    ICNT: entry $0.3734 → $0.4265 (+14.2%)
    KAS: entry $0.0321 → $0.0355 (+10.5%)
    FARTCOIN: entry $0.2095 → $0.2018 (-3.7%)

[10:57:18] Scan #493
  633 USD pairs found
  633 tickers fetched
  At max positions (3/3)
  Positions (3/3):
    ICNT: entry $0.3734 → $0.4288 (+14.8%)
    KAS: entry $0.0321 → $0.0356 (+10.8%)
    FARTCOIN: entry $0.2095 → $0.2025 (-3.3%)

[11:02:27] Scan #494
  633 USD pairs found
  633 tickers fetched
  At max positions (3/3)
  Positions (3/3):
    ICNT: entry $0.3734 → $0.4278 (+14.6%)
    KAS: entry $0.0321 → $0.0355 (+10.6%)
    FARTCOIN: entry $0.2095 → $0.2025 (-3.3%)

[11:07:36] Scan #495
  633 USD pairs found
  633 tickers fetched
  At max positions (3/3)
  Positions (3/3):
    ICNT: entry $0.3734 → $0.4293 (+15.0%)
    KAS: entry $0.0321 → $0.0355 (+10.6%)
    FARTCOIN: entry $0.2095 → $0.2025 (-3.3%)

[11:12:46] Scan #496
  633 USD pairs found
  633 tickers fetched
  At max positions (3/3)
  Positions (3/3):
    ICNT: entry $0.3734 → $0.4293 (+15.0%)
    KAS: entry $0.0321 → $0.0354 (+10.3%)
    FARTCOIN: entry $0.2095 → $0.2026 (-3.3%)

[11:17:55] Scan #497
  633 USD pairs found
  633 tickers fetched
  At max positions (3/3)
  Positions (3/3):
    ICNT: entry $0.3734 → $0.4293 (+15.0%)
    KAS: entry $0.0321 → $0.0355 (+10.6%)
    FARTCOIN: entry $0.2095 → $0.2021 (-3.5%)

[11:23:04] Scan #498
  633 USD pairs found
  633 tickers fetched
  At max positions (3/3)
  Positions (3/3):
    ICNT: entry $0.3734 → $0.4293 (+15.0%)
    KAS: entry $0.0321 → $0.0356 (+10.8%)
    FARTCOIN: entry $0.2095 → $0.2038 (-2.7%)

[11:28:13] Scan #499
  633 USD pairs found
  633 tickers fetched
  At max positions (3/3)
  Positions (3/3):
    ICNT: entry $0.3734 → $0.4154 (+11.2%)
    KAS: entry $0.0321 → $0.0356 (+10.9%)
    FARTCOIN: entry $0.2095 → $0.2038 (-2.7%)

[11:33:22] Scan #500
  633 USD pairs found
  633 tickers fetched
  At max positions (3/3)
  Positions (3/3):
    ICNT: entry $0.3734 → $0.4182 (+12.0%)
    KAS: entry $0.0321 → $0.0356 (+10.8%)
    FARTCOIN: entry $0.2095 → $0.2040 (-2.6%)

[11:38:31] Scan #501
  633 USD pairs found
  633 tickers fetched
  At max positions (3/3)
  Positions (3/3):
    ICNT: entry $0.3734 → $0.4183 (+12.0%)
    KAS: entry $0.0321 → $0.0356 (+10.9%)
    FARTCOIN: entry $0.2095 → $0.2031 (-3.1%)

[11:43:41] Scan #502
  633 USD pairs found
  633 tickers fetched
  At max positions (3/3)
  Positions (3/3):
    ICNT: entry $0.3734 → $0.4177 (+11.9%)
    KAS: entry $0.0321 → $0.0356 (+10.9%)
    FARTCOIN: entry $0.2095 → $0.2025 (-3.3%)

[11:48:50] Scan #503
  633 USD pairs found
  633 tickers fetched
  At max positions (3/3)
  Positions (3/3):
    ICNT: entry $0.3734 → $0.4177 (+11.9%)
    KAS: entry $0.0321 → $0.0355 (+10.4%)
    FARTCOIN: entry $0.2095 → $0.2028 (-3.2%)

[11:53:58] Scan #504
  633 USD pairs found
  633 tickers fetched
  At max positions (3/3)
  Positions (3/3):
    ICNT: entry $0.3734 → $0.4177 (+11.9%)
    KAS: entry $0.0321 → $0.0355 (+10.7%)
    FARTCOIN: entry $0.2095 → $0.2037 (-2.8%)

[11:59:08] Scan #505
  633 USD pairs found
  633 tickers fetched
  At max positions (3/3)
  Positions (3/3):
    ICNT: entry $0.3734 → $0.4218 (+13.0%)
    KAS: entry $0.0321 → $0.0355 (+10.6%)
    FARTCOIN: entry $0.2095 → $0.2023 (-3.4%)

[12:04:17] Scan #506
  633 USD pairs found
  633 tickers fetched
  At max positions (3/3)
  Positions (3/3):
    ICNT: entry $0.3734 → $0.4197 (+12.4%)
    KAS: entry $0.0321 → $0.0356 (+10.9%)
    FARTCOIN: entry $0.2095 → $0.2026 (-3.3%)

[12:09:26] Scan #507
  633 USD pairs found
  633 tickers fetched
  At max positions (3/3)
  Positions (3/3):
    ICNT: entry $0.3734 → $0.4203 (+12.6%)
    KAS: entry $0.0321 → $0.0359 (+11.8%)
    FARTCOIN: entry $0.2095 → $0.2026 (-3.3%)

[12:14:35] Scan #508
  633 USD pairs found
  633 tickers fetched
  At max positions (3/3)
  Positions (3/3):
    ICNT: entry $0.3734 → $0.4203 (+12.6%)
    KAS: entry $0.0321 → $0.0357 (+11.3%)
    FARTCOIN: entry $0.2095 → $0.2021 (-3.5%)

[12:19:44] Scan #509
  633 USD pairs found
  633 tickers fetched
  At max positions (3/3)
  Positions (3/3):
    ICNT: entry $0.3734 → $0.4170 (+11.7%)
    KAS: entry $0.0321 → $0.0357 (+11.0%)
    FARTCOIN: entry $0.2095 → $0.2004 (-4.3%)

[12:24:53] Scan #510
  633 USD pairs found
  633 tickers fetched
  At max positions (3/3)
  Positions (3/3):
    ICNT: entry $0.3734 → $0.4157 (+11.3%)
    KAS: entry $0.0321 → $0.0356 (+10.9%)
    FARTCOIN: entry $0.2095 → $0.2012 (-4.0%)

[12:30:02] Scan #511
  633 USD pairs found
  633 tickers fetched
  At max positions (3/3)
  Positions (3/3):
    ICNT: entry $0.3734 → $0.4157 (+11.3%)
    KAS: entry $0.0321 → $0.0353 (+9.9%)
    FARTCOIN: entry $0.2095 → $0.1999 (-4.6%)

[12:35:12] Scan #512
  633 USD pairs found
  633 tickers fetched
  At max positions (3/3)
  Positions (3/3):
    ICNT: entry $0.3734 → $0.4045 (+8.3%)
    KAS: entry $0.0321 → $0.0352 (+9.5%)
    FARTCOIN: entry $0.2095 → $0.1990 (-5.0%)

[12:40:21] Scan #513
  633 USD pairs found
  633 tickers fetched
  At max positions (3/3)
  Positions (3/3):
    ICNT: entry $0.3734 → $0.4030 (+7.9%)
    KAS: entry $0.0321 → $0.0352 (+9.6%)
    FARTCOIN: entry $0.2095 → $0.2000 (-4.5%)

[12:45:30] Scan #514
  633 USD pairs found
  633 tickers fetched
  At max positions (3/3)
  Positions (3/3):
    ICNT: entry $0.3734 → $0.4021 (+7.7%)
    KAS: entry $0.0321 → $0.0351 (+9.4%)
    FARTCOIN: entry $0.2095 → $0.2007 (-4.2%)

[12:50:39] Scan #515
  633 USD pairs found
  633 tickers fetched
  At max positions (3/3)
  Positions (3/3):
    ICNT: entry $0.3734 → $0.3968 (+6.3%)
    KAS: entry $0.0321 → $0.0352 (+9.7%)
    FARTCOIN: entry $0.2095 → $0.2006 (-4.2%)

[12:55:49] Scan #516
  633 USD pairs found
  633 tickers fetched
  At max positions (3/3)
  Positions (3/3):
    ICNT: entry $0.3734 → $0.3994 (+7.0%)
    KAS: entry $0.0321 → $0.0351 (+9.4%)
    FARTCOIN: entry $0.2095 → $0.1997 (-4.7%)

[13:00:58] Scan #517
  633 USD pairs found
  633 tickers fetched
  At max positions (3/3)
  Positions (3/3):
    ICNT: entry $0.3734 → $0.3994 (+7.0%)
    KAS: entry $0.0321 → $0.0351 (+9.3%)
    FARTCOIN: entry $0.2095 → $0.2003 (-4.4%)

[13:06:07] Scan #518
  633 USD pairs found
  633 tickers fetched
  At max positions (3/3)
  Positions (3/3):
    ICNT: entry $0.3734 → $0.3994 (+7.0%)
    KAS: entry $0.0321 → $0.0351 (+9.3%)
    FARTCOIN: entry $0.2095 → $0.2008 (-4.2%)

[13:11:17] Scan #519
  633 USD pairs found
  633 tickers fetched
  At max positions (3/3)
  Positions (3/3):
    ICNT: entry $0.3734 → $0.3994 (+7.0%)
    KAS: entry $0.0321 → $0.0352 (+9.7%)
    FARTCOIN: entry $0.2095 → $0.2007 (-4.2%)

[13:16:26] Scan #520
  633 USD pairs found
  633 tickers fetched
  At max positions (3/3)
  Positions (3/3):
    ICNT: entry $0.3734 → $0.4059 (+8.7%)
    KAS: entry $0.0321 → $0.0351 (+9.4%)
    FARTCOIN: entry $0.2095 → $0.2008 (-4.2%)

[13:21:36] Scan #521
  633 USD pairs found
  633 tickers fetched
  At max positions (3/3)
  Positions (3/3):
    ICNT: entry $0.3734 → $0.4034 (+8.0%)
    KAS: entry $0.0321 → $0.0351 (+9.3%)
    FARTCOIN: entry $0.2095 → $0.2014 (-3.9%)

[13:26:45] Scan #522
  633 USD pairs found
  633 tickers fetched
  At max positions (3/3)
  Positions (3/3):
    ICNT: entry $0.3734 → $0.4033 (+8.0%)
    KAS: entry $0.0321 → $0.0351 (+9.2%)
    FARTCOIN: entry $0.2095 → $0.2004 (-4.3%)

[13:31:55] Scan #523
  633 USD pairs found
  633 tickers fetched
  At max positions (3/3)
  Positions (3/3):
    ICNT: entry $0.3734 → $0.4034 (+8.0%)
    KAS: entry $0.0321 → $0.0350 (+9.2%)
    FARTCOIN: entry $0.2095 → $0.2020 (-3.6%)

[13:37:04] Scan #524
  633 USD pairs found
  633 tickers fetched
  At max positions (3/3)
  Positions (3/3):
    ICNT: entry $0.3734 → $0.4034 (+8.0%)
    KAS: entry $0.0321 → $0.0351 (+9.3%)
    FARTCOIN: entry $0.2095 → $0.2013 (-3.9%)

[13:42:13] Scan #525
  633 USD pairs found
  633 tickers fetched
  At max positions (3/3)
  Positions (3/3):
    ICNT: entry $0.3734 → $0.4034 (+8.0%)
    KAS: entry $0.0321 → $0.0354 (+10.3%)
    FARTCOIN: entry $0.2095 → $0.2007 (-4.2%)

[13:47:23] Scan #526
  633 USD pairs found
  633 tickers fetched
  At max positions (3/3)
  Positions (3/3):
    ICNT: entry $0.3734 → $0.4034 (+8.0%)
    KAS: entry $0.0321 → $0.0354 (+10.2%)
    FARTCOIN: entry $0.2095 → $0.1983 (-5.3%)

[13:52:32] Scan #527
  633 USD pairs found
  633 tickers fetched
  At max positions (3/3)
  Positions (3/3):
    ICNT: entry $0.3734 → $0.4095 (+9.7%)
    KAS: entry $0.0321 → $0.0352 (+9.7%)
    FARTCOIN: entry $0.2095 → $0.1979 (-5.5%)

[13:57:41] Scan #528
  633 USD pairs found
  633 tickers fetched
  At max positions (3/3)
  Positions (3/3):
    ICNT: entry $0.3734 → $0.4095 (+9.7%)
    KAS: entry $0.0321 → $0.0353 (+10.1%)
    FARTCOIN: entry $0.2095 → $0.1983 (-5.3%)

[14:02:50] Scan #529
  633 USD pairs found
  633 tickers fetched
  At max positions (3/3)
  Positions (3/3):
    ICNT: entry $0.3734 → $0.4119 (+10.3%)
    KAS: entry $0.0321 → $0.0356 (+10.9%)
    FARTCOIN: entry $0.2095 → $0.1983 (-5.3%)

[14:08:00] Scan #530
  633 USD pairs found
  633 tickers fetched
  At max positions (3/3)
  Positions (3/3):
    ICNT: entry $0.3734 → $0.4119 (+10.3%)
    KAS: entry $0.0321 → $0.0358 (+11.6%)
    FARTCOIN: entry $0.2095 → $0.2001 (-4.5%)

[14:13:10] Scan #531
  633 USD pairs found
  633 tickers fetched
  At max positions (3/3)
  Positions (3/3):
    ICNT: entry $0.3734 → $0.4119 (+10.3%)
    KAS: entry $0.0321 → $0.0358 (+11.5%)
    FARTCOIN: entry $0.2095 → $0.2009 (-4.1%)

[14:18:19] Scan #532
  633 USD pairs found
  633 tickers fetched
  At max positions (3/3)
  Positions (3/3):
    ICNT: entry $0.3734 → $0.4119 (+10.3%)
    KAS: entry $0.0321 → $0.0360 (+12.0%)
    FARTCOIN: entry $0.2095 → $0.1989 (-5.1%)

[14:23:29] Scan #533
  633 USD pairs found
  633 tickers fetched
  At max positions (3/3)
  Positions (3/3):
    ICNT: entry $0.3734 → $0.4074 (+9.1%)
    KAS: entry $0.0321 → $0.0362 (+12.6%)
    FARTCOIN: entry $0.2095 → $0.2001 (-4.5%)

[14:28:39] Scan #534
  633 USD pairs found
  633 tickers fetched
  At max positions (3/3)
  Positions (3/3):
    ICNT: entry $0.3734 → $0.4074 (+9.1%)
    KAS: entry $0.0321 → $0.0362 (+12.6%)
    FARTCOIN: entry $0.2095 → $0.1997 (-4.7%)

[14:33:49] Scan #535
  633 USD pairs found
  633 tickers fetched
  At max positions (3/3)
  Positions (3/3):
    ICNT: entry $0.3734 → $0.4102 (+9.9%)
    KAS: entry $0.0321 → $0.0362 (+12.6%)
    FARTCOIN: entry $0.2095 → $0.2006 (-4.2%)

[14:38:58] Scan #536
  633 USD pairs found
  633 tickers fetched
  At max positions (3/3)
  Positions (3/3):
    ICNT: entry $0.3734 → $0.4136 (+10.8%)
    KAS: entry $0.0321 → $0.0361 (+12.6%)
    FARTCOIN: entry $0.2095 → $0.2007 (-4.2%)

[14:44:08] Scan #537
  633 USD pairs found
  633 tickers fetched
  At max positions (3/3)
  Positions (3/3):
    ICNT: entry $0.3734 → $0.4133 (+10.7%)
    KAS: entry $0.0321 → $0.0359 (+11.9%)
    FARTCOIN: entry $0.2095 → $0.2002 (-4.4%)

[14:49:18] Scan #538
  633 USD pairs found
  633 tickers fetched
  At max positions (3/3)
  Positions (3/3):
    ICNT: entry $0.3734 → $0.4133 (+10.7%)
    KAS: entry $0.0321 → $0.0360 (+12.0%)
    FARTCOIN: entry $0.2095 → $0.2006 (-4.2%)

[14:54:28] Scan #539
  633 USD pairs found
  633 tickers fetched
  At max positions (3/3)
  Positions (3/3):
    ICNT: entry $0.3734 → $0.4133 (+10.7%)
    KAS: entry $0.0321 → $0.0360 (+12.1%)
    FARTCOIN: entry $0.2095 → $0.1985 (-5.3%)

[14:59:37] Scan #540
  633 USD pairs found
  633 tickers fetched
  At max positions (3/3)
  Positions (3/3):
    ICNT: entry $0.3734 → $0.4150 (+11.1%)
    KAS: entry $0.0321 → $0.0364 (+13.2%)
    FARTCOIN: entry $0.2095 → $0.1984 (-5.3%)

[15:04:47] Scan #541
  635 USD pairs found
  635 tickers fetched
  At max positions (3/3)
  Positions (3/3):
    ICNT: entry $0.3734 → $0.4150 (+11.1%)
    KAS: entry $0.0321 → $0.0362 (+12.7%)
    FARTCOIN: entry $0.2095 → $0.2017 (-3.7%)

[15:09:57] Scan #542
  635 USD pairs found
  635 tickers fetched
  At max positions (3/3)
  Positions (3/3):
    ICNT: entry $0.3734 → $0.4150 (+11.1%)
    KAS: entry $0.0321 → $0.0360 (+12.1%)
    FARTCOIN: entry $0.2095 → $0.2002 (-4.4%)

[15:15:07] Scan #543
  635 USD pairs found
  635 tickers fetched
  At max positions (3/3)
  Positions (3/3):
    ICNT: entry $0.3734 → $0.4136 (+10.8%)
    KAS: entry $0.0321 → $0.0360 (+12.1%)
    FARTCOIN: entry $0.2095 → $0.1999 (-4.6%)

[15:20:16] Scan #544
  635 USD pairs found
  635 tickers fetched
  At max positions (3/3)
  Positions (3/3):
    ICNT: entry $0.3734 → $0.4136 (+10.8%)
    KAS: entry $0.0321 → $0.0360 (+12.2%)
    FARTCOIN: entry $0.2095 → $0.2004 (-4.3%)

[15:25:25] Scan #545
  635 USD pairs found
  635 tickers fetched
  At max positions (3/3)
  Positions (3/3):
    ICNT: entry $0.3734 → $0.4136 (+10.8%)
    KAS: entry $0.0321 → $0.0360 (+12.1%)
    FARTCOIN: entry $0.2095 → $0.1995 (-4.8%)

[15:30:36] Scan #546
  635 USD pairs found
  635 tickers fetched
  At max positions (3/3)
  Positions (3/3):
    ICNT: entry $0.3734 → $0.4143 (+11.0%)
    KAS: entry $0.0321 → $0.0360 (+12.1%)
    FARTCOIN: entry $0.2095 → $0.2001 (-4.5%)

[15:35:46] Scan #547
  635 USD pairs found
  635 tickers fetched
  At max positions (3/3)
  Positions (3/3):
    ICNT: entry $0.3734 → $0.4137 (+10.8%)
    KAS: entry $0.0321 → $0.0360 (+12.0%)
    FARTCOIN: entry $0.2095 → $0.1993 (-4.9%)

[15:40:55] Scan #548
  635 USD pairs found
  635 tickers fetched
  At max positions (3/3)
  Positions (3/3):
    ICNT: entry $0.3734 → $0.4137 (+10.8%)
    KAS: entry $0.0321 → $0.0357 (+11.1%)
    FARTCOIN: entry $0.2095 → $0.1956 (-6.6%)

[15:46:06] Scan #549
  635 USD pairs found
  635 tickers fetched
  At max positions (3/3)
  Positions (3/3):
    ICNT: entry $0.3734 → $0.4154 (+11.2%)
    KAS: entry $0.0321 → $0.0358 (+11.6%)
    FARTCOIN: entry $0.2095 → $0.1964 (-6.3%)

[15:51:15] Scan #550
  635 USD pairs found
  635 tickers fetched
  At max positions (3/3)
  Positions (3/3):
    ICNT: entry $0.3734 → $0.4154 (+11.2%)
    KAS: entry $0.0321 → $0.0358 (+11.4%)
    FARTCOIN: entry $0.2095 → $0.1972 (-5.9%)

[15:56:25] Scan #551
  635 USD pairs found
  635 tickers fetched
  At max positions (3/3)
  Positions (3/3):
    ICNT: entry $0.3734 → $0.4131 (+10.6%)
    KAS: entry $0.0321 → $0.0358 (+11.6%)
    FARTCOIN: entry $0.2095 → $0.1980 (-5.5%)

[16:01:35] Scan #552
  635 USD pairs found
  635 tickers fetched
  At max positions (3/3)
  Positions (3/3):
    ICNT: entry $0.3734 → $0.4131 (+10.6%)
    KAS: entry $0.0321 → $0.0359 (+11.9%)
    FARTCOIN: entry $0.2095 → $0.1981 (-5.4%)

[16:06:44] Scan #553
  635 USD pairs found
  635 tickers fetched
  At max positions (3/3)
  Positions (3/3):
    ICNT: entry $0.3734 → $0.4056 (+8.6%)
    KAS: entry $0.0321 → $0.0358 (+11.4%)
    FARTCOIN: entry $0.2095 → $0.1988 (-5.1%)

[16:11:54] Scan #554
  635 USD pairs found
  635 tickers fetched
  At max positions (3/3)
  Positions (3/3):
    ICNT: entry $0.3734 → $0.4018 (+7.6%)
    KAS: entry $0.0321 → $0.0359 (+11.8%)
    FARTCOIN: entry $0.2095 → $0.1998 (-4.6%)

[16:17:04] Scan #555
  635 USD pairs found
  635 tickers fetched
  At max positions (3/3)
  Positions (3/3):
    ICNT: entry $0.3734 → $0.4088 (+9.5%)
    KAS: entry $0.0321 → $0.0359 (+11.8%)
    FARTCOIN: entry $0.2095 → $0.1999 (-4.6%)

[16:22:15] Scan #556
  635 USD pairs found
  635 tickers fetched
  At max positions (3/3)
  Positions (3/3):
    ICNT: entry $0.3734 → $0.4074 (+9.1%)
    KAS: entry $0.0321 → $0.0360 (+12.2%)
    FARTCOIN: entry $0.2095 → $0.2005 (-4.3%)

[16:27:24] Scan #557
  635 USD pairs found
  635 tickers fetched
  At max positions (3/3)
  Positions (3/3):
    ICNT: entry $0.3734 → $0.4055 (+8.6%)
    KAS: entry $0.0321 → $0.0360 (+12.3%)
    FARTCOIN: entry $0.2095 → $0.2012 (-4.0%)

[16:32:34] Scan #558
  635 USD pairs found
  635 tickers fetched
  At max positions (3/3)
  Positions (3/3):
    ICNT: entry $0.3734 → $0.4036 (+8.1%)
    KAS: entry $0.0321 → $0.0361 (+12.3%)
    FARTCOIN: entry $0.2095 → $0.2001 (-4.5%)

[16:37:44] Scan #559
  635 USD pairs found
  635 tickers fetched
  At max positions (3/3)
  Positions (3/3):
    ICNT: entry $0.3734 → $0.4036 (+8.1%)
    KAS: entry $0.0321 → $0.0359 (+11.9%)
    FARTCOIN: entry $0.2095 → $0.2008 (-4.2%)

[16:42:53] Scan #560
  635 USD pairs found
  635 tickers fetched
  At max positions (3/3)
  Positions (3/3):
    ICNT: entry $0.3734 → $0.4039 (+8.2%)
    KAS: entry $0.0321 → $0.0360 (+12.0%)
    FARTCOIN: entry $0.2095 → $0.2018 (-3.7%)

[16:48:03] Scan #561
  635 USD pairs found
  635 tickers fetched
  At max positions (3/3)
  Positions (3/3):
    ICNT: entry $0.3734 → $0.4039 (+8.2%)
    KAS: entry $0.0321 → $0.0359 (+11.8%)
    FARTCOIN: entry $0.2095 → $0.2017 (-3.7%)

[16:53:12] Scan #562
  635 USD pairs found
  635 tickers fetched
  At max positions (3/3)
  Positions (3/3):
    ICNT: entry $0.3734 → $0.4039 (+8.2%)
    KAS: entry $0.0321 → $0.0361 (+12.4%)
    FARTCOIN: entry $0.2095 → $0.2043 (-2.5%)

[16:58:22] Scan #563
  635 USD pairs found
  635 tickers fetched
  At max positions (3/3)
  Positions (3/3):
    ICNT: entry $0.3734 → $0.4074 (+9.1%)
    KAS: entry $0.0321 → $0.0362 (+12.8%)
    FARTCOIN: entry $0.2095 → $0.2041 (-2.6%)

[17:03:32] Scan #564
  635 USD pairs found
  635 tickers fetched
  At max positions (3/3)
  Positions (3/3):
    ICNT: entry $0.3734 → $0.4074 (+9.1%)
    KAS: entry $0.0321 → $0.0363 (+13.1%)
    FARTCOIN: entry $0.2095 → $0.2043 (-2.5%)

[17:08:42] Scan #565
  635 USD pairs found
  635 tickers fetched
  At max positions (3/3)
  Positions (3/3):
    ICNT: entry $0.3734 → $0.4074 (+9.1%)
    KAS: entry $0.0321 → $0.0361 (+12.6%)
    FARTCOIN: entry $0.2095 → $0.2044 (-2.4%)

[17:13:51] Scan #566
  635 USD pairs found
  635 tickers fetched
  At max positions (3/3)
  Positions (3/3):
    ICNT: entry $0.3734 → $0.4077 (+9.2%)
    KAS: entry $0.0321 → $0.0362 (+12.7%)
    FARTCOIN: entry $0.2095 → $0.2032 (-3.0%)

[17:19:01] Scan #567
  635 USD pairs found
  635 tickers fetched
  At max positions (3/3)
  Positions (3/3):
    ICNT: entry $0.3734 → $0.4062 (+8.8%)
    KAS: entry $0.0321 → $0.0363 (+13.1%)
    FARTCOIN: entry $0.2095 → $0.2040 (-2.6%)

[17:24:10] Scan #568
  635 USD pairs found
  635 tickers fetched
  At max positions (3/3)
  Positions (3/3):
    ICNT: entry $0.3734 → $0.4062 (+8.8%)
    KAS: entry $0.0321 → $0.0363 (+13.0%)
    FARTCOIN: entry $0.2095 → $0.2058 (-1.8%)

[17:29:21] Scan #569
  635 USD pairs found
  635 tickers fetched
  At max positions (3/3)
  Positions (3/3):
    ICNT: entry $0.3734 → $0.4042 (+8.2%)
    KAS: entry $0.0321 → $0.0362 (+12.8%)
    FARTCOIN: entry $0.2095 → $0.2048 (-2.2%)

[17:34:31] Scan #570
  635 USD pairs found
  635 tickers fetched
  At max positions (3/3)
  Positions (3/3):
    ICNT: entry $0.3734 → $0.4037 (+8.1%)
    KAS: entry $0.0321 → $0.0362 (+12.6%)
    FARTCOIN: entry $0.2095 → $0.2037 (-2.8%)

[17:39:41] Scan #571
  635 USD pairs found
  635 tickers fetched
  At max positions (3/3)
  Positions (3/3):
    ICNT: entry $0.3734 → $0.3965 (+6.2%)
    KAS: entry $0.0321 → $0.0362 (+12.7%)
    FARTCOIN: entry $0.2095 → $0.2042 (-2.5%)

[17:44:51] Scan #572
  635 USD pairs found
  635 tickers fetched
  At max positions (3/3)
  Positions (3/3):
    ICNT: entry $0.3734 → $0.3965 (+6.2%)
    KAS: entry $0.0321 → $0.0363 (+13.0%)
    FARTCOIN: entry $0.2095 → $0.2042 (-2.5%)

[17:50:01] Scan #573
  635 USD pairs found
  635 tickers fetched
  At max positions (3/3)
  Positions (3/3):
    ICNT: entry $0.3734 → $0.3965 (+6.2%)
    KAS: entry $0.0321 → $0.0365 (+13.5%)
    FARTCOIN: entry $0.2095 → $0.2082 (-0.6%)

[17:55:11] Scan #574
  635 USD pairs found
  635 tickers fetched
  At max positions (3/3)
  Positions (3/3):
    ICNT: entry $0.3734 → $0.3965 (+6.2%)
    KAS: entry $0.0321 → $0.0365 (+13.5%)
    FARTCOIN: entry $0.2095 → $0.2095 (+0.0%)

[18:00:20] Scan #575
  635 USD pairs found
  635 tickers fetched
  At max positions (3/3)
  Positions (3/3):
    ICNT: entry $0.3734 → $0.3965 (+6.2%)
    KAS: entry $0.0321 → $0.0365 (+13.8%)
    FARTCOIN: entry $0.2095 → $0.2104 (+0.4%)

[18:05:30] Scan #576
  635 USD pairs found
  635 tickers fetched
  At max positions (3/3)
  Positions (3/3):
    ICNT: entry $0.3734 → $0.3951 (+5.8%)
    KAS: entry $0.0321 → $0.0366 (+14.0%)
    FARTCOIN: entry $0.2095 → $0.2118 (+1.1%)

[18:10:39] Scan #577
  635 USD pairs found
  635 tickers fetched
  At max positions (3/3)
  Positions (3/3):
    ICNT: entry $0.3734 → $0.3951 (+5.8%)
    KAS: entry $0.0321 → $0.0369 (+15.0%)
    FARTCOIN: entry $0.2095 → $0.2146 (+2.4%)

[18:15:49] Scan #578
  635 USD pairs found
  635 tickers fetched
  At max positions (3/3)
  Positions (3/3):
    ICNT: entry $0.3734 → $0.3951 (+5.8%)
    KAS: entry $0.0321 → $0.0369 (+14.9%)
    FARTCOIN: entry $0.2095 → $0.2127 (+1.5%)

[18:20:58] Scan #579
  635 USD pairs found
  635 tickers fetched
  At max positions (3/3)
  Positions (3/3):
    ICNT: entry $0.3734 → $0.3951 (+5.8%)
    KAS: entry $0.0321 → $0.0370 (+15.2%)
    FARTCOIN: entry $0.2095 → $0.2133 (+1.8%)

[18:26:07] Scan #580
  635 USD pairs found
  635 tickers fetched
  At max positions (3/3)
  Positions (3/3):
    ICNT: entry $0.3734 → $0.3951 (+5.8%)
    KAS: entry $0.0321 → $0.0367 (+14.4%)
    FARTCOIN: entry $0.2095 → $0.2114 (+0.9%)

[18:31:16] Scan #581
  635 USD pairs found
  635 tickers fetched
  At max positions (3/3)
  Positions (3/3):
    ICNT: entry $0.3734 → $0.3953 (+5.9%)
    KAS: entry $0.0321 → $0.0368 (+14.7%)
    FARTCOIN: entry $0.2095 → $0.2119 (+1.1%)

[18:36:26] Scan #582
  635 USD pairs found
  635 tickers fetched
  At max positions (3/3)
  Positions (3/3):
    ICNT: entry $0.3734 → $0.3953 (+5.9%)
    KAS: entry $0.0321 → $0.0368 (+14.7%)
    FARTCOIN: entry $0.2095 → $0.2126 (+1.5%)

[18:41:36] Scan #583
  635 USD pairs found
  635 tickers fetched
  At max positions (3/3)
  Positions (3/3):
    ICNT: entry $0.3734 → $0.3923 (+5.1%)
    KAS: entry $0.0321 → $0.0370 (+15.1%)
    FARTCOIN: entry $0.2095 → $0.2143 (+2.3%)

[18:46:45] Scan #584
  635 USD pairs found
  635 tickers fetched
  At max positions (3/3)
  Positions (3/3):
    ICNT: entry $0.3734 → $0.3914 (+4.8%)
    KAS: entry $0.0321 → $0.0369 (+14.9%)
    FARTCOIN: entry $0.2095 → $0.2142 (+2.2%)

[18:51:55] Scan #585
  635 USD pairs found
  635 tickers fetched
  At max positions (3/3)
  Positions (3/3):
    ICNT: entry $0.3734 → $0.3914 (+4.8%)
    KAS: entry $0.0321 → $0.0369 (+14.9%)
    FARTCOIN: entry $0.2095 → $0.2131 (+1.7%)

[18:57:04] Scan #586
  635 USD pairs found
  635 tickers fetched
  At max positions (3/3)
  Positions (3/3):
    ICNT: entry $0.3734 → $0.3913 (+4.8%)
    KAS: entry $0.0321 → $0.0368 (+14.7%)
    FARTCOIN: entry $0.2095 → $0.2106 (+0.5%)

[19:02:13] Scan #587
  635 USD pairs found
  635 tickers fetched
  At max positions (3/3)
  Positions (3/3):
    ICNT: entry $0.3734 → $0.3913 (+4.8%)
    KAS: entry $0.0321 → $0.0369 (+15.0%)
    FARTCOIN: entry $0.2095 → $0.2118 (+1.1%)

[19:07:23] Scan #588
  635 USD pairs found
  635 tickers fetched
  At max positions (3/3)
  Positions (3/3):
    ICNT: entry $0.3734 → $0.3913 (+4.8%)
    KAS: entry $0.0321 → $0.0369 (+15.0%)
    FARTCOIN: entry $0.2095 → $0.2116 (+1.0%)

[19:12:32] Scan #589
  635 USD pairs found
  635 tickers fetched
  At max positions (3/3)
  Positions (3/3):
    ICNT: entry $0.3734 → $0.3913 (+4.8%)
    KAS: entry $0.0321 → $0.0369 (+14.8%)
    FARTCOIN: entry $0.2095 → $0.2118 (+1.1%)

[19:17:42] Scan #590
  635 USD pairs found
  635 tickers fetched
  At max positions (3/3)
  Positions (3/3):
    ICNT: entry $0.3734 → $0.3913 (+4.8%)
    KAS: entry $0.0321 → $0.0369 (+14.8%)
    FARTCOIN: entry $0.2095 → $0.2120 (+1.2%)

[19:22:51] Scan #591
  635 USD pairs found
  635 tickers fetched
  At max positions (3/3)
  Positions (3/3):
    ICNT: entry $0.3734 → $0.3913 (+4.8%)
    KAS: entry $0.0321 → $0.0368 (+14.5%)
    FARTCOIN: entry $0.2095 → $0.2104 (+0.4%)

[19:28:01] Scan #592
  635 USD pairs found
  635 tickers fetched
  At max positions (3/3)
  Positions (3/3):
    ICNT: entry $0.3734 → $0.3913 (+4.8%)
    KAS: entry $0.0321 → $0.0367 (+14.3%)
    FARTCOIN: entry $0.2095 → $0.2097 (+0.1%)

[19:33:11] Scan #593
  635 USD pairs found
  635 tickers fetched
  At max positions (3/3)
  Positions (3/3):
    ICNT: entry $0.3734 → $0.3913 (+4.8%)
    KAS: entry $0.0321 → $0.0367 (+14.3%)
    FARTCOIN: entry $0.2095 → $0.2103 (+0.4%)

[19:38:20] Scan #594
  635 USD pairs found
  635 tickers fetched
  At max positions (3/3)
  Positions (3/3):
    ICNT: entry $0.3734 → $0.3913 (+4.8%)
    KAS: entry $0.0321 → $0.0363 (+13.1%)
    FARTCOIN: entry $0.2095 → $0.2111 (+0.8%)

[19:43:30] Scan #595
  635 USD pairs found
  635 tickers fetched
  At max positions (3/3)
  Positions (3/3):
    ICNT: entry $0.3734 → $0.3983 (+6.7%)
    KAS: entry $0.0321 → $0.0363 (+13.0%)
    FARTCOIN: entry $0.2095 → $0.2106 (+0.5%)

[19:48:40] Scan #596
  635 USD pairs found
  635 tickers fetched
  At max positions (3/3)
  Positions (3/3):
    ICNT: entry $0.3734 → $0.3983 (+6.7%)
    KAS: entry $0.0321 → $0.0362 (+12.7%)
    FARTCOIN: entry $0.2095 → $0.2076 (-0.9%)

[19:53:49] Scan #597
  635 USD pairs found
  635 tickers fetched
  At max positions (3/3)
  Positions (3/3):
    ICNT: entry $0.3734 → $0.3983 (+6.7%)
    KAS: entry $0.0321 → $0.0363 (+12.9%)
    FARTCOIN: entry $0.2095 → $0.2070 (-1.2%)

[19:58:58] Scan #598
  635 USD pairs found
  635 tickers fetched
  At max positions (3/3)
  Positions (3/3):
    ICNT: entry $0.3734 → $0.3983 (+6.7%)
    KAS: entry $0.0321 → $0.0363 (+13.0%)
    FARTCOIN: entry $0.2095 → $0.2073 (-1.1%)

[20:04:08] Scan #599
  635 USD pairs found
  635 tickers fetched
  At max positions (3/3)
  Positions (3/3):
    ICNT: entry $0.3734 → $0.3954 (+5.9%)
    KAS: entry $0.0321 → $0.0363 (+13.1%)
    FARTCOIN: entry $0.2095 → $0.2080 (-0.7%)

[20:09:18] Scan #600
  635 USD pairs found
  635 tickers fetched
  At max positions (3/3)
  Positions (3/3):
    ICNT: entry $0.3734 → $0.3954 (+5.9%)
    KAS: entry $0.0321 → $0.0362 (+12.7%)
    FARTCOIN: entry $0.2095 → $0.2068 (-1.3%)

[20:14:27] Scan #601
  635 USD pairs found
  635 tickers fetched
  At max positions (3/3)
  Positions (3/3):
    ICNT: entry $0.3734 → $0.3954 (+5.9%)
    KAS: entry $0.0321 → $0.0362 (+12.9%)
    FARTCOIN: entry $0.2095 → $0.2075 (-1.0%)

[20:19:37] Scan #602
  635 USD pairs found
  635 tickers fetched
  At max positions (3/3)
  Positions (3/3):
    ICNT: entry $0.3734 → $0.3954 (+5.9%)
    KAS: entry $0.0321 → $0.0364 (+13.4%)
    FARTCOIN: entry $0.2095 → $0.2078 (-0.8%)

[20:24:46] Scan #603
  635 USD pairs found
  635 tickers fetched
  At max positions (3/3)
  Positions (3/3):
    ICNT: entry $0.3734 → $0.3954 (+5.9%)
    KAS: entry $0.0321 → $0.0364 (+13.5%)
    FARTCOIN: entry $0.2095 → $0.2091 (-0.2%)

[20:29:56] Scan #604
  635 USD pairs found
  635 tickers fetched
  At max positions (3/3)
  Positions (3/3):
    ICNT: entry $0.3734 → $0.3954 (+5.9%)
    KAS: entry $0.0321 → $0.0364 (+13.2%)
    FARTCOIN: entry $0.2095 → $0.2095 (+0.0%)

[20:35:05] Scan #605
  635 USD pairs found
  635 tickers fetched
  At max positions (3/3)
  Positions (3/3):
    ICNT: entry $0.3734 → $0.3954 (+5.9%)
    KAS: entry $0.0321 → $0.0362 (+12.9%)
    FARTCOIN: entry $0.2095 → $0.2096 (+0.0%)

[20:40:15] Scan #606
  635 USD pairs found
  635 tickers fetched
  At max positions (3/3)
  Positions (3/3):
    ICNT: entry $0.3734 → $0.3954 (+5.9%)
    KAS: entry $0.0321 → $0.0361 (+12.4%)
    FARTCOIN: entry $0.2095 → $0.2104 (+0.4%)

[20:45:25] Scan #607
  635 USD pairs found
  635 tickers fetched
  At max positions (3/3)
  Positions (3/3):
    ICNT: entry $0.3734 → $0.3954 (+5.9%)
    KAS: entry $0.0321 → $0.0362 (+12.7%)
    FARTCOIN: entry $0.2095 → $0.2107 (+0.6%)

[20:50:35] Scan #608
  635 USD pairs found
  635 tickers fetched
  At max positions (3/3)
  Positions (3/3):
    ICNT: entry $0.3734 → $0.3954 (+5.9%)
    KAS: entry $0.0321 → $0.0362 (+12.7%)
    FARTCOIN: entry $0.2095 → $0.2104 (+0.4%)

[20:55:45] Scan #609
  635 USD pairs found
  635 tickers fetched
  At max positions (3/3)
  Positions (3/3):
    ICNT: entry $0.3734 → $0.3954 (+5.9%)
    KAS: entry $0.0321 → $0.0362 (+12.9%)
    FARTCOIN: entry $0.2095 → $0.2097 (+0.1%)

[21:00:54] Scan #610
  635 USD pairs found
  635 tickers fetched
  At max positions (3/3)
  Positions (3/3):
    ICNT: entry $0.3734 → $0.3954 (+5.9%)
    KAS: entry $0.0321 → $0.0362 (+12.9%)
    FARTCOIN: entry $0.2095 → $0.2098 (+0.1%)

[21:06:04] Scan #611
  635 USD pairs found
  635 tickers fetched
  At max positions (3/3)
  Positions (3/3):
    ICNT: entry $0.3734 → $0.3987 (+6.8%)
    KAS: entry $0.0321 → $0.0364 (+13.3%)
    FARTCOIN: entry $0.2095 → $0.2097 (+0.1%)

[21:11:14] Scan #612
  635 USD pairs found
  635 tickers fetched
  At max positions (3/3)
  Positions (3/3):
    ICNT: entry $0.3734 → $0.3987 (+6.8%)
    KAS: entry $0.0321 → $0.0364 (+13.3%)
    FARTCOIN: entry $0.2095 → $0.2107 (+0.6%)

[21:16:23] Scan #613
  635 USD pairs found
  635 tickers fetched
  At max positions (3/3)
  Positions (3/3):
    ICNT: entry $0.3734 → $0.3987 (+6.8%)
    KAS: entry $0.0321 → $0.0364 (+13.4%)
    FARTCOIN: entry $0.2095 → $0.2130 (+1.7%)

[21:21:33] Scan #614
  635 USD pairs found
  635 tickers fetched
  At max positions (3/3)
  Positions (3/3):
    ICNT: entry $0.3734 → $0.3987 (+6.8%)
    KAS: entry $0.0321 → $0.0364 (+13.3%)
    FARTCOIN: entry $0.2095 → $0.2150 (+2.6%)

[21:26:42] Scan #615
  635 USD pairs found
  635 tickers fetched
  At max positions (3/3)
  Positions (3/3):
    ICNT: entry $0.3734 → $0.3987 (+6.8%)
    KAS: entry $0.0321 → $0.0365 (+13.8%)
    FARTCOIN: entry $0.2095 → $0.2139 (+2.1%)

[21:31:52] Scan #616
  635 USD pairs found
  635 tickers fetched
  At max positions (3/3)
  Positions (3/3):
    ICNT: entry $0.3734 → $0.3987 (+6.8%)
    KAS: entry $0.0321 → $0.0363 (+13.1%)
    FARTCOIN: entry $0.2095 → $0.2136 (+2.0%)

[21:37:01] Scan #617
  635 USD pairs found
  635 tickers fetched
  At max positions (3/3)
  Positions (3/3):
    ICNT: entry $0.3734 → $0.3987 (+6.8%)
    KAS: entry $0.0321 → $0.0364 (+13.4%)
    FARTCOIN: entry $0.2095 → $0.2129 (+1.6%)

[21:42:11] Scan #618
  635 USD pairs found
  635 tickers fetched
  At max positions (3/3)
  Positions (3/3):
    ICNT: entry $0.3734 → $0.3987 (+6.8%)
    KAS: entry $0.0321 → $0.0366 (+14.0%)
    FARTCOIN: entry $0.2095 → $0.2172 (+3.7%)

[21:47:20] Scan #619
  635 USD pairs found
  635 tickers fetched
  At max positions (3/3)
  Positions (3/3):
    ICNT: entry $0.3734 → $0.3987 (+6.8%)
    KAS: entry $0.0321 → $0.0368 (+14.7%)
    FARTCOIN: entry $0.2095 → $0.2181 (+4.1%)

[21:52:30] Scan #620
  635 USD pairs found
  635 tickers fetched
  At max positions (3/3)
  Positions (3/3):
    ICNT: entry $0.3734 → $0.3973 (+6.4%)
    KAS: entry $0.0321 → $0.0367 (+14.4%)
    FARTCOIN: entry $0.2095 → $0.2170 (+3.6%)

[21:57:39] Scan #621
  635 USD pairs found
  635 tickers fetched
  At max positions (3/3)
  Positions (3/3):
    ICNT: entry $0.3734 → $0.3945 (+5.7%)
    KAS: entry $0.0321 → $0.0365 (+13.8%)
    FARTCOIN: entry $0.2095 → $0.2162 (+3.2%)

[22:02:48] Scan #622
  635 USD pairs found
  635 tickers fetched
  At max positions (3/3)
  Positions (3/3):
    ICNT: entry $0.3734 → $0.3836 (+2.7%)
    KAS: entry $0.0321 → $0.0365 (+13.7%)
    FARTCOIN: entry $0.2095 → $0.2167 (+3.4%)

[22:07:57] Scan #623
  635 USD pairs found
  635 tickers fetched
  At max positions (3/3)
  Positions (3/3):
    ICNT: entry $0.3734 → $0.3836 (+2.7%)
    KAS: entry $0.0321 → $0.0366 (+14.1%)
    FARTCOIN: entry $0.2095 → $0.2155 (+2.9%)

[22:13:06] Scan #624
  635 USD pairs found
  635 tickers fetched
  At max positions (3/3)
  Positions (3/3):
    ICNT: entry $0.3734 → $0.3902 (+4.5%)
    KAS: entry $0.0321 → $0.0364 (+13.5%)
    FARTCOIN: entry $0.2095 → $0.2147 (+2.5%)

[22:18:16] Scan #625
  635 USD pairs found
  635 tickers fetched
  At max positions (3/3)
  Positions (3/3):
    ICNT: entry $0.3734 → $0.3834 (+2.7%)
    KAS: entry $0.0321 → $0.0365 (+13.5%)
    FARTCOIN: entry $0.2095 → $0.2149 (+2.6%)

[22:23:26] Scan #626
  635 USD pairs found
  635 tickers fetched
  At max positions (3/3)
  Positions (3/3):
    ICNT: entry $0.3734 → $0.3773 (+1.0%)
    KAS: entry $0.0321 → $0.0365 (+13.6%)
    FARTCOIN: entry $0.2095 → $0.2149 (+2.6%)

[22:28:35] Scan #627
  635 USD pairs found
  635 tickers fetched
  At max positions (3/3)
  Positions (3/3):
    ICNT: entry $0.3734 → $0.3773 (+1.0%)
    KAS: entry $0.0321 → $0.0365 (+13.7%)
    FARTCOIN: entry $0.2095 → $0.2135 (+1.9%)

[22:33:44] Scan #628
  635 USD pairs found
  635 tickers fetched
  At max positions (3/3)
  Positions (3/3):
    ICNT: entry $0.3734 → $0.3773 (+1.0%)
    KAS: entry $0.0321 → $0.0364 (+13.5%)
    FARTCOIN: entry $0.2095 → $0.2123 (+1.3%)

[22:38:53] Scan #629
  635 USD pairs found
  635 tickers fetched
  At max positions (3/3)
  Positions (3/3):
    ICNT: entry $0.3734 → $0.3773 (+1.0%)
    KAS: entry $0.0321 → $0.0363 (+13.1%)
    FARTCOIN: entry $0.2095 → $0.2085 (-0.5%)

[22:44:03] Scan #630
  635 USD pairs found
  635 tickers fetched
  At max positions (3/3)
  Positions (3/3):
    ICNT: entry $0.3734 → $0.3773 (+1.0%)
    KAS: entry $0.0321 → $0.0366 (+13.9%)
    FARTCOIN: entry $0.2095 → $0.2101 (+0.3%)

[22:49:12] Scan #631
  635 USD pairs found
  635 tickers fetched
  At max positions (3/3)
  Positions (3/3):
    ICNT: entry $0.3734 → $0.3773 (+1.0%)
    KAS: entry $0.0321 → $0.0366 (+14.1%)
    FARTCOIN: entry $0.2095 → $0.2106 (+0.5%)

[22:54:21] Scan #632
  635 USD pairs found
  635 tickers fetched
  At max positions (3/3)
  Positions (3/3):
    ICNT: entry $0.3734 → $0.3773 (+1.0%)
    KAS: entry $0.0321 → $0.0366 (+13.9%)
    FARTCOIN: entry $0.2095 → $0.2107 (+0.6%)

[22:59:30] Scan #633
  635 USD pairs found
  635 tickers fetched
  At max positions (3/3)
  Positions (3/3):
    ICNT: entry $0.3734 → $0.3761 (+0.7%)
    KAS: entry $0.0321 → $0.0366 (+13.9%)
    FARTCOIN: entry $0.2095 → $0.2107 (+0.6%)

[23:04:40] Scan #634
  635 USD pairs found
  635 tickers fetched
  At max positions (3/3)
  Positions (3/3):
    ICNT: entry $0.3734 → $0.3739 (+0.1%)
    KAS: entry $0.0321 → $0.0365 (+13.5%)
    FARTCOIN: entry $0.2095 → $0.2102 (+0.3%)

[23:09:51] Scan #635
  635 USD pairs found
  635 tickers fetched
  At max positions (3/3)
  Positions (3/3):
    ICNT: entry $0.3734 → $0.3682 (-1.4%)
    KAS: entry $0.0321 → $0.0365 (+13.8%)
    FARTCOIN: entry $0.2095 → $0.2104 (+0.4%)

[23:15:00] Scan #636
  635 USD pairs found
  635 tickers fetched
  At max positions (3/3)
  Positions (3/3):
    ICNT: entry $0.3734 → $0.3682 (-1.4%)
    KAS: entry $0.0321 → $0.0365 (+13.7%)
    FARTCOIN: entry $0.2095 → $0.2108 (+0.6%)

[23:20:10] Scan #637
  635 USD pairs found
  635 tickers fetched
  At max positions (3/3)
  Positions (3/3):
    ICNT: entry $0.3734 → $0.3741 (+0.2%)
    KAS: entry $0.0321 → $0.0365 (+13.7%)
    FARTCOIN: entry $0.2095 → $0.2104 (+0.4%)

[23:25:19] Scan #638
  635 USD pairs found
  635 tickers fetched
  At max positions (3/3)
  Positions (3/3):
    ICNT: entry $0.3734 → $0.3741 (+0.2%)
    KAS: entry $0.0321 → $0.0365 (+13.6%)
    FARTCOIN: entry $0.2095 → $0.2075 (-1.0%)

[23:30:29] Scan #639
  635 USD pairs found
  635 tickers fetched
  At max positions (3/3)
  Positions (3/3):
    ICNT: entry $0.3734 → $0.3741 (+0.2%)
    KAS: entry $0.0321 → $0.0364 (+13.5%)
    FARTCOIN: entry $0.2095 → $0.2079 (-0.8%)

[23:35:40] Scan #640
  635 USD pairs found
  635 tickers fetched
  At max positions (3/3)
  Positions (3/3):
    ICNT: entry $0.3734 → $0.3741 (+0.2%)
    KAS: entry $0.0321 → $0.0364 (+13.4%)
    FARTCOIN: entry $0.2095 → $0.2080 (-0.7%)

[23:40:49] Scan #641
  635 USD pairs found
  635 tickers fetched
  At max positions (3/3)
  Positions (3/3):
    ICNT: entry $0.3734 → $0.3741 (+0.2%)
    KAS: entry $0.0321 → $0.0364 (+13.2%)
    FARTCOIN: entry $0.2095 → $0.2048 (-2.2%)

[23:45:59] Scan #642
  635 USD pairs found
  635 tickers fetched
  At max positions (3/3)
  Positions (3/3):
    ICNT: entry $0.3734 → $0.3708 (-0.7%)
    KAS: entry $0.0321 → $0.0364 (+13.3%)
    FARTCOIN: entry $0.2095 → $0.2042 (-2.5%)

[23:51:09] Scan #643
  635 USD pairs found
  635 tickers fetched
  At max positions (3/3)
  Positions (3/3):
    ICNT: entry $0.3734 → $0.3708 (-0.7%)
    KAS: entry $0.0321 → $0.0363 (+13.0%)
    FARTCOIN: entry $0.2095 → $0.2053 (-2.0%)

[23:56:18] Scan #644
  635 USD pairs found
  635 tickers fetched
  At max positions (3/3)
  Positions (3/3):
    ICNT: entry $0.3734 → $0.3744 (+0.3%)
    KAS: entry $0.0321 → $0.0363 (+13.0%)
    FARTCOIN: entry $0.2095 → $0.2048 (-2.2%)

[00:01:28] Scan #645
  635 USD pairs found
  635 tickers fetched
  At max positions (3/3)
  Positions (3/3):
    ICNT: entry $0.3734 → $0.3703 (-0.8%)
    KAS: entry $0.0321 → $0.0365 (+13.6%)
    FARTCOIN: entry $0.2095 → $0.2046 (-2.3%)

[00:06:38] Scan #646
  635 USD pairs found
  635 tickers fetched
  At max positions (3/3)
  Positions (3/3):
    ICNT: entry $0.3734 → $0.3701 (-0.9%)
    KAS: entry $0.0321 → $0.0365 (+13.7%)
    FARTCOIN: entry $0.2095 → $0.2052 (-2.1%)

[00:11:50] Scan #647
  635 USD pairs found
  635 tickers fetched
  At max positions (3/3)
  Positions (3/3):
    ICNT: entry $0.3734 → $0.3712 (-0.6%)
    KAS: entry $0.0321 → $0.0366 (+13.9%)
    FARTCOIN: entry $0.2095 → $0.2051 (-2.1%)

[00:17:00] Scan #648
  635 USD pairs found
  635 tickers fetched
  At max positions (3/3)
  Positions (3/3):
    ICNT: entry $0.3734 → $0.3682 (-1.4%)
    KAS: entry $0.0321 → $0.0364 (+13.4%)
    FARTCOIN: entry $0.2095 → $0.2050 (-2.1%)

[00:22:09] Scan #649
  635 USD pairs found
  635 tickers fetched
  At max positions (3/3)
  Positions (3/3):
    ICNT: entry $0.3734 → $0.3703 (-0.8%)
    KAS: entry $0.0321 → $0.0365 (+13.6%)
    FARTCOIN: entry $0.2095 → $0.2051 (-2.1%)

[00:27:19] Scan #650
  635 USD pairs found
  635 tickers fetched
  At max positions (3/3)
  Positions (3/3):
    ICNT: entry $0.3734 → $0.3700 (-0.9%)
    KAS: entry $0.0321 → $0.0364 (+13.5%)
    FARTCOIN: entry $0.2095 → $0.2052 (-2.1%)

[00:32:29] Scan #651
  635 USD pairs found
  635 tickers fetched
  At max positions (3/3)
  Positions (3/3):
    ICNT: entry $0.3734 → $0.3700 (-0.9%)
    KAS: entry $0.0321 → $0.0364 (+13.5%)
    FARTCOIN: entry $0.2095 → $0.2065 (-1.4%)

[00:37:39] Scan #652
  635 USD pairs found
  635 tickers fetched
  At max positions (3/3)
  Positions (3/3):
    ICNT: entry $0.3734 → $0.3700 (-0.9%)
    KAS: entry $0.0321 → $0.0364 (+13.5%)
    FARTCOIN: entry $0.2095 → $0.2043 (-2.5%)

[00:42:49] Scan #653
  635 USD pairs found
  635 tickers fetched
  At max positions (3/3)
  Positions (3/3):
    ICNT: entry $0.3734 → $0.3673 (-1.6%)
    KAS: entry $0.0321 → $0.0365 (+13.8%)
    FARTCOIN: entry $0.2095 → $0.2042 (-2.5%)

[00:47:59] Scan #654
  635 USD pairs found
  635 tickers fetched
  At max positions (3/3)
  Positions (3/3):
    ICNT: entry $0.3734 → $0.3670 (-1.7%)
    KAS: entry $0.0321 → $0.0368 (+14.5%)
    FARTCOIN: entry $0.2095 → $0.2078 (-0.8%)

[00:53:08] Scan #655
  635 USD pairs found
  635 tickers fetched
  At max positions (3/3)
  Positions (3/3):
    ICNT: entry $0.3734 → $0.3659 (-2.0%)
    KAS: entry $0.0321 → $0.0368 (+14.7%)
    FARTCOIN: entry $0.2095 → $0.2078 (-0.8%)

[00:58:18] Scan #656
  635 USD pairs found
  635 tickers fetched
  At max positions (3/3)
  Positions (3/3):
    ICNT: entry $0.3734 → $0.3659 (-2.0%)
    KAS: entry $0.0321 → $0.0370 (+15.4%)
    FARTCOIN: entry $0.2095 → $0.2077 (-0.9%)

[01:03:28] Scan #657
  635 USD pairs found
  635 tickers fetched
  At max positions (3/3)
  Positions (3/3):
    ICNT: entry $0.3734 → $0.3659 (-2.0%)
    KAS: entry $0.0321 → $0.0371 (+15.6%)
    FARTCOIN: entry $0.2095 → $0.2092 (-0.1%)

[01:08:38] Scan #658
  635 USD pairs found
  635 tickers fetched
  At max positions (3/3)
  Positions (3/3):
    ICNT: entry $0.3734 → $0.3668 (-1.8%)
    KAS: entry $0.0321 → $0.0368 (+14.7%)
    FARTCOIN: entry $0.2095 → $0.2083 (-0.6%)

[01:13:48] Scan #659
  635 USD pairs found
  635 tickers fetched
  At max positions (3/3)
  Positions (3/3):
    ICNT: entry $0.3734 → $0.3668 (-1.8%)
    KAS: entry $0.0321 → $0.0369 (+14.9%)
    FARTCOIN: entry $0.2095 → $0.2071 (-1.1%)

[01:18:57] Scan #660
  635 USD pairs found
  635 tickers fetched
  At max positions (3/3)
  Positions (3/3):
    ICNT: entry $0.3734 → $0.3668 (-1.8%)
    KAS: entry $0.0321 → $0.0369 (+15.0%)
    FARTCOIN: entry $0.2095 → $0.2076 (-0.9%)

[01:24:07] Scan #661
  635 USD pairs found
  635 tickers fetched
  At max positions (3/3)
  Positions (3/3):
    ICNT: entry $0.3734 → $0.3668 (-1.8%)
    KAS: entry $0.0321 → $0.0369 (+14.9%)
    FARTCOIN: entry $0.2095 → $0.2109 (+0.7%)

[01:29:17] Scan #662
  635 USD pairs found
  635 tickers fetched
  At max positions (3/3)
  Positions (3/3):
    ICNT: entry $0.3734 → $0.3668 (-1.8%)
    KAS: entry $0.0321 → $0.0370 (+15.3%)
    FARTCOIN: entry $0.2095 → $0.2126 (+1.5%)

[01:34:27] Scan #663
  635 USD pairs found
  635 tickers fetched
  At max positions (3/3)
  Positions (3/3):
    ICNT: entry $0.3734 → $0.3668 (-1.8%)
    KAS: entry $0.0321 → $0.0370 (+15.2%)
    FARTCOIN: entry $0.2095 → $0.2121 (+1.2%)

[01:39:38] Scan #664
  635 USD pairs found
  635 tickers fetched
  At max positions (3/3)
  Positions (3/3):
    ICNT: entry $0.3734 → $0.3668 (-1.8%)
    KAS: entry $0.0321 → $0.0368 (+14.6%)
    FARTCOIN: entry $0.2095 → $0.2117 (+1.1%)

[01:44:48] Scan #665
  635 USD pairs found
  635 tickers fetched
  At max positions (3/3)
  Positions (3/3):
    ICNT: entry $0.3734 → $0.3668 (-1.8%)
    KAS: entry $0.0321 → $0.0370 (+15.1%)
    FARTCOIN: entry $0.2095 → $0.2131 (+1.7%)

[01:49:57] Scan #666
  635 USD pairs found
  635 tickers fetched
  At max positions (3/3)
  Positions (3/3):
    ICNT: entry $0.3734 → $0.3668 (-1.8%)
    KAS: entry $0.0321 → $0.0369 (+14.8%)
    FARTCOIN: entry $0.2095 → $0.2142 (+2.2%)

[01:55:07] Scan #667
  635 USD pairs found
  635 tickers fetched
  At max positions (3/3)
  Positions (3/3):
    ICNT: entry $0.3734 → $0.3668 (-1.8%)
    KAS: entry $0.0321 → $0.0368 (+14.5%)
    FARTCOIN: entry $0.2095 → $0.2131 (+1.7%)

[02:00:17] Scan #668
  635 USD pairs found
  635 tickers fetched
  At max positions (3/3)
  Positions (3/3):
    ICNT: entry $0.3734 → $0.3668 (-1.8%)
    KAS: entry $0.0321 → $0.0368 (+14.6%)
    FARTCOIN: entry $0.2095 → $0.2120 (+1.2%)

[02:05:26] Scan #669
  635 USD pairs found
  635 tickers fetched
  At max positions (3/3)
  Positions (3/3):
    ICNT: entry $0.3734 → $0.3668 (-1.8%)
    KAS: entry $0.0321 → $0.0369 (+14.9%)
    FARTCOIN: entry $0.2095 → $0.2139 (+2.1%)

[02:10:36] Scan #670
  635 USD pairs found
  635 tickers fetched
  At max positions (3/3)
  Positions (3/3):
    ICNT: entry $0.3734 → $0.3668 (-1.8%)
    KAS: entry $0.0321 → $0.0369 (+15.0%)
    FARTCOIN: entry $0.2095 → $0.2152 (+2.7%)

[02:15:46] Scan #671
  635 USD pairs found
  635 tickers fetched
  At max positions (3/3)
  Positions (3/3):
    ICNT: entry $0.3734 → $0.3668 (-1.8%)
    KAS: entry $0.0321 → $0.0369 (+14.9%)
    FARTCOIN: entry $0.2095 → $0.2159 (+3.1%)

[02:20:56] Scan #672
  635 USD pairs found
  635 tickers fetched
  At max positions (3/3)
  Positions (3/3):
    ICNT: entry $0.3734 → $0.3674 (-1.6%)
    KAS: entry $0.0321 → $0.0370 (+15.2%)
    FARTCOIN: entry $0.2095 → $0.2147 (+2.5%)

[02:26:06] Scan #673
  635 USD pairs found
  635 tickers fetched
  At max positions (3/3)
  Positions (3/3):
    ICNT: entry $0.3734 → $0.3674 (-1.6%)
    KAS: entry $0.0321 → $0.0373 (+16.1%)
    FARTCOIN: entry $0.2095 → $0.2141 (+2.2%)

[02:31:15] Scan #674
  635 USD pairs found
  635 tickers fetched
  At max positions (3/3)
  Positions (3/3):
    ICNT: entry $0.3734 → $0.3674 (-1.6%)
    KAS: entry $0.0321 → $0.0371 (+15.4%)
    FARTCOIN: entry $0.2095 → $0.2130 (+1.7%)

[02:36:25] Scan #675
  635 USD pairs found
  635 tickers fetched
  At max positions (3/3)
  Positions (3/3):
    ICNT: entry $0.3734 → $0.3674 (-1.6%)
    KAS: entry $0.0321 → $0.0371 (+15.6%)
    FARTCOIN: entry $0.2095 → $0.2133 (+1.8%)

[02:41:34] Scan #676
  635 USD pairs found
  635 tickers fetched
  At max positions (3/3)
  Positions (3/3):
    ICNT: entry $0.3734 → $0.3674 (-1.6%)
    KAS: entry $0.0321 → $0.0372 (+15.9%)
    FARTCOIN: entry $0.2095 → $0.2125 (+1.4%)

[02:46:44] Scan #677
  635 USD pairs found
  635 tickers fetched
  At max positions (3/3)
  Positions (3/3):
    ICNT: entry $0.3734 → $0.3674 (-1.6%)
    KAS: entry $0.0321 → $0.0374 (+16.5%)
    FARTCOIN: entry $0.2095 → $0.2125 (+1.4%)

[02:51:54] Scan #678
  635 USD pairs found
  635 tickers fetched
  At max positions (3/3)
  Positions (3/3):
    ICNT: entry $0.3734 → $0.3640 (-2.5%)
    KAS: entry $0.0321 → $0.0374 (+16.4%)
    FARTCOIN: entry $0.2095 → $0.2135 (+1.9%)

[02:57:03] Scan #679
  635 USD pairs found
  635 tickers fetched
  At max positions (3/3)
  Positions (3/3):
    ICNT: entry $0.3734 → $0.3640 (-2.5%)
    KAS: entry $0.0321 → $0.0374 (+16.3%)
    FARTCOIN: entry $0.2095 → $0.2126 (+1.5%)

[03:02:13] Scan #680
  635 USD pairs found
  635 tickers fetched
  At max positions (3/3)
  Positions (3/3):
    ICNT: entry $0.3734 → $0.3640 (-2.5%)
    KAS: entry $0.0321 → $0.0375 (+16.8%)
    FARTCOIN: entry $0.2095 → $0.2115 (+1.0%)

[03:07:23] Scan #681
  635 USD pairs found
  635 tickers fetched
  At max positions (3/3)
  Positions (3/3):
    ICNT: entry $0.3734 → $0.3664 (-1.9%)
    KAS: entry $0.0321 → $0.0377 (+17.3%)
    FARTCOIN: entry $0.2095 → $0.2125 (+1.4%)

[03:12:33] Scan #682
  635 USD pairs found
  635 tickers fetched
  At max positions (3/3)
  Positions (3/3):
    ICNT: entry $0.3734 → $0.3658 (-2.0%)
    KAS: entry $0.0321 → $0.0376 (+17.2%)
    FARTCOIN: entry $0.2095 → $0.2118 (+1.1%)

[03:17:42] Scan #683
  635 USD pairs found
  635 tickers fetched
  At max positions (3/3)
  Positions (3/3):
    ICNT: entry $0.3734 → $0.3658 (-2.0%)
    KAS: entry $0.0321 → $0.0373 (+16.0%)
    FARTCOIN: entry $0.2095 → $0.2130 (+1.7%)

[03:22:52] Scan #684
  635 USD pairs found
  635 tickers fetched
  At max positions (3/3)
  Positions (3/3):
    ICNT: entry $0.3734 → $0.3665 (-1.8%)
    KAS: entry $0.0321 → $0.0374 (+16.6%)
    FARTCOIN: entry $0.2095 → $0.2126 (+1.5%)

[03:28:01] Scan #685
  635 USD pairs found
  635 tickers fetched
  At max positions (3/3)
  Positions (3/3):
    ICNT: entry $0.3734 → $0.3665 (-1.8%)
    KAS: entry $0.0321 → $0.0375 (+16.7%)
    FARTCOIN: entry $0.2095 → $0.2150 (+2.6%)

[03:33:11] Scan #686
  635 USD pairs found
  635 tickers fetched
  At max positions (3/3)
  Positions (3/3):
    ICNT: entry $0.3734 → $0.3665 (-1.8%)
    KAS: entry $0.0321 → $0.0374 (+16.5%)
    FARTCOIN: entry $0.2095 → $0.2156 (+2.9%)

[03:38:20] Scan #687
  635 USD pairs found
  635 tickers fetched
  At max positions (3/3)
  Positions (3/3):
    ICNT: entry $0.3734 → $0.3665 (-1.8%)
    KAS: entry $0.0321 → $0.0376 (+17.1%)
    FARTCOIN: entry $0.2095 → $0.2148 (+2.5%)

[03:43:30] Scan #688
  635 USD pairs found
  635 tickers fetched
  At max positions (3/3)
  Positions (3/3):
    ICNT: entry $0.3734 → $0.3674 (-1.6%)
    KAS: entry $0.0321 → $0.0377 (+17.5%)
    FARTCOIN: entry $0.2095 → $0.2142 (+2.2%)

[03:48:40] Scan #689
  635 USD pairs found
  635 tickers fetched
  At max positions (3/3)
  Positions (3/3):
    ICNT: entry $0.3734 → $0.3674 (-1.6%)
    KAS: entry $0.0321 → $0.0377 (+17.4%)
    FARTCOIN: entry $0.2095 → $0.2131 (+1.7%)

[03:53:49] Scan #690
  635 USD pairs found
  635 tickers fetched
  At max positions (3/3)
  Positions (3/3):
    ICNT: entry $0.3734 → $0.3658 (-2.0%)
    KAS: entry $0.0321 → $0.0377 (+17.3%)
    FARTCOIN: entry $0.2095 → $0.2139 (+2.1%)

[03:58:58] Scan #691
  635 USD pairs found
  635 tickers fetched
  At max positions (3/3)
  Positions (3/3):
    ICNT: entry $0.3734 → $0.3658 (-2.0%)
    KAS: entry $0.0321 → $0.0375 (+16.8%)
    FARTCOIN: entry $0.2095 → $0.2164 (+3.3%)

[04:04:07] Scan #692
  635 USD pairs found
  635 tickers fetched
  At max positions (3/3)
  Positions (3/3):
    ICNT: entry $0.3734 → $0.3665 (-1.8%)
    KAS: entry $0.0321 → $0.0377 (+17.3%)
    FARTCOIN: entry $0.2095 → $0.2165 (+3.3%)

[04:09:17] Scan #693
  635 USD pairs found
  635 tickers fetched
  At max positions (3/3)
  Positions (3/3):
    ICNT: entry $0.3734 → $0.3665 (-1.8%)
    KAS: entry $0.0321 → $0.0377 (+17.3%)
    FARTCOIN: entry $0.2095 → $0.2179 (+4.0%)

[04:14:27] Scan #694
  635 USD pairs found
  635 tickers fetched
  At max positions (3/3)
  Positions (3/3):
    ICNT: entry $0.3734 → $0.3665 (-1.8%)
    KAS: entry $0.0321 → $0.0376 (+17.1%)
    FARTCOIN: entry $0.2095 → $0.2171 (+3.6%)

[04:19:36] Scan #695
  635 USD pairs found
  635 tickers fetched
  At max positions (3/3)
  Positions (3/3):
    ICNT: entry $0.3734 → $0.3665 (-1.8%)
    KAS: entry $0.0321 → $0.0377 (+17.3%)
    FARTCOIN: entry $0.2095 → $0.2159 (+3.1%)

[04:24:45] Scan #696
  635 USD pairs found
  635 tickers fetched
  At max positions (3/3)
  Positions (3/3):
    ICNT: entry $0.3734 → $0.3665 (-1.8%)
    KAS: entry $0.0321 → $0.0375 (+16.9%)
    FARTCOIN: entry $0.2095 → $0.2153 (+2.8%)

[04:29:56] Scan #697
  635 USD pairs found
  635 tickers fetched
  At max positions (3/3)
  Positions (3/3):
    ICNT: entry $0.3734 → $0.3665 (-1.8%)
    KAS: entry $0.0321 → $0.0375 (+16.8%)
    FARTCOIN: entry $0.2095 → $0.2157 (+3.0%)

[04:35:05] Scan #698
  635 USD pairs found
  635 tickers fetched
  At max positions (3/3)
  Positions (3/3):
    ICNT: entry $0.3734 → $0.3665 (-1.8%)
    KAS: entry $0.0321 → $0.0379 (+17.9%)
    FARTCOIN: entry $0.2095 → $0.2134 (+1.9%)

[04:40:14] Scan #699
  635 USD pairs found
  635 tickers fetched
  At max positions (3/3)
  Positions (3/3):
    ICNT: entry $0.3734 → $0.3665 (-1.8%)
    KAS: entry $0.0321 → $0.0377 (+17.5%)
    FARTCOIN: entry $0.2095 → $0.2134 (+1.9%)

[04:45:23] Scan #700
  635 USD pairs found
  635 tickers fetched
  At max positions (3/3)
  Positions (3/3):
    ICNT: entry $0.3734 → $0.3665 (-1.8%)
    KAS: entry $0.0321 → $0.0377 (+17.4%)
    FARTCOIN: entry $0.2095 → $0.2135 (+1.9%)

[04:50:33] Scan #701
  635 USD pairs found
  635 tickers fetched
  At max positions (3/3)
  Positions (3/3):
    ICNT: entry $0.3734 → $0.3646 (-2.4%)
    KAS: entry $0.0321 → $0.0379 (+17.9%)
    FARTCOIN: entry $0.2095 → $0.2129 (+1.6%)

[04:55:42] Scan #702
  635 USD pairs found
  635 tickers fetched
  At max positions (3/3)
  Positions (3/3):
    ICNT: entry $0.3734 → $0.3646 (-2.4%)
    KAS: entry $0.0321 → $0.0379 (+17.9%)
    FARTCOIN: entry $0.2095 → $0.2139 (+2.1%)

[05:00:51] Scan #703
  635 USD pairs found
  635 tickers fetched
  At max positions (3/3)
  Positions (3/3):
    ICNT: entry $0.3734 → $0.3646 (-2.4%)
    KAS: entry $0.0321 → $0.0380 (+18.4%)
    FARTCOIN: entry $0.2095 → $0.2153 (+2.8%)

[05:06:01] Scan #704
  635 USD pairs found
  635 tickers fetched
  At max positions (3/3)
  Positions (3/3):
    ICNT: entry $0.3734 → $0.3730 (-0.1%)
    KAS: entry $0.0321 → $0.0377 (+17.6%)
    FARTCOIN: entry $0.2095 → $0.2167 (+3.4%)

[05:11:10] Scan #705
  635 USD pairs found
  635 tickers fetched
  At max positions (3/3)
  Positions (3/3):
    ICNT: entry $0.3734 → $0.3730 (-0.1%)
    KAS: entry $0.0321 → $0.0380 (+18.3%)
    FARTCOIN: entry $0.2095 → $0.2209 (+5.4%)

[05:16:20] Scan #706
  635 USD pairs found
  635 tickers fetched
  At max positions (3/3)
  Positions (3/3):
    ICNT: entry $0.3734 → $0.3723 (-0.3%)
    KAS: entry $0.0321 → $0.0381 (+18.7%)
    FARTCOIN: entry $0.2095 → $0.2216 (+5.8%)

[05:21:29] Scan #707
  635 USD pairs found
  635 tickers fetched
  At max positions (3/3)
  Positions (3/3):
    ICNT: entry $0.3734 → $0.3784 (+1.3%)
    KAS: entry $0.0321 → $0.0380 (+18.4%)
    FARTCOIN: entry $0.2095 → $0.2228 (+6.3%)

[05:26:38] Scan #708
  635 USD pairs found
  635 tickers fetched
  At max positions (3/3)
  Positions (3/3):
    ICNT: entry $0.3734 → $0.3746 (+0.3%)
    KAS: entry $0.0321 → $0.0381 (+18.5%)
    FARTCOIN: entry $0.2095 → $0.2197 (+4.9%)

[05:31:47] Scan #709
  635 USD pairs found
  635 tickers fetched
  At max positions (3/3)
  Positions (3/3):
    ICNT: entry $0.3734 → $0.3726 (-0.2%)
    KAS: entry $0.0321 → $0.0382 (+19.0%)
    FARTCOIN: entry $0.2095 → $0.2180 (+4.1%)

[05:36:56] Scan #710
  635 USD pairs found
  635 tickers fetched
  At max positions (3/3)
  Positions (3/3):
    ICNT: entry $0.3734 → $0.3739 (+0.1%)
    KAS: entry $0.0321 → $0.0382 (+18.9%)
    FARTCOIN: entry $0.2095 → $0.2167 (+3.4%)

[05:42:05] Scan #711
  635 USD pairs found
  635 tickers fetched
  At max positions (3/3)
  Positions (3/3):
    ICNT: entry $0.3734 → $0.3833 (+2.7%)
    KAS: entry $0.0321 → $0.0380 (+18.3%)
    FARTCOIN: entry $0.2095 → $0.2134 (+1.9%)

[05:47:14] Scan #712
  635 USD pairs found
  635 tickers fetched
  At max positions (3/3)
  Positions (3/3):
    ICNT: entry $0.3734 → $0.3830 (+2.6%)
    KAS: entry $0.0321 → $0.0381 (+18.5%)
    FARTCOIN: entry $0.2095 → $0.2118 (+1.1%)

[05:52:23] Scan #713
  635 USD pairs found
  635 tickers fetched
  At max positions (3/3)
  Positions (3/3):
    ICNT: entry $0.3734 → $0.3851 (+3.1%)
    KAS: entry $0.0321 → $0.0380 (+18.4%)
    FARTCOIN: entry $0.2095 → $0.2111 (+0.8%)

[05:57:32] Scan #714
  635 USD pairs found
  635 tickers fetched
  At max positions (3/3)
  Positions (3/3):
    ICNT: entry $0.3734 → $0.3873 (+3.7%)
    KAS: entry $0.0321 → $0.0379 (+17.9%)
    FARTCOIN: entry $0.2095 → $0.2080 (-0.7%)

[06:02:41] Scan #715
  635 USD pairs found
  635 tickers fetched
  At max positions (3/3)
  Positions (3/3):
    ICNT: entry $0.3734 → $0.3894 (+4.3%)
    KAS: entry $0.0321 → $0.0382 (+19.0%)
    FARTCOIN: entry $0.2095 → $0.2103 (+0.4%)

[06:07:50] Scan #716
  635 USD pairs found
  635 tickers fetched
  At max positions (3/3)
  Positions (3/3):
    ICNT: entry $0.3734 → $0.3873 (+3.7%)
    KAS: entry $0.0321 → $0.0383 (+19.2%)
    FARTCOIN: entry $0.2095 → $0.2120 (+1.2%)

[06:13:00] Scan #717
  635 USD pairs found
  635 tickers fetched
  At max positions (3/3)
  Positions (3/3):
    ICNT: entry $0.3734 → $0.3889 (+4.2%)
    KAS: entry $0.0321 → $0.0382 (+19.1%)
    FARTCOIN: entry $0.2095 → $0.2128 (+1.6%)

[06:18:09] Scan #718
  635 USD pairs found
  635 tickers fetched
  At max positions (3/3)
  Positions (3/3):
    ICNT: entry $0.3734 → $0.3908 (+4.7%)
    KAS: entry $0.0321 → $0.0383 (+19.2%)
    FARTCOIN: entry $0.2095 → $0.2126 (+1.5%)

[06:23:18] Scan #719
  635 USD pairs found
  635 tickers fetched
  At max positions (3/3)
  Positions (3/3):
    ICNT: entry $0.3734 → $0.3948 (+5.7%)
    KAS: entry $0.0321 → $0.0383 (+19.3%)
    FARTCOIN: entry $0.2095 → $0.2127 (+1.5%)

[06:28:27] Scan #720
  635 USD pairs found
  635 tickers fetched
  At max positions (3/3)
  Positions (3/3):
    ICNT: entry $0.3734 → $0.3968 (+6.3%)
    KAS: entry $0.0321 → $0.0384 (+19.7%)
    FARTCOIN: entry $0.2095 → $0.2134 (+1.9%)

[06:33:35] Scan #721
  635 USD pairs found
  635 tickers fetched
  At max positions (3/3)
  Positions (3/3):
    ICNT: entry $0.3734 → $0.3968 (+6.3%)
    KAS: entry $0.0321 → $0.0386 (+20.4%)
    FARTCOIN: entry $0.2095 → $0.2130 (+1.7%)

[06:38:44] Scan #722
  635 USD pairs found
  635 tickers fetched
  At max positions (3/3)
  Positions (3/3):
    ICNT: entry $0.3734 → $0.3995 (+7.0%)
    KAS: entry $0.0321 → $0.0383 (+19.4%)
    FARTCOIN: entry $0.2095 → $0.2118 (+1.1%)

[06:43:54] Scan #723
  635 USD pairs found
  635 tickers fetched
  At max positions (3/3)
  Positions (3/3):
    ICNT: entry $0.3734 → $0.4003 (+7.2%)
    KAS: entry $0.0321 → $0.0381 (+18.8%)
    FARTCOIN: entry $0.2095 → $0.2118 (+1.1%)

[06:49:03] Scan #724
  635 USD pairs found
  635 tickers fetched
  At max positions (3/3)
  Positions (3/3):
    ICNT: entry $0.3734 → $0.4015 (+7.5%)
    KAS: entry $0.0321 → $0.0382 (+18.9%)
    FARTCOIN: entry $0.2095 → $0.2149 (+2.6%)

[06:54:12] Scan #725
  635 USD pairs found
  635 tickers fetched
  At max positions (3/3)
  Positions (3/3):
    ICNT: entry $0.3734 → $0.4017 (+7.6%)
    KAS: entry $0.0321 → $0.0382 (+18.9%)
    FARTCOIN: entry $0.2095 → $0.2149 (+2.6%)

[06:59:21] Scan #726
  635 USD pairs found
  635 tickers fetched
  At max positions (3/3)
  Positions (3/3):
    ICNT: entry $0.3734 → $0.4020 (+7.7%)
    KAS: entry $0.0321 → $0.0384 (+19.5%)
    FARTCOIN: entry $0.2095 → $0.2137 (+2.0%)

[07:04:30] Scan #727
  635 USD pairs found
  635 tickers fetched
  At max positions (3/3)
  Positions (3/3):
    ICNT: entry $0.3734 → $0.4020 (+7.7%)
    KAS: entry $0.0321 → $0.0384 (+19.6%)
    FARTCOIN: entry $0.2095 → $0.2137 (+2.0%)

[07:09:39] Scan #728
  635 USD pairs found
  635 tickers fetched
  At max positions (3/3)
  Positions (3/3):
    ICNT: entry $0.3734 → $0.4020 (+7.7%)
    KAS: entry $0.0321 → $0.0384 (+19.6%)
    FARTCOIN: entry $0.2095 → $0.2132 (+1.8%)

[07:14:48] Scan #729
  635 USD pairs found
  635 tickers fetched
  At max positions (3/3)
  Positions (3/3):
    ICNT: entry $0.3734 → $0.4020 (+7.7%)
    KAS: entry $0.0321 → $0.0383 (+19.3%)
    FARTCOIN: entry $0.2095 → $0.2121 (+1.2%)

[07:19:57] Scan #730
  635 USD pairs found
  635 tickers fetched
  At max positions (3/3)
  Positions (3/3):
    ICNT: entry $0.3734 → $0.4114 (+10.2%)
    KAS: entry $0.0321 → $0.0383 (+19.2%)
    FARTCOIN: entry $0.2095 → $0.2122 (+1.3%)

[07:25:06] Scan #731
  635 USD pairs found
  635 tickers fetched
  At max positions (3/3)
  Positions (3/3):
    ICNT: entry $0.3734 → $0.4109 (+10.0%)
    KAS: entry $0.0321 → $0.0382 (+19.0%)
    FARTCOIN: entry $0.2095 → $0.2108 (+0.6%)

[07:30:15] Scan #732
  635 USD pairs found
  635 tickers fetched
  At max positions (3/3)
  Positions (3/3):
    ICNT: entry $0.3734 → $0.4109 (+10.0%)
    KAS: entry $0.0321 → $0.0387 (+20.6%)
    FARTCOIN: entry $0.2095 → $0.2099 (+0.2%)

[07:35:24] Scan #733
  635 USD pairs found
  635 tickers fetched
  At max positions (3/3)
  Positions (3/3):
    ICNT: entry $0.3734 → $0.4109 (+10.0%)
    KAS: entry $0.0321 → $0.0392 (+22.2%)
    FARTCOIN: entry $0.2095 → $0.2101 (+0.3%)

[07:40:33] Scan #734
  635 USD pairs found
  635 tickers fetched
  At max positions (3/3)
  Positions (3/3):
    ICNT: entry $0.3734 → $0.3995 (+7.0%)
    KAS: entry $0.0321 → $0.0394 (+22.5%)
    FARTCOIN: entry $0.2095 → $0.2090 (-0.2%)

[07:45:42] Scan #735
  635 USD pairs found
  635 tickers fetched
  At max positions (3/3)
  Positions (3/3):
    ICNT: entry $0.3734 → $0.4015 (+7.5%)
    KAS: entry $0.0321 → $0.0400 (+24.5%)
    FARTCOIN: entry $0.2095 → $0.2095 (+0.0%)

[07:50:51] Scan #736
  635 USD pairs found
  635 tickers fetched
  At max positions (3/3)
  Positions (3/3):
    ICNT: entry $0.3734 → $0.4029 (+7.9%)
    KAS: entry $0.0321 → $0.0404 (+25.8%)
    FARTCOIN: entry $0.2095 → $0.2098 (+0.1%)

[07:56:01] Scan #737
  635 USD pairs found
  635 tickers fetched
  At max positions (3/3)
  Positions (3/3):
    ICNT: entry $0.3734 → $0.4023 (+7.7%)
    KAS: entry $0.0321 → $0.0394 (+22.7%)
    FARTCOIN: entry $0.2095 → $0.2101 (+0.3%)

[08:01:10] Scan #738
  635 USD pairs found
  635 tickers fetched
  At max positions (3/3)
  Positions (3/3):
    ICNT: entry $0.3734 → $0.4067 (+8.9%)
    KAS: entry $0.0321 → $0.0390 (+21.4%)
    FARTCOIN: entry $0.2095 → $0.2112 (+0.8%)

[08:06:19] Scan #739
  635 USD pairs found
  635 tickers fetched
  At max positions (3/3)
  Positions (3/3):
    ICNT: entry $0.3734 → $0.4052 (+8.5%)
    KAS: entry $0.0321 → $0.0394 (+22.7%)
    FARTCOIN: entry $0.2095 → $0.2125 (+1.4%)

[08:11:28] Scan #740
  635 USD pairs found
  635 tickers fetched
  At max positions (3/3)
  Positions (3/3):
    ICNT: entry $0.3734 → $0.4013 (+7.5%)
    KAS: entry $0.0321 → $0.0397 (+23.7%)
    FARTCOIN: entry $0.2095 → $0.2127 (+1.5%)

[08:16:37] Scan #741
  635 USD pairs found
  635 tickers fetched
  At max positions (3/3)
  Positions (3/3):
    ICNT: entry $0.3734 → $0.3984 (+6.7%)
    KAS: entry $0.0321 → $0.0401 (+24.9%)
    FARTCOIN: entry $0.2095 → $0.2132 (+1.8%)

[08:21:46] Scan #742
  635 USD pairs found
  635 tickers fetched
  At max positions (3/3)
  Positions (3/3):
    ICNT: entry $0.3734 → $0.3975 (+6.5%)
    KAS: entry $0.0321 → $0.0391 (+21.8%)
    FARTCOIN: entry $0.2095 → $0.2147 (+2.5%)

[08:26:55] Scan #743
  635 USD pairs found
  635 tickers fetched
  At max positions (3/3)
  Positions (3/3):
    ICNT: entry $0.3734 → $0.3961 (+6.1%)
    KAS: entry $0.0321 → $0.0397 (+23.7%)
    FARTCOIN: entry $0.2095 → $0.2131 (+1.7%)

[08:32:04] Scan #744
  635 USD pairs found
  635 tickers fetched
  At max positions (3/3)
  Positions (3/3):
    ICNT: entry $0.3734 → $0.3986 (+6.7%)
    KAS: entry $0.0321 → $0.0396 (+23.3%)
    FARTCOIN: entry $0.2095 → $0.2132 (+1.8%)

[08:37:14] Scan #745
  635 USD pairs found
  635 tickers fetched
  At max positions (3/3)
  Positions (3/3):
    ICNT: entry $0.3734 → $0.3984 (+6.7%)
    KAS: entry $0.0321 → $0.0388 (+20.9%)
    FARTCOIN: entry $0.2095 → $0.2149 (+2.6%)

[08:42:23] Scan #746
  635 USD pairs found
  635 tickers fetched
  At max positions (3/3)
  Positions (3/3):
    ICNT: entry $0.3734 → $0.3988 (+6.8%)
    KAS: entry $0.0321 → $0.0391 (+21.6%)
    FARTCOIN: entry $0.2095 → $0.2130 (+1.7%)

[08:47:33] Scan #747
  635 USD pairs found
  635 tickers fetched
  At max positions (3/3)
  Positions (3/3):
    ICNT: entry $0.3734 → $0.3985 (+6.7%)
    KAS: entry $0.0321 → $0.0392 (+22.0%)
    FARTCOIN: entry $0.2095 → $0.2116 (+1.0%)

[08:52:42] Scan #748
  635 USD pairs found
  635 tickers fetched
  At max positions (3/3)
  Positions (3/3):
    ICNT: entry $0.3734 → $0.3985 (+6.7%)
    KAS: entry $0.0321 → $0.0393 (+22.2%)
    FARTCOIN: entry $0.2095 → $0.2114 (+0.9%)

[08:57:51] Scan #749
  635 USD pairs found
  635 tickers fetched
  At max positions (3/3)
  Positions (3/3):
    ICNT: entry $0.3734 → $0.4041 (+8.2%)
    KAS: entry $0.0321 → $0.0396 (+23.2%)
    FARTCOIN: entry $0.2095 → $0.2118 (+1.1%)

[09:03:00] Scan #750
  635 USD pairs found
  635 tickers fetched
  At max positions (3/3)
  Positions (3/3):
    ICNT: entry $0.3734 → $0.4041 (+8.2%)
    KAS: entry $0.0321 → $0.0399 (+24.2%)
    FARTCOIN: entry $0.2095 → $0.2111 (+0.8%)

[09:08:09] Scan #751
  635 USD pairs found
  635 tickers fetched
  At max positions (3/3)
  Positions (3/3):
    ICNT: entry $0.3734 → $0.4075 (+9.1%)
    KAS: entry $0.0321 → $0.0400 (+24.6%)
    FARTCOIN: entry $0.2095 → $0.2107 (+0.6%)

[09:13:18] Scan #752
  635 USD pairs found
  635 tickers fetched
  At max positions (3/3)
  Positions (3/3):
    ICNT: entry $0.3734 → $0.4099 (+9.8%)
    KAS: entry $0.0321 → $0.0396 (+23.4%)
    FARTCOIN: entry $0.2095 → $0.2103 (+0.4%)

[09:18:27] Scan #753
  635 USD pairs found
  635 tickers fetched
  At max positions (3/3)
  Positions (3/3):
    ICNT: entry $0.3734 → $0.4126 (+10.5%)
    KAS: entry $0.0321 → $0.0394 (+22.6%)
    FARTCOIN: entry $0.2095 → $0.2103 (+0.4%)

[09:23:36] Scan #754
  635 USD pairs found
  635 tickers fetched
  At max positions (3/3)
  Positions (3/3):
    ICNT: entry $0.3734 → $0.4111 (+10.1%)
    KAS: entry $0.0321 → $0.0394 (+22.7%)
    FARTCOIN: entry $0.2095 → $0.2109 (+0.7%)

[09:28:45] Scan #755
  635 USD pairs found
  635 tickers fetched
  At max positions (3/3)
  Positions (3/3):
    ICNT: entry $0.3734 → $0.4109 (+10.0%)
    KAS: entry $0.0321 → $0.0395 (+22.9%)
    FARTCOIN: entry $0.2095 → $0.2115 (+1.0%)

[09:33:54] Scan #756
  635 USD pairs found
  635 tickers fetched
  At max positions (3/3)
  Positions (3/3):
    ICNT: entry $0.3734 → $0.4136 (+10.8%)
    KAS: entry $0.0321 → $0.0395 (+23.0%)
    FARTCOIN: entry $0.2095 → $0.2117 (+1.1%)

[09:39:03] Scan #757
  635 USD pairs found
  635 tickers fetched
  At max positions (3/3)
  Positions (3/3):
    ICNT: entry $0.3734 → $0.4137 (+10.8%)
    KAS: entry $0.0321 → $0.0396 (+23.5%)
    FARTCOIN: entry $0.2095 → $0.2124 (+1.4%)

[09:44:12] Scan #758
  635 USD pairs found
  635 tickers fetched
  At max positions (3/3)
  Positions (3/3):
    ICNT: entry $0.3734 → $0.4111 (+10.1%)
    KAS: entry $0.0321 → $0.0396 (+23.3%)
    FARTCOIN: entry $0.2095 → $0.2130 (+1.7%)

[09:49:21] Scan #759
  635 USD pairs found
  635 tickers fetched
  At max positions (3/3)
  Positions (3/3):
    ICNT: entry $0.3734 → $0.4111 (+10.1%)
    KAS: entry $0.0321 → $0.0398 (+23.8%)
    FARTCOIN: entry $0.2095 → $0.2128 (+1.6%)

[09:54:30] Scan #760
  635 USD pairs found
  635 tickers fetched
  At max positions (3/3)
  Positions (3/3):
    ICNT: entry $0.3734 → $0.4111 (+10.1%)
    KAS: entry $0.0321 → $0.0397 (+23.7%)
    FARTCOIN: entry $0.2095 → $0.2113 (+0.9%)

[09:59:39] Scan #761
  635 USD pairs found
  635 tickers fetched
  At max positions (3/3)
  Positions (3/3):
    ICNT: entry $0.3734 → $0.4092 (+9.6%)
    KAS: entry $0.0321 → $0.0396 (+23.4%)
    FARTCOIN: entry $0.2095 → $0.2116 (+1.0%)

[10:04:49] Scan #762
  635 USD pairs found
  635 tickers fetched
  At max positions (3/3)
  Positions (3/3):
    ICNT: entry $0.3734 → $0.4087 (+9.5%)
    KAS: entry $0.0321 → $0.0396 (+23.3%)
    FARTCOIN: entry $0.2095 → $0.2094 (-0.0%)

[10:09:59] Scan #763
  635 USD pairs found
  635 tickers fetched
  At max positions (3/3)
  Positions (3/3):
    ICNT: entry $0.3734 → $0.4070 (+9.0%)
    KAS: entry $0.0321 → $0.0394 (+22.9%)
    FARTCOIN: entry $0.2095 → $0.2087 (-0.4%)

[10:15:08] Scan #764
  635 USD pairs found
  635 tickers fetched
  At max positions (3/3)
  Positions (3/3):
    ICNT: entry $0.3734 → $0.4066 (+8.9%)
    KAS: entry $0.0321 → $0.0394 (+22.6%)
    FARTCOIN: entry $0.2095 → $0.2094 (-0.0%)

[10:20:18] Scan #765
  635 USD pairs found
  635 tickers fetched
  At max positions (3/3)
  Positions (3/3):
    ICNT: entry $0.3734 → $0.4044 (+8.3%)
    KAS: entry $0.0321 → $0.0395 (+22.9%)
    FARTCOIN: entry $0.2095 → $0.2102 (+0.3%)

[10:25:27] Scan #766
  635 USD pairs found
  635 tickers fetched
  At max positions (3/3)
  Positions (3/3):
    ICNT: entry $0.3734 → $0.4044 (+8.3%)
    KAS: entry $0.0321 → $0.0394 (+22.7%)
    FARTCOIN: entry $0.2095 → $0.2100 (+0.2%)

[10:30:36] Scan #767
  635 USD pairs found
  635 tickers fetched
  At max positions (3/3)
  Positions (3/3):
    ICNT: entry $0.3734 → $0.4044 (+8.3%)
    KAS: entry $0.0321 → $0.0395 (+23.0%)
    FARTCOIN: entry $0.2095 → $0.2107 (+0.6%)

[10:35:46] Scan #768
  635 USD pairs found
  635 tickers fetched
  At max positions (3/3)
  Positions (3/3):
    ICNT: entry $0.3734 → $0.4044 (+8.3%)
    KAS: entry $0.0321 → $0.0396 (+23.2%)
    FARTCOIN: entry $0.2095 → $0.2097 (+0.1%)

[10:40:55] Scan #769
  635 USD pairs found
  635 tickers fetched
  At max positions (3/3)
  Positions (3/3):
    ICNT: entry $0.3734 → $0.4044 (+8.3%)
    KAS: entry $0.0321 → $0.0392 (+22.0%)
    FARTCOIN: entry $0.2095 → $0.2089 (-0.3%)

[10:46:05] Scan #770
  635 USD pairs found
  635 tickers fetched
  At max positions (3/3)
  Positions (3/3):
    ICNT: entry $0.3734 → $0.4044 (+8.3%)
    KAS: entry $0.0321 → $0.0391 (+21.6%)
    FARTCOIN: entry $0.2095 → $0.2083 (-0.6%)

[10:51:14] Scan #771
  635 USD pairs found
  635 tickers fetched
  At max positions (3/3)
  Positions (3/3):
    ICNT: entry $0.3734 → $0.4102 (+9.9%)
    KAS: entry $0.0321 → $0.0393 (+22.3%)
    FARTCOIN: entry $0.2095 → $0.2087 (-0.4%)

[10:56:23] Scan #772
  635 USD pairs found
  635 tickers fetched
  At max positions (3/3)
  Positions (3/3):
    ICNT: entry $0.3734 → $0.4103 (+9.9%)
    KAS: entry $0.0321 → $0.0395 (+23.0%)
    FARTCOIN: entry $0.2095 → $0.2099 (+0.2%)

[11:01:32] Scan #773
  635 USD pairs found
  635 tickers fetched
  At max positions (3/3)
  Positions (3/3):
    ICNT: entry $0.3734 → $0.4103 (+9.9%)
    KAS: entry $0.0321 → $0.0395 (+22.9%)
    FARTCOIN: entry $0.2095 → $0.2098 (+0.1%)

[11:06:41] Scan #774
  635 USD pairs found
  635 tickers fetched
  At max positions (3/3)
  Positions (3/3):
    ICNT: entry $0.3734 → $0.4103 (+9.9%)
    KAS: entry $0.0321 → $0.0393 (+22.4%)
    FARTCOIN: entry $0.2095 → $0.2097 (+0.1%)

[11:11:50] Scan #775
  635 USD pairs found
  635 tickers fetched
  At max positions (3/3)
  Positions (3/3):
    ICNT: entry $0.3734 → $0.4103 (+9.9%)
    KAS: entry $0.0321 → $0.0394 (+22.6%)
    FARTCOIN: entry $0.2095 → $0.2101 (+0.3%)

[11:16:59] Scan #776
  635 USD pairs found
  635 tickers fetched
  At max positions (3/3)
  Positions (3/3):
    ICNT: entry $0.3734 → $0.4086 (+9.4%)
    KAS: entry $0.0321 → $0.0395 (+23.0%)
    FARTCOIN: entry $0.2095 → $0.2097 (+0.1%)

[11:22:08] Scan #777
  635 USD pairs found
  635 tickers fetched
  At max positions (3/3)
  Positions (3/3):
    ICNT: entry $0.3734 → $0.4102 (+9.9%)
    KAS: entry $0.0321 → $0.0396 (+23.3%)
    FARTCOIN: entry $0.2095 → $0.2103 (+0.4%)

[11:27:17] Scan #778
  635 USD pairs found
  635 tickers fetched
  At max positions (3/3)
  Positions (3/3):
    ICNT: entry $0.3734 → $0.4102 (+9.9%)
    KAS: entry $0.0321 → $0.0394 (+22.6%)
    FARTCOIN: entry $0.2095 → $0.2089 (-0.3%)

[11:32:26] Scan #779
  635 USD pairs found
  635 tickers fetched
  At max positions (3/3)
  Positions (3/3):
    ICNT: entry $0.3734 → $0.4127 (+10.5%)
    KAS: entry $0.0321 → $0.0393 (+22.5%)
    FARTCOIN: entry $0.2095 → $0.2052 (-2.1%)

[11:37:36] Scan #780
  635 USD pairs found
  635 tickers fetched
  At max positions (3/3)
  Positions (3/3):
    ICNT: entry $0.3734 → $0.4127 (+10.5%)
    KAS: entry $0.0321 → $0.0391 (+21.8%)
    FARTCOIN: entry $0.2095 → $0.2046 (-2.3%)

[11:42:45] Scan #781
  635 USD pairs found
  635 tickers fetched
  At max positions (3/3)
  Positions (3/3):
    ICNT: entry $0.3734 → $0.4165 (+11.5%)
    KAS: entry $0.0321 → $0.0389 (+21.2%)
    FARTCOIN: entry $0.2095 → $0.2065 (-1.4%)

[11:47:54] Scan #782
  635 USD pairs found
  635 tickers fetched
  At max positions (3/3)
  Positions (3/3):
    ICNT: entry $0.3734 → $0.4165 (+11.5%)
    KAS: entry $0.0321 → $0.0385 (+19.8%)
    FARTCOIN: entry $0.2095 → $0.2060 (-1.7%)

[11:53:03] Scan #783
  635 USD pairs found
  635 tickers fetched
  At max positions (3/3)
  Positions (3/3):
    ICNT: entry $0.3734 → $0.4165 (+11.5%)
    KAS: entry $0.0321 → $0.0382 (+18.8%)
    FARTCOIN: entry $0.2095 → $0.2045 (-2.4%)

[11:58:12] Scan #784
  635 USD pairs found
  635 tickers fetched
  At max positions (3/3)
  Positions (3/3):
    ICNT: entry $0.3734 → $0.4179 (+11.9%)
    KAS: entry $0.0321 → $0.0381 (+18.8%)
    FARTCOIN: entry $0.2095 → $0.2046 (-2.3%)

[12:03:21] Scan #785
  635 USD pairs found
  635 tickers fetched
  At max positions (3/3)
  Positions (3/3):
    ICNT: entry $0.3734 → $0.4179 (+11.9%)
    KAS: entry $0.0321 → $0.0384 (+19.6%)
    FARTCOIN: entry $0.2095 → $0.2038 (-2.7%)

[12:08:31] Scan #786
  635 USD pairs found
  635 tickers fetched
  At max positions (3/3)
  Positions (3/3):
    ICNT: entry $0.3734 → $0.4142 (+10.9%)
    KAS: entry $0.0321 → $0.0381 (+18.8%)
    FARTCOIN: entry $0.2095 → $0.2034 (-2.9%)

[12:13:40] Scan #787
  635 USD pairs found
  635 tickers fetched
  At max positions (3/3)
  Positions (3/3):
    ICNT: entry $0.3734 → $0.4142 (+10.9%)
    KAS: entry $0.0321 → $0.0381 (+18.6%)
    FARTCOIN: entry $0.2095 → $0.2039 (-2.7%)

[12:18:49] Scan #788
  635 USD pairs found
  635 tickers fetched
  At max positions (3/3)
  Positions (3/3):
    ICNT: entry $0.3734 → $0.4142 (+10.9%)
    KAS: entry $0.0321 → $0.0381 (+18.6%)
    FARTCOIN: entry $0.2095 → $0.2013 (-3.9%)

[12:23:58] Scan #789
  635 USD pairs found
  635 tickers fetched
  At max positions (3/3)
  Positions (3/3):
    ICNT: entry $0.3734 → $0.4142 (+10.9%)
    KAS: entry $0.0321 → $0.0380 (+18.3%)
    FARTCOIN: entry $0.2095 → $0.2032 (-3.0%)

[12:29:08] Scan #790
  635 USD pairs found
  635 tickers fetched
  At max positions (3/3)
  Positions (3/3):
    ICNT: entry $0.3734 → $0.4142 (+10.9%)
    KAS: entry $0.0321 → $0.0379 (+18.2%)
    FARTCOIN: entry $0.2095 → $0.2018 (-3.7%)

[12:34:17] Scan #791
  635 USD pairs found
  635 tickers fetched
  At max positions (3/3)
  Positions (3/3):
    ICNT: entry $0.3734 → $0.4142 (+10.9%)
    KAS: entry $0.0321 → $0.0375 (+16.7%)
    FARTCOIN: entry $0.2095 → $0.1984 (-5.3%)

[12:39:26] Scan #792
  635 USD pairs found
  635 tickers fetched
  At max positions (3/3)
  Positions (3/3):
    ICNT: entry $0.3734 → $0.4142 (+10.9%)
    KAS: entry $0.0321 → $0.0377 (+17.4%)
    FARTCOIN: entry $0.2095 → $0.2003 (-4.4%)

[12:44:35] Scan #793
  635 USD pairs found
  635 tickers fetched
  At max positions (3/3)
  Positions (3/3):
    ICNT: entry $0.3734 → $0.4142 (+10.9%)
    KAS: entry $0.0321 → $0.0376 (+17.0%)
    FARTCOIN: entry $0.2095 → $0.2001 (-4.5%)

[12:49:44] Scan #794
  635 USD pairs found
  635 tickers fetched
  At max positions (3/3)
  Positions (3/3):
    ICNT: entry $0.3734 → $0.4173 (+11.8%)
    KAS: entry $0.0321 → $0.0376 (+17.0%)
    FARTCOIN: entry $0.2095 → $0.1982 (-5.4%)

[12:54:53] Scan #795
  635 USD pairs found
  635 tickers fetched
  At max positions (3/3)
  Positions (3/3):
    ICNT: entry $0.3734 → $0.4170 (+11.7%)
    KAS: entry $0.0321 → $0.0378 (+17.8%)
    FARTCOIN: entry $0.2095 → $0.1988 (-5.1%)

[13:00:03] Scan #796
  635 USD pairs found
  635 tickers fetched
  At max positions (3/3)
  Positions (3/3):
    ICNT: entry $0.3734 → $0.4170 (+11.7%)
    KAS: entry $0.0321 → $0.0376 (+17.1%)
    FARTCOIN: entry $0.2095 → $0.1987 (-5.2%)

[13:05:12] Scan #797
  636 USD pairs found
  636 tickers fetched
  At max positions (3/3)
  Positions (3/3):
    ICNT: entry $0.3734 → $0.4144 (+11.0%)
    KAS: entry $0.0321 → $0.0378 (+17.7%)
    FARTCOIN: entry $0.2095 → $0.1989 (-5.1%)

[13:10:21] Scan #798
  636 USD pairs found
  636 tickers fetched
  At max positions (3/3)
  Positions (3/3):
    ICNT: entry $0.3734 → $0.4096 (+9.7%)
    KAS: entry $0.0321 → $0.0380 (+18.3%)
    FARTCOIN: entry $0.2095 → $0.1970 (-6.0%)

[13:15:30] Scan #799
  636 USD pairs found
  636 tickers fetched
  At max positions (3/3)
  Positions (3/3):
    ICNT: entry $0.3734 → $0.4153 (+11.2%)
    KAS: entry $0.0321 → $0.0380 (+18.4%)
    FARTCOIN: entry $0.2095 → $0.1974 (-5.8%)

[13:20:40] Scan #800
  636 USD pairs found
  636 tickers fetched
  At max positions (3/3)
  Positions (3/3):
    ICNT: entry $0.3734 → $0.4128 (+10.6%)
    KAS: entry $0.0321 → $0.0380 (+18.3%)
    FARTCOIN: entry $0.2095 → $0.1969 (-6.0%)

[13:25:49] Scan #801
  636 USD pairs found
  636 tickers fetched
  At max positions (3/3)
  Positions (3/3):
    ICNT: entry $0.3734 → $0.4124 (+10.4%)
    KAS: entry $0.0321 → $0.0382 (+18.9%)
    FARTCOIN: entry $0.2095 → $0.1962 (-6.3%)

[13:30:58] Scan #802
  636 USD pairs found
  636 tickers fetched
  At max positions (3/3)
  Positions (3/3):
    ICNT: entry $0.3734 → $0.4120 (+10.3%)
    KAS: entry $0.0321 → $0.0382 (+18.9%)
    FARTCOIN: entry $0.2095 → $0.1966 (-6.2%)

[13:36:07] Scan #803
  636 USD pairs found
  636 tickers fetched
  At max positions (3/3)
  Positions (3/3):
    ICNT: entry $0.3734 → $0.4133 (+10.7%)
    KAS: entry $0.0321 → $0.0382 (+18.8%)
    FARTCOIN: entry $0.2095 → $0.1995 (-4.8%)

[13:41:16] Scan #804
  636 USD pairs found
  636 tickers fetched
  At max positions (3/3)
  Positions (3/3):
    ICNT: entry $0.3734 → $0.4094 (+9.6%)
    KAS: entry $0.0321 → $0.0382 (+18.9%)
    FARTCOIN: entry $0.2095 → $0.1989 (-5.1%)

[13:46:26] Scan #805
  636 USD pairs found
  636 tickers fetched
  At max positions (3/3)
  Positions (3/3):
    ICNT: entry $0.3734 → $0.4094 (+9.6%)
    KAS: entry $0.0321 → $0.0380 (+18.4%)
    FARTCOIN: entry $0.2095 → $0.1984 (-5.3%)

[13:51:35] Scan #806
  636 USD pairs found
  636 tickers fetched
  At max positions (3/3)
  Positions (3/3):
    ICNT: entry $0.3734 → $0.4082 (+9.3%)
    KAS: entry $0.0321 → $0.0380 (+18.3%)
    FARTCOIN: entry $0.2095 → $0.1977 (-5.6%)

[13:56:44] Scan #807
  636 USD pairs found
  636 tickers fetched
  At max positions (3/3)
  Positions (3/3):
    ICNT: entry $0.3734 → $0.4082 (+9.3%)
    KAS: entry $0.0321 → $0.0379 (+17.9%)
    FARTCOIN: entry $0.2095 → $0.1973 (-5.8%)

[14:01:54] Scan #808
  636 USD pairs found
  636 tickers fetched
  At max positions (3/3)
  Positions (3/3):
    ICNT: entry $0.3734 → $0.4013 (+7.5%)
    KAS: entry $0.0321 → $0.0380 (+18.5%)
    FARTCOIN: entry $0.2095 → $0.1986 (-5.2%)

[14:07:03] Scan #809
  636 USD pairs found
  636 tickers fetched
  At max positions (3/3)
  Positions (3/3):
    ICNT: entry $0.3734 → $0.3986 (+6.7%)
    KAS: entry $0.0321 → $0.0378 (+17.8%)
    FARTCOIN: entry $0.2095 → $0.1979 (-5.5%)

[14:12:12] Scan #810
  636 USD pairs found
  636 tickers fetched
  At max positions (3/3)
  Positions (3/3):
    ICNT: entry $0.3734 → $0.3986 (+6.7%)
    KAS: entry $0.0321 → $0.0378 (+17.7%)
    FARTCOIN: entry $0.2095 → $0.1982 (-5.4%)

[14:17:22] Scan #811
  636 USD pairs found
  636 tickers fetched
  At max positions (3/3)
  Positions (3/3):
    ICNT: entry $0.3734 → $0.4001 (+7.2%)
    KAS: entry $0.0321 → $0.0378 (+17.7%)
    FARTCOIN: entry $0.2095 → $0.1969 (-6.0%)

[14:22:31] Scan #812
  636 USD pairs found
  636 tickers fetched
  At max positions (3/3)
  Positions (3/3):
    ICNT: entry $0.3734 → $0.4056 (+8.6%)
    KAS: entry $0.0321 → $0.0380 (+18.3%)
    FARTCOIN: entry $0.2095 → $0.1969 (-6.0%)

[14:27:40] Scan #813
  636 USD pairs found
  636 tickers fetched
  At max positions (3/3)
  Positions (3/3):
    ICNT: entry $0.3734 → $0.4056 (+8.6%)
    KAS: entry $0.0321 → $0.0381 (+18.6%)
    FARTCOIN: entry $0.2095 → $0.1977 (-5.6%)

[14:32:49] Scan #814
  636 USD pairs found
  636 tickers fetched
  At max positions (3/3)
  Positions (3/3):
    ICNT: entry $0.3734 → $0.4031 (+8.0%)
    KAS: entry $0.0321 → $0.0381 (+18.7%)
    FARTCOIN: entry $0.2095 → $0.1945 (-7.2%)

[14:37:59] Scan #815
  636 USD pairs found
  636 tickers fetched
  At max positions (3/3)
  Positions (3/3):
    ICNT: entry $0.3734 → $0.4048 (+8.4%)
    KAS: entry $0.0321 → $0.0383 (+19.3%)
    FARTCOIN: entry $0.2095 → $0.1953 (-6.8%)

[14:43:08] Scan #816
  636 USD pairs found
  636 tickers fetched
  At max positions (3/3)
  Positions (3/3):
    ICNT: entry $0.3734 → $0.4068 (+8.9%)
    KAS: entry $0.0321 → $0.0383 (+19.2%)
    FARTCOIN: entry $0.2095 → $0.1946 (-7.1%)

[14:48:17] Scan #817
  636 USD pairs found
  636 tickers fetched
  At max positions (3/3)
  Positions (3/3):
    ICNT: entry $0.3734 → $0.4068 (+8.9%)
    KAS: entry $0.0321 → $0.0385 (+19.8%)
    FARTCOIN: entry $0.2095 → $0.1954 (-6.7%)

[14:53:27] Scan #818
  636 USD pairs found
  636 tickers fetched
  At max positions (3/3)
  Positions (3/3):
    ICNT: entry $0.3734 → $0.4068 (+8.9%)
    KAS: entry $0.0321 → $0.0385 (+19.8%)
    FARTCOIN: entry $0.2095 → $0.1934 (-7.7%)

[14:58:36] Scan #819
  636 USD pairs found
  636 tickers fetched
  At max positions (3/3)
  Positions (3/3):
    ICNT: entry $0.3734 → $0.3877 (+3.8%)
    KAS: entry $0.0321 → $0.0383 (+19.2%)
    FARTCOIN: entry $0.2095 → $0.1912 (-8.7%)

[15:03:45] Scan #820
  636 USD pairs found
  636 tickers fetched
  At max positions (3/3)
  Positions (3/3):
    ICNT: entry $0.3734 → $0.3877 (+3.8%)
    KAS: entry $0.0321 → $0.0383 (+19.2%)
    FARTCOIN: entry $0.2095 → $0.1941 (-7.4%)

[15:08:55] Scan #821
  636 USD pairs found
  636 tickers fetched
  At max positions (3/3)
  Positions (3/3):
    ICNT: entry $0.3734 → $0.3853 (+3.2%)
    KAS: entry $0.0321 → $0.0388 (+20.7%)
    FARTCOIN: entry $0.2095 → $0.1973 (-5.8%)

[15:14:04] Scan #822
  636 USD pairs found
  636 tickers fetched
  At max positions (3/3)
  Positions (3/3):
    ICNT: entry $0.3734 → $0.3853 (+3.2%)
    KAS: entry $0.0321 → $0.0383 (+19.2%)
    FARTCOIN: entry $0.2095 → $0.1972 (-5.9%)

[15:19:14] Scan #823
  636 USD pairs found
  636 tickers fetched
  At max positions (3/3)
  Positions (3/3):
    ICNT: entry $0.3734 → $0.3853 (+3.2%)
    KAS: entry $0.0321 → $0.0380 (+18.5%)
    FARTCOIN: entry $0.2095 → $0.1992 (-4.9%)

[15:24:23] Scan #824
  636 USD pairs found
  636 tickers fetched
  At max positions (3/3)
  Positions (3/3):
    ICNT: entry $0.3734 → $0.3853 (+3.2%)
    KAS: entry $0.0321 → $0.0379 (+18.0%)
    FARTCOIN: entry $0.2095 → $0.1985 (-5.3%)

[15:29:32] Scan #825
  636 USD pairs found
  636 tickers fetched
  At max positions (3/3)
  Positions (3/3):
    ICNT: entry $0.3734 → $0.3853 (+3.2%)
    KAS: entry $0.0321 → $0.0379 (+18.1%)
    FARTCOIN: entry $0.2095 → $0.1986 (-5.2%)

[15:34:42] Scan #826
  636 USD pairs found
  636 tickers fetched
  At max positions (3/3)
  Positions (3/3):
    ICNT: entry $0.3734 → $0.3853 (+3.2%)
    KAS: entry $0.0321 → $0.0382 (+18.9%)
    FARTCOIN: entry $0.2095 → $0.1988 (-5.1%)

[15:39:51] Scan #827
  636 USD pairs found
  636 tickers fetched
  At max positions (3/3)
  Positions (3/3):
    ICNT: entry $0.3734 → $0.3928 (+5.2%)
    KAS: entry $0.0321 → $0.0384 (+19.5%)
    FARTCOIN: entry $0.2095 → $0.1989 (-5.1%)

[15:45:01] Scan #828
  636 USD pairs found
  636 tickers fetched
  At max positions (3/3)
  Positions (3/3):
    ICNT: entry $0.3734 → $0.3924 (+5.1%)
    KAS: entry $0.0321 → $0.0384 (+19.5%)
    FARTCOIN: entry $0.2095 → $0.1986 (-5.2%)

[15:50:10] Scan #829
  636 USD pairs found
  636 tickers fetched
  At max positions (3/3)
  Positions (3/3):
    ICNT: entry $0.3734 → $0.3918 (+4.9%)
    KAS: entry $0.0321 → $0.0382 (+18.9%)
    FARTCOIN: entry $0.2095 → $0.1983 (-5.3%)

[15:55:19] Scan #830
  636 USD pairs found
  636 tickers fetched
  At max positions (3/3)
  Positions (3/3):
    ICNT: entry $0.3734 → $0.3918 (+4.9%)
    KAS: entry $0.0321 → $0.0379 (+18.1%)
    FARTCOIN: entry $0.2095 → $0.1983 (-5.3%)

[16:00:29] Scan #831
  636 USD pairs found
  636 tickers fetched
  At max positions (3/3)
  Positions (3/3):
    ICNT: entry $0.3734 → $0.3918 (+4.9%)
    KAS: entry $0.0321 → $0.0379 (+17.9%)
    FARTCOIN: entry $0.2095 → $0.1992 (-4.9%)

[16:05:38] Scan #832
  636 USD pairs found
  636 tickers fetched
  At max positions (3/3)
  Positions (3/3):
    ICNT: entry $0.3734 → $0.3918 (+4.9%)
    KAS: entry $0.0321 → $0.0381 (+18.7%)
    FARTCOIN: entry $0.2095 → $0.2015 (-3.8%)

[16:10:48] Scan #833
  636 USD pairs found
  636 tickers fetched
  At max positions (3/3)
  Positions (3/3):
    ICNT: entry $0.3734 → $0.3918 (+4.9%)
    KAS: entry $0.0321 → $0.0381 (+18.7%)
    FARTCOIN: entry $0.2095 → $0.2006 (-4.2%)

[16:15:58] Scan #834
  636 USD pairs found
  636 tickers fetched
  At max positions (3/3)
  Positions (3/3):
    ICNT: entry $0.3734 → $0.3918 (+4.9%)
    KAS: entry $0.0321 → $0.0379 (+18.0%)
    FARTCOIN: entry $0.2095 → $0.2012 (-4.0%)

[16:21:07] Scan #835
  636 USD pairs found
  636 tickers fetched
  At max positions (3/3)
  Positions (3/3):
    ICNT: entry $0.3734 → $0.3918 (+4.9%)
    KAS: entry $0.0321 → $0.0377 (+17.3%)
    FARTCOIN: entry $0.2095 → $0.2005 (-4.3%)

[16:26:17] Scan #836
  636 USD pairs found
  636 tickers fetched
  At max positions (3/3)
  Positions (3/3):
    ICNT: entry $0.3734 → $0.3857 (+3.3%)
    KAS: entry $0.0321 → $0.0374 (+16.4%)
    FARTCOIN: entry $0.2095 → $0.2012 (-4.0%)

[16:31:26] Scan #837
  636 USD pairs found
  636 tickers fetched
  At max positions (3/3)
  Positions (3/3):
    ICNT: entry $0.3734 → $0.3857 (+3.3%)
    KAS: entry $0.0321 → $0.0377 (+17.4%)
    FARTCOIN: entry $0.2095 → $0.2031 (-3.1%)

[16:36:36] Scan #838
  636 USD pairs found
  636 tickers fetched
  At max positions (3/3)
  Positions (3/3):
    ICNT: entry $0.3734 → $0.3853 (+3.2%)
    KAS: entry $0.0321 → $0.0376 (+17.2%)
    FARTCOIN: entry $0.2095 → $0.2023 (-3.4%)

[16:41:45] Scan #839
  636 USD pairs found
  636 tickers fetched
  At max positions (3/3)
  Positions (3/3):
    ICNT: entry $0.3734 → $0.3853 (+3.2%)
    KAS: entry $0.0321 → $0.0377 (+17.5%)
    FARTCOIN: entry $0.2095 → $0.2036 (-2.8%)

[16:46:55] Scan #840
  636 USD pairs found
  636 tickers fetched
  At max positions (3/3)
  Positions (3/3):
    ICNT: entry $0.3734 → $0.3853 (+3.2%)
    KAS: entry $0.0321 → $0.0377 (+17.5%)
    FARTCOIN: entry $0.2095 → $0.2031 (-3.1%)

[16:52:06] Scan #841
  636 USD pairs found
  636 tickers fetched
  At max positions (3/3)
  Positions (3/3):
    ICNT: entry $0.3734 → $0.3853 (+3.2%)
    KAS: entry $0.0321 → $0.0376 (+17.2%)
    FARTCOIN: entry $0.2095 → $0.2057 (-1.8%)

[16:57:15] Scan #842
  636 USD pairs found
  636 tickers fetched
  At max positions (3/3)
  Positions (3/3):
    ICNT: entry $0.3734 → $0.3764 (+0.8%)
    KAS: entry $0.0321 → $0.0376 (+17.2%)
    FARTCOIN: entry $0.2095 → $0.2056 (-1.9%)

[17:02:26] Scan #843
  636 USD pairs found
  636 tickers fetched
  At max positions (3/3)
  Positions (3/3):
    ICNT: entry $0.3734 → $0.3764 (+0.8%)
    KAS: entry $0.0321 → $0.0376 (+17.2%)
    FARTCOIN: entry $0.2095 → $0.2064 (-1.5%)

[17:07:36] Scan #844
  636 USD pairs found
  636 tickers fetched
  At max positions (3/3)
  Positions (3/3):
    ICNT: entry $0.3734 → $0.3772 (+1.0%)
    KAS: entry $0.0321 → $0.0376 (+17.1%)
    FARTCOIN: entry $0.2095 → $0.2048 (-2.2%)

[17:12:45] Scan #845
  636 USD pairs found
  636 tickers fetched
  At max positions (3/3)
  Positions (3/3):
    ICNT: entry $0.3734 → $0.3772 (+1.0%)
    KAS: entry $0.0321 → $0.0379 (+17.9%)
    FARTCOIN: entry $0.2095 → $0.2068 (-1.3%)

[17:17:54] Scan #846
  636 USD pairs found
  636 tickers fetched
  At max positions (3/3)
  Positions (3/3):
    ICNT: entry $0.3734 → $0.3772 (+1.0%)
    KAS: entry $0.0321 → $0.0378 (+17.7%)
    FARTCOIN: entry $0.2095 → $0.2068 (-1.3%)

[17:23:04] Scan #847
  636 USD pairs found
  636 tickers fetched
  At max positions (3/3)
  Positions (3/3):
    ICNT: entry $0.3734 → $0.3830 (+2.6%)
    KAS: entry $0.0321 → $0.0379 (+18.1%)
    FARTCOIN: entry $0.2095 → $0.2090 (-0.2%)

[17:28:14] Scan #848
  636 USD pairs found
  636 tickers fetched
  At max positions (3/3)
  Positions (3/3):
    ICNT: entry $0.3734 → $0.3912 (+4.8%)
    KAS: entry $0.0321 → $0.0378 (+17.7%)
    FARTCOIN: entry $0.2095 → $0.2074 (-1.0%)

[17:33:23] Scan #849
  636 USD pairs found
  636 tickers fetched
  At max positions (3/3)
  Positions (3/3):
    ICNT: entry $0.3734 → $0.3991 (+6.9%)
    KAS: entry $0.0321 → $0.0379 (+17.9%)
    FARTCOIN: entry $0.2095 → $0.2071 (-1.1%)

[17:38:32] Scan #850
  636 USD pairs found
  636 tickers fetched
  At max positions (3/3)
  Positions (3/3):
    ICNT: entry $0.3734 → $0.3951 (+5.8%)
    KAS: entry $0.0321 → $0.0380 (+18.3%)
    FARTCOIN: entry $0.2095 → $0.2072 (-1.1%)

[17:43:41] Scan #851
  636 USD pairs found
  636 tickers fetched
  At max positions (3/3)
  Positions (3/3):
    ICNT: entry $0.3734 → $0.3951 (+5.8%)
    KAS: entry $0.0321 → $0.0382 (+18.9%)
    FARTCOIN: entry $0.2095 → $0.2074 (-1.0%)

[17:48:51] Scan #852
  636 USD pairs found
  636 tickers fetched
  At max positions (3/3)
  Positions (3/3):
    ICNT: entry $0.3734 → $0.3946 (+5.7%)
    KAS: entry $0.0321 → $0.0382 (+18.8%)
    FARTCOIN: entry $0.2095 → $0.2085 (-0.5%)

[17:54:01] Scan #853
  636 USD pairs found
  636 tickers fetched
  At max positions (3/3)
  Positions (3/3):
    ICNT: entry $0.3734 → $0.3946 (+5.7%)
    KAS: entry $0.0321 → $0.0381 (+18.6%)
    FARTCOIN: entry $0.2095 → $0.2085 (-0.5%)

[17:59:11] Scan #854
  636 USD pairs found
  636 tickers fetched
  At max positions (3/3)
  Positions (3/3):
    ICNT: entry $0.3734 → $0.3909 (+4.7%)
    KAS: entry $0.0321 → $0.0380 (+18.3%)
    FARTCOIN: entry $0.2095 → $0.2084 (-0.5%)

[18:04:21] Scan #855
  636 USD pairs found
  636 tickers fetched
  At max positions (3/3)
  Positions (3/3):
    ICNT: entry $0.3734 → $0.3896 (+4.3%)
    KAS: entry $0.0321 → $0.0382 (+19.1%)
    FARTCOIN: entry $0.2095 → $0.2128 (+1.6%)

[18:09:30] Scan #856
  636 USD pairs found
  636 tickers fetched
  At max positions (3/3)
  Positions (3/3):
    ICNT: entry $0.3734 → $0.3899 (+4.4%)
    KAS: entry $0.0321 → $0.0385 (+19.8%)
    FARTCOIN: entry $0.2095 → $0.2141 (+2.2%)

[18:14:39] Scan #857
  636 USD pairs found
  636 tickers fetched
  At max positions (3/3)
  Positions (3/3):
    ICNT: entry $0.3734 → $0.3900 (+4.4%)
    KAS: entry $0.0321 → $0.0386 (+20.3%)
    FARTCOIN: entry $0.2095 → $0.2131 (+1.7%)

[18:19:49] Scan #858
  636 USD pairs found
  636 tickers fetched
  At max positions (3/3)
  Positions (3/3):
    ICNT: entry $0.3734 → $0.3900 (+4.4%)
    KAS: entry $0.0321 → $0.0386 (+20.1%)
    FARTCOIN: entry $0.2095 → $0.2120 (+1.2%)

[18:24:59] Scan #859
  636 USD pairs found
  636 tickers fetched
  At max positions (3/3)
  Positions (3/3):
    ICNT: entry $0.3734 → $0.3900 (+4.4%)
    KAS: entry $0.0321 → $0.0384 (+19.5%)
    FARTCOIN: entry $0.2095 → $0.2123 (+1.3%)

[18:30:09] Scan #860
  636 USD pairs found
  636 tickers fetched
  At max positions (3/3)
  Positions (3/3):
    ICNT: entry $0.3734 → $0.3899 (+4.4%)
    KAS: entry $0.0321 → $0.0385 (+19.9%)
    FARTCOIN: entry $0.2095 → $0.2119 (+1.1%)

[18:35:19] Scan #861
  636 USD pairs found
  636 tickers fetched
  At max positions (3/3)
  Positions (3/3):
    ICNT: entry $0.3734 → $0.3903 (+4.5%)
    KAS: entry $0.0321 → $0.0385 (+20.0%)
    FARTCOIN: entry $0.2095 → $0.2096 (+0.0%)

[18:40:28] Scan #862
  636 USD pairs found
  636 tickers fetched
  At max positions (3/3)
  Positions (3/3):
    ICNT: entry $0.3734 → $0.3903 (+4.5%)
    KAS: entry $0.0321 → $0.0386 (+20.3%)
    FARTCOIN: entry $0.2095 → $0.2107 (+0.6%)

[18:45:38] Scan #863
  636 USD pairs found
  636 tickers fetched
  At max positions (3/3)
  Positions (3/3):
    ICNT: entry $0.3734 → $0.3908 (+4.7%)
    KAS: entry $0.0321 → $0.0387 (+20.4%)
    FARTCOIN: entry $0.2095 → $0.2114 (+0.9%)

[18:50:47] Scan #864
  636 USD pairs found
  636 tickers fetched
  At max positions (3/3)
  Positions (3/3):
    ICNT: entry $0.3734 → $0.3911 (+4.7%)
    KAS: entry $0.0321 → $0.0385 (+19.8%)
    FARTCOIN: entry $0.2095 → $0.2096 (+0.0%)

[18:55:56] Scan #865
  636 USD pairs found
  636 tickers fetched
  At max positions (3/3)
  Positions (3/3):
    ICNT: entry $0.3734 → $0.3916 (+4.9%)
    KAS: entry $0.0321 → $0.0383 (+19.4%)
    FARTCOIN: entry $0.2095 → $0.2060 (-1.7%)

[19:01:06] Scan #866
  636 USD pairs found
  636 tickers fetched
  At max positions (3/3)
  Positions (3/3):
    ICNT: entry $0.3734 → $0.3915 (+4.8%)
    KAS: entry $0.0321 → $0.0382 (+19.1%)
    FARTCOIN: entry $0.2095 → $0.2045 (-2.4%)

[19:06:15] Scan #867
  636 USD pairs found
  636 tickers fetched
  At max positions (3/3)
  Positions (3/3):
    ICNT: entry $0.3734 → $0.3914 (+4.8%)
    KAS: entry $0.0321 → $0.0384 (+19.4%)
    FARTCOIN: entry $0.2095 → $0.2064 (-1.5%)

[19:11:25] Scan #868
  636 USD pairs found
  636 tickers fetched
  At max positions (3/3)
  Positions (3/3):
    ICNT: entry $0.3734 → $0.3918 (+4.9%)
    KAS: entry $0.0321 → $0.0386 (+20.1%)
    FARTCOIN: entry $0.2095 → $0.2061 (-1.6%)

[19:16:35] Scan #869
  636 USD pairs found
  636 tickers fetched
  At max positions (3/3)
  Positions (3/3):
    ICNT: entry $0.3734 → $0.3918 (+4.9%)
    KAS: entry $0.0321 → $0.0385 (+19.8%)
    FARTCOIN: entry $0.2095 → $0.2075 (-1.0%)

[19:21:45] Scan #870
  636 USD pairs found
  636 tickers fetched
  At max positions (3/3)
  Positions (3/3):
    ICNT: entry $0.3734 → $0.3926 (+5.1%)
    KAS: entry $0.0321 → $0.0385 (+20.0%)
    FARTCOIN: entry $0.2095 → $0.2057 (-1.8%)

[19:26:55] Scan #871
  636 USD pairs found
  636 tickers fetched
  At max positions (3/3)
  Positions (3/3):
    ICNT: entry $0.3734 → $0.3940 (+5.5%)
    KAS: entry $0.0321 → $0.0384 (+19.5%)
    FARTCOIN: entry $0.2095 → $0.2049 (-2.2%)

[19:32:05] Scan #872
  636 USD pairs found
  636 tickers fetched
  At max positions (3/3)
  Positions (3/3):
    ICNT: entry $0.3734 → $0.3940 (+5.5%)
    KAS: entry $0.0321 → $0.0383 (+19.4%)
    FARTCOIN: entry $0.2095 → $0.2032 (-3.0%)

[19:37:15] Scan #873
  636 USD pairs found
  636 tickers fetched
  At max positions (3/3)
  Positions (3/3):
    ICNT: entry $0.3734 → $0.3986 (+6.7%)
    KAS: entry $0.0321 → $0.0382 (+19.1%)
    FARTCOIN: entry $0.2095 → $0.2024 (-3.4%)

[19:42:24] Scan #874
  636 USD pairs found
  636 tickers fetched
  At max positions (3/3)
  Positions (3/3):
    ICNT: entry $0.3734 → $0.3986 (+6.7%)
    KAS: entry $0.0321 → $0.0382 (+19.0%)
    FARTCOIN: entry $0.2095 → $0.2014 (-3.9%)

[19:47:33] Scan #875
  636 USD pairs found
  636 tickers fetched
  At max positions (3/3)
  Positions (3/3):
    ICNT: entry $0.3734 → $0.3986 (+6.7%)
    KAS: entry $0.0321 → $0.0382 (+18.9%)
    FARTCOIN: entry $0.2095 → $0.2003 (-4.4%)

[19:52:43] Scan #876
  636 USD pairs found
  636 tickers fetched
  At max positions (3/3)
  Positions (3/3):
    ICNT: entry $0.3734 → $0.3956 (+5.9%)
    KAS: entry $0.0321 → $0.0382 (+18.9%)
    FARTCOIN: entry $0.2095 → $0.2014 (-3.9%)

[19:57:52] Scan #877
  636 USD pairs found
  636 tickers fetched
  At max positions (3/3)
  Positions (3/3):
    ICNT: entry $0.3734 → $0.3956 (+5.9%)
    KAS: entry $0.0321 → $0.0382 (+19.0%)
    FARTCOIN: entry $0.2095 → $0.2027 (-3.2%)

[20:03:02] Scan #878
  636 USD pairs found
  636 tickers fetched
  At max positions (3/3)
  Positions (3/3):
    ICNT: entry $0.3734 → $0.3976 (+6.5%)
    KAS: entry $0.0321 → $0.0380 (+18.4%)
    FARTCOIN: entry $0.2095 → $0.2013 (-3.9%)

[20:08:11] Scan #879
  636 USD pairs found
  636 tickers fetched
  At max positions (3/3)
  Positions (3/3):
    ICNT: entry $0.3734 → $0.3995 (+7.0%)
    KAS: entry $0.0321 → $0.0379 (+18.1%)
    FARTCOIN: entry $0.2095 → $0.1980 (-5.5%)

[20:13:21] Scan #880
  636 USD pairs found
  636 tickers fetched
  At max positions (3/3)
  Positions (3/3):
    ICNT: entry $0.3734 → $0.4008 (+7.3%)
    KAS: entry $0.0321 → $0.0379 (+18.1%)
    FARTCOIN: entry $0.2095 → $0.1991 (-5.0%)

[20:18:31] Scan #881
  636 USD pairs found
  636 tickers fetched
  At max positions (3/3)
  Positions (3/3):
    ICNT: entry $0.3734 → $0.4008 (+7.3%)
    KAS: entry $0.0321 → $0.0380 (+18.4%)
    FARTCOIN: entry $0.2095 → $0.2015 (-3.8%)

[20:23:41] Scan #882
  636 USD pairs found
  636 tickers fetched
  At max positions (3/3)
  Positions (3/3):
    ICNT: entry $0.3734 → $0.4011 (+7.4%)
    KAS: entry $0.0321 → $0.0379 (+18.0%)
    FARTCOIN: entry $0.2095 → $0.1998 (-4.6%)

[20:28:50] Scan #883
  636 USD pairs found
  636 tickers fetched
  At max positions (3/3)
  Positions (3/3):
    ICNT: entry $0.3734 → $0.4011 (+7.4%)
    KAS: entry $0.0321 → $0.0380 (+18.4%)
    FARTCOIN: entry $0.2095 → $0.2019 (-3.6%)

[20:34:00] Scan #884
  636 USD pairs found
  636 tickers fetched
  At max positions (3/3)
  Positions (3/3):
    ICNT: entry $0.3734 → $0.4011 (+7.4%)
    KAS: entry $0.0321 → $0.0383 (+19.2%)
    FARTCOIN: entry $0.2095 → $0.2024 (-3.4%)

[20:39:10] Scan #885
  636 USD pairs found
  636 tickers fetched
  At max positions (3/3)
  Positions (3/3):
    ICNT: entry $0.3734 → $0.4059 (+8.7%)
    KAS: entry $0.0321 → $0.0381 (+18.6%)
    FARTCOIN: entry $0.2095 → $0.2025 (-3.3%)

[20:44:19] Scan #886
  636 USD pairs found
  636 tickers fetched
  At max positions (3/3)
  Positions (3/3):
    ICNT: entry $0.3734 → $0.4041 (+8.2%)
    KAS: entry $0.0321 → $0.0381 (+18.8%)
    FARTCOIN: entry $0.2095 → $0.2045 (-2.4%)

[20:49:28] Scan #887
  636 USD pairs found
  636 tickers fetched
  At max positions (3/3)
  Positions (3/3):
    ICNT: entry $0.3734 → $0.4041 (+8.2%)
    KAS: entry $0.0321 → $0.0382 (+18.9%)
    FARTCOIN: entry $0.2095 → $0.2041 (-2.6%)

[20:54:37] Scan #888
  636 USD pairs found
  636 tickers fetched
  At max positions (3/3)
  Positions (3/3):
    ICNT: entry $0.3734 → $0.4046 (+8.4%)
    KAS: entry $0.0321 → $0.0382 (+19.1%)
    FARTCOIN: entry $0.2095 → $0.2062 (-1.6%)

[20:59:47] Scan #889
  636 USD pairs found
  636 tickers fetched
  At max positions (3/3)
  Positions (3/3):
    ICNT: entry $0.3734 → $0.4023 (+7.7%)
    KAS: entry $0.0321 → $0.0383 (+19.3%)
    FARTCOIN: entry $0.2095 → $0.2086 (-0.4%)

[21:04:56] Scan #890
  636 USD pairs found
  636 tickers fetched
  At max positions (3/3)
  Positions (3/3):
    ICNT: entry $0.3734 → $0.3988 (+6.8%)
    KAS: entry $0.0321 → $0.0383 (+19.4%)
    FARTCOIN: entry $0.2095 → $0.2114 (+0.9%)

[21:10:07] Scan #891
  636 USD pairs found
  636 tickers fetched
  At max positions (3/3)
  Positions (3/3):
    ICNT: entry $0.3734 → $0.3988 (+6.8%)
    KAS: entry $0.0321 → $0.0385 (+19.8%)
    FARTCOIN: entry $0.2095 → $0.2135 (+1.9%)

[21:15:17] Scan #892
  636 USD pairs found
  636 tickers fetched
  At max positions (3/3)
  Positions (3/3):
    ICNT: entry $0.3734 → $0.3985 (+6.7%)
    KAS: entry $0.0321 → $0.0388 (+20.9%)
    FARTCOIN: entry $0.2095 → $0.2131 (+1.7%)

[21:20:27] Scan #893
  636 USD pairs found
  636 tickers fetched
  At max positions (3/3)
  Positions (3/3):
    ICNT: entry $0.3734 → $0.3987 (+6.8%)
    KAS: entry $0.0321 → $0.0387 (+20.6%)
    FARTCOIN: entry $0.2095 → $0.2127 (+1.5%)

[21:25:38] Scan #894
  636 USD pairs found
  636 tickers fetched
  At max positions (3/3)
  Positions (3/3):
    ICNT: entry $0.3734 → $0.3979 (+6.6%)
    KAS: entry $0.0321 → $0.0385 (+20.0%)
    FARTCOIN: entry $0.2095 → $0.2145 (+2.4%)

[21:30:47] Scan #895
  636 USD pairs found
  636 tickers fetched
  At max positions (3/3)
  Positions (3/3):
    ICNT: entry $0.3734 → $0.4006 (+7.3%)
    KAS: entry $0.0321 → $0.0385 (+19.8%)
    FARTCOIN: entry $0.2095 → $0.2132 (+1.8%)

[21:35:57] Scan #896
  636 USD pairs found
  636 tickers fetched
  At max positions (3/3)
  Positions (3/3):
    ICNT: entry $0.3734 → $0.4006 (+7.3%)
    KAS: entry $0.0321 → $0.0387 (+20.5%)
    FARTCOIN: entry $0.2095 → $0.2129 (+1.6%)

[21:41:06] Scan #897
  636 USD pairs found
  636 tickers fetched
  At max positions (3/3)
  Positions (3/3):
    ICNT: entry $0.3734 → $0.4006 (+7.3%)
    KAS: entry $0.0321 → $0.0389 (+21.2%)
    FARTCOIN: entry $0.2095 → $0.2157 (+3.0%)

[21:46:16] Scan #898
  636 USD pairs found
  636 tickers fetched
  At max positions (3/3)
  Positions (3/3):
    ICNT: entry $0.3734 → $0.3880 (+3.9%)
    KAS: entry $0.0321 → $0.0387 (+20.5%)
    FARTCOIN: entry $0.2095 → $0.2160 (+3.1%)

[21:51:25] Scan #899
  636 USD pairs found
  636 tickers fetched
  At max positions (3/3)
  Positions (3/3):
    ICNT: entry $0.3734 → $0.3880 (+3.9%)
    KAS: entry $0.0321 → $0.0388 (+20.8%)
    FARTCOIN: entry $0.2095 → $0.2166 (+3.4%)

[21:56:50] Scan #900
  636 USD pairs found
  636 tickers fetched
  At max positions (3/3)
  Positions (3/3):
    ICNT: entry $0.3734 → $0.3915 (+4.8%)
    KAS: entry $0.0321 → $0.0388 (+20.8%)
    FARTCOIN: entry $0.2095 → $0.2189 (+4.5%)

[22:01:59] Scan #901
  636 USD pairs found
  636 tickers fetched
  At max positions (3/3)
  Positions (3/3):
    ICNT: entry $0.3734 → $0.3915 (+4.8%)
    KAS: entry $0.0321 → $0.0386 (+20.4%)
    FARTCOIN: entry $0.2095 → $0.2164 (+3.3%)

[22:07:08] Scan #902
  636 USD pairs found
  636 tickers fetched
  At max positions (3/3)
  Positions (3/3):
    ICNT: entry $0.3734 → $0.3870 (+3.6%)
    KAS: entry $0.0321 → $0.0386 (+20.3%)
    FARTCOIN: entry $0.2095 → $0.2173 (+3.7%)

[22:12:17] Scan #903
  636 USD pairs found
  636 tickers fetched
  At max positions (3/3)
  Positions (3/3):
    ICNT: entry $0.3734 → $0.3870 (+3.6%)
    KAS: entry $0.0321 → $0.0387 (+20.5%)
    FARTCOIN: entry $0.2095 → $0.2174 (+3.8%)

[22:17:26] Scan #904
  636 USD pairs found
  636 tickers fetched
  At max positions (3/3)
  Positions (3/3):
    ICNT: entry $0.3734 → $0.3870 (+3.6%)
    KAS: entry $0.0321 → $0.0387 (+20.6%)
    FARTCOIN: entry $0.2095 → $0.2176 (+3.9%)

[22:22:36] Scan #905
  636 USD pairs found
  636 tickers fetched
  At max positions (3/3)
  Positions (3/3):
    ICNT: entry $0.3734 → $0.3870 (+3.6%)
    KAS: entry $0.0321 → $0.0387 (+20.5%)
    FARTCOIN: entry $0.2095 → $0.2132 (+1.8%)

[22:27:45] Scan #906
  636 USD pairs found
  636 tickers fetched
  At max positions (3/3)
  Positions (3/3):
    ICNT: entry $0.3734 → $0.3870 (+3.6%)
    KAS: entry $0.0321 → $0.0388 (+20.7%)
    FARTCOIN: entry $0.2095 → $0.2127 (+1.5%)

[22:32:54] Scan #907
  636 USD pairs found
  636 tickers fetched
  At max positions (3/3)
  Positions (3/3):
    ICNT: entry $0.3734 → $0.3870 (+3.6%)
    KAS: entry $0.0321 → $0.0389 (+21.2%)
    FARTCOIN: entry $0.2095 → $0.2121 (+1.2%)

[22:38:03] Scan #908
  636 USD pairs found
  636 tickers fetched
  At max positions (3/3)
  Positions (3/3):
    ICNT: entry $0.3734 → $0.3870 (+3.6%)
    KAS: entry $0.0321 → $0.0389 (+21.2%)
    FARTCOIN: entry $0.2095 → $0.2112 (+0.8%)

[22:43:12] Scan #909
  636 USD pairs found
  636 tickers fetched
  At max positions (3/3)
  Positions (3/3):
    ICNT: entry $0.3734 → $0.3870 (+3.6%)
    KAS: entry $0.0321 → $0.0388 (+20.8%)
    FARTCOIN: entry $0.2095 → $0.2101 (+0.3%)

[22:48:22] Scan #910
  636 USD pairs found
  636 tickers fetched
  At max positions (3/3)
  Positions (3/3):
    ICNT: entry $0.3734 → $0.3870 (+3.6%)
    KAS: entry $0.0321 → $0.0388 (+20.8%)
    FARTCOIN: entry $0.2095 → $0.2100 (+0.2%)

[22:53:31] Scan #911
  636 USD pairs found
  636 tickers fetched
  At max positions (3/3)
  Positions (3/3):
    ICNT: entry $0.3734 → $0.3870 (+3.6%)
    KAS: entry $0.0321 → $0.0387 (+20.7%)
    FARTCOIN: entry $0.2095 → $0.2103 (+0.4%)

[22:58:40] Scan #912
  636 USD pairs found
  636 tickers fetched
  At max positions (3/3)
  Positions (3/3):
    ICNT: entry $0.3734 → $0.3870 (+3.6%)
    KAS: entry $0.0321 → $0.0389 (+21.3%)
    FARTCOIN: entry $0.2095 → $0.2100 (+0.2%)

[23:03:49] Scan #913
  636 USD pairs found
  636 tickers fetched
  At max positions (3/3)
  Positions (3/3):
    ICNT: entry $0.3734 → $0.3847 (+3.0%)
    KAS: entry $0.0321 → $0.0392 (+22.2%)
    FARTCOIN: entry $0.2095 → $0.2110 (+0.7%)

[23:08:58] Scan #914
  636 USD pairs found
  636 tickers fetched
  At max positions (3/3)
  Positions (3/3):
    ICNT: entry $0.3734 → $0.3847 (+3.0%)
    KAS: entry $0.0321 → $0.0392 (+22.1%)
    FARTCOIN: entry $0.2095 → $0.2111 (+0.8%)

[23:14:08] Scan #915
  636 USD pairs found
  636 tickers fetched
  At max positions (3/3)
  Positions (3/3):
    ICNT: entry $0.3734 → $0.3847 (+3.0%)
    KAS: entry $0.0321 → $0.0392 (+22.0%)
    FARTCOIN: entry $0.2095 → $0.2111 (+0.8%)

[23:19:17] Scan #916
  636 USD pairs found
  636 tickers fetched
  At max positions (3/3)
  Positions (3/3):
    ICNT: entry $0.3734 → $0.3865 (+3.5%)
    KAS: entry $0.0321 → $0.0391 (+21.9%)
    FARTCOIN: entry $0.2095 → $0.2100 (+0.2%)

[23:24:26] Scan #917
  636 USD pairs found
  636 tickers fetched
  At max positions (3/3)
  Positions (3/3):
    ICNT: entry $0.3734 → $0.3865 (+3.5%)
    KAS: entry $0.0321 → $0.0392 (+22.2%)
    FARTCOIN: entry $0.2095 → $0.2100 (+0.2%)

[23:29:35] Scan #918
  636 USD pairs found
  636 tickers fetched
  At max positions (3/3)
  Positions (3/3):
    ICNT: entry $0.3734 → $0.3865 (+3.5%)
    KAS: entry $0.0321 → $0.0393 (+22.3%)
    FARTCOIN: entry $0.2095 → $0.2111 (+0.8%)

[23:34:44] Scan #919
  636 USD pairs found
  636 tickers fetched
  At max positions (3/3)
  Positions (3/3):
    ICNT: entry $0.3734 → $0.3865 (+3.5%)
    KAS: entry $0.0321 → $0.0394 (+22.6%)
    FARTCOIN: entry $0.2095 → $0.2116 (+1.0%)

[23:39:54] Scan #920
  636 USD pairs found
  636 tickers fetched
  At max positions (3/3)
  Positions (3/3):
    ICNT: entry $0.3734 → $0.3865 (+3.5%)
    KAS: entry $0.0321 → $0.0395 (+22.9%)
    FARTCOIN: entry $0.2095 → $0.2110 (+0.7%)

[23:45:03] Scan #921
  636 USD pairs found
  636 tickers fetched
  At max positions (3/3)
  Positions (3/3):
    ICNT: entry $0.3734 → $0.3865 (+3.5%)
    KAS: entry $0.0321 → $0.0395 (+23.0%)
    FARTCOIN: entry $0.2095 → $0.2112 (+0.8%)

[23:50:13] Scan #922
  636 USD pairs found
  636 tickers fetched
  At max positions (3/3)
  Positions (3/3):
    ICNT: entry $0.3734 → $0.3865 (+3.5%)
    KAS: entry $0.0321 → $0.0396 (+23.2%)
    FARTCOIN: entry $0.2095 → $0.2116 (+1.0%)

[23:55:22] Scan #923
  636 USD pairs found
  636 tickers fetched
  At max positions (3/3)
  Positions (3/3):
    ICNT: entry $0.3734 → $0.3865 (+3.5%)
    KAS: entry $0.0321 → $0.0395 (+23.0%)
    FARTCOIN: entry $0.2095 → $0.2115 (+1.0%)

[00:00:31] Scan #924
  636 USD pairs found
  636 tickers fetched
  At max positions (3/3)
  Positions (3/3):
    ICNT: entry $0.3734 → $0.3865 (+3.5%)
    KAS: entry $0.0321 → $0.0395 (+23.0%)
    FARTCOIN: entry $0.2095 → $0.2126 (+1.5%)

[00:05:40] Scan #925
  636 USD pairs found
  636 tickers fetched
  At max positions (3/3)
  Positions (3/3):
    ICNT: entry $0.3734 → $0.3807 (+2.0%)
    KAS: entry $0.0321 → $0.0396 (+23.2%)
    FARTCOIN: entry $0.2095 → $0.2143 (+2.3%)

[00:10:50] Scan #926
  636 USD pairs found
  636 tickers fetched
  At max positions (3/3)
  Positions (3/3):
    ICNT: entry $0.3734 → $0.3770 (+1.0%)
    KAS: entry $0.0321 → $0.0396 (+23.3%)
    FARTCOIN: entry $0.2095 → $0.2147 (+2.5%)

[00:15:59] Scan #927
  636 USD pairs found
  636 tickers fetched
  At max positions (3/3)
  Positions (3/3):
    ICNT: entry $0.3734 → $0.3770 (+1.0%)
    KAS: entry $0.0321 → $0.0397 (+23.5%)
    FARTCOIN: entry $0.2095 → $0.2147 (+2.5%)

[00:21:08] Scan #928
  636 USD pairs found
  636 tickers fetched
  At max positions (3/3)
  Positions (3/3):
    ICNT: entry $0.3734 → $0.3770 (+1.0%)
    KAS: entry $0.0321 → $0.0396 (+23.4%)
    FARTCOIN: entry $0.2095 → $0.2142 (+2.2%)

[00:26:18] Scan #929
  636 USD pairs found
  636 tickers fetched
  At max positions (3/3)
  Positions (3/3):
    ICNT: entry $0.3734 → $0.3770 (+1.0%)
    KAS: entry $0.0321 → $0.0399 (+24.4%)
    FARTCOIN: entry $0.2095 → $0.2141 (+2.2%)

[00:31:28] Scan #930
  636 USD pairs found
  636 tickers fetched
  At max positions (3/3)
  Positions (3/3):
    ICNT: entry $0.3734 → $0.3793 (+1.6%)
    KAS: entry $0.0321 → $0.0400 (+24.6%)
    FARTCOIN: entry $0.2095 → $0.2152 (+2.7%)

[00:36:38] Scan #931
  636 USD pairs found
  636 tickers fetched
  At max positions (3/3)
  Positions (3/3):
    ICNT: entry $0.3734 → $0.3794 (+1.6%)
    KAS: entry $0.0321 → $0.0398 (+23.9%)
    FARTCOIN: entry $0.2095 → $0.2140 (+2.1%)

[00:41:48] Scan #932
  636 USD pairs found
  636 tickers fetched
  At max positions (3/3)
  Positions (3/3):
    ICNT: entry $0.3734 → $0.3794 (+1.6%)
    KAS: entry $0.0321 → $0.0399 (+24.4%)
    FARTCOIN: entry $0.2095 → $0.2131 (+1.7%)

[00:46:57] Scan #933
  636 USD pairs found
  636 tickers fetched
  At max positions (3/3)
  Positions (3/3):
    ICNT: entry $0.3734 → $0.3794 (+1.6%)
    KAS: entry $0.0321 → $0.0397 (+23.6%)
    FARTCOIN: entry $0.2095 → $0.2138 (+2.1%)

[00:52:07] Scan #934
  636 USD pairs found
  636 tickers fetched
  At max positions (3/3)
  Positions (3/3):
    ICNT: entry $0.3734 → $0.3794 (+1.6%)
    KAS: entry $0.0321 → $0.0393 (+22.5%)
    FARTCOIN: entry $0.2095 → $0.2123 (+1.3%)

[00:57:17] Scan #935
  636 USD pairs found
  636 tickers fetched
  At max positions (3/3)
  Positions (3/3):
    ICNT: entry $0.3734 → $0.3794 (+1.6%)
    KAS: entry $0.0321 → $0.0393 (+22.3%)
    FARTCOIN: entry $0.2095 → $0.2114 (+0.9%)

[01:02:26] Scan #936
  636 USD pairs found
  636 tickers fetched
  At max positions (3/3)
  Positions (3/3):
    ICNT: entry $0.3734 → $0.3831 (+2.6%)
    KAS: entry $0.0321 → $0.0393 (+22.3%)
    FARTCOIN: entry $0.2095 → $0.2102 (+0.3%)

[01:07:35] Scan #937
  636 USD pairs found
  636 tickers fetched
  At max positions (3/3)
  Positions (3/3):
    ICNT: entry $0.3734 → $0.3831 (+2.6%)
    KAS: entry $0.0321 → $0.0393 (+22.5%)
    FARTCOIN: entry $0.2095 → $0.2107 (+0.6%)

[01:12:45] Scan #938
  636 USD pairs found
  636 tickers fetched
  At max positions (3/3)
  Positions (3/3):
    ICNT: entry $0.3734 → $0.3831 (+2.6%)
    KAS: entry $0.0321 → $0.0392 (+22.0%)
    FARTCOIN: entry $0.2095 → $0.2096 (+0.0%)

[01:17:54] Scan #939
  636 USD pairs found
  636 tickers fetched
  At max positions (3/3)
  Positions (3/3):
    ICNT: entry $0.3734 → $0.3831 (+2.6%)
    KAS: entry $0.0321 → $0.0393 (+22.3%)
    FARTCOIN: entry $0.2095 → $0.2107 (+0.6%)

[01:23:04] Scan #940
  636 USD pairs found
  636 tickers fetched
  At max positions (3/3)
  Positions (3/3):
    ICNT: entry $0.3734 → $0.3831 (+2.6%)
    KAS: entry $0.0321 → $0.0399 (+24.4%)
    FARTCOIN: entry $0.2095 → $0.2109 (+0.7%)

[01:28:13] Scan #941
  636 USD pairs found
  636 tickers fetched
  At max positions (3/3)
  Positions (3/3):
    ICNT: entry $0.3734 → $0.3804 (+1.9%)
    KAS: entry $0.0321 → $0.0399 (+24.3%)
    FARTCOIN: entry $0.2095 → $0.2114 (+0.9%)

[01:33:23] Scan #942
  636 USD pairs found
  636 tickers fetched
  At max positions (3/3)
  Positions (3/3):
    ICNT: entry $0.3734 → $0.3810 (+2.0%)
    KAS: entry $0.0321 → $0.0399 (+24.4%)
    FARTCOIN: entry $0.2095 → $0.2103 (+0.4%)

[01:38:33] Scan #943
  636 USD pairs found
  636 tickers fetched
  At max positions (3/3)
  Positions (3/3):
    ICNT: entry $0.3734 → $0.3811 (+2.1%)
    KAS: entry $0.0321 → $0.0401 (+24.8%)
    FARTCOIN: entry $0.2095 → $0.2112 (+0.8%)

[01:43:43] Scan #944
  636 USD pairs found
  636 tickers fetched
  At max positions (3/3)
  Positions (3/3):
    ICNT: entry $0.3734 → $0.3817 (+2.2%)
    KAS: entry $0.0321 → $0.0403 (+25.4%)
    FARTCOIN: entry $0.2095 → $0.2115 (+1.0%)

[01:48:52] Scan #945
  636 USD pairs found
  636 tickers fetched
  At max positions (3/3)
  Positions (3/3):
    ICNT: entry $0.3734 → $0.3817 (+2.2%)
    KAS: entry $0.0321 → $0.0402 (+25.1%)
    FARTCOIN: entry $0.2095 → $0.2115 (+1.0%)

[01:54:03] Scan #946
  636 USD pairs found
  636 tickers fetched
  At max positions (3/3)
  Positions (3/3):
    ICNT: entry $0.3734 → $0.3817 (+2.2%)
    KAS: entry $0.0321 → $0.0400 (+24.7%)
    FARTCOIN: entry $0.2095 → $0.2093 (-0.1%)

[01:59:13] Scan #947
  636 USD pairs found
  636 tickers fetched
  At max positions (3/3)
  Positions (3/3):
    ICNT: entry $0.3734 → $0.3817 (+2.2%)
    KAS: entry $0.0321 → $0.0400 (+24.7%)
    FARTCOIN: entry $0.2095 → $0.2081 (-0.7%)

[02:04:23] Scan #948
  636 USD pairs found
  636 tickers fetched
  At max positions (3/3)
  Positions (3/3):
    ICNT: entry $0.3734 → $0.3817 (+2.2%)
    KAS: entry $0.0321 → $0.0400 (+24.5%)
    FARTCOIN: entry $0.2095 → $0.2067 (-1.3%)

[02:09:33] Scan #949
  636 USD pairs found
  636 tickers fetched
  At max positions (3/3)
  Positions (3/3):
    ICNT: entry $0.3734 → $0.3817 (+2.2%)
    KAS: entry $0.0321 → $0.0400 (+24.6%)
    FARTCOIN: entry $0.2095 → $0.2055 (-1.9%)

[02:14:42] Scan #950
  636 USD pairs found
  636 tickers fetched
  At max positions (3/3)
  Positions (3/3):
    ICNT: entry $0.3734 → $0.3817 (+2.2%)
    KAS: entry $0.0321 → $0.0398 (+23.9%)
    FARTCOIN: entry $0.2095 → $0.2055 (-1.9%)

[02:19:52] Scan #951
  636 USD pairs found
  636 tickers fetched
  At max positions (3/3)
  Positions (3/3):
    ICNT: entry $0.3734 → $0.3817 (+2.2%)
    KAS: entry $0.0321 → $0.0397 (+23.8%)
    FARTCOIN: entry $0.2095 → $0.2046 (-2.3%)

[02:25:02] Scan #952
  636 USD pairs found
  636 tickers fetched
  At max positions (3/3)
  Positions (3/3):
    ICNT: entry $0.3734 → $0.3817 (+2.2%)
    KAS: entry $0.0321 → $0.0398 (+24.0%)
    FARTCOIN: entry $0.2095 → $0.2039 (-2.7%)

[02:30:11] Scan #953
  636 USD pairs found
  636 tickers fetched
  At max positions (3/3)
  Positions (3/3):
    ICNT: entry $0.3734 → $0.3817 (+2.2%)
    KAS: entry $0.0321 → $0.0396 (+23.5%)
    FARTCOIN: entry $0.2095 → $0.2029 (-3.2%)

[02:35:22] Scan #954
  636 USD pairs found
  636 tickers fetched
  At max positions (3/3)
  Positions (3/3):
    ICNT: entry $0.3734 → $0.3817 (+2.2%)
    KAS: entry $0.0321 → $0.0396 (+23.4%)
    FARTCOIN: entry $0.2095 → $0.2007 (-4.2%)

[02:40:31] Scan #955
  636 USD pairs found
  636 tickers fetched
  At max positions (3/3)
  Positions (3/3):
    ICNT: entry $0.3734 → $0.3817 (+2.2%)
    KAS: entry $0.0321 → $0.0396 (+23.4%)
    FARTCOIN: entry $0.2095 → $0.2003 (-4.4%)

[02:45:40] Scan #956
  636 USD pairs found
  636 tickers fetched
  At max positions (3/3)
  Positions (3/3):
    ICNT: entry $0.3734 → $0.3817 (+2.2%)
    KAS: entry $0.0321 → $0.0397 (+23.7%)
    FARTCOIN: entry $0.2095 → $0.2021 (-3.5%)

[02:50:49] Scan #957
  636 USD pairs found
  636 tickers fetched
  At max positions (3/3)
  Positions (3/3):
    ICNT: entry $0.3734 → $0.3877 (+3.8%)
    KAS: entry $0.0321 → $0.0396 (+23.5%)
    FARTCOIN: entry $0.2095 → $0.2020 (-3.6%)

[02:55:59] Scan #958
  636 USD pairs found
  636 tickers fetched
  At max positions (3/3)
  Positions (3/3):
    ICNT: entry $0.3734 → $0.3859 (+3.3%)
    KAS: entry $0.0321 → $0.0396 (+23.2%)
    FARTCOIN: entry $0.2095 → $0.2020 (-3.6%)

[03:01:08] Scan #959
  636 USD pairs found
  636 tickers fetched
  At max positions (3/3)
  Positions (3/3):
    ICNT: entry $0.3734 → $0.3859 (+3.3%)
    KAS: entry $0.0321 → $0.0396 (+23.5%)
    FARTCOIN: entry $0.2095 → $0.2024 (-3.4%)

[03:06:18] Scan #960
  636 USD pairs found
  636 tickers fetched
  At max positions (3/3)
  Positions (3/3):
    ICNT: entry $0.3734 → $0.3859 (+3.3%)
    KAS: entry $0.0321 → $0.0396 (+23.2%)
    FARTCOIN: entry $0.2095 → $0.2024 (-3.4%)

[03:11:27] Scan #961
  636 USD pairs found
  636 tickers fetched
  At max positions (3/3)
  Positions (3/3):
    ICNT: entry $0.3734 → $0.3859 (+3.3%)
    KAS: entry $0.0321 → $0.0398 (+24.0%)
    FARTCOIN: entry $0.2095 → $0.2029 (-3.2%)

[03:16:36] Scan #962
  636 USD pairs found
  636 tickers fetched
  At max positions (3/3)
  Positions (3/3):
    ICNT: entry $0.3734 → $0.3859 (+3.3%)
    KAS: entry $0.0321 → $0.0398 (+24.0%)
    FARTCOIN: entry $0.2095 → $0.2052 (-2.1%)

[03:21:46] Scan #963
  636 USD pairs found
  636 tickers fetched
  At max positions (3/3)
  Positions (3/3):
    ICNT: entry $0.3734 → $0.3859 (+3.3%)
    KAS: entry $0.0321 → $0.0398 (+23.9%)
    FARTCOIN: entry $0.2095 → $0.2083 (-0.6%)

[03:26:56] Scan #964
  636 USD pairs found
  636 tickers fetched
  At max positions (3/3)
  Positions (3/3):
    ICNT: entry $0.3734 → $0.3859 (+3.3%)
    KAS: entry $0.0321 → $0.0397 (+23.8%)
    FARTCOIN: entry $0.2095 → $0.2072 (-1.1%)

[03:32:06] Scan #965
  636 USD pairs found
  636 tickers fetched
  At max positions (3/3)
  Positions (3/3):
    ICNT: entry $0.3734 → $0.3873 (+3.7%)
    KAS: entry $0.0321 → $0.0395 (+23.1%)
    FARTCOIN: entry $0.2095 → $0.2072 (-1.1%)

[03:37:16] Scan #966
  636 USD pairs found
  636 tickers fetched
  At max positions (3/3)
  Positions (3/3):
    ICNT: entry $0.3734 → $0.3888 (+4.1%)
    KAS: entry $0.0321 → $0.0395 (+23.0%)
    FARTCOIN: entry $0.2095 → $0.2060 (-1.7%)

[03:42:25] Scan #967
  636 USD pairs found
  636 tickers fetched
  At max positions (3/3)
  Positions (3/3):
    ICNT: entry $0.3734 → $0.3888 (+4.1%)
    KAS: entry $0.0321 → $0.0395 (+22.9%)
    FARTCOIN: entry $0.2095 → $0.2073 (-1.1%)

[03:47:35] Scan #968
  636 USD pairs found
  636 tickers fetched
  At max positions (3/3)
  Positions (3/3):
    ICNT: entry $0.3734 → $0.3888 (+4.1%)
    KAS: entry $0.0321 → $0.0394 (+22.6%)
    FARTCOIN: entry $0.2095 → $0.2073 (-1.1%)

[03:52:45] Scan #969
  636 USD pairs found
  636 tickers fetched
  At max positions (3/3)
  Positions (3/3):
    ICNT: entry $0.3734 → $0.3888 (+4.1%)
    KAS: entry $0.0321 → $0.0392 (+22.0%)
    FARTCOIN: entry $0.2095 → $0.2049 (-2.2%)

[03:57:54] Scan #970
  636 USD pairs found
  636 tickers fetched
  At max positions (3/3)
  Positions (3/3):
    ICNT: entry $0.3734 → $0.3891 (+4.2%)
    KAS: entry $0.0321 → $0.0390 (+21.6%)
    FARTCOIN: entry $0.2095 → $0.2049 (-2.2%)

[04:03:04] Scan #971
  636 USD pairs found
  636 tickers fetched
  At max positions (3/3)
  Positions (3/3):
    ICNT: entry $0.3734 → $0.3891 (+4.2%)
    KAS: entry $0.0321 → $0.0391 (+21.6%)
    FARTCOIN: entry $0.2095 → $0.2046 (-2.3%)

[04:08:14] Scan #972
  636 USD pairs found
  636 tickers fetched
  At max positions (3/3)
  Positions (3/3):
    ICNT: entry $0.3734 → $0.3891 (+4.2%)
    KAS: entry $0.0321 → $0.0391 (+21.6%)
    FARTCOIN: entry $0.2095 → $0.2023 (-3.4%)

[04:13:27] Scan #973
  636 USD pairs found
  636 tickers fetched
  At max positions (3/3)
  Positions (3/3):
    ICNT: entry $0.3734 → $0.3891 (+4.2%)
    KAS: entry $0.0321 → $0.0391 (+21.7%)
    FARTCOIN: entry $0.2095 → $0.2031 (-3.1%)

[04:18:37] Scan #974
  636 USD pairs found
  636 tickers fetched
  At max positions (3/3)
  Positions (3/3):
    ICNT: entry $0.3734 → $0.3837 (+2.8%)
    KAS: entry $0.0321 → $0.0391 (+21.6%)
    FARTCOIN: entry $0.2095 → $0.2039 (-2.7%)

[04:23:46] Scan #975
  636 USD pairs found
  636 tickers fetched
  At max positions (3/3)
  Positions (3/3):
    ICNT: entry $0.3734 → $0.3845 (+3.0%)
    KAS: entry $0.0321 → $0.0389 (+21.1%)
    FARTCOIN: entry $0.2095 → $0.2041 (-2.6%)

[04:28:55] Scan #976
  636 USD pairs found
  636 tickers fetched
  At max positions (3/3)
  Positions (3/3):
    ICNT: entry $0.3734 → $0.3845 (+3.0%)
    KAS: entry $0.0321 → $0.0388 (+20.9%)
    FARTCOIN: entry $0.2095 → $0.2026 (-3.3%)

[04:34:05] Scan #977
  636 USD pairs found
  636 tickers fetched
  At max positions (3/3)
  Positions (3/3):
    ICNT: entry $0.3734 → $0.3845 (+3.0%)
    KAS: entry $0.0321 → $0.0388 (+20.8%)
    FARTCOIN: entry $0.2095 → $0.2028 (-3.2%)

[04:39:14] Scan #978
  636 USD pairs found
  636 tickers fetched
  At max positions (3/3)
  Positions (3/3):
    ICNT: entry $0.3734 → $0.3845 (+3.0%)
    KAS: entry $0.0321 → $0.0388 (+20.8%)
    FARTCOIN: entry $0.2095 → $0.2027 (-3.2%)

[04:44:23] Scan #979
  636 USD pairs found
  636 tickers fetched
  At max positions (3/3)
  Positions (3/3):
    ICNT: entry $0.3734 → $0.3845 (+3.0%)
    KAS: entry $0.0321 → $0.0387 (+20.7%)
    FARTCOIN: entry $0.2095 → $0.2006 (-4.2%)

[04:49:32] Scan #980
  636 USD pairs found
  636 tickers fetched
  At max positions (3/3)
  Positions (3/3):
    ICNT: entry $0.3734 → $0.3845 (+3.0%)
    KAS: entry $0.0321 → $0.0388 (+20.8%)
    FARTCOIN: entry $0.2095 → $0.2001 (-4.5%)

[04:54:41] Scan #981
  636 USD pairs found
  636 tickers fetched
  At max positions (3/3)
  Positions (3/3):
    ICNT: entry $0.3734 → $0.3845 (+3.0%)
    KAS: entry $0.0321 → $0.0387 (+20.6%)
    FARTCOIN: entry $0.2095 → $0.1973 (-5.8%)

[04:59:50] Scan #982
  636 USD pairs found
  636 tickers fetched
  At max positions (3/3)
  Positions (3/3):
    ICNT: entry $0.3734 → $0.3845 (+3.0%)
    KAS: entry $0.0321 → $0.0388 (+21.0%)
    FARTCOIN: entry $0.2095 → $0.1961 (-6.4%)

[05:04:59] Scan #983
  636 USD pairs found
  636 tickers fetched
  At max positions (3/3)
  Positions (3/3):
    ICNT: entry $0.3734 → $0.3845 (+3.0%)
    KAS: entry $0.0321 → $0.0388 (+20.8%)
    FARTCOIN: entry $0.2095 → $0.1963 (-6.3%)

[05:10:08] Scan #984
  636 USD pairs found
  636 tickers fetched
  At max positions (3/3)
  Positions (3/3):
    ICNT: entry $0.3734 → $0.3845 (+3.0%)
    KAS: entry $0.0321 → $0.0389 (+21.1%)
    FARTCOIN: entry $0.2095 → $0.1968 (-6.1%)

[05:15:17] Scan #985
  636 USD pairs found
  636 tickers fetched
  At max positions (3/3)
  Positions (3/3):
    ICNT: entry $0.3734 → $0.3880 (+3.9%)
    KAS: entry $0.0321 → $0.0392 (+22.0%)
    FARTCOIN: entry $0.2095 → $0.1947 (-7.1%)

[05:20:26] Scan #986
  636 USD pairs found
  636 tickers fetched
  At max positions (3/3)
  Positions (3/3):
    ICNT: entry $0.3734 → $0.3880 (+3.9%)
    KAS: entry $0.0321 → $0.0392 (+22.1%)
    FARTCOIN: entry $0.2095 → $0.1958 (-6.5%)

[05:25:36] Scan #987
  636 USD pairs found
  636 tickers fetched
  At max positions (3/3)
  Positions (3/3):
    ICNT: entry $0.3734 → $0.3880 (+3.9%)
    KAS: entry $0.0321 → $0.0391 (+21.9%)
    FARTCOIN: entry $0.2095 → $0.1958 (-6.5%)

[05:30:45] Scan #988
  636 USD pairs found
  636 tickers fetched
  At max positions (3/3)
  Positions (3/3):
    ICNT: entry $0.3734 → $0.3880 (+3.9%)
    KAS: entry $0.0321 → $0.0391 (+21.9%)
    FARTCOIN: entry $0.2095 → $0.1953 (-6.8%)

[05:35:54] Scan #989
  636 USD pairs found
  636 tickers fetched
  At max positions (3/3)
  Positions (3/3):
    ICNT: entry $0.3734 → $0.3880 (+3.9%)
    KAS: entry $0.0321 → $0.0391 (+21.7%)
    FARTCOIN: entry $0.2095 → $0.1956 (-6.6%)

[05:41:03] Scan #990
  636 USD pairs found
  636 tickers fetched
  At max positions (3/3)
  Positions (3/3):
    ICNT: entry $0.3734 → $0.3880 (+3.9%)
    KAS: entry $0.0321 → $0.0390 (+21.6%)
    FARTCOIN: entry $0.2095 → $0.1966 (-6.2%)

[05:46:12] Scan #991
  636 USD pairs found
  636 tickers fetched
  At max positions (3/3)
  Positions (3/3):
    ICNT: entry $0.3734 → $0.3880 (+3.9%)
    KAS: entry $0.0321 → $0.0390 (+21.4%)
    FARTCOIN: entry $0.2095 → $0.1963 (-6.3%)

[05:51:21] Scan #992
  636 USD pairs found
  636 tickers fetched
  At max positions (3/3)
  Positions (3/3):
    ICNT: entry $0.3734 → $0.3882 (+4.0%)
    KAS: entry $0.0321 → $0.0388 (+20.9%)
    FARTCOIN: entry $0.2095 → $0.1963 (-6.3%)

[05:56:31] Scan #993
  636 USD pairs found
  636 tickers fetched
  At max positions (3/3)
  Positions (3/3):
    ICNT: entry $0.3734 → $0.3882 (+4.0%)
    KAS: entry $0.0321 → $0.0388 (+20.8%)
    FARTCOIN: entry $0.2095 → $0.1956 (-6.6%)

[06:01:39] Scan #994
  636 USD pairs found
  636 tickers fetched
  At max positions (3/3)
  Positions (3/3):
    ICNT: entry $0.3734 → $0.3882 (+4.0%)
    KAS: entry $0.0321 → $0.0388 (+20.7%)
    FARTCOIN: entry $0.2095 → $0.1956 (-6.6%)

[06:06:49] Scan #995
  636 USD pairs found
  636 tickers fetched
  At max positions (3/3)
  Positions (3/3):
    ICNT: entry $0.3734 → $0.3882 (+4.0%)
    KAS: entry $0.0321 → $0.0386 (+20.2%)
    FARTCOIN: entry $0.2095 → $0.1950 (-6.9%)

[06:11:58] Scan #996
  636 USD pairs found
  636 tickers fetched
  At max positions (3/3)
  Positions (3/3):
    ICNT: entry $0.3734 → $0.3882 (+4.0%)
    KAS: entry $0.0321 → $0.0387 (+20.6%)
    FARTCOIN: entry $0.2095 → $0.1945 (-7.2%)

[06:17:07] Scan #997
  636 USD pairs found
  636 tickers fetched
  At max positions (3/3)
  Positions (3/3):
    ICNT: entry $0.3734 → $0.3882 (+4.0%)
    KAS: entry $0.0321 → $0.0389 (+21.1%)
    FARTCOIN: entry $0.2095 → $0.1953 (-6.8%)

[06:22:16] Scan #998
  636 USD pairs found
  636 tickers fetched
  At max positions (3/3)
  Positions (3/3):
    ICNT: entry $0.3734 → $0.3882 (+4.0%)
    KAS: entry $0.0321 → $0.0390 (+21.4%)
    FARTCOIN: entry $0.2095 → $0.1950 (-6.9%)

[06:27:25] Scan #999
  636 USD pairs found
  636 tickers fetched
  At max positions (3/3)
  Positions (3/3):
    ICNT: entry $0.3734 → $0.3882 (+4.0%)
    KAS: entry $0.0321 → $0.0390 (+21.5%)
    FARTCOIN: entry $0.2095 → $0.1953 (-6.8%)

[06:32:34] Scan #1000
  636 USD pairs found
  636 tickers fetched
  At max positions (3/3)
  Positions (3/3):
    ICNT: entry $0.3734 → $0.3882 (+4.0%)
    KAS: entry $0.0321 → $0.0390 (+21.4%)
    FARTCOIN: entry $0.2095 → $0.1930 (-7.9%)

[06:37:43] Scan #1001
  636 USD pairs found
  636 tickers fetched
  At max positions (3/3)
  Positions (3/3):
    ICNT: entry $0.3734 → $0.3882 (+4.0%)
    KAS: entry $0.0321 → $0.0389 (+21.2%)
    FARTCOIN: entry $0.2095 → $0.1931 (-7.8%)

[06:42:52] Scan #1002
  636 USD pairs found
  636 tickers fetched
  At max positions (3/3)
  Positions (3/3):
    ICNT: entry $0.3734 → $0.3912 (+4.8%)
    KAS: entry $0.0321 → $0.0389 (+21.2%)
    FARTCOIN: entry $0.2095 → $0.1950 (-6.9%)

[06:48:01] Scan #1003
  636 USD pairs found
  636 tickers fetched
  At max positions (3/3)
  Positions (3/3):
    ICNT: entry $0.3734 → $0.3912 (+4.8%)
    KAS: entry $0.0321 → $0.0390 (+21.5%)
    FARTCOIN: entry $0.2095 → $0.1958 (-6.5%)

[06:53:10] Scan #1004
  636 USD pairs found
  636 tickers fetched
  At max positions (3/3)
  Positions (3/3):
    ICNT: entry $0.3734 → $0.3912 (+4.8%)
    KAS: entry $0.0321 → $0.0390 (+21.5%)
    FARTCOIN: entry $0.2095 → $0.1957 (-6.6%)

[06:58:19] Scan #1005
  636 USD pairs found
  636 tickers fetched
  At max positions (3/3)
  Positions (3/3):
    ICNT: entry $0.3734 → $0.3912 (+4.8%)
    KAS: entry $0.0321 → $0.0395 (+23.1%)
    FARTCOIN: entry $0.2095 → $0.1958 (-6.5%)

[07:03:28] Scan #1006
  636 USD pairs found
  636 tickers fetched
  At max positions (3/3)
  Positions (3/3):
    ICNT: entry $0.3734 → $0.3919 (+5.0%)
    KAS: entry $0.0321 → $0.0396 (+23.3%)
    FARTCOIN: entry $0.2095 → $0.1952 (-6.8%)

[07:08:37] Scan #1007
  636 USD pairs found
  636 tickers fetched
  At max positions (3/3)
  Positions (3/3):
    ICNT: entry $0.3734 → $0.3919 (+5.0%)
    KAS: entry $0.0321 → $0.0393 (+22.4%)
    FARTCOIN: entry $0.2095 → $0.1966 (-6.2%)

[07:13:46] Scan #1008
  636 USD pairs found
  636 tickers fetched
  At max positions (3/3)
  Positions (3/3):
    ICNT: entry $0.3734 → $0.3919 (+5.0%)
    KAS: entry $0.0321 → $0.0393 (+22.2%)
    FARTCOIN: entry $0.2095 → $0.1970 (-6.0%)

[07:18:55] Scan #1009
  636 USD pairs found
  636 tickers fetched
  At max positions (3/3)
  Positions (3/3):
    ICNT: entry $0.3734 → $0.3919 (+5.0%)
    KAS: entry $0.0321 → $0.0390 (+21.5%)
    FARTCOIN: entry $0.2095 → $0.1968 (-6.1%)

[07:24:04] Scan #1010
  636 USD pairs found
  636 tickers fetched
  At max positions (3/3)
  Positions (3/3):
    ICNT: entry $0.3734 → $0.3919 (+5.0%)
    KAS: entry $0.0321 → $0.0385 (+19.8%)
    FARTCOIN: entry $0.2095 → $0.1937 (-7.5%)

[07:29:13] Scan #1011
  636 USD pairs found
  636 tickers fetched
  At max positions (3/3)
  Positions (3/3):
    ICNT: entry $0.3734 → $0.3919 (+5.0%)
    KAS: entry $0.0321 → $0.0385 (+19.8%)
    FARTCOIN: entry $0.2095 → $0.1967 (-6.1%)

[07:34:22] Scan #1012
  636 USD pairs found
  636 tickers fetched
  At max positions (3/3)
  Positions (3/3):
    ICNT: entry $0.3734 → $0.3919 (+5.0%)
    KAS: entry $0.0321 → $0.0386 (+20.3%)
    FARTCOIN: entry $0.2095 → $0.1971 (-5.9%)

[07:39:31] Scan #1013
  636 USD pairs found
  636 tickers fetched
  At max positions (3/3)
  Positions (3/3):
    ICNT: entry $0.3734 → $0.3919 (+5.0%)
    KAS: entry $0.0321 → $0.0392 (+22.1%)
    FARTCOIN: entry $0.2095 → $0.1982 (-5.4%)

[07:44:41] Scan #1014
  636 USD pairs found
  636 tickers fetched
  At max positions (3/3)
  Positions (3/3):
    ICNT: entry $0.3734 → $0.3919 (+5.0%)
    KAS: entry $0.0321 → $0.0394 (+22.7%)
    FARTCOIN: entry $0.2095 → $0.1949 (-7.0%)

[07:49:49] Scan #1015
  636 USD pairs found
  636 tickers fetched
  At max positions (3/3)
  Positions (3/3):
    ICNT: entry $0.3734 → $0.3919 (+5.0%)
    KAS: entry $0.0321 → $0.0392 (+22.0%)
    FARTCOIN: entry $0.2095 → $0.1921 (-8.3%)

[07:54:58] Scan #1016
  636 USD pairs found
  636 tickers fetched
  At max positions (3/3)
  Positions (3/3):
    ICNT: entry $0.3734 → $0.3919 (+5.0%)
    KAS: entry $0.0321 → $0.0393 (+22.2%)
    FARTCOIN: entry $0.2095 → $0.1921 (-8.3%)

[08:00:08] Scan #1017
  636 USD pairs found
  636 tickers fetched
  At max positions (3/3)
  Positions (3/3):
    ICNT: entry $0.3734 → $0.3919 (+5.0%)
    KAS: entry $0.0321 → $0.0396 (+23.2%)
    FARTCOIN: entry $0.2095 → $0.1909 (-8.9%)

[08:05:17] Scan #1018
  636 USD pairs found
  636 tickers fetched
  At max positions (3/3)
  Positions (3/3):
    ICNT: entry $0.3734 → $0.3919 (+5.0%)
    KAS: entry $0.0321 → $0.0396 (+23.3%)
    FARTCOIN: entry $0.2095 → $0.1918 (-8.4%)

[08:10:26] Scan #1019
  636 USD pairs found
  636 tickers fetched
  At max positions (3/3)
  Positions (3/3):
    ICNT: entry $0.3734 → $0.3876 (+3.8%)
    KAS: entry $0.0321 → $0.0395 (+23.1%)
    FARTCOIN: entry $0.2095 → $0.1908 (-8.9%)

[08:15:35] Scan #1020
  636 USD pairs found
  636 tickers fetched
  At max positions (3/3)
  Positions (3/3):
    ICNT: entry $0.3734 → $0.3876 (+3.8%)
    KAS: entry $0.0321 → $0.0394 (+22.8%)
    FARTCOIN: entry $0.2095 → $0.1909 (-8.9%)

[08:20:44] Scan #1021
  636 USD pairs found
  636 tickers fetched
  At max positions (3/3)
  Positions (3/3):
    ICNT: entry $0.3734 → $0.3876 (+3.8%)
    KAS: entry $0.0321 → $0.0394 (+22.7%)
    FARTCOIN: entry $0.2095 → $0.1912 (-8.7%)

[08:25:53] Scan #1022
  636 USD pairs found
  636 tickers fetched
  At max positions (3/3)
  Positions (3/3):
    ICNT: entry $0.3734 → $0.3876 (+3.8%)
    KAS: entry $0.0321 → $0.0393 (+22.3%)
    FARTCOIN: entry $0.2095 → $0.1903 (-9.2%)

[08:31:02] Scan #1023
  636 USD pairs found
  636 tickers fetched
  At max positions (3/3)
  Positions (3/3):
    ICNT: entry $0.3734 → $0.3876 (+3.8%)
    KAS: entry $0.0321 → $0.0392 (+22.1%)
    FARTCOIN: entry $0.2095 → $0.1888 (-9.9%)

[08:36:11] Scan #1024
  636 USD pairs found
  636 tickers fetched
  At max positions (3/3)
  Positions (3/3):
    ICNT: entry $0.3734 → $0.3876 (+3.8%)
    KAS: entry $0.0321 → $0.0392 (+22.2%)
    FARTCOIN: entry $0.2095 → $0.1897 (-9.5%)

[08:41:20] Scan #1025
  636 USD pairs found
  636 tickers fetched
  At max positions (3/3)
  Positions (3/3):
    ICNT: entry $0.3734 → $0.3807 (+2.0%)
    KAS: entry $0.0321 → $0.0393 (+22.3%)
    FARTCOIN: entry $0.2095 → $0.1930 (-7.9%)

[08:46:29] Scan #1026
  636 USD pairs found
  636 tickers fetched
  At max positions (3/3)
  Positions (3/3):
    ICNT: entry $0.3734 → $0.3807 (+2.0%)
    KAS: entry $0.0321 → $0.0393 (+22.5%)
    FARTCOIN: entry $0.2095 → $0.1917 (-8.5%)

[08:51:38] Scan #1027
  636 USD pairs found
  636 tickers fetched
  At max positions (3/3)
  Positions (3/3):
    ICNT: entry $0.3734 → $0.3807 (+2.0%)
    KAS: entry $0.0321 → $0.0396 (+23.3%)
    FARTCOIN: entry $0.2095 → $0.1913 (-8.7%)

[08:56:47] Scan #1028
  636 USD pairs found
  636 tickers fetched
  At max positions (3/3)
  Positions (3/3):
    ICNT: entry $0.3734 → $0.3807 (+2.0%)
    KAS: entry $0.0321 → $0.0394 (+22.8%)
    FARTCOIN: entry $0.2095 → $0.1921 (-8.3%)

[09:01:56] Scan #1029
  636 USD pairs found
  636 tickers fetched
  At max positions (3/3)
  Positions (3/3):
    ICNT: entry $0.3734 → $0.3807 (+2.0%)
    KAS: entry $0.0321 → $0.0394 (+22.6%)
    FARTCOIN: entry $0.2095 → $0.1926 (-8.1%)

[09:07:06] Scan #1030
  636 USD pairs found
  636 tickers fetched
  At max positions (3/3)
  Positions (3/3):
    ICNT: entry $0.3734 → $0.3807 (+2.0%)
    KAS: entry $0.0321 → $0.0394 (+22.5%)
    FARTCOIN: entry $0.2095 → $0.1922 (-8.3%)

[09:12:14] Scan #1031
  636 USD pairs found
  636 tickers fetched
  At max positions (3/3)
  Positions (3/3):
    ICNT: entry $0.3734 → $0.3766 (+0.9%)
    KAS: entry $0.0321 → $0.0393 (+22.5%)
    FARTCOIN: entry $0.2095 → $0.1910 (-8.8%)

[09:17:23] Scan #1032
  636 USD pairs found
  636 tickers fetched
  At max positions (3/3)
  Positions (3/3):
    ICNT: entry $0.3734 → $0.3766 (+0.9%)
    KAS: entry $0.0321 → $0.0394 (+22.6%)
    FARTCOIN: entry $0.2095 → $0.1908 (-8.9%)

[09:22:32] Scan #1033
  636 USD pairs found
  636 tickers fetched
  At max positions (3/3)
  Positions (3/3):
    ICNT: entry $0.3734 → $0.3766 (+0.9%)
    KAS: entry $0.0321 → $0.0396 (+23.3%)
    FARTCOIN: entry $0.2095 → $0.1925 (-8.1%)

[09:27:41] Scan #1034
  636 USD pairs found
  636 tickers fetched
  At max positions (3/3)
  Positions (3/3):
    ICNT: entry $0.3734 → $0.3766 (+0.9%)
    KAS: entry $0.0321 → $0.0393 (+22.5%)
    FARTCOIN: entry $0.2095 → $0.1910 (-8.8%)

[09:32:50] Scan #1035
  636 USD pairs found
  636 tickers fetched
  At max positions (3/3)
  Positions (3/3):
    ICNT: entry $0.3734 → $0.3824 (+2.4%)
    KAS: entry $0.0321 → $0.0401 (+24.9%)
    FARTCOIN: entry $0.2095 → $0.1913 (-8.7%)

[09:37:59] Scan #1036
  636 USD pairs found
  636 tickers fetched
  At max positions (3/3)
  Positions (3/3):
    ICNT: entry $0.3734 → $0.3846 (+3.0%)
    KAS: entry $0.0321 → $0.0399 (+24.4%)
    FARTCOIN: entry $0.2095 → $0.1911 (-8.8%)

[09:43:08] Scan #1037
  636 USD pairs found
  636 tickers fetched
  At max positions (3/3)
  Positions (3/3):
    ICNT: entry $0.3734 → $0.3846 (+3.0%)
    KAS: entry $0.0321 → $0.0402 (+25.2%)
    FARTCOIN: entry $0.2095 → $0.1916 (-8.5%)

[09:48:17] Scan #1038
  636 USD pairs found
  636 tickers fetched
  At max positions (3/3)
  Positions (3/3):
    ICNT: entry $0.3734 → $0.3871 (+3.7%)
    KAS: entry $0.0321 → $0.0407 (+26.7%)
    FARTCOIN: entry $0.2095 → $0.1927 (-8.0%)

[09:53:27] Scan #1039
  636 USD pairs found
  636 tickers fetched
  At max positions (3/3)
  Positions (3/3):
    ICNT: entry $0.3734 → $0.3871 (+3.7%)
    KAS: entry $0.0321 → $0.0410 (+27.7%)
    FARTCOIN: entry $0.2095 → $0.1925 (-8.1%)

[09:58:36] Scan #1040
  636 USD pairs found
  636 tickers fetched
  At max positions (3/3)
  Positions (3/3):
    ICNT: entry $0.3734 → $0.3871 (+3.7%)
    KAS: entry $0.0321 → $0.0411 (+27.9%)
    FARTCOIN: entry $0.2095 → $0.1931 (-7.8%)

[10:03:45] Scan #1041
  636 USD pairs found
  636 tickers fetched
  At max positions (3/3)
  Positions (3/3):
    ICNT: entry $0.3734 → $0.3819 (+2.3%)
    KAS: entry $0.0321 → $0.0414 (+28.8%)
    FARTCOIN: entry $0.2095 → $0.1941 (-7.4%)

[10:08:54] Scan #1042
  636 USD pairs found
  636 tickers fetched
  At max positions (3/3)
  Positions (3/3):
    ICNT: entry $0.3734 → $0.3819 (+2.3%)
    KAS: entry $0.0321 → $0.0417 (+29.9%)
    FARTCOIN: entry $0.2095 → $0.1941 (-7.4%)

[10:14:03] Scan #1043
  636 USD pairs found
  636 tickers fetched
  At max positions (3/3)
  Positions (3/3):
    ICNT: entry $0.3734 → $0.3819 (+2.3%)
    KAS: entry $0.0321 → $0.0416 (+29.6%)
    FARTCOIN: entry $0.2095 → $0.1934 (-7.7%)

[10:19:12] Scan #1044
  636 USD pairs found
  636 tickers fetched
  At max positions (3/3)
  Positions (3/3):
    ICNT: entry $0.3734 → $0.3819 (+2.3%)
    KAS: entry $0.0321 → $0.0417 (+29.9%)
    FARTCOIN: entry $0.2095 → $0.1928 (-8.0%)

[10:24:21] Scan #1045
  636 USD pairs found
  636 tickers fetched
  At max positions (3/3)
  Positions (3/3):
    ICNT: entry $0.3734 → $0.3819 (+2.3%)
    KAS: entry $0.0321 → $0.0407 (+26.6%)
    FARTCOIN: entry $0.2095 → $0.1950 (-6.9%)

[10:29:30] Scan #1046
  636 USD pairs found
  636 tickers fetched
  At max positions (3/3)
  Positions (3/3):
    ICNT: entry $0.3734 → $0.3807 (+2.0%)
    KAS: entry $0.0321 → $0.0406 (+26.5%)
    FARTCOIN: entry $0.2095 → $0.1948 (-7.0%)

[10:34:39] Scan #1047
  636 USD pairs found
  636 tickers fetched
  At max positions (3/3)
  Positions (3/3):
    ICNT: entry $0.3734 → $0.3807 (+2.0%)
    KAS: entry $0.0321 → $0.0408 (+27.0%)
    FARTCOIN: entry $0.2095 → $0.1944 (-7.2%)

[10:39:48] Scan #1048
  636 USD pairs found
  636 tickers fetched
  At max positions (3/3)
  Positions (3/3):
    ICNT: entry $0.3734 → $0.3807 (+2.0%)
    KAS: entry $0.0321 → $0.0411 (+28.1%)
    FARTCOIN: entry $0.2095 → $0.1941 (-7.4%)

[10:44:58] Scan #1049
  636 USD pairs found
  636 tickers fetched
  At max positions (3/3)
  Positions (3/3):
    ICNT: entry $0.3734 → $0.3807 (+2.0%)
    KAS: entry $0.0321 → $0.0412 (+28.4%)
    FARTCOIN: entry $0.2095 → $0.1940 (-7.4%)

[10:50:07] Scan #1050
  636 USD pairs found
  636 tickers fetched
  At max positions (3/3)
  Positions (3/3):
    ICNT: entry $0.3734 → $0.3807 (+2.0%)
    KAS: entry $0.0321 → $0.0410 (+27.7%)
    FARTCOIN: entry $0.2095 → $0.1940 (-7.4%)

[10:55:16] Scan #1051
  636 USD pairs found
  636 tickers fetched
  At max positions (3/3)
  Positions (3/3):
    ICNT: entry $0.3734 → $0.3803 (+1.8%)
    KAS: entry $0.0321 → $0.0408 (+26.9%)
    FARTCOIN: entry $0.2095 → $0.1938 (-7.5%)

[11:00:25] Scan #1052
  636 USD pairs found
  636 tickers fetched
  At max positions (3/3)
  Positions (3/3):
    ICNT: entry $0.3734 → $0.3803 (+1.8%)
    KAS: entry $0.0321 → $0.0406 (+26.6%)
    FARTCOIN: entry $0.2095 → $0.1933 (-7.7%)

[11:05:34] Scan #1053
  636 USD pairs found
  636 tickers fetched
  At max positions (3/3)
  Positions (3/3):
    ICNT: entry $0.3734 → $0.3803 (+1.8%)
    KAS: entry $0.0321 → $0.0409 (+27.4%)
    FARTCOIN: entry $0.2095 → $0.1943 (-7.3%)

[11:10:43] Scan #1054
  636 USD pairs found
  636 tickers fetched
  At max positions (3/3)
  Positions (3/3):
    ICNT: entry $0.3734 → $0.3803 (+1.8%)
    KAS: entry $0.0321 → $0.0403 (+25.7%)
    FARTCOIN: entry $0.2095 → $0.1943 (-7.3%)

[11:15:52] Scan #1055
  636 USD pairs found
  636 tickers fetched
  At max positions (3/3)
  Positions (3/3):
    ICNT: entry $0.3734 → $0.3777 (+1.2%)
    KAS: entry $0.0321 → $0.0406 (+26.5%)
    FARTCOIN: entry $0.2095 → $0.1943 (-7.3%)

[11:21:01] Scan #1056
  636 USD pairs found
  636 tickers fetched
  At max positions (3/3)
  Positions (3/3):
    ICNT: entry $0.3734 → $0.3777 (+1.2%)
    KAS: entry $0.0321 → $0.0407 (+26.9%)
    FARTCOIN: entry $0.2095 → $0.1938 (-7.5%)

[11:26:10] Scan #1057
  636 USD pairs found
  636 tickers fetched
  At max positions (3/3)
  Positions (3/3):
    ICNT: entry $0.3734 → $0.3777 (+1.2%)
    KAS: entry $0.0321 → $0.0408 (+27.0%)
    FARTCOIN: entry $0.2095 → $0.1953 (-6.8%)

[11:31:19] Scan #1058
  636 USD pairs found
  636 tickers fetched
  At max positions (3/3)
  Positions (3/3):
    ICNT: entry $0.3734 → $0.3777 (+1.2%)
    KAS: entry $0.0321 → $0.0412 (+28.4%)
    FARTCOIN: entry $0.2095 → $0.1954 (-6.7%)

[11:36:29] Scan #1059
  636 USD pairs found
  636 tickers fetched
  At max positions (3/3)
  Positions (3/3):
    ICNT: entry $0.3734 → $0.3777 (+1.2%)
    KAS: entry $0.0321 → $0.0409 (+27.3%)
    FARTCOIN: entry $0.2095 → $0.1945 (-7.2%)

[11:41:38] Scan #1060
  636 USD pairs found
  636 tickers fetched
  At max positions (3/3)
  Positions (3/3):
    ICNT: entry $0.3734 → $0.3777 (+1.2%)
    KAS: entry $0.0321 → $0.0407 (+26.8%)
    FARTCOIN: entry $0.2095 → $0.1936 (-7.6%)

[11:46:47] Scan #1061
  636 USD pairs found
  636 tickers fetched
  At max positions (3/3)
  Positions (3/3):
    ICNT: entry $0.3734 → $0.3777 (+1.2%)
    KAS: entry $0.0321 → $0.0406 (+26.6%)
    FARTCOIN: entry $0.2095 → $0.1936 (-7.6%)

[11:51:56] Scan #1062
  636 USD pairs found
  636 tickers fetched
  At max positions (3/3)
  Positions (3/3):
    ICNT: entry $0.3734 → $0.3777 (+1.2%)
    KAS: entry $0.0321 → $0.0409 (+27.3%)
    FARTCOIN: entry $0.2095 → $0.1936 (-7.6%)

[11:57:05] Scan #1063
  636 USD pairs found
  636 tickers fetched
  At max positions (3/3)
  Positions (3/3):
    ICNT: entry $0.3734 → $0.3777 (+1.2%)
    KAS: entry $0.0321 → $0.0410 (+27.7%)
    FARTCOIN: entry $0.2095 → $0.1931 (-7.8%)

[12:02:14] Scan #1064
  636 USD pairs found
  636 tickers fetched
  At max positions (3/3)
  Positions (3/3):
    ICNT: entry $0.3734 → $0.3869 (+3.6%)
    KAS: entry $0.0321 → $0.0408 (+26.9%)
    FARTCOIN: entry $0.2095 → $0.1927 (-8.0%)

[12:07:24] Scan #1065
  636 USD pairs found
  636 tickers fetched
  At max positions (3/3)
  Positions (3/3):
    ICNT: entry $0.3734 → $0.3842 (+2.9%)
    KAS: entry $0.0321 → $0.0407 (+26.6%)
    FARTCOIN: entry $0.2095 → $0.1920 (-8.4%)

[12:12:33] Scan #1066
  636 USD pairs found
  636 tickers fetched
  At max positions (3/3)
  Positions (3/3):
    ICNT: entry $0.3734 → $0.3842 (+2.9%)
    KAS: entry $0.0321 → $0.0407 (+26.6%)
    FARTCOIN: entry $0.2095 → $0.1901 (-9.3%)

[12:17:42] Scan #1067
  636 USD pairs found
  636 tickers fetched
  At max positions (3/3)
  Positions (3/3):
    ICNT: entry $0.3734 → $0.3842 (+2.9%)
    KAS: entry $0.0321 → $0.0408 (+27.1%)
    FARTCOIN: entry $0.2095 → $0.1911 (-8.8%)

[12:22:52] Scan #1068
  636 USD pairs found
  636 tickers fetched
  At max positions (3/3)
  Positions (3/3):
    ICNT: entry $0.3734 → $0.3842 (+2.9%)
    KAS: entry $0.0321 → $0.0409 (+27.3%)
    FARTCOIN: entry $0.2095 → $0.1910 (-8.8%)

[12:28:01] Scan #1069
  636 USD pairs found
  636 tickers fetched
  At max positions (3/3)
  Positions (3/3):
    ICNT: entry $0.3734 → $0.3842 (+2.9%)
    KAS: entry $0.0321 → $0.0405 (+26.1%)
    FARTCOIN: entry $0.2095 → $0.1894 (-9.6%)

[12:33:10] Scan #1070
  636 USD pairs found
  636 tickers fetched
  At max positions (3/3)
  Positions (3/3):
    ICNT: entry $0.3734 → $0.3842 (+2.9%)
    KAS: entry $0.0321 → $0.0403 (+25.6%)
    FARTCOIN: entry $0.2095 → $0.1892 (-9.7%)

[12:38:20] Scan #1071
  636 USD pairs found
  636 tickers fetched
  At max positions (3/3)
  Positions (3/3):
    ICNT: entry $0.3734 → $0.3842 (+2.9%)
    KAS: entry $0.0321 → $0.0401 (+24.9%)
    FARTCOIN: entry $0.2095 → $0.1920 (-8.4%)

[12:43:29] Scan #1072
  636 USD pairs found
  636 tickers fetched
  At max positions (3/3)
  Positions (3/3):
    ICNT: entry $0.3734 → $0.3842 (+2.9%)
    KAS: entry $0.0321 → $0.0401 (+24.8%)
    FARTCOIN: entry $0.2095 → $0.1910 (-8.8%)

[12:48:38] Scan #1073
  636 USD pairs found
  636 tickers fetched
  At max positions (3/3)
  Positions (3/3):
    ICNT: entry $0.3734 → $0.3871 (+3.7%)
    KAS: entry $0.0321 → $0.0398 (+24.0%)
    FARTCOIN: entry $0.2095 → $0.1911 (-8.8%)

[12:53:47] Scan #1074
  636 USD pairs found
  636 tickers fetched
  At max positions (3/3)
  Positions (3/3):
    ICNT: entry $0.3734 → $0.3915 (+4.8%)
    KAS: entry $0.0321 → $0.0395 (+23.1%)
    FARTCOIN: entry $0.2095 → $0.1901 (-9.3%)

[12:58:56] Scan #1075
  636 USD pairs found
  636 tickers fetched
  At max positions (3/3)
  Positions (3/3):
    ICNT: entry $0.3734 → $0.3940 (+5.5%)
    KAS: entry $0.0321 → $0.0394 (+22.8%)
    FARTCOIN: entry $0.2095 → $0.1923 (-8.2%)

[13:04:06] Scan #1076
  636 USD pairs found
  636 tickers fetched
  At max positions (3/3)
  Positions (3/3):
    ICNT: entry $0.3734 → $0.3897 (+4.4%)
    KAS: entry $0.0321 → $0.0398 (+24.0%)
    FARTCOIN: entry $0.2095 → $0.1916 (-8.5%)

[13:09:15] Scan #1077
  636 USD pairs found
  636 tickers fetched
  At max positions (3/3)
  Positions (3/3):
    ICNT: entry $0.3734 → $0.3912 (+4.8%)
    KAS: entry $0.0321 → $0.0400 (+24.5%)
    FARTCOIN: entry $0.2095 → $0.1908 (-8.9%)

[13:14:25] Scan #1078
  636 USD pairs found
  636 tickers fetched
  At max positions (3/3)
  Positions (3/3):
    ICNT: entry $0.3734 → $0.4008 (+7.3%)
    KAS: entry $0.0321 → $0.0394 (+22.6%)
    FARTCOIN: entry $0.2095 → $0.1892 (-9.7%)

[13:19:34] Scan #1079
  636 USD pairs found
  636 tickers fetched
  At max positions (3/3)
  Positions (3/3):
    ICNT: entry $0.3734 → $0.4008 (+7.3%)
    KAS: entry $0.0321 → $0.0394 (+22.8%)
    FARTCOIN: entry $0.2095 → $0.1908 (-8.9%)

[13:24:43] Scan #1080
  636 USD pairs found
  636 tickers fetched
  At max positions (3/3)
  Positions (3/3):
    ICNT: entry $0.3734 → $0.4153 (+11.2%)
    KAS: entry $0.0321 → $0.0396 (+23.4%)
    FARTCOIN: entry $0.2095 → $0.1912 (-8.7%)

[13:29:52] Scan #1081
  636 USD pairs found
  636 tickers fetched
  At max positions (3/3)
  Positions (3/3):
    ICNT: entry $0.3734 → $0.4153 (+11.2%)
    KAS: entry $0.0321 → $0.0394 (+22.6%)
    FARTCOIN: entry $0.2095 → $0.1917 (-8.5%)

[13:35:01] Scan #1082
  636 USD pairs found
  636 tickers fetched
  At max positions (3/3)
  Positions (3/3):
    ICNT: entry $0.3734 → $0.4153 (+11.2%)
    KAS: entry $0.0321 → $0.0393 (+22.5%)
    FARTCOIN: entry $0.2095 → $0.1916 (-8.5%)

[13:40:10] Scan #1083
  636 USD pairs found
  636 tickers fetched
  At max positions (3/3)
  Positions (3/3):
    ICNT: entry $0.3734 → $0.4153 (+11.2%)
    KAS: entry $0.0321 → $0.0392 (+22.1%)
    FARTCOIN: entry $0.2095 → $0.1919 (-8.4%)

[13:45:19] Scan #1084
  636 USD pairs found
  636 tickers fetched
  At max positions (3/3)
  Positions (3/3):
    ICNT: entry $0.3734 → $0.3957 (+6.0%)
    KAS: entry $0.0321 → $0.0394 (+22.6%)
    FARTCOIN: entry $0.2095 → $0.1947 (-7.1%)

[13:50:29] Scan #1085
  636 USD pairs found
  636 tickers fetched
  At max positions (3/3)
  Positions (3/3):
    ICNT: entry $0.3734 → $0.3918 (+4.9%)
    KAS: entry $0.0321 → $0.0395 (+23.1%)
    FARTCOIN: entry $0.2095 → $0.1950 (-6.9%)

[13:55:38] Scan #1086
  636 USD pairs found
  636 tickers fetched
  At max positions (3/3)
  Positions (3/3):
    ICNT: entry $0.3734 → $0.3918 (+4.9%)
    KAS: entry $0.0321 → $0.0396 (+23.3%)
    FARTCOIN: entry $0.2095 → $0.1942 (-7.3%)

[14:00:47] Scan #1087
  636 USD pairs found
  636 tickers fetched
  At max positions (3/3)
  Positions (3/3):
    ICNT: entry $0.3734 → $0.4036 (+8.1%)
    KAS: entry $0.0321 → $0.0395 (+23.1%)
    FARTCOIN: entry $0.2095 → $0.1944 (-7.2%)

[14:05:57] Scan #1088
  636 USD pairs found
  636 tickers fetched
  At max positions (3/3)
  Positions (3/3):
    ICNT: entry $0.3734 → $0.4036 (+8.1%)
    KAS: entry $0.0321 → $0.0398 (+24.0%)
    FARTCOIN: entry $0.2095 → $0.1917 (-8.5%)

[14:11:06] Scan #1089
  636 USD pairs found
  636 tickers fetched
  At max positions (3/3)
  Positions (3/3):
    ICNT: entry $0.3734 → $0.4036 (+8.1%)
    KAS: entry $0.0321 → $0.0393 (+22.4%)
    FARTCOIN: entry $0.2095 → $0.1913 (-8.7%)

[14:16:15] Scan #1090
  636 USD pairs found
  636 tickers fetched
  At max positions (3/3)
  Positions (3/3):
    ICNT: entry $0.3734 → $0.3952 (+5.8%)
    KAS: entry $0.0321 → $0.0394 (+22.6%)
    FARTCOIN: entry $0.2095 → $0.1912 (-8.7%)

[14:21:24] Scan #1091
  636 USD pairs found
  636 tickers fetched
  At max positions (3/3)
  Positions (3/3):
    ICNT: entry $0.3734 → $0.3952 (+5.8%)
    KAS: entry $0.0321 → $0.0391 (+21.8%)
    FARTCOIN: entry $0.2095 → $0.1906 (-9.0%)

[14:26:33] Scan #1092
  636 USD pairs found
  636 tickers fetched
  At max positions (3/3)
  Positions (3/3):
    ICNT: entry $0.3734 → $0.3952 (+5.8%)
    KAS: entry $0.0321 → $0.0391 (+21.8%)
    FARTCOIN: entry $0.2095 → $0.1903 (-9.2%)

[14:31:42] Scan #1093
  636 USD pairs found
  636 tickers fetched
  At max positions (3/3)
  Positions (3/3):
    ICNT: entry $0.3734 → $0.3952 (+5.8%)
    KAS: entry $0.0321 → $0.0391 (+21.8%)
    FARTCOIN: entry $0.2095 → $0.1895 (-9.5%)

[14:36:51] Scan #1094
  636 USD pairs found
  636 tickers fetched
  At max positions (3/3)
  Positions (3/3):
    ICNT: entry $0.3734 → $0.3927 (+5.2%)
    KAS: entry $0.0321 → $0.0391 (+21.9%)
    FARTCOIN: entry $0.2095 → $0.1897 (-9.5%)

[14:42:00] Scan #1095
  636 USD pairs found
  636 tickers fetched
  At max positions (3/3)
  Positions (3/3):
    ICNT: entry $0.3734 → $0.3927 (+5.2%)
    KAS: entry $0.0321 → $0.0393 (+22.4%)
    FARTCOIN: entry $0.2095 → $0.1893 (-9.6%)

[14:47:09] Scan #1096
  636 USD pairs found
  636 tickers fetched
  At max positions (3/3)
  Positions (3/3):
    ICNT: entry $0.3734 → $0.3927 (+5.2%)
    KAS: entry $0.0321 → $0.0389 (+21.3%)
    FARTCOIN: entry $0.2095 → $0.1899 (-9.4%)

[14:52:18] Scan #1097
  636 USD pairs found
  636 tickers fetched
  At max positions (3/3)
  Positions (3/3):
    ICNT: entry $0.3734 → $0.3927 (+5.2%)
    KAS: entry $0.0321 → $0.0394 (+22.6%)
    FARTCOIN: entry $0.2095 → $0.1914 (-8.6%)

[14:57:27] Scan #1098
  636 USD pairs found
  636 tickers fetched
  At max positions (3/3)
  Positions (3/3):
    ICNT: entry $0.3734 → $0.3960 (+6.1%)
    KAS: entry $0.0321 → $0.0393 (+22.4%)
    FARTCOIN: entry $0.2095 → $0.1915 (-8.6%)

[15:02:35] Scan #1099
  636 USD pairs found
  636 tickers fetched
  At max positions (3/3)
  Positions (3/3):
    ICNT: entry $0.3734 → $0.3960 (+6.1%)
    KAS: entry $0.0321 → $0.0391 (+21.7%)
    FARTCOIN: entry $0.2095 → $0.1911 (-8.8%)

[15:07:44] Scan #1100
  636 USD pairs found
  636 tickers fetched
  At max positions (3/3)
  Positions (3/3):
    ICNT: entry $0.3734 → $0.3960 (+6.1%)
    KAS: entry $0.0321 → $0.0391 (+21.9%)
    FARTCOIN: entry $0.2095 → $0.1919 (-8.4%)

[15:12:53] Scan #1101
  636 USD pairs found
  636 tickers fetched
  At max positions (3/3)
  Positions (3/3):
    ICNT: entry $0.3734 → $0.3960 (+6.1%)
    KAS: entry $0.0321 → $0.0389 (+21.3%)
    FARTCOIN: entry $0.2095 → $0.1906 (-9.0%)

[15:18:02] Scan #1102
  636 USD pairs found
  636 tickers fetched
  At max positions (3/3)
  Positions (3/3):
    ICNT: entry $0.3734 → $0.3957 (+6.0%)
    KAS: entry $0.0321 → $0.0388 (+20.9%)
    FARTCOIN: entry $0.2095 → $0.1906 (-9.0%)

[15:23:11] Scan #1103
  636 USD pairs found
  636 tickers fetched
  At max positions (3/3)
  Positions (3/3):
    ICNT: entry $0.3734 → $0.3957 (+6.0%)
    KAS: entry $0.0321 → $0.0385 (+20.0%)
    FARTCOIN: entry $0.2095 → $0.1902 (-9.2%)

[15:28:20] Scan #1104
  636 USD pairs found
  636 tickers fetched
  At max positions (3/3)
  Positions (3/3):
    ICNT: entry $0.3734 → $0.3957 (+6.0%)
    KAS: entry $0.0321 → $0.0386 (+20.4%)
    FARTCOIN: entry $0.2095 → $0.1899 (-9.4%)

[15:33:29] Scan #1105
  636 USD pairs found
  636 tickers fetched
  At max positions (3/3)
  Positions (3/3):
    ICNT: entry $0.3734 → $0.3957 (+6.0%)
    KAS: entry $0.0321 → $0.0389 (+21.0%)
    FARTCOIN: entry $0.2095 → $0.1901 (-9.3%)

[15:38:38] Scan #1106
  636 USD pairs found
  636 tickers fetched
  At max positions (3/3)
  Positions (3/3):
    ICNT: entry $0.3734 → $0.3937 (+5.4%)
    KAS: entry $0.0321 → $0.0389 (+21.0%)
    FARTCOIN: entry $0.2095 → $0.1899 (-9.4%)

[15:43:47] Scan #1107
  636 USD pairs found
  636 tickers fetched
  At max positions (3/3)
  Positions (3/3):
    ICNT: entry $0.3734 → $0.3937 (+5.4%)
    KAS: entry $0.0321 → $0.0387 (+20.5%)
    FARTCOIN: entry $0.2095 → $0.1898 (-9.4%)

[15:48:56] Scan #1108
  636 USD pairs found
  636 tickers fetched
  At max positions (3/3)
  Positions (3/3):
    ICNT: entry $0.3734 → $0.3937 (+5.4%)
    KAS: entry $0.0321 → $0.0388 (+20.9%)
    FARTCOIN: entry $0.2095 → $0.1911 (-8.8%)

[15:54:05] Scan #1109
  636 USD pairs found
  636 tickers fetched
  At max positions (3/3)
  Positions (3/3):
    ICNT: entry $0.3734 → $0.3937 (+5.4%)
    KAS: entry $0.0321 → $0.0390 (+21.3%)
    FARTCOIN: entry $0.2095 → $0.1927 (-8.0%)

[15:59:14] Scan #1110
  636 USD pairs found
  636 tickers fetched
  At max positions (3/3)
  Positions (3/3):
    ICNT: entry $0.3734 → $0.3930 (+5.2%)
    KAS: entry $0.0321 → $0.0390 (+21.6%)
    FARTCOIN: entry $0.2095 → $0.1929 (-7.9%)

[16:04:22] Scan #1111
  637 USD pairs found
  637 tickers fetched
  At max positions (3/3)
  Positions (3/3):
    ICNT: entry $0.3734 → $0.3906 (+4.6%)
    KAS: entry $0.0321 → $0.0392 (+22.0%)
    FARTCOIN: entry $0.2095 → $0.1928 (-8.0%)

[16:09:31] Scan #1112
  637 USD pairs found
  637 tickers fetched
  At max positions (3/3)
  Positions (3/3):
    ICNT: entry $0.3734 → $0.3848 (+3.1%)
    KAS: entry $0.0321 → $0.0390 (+21.5%)
    FARTCOIN: entry $0.2095 → $0.1902 (-9.2%)

[16:14:40] Scan #1113
  637 USD pairs found
  637 tickers fetched
  At max positions (3/3)
  Positions (3/3):
    ICNT: entry $0.3734 → $0.3868 (+3.6%)
    KAS: entry $0.0321 → $0.0391 (+21.7%)
    FARTCOIN: entry $0.2095 → $0.1898 (-9.4%)

[16:19:49] Scan #1114
  637 USD pairs found
  637 tickers fetched
  At max positions (3/3)
  Positions (3/3):
    ICNT: entry $0.3734 → $0.3895 (+4.3%)
    KAS: entry $0.0321 → $0.0391 (+21.8%)
    FARTCOIN: entry $0.2095 → $0.1902 (-9.2%)

[16:24:58] Scan #1115
  637 USD pairs found
  637 tickers fetched
  At max positions (3/3)
  Positions (3/3):
    ICNT: entry $0.3734 → $0.3883 (+4.0%)
    KAS: entry $0.0321 → $0.0393 (+22.4%)
    FARTCOIN: entry $0.2095 → $0.1913 (-8.7%)

[16:30:07] Scan #1116
  637 USD pairs found
  637 tickers fetched
  At max positions (3/3)
  Positions (3/3):
    ICNT: entry $0.3734 → $0.3883 (+4.0%)
    KAS: entry $0.0321 → $0.0393 (+22.5%)
    FARTCOIN: entry $0.2095 → $0.1904 (-9.1%)

[16:35:16] Scan #1117
  637 USD pairs found
  637 tickers fetched
  At max positions (3/3)
  Positions (3/3):
    ICNT: entry $0.3734 → $0.3883 (+4.0%)
    KAS: entry $0.0321 → $0.0391 (+21.9%)
    FARTCOIN: entry $0.2095 → $0.1897 (-9.5%)

[16:40:25] Scan #1118
  637 USD pairs found
  637 tickers fetched
  At max positions (3/3)
  Positions (3/3):
    ICNT: entry $0.3734 → $0.3883 (+4.0%)
    KAS: entry $0.0321 → $0.0391 (+21.9%)
    FARTCOIN: entry $0.2095 → $0.1894 (-9.6%)

[16:45:34] Scan #1119
  637 USD pairs found
  637 tickers fetched
  At max positions (3/3)
  Positions (3/3):
    ICNT: entry $0.3734 → $0.3829 (+2.5%)
    KAS: entry $0.0321 → $0.0391 (+21.7%)
    FARTCOIN: entry $0.2095 → $0.1899 (-9.4%)

[16:50:43] Scan #1120
  637 USD pairs found
  637 tickers fetched
  At max positions (3/3)
  Positions (3/3):
    ICNT: entry $0.3734 → $0.3905 (+4.6%)
    KAS: entry $0.0321 → $0.0390 (+21.5%)
    FARTCOIN: entry $0.2095 → $0.1871 (-10.7%)

[16:55:52] Scan #1121
  637 USD pairs found
  637 tickers fetched
  At max positions (3/3)
  Positions (3/3):
    ICNT: entry $0.3734 → $0.3866 (+3.5%)
    KAS: entry $0.0321 → $0.0390 (+21.4%)
    FARTCOIN: entry $0.2095 → $0.1875 (-10.5%)

[17:01:02] Scan #1122
  637 USD pairs found
  637 tickers fetched
  At max positions (3/3)
  Positions (3/3):
    ICNT: entry $0.3734 → $0.3857 (+3.3%)
    KAS: entry $0.0321 → $0.0390 (+21.3%)
    FARTCOIN: entry $0.2095 → $0.1882 (-10.2%)

[17:06:11] Scan #1123
  637 USD pairs found
  637 tickers fetched
  At max positions (3/3)
  Positions (3/3):
    ICNT: entry $0.3734 → $0.3852 (+3.2%)
    KAS: entry $0.0321 → $0.0388 (+21.0%)
    FARTCOIN: entry $0.2095 → $0.1876 (-10.5%)

[17:11:20] Scan #1124
  637 USD pairs found
  637 tickers fetched
  At max positions (3/3)
  Positions (3/3):
    ICNT: entry $0.3734 → $0.3802 (+1.8%)
    KAS: entry $0.0321 → $0.0382 (+18.8%)
    FARTCOIN: entry $0.2095 → $0.1873 (-10.6%)

[17:16:30] Scan #1125
  637 USD pairs found
  637 tickers fetched
  At max positions (3/3)
  Positions (3/3):
    ICNT: entry $0.3734 → $0.3796 (+1.7%)
    KAS: entry $0.0321 → $0.0381 (+18.6%)
    FARTCOIN: entry $0.2095 → $0.1867 (-10.9%)

[17:21:39] Scan #1126
  637 USD pairs found
  637 tickers fetched
  At max positions (3/3)
  Positions (3/3):
    ICNT: entry $0.3734 → $0.3750 (+0.4%)
    KAS: entry $0.0321 → $0.0385 (+19.8%)
    FARTCOIN: entry $0.2095 → $0.1880 (-10.3%)

[17:26:48] Scan #1127
  637 USD pairs found
  637 tickers fetched
  At max positions (3/3)
  Positions (3/3):
    ICNT: entry $0.3734 → $0.3750 (+0.4%)
    KAS: entry $0.0321 → $0.0386 (+20.4%)
    FARTCOIN: entry $0.2095 → $0.1893 (-9.6%)

[17:31:58] Scan #1128
  637 USD pairs found
  637 tickers fetched
  At max positions (3/3)
  Positions (3/3):
    ICNT: entry $0.3734 → $0.3750 (+0.4%)
    KAS: entry $0.0321 → $0.0388 (+20.9%)
    FARTCOIN: entry $0.2095 → $0.1889 (-9.8%)

[17:37:07] Scan #1129
  637 USD pairs found
  637 tickers fetched
  At max positions (3/3)
  Positions (3/3):
    ICNT: entry $0.3734 → $0.3747 (+0.3%)
    KAS: entry $0.0321 → $0.0387 (+20.4%)
    FARTCOIN: entry $0.2095 → $0.1877 (-10.4%)

[17:42:16] Scan #1130
  637 USD pairs found
  637 tickers fetched
  At max positions (3/3)
  Positions (3/3):
    ICNT: entry $0.3734 → $0.3760 (+0.7%)
    KAS: entry $0.0321 → $0.0386 (+20.2%)
    FARTCOIN: entry $0.2095 → $0.1879 (-10.3%)

[17:47:25] Scan #1131
  637 USD pairs found
  637 tickers fetched
  At max positions (3/3)
  Positions (3/3):
    ICNT: entry $0.3734 → $0.3746 (+0.3%)
    KAS: entry $0.0321 → $0.0386 (+20.3%)
    FARTCOIN: entry $0.2095 → $0.1880 (-10.3%)

[17:52:35] Scan #1132
  637 USD pairs found
  637 tickers fetched
  At max positions (3/3)
  Positions (3/3):
    ICNT: entry $0.3734 → $0.3705 (-0.8%)
    KAS: entry $0.0321 → $0.0388 (+20.9%)
    FARTCOIN: entry $0.2095 → $0.1903 (-9.2%)

[17:57:44] Scan #1133
  637 USD pairs found
  637 tickers fetched
  At max positions (3/3)
  Positions (3/3):
    ICNT: entry $0.3734 → $0.3708 (-0.7%)
    KAS: entry $0.0321 → $0.0389 (+21.1%)
    FARTCOIN: entry $0.2095 → $0.1906 (-9.0%)

[18:02:53] Scan #1134
  637 USD pairs found
  637 tickers fetched
  At max positions (3/3)
  Positions (3/3):
    ICNT: entry $0.3734 → $0.3708 (-0.7%)
    KAS: entry $0.0321 → $0.0389 (+21.0%)
    FARTCOIN: entry $0.2095 → $0.1922 (-8.3%)

[18:08:02] Scan #1135
  637 USD pairs found
  637 tickers fetched
  At max positions (3/3)
  Positions (3/3):
    ICNT: entry $0.3734 → $0.3751 (+0.5%)
    KAS: entry $0.0321 → $0.0384 (+19.7%)
    FARTCOIN: entry $0.2095 → $0.1927 (-8.0%)

[18:13:11] Scan #1136
  637 USD pairs found
  637 tickers fetched
  At max positions (3/3)
  Positions (3/3):
    ICNT: entry $0.3734 → $0.3747 (+0.3%)
    KAS: entry $0.0321 → $0.0384 (+19.5%)
    FARTCOIN: entry $0.2095 → $0.1927 (-8.0%)

[18:18:20] Scan #1137
  637 USD pairs found
  637 tickers fetched
  At max positions (3/3)
  Positions (3/3):
    ICNT: entry $0.3734 → $0.3801 (+1.8%)
    KAS: entry $0.0321 → $0.0385 (+20.0%)
    FARTCOIN: entry $0.2095 → $0.1927 (-8.0%)

[18:23:29] Scan #1138
  637 USD pairs found
  637 tickers fetched
  At max positions (3/3)
  Positions (3/3):
    ICNT: entry $0.3734 → $0.3793 (+1.6%)
    KAS: entry $0.0321 → $0.0384 (+19.7%)
    FARTCOIN: entry $0.2095 → $0.1933 (-7.7%)

[18:28:38] Scan #1139
  637 USD pairs found
  637 tickers fetched
  At max positions (3/3)
  Positions (3/3):
    ICNT: entry $0.3734 → $0.3782 (+1.3%)
    KAS: entry $0.0321 → $0.0384 (+19.7%)
    FARTCOIN: entry $0.2095 → $0.1921 (-8.3%)

[18:33:46] Scan #1140
  637 USD pairs found
  637 tickers fetched
  At max positions (3/3)
  Positions (3/3):
    ICNT: entry $0.3734 → $0.3782 (+1.3%)
    KAS: entry $0.0321 → $0.0384 (+19.6%)
    FARTCOIN: entry $0.2095 → $0.1922 (-8.3%)

[18:38:55] Scan #1141
  637 USD pairs found
  637 tickers fetched
  At max positions (3/3)
  Positions (3/3):
    ICNT: entry $0.3734 → $0.3793 (+1.6%)
    KAS: entry $0.0321 → $0.0385 (+19.9%)
    FARTCOIN: entry $0.2095 → $0.1929 (-7.9%)

[18:44:04] Scan #1142
  637 USD pairs found
  637 tickers fetched
  At max positions (3/3)
  Positions (3/3):
    ICNT: entry $0.3734 → $0.3793 (+1.6%)
    KAS: entry $0.0321 → $0.0384 (+19.6%)
    FARTCOIN: entry $0.2095 → $0.1932 (-7.8%)

[18:49:13] Scan #1143
  637 USD pairs found
  637 tickers fetched
  At max positions (3/3)
  Positions (3/3):
    ICNT: entry $0.3734 → $0.3833 (+2.7%)
    KAS: entry $0.0321 → $0.0384 (+19.7%)
    FARTCOIN: entry $0.2095 → $0.1933 (-7.7%)

[18:54:22] Scan #1144
  637 USD pairs found
  637 tickers fetched
  At max positions (3/3)
  Positions (3/3):
    ICNT: entry $0.3734 → $0.3851 (+3.1%)
    KAS: entry $0.0321 → $0.0385 (+19.9%)
    FARTCOIN: entry $0.2095 → $0.1933 (-7.7%)

[18:59:31] Scan #1145
  637 USD pairs found
  637 tickers fetched
  At max positions (3/3)
  Positions (3/3):
    ICNT: entry $0.3734 → $0.3843 (+2.9%)
    KAS: entry $0.0321 → $0.0387 (+20.5%)
    FARTCOIN: entry $0.2095 → $0.1942 (-7.3%)

[19:04:40] Scan #1146
  637 USD pairs found
  637 tickers fetched
  At max positions (3/3)
  Positions (3/3):
    ICNT: entry $0.3734 → $0.3864 (+3.5%)
    KAS: entry $0.0321 → $0.0391 (+21.7%)
    FARTCOIN: entry $0.2095 → $0.1954 (-6.7%)

[19:09:49] Scan #1147
  637 USD pairs found
  637 tickers fetched
  At max positions (3/3)
  Positions (3/3):
    ICNT: entry $0.3734 → $0.3864 (+3.5%)
    KAS: entry $0.0321 → $0.0390 (+21.6%)
    FARTCOIN: entry $0.2095 → $0.1979 (-5.5%)

[19:14:58] Scan #1148
  637 USD pairs found
  637 tickers fetched
  At max positions (3/3)
  Positions (3/3):
    ICNT: entry $0.3734 → $0.3864 (+3.5%)
    KAS: entry $0.0321 → $0.0389 (+21.3%)
    FARTCOIN: entry $0.2095 → $0.1982 (-5.4%)

[19:20:07] Scan #1149
  637 USD pairs found
  637 tickers fetched
  At max positions (3/3)
  Positions (3/3):
    ICNT: entry $0.3734 → $0.3873 (+3.7%)
    KAS: entry $0.0321 → $0.0395 (+22.9%)
    FARTCOIN: entry $0.2095 → $0.1997 (-4.7%)

[19:25:16] Scan #1150
  637 USD pairs found
  637 tickers fetched
  At max positions (3/3)
  Positions (3/3):
    ICNT: entry $0.3734 → $0.3879 (+3.9%)
    KAS: entry $0.0321 → $0.0393 (+22.4%)
    FARTCOIN: entry $0.2095 → $0.1991 (-5.0%)

[19:30:25] Scan #1151
  637 USD pairs found
  637 tickers fetched
  At max positions (3/3)
  Positions (3/3):
    ICNT: entry $0.3734 → $0.3938 (+5.5%)
    KAS: entry $0.0321 → $0.0390 (+21.6%)
    FARTCOIN: entry $0.2095 → $0.1973 (-5.8%)

[19:35:33] Scan #1152
  637 USD pairs found
  637 tickers fetched
  At max positions (3/3)
  Positions (3/3):
    ICNT: entry $0.3734 → $0.3940 (+5.5%)
    KAS: entry $0.0321 → $0.0388 (+21.0%)
    FARTCOIN: entry $0.2095 → $0.1979 (-5.5%)

[19:40:42] Scan #1153
  637 USD pairs found
  637 tickers fetched
  At max positions (3/3)
  Positions (3/3):
    ICNT: entry $0.3734 → $0.3908 (+4.7%)
    KAS: entry $0.0321 → $0.0390 (+21.3%)
    FARTCOIN: entry $0.2095 → $0.1992 (-4.9%)

[19:45:51] Scan #1154
  637 USD pairs found
  637 tickers fetched
  At max positions (3/3)
  Positions (3/3):
    ICNT: entry $0.3734 → $0.3932 (+5.3%)
    KAS: entry $0.0321 → $0.0389 (+21.2%)
    FARTCOIN: entry $0.2095 → $0.1987 (-5.2%)

[19:51:00] Scan #1155
  637 USD pairs found
  637 tickers fetched
  At max positions (3/3)
  Positions (3/3):
    ICNT: entry $0.3734 → $0.3977 (+6.5%)
    KAS: entry $0.0321 → $0.0390 (+21.4%)
    FARTCOIN: entry $0.2095 → $0.1973 (-5.8%)

[19:56:09] Scan #1156
  637 USD pairs found
  637 tickers fetched
  At max positions (3/3)
  Positions (3/3):
    ICNT: entry $0.3734 → $0.3929 (+5.2%)
    KAS: entry $0.0321 → $0.0388 (+20.9%)
    FARTCOIN: entry $0.2095 → $0.1973 (-5.8%)

[20:01:18] Scan #1157
  637 USD pairs found
  637 tickers fetched
  At max positions (3/3)
  Positions (3/3):
    ICNT: entry $0.3734 → $0.3748 (+0.4%)
    KAS: entry $0.0321 → $0.0388 (+20.9%)
    FARTCOIN: entry $0.2095 → $0.1970 (-6.0%)

[20:06:27] Scan #1158
  637 USD pairs found
  637 tickers fetched
  At max positions (3/3)
  Positions (3/3):
    ICNT: entry $0.3734 → $0.3723 (-0.3%)
    KAS: entry $0.0321 → $0.0388 (+20.8%)
    FARTCOIN: entry $0.2095 → $0.1966 (-6.2%)

[20:11:36] Scan #1159
  637 USD pairs found
  637 tickers fetched
  At max positions (3/3)
  Positions (3/3):
    ICNT: entry $0.3734 → $0.3720 (-0.4%)
    KAS: entry $0.0321 → $0.0388 (+20.8%)
============================================================
  Momentum Scanner Bot — LIVE
  Max positions: 3 @ $15.0/trade
  Entry: +3% to +10% in 1h, activity 1.5x+
  Exit: TP +10% / SL -8%
  Scan interval: 300s
============================================================

[21:10:02] Scan #1
  637 USD pairs found
  637 tickers fetched
  Warmup: 1/12 cycles (~55min until signals)

[21:15:11] Scan #2
  637 USD pairs found
  637 tickers fetched
  Warmup: 2/12 cycles (~50min until signals)

[21:20:19] Scan #3
  637 USD pairs found
  637 tickers fetched
  Warmup: 3/12 cycles (~45min until signals)

[21:25:28] Scan #4
  637 USD pairs found
  637 tickers fetched
  Warmup: 4/12 cycles (~40min until signals)

[21:30:37] Scan #5
  637 USD pairs found
  637 tickers fetched
  Warmup: 5/12 cycles (~35min until signals)

[21:35:45] Scan #6
  637 USD pairs found
  637 tickers fetched
  Warmup: 6/12 cycles (~30min until signals)

[21:40:54] Scan #7
  637 USD pairs found
  637 tickers fetched
  Warmup: 7/12 cycles (~25min until signals)

[21:46:03] Scan #8
  637 USD pairs found
  637 tickers fetched
  Warmup: 8/12 cycles (~20min until signals)

[21:51:12] Scan #9
  637 USD pairs found
  637 tickers fetched
  Warmup: 9/12 cycles (~15min until signals)

[21:56:20] Scan #10
  637 USD pairs found
  637 tickers fetched
  Warmup: 10/12 cycles (~10min until signals)

[22:01:30] Scan #11
  637 USD pairs found
  637 tickers fetched
  Warmup: 11/12 cycles (~5min until signals)

[22:06:39] Scan #12
  637 USD pairs found
  637 tickers fetched
  No signals (637 pairs ready)

[22:11:48] Scan #13
  637 USD pairs found
  637 tickers fetched
  No signals (637 pairs ready)

[22:16:56] Scan #14
  637 USD pairs found
  637 tickers fetched
  No signals (637 pairs ready)

[22:22:05] Scan #15
  637 USD pairs found
  637 tickers fetched
  No signals (637 pairs ready)

[22:27:14] Scan #16
  637 USD pairs found
  637 tickers fetched
  No signals (637 pairs ready)

[22:32:23] Scan #17
  637 USD pairs found
  637 tickers fetched
  No signals (637 pairs ready)

[22:37:32] Scan #18
  637 USD pairs found
  637 tickers fetched
  No signals (637 pairs ready)

[22:42:40] Scan #19
  637 USD pairs found
  637 tickers fetched
  No signals (637 pairs ready)

[22:47:49] Scan #20
  637 USD pairs found
  637 tickers fetched
  No signals (637 pairs ready)

[22:52:58] Scan #21
  637 USD pairs found
  637 tickers fetched
  No signals (637 pairs ready)

[22:58:07] Scan #22
  637 USD pairs found
  637 tickers fetched
  No signals (637 pairs ready)

[23:03:16] Scan #23
  637 USD pairs found
  637 tickers fetched
  No signals (637 pairs ready)

[23:08:24] Scan #24
  637 USD pairs found
  637 tickers fetched
  No signals (637 pairs ready)

[23:13:33] Scan #25
  637 USD pairs found
  637 tickers fetched
  No signals (637 pairs ready)

[23:18:42] Scan #26
  637 USD pairs found
  637 tickers fetched
  No signals (637 pairs ready)

[23:23:51] Scan #27
  637 USD pairs found
  637 tickers fetched
  No signals (637 pairs ready)

[23:29:01] Scan #28
  637 USD pairs found
  637 tickers fetched
  No signals (637 pairs ready)

[23:34:09] Scan #29
  637 USD pairs found
  637 tickers fetched
  No signals (637 pairs ready)

[23:39:18] Scan #30
  637 USD pairs found
  637 tickers fetched
  No signals (637 pairs ready)

[23:44:27] Scan #31
  637 USD pairs found
  637 tickers fetched
  No signals (637 pairs ready)

[23:49:36] Scan #32
  637 USD pairs found
  637 tickers fetched
  No signals (637 pairs ready)

[23:54:45] Scan #33
  637 USD pairs found
  637 tickers fetched
  No signals (637 pairs ready)

[23:59:54] Scan #34
  637 USD pairs found
  637 tickers fetched
  1 signals found:
    PTB: +3.6% in 1h, vol $336k, activity 48.0x
  [00:00:03] BUY 4300.0 PTB @ ~$0.0013 (~$5.53)
  ✅ Order placed: {'txid': ['OTG4ST-737N6-FVGNHZ'], 'descr': {'order': 'buy 4300.00 PTBUSD @ market'}}
  [00:00:03] Bought: ['OTG4ST-737N6-FVGNHZ']
  ✅ Order placed: {'txid': ['OH3DQX-FUNSO-DQ2A4T'], 'descr': {'order': 'sell 4300.00 PTBUSD @ stop loss 0.001182'}}
  [00:00:05] SL placed @ $0.001182 | TP target $0.0014 (bot loop)
  Positions (1/3):
    PTB: entry $0.0013 → $0.0013 (+0.0%)

[00:05:06] Scan #35
  637 USD pairs found
  637 tickers fetched
  No signals (637 pairs ready)
  Positions (1/3):
    PTB: entry $0.0013 → $0.0013 (-0.1%)

[00:10:15] Scan #36
  637 USD pairs found
  637 tickers fetched
  No signals (637 pairs ready)
  Positions (1/3):
    PTB: entry $0.0013 → $0.0013 (+1.2%)

[00:15:24] Scan #37
  637 USD pairs found
  637 tickers fetched
  1 signals found:
    CFG: +6.4% in 1h, vol $109k, activity 2.0x
  [00:15:33] BUY 40.0 CFG @ ~$0.1523 (~$6.09)
  ✅ Order placed: {'txid': ['OPA75F-3HN26-VH6TAA'], 'descr': {'order': 'buy 40.00000 CFGUSD @ market'}}
  [00:15:33] Bought: ['OPA75F-3HN26-VH6TAA']
  ✅ Order placed: {'txid': ['OD5H4W-2QR4N-KPA3XG'], 'descr': {'order': 'sell 40.00000 CFGUSD @ stop loss 0.1401'}}
  [00:15:35] SL placed @ $0.1401 | TP target $0.1675 (bot loop)
  Positions (2/3):
    PTB: entry $0.0013 → $0.0013 (+1.9%)
    CFG: entry $0.1523 → $0.1523 (+0.0%)

[00:20:36] Scan #38
  637 USD pairs found
  637 tickers fetched
  No signals (637 pairs ready)
  Positions (2/3):
    PTB: entry $0.0013 → $0.0013 (+1.2%)
    CFG: entry $0.1523 → $0.1518 (-0.3%)

[00:25:45] Scan #39
  637 USD pairs found
  637 tickers fetched
  1 signals found:
    SHAPE: +6.6% in 1h, vol $271k, activity 7.8x
  [00:25:54] BUY 310.5590062111801 SHAPE @ ~$0.0016 (~$0.50)
  ✅ Order placed: {'txid': ['O6BFQW-EBOCI-WOTCE6'], 'descr': {'order': 'buy 310.55 SHAPEUSD @ market'}}
  [00:25:55] Bought: ['O6BFQW-EBOCI-WOTCE6']
  ❌ Order error: ['EOrder:Cost minimum not met']
  [00:25:57] WARNING: SL failed: {'error': ['EOrder:Cost minimum not met']}
  [00:25:57] Position is UNPROTECTED — cron monitor will catch it
  Positions (3/3):
    PTB: entry $0.0013 → $0.0013 (+0.0%)
    CFG: entry $0.1523 → $0.1501 (-1.4%)
    SHAPE: entry $0.0016 → $0.0016 (+0.0%)

[00:30:57] Scan #40
  637 USD pairs found
  637 tickers fetched
  At max positions (3/3)
  Positions (3/3):
    PTB: entry $0.0013 → $0.0013 (-0.2%)
    CFG: entry $0.1523 → $0.1496 (-1.8%)
    SHAPE: entry $0.0016 → $0.0016 (+0.0%)

[00:36:07] Scan #41
  637 USD pairs found
  637 tickers fetched
  At max positions (3/3)
  Positions (3/3):
    PTB: entry $0.0013 → $0.0013 (-0.5%)
    CFG: entry $0.1523 → $0.1495 (-1.8%)
    SHAPE: entry $0.0016 → $0.0016 (+0.0%)

[00:41:16] Scan #42
  637 USD pairs found
  637 tickers fetched
  At max positions (3/3)
  Positions (3/3):
    PTB: entry $0.0013 → $0.0013 (-1.5%)
    CFG: entry $0.1523 → $0.1497 (-1.7%)
    SHAPE: entry $0.0016 → $0.0015 (-9.3%)

[00:46:25] Scan #43
  637 USD pairs found
  637 tickers fetched
  At max positions (3/3)
  Positions (3/3):
    PTB: entry $0.0013 → $0.0013 (-1.4%)
    CFG: entry $0.1523 → $0.1499 (-1.6%)
    SHAPE: entry $0.0016 → $0.0015 (-5.0%)

[00:51:34] Scan #44
  637 USD pairs found
  637 tickers fetched
  At max positions (3/3)
  Positions (3/3):
    PTB: entry $0.0013 → $0.0013 (-1.6%)
    CFG: entry $0.1523 → $0.1509 (-0.9%)
    SHAPE: entry $0.0016 → $0.0015 (-5.0%)

[00:56:43] Scan #45
  637 USD pairs found
  637 tickers fetched
  At max positions (3/3)
  Positions (3/3):
    PTB: entry $0.0013 → $0.0013 (-2.1%)
    CFG: entry $0.1523 → $0.1502 (-1.4%)
    SHAPE: entry $0.0016 → $0.0015 (-8.7%)

[01:01:52] Scan #46
  637 USD pairs found
  637 tickers fetched
  At max positions (3/3)
  Positions (3/3):
    PTB: entry $0.0013 → $0.0013 (-0.3%)
    CFG: entry $0.1523 → $0.1516 (-0.5%)
    SHAPE: entry $0.0016 → $0.0014 (-9.9%)

[01:07:02] Scan #47
  637 USD pairs found
  637 tickers fetched
  At max positions (3/3)
  Positions (3/3):
    PTB: entry $0.0013 → $0.0013 (+0.8%)
    CFG: entry $0.1523 → $0.1531 (+0.5%)
    SHAPE: entry $0.0016 → $0.0015 (-4.3%)

[01:12:11] Scan #48
  637 USD pairs found
  637 tickers fetched
  At max positions (3/3)
  Positions (3/3):
    PTB: entry $0.0013 → $0.0013 (+1.2%)
    CFG: entry $0.1523 → $0.1513 (-0.7%)
    SHAPE: entry $0.0016 → $0.0014 (-9.9%)

[01:17:20] Scan #49
  637 USD pairs found
  637 tickers fetched
  At max positions (3/3)
  Positions (3/3):
    PTB: entry $0.0013 → $0.0013 (+2.6%)
    CFG: entry $0.1523 → $0.1491 (-2.1%)
    SHAPE: entry $0.0016 → $0.0015 (-6.8%)

[01:22:29] Scan #50
  637 USD pairs found
  637 tickers fetched
  At max positions (3/3)
  Positions (3/3):
    PTB: entry $0.0013 → $0.0013 (+1.8%)
    CFG: entry $0.1523 → $0.1497 (-1.7%)
    SHAPE: entry $0.0016 → $0.0015 (-6.8%)

[01:27:39] Scan #51
  637 USD pairs found
  637 tickers fetched
  At max positions (3/3)
  Positions (3/3):
    PTB: entry $0.0013 → $0.0013 (+1.8%)
    CFG: entry $0.1523 → $0.1499 (-1.6%)
    SHAPE: entry $0.0016 → $0.0014 (-12.4%)

[01:32:48] Scan #52
  637 USD pairs found
  637 tickers fetched
  At max positions (3/3)
  Positions (3/3):
    PTB: entry $0.0013 → $0.0013 (+1.8%)
    CFG: entry $0.1523 → $0.1485 (-2.5%)
    SHAPE: entry $0.0016 → $0.0014 (-10.6%)

[01:37:58] Scan #53
  637 USD pairs found
  637 tickers fetched
  At max positions (3/3)
  Positions (3/3):
    PTB: entry $0.0013 → $0.0013 (+1.8%)
    CFG: entry $0.1523 → $0.1479 (-2.9%)
    SHAPE: entry $0.0016 → $0.0014 (-10.6%)

[01:43:07] Scan #54
  637 USD pairs found
  637 tickers fetched
  At max positions (3/3)
  Positions (3/3):
    PTB: entry $0.0013 → $0.0013 (+1.0%)
    CFG: entry $0.1523 → $0.1490 (-2.2%)
    SHAPE: entry $0.0016 → $0.0014 (-12.4%)

[01:48:16] Scan #55
  637 USD pairs found
  637 tickers fetched
  At max positions (3/3)
  Positions (3/3):
    PTB: entry $0.0013 → $0.0013 (+1.3%)
    CFG: entry $0.1523 → $0.1500 (-1.5%)
    SHAPE: entry $0.0016 → $0.0014 (-12.4%)

[01:53:25] Scan #56
  637 USD pairs found
  637 tickers fetched
  At max positions (3/3)
  Positions (3/3):
    PTB: entry $0.0013 → $0.0013 (+1.3%)
    CFG: entry $0.1523 → $0.1492 (-2.0%)
    SHAPE: entry $0.0016 → $0.0014 (-14.9%)

[01:58:34] Scan #57
  637 USD pairs found
  637 tickers fetched
  At max positions (3/3)
  Positions (3/3):
    PTB: entry $0.0013 → $0.0013 (+1.2%)
    CFG: entry $0.1523 → $0.1480 (-2.8%)
    SHAPE: entry $0.0016 → $0.0014 (-14.9%)

[02:03:44] Scan #58
  637 USD pairs found
  637 tickers fetched
  At max positions (3/3)
  Positions (3/3):
    PTB: entry $0.0013 → $0.0013 (+1.3%)
    CFG: entry $0.1523 → $0.1494 (-1.9%)
    SHAPE: entry $0.0016 → $0.0014 (-14.9%)

[02:08:53] Scan #59
  637 USD pairs found
  637 tickers fetched
  At max positions (3/3)
  Positions (3/3):
    PTB: entry $0.0013 → $0.0013 (+1.3%)
    CFG: entry $0.1523 → $0.1499 (-1.6%)
    SHAPE: entry $0.0016 → $0.0012 (-23.6%)

[02:14:02] Scan #60
  637 USD pairs found
  637 tickers fetched
  At max positions (3/3)
  Positions (3/3):
    PTB: entry $0.0013 → $0.0013 (+1.5%)
    CFG: entry $0.1523 → $0.1488 (-2.3%)
    SHAPE: entry $0.0016 → $0.0011 (-33.5%)

[02:19:11] Scan #61
  637 USD pairs found
  637 tickers fetched
  At max positions (3/3)
  Positions (3/3):
    PTB: entry $0.0013 → $0.0013 (+1.6%)
    CFG: entry $0.1523 → $0.1494 (-1.9%)
    SHAPE: entry $0.0016 → $0.0011 (-32.9%)

[02:24:20] Scan #62
  637 USD pairs found
  637 tickers fetched
  At max positions (3/3)
  Positions (3/3):
    PTB: entry $0.0013 → $0.0013 (+2.1%)
    CFG: entry $0.1523 → $0.1497 (-1.7%)
    SHAPE: entry $0.0016 → $0.0011 (-32.9%)

[02:29:30] Scan #63
  637 USD pairs found
  637 tickers fetched
  At max positions (3/3)
  Positions (3/3):
    PTB: entry $0.0013 → $0.0013 (+1.6%)
    CFG: entry $0.1523 → $0.1484 (-2.6%)
    SHAPE: entry $0.0016 → $0.0013 (-18.6%)

[02:34:39] Scan #64
  637 USD pairs found
  637 tickers fetched
  At max positions (3/3)
  Positions (3/3):
    PTB: entry $0.0013 → $0.0013 (+1.3%)
    CFG: entry $0.1523 → $0.1484 (-2.6%)
    SHAPE: entry $0.0016 → $0.0012 (-25.5%)

[02:39:48] Scan #65
  637 USD pairs found
  637 tickers fetched
  At max positions (3/3)
  Positions (3/3):
    PTB: entry $0.0013 → $0.0013 (+1.2%)
    CFG: entry $0.1523 → $0.1484 (-2.6%)
    SHAPE: entry $0.0016 → $0.0013 (-18.6%)

[02:44:57] Scan #66
  637 USD pairs found
  637 tickers fetched
  At max positions (3/3)
  Positions (3/3):
    PTB: entry $0.0013 → $0.0013 (+1.2%)
    CFG: entry $0.1523 → $0.1481 (-2.8%)
    SHAPE: entry $0.0016 → $0.0011 (-28.6%)

[02:50:06] Scan #67
  637 USD pairs found
  637 tickers fetched
  At max positions (3/3)
  Positions (3/3):
    PTB: entry $0.0013 → $0.0013 (+1.9%)
    CFG: entry $0.1523 → $0.1481 (-2.8%)
    SHAPE: entry $0.0016 → $0.0013 (-20.5%)

[02:55:15] Scan #68
  637 USD pairs found
  637 tickers fetched
  At max positions (3/3)
  Positions (3/3):
    PTB: entry $0.0013 → $0.0013 (+2.3%)
    CFG: entry $0.1523 → $0.1497 (-1.7%)
    SHAPE: entry $0.0016 → $0.0012 (-23.6%)

[03:00:25] Scan #69
  637 USD pairs found
  637 tickers fetched
  At max positions (3/3)
  Positions (3/3):
    PTB: entry $0.0013 → $0.0013 (+3.6%)
    CFG: entry $0.1523 → $0.1503 (-1.3%)
    SHAPE: entry $0.0016 → $0.0012 (-23.6%)

[03:05:34] Scan #70
  637 USD pairs found
  637 tickers fetched
  At max positions (3/3)
  Positions (3/3):
    PTB: entry $0.0013 → $0.0013 (+4.9%)
    CFG: entry $0.1523 → $0.1528 (+0.3%)
    SHAPE: entry $0.0016 → $0.0013 (-20.5%)

[03:10:43] Scan #71
  637 USD pairs found
  637 tickers fetched
  At max positions (3/3)
  Positions (3/3):
    PTB: entry $0.0013 → $0.0014 (+8.7%)
    CFG: entry $0.1523 → $0.1548 (+1.6%)
    SHAPE: entry $0.0016 → $0.0013 (-19.9%)

[03:15:52] Scan #72
  637 USD pairs found
  637 tickers fetched
  [03:16:01] TP reached: PTB +15.5% — selling @ $0.0015
  ✅ Cancelled: OH3DQX-FUNSO-DQ2A4T
  ✅ Order placed: {'txid': ['OK4XZ3-NBF2Z-4NOVFR'], 'descr': {'order': 'sell 4300.00 PTBUSD @ market'}}
  1 signals found:
    INJ: +3.1% in 1h, vol $155k, activity 2.2x
  [03:16:02] BUY 1.7000000000000002 INJ @ ~$3.1850 (~$5.41)
  ✅ Order placed: {'txid': ['OGEXY3-4EVDS-RCQ566'], 'descr': {'order': 'buy 1.70000 INJUSD @ market'}}
  [03:16:03] Bought: ['OGEXY3-4EVDS-RCQ566']
  ✅ Order placed: {'txid': ['OAXA66-XRJ6I-VDOBWA'], 'descr': {'order': 'sell 1.70000 INJUSD @ stop loss 2.930'}}
  [03:16:05] SL placed @ $2.930 | TP target $3.5035 (bot loop)
  Positions (3/3):
    CFG: entry $0.1523 → $0.1532 (+0.6%)
    SHAPE: entry $0.0016 → $0.0013 (-18.6%)
    INJ: entry $3.1850 → $3.1850 (+0.0%)

[03:21:05] Scan #73
  637 USD pairs found
  637 tickers fetched
  At max positions (3/3)
  Positions (3/3):
    CFG: entry $0.1523 → $0.1524 (+0.1%)
    SHAPE: entry $0.0016 → $0.0013 (-17.4%)
    INJ: entry $3.1850 → $3.1900 (+0.2%)

[03:26:15] Scan #74
  637 USD pairs found
  637 tickers fetched
  At max positions (3/3)
  Positions (3/3):
    CFG: entry $0.1523 → $0.1534 (+0.7%)
    SHAPE: entry $0.0016 → $0.0013 (-18.0%)
    INJ: entry $3.1850 → $3.1900 (+0.2%)

[03:31:25] Scan #75
  637 USD pairs found
  637 tickers fetched
  At max positions (3/3)
  Positions (3/3):
    CFG: entry $0.1523 → $0.1518 (-0.3%)
    SHAPE: entry $0.0016 → $0.0013 (-18.0%)
    INJ: entry $3.1850 → $3.1810 (-0.1%)

[03:36:34] Scan #76
  637 USD pairs found
  637 tickers fetched
  At max positions (3/3)
  Positions (3/3):
    CFG: entry $0.1523 → $0.1514 (-0.6%)
    SHAPE: entry $0.0016 → $0.0013 (-18.0%)
    INJ: entry $3.1850 → $3.1890 (+0.1%)

[03:42:23] Scan #77
  637 USD pairs found
  637 tickers fetched
  At max positions (3/3)
  Positions (3/3):
    CFG: entry $0.1523 → $0.1521 (-0.1%)
    SHAPE: entry $0.0016 → $0.0013 (-19.9%)
    INJ: entry $3.1850 → $3.1900 (+0.2%)

[03:47:33] Scan #78
  637 USD pairs found
  637 tickers fetched
  At max positions (3/3)
  Positions (3/3):
    CFG: entry $0.1523 → $0.1547 (+1.6%)
    SHAPE: entry $0.0016 → $0.0013 (-18.0%)
    INJ: entry $3.1850 → $3.1860 (+0.0%)

[03:52:43] Scan #79
  637 USD pairs found
  637 tickers fetched
  At max positions (3/3)
  Positions (3/3):
    CFG: entry $0.1523 → $0.1540 (+1.1%)
    SHAPE: entry $0.0016 → $0.0013 (-19.9%)
    INJ: entry $3.1850 → $3.1940 (+0.3%)

[03:57:52] Scan #80
  637 USD pairs found
  637 tickers fetched
  At max positions (3/3)
  Positions (3/3):
    CFG: entry $0.1523 → $0.1540 (+1.1%)
    SHAPE: entry $0.0016 → $0.0013 (-18.0%)
    INJ: entry $3.1850 → $3.1860 (+0.0%)

[04:03:02] Scan #81
  637 USD pairs found
  637 tickers fetched
  At max positions (3/3)
  Positions (3/3):
    CFG: entry $0.1523 → $0.1536 (+0.9%)
    SHAPE: entry $0.0016 → $0.0013 (-18.0%)
    INJ: entry $3.1850 → $3.1960 (+0.3%)

[04:08:11] Scan #82
  637 USD pairs found
  637 tickers fetched
  At max positions (3/3)
  Positions (3/3):
    CFG: entry $0.1523 → $0.1536 (+0.9%)
    SHAPE: entry $0.0016 → $0.0013 (-18.0%)
    INJ: entry $3.1850 → $3.2000 (+0.5%)

[04:13:20] Scan #83
  637 USD pairs found
  637 tickers fetched
  At max positions (3/3)
  Positions (3/3):
    CFG: entry $0.1523 → $0.1536 (+0.9%)
    SHAPE: entry $0.0016 → $0.0013 (-18.0%)
    INJ: entry $3.1850 → $3.2000 (+0.5%)

[04:18:30] Scan #84
  637 USD pairs found
  637 tickers fetched
  At max positions (3/3)
  Positions (3/3):
    CFG: entry $0.1523 → $0.1568 (+3.0%)
    SHAPE: entry $0.0016 → $0.0013 (-22.4%)
    INJ: entry $3.1850 → $3.2230 (+1.2%)

[04:23:39] Scan #85
  637 USD pairs found
  637 tickers fetched
  At max positions (3/3)
  Positions (3/3):
    CFG: entry $0.1523 → $0.1576 (+3.5%)
    SHAPE: entry $0.0016 → $0.0013 (-20.5%)
    INJ: entry $3.1850 → $3.2100 (+0.8%)

[04:28:48] Scan #86
  637 USD pairs found
  637 tickers fetched
  At max positions (3/3)
  Positions (3/3):
    CFG: entry $0.1523 → $0.1592 (+4.5%)
    SHAPE: entry $0.0016 → $0.0013 (-21.7%)
    INJ: entry $3.1850 → $3.2170 (+1.0%)

[04:33:57] Scan #87
  637 USD pairs found
  637 tickers fetched
  At max positions (3/3)
  Positions (3/3):
    CFG: entry $0.1523 → $0.1561 (+2.5%)
    SHAPE: entry $0.0016 → $0.0013 (-19.3%)
    INJ: entry $3.1850 → $3.2090 (+0.8%)

[04:39:07] Scan #88
  637 USD pairs found
  637 tickers fetched
  At max positions (3/3)
  Positions (3/3):
    CFG: entry $0.1523 → $0.1584 (+4.0%)
    SHAPE: entry $0.0016 → $0.0013 (-21.7%)
    INJ: entry $3.1850 → $3.1950 (+0.3%)

[04:44:16] Scan #89
  637 USD pairs found
  637 tickers fetched
  At max positions (3/3)
  Positions (3/3):
    CFG: entry $0.1523 → $0.1578 (+3.6%)
    SHAPE: entry $0.0016 → $0.0013 (-19.9%)
    INJ: entry $3.1850 → $3.2000 (+0.5%)

[04:49:25] Scan #90
  637 USD pairs found
  637 tickers fetched
  At max positions (3/3)
  Positions (3/3):
    CFG: entry $0.1523 → $0.1605 (+5.4%)
    SHAPE: entry $0.0016 → $0.0013 (-18.6%)
    INJ: entry $3.1850 → $3.2000 (+0.5%)

[04:54:34] Scan #91
  637 USD pairs found
  637 tickers fetched
  At max positions (3/3)
  Positions (3/3):
    CFG: entry $0.1523 → $0.1594 (+4.7%)
    SHAPE: entry $0.0016 → $0.0013 (-18.6%)
    INJ: entry $3.1850 → $3.2000 (+0.5%)

[04:59:43] Scan #92
  637 USD pairs found
  637 tickers fetched
  At max positions (3/3)
  Positions (3/3):
    CFG: entry $0.1523 → $0.1610 (+5.7%)
    SHAPE: entry $0.0016 → $0.0013 (-21.1%)
    INJ: entry $3.1850 → $3.2320 (+1.5%)

[05:04:53] Scan #93
  637 USD pairs found
  637 tickers fetched
  At max positions (3/3)
  Positions (3/3):
    CFG: entry $0.1523 → $0.1624 (+6.6%)
    SHAPE: entry $0.0016 → $0.0013 (-18.6%)
    INJ: entry $3.1850 → $3.2280 (+1.4%)

[05:10:02] Scan #94
  637 USD pairs found
  637 tickers fetched
  At max positions (3/3)
  Positions (3/3):
    CFG: entry $0.1523 → $0.1595 (+4.7%)
    SHAPE: entry $0.0016 → $0.0013 (-19.9%)
    INJ: entry $3.1850 → $3.2240 (+1.2%)

[05:15:11] Scan #95
  637 USD pairs found
  637 tickers fetched
  At max positions (3/3)
  Positions (3/3):
    CFG: entry $0.1523 → $0.1581 (+3.8%)
    SHAPE: entry $0.0016 → $0.0013 (-19.9%)
    INJ: entry $3.1850 → $3.2180 (+1.0%)

[05:20:20] Scan #96
  637 USD pairs found
  637 tickers fetched
  At max positions (3/3)
  Positions (3/3):
    CFG: entry $0.1523 → $0.1583 (+3.9%)
    SHAPE: entry $0.0016 → $0.0013 (-21.7%)
    INJ: entry $3.1850 → $3.2190 (+1.1%)

[05:25:30] Scan #97
  637 USD pairs found
  637 tickers fetched
  At max positions (3/3)
  Positions (3/3):
    CFG: entry $0.1523 → $0.1569 (+3.0%)
    SHAPE: entry $0.0016 → $0.0013 (-19.3%)
    INJ: entry $3.1850 → $3.2150 (+0.9%)

[05:30:39] Scan #98
  637 USD pairs found
  637 tickers fetched
  At max positions (3/3)
  Positions (3/3):
    CFG: entry $0.1523 → $0.1541 (+1.2%)
    SHAPE: entry $0.0016 → $0.0013 (-19.3%)
    INJ: entry $3.1850 → $3.2000 (+0.5%)

[05:35:48] Scan #99
  637 USD pairs found
  637 tickers fetched
  At max positions (3/3)
  Positions (3/3):
    CFG: entry $0.1523 → $0.1535 (+0.8%)
    SHAPE: entry $0.0016 → $0.0013 (-19.3%)
    INJ: entry $3.1850 → $3.2040 (+0.6%)

[05:40:57] Scan #100
  637 USD pairs found
  637 tickers fetched
  At max positions (3/3)
  Positions (3/3):
    CFG: entry $0.1523 → $0.1540 (+1.1%)
    SHAPE: entry $0.0016 → $0.0013 (-19.3%)
    INJ: entry $3.1850 → $3.2330 (+1.5%)

[05:46:07] Scan #101
  637 USD pairs found
  637 tickers fetched
  At max positions (3/3)
  Positions (3/3):
    CFG: entry $0.1523 → $0.1548 (+1.6%)
    SHAPE: entry $0.0016 → $0.0013 (-21.1%)
    INJ: entry $3.1850 → $3.2330 (+1.5%)

[05:51:16] Scan #102
  637 USD pairs found
  637 tickers fetched
  At max positions (3/3)
  Positions (3/3):
    CFG: entry $0.1523 → $0.1539 (+1.1%)
    SHAPE: entry $0.0016 → $0.0013 (-21.1%)
    INJ: entry $3.1850 → $3.2220 (+1.2%)

[05:56:26] Scan #103
  637 USD pairs found
  637 tickers fetched
  At max positions (3/3)
  Positions (3/3):
    CFG: entry $0.1523 → $0.1545 (+1.4%)
    SHAPE: entry $0.0016 → $0.0012 (-23.0%)
    INJ: entry $3.1850 → $3.2220 (+1.2%)

[06:01:38] Scan #104
  637 USD pairs found
  637 tickers fetched
  At max positions (3/3)
  Positions (3/3):
    CFG: entry $0.1523 → $0.1559 (+2.4%)
    SHAPE: entry $0.0016 → $0.0013 (-19.9%)
    INJ: entry $3.1850 → $3.1990 (+0.4%)

[06:06:47] Scan #105
  637 USD pairs found
  637 tickers fetched
  At max positions (3/3)
  Positions (3/3):
    CFG: entry $0.1523 → $0.1566 (+2.8%)
    SHAPE: entry $0.0016 → $0.0013 (-21.7%)
    INJ: entry $3.1850 → $3.1900 (+0.2%)

[06:11:56] Scan #106
  637 USD pairs found
  637 tickers fetched
  At max positions (3/3)
  Positions (3/3):
    CFG: entry $0.1523 → $0.1569 (+3.0%)
    SHAPE: entry $0.0016 → $0.0013 (-21.1%)
    INJ: entry $3.1850 → $3.1900 (+0.2%)

[06:17:05] Scan #107
  637 USD pairs found
  637 tickers fetched
  At max positions (3/3)
  Positions (3/3):
    CFG: entry $0.1523 → $0.1569 (+3.0%)
    SHAPE: entry $0.0016 → $0.0012 (-23.0%)
    INJ: entry $3.1850 → $3.1900 (+0.2%)

[06:22:15] Scan #108
  637 USD pairs found
  637 tickers fetched
  At max positions (3/3)
  Positions (3/3):
    CFG: entry $0.1523 → $0.1533 (+0.7%)
    SHAPE: entry $0.0016 → $0.0012 (-23.0%)
    INJ: entry $3.1850 → $3.1880 (+0.1%)

[06:27:31] Scan #109
  637 USD pairs found
  637 tickers fetched
  At max positions (3/3)
  Positions (3/3):
    CFG: entry $0.1523 → $0.1529 (+0.4%)
    SHAPE: entry $0.0016 → $0.0012 (-26.7%)
    INJ: entry $3.1850 → $3.1880 (+0.1%)

[06:32:40] Scan #110
  637 USD pairs found
  637 tickers fetched
  At max positions (3/3)
  Positions (3/3):
    CFG: entry $0.1523 → $0.1537 (+0.9%)
    SHAPE: entry $0.0016 → $0.0012 (-25.5%)
    INJ: entry $3.1850 → $3.1900 (+0.2%)

[06:37:50] Scan #111
  637 USD pairs found
  637 tickers fetched
  At max positions (3/3)
  Positions (3/3):
    CFG: entry $0.1523 → $0.1537 (+0.9%)
    SHAPE: entry $0.0016 → $0.0012 (-24.2%)
    INJ: entry $3.1850 → $3.1850 (+0.0%)

[06:42:59] Scan #112
  637 USD pairs found
  637 tickers fetched
  At max positions (3/3)
  Positions (3/3):
    CFG: entry $0.1523 → $0.1547 (+1.6%)
    SHAPE: entry $0.0016 → $0.0012 (-26.7%)
    INJ: entry $3.1850 → $3.1740 (-0.3%)

[06:48:09] Scan #113
  637 USD pairs found
  637 tickers fetched
  At max positions (3/3)
  Positions (3/3):
    CFG: entry $0.1523 → $0.1547 (+1.6%)
    SHAPE: entry $0.0016 → $0.0011 (-28.6%)
    INJ: entry $3.1850 → $3.1760 (-0.3%)

[06:53:18] Scan #114
  637 USD pairs found
  637 tickers fetched
  At max positions (3/3)
  Positions (3/3):
    CFG: entry $0.1523 → $0.1537 (+0.9%)
    SHAPE: entry $0.0016 → $0.0011 (-29.8%)
    INJ: entry $3.1850 → $3.1720 (-0.4%)

[06:58:27] Scan #115
  637 USD pairs found
  637 tickers fetched
  At max positions (3/3)
  Positions (3/3):
    CFG: entry $0.1523 → $0.1541 (+1.2%)
    SHAPE: entry $0.0016 → $0.0011 (-29.8%)
    INJ: entry $3.1850 → $3.1590 (-0.8%)

[07:03:37] Scan #116
  637 USD pairs found
  637 tickers fetched
  At max positions (3/3)
  Positions (3/3):
    CFG: entry $0.1523 → $0.1534 (+0.7%)
    SHAPE: entry $0.0016 → $0.0011 (-29.8%)
    INJ: entry $3.1850 → $3.1300 (-1.7%)

[07:08:46] Scan #117
  637 USD pairs found
  637 tickers fetched
  At max positions (3/3)
  Positions (3/3):
    CFG: entry $0.1523 → $0.1534 (+0.7%)
    SHAPE: entry $0.0016 → $0.0012 (-27.3%)
    INJ: entry $3.1850 → $3.1350 (-1.6%)

[07:13:55] Scan #118
  637 USD pairs found
  637 tickers fetched
  At max positions (3/3)
  Positions (3/3):
    CFG: entry $0.1523 → $0.1534 (+0.7%)
    SHAPE: entry $0.0016 → $0.0012 (-26.1%)
    INJ: entry $3.1850 → $3.1360 (-1.5%)

[07:19:04] Scan #119
  637 USD pairs found
  637 tickers fetched
  At max positions (3/3)
  Positions (3/3):
    CFG: entry $0.1523 → $0.1506 (-1.1%)
    SHAPE: entry $0.0016 → $0.0012 (-28.0%)
    INJ: entry $3.1850 → $3.1280 (-1.8%)

[07:24:13] Scan #120
  637 USD pairs found
  637 tickers fetched
  At max positions (3/3)
  Positions (3/3):
    CFG: entry $0.1523 → $0.1513 (-0.7%)
    SHAPE: entry $0.0016 → $0.0012 (-28.0%)
    INJ: entry $3.1850 → $3.1330 (-1.6%)

[07:29:23] Scan #121
  637 USD pairs found
  637 tickers fetched
  At max positions (3/3)
  Positions (3/3):
    CFG: entry $0.1523 → $0.1524 (+0.1%)
    SHAPE: entry $0.0016 → $0.0012 (-27.3%)
    INJ: entry $3.1850 → $3.1330 (-1.6%)

[07:34:32] Scan #122
  637 USD pairs found
  637 tickers fetched
  At max positions (3/3)
  Positions (3/3):
    CFG: entry $0.1523 → $0.1512 (-0.7%)
    SHAPE: entry $0.0016 → $0.0011 (-28.6%)
    INJ: entry $3.1850 → $3.1400 (-1.4%)

[07:39:41] Scan #123
  637 USD pairs found
  637 tickers fetched
  At max positions (3/3)
  Positions (3/3):
    CFG: entry $0.1523 → $0.1514 (-0.6%)
    SHAPE: entry $0.0016 → $0.0012 (-24.8%)
    INJ: entry $3.1850 → $3.1310 (-1.7%)

[07:44:50] Scan #124
  637 USD pairs found
  637 tickers fetched
  At max positions (3/3)
  Positions (3/3):
    CFG: entry $0.1523 → $0.1514 (-0.6%)
    SHAPE: entry $0.0016 → $0.0012 (-26.7%)
    INJ: entry $3.1850 → $3.1340 (-1.6%)

[07:49:59] Scan #125
  637 USD pairs found
  637 tickers fetched
  At max positions (3/3)
  Positions (3/3):
    CFG: entry $0.1523 → $0.1511 (-0.8%)
    SHAPE: entry $0.0016 → $0.0012 (-25.5%)
    INJ: entry $3.1850 → $3.1340 (-1.6%)

[07:55:08] Scan #126
  637 USD pairs found
  637 tickers fetched
  At max positions (3/3)
  Positions (3/3):
    CFG: entry $0.1523 → $0.1513 (-0.7%)
    SHAPE: entry $0.0016 → $0.0012 (-24.2%)
    INJ: entry $3.1850 → $3.1350 (-1.6%)

[08:00:17] Scan #127
  637 USD pairs found
  637 tickers fetched
  At max positions (3/3)
  Positions (3/3):
    CFG: entry $0.1523 → $0.1520 (-0.2%)
    SHAPE: entry $0.0016 → $0.0012 (-28.0%)
    INJ: entry $3.1850 → $3.1400 (-1.4%)

[08:05:27] Scan #128
  637 USD pairs found
  637 tickers fetched
  At max positions (3/3)
  Positions (3/3):
    CFG: entry $0.1523 → $0.1520 (-0.2%)
    SHAPE: entry $0.0016 → $0.0012 (-26.1%)
    INJ: entry $3.1850 → $3.1410 (-1.4%)

[08:10:36] Scan #129
  637 USD pairs found
  637 tickers fetched
  At max positions (3/3)
  Positions (3/3):
    CFG: entry $0.1523 → $0.1520 (-0.2%)
    SHAPE: entry $0.0016 → $0.0012 (-25.5%)
    INJ: entry $3.1850 → $3.1440 (-1.3%)

[08:15:46] Scan #130
  637 USD pairs found
  637 tickers fetched
  At max positions (3/3)
  Positions (3/3):
    CFG: entry $0.1523 → $0.1528 (+0.3%)
    SHAPE: entry $0.0016 → $0.0012 (-27.3%)
    INJ: entry $3.1850 → $3.1450 (-1.3%)

[08:20:55] Scan #131
  637 USD pairs found
  637 tickers fetched
  At max positions (3/3)
  Positions (3/3):
    CFG: entry $0.1523 → $0.1528 (+0.3%)
    SHAPE: entry $0.0016 → $0.0012 (-28.0%)
    INJ: entry $3.1850 → $3.1440 (-1.3%)

[08:26:04] Scan #132
  637 USD pairs found
  637 tickers fetched
  At max positions (3/3)
  Positions (3/3):
    CFG: entry $0.1523 → $0.1527 (+0.3%)
    SHAPE: entry $0.0016 → $0.0012 (-25.5%)
    INJ: entry $3.1850 → $3.1400 (-1.4%)

[08:31:13] Scan #133
  637 USD pairs found
  637 tickers fetched
  At max positions (3/3)
  Positions (3/3):
    CFG: entry $0.1523 → $0.1534 (+0.7%)
    SHAPE: entry $0.0016 → $0.0013 (-20.5%)
    INJ: entry $3.1850 → $3.1320 (-1.7%)

[08:36:22] Scan #134
  637 USD pairs found
  637 tickers fetched
  At max positions (3/3)
  Positions (3/3):
    CFG: entry $0.1523 → $0.1538 (+1.0%)
    SHAPE: entry $0.0016 → $0.0012 (-26.1%)
    INJ: entry $3.1850 → $3.1320 (-1.7%)

[08:41:31] Scan #135
  637 USD pairs found
  637 tickers fetched
  At max positions (3/3)
  Positions (3/3):
    CFG: entry $0.1523 → $0.1538 (+1.0%)
    SHAPE: entry $0.0016 → $0.0012 (-26.1%)
    INJ: entry $3.1850 → $3.1320 (-1.7%)

[08:46:41] Scan #136
  637 USD pairs found
  637 tickers fetched
  At max positions (3/3)
  Positions (3/3):
    CFG: entry $0.1523 → $0.1536 (+0.9%)
    SHAPE: entry $0.0016 → $0.0012 (-25.5%)
    INJ: entry $3.1850 → $3.1300 (-1.7%)

[08:51:50] Scan #137
  637 USD pairs found
  637 tickers fetched
  At max positions (3/3)
  Positions (3/3):
    CFG: entry $0.1523 → $0.1545 (+1.4%)
    SHAPE: entry $0.0016 → $0.0012 (-26.1%)
    INJ: entry $3.1850 → $3.1300 (-1.7%)

[08:56:59] Scan #138
  637 USD pairs found
  637 tickers fetched
  At max positions (3/3)
  Positions (3/3):
    CFG: entry $0.1523 → $0.1546 (+1.5%)
    SHAPE: entry $0.0016 → $0.0012 (-24.2%)
    INJ: entry $3.1850 → $3.1250 (-1.9%)

[09:02:08] Scan #139
  637 USD pairs found
  637 tickers fetched
  At max positions (3/3)
  Positions (3/3):
    CFG: entry $0.1523 → $0.1551 (+1.8%)
    SHAPE: entry $0.0016 → $0.0013 (-21.7%)
    INJ: entry $3.1850 → $3.1190 (-2.1%)

[09:07:17] Scan #140
  637 USD pairs found
  637 tickers fetched
  At max positions (3/3)
  Positions (3/3):
    CFG: entry $0.1523 → $0.1559 (+2.4%)
    SHAPE: entry $0.0016 → $0.0012 (-23.6%)
    INJ: entry $3.1850 → $3.1230 (-1.9%)

[09:12:26] Scan #141
  637 USD pairs found
  637 tickers fetched
  At max positions (3/3)
  Positions (3/3):
    CFG: entry $0.1523 → $0.1553 (+2.0%)
    SHAPE: entry $0.0016 → $0.0013 (-22.4%)
    INJ: entry $3.1850 → $3.1230 (-1.9%)

[09:17:35] Scan #142
  637 USD pairs found
  637 tickers fetched
  At max positions (3/3)
  Positions (3/3):
    CFG: entry $0.1523 → $0.1537 (+0.9%)
    SHAPE: entry $0.0016 → $0.0012 (-25.5%)
    INJ: entry $3.1850 → $3.1120 (-2.3%)

[09:22:45] Scan #143
  637 USD pairs found
  637 tickers fetched
  At max positions (3/3)
  Positions (3/3):
    CFG: entry $0.1523 → $0.1534 (+0.7%)
    SHAPE: entry $0.0016 → $0.0012 (-23.6%)
    INJ: entry $3.1850 → $3.1060 (-2.5%)

[09:27:54] Scan #144
  637 USD pairs found
  637 tickers fetched
  At max positions (3/3)
  Positions (3/3):
    CFG: entry $0.1523 → $0.1534 (+0.7%)
    SHAPE: entry $0.0016 → $0.0012 (-25.5%)
    INJ: entry $3.1850 → $3.1070 (-2.4%)

[09:33:03] Scan #145
  637 USD pairs found
  637 tickers fetched
  At max positions (3/3)
  Positions (3/3):
    CFG: entry $0.1523 → $0.1535 (+0.8%)
    SHAPE: entry $0.0016 → $0.0012 (-23.6%)
    INJ: entry $3.1850 → $3.1140 (-2.2%)

[09:38:12] Scan #146
  637 USD pairs found
  637 tickers fetched
  At max positions (3/3)
  Positions (3/3):
    CFG: entry $0.1523 → $0.1535 (+0.8%)
    SHAPE: entry $0.0016 → $0.0012 (-25.5%)
    INJ: entry $3.1850 → $3.1220 (-2.0%)

[09:43:22] Scan #147
  637 USD pairs found
  637 tickers fetched
  At max positions (3/3)
  Positions (3/3):
    CFG: entry $0.1523 → $0.1530 (+0.5%)
    SHAPE: entry $0.0016 → $0.0013 (-22.4%)
    INJ: entry $3.1850 → $3.1260 (-1.9%)

[09:48:31] Scan #148
  637 USD pairs found
  637 tickers fetched
  At max positions (3/3)
  Positions (3/3):
    CFG: entry $0.1523 → $0.1523 (+0.0%)
    SHAPE: entry $0.0016 → $0.0012 (-24.2%)
    INJ: entry $3.1850 → $3.1260 (-1.9%)

[09:53:40] Scan #149
  637 USD pairs found
  637 tickers fetched
  At max positions (3/3)
  Positions (3/3):
    CFG: entry $0.1523 → $0.1523 (+0.0%)
    SHAPE: entry $0.0016 → $0.0012 (-25.5%)
    INJ: entry $3.1850 → $3.1260 (-1.9%)

[09:58:49] Scan #150
  637 USD pairs found
  637 tickers fetched
  At max positions (3/3)
  Positions (3/3):
    CFG: entry $0.1523 → $0.1523 (+0.0%)
    SHAPE: entry $0.0016 → $0.0012 (-24.8%)
    INJ: entry $3.1850 → $3.1260 (-1.9%)

[10:03:58] Scan #151
  637 USD pairs found
  637 tickers fetched
  At max positions (3/3)
  Positions (3/3):
    CFG: entry $0.1523 → $0.1524 (+0.1%)
    SHAPE: entry $0.0016 → $0.0012 (-24.8%)
    INJ: entry $3.1850 → $3.1290 (-1.8%)

[10:09:07] Scan #152
  637 USD pairs found
  637 tickers fetched
  At max positions (3/3)
  Positions (3/3):
    CFG: entry $0.1523 → $0.1524 (+0.1%)
    SHAPE: entry $0.0016 → $0.0012 (-26.1%)
    INJ: entry $3.1850 → $3.1070 (-2.4%)

[10:14:16] Scan #153
  637 USD pairs found
  637 tickers fetched
  At max positions (3/3)
  Positions (3/3):
    CFG: entry $0.1523 → $0.1530 (+0.5%)
    SHAPE: entry $0.0016 → $0.0012 (-25.5%)
    INJ: entry $3.1850 → $3.1050 (-2.5%)

[10:19:26] Scan #154
  637 USD pairs found
  637 tickers fetched
  At max positions (3/3)
  Positions (3/3):
    CFG: entry $0.1523 → $0.1524 (+0.1%)
    SHAPE: entry $0.0016 → $0.0012 (-25.5%)
    INJ: entry $3.1850 → $3.1050 (-2.5%)

[10:24:35] Scan #155
  637 USD pairs found
  637 tickers fetched
  At max positions (3/3)
  Positions (3/3):
    CFG: entry $0.1523 → $0.1525 (+0.1%)
    SHAPE: entry $0.0016 → $0.0012 (-28.0%)
    INJ: entry $3.1850 → $3.1050 (-2.5%)

[10:29:44] Scan #156
  637 USD pairs found
  637 tickers fetched
  At max positions (3/3)
  Positions (3/3):
    CFG: entry $0.1523 → $0.1524 (+0.1%)
    SHAPE: entry $0.0016 → $0.0012 (-24.2%)
    INJ: entry $3.1850 → $3.1070 (-2.4%)

[10:34:54] Scan #157
  637 USD pairs found
  637 tickers fetched
  At max positions (3/3)
  Positions (3/3):
    CFG: entry $0.1523 → $0.1524 (+0.1%)
    SHAPE: entry $0.0016 → $0.0012 (-25.5%)
    INJ: entry $3.1850 → $3.1200 (-2.0%)

[10:40:03] Scan #158
  637 USD pairs found
  637 tickers fetched
  At max positions (3/3)
  Positions (3/3):
    CFG: entry $0.1523 → $0.1524 (+0.1%)
    SHAPE: entry $0.0016 → $0.0012 (-26.7%)
    INJ: entry $3.1850 → $3.1250 (-1.9%)

[10:45:13] Scan #159
  637 USD pairs found
  637 tickers fetched
  At max positions (3/3)
  Positions (3/3):
    CFG: entry $0.1523 → $0.1524 (+0.1%)
    SHAPE: entry $0.0016 → $0.0012 (-27.3%)
    INJ: entry $3.1850 → $3.1280 (-1.8%)

[10:50:22] Scan #160
  637 USD pairs found
  637 tickers fetched
  At max positions (3/3)
  Positions (3/3):
    CFG: entry $0.1523 → $0.1524 (+0.1%)
    SHAPE: entry $0.0016 → $0.0012 (-26.1%)
    INJ: entry $3.1850 → $3.1290 (-1.8%)

[10:55:32] Scan #161
  637 USD pairs found
  637 tickers fetched
  At max positions (3/3)
  Positions (3/3):
    CFG: entry $0.1523 → $0.1523 (+0.0%)
    SHAPE: entry $0.0016 → $0.0012 (-26.7%)
    INJ: entry $3.1850 → $3.1360 (-1.5%)

[11:00:41] Scan #162
  637 USD pairs found
  637 tickers fetched
  At max positions (3/3)
  Positions (3/3):
    CFG: entry $0.1523 → $0.1528 (+0.3%)
    SHAPE: entry $0.0016 → $0.0012 (-25.5%)
    INJ: entry $3.1850 → $3.1330 (-1.6%)

[11:05:50] Scan #163
  637 USD pairs found
  637 tickers fetched
  At max positions (3/3)
  Positions (3/3):
    CFG: entry $0.1523 → $0.1528 (+0.3%)
    SHAPE: entry $0.0016 → $0.0012 (-26.1%)
    INJ: entry $3.1850 → $3.1350 (-1.6%)

[11:11:00] Scan #164
  637 USD pairs found
  637 tickers fetched
  At max positions (3/3)
  Positions (3/3):
    CFG: entry $0.1523 → $0.1528 (+0.3%)
    SHAPE: entry $0.0016 → $0.0012 (-26.1%)
    INJ: entry $3.1850 → $3.1390 (-1.4%)

[11:16:09] Scan #165
  637 USD pairs found
  637 tickers fetched
  At max positions (3/3)
  Positions (3/3):
    CFG: entry $0.1523 → $0.1522 (-0.1%)
    SHAPE: entry $0.0016 → $0.0012 (-27.3%)
    INJ: entry $3.1850 → $3.1430 (-1.3%)

[11:21:18] Scan #166
  637 USD pairs found
  637 tickers fetched
  At max positions (3/3)
  Positions (3/3):
    CFG: entry $0.1523 → $0.1522 (-0.1%)
    SHAPE: entry $0.0016 → $0.0012 (-26.7%)
    INJ: entry $3.1850 → $3.1380 (-1.5%)

[11:26:27] Scan #167
  637 USD pairs found
  637 tickers fetched
  At max positions (3/3)
  Positions (3/3):
    CFG: entry $0.1523 → $0.1514 (-0.6%)
    SHAPE: entry $0.0016 → $0.0012 (-26.1%)
    INJ: entry $3.1850 → $3.1270 (-1.8%)

[11:31:36] Scan #168
  637 USD pairs found
  637 tickers fetched
  At max positions (3/3)
  Positions (3/3):
    CFG: entry $0.1523 → $0.1511 (-0.8%)
    SHAPE: entry $0.0016 → $0.0012 (-27.3%)
    INJ: entry $3.1850 → $3.1270 (-1.8%)

[11:36:45] Scan #169
  637 USD pairs found
  637 tickers fetched
  At max positions (3/3)
  Positions (3/3):
    CFG: entry $0.1523 → $0.1511 (-0.8%)
    SHAPE: entry $0.0016 → $0.0012 (-26.7%)
    INJ: entry $3.1850 → $3.1040 (-2.5%)

[11:41:55] Scan #170
  637 USD pairs found
  637 tickers fetched
  At max positions (3/3)
  Positions (3/3):
    CFG: entry $0.1523 → $0.1500 (-1.5%)
    SHAPE: entry $0.0016 → $0.0012 (-26.7%)
    INJ: entry $3.1850 → $3.0950 (-2.8%)

[11:47:04] Scan #171
  637 USD pairs found
  637 tickers fetched
  At max positions (3/3)
  Positions (3/3):
    CFG: entry $0.1523 → $0.1495 (-1.8%)
    SHAPE: entry $0.0016 → $0.0012 (-26.1%)
    INJ: entry $3.1850 → $3.0950 (-2.8%)

[11:52:13] Scan #172
  637 USD pairs found
  637 tickers fetched
  At max positions (3/3)
  Positions (3/3):
    CFG: entry $0.1523 → $0.1498 (-1.6%)
    SHAPE: entry $0.0016 → $0.0012 (-27.3%)
    INJ: entry $3.1850 → $3.0970 (-2.8%)

[11:57:23] Scan #173
  637 USD pairs found
  637 tickers fetched
  At max positions (3/3)
  Positions (3/3):
    CFG: entry $0.1523 → $0.1498 (-1.6%)
    SHAPE: entry $0.0016 → $0.0012 (-27.3%)
    INJ: entry $3.1850 → $3.1040 (-2.5%)

[12:02:32] Scan #174
  637 USD pairs found
  637 tickers fetched
  At max positions (3/3)
  Positions (3/3):
    CFG: entry $0.1523 → $0.1498 (-1.6%)
    SHAPE: entry $0.0016 → $0.0012 (-26.1%)
    INJ: entry $3.1850 → $3.1040 (-2.5%)

[12:07:41] Scan #175
  637 USD pairs found
  637 tickers fetched
  At max positions (3/3)
  Positions (3/3):
    CFG: entry $0.1523 → $0.1506 (-1.1%)
    SHAPE: entry $0.0016 → $0.0012 (-26.1%)
    INJ: entry $3.1850 → $3.1160 (-2.2%)

[12:12:51] Scan #176
  637 USD pairs found
  637 tickers fetched
  At max positions (3/3)
  Positions (3/3):
    CFG: entry $0.1523 → $0.1506 (-1.1%)
    SHAPE: entry $0.0016 → $0.0012 (-26.1%)
    INJ: entry $3.1850 → $3.1330 (-1.6%)

[12:18:00] Scan #177
  637 USD pairs found
  637 tickers fetched
  At max positions (3/3)
  Positions (3/3):
    CFG: entry $0.1523 → $0.1502 (-1.4%)
    SHAPE: entry $0.0016 → $0.0012 (-26.1%)
    INJ: entry $3.1850 → $3.1330 (-1.6%)

[12:23:09] Scan #178
  637 USD pairs found
  637 tickers fetched
  At max positions (3/3)
  Positions (3/3):
    CFG: entry $0.1523 → $0.1502 (-1.4%)
    SHAPE: entry $0.0016 → $0.0012 (-27.3%)
    INJ: entry $3.1850 → $3.1180 (-2.1%)

[12:28:18] Scan #179
  637 USD pairs found
  637 tickers fetched
  At max positions (3/3)
  Positions (3/3):
    CFG: entry $0.1523 → $0.1502 (-1.4%)
    SHAPE: entry $0.0016 → $0.0012 (-26.1%)
    INJ: entry $3.1850 → $3.1080 (-2.4%)

[12:33:28] Scan #180
  637 USD pairs found
  637 tickers fetched
  At max positions (3/3)
  Positions (3/3):
    CFG: entry $0.1523 → $0.1496 (-1.8%)
    SHAPE: entry $0.0016 → $0.0012 (-26.1%)
    INJ: entry $3.1850 → $3.1080 (-2.4%)

[12:38:37] Scan #181
  637 USD pairs found
  637 tickers fetched
  At max positions (3/3)
  Positions (3/3):
    CFG: entry $0.1523 → $0.1511 (-0.8%)
    SHAPE: entry $0.0016 → $0.0012 (-27.3%)
    INJ: entry $3.1850 → $3.1110 (-2.3%)

[12:43:46] Scan #182
  637 USD pairs found
  637 tickers fetched
  At max positions (3/3)
  Positions (3/3):
    CFG: entry $0.1523 → $0.1510 (-0.9%)
    SHAPE: entry $0.0016 → $0.0012 (-26.1%)
    INJ: entry $3.1850 → $3.0950 (-2.8%)

[12:48:55] Scan #183
  637 USD pairs found
  637 tickers fetched
  At max positions (3/3)
  Positions (3/3):
    CFG: entry $0.1523 → $0.1510 (-0.9%)
    SHAPE: entry $0.0016 → $0.0012 (-26.1%)
    INJ: entry $3.1850 → $3.0940 (-2.9%)

[12:54:05] Scan #184
  637 USD pairs found
  637 tickers fetched
  At max positions (3/3)
  Positions (3/3):
    CFG: entry $0.1523 → $0.1498 (-1.6%)
    SHAPE: entry $0.0016 → $0.0012 (-26.1%)
    INJ: entry $3.1850 → $3.0940 (-2.9%)

[12:59:14] Scan #185
  637 USD pairs found
  637 tickers fetched
  At max positions (3/3)
  Positions (3/3):
    CFG: entry $0.1523 → $0.1498 (-1.6%)
    SHAPE: entry $0.0016 → $0.0012 (-26.1%)
    INJ: entry $3.1850 → $3.0940 (-2.9%)

[13:04:25] Scan #186
  637 USD pairs found
  637 tickers fetched
  At max positions (3/3)
  Positions (3/3):
    CFG: entry $0.1523 → $0.1496 (-1.8%)
    SHAPE: entry $0.0016 → $0.0012 (-26.7%)
    INJ: entry $3.1850 → $3.1000 (-2.7%)

[13:09:34] Scan #187
  637 USD pairs found
  637 tickers fetched
  At max positions (3/3)
  Positions (3/3):
    CFG: entry $0.1523 → $0.1489 (-2.2%)
    SHAPE: entry $0.0016 → $0.0012 (-26.1%)
    INJ: entry $3.1850 → $3.1110 (-2.3%)

[13:14:43] Scan #188
  637 USD pairs found
  637 tickers fetched
  At max positions (3/3)
  Positions (3/3):
    CFG: entry $0.1523 → $0.1489 (-2.2%)
    SHAPE: entry $0.0016 → $0.0012 (-26.1%)
    INJ: entry $3.1850 → $3.1030 (-2.6%)

[13:19:53] Scan #189
  637 USD pairs found
  637 tickers fetched
  At max positions (3/3)
  Positions (3/3):
    CFG: entry $0.1523 → $0.1489 (-2.2%)
    SHAPE: entry $0.0016 → $0.0012 (-27.3%)
    INJ: entry $3.1850 → $3.0960 (-2.8%)

[13:25:02] Scan #190
  637 USD pairs found
  637 tickers fetched
  At max positions (3/3)
  Positions (3/3):
    CFG: entry $0.1523 → $0.1500 (-1.5%)
    SHAPE: entry $0.0016 → $0.0012 (-26.1%)
    INJ: entry $3.1850 → $3.1060 (-2.5%)

[13:30:12] Scan #191
  637 USD pairs found
  637 tickers fetched
  At max positions (3/3)
  Positions (3/3):
    CFG: entry $0.1523 → $0.1500 (-1.5%)
    SHAPE: entry $0.0016 → $0.0012 (-26.1%)
    INJ: entry $3.1850 → $3.1030 (-2.6%)

[13:35:21] Scan #192
  637 USD pairs found
  637 tickers fetched
  At max positions (3/3)
  Positions (3/3):
    CFG: entry $0.1523 → $0.1500 (-1.5%)
    SHAPE: entry $0.0016 → $0.0012 (-26.1%)
    INJ: entry $3.1850 → $3.0890 (-3.0%)

[13:40:30] Scan #193
  637 USD pairs found
  637 tickers fetched
  At max positions (3/3)
  Positions (3/3):
    CFG: entry $0.1523 → $0.1499 (-1.6%)
    SHAPE: entry $0.0016 → $0.0012 (-27.3%)
    INJ: entry $3.1850 → $3.0930 (-2.9%)

[13:45:39] Scan #194
  637 USD pairs found
  637 tickers fetched
  At max positions (3/3)
  Positions (3/3):
    CFG: entry $0.1523 → $0.1499 (-1.6%)
    SHAPE: entry $0.0016 → $0.0012 (-26.1%)
    INJ: entry $3.1850 → $3.0930 (-2.9%)

[13:50:49] Scan #195
  637 USD pairs found
  637 tickers fetched
  At max positions (3/3)
  Positions (3/3):
    CFG: entry $0.1523 → $0.1498 (-1.6%)
    SHAPE: entry $0.0016 → $0.0012 (-26.1%)
    INJ: entry $3.1850 → $3.1040 (-2.5%)

[13:55:58] Scan #196
  637 USD pairs found
  637 tickers fetched
  At max positions (3/3)
  Positions (3/3):
    CFG: entry $0.1523 → $0.1494 (-1.9%)
    SHAPE: entry $0.0016 → $0.0012 (-26.1%)
    INJ: entry $3.1850 → $3.0880 (-3.0%)

[14:01:07] Scan #197
  638 USD pairs found
  638 tickers fetched
  At max positions (3/3)
  Positions (3/3):
    CFG: entry $0.1523 → $0.1500 (-1.5%)
    SHAPE: entry $0.0016 → $0.0012 (-26.1%)
    INJ: entry $3.1850 → $3.0880 (-3.0%)

[14:06:17] Scan #198
  638 USD pairs found
  638 tickers fetched
  At max positions (3/3)
  Positions (3/3):
    CFG: entry $0.1523 → $0.1499 (-1.6%)
    SHAPE: entry $0.0016 → $0.0012 (-26.1%)
    INJ: entry $3.1850 → $3.0880 (-3.0%)

[14:11:27] Scan #199
  638 USD pairs found
  638 tickers fetched
  At max positions (3/3)
  Positions (3/3):
    CFG: entry $0.1523 → $0.1499 (-1.6%)
    SHAPE: entry $0.0016 → $0.0012 (-24.8%)
    INJ: entry $3.1850 → $3.0880 (-3.0%)

[14:16:36] Scan #200
  638 USD pairs found
  638 tickers fetched
  At max positions (3/3)
  Positions (3/3):
    CFG: entry $0.1523 → $0.1502 (-1.4%)
    SHAPE: entry $0.0016 → $0.0012 (-25.5%)
    INJ: entry $3.1850 → $3.0930 (-2.9%)

[14:21:46] Scan #201
  638 USD pairs found
  638 tickers fetched
  At max positions (3/3)
  Positions (3/3):
    CFG: entry $0.1523 → $0.1502 (-1.4%)
    SHAPE: entry $0.0016 → $0.0012 (-24.8%)
    INJ: entry $3.1850 → $3.0850 (-3.1%)

[14:26:55] Scan #202
  638 USD pairs found
  638 tickers fetched
  At max positions (3/3)
  Positions (3/3):
    CFG: entry $0.1523 → $0.1502 (-1.4%)
    SHAPE: entry $0.0016 → $0.0012 (-24.2%)
    INJ: entry $3.1850 → $3.0850 (-3.1%)

[14:32:05] Scan #203
  638 USD pairs found
  638 tickers fetched
  At max positions (3/3)
  Positions (3/3):
    CFG: entry $0.1523 → $0.1501 (-1.4%)
    SHAPE: entry $0.0016 → $0.0012 (-24.2%)
    INJ: entry $3.1850 → $3.0850 (-3.1%)

[14:37:14] Scan #204
  638 USD pairs found
  638 tickers fetched
  At max positions (3/3)
  Positions (3/3):
    CFG: entry $0.1523 → $0.1501 (-1.4%)
    SHAPE: entry $0.0016 → $0.0012 (-24.2%)
    INJ: entry $3.1850 → $3.0850 (-3.1%)

[14:42:23] Scan #205
  638 USD pairs found
  638 tickers fetched
  At max positions (3/3)
  Positions (3/3):
    CFG: entry $0.1523 → $0.1512 (-0.7%)
    SHAPE: entry $0.0016 → $0.0012 (-24.2%)
    INJ: entry $3.1850 → $3.1060 (-2.5%)

[14:47:32] Scan #206
  637 USD pairs found
  637 tickers fetched
  At max positions (3/3)
  Positions (3/3):
    CFG: entry $0.1523 → $0.1502 (-1.4%)
    SHAPE: entry $0.0016 → $0.0012 (-23.6%)
    INJ: entry $3.1850 → $3.1060 (-2.5%)

[14:52:42] Scan #207
  637 USD pairs found
  637 tickers fetched
  At max positions (3/3)
  Positions (3/3):
    CFG: entry $0.1523 → $0.1502 (-1.4%)
    SHAPE: entry $0.0016 → $0.0012 (-23.6%)
    INJ: entry $3.1850 → $3.0900 (-3.0%)

[14:57:52] Scan #208
  637 USD pairs found
  637 tickers fetched
  At max positions (3/3)
  Positions (3/3):
    CFG: entry $0.1523 → $0.1502 (-1.4%)
    SHAPE: entry $0.0016 → $0.0012 (-23.6%)
    INJ: entry $3.1850 → $3.0850 (-3.1%)

[15:03:01] Scan #209
  637 USD pairs found
  637 tickers fetched
  At max positions (3/3)
  Positions (3/3):
    CFG: entry $0.1523 → $0.1502 (-1.4%)
    SHAPE: entry $0.0016 → $0.0012 (-24.2%)
    INJ: entry $3.1850 → $3.0850 (-3.1%)

[15:08:11] Scan #210
  637 USD pairs found
  637 tickers fetched
  At max positions (3/3)
  Positions (3/3):
    CFG: entry $0.1523 → $0.1495 (-1.8%)
    SHAPE: entry $0.0016 → $0.0012 (-24.2%)
    INJ: entry $3.1850 → $3.0850 (-3.1%)

[15:13:21] Scan #211
  637 USD pairs found
  637 tickers fetched
  At max positions (3/3)
  Positions (3/3):
    CFG: entry $0.1523 → $0.1493 (-2.0%)
    SHAPE: entry $0.0016 → $0.0012 (-24.2%)
    INJ: entry $3.1850 → $3.0850 (-3.1%)

[15:18:30] Scan #212
  637 USD pairs found
  637 tickers fetched
  At max positions (3/3)
  Positions (3/3):
    CFG: entry $0.1523 → $0.1493 (-2.0%)
    SHAPE: entry $0.0016 → $0.0012 (-23.6%)
    INJ: entry $3.1850 → $3.0920 (-2.9%)

[15:23:41] Scan #213
  637 USD pairs found
  637 tickers fetched
  At max positions (3/3)
  Positions (3/3):
    CFG: entry $0.1523 → $0.1503 (-1.3%)
    SHAPE: entry $0.0016 → $0.0012 (-23.6%)
    INJ: entry $3.1850 → $3.0930 (-2.9%)

[15:28:50] Scan #214
  637 USD pairs found
  637 tickers fetched
  At max positions (3/3)
  Positions (3/3):
    CFG: entry $0.1523 → $0.1502 (-1.4%)
    SHAPE: entry $0.0016 → $0.0012 (-24.8%)
    INJ: entry $3.1850 → $3.0890 (-3.0%)

[15:34:00] Scan #215
  637 USD pairs found
  637 tickers fetched
  At max positions (3/3)
  Positions (3/3):
    CFG: entry $0.1523 → $0.1514 (-0.6%)
    SHAPE: entry $0.0016 → $0.0012 (-23.6%)
    INJ: entry $3.1850 → $3.0890 (-3.0%)

[15:39:10] Scan #216
  637 USD pairs found
  637 tickers fetched
  At max positions (3/3)
  Positions (3/3):
    CFG: entry $0.1523 → $0.1521 (-0.1%)
    SHAPE: entry $0.0016 → $0.0012 (-23.0%)
    INJ: entry $3.1850 → $3.0930 (-2.9%)

[15:44:20] Scan #217
  637 USD pairs found
  637 tickers fetched
  At max positions (3/3)
  Positions (3/3):
    CFG: entry $0.1523 → $0.1521 (-0.1%)
    SHAPE: entry $0.0016 → $0.0012 (-23.0%)
    INJ: entry $3.1850 → $3.0930 (-2.9%)

[15:49:29] Scan #218
  637 USD pairs found
  637 tickers fetched
  At max positions (3/3)
  Positions (3/3):
    CFG: entry $0.1523 → $0.1521 (-0.1%)
    SHAPE: entry $0.0016 → $0.0012 (-24.8%)
    INJ: entry $3.1850 → $3.0930 (-2.9%)

[15:54:39] Scan #219
  637 USD pairs found
  637 tickers fetched
  At max positions (3/3)
  Positions (3/3):
    CFG: entry $0.1523 → $0.1521 (-0.1%)
    SHAPE: entry $0.0016 → $0.0012 (-23.6%)
    INJ: entry $3.1850 → $3.0930 (-2.9%)

[15:59:48] Scan #220
  637 USD pairs found
  637 tickers fetched
  At max positions (3/3)
  Positions (3/3):
    CFG: entry $0.1523 → $0.1521 (-0.1%)
    SHAPE: entry $0.0016 → $0.0012 (-23.6%)
    INJ: entry $3.1850 → $3.0930 (-2.9%)

[16:04:57] Scan #221
  637 USD pairs found
  637 tickers fetched
  At max positions (3/3)
  Positions (3/3):
    CFG: entry $0.1523 → $0.1508 (-1.0%)
    SHAPE: entry $0.0016 → $0.0012 (-23.0%)
    INJ: entry $3.1850 → $3.0990 (-2.7%)

[16:10:07] Scan #222
  637 USD pairs found
  637 tickers fetched
  At max positions (3/3)
  Positions (3/3):
    CFG: entry $0.1523 → $0.1500 (-1.5%)
    SHAPE: entry $0.0016 → $0.0013 (-22.4%)
    INJ: entry $3.1850 → $3.0990 (-2.7%)

[16:15:16] Scan #223
  637 USD pairs found
  637 tickers fetched
  At max positions (3/3)
  Positions (3/3):
    CFG: entry $0.1523 → $0.1496 (-1.8%)
    SHAPE: entry $0.0016 → $0.0012 (-23.6%)
    INJ: entry $3.1850 → $3.0880 (-3.0%)

[16:20:26] Scan #224
  637 USD pairs found
  637 tickers fetched
  At max positions (3/3)
  Positions (3/3):
    CFG: entry $0.1523 → $0.1495 (-1.8%)
    SHAPE: entry $0.0016 → $0.0013 (-19.9%)
    INJ: entry $3.1850 → $3.0880 (-3.0%)

[16:25:35] Scan #225
  637 USD pairs found
  637 tickers fetched
  At max positions (3/3)
  Positions (3/3):
    CFG: entry $0.1523 → $0.1495 (-1.8%)
    SHAPE: entry $0.0016 → $0.0013 (-19.9%)
    INJ: entry $3.1850 → $3.0860 (-3.1%)

[16:30:44] Scan #226
  637 USD pairs found
  637 tickers fetched
  At max positions (3/3)
  Positions (3/3):
    CFG: entry $0.1523 → $0.1500 (-1.5%)
    SHAPE: entry $0.0016 → $0.0013 (-19.3%)
    INJ: entry $3.1850 → $3.0860 (-3.1%)

[16:35:53] Scan #227
  637 USD pairs found
  637 tickers fetched
  At max positions (3/3)
  Positions (3/3):
    CFG: entry $0.1523 → $0.1510 (-0.9%)
    SHAPE: entry $0.0016 → $0.0013 (-20.5%)
    INJ: entry $3.1850 → $3.0900 (-3.0%)

[16:41:02] Scan #228
  637 USD pairs found
  637 tickers fetched
  At max positions (3/3)
  Positions (3/3):
    CFG: entry $0.1523 → $0.1514 (-0.6%)
    SHAPE: entry $0.0016 → $0.0013 (-20.5%)
    INJ: entry $3.1850 → $3.0770 (-3.4%)

[16:46:13] Scan #229
  637 USD pairs found
  637 tickers fetched
  At max positions (3/3)
  Positions (3/3):
    CFG: entry $0.1523 → $0.1520 (-0.2%)
    SHAPE: entry $0.0016 → $0.0013 (-18.0%)
    INJ: entry $3.1850 → $3.0770 (-3.4%)

[16:51:23] Scan #230
  637 USD pairs found
  637 tickers fetched
  At max positions (3/3)
  Positions (3/3):
    CFG: entry $0.1523 → $0.1516 (-0.5%)
    SHAPE: entry $0.0016 → $0.0013 (-18.0%)
    INJ: entry $3.1850 → $3.0830 (-3.2%)

[16:56:33] Scan #231
  637 USD pairs found
  637 tickers fetched
  At max positions (3/3)
  Positions (3/3):
    CFG: entry $0.1523 → $0.1514 (-0.6%)
    SHAPE: entry $0.0016 → $0.0013 (-18.0%)
    INJ: entry $3.1850 → $3.0830 (-3.2%)

[17:01:43] Scan #232
  637 USD pairs found
  637 tickers fetched
  At max positions (3/3)
  Positions (3/3):
    CFG: entry $0.1523 → $0.1514 (-0.6%)
    SHAPE: entry $0.0016 → $0.0013 (-19.9%)
    INJ: entry $3.1850 → $3.0830 (-3.2%)

[17:06:53] Scan #233
  637 USD pairs found
  637 tickers fetched
  At max positions (3/3)
  Positions (3/3):
    CFG: entry $0.1523 → $0.1530 (+0.5%)
    SHAPE: entry $0.0016 → $0.0013 (-18.0%)
    INJ: entry $3.1850 → $3.0800 (-3.3%)

[17:12:04] Scan #234
  637 USD pairs found
  637 tickers fetched
  At max positions (3/3)
  Positions (3/3):
    CFG: entry $0.1523 → $0.1524 (+0.1%)
    SHAPE: entry $0.0016 → $0.0013 (-19.9%)
    INJ: entry $3.1850 → $3.0860 (-3.1%)

[17:17:13] Scan #235
  637 USD pairs found
  637 tickers fetched
  At max positions (3/3)
  Positions (3/3):
    CFG: entry $0.1523 → $0.1518 (-0.3%)
    SHAPE: entry $0.0016 → $0.0013 (-19.9%)
    INJ: entry $3.1850 → $3.0880 (-3.0%)

[17:22:24] Scan #236
  637 USD pairs found
  637 tickers fetched
  At max positions (3/3)
  Positions (3/3):
    CFG: entry $0.1523 → $0.1510 (-0.9%)
    SHAPE: entry $0.0016 → $0.0013 (-18.6%)
    INJ: entry $3.1850 → $3.0880 (-3.0%)

[17:27:34] Scan #237
  637 USD pairs found
  637 tickers fetched
  At max positions (3/3)
  Positions (3/3):
    CFG: entry $0.1523 → $0.1508 (-1.0%)
    SHAPE: entry $0.0016 → $0.0013 (-18.6%)
    INJ: entry $3.1850 → $3.0880 (-3.0%)

[17:32:44] Scan #238
  637 USD pairs found
  637 tickers fetched
  At max positions (3/3)
  Positions (3/3):
    CFG: entry $0.1523 → $0.1520 (-0.2%)
    SHAPE: entry $0.0016 → $0.0013 (-18.6%)
    INJ: entry $3.1850 → $3.0880 (-3.0%)

[17:37:54] Scan #239
  637 USD pairs found
  637 tickers fetched
  At max positions (3/3)
  Positions (3/3):
    CFG: entry $0.1523 → $0.1515 (-0.5%)
    SHAPE: entry $0.0016 → $0.0013 (-20.5%)
    INJ: entry $3.1850 → $3.0840 (-3.2%)

[17:43:03] Scan #240
  637 USD pairs found
  637 tickers fetched
  At max positions (3/3)
  Positions (3/3):
    CFG: entry $0.1523 → $0.1512 (-0.7%)
    SHAPE: entry $0.0016 → $0.0013 (-18.6%)
    INJ: entry $3.1850 → $3.0850 (-3.1%)

[17:48:16] Scan #241
  637 USD pairs found
  637 tickers fetched
  At max positions (3/3)
  Positions (3/3):
    CFG: entry $0.1523 → $0.1513 (-0.7%)
    SHAPE: entry $0.0016 → $0.0013 (-19.9%)
    INJ: entry $3.1850 → $3.0840 (-3.2%)

[17:53:25] Scan #242
  637 USD pairs found
  637 tickers fetched
  At max positions (3/3)
  Positions (3/3):
    CFG: entry $0.1523 → $0.1513 (-0.7%)
    SHAPE: entry $0.0016 → $0.0013 (-19.3%)
    INJ: entry $3.1850 → $3.0910 (-3.0%)

[17:58:34] Scan #243
  637 USD pairs found
  637 tickers fetched
  At max positions (3/3)
  Positions (3/3):
    CFG: entry $0.1523 → $0.1519 (-0.3%)
    SHAPE: entry $0.0016 → $0.0013 (-18.0%)
    INJ: entry $3.1850 → $3.0910 (-3.0%)

[18:03:44] Scan #244
  637 USD pairs found
  637 tickers fetched
  At max positions (3/3)
  Positions (3/3):
    CFG: entry $0.1523 → $0.1519 (-0.3%)
    SHAPE: entry $0.0016 → $0.0013 (-16.8%)
    INJ: entry $3.1850 → $3.1060 (-2.5%)

[18:08:54] Scan #245
  637 USD pairs found
  637 tickers fetched
  At max positions (3/3)
  Positions (3/3):
    CFG: entry $0.1523 → $0.1519 (-0.3%)
    SHAPE: entry $0.0016 → $0.0013 (-18.0%)
    INJ: entry $3.1850 → $3.1090 (-2.4%)

[18:14:03] Scan #246
  637 USD pairs found
  637 tickers fetched
  At max positions (3/3)
  Positions (3/3):
    CFG: entry $0.1523 → $0.1519 (-0.3%)
    SHAPE: entry $0.0016 → $0.0014 (-15.5%)
    INJ: entry $3.1850 → $3.1090 (-2.4%)

[18:19:13] Scan #247
  637 USD pairs found
  637 tickers fetched
  At max positions (3/3)
  Positions (3/3):
    CFG: entry $0.1523 → $0.1509 (-0.9%)
    SHAPE: entry $0.0016 → $0.0013 (-16.8%)
    INJ: entry $3.1850 → $3.1090 (-2.4%)

[18:24:23] Scan #248
  637 USD pairs found
  637 tickers fetched
  At max positions (3/3)
  Positions (3/3):
    CFG: entry $0.1523 → $0.1518 (-0.3%)
    SHAPE: entry $0.0016 → $0.0014 (-12.4%)
    INJ: entry $3.1850 → $3.1060 (-2.5%)

[18:29:32] Scan #249
  637 USD pairs found
  637 tickers fetched
  At max positions (3/3)
  Positions (3/3):
    CFG: entry $0.1523 → $0.1518 (-0.3%)
============================================================
  Momentum Scanner Bot — LIVE
  Max positions: 3 @ $15.0/trade
  Entry: +3% to +10% in 1h, activity 1.5x+
  Exit: TP +10% / SL -8%
  Scan interval: 300s
============================================================
  [20:23:53] Recovered position: INJUSD ~$3.1848 vol=1.7 SL=OAXA66-XRJ6I-VDOBWA
  [20:23:53] Recovered position: CFGUSD ~$0.1523 vol=40.0 SL=OD5H4W-2QR4N-KPA3XG

[20:23:53] Scan #1
  637 USD pairs found
  637 tickers fetched
  Warmup: 1/12 cycles (~55min until signals)
  F&G: 30 (Fear) | Market 24h: -0.5% | BTC dom: 58.3% [cache]
  Positions (2/3):
    INJ: entry $3.1848 → $3.0740 (-3.5%)
    CFG: entry $0.1523 → $0.1481 (-2.7%)

[20:29:10] Scan #2
  637 USD pairs found
  637 tickers fetched
  Warmup: 2/12 cycles (~50min until signals)
  F&G: 30 (Fear) | Market 24h: -0.5% | BTC dom: 58.3% [cache]
  Positions (2/3):
    INJ: entry $3.1848 → $3.0730 (-3.5%)
    CFG: entry $0.1523 → $0.1481 (-2.7%)

[20:34:19] Scan #3
  637 USD pairs found
  637 tickers fetched
  Warmup: 3/12 cycles (~45min until signals)
  F&G: 30 (Fear) | Market 24h: -0.6% | BTC dom: 58.2% [cache]
  Positions (2/3):
    INJ: entry $3.1848 → $3.0600 (-3.9%)
    CFG: entry $0.1523 → $0.1471 (-3.4%)

[20:39:29] Scan #4
  637 USD pairs found
  637 tickers fetched
  Warmup: 4/12 cycles (~40min until signals)
  F&G: 30 (Fear) | Market 24h: -0.8% | BTC dom: 58.2% [cache]
  Positions (2/3):
    INJ: entry $3.1848 → $3.0690 (-3.6%)
    CFG: entry $0.1523 → $0.1471 (-3.4%)

[20:44:38] Scan #5
  637 USD pairs found
  637 tickers fetched
  Warmup: 5/12 cycles (~35min until signals)
  F&G: 30 (Fear) | Market 24h: -0.7% | BTC dom: 58.3% [cache]
  Positions (2/3):
    INJ: entry $3.1848 → $3.0640 (-3.8%)
    CFG: entry $0.1523 → $0.1471 (-3.4%)

[20:49:48] Scan #6
  637 USD pairs found
  637 tickers fetched
  Warmup: 6/12 cycles (~30min until signals)
  F&G: 30 (Fear) | Market 24h: -0.6% | BTC dom: 58.3% [cache]
  Positions (2/3):
    INJ: entry $3.1848 → $3.0630 (-3.8%)
    CFG: entry $0.1523 → $0.1471 (-3.4%)

[20:54:57] Scan #7
  637 USD pairs found
  637 tickers fetched
  Warmup: 7/12 cycles (~25min until signals)
  F&G: 30 (Fear) | Market 24h: -0.5% | BTC dom: 58.3% [cache]
  Positions (2/3):
    INJ: entry $3.1848 → $3.0630 (-3.8%)
    CFG: entry $0.1523 → $0.1471 (-3.4%)

[21:00:08] Scan #8
  637 USD pairs found
  637 tickers fetched
  Warmup: 8/12 cycles (~20min until signals)
  F&G: 30 (Fear) | Market 24h: -0.5% | BTC dom: 58.3% [cache]
  Positions (2/3):
    INJ: entry $3.1848 → $3.0730 (-3.5%)
    CFG: entry $0.1523 → $0.1488 (-2.3%)

[21:05:17] Scan #9
  637 USD pairs found
  637 tickers fetched
  Warmup: 9/12 cycles (~15min until signals)
  F&G: 30 (Fear) | Market 24h: -0.6% | BTC dom: 58.3% [cache]
  Positions (2/3):
    INJ: entry $3.1848 → $3.0730 (-3.5%)
    CFG: entry $0.1523 → $0.1491 (-2.1%)

[21:10:26] Scan #10
  637 USD pairs found
  637 tickers fetched
  Warmup: 10/12 cycles (~10min until signals)
  F&G: 30 (Fear) | Market 24h: -0.7% | BTC dom: 58.3% [cache]
  Positions (2/3):
    INJ: entry $3.1848 → $3.0680 (-3.7%)
    CFG: entry $0.1523 → $0.1491 (-2.1%)

[21:15:36] Scan #11
  637 USD pairs found
  637 tickers fetched
  Warmup: 11/12 cycles (~5min until signals)
  F&G: 30 (Fear) | Market 24h: -0.7% | BTC dom: 58.3% [cache]
  Positions (2/3):
    INJ: entry $3.1848 → $3.0700 (-3.6%)
    CFG: entry $0.1523 → $0.1491 (-2.1%)

[21:20:46] Scan #12
  637 USD pairs found
  637 tickers fetched
  F&G: 30 (Fear) | Market 24h: -0.3% | BTC dom: 58.3% [cache]
  No signals (637 pairs ready)
  Positions (2/3):
    INJ: entry $3.1848 → $3.0890 (-3.0%)
    CFG: entry $0.1523 → $0.1491 (-2.1%)

[21:25:56] Scan #13
  637 USD pairs found
  637 tickers fetched
  F&G: 31 (Fear) | Market 24h: -0.1% | BTC dom: 58.3% [cache]
  No signals (637 pairs ready)
  Positions (2/3):
    INJ: entry $3.1848 → $3.0830 (-3.2%)
    CFG: entry $0.1523 → $0.1491 (-2.1%)

[21:31:05] Scan #14
  637 USD pairs found
  637 tickers fetched
  F&G: 31 (Fear) | Market 24h: -0.0% | BTC dom: 58.3% [cache]
  No signals (637 pairs ready)
  Positions (2/3):
    INJ: entry $3.1848 → $3.0830 (-3.2%)
    CFG: entry $0.1523 → $0.1485 (-2.5%)

[21:36:15] Scan #15
  637 USD pairs found
  637 tickers fetched
  F&G: 31 (Fear) | Market 24h: +0.1% | BTC dom: 58.3% [cache]
  No signals (637 pairs ready)
  Positions (2/3):
    INJ: entry $3.1848 → $3.0940 (-2.9%)
    CFG: entry $0.1523 → $0.1498 (-1.6%)

[21:41:24] Scan #16
  637 USD pairs found
  637 tickers fetched
  F&G: 32 (Fear) | Market 24h: +0.1% | BTC dom: 58.3% [cache]
  No signals (637 pairs ready)
  Positions (2/3):
    INJ: entry $3.1848 → $3.0930 (-2.9%)
    CFG: entry $0.1523 → $0.1503 (-1.3%)

[21:46:34] Scan #17
  637 USD pairs found
  637 tickers fetched
  F&G: 32 (Fear) | Market 24h: -0.0% | BTC dom: 58.3% [cache]
  No signals (637 pairs ready)
  Positions (2/3):
    INJ: entry $3.1848 → $3.0810 (-3.3%)
    CFG: entry $0.1523 → $0.1506 (-1.1%)

[21:51:43] Scan #18
  637 USD pairs found
  637 tickers fetched
  F&G: 32 (Fear) | Market 24h: +0.1% | BTC dom: 58.4% [cache]
  No signals (637 pairs ready)
  Positions (2/3):
    INJ: entry $3.1848 → $3.0810 (-3.3%)
    CFG: entry $0.1523 → $0.1512 (-0.7%)

[21:56:53] Scan #19
  637 USD pairs found
  637 tickers fetched
  F&G: 31 (Fear) | Market 24h: +0.1% | BTC dom: 58.4% [cache]
  No signals (637 pairs ready)
  Positions (2/3):
    INJ: entry $3.1848 → $3.0810 (-3.3%)
    CFG: entry $0.1523 → $0.1513 (-0.6%)

[22:02:02] Scan #20
  637 USD pairs found
  637 tickers fetched
  F&G: 31 (Fear) | Market 24h: +0.1% | BTC dom: 58.4% [cache]
  No signals (637 pairs ready)
  Positions (2/3):
    INJ: entry $3.1848 → $3.0910 (-2.9%)
    CFG: entry $0.1523 → $0.1520 (-0.2%)

[22:07:11] Scan #21
  637 USD pairs found
  637 tickers fetched
  F&G: 31 (Fear) | Market 24h: +0.5% | BTC dom: 58.4% [cache]
  No signals (637 pairs ready)
  Positions (2/3):
    INJ: entry $3.1848 → $3.1150 (-2.2%)
    CFG: entry $0.1523 → $0.1520 (-0.2%)

[22:12:20] Scan #22
  637 USD pairs found
  637 tickers fetched
  F&G: 32 (Fear) | Market 24h: +0.5% | BTC dom: 58.4% [cache]
  No signals (637 pairs ready)
  Positions (2/3):
    INJ: entry $3.1848 → $3.1140 (-2.2%)
    CFG: entry $0.1523 → $0.1519 (-0.3%)

[22:17:30] Scan #23
  637 USD pairs found
  637 tickers fetched
  F&G: 32 (Fear) | Market 24h: +0.4% | BTC dom: 58.4% [cache]
  No signals (637 pairs ready)
  Positions (2/3):
    INJ: entry $3.1848 → $3.1080 (-2.4%)
    CFG: entry $0.1523 → $0.1519 (-0.3%)

[22:22:39] Scan #24
  637 USD pairs found
  637 tickers fetched
  F&G: 32 (Fear) | Market 24h: +0.4% | BTC dom: 58.4% [cache]
  No signals (637 pairs ready)
  Positions (2/3):
    INJ: entry $3.1848 → $3.1000 (-2.7%)
    CFG: entry $0.1523 → $0.1519 (-0.3%)

[22:27:48] Scan #25
  637 USD pairs found
  637 tickers fetched
  F&G: 32 (Fear) | Market 24h: +0.3% | BTC dom: 58.4% [cache]
  No signals (637 pairs ready)
  Positions (2/3):
    INJ: entry $3.1848 → $3.1000 (-2.7%)
    CFG: entry $0.1523 → $0.1511 (-0.8%)

[22:32:57] Scan #26
  637 USD pairs found
  637 tickers fetched
  F&G: 32 (Fear) | Market 24h: +0.4% | BTC dom: 58.4% [cache]
  No signals (637 pairs ready)
  Positions (2/3):
    INJ: entry $3.1848 → $3.1010 (-2.6%)
    CFG: entry $0.1523 → $0.1509 (-0.9%)

[22:38:07] Scan #27
  637 USD pairs found
  637 tickers fetched
  F&G: 32 (Fear) | Market 24h: +0.7% | BTC dom: 58.4% [cache]
  No signals (637 pairs ready)
  Positions (2/3):
    INJ: entry $3.1848 → $3.1010 (-2.6%)
    CFG: entry $0.1523 → $0.1509 (-0.9%)

[22:43:16] Scan #28
  637 USD pairs found
  637 tickers fetched
  F&G: 32 (Fear) | Market 24h: +0.9% | BTC dom: 58.4% [cache]
  No signals (637 pairs ready)
  Positions (2/3):
    INJ: entry $3.1848 → $3.0950 (-2.8%)
    CFG: entry $0.1523 → $0.1514 (-0.6%)

[22:48:25] Scan #29
  637 USD pairs found
  637 tickers fetched
  F&G: 32 (Fear) | Market 24h: +0.8% | BTC dom: 58.4% [cache]
  No signals (637 pairs ready)
  Positions (2/3):
    INJ: entry $3.1848 → $3.0960 (-2.8%)
    CFG: entry $0.1523 → $0.1514 (-0.6%)

[22:53:34] Scan #30
  637 USD pairs found
  637 tickers fetched
  F&G: 32 (Fear) | Market 24h: +0.8% | BTC dom: 58.4% [cache]
  No signals (637 pairs ready)
  Positions (2/3):
    INJ: entry $3.1848 → $3.1010 (-2.6%)
    CFG: entry $0.1523 → $0.1528 (+0.3%)

[22:58:43] Scan #31
  637 USD pairs found
  637 tickers fetched
  F&G: 32 (Fear) | Market 24h: +0.8% | BTC dom: 58.4% [cache]
  No signals (637 pairs ready)
  Positions (2/3):
    INJ: entry $3.1848 → $3.1010 (-2.6%)
    CFG: entry $0.1523 → $0.1530 (+0.5%)

[23:03:53] Scan #32
  637 USD pairs found
  637 tickers fetched
  F&G: 32 (Fear) | Market 24h: +0.7% | BTC dom: 58.4% [cache]
  No signals (637 pairs ready)
  Positions (2/3):
    INJ: entry $3.1848 → $3.1010 (-2.6%)
    CFG: entry $0.1523 → $0.1519 (-0.3%)

[23:09:02] Scan #33
  637 USD pairs found
  637 tickers fetched
  F&G: 32 (Fear) | Market 24h: +0.4% | BTC dom: 58.4% [cache]
  No signals (637 pairs ready)
  Positions (2/3):
    INJ: entry $3.1848 → $3.1010 (-2.6%)
    CFG: entry $0.1523 → $0.1519 (-0.3%)

[23:14:11] Scan #34
  637 USD pairs found
  637 tickers fetched
  F&G: 32 (Fear) | Market 24h: +0.4% | BTC dom: 58.4% [cache]
  No signals (637 pairs ready)
  Positions (2/3):
    INJ: entry $3.1848 → $3.0820 (-3.2%)
    CFG: entry $0.1523 → $0.1519 (-0.3%)

[23:19:21] Scan #35
  637 USD pairs found
  637 tickers fetched
  F&G: 32 (Fear) | Market 24h: +0.4% | BTC dom: 58.3% [cache]
  No signals (637 pairs ready)
  Positions (2/3):
    INJ: entry $3.1848 → $3.0820 (-3.2%)
    CFG: entry $0.1523 → $0.1521 (-0.1%)

[23:24:30] Scan #36
  637 USD pairs found
  637 tickers fetched
  F&G: 32 (Fear) | Market 24h: +0.6% | BTC dom: 58.3% [cache]
  No signals (637 pairs ready)
  Positions (2/3):
    INJ: entry $3.1848 → $3.0850 (-3.1%)
    CFG: entry $0.1523 → $0.1521 (-0.1%)

[23:29:39] Scan #37
  637 USD pairs found
  637 tickers fetched
  F&G: 31 (Fear) | Market 24h: +0.6% | BTC dom: 58.3% [cache]
  No signals (637 pairs ready)
  Positions (2/3):
    INJ: entry $3.1848 → $3.0850 (-3.1%)
    CFG: entry $0.1523 → $0.1521 (-0.1%)

[23:34:49] Scan #38
  637 USD pairs found
  637 tickers fetched
  F&G: 31 (Fear) | Market 24h: +0.5% | BTC dom: 58.3% [cache]
  No signals (637 pairs ready)
  Positions (2/3):
    INJ: entry $3.1848 → $3.0870 (-3.1%)
    CFG: entry $0.1523 → $0.1530 (+0.5%)

[23:39:58] Scan #39
  637 USD pairs found
  637 tickers fetched
  F&G: 31 (Fear) | Market 24h: +0.6% | BTC dom: 58.3% [cache]
  No signals (637 pairs ready)
  Positions (2/3):
    INJ: entry $3.1848 → $3.0870 (-3.1%)
    CFG: entry $0.1523 → $0.1535 (+0.8%)

[23:45:07] Scan #40
  637 USD pairs found
  637 tickers fetched
  F&G: 31 (Fear) | Market 24h: +0.8% | BTC dom: 58.3% [cache]
  No signals (637 pairs ready)
  Positions (2/3):
    INJ: entry $3.1848 → $3.0870 (-3.1%)
    CFG: entry $0.1523 → $0.1535 (+0.8%)

[23:50:16] Scan #41
  637 USD pairs found
  637 tickers fetched
  F&G: 31 (Fear) | Market 24h: +0.7% | BTC dom: 58.4% [cache]
  No signals (637 pairs ready)
  Positions (2/3):
    INJ: entry $3.1848 → $3.0880 (-3.0%)
    CFG: entry $0.1523 → $0.1543 (+1.3%)

[23:55:25] Scan #42
  637 USD pairs found
  637 tickers fetched
  F&G: 31 (Fear) | Market 24h: +0.7% | BTC dom: 58.4% [cache]
  No signals (637 pairs ready)
  Positions (2/3):
    INJ: entry $3.1848 → $3.0880 (-3.0%)
    CFG: entry $0.1523 → $0.1546 (+1.5%)

[00:00:34] Scan #43
  637 USD pairs found
  637 tickers fetched
  F&G: 32 (Fear) | Market 24h: +0.6% | BTC dom: 58.4% [cache]
  1 signals found:
    DRV: +8.2% in 1h, vol $255k, activity 48.0x
  [00:00:44] Can't afford minimum for DRV
  Positions (2/3):
    INJ: entry $3.1848 → $3.0880 (-3.0%)
    CFG: entry $0.1523 → $0.1534 (+0.7%)

[00:05:44] Scan #44
  637 USD pairs found
  637 tickers fetched
  F&G: 32 (Fear) | Market 24h: +0.6% | BTC dom: 58.4% [cache]
  No signals (637 pairs ready)
  Positions (2/3):
    INJ: entry $3.1848 → $3.0860 (-3.1%)
    CFG: entry $0.1523 → $0.1520 (-0.2%)

[00:10:53] Scan #45
  637 USD pairs found
  637 tickers fetched
  F&G: 32 (Fear) | Market 24h: +0.6% | BTC dom: 58.4% [cache]
  No signals (637 pairs ready)
  Positions (2/3):
    INJ: entry $3.1848 → $3.0860 (-3.1%)
    CFG: entry $0.1523 → $0.1522 (-0.1%)

[00:16:02] Scan #46
  637 USD pairs found
  637 tickers fetched
  F&G: 32 (Fear) | Market 24h: +0.5% | BTC dom: 58.3% [cache]
  No signals (637 pairs ready)
  Positions (2/3):
    INJ: entry $3.1848 → $3.0860 (-3.1%)
    CFG: entry $0.1523 → $0.1539 (+1.1%)

[00:21:11] Scan #47
  637 USD pairs found
  637 tickers fetched
  F&G: 32 (Fear) | Market 24h: +0.6% | BTC dom: 58.4% [cache]
  No signals (637 pairs ready)
  Positions (2/3):
    INJ: entry $3.1848 → $3.0900 (-3.0%)
    CFG: entry $0.1523 → $0.1535 (+0.8%)

[00:26:20] Scan #48
  637 USD pairs found
  637 tickers fetched
  F&G: 32 (Fear) | Market 24h: +0.7% | BTC dom: 58.4% [cache]
  No signals (637 pairs ready)
  Positions (2/3):
    INJ: entry $3.1848 → $3.0900 (-3.0%)
    CFG: entry $0.1523 → $0.1535 (+0.8%)

[00:31:30] Scan #49
  637 USD pairs found
  637 tickers fetched
  F&G: 32 (Fear) | Market 24h: +0.8% | BTC dom: 58.4% [cache]
  No signals (637 pairs ready)
  Positions (2/3):
    INJ: entry $3.1848 → $3.0870 (-3.1%)
    CFG: entry $0.1523 → $0.1533 (+0.7%)

[00:36:39] Scan #50
  637 USD pairs found
  637 tickers fetched
  F&G: 32 (Fear) | Market 24h: +0.6% | BTC dom: 58.3% [cache]
  No signals (637 pairs ready)
  Positions (2/3):
    INJ: entry $3.1848 → $3.0850 (-3.1%)
    CFG: entry $0.1523 → $0.1543 (+1.3%)

[00:41:48] Scan #51
  637 USD pairs found
  637 tickers fetched
  F&G: 32 (Fear) | Market 24h: +0.6% | BTC dom: 58.4% [cache]
  No signals (637 pairs ready)
  Positions (2/3):
    INJ: entry $3.1848 → $3.0840 (-3.2%)
    CFG: entry $0.1523 → $0.1543 (+1.3%)

[00:46:57] Scan #52
  637 USD pairs found
  637 tickers fetched
  F&G: 32 (Fear) | Market 24h: +0.4% | BTC dom: 58.4% [cache]
  No signals (637 pairs ready)
  Positions (2/3):
    INJ: entry $3.1848 → $3.0840 (-3.2%)
    CFG: entry $0.1523 → $0.1514 (-0.6%)

[00:52:06] Scan #53
  637 USD pairs found
  637 tickers fetched
  F&G: 32 (Fear) | Market 24h: +0.3% | BTC dom: 58.4% [cache]
  No signals (637 pairs ready)
  Positions (2/3):
    INJ: entry $3.1848 → $3.0840 (-3.2%)
    CFG: entry $0.1523 → $0.1507 (-1.0%)

[00:57:16] Scan #54
  637 USD pairs found
  637 tickers fetched
  F&G: 32 (Fear) | Market 24h: +0.5% | BTC dom: 58.4% [cache]
  No signals (637 pairs ready)
  Positions (2/3):
    INJ: entry $3.1848 → $3.0910 (-2.9%)
    CFG: entry $0.1523 → $0.1492 (-2.0%)

[01:02:25] Scan #55
  637 USD pairs found
  637 tickers fetched
  F&G: 32 (Fear) | Market 24h: +0.5% | BTC dom: 58.4% [cache]
  2 signals found:
    W: +3.5% in 1h, vol $126k, activity 3.5x
    MYX: +5.4% in 1h, vol $113k, activity 2.6x
  [01:02:34] Can't afford minimum for W
  [01:02:34] Can't afford minimum for MYX
  Positions (2/3):
    INJ: entry $3.1848 → $3.0920 (-2.9%)
    CFG: entry $0.1523 → $0.1484 (-2.5%)

[01:07:34] Scan #56
  637 USD pairs found
  637 tickers fetched
  F&G: 32 (Fear) | Market 24h: +0.3% | BTC dom: 58.4% [cache]
  2 signals found:
    W: +3.6% in 1h, vol $134k, activity 3.7x
    MYX: +3.7% in 1h, vol $112k, activity 2.7x
  [01:07:43] Can't afford minimum for W
  [01:07:43] Can't afford minimum for MYX
  Positions (2/3):
    INJ: entry $3.1848 → $3.0940 (-2.9%)
    CFG: entry $0.1523 → $0.1493 (-2.0%)

[01:12:43] Scan #57
  637 USD pairs found
  637 tickers fetched
  F&G: 32 (Fear) | Market 24h: +0.3% | BTC dom: 58.4% [cache]
  2 signals found:
    W: +4.6% in 1h, vol $141k, activity 4.0x
    MYX: +3.4% in 1h, vol $112k, activity 2.5x
  [01:12:53] Can't afford minimum for W
  [01:12:53] Can't afford minimum for MYX
  Positions (2/3):
    INJ: entry $3.1848 → $3.0930 (-2.9%)
    CFG: entry $0.1523 → $0.1493 (-2.0%)

[01:17:53] Scan #58
  637 USD pairs found
  637 tickers fetched
  F&G: 32 (Fear) | Market 24h: +0.2% | BTC dom: 58.4% [cache]
  1 signals found:
    W: +4.0% in 1h, vol $142k, activity 3.9x
  [01:18:02] Can't afford minimum for W
  Positions (2/3):
    INJ: entry $3.1848 → $3.0870 (-3.1%)
    CFG: entry $0.1523 → $0.1493 (-2.0%)

[01:23:02] Scan #59
  637 USD pairs found
  637 tickers fetched
  F&G: 32 (Fear) | Market 24h: +0.2% | BTC dom: 58.4% [cache]
  1 signals found:
    W: +3.6% in 1h, vol $141k, activity 3.8x
  [01:23:11] Can't afford minimum for W
  Positions (2/3):
    INJ: entry $3.1848 → $3.0860 (-3.1%)
    CFG: entry $0.1523 → $0.1493 (-2.0%)

[01:28:11] Scan #60
  637 USD pairs found
  637 tickers fetched
  F&G: 32 (Fear) | Market 24h: +0.2% | BTC dom: 58.4% [cache]
  1 signals found:
    W: +4.0% in 1h, vol $142k, activity 3.6x
  [01:28:21] Can't afford minimum for W
  Positions (2/3):
    INJ: entry $3.1848 → $3.0860 (-3.1%)
    CFG: entry $0.1523 → $0.1500 (-1.5%)

[01:33:21] Scan #61
  637 USD pairs found
  637 tickers fetched
  F&G: 32 (Fear) | Market 24h: +0.2% | BTC dom: 58.4% [cache]
  1 signals found:
    W: +4.0% in 1h, vol $144k, activity 3.6x
  [01:33:30] Can't afford minimum for W
  Positions (2/3):
    INJ: entry $3.1848 → $3.0860 (-3.1%)
    CFG: entry $0.1523 → $0.1508 (-1.0%)

[01:38:30] Scan #62
  637 USD pairs found
  637 tickers fetched
  F&G: 32 (Fear) | Market 24h: -0.0% | BTC dom: 58.4% [cache]
  1 signals found:
    W: +3.5% in 1h, vol $144k, activity 3.5x
  [01:38:39] Can't afford minimum for W
  Positions (2/3):
    INJ: entry $3.1848 → $3.0860 (-3.1%)
    CFG: entry $0.1523 → $0.1516 (-0.4%)

[01:43:39] Scan #63
  637 USD pairs found
  637 tickers fetched
  F&G: 32 (Fear) | Market 24h: +0.0% | BTC dom: 58.4% [cache]
  1 signals found:
    W: +3.3% in 1h, vol $145k, activity 3.4x
  [01:43:48] Can't afford minimum for W
  Positions (2/3):
    INJ: entry $3.1848 → $3.0850 (-3.1%)
    CFG: entry $0.1523 → $0.1509 (-0.9%)

[01:48:48] Scan #64
  637 USD pairs found
  637 tickers fetched
  F&G: 32 (Fear) | Market 24h: -0.1% | BTC dom: 58.3% [cache]
  1 signals found:
    W: +3.3% in 1h, vol $145k, activity 3.2x
  [01:48:59] Can't afford minimum for W
  Positions (2/3):
    INJ: entry $3.1848 → $3.0840 (-3.2%)
    CFG: entry $0.1523 → $0.1502 (-1.4%)

[01:53:59] Scan #65
  637 USD pairs found
  637 tickers fetched
  F&G: 32 (Fear) | Market 24h: -0.1% | BTC dom: 58.3% [cache]
  1 signals found:
    W: +3.2% in 1h, vol $145k, activity 3.1x
  [01:54:08] Can't afford minimum for W
  Positions (2/3):
    INJ: entry $3.1848 → $3.0800 (-3.3%)
    CFG: entry $0.1523 → $0.1502 (-1.4%)

[01:59:08] Scan #66
  637 USD pairs found
  637 tickers fetched
  F&G: 32 (Fear) | Market 24h: -0.1% | BTC dom: 58.3% [cache]
  1 signals found:
    W: +3.2% in 1h, vol $145k, activity 3.0x
  [01:59:17] Can't afford minimum for W
  Positions (2/3):
    INJ: entry $3.1848 → $3.0820 (-3.2%)
    CFG: entry $0.1523 → $0.1502 (-1.4%)

[02:04:17] Scan #67
  637 USD pairs found
  637 tickers fetched
  F&G: 32 (Fear) | Market 24h: -0.0% | BTC dom: 58.3% [cache]
  1 signals found:
    ANKR: +6.2% in 1h, vol $117k, activity 6.8x
  [02:04:26] Can't afford minimum for ANKR
  Positions (2/3):
    INJ: entry $3.1848 → $3.0810 (-3.3%)
    CFG: entry $0.1523 → $0.1509 (-0.9%)

[02:09:26] Scan #68
  637 USD pairs found
  637 tickers fetched
  F&G: 32 (Fear) | Market 24h: +0.0% | BTC dom: 58.3% [cache]
  1 signals found:
    ANKR: +6.8% in 1h, vol $116k, activity 6.6x
  [02:09:35] Can't afford minimum for ANKR
  Positions (2/3):
    INJ: entry $3.1848 → $3.0810 (-3.3%)
    CFG: entry $0.1523 → $0.1494 (-1.9%)

[02:14:35] Scan #69
  637 USD pairs found
  637 tickers fetched
  F&G: 32 (Fear) | Market 24h: -0.0% | BTC dom: 58.3% [cache]
  2 signals found:
    ANKR: +4.4% in 1h, vol $116k, activity 6.4x
    W: +3.2% in 1h, vol $146k, activity 2.7x
  [02:14:44] Can't afford minimum for ANKR
  [02:14:44] Can't afford minimum for W
  Positions (2/3):
    INJ: entry $3.1848 → $3.0820 (-3.2%)
    CFG: entry $0.1523 → $0.1493 (-2.0%)

[02:19:44] Scan #70
  637 USD pairs found
  637 tickers fetched
  F&G: 32 (Fear) | Market 24h: +0.1% | BTC dom: 58.3% [cache]
  1 signals found:
    W: +3.8% in 1h, vol $149k, activity 2.6x
  [02:19:53] Can't afford minimum for W
  Positions (2/3):
    INJ: entry $3.1848 → $3.0820 (-3.2%)
    CFG: entry $0.1523 → $0.1493 (-2.0%)

[02:24:53] Scan #71
  637 USD pairs found
  637 tickers fetched
  F&G: 32 (Fear) | Market 24h: +0.3% | BTC dom: 58.3% [cache]
  1 signals found:
    ANKR: +4.6% in 1h, vol $118k, activity 5.9x
  [02:25:03] Can't afford minimum for ANKR
  Positions (2/3):
    INJ: entry $3.1848 → $3.0870 (-3.1%)
    CFG: entry $0.1523 → $0.1515 (-0.5%)

[02:30:03] Scan #72
  637 USD pairs found
  637 tickers fetched
  F&G: 32 (Fear) | Market 24h: +0.5% | BTC dom: 58.4% [cache]
  No signals (637 pairs ready)
  Positions (2/3):
    INJ: entry $3.1848 → $3.0870 (-3.1%)
    CFG: entry $0.1523 → $0.1508 (-1.0%)

[02:35:12] Scan #73
  637 USD pairs found
  637 tickers fetched
  F&G: 32 (Fear) | Market 24h: +0.5% | BTC dom: 58.3% [cache]
  No signals (637 pairs ready)
  Positions (2/3):
    INJ: entry $3.1848 → $3.0900 (-3.0%)
    CFG: entry $0.1523 → $0.1508 (-1.0%)

[02:40:22] Scan #74
  637 USD pairs found
  637 tickers fetched
  F&G: 32 (Fear) | Market 24h: +0.5% | BTC dom: 58.4% [cache]
  No signals (637 pairs ready)
  Positions (2/3):
    INJ: entry $3.1848 → $3.0880 (-3.0%)
    CFG: entry $0.1523 → $0.1505 (-1.2%)

[02:45:31] Scan #75
  637 USD pairs found
  637 tickers fetched
  F&G: 32 (Fear) | Market 24h: +0.5% | BTC dom: 58.4% [cache]
  No signals (637 pairs ready)
  Positions (2/3):
    INJ: entry $3.1848 → $3.0880 (-3.0%)
    CFG: entry $0.1523 → $0.1505 (-1.2%)

[02:50:40] Scan #76
  637 USD pairs found
  637 tickers fetched
  F&G: 32 (Fear) | Market 24h: +0.5% | BTC dom: 58.4% [cache]
  No signals (637 pairs ready)
  Positions (2/3):
    INJ: entry $3.1848 → $3.0920 (-2.9%)
    CFG: entry $0.1523 → $0.1504 (-1.2%)

[02:55:49] Scan #77
  637 USD pairs found
  637 tickers fetched
  F&G: 32 (Fear) | Market 24h: +0.4% | BTC dom: 58.4% [cache]
  No signals (637 pairs ready)
  Positions (2/3):
    INJ: entry $3.1848 → $3.0920 (-2.9%)
    CFG: entry $0.1523 → $0.1504 (-1.2%)

[03:01:00] Scan #78
  637 USD pairs found
  637 tickers fetched
  F&G: 32 (Fear) | Market 24h: +0.4% | BTC dom: 58.4% [cache]
  No signals (637 pairs ready)
  Positions (2/3):
    INJ: entry $3.1848 → $3.0930 (-2.9%)
    CFG: entry $0.1523 → $0.1504 (-1.2%)

[03:06:09] Scan #79
  637 USD pairs found
  637 tickers fetched
  F&G: 32 (Fear) | Market 24h: +0.3% | BTC dom: 58.4% [cache]
  No signals (637 pairs ready)
  Positions (2/3):
    INJ: entry $3.1848 → $3.0900 (-3.0%)
    CFG: entry $0.1523 → $0.1492 (-2.0%)

[03:11:19] Scan #80
  637 USD pairs found
  637 tickers fetched
  F&G: 32 (Fear) | Market 24h: +0.4% | BTC dom: 58.4% [cache]
  No signals (637 pairs ready)
  Positions (2/3):
    INJ: entry $3.1848 → $3.0910 (-2.9%)
    CFG: entry $0.1523 → $0.1492 (-2.0%)

[03:16:28] Scan #81
  637 USD pairs found
  637 tickers fetched
  F&G: 32 (Fear) | Market 24h: +0.3% | BTC dom: 58.4% [cache]
  No signals (637 pairs ready)
  Positions (2/3):
    INJ: entry $3.1848 → $3.0830 (-3.2%)
    CFG: entry $0.1523 → $0.1496 (-1.8%)

[03:21:38] Scan #82
  637 USD pairs found
  637 tickers fetched
  F&G: 32 (Fear) | Market 24h: +0.3% | BTC dom: 58.4% [cache]
  No signals (637 pairs ready)
  Positions (2/3):
    INJ: entry $3.1848 → $3.0830 (-3.2%)
    CFG: entry $0.1523 → $0.1496 (-1.8%)

[03:26:48] Scan #83
  637 USD pairs found
  637 tickers fetched
  F&G: 32 (Fear) | Market 24h: +0.2% | BTC dom: 58.4% [cache]
  No signals (637 pairs ready)
  Positions (2/3):
    INJ: entry $3.1848 → $3.0830 (-3.2%)
    CFG: entry $0.1523 → $0.1496 (-1.8%)

[03:31:57] Scan #84
  637 USD pairs found
  637 tickers fetched
  F&G: 32 (Fear) | Market 24h: +0.1% | BTC dom: 58.4% [cache]
  No signals (637 pairs ready)
  Positions (2/3):
    INJ: entry $3.1848 → $3.0860 (-3.1%)
    CFG: entry $0.1523 → $0.1496 (-1.8%)

[03:37:06] Scan #85
  637 USD pairs found
  637 tickers fetched
  F&G: 32 (Fear) | Market 24h: -0.0% | BTC dom: 58.4% [cache]
  No signals (637 pairs ready)
  Positions (2/3):
    INJ: entry $3.1848 → $3.0850 (-3.1%)
    CFG: entry $0.1523 → $0.1496 (-1.8%)

[03:42:16] Scan #86
  637 USD pairs found
  637 tickers fetched
  F&G: 32 (Fear) | Market 24h: +0.1% | BTC dom: 58.3% [cache]
  No signals (637 pairs ready)
  Positions (2/3):
    INJ: entry $3.1848 → $3.0870 (-3.1%)
    CFG: entry $0.1523 → $0.1495 (-1.8%)

[03:47:26] Scan #87
  637 USD pairs found
  637 tickers fetched
  F&G: 32 (Fear) | Market 24h: -0.0% | BTC dom: 58.4% [cache]
  No signals (637 pairs ready)
  Positions (2/3):
    INJ: entry $3.1848 → $3.0870 (-3.1%)
    CFG: entry $0.1523 → $0.1495 (-1.8%)

[03:52:35] Scan #88
  637 USD pairs found
  637 tickers fetched
  F&G: 32 (Fear) | Market 24h: -0.1% | BTC dom: 58.4% [cache]
  No signals (637 pairs ready)
  Positions (2/3):
    INJ: entry $3.1848 → $3.0870 (-3.1%)
    CFG: entry $0.1523 → $0.1491 (-2.1%)

[03:57:45] Scan #89
  637 USD pairs found
  637 tickers fetched
  F&G: 32 (Fear) | Market 24h: -0.1% | BTC dom: 58.4% [cache]
  No signals (637 pairs ready)
  Positions (2/3):
    INJ: entry $3.1848 → $3.0850 (-3.1%)
    CFG: entry $0.1523 → $0.1491 (-2.1%)

[04:02:54] Scan #90
  637 USD pairs found
  637 tickers fetched
  F&G: 32 (Fear) | Market 24h: -0.1% | BTC dom: 58.4% [cache]
  No signals (637 pairs ready)
  Positions (2/3):
    INJ: entry $3.1848 → $3.0870 (-3.1%)
    CFG: entry $0.1523 → $0.1489 (-2.2%)

[04:08:04] Scan #91
  637 USD pairs found
  637 tickers fetched
  F&G: 32 (Fear) | Market 24h: -0.1% | BTC dom: 58.4% [cache]
  No signals (637 pairs ready)
  Positions (2/3):
    INJ: entry $3.1848 → $3.0910 (-2.9%)
    CFG: entry $0.1523 → $0.1489 (-2.2%)

[04:13:13] Scan #92
  637 USD pairs found
  637 tickers fetched
  F&G: 33 (Fear) | Market 24h: -0.2% | BTC dom: 58.4% [cache]
  No signals (637 pairs ready)
  Positions (2/3):
    INJ: entry $3.1848 → $3.0910 (-2.9%)
    CFG: entry $0.1523 → $0.1490 (-2.2%)

[04:18:22] Scan #93
  637 USD pairs found
  637 tickers fetched
  F&G: 33 (Fear) | Market 24h: -0.2% | BTC dom: 58.4% [cache]
  No signals (637 pairs ready)
  Positions (2/3):
    INJ: entry $3.1848 → $3.0910 (-2.9%)
    CFG: entry $0.1523 → $0.1488 (-2.3%)

[04:23:31] Scan #94
  637 USD pairs found
  637 tickers fetched
  F&G: 33 (Fear) | Market 24h: -0.2% | BTC dom: 58.4% [cache]
  No signals (637 pairs ready)
  Positions (2/3):
    INJ: entry $3.1848 → $3.0910 (-2.9%)
    CFG: entry $0.1523 → $0.1488 (-2.3%)

[04:28:40] Scan #95
  637 USD pairs found
  637 tickers fetched
  F&G: 33 (Fear) | Market 24h: -0.1% | BTC dom: 58.4% [cache]
  No signals (637 pairs ready)
  Positions (2/3):
    INJ: entry $3.1848 → $3.0880 (-3.0%)
    CFG: entry $0.1523 → $0.1488 (-2.3%)

[04:33:49] Scan #96
  637 USD pairs found
  637 tickers fetched
  F&G: 33 (Fear) | Market 24h: -0.2% | BTC dom: 58.4% [cache]
  No signals (637 pairs ready)
  Positions (2/3):
    INJ: entry $3.1848 → $3.0870 (-3.1%)
    CFG: entry $0.1523 → $0.1488 (-2.3%)

[04:38:58] Scan #97
  637 USD pairs found
  637 tickers fetched
  F&G: 33 (Fear) | Market 24h: -0.0% | BTC dom: 58.4% [cache]
  No signals (637 pairs ready)
  Positions (2/3):
    INJ: entry $3.1848 → $3.0870 (-3.1%)
    CFG: entry $0.1523 → $0.1489 (-2.2%)

[04:44:08] Scan #98
  637 USD pairs found
  637 tickers fetched
  F&G: 32 (Fear) | Market 24h: +0.1% | BTC dom: 58.4% [cache]
  No signals (637 pairs ready)
  Positions (2/3):
    INJ: entry $3.1848 → $3.0810 (-3.3%)
    CFG: entry $0.1523 → $0.1489 (-2.2%)

[04:49:17] Scan #99
  637 USD pairs found
  637 tickers fetched
  F&G: 32 (Fear) | Market 24h: +0.2% | BTC dom: 58.3% [cache]
  No signals (637 pairs ready)
  Positions (2/3):
    INJ: entry $3.1848 → $3.0810 (-3.3%)
    CFG: entry $0.1523 → $0.1489 (-2.2%)

[04:54:26] Scan #100
  637 USD pairs found
  637 tickers fetched
  F&G: 32 (Fear) | Market 24h: +0.1% | BTC dom: 58.4% [cache]
  No signals (637 pairs ready)
  Positions (2/3):
    INJ: entry $3.1848 → $3.0810 (-3.3%)
    CFG: entry $0.1523 → $0.1489 (-2.2%)

[04:59:35] Scan #101
  637 USD pairs found
  637 tickers fetched
  F&G: 32 (Fear) | Market 24h: -0.0% | BTC dom: 58.3% [cache]
  No signals (637 pairs ready)
  Positions (2/3):
    INJ: entry $3.1848 → $3.0810 (-3.3%)
    CFG: entry $0.1523 → $0.1489 (-2.2%)

[05:04:44] Scan #102
  637 USD pairs found
  637 tickers fetched
  F&G: 32 (Fear) | Market 24h: -0.1% | BTC dom: 58.4% [cache]
  No signals (637 pairs ready)
  Positions (2/3):
    INJ: entry $3.1848 → $3.0810 (-3.3%)
    CFG: entry $0.1523 → $0.1488 (-2.3%)

[05:09:54] Scan #103
  637 USD pairs found
  637 tickers fetched
  F&G: 32 (Fear) | Market 24h: -0.0% | BTC dom: 58.3% [cache]
  No signals (637 pairs ready)
  Positions (2/3):
    INJ: entry $3.1848 → $3.0810 (-3.3%)
    CFG: entry $0.1523 → $0.1488 (-2.3%)

[05:15:03] Scan #104
  637 USD pairs found
  637 tickers fetched
  F&G: 32 (Fear) | Market 24h: -0.1% | BTC dom: 58.3% [cache]
  No signals (637 pairs ready)
  Positions (2/3):
    INJ: entry $3.1848 → $3.0860 (-3.1%)
    CFG: entry $0.1523 → $0.1488 (-2.3%)

[05:20:12] Scan #105
  637 USD pairs found
  637 tickers fetched
  F&G: 32 (Fear) | Market 24h: -0.2% | BTC dom: 58.4% [cache]
  No signals (637 pairs ready)
  Positions (2/3):
    INJ: entry $3.1848 → $3.0860 (-3.1%)
    CFG: entry $0.1523 → $0.1494 (-1.9%)

[05:25:21] Scan #106
  637 USD pairs found
  637 tickers fetched
  F&G: 32 (Fear) | Market 24h: -0.1% | BTC dom: 58.4% [cache]
  No signals (637 pairs ready)
  Positions (2/3):
    INJ: entry $3.1848 → $3.0860 (-3.1%)
    CFG: entry $0.1523 → $0.1494 (-1.9%)

[05:30:30] Scan #107
  637 USD pairs found
  637 tickers fetched
  F&G: 32 (Fear) | Market 24h: +0.0% | BTC dom: 58.4% [cache]
  No signals (637 pairs ready)
  Positions (2/3):
    INJ: entry $3.1848 → $3.0910 (-2.9%)
    CFG: entry $0.1523 → $0.1494 (-1.9%)

[05:35:39] Scan #108
  637 USD pairs found
  637 tickers fetched
  F&G: 32 (Fear) | Market 24h: +0.2% | BTC dom: 58.4% [cache]
  No signals (637 pairs ready)
  Positions (2/3):
    INJ: entry $3.1848 → $3.0990 (-2.7%)
    CFG: entry $0.1523 → $0.1488 (-2.3%)

[05:40:48] Scan #109
  637 USD pairs found
  637 tickers fetched
  F&G: 32 (Fear) | Market 24h: +0.2% | BTC dom: 58.4% [cache]
  1 signals found:
    RAILS: +5.2% in 1h, vol $132k, activity 1.9x
  [05:40:58] BUY 40.0 RAILS @ ~$0.1339 (~$5.36)
  ✅ Order placed: {'txid': ['OSD2DV-K5ZUI-SQV2XJ'], 'descr': {'order': 'buy 40.000 RAILSUSD @ market'}}
  [05:40:58] Bought: ['OSD2DV-K5ZUI-SQV2XJ']
  ✅ Order placed: {'txid': ['OS4OVY-FCZOV-UAUG4C'], 'descr': {'order': 'sell 40.000 RAILSUSD @ stop loss 0.1232'}}
  [05:41:00] SL placed @ $0.1232 | TP target $0.1473 (bot loop)
  Positions (3/3):
    INJ: entry $3.1848 → $3.0970 (-2.8%)
    CFG: entry $0.1523 → $0.1479 (-2.9%)
    RAILS: entry $0.1339 → $0.1339 (+0.0%)

[05:46:00] Scan #110
  637 USD pairs found
  637 tickers fetched
  F&G: 33 (Fear) | Market 24h: +0.1% | BTC dom: 58.4% [cache]
  At max positions (3/3)
  Positions (3/3):
    INJ: entry $3.1848 → $3.0970 (-2.8%)
    CFG: entry $0.1523 → $0.1482 (-2.7%)
    RAILS: entry $0.1339 → $0.1340 (+0.1%)

[05:51:10] Scan #111
  637 USD pairs found
  637 tickers fetched
  F&G: 33 (Fear) | Market 24h: +0.1% | BTC dom: 58.4% [cache]
  At max positions (3/3)
  Positions (3/3):
    INJ: entry $3.1848 → $3.0950 (-2.8%)
    CFG: entry $0.1523 → $0.1482 (-2.7%)
    RAILS: entry $0.1339 → $0.1340 (+0.1%)

[05:56:19] Scan #112
  637 USD pairs found
  637 tickers fetched
  F&G: 33 (Fear) | Market 24h: +0.1% | BTC dom: 58.4% [cache]
  At max positions (3/3)
  Positions (3/3):
    INJ: entry $3.1848 → $3.0960 (-2.8%)
    CFG: entry $0.1523 → $0.1482 (-2.7%)
    RAILS: entry $0.1339 → $0.1340 (+0.1%)

[06:01:28] Scan #113
  637 USD pairs found
  637 tickers fetched
  F&G: 32 (Fear) | Market 24h: +0.1% | BTC dom: 58.4% [cache]
  At max positions (3/3)
  Positions (3/3):
    INJ: entry $3.1848 → $3.0930 (-2.9%)
    CFG: entry $0.1523 → $0.1479 (-2.9%)
    RAILS: entry $0.1339 → $0.1340 (+0.1%)

[06:06:37] Scan #114
  637 USD pairs found
  637 tickers fetched
  F&G: 32 (Fear) | Market 24h: +0.2% | BTC dom: 58.4% [cache]
  At max positions (3/3)
  Positions (3/3):
    INJ: entry $3.1848 → $3.0930 (-2.9%)
    CFG: entry $0.1523 → $0.1471 (-3.4%)
    RAILS: entry $0.1339 → $0.1340 (+0.1%)

[06:11:46] Scan #115
  637 USD pairs found
  637 tickers fetched
  F&G: 32 (Fear) | Market 24h: +0.2% | BTC dom: 58.4% [cache]
  At max positions (3/3)
  Positions (3/3):
    INJ: entry $3.1848 → $3.0930 (-2.9%)
    CFG: entry $0.1523 → $0.1471 (-3.4%)
    RAILS: entry $0.1339 → $0.1340 (+0.1%)

[06:16:56] Scan #116
  637 USD pairs found
  637 tickers fetched
  F&G: 32 (Fear) | Market 24h: +0.2% | BTC dom: 58.4% [cache]
  At max positions (3/3)
  Positions (3/3):
    INJ: entry $3.1848 → $3.0930 (-2.9%)
    CFG: entry $0.1523 → $0.1471 (-3.4%)
    RAILS: entry $0.1339 → $0.1340 (+0.1%)

[06:22:05] Scan #117
  637 USD pairs found
  637 tickers fetched
  F&G: 32 (Fear) | Market 24h: +0.2% | BTC dom: 58.4% [cache]
  At max positions (3/3)
  Positions (3/3):
    INJ: entry $3.1848 → $3.1020 (-2.6%)
    CFG: entry $0.1523 → $0.1471 (-3.4%)
    RAILS: entry $0.1339 → $0.1340 (+0.1%)

[06:27:14] Scan #118
  637 USD pairs found
  637 tickers fetched
  F&G: 32 (Fear) | Market 24h: +0.3% | BTC dom: 58.4% [cache]
  At max positions (3/3)
  Positions (3/3):
    INJ: entry $3.1848 → $3.1050 (-2.5%)
    CFG: entry $0.1523 → $0.1471 (-3.4%)
    RAILS: entry $0.1339 → $0.1340 (+0.1%)

[06:32:23] Scan #119
  637 USD pairs found
  637 tickers fetched
  F&G: 33 (Fear) | Market 24h: +0.3% | BTC dom: 58.4% [cache]
  At max positions (3/3)
  Positions (3/3):
    INJ: entry $3.1848 → $3.1130 (-2.3%)
    CFG: entry $0.1523 → $0.1482 (-2.7%)
    RAILS: entry $0.1339 → $0.1340 (+0.1%)

[06:37:32] Scan #120
  637 USD pairs found
  637 tickers fetched
  F&G: 33 (Fear) | Market 24h: +0.3% | BTC dom: 58.4% [cache]
  At max positions (3/3)
  Positions (3/3):
    INJ: entry $3.1848 → $3.1130 (-2.3%)
    CFG: entry $0.1523 → $0.1476 (-3.1%)
    RAILS: entry $0.1339 → $0.1340 (+0.1%)

[06:42:41] Scan #121
  637 USD pairs found
  637 tickers fetched
  F&G: 33 (Fear) | Market 24h: +0.3% | BTC dom: 58.4% [cache]
  At max positions (3/3)
  Positions (3/3):
    INJ: entry $3.1848 → $3.1100 (-2.3%)
    CFG: entry $0.1523 → $0.1482 (-2.7%)
    RAILS: entry $0.1339 → $0.1340 (+0.1%)

[06:47:51] Scan #122
  637 USD pairs found
  637 tickers fetched
  F&G: 33 (Fear) | Market 24h: +0.5% | BTC dom: 58.4% [cache]
  At max positions (3/3)
  Positions (3/3):
    INJ: entry $3.1848 → $3.1100 (-2.3%)
    CFG: entry $0.1523 → $0.1472 (-3.3%)
    RAILS: entry $0.1339 → $0.1340 (+0.1%)

[06:53:00] Scan #123
  637 USD pairs found
  637 tickers fetched
  F&G: 33 (Fear) | Market 24h: +0.4% | BTC dom: 58.4% [cache]
  At max positions (3/3)
  Positions (3/3):
    INJ: entry $3.1848 → $3.1100 (-2.3%)
    CFG: entry $0.1523 → $0.1472 (-3.3%)
    RAILS: entry $0.1339 → $0.1340 (+0.1%)

[06:58:09] Scan #124
  637 USD pairs found
  637 tickers fetched
  F&G: 33 (Fear) | Market 24h: +0.4% | BTC dom: 58.4% [cache]
  At max positions (3/3)
  Positions (3/3):
    INJ: entry $3.1848 → $3.1100 (-2.3%)
    CFG: entry $0.1523 → $0.1472 (-3.3%)
    RAILS: entry $0.1339 → $0.1340 (+0.1%)

[07:03:18] Scan #125
  637 USD pairs found
  637 tickers fetched
  F&G: 33 (Fear) | Market 24h: +0.7% | BTC dom: 58.4% [cache]
  At max positions (3/3)
  Positions (3/3):
    INJ: entry $3.1848 → $3.1030 (-2.6%)
    CFG: entry $0.1523 → $0.1472 (-3.3%)
    RAILS: entry $0.1339 → $0.1340 (+0.1%)

[07:08:28] Scan #126
  637 USD pairs found
  637 tickers fetched
  F&G: 33 (Fear) | Market 24h: +0.6% | BTC dom: 58.4% [cache]
  At max positions (3/3)
  Positions (3/3):
    INJ: entry $3.1848 → $3.1030 (-2.6%)
    CFG: entry $0.1523 → $0.1472 (-3.3%)
    RAILS: entry $0.1339 → $0.1340 (+0.1%)

[07:13:37] Scan #127
  637 USD pairs found
  637 tickers fetched
  F&G: 33 (Fear) | Market 24h: +0.7% | BTC dom: 58.4% [cache]
  At max positions (3/3)
  Positions (3/3):
    INJ: entry $3.1848 → $3.0980 (-2.7%)
    CFG: entry $0.1523 → $0.1476 (-3.1%)
    RAILS: entry $0.1339 → $0.1340 (+0.1%)

[07:18:46] Scan #128
  637 USD pairs found
  637 tickers fetched
  F&G: 33 (Fear) | Market 24h: +0.6% | BTC dom: 58.4% [cache]
  At max positions (3/3)
  Positions (3/3):
    INJ: entry $3.1848 → $3.0980 (-2.7%)
    CFG: entry $0.1523 → $0.1476 (-3.1%)
    RAILS: entry $0.1339 → $0.1340 (+0.1%)

[07:23:55] Scan #129
  637 USD pairs found
  637 tickers fetched
  F&G: 33 (Fear) | Market 24h: +0.6% | BTC dom: 58.4% [cache]
  At max positions (3/3)
  Positions (3/3):
    INJ: entry $3.1848 → $3.0980 (-2.7%)
    CFG: entry $0.1523 → $0.1481 (-2.7%)
    RAILS: entry $0.1339 → $0.1340 (+0.1%)

[07:29:04] Scan #130
  637 USD pairs found
  637 tickers fetched
  F&G: 33 (Fear) | Market 24h: +0.5% | BTC dom: 58.4% [cache]
  At max positions (3/3)
  Positions (3/3):
    INJ: entry $3.1848 → $3.0980 (-2.7%)
    CFG: entry $0.1523 → $0.1481 (-2.7%)
    RAILS: entry $0.1339 → $0.1340 (+0.1%)

[07:34:13] Scan #131
  637 USD pairs found
  637 tickers fetched
  F&G: 33 (Fear) | Market 24h: +0.6% | BTC dom: 58.4% [cache]
  At max positions (3/3)
  Positions (3/3):
    INJ: entry $3.1848 → $3.0980 (-2.7%)
    CFG: entry $0.1523 → $0.1479 (-2.9%)
    RAILS: entry $0.1339 → $0.1340 (+0.1%)

[07:39:23] Scan #132
  637 USD pairs found
  637 tickers fetched
  F&G: 33 (Fear) | Market 24h: +0.2% | BTC dom: 58.4% [cache]
  At max positions (3/3)
  Positions (3/3):
    INJ: entry $3.1848 → $3.1040 (-2.5%)
    CFG: entry $0.1523 → $0.1479 (-2.9%)
    RAILS: entry $0.1339 → $0.1340 (+0.1%)

[07:44:32] Scan #133
  637 USD pairs found
  637 tickers fetched
  F&G: 33 (Fear) | Market 24h: -0.0% | BTC dom: 58.4% [cache]
  At max positions (3/3)
  Positions (3/3):
    INJ: entry $3.1848 → $3.1040 (-2.5%)
    CFG: entry $0.1523 → $0.1479 (-2.9%)
    RAILS: entry $0.1339 → $0.1340 (+0.1%)

[07:49:41] Scan #134
  637 USD pairs found
  637 tickers fetched
  F&G: 33 (Fear) | Market 24h: -0.2% | BTC dom: 58.4% [cache]
  At max positions (3/3)
  Positions (3/3):
    INJ: entry $3.1848 → $3.0960 (-2.8%)
    CFG: entry $0.1523 → $0.1479 (-2.9%)
    RAILS: entry $0.1339 → $0.1340 (+0.1%)

[07:54:50] Scan #135
  637 USD pairs found
  637 tickers fetched
  F&G: 32 (Fear) | Market 24h: -0.1% | BTC dom: 58.4% [cache]
  At max positions (3/3)
  Positions (3/3):
    INJ: entry $3.1848 → $3.0960 (-2.8%)
    CFG: entry $0.1523 → $0.1476 (-3.1%)
    RAILS: entry $0.1339 → $0.1340 (+0.1%)

[07:59:59] Scan #136
  637 USD pairs found
  637 tickers fetched
  F&G: 32 (Fear) | Market 24h: -0.2% | BTC dom: 58.4% [cache]
  At max positions (3/3)
  Positions (3/3):
    INJ: entry $3.1848 → $3.0960 (-2.8%)
    CFG: entry $0.1523 → $0.1476 (-3.1%)
    RAILS: entry $0.1339 → $0.1340 (+0.1%)

[08:05:08] Scan #137
  637 USD pairs found
  637 tickers fetched
  F&G: 32 (Fear) | Market 24h: -0.2% | BTC dom: 58.4% [cache]
  At max positions (3/3)
  Positions (3/3):
    INJ: entry $3.1848 → $3.0960 (-2.8%)
    CFG: entry $0.1523 → $0.1478 (-2.9%)
    RAILS: entry $0.1339 → $0.1340 (+0.1%)

[08:10:17] Scan #138
  637 USD pairs found
  637 tickers fetched
  F&G: 32 (Fear) | Market 24h: -0.3% | BTC dom: 58.4% [cache]
  At max positions (3/3)
  Positions (3/3):
    INJ: entry $3.1848 → $3.0960 (-2.8%)
    CFG: entry $0.1523 → $0.1478 (-2.9%)
    RAILS: entry $0.1339 → $0.1340 (+0.1%)

[08:15:26] Scan #139
  637 USD pairs found
  637 tickers fetched
  F&G: 32 (Fear) | Market 24h: -0.7% | BTC dom: 58.4% [cache]
  At max positions (3/3)
  Positions (3/3):
    INJ: entry $3.1848 → $3.0950 (-2.8%)
    CFG: entry $0.1523 → $0.1478 (-2.9%)
    RAILS: entry $0.1339 → $0.1340 (+0.1%)

[08:20:35] Scan #140
  637 USD pairs found
  637 tickers fetched
  F&G: 32 (Fear) | Market 24h: -0.7% | BTC dom: 58.4% [cache]
  At max positions (3/3)
  Positions (3/3):
    INJ: entry $3.1848 → $3.0880 (-3.0%)
    CFG: entry $0.1523 → $0.1462 (-4.0%)
    RAILS: entry $0.1339 → $0.1340 (+0.1%)

[08:25:45] Scan #141
  637 USD pairs found
  637 tickers fetched
  F&G: 32 (Fear) | Market 24h: -0.7% | BTC dom: 58.4% [cache]
  At max positions (3/3)
  Positions (3/3):
    INJ: entry $3.1848 → $3.0880 (-3.0%)
    CFG: entry $0.1523 → $0.1462 (-4.0%)
    RAILS: entry $0.1339 → $0.1340 (+0.1%)

[08:30:54] Scan #142
  637 USD pairs found
  637 tickers fetched
  F&G: 32 (Fear) | Market 24h: -0.9% | BTC dom: 58.4% [cache]
  At max positions (3/3)
  Positions (3/3):
    INJ: entry $3.1848 → $3.0910 (-2.9%)
    CFG: entry $0.1523 → $0.1439 (-5.5%)
    RAILS: entry $0.1339 → $0.1347 (+0.6%)

[08:36:03] Scan #143
  637 USD pairs found
  637 tickers fetched
  F&G: 32 (Fear) | Market 24h: -0.8% | BTC dom: 58.4% [cache]
  At max positions (3/3)
  Positions (3/3):
    INJ: entry $3.1848 → $3.0900 (-3.0%)
    CFG: entry $0.1523 → $0.1440 (-5.4%)
    RAILS: entry $0.1339 → $0.1347 (+0.6%)

[08:41:12] Scan #144
  637 USD pairs found
  637 tickers fetched
  F&G: 32 (Fear) | Market 24h: -0.7% | BTC dom: 58.4% [cache]
  At max positions (3/3)
  Positions (3/3):
    INJ: entry $3.1848 → $3.0920 (-2.9%)
    CFG: entry $0.1523 → $0.1440 (-5.4%)
    RAILS: entry $0.1339 → $0.1347 (+0.6%)

[08:46:21] Scan #145
  637 USD pairs found
  637 tickers fetched
  F&G: 32 (Fear) | Market 24h: -0.6% | BTC dom: 58.4% [cache]
  At max positions (3/3)
  Positions (3/3):
    INJ: entry $3.1848 → $3.0920 (-2.9%)
    CFG: entry $0.1523 → $0.1440 (-5.4%)
    RAILS: entry $0.1339 → $0.1347 (+0.6%)

[08:51:31] Scan #146
  637 USD pairs found
  637 tickers fetched
  F&G: 32 (Fear) | Market 24h: -0.6% | BTC dom: 58.4% [cache]
  At max positions (3/3)
  Positions (3/3):
    INJ: entry $3.1848 → $3.0920 (-2.9%)
    CFG: entry $0.1523 → $0.1440 (-5.4%)
    RAILS: entry $0.1339 → $0.1347 (+0.6%)

[08:56:41] Scan #147
  637 USD pairs found
  637 tickers fetched
  F&G: 32 (Fear) | Market 24h: -0.6% | BTC dom: 58.4% [cache]
  At max positions (3/3)
  Positions (3/3):
    INJ: entry $3.1848 → $3.0920 (-2.9%)
    CFG: entry $0.1523 → $0.1440 (-5.4%)
    RAILS: entry $0.1339 → $0.1347 (+0.6%)

[09:01:50] Scan #148
  637 USD pairs found
  637 tickers fetched
  F&G: 32 (Fear) | Market 24h: -0.5% | BTC dom: 58.4% [cache]
  At max positions (3/3)
  Positions (3/3):
    INJ: entry $3.1848 → $3.0920 (-2.9%)
    CFG: entry $0.1523 → $0.1452 (-4.7%)
    RAILS: entry $0.1339 → $0.1347 (+0.6%)

[09:07:00] Scan #149
  637 USD pairs found
  637 tickers fetched
  F&G: 32 (Fear) | Market 24h: -0.3% | BTC dom: 58.4% [cache]
  At max positions (3/3)
  Positions (3/3):
    INJ: entry $3.1848 → $3.1080 (-2.4%)
    CFG: entry $0.1523 → $0.1452 (-4.7%)
    RAILS: entry $0.1339 → $0.1347 (+0.6%)

[09:12:09] Scan #150
  637 USD pairs found
  637 tickers fetched
  F&G: 32 (Fear) | Market 24h: -0.2% | BTC dom: 58.4% [cache]
  At max positions (3/3)
  Positions (3/3):
    INJ: entry $3.1848 → $3.1080 (-2.4%)
    CFG: entry $0.1523 → $0.1452 (-4.7%)
    RAILS: entry $0.1339 → $0.1347 (+0.6%)

[09:17:19] Scan #151
  637 USD pairs found
  637 tickers fetched
  F&G: 32 (Fear) | Market 24h: -0.1% | BTC dom: 58.3% [cache]
  At max positions (3/3)
  Positions (3/3):
    INJ: entry $3.1848 → $3.1060 (-2.5%)
    CFG: entry $0.1523 → $0.1452 (-4.7%)
    RAILS: entry $0.1339 → $0.1347 (+0.6%)

[09:22:28] Scan #152
  637 USD pairs found
  637 tickers fetched
  F&G: 32 (Fear) | Market 24h: +0.1% | BTC dom: 58.3% [cache]
  At max positions (3/3)
  Positions (3/3):
    INJ: entry $3.1848 → $3.0990 (-2.7%)
    CFG: entry $0.1523 → $0.1453 (-4.6%)
    RAILS: entry $0.1339 → $0.1347 (+0.6%)

[09:27:38] Scan #153
  637 USD pairs found
  637 tickers fetched
  F&G: 32 (Fear) | Market 24h: +0.3% | BTC dom: 58.3% [cache]
  At max positions (3/3)
  Positions (3/3):
    INJ: entry $3.1848 → $3.0990 (-2.7%)
    CFG: entry $0.1523 → $0.1449 (-4.8%)
    RAILS: entry $0.1339 → $0.1334 (-0.4%)

[09:32:47] Scan #154
  637 USD pairs found
  637 tickers fetched
  F&G: 32 (Fear) | Market 24h: +0.2% | BTC dom: 58.3% [cache]
  At max positions (3/3)
  Positions (3/3):
    INJ: entry $3.1848 → $3.0990 (-2.7%)
    CFG: entry $0.1523 → $0.1448 (-4.9%)
    RAILS: entry $0.1339 → $0.1334 (-0.4%)

[09:37:57] Scan #155
  637 USD pairs found
  637 tickers fetched
  F&G: 32 (Fear) | Market 24h: +0.0% | BTC dom: 58.3% [cache]
  At max positions (3/3)
  Positions (3/3):
    INJ: entry $3.1848 → $3.0990 (-2.7%)
    CFG: entry $0.1523 → $0.1448 (-4.9%)
    RAILS: entry $0.1339 → $0.1334 (-0.4%)

[09:43:06] Scan #156
  637 USD pairs found
  637 tickers fetched
  F&G: 32 (Fear) | Market 24h: +0.1% | BTC dom: 58.4% [cache]
  At max positions (3/3)
  Positions (3/3):
    INJ: entry $3.1848 → $3.0990 (-2.7%)
    CFG: entry $0.1523 → $0.1448 (-4.9%)
    RAILS: entry $0.1339 → $0.1334 (-0.4%)

[09:48:16] Scan #157
  637 USD pairs found
  637 tickers fetched
  F&G: 32 (Fear) | Market 24h: +0.1% | BTC dom: 58.4% [cache]
  At max positions (3/3)
  Positions (3/3):
    INJ: entry $3.1848 → $3.0990 (-2.7%)
    CFG: entry $0.1523 → $0.1447 (-5.0%)
    RAILS: entry $0.1339 → $0.1334 (-0.4%)

[09:53:25] Scan #158
  637 USD pairs found
  637 tickers fetched
  F&G: 32 (Fear) | Market 24h: +0.2% | BTC dom: 58.4% [cache]
  At max positions (3/3)
  Positions (3/3):
    INJ: entry $3.1848 → $3.0990 (-2.7%)
    CFG: entry $0.1523 → $0.1447 (-5.0%)
    RAILS: entry $0.1339 → $0.1334 (-0.4%)

[09:58:35] Scan #159
  637 USD pairs found
  637 tickers fetched
  F&G: 32 (Fear) | Market 24h: +0.2% | BTC dom: 58.4% [cache]
  At max positions (3/3)
  Positions (3/3):
    INJ: entry $3.1848 → $3.0990 (-2.7%)
    CFG: entry $0.1523 → $0.1447 (-5.0%)
    RAILS: entry $0.1339 → $0.1334 (-0.4%)

[10:03:44] Scan #160
  637 USD pairs found
  637 tickers fetched
  F&G: 32 (Fear) | Market 24h: +0.2% | BTC dom: 58.4% [cache]
  At max positions (3/3)
  Positions (3/3):
    INJ: entry $3.1848 → $3.0990 (-2.7%)
    CFG: entry $0.1523 → $0.1447 (-5.0%)
    RAILS: entry $0.1339 → $0.1334 (-0.4%)

[10:08:54] Scan #161
  637 USD pairs found
  637 tickers fetched
  F&G: 32 (Fear) | Market 24h: +0.3% | BTC dom: 58.4% [cache]
  At max positions (3/3)
  Positions (3/3):
    INJ: entry $3.1848 → $3.0990 (-2.7%)
    CFG: entry $0.1523 → $0.1447 (-5.0%)
    RAILS: entry $0.1339 → $0.1334 (-0.4%)

[10:14:03] Scan #162
  637 USD pairs found
  637 tickers fetched
  F&G: 32 (Fear) | Market 24h: +0.4% | BTC dom: 58.4% [cache]
  At max positions (3/3)
  Positions (3/3):
    INJ: entry $3.1848 → $3.0920 (-2.9%)
    CFG: entry $0.1523 → $0.1446 (-5.0%)
    RAILS: entry $0.1339 → $0.1332 (-0.5%)

[10:19:14] Scan #163
  637 USD pairs found
  637 tickers fetched
  F&G: 32 (Fear) | Market 24h: +0.3% | BTC dom: 58.4% [cache]
  At max positions (3/3)
  Positions (3/3):
    INJ: entry $3.1848 → $3.0920 (-2.9%)
    CFG: entry $0.1523 → $0.1446 (-5.0%)
    RAILS: entry $0.1339 → $0.1332 (-0.5%)

[10:24:23] Scan #164
  637 USD pairs found
  637 tickers fetched
  F&G: 32 (Fear) | Market 24h: +0.4% | BTC dom: 58.4% [cache]
  At max positions (3/3)
  Positions (3/3):
    INJ: entry $3.1848 → $3.0880 (-3.0%)
    CFG: entry $0.1523 → $0.1442 (-5.3%)
    RAILS: entry $0.1339 → $0.1332 (-0.5%)

[10:29:33] Scan #165
  637 USD pairs found
  637 tickers fetched
  F&G: 32 (Fear) | Market 24h: +0.3% | BTC dom: 58.4% [cache]
  At max positions (3/3)
  Positions (3/3):
    INJ: entry $3.1848 → $3.0800 (-3.3%)
    CFG: entry $0.1523 → $0.1441 (-5.4%)
    RAILS: entry $0.1339 → $0.1332 (-0.5%)

[10:34:42] Scan #166
  637 USD pairs found
  637 tickers fetched
  F&G: 32 (Fear) | Market 24h: +0.3% | BTC dom: 58.4% [cache]
  At max positions (3/3)
  Positions (3/3):
    INJ: entry $3.1848 → $3.0800 (-3.3%)
    CFG: entry $0.1523 → $0.1442 (-5.3%)
    RAILS: entry $0.1339 → $0.1332 (-0.5%)

[10:39:52] Scan #167
  637 USD pairs found
  637 tickers fetched
  F&G: 32 (Fear) | Market 24h: +0.1% | BTC dom: 58.4% [cache]
  At max positions (3/3)
  Positions (3/3):
    INJ: entry $3.1848 → $3.0800 (-3.3%)
    CFG: entry $0.1523 → $0.1435 (-5.8%)
    RAILS: entry $0.1339 → $0.1332 (-0.5%)

[10:45:01] Scan #168
  637 USD pairs found
  637 tickers fetched
  F&G: 32 (Fear) | Market 24h: -0.0% | BTC dom: 58.4% [cache]
  At max positions (3/3)
  Positions (3/3):
    INJ: entry $3.1848 → $3.0840 (-3.2%)
    CFG: entry $0.1523 → $0.1435 (-5.8%)
    RAILS: entry $0.1339 → $0.1332 (-0.5%)

[10:50:10] Scan #169
  637 USD pairs found
  637 tickers fetched
  F&G: 32 (Fear) | Market 24h: -0.1% | BTC dom: 58.4% [cache]
  At max positions (3/3)
  Positions (3/3):
    INJ: entry $3.1848 → $3.0840 (-3.2%)
    CFG: entry $0.1523 → $0.1441 (-5.4%)
    RAILS: entry $0.1339 → $0.1332 (-0.5%)

[10:55:21] Scan #170
  637 USD pairs found
  637 tickers fetched
  F&G: 32 (Fear) | Market 24h: -0.1% | BTC dom: 58.4% [cache]
  At max positions (3/3)
  Positions (3/3):
    INJ: entry $3.1848 → $3.0840 (-3.2%)
    CFG: entry $0.1523 → $0.1441 (-5.4%)
    RAILS: entry $0.1339 → $0.1332 (-0.5%)

[11:00:30] Scan #171
  637 USD pairs found
  637 tickers fetched
  F&G: 32 (Fear) | Market 24h: -0.1% | BTC dom: 58.4% [cache]
  At max positions (3/3)
  Positions (3/3):
    INJ: entry $3.1848 → $3.0880 (-3.0%)
    CFG: entry $0.1523 → $0.1441 (-5.4%)
    RAILS: entry $0.1339 → $0.1332 (-0.5%)

[11:05:40] Scan #172
  637 USD pairs found
  637 tickers fetched
  F&G: 32 (Fear) | Market 24h: -0.1% | BTC dom: 58.4% [cache]
  At max positions (3/3)
  Positions (3/3):
    INJ: entry $3.1848 → $3.0880 (-3.0%)
    CFG: entry $0.1523 → $0.1447 (-5.0%)
    RAILS: entry $0.1339 → $0.1332 (-0.5%)

[11:10:49] Scan #173
  637 USD pairs found
  637 tickers fetched
  F&G: 32 (Fear) | Market 24h: -0.2% | BTC dom: 58.4% [cache]
  At max positions (3/3)
  Positions (3/3):
    INJ: entry $3.1848 → $3.0880 (-3.0%)
    CFG: entry $0.1523 → $0.1441 (-5.4%)
    RAILS: entry $0.1339 → $0.1332 (-0.5%)

[11:15:59] Scan #174
  637 USD pairs found
  637 tickers fetched
  F&G: 32 (Fear) | Market 24h: -0.2% | BTC dom: 58.3% [cache]
  At max positions (3/3)
  Positions (3/3):
    INJ: entry $3.1848 → $3.0840 (-3.2%)
    CFG: entry $0.1523 → $0.1447 (-5.0%)
    RAILS: entry $0.1339 → $0.1332 (-0.5%)

[11:21:08] Scan #175
  637 USD pairs found
  637 tickers fetched
  F&G: 32 (Fear) | Market 24h: -0.1% | BTC dom: 58.3% [cache]
  At max positions (3/3)
  Positions (3/3):
    INJ: entry $3.1848 → $3.0840 (-3.2%)
    CFG: entry $0.1523 → $0.1443 (-5.2%)
    RAILS: entry $0.1339 → $0.1325 (-1.0%)

[11:26:17] Scan #176
  637 USD pairs found
  637 tickers fetched
  F&G: 32 (Fear) | Market 24h: -0.1% | BTC dom: 58.3% [cache]
  At max positions (3/3)
  Positions (3/3):
    INJ: entry $3.1848 → $3.0840 (-3.2%)
    CFG: entry $0.1523 → $0.1443 (-5.2%)
    RAILS: entry $0.1339 → $0.1311 (-2.1%)

[11:31:27] Scan #177
  637 USD pairs found
  637 tickers fetched
  F&G: 32 (Fear) | Market 24h: -0.0% | BTC dom: 58.3% [cache]
  At max positions (3/3)
  Positions (3/3):
    INJ: entry $3.1848 → $3.0840 (-3.2%)
    CFG: entry $0.1523 → $0.1443 (-5.2%)
    RAILS: entry $0.1339 → $0.1312 (-2.0%)

[11:36:36] Scan #178
  637 USD pairs found
  637 tickers fetched
  F&G: 32 (Fear) | Market 24h: -0.0% | BTC dom: 58.3% [cache]
  At max positions (3/3)
  Positions (3/3):
    INJ: entry $3.1848 → $3.0800 (-3.3%)
    CFG: entry $0.1523 → $0.1443 (-5.2%)
    RAILS: entry $0.1339 → $0.1312 (-2.0%)

[11:41:46] Scan #179
  637 USD pairs found
  637 tickers fetched
  F&G: 32 (Fear) | Market 24h: +0.3% | BTC dom: 58.3% [cache]
  At max positions (3/3)
  Positions (3/3):
    INJ: entry $3.1848 → $3.0800 (-3.3%)
    CFG: entry $0.1523 → $0.1443 (-5.2%)
    RAILS: entry $0.1339 → $0.1312 (-2.0%)

[11:46:55] Scan #180
  637 USD pairs found
  637 tickers fetched
  F&G: 32 (Fear) | Market 24h: +0.3% | BTC dom: 58.4% [cache]
  At max positions (3/3)
  Positions (3/3):
    INJ: entry $3.1848 → $3.0800 (-3.3%)
    CFG: entry $0.1523 → $0.1443 (-5.2%)
    RAILS: entry $0.1339 → $0.1312 (-2.0%)

[11:52:05] Scan #181
  637 USD pairs found
  637 tickers fetched
  F&G: 32 (Fear) | Market 24h: +0.3% | BTC dom: 58.4% [cache]
  At max positions (3/3)
  Positions (3/3):
    INJ: entry $3.1848 → $3.0800 (-3.3%)
    CFG: entry $0.1523 → $0.1443 (-5.2%)
    RAILS: entry $0.1339 → $0.1312 (-2.0%)

[11:57:14] Scan #182
  637 USD pairs found
  637 tickers fetched
  F&G: 32 (Fear) | Market 24h: +0.2% | BTC dom: 58.4% [cache]
  At max positions (3/3)
  Positions (3/3):
    INJ: entry $3.1848 → $3.0800 (-3.3%)
    CFG: entry $0.1523 → $0.1443 (-5.2%)
    RAILS: entry $0.1339 → $0.1312 (-2.0%)

[12:02:24] Scan #183
  637 USD pairs found
  637 tickers fetched
  F&G: 32 (Fear) | Market 24h: +0.2% | BTC dom: 58.4% [cache]
  At max positions (3/3)
  Positions (3/3):
    INJ: entry $3.1848 → $3.0800 (-3.3%)
    CFG: entry $0.1523 → $0.1443 (-5.2%)
    RAILS: entry $0.1339 → $0.1310 (-2.2%)

[12:07:34] Scan #184
  637 USD pairs found
  637 tickers fetched
  F&G: 32 (Fear) | Market 24h: +0.1% | BTC dom: 58.4% [cache]
  At max positions (3/3)
  Positions (3/3):
    INJ: entry $3.1848 → $3.0860 (-3.1%)
    CFG: entry $0.1523 → $0.1443 (-5.2%)
    RAILS: entry $0.1339 → $0.1310 (-2.2%)

[12:12:43] Scan #185
  637 USD pairs found
  637 tickers fetched
  F&G: 32 (Fear) | Market 24h: -0.0% | BTC dom: 58.4% [cache]
  At max positions (3/3)
  Positions (3/3):
    INJ: entry $3.1848 → $3.0930 (-2.9%)
    CFG: entry $0.1523 → $0.1452 (-4.7%)
    RAILS: entry $0.1339 → $0.1310 (-2.2%)

[12:17:53] Scan #186
  637 USD pairs found
  637 tickers fetched
  F&G: 32 (Fear) | Market 24h: +0.1% | BTC dom: 58.4% [cache]
  At max positions (3/3)
  Positions (3/3):
    INJ: entry $3.1848 → $3.0950 (-2.8%)
    CFG: entry $0.1523 → $0.1452 (-4.7%)
    RAILS: entry $0.1339 → $0.1310 (-2.2%)

[12:23:02] Scan #187
  637 USD pairs found
  637 tickers fetched
  F&G: 32 (Fear) | Market 24h: +0.0% | BTC dom: 58.4% [cache]
  At max positions (3/3)
  Positions (3/3):
    INJ: entry $3.1848 → $3.0950 (-2.8%)
    CFG: entry $0.1523 → $0.1452 (-4.7%)
    RAILS: entry $0.1339 → $0.1310 (-2.2%)

[12:28:12] Scan #188
  637 USD pairs found
  637 tickers fetched
  F&G: 32 (Fear) | Market 24h: +0.2% | BTC dom: 58.4% [cache]
  At max positions (3/3)
  Positions (3/3):
    INJ: entry $3.1848 → $3.0950 (-2.8%)
    CFG: entry $0.1523 → $0.1448 (-4.9%)
    RAILS: entry $0.1339 → $0.1310 (-2.2%)

[12:33:21] Scan #189
  637 USD pairs found
  637 tickers fetched
  [12:33:30] SL fired: INJ (INJUSD) ~-8.0%
  [12:33:30] SL fired: CFG (CFGUSD) ~-8.0%
  [12:33:31] SL fired: RAILS (RAILSUSD) ~-8.0%
  F&G: 32 (Fear) | Market 24h: +0.3% | BTC dom: 58.4% [cache]
  No signals (637 pairs ready)

[12:38:32] Scan #190
  637 USD pairs found
  637 tickers fetched
  F&G: 32 (Fear) | Market 24h: +0.3% | BTC dom: 58.4% [cache]
  No signals (637 pairs ready)

[12:43:41] Scan #191
  637 USD pairs found
  637 tickers fetched
  F&G: 32 (Fear) | Market 24h: +0.5% | BTC dom: 58.4% [cache]
  No signals (637 pairs ready)

[12:48:49] Scan #192
  637 USD pairs found
  637 tickers fetched
  F&G: 32 (Fear) | Market 24h: +0.5% | BTC dom: 58.4% [cache]
  No signals (637 pairs ready)

[12:53:58] Scan #193
  637 USD pairs found
  637 tickers fetched
  F&G: 32 (Fear) | Market 24h: +0.5% | BTC dom: 58.4% [cache]
  No signals (637 pairs ready)

[12:59:07] Scan #194
  637 USD pairs found
  637 tickers fetched
  F&G: 32 (Fear) | Market 24h: +0.5% | BTC dom: 58.4% [cache]
  No signals (637 pairs ready)

[13:04:16] Scan #195
  637 USD pairs found
  637 tickers fetched
  F&G: 32 (Fear) | Market 24h: +0.4% | BTC dom: 58.4% [cache]
  No signals (637 pairs ready)

[13:09:24] Scan #196
  637 USD pairs found
  637 tickers fetched
  F&G: 32 (Fear) | Market 24h: +0.4% | BTC dom: 58.4% [cache]
  No signals (637 pairs ready)

[13:14:33] Scan #197
  637 USD pairs found
  637 tickers fetched
  F&G: 32 (Fear) | Market 24h: +0.6% | BTC dom: 58.4% [cache]
  No signals (637 pairs ready)

[13:19:42] Scan #198
  637 USD pairs found
  637 tickers fetched
  F&G: 32 (Fear) | Market 24h: +0.5% | BTC dom: 58.4% [cache]
  No signals (637 pairs ready)

[13:24:51] Scan #199
  637 USD pairs found
  637 tickers fetched
  F&G: 33 (Fear) | Market 24h: +0.4% | BTC dom: 58.4% [cache]
  No signals (637 pairs ready)

[13:30:00] Scan #200
  637 USD pairs found
  637 tickers fetched
  F&G: 33 (Fear) | Market 24h: +0.3% | BTC dom: 58.4% [cache]
  No signals (637 pairs ready)

[13:35:08] Scan #201
  637 USD pairs found
  637 tickers fetched
  F&G: 33 (Fear) | Market 24h: +0.8% | BTC dom: 58.4% [cache]
  No signals (637 pairs ready)

[13:40:17] Scan #202
  637 USD pairs found
  637 tickers fetched
  F&G: 32 (Fear) | Market 24h: +0.8% | BTC dom: 58.4% [cache]
  No signals (637 pairs ready)

[13:45:26] Scan #203
  637 USD pairs found
  637 tickers fetched
  F&G: 32 (Fear) | Market 24h: +0.6% | BTC dom: 58.4% [cache]
  No signals (637 pairs ready)

[13:50:35] Scan #204
  637 USD pairs found
  637 tickers fetched
  F&G: 32 (Fear) | Market 24h: +0.5% | BTC dom: 58.4% [cache]
  No signals (637 pairs ready)

[13:55:44] Scan #205
  637 USD pairs found
  637 tickers fetched
  F&G: 32 (Fear) | Market 24h: +0.8% | BTC dom: 58.4% [cache]
  No signals (637 pairs ready)

[14:00:53] Scan #206
  637 USD pairs found
  637 tickers fetched
  F&G: 32 (Fear) | Market 24h: +0.9% | BTC dom: 58.4% [cache]
  No signals (637 pairs ready)

[14:06:01] Scan #207
  637 USD pairs found
  637 tickers fetched
  F&G: 32 (Fear) | Market 24h: +1.1% | BTC dom: 58.4% [cache]
  No signals (637 pairs ready)

[14:11:10] Scan #208
  637 USD pairs found
  637 tickers fetched
  F&G: 32 (Fear) | Market 24h: +0.8% | BTC dom: 58.4% [cache]
  No signals (637 pairs ready)

[14:16:19] Scan #209
  637 USD pairs found
  637 tickers fetched
  F&G: 32 (Fear) | Market 24h: +1.0% | BTC dom: 58.4% [cache]
  No signals (637 pairs ready)

[14:21:28] Scan #210
  637 USD pairs found
  637 tickers fetched
  F&G: 32 (Fear) | Market 24h: +1.4% | BTC dom: 58.4% [cache]
  No signals (637 pairs ready)

[14:26:36] Scan #211
  637 USD pairs found
  637 tickers fetched
  F&G: 33 (Fear) | Market 24h: +1.5% | BTC dom: 58.4% [cache]
  No signals (637 pairs ready)

[14:31:45] Scan #212
  637 USD pairs found
  637 tickers fetched
  F&G: 33 (Fear) | Market 24h: +1.1% | BTC dom: 58.4% [cache]
  No signals (637 pairs ready)

[14:36:54] Scan #213
  637 USD pairs found
  637 tickers fetched
  F&G: 33 (Fear) | Market 24h: +0.9% | BTC dom: 58.4% [cache]
  No signals (637 pairs ready)

[14:42:03] Scan #214
  637 USD pairs found
  637 tickers fetched
  F&G: 33 (Fear) | Market 24h: +0.9% | BTC dom: 58.4% [cache]
  No signals (637 pairs ready)

[14:47:12] Scan #215
  637 USD pairs found
  637 tickers fetched
  F&G: 33 (Fear) | Market 24h: +0.9% | BTC dom: 58.4% [cache]
  No signals (637 pairs ready)

[14:52:21] Scan #216
  637 USD pairs found
  637 tickers fetched
  F&G: 33 (Fear) | Market 24h: +0.9% | BTC dom: 58.4% [cache]
  No signals (637 pairs ready)

[14:57:29] Scan #217
  637 USD pairs found
  637 tickers fetched
  F&G: 32 (Fear) | Market 24h: +1.0% | BTC dom: 58.4% [cache]
  No signals (637 pairs ready)

[15:02:38] Scan #218
  637 USD pairs found
  637 tickers fetched
  F&G: 32 (Fear) | Market 24h: +0.9% | BTC dom: 58.4% [cache]
  No signals (637 pairs ready)

[15:07:47] Scan #219
  637 USD pairs found
  637 tickers fetched
  F&G: 32 (Fear) | Market 24h: +1.0% | BTC dom: 58.4% [cache]
  No signals (637 pairs ready)

[15:12:56] Scan #220
  637 USD pairs found
  637 tickers fetched
  F&G: 32 (Fear) | Market 24h: +1.2% | BTC dom: 58.4% [cache]
  No signals (637 pairs ready)

[15:18:04] Scan #221
  637 USD pairs found
  637 tickers fetched
  F&G: 32 (Fear) | Market 24h: +0.9% | BTC dom: 58.4% [cache]
  No signals (637 pairs ready)

[15:23:13] Scan #222
  637 USD pairs found
  637 tickers fetched
  F&G: 32 (Fear) | Market 24h: +1.0% | BTC dom: 58.4% [cache]
  No signals (637 pairs ready)

[15:28:22] Scan #223
  637 USD pairs found
  637 tickers fetched
  F&G: 32 (Fear) | Market 24h: +0.7% | BTC dom: 58.4% [cache]
  No signals (637 pairs ready)

[15:33:31] Scan #224
  637 USD pairs found
  637 tickers fetched
  F&G: 32 (Fear) | Market 24h: +0.9% | BTC dom: 58.4% [cache]
  No signals (637 pairs ready)

[15:38:40] Scan #225
  637 USD pairs found
  637 tickers fetched
  F&G: 32 (Fear) | Market 24h: +0.8% | BTC dom: 58.4% [cache]
  No signals (637 pairs ready)

[15:43:48] Scan #226
  637 USD pairs found
  637 tickers fetched
  F&G: 32 (Fear) | Market 24h: +0.8% | BTC dom: 58.4% [cache]
  No signals (637 pairs ready)

[15:48:57] Scan #227
  637 USD pairs found
  637 tickers fetched
  F&G: 32 (Fear) | Market 24h: +0.8% | BTC dom: 58.4% [cache]
  No signals (637 pairs ready)

[15:54:06] Scan #228
  637 USD pairs found
  637 tickers fetched
  F&G: 32 (Fear) | Market 24h: +0.8% | BTC dom: 58.4% [cache]
  No signals (637 pairs ready)

[15:59:15] Scan #229
  637 USD pairs found
  637 tickers fetched
  F&G: 32 (Fear) | Market 24h: +0.9% | BTC dom: 58.4% [cache]
  No signals (637 pairs ready)

[16:04:23] Scan #230
  637 USD pairs found
  637 tickers fetched
  F&G: 32 (Fear) | Market 24h: +0.9% | BTC dom: 58.4% [cache]
  No signals (637 pairs ready)

[16:09:32] Scan #231
  637 USD pairs found
  637 tickers fetched
  F&G: 32 (Fear) | Market 24h: +0.8% | BTC dom: 58.3% [cache]
  No signals (637 pairs ready)

[16:14:41] Scan #232
  637 USD pairs found
  637 tickers fetched
  F&G: 32 (Fear) | Market 24h: +0.8% | BTC dom: 58.3% [cache]
  No signals (637 pairs ready)

[16:19:50] Scan #233
  637 USD pairs found
  637 tickers fetched
  F&G: 32 (Fear) | Market 24h: +0.6% | BTC dom: 58.3% [cache]
  No signals (637 pairs ready)

[16:24:59] Scan #234
  637 USD pairs found
  637 tickers fetched
  F&G: 32 (Fear) | Market 24h: +0.5% | BTC dom: 58.3% [cache]
  No signals (637 pairs ready)

[16:30:08] Scan #235
  637 USD pairs found
  637 tickers fetched
  F&G: 32 (Fear) | Market 24h: +0.5% | BTC dom: 58.3% [cache]
  No signals (637 pairs ready)

[16:35:16] Scan #236
  637 USD pairs found
  637 tickers fetched
  F&G: 32 (Fear) | Market 24h: +0.4% | BTC dom: 58.3% [cache]
  No signals (637 pairs ready)

[16:40:25] Scan #237
  637 USD pairs found
  637 tickers fetched
  F&G: 32 (Fear) | Market 24h: +0.6% | BTC dom: 58.3% [cache]
  No signals (637 pairs ready)

[16:45:34] Scan #238
  637 USD pairs found
  637 tickers fetched
  F&G: 32 (Fear) | Market 24h: +0.8% | BTC dom: 58.3% [cache]
  No signals (637 pairs ready)

[16:50:43] Scan #239
  637 USD pairs found
  637 tickers fetched
  F&G: 32 (Fear) | Market 24h: +0.7% | BTC dom: 58.3% [cache]
  No signals (637 pairs ready)

[16:55:52] Scan #240
  637 USD pairs found
  637 tickers fetched
  F&G: 32 (Fear) | Market 24h: +0.7% | BTC dom: 58.3% [cache]
  No signals (637 pairs ready)

[17:01:00] Scan #241
  637 USD pairs found
  637 tickers fetched
  F&G: 32 (Fear) | Market 24h: +0.7% | BTC dom: 58.3% [cache]
  No signals (637 pairs ready)

[17:06:09] Scan #242
  637 USD pairs found
  637 tickers fetched
  F&G: 32 (Fear) | Market 24h: +0.5% | BTC dom: 58.3% [cache]
  No signals (637 pairs ready)

[17:11:18] Scan #243
  637 USD pairs found
  637 tickers fetched
  F&G: 32 (Fear) | Market 24h: +0.6% | BTC dom: 58.3% [cache]
  No signals (637 pairs ready)

[17:16:27] Scan #244
  637 USD pairs found
  637 tickers fetched
  F&G: 31 (Fear) | Market 24h: +0.5% | BTC dom: 58.3% [cache]
  No signals (637 pairs ready)

[17:21:36] Scan #245
  637 USD pairs found
  637 tickers fetched
  F&G: 31 (Fear) | Market 24h: +0.5% | BTC dom: 58.3% [cache]
  No signals (637 pairs ready)

[17:26:45] Scan #246
  637 USD pairs found
  637 tickers fetched
  F&G: 31 (Fear) | Market 24h: +0.6% | BTC dom: 58.3% [cache]
  No signals (637 pairs ready)

[17:31:53] Scan #247
  637 USD pairs found
  637 tickers fetched
  F&G: 31 (Fear) | Market 24h: +0.8% | BTC dom: 58.3% [cache]
  No signals (637 pairs ready)

[17:37:02] Scan #248
  637 USD pairs found
  637 tickers fetched
  F&G: 31 (Fear) | Market 24h: +0.9% | BTC dom: 58.3% [cache]
  No signals (637 pairs ready)

[17:42:11] Scan #249
  637 USD pairs found
  637 tickers fetched
  F&G: 32 (Fear) | Market 24h: +0.8% | BTC dom: 58.3% [cache]
  No signals (637 pairs ready)

[17:47:20] Scan #250
  637 USD pairs found
  637 tickers fetched
  F&G: 32 (Fear) | Market 24h: +1.0% | BTC dom: 58.3% [cache]
  No signals (637 pairs ready)

[17:52:29] Scan #251
  637 USD pairs found
  637 tickers fetched
  F&G: 32 (Fear) | Market 24h: +0.9% | BTC dom: 58.3% [cache]
  No signals (637 pairs ready)

[17:57:38] Scan #252
  637 USD pairs found
  637 tickers fetched
  F&G: 32 (Fear) | Market 24h: +0.6% | BTC dom: 58.3% [cache]
  No signals (637 pairs ready)

[18:02:46] Scan #253
  637 USD pairs found
  637 tickers fetched
  F&G: 32 (Fear) | Market 24h: +0.4% | BTC dom: 58.3% [cache]
  No signals (637 pairs ready)

[18:07:55] Scan #254
  637 USD pairs found
  637 tickers fetched
  F&G: 32 (Fear) | Market 24h: +0.4% | BTC dom: 58.3% [cache]
  No signals (637 pairs ready)

[18:13:04] Scan #255
  637 USD pairs found
  637 tickers fetched
  F&G: 31 (Fear) | Market 24h: +0.4% | BTC dom: 58.3% [cache]
  No signals (637 pairs ready)

[18:18:13] Scan #256
  637 USD pairs found
  637 tickers fetched
  F&G: 31 (Fear) | Market 24h: +0.4% | BTC dom: 58.3% [cache]
  No signals (637 pairs ready)

[18:23:22] Scan #257
  637 USD pairs found
  637 tickers fetched
  F&G: 31 (Fear) | Market 24h: +0.5% | BTC dom: 58.3% [cache]
  No signals (637 pairs ready)

[18:28:31] Scan #258
  637 USD pairs found
  637 tickers fetched
  F&G: 32 (Fear) | Market 24h: +0.7% | BTC dom: 58.3% [cache]
  No signals (637 pairs ready)

[18:33:40] Scan #259
  637 USD pairs found
  637 tickers fetched
  F&G: 32 (Fear) | Market 24h: +0.9% | BTC dom: 58.3% [cache]
  No signals (637 pairs ready)

[18:38:48] Scan #260
  637 USD pairs found
  637 tickers fetched
  F&G: 32 (Fear) | Market 24h: +0.9% | BTC dom: 58.3% [cache]
  No signals (637 pairs ready)

[18:43:57] Scan #261
  637 USD pairs found
  637 tickers fetched
  F&G: 32 (Fear) | Market 24h: +1.0% | BTC dom: 58.3% [cache]
  No signals (637 pairs ready)

[18:49:06] Scan #262
  637 USD pairs found
  637 tickers fetched
  F&G: 32 (Fear) | Market 24h: +1.0% | BTC dom: 58.3% [cache]
  No signals (637 pairs ready)

[18:54:15] Scan #263
  637 USD pairs found
  637 tickers fetched
  F&G: 32 (Fear) | Market 24h: +0.9% | BTC dom: 58.3% [cache]
  No signals (637 pairs ready)

[18:59:24] Scan #264
  637 USD pairs found
  637 tickers fetched
  F&G: 32 (Fear) | Market 24h: +0.9% | BTC dom: 58.3% [cache]
  No signals (637 pairs ready)

[19:04:32] Scan #265
  637 USD pairs found
  637 tickers fetched
  F&G: 32 (Fear) | Market 24h: +0.8% | BTC dom: 58.3% [cache]
  No signals (637 pairs ready)

[19:09:41] Scan #266
  637 USD pairs found
  637 tickers fetched
  F&G: 32 (Fear) | Market 24h: +0.9% | BTC dom: 58.3% [cache]
  No signals (637 pairs ready)

[19:14:50] Scan #267
  637 USD pairs found
  637 tickers fetched
  F&G: 32 (Fear) | Market 24h: +0.8% | BTC dom: 58.3% [cache]
  No signals (637 pairs ready)

[19:19:59] Scan #268
  637 USD pairs found
  637 tickers fetched
  F&G: 32 (Fear) | Market 24h: +0.8% | BTC dom: 58.3% [cache]
  No signals (637 pairs ready)

[19:25:08] Scan #269
  637 USD pairs found
  637 tickers fetched
  F&G: 32 (Fear) | Market 24h: +0.7% | BTC dom: 58.3% [cache]
  No signals (637 pairs ready)

[19:30:17] Scan #270
  637 USD pairs found
  637 tickers fetched
  F&G: 32 (Fear) | Market 24h: +0.8% | BTC dom: 58.3% [cache]
  No signals (637 pairs ready)

[19:35:25] Scan #271
  637 USD pairs found
  637 tickers fetched
  F&G: 32 (Fear) | Market 24h: +0.7% | BTC dom: 58.3% [cache]
  No signals (637 pairs ready)

[19:40:34] Scan #272
  637 USD pairs found
  637 tickers fetched
  F&G: 32 (Fear) | Market 24h: +0.8% | BTC dom: 58.3% [cache]
  No signals (637 pairs ready)

[19:45:43] Scan #273
  637 USD pairs found
  637 tickers fetched
  F&G: 32 (Fear) | Market 24h: +0.7% | BTC dom: 58.3% [cache]
  No signals (637 pairs ready)

[19:50:52] Scan #274
  637 USD pairs found
  637 tickers fetched
  F&G: 32 (Fear) | Market 24h: +0.5% | BTC dom: 58.3% [cache]
  No signals (637 pairs ready)

[19:56:01] Scan #275
  637 USD pairs found
  637 tickers fetched
  F&G: 32 (Fear) | Market 24h: +0.5% | BTC dom: 58.3% [cache]
  No signals (637 pairs ready)

[20:01:10] Scan #276
  637 USD pairs found
  637 tickers fetched
  F&G: 32 (Fear) | Market 24h: +0.3% | BTC dom: 58.3% [cache]
  No signals (637 pairs ready)

[20:06:19] Scan #277
  637 USD pairs found
  637 tickers fetched
  F&G: 32 (Fear) | Market 24h: +0.4% | BTC dom: 58.3% [cache]
  No signals (637 pairs ready)

[20:11:28] Scan #278
  637 USD pairs found
  637 tickers fetched
  F&G: 32 (Fear) | Market 24h: +0.3% | BTC dom: 58.3% [cache]
  No signals (637 pairs ready)

[20:16:36] Scan #279
  637 USD pairs found
  637 tickers fetched
  F&G: 32 (Fear) | Market 24h: +0.2% | BTC dom: 58.3% [cache]
  No signals (637 pairs ready)

[20:21:45] Scan #280
  637 USD pairs found
  637 tickers fetched
  F&G: 32 (Fear) | Market 24h: +0.3% | BTC dom: 58.3% [cache]
  No signals (637 pairs ready)

[20:26:54] Scan #281
  637 USD pairs found
  637 tickers fetched
  F&G: 32 (Fear) | Market 24h: +0.5% | BTC dom: 58.3% [cache]
  No signals (637 pairs ready)

[20:32:04] Scan #282
  637 USD pairs found
  637 tickers fetched
  F&G: 32 (Fear) | Market 24h: +0.6% | BTC dom: 58.3% [cache]
  No signals (637 pairs ready)

[20:37:13] Scan #283
  637 USD pairs found
  637 tickers fetched
  F&G: 32 (Fear) | Market 24h: +0.7% | BTC dom: 58.3% [cache]
  No signals (637 pairs ready)

[20:42:22] Scan #284
  637 USD pairs found
  637 tickers fetched
  F&G: 32 (Fear) | Market 24h: +0.8% | BTC dom: 58.3% [cache]
  No signals (637 pairs ready)

[20:47:31] Scan #285
  637 USD pairs found
  637 tickers fetched
  F&G: 32 (Fear) | Market 24h: +0.8% | BTC dom: 58.3% [cache]
  No signals (637 pairs ready)

[20:52:40] Scan #286
  637 USD pairs found
  637 tickers fetched
  F&G: 32 (Fear) | Market 24h: +0.7% | BTC dom: 58.3% [cache]
  No signals (637 pairs ready)

[20:57:48] Scan #287
  637 USD pairs found
  637 tickers fetched
  F&G: 32 (Fear) | Market 24h: +0.6% | BTC dom: 58.3% [cache]
  No signals (637 pairs ready)

[21:02:57] Scan #288
  637 USD pairs found
  637 tickers fetched
  F&G: 32 (Fear) | Market 24h: +0.6% | BTC dom: 58.3% [cache]
  No signals (637 pairs ready)

[21:08:06] Scan #289
  637 USD pairs found
  637 tickers fetched
  F&G: 32 (Fear) | Market 24h: +0.6% | BTC dom: 58.3% [cache]
  No signals (637 pairs ready)

[21:13:15] Scan #290
  637 USD pairs found
  637 tickers fetched
  F&G: 32 (Fear) | Market 24h: +0.6% | BTC dom: 58.3% [cache]
  No signals (637 pairs ready)

[21:18:24] Scan #291
  637 USD pairs found
  637 tickers fetched
  F&G: 32 (Fear) | Market 24h: +0.6% | BTC dom: 58.3% [cache]
  No signals (637 pairs ready)

[21:23:33] Scan #292
  637 USD pairs found
  637 tickers fetched
  F&G: 32 (Fear) | Market 24h: +0.2% | BTC dom: 58.2% [cache]
  No signals (637 pairs ready)

[21:28:43] Scan #293
  637 USD pairs found
  637 tickers fetched
  F&G: 32 (Fear) | Market 24h: -0.1% | BTC dom: 58.3% [cache]
  No signals (637 pairs ready)

[21:33:52] Scan #294
  637 USD pairs found
  637 tickers fetched
  F&G: 32 (Fear) | Market 24h: -0.1% | BTC dom: 58.3% [cache]
  No signals (637 pairs ready)

[21:39:01] Scan #295
  637 USD pairs found
  637 tickers fetched
  F&G: 32 (Fear) | Market 24h: -0.2% | BTC dom: 58.3% [cache]
  No signals (637 pairs ready)

[21:44:10] Scan #296
  637 USD pairs found
  637 tickers fetched
  F&G: 32 (Fear) | Market 24h: -0.2% | BTC dom: 58.3% [cache]
  No signals (637 pairs ready)

[21:49:19] Scan #297
  637 USD pairs found
  637 tickers fetched
  F&G: 32 (Fear) | Market 24h: +0.1% | BTC dom: 58.2% [cache]
  No signals (637 pairs ready)

[21:54:27] Scan #298
  637 USD pairs found
  637 tickers fetched
  F&G: 32 (Fear) | Market 24h: -0.0% | BTC dom: 58.2% [cache]
  No signals (637 pairs ready)

[21:59:36] Scan #299
  637 USD pairs found
  637 tickers fetched
  F&G: 32 (Fear) | Market 24h: -0.2% | BTC dom: 58.2% [cache]
  No signals (637 pairs ready)

[22:04:45] Scan #300
  637 USD pairs found
  637 tickers fetched
  F&G: 32 (Fear) | Market 24h: -0.1% | BTC dom: 58.2% [cache]
  No signals (637 pairs ready)

[22:09:54] Scan #301
  637 USD pairs found
  637 tickers fetched
  F&G: 32 (Fear) | Market 24h: -0.5% | BTC dom: 58.2% [cache]
  No signals (637 pairs ready)

[22:15:03] Scan #302
  637 USD pairs found
  637 tickers fetched
  F&G: 31 (Fear) | Market 24h: -0.5% | BTC dom: 58.2% [cache]
  No signals (637 pairs ready)

[22:20:12] Scan #303
  637 USD pairs found
  637 tickers fetched
  F&G: 31 (Fear) | Market 24h: -0.5% | BTC dom: 58.3% [cache]
  No signals (637 pairs ready)

[22:25:20] Scan #304
  637 USD pairs found
  637 tickers fetched
  F&G: 31 (Fear) | Market 24h: -0.5% | BTC dom: 58.3% [cache]
  No signals (637 pairs ready)

[22:30:29] Scan #305
  637 USD pairs found
  637 tickers fetched
  F&G: 31 (Fear) | Market 24h: -0.4% | BTC dom: 58.3% [cache]
  No signals (637 pairs ready)

[22:35:38] Scan #306
  637 USD pairs found
  637 tickers fetched
  F&G: 31 (Fear) | Market 24h: -0.3% | BTC dom: 58.3% [cache]
  No signals (637 pairs ready)

[22:40:47] Scan #307
  637 USD pairs found
  637 tickers fetched
  F&G: 32 (Fear) | Market 24h: -0.3% | BTC dom: 58.3% [cache]
  No signals (637 pairs ready)

[22:45:56] Scan #308
  637 USD pairs found
  637 tickers fetched
  F&G: 32 (Fear) | Market 24h: -0.2% | BTC dom: 58.2% [cache]
  No signals (637 pairs ready)

[22:51:05] Scan #309
  637 USD pairs found
  637 tickers fetched
  F&G: 32 (Fear) | Market 24h: -0.4% | BTC dom: 58.2% [cache]
  No signals (637 pairs ready)

[22:56:13] Scan #310
  637 USD pairs found
  637 tickers fetched
  F&G: 31 (Fear) | Market 24h: -0.4% | BTC dom: 58.2% [cache]
  No signals (637 pairs ready)

[23:01:22] Scan #311
  637 USD pairs found
  637 tickers fetched
  F&G: 31 (Fear) | Market 24h: -0.4% | BTC dom: 58.2% [cache]
  No signals (637 pairs ready)

[23:06:31] Scan #312
  637 USD pairs found
  637 tickers fetched
  F&G: 31 (Fear) | Market 24h: -0.4% | BTC dom: 58.2% [cache]
  No signals (637 pairs ready)

[23:11:40] Scan #313
  637 USD pairs found
  637 tickers fetched
  F&G: 31 (Fear) | Market 24h: -0.3% | BTC dom: 58.2% [cache]
  No signals (637 pairs ready)

[23:16:49] Scan #314
  637 USD pairs found
  637 tickers fetched
  F&G: 31 (Fear) | Market 24h: -0.4% | BTC dom: 58.2% [cache]
  No signals (637 pairs ready)

[23:21:57] Scan #315
  637 USD pairs found
  637 tickers fetched
  F&G: 31 (Fear) | Market 24h: -0.4% | BTC dom: 58.3% [cache]
  No signals (637 pairs ready)

[23:27:06] Scan #316
  637 USD pairs found
  637 tickers fetched
  F&G: 31 (Fear) | Market 24h: -0.4% | BTC dom: 58.2% [cache]
  No signals (637 pairs ready)

[23:32:15] Scan #317
  637 USD pairs found
  637 tickers fetched
  F&G: 31 (Fear) | Market 24h: -0.4% | BTC dom: 58.2% [cache]
  No signals (637 pairs ready)

[23:37:24] Scan #318
  637 USD pairs found
  637 tickers fetched
  F&G: 31 (Fear) | Market 24h: -0.4% | BTC dom: 58.3% [cache]
  No signals (637 pairs ready)

[23:42:33] Scan #319
  637 USD pairs found
  637 tickers fetched
  F&G: 31 (Fear) | Market 24h: -0.4% | BTC dom: 58.3% [cache]
  No signals (637 pairs ready)

[23:47:41] Scan #320
  637 USD pairs found
  637 tickers fetched
  F&G: 31 (Fear) | Market 24h: -0.3% | BTC dom: 58.2% [cache]
  No signals (637 pairs ready)

[23:52:50] Scan #321
  637 USD pairs found
  637 tickers fetched
  F&G: 31 (Fear) | Market 24h: -0.8% | BTC dom: 58.1% [cache]
  No signals (637 pairs ready)

[23:57:59] Scan #322
  637 USD pairs found
  637 tickers fetched
  F&G: 30 (Fear) | Market 24h: -1.5% | BTC dom: 58.1% [cache]
  No signals (637 pairs ready)

[00:03:08] Scan #323
  637 USD pairs found
  637 tickers fetched
  F&G: 30 (Fear) | Market 24h: -2.1% | BTC dom: 58.1% [cache]
  No signals (637 pairs ready)

[00:08:17] Scan #324
  637 USD pairs found
  637 tickers fetched
  F&G: 30 (Fear) | Market 24h: -2.6% | BTC dom: 58.1% [cache]
  2 signals found:
    ANIME: +5.0% in 1h, vol $175k, activity 3.9x
    BOB: +3.2% in 1h, vol $105k, activity 2.0x
  [00:08:26] Can't afford minimum for ANIME
  [00:08:26] Can't afford minimum for BOB

[00:13:26] Scan #325
  637 USD pairs found
  637 tickers fetched
  F&G: 27 (Fear) | Market 24h: -2.1% | BTC dom: 58.2% [cache]
  1 signals found:
    ANIME: +5.1% in 1h, vol $176k, activity 4.5x
  [00:13:35] Can't afford minimum for ANIME

[00:18:35] Scan #326
  637 USD pairs found
  637 tickers fetched
  F&G: 27 (Fear) | Market 24h: -2.4% | BTC dom: 58.2% [cache]
  1 signals found:
    ANIME: +5.1% in 1h, vol $176k, activity 4.6x
  [00:18:44] Can't afford minimum for ANIME

[00:23:44] Scan #327
  637 USD pairs found
  637 tickers fetched
  F&G: 27 (Fear) | Market 24h: -2.3% | BTC dom: 58.2% [cache]
  1 signals found:
    ANIME: +3.0% in 1h, vol $172k, activity 4.6x
  [00:23:52] Can't afford minimum for ANIME

[00:28:52] Scan #328
  637 USD pairs found
  637 tickers fetched
  F&G: 27 (Fear) | Market 24h: -2.4% | BTC dom: 58.2% [cache]
  2 signals found:
    ANIME: +3.0% in 1h, vol $172k, activity 4.7x
    SHAPE: +5.1% in 1h, vol $100k, activity 2.3x
  [00:29:01] Can't afford minimum for ANIME
  [00:29:01] BUY 500.0 SHAPE @ ~$0.0012 (~$0.61)
  ✅ Order placed: {'txid': ['OTWGNJ-JFPYY-FXO3W5'], 'descr': {'order': 'buy 500.00 SHAPEUSD @ market'}}
  [00:29:01] Bought: ['OTWGNJ-JFPYY-FXO3W5']
  ✅ Order placed: {'txid': ['OOEEHV-S5ELG-33ZGOG'], 'descr': {'order': 'sell 500.00 SHAPEUSD @ stop loss 0.00113'}}
  [00:29:03] SL placed @ $0.00113 | TP target $0.0014 (bot loop)
  Positions (1/3):
    SHAPE: entry $0.0012 → $0.0012 (+0.0%)

[00:34:04] Scan #329
  637 USD pairs found
  637 tickers fetched
  F&G: 27 (Fear) | Market 24h: -2.3% | BTC dom: 58.2% [cache]
  No signals (637 pairs ready)
  Positions (1/3):
    SHAPE: entry $0.0012 → $0.0012 (-5.7%)

[00:39:13] Scan #330
  637 USD pairs found
  637 tickers fetched
  F&G: 28 (Fear) | Market 24h: -2.0% | BTC dom: 58.2% [cache]
  No signals (637 pairs ready)
  Positions (1/3):
    SHAPE: entry $0.0012 → $0.0012 (-5.7%)

[00:44:23] Scan #331
  637 USD pairs found
  637 tickers fetched
  F&G: 28 (Fear) | Market 24h: -1.9% | BTC dom: 58.2% [cache]
  No signals (637 pairs ready)
  Positions (1/3):
    SHAPE: entry $0.0012 → $0.0012 (-4.9%)

[00:49:32] Scan #332
  637 USD pairs found
  637 tickers fetched
  F&G: 28 (Fear) | Market 24h: -1.9% | BTC dom: 58.2% [cache]
  No signals (637 pairs ready)
  Positions (1/3):
    SHAPE: entry $0.0012 → $0.0011 (-6.5%)

[00:54:41] Scan #333
  637 USD pairs found
  637 tickers fetched
  F&G: 28 (Fear) | Market 24h: -2.2% | BTC dom: 58.2% [cache]
  No signals (637 pairs ready)
  Positions (1/3):
    SHAPE: entry $0.0012 → $0.0011 (-6.5%)

[00:59:51] Scan #334
  637 USD pairs found
  637 tickers fetched
  F&G: 28 (Fear) | Market 24h: -2.2% | BTC dom: 58.2% [cache]
  2 signals found:
    TAO: +3.3% in 1h, vol $6399k, activity 4.6x
    FLOW: +3.8% in 1h, vol $188k, activity 2.6x
  [01:00:00] Can't afford minimum for TAO
  [01:00:00] Can't afford minimum for FLOW
  Positions (1/3):
    SHAPE: entry $0.0012 → $0.0011 (-6.5%)

[01:05:00] Scan #335
  637 USD pairs found
  637 tickers fetched
  F&G: 28 (Fear) | Market 24h: -2.1% | BTC dom: 58.2% [cache]
  2 signals found:
    TAO: +3.2% in 1h, vol $6421k, activity 4.4x
    FLOW: +3.4% in 1h, vol $188k, activity 2.5x
  [01:05:10] Can't afford minimum for TAO
  [01:05:10] Can't afford minimum for FLOW
  Positions (1/3):
    SHAPE: entry $0.0012 → $0.0011 (-6.5%)

[01:10:11] Scan #336
  637 USD pairs found
  637 tickers fetched
  F&G: 28 (Fear) | Market 24h: -2.1% | BTC dom: 58.2% [cache]
  1 signals found:
    FLOW: +3.4% in 1h, vol $189k, activity 2.4x
  [01:10:20] Can't afford minimum for FLOW
  Positions (1/3):
    SHAPE: entry $0.0012 → $0.0011 (-6.5%)

[01:15:20] Scan #337
  637 USD pairs found
  637 tickers fetched
  F&G: 28 (Fear) | Market 24h: -2.2% | BTC dom: 58.2% [cache]
  No signals (637 pairs ready)
  Positions (1/3):
    SHAPE: entry $0.0012 → $0.0012 (-3.3%)

[01:20:29] Scan #338
  637 USD pairs found
  637 tickers fetched
  F&G: 28 (Fear) | Market 24h: -2.0% | BTC dom: 58.2% [cache]
  No signals (637 pairs ready)
  Positions (1/3):
    SHAPE: entry $0.0012 → $0.0012 (-3.3%)

[01:25:39] Scan #339
  637 USD pairs found
  637 tickers fetched
  F&G: 28 (Fear) | Market 24h: -2.0% | BTC dom: 58.2% [cache]
  No signals (637 pairs ready)
  Positions (1/3):
    SHAPE: entry $0.0012 → $0.0012 (-4.9%)

[01:30:48] Scan #340
  637 USD pairs found
  637 tickers fetched
  F&G: 28 (Fear) | Market 24h: -2.0% | BTC dom: 58.2% [cache]
  No signals (637 pairs ready)
  Positions (1/3):
    SHAPE: entry $0.0012 → $0.0012 (-4.9%)

[01:35:58] Scan #341
  637 USD pairs found
  637 tickers fetched
  F&G: 28 (Fear) | Market 24h: -2.0% | BTC dom: 58.2% [cache]
  No signals (637 pairs ready)
  Positions (1/3):
    SHAPE: entry $0.0012 → $0.0012 (-4.9%)

[01:41:07] Scan #342
  637 USD pairs found
  637 tickers fetched
  F&G: 28 (Fear) | Market 24h: -2.2% | BTC dom: 58.2% [cache]
  No signals (637 pairs ready)
  Positions (1/3):
    SHAPE: entry $0.0012 → $0.0012 (-5.7%)

[01:46:16] Scan #343
  637 USD pairs found
  637 tickers fetched
  F&G: 28 (Fear) | Market 24h: -2.2% | BTC dom: 58.2% [cache]
  No signals (637 pairs ready)
  Positions (1/3):
    SHAPE: entry $0.0012 → $0.0012 (-5.7%)

[01:51:26] Scan #344
  637 USD pairs found
  637 tickers fetched
  F&G: 28 (Fear) | Market 24h: -2.1% | BTC dom: 58.2% [cache]
  No signals (637 pairs ready)
  Positions (1/3):
    SHAPE: entry $0.0012 → $0.0012 (-2.4%)

[01:56:35] Scan #345
  637 USD pairs found
  637 tickers fetched
  F&G: 28 (Fear) | Market 24h: -2.0% | BTC dom: 58.2% [cache]
  2 signals found:
    TAO: +3.3% in 1h, vol $6640k, activity 3.1x
    FLOW: +3.8% in 1h, vol $191k, activity 1.7x
  [01:56:45] Can't afford minimum for TAO
  [01:56:45] Can't afford minimum for FLOW
  Positions (1/3):
    SHAPE: entry $0.0012 → $0.0012 (-3.3%)

[02:01:45] Scan #346
  637 USD pairs found
  637 tickers fetched
  F&G: 28 (Fear) | Market 24h: -2.0% | BTC dom: 58.2% [cache]
  2 signals found:
    TAO: +4.2% in 1h, vol $6672k, activity 3.0x
    FLOW: +4.9% in 1h, vol $192k, activity 1.6x
  [02:01:54] Can't afford minimum for TAO
  [02:01:54] Can't afford minimum for FLOW
  Positions (1/3):
    SHAPE: entry $0.0012 → $0.0012 (-5.7%)

[02:06:54] Scan #347
  637 USD pairs found
  637 tickers fetched
  F&G: 28 (Fear) | Market 24h: -1.9% | BTC dom: 58.2% [cache]
  2 signals found:
    TAO: +4.8% in 1h, vol $6710k, activity 3.0x
    FLOW: +3.8% in 1h, vol $191k, activity 1.5x
  [02:07:03] Can't afford minimum for TAO
  [02:07:03] Can't afford minimum for FLOW
  Positions (1/3):
    SHAPE: entry $0.0012 → $0.0012 (-5.7%)

[02:12:03] Scan #348
  637 USD pairs found
  637 tickers fetched
  F&G: 28 (Fear) | Market 24h: -2.0% | BTC dom: 58.2% [cache]
  2 signals found:
    TAO: +4.0% in 1h, vol $6585k, activity 2.9x
    USELESS: +3.2% in 1h, vol $215k, activity 2.1x
  [02:12:13] Can't afford minimum for TAO
  [02:12:13] Can't afford minimum for USELESS
  Positions (1/3):
    SHAPE: entry $0.0012 → $0.0012 (-5.7%)

[02:17:13] Scan #349
  637 USD pairs found
  637 tickers fetched
  F&G: 28 (Fear) | Market 24h: -1.9% | BTC dom: 58.2% [cache]
  1 signals found:
    FLOW: +3.1% in 1h, vol $195k, activity 1.6x
  [02:17:24] Can't afford minimum for FLOW
  Positions (1/3):
    SHAPE: entry $0.0012 → $0.0011 (-6.5%)

[02:22:24] Scan #350
  637 USD pairs found
  637 tickers fetched
  F&G: 28 (Fear) | Market 24h: -2.0% | BTC dom: 58.2% [cache]
  2 signals found:
    TAO: +3.4% in 1h, vol $6584k, activity 2.8x
    FLOW: +3.1% in 1h, vol $195k, activity 1.5x
  [02:22:34] Can't afford minimum for TAO
  [02:22:34] Can't afford minimum for FLOW
  Positions (1/3):
    SHAPE: entry $0.0012 → $0.0011 (-6.5%)

[02:27:34] Scan #351
  637 USD pairs found
  637 tickers fetched
  [02:27:43] SL fired: SHAPE (SHAPEUSD) ~-8.0%
  F&G: 28 (Fear) | Market 24h: -2.0% | BTC dom: 58.2% [cache]
  2 signals found:
    TAO: +4.4% in 1h, vol $6643k, activity 2.7x
    USELESS: +3.5% in 1h, vol $215k, activity 1.9x
  [02:27:44] Can't afford minimum for TAO
  [02:27:44] Can't afford minimum for USELESS

[02:32:44] Scan #352
  637 USD pairs found
  637 tickers fetched
  F&G: 28 (Fear) | Market 24h: -1.7% | BTC dom: 58.2% [cache]
  1 signals found:
    TAO: +3.3% in 1h, vol $6710k, activity 2.7x
  [02:32:53] Can't afford minimum for TAO

[02:37:53] Scan #353
  637 USD pairs found
  637 tickers fetched
  F&G: 28 (Fear) | Market 24h: -1.7% | BTC dom: 58.2% [cache]
  1 signals found:
    IMX: +3.5% in 1h, vol $102k, activity 6.8x
  [02:38:02] Can't afford minimum for IMX

[02:43:02] Scan #354
  637 USD pairs found
  637 tickers fetched
  F&G: 28 (Fear) | Market 24h: -1.8% | BTC dom: 58.2% [cache]
  No signals (637 pairs ready)

[02:48:11] Scan #355
  637 USD pairs found
  637 tickers fetched
  F&G: 28 (Fear) | Market 24h: -1.9% | BTC dom: 58.2% [cache]
  No signals (637 pairs ready)

[02:53:20] Scan #356
  637 USD pairs found
  637 tickers fetched
  F&G: 28 (Fear) | Market 24h: -1.8% | BTC dom: 58.2% [cache]
  No signals (637 pairs ready)

[02:58:29] Scan #357
  637 USD pairs found
  637 tickers fetched
  F&G: 28 (Fear) | Market 24h: -1.8% | BTC dom: 58.2% [cache]
  No signals (637 pairs ready)

[03:03:38] Scan #358
  637 USD pairs found
  637 tickers fetched
  F&G: 28 (Fear) | Market 24h: -1.8% | BTC dom: 58.2% [cache]
  No signals (637 pairs ready)

[03:08:47] Scan #359
  637 USD pairs found
  637 tickers fetched
  F&G: 28 (Fear) | Market 24h: -1.9% | BTC dom: 58.2% [cache]
  No signals (637 pairs ready)

[03:13:56] Scan #360
  637 USD pairs found
  637 tickers fetched
  F&G: 28 (Fear) | Market 24h: -1.8% | BTC dom: 58.2% [cache]
  No signals (637 pairs ready)

[03:19:05] Scan #361
  637 USD pairs found
  637 tickers fetched
  F&G: 28 (Fear) | Market 24h: -1.7% | BTC dom: 58.2% [cache]
  No signals (637 pairs ready)

[03:24:14] Scan #362
  637 USD pairs found
  637 tickers fetched
  F&G: 29 (Fear) | Market 24h: -1.7% | BTC dom: 58.2% [cache]
  No signals (637 pairs ready)

[03:29:24] Scan #363
  637 USD pairs found
  637 tickers fetched
  F&G: 29 (Fear) | Market 24h: -1.6% | BTC dom: 58.2% [cache]
  2 signals found:
    FARTCOIN: +3.7% in 1h, vol $1784k, activity 1.8x
    VVV: +3.0% in 1h, vol $365k, activity 1.6x
  [03:29:33] Can't afford minimum for FARTCOIN
  [03:29:33] Can't afford minimum for VVV

[03:34:33] Scan #364
  637 USD pairs found
  637 tickers fetched
  F&G: 29 (Fear) | Market 24h: -1.5% | BTC dom: 58.2% [cache]
  1 signals found:
    FARTCOIN: +3.2% in 1h, vol $1773k, activity 1.8x
  [03:34:42] Can't afford minimum for FARTCOIN

[03:39:43] Scan #365
  637 USD pairs found
  637 tickers fetched
  F&G: 29 (Fear) | Market 24h: -1.4% | BTC dom: 58.2% [cache]
  2 signals found:
    FARTCOIN: +3.7% in 1h, vol $1782k, activity 1.7x
    VVV: +3.3% in 1h, vol $366k, activity 1.5x
  [03:39:52] Can't afford minimum for FARTCOIN
  [03:39:52] Can't afford minimum for VVV

[03:44:52] Scan #366
  637 USD pairs found
  637 tickers fetched
  F&G: 29 (Fear) | Market 24h: -1.5% | BTC dom: 58.2% [cache]
  2 signals found:
    FARTCOIN: +3.0% in 1h, vol $1775k, activity 1.7x
    VVV: +3.0% in 1h, vol $365k, activity 1.5x
  [03:45:01] Can't afford minimum for FARTCOIN
  [03:45:01] Can't afford minimum for VVV

[03:50:01] Scan #367
  637 USD pairs found
  637 tickers fetched
  F&G: 29 (Fear) | Market 24h: -1.6% | BTC dom: 58.2% [cache]
  No signals (637 pairs ready)

[03:55:10] Scan #368
  637 USD pairs found
  637 tickers fetched
  F&G: 29 (Fear) | Market 24h: -1.6% | BTC dom: 58.2% [cache]
  No signals (637 pairs ready)

[04:00:20] Scan #369
  637 USD pairs found
  637 tickers fetched
  F&G: 29 (Fear) | Market 24h: -1.6% | BTC dom: 58.2% [cache]
  No signals (637 pairs ready)

[04:05:29] Scan #370
  637 USD pairs found
  637 tickers fetched
  F&G: 29 (Fear) | Market 24h: -1.6% | BTC dom: 58.2% [cache]
  1 signals found:
    FARTCOIN: +3.3% in 1h, vol $1794k, activity 1.6x
  [04:05:38] Can't afford minimum for FARTCOIN

[04:10:38] Scan #371
  637 USD pairs found
  637 tickers fetched
  F&G: 29 (Fear) | Market 24h: -1.6% | BTC dom: 58.2% [cache]
  2 signals found:
    IMX: +3.4% in 1h, vol $104k, activity 4.4x
    FARTCOIN: +3.4% in 1h, vol $1800k, activity 1.6x
  [04:10:47] Can't afford minimum for IMX
  [04:10:47] Can't afford minimum for FARTCOIN

[04:15:47] Scan #372
  637 USD pairs found
  637 tickers fetched
  F&G: 29 (Fear) | Market 24h: -1.6% | BTC dom: 58.2% [cache]
  2 signals found:
    IMX: +3.1% in 1h, vol $105k, activity 4.3x
    FARTCOIN: +3.3% in 1h, vol $1804k, activity 1.6x
  [04:15:56] Can't afford minimum for IMX
  [04:15:56] Can't afford minimum for FARTCOIN

[04:20:56] Scan #373
  637 USD pairs found
  637 tickers fetched
  F&G: 29 (Fear) | Market 24h: -1.5% | BTC dom: 58.2% [cache]
  1 signals found:
    FARTCOIN: +3.9% in 1h, vol $1796k, activity 1.5x
  [04:21:05] Can't afford minimum for FARTCOIN

[04:26:05] Scan #374
  637 USD pairs found
  637 tickers fetched
  F&G: 29 (Fear) | Market 24h: -1.8% | BTC dom: 58.2% [cache]
  1 signals found:
    FARTCOIN: +3.2% in 1h, vol $1793k, activity 1.5x
  [04:26:14] Can't afford minimum for FARTCOIN

[04:31:14] Scan #375
  637 USD pairs found
  637 tickers fetched
  F&G: 29 (Fear) | Market 24h: -1.8% | BTC dom: 58.2% [cache]
  No signals (637 pairs ready)

[04:36:23] Scan #376
  637 USD pairs found
  637 tickers fetched
  F&G: 29 (Fear) | Market 24h: -1.6% | BTC dom: 58.2% [cache]
  No signals (637 pairs ready)

[04:41:31] Scan #377
  637 USD pairs found
  637 tickers fetched
  F&G: 29 (Fear) | Market 24h: -1.5% | BTC dom: 58.2% [cache]
  No signals (637 pairs ready)

[04:46:40] Scan #378
  637 USD pairs found
  637 tickers fetched
  F&G: 29 (Fear) | Market 24h: -1.6% | BTC dom: 58.2% [cache]
  No signals (637 pairs ready)

[04:51:49] Scan #379
  637 USD pairs found
  637 tickers fetched
  F&G: 29 (Fear) | Market 24h: -1.6% | BTC dom: 58.2% [cache]
  No signals (637 pairs ready)

[04:56:58] Scan #380
  637 USD pairs found
  637 tickers fetched
  F&G: 29 (Fear) | Market 24h: -1.6% | BTC dom: 58.2% [cache]
  No signals (637 pairs ready)

[05:02:07] Scan #381
  637 USD pairs found
  637 tickers fetched
  F&G: 29 (Fear) | Market 24h: -1.6% | BTC dom: 58.2% [cache]
  No signals (637 pairs ready)

[05:07:15] Scan #382
  637 USD pairs found
  637 tickers fetched
  F&G: 29 (Fear) | Market 24h: -1.7% | BTC dom: 58.2% [cache]
  No signals (637 pairs ready)

[05:12:24] Scan #383
  637 USD pairs found
  637 tickers fetched
  F&G: 29 (Fear) | Market 24h: -1.7% | BTC dom: 58.2% [cache]
  1 signals found:
    IMX: +4.2% in 1h, vol $111k, activity 3.6x
  [05:12:33] Can't afford minimum for IMX

[05:17:33] Scan #384
  637 USD pairs found
  637 tickers fetched
  F&G: 29 (Fear) | Market 24h: -1.6% | BTC dom: 58.2% [cache]
  1 signals found:
    IMX: +4.2% in 1h, vol $111k, activity 3.5x
  [05:17:42] Can't afford minimum for IMX

[05:22:42] Scan #385
  637 USD pairs found
  637 tickers fetched
  F&G: 29 (Fear) | Market 24h: -1.8% | BTC dom: 58.2% [cache]
  1 signals found:
    IMX: +3.9% in 1h, vol $111k, activity 3.5x
  [05:22:50] Can't afford minimum for IMX

[05:27:50] Scan #386
  637 USD pairs found
  637 tickers fetched
  F&G: 29 (Fear) | Market 24h: -1.8% | BTC dom: 58.2% [cache]
  1 signals found:
    IMX: +3.9% in 1h, vol $111k, activity 3.4x
  [05:27:59] Can't afford minimum for IMX

[05:32:59] Scan #387
  637 USD pairs found
  637 tickers fetched
  F&G: 29 (Fear) | Market 24h: -1.8% | BTC dom: 58.2% [cache]
  1 signals found:
    IMX: +4.0% in 1h, vol $111k, activity 3.4x
  [05:33:08] Can't afford minimum for IMX

[05:38:08] Scan #388
  637 USD pairs found
  637 tickers fetched
  F&G: 29 (Fear) | Market 24h: -1.8% | BTC dom: 58.2% [cache]
  1 signals found:
    IMX: +3.3% in 1h, vol $111k, activity 3.3x
  [05:38:17] Can't afford minimum for IMX

[05:43:17] Scan #389
  637 USD pairs found
  637 tickers fetched
  F&G: 29 (Fear) | Market 24h: -1.9% | BTC dom: 58.2% [cache]
  1 signals found:
    IMX: +3.3% in 1h, vol $112k, activity 3.3x
  [05:43:26] Can't afford minimum for IMX

[05:48:26] Scan #390
  637 USD pairs found
  637 tickers fetched
  F&G: 29 (Fear) | Market 24h: -1.8% | BTC dom: 58.2% [cache]
  No signals (637 pairs ready)

[05:53:35] Scan #391
  637 USD pairs found
  637 tickers fetched
  F&G: 29 (Fear) | Market 24h: -1.8% | BTC dom: 58.2% [cache]
  1 signals found:
    IMX: +3.0% in 1h, vol $112k, activity 3.2x
  [05:53:43] Can't afford minimum for IMX

[05:58:43] Scan #392
  637 USD pairs found
  637 tickers fetched
  F&G: 28 (Fear) | Market 24h: -1.8% | BTC dom: 58.2% [cache]
  1 signals found:
    BOB: +3.0% in 1h, vol $148k, activity 1.5x
  [05:58:52] Can't afford minimum for BOB

[06:03:52] Scan #393
  637 USD pairs found
  637 tickers fetched
  F&G: 28 (Fear) | Market 24h: -1.9% | BTC dom: 58.2% [cache]
  No signals (637 pairs ready)

[06:09:01] Scan #394
  637 USD pairs found
  637 tickers fetched
  F&G: 28 (Fear) | Market 24h: -1.9% | BTC dom: 58.2% [cache]
  No signals (637 pairs ready)

[06:14:10] Scan #395
  637 USD pairs found
  637 tickers fetched
  F&G: 28 (Fear) | Market 24h: -1.9% | BTC dom: 58.2% [cache]
  1 signals found:
    KAT: +7.2% in 1h, vol $185k, activity 1.5x
  [06:14:19] BUY 200.0 KAT @ ~$0.0111 (~$2.21)
  ✅ Order placed: {'txid': ['ODAGJL-WPP4G-YMMQLM'], 'descr': {'order': 'buy 200.00 KATUSD @ market'}}
  [06:14:19] Bought: ['ODAGJL-WPP4G-YMMQLM']
  ✅ Order placed: {'txid': ['ODWDZ2-7CF7X-BQLAOA'], 'descr': {'order': 'sell 200.00 KATUSD @ stop loss 0.01018'}}
  [06:14:21] SL placed @ $0.01018 | TP target $0.0122 (bot loop)
  Positions (1/3):
    KAT: entry $0.0111 → $0.0111 (+0.0%)

[06:19:22] Scan #396
  637 USD pairs found
  637 tickers fetched
  F&G: 28 (Fear) | Market 24h: -1.9% | BTC dom: 58.2% [cache]
  No signals (637 pairs ready)
  Positions (1/3):
    KAT: entry $0.0111 → $0.0112 (+1.3%)

[06:24:31] Scan #397
  637 USD pairs found
  637 tickers fetched
  F&G: 28 (Fear) | Market 24h: -1.9% | BTC dom: 58.2% [cache]
  No signals (637 pairs ready)
  Positions (1/3):
    KAT: entry $0.0111 → $0.0111 (+0.3%)

[06:29:40] Scan #398
  637 USD pairs found
  637 tickers fetched
  F&G: 28 (Fear) | Market 24h: -2.0% | BTC dom: 58.2% [cache]
  No signals (637 pairs ready)
  Positions (1/3):
    KAT: entry $0.0111 → $0.0112 (+0.9%)

[06:34:49] Scan #399
  637 USD pairs found
  637 tickers fetched
  F&G: 28 (Fear) | Market 24h: -1.9% | BTC dom: 58.2% [cache]
  No signals (637 pairs ready)
  Positions (1/3):
    KAT: entry $0.0111 → $0.0112 (+1.3%)

[06:39:58] Scan #400
  637 USD pairs found
  637 tickers fetched
  F&G: 28 (Fear) | Market 24h: -1.9% | BTC dom: 58.2% [cache]
  No signals (637 pairs ready)
  Positions (1/3):
    KAT: entry $0.0111 → $0.0112 (+1.6%)

[06:45:08] Scan #401
  637 USD pairs found
  637 tickers fetched
  F&G: 28 (Fear) | Market 24h: -1.9% | BTC dom: 58.2% [cache]
  No signals (637 pairs ready)
  Positions (1/3):
    KAT: entry $0.0111 → $0.0114 (+2.6%)

[06:50:17] Scan #402
  637 USD pairs found
  637 tickers fetched
  F&G: 28 (Fear) | Market 24h: -1.9% | BTC dom: 58.2% [cache]
  No signals (637 pairs ready)
  Positions (1/3):
    KAT: entry $0.0111 → $0.0112 (+1.1%)

[06:55:26] Scan #403
  637 USD pairs found
  637 tickers fetched
  F&G: 28 (Fear) | Market 24h: -1.9% | BTC dom: 58.2% [cache]
  No signals (637 pairs ready)
  Positions (1/3):
    KAT: entry $0.0111 → $0.0109 (-1.3%)

[07:00:35] Scan #404
  637 USD pairs found
  637 tickers fetched
  F&G: 28 (Fear) | Market 24h: -1.9% | BTC dom: 58.2% [cache]
  No signals (637 pairs ready)
  Positions (1/3):
    KAT: entry $0.0111 → $0.0110 (-0.8%)

[07:05:44] Scan #405
  637 USD pairs found
  637 tickers fetched
  F&G: 28 (Fear) | Market 24h: -1.9% | BTC dom: 58.2% [cache]
  No signals (637 pairs ready)
  Positions (1/3):
    KAT: entry $0.0111 → $0.0109 (-1.1%)

[07:10:53] Scan #406
  637 USD pairs found
  637 tickers fetched
  F&G: 28 (Fear) | Market 24h: -1.8% | BTC dom: 58.2% [cache]
  No signals (637 pairs ready)
  Positions (1/3):
    KAT: entry $0.0111 → $0.0110 (-1.0%)

[07:16:02] Scan #407
  637 USD pairs found
  637 tickers fetched
  F&G: 28 (Fear) | Market 24h: -1.9% | BTC dom: 58.1% [cache]
  No signals (637 pairs ready)
  Positions (1/3):
    KAT: entry $0.0111 → $0.0110 (-0.5%)

[07:21:11] Scan #408
  637 USD pairs found
  637 tickers fetched
  F&G: 28 (Fear) | Market 24h: -1.9% | BTC dom: 58.1% [cache]
  No signals (637 pairs ready)
  Positions (1/3):
    KAT: entry $0.0111 → $0.0110 (-0.5%)

[07:26:20] Scan #409
  637 USD pairs found
  637 tickers fetched
  F&G: 28 (Fear) | Market 24h: -2.0% | BTC dom: 58.1% [cache]
  No signals (637 pairs ready)
  Positions (1/3):
    KAT: entry $0.0111 → $0.0111 (+0.6%)

[07:31:29] Scan #410
  637 USD pairs found
  637 tickers fetched
  F&G: 28 (Fear) | Market 24h: -2.0% | BTC dom: 58.1% [cache]
  No signals (637 pairs ready)
  Positions (1/3):
    KAT: entry $0.0111 → $0.0110 (-0.7%)

[07:36:38] Scan #411
  637 USD pairs found
  637 tickers fetched
  F&G: 28 (Fear) | Market 24h: -2.0% | BTC dom: 58.2% [cache]
  No signals (637 pairs ready)
  Positions (1/3):
    KAT: entry $0.0111 → $0.0109 (-1.1%)

[07:41:48] Scan #412
  637 USD pairs found
  637 tickers fetched
  F&G: 28 (Fear) | Market 24h: -2.0% | BTC dom: 58.2% [cache]
  No signals (637 pairs ready)
  Positions (1/3):
    KAT: entry $0.0111 → $0.0109 (-1.6%)

[07:46:57] Scan #413
  637 USD pairs found
  637 tickers fetched
  F&G: 28 (Fear) | Market 24h: -2.1% | BTC dom: 58.1% [cache]
  No signals (637 pairs ready)
  Positions (1/3):
    KAT: entry $0.0111 → $0.0110 (-0.8%)

[07:52:06] Scan #414
  637 USD pairs found
  637 tickers fetched
  F&G: 28 (Fear) | Market 24h: -2.1% | BTC dom: 58.1% [cache]
  No signals (637 pairs ready)
  Positions (1/3):
    KAT: entry $0.0111 → $0.0109 (-1.7%)

[07:57:15] Scan #415
  637 USD pairs found
  637 tickers fetched
  F&G: 28 (Fear) | Market 24h: -2.0% | BTC dom: 58.2% [cache]
  No signals (637 pairs ready)
  Positions (1/3):
    KAT: entry $0.0111 → $0.0109 (-1.9%)

[08:02:24] Scan #416
  637 USD pairs found
  637 tickers fetched
  F&G: 28 (Fear) | Market 24h: -2.0% | BTC dom: 58.1% [cache]
  No signals (637 pairs ready)
  Positions (1/3):
    KAT: entry $0.0111 → $0.0109 (-2.0%)

[08:07:33] Scan #417
  637 USD pairs found
  637 tickers fetched
  F&G: 28 (Fear) | Market 24h: -2.2% | BTC dom: 58.1% [cache]
  No signals (637 pairs ready)
  Positions (1/3):
    KAT: entry $0.0111 → $0.0109 (-1.4%)

[08:12:42] Scan #418
  637 USD pairs found
  637 tickers fetched
  F&G: 27 (Fear) | Market 24h: -2.2% | BTC dom: 58.2% [cache]
  No signals (637 pairs ready)
  Positions (1/3):
    KAT: entry $0.0111 → $0.0110 (-0.7%)

[08:17:51] Scan #419
  637 USD pairs found
  637 tickers fetched
  F&G: 27 (Fear) | Market 24h: -2.2% | BTC dom: 58.2% [cache]
  No signals (637 pairs ready)
  Positions (1/3):
    KAT: entry $0.0111 → $0.0111 (+0.1%)

[08:23:00] Scan #420
  637 USD pairs found
  637 tickers fetched
  F&G: 27 (Fear) | Market 24h: -2.2% | BTC dom: 58.2% [cache]
  No signals (637 pairs ready)
  Positions (1/3):
    KAT: entry $0.0111 → $0.0111 (-0.2%)

[08:28:09] Scan #421
  637 USD pairs found
  637 tickers fetched
  F&G: 27 (Fear) | Market 24h: -2.2% | BTC dom: 58.2% [cache]
  No signals (637 pairs ready)
  Positions (1/3):
    KAT: entry $0.0111 → $0.0111 (-0.2%)

[08:33:18] Scan #422
  637 USD pairs found
  637 tickers fetched
  F&G: 27 (Fear) | Market 24h: -2.2% | BTC dom: 58.2% [cache]
  No signals (637 pairs ready)
  Positions (1/3):
    KAT: entry $0.0111 → $0.0112 (+1.4%)

[08:38:27] Scan #423
  637 USD pairs found
  637 tickers fetched
  F&G: 27 (Fear) | Market 24h: -2.3% | BTC dom: 58.2% [cache]
  No signals (637 pairs ready)
  Positions (1/3):
    KAT: entry $0.0111 → $0.0113 (+2.4%)

[08:43:37] Scan #424
  637 USD pairs found
  637 tickers fetched
  F&G: 27 (Fear) | Market 24h: -2.4% | BTC dom: 58.2% [cache]
  No signals (637 pairs ready)
  Positions (1/3):
    KAT: entry $0.0111 → $0.0113 (+2.2%)

[08:48:46] Scan #425
  637 USD pairs found
  637 tickers fetched
  F&G: 27 (Fear) | Market 24h: -2.3% | BTC dom: 58.2% [cache]
  No signals (637 pairs ready)
  Positions (1/3):
    KAT: entry $0.0111 → $0.0112 (+1.6%)

[08:53:55] Scan #426
  637 USD pairs found
  637 tickers fetched
  F&G: 27 (Fear) | Market 24h: -2.3% | BTC dom: 58.2% [cache]
  No signals (637 pairs ready)
  Positions (1/3):
    KAT: entry $0.0111 → $0.0115 (+4.0%)

[08:59:04] Scan #427
  637 USD pairs found
  637 tickers fetched
  F&G: 27 (Fear) | Market 24h: -2.3% | BTC dom: 58.2% [cache]
  No signals (637 pairs ready)
  Positions (1/3):
    KAT: entry $0.0111 → $0.0115 (+3.8%)

[09:04:13] Scan #428
  637 USD pairs found
  637 tickers fetched
  F&G: 27 (Fear) | Market 24h: -2.3% | BTC dom: 58.2% [cache]
  No signals (637 pairs ready)
  Positions (1/3):
    KAT: entry $0.0111 → $0.0115 (+4.3%)

[09:09:22] Scan #429
  637 USD pairs found
  637 tickers fetched
  F&G: 27 (Fear) | Market 24h: -2.3% | BTC dom: 58.2% [cache]
  No signals (637 pairs ready)
  Positions (1/3):
    KAT: entry $0.0111 → $0.0119 (+7.3%)

[09:14:31] Scan #430
  637 USD pairs found
  637 tickers fetched
  F&G: 27 (Fear) | Market 24h: -2.4% | BTC dom: 58.2% [cache]
  No signals (637 pairs ready)
  Positions (1/3):
    KAT: entry $0.0111 → $0.0117 (+5.5%)

[09:19:40] Scan #431
  637 USD pairs found
  637 tickers fetched
  F&G: 27 (Fear) | Market 24h: -2.4% | BTC dom: 58.2% [cache]
  No signals (637 pairs ready)
  Positions (1/3):
    KAT: entry $0.0111 → $0.0118 (+7.0%)

[09:24:49] Scan #432
  637 USD pairs found
  637 tickers fetched
  F&G: 27 (Fear) | Market 24h: -2.4% | BTC dom: 58.2% [cache]
  No signals (637 pairs ready)
  Positions (1/3):
    KAT: entry $0.0111 → $0.0120 (+8.5%)

[09:29:59] Scan #433
  637 USD pairs found
  637 tickers fetched
  F&G: 27 (Fear) | Market 24h: -2.4% | BTC dom: 58.2% [cache]
  No signals (637 pairs ready)
  Positions (1/3):
    KAT: entry $0.0111 → $0.0120 (+8.3%)

[09:35:08] Scan #434
  637 USD pairs found
  637 tickers fetched
  F&G: 27 (Fear) | Market 24h: -2.5% | BTC dom: 58.2% [cache]
  No signals (637 pairs ready)
  Positions (1/3):
    KAT: entry $0.0111 → $0.0118 (+6.7%)

[09:40:17] Scan #435
  637 USD pairs found
  637 tickers fetched
  F&G: 27 (Fear) | Market 24h: -2.5% | BTC dom: 58.2% [cache]
  No signals (637 pairs ready)
  Positions (1/3):
    KAT: entry $0.0111 → $0.0119 (+7.7%)

[09:45:26] Scan #436
  637 USD pairs found
  637 tickers fetched
  F&G: 27 (Fear) | Market 24h: -2.3% | BTC dom: 58.2% [cache]
  No signals (637 pairs ready)
  Positions (1/3):
    KAT: entry $0.0111 → $0.0119 (+7.3%)

[09:50:35] Scan #437
  637 USD pairs found
  637 tickers fetched
  F&G: 27 (Fear) | Market 24h: -2.4% | BTC dom: 58.2% [cache]
  No signals (637 pairs ready)
  Positions (1/3):
    KAT: entry $0.0111 → $0.0120 (+7.9%)

[09:55:44] Scan #438
  637 USD pairs found
  637 tickers fetched
  F&G: 27 (Fear) | Market 24h: -2.4% | BTC dom: 58.2% [cache]
  No signals (637 pairs ready)
  Positions (1/3):
    KAT: entry $0.0111 → $0.0118 (+6.4%)

[10:00:54] Scan #439
  637 USD pairs found
  637 tickers fetched
  F&G: 27 (Fear) | Market 24h: -2.3% | BTC dom: 58.2% [cache]
  No signals (637 pairs ready)
  Positions (1/3):
    KAT: entry $0.0111 → $0.0118 (+7.0%)

[10:06:03] Scan #440
  637 USD pairs found
  637 tickers fetched
  F&G: 27 (Fear) | Market 24h: -2.3% | BTC dom: 58.2% [cache]
  No signals (637 pairs ready)
  Positions (1/3):
    KAT: entry $0.0111 → $0.0119 (+7.8%)

[10:11:12] Scan #441
  637 USD pairs found
  637 tickers fetched
  F&G: 27 (Fear) | Market 24h: -2.4% | BTC dom: 58.2% [cache]
  No signals (637 pairs ready)
  Positions (1/3):
    KAT: entry $0.0111 → $0.0119 (+7.9%)

[10:16:21] Scan #442
  637 USD pairs found
  637 tickers fetched
  F&G: 27 (Fear) | Market 24h: -2.3% | BTC dom: 58.2% [cache]
  No signals (637 pairs ready)
  Positions (1/3):
    KAT: entry $0.0111 → $0.0119 (+7.8%)

[10:21:30] Scan #443
  637 USD pairs found
  637 tickers fetched
  F&G: 27 (Fear) | Market 24h: -2.3% | BTC dom: 58.2% [cache]
  No signals (637 pairs ready)
  Positions (1/3):
    KAT: entry $0.0111 → $0.0120 (+8.6%)

[10:26:39] Scan #444
  637 USD pairs found
  637 tickers fetched
  [10:26:48] TP reached: KAT +10.1% — selling @ $0.0122
  ✅ Cancelled: ODWDZ2-7CF7X-BQLAOA
  ✅ Order placed: {'txid': ['OKFYYP-MHAGY-SJPW3C'], 'descr': {'order': 'sell 200.00 KATUSD @ market'}}
  F&G: 27 (Fear) | Market 24h: -2.3% | BTC dom: 58.2% [cache]
  No signals (637 pairs ready)

[10:31:49] Scan #445
  637 USD pairs found
  637 tickers fetched
  F&G: 27 (Fear) | Market 24h: -2.3% | BTC dom: 58.2% [cache]
  No signals (637 pairs ready)

[10:36:58] Scan #446
  637 USD pairs found
  637 tickers fetched
  F&G: 27 (Fear) | Market 24h: -2.3% | BTC dom: 58.2% [cache]
  No signals (637 pairs ready)

[10:42:07] Scan #447
  637 USD pairs found
  637 tickers fetched
  F&G: 27 (Fear) | Market 24h: -2.4% | BTC dom: 58.2% [cache]
  No signals (637 pairs ready)

[10:47:16] Scan #448
  637 USD pairs found
  637 tickers fetched
  F&G: 27 (Fear) | Market 24h: -2.5% | BTC dom: 58.2% [cache]
  No signals (637 pairs ready)

[10:52:25] Scan #449
  637 USD pairs found
  637 tickers fetched
  F&G: 27 (Fear) | Market 24h: -2.4% | BTC dom: 58.2% [cache]
  No signals (637 pairs ready)

[10:57:33] Scan #450
  637 USD pairs found
  637 tickers fetched
  F&G: 27 (Fear) | Market 24h: -2.5% | BTC dom: 58.2% [cache]
  No signals (637 pairs ready)

[11:02:42] Scan #451
  637 USD pairs found
  637 tickers fetched
  F&G: 27 (Fear) | Market 24h: -2.5% | BTC dom: 58.2% [cache]
  No signals (637 pairs ready)

[11:07:51] Scan #452
  637 USD pairs found
  637 tickers fetched
  F&G: 27 (Fear) | Market 24h: -2.5% | BTC dom: 58.2% [cache]
  No signals (637 pairs ready)

[11:13:00] Scan #453
  637 USD pairs found
  637 tickers fetched
  F&G: 27 (Fear) | Market 24h: -2.5% | BTC dom: 58.2% [cache]
  No signals (637 pairs ready)

[11:18:08] Scan #454
  637 USD pairs found
  637 tickers fetched
  F&G: 27 (Fear) | Market 24h: -2.4% | BTC dom: 58.2% [cache]
  No signals (637 pairs ready)

[11:23:17] Scan #455
  637 USD pairs found
  637 tickers fetched
  F&G: 27 (Fear) | Market 24h: -2.5% | BTC dom: 58.2% [cache]
  No signals (637 pairs ready)

[11:28:26] Scan #456
  637 USD pairs found
  637 tickers fetched
  F&G: 27 (Fear) | Market 24h: -2.5% | BTC dom: 58.2% [cache]
  No signals (637 pairs ready)

[11:33:35] Scan #457
  637 USD pairs found
  637 tickers fetched
  F&G: 27 (Fear) | Market 24h: -2.7% | BTC dom: 58.1% [cache]
  No signals (637 pairs ready)

[11:38:44] Scan #458
  637 USD pairs found
  637 tickers fetched
  F&G: 27 (Fear) | Market 24h: -2.6% | BTC dom: 58.1% [cache]
  No signals (637 pairs ready)

[11:43:52] Scan #459
  637 USD pairs found
  637 tickers fetched
  F&G: 26 (Fear) | Market 24h: -2.6% | BTC dom: 58.1% [cache]
  No signals (637 pairs ready)

[11:49:01] Scan #460
  637 USD pairs found
  637 tickers fetched
  F&G: 26 (Fear) | Market 24h: -2.8% | BTC dom: 58.1% [cache]
  No signals (637 pairs ready)

[11:54:10] Scan #461
  637 USD pairs found
  637 tickers fetched
  F&G: 26 (Fear) | Market 24h: -2.9% | BTC dom: 58.1% [cache]
  No signals (637 pairs ready)

[11:59:19] Scan #462
  637 USD pairs found
  637 tickers fetched
  F&G: 26 (Fear) | Market 24h: -2.9% | BTC dom: 58.1% [cache]
  No signals (637 pairs ready)

[12:04:27] Scan #463
  637 USD pairs found
  637 tickers fetched
  F&G: 26 (Fear) | Market 24h: -3.0% | BTC dom: 58.1% [cache]
  No signals (637 pairs ready)

[12:09:36] Scan #464
  637 USD pairs found
  637 tickers fetched
  F&G: 26 (Fear) | Market 24h: -3.0% | BTC dom: 58.1% [cache]
  No signals (637 pairs ready)

[12:14:45] Scan #465
  637 USD pairs found
  637 tickers fetched
  F&G: 26 (Fear) | Market 24h: -2.9% | BTC dom: 58.1% [cache]
  No signals (637 pairs ready)

[12:19:54] Scan #466
  637 USD pairs found
  637 tickers fetched
  F&G: 26 (Fear) | Market 24h: -2.8% | BTC dom: 58.1% [cache]
  No signals (637 pairs ready)

[12:25:03] Scan #467
  637 USD pairs found
  637 tickers fetched
  F&G: 26 (Fear) | Market 24h: -2.6% | BTC dom: 58.1% [cache]
  No signals (637 pairs ready)

[12:30:12] Scan #468
  637 USD pairs found
  637 tickers fetched
  F&G: 27 (Fear) | Market 24h: -2.5% | BTC dom: 58.1% [cache]
  No signals (637 pairs ready)

[12:35:20] Scan #469
  637 USD pairs found
  637 tickers fetched
  F&G: 27 (Fear) | Market 24h: -2.5% | BTC dom: 58.1% [cache]
  No signals (637 pairs ready)

[12:40:29] Scan #470
  637 USD pairs found
  637 tickers fetched
  F&G: 27 (Fear) | Market 24h: -2.5% | BTC dom: 58.1% [cache]
  No signals (637 pairs ready)

[12:45:38] Scan #471
  637 USD pairs found
  637 tickers fetched
  F&G: 27 (Fear) | Market 24h: -2.6% | BTC dom: 58.1% [cache]
  No signals (637 pairs ready)

[12:50:47] Scan #472
  637 USD pairs found
  637 tickers fetched
  F&G: 27 (Fear) | Market 24h: -2.6% | BTC dom: 58.1% [cache]
  No signals (637 pairs ready)

[12:55:56] Scan #473
  637 USD pairs found
  637 tickers fetched
  F&G: 27 (Fear) | Market 24h: -2.6% | BTC dom: 58.1% [cache]
  No signals (637 pairs ready)

[13:01:04] Scan #474
  637 USD pairs found
  637 tickers fetched
  F&G: 27 (Fear) | Market 24h: -2.6% | BTC dom: 58.2% [cache]
  No signals (637 pairs ready)

[13:06:13] Scan #475
  637 USD pairs found
  637 tickers fetched
  F&G: 27 (Fear) | Market 24h: -2.6% | BTC dom: 58.2% [cache]
  No signals (637 pairs ready)

[13:11:22] Scan #476
  637 USD pairs found
  637 tickers fetched
  F&G: 27 (Fear) | Market 24h: -2.4% | BTC dom: 58.2% [cache]
  No signals (637 pairs ready)

[13:16:31] Scan #477
  637 USD pairs found
  637 tickers fetched
  F&G: 27 (Fear) | Market 24h: -2.3% | BTC dom: 58.2% [cache]
  No signals (637 pairs ready)

[13:21:40] Scan #478
  637 USD pairs found
  637 tickers fetched
  F&G: 27 (Fear) | Market 24h: -2.4% | BTC dom: 58.1% [cache]
  No signals (637 pairs ready)

[13:26:48] Scan #479
  637 USD pairs found
  637 tickers fetched
  F&G: 27 (Fear) | Market 24h: -2.4% | BTC dom: 58.1% [cache]
  No signals (637 pairs ready)

[13:31:57] Scan #480
  637 USD pairs found
  637 tickers fetched
  F&G: 27 (Fear) | Market 24h: -2.4% | BTC dom: 58.1% [cache]
  No signals (637 pairs ready)

[13:37:06] Scan #481
  637 USD pairs found
  637 tickers fetched
  F&G: 27 (Fear) | Market 24h: -2.4% | BTC dom: 58.2% [cache]
  No signals (637 pairs ready)

[13:42:15] Scan #482
  637 USD pairs found
  637 tickers fetched
  F&G: 27 (Fear) | Market 24h: -2.5% | BTC dom: 58.1% [cache]
  No signals (637 pairs ready)

[13:47:24] Scan #483
  637 USD pairs found
  637 tickers fetched
  F&G: 27 (Fear) | Market 24h: -2.5% | BTC dom: 58.2% [cache]
  No signals (637 pairs ready)

[13:52:33] Scan #484
  637 USD pairs found
  637 tickers fetched
  F&G: 27 (Fear) | Market 24h: -2.6% | BTC dom: 58.2% [cache]
  No signals (637 pairs ready)

[13:57:41] Scan #485
  637 USD pairs found
  637 tickers fetched
  F&G: 27 (Fear) | Market 24h: -2.6% | BTC dom: 58.2% [cache]
  No signals (637 pairs ready)

[14:02:50] Scan #486
  637 USD pairs found
  637 tickers fetched
  F&G: 27 (Fear) | Market 24h: -2.5% | BTC dom: 58.2% [cache]
  1 signals found:
    DRV: +9.6% in 1h, vol $244k, activity 1.6x
  [14:02:59] Can't afford minimum for DRV

[14:07:59] Scan #487
  637 USD pairs found
  637 tickers fetched
  F&G: 27 (Fear) | Market 24h: -2.7% | BTC dom: 58.2% [cache]
  1 signals found:
    DRV: +6.5% in 1h, vol $249k, activity 1.6x
  [14:08:08] Can't afford minimum for DRV

[14:13:08] Scan #488
  637 USD pairs found
  637 tickers fetched
  F&G: 27 (Fear) | Market 24h: -2.7% | BTC dom: 58.2% [cache]
  1 signals found:
    DRV: +6.7% in 1h, vol $254k, activity 1.6x
  [14:13:17] Can't afford minimum for DRV

[14:18:17] Scan #489
  637 USD pairs found
  637 tickers fetched
  F&G: 27 (Fear) | Market 24h: -2.8% | BTC dom: 58.2% [cache]
  1 signals found:
    DRV: +6.1% in 1h, vol $254k, activity 1.6x
  [14:18:26] Can't afford minimum for DRV

[14:23:26] Scan #490
  637 USD pairs found
  637 tickers fetched
  F&G: 27 (Fear) | Market 24h: -2.8% | BTC dom: 58.2% [cache]
  1 signals found:
    DRV: +6.1% in 1h, vol $257k, activity 1.6x
  [14:23:35] Can't afford minimum for DRV

[14:28:35] Scan #491
  637 USD pairs found
  637 tickers fetched
  F&G: 27 (Fear) | Market 24h: -2.6% | BTC dom: 58.2% [cache]
  1 signals found:
    DRV: +7.6% in 1h, vol $265k, activity 1.5x
  [14:28:44] Can't afford minimum for DRV

[14:33:44] Scan #492
  637 USD pairs found
  637 tickers fetched
  F&G: 27 (Fear) | Market 24h: -2.6% | BTC dom: 58.2% [cache]
  1 signals found:
    DRV: +6.8% in 1h, vol $264k, activity 1.5x
  [14:33:52] Can't afford minimum for DRV

[14:38:52] Scan #493
  637 USD pairs found
  637 tickers fetched
  F&G: 27 (Fear) | Market 24h: -2.7% | BTC dom: 58.2% [cache]
  1 signals found:
    DRV: +7.1% in 1h, vol $265k, activity 1.5x
  [14:39:01] Can't afford minimum for DRV

[14:44:01] Scan #494
  637 USD pairs found
  637 tickers fetched
  F&G: 27 (Fear) | Market 24h: -2.5% | BTC dom: 58.2% [cache]
  No signals (637 pairs ready)

[14:49:10] Scan #495
  637 USD pairs found
  637 tickers fetched
  F&G: 27 (Fear) | Market 24h: -2.5% | BTC dom: 58.2% [cache]
  No signals (637 pairs ready)

[14:54:19] Scan #496
  637 USD pairs found
  637 tickers fetched
  F&G: 27 (Fear) | Market 24h: -2.5% | BTC dom: 58.2% [cache]
  No signals (637 pairs ready)

[14:59:28] Scan #497
  637 USD pairs found
  637 tickers fetched
  F&G: 27 (Fear) | Market 24h: -2.4% | BTC dom: 58.2% [cache]
  No signals (637 pairs ready)

[15:04:37] Scan #498
  637 USD pairs found
  637 tickers fetched
  F&G: 27 (Fear) | Market 24h: -2.3% | BTC dom: 58.2% [cache]
  No signals (637 pairs ready)

[15:09:45] Scan #499
  637 USD pairs found
  637 tickers fetched
  F&G: 27 (Fear) | Market 24h: -2.2% | BTC dom: 58.2% [cache]
  No signals (637 pairs ready)

[15:14:54] Scan #500
  637 USD pairs found
  637 tickers fetched
  F&G: 27 (Fear) | Market 24h: -2.1% | BTC dom: 58.2% [cache]
  No signals (637 pairs ready)

[15:20:03] Scan #501
  637 USD pairs found
  637 tickers fetched
  F&G: 27 (Fear) | Market 24h: -2.0% | BTC dom: 58.2% [cache]
  No signals (637 pairs ready)

[15:25:12] Scan #502
  637 USD pairs found
  637 tickers fetched
  F&G: 27 (Fear) | Market 24h: -2.0% | BTC dom: 58.2% [cache]
  No signals (637 pairs ready)

[15:30:21] Scan #503
  637 USD pairs found
  637 tickers fetched
  F&G: 27 (Fear) | Market 24h: -2.1% | BTC dom: 58.2% [cache]
  No signals (637 pairs ready)

[15:35:29] Scan #504
  637 USD pairs found
  637 tickers fetched
  F&G: 27 (Fear) | Market 24h: -2.2% | BTC dom: 58.2% [cache]
  No signals (637 pairs ready)

[15:40:38] Scan #505
  637 USD pairs found
  637 tickers fetched
  F&G: 27 (Fear) | Market 24h: -2.3% | BTC dom: 58.2% [cache]
  No signals (637 pairs ready)

[15:45:47] Scan #506
  637 USD pairs found
  637 tickers fetched
  F&G: 27 (Fear) | Market 24h: -2.5% | BTC dom: 58.2% [cache]
  No signals (637 pairs ready)

[15:50:56] Scan #507
  637 USD pairs found
  637 tickers fetched
  F&G: 27 (Fear) | Market 24h: -2.4% | BTC dom: 58.2% [cache]
  No signals (637 pairs ready)

[15:56:05] Scan #508
  637 USD pairs found
  637 tickers fetched
  F&G: 27 (Fear) | Market 24h: -2.4% | BTC dom: 58.2% [cache]
  No signals (637 pairs ready)

[16:01:14] Scan #509
  637 USD pairs found
  637 tickers fetched
  F&G: 27 (Fear) | Market 24h: -2.4% | BTC dom: 58.2% [cache]
  No signals (637 pairs ready)

[16:06:23] Scan #510
  637 USD pairs found
  637 tickers fetched
  F&G: 27 (Fear) | Market 24h: -2.4% | BTC dom: 58.2% [cache]
  No signals (637 pairs ready)

[16:11:32] Scan #511
  637 USD pairs found
  637 tickers fetched
  F&G: 27 (Fear) | Market 24h: -2.4% | BTC dom: 58.2% [cache]
  No signals (637 pairs ready)

[16:16:40] Scan #512
  637 USD pairs found
  637 tickers fetched
  F&G: 27 (Fear) | Market 24h: -2.2% | BTC dom: 58.2% [cache]
  No signals (637 pairs ready)

[16:21:49] Scan #513
  637 USD pairs found
  637 tickers fetched
  F&G: 27 (Fear) | Market 24h: -2.2% | BTC dom: 58.2% [cache]
  No signals (637 pairs ready)

[16:26:58] Scan #514
  637 USD pairs found
  637 tickers fetched
  F&G: 27 (Fear) | Market 24h: -2.2% | BTC dom: 58.2% [cache]
  No signals (637 pairs ready)

[16:32:07] Scan #515
  637 USD pairs found
  637 tickers fetched
  F&G: 27 (Fear) | Market 24h: -2.2% | BTC dom: 58.2% [cache]
  No signals (637 pairs ready)

[16:37:16] Scan #516
  637 USD pairs found
  637 tickers fetched
  F&G: 27 (Fear) | Market 24h: -2.2% | BTC dom: 58.2% [cache]
  No signals (637 pairs ready)

[16:42:24] Scan #517
  637 USD pairs found
  637 tickers fetched
  F&G: 27 (Fear) | Market 24h: -2.1% | BTC dom: 58.2% [cache]
  No signals (637 pairs ready)

[16:47:33] Scan #518
  637 USD pairs found
  637 tickers fetched
  F&G: 27 (Fear) | Market 24h: -2.2% | BTC dom: 58.2% [cache]
  No signals (637 pairs ready)

[16:52:42] Scan #519
  637 USD pairs found
  637 tickers fetched
  F&G: 27 (Fear) | Market 24h: -2.2% | BTC dom: 58.2% [cache]
  No signals (637 pairs ready)

[16:57:51] Scan #520
  637 USD pairs found
  637 tickers fetched
  F&G: 27 (Fear) | Market 24h: -2.1% | BTC dom: 58.2% [cache]
  No signals (637 pairs ready)

[17:03:00] Scan #521
  637 USD pairs found
  637 tickers fetched
  F&G: 27 (Fear) | Market 24h: -2.0% | BTC dom: 58.2% [cache]
  No signals (637 pairs ready)

[17:08:09] Scan #522
  637 USD pairs found
  637 tickers fetched
  F&G: 27 (Fear) | Market 24h: -2.1% | BTC dom: 58.2% [cache]
  No signals (637 pairs ready)

[17:13:17] Scan #523
  637 USD pairs found
  637 tickers fetched
  F&G: 27 (Fear) | Market 24h: -2.0% | BTC dom: 58.2% [cache]
  No signals (637 pairs ready)

[17:18:26] Scan #524
  637 USD pairs found
  637 tickers fetched
  F&G: 27 (Fear) | Market 24h: -1.8% | BTC dom: 58.2% [cache]
  No signals (637 pairs ready)

[17:23:35] Scan #525
  637 USD pairs found
  637 tickers fetched
  F&G: 27 (Fear) | Market 24h: -1.9% | BTC dom: 58.2% [cache]
  No signals (637 pairs ready)

[17:28:44] Scan #526
  637 USD pairs found
  637 tickers fetched
  F&G: 27 (Fear) | Market 24h: -1.9% | BTC dom: 58.2% [cache]
  No signals (637 pairs ready)

[17:33:53] Scan #527
  637 USD pairs found
  637 tickers fetched
  F&G: 27 (Fear) | Market 24h: -1.9% | BTC dom: 58.2% [cache]
  No signals (637 pairs ready)

[17:39:01] Scan #528
  637 USD pairs found
  637 tickers fetched
  F&G: 27 (Fear) | Market 24h: -2.0% | BTC dom: 58.2% [cache]
  No signals (637 pairs ready)

[17:44:10] Scan #529
  637 USD pairs found
  637 tickers fetched
  F&G: 27 (Fear) | Market 24h: -2.0% | BTC dom: 58.2% [cache]
  No signals (637 pairs ready)

[17:49:19] Scan #530
  637 USD pairs found
  637 tickers fetched
  F&G: 27 (Fear) | Market 24h: -2.2% | BTC dom: 58.2% [cache]
  No signals (637 pairs ready)

[17:54:28] Scan #531
  637 USD pairs found
  637 tickers fetched
  F&G: 27 (Fear) | Market 24h: -2.2% | BTC dom: 58.1% [cache]
  No signals (637 pairs ready)

[17:59:37] Scan #532
  637 USD pairs found
  637 tickers fetched
  F&G: 27 (Fear) | Market 24h: -2.1% | BTC dom: 58.1% [cache]
  No signals (637 pairs ready)

[18:04:46] Scan #533
  637 USD pairs found
  637 tickers fetched
  F&G: 27 (Fear) | Market 24h: -2.1% | BTC dom: 58.1% [cache]
  No signals (637 pairs ready)

[18:09:55] Scan #534
  637 USD pairs found
  637 tickers fetched
  F&G: 27 (Fear) | Market 24h: -2.2% | BTC dom: 58.1% [cache]
  No signals (637 pairs ready)

[18:15:03] Scan #535
  637 USD pairs found
  637 tickers fetched
  F&G: 27 (Fear) | Market 24h: -2.2% | BTC dom: 58.2% [cache]
  No signals (637 pairs ready)

[18:20:12] Scan #536
  637 USD pairs found
  637 tickers fetched
  F&G: 27 (Fear) | Market 24h: -2.2% | BTC dom: 58.2% [cache]
  No signals (637 pairs ready)

[18:25:21] Scan #537
  637 USD pairs found
  637 tickers fetched
  F&G: 27 (Fear) | Market 24h: -2.2% | BTC dom: 58.2% [cache]
  No signals (637 pairs ready)

[18:30:30] Scan #538
  637 USD pairs found
  637 tickers fetched
  F&G: 27 (Fear) | Market 24h: -2.3% | BTC dom: 58.2% [cache]
  No signals (637 pairs ready)

[18:35:39] Scan #539
  637 USD pairs found
  637 tickers fetched
  F&G: 27 (Fear) | Market 24h: -2.4% | BTC dom: 58.2% [cache]
  No signals (637 pairs ready)

[18:40:48] Scan #540
  637 USD pairs found
  637 tickers fetched
  F&G: 27 (Fear) | Market 24h: -2.7% | BTC dom: 58.2% [cache]
  No signals (637 pairs ready)

[18:45:56] Scan #541
  637 USD pairs found
  637 tickers fetched
  F&G: 27 (Fear) | Market 24h: -2.6% | BTC dom: 58.2% [cache]
  No signals (637 pairs ready)

[18:51:05] Scan #542
  637 USD pairs found
  637 tickers fetched
  F&G: 27 (Fear) | Market 24h: -2.5% | BTC dom: 58.2% [cache]
  No signals (637 pairs ready)

[18:56:14] Scan #543
  637 USD pairs found
  637 tickers fetched
  F&G: 26 (Fear) | Market 24h: -2.4% | BTC dom: 58.2% [cache]
  No signals (637 pairs ready)

[19:01:23] Scan #544
  637 USD pairs found
  637 tickers fetched
  F&G: 26 (Fear) | Market 24h: -2.4% | BTC dom: 58.2% [cache]
  No signals (637 pairs ready)

[19:06:32] Scan #545
  637 USD pairs found
  637 tickers fetched
  F&G: 26 (Fear) | Market 24h: -2.4% | BTC dom: 58.2% [cache]
  No signals (637 pairs ready)

[19:11:41] Scan #546
  637 USD pairs found
  637 tickers fetched
  F&G: 26 (Fear) | Market 24h: -2.5% | BTC dom: 58.2% [cache]
  No signals (637 pairs ready)

[19:16:50] Scan #547
  637 USD pairs found
  637 tickers fetched
  F&G: 26 (Fear) | Market 24h: -2.7% | BTC dom: 58.2% [cache]
  No signals (637 pairs ready)

[19:21:58] Scan #548
  637 USD pairs found
  637 tickers fetched
  F&G: 26 (Fear) | Market 24h: -2.8% | BTC dom: 58.2% [cache]
  No signals (637 pairs ready)

[19:27:07] Scan #549
  637 USD pairs found
  637 tickers fetched
  F&G: 26 (Fear) | Market 24h: -2.8% | BTC dom: 58.2% [cache]
  No signals (637 pairs ready)

[19:32:16] Scan #550
  637 USD pairs found
  637 tickers fetched
  F&G: 26 (Fear) | Market 24h: -2.7% | BTC dom: 58.2% [cache]
  No signals (637 pairs ready)

[19:37:25] Scan #551
  637 USD pairs found
  637 tickers fetched
  F&G: 26 (Fear) | Market 24h: -2.8% | BTC dom: 58.2% [cache]
  No signals (637 pairs ready)

[19:42:34] Scan #552
  637 USD pairs found
  637 tickers fetched
  F&G: 26 (Fear) | Market 24h: -2.6% | BTC dom: 58.2% [cache]
  No signals (637 pairs ready)

[19:47:42] Scan #553
  637 USD pairs found
  637 tickers fetched
  F&G: 26 (Fear) | Market 24h: -2.6% | BTC dom: 58.2% [cache]
  No signals (637 pairs ready)

[19:52:51] Scan #554
  637 USD pairs found
  637 tickers fetched
  F&G: 26 (Fear) | Market 24h: -2.8% | BTC dom: 58.1% [cache]
  No signals (637 pairs ready)

[19:58:00] Scan #555
  637 USD pairs found
  637 tickers fetched
  F&G: 26 (Fear) | Market 24h: -2.8% | BTC dom: 58.1% [cache]
  No signals (637 pairs ready)

[20:03:09] Scan #556
  637 USD pairs found
  637 tickers fetched
  F&G: 26 (Fear) | Market 24h: -2.8% | BTC dom: 58.1% [cache]
  No signals (637 pairs ready)

[20:08:18] Scan #557
  637 USD pairs found
  637 tickers fetched
  F&G: 26 (Fear) | Market 24h: -2.7% | BTC dom: 58.1% [cache]
  No signals (637 pairs ready)

[20:13:27] Scan #558
  637 USD pairs found
  637 tickers fetched
  F&G: 26 (Fear) | Market 24h: -2.7% | BTC dom: 58.1% [cache]
  No signals (637 pairs ready)

[20:18:35] Scan #559
  637 USD pairs found
  637 tickers fetched
  F&G: 26 (Fear) | Market 24h: -2.7% | BTC dom: 58.1% [cache]
  No signals (637 pairs ready)

[20:23:44] Scan #560
  637 USD pairs found
  637 tickers fetched
  F&G: 26 (Fear) | Market 24h: -2.6% | BTC dom: 58.1% [cache]
  No signals (637 pairs ready)

[20:28:53] Scan #561
  637 USD pairs found
  637 tickers fetched
  F&G: 26 (Fear) | Market 24h: -2.6% | BTC dom: 58.1% [cache]
  No signals (637 pairs ready)

[20:34:02] Scan #562
  637 USD pairs found
  637 tickers fetched
  F&G: 26 (Fear) | Market 24h: -2.7% | BTC dom: 58.1% [cache]
  No signals (637 pairs ready)

[20:39:11] Scan #563
  637 USD pairs found
  637 tickers fetched
  F&G: 26 (Fear) | Market 24h: -2.7% | BTC dom: 58.1% [cache]
  No signals (637 pairs ready)

[20:44:20] Scan #564
  637 USD pairs found
  637 tickers fetched
  F&G: 26 (Fear) | Market 24h: -2.9% | BTC dom: 58.1% [cache]
  No signals (637 pairs ready)

[20:49:28] Scan #565
  637 USD pairs found
  637 tickers fetched
  F&G: 26 (Fear) | Market 24h: -2.8% | BTC dom: 58.2% [cache]
  No signals (637 pairs ready)

[20:54:37] Scan #566
  637 USD pairs found
  637 tickers fetched
  F&G: 26 (Fear) | Market 24h: -2.8% | BTC dom: 58.1% [cache]
  No signals (637 pairs ready)

[20:59:46] Scan #567
  637 USD pairs found
  637 tickers fetched
  F&G: 26 (Fear) | Market 24h: -3.0% | BTC dom: 58.1% [cache]
  No signals (637 pairs ready)

[21:04:55] Scan #568
  637 USD pairs found
  637 tickers fetched
  F&G: 26 (Fear) | Market 24h: -3.0% | BTC dom: 58.1% [cache]
  No signals (637 pairs ready)

[21:10:04] Scan #569
  637 USD pairs found
  637 tickers fetched
  F&G: 26 (Fear) | Market 24h: -3.3% | BTC dom: 58.1% [cache]
  No signals (637 pairs ready)

[21:15:13] Scan #570
  637 USD pairs found
  637 tickers fetched
  F&G: 24 (Fear) | Market 24h: -3.4% | BTC dom: 58.1% [cache]
  No signals (637 pairs ready)

[21:20:22] Scan #571
  637 USD pairs found
  637 tickers fetched
  F&G: 24 (Fear) | Market 24h: -3.5% | BTC dom: 58.1% [cache]
  No signals (637 pairs ready)

[21:25:31] Scan #572
  637 USD pairs found
  637 tickers fetched
  F&G: 24 (Fear) | Market 24h: -3.7% | BTC dom: 58.0% [cache]
  No signals (637 pairs ready)

[21:30:40] Scan #573
  637 USD pairs found
  637 tickers fetched
  F&G: 24 (Fear) | Market 24h: -3.5% | BTC dom: 58.1% [cache]
  No signals (637 pairs ready)

[21:35:48] Scan #574
  637 USD pairs found
  637 tickers fetched
  F&G: 24 (Fear) | Market 24h: -3.3% | BTC dom: 58.1% [cache]
  No signals (637 pairs ready)

[21:40:57] Scan #575
  637 USD pairs found
  637 tickers fetched
  F&G: 24 (Fear) | Market 24h: -3.4% | BTC dom: 58.0% [cache]
  No signals (637 pairs ready)

[21:46:06] Scan #576
  637 USD pairs found
  637 tickers fetched
  F&G: 25 (Fear) | Market 24h: -3.2% | BTC dom: 58.1% [cache]
  No signals (637 pairs ready)

[21:51:15] Scan #577
  637 USD pairs found
  637 tickers fetched
  F&G: 25 (Fear) | Market 24h: -3.2% | BTC dom: 58.1% [cache]
  No signals (637 pairs ready)

[21:56:23] Scan #578
  637 USD pairs found
  637 tickers fetched
  F&G: 25 (Fear) | Market 24h: -3.3% | BTC dom: 58.1% [cache]
  No signals (637 pairs ready)

[22:01:32] Scan #579
  637 USD pairs found
  637 tickers fetched
  F&G: 25 (Fear) | Market 24h: -3.2% | BTC dom: 58.1% [cache]
  No signals (637 pairs ready)

[22:06:41] Scan #580
  637 USD pairs found
  637 tickers fetched
  F&G: 25 (Fear) | Market 24h: -3.3% | BTC dom: 58.1% [cache]
  No signals (637 pairs ready)

[22:11:50] Scan #581
  637 USD pairs found
  637 tickers fetched
  F&G: 25 (Fear) | Market 24h: -3.2% | BTC dom: 58.1% [cache]
  No signals (637 pairs ready)

[22:16:59] Scan #582
  637 USD pairs found
  637 tickers fetched
  F&G: 25 (Fear) | Market 24h: -2.9% | BTC dom: 58.1% [cache]
  No signals (637 pairs ready)

[22:22:08] Scan #583
  637 USD pairs found
  637 tickers fetched
  F&G: 25 (Fear) | Market 24h: -3.2% | BTC dom: 58.1% [cache]
  No signals (637 pairs ready)

[22:27:17] Scan #584
  637 USD pairs found
  637 tickers fetched
  F&G: 25 (Fear) | Market 24h: -3.1% | BTC dom: 58.1% [cache]
  No signals (637 pairs ready)

[22:32:26] Scan #585
  637 USD pairs found
  637 tickers fetched
  F&G: 25 (Fear) | Market 24h: -2.8% | BTC dom: 58.2% [cache]
  No signals (637 pairs ready)

[22:37:35] Scan #586
  637 USD pairs found
  637 tickers fetched
  F&G: 25 (Fear) | Market 24h: -2.7% | BTC dom: 58.2% [cache]
  No signals (637 pairs ready)

[22:42:44] Scan #587
  637 USD pairs found
  637 tickers fetched
  F&G: 25 (Fear) | Market 24h: -2.8% | BTC dom: 58.1% [cache]
  No signals (637 pairs ready)

[22:47:53] Scan #588
  637 USD pairs found
  637 tickers fetched
  F&G: 26 (Fear) | Market 24h: -2.8% | BTC dom: 58.1% [cache]
  No signals (637 pairs ready)

[22:53:02] Scan #589
  637 USD pairs found
  637 tickers fetched
  F&G: 26 (Fear) | Market 24h: -2.8% | BTC dom: 58.1% [cache]
  No signals (637 pairs ready)

[22:58:10] Scan #590
  637 USD pairs found
  637 tickers fetched
  F&G: 26 (Fear) | Market 24h: -2.6% | BTC dom: 58.1% [cache]
  No signals (637 pairs ready)

[23:03:19] Scan #591
  637 USD pairs found
  637 tickers fetched
  F&G: 26 (Fear) | Market 24h: -2.6% | BTC dom: 58.1% [cache]
  No signals (637 pairs ready)

[23:08:28] Scan #592
  637 USD pairs found
  637 tickers fetched
  F&G: 26 (Fear) | Market 24h: -2.5% | BTC dom: 58.1% [cache]
  No signals (637 pairs ready)

[23:13:37] Scan #593
  637 USD pairs found
  637 tickers fetched
  F&G: 26 (Fear) | Market 24h: -2.4% | BTC dom: 58.1% [cache]
  No signals (637 pairs ready)

[23:18:46] Scan #594
  637 USD pairs found
  637 tickers fetched
  F&G: 26 (Fear) | Market 24h: -2.4% | BTC dom: 58.1% [cache]
  No signals (637 pairs ready)

[23:23:55] Scan #595
  637 USD pairs found
  637 tickers fetched
  F&G: 26 (Fear) | Market 24h: -2.5% | BTC dom: 58.1% [cache]
  No signals (637 pairs ready)

[23:29:04] Scan #596
  637 USD pairs found
  637 tickers fetched
  F&G: 26 (Fear) | Market 24h: -2.5% | BTC dom: 58.1% [cache]
  No signals (637 pairs ready)

[23:34:12] Scan #597
  637 USD pairs found
  637 tickers fetched
  F&G: 26 (Fear) | Market 24h: -2.5% | BTC dom: 58.1% [cache]
  No signals (637 pairs ready)

[23:39:21] Scan #598
  637 USD pairs found
  637 tickers fetched
  F&G: 26 (Fear) | Market 24h: -2.7% | BTC dom: 58.0% [cache]
  No signals (637 pairs ready)

[23:44:30] Scan #599
  637 USD pairs found
  637 tickers fetched
  F&G: 25 (Fear) | Market 24h: -2.8% | BTC dom: 58.1% [cache]
  No signals (637 pairs ready)

[23:49:39] Scan #600
  637 USD pairs found
  637 tickers fetched
  F&G: 25 (Fear) | Market 24h: -2.4% | BTC dom: 58.1% [cache]
  No signals (637 pairs ready)

[23:54:48] Scan #601
  637 USD pairs found
  637 tickers fetched
  F&G: 25 (Fear) | Market 24h: -1.9% | BTC dom: 58.1% [cache]
  No signals (637 pairs ready)

[23:59:57] Scan #602
  637 USD pairs found
  637 tickers fetched
  F&G: 25 (Fear) | Market 24h: -1.2% | BTC dom: 58.1% [cache]
  2 signals found:
    UAI: +3.5% in 1h, vol $262k, activity 48.0x
    SHAPE: +5.8% in 1h, vol $109k, activity 48.0x
  [00:00:05] Can't afford minimum for UAI
  [00:00:05] BUY 549.4505494505495 SHAPE @ ~$0.0009 (~$0.50)
  ✅ Order placed: {'txid': ['O24MCP-KTKY3-XX2DGP'], 'descr': {'order': 'buy 549.45 SHAPEUSD @ market'}}
  [00:00:05] Bought: ['O24MCP-KTKY3-XX2DGP']
  ❌ Order error: ['EOrder:Insufficient funds']
  [00:00:08] WARNING: SL failed: {'error': ['EOrder:Insufficient funds']}
  [00:00:08] Position is UNPROTECTED — cron monitor will catch it
  Positions (1/3):
    SHAPE: entry $0.0009 → $0.0009 (+0.0%)

[00:05:08] Scan #603
  637 USD pairs found
  637 tickers fetched
  F&G: 25 (Fear) | Market 24h: -0.6% | BTC dom: 58.1% [cache]
  No signals (637 pairs ready)
  Positions (1/3):
    SHAPE: entry $0.0009 → $0.0009 (+0.0%)

[00:10:17] Scan #604
  637 USD pairs found
  637 tickers fetched
  F&G: 25 (Fear) | Market 24h: -1.0% | BTC dom: 58.1% [cache]
  2 signals found:
    0G: +9.4% in 1h, vol $100k, activity 18.4x
    SYND: +3.7% in 1h, vol $189k, activity 2.0x
  [00:10:26] Can't afford minimum for 0G
  [00:10:26] Can't afford minimum for SYND
  Positions (1/3):
    SHAPE: entry $0.0009 → $0.0009 (+4.4%)

[00:15:26] Scan #605
  637 USD pairs found
  637 tickers fetched
  F&G: 25 (Fear) | Market 24h: -0.8% | BTC dom: 58.0% [cache]
  1 signals found:
    SYND: +8.8% in 1h, vol $197k, activity 2.3x
  [00:15:36] Can't afford minimum for SYND
  Positions (1/3):
    SHAPE: entry $0.0009 → $0.0009 (+2.2%)

[00:20:36] Scan #606
  637 USD pairs found
  637 tickers fetched
  F&G: 25 (Fear) | Market 24h: -1.1% | BTC dom: 58.0% [cache]
  2 signals found:
    0G: +5.5% in 1h, vol $100k, activity 19.8x
    SYND: +8.9% in 1h, vol $195k, activity 2.9x
  [00:20:45] Can't afford minimum for 0G
  [00:20:45] Can't afford minimum for SYND
  Positions (1/3):
    SHAPE: entry $0.0009 → $0.0009 (+3.3%)

[00:25:45] Scan #607
  637 USD pairs found
  637 tickers fetched
  F&G: 25 (Fear) | Market 24h: -1.0% | BTC dom: 58.0% [cache]
  3 signals found:
    0G: +5.5% in 1h, vol $101k, activity 19.8x
    SYND: +9.5% in 1h, vol $191k, activity 3.3x
    RAILS: +5.5% in 1h, vol $134k, activity 2.3x
  [00:25:54] Can't afford minimum for 0G
  [00:25:54] Can't afford minimum for SYND
  [00:25:54] BUY 40.0 RAILS @ ~$0.1771 (~$7.08)
  ✅ Order placed: {'txid': ['OTNSRZ-UHJJW-USNXDB'], 'descr': {'order': 'buy 40.000 RAILSUSD @ market'}}
  [00:25:54] Bought: ['OTNSRZ-UHJJW-USNXDB']
  ✅ Order placed: {'txid': ['OMK6BU-I6VBQ-SSUB4L'], 'descr': {'order': 'sell 40.000 RAILSUSD @ stop loss 0.1629'}}
  [00:25:56] SL placed @ $0.1629 | TP target $0.1948 (bot loop)
  Positions (2/3):
    SHAPE: entry $0.0009 → $0.0009 (+1.1%)
    RAILS: entry $0.1771 → $0.1771 (+0.0%)

[00:30:57] Scan #608
  637 USD pairs found
  637 tickers fetched
  [00:31:06] SL fired: RAILS (RAILSUSD) ~-8.0%
  F&G: 25 (Fear) | Market 24h: -0.8% | BTC dom: 58.1% [cache]
  3 signals found:
    0G: +5.3% in 1h, vol $102k, activity 19.4x
    RAILS: +4.9% in 1h, vol $132k, activity 3.0x
    KAT: +4.9% in 1h, vol $432k, activity 2.1x
  [00:31:06] Can't afford minimum for 0G
  [00:31:06] BUY 40.0 RAILS @ ~$0.1693 (~$6.77)
  ✅ Order placed: {'txid': ['OQTQXU-OHYHY-QNLCGV'], 'descr': {'order': 'buy 40.000 RAILSUSD @ market'}}
  [00:31:07] Bought: ['OQTQXU-OHYHY-QNLCGV']
  ✅ Order placed: {'txid': ['OCHTUV-LLCIB-TOSFBX'], 'descr': {'order': 'sell 40.000 RAILSUSD @ stop loss 0.1558'}}
  [00:31:09] SL placed @ $0.1558 | TP target $0.1862 (bot loop)
  [00:31:09] BUY 200.0 KAT @ ~$0.0120 (~$2.40)
  ✅ Order placed: {'txid': ['OX6R5S-BNDDC-ANKTQB'], 'descr': {'order': 'buy 200.00 KATUSD @ market'}}
  [00:31:10] Bought: ['OX6R5S-BNDDC-ANKTQB']
  ✅ Order placed: {'txid': ['O4KIVS-LGX65-OV63WZ'], 'descr': {'order': 'sell 200.00 KATUSD @ stop loss 0.01106'}}
  [00:31:12] SL placed @ $0.01106 | TP target $0.0132 (bot loop)
  Positions (3/3):
    SHAPE: entry $0.0009 → $0.0009 (+3.3%)
    RAILS: entry $0.1693 → $0.1693 (+0.0%)
    KAT: entry $0.0120 → $0.0120 (+0.0%)

[00:36:12] Scan #609
  637 USD pairs found
  637 tickers fetched
  F&G: 25 (Fear) | Market 24h: -1.3% | BTC dom: 58.1% [cache]
  At max positions (3/3)
  Positions (3/3):
    SHAPE: entry $0.0009 → $0.0009 (+1.1%)
    RAILS: entry $0.1693 → $0.1670 (-1.4%)
    KAT: entry $0.0120 → $0.0118 (-2.1%)

[00:41:22] Scan #610
  637 USD pairs found
  637 tickers fetched
  F&G: 25 (Fear) | Market 24h: -1.6% | BTC dom: 58.0% [cache]
  At max positions (3/3)
  Positions (3/3):
    SHAPE: entry $0.0009 → $0.0009 (+3.3%)
    RAILS: entry $0.1693 → $0.1663 (-1.8%)
    KAT: entry $0.0120 → $0.0118 (-2.2%)

[00:46:31] Scan #611
  637 USD pairs found
  637 tickers fetched
  [00:46:40] SL fired: RAILS (RAILSUSD) ~-8.0%
  F&G: 25 (Fear) | Market 24h: -1.9% | BTC dom: 58.0% [cache]
  3 signals found:
    0G: +3.7% in 1h, vol $105k, activity 13.8x
    SYND: +5.4% in 1h, vol $184k, activity 3.1x
    RIVER: +3.1% in 1h, vol $2336k, activity 1.6x
  [00:46:41] Can't afford minimum for 0G
  [00:46:41] Can't afford minimum for SYND
  [00:46:41] Can't afford minimum for RIVER
  Positions (2/3):
    SHAPE: entry $0.0009 → $0.0009 (-3.3%)
    KAT: entry $0.0120 → $0.0119 (-0.7%)

[00:51:41] Scan #612
  637 USD pairs found
  637 tickers fetched
  F&G: 25 (Fear) | Market 24h: -1.7% | BTC dom: 58.0% [cache]
  3 signals found:
    0G: +5.1% in 1h, vol $107k, activity 12.6x
    FLOW: +3.2% in 1h, vol $184k, activity 2.5x
    RIVER: +5.1% in 1h, vol $2385k, activity 1.6x
  [00:51:50] Can't afford minimum for 0G
  [00:51:50] Can't afford minimum for FLOW
  [00:51:50] Can't afford minimum for RIVER
  Positions (2/3):
    SHAPE: entry $0.0009 → $0.0008 (-6.6%)
    KAT: entry $0.0120 → $0.0119 (-1.2%)

[00:56:50] Scan #613
  637 USD pairs found
  637 tickers fetched
  F&G: 25 (Fear) | Market 24h: -1.3% | BTC dom: 58.1% [cache]
  3 signals found:
    0G: +4.5% in 1h, vol $108k, activity 11.6x
    FLOW: +3.2% in 1h, vol $184k, activity 2.6x
    RIVER: +4.7% in 1h, vol $2381k, activity 1.5x
  [00:56:59] Can't afford minimum for 0G
  [00:56:59] Can't afford minimum for FLOW
  [00:56:59] Can't afford minimum for RIVER
  Positions (2/3):
    SHAPE: entry $0.0009 → $0.0009 (+4.4%)
    KAT: entry $0.0120 → $0.0119 (-0.8%)

[01:01:59] Scan #614
  637 USD pairs found
  637 tickers fetched
  F&G: 25 (Fear) | Market 24h: -1.5% | BTC dom: 58.0% [cache]
  2 signals found:
    0G: +4.1% in 1h, vol $113k, activity 11.0x
    PTB: +7.5% in 1h, vol $236k, activity 2.5x
  [01:02:09] Can't afford minimum for 0G
  [01:02:09] Can't afford minimum for PTB
  Positions (2/3):
    SHAPE: entry $0.0009 → $0.0009 (+4.4%)
    KAT: entry $0.0120 → $0.0120 (+0.1%)

[01:07:09] Scan #615
  637 USD pairs found
  637 tickers fetched
  F&G: 25 (Fear) | Market 24h: -1.7% | BTC dom: 58.0% [cache]
  3 signals found:
    0G: +3.9% in 1h, vol $115k, activity 10.3x
    PTB: +8.5% in 1h, vol $235k, activity 2.3x
    RIVER: +5.1% in 1h, vol $2361k, activity 1.5x
  [01:07:18] Can't afford minimum for 0G
  [01:07:18] Can't afford minimum for PTB
  [01:07:18] Can't afford minimum for RIVER
  Positions (2/3):
    SHAPE: entry $0.0009 → $0.0009 (+4.4%)
    KAT: entry $0.0120 → $0.0120 (-0.5%)

[01:12:18] Scan #616
  637 USD pairs found
  637 tickers fetched
  F&G: 24 (Fear) | Market 24h: -1.5% | BTC dom: 58.1% [cache]
  1 signals found:
    0G: +3.3% in 1h, vol $115k, activity 9.6x
  [01:12:27] Can't afford minimum for 0G
  Positions (2/3):
    SHAPE: entry $0.0009 → $0.0009 (+4.4%)
    KAT: entry $0.0120 → $0.0120 (-0.1%)

[01:17:27] Scan #617
  637 USD pairs found
  637 tickers fetched
  F&G: 24 (Fear) | Market 24h: -1.3% | BTC dom: 58.1% [cache]
  1 signals found:
    0G: +3.1% in 1h, vol $115k, activity 9.0x
  [01:17:36] Can't afford minimum for 0G
  Positions (2/3):
    SHAPE: entry $0.0009 → $0.0009 (+2.2%)
    KAT: entry $0.0120 → $0.0119 (-1.2%)

[01:22:36] Scan #618
  637 USD pairs found
  637 tickers fetched
  F&G: 24 (Fear) | Market 24h: -1.2% | BTC dom: 58.1% [cache]
  1 signals found:
    FLOW: +3.5% in 1h, vol $187k, activity 2.3x
  [01:22:46] Can't afford minimum for FLOW
  Positions (2/3):
    SHAPE: entry $0.0009 → $0.0009 (+2.2%)
    KAT: entry $0.0120 → $0.0118 (-1.4%)

[01:27:46] Scan #619
  637 USD pairs found
  637 tickers fetched
  F&G: 25 (Fear) | Market 24h: -1.3% | BTC dom: 58.1% [cache]
  2 signals found:
    FLOW: +3.5% in 1h, vol $189k, activity 2.3x
    SYND: +5.3% in 1h, vol $174k, activity 1.9x
  [01:27:55] Can't afford minimum for FLOW
  [01:27:55] Can't afford minimum for SYND
  Positions (2/3):
    SHAPE: entry $0.0009 → $0.0009 (+3.3%)
    KAT: entry $0.0120 → $0.0117 (-2.9%)

[01:32:55] Scan #620
  637 USD pairs found
  637 tickers fetched
  F&G: 25 (Fear) | Market 24h: -1.1% | BTC dom: 58.1% [cache]
  2 signals found:
    0G: +4.1% in 1h, vol $118k, activity 7.6x
    SYND: +7.6% in 1h, vol $172k, activity 1.8x
  [01:33:04] Can't afford minimum for 0G
  [01:33:04] Can't afford minimum for SYND
  Positions (2/3):
    SHAPE: entry $0.0009 → $0.0010 (+6.6%)
    KAT: entry $0.0120 → $0.0117 (-2.8%)

[01:38:04] Scan #621
  637 USD pairs found
  637 tickers fetched
  F&G: 25 (Fear) | Market 24h: -1.1% | BTC dom: 58.1% [cache]
  2 signals found:
    0G: +3.9% in 1h, vol $119k, activity 7.2x
    SYND: +5.8% in 1h, vol $170k, activity 1.7x
  [01:38:13] Can't afford minimum for 0G
  [01:38:13] Can't afford minimum for SYND
  Positions (2/3):
    SHAPE: entry $0.0009 → $0.0010 (+5.5%)
    KAT: entry $0.0120 → $0.0116 (-3.2%)

[01:43:13] Scan #622
  637 USD pairs found
  637 tickers fetched
  F&G: 25 (Fear) | Market 24h: -0.9% | BTC dom: 58.1% [cache]
  3 signals found:
    0G: +3.9% in 1h, vol $118k, activity 6.9x
    FLOW: +3.5% in 1h, vol $192k, activity 2.2x
    SYND: +5.3% in 1h, vol $170k, activity 1.7x
  [01:43:22] Can't afford minimum for 0G
  [01:43:22] Can't afford minimum for FLOW
  [01:43:22] Can't afford minimum for SYND
  Positions (2/3):
    SHAPE: entry $0.0009 → $0.0009 (+4.4%)
    KAT: entry $0.0120 → $0.0115 (-4.1%)

[01:48:22] Scan #623
  637 USD pairs found
  637 tickers fetched
  F&G: 25 (Fear) | Market 24h: -0.9% | BTC dom: 58.1% [cache]
  2 signals found:
    0G: +4.7% in 1h, vol $119k, activity 6.6x
    FLOW: +4.7% in 1h, vol $195k, activity 2.2x
  [01:48:32] Can't afford minimum for 0G
  [01:48:32] Can't afford minimum for FLOW
  Positions (2/3):
    SHAPE: entry $0.0009 → $0.0009 (+4.4%)
    KAT: entry $0.0120 → $0.0116 (-3.2%)

[01:53:32] Scan #624
  637 USD pairs found
  637 tickers fetched
  F&G: 25 (Fear) | Market 24h: -1.0% | BTC dom: 58.1% [cache]
  2 signals found:
    0G: +4.7% in 1h, vol $119k, activity 6.3x
    FLOW: +4.4% in 1h, vol $194k, activity 2.1x
  [01:53:41] Can't afford minimum for 0G
  [01:53:41] Can't afford minimum for FLOW
  Positions (2/3):
    SHAPE: entry $0.0009 → $0.0010 (+5.5%)
    KAT: entry $0.0120 → $0.0116 (-3.2%)

[01:58:41] Scan #625
  637 USD pairs found
  637 tickers fetched
  F&G: 25 (Fear) | Market 24h: -1.1% | BTC dom: 58.1% [cache]
  1 signals found:
    FLOW: +4.4% in 1h, vol $193k, activity 2.0x
  [01:58:50] Can't afford minimum for FLOW
  Positions (2/3):
    SHAPE: entry $0.0009 → $0.0010 (+5.5%)
    KAT: entry $0.0120 → $0.0117 (-2.9%)

[02:03:50] Scan #626
  637 USD pairs found
  637 tickers fetched
  F&G: 25 (Fear) | Market 24h: -1.2% | BTC dom: 58.0% [cache]
  No signals (637 pairs ready)
  Positions (2/3):
    SHAPE: entry $0.0009 → $0.0010 (+6.6%)
    KAT: entry $0.0120 → $0.0118 (-1.5%)

[02:09:00] Scan #627
  637 USD pairs found
  637 tickers fetched
  F&G: 25 (Fear) | Market 24h: -1.3% | BTC dom: 58.1% [cache]
  No signals (637 pairs ready)
  Positions (2/3):
    SHAPE: entry $0.0009 → $0.0010 (+6.6%)
    KAT: entry $0.0120 → $0.0118 (-1.5%)

[02:14:09] Scan #628
  637 USD pairs found
  637 tickers fetched
  F&G: 25 (Fear) | Market 24h: -1.2% | BTC dom: 58.1% [cache]
  No signals (637 pairs ready)
  Positions (2/3):
    SHAPE: entry $0.0009 → $0.0010 (+6.6%)
    KAT: entry $0.0120 → $0.0118 (-2.2%)

[02:19:19] Scan #629
  637 USD pairs found
  637 tickers fetched
  F&G: 25 (Fear) | Market 24h: -1.3% | BTC dom: 58.1% [cache]
  No signals (637 pairs ready)
  Positions (2/3):
    SHAPE: entry $0.0009 → $0.0010 (+8.8%)
    KAT: entry $0.0120 → $0.0117 (-2.7%)

[02:24:28] Scan #630
  637 USD pairs found
  637 tickers fetched
  F&G: 25 (Fear) | Market 24h: -1.4% | BTC dom: 58.1% [cache]
  1 signals found:
    PLAY: +3.6% in 1h, vol $240k, activity 1.6x
  [02:24:38] Can't afford minimum for PLAY
  Positions (2/3):
    SHAPE: entry $0.0009 → $0.0010 (+8.8%)
    KAT: entry $0.0120 → $0.0119 (-1.3%)

[02:29:38] Scan #631
  637 USD pairs found
  637 tickers fetched
  F&G: 25 (Fear) | Market 24h: -1.3% | BTC dom: 58.1% [cache]
  No signals (637 pairs ready)
  Positions (2/3):
    SHAPE: entry $0.0009 → $0.0010 (+8.8%)
    KAT: entry $0.0120 → $0.0118 (-2.2%)

[02:34:47] Scan #632
  637 USD pairs found
  637 tickers fetched
  F&G: 25 (Fear) | Market 24h: -1.4% | BTC dom: 58.1% [cache]
  No signals (637 pairs ready)
  Positions (2/3):
    SHAPE: entry $0.0009 → $0.0010 (+6.6%)
    KAT: entry $0.0120 → $0.0118 (-1.9%)

[02:39:56] Scan #633
  637 USD pairs found
  637 tickers fetched
  F&G: 25 (Fear) | Market 24h: -1.3% | BTC dom: 58.1% [cache]
  2 signals found:
    KTA: +3.2% in 1h, vol $163k, activity 1.9x
    PLAY: +3.1% in 1h, vol $244k, activity 1.6x
  [02:40:05] BUY 40.0 KTA @ ~$0.1623 (~$6.49)
  ✅ Order placed: {'txid': ['OWFK6G-BO3YI-M6XYBA'], 'descr': {'order': 'buy 40.000 KTAUSD @ market'}}
  [02:40:05] Bought: ['OWFK6G-BO3YI-M6XYBA']
  ✅ Order placed: {'txid': ['OWDC7Z-O4N5B-TSFCPA'], 'descr': {'order': 'sell 40.000 KTAUSD @ stop loss 0.1493'}}
  [02:40:07] SL placed @ $0.1493 | TP target $0.1785 (bot loop)
  Positions (3/3):
    SHAPE: entry $0.0009 → $0.0010 (+6.6%)
    KAT: entry $0.0120 → $0.0119 (-1.2%)
    KTA: entry $0.1623 → $0.1623 (+0.0%)

[02:45:08] Scan #634
  637 USD pairs found
  637 tickers fetched
  F&G: 26 (Fear) | Market 24h: -1.2% | BTC dom: 58.1% [cache]
  At max positions (3/3)
  Positions (3/3):
    SHAPE: entry $0.0009 → $0.0010 (+6.6%)
    KAT: entry $0.0120 → $0.0119 (-1.2%)
    KTA: entry $0.1623 → $0.1631 (+0.5%)

[02:50:17] Scan #635
  637 USD pairs found
  637 tickers fetched
  F&G: 26 (Fear) | Market 24h: -1.1% | BTC dom: 58.1% [cache]
  At max positions (3/3)
  Positions (3/3):
    SHAPE: entry $0.0009 → $0.0010 (+6.6%)
    KAT: entry $0.0120 → $0.0119 (-0.7%)
    KTA: entry $0.1623 → $0.1621 (-0.1%)

[02:55:26] Scan #636
  637 USD pairs found
  637 tickers fetched
  F&G: 26 (Fear) | Market 24h: -1.3% | BTC dom: 58.1% [cache]
  At max positions (3/3)
  Positions (3/3):
    SHAPE: entry $0.0009 → $0.0010 (+8.8%)
    KAT: entry $0.0120 → $0.0120 (+0.2%)
    KTA: entry $0.1623 → $0.1620 (-0.2%)

[03:00:36] Scan #637
  637 USD pairs found
  637 tickers fetched
  F&G: 26 (Fear) | Market 24h: -1.3% | BTC dom: 58.1% [cache]
  At max positions (3/3)
  Positions (3/3):
    SHAPE: entry $0.0009 → $0.0010 (+8.8%)
    KAT: entry $0.0120 → $0.0120 (-0.2%)
    KTA: entry $0.1623 → $0.1623 (+0.0%)

[03:05:45] Scan #638
  637 USD pairs found
  637 tickers fetched
  F&G: 26 (Fear) | Market 24h: -0.8% | BTC dom: 58.2% [cache]
  At max positions (3/3)
  Positions (3/3):
    SHAPE: entry $0.0009 → $0.0010 (+7.7%)
    KAT: entry $0.0120 → $0.0120 (-0.2%)
    KTA: entry $0.1623 → $0.1624 (+0.1%)

[03:10:54] Scan #639
  637 USD pairs found
  637 tickers fetched
  F&G: 26 (Fear) | Market 24h: -1.0% | BTC dom: 58.1% [cache]
  At max positions (3/3)
  Positions (3/3):
    SHAPE: entry $0.0009 → $0.0010 (+7.7%)
    KAT: entry $0.0120 → $0.0121 (+0.6%)
    KTA: entry $0.1623 → $0.1625 (+0.1%)

[03:16:04] Scan #640
  637 USD pairs found
  637 tickers fetched
  F&G: 26 (Fear) | Market 24h: -1.3% | BTC dom: 58.1% [cache]
  At max positions (3/3)
  Positions (3/3):
    SHAPE: entry $0.0009 → $0.0010 (+8.8%)
    KAT: entry $0.0120 → $0.0123 (+2.0%)
    KTA: entry $0.1623 → $0.1627 (+0.2%)

[03:21:13] Scan #641
  637 USD pairs found
  637 tickers fetched
  F&G: 26 (Fear) | Market 24h: -1.4% | BTC dom: 58.1% [cache]
  At max positions (3/3)
  Positions (3/3):
    SHAPE: entry $0.0009 → $0.0009 (+3.3%)
    KAT: entry $0.0120 → $0.0120 (-0.2%)
    KTA: entry $0.1623 → $0.1621 (-0.1%)

[03:26:23] Scan #642
  637 USD pairs found
  637 tickers fetched
  F&G: 26 (Fear) | Market 24h: -1.4% | BTC dom: 58.1% [cache]
  At max positions (3/3)
  Positions (3/3):
    SHAPE: entry $0.0009 → $0.0010 (+6.6%)
    KAT: entry $0.0120 → $0.0120 (-0.4%)
    KTA: entry $0.1623 → $0.1621 (-0.1%)

[03:31:32] Scan #643
  637 USD pairs found
  637 tickers fetched
  F&G: 26 (Fear) | Market 24h: -1.6% | BTC dom: 58.1% [cache]
  At max positions (3/3)
  Positions (3/3):
    SHAPE: entry $0.0009 → $0.0010 (+5.5%)
    KAT: entry $0.0120 → $0.0119 (-1.1%)
    KTA: entry $0.1623 → $0.1621 (-0.1%)

[03:36:42] Scan #644
  637 USD pairs found
  637 tickers fetched
  F&G: 26 (Fear) | Market 24h: -1.7% | BTC dom: 58.1% [cache]
  At max positions (3/3)
  Positions (3/3):
    SHAPE: entry $0.0009 → $0.0009 (+4.4%)
    KAT: entry $0.0120 → $0.0119 (-1.2%)
    KTA: entry $0.1623 → $0.1621 (-0.1%)

[03:41:58] Scan #645
  637 USD pairs found
  637 tickers fetched
  F&G: 25 (Fear) | Market 24h: -1.6% | BTC dom: 58.1% [cache]
  At max positions (3/3)
  Positions (3/3):
    SHAPE: entry $0.0009 → $0.0010 (+6.6%)
    KAT: entry $0.0120 → $0.0120 (+0.2%)
    KTA: entry $0.1623 → $0.1614 (-0.6%)

[03:47:07] Scan #646
  637 USD pairs found
  637 tickers fetched
  F&G: 25 (Fear) | Market 24h: -1.6% | BTC dom: 58.1% [cache]
  At max positions (3/3)
  Positions (3/3):
    SHAPE: entry $0.0009 → $0.0010 (+5.5%)
    KAT: entry $0.0120 → $0.0120 (+0.2%)
    KTA: entry $0.1623 → $0.1621 (-0.1%)

[03:52:17] Scan #647
  637 USD pairs found
  637 tickers fetched
  F&G: 25 (Fear) | Market 24h: -1.5% | BTC dom: 58.1% [cache]
  At max positions (3/3)
  Positions (3/3):
    SHAPE: entry $0.0009 → $0.0010 (+7.7%)
    KAT: entry $0.0120 → $0.0119 (-1.3%)
    KTA: entry $0.1623 → $0.1621 (-0.1%)

[03:57:26] Scan #648
  637 USD pairs found
  637 tickers fetched
  F&G: 25 (Fear) | Market 24h: -1.6% | BTC dom: 58.1% [cache]
  At max positions (3/3)
  Positions (3/3):
    SHAPE: entry $0.0009 → $0.0010 (+8.8%)
    KAT: entry $0.0120 → $0.0119 (-1.2%)
    KTA: entry $0.1623 → $0.1621 (-0.1%)

[04:02:36] Scan #649
  637 USD pairs found
  637 tickers fetched
  F&G: 25 (Fear) | Market 24h: -1.6% | BTC dom: 58.1% [cache]
  At max positions (3/3)
  Positions (3/3):
    SHAPE: entry $0.0009 → $0.0010 (+8.8%)
    KAT: entry $0.0120 → $0.0119 (-1.2%)
    KTA: entry $0.1623 → $0.1607 (-1.0%)

[04:07:46] Scan #650
  637 USD pairs found
  637 tickers fetched
  F&G: 25 (Fear) | Market 24h: -1.7% | BTC dom: 58.1% [cache]
  At max positions (3/3)
  Positions (3/3):
    SHAPE: entry $0.0009 → $0.0010 (+6.6%)
    KAT: entry $0.0120 → $0.0120 (-0.3%)
    KTA: entry $0.1623 → $0.1602 (-1.3%)

[04:12:55] Scan #651
  637 USD pairs found
  637 tickers fetched
  F&G: 25 (Fear) | Market 24h: -1.7% | BTC dom: 58.1% [cache]
  At max positions (3/3)
  Positions (3/3):
    SHAPE: entry $0.0009 → $0.0010 (+6.6%)
    KAT: entry $0.0120 → $0.0119 (-0.8%)
    KTA: entry $0.1623 → $0.1602 (-1.3%)

[04:18:04] Scan #652
  637 USD pairs found
  637 tickers fetched
  F&G: 25 (Fear) | Market 24h: -1.8% | BTC dom: 58.1% [cache]
  At max positions (3/3)
  Positions (3/3):
    SHAPE: entry $0.0009 → $0.0009 (+4.4%)
    KAT: entry $0.0120 → $0.0122 (+1.3%)
    KTA: entry $0.1623 → $0.1602 (-1.3%)

[04:23:13] Scan #653
  637 USD pairs found
  637 tickers fetched
  F&G: 25 (Fear) | Market 24h: -1.8% | BTC dom: 58.1% [cache]
  At max positions (3/3)
  Positions (3/3):
    SHAPE: entry $0.0009 → $0.0009 (+4.4%)
    KAT: entry $0.0120 → $0.0120 (+0.2%)
    KTA: entry $0.1623 → $0.1602 (-1.3%)

[04:28:24] Scan #654
  637 USD pairs found
  637 tickers fetched
  F&G: 25 (Fear) | Market 24h: -1.5% | BTC dom: 58.1% [cache]
  At max positions (3/3)
  Positions (3/3):
    SHAPE: entry $0.0009 → $0.0009 (+4.4%)
    KAT: entry $0.0120 → $0.0121 (+0.5%)
    KTA: entry $0.1623 → $0.1602 (-1.3%)

[04:33:33] Scan #655
  637 USD pairs found
  637 tickers fetched
  F&G: 25 (Fear) | Market 24h: -1.5% | BTC dom: 58.1% [cache]
  At max positions (3/3)
  Positions (3/3):
    SHAPE: entry $0.0009 → $0.0010 (+5.5%)
    KAT: entry $0.0120 → $0.0121 (+1.0%)
    KTA: entry $0.1623 → $0.1586 (-2.3%)

[04:38:42] Scan #656
  637 USD pairs found
  637 tickers fetched
  F&G: 25 (Fear) | Market 24h: -1.6% | BTC dom: 58.2% [cache]
  At max positions (3/3)
  Positions (3/3):
    SHAPE: entry $0.0009 → $0.0010 (+5.5%)
    KAT: entry $0.0120 → $0.0119 (-0.9%)
    KTA: entry $0.1623 → $0.1586 (-2.3%)

[04:43:52] Scan #657
  637 USD pairs found
  637 tickers fetched
  F&G: 26 (Fear) | Market 24h: -1.4% | BTC dom: 58.2% [cache]
  At max positions (3/3)
  Positions (3/3):
    SHAPE: entry $0.0009 → $0.0010 (+5.5%)
    KAT: entry $0.0120 → $0.0120 (-0.1%)
    KTA: entry $0.1623 → $0.1586 (-2.3%)

[04:49:01] Scan #658
  637 USD pairs found
  637 tickers fetched
  F&G: 26 (Fear) | Market 24h: -1.5% | BTC dom: 58.2% [cache]
  At max positions (3/3)
  Positions (3/3):
    SHAPE: entry $0.0009 → $0.0010 (+5.5%)
    KAT: entry $0.0120 → $0.0121 (+0.8%)
    KTA: entry $0.1623 → $0.1583 (-2.5%)

[04:54:10] Scan #659
  637 USD pairs found
  637 tickers fetched
  F&G: 26 (Fear) | Market 24h: -1.4% | BTC dom: 58.2% [cache]
  At max positions (3/3)
  Positions (3/3):
    SHAPE: entry $0.0009 → $0.0010 (+5.5%)
    KAT: entry $0.0120 → $0.0120 (-0.5%)
    KTA: entry $0.1623 → $0.1583 (-2.5%)

[04:59:19] Scan #660
  637 USD pairs found
  637 tickers fetched
  F&G: 26 (Fear) | Market 24h: -1.3% | BTC dom: 58.2% [cache]
  At max positions (3/3)
  Positions (3/3):
    SHAPE: entry $0.0009 → $0.0010 (+6.6%)
    KAT: entry $0.0120 → $0.0120 (-0.4%)
    KTA: entry $0.1623 → $0.1583 (-2.5%)

[05:04:29] Scan #661
  637 USD pairs found
  637 tickers fetched
  F&G: 26 (Fear) | Market 24h: -1.1% | BTC dom: 58.2% [cache]
  At max positions (3/3)
  Positions (3/3):
    SHAPE: entry $0.0009 → $0.0010 (+6.6%)
    KAT: entry $0.0120 → $0.0120 (-0.4%)
    KTA: entry $0.1623 → $0.1577 (-2.8%)

[05:09:38] Scan #662
  637 USD pairs found
  637 tickers fetched
  F&G: 26 (Fear) | Market 24h: -1.0% | BTC dom: 58.2% [cache]
  At max positions (3/3)
  Positions (3/3):
    SHAPE: entry $0.0009 → $0.0010 (+6.6%)
    KAT: entry $0.0120 → $0.0120 (-0.3%)
    KTA: entry $0.1623 → $0.1572 (-3.1%)

[05:14:47] Scan #663
  637 USD pairs found
  637 tickers fetched
  F&G: 27 (Fear) | Market 24h: -0.9% | BTC dom: 58.2% [cache]
  At max positions (3/3)
  Positions (3/3):
    SHAPE: entry $0.0009 → $0.0009 (+4.4%)
    KAT: entry $0.0120 → $0.0120 (-0.4%)
    KTA: entry $0.1623 → $0.1572 (-3.1%)

[05:19:56] Scan #664
  637 USD pairs found
  637 tickers fetched
  F&G: 27 (Fear) | Market 24h: -0.8% | BTC dom: 58.2% [cache]
  At max positions (3/3)
  Positions (3/3):
    SHAPE: entry $0.0009 → $0.0009 (+4.4%)
    KAT: entry $0.0120 → $0.0120 (-0.6%)
    KTA: entry $0.1623 → $0.1572 (-3.1%)

[05:25:05] Scan #665
  637 USD pairs found
  637 tickers fetched
  F&G: 27 (Fear) | Market 24h: -0.8% | BTC dom: 58.2% [cache]
  At max positions (3/3)
  Positions (3/3):
    SHAPE: entry $0.0009 → $0.0009 (+4.4%)
    KAT: entry $0.0120 → $0.0120 (-0.6%)
    KTA: entry $0.1623 → $0.1572 (-3.1%)

[05:30:15] Scan #666
  637 USD pairs found
  637 tickers fetched
  F&G: 27 (Fear) | Market 24h: -0.9% | BTC dom: 58.2% [cache]
  At max positions (3/3)
  Positions (3/3):
    SHAPE: entry $0.0009 → $0.0010 (+5.5%)
    KAT: entry $0.0120 → $0.0121 (+0.6%)
    KTA: entry $0.1623 → $0.1588 (-2.2%)

[05:35:24] Scan #667
  637 USD pairs found
  637 tickers fetched
  F&G: 27 (Fear) | Market 24h: -0.9% | BTC dom: 58.2% [cache]
  At max positions (3/3)
  Positions (3/3):
    SHAPE: entry $0.0009 → $0.0010 (+5.5%)
    KAT: entry $0.0120 → $0.0122 (+1.7%)
    KTA: entry $0.1623 → $0.1588 (-2.2%)

[05:40:33] Scan #668
  637 USD pairs found
  637 tickers fetched
  F&G: 27 (Fear) | Market 24h: -0.9% | BTC dom: 58.2% [cache]
  At max positions (3/3)
  Positions (3/3):
    SHAPE: entry $0.0009 → $0.0010 (+5.5%)
    KAT: entry $0.0120 → $0.0123 (+2.4%)
    KTA: entry $0.1623 → $0.1588 (-2.2%)

[05:45:42] Scan #669
  637 USD pairs found
  637 tickers fetched
  F&G: 27 (Fear) | Market 24h: -0.9% | BTC dom: 58.2% [cache]
  At max positions (3/3)
  Positions (3/3):
    SHAPE: entry $0.0009 → $0.0010 (+6.6%)
    KAT: entry $0.0120 → $0.0123 (+2.0%)
    KTA: entry $0.1623 → $0.1588 (-2.2%)

[05:50:51] Scan #670
  637 USD pairs found
  637 tickers fetched
  F&G: 27 (Fear) | Market 24h: -0.9% | BTC dom: 58.2% [cache]
  At max positions (3/3)
  Positions (3/3):
    SHAPE: entry $0.0009 → $0.0010 (+6.6%)
    KAT: entry $0.0120 → $0.0121 (+0.8%)
    KTA: entry $0.1623 → $0.1588 (-2.2%)

[05:56:01] Scan #671
  637 USD pairs found
  637 tickers fetched
  F&G: 27 (Fear) | Market 24h: -0.9% | BTC dom: 58.2% [cache]
  At max positions (3/3)
  Positions (3/3):
    SHAPE: entry $0.0009 → $0.0010 (+6.6%)
    KAT: entry $0.0120 → $0.0121 (+0.8%)
    KTA: entry $0.1623 → $0.1588 (-2.2%)

[06:01:10] Scan #672
  637 USD pairs found
  637 tickers fetched
  F&G: 26 (Fear) | Market 24h: -0.8% | BTC dom: 58.3% [cache]
  At max positions (3/3)
  Positions (3/3):
    SHAPE: entry $0.0009 → $0.0009 (+4.4%)
    KAT: entry $0.0120 → $0.0121 (+0.8%)
    KTA: entry $0.1623 → $0.1588 (-2.2%)

[06:06:19] Scan #673
  637 USD pairs found
  637 tickers fetched
  F&G: 26 (Fear) | Market 24h: -0.6% | BTC dom: 58.3% [cache]
  At max positions (3/3)
  Positions (3/3):
    SHAPE: entry $0.0009 → $0.0009 (+4.4%)
    KAT: entry $0.0120 → $0.0122 (+1.7%)
    KTA: entry $0.1623 → $0.1585 (-2.3%)

[06:11:28] Scan #674
  637 USD pairs found
  637 tickers fetched
  F&G: 26 (Fear) | Market 24h: -0.8% | BTC dom: 58.3% [cache]
  At max positions (3/3)
  Positions (3/3):
    SHAPE: entry $0.0009 → $0.0009 (+4.4%)
    KAT: entry $0.0120 → $0.0123 (+2.7%)
    KTA: entry $0.1623 → $0.1570 (-3.3%)

[06:16:37] Scan #675
  637 USD pairs found
  637 tickers fetched
  F&G: 26 (Fear) | Market 24h: -0.8% | BTC dom: 58.3% [cache]
  At max positions (3/3)
  Positions (3/3):
    SHAPE: entry $0.0009 → $0.0009 (+4.4%)
    KAT: entry $0.0120 → $0.0123 (+2.2%)
    KTA: entry $0.1623 → $0.1570 (-3.3%)

[06:21:47] Scan #676
  637 USD pairs found
  637 tickers fetched
  F&G: 26 (Fear) | Market 24h: -0.9% | BTC dom: 58.3% [cache]
  At max positions (3/3)
  Positions (3/3):
    SHAPE: entry $0.0009 → $0.0009 (+4.4%)
    KAT: entry $0.0120 → $0.0123 (+2.2%)
    KTA: entry $0.1623 → $0.1569 (-3.3%)

[06:26:56] Scan #677
  637 USD pairs found
  637 tickers fetched
  F&G: 26 (Fear) | Market 24h: -1.0% | BTC dom: 58.3% [cache]
  At max positions (3/3)
  Positions (3/3):
    SHAPE: entry $0.0009 → $0.0009 (+4.4%)
    KAT: entry $0.0120 → $0.0121 (+0.6%)
    KTA: entry $0.1623 → $0.1577 (-2.8%)

[06:32:05] Scan #678
  637 USD pairs found
  637 tickers fetched
  F&G: 26 (Fear) | Market 24h: -1.0% | BTC dom: 58.3% [cache]
  At max positions (3/3)
  Positions (3/3):
    SHAPE: entry $0.0009 → $0.0010 (+5.5%)
    KAT: entry $0.0120 → $0.0121 (+0.6%)
    KTA: entry $0.1623 → $0.1577 (-2.8%)

[06:37:14] Scan #679
  637 USD pairs found
  637 tickers fetched
  F&G: 26 (Fear) | Market 24h: -1.1% | BTC dom: 58.3% [cache]
  At max positions (3/3)
  Positions (3/3):
    SHAPE: entry $0.0009 → $0.0010 (+6.6%)
    KAT: entry $0.0120 → $0.0121 (+0.6%)
    KTA: entry $0.1623 → $0.1573 (-3.1%)

[06:42:23] Scan #680
  637 USD pairs found
  637 tickers fetched
  F&G: 26 (Fear) | Market 24h: -1.2% | BTC dom: 58.2% [cache]
  At max positions (3/3)
  Positions (3/3):
    SHAPE: entry $0.0009 → $0.0009 (+4.4%)
    KAT: entry $0.0120 → $0.0121 (+0.6%)
    KTA: entry $0.1623 → $0.1573 (-3.1%)

[06:47:33] Scan #681
  637 USD pairs found
  637 tickers fetched
  F&G: 26 (Fear) | Market 24h: -1.6% | BTC dom: 58.2% [cache]
  At max positions (3/3)
  Positions (3/3):
    SHAPE: entry $0.0009 → $0.0009 (+3.3%)
    KAT: entry $0.0120 → $0.0118 (-1.7%)
    KTA: entry $0.1623 → $0.1573 (-3.1%)

[06:52:42] Scan #682
  637 USD pairs found
  637 tickers fetched
  F&G: 26 (Fear) | Market 24h: -1.8% | BTC dom: 58.1% [cache]
  At max positions (3/3)
  Positions (3/3):
    SHAPE: entry $0.0009 → $0.0009 (+3.3%)
    KAT: entry $0.0120 → $0.0120 (-0.5%)
    KTA: entry $0.1623 → $0.1573 (-3.1%)

[06:57:51] Scan #683
  637 USD pairs found
  637 tickers fetched
  F&G: 24 (Fear) | Market 24h: -1.9% | BTC dom: 58.1% [cache]
  At max positions (3/3)
  Positions (3/3):
    SHAPE: entry $0.0009 → $0.0009 (+2.2%)
    KAT: entry $0.0120 → $0.0120 (-0.6%)
    KTA: entry $0.1623 → $0.1573 (-3.1%)

[07:03:00] Scan #684
  637 USD pairs found
  637 tickers fetched
  F&G: 24 (Fear) | Market 24h: -1.9% | BTC dom: 58.1% [cache]
  At max positions (3/3)
  Positions (3/3):
    SHAPE: entry $0.0009 → $0.0010 (+5.5%)
    KAT: entry $0.0120 → $0.0119 (-1.2%)
    KTA: entry $0.1623 → $0.1573 (-3.1%)

[07:08:09] Scan #685
  637 USD pairs found
  637 tickers fetched
  F&G: 24 (Fear) | Market 24h: -1.9% | BTC dom: 58.1% [cache]
  At max positions (3/3)
  Positions (3/3):
    SHAPE: entry $0.0009 → $0.0009 (+3.3%)
    KAT: entry $0.0120 → $0.0119 (-1.0%)
    KTA: entry $0.1623 → $0.1573 (-3.1%)

[07:13:19] Scan #686
  637 USD pairs found
  637 tickers fetched
  F&G: 24 (Fear) | Market 24h: -2.3% | BTC dom: 58.1% [cache]
  At max positions (3/3)
  Positions (3/3):
    SHAPE: entry $0.0009 → $0.0010 (+5.5%)
    KAT: entry $0.0120 → $0.0120 (-0.6%)
    KTA: entry $0.1623 → $0.1550 (-4.5%)

[07:18:28] Scan #687
  637 USD pairs found
  637 tickers fetched
  F&G: 24 (Fear) | Market 24h: -2.0% | BTC dom: 58.2% [cache]
  At max positions (3/3)
  Positions (3/3):
    SHAPE: entry $0.0009 → $0.0009 (+3.3%)
    KAT: entry $0.0120 → $0.0120 (-0.2%)
    KTA: entry $0.1623 → $0.1544 (-4.9%)

[07:23:37] Scan #688
  637 USD pairs found
  637 tickers fetched
  F&G: 24 (Fear) | Market 24h: -1.9% | BTC dom: 58.2% [cache]
  At max positions (3/3)
  Positions (3/3):
    SHAPE: entry $0.0009 → $0.0009 (+2.2%)
    KAT: entry $0.0120 → $0.0120 (-0.2%)
    KTA: entry $0.1623 → $0.1544 (-4.9%)

[07:28:46] Scan #689
  637 USD pairs found
  637 tickers fetched
  F&G: 25 (Fear) | Market 24h: -2.1% | BTC dom: 58.2% [cache]
  At max positions (3/3)
  Positions (3/3):
    SHAPE: entry $0.0009 → $0.0009 (+2.2%)
    KAT: entry $0.0120 → $0.0120 (-0.2%)
    KTA: entry $0.1623 → $0.1544 (-4.9%)

[07:33:56] Scan #690
  637 USD pairs found
  637 tickers fetched
  F&G: 25 (Fear) | Market 24h: -2.2% | BTC dom: 58.2% [cache]
  At max positions (3/3)
  Positions (3/3):
    SHAPE: entry $0.0009 → $0.0009 (+4.4%)
    KAT: entry $0.0120 → $0.0120 (-0.1%)
    KTA: entry $0.1623 → $0.1544 (-4.9%)

[07:39:05] Scan #691
  637 USD pairs found
  637 tickers fetched
  F&G: 25 (Fear) | Market 24h: -1.9% | BTC dom: 58.2% [cache]
  At max positions (3/3)
  Positions (3/3):
    SHAPE: entry $0.0009 → $0.0009 (+4.4%)
    KAT: entry $0.0120 → $0.0121 (+1.0%)
    KTA: entry $0.1623 → $0.1546 (-4.7%)

[07:44:14] Scan #692
  637 USD pairs found
  637 tickers fetched
  F&G: 25 (Fear) | Market 24h: -1.2% | BTC dom: 58.2% [cache]
  At max positions (3/3)
  Positions (3/3):
    SHAPE: entry $0.0009 → $0.0010 (+5.5%)
    KAT: entry $0.0120 → $0.0124 (+3.2%)
    KTA: entry $0.1623 → $0.1546 (-4.7%)

[07:49:23] Scan #693
  637 USD pairs found
  637 tickers fetched
  F&G: 25 (Fear) | Market 24h: -1.1% | BTC dom: 58.3% [cache]
  At max positions (3/3)
  Positions (3/3):
    SHAPE: entry $0.0009 → $0.0010 (+5.5%)
    KAT: entry $0.0120 → $0.0122 (+1.5%)
    KTA: entry $0.1623 → $0.1546 (-4.7%)

[07:54:33] Scan #694
  637 USD pairs found
  637 tickers fetched
  F&G: 26 (Fear) | Market 24h: -1.1% | BTC dom: 58.3% [cache]
  At max positions (3/3)
  Positions (3/3):
    SHAPE: entry $0.0009 → $0.0010 (+5.5%)
    KAT: entry $0.0120 → $0.0121 (+0.5%)
    KTA: entry $0.1623 → $0.1546 (-4.7%)

[07:59:42] Scan #695
  637 USD pairs found
  637 tickers fetched
  F&G: 26 (Fear) | Market 24h: -1.0% | BTC dom: 58.3% [cache]
  At max positions (3/3)
  Positions (3/3):
    SHAPE: entry $0.0009 → $0.0009 (+3.3%)
    KAT: entry $0.0120 → $0.0121 (+0.5%)
    KTA: entry $0.1623 → $0.1546 (-4.7%)

[08:04:51] Scan #696
  637 USD pairs found
  637 tickers fetched
  F&G: 26 (Fear) | Market 24h: -0.8% | BTC dom: 58.3% [cache]
  At max positions (3/3)
  Positions (3/3):
    SHAPE: entry $0.0009 → $0.0009 (+4.4%)
    KAT: entry $0.0120 → $0.0122 (+1.6%)
    KTA: entry $0.1623 → $0.1573 (-3.1%)

[08:10:00] Scan #697
  637 USD pairs found
  637 tickers fetched
  F&G: 26 (Fear) | Market 24h: -0.8% | BTC dom: 58.3% [cache]
  At max positions (3/3)
  Positions (3/3):
    SHAPE: entry $0.0009 → $0.0009 (+3.3%)
    KAT: entry $0.0120 → $0.0122 (+1.7%)
    KTA: entry $0.1623 → $0.1573 (-3.1%)

[08:15:09] Scan #698
  637 USD pairs found
  637 tickers fetched
  F&G: 26 (Fear) | Market 24h: -0.8% | BTC dom: 58.3% [cache]
  At max positions (3/3)
  Positions (3/3):
    SHAPE: entry $0.0009 → $0.0010 (+6.6%)
    KAT: entry $0.0120 → $0.0122 (+1.7%)
    KTA: entry $0.1623 → $0.1573 (-3.1%)

[08:20:19] Scan #699
  637 USD pairs found
  637 tickers fetched
  F&G: 26 (Fear) | Market 24h: -0.7% | BTC dom: 58.3% [cache]
  At max positions (3/3)
  Positions (3/3):
    SHAPE: entry $0.0009 → $0.0010 (+5.5%)
    KAT: entry $0.0120 → $0.0124 (+3.3%)
    KTA: entry $0.1623 → $0.1547 (-4.7%)

[08:25:28] Scan #700
  637 USD pairs found
  637 tickers fetched
  F&G: 26 (Fear) | Market 24h: -0.7% | BTC dom: 58.3% [cache]
  At max positions (3/3)
  Positions (3/3):
    SHAPE: entry $0.0009 → $0.0010 (+5.5%)
    KAT: entry $0.0120 → $0.0124 (+3.3%)
    KTA: entry $0.1623 → $0.1539 (-5.2%)

[08:30:37] Scan #701
  637 USD pairs found
  637 tickers fetched
  F&G: 26 (Fear) | Market 24h: -0.6% | BTC dom: 58.3% [cache]
  At max positions (3/3)
  Positions (3/3):
    SHAPE: entry $0.0009 → $0.0010 (+5.5%)
    KAT: entry $0.0120 → $0.0122 (+1.2%)
    KTA: entry $0.1623 → $0.1541 (-5.1%)

[08:35:46] Scan #702
  637 USD pairs found
  637 tickers fetched
  F&G: 26 (Fear) | Market 24h: -0.5% | BTC dom: 58.3% [cache]
  At max positions (3/3)
  Positions (3/3):
    SHAPE: entry $0.0009 → $0.0009 (+3.3%)
    KAT: entry $0.0120 → $0.0122 (+1.2%)
    KTA: entry $0.1623 → $0.1543 (-4.9%)

[08:40:56] Scan #703
  637 USD pairs found
  637 tickers fetched
  F&G: 26 (Fear) | Market 24h: -0.5% | BTC dom: 58.3% [cache]
  At max positions (3/3)
  Positions (3/3):
    SHAPE: entry $0.0009 → $0.0009 (+3.3%)
    KAT: entry $0.0120 → $0.0123 (+2.2%)
    KTA: entry $0.1623 → $0.1543 (-4.9%)

[08:46:05] Scan #704
  637 USD pairs found
  637 tickers fetched
  F&G: 26 (Fear) | Market 24h: -0.5% | BTC dom: 58.3% [cache]
  At max positions (3/3)
  Positions (3/3):
    SHAPE: entry $0.0009 → $0.0010 (+5.5%)
    KAT: entry $0.0120 → $0.0123 (+2.7%)
    KTA: entry $0.1623 → $0.1537 (-5.3%)

[08:51:14] Scan #705
  637 USD pairs found
  637 tickers fetched
  F&G: 26 (Fear) | Market 24h: -0.6% | BTC dom: 58.3% [cache]
  At max positions (3/3)
  Positions (3/3):
    SHAPE: entry $0.0009 → $0.0009 (+3.3%)
    KAT: entry $0.0120 → $0.0124 (+3.0%)
    KTA: entry $0.1623 → $0.1536 (-5.4%)

[08:56:23] Scan #706
  637 USD pairs found
  637 tickers fetched
  F&G: 26 (Fear) | Market 24h: -0.6% | BTC dom: 58.3% [cache]
  At max positions (3/3)
  Positions (3/3):
    SHAPE: entry $0.0009 → $0.0010 (+5.5%)
    KAT: entry $0.0120 → $0.0124 (+2.9%)
    KTA: entry $0.1623 → $0.1536 (-5.4%)

[09:01:33] Scan #707
  637 USD pairs found
  637 tickers fetched
  F&G: 26 (Fear) | Market 24h: -0.7% | BTC dom: 58.3% [cache]
  At max positions (3/3)
  Positions (3/3):
    SHAPE: entry $0.0009 → $0.0009 (+4.4%)
    KAT: entry $0.0120 → $0.0124 (+3.0%)
    KTA: entry $0.1623 → $0.1536 (-5.4%)

[09:06:42] Scan #708
  637 USD pairs found
  637 tickers fetched
  F&G: 26 (Fear) | Market 24h: -0.8% | BTC dom: 58.3% [cache]
  At max positions (3/3)
  Positions (3/3):
    SHAPE: entry $0.0009 → $0.0009 (+3.3%)
    KAT: entry $0.0120 → $0.0124 (+3.0%)
    KTA: entry $0.1623 → $0.1536 (-5.4%)

[09:11:51] Scan #709
  637 USD pairs found
  637 tickers fetched
  F&G: 25 (Fear) | Market 24h: -1.1% | BTC dom: 58.3% [cache]
  At max positions (3/3)
  Positions (3/3):
    SHAPE: entry $0.0009 → $0.0009 (+0.0%)
    KAT: entry $0.0120 → $0.0124 (+3.1%)
    KTA: entry $0.1623 → $0.1530 (-5.7%)

[09:17:00] Scan #710
  637 USD pairs found
  637 tickers fetched
  F&G: 25 (Fear) | Market 24h: -1.1% | BTC dom: 58.3% [cache]
  At max positions (3/3)
  Positions (3/3):
    SHAPE: entry $0.0009 → $0.0009 (+3.3%)
    KAT: entry $0.0120 → $0.0121 (+1.0%)
    KTA: entry $0.1623 → $0.1526 (-6.0%)

[09:22:09] Scan #711
  637 USD pairs found
  637 tickers fetched
  F&G: 25 (Fear) | Market 24h: -0.9% | BTC dom: 58.3% [cache]
  At max positions (3/3)
  Positions (3/3):
    SHAPE: entry $0.0009 → $0.0009 (+2.2%)
    KAT: entry $0.0120 → $0.0121 (+0.3%)
    KTA: entry $0.1623 → $0.1525 (-6.0%)

[09:27:19] Scan #712
  637 USD pairs found
  637 tickers fetched
  F&G: 25 (Fear) | Market 24h: -0.9% | BTC dom: 58.3% [cache]
  At max positions (3/3)
  Positions (3/3):
    SHAPE: entry $0.0009 → $0.0009 (+1.1%)
    KAT: entry $0.0120 → $0.0121 (+0.4%)
    KTA: entry $0.1623 → $0.1525 (-6.0%)

[09:32:28] Scan #713
  637 USD pairs found
  637 tickers fetched
  F&G: 25 (Fear) | Market 24h: -0.9% | BTC dom: 58.3% [cache]
  At max positions (3/3)
  Positions (3/3):
    SHAPE: entry $0.0009 → $0.0009 (+0.0%)
    KAT: entry $0.0120 → $0.0120 (-0.1%)
    KTA: entry $0.1623 → $0.1509 (-7.0%)

[09:37:37] Scan #714
  637 USD pairs found
  637 tickers fetched
  F&G: 25 (Fear) | Market 24h: -1.0% | BTC dom: 58.3% [cache]
  At max positions (3/3)
  Positions (3/3):
    SHAPE: entry $0.0009 → $0.0009 (+1.1%)
    KAT: entry $0.0120 → $0.0121 (+1.0%)
    KTA: entry $0.1623 → $0.1509 (-7.0%)

[09:42:46] Scan #715
  637 USD pairs found
  637 tickers fetched
  F&G: 25 (Fear) | Market 24h: -1.3% | BTC dom: 58.3% [cache]
  At max positions (3/3)
  Positions (3/3):
    SHAPE: entry $0.0009 → $0.0009 (+1.1%)
    KAT: entry $0.0120 → $0.0121 (+1.0%)
    KTA: entry $0.1623 → $0.1506 (-7.2%)

[09:47:56] Scan #716
  637 USD pairs found
  637 tickers fetched
  F&G: 25 (Fear) | Market 24h: -1.1% | BTC dom: 58.3% [cache]
  At max positions (3/3)
  Positions (3/3):
    SHAPE: entry $0.0009 → $0.0009 (+1.1%)
    KAT: entry $0.0120 → $0.0120 (+0.1%)
    KTA: entry $0.1623 → $0.1506 (-7.2%)

[09:53:05] Scan #717
  637 USD pairs found
  637 tickers fetched
  F&G: 25 (Fear) | Market 24h: -1.1% | BTC dom: 58.3% [cache]
  At max positions (3/3)
  Positions (3/3):
    SHAPE: entry $0.0009 → $0.0009 (+2.2%)
    KAT: entry $0.0120 → $0.0120 (+0.1%)
    KTA: entry $0.1623 → $0.1507 (-7.1%)

[09:58:14] Scan #718
  637 USD pairs found
  637 tickers fetched
  F&G: 25 (Fear) | Market 24h: -1.1% | BTC dom: 58.3% [cache]
  At max positions (3/3)
  Positions (3/3):
    SHAPE: entry $0.0009 → $0.0009 (+1.1%)
    KAT: entry $0.0120 → $0.0121 (+0.6%)
    KTA: entry $0.1623 → $0.1507 (-7.1%)

[10:03:23] Scan #719
  637 USD pairs found
  637 tickers fetched
  F&G: 25 (Fear) | Market 24h: -1.0% | BTC dom: 58.3% [cache]
  At max positions (3/3)
  Positions (3/3):
    SHAPE: entry $0.0009 → $0.0009 (+2.2%)
    KAT: entry $0.0120 → $0.0121 (+0.6%)
    KTA: entry $0.1623 → $0.1507 (-7.1%)

[10:08:33] Scan #720
  637 USD pairs found
  637 tickers fetched
  F&G: 25 (Fear) | Market 24h: -0.9% | BTC dom: 58.3% [cache]
  At max positions (3/3)
  Positions (3/3):
    SHAPE: entry $0.0009 → $0.0009 (+0.0%)
    KAT: entry $0.0120 → $0.0119 (-0.9%)
    KTA: entry $0.1623 → $0.1507 (-7.1%)

[10:13:42] Scan #721
  637 USD pairs found
  637 tickers fetched
  F&G: 26 (Fear) | Market 24h: -0.6% | BTC dom: 58.4% [cache]
  At max positions (3/3)
  Positions (3/3):
    SHAPE: entry $0.0009 → $0.0009 (+0.0%)
    KAT: entry $0.0120 → $0.0119 (-0.7%)
    KTA: entry $0.1623 → $0.1508 (-7.1%)

[10:18:51] Scan #722
  637 USD pairs found
  637 tickers fetched
  F&G: 26 (Fear) | Market 24h: -0.4% | BTC dom: 58.4% [cache]
  At max positions (3/3)
  Positions (3/3):
    SHAPE: entry $0.0009 → $0.0009 (+0.0%)
    KAT: entry $0.0120 → $0.0120 (-0.6%)
    KTA: entry $0.1623 → $0.1508 (-7.1%)

[10:24:00] Scan #723
  637 USD pairs found
  637 tickers fetched
  F&G: 26 (Fear) | Market 24h: -0.5% | BTC dom: 58.3% [cache]
  At max positions (3/3)
  Positions (3/3):
    SHAPE: entry $0.0009 → $0.0009 (+0.0%)
    KAT: entry $0.0120 → $0.0120 (-0.2%)
    KTA: entry $0.1623 → $0.1508 (-7.1%)

[10:29:10] Scan #724
  637 USD pairs found
  637 tickers fetched
  F&G: 26 (Fear) | Market 24h: -0.7% | BTC dom: 58.3% [cache]
  At max positions (3/3)
  Positions (3/3):
    SHAPE: entry $0.0009 → $0.0009 (-3.3%)
    KAT: entry $0.0120 → $0.0120 (-0.2%)
    KTA: entry $0.1623 → $0.1517 (-6.5%)

[10:34:19] Scan #725
  637 USD pairs found
  637 tickers fetched
  F&G: 26 (Fear) | Market 24h: -0.7% | BTC dom: 58.3% [cache]
  At max positions (3/3)
  Positions (3/3):
    SHAPE: entry $0.0009 → $0.0009 (-3.3%)
    KAT: entry $0.0120 → $0.0118 (-1.4%)
    KTA: entry $0.1623 → $0.1517 (-6.5%)

[10:39:28] Scan #726
  637 USD pairs found
  637 tickers fetched
  F&G: 26 (Fear) | Market 24h: -0.6% | BTC dom: 58.3% [cache]
  At max positions (3/3)
  Positions (3/3):
    SHAPE: entry $0.0009 → $0.0009 (-2.2%)
    KAT: entry $0.0120 → $0.0118 (-1.7%)
    KTA: entry $0.1623 → $0.1524 (-6.1%)

[10:44:37] Scan #727
  637 USD pairs found
  637 tickers fetched
  F&G: 26 (Fear) | Market 24h: -0.6% | BTC dom: 58.3% [cache]
  At max positions (3/3)
  Positions (3/3):
    SHAPE: entry $0.0009 → $0.0009 (-3.3%)
    KAT: entry $0.0120 → $0.0118 (-1.7%)
    KTA: entry $0.1623 → $0.1517 (-6.5%)

[10:49:46] Scan #728
  637 USD pairs found
  637 tickers fetched
  F&G: 26 (Fear) | Market 24h: -0.6% | BTC dom: 58.4% [cache]
  At max positions (3/3)
  Positions (3/3):
    SHAPE: entry $0.0009 → $0.0009 (-2.2%)
    KAT: entry $0.0120 → $0.0116 (-3.7%)
    KTA: entry $0.1623 → $0.1517 (-6.5%)

[10:54:56] Scan #729
  637 USD pairs found
  637 tickers fetched
  F&G: 26 (Fear) | Market 24h: -0.6% | BTC dom: 58.4% [cache]
  At max positions (3/3)
  Positions (3/3):
    SHAPE: entry $0.0009 → $0.0009 (+1.1%)
    KAT: entry $0.0120 → $0.0116 (-3.2%)
    KTA: entry $0.1623 → $0.1517 (-6.5%)

[11:00:05] Scan #730
  637 USD pairs found
  637 tickers fetched
  F&G: 26 (Fear) | Market 24h: -0.5% | BTC dom: 58.4% [cache]
  At max positions (3/3)
  Positions (3/3):
    SHAPE: entry $0.0009 → $0.0009 (+0.0%)
    KAT: entry $0.0120 → $0.0116 (-3.6%)
    KTA: entry $0.1623 → $0.1517 (-6.5%)

[11:05:14] Scan #731
  637 USD pairs found
  637 tickers fetched
  F&G: 26 (Fear) | Market 24h: -0.5% | BTC dom: 58.4% [cache]
  At max positions (3/3)
  Positions (3/3):
    SHAPE: entry $0.0009 → $0.0009 (+0.0%)
    KAT: entry $0.0120 → $0.0115 (-4.7%)
    KTA: entry $0.1623 → $0.1520 (-6.3%)

[11:10:23] Scan #732
  637 USD pairs found
  637 tickers fetched
  F&G: 26 (Fear) | Market 24h: -0.3% | BTC dom: 58.4% [cache]
  At max positions (3/3)
  Positions (3/3):
    SHAPE: entry $0.0009 → $0.0009 (+0.0%)
    KAT: entry $0.0120 → $0.0118 (-1.7%)
    KTA: entry $0.1623 → $0.1567 (-3.5%)

[11:15:32] Scan #733
  637 USD pairs found
  637 tickers fetched
  F&G: 29 (Fear) | Market 24h: +2.6% | BTC dom: 58.6% [cache]
  At max positions (3/3)
  Positions (3/3):
    SHAPE: entry $0.0009 → $0.0009 (+0.0%)
    KAT: entry $0.0120 → $0.0118 (-2.0%)
    KTA: entry $0.1623 → $0.1592 (-1.9%)

[11:20:42] Scan #734
  637 USD pairs found
  637 tickers fetched
  F&G: 29 (Fear) | Market 24h: +3.2% | BTC dom: 58.5% [cache]
  At max positions (3/3)
  Positions (3/3):
    SHAPE: entry $0.0009 → $0.0009 (+0.0%)
    KAT: entry $0.0120 → $0.0117 (-3.1%)
    KTA: entry $0.1623 → $0.1592 (-1.9%)

[11:25:51] Scan #735
  637 USD pairs found
  637 tickers fetched
  F&G: 29 (Fear) | Market 24h: +2.7% | BTC dom: 58.4% [cache]
  At max positions (3/3)
  Positions (3/3):
    SHAPE: entry $0.0009 → $0.0009 (+0.0%)
    KAT: entry $0.0120 → $0.0117 (-3.0%)
    KTA: entry $0.1623 → $0.1592 (-1.9%)

[11:31:00] Scan #736
  637 USD pairs found
  637 tickers fetched
  F&G: 33 (Fear) | Market 24h: +2.4% | BTC dom: 58.4% [cache]
  At max positions (3/3)
  Positions (3/3):
    SHAPE: entry $0.0009 → $0.0009 (+2.2%)
    KAT: entry $0.0120 → $0.0118 (-2.2%)
    KTA: entry $0.1623 → $0.1626 (+0.2%)

[11:36:09] Scan #737
  637 USD pairs found
  637 tickers fetched
  F&G: 33 (Fear) | Market 24h: +2.8% | BTC dom: 58.4% [cache]
  At max positions (3/3)
  Positions (3/3):
    SHAPE: entry $0.0009 → $0.0009 (+1.1%)
    KAT: entry $0.0120 → $0.0118 (-2.2%)
    KTA: entry $0.1623 → $0.1601 (-1.4%)

[11:41:19] Scan #738
  637 USD pairs found
  637 tickers fetched
  F&G: 33 (Fear) | Market 24h: +3.2% | BTC dom: 58.5% [cache]
  At max positions (3/3)
  Positions (3/3):
    SHAPE: entry $0.0009 → $0.0009 (+1.1%)
    KAT: entry $0.0120 → $0.0117 (-2.7%)
    KTA: entry $0.1623 → $0.1592 (-1.9%)

[11:46:28] Scan #739
  637 USD pairs found
  637 tickers fetched
  F&G: 33 (Fear) | Market 24h: +2.5% | BTC dom: 58.4% [cache]
  At max positions (3/3)
  Positions (3/3):
    SHAPE: entry $0.0009 → $0.0009 (+2.2%)
    KAT: entry $0.0120 → $0.0117 (-2.6%)
    KTA: entry $0.1623 → $0.1587 (-2.2%)

[11:51:37] Scan #740
  637 USD pairs found
  637 tickers fetched
  F&G: 33 (Fear) | Market 24h: +2.8% | BTC dom: 58.5% [cache]
  At max positions (3/3)
  Positions (3/3):
    SHAPE: entry $0.0009 → $0.0009 (+1.1%)
    KAT: entry $0.0120 → $0.0117 (-3.0%)
    KTA: entry $0.1623 → $0.1578 (-2.8%)

[11:56:47] Scan #741
  637 USD pairs found
  637 tickers fetched
  F&G: 31 (Fear) | Market 24h: +2.5% | BTC dom: 58.4% [cache]
  At max positions (3/3)
  Positions (3/3):
    SHAPE: entry $0.0009 → $0.0009 (+1.1%)
    KAT: entry $0.0120 → $0.0117 (-3.0%)
    KTA: entry $0.1623 → $0.1578 (-2.8%)

[12:01:56] Scan #742
  637 USD pairs found
  637 tickers fetched
  F&G: 31 (Fear) | Market 24h: +2.2% | BTC dom: 58.4% [cache]
  At max positions (3/3)
  Positions (3/3):
    SHAPE: entry $0.0009 → $0.0009 (+0.0%)
    KAT: entry $0.0120 → $0.0117 (-2.3%)
    KTA: entry $0.1623 → $0.1563 (-3.7%)

[12:07:05] Scan #743
  637 USD pairs found
  637 tickers fetched
  F&G: 31 (Fear) | Market 24h: +1.9% | BTC dom: 58.4% [cache]
  At max positions (3/3)
  Positions (3/3):
    SHAPE: entry $0.0009 → $0.0009 (+0.0%)
    KAT: entry $0.0120 → $0.0120 (+0.2%)
    KTA: entry $0.1623 → $0.1563 (-3.7%)

[12:12:14] Scan #744
  637 USD pairs found
  637 tickers fetched
  F&G: 30 (Fear) | Market 24h: +2.0% | BTC dom: 58.4% [cache]
  At max positions (3/3)
  Positions (3/3):
    SHAPE: entry $0.0009 → $0.0009 (+0.0%)
    KAT: entry $0.0120 → $0.0119 (-0.8%)
    KTA: entry $0.1623 → $0.1563 (-3.7%)

[12:17:24] Scan #745
  637 USD pairs found
  637 tickers fetched
  F&G: 30 (Fear) | Market 24h: +2.0% | BTC dom: 58.4% [cache]
  At max positions (3/3)
  Positions (3/3):
    SHAPE: entry $0.0009 → $0.0009 (+2.2%)
    KAT: entry $0.0120 → $0.0120 (-0.2%)
    KTA: entry $0.1623 → $0.1563 (-3.7%)

[12:22:33] Scan #746
  637 USD pairs found
  637 tickers fetched
  F&G: 30 (Fear) | Market 24h: +1.9% | BTC dom: 58.4% [cache]
  At max positions (3/3)
  Positions (3/3):
    SHAPE: entry $0.0009 → $0.0009 (+2.2%)
    KAT: entry $0.0120 → $0.0120 (-0.2%)
    KTA: entry $0.1623 → $0.1563 (-3.7%)

[12:27:42] Scan #747
  637 USD pairs found
  637 tickers fetched
  F&G: 31 (Fear) | Market 24h: +1.9% | BTC dom: 58.4% [cache]
  At max positions (3/3)
  Positions (3/3):
    SHAPE: entry $0.0009 → $0.0009 (+2.2%)
    KAT: entry $0.0120 → $0.0120 (-0.6%)
    KTA: entry $0.1623 → $0.1563 (-3.7%)

[12:32:51] Scan #748
  637 USD pairs found
  637 tickers fetched
  F&G: 31 (Fear) | Market 24h: +1.9% | BTC dom: 58.4% [cache]
  At max positions (3/3)
  Positions (3/3):
    SHAPE: entry $0.0009 → $0.0009 (+2.2%)
    KAT: entry $0.0120 → $0.0119 (-0.7%)
    KTA: entry $0.1623 → $0.1562 (-3.8%)

[12:38:01] Scan #749
  637 USD pairs found
  637 tickers fetched
  F&G: 31 (Fear) | Market 24h: +1.9% | BTC dom: 58.4% [cache]
  At max positions (3/3)
  Positions (3/3):
    SHAPE: entry $0.0009 → $0.0009 (+2.2%)
    KAT: entry $0.0120 → $0.0119 (-0.9%)
    KTA: entry $0.1623 → $0.1562 (-3.8%)

[12:43:10] Scan #750
  637 USD pairs found
  637 tickers fetched
  F&G: 31 (Fear) | Market 24h: +2.0% | BTC dom: 58.4% [cache]
  At max positions (3/3)
  Positions (3/3):
    SHAPE: entry $0.0009 → $0.0009 (+2.2%)
    KAT: entry $0.0120 → $0.0119 (-0.8%)
    KTA: entry $0.1623 → $0.1562 (-3.8%)

[12:48:20] Scan #751
  637 USD pairs found
  637 tickers fetched
  F&G: 31 (Fear) | Market 24h: +2.4% | BTC dom: 58.5% [cache]
  At max positions (3/3)
  Positions (3/3):
    SHAPE: entry $0.0009 → $0.0009 (+2.2%)
    KAT: entry $0.0120 → $0.0119 (-0.8%)
    KTA: entry $0.1623 → $0.1573 (-3.1%)

[12:53:29] Scan #752
  637 USD pairs found
  637 tickers fetched
  F&G: 31 (Fear) | Market 24h: +2.4% | BTC dom: 58.5% [cache]
  At max positions (3/3)
  Positions (3/3):
    SHAPE: entry $0.0009 → $0.0009 (+3.3%)
    KAT: entry $0.0120 → $0.0120 (+0.2%)
    KTA: entry $0.1623 → $0.1573 (-3.1%)

[12:58:38] Scan #753
  637 USD pairs found
  637 tickers fetched
  F&G: 32 (Fear) | Market 24h: +2.4% | BTC dom: 58.5% [cache]
  At max positions (3/3)
  Positions (3/3):
    SHAPE: entry $0.0009 → $0.0009 (+3.3%)
    KAT: entry $0.0120 → $0.0120 (+0.2%)
    KTA: entry $0.1623 → $0.1573 (-3.1%)

[13:03:48] Scan #754
  637 USD pairs found
  637 tickers fetched
  F&G: 32 (Fear) | Market 24h: +2.4% | BTC dom: 58.5% [cache]
  At max positions (3/3)
  Positions (3/3):
    SHAPE: entry $0.0009 → $0.0009 (+2.2%)
    KAT: entry $0.0120 → $0.0119 (-1.0%)
    KTA: entry $0.1623 → $0.1573 (-3.1%)

[13:08:57] Scan #755
  637 USD pairs found
  637 tickers fetched
  F&G: 32 (Fear) | Market 24h: +2.2% | BTC dom: 58.5% [cache]
  At max positions (3/3)
  Positions (3/3):
    SHAPE: entry $0.0009 → $0.0009 (+2.2%)
    KAT: entry $0.0120 → $0.0120 (-0.6%)
    KTA: entry $0.1623 → $0.1573 (-3.1%)

[13:14:06] Scan #756
  637 USD pairs found
  637 tickers fetched
  F&G: 32 (Fear) | Market 24h: +2.0% | BTC dom: 58.5% [cache]
  At max positions (3/3)
  Positions (3/3):
    SHAPE: entry $0.0009 → $0.0009 (+2.2%)
    KAT: entry $0.0120 → $0.0119 (-0.7%)
    KTA: entry $0.1623 → $0.1573 (-3.1%)

[13:19:15] Scan #757
  637 USD pairs found
  637 tickers fetched
  F&G: 32 (Fear) | Market 24h: +2.2% | BTC dom: 58.5% [cache]
  At max positions (3/3)
  Positions (3/3):
    SHAPE: entry $0.0009 → $0.0009 (+2.2%)
    KAT: entry $0.0120 → $0.0120 (-0.5%)
    KTA: entry $0.1623 → $0.1573 (-3.1%)

[13:24:25] Scan #758
  637 USD pairs found
  637 tickers fetched
  F&G: 32 (Fear) | Market 24h: +2.2% | BTC dom: 58.5% [cache]
  At max positions (3/3)
  Positions (3/3):
    SHAPE: entry $0.0009 → $0.0009 (+3.3%)
    KAT: entry $0.0120 → $0.0120 (-0.4%)
    KTA: entry $0.1623 → $0.1573 (-3.1%)

[13:29:34] Scan #759
  637 USD pairs found
  637 tickers fetched
  F&G: 32 (Fear) | Market 24h: +2.3% | BTC dom: 58.5% [cache]
  At max positions (3/3)
  Positions (3/3):
    SHAPE: entry $0.0009 → $0.0009 (+1.1%)
    KAT: entry $0.0120 → $0.0120 (-0.4%)
    KTA: entry $0.1623 → $0.1573 (-3.1%)

[13:34:43] Scan #760
  637 USD pairs found
  637 tickers fetched
  F&G: 32 (Fear) | Market 24h: +2.2% | BTC dom: 58.5% [cache]
  At max positions (3/3)
  Positions (3/3):
    SHAPE: entry $0.0009 → $0.0009 (+1.1%)
    KAT: entry $0.0120 → $0.0120 (-0.4%)
    KTA: entry $0.1623 → $0.1572 (-3.1%)

[13:39:53] Scan #761
  637 USD pairs found
  637 tickers fetched
  F&G: 32 (Fear) | Market 24h: +2.4% | BTC dom: 58.5% [cache]
  At max positions (3/3)
  Positions (3/3):
    SHAPE: entry $0.0009 → $0.0009 (+1.1%)
    KAT: entry $0.0120 → $0.0120 (-0.1%)
    KTA: entry $0.1623 → $0.1578 (-2.8%)

[13:45:02] Scan #762
  637 USD pairs found
  637 tickers fetched
  F&G: 32 (Fear) | Market 24h: +2.9% | BTC dom: 58.6% [cache]
  At max positions (3/3)
  Positions (3/3):
    SHAPE: entry $0.0009 → $0.0009 (-2.2%)
    KAT: entry $0.0120 → $0.0120 (-0.4%)
    KTA: entry $0.1623 → $0.1581 (-2.6%)

[13:50:11] Scan #763
  637 USD pairs found
  637 tickers fetched
  F&G: 32 (Fear) | Market 24h: +3.2% | BTC dom: 58.6% [cache]
  At max positions (3/3)
  Positions (3/3):
    SHAPE: entry $0.0009 → $0.0009 (-3.3%)
    KAT: entry $0.0120 → $0.0119 (-0.7%)
    KTA: entry $0.1623 → $0.1586 (-2.3%)

[13:55:21] Scan #764
  637 USD pairs found
  637 tickers fetched
  F&G: 32 (Fear) | Market 24h: +3.1% | BTC dom: 58.5% [cache]
  At max positions (3/3)
  Positions (3/3):
    SHAPE: entry $0.0009 → $0.0009 (-3.3%)
    KAT: entry $0.0120 → $0.0119 (-1.3%)
    KTA: entry $0.1623 → $0.1591 (-2.0%)

[14:00:30] Scan #765
  637 USD pairs found
  637 tickers fetched
  F&G: 34 (Fear) | Market 24h: +3.2% | BTC dom: 58.5% [cache]
  At max positions (3/3)
  Positions (3/3):
    SHAPE: entry $0.0009 → $0.0008 (-9.9%)
    KAT: entry $0.0120 → $0.0118 (-1.9%)
    KTA: entry $0.1623 → $0.1593 (-1.8%)

[14:05:39] Scan #766
  637 USD pairs found
  637 tickers fetched
  F&G: 34 (Fear) | Market 24h: +3.4% | BTC dom: 58.6% [cache]
  At max positions (3/3)
  Positions (3/3):
    SHAPE: entry $0.0009 → $0.0008 (-8.8%)
    KAT: entry $0.0120 → $0.0118 (-1.7%)
    KTA: entry $0.1623 → $0.1600 (-1.4%)

[14:10:49] Scan #767
  637 USD pairs found
  637 tickers fetched
  F&G: 34 (Fear) | Market 24h: +3.6% | BTC dom: 58.6% [cache]
  At max positions (3/3)
  Positions (3/3):
    SHAPE: entry $0.0009 → $0.0009 (-5.5%)
    KAT: entry $0.0120 → $0.0117 (-2.7%)
    KTA: entry $0.1623 → $0.1600 (-1.4%)

[14:15:58] Scan #768
  637 USD pairs found
  637 tickers fetched
  F&G: 34 (Fear) | Market 24h: +3.6% | BTC dom: 58.6% [cache]
  At max positions (3/3)
  Positions (3/3):
    SHAPE: entry $0.0009 → $0.0009 (-3.3%)
    KAT: entry $0.0120 → $0.0117 (-2.4%)
    KTA: entry $0.1623 → $0.1600 (-1.4%)

[14:21:07] Scan #769
  637 USD pairs found
  637 tickers fetched
  F&G: 34 (Fear) | Market 24h: +3.4% | BTC dom: 58.6% [cache]
  At max positions (3/3)
  Positions (3/3):
    SHAPE: entry $0.0009 → $0.0009 (-3.3%)
    KAT: entry $0.0120 → $0.0117 (-2.4%)
    KTA: entry $0.1623 → $0.1600 (-1.4%)

[14:26:17] Scan #770
  637 USD pairs found
  637 tickers fetched
  F&G: 34 (Fear) | Market 24h: +3.4% | BTC dom: 58.6% [cache]
  At max positions (3/3)
  Positions (3/3):
    SHAPE: entry $0.0009 → $0.0009 (-3.3%)
    KAT: entry $0.0120 → $0.0117 (-2.6%)
    KTA: entry $0.1623 → $0.1586 (-2.3%)

[14:31:26] Scan #771
  637 USD pairs found
  637 tickers fetched
  F&G: 34 (Fear) | Market 24h: +3.3% | BTC dom: 58.6% [cache]
  At max positions (3/3)
  Positions (3/3):
    SHAPE: entry $0.0009 → $0.0009 (-1.1%)
    KAT: entry $0.0120 → $0.0117 (-3.0%)
    KTA: entry $0.1623 → $0.1586 (-2.3%)

[14:36:35] Scan #772
  637 USD pairs found
  637 tickers fetched
  F&G: 34 (Fear) | Market 24h: +3.1% | BTC dom: 58.5% [cache]
  At max positions (3/3)
  Positions (3/3):
    SHAPE: entry $0.0009 → $0.0009 (-1.1%)
    KAT: entry $0.0120 → $0.0117 (-3.0%)
    KTA: entry $0.1623 → $0.1588 (-2.2%)

[14:41:45] Scan #773
  637 USD pairs found
  637 tickers fetched
  F&G: 34 (Fear) | Market 24h: +3.0% | BTC dom: 58.5% [cache]
  At max positions (3/3)
  Positions (3/3):
    SHAPE: entry $0.0009 → $0.0009 (-1.1%)
    KAT: entry $0.0120 → $0.0116 (-3.2%)
    KTA: entry $0.1623 → $0.1588 (-2.2%)

[14:46:54] Scan #774
  637 USD pairs found
  637 tickers fetched
  F&G: 34 (Fear) | Market 24h: +3.1% | BTC dom: 58.6% [cache]
  At max positions (3/3)
  Positions (3/3):
    SHAPE: entry $0.0009 → $0.0009 (+1.1%)
    KAT: entry $0.0120 → $0.0116 (-3.7%)
    KTA: entry $0.1623 → $0.1587 (-2.2%)

[14:52:04] Scan #775
  637 USD pairs found
  637 tickers fetched
  F&G: 34 (Fear) | Market 24h: +3.0% | BTC dom: 58.5% [cache]
  At max positions (3/3)
  Positions (3/3):
    SHAPE: entry $0.0009 → $0.0009 (+1.1%)
    KAT: entry $0.0120 → $0.0116 (-3.7%)
    KTA: entry $0.1623 → $0.1578 (-2.8%)

[14:57:13] Scan #776
  637 USD pairs found
  637 tickers fetched
  F&G: 34 (Fear) | Market 24h: +2.9% | BTC dom: 58.5% [cache]
  At max positions (3/3)
  Positions (3/3):
    SHAPE: entry $0.0009 → $0.0009 (+2.2%)
    KAT: entry $0.0120 → $0.0116 (-3.2%)
    KTA: entry $0.1623 → $0.1580 (-2.6%)

[15:02:22] Scan #777
  637 USD pairs found
  637 tickers fetched
  F&G: 34 (Fear) | Market 24h: +3.2% | BTC dom: 58.5% [cache]
  At max positions (3/3)
  Positions (3/3):
    SHAPE: entry $0.0009 → $0.0009 (-2.2%)
    KAT: entry $0.0120 → $0.0117 (-3.0%)
    KTA: entry $0.1623 → $0.1581 (-2.6%)

[15:07:32] Scan #778
  637 USD pairs found
  637 tickers fetched
  F&G: 34 (Fear) | Market 24h: +3.3% | BTC dom: 58.5% [cache]
  At max positions (3/3)
  Positions (3/3):
    SHAPE: entry $0.0009 → $0.0009 (-2.2%)
    KAT: entry $0.0120 → $0.0117 (-2.7%)
    KTA: entry $0.1623 → $0.1579 (-2.7%)

[15:12:41] Scan #779
  637 USD pairs found
  637 tickers fetched
  F&G: 34 (Fear) | Market 24h: +3.2% | BTC dom: 58.5% [cache]
  At max positions (3/3)
  Positions (3/3):
    SHAPE: entry $0.0009 → $0.0009 (+0.0%)
    KAT: entry $0.0120 → $0.0117 (-2.7%)
    KTA: entry $0.1623 → $0.1586 (-2.3%)

[15:17:50] Scan #780
  637 USD pairs found
  637 tickers fetched
  F&G: 35 (Fear) | Market 24h: +3.1% | BTC dom: 58.5% [cache]
  At max positions (3/3)
  Positions (3/3):
    SHAPE: entry $0.0009 → $0.0009 (+0.0%)
    KAT: entry $0.0120 → $0.0117 (-2.3%)
    KTA: entry $0.1623 → $0.1586 (-2.3%)

[15:23:00] Scan #781
  637 USD pairs found
  637 tickers fetched
  F&G: 35 (Fear) | Market 24h: +3.0% | BTC dom: 58.5% [cache]
  At max positions (3/3)
  Positions (3/3):
    SHAPE: entry $0.0009 → $0.0009 (+1.1%)
    KAT: entry $0.0120 → $0.0117 (-2.4%)
    KTA: entry $0.1623 → $0.1586 (-2.3%)

[15:28:09] Scan #782
  637 USD pairs found
  637 tickers fetched
  F&G: 35 (Fear) | Market 24h: +2.7% | BTC dom: 58.5% [cache]
  At max positions (3/3)
  Positions (3/3):
    SHAPE: entry $0.0009 → $0.0009 (+2.2%)
    KAT: entry $0.0120 → $0.0117 (-2.4%)
    KTA: entry $0.1623 → $0.1593 (-1.8%)

[15:33:18] Scan #783
  637 USD pairs found
  637 tickers fetched
  F&G: 34 (Fear) | Market 24h: +2.6% | BTC dom: 58.4% [cache]
  At max positions (3/3)
  Positions (3/3):
    SHAPE: entry $0.0009 → $0.0009 (+2.2%)
    KAT: entry $0.0120 → $0.0117 (-2.3%)
    KTA: entry $0.1623 → $0.1582 (-2.5%)

[15:38:27] Scan #784
  637 USD pairs found
  637 tickers fetched
  F&G: 34 (Fear) | Market 24h: +2.5% | BTC dom: 58.4% [cache]
  At max positions (3/3)
  Positions (3/3):
    SHAPE: entry $0.0009 → $0.0009 (-1.1%)
    KAT: entry $0.0120 → $0.0118 (-2.0%)
    KTA: entry $0.1623 → $0.1581 (-2.6%)

[15:43:37] Scan #785
  637 USD pairs found
  637 tickers fetched
  F&G: 33 (Fear) | Market 24h: +2.5% | BTC dom: 58.4% [cache]
  At max positions (3/3)
  Positions (3/3):
    SHAPE: entry $0.0009 → $0.0009 (-1.1%)
    KAT: entry $0.0120 → $0.0118 (-2.2%)
    KTA: entry $0.1623 → $0.1579 (-2.7%)

[15:48:46] Scan #786
  637 USD pairs found
  637 tickers fetched
  F&G: 33 (Fear) | Market 24h: +2.5% | BTC dom: 58.5% [cache]
  At max positions (3/3)
  Positions (3/3):
    SHAPE: entry $0.0009 → $0.0009 (-1.1%)
    KAT: entry $0.0120 → $0.0118 (-1.5%)
    KTA: entry $0.1623 → $0.1579 (-2.7%)

[15:53:55] Scan #787
  637 USD pairs found
  637 tickers fetched
  F&G: 33 (Fear) | Market 24h: +2.2% | BTC dom: 58.4% [cache]
  At max positions (3/3)
  Positions (3/3):
    SHAPE: entry $0.0009 → $0.0009 (-1.1%)
    KAT: entry $0.0120 → $0.0119 (-1.2%)
    KTA: entry $0.1623 → $0.1575 (-3.0%)

[15:59:05] Scan #788
  637 USD pairs found
  637 tickers fetched
  F&G: 33 (Fear) | Market 24h: +2.3% | BTC dom: 58.5% [cache]
  At max positions (3/3)
  Positions (3/3):
    SHAPE: entry $0.0009 → $0.0009 (-1.1%)
    KAT: entry $0.0120 → $0.0119 (-1.2%)
    KTA: entry $0.1623 → $0.1575 (-3.0%)

[16:04:14] Scan #789
  637 USD pairs found
  637 tickers fetched
  F&G: 33 (Fear) | Market 24h: +1.7% | BTC dom: 58.4% [cache]
  At max positions (3/3)
  Positions (3/3):
    SHAPE: entry $0.0009 → $0.0009 (-4.4%)
    KAT: entry $0.0120 → $0.0120 (-0.4%)
    KTA: entry $0.1623 → $0.1575 (-3.0%)

[16:09:23] Scan #790
  637 USD pairs found
  637 tickers fetched
  F&G: 31 (Fear) | Market 24h: +1.8% | BTC dom: 58.4% [cache]
  At max positions (3/3)
  Positions (3/3):
    SHAPE: entry $0.0009 → $0.0009 (-4.4%)
    KAT: entry $0.0120 → $0.0119 (-1.0%)
    KTA: entry $0.1623 → $0.1563 (-3.7%)

[16:14:33] Scan #791
  637 USD pairs found
  637 tickers fetched
  F&G: 31 (Fear) | Market 24h: +2.0% | BTC dom: 58.4% [cache]
  At max positions (3/3)
  Positions (3/3):
    SHAPE: entry $0.0009 → $0.0009 (-4.4%)
    KAT: entry $0.0120 → $0.0119 (-1.0%)
    KTA: entry $0.1623 → $0.1563 (-3.7%)

[16:19:42] Scan #792
  637 USD pairs found
  637 tickers fetched
  F&G: 31 (Fear) | Market 24h: +1.9% | BTC dom: 58.4% [cache]
  At max positions (3/3)
  Positions (3/3):
    SHAPE: entry $0.0009 → $0.0009 (-4.4%)
    KAT: entry $0.0120 → $0.0122 (+1.7%)
    KTA: entry $0.1623 → $0.1566 (-3.5%)

[16:24:52] Scan #793
  637 USD pairs found
  637 tickers fetched
  F&G: 31 (Fear) | Market 24h: +1.8% | BTC dom: 58.4% [cache]
  At max positions (3/3)
  Positions (3/3):
    SHAPE: entry $0.0009 → $0.0009 (-3.3%)
    KAT: entry $0.0120 → $0.0122 (+1.2%)
    KTA: entry $0.1623 → $0.1562 (-3.8%)

[16:30:01] Scan #794
  637 USD pairs found
  637 tickers fetched
  F&G: 31 (Fear) | Market 24h: +1.8% | BTC dom: 58.4% [cache]
  At max positions (3/3)
  Positions (3/3):
    SHAPE: entry $0.0009 → $0.0009 (-4.4%)
    KAT: entry $0.0120 → $0.0121 (+1.0%)
    KTA: entry $0.1623 → $0.1567 (-3.5%)

[16:35:11] Scan #795
  637 USD pairs found
  637 tickers fetched
  F&G: 31 (Fear) | Market 24h: +1.7% | BTC dom: 58.5% [cache]
  At max positions (3/3)
  Positions (3/3):
    SHAPE: entry $0.0009 → $0.0009 (-4.4%)
    KAT: entry $0.0120 → $0.0121 (+0.6%)
    KTA: entry $0.1623 → $0.1558 (-4.0%)

[16:40:20] Scan #796
  637 USD pairs found
  637 tickers fetched
  F&G: 31 (Fear) | Market 24h: +2.0% | BTC dom: 58.4% [cache]
  At max positions (3/3)
  Positions (3/3):
    SHAPE: entry $0.0009 → $0.0009 (-4.4%)
    KAT: entry $0.0120 → $0.0121 (+1.0%)
    KTA: entry $0.1623 → $0.1558 (-4.0%)

[16:45:30] Scan #797
  637 USD pairs found
  637 tickers fetched
  F&G: 31 (Fear) | Market 24h: +2.0% | BTC dom: 58.5% [cache]
  At max positions (3/3)
  Positions (3/3):
    SHAPE: entry $0.0009 → $0.0008 (-6.6%)
    KAT: entry $0.0120 → $0.0121 (+0.8%)
    KTA: entry $0.1623 → $0.1569 (-3.3%)

[16:50:39] Scan #798
  637 USD pairs found
  637 tickers fetched
  F&G: 31 (Fear) | Market 24h: +2.2% | BTC dom: 58.5% [cache]
  At max positions (3/3)
  Positions (3/3):
    SHAPE: entry $0.0009 → $0.0008 (-6.6%)
    KAT: entry $0.0120 → $0.0121 (+0.8%)
    KTA: entry $0.1623 → $0.1560 (-3.9%)

[16:55:49] Scan #799
  637 USD pairs found
  637 tickers fetched
  F&G: 32 (Fear) | Market 24h: +2.1% | BTC dom: 58.5% [cache]
  At max positions (3/3)
  Positions (3/3):
    SHAPE: entry $0.0009 → $0.0008 (-6.6%)
    KAT: entry $0.0120 → $0.0121 (+1.0%)
    KTA: entry $0.1623 → $0.1560 (-3.9%)

[17:00:59] Scan #800
  637 USD pairs found
  637 tickers fetched
  F&G: 32 (Fear) | Market 24h: +2.1% | BTC dom: 58.5% [cache]
  At max positions (3/3)
  Positions (3/3):
    SHAPE: entry $0.0009 → $0.0009 (-5.5%)
    KAT: entry $0.0120 → $0.0122 (+1.2%)
    KTA: entry $0.1623 → $0.1560 (-3.9%)

[17:06:08] Scan #801
  637 USD pairs found
  637 tickers fetched
  F&G: 32 (Fear) | Market 24h: +2.1% | BTC dom: 58.5% [cache]
  At max positions (3/3)
  Positions (3/3):
    SHAPE: entry $0.0009 → $0.0009 (-4.4%)
    KAT: entry $0.0120 → $0.0121 (+0.7%)
    KTA: entry $0.1623 → $0.1560 (-3.9%)

[17:11:17] Scan #802
  637 USD pairs found
  637 tickers fetched
  F&G: 32 (Fear) | Market 24h: +2.1% | BTC dom: 58.5% [cache]
  At max positions (3/3)
  Positions (3/3):
    SHAPE: entry $0.0009 → $0.0009 (-4.4%)
    KAT: entry $0.0120 → $0.0122 (+1.7%)
    KTA: entry $0.1623 → $0.1560 (-3.9%)

[17:16:27] Scan #803
  637 USD pairs found
  637 tickers fetched
  F&G: 32 (Fear) | Market 24h: +2.2% | BTC dom: 58.5% [cache]
  At max positions (3/3)
  Positions (3/3):
    SHAPE: entry $0.0009 → $0.0009 (-4.4%)
    KAT: entry $0.0120 → $0.0123 (+2.3%)
    KTA: entry $0.1623 → $0.1560 (-3.9%)

[17:21:36] Scan #804
  637 USD pairs found
  637 tickers fetched
  F&G: 32 (Fear) | Market 24h: +2.1% | BTC dom: 58.4% [cache]
  At max positions (3/3)
  Positions (3/3):
    SHAPE: entry $0.0009 → $0.0010 (+5.5%)
    KAT: entry $0.0120 → $0.0128 (+6.7%)
    KTA: entry $0.1623 → $0.1576 (-2.9%)

[17:26:45] Scan #805
  637 USD pairs found
  637 tickers fetched
  F&G: 31 (Fear) | Market 24h: +1.9% | BTC dom: 58.4% [cache]
  At max positions (3/3)
  Positions (3/3):
    SHAPE: entry $0.0009 → $0.0010 (+9.9%)
    KAT: entry $0.0120 → $0.0128 (+6.2%)
    KTA: entry $0.1623 → $0.1556 (-4.1%)

[17:31:55] Scan #806
  637 USD pairs found
  637 tickers fetched
  F&G: 31 (Fear) | Market 24h: +2.0% | BTC dom: 58.5% [cache]
  At max positions (3/3)
  Positions (3/3):
    SHAPE: entry $0.0009 → $0.0010 (+6.6%)
    KAT: entry $0.0120 → $0.0129 (+6.9%)
    KTA: entry $0.1623 → $0.1580 (-2.6%)

[17:37:04] Scan #807
  637 USD pairs found
  637 tickers fetched
  F&G: 31 (Fear) | Market 24h: +2.1% | BTC dom: 58.5% [cache]
  At max positions (3/3)
  Positions (3/3):
    SHAPE: entry $0.0009 → $0.0010 (+9.9%)
    KAT: entry $0.0120 → $0.0128 (+6.2%)
    KTA: entry $0.1623 → $0.1583 (-2.5%)

[17:42:14] Scan #808
  637 USD pairs found
  637 tickers fetched
  F&G: 33 (Fear) | Market 24h: +2.7% | BTC dom: 58.5% [cache]
  At max positions (3/3)
  Positions (3/3):
    SHAPE: entry $0.0009 → $0.0010 (+8.8%)
    KAT: entry $0.0120 → $0.0130 (+7.9%)
    KTA: entry $0.1623 → $0.1583 (-2.5%)

[17:47:23] Scan #809
  637 USD pairs found
  637 tickers fetched
  F&G: 33 (Fear) | Market 24h: +2.6% | BTC dom: 58.5% [cache]
  At max positions (3/3)
  Positions (3/3):
    SHAPE: entry $0.0009 → $0.0010 (+6.6%)
    KAT: entry $0.0120 → $0.0131 (+8.6%)
    KTA: entry $0.1623 → $0.1573 (-3.1%)

[17:52:33] Scan #810
  637 USD pairs found
  637 tickers fetched
  F&G: 33 (Fear) | Market 24h: +2.6% | BTC dom: 58.5% [cache]
  At max positions (3/3)
  Positions (3/3):
    SHAPE: entry $0.0009 → $0.0010 (+6.6%)
    KAT: entry $0.0120 → $0.0130 (+7.8%)
    KTA: entry $0.1623 → $0.1579 (-2.7%)

[17:57:42] Scan #811
  637 USD pairs found
  637 tickers fetched
  F&G: 33 (Fear) | Market 24h: +2.7% | BTC dom: 58.5% [cache]
  At max positions (3/3)
  Positions (3/3):
    SHAPE: entry $0.0009 → $0.0010 (+5.5%)
    KAT: entry $0.0120 → $0.0129 (+6.9%)
    KTA: entry $0.1623 → $0.1579 (-2.7%)

[18:02:52] Scan #812
  637 USD pairs found
  637 tickers fetched
  F&G: 33 (Fear) | Market 24h: +2.8% | BTC dom: 58.5% [cache]
  At max positions (3/3)
  Positions (3/3):
    SHAPE: entry $0.0009 → $0.0010 (+7.7%)
    KAT: entry $0.0120 → $0.0129 (+7.7%)
    KTA: entry $0.1623 → $0.1593 (-1.8%)

[18:08:01] Scan #813
  637 USD pairs found
  637 tickers fetched
  F&G: 33 (Fear) | Market 24h: +2.9% | BTC dom: 58.5% [cache]
  At max positions (3/3)
  Positions (3/3):
    SHAPE: entry $0.0009 → $0.0010 (+7.7%)
    KAT: entry $0.0120 → $0.0128 (+6.7%)
    KTA: entry $0.1623 → $0.1593 (-1.8%)

[18:13:10] Scan #814
  637 USD pairs found
  637 tickers fetched
  F&G: 33 (Fear) | Market 24h: +2.8% | BTC dom: 58.5% [cache]
  At max positions (3/3)
  Positions (3/3):
    SHAPE: entry $0.0009 → $0.0010 (+6.6%)
    KAT: entry $0.0120 → $0.0130 (+7.8%)
    KTA: entry $0.1623 → $0.1593 (-1.8%)

[18:18:20] Scan #815
  637 USD pairs found
  637 tickers fetched
  F&G: 33 (Fear) | Market 24h: +2.8% | BTC dom: 58.5% [cache]
  At max positions (3/3)
  Positions (3/3):
    SHAPE: entry $0.0009 → $0.0010 (+7.7%)
    KAT: entry $0.0120 → $0.0129 (+7.2%)
    KTA: entry $0.1623 → $0.1593 (-1.8%)

[18:23:29] Scan #816
  637 USD pairs found
  637 tickers fetched
  F&G: 33 (Fear) | Market 24h: +2.7% | BTC dom: 58.5% [cache]
  At max positions (3/3)
  Positions (3/3):
    SHAPE: entry $0.0009 → $0.0010 (+5.5%)
    KAT: entry $0.0120 → $0.0130 (+8.0%)
    KTA: entry $0.1623 → $0.1593 (-1.8%)

[18:28:38] Scan #817
  637 USD pairs found
  637 tickers fetched
  F&G: 33 (Fear) | Market 24h: +2.7% | BTC dom: 58.5% [cache]
  At max positions (3/3)
  Positions (3/3):
    SHAPE: entry $0.0009 → $0.0010 (+5.5%)
    KAT: entry $0.0120 → $0.0129 (+7.1%)
    KTA: entry $0.1623 → $0.1594 (-1.8%)

[18:33:48] Scan #818
  637 USD pairs found
  637 tickers fetched
  F&G: 33 (Fear) | Market 24h: +2.7% | BTC dom: 58.5% [cache]
  At max positions (3/3)
  Positions (3/3):
    SHAPE: entry $0.0009 → $0.0010 (+5.5%)
    KAT: entry $0.0120 → $0.0129 (+6.9%)
    KTA: entry $0.1623 → $0.1593 (-1.8%)

[18:38:57] Scan #819
  637 USD pairs found
  637 tickers fetched
  F&G: 33 (Fear) | Market 24h: +2.8% | BTC dom: 58.5% [cache]
  At max positions (3/3)
  Positions (3/3):
    SHAPE: entry $0.0009 → $0.0010 (+5.5%)
    KAT: entry $0.0120 → $0.0128 (+6.2%)
    KTA: entry $0.1623 → $0.1593 (-1.8%)

[18:44:06] Scan #820
  637 USD pairs found
  637 tickers fetched
  F&G: 33 (Fear) | Market 24h: +3.2% | BTC dom: 58.5% [cache]
  At max positions (3/3)
  Positions (3/3):
    SHAPE: entry $0.0009 → $0.0010 (+5.5%)
    KAT: entry $0.0120 → $0.0128 (+6.2%)
    KTA: entry $0.1623 → $0.1593 (-1.8%)

[18:49:16] Scan #821
  637 USD pairs found
  637 tickers fetched
  F&G: 33 (Fear) | Market 24h: +3.0% | BTC dom: 58.5% [cache]
  At max positions (3/3)
  Positions (3/3):
    SHAPE: entry $0.0009 → $0.0010 (+6.6%)
    KAT: entry $0.0120 → $0.0128 (+6.7%)
    KTA: entry $0.1623 → $0.1594 (-1.8%)

[18:54:25] Scan #822
  637 USD pairs found
  637 tickers fetched
  F&G: 33 (Fear) | Market 24h: +3.1% | BTC dom: 58.5% [cache]
  At max positions (3/3)
  Positions (3/3):
    SHAPE: entry $0.0009 → $0.0010 (+7.7%)
    KAT: entry $0.0120 → $0.0129 (+7.7%)
    KTA: entry $0.1623 → $0.1597 (-1.6%)

[18:59:35] Scan #823
  637 USD pairs found
  637 tickers fetched
  F&G: 33 (Fear) | Market 24h: +3.0% | BTC dom: 58.5% [cache]
  At max positions (3/3)
  Positions (3/3):
    SHAPE: entry $0.0009 → $0.0010 (+7.7%)
    KAT: entry $0.0120 → $0.0129 (+7.7%)
    KTA: entry $0.1623 → $0.1596 (-1.7%)

[19:04:44] Scan #824
  637 USD pairs found
  637 tickers fetched
  F&G: 33 (Fear) | Market 24h: +3.1% | BTC dom: 58.5% [cache]
  At max positions (3/3)
  Positions (3/3):
    SHAPE: entry $0.0009 → $0.0010 (+7.7%)
    KAT: entry $0.0120 → $0.0130 (+8.3%)
    KTA: entry $0.1623 → $0.1596 (-1.7%)

[19:09:53] Scan #825
  637 USD pairs found
  637 tickers fetched
  [19:10:02] TP reached: SHAPE +14.3% — selling @ $0.0010
  ❌ Order error: ['EOrder:Insufficient funds']
  [19:10:02] TP sell failed for SHAPE: {'error': ['EOrder:Insufficient funds']}
  F&G: 33 (Fear) | Market 24h: +3.1% | BTC dom: 58.5% [cache]
  At max positions (3/3)
  Positions (3/3):
    SHAPE: entry $0.0009 → $0.0010 (+14.3%)
    KAT: entry $0.0120 → $0.0129 (+7.4%)
    KTA: entry $0.1623 → $0.1596 (-1.7%)

[19:15:03] Scan #826
  637 USD pairs found
  637 tickers fetched
  [19:15:12] TP reached: SHAPE +12.1% — selling @ $0.0010
  ❌ Order error: ['EOrder:Insufficient funds']
  [19:15:12] TP sell failed for SHAPE: {'error': ['EOrder:Insufficient funds']}
  F&G: 34 (Fear) | Market 24h: +3.1% | BTC dom: 58.4% [cache]
  At max positions (3/3)
  Positions (3/3):
    SHAPE: entry $0.0009 → $0.0010 (+12.1%)
    KAT: entry $0.0120 → $0.0128 (+6.2%)
    KTA: entry $0.1623 → $0.1601 (-1.4%)

[19:20:12] Scan #827
  637 USD pairs found
  637 tickers fetched
  F&G: 34 (Fear) | Market 24h: +3.3% | BTC dom: 58.4% [cache]
  At max positions (3/3)
  Positions (3/3):
    SHAPE: entry $0.0009 → $0.0010 (+6.6%)
    KAT: entry $0.0120 → $0.0126 (+4.5%)
    KTA: entry $0.1623 → $0.1606 (-1.0%)

[19:25:22] Scan #828
  637 USD pairs found
  637 tickers fetched
  F&G: 34 (Fear) | Market 24h: +3.3% | BTC dom: 58.4% [cache]
  At max positions (3/3)
  Positions (3/3):
    SHAPE: entry $0.0009 → $0.0009 (+4.4%)
    KAT: entry $0.0120 → $0.0125 (+3.9%)
    KTA: entry $0.1623 → $0.1606 (-1.0%)

[19:30:31] Scan #829
  637 USD pairs found
  637 tickers fetched
  F&G: 33 (Fear) | Market 24h: +3.3% | BTC dom: 58.4% [cache]
  At max positions (3/3)
  Positions (3/3):
    SHAPE: entry $0.0009 → $0.0009 (-3.3%)
    KAT: entry $0.0120 → $0.0126 (+5.2%)
    KTA: entry $0.1623 → $0.1602 (-1.3%)

[19:35:40] Scan #830
  637 USD pairs found
  637 tickers fetched
  F&G: 33 (Fear) | Market 24h: +3.4% | BTC dom: 58.5% [cache]
  At max positions (3/3)
  Positions (3/3):
    SHAPE: entry $0.0009 → $0.0008 (-6.6%)
    KAT: entry $0.0120 → $0.0126 (+4.7%)
    KTA: entry $0.1623 → $0.1602 (-1.3%)

[19:40:49] Scan #831
  637 USD pairs found
  637 tickers fetched
  F&G: 33 (Fear) | Market 24h: +3.3% | BTC dom: 58.4% [cache]
  At max positions (3/3)
  Positions (3/3):
    SHAPE: entry $0.0009 → $0.0009 (-5.5%)
    KAT: entry $0.0120 → $0.0126 (+4.8%)
    KTA: entry $0.1623 → $0.1604 (-1.2%)

[19:45:59] Scan #832
  637 USD pairs found
  637 tickers fetched
  F&G: 33 (Fear) | Market 24h: +3.1% | BTC dom: 58.4% [cache]
  At max positions (3/3)
  Positions (3/3):
    SHAPE: entry $0.0009 → $0.0009 (-2.2%)
    KAT: entry $0.0120 → $0.0125 (+4.3%)
    KTA: entry $0.1623 → $0.1604 (-1.2%)

[19:51:08] Scan #833
  637 USD pairs found
  637 tickers fetched
  F&G: 33 (Fear) | Market 24h: +3.4% | BTC dom: 58.5% [cache]
  At max positions (3/3)
  Positions (3/3):
    SHAPE: entry $0.0009 → $0.0009 (-3.3%)
    KAT: entry $0.0120 → $0.0125 (+4.2%)
    KTA: entry $0.1623 → $0.1604 (-1.2%)

[19:56:18] Scan #834
  637 USD pairs found
  637 tickers fetched
  F&G: 33 (Fear) | Market 24h: +3.2% | BTC dom: 58.4% [cache]
  At max positions (3/3)
  Positions (3/3):
    SHAPE: entry $0.0009 → $0.0009 (-5.5%)
    KAT: entry $0.0120 → $0.0126 (+4.5%)
    KTA: entry $0.1623 → $0.1604 (-1.2%)

[20:01:27] Scan #835
  637 USD pairs found
  637 tickers fetched
  F&G: 33 (Fear) | Market 24h: +3.1% | BTC dom: 58.4% [cache]
  At max positions (3/3)
  Positions (3/3):
    SHAPE: entry $0.0009 → $0.0009 (-4.4%)
    KAT: entry $0.0120 → $0.0126 (+4.8%)
    KTA: entry $0.1623 → $0.1603 (-1.2%)

[20:06:36] Scan #836
  637 USD pairs found
  637 tickers fetched
  F&G: 33 (Fear) | Market 24h: +2.9% | BTC dom: 58.4% [cache]
  At max positions (3/3)
  Positions (3/3):
    SHAPE: entry $0.0009 → $0.0009 (-4.4%)
    KAT: entry $0.0120 → $0.0124 (+3.5%)
    KTA: entry $0.1623 → $0.1603 (-1.2%)

[20:11:45] Scan #837
  637 USD pairs found
  637 tickers fetched
  F&G: 32 (Fear) | Market 24h: +2.9% | BTC dom: 58.4% [cache]
  At max positions (3/3)
  Positions (3/3):
    SHAPE: entry $0.0009 → $0.0009 (-5.5%)
    KAT: entry $0.0120 → $0.0124 (+3.5%)
    KTA: entry $0.1623 → $0.1603 (-1.2%)

[20:16:55] Scan #838
  637 USD pairs found
  637 tickers fetched
  F&G: 32 (Fear) | Market 24h: +3.1% | BTC dom: 58.4% [cache]
  At max positions (3/3)
  Positions (3/3):
    SHAPE: entry $0.0009 → $0.0009 (-4.4%)
    KAT: entry $0.0120 → $0.0124 (+3.5%)
    KTA: entry $0.1623 → $0.1603 (-1.2%)

[20:22:04] Scan #839
  637 USD pairs found
  637 tickers fetched
  F&G: 32 (Fear) | Market 24h: +3.0% | BTC dom: 58.4% [cache]
  At max positions (3/3)
  Positions (3/3):
    SHAPE: entry $0.0009 → $0.0009 (-3.3%)
    KAT: entry $0.0120 → $0.0124 (+3.5%)
    KTA: entry $0.1623 → $0.1603 (-1.2%)

[20:27:13] Scan #840
  637 USD pairs found
  637 tickers fetched
  F&G: 33 (Fear) | Market 24h: +3.0% | BTC dom: 58.4% [cache]
  At max positions (3/3)
  Positions (3/3):
    SHAPE: entry $0.0009 → $0.0009 (-3.3%)
    KAT: entry $0.0120 → $0.0124 (+3.0%)
    KTA: entry $0.1623 → $0.1603 (-1.2%)

[20:32:22] Scan #841
  637 USD pairs found
  637 tickers fetched
  F&G: 33 (Fear) | Market 24h: +3.1% | BTC dom: 58.4% [cache]
  At max positions (3/3)
  Positions (3/3):
    SHAPE: entry $0.0009 → $0.0009 (-3.3%)
    KAT: entry $0.0120 → $0.0122 (+1.7%)
    KTA: entry $0.1623 → $0.1603 (-1.2%)

[20:37:32] Scan #842
  637 USD pairs found
  637 tickers fetched
  F&G: 33 (Fear) | Market 24h: +3.2% | BTC dom: 58.4% [cache]
  At max positions (3/3)
  Positions (3/3):
    SHAPE: entry $0.0009 → $0.0009 (-4.4%)
    KAT: entry $0.0120 → $0.0123 (+2.1%)
    KTA: entry $0.1623 → $0.1603 (-1.2%)

[20:42:41] Scan #843
  637 USD pairs found
  637 tickers fetched
  F&G: 33 (Fear) | Market 24h: +3.4% | BTC dom: 58.4% [cache]
  At max positions (3/3)
  Positions (3/3):
    SHAPE: entry $0.0009 → $0.0009 (+1.1%)
    KAT: entry $0.0120 → $0.0125 (+3.7%)
    KTA: entry $0.1623 → $0.1603 (-1.2%)

[20:47:50] Scan #844
  637 USD pairs found
  637 tickers fetched
  F&G: 33 (Fear) | Market 24h: +3.3% | BTC dom: 58.4% [cache]
  At max positions (3/3)
  Positions (3/3):
    SHAPE: entry $0.0009 → $0.0009 (-2.2%)
    KAT: entry $0.0120 → $0.0125 (+4.0%)
    KTA: entry $0.1623 → $0.1603 (-1.2%)

[20:53:00] Scan #845
  637 USD pairs found
  637 tickers fetched
  F&G: 33 (Fear) | Market 24h: +3.4% | BTC dom: 58.4% [cache]
  At max positions (3/3)
  Positions (3/3):
    SHAPE: entry $0.0009 → $0.0009 (-3.3%)
    KAT: entry $0.0120 → $0.0126 (+4.5%)
    KTA: entry $0.1623 → $0.1607 (-1.0%)

[20:58:09] Scan #846
  637 USD pairs found
  637 tickers fetched
  F&G: 33 (Fear) | Market 24h: +3.5% | BTC dom: 58.4% [cache]
  At max positions (3/3)
  Positions (3/3):
    SHAPE: entry $0.0009 → $0.0009 (-3.3%)
    KAT: entry $0.0120 → $0.0126 (+4.8%)
    KTA: entry $0.1623 → $0.1603 (-1.2%)

[21:03:18] Scan #847
  637 USD pairs found
  637 tickers fetched
  F&G: 33 (Fear) | Market 24h: +3.5% | BTC dom: 58.4% [cache]
  At max positions (3/3)
  Positions (3/3):
    SHAPE: entry $0.0009 → $0.0009 (-3.3%)
    KAT: entry $0.0120 → $0.0126 (+4.7%)
    KTA: entry $0.1623 → $0.1603 (-1.2%)

[21:08:28] Scan #848
  637 USD pairs found
  637 tickers fetched
  F&G: 33 (Fear) | Market 24h: +3.9% | BTC dom: 58.4% [cache]
  At max positions (3/3)
  Positions (3/3):
    SHAPE: entry $0.0009 → $0.0009 (-3.3%)
    KAT: entry $0.0120 → $0.0126 (+4.9%)
    KTA: entry $0.1623 → $0.1603 (-1.2%)

[21:13:37] Scan #849
  637 USD pairs found
  637 tickers fetched
  F&G: 33 (Fear) | Market 24h: +3.9% | BTC dom: 58.4% [cache]
  At max positions (3/3)
  Positions (3/3):
    SHAPE: entry $0.0009 → $0.0009 (-2.2%)
    KAT: entry $0.0120 → $0.0125 (+4.2%)
    KTA: entry $0.1623 → $0.1603 (-1.2%)

[21:18:47] Scan #850
  637 USD pairs found
  637 tickers fetched
  F&G: 33 (Fear) | Market 24h: +4.1% | BTC dom: 58.4% [cache]
  At max positions (3/3)
  Positions (3/3):
    SHAPE: entry $0.0009 → $0.0009 (-2.2%)
    KAT: entry $0.0120 → $0.0125 (+4.2%)
    KTA: entry $0.1623 → $0.1603 (-1.2%)

[21:23:56] Scan #851
  637 USD pairs found
  637 tickers fetched
  F&G: 33 (Fear) | Market 24h: +4.3% | BTC dom: 58.4% [cache]
  At max positions (3/3)
  Positions (3/3):
    SHAPE: entry $0.0009 → $0.0009 (-2.2%)
    KAT: entry $0.0120 → $0.0126 (+4.9%)
    KTA: entry $0.1623 → $0.1604 (-1.2%)

[21:29:05] Scan #852
  637 USD pairs found
  637 tickers fetched
  F&G: 33 (Fear) | Market 24h: +4.2% | BTC dom: 58.4% [cache]
  At max positions (3/3)
  Positions (3/3):
    SHAPE: entry $0.0009 → $0.0009 (-5.5%)
    KAT: entry $0.0120 → $0.0125 (+3.8%)
    KTA: entry $0.1623 → $0.1604 (-1.2%)

[21:34:14] Scan #853
  637 USD pairs found
  637 tickers fetched
  F&G: 33 (Fear) | Market 24h: +4.0% | BTC dom: 58.4% [cache]
  At max positions (3/3)
  Positions (3/3):
    SHAPE: entry $0.0009 → $0.0009 (-3.3%)
    KAT: entry $0.0120 → $0.0125 (+3.8%)
    KTA: entry $0.1623 → $0.1603 (-1.2%)

[21:39:24] Scan #854
  637 USD pairs found
  637 tickers fetched
  F&G: 33 (Fear) | Market 24h: +4.1% | BTC dom: 58.4% [cache]
  At max positions (3/3)
  Positions (3/3):
    SHAPE: entry $0.0009 → $0.0009 (-3.3%)
    KAT: entry $0.0120 → $0.0125 (+3.8%)
    KTA: entry $0.1623 → $0.1608 (-0.9%)

[21:44:33] Scan #855
  637 USD pairs found
  637 tickers fetched
  F&G: 33 (Fear) | Market 24h: +3.9% | BTC dom: 58.4% [cache]
  At max positions (3/3)
  Positions (3/3):
    SHAPE: entry $0.0009 → $0.0009 (-3.3%)
    KAT: entry $0.0120 → $0.0128 (+6.2%)
    KTA: entry $0.1623 → $0.1608 (-0.9%)

[21:49:42] Scan #856
  637 USD pairs found
  637 tickers fetched
  F&G: 33 (Fear) | Market 24h: +4.0% | BTC dom: 58.4% [cache]
  At max positions (3/3)
  Positions (3/3):
    SHAPE: entry $0.0009 → $0.0009 (-2.2%)
    KAT: entry $0.0120 → $0.0126 (+5.1%)
    KTA: entry $0.1623 → $0.1603 (-1.2%)

[21:54:51] Scan #857
  637 USD pairs found
  637 tickers fetched
  F&G: 33 (Fear) | Market 24h: +3.9% | BTC dom: 58.4% [cache]
  At max positions (3/3)
  Positions (3/3):
    SHAPE: entry $0.0009 → $0.0009 (-5.5%)
    KAT: entry $0.0120 → $0.0126 (+4.7%)
    KTA: entry $0.1623 → $0.1604 (-1.2%)

[22:00:01] Scan #858
  637 USD pairs found
  637 tickers fetched
  F&G: 33 (Fear) | Market 24h: +4.0% | BTC dom: 58.4% [cache]
  At max positions (3/3)
  Positions (3/3):
    SHAPE: entry $0.0009 → $0.0009 (-5.5%)
    KAT: entry $0.0120 → $0.0126 (+4.7%)
    KTA: entry $0.1623 → $0.1604 (-1.2%)

[22:05:10] Scan #859
  637 USD pairs found
  637 tickers fetched
  F&G: 33 (Fear) | Market 24h: +4.1% | BTC dom: 58.4% [cache]
  At max positions (3/3)
  Positions (3/3):
    SHAPE: entry $0.0009 → $0.0009 (-3.3%)
    KAT: entry $0.0120 → $0.0124 (+3.4%)
    KTA: entry $0.1623 → $0.1603 (-1.2%)

[22:10:19] Scan #860
  637 USD pairs found
  637 tickers fetched
  F&G: 33 (Fear) | Market 24h: +3.5% | BTC dom: 58.4% [cache]
  At max positions (3/3)
  Positions (3/3):
    SHAPE: entry $0.0009 → $0.0009 (-3.3%)
    KAT: entry $0.0120 → $0.0124 (+3.4%)
    KTA: entry $0.1623 → $0.1598 (-1.5%)

[22:15:28] Scan #861
  637 USD pairs found
  637 tickers fetched
  F&G: 32 (Fear) | Market 24h: +3.5% | BTC dom: 58.4% [cache]
  At max positions (3/3)
  Positions (3/3):
    SHAPE: entry $0.0009 → $0.0009 (-3.3%)
    KAT: entry $0.0120 → $0.0124 (+3.4%)
    KTA: entry $0.1623 → $0.1595 (-1.7%)

[22:20:38] Scan #862
  637 USD pairs found
  637 tickers fetched
  F&G: 32 (Fear) | Market 24h: +3.6% | BTC dom: 58.4% [cache]
  At max positions (3/3)
  Positions (3/3):
    SHAPE: entry $0.0009 → $0.0009 (-3.3%)
    KAT: entry $0.0120 → $0.0125 (+4.2%)
    KTA: entry $0.1623 → $0.1595 (-1.7%)

[22:25:47] Scan #863
  637 USD pairs found
  637 tickers fetched
  F&G: 32 (Fear) | Market 24h: +3.5% | BTC dom: 58.4% [cache]
  At max positions (3/3)
  Positions (3/3):
    SHAPE: entry $0.0009 → $0.0009 (-3.3%)
    KAT: entry $0.0120 → $0.0125 (+3.8%)
    KTA: entry $0.1623 → $0.1595 (-1.7%)

[22:30:56] Scan #864
  637 USD pairs found
  637 tickers fetched
  F&G: 32 (Fear) | Market 24h: +3.3% | BTC dom: 58.4% [cache]
  At max positions (3/3)
  Positions (3/3):
    SHAPE: entry $0.0009 → $0.0009 (-3.3%)
    KAT: entry $0.0120 → $0.0125 (+3.8%)
    KTA: entry $0.1623 → $0.1594 (-1.8%)

[22:36:05] Scan #865
  637 USD pairs found
  637 tickers fetched
  F&G: 32 (Fear) | Market 24h: +3.0% | BTC dom: 58.4% [cache]
  At max positions (3/3)
  Positions (3/3):
    SHAPE: entry $0.0009 → $0.0009 (-3.3%)
    KAT: entry $0.0120 → $0.0125 (+3.8%)
    KTA: entry $0.1623 → $0.1594 (-1.8%)

[22:41:15] Scan #866
  637 USD pairs found
  637 tickers fetched
  F&G: 32 (Fear) | Market 24h: +3.1% | BTC dom: 58.4% [cache]
  At max positions (3/3)
  Positions (3/3):
    SHAPE: entry $0.0009 → $0.0009 (-1.1%)
    KAT: entry $0.0120 → $0.0125 (+3.8%)
    KTA: entry $0.1623 → $0.1585 (-2.3%)

[22:46:24] Scan #867
  637 USD pairs found
  637 tickers fetched
  F&G: 32 (Fear) | Market 24h: +3.1% | BTC dom: 58.4% [cache]
  At max positions (3/3)
  Positions (3/3):
    SHAPE: entry $0.0009 → $0.0009 (-2.2%)
    KAT: entry $0.0120 → $0.0124 (+3.4%)
    KTA: entry $0.1623 → $0.1591 (-2.0%)

[22:51:33] Scan #868
  636 USD pairs found
  636 tickers fetched
  F&G: 32 (Fear) | Market 24h: +3.2% | BTC dom: 58.4% [cache]
  At max positions (3/3)
  Positions (3/3):
    SHAPE: entry $0.0009 → $0.0009 (-3.3%)
    KAT: entry $0.0120 → $0.0124 (+3.4%)
    KTA: entry $0.1623 → $0.1595 (-1.7%)

[22:56:42] Scan #869
  636 USD pairs found
  636 tickers fetched
  F&G: 32 (Fear) | Market 24h: +3.0% | BTC dom: 58.4% [cache]
  At max positions (3/3)
  Positions (3/3):
    SHAPE: entry $0.0009 → $0.0009 (+0.0%)
    KAT: entry $0.0120 → $0.0124 (+3.5%)
    KTA: entry $0.1623 → $0.1595 (-1.7%)

[23:01:52] Scan #870
  636 USD pairs found
  636 tickers fetched
  F&G: 32 (Fear) | Market 24h: +3.0% | BTC dom: 58.4% [cache]
  At max positions (3/3)
  Positions (3/3):
    SHAPE: entry $0.0009 → $0.0009 (+1.1%)
    KAT: entry $0.0120 → $0.0124 (+3.5%)
    KTA: entry $0.1623 → $0.1595 (-1.7%)

[23:07:01] Scan #871
  636 USD pairs found
  636 tickers fetched
  F&G: 32 (Fear) | Market 24h: +3.0% | BTC dom: 58.5% [cache]
  At max positions (3/3)
  Positions (3/3):
    SHAPE: entry $0.0009 → $0.0009 (+1.1%)
    KAT: entry $0.0120 → $0.0124 (+3.5%)
    KTA: entry $0.1623 → $0.1592 (-1.9%)

[23:12:10] Scan #872
  636 USD pairs found
  636 tickers fetched
  F&G: 32 (Fear) | Market 24h: +2.9% | BTC dom: 58.4% [cache]
  At max positions (3/3)
  Positions (3/3):
    SHAPE: entry $0.0009 → $0.0009 (+1.1%)
    KAT: entry $0.0120 → $0.0124 (+3.5%)
    KTA: entry $0.1623 → $0.1592 (-1.9%)

[23:17:19] Scan #873
  636 USD pairs found
  636 tickers fetched
  F&G: 32 (Fear) | Market 24h: +2.8% | BTC dom: 58.4% [cache]
  At max positions (3/3)
  Positions (3/3):
    SHAPE: entry $0.0009 → $0.0009 (+1.1%)
    KAT: entry $0.0120 → $0.0124 (+3.4%)
    KTA: entry $0.1623 → $0.1592 (-1.9%)

[23:22:29] Scan #874
  636 USD pairs found
  636 tickers fetched
  F&G: 32 (Fear) | Market 24h: +2.7% | BTC dom: 58.4% [cache]
  At max positions (3/3)
  Positions (3/3):
    SHAPE: entry $0.0009 → $0.0009 (+1.1%)
    KAT: entry $0.0120 → $0.0124 (+3.4%)
    KTA: entry $0.1623 → $0.1583 (-2.5%)

[23:27:38] Scan #875
  636 USD pairs found
  636 tickers fetched
  F&G: 32 (Fear) | Market 24h: +2.7% | BTC dom: 58.4% [cache]
  At max positions (3/3)
  Positions (3/3):
    SHAPE: entry $0.0009 → $0.0009 (+1.1%)
    KAT: entry $0.0120 → $0.0124 (+3.4%)
    KTA: entry $0.1623 → $0.1583 (-2.5%)

[23:32:47] Scan #876
  636 USD pairs found
  636 tickers fetched
  F&G: 31 (Fear) | Market 24h: +2.9% | BTC dom: 58.4% [cache]
  At max positions (3/3)
  Positions (3/3):
    SHAPE: entry $0.0009 → $0.0009 (+0.0%)
    KAT: entry $0.0120 → $0.0126 (+4.8%)
    KTA: entry $0.1623 → $0.1583 (-2.5%)

[23:37:56] Scan #877
  636 USD pairs found
  636 tickers fetched
  F&G: 31 (Fear) | Market 24h: +3.1% | BTC dom: 58.4% [cache]
  At max positions (3/3)
  Positions (3/3):
    SHAPE: entry $0.0009 → $0.0009 (+0.0%)
    KAT: entry $0.0120 → $0.0126 (+5.1%)
    KTA: entry $0.1623 → $0.1583 (-2.5%)

[23:43:06] Scan #878
  636 USD pairs found
  636 tickers fetched
  F&G: 31 (Fear) | Market 24h: +3.1% | BTC dom: 58.4% [cache]
  At max positions (3/3)
  Positions (3/3):
    SHAPE: entry $0.0009 → $0.0009 (+1.1%)
    KAT: entry $0.0120 → $0.0126 (+4.4%)
    KTA: entry $0.1623 → $0.1583 (-2.5%)

[23:48:15] Scan #879
  636 USD pairs found
  636 tickers fetched
  F&G: 32 (Fear) | Market 24h: +3.4% | BTC dom: 58.4% [cache]
  At max positions (3/3)
  Positions (3/3):
    SHAPE: entry $0.0009 → $0.0009 (+1.1%)
    KAT: entry $0.0120 → $0.0126 (+4.4%)
    KTA: entry $0.1623 → $0.1583 (-2.5%)

[23:53:24] Scan #880
  636 USD pairs found
  636 tickers fetched
  F&G: 32 (Fear) | Market 24h: +3.6% | BTC dom: 58.4% [cache]
  At max positions (3/3)
  Positions (3/3):
    SHAPE: entry $0.0009 → $0.0009 (+1.1%)
    KAT: entry $0.0120 → $0.0125 (+3.8%)
    KTA: entry $0.1623 → $0.1583 (-2.5%)

[23:58:34] Scan #881
  636 USD pairs found
  636 tickers fetched
  F&G: 32 (Fear) | Market 24h: +3.8% | BTC dom: 58.5% [cache]
  At max positions (3/3)
  Positions (3/3):
    SHAPE: entry $0.0009 → $0.0009 (-1.1%)
    KAT: entry $0.0120 → $0.0123 (+2.6%)
    KTA: entry $0.1623 → $0.1583 (-2.5%)

[00:03:43] Scan #882
  636 USD pairs found
  636 tickers fetched
  F&G: 32 (Fear) | Market 24h: +3.9% | BTC dom: 58.5% [cache]
  At max positions (3/3)
  Positions (3/3):
    SHAPE: entry $0.0009 → $0.0009 (-1.1%)
    KAT: entry $0.0120 → $0.0123 (+2.3%)
    KTA: entry $0.1623 → $0.1574 (-3.0%)

[00:08:52] Scan #883
  636 USD pairs found
  636 tickers fetched
  F&G: 33 (Fear) | Market 24h: +3.7% | BTC dom: 58.5% [cache]
  At max positions (3/3)
  Positions (3/3):
    SHAPE: entry $0.0009 → $0.0009 (-1.1%)
    KAT: entry $0.0120 → $0.0122 (+1.7%)
    KTA: entry $0.1623 → $0.1574 (-3.0%)

[00:14:01] Scan #884
  636 USD pairs found
  636 tickers fetched
  F&G: 33 (Fear) | Market 24h: +3.4% | BTC dom: 58.5% [cache]
  At max positions (3/3)
  Positions (3/3):
    SHAPE: entry $0.0009 → $0.0009 (-1.1%)
    KAT: entry $0.0120 → $0.0122 (+1.7%)
    KTA: entry $0.1623 → $0.1574 (-3.0%)

[00:19:11] Scan #885
  636 USD pairs found
  636 tickers fetched
  F&G: 33 (Fear) | Market 24h: +3.4% | BTC dom: 58.5% [cache]
  At max positions (3/3)
  Positions (3/3):
    SHAPE: entry $0.0009 → $0.0009 (-1.1%)
    KAT: entry $0.0120 → $0.0122 (+1.7%)
    KTA: entry $0.1623 → $0.1574 (-3.0%)

[00:24:20] Scan #886
  636 USD pairs found
  636 tickers fetched
  F&G: 33 (Fear) | Market 24h: +3.4% | BTC dom: 58.5% [cache]
  At max positions (3/3)
  Positions (3/3):
    SHAPE: entry $0.0009 → $0.0009 (-3.3%)
    KAT: entry $0.0120 → $0.0122 (+1.7%)
    KTA: entry $0.1623 → $0.1574 (-3.0%)

[00:29:31] Scan #887
  636 USD pairs found
  636 tickers fetched
  F&G: 33 (Fear) | Market 24h: +3.3% | BTC dom: 58.5% [cache]
  At max positions (3/3)
  Positions (3/3):
    SHAPE: entry $0.0009 → $0.0009 (-2.2%)
    KAT: entry $0.0120 → $0.0122 (+1.4%)
    KTA: entry $0.1623 → $0.1574 (-3.0%)

[00:34:40] Scan #888
  636 USD pairs found
  636 tickers fetched
  F&G: 33 (Fear) | Market 24h: +3.3% | BTC dom: 58.5% [cache]
  At max positions (3/3)
  Positions (3/3):
    SHAPE: entry $0.0009 → $0.0009 (-3.3%)
    KAT: entry $0.0120 → $0.0124 (+2.8%)
    KTA: entry $0.1623 → $0.1574 (-3.0%)

[00:39:49] Scan #889
  636 USD pairs found
  636 tickers fetched
  F&G: 33 (Fear) | Market 24h: +3.6% | BTC dom: 58.5% [cache]
  At max positions (3/3)
  Positions (3/3):
    SHAPE: entry $0.0009 → $0.0009 (-3.3%)
    KAT: entry $0.0120 → $0.0123 (+2.5%)
    KTA: entry $0.1623 → $0.1567 (-3.5%)

[00:44:59] Scan #890
  636 USD pairs found
  636 tickers fetched
  F&G: 33 (Fear) | Market 24h: +3.8% | BTC dom: 58.5% [cache]
  At max positions (3/3)
  Positions (3/3):
    SHAPE: entry $0.0009 → $0.0009 (-3.3%)
    KAT: entry $0.0120 → $0.0123 (+2.7%)
    KTA: entry $0.1623 → $0.1567 (-3.5%)

[00:50:08] Scan #891
  636 USD pairs found
  636 tickers fetched
  F&G: 33 (Fear) | Market 24h: +3.6% | BTC dom: 58.5% [cache]
  At max positions (3/3)
  Positions (3/3):
    SHAPE: entry $0.0009 → $0.0009 (-3.3%)
    KAT: entry $0.0120 → $0.0123 (+2.2%)
    KTA: entry $0.1623 → $0.1567 (-3.5%)

[00:55:17] Scan #892
  636 USD pairs found
  636 tickers fetched
  F&G: 33 (Fear) | Market 24h: +3.5% | BTC dom: 58.5% [cache]
  At max positions (3/3)
  Positions (3/3):
    SHAPE: entry $0.0009 → $0.0009 (-3.3%)
    KAT: entry $0.0120 → $0.0123 (+2.2%)
    KTA: entry $0.1623 → $0.1567 (-3.5%)

[01:00:26] Scan #893
  636 USD pairs found
  636 tickers fetched
  F&G: 33 (Fear) | Market 24h: +3.8% | BTC dom: 58.5% [cache]
  At max positions (3/3)
  Positions (3/3):
    SHAPE: entry $0.0009 → $0.0009 (-4.4%)
    KAT: entry $0.0120 → $0.0124 (+3.5%)
    KTA: entry $0.1623 → $0.1567 (-3.5%)

[01:05:36] Scan #894
  636 USD pairs found
  636 tickers fetched
  F&G: 33 (Fear) | Market 24h: +3.7% | BTC dom: 58.5% [cache]
  At max positions (3/3)
  Positions (3/3):
    SHAPE: entry $0.0009 → $0.0009 (-4.4%)
    KAT: entry $0.0120 → $0.0124 (+3.1%)
    KTA: entry $0.1623 → $0.1567 (-3.5%)

[01:10:45] Scan #895
  636 USD pairs found
  636 tickers fetched
  F&G: 33 (Fear) | Market 24h: +3.4% | BTC dom: 58.5% [cache]
  At max positions (3/3)
  Positions (3/3):
    SHAPE: entry $0.0009 → $0.0009 (-4.4%)
    KAT: entry $0.0120 → $0.0124 (+3.1%)
    KTA: entry $0.1623 → $0.1567 (-3.5%)

[01:15:54] Scan #896
  636 USD pairs found
  636 tickers fetched
  F&G: 33 (Fear) | Market 24h: +3.5% | BTC dom: 58.4% [cache]
  At max positions (3/3)
  Positions (3/3):
    SHAPE: entry $0.0009 → $0.0009 (-5.5%)
    KAT: entry $0.0120 → $0.0123 (+2.6%)
    KTA: entry $0.1623 → $0.1567 (-3.5%)

[01:21:03] Scan #897
  636 USD pairs found
  636 tickers fetched
  F&G: 33 (Fear) | Market 24h: +3.1% | BTC dom: 58.4% [cache]
  At max positions (3/3)
  Positions (3/3):
    SHAPE: entry $0.0009 → $0.0009 (-5.5%)
    KAT: entry $0.0120 → $0.0123 (+2.6%)
    KTA: entry $0.1623 → $0.1567 (-3.5%)

[01:26:13] Scan #898
  636 USD pairs found
  636 tickers fetched
  F&G: 33 (Fear) | Market 24h: +3.3% | BTC dom: 58.5% [cache]
  At max positions (3/3)
  Positions (3/3):
    SHAPE: entry $0.0009 → $0.0009 (-5.5%)
    KAT: entry $0.0120 → $0.0123 (+2.6%)
    KTA: entry $0.1623 → $0.1567 (-3.5%)

[01:31:22] Scan #899
  636 USD pairs found
  636 tickers fetched
  F&G: 33 (Fear) | Market 24h: +3.2% | BTC dom: 58.5% [cache]
  At max positions (3/3)
  Positions (3/3):
    SHAPE: entry $0.0009 → $0.0009 (-5.5%)
    KAT: entry $0.0120 → $0.0121 (+0.7%)
    KTA: entry $0.1623 → $0.1576 (-2.9%)

[01:36:31] Scan #900
  636 USD pairs found
  636 tickers fetched
  F&G: 33 (Fear) | Market 24h: +3.3% | BTC dom: 58.5% [cache]
  At max positions (3/3)
  Positions (3/3):
    SHAPE: entry $0.0009 → $0.0009 (-4.4%)
    KAT: entry $0.0120 → $0.0121 (+0.7%)
    KTA: entry $0.1623 → $0.1577 (-2.8%)

[01:41:40] Scan #901
  636 USD pairs found
  636 tickers fetched
  F&G: 33 (Fear) | Market 24h: +3.3% | BTC dom: 58.5% [cache]
  At max positions (3/3)
  Positions (3/3):
    SHAPE: entry $0.0009 → $0.0009 (-5.5%)
    KAT: entry $0.0120 → $0.0121 (+0.9%)
    KTA: entry $0.1623 → $0.1577 (-2.8%)

[01:46:50] Scan #902
  636 USD pairs found
  636 tickers fetched
  F&G: 33 (Fear) | Market 24h: +2.8% | BTC dom: 58.4% [cache]
  At max positions (3/3)
  Positions (3/3):
    SHAPE: entry $0.0009 → $0.0009 (-5.5%)
    KAT: entry $0.0120 → $0.0121 (+0.7%)
    KTA: entry $0.1623 → $0.1577 (-2.8%)

[01:51:59] Scan #903
  636 USD pairs found
  636 tickers fetched
  F&G: 33 (Fear) | Market 24h: +2.7% | BTC dom: 58.5% [cache]
  At max positions (3/3)
  Positions (3/3):
    SHAPE: entry $0.0009 → $0.0009 (-3.3%)
    KAT: entry $0.0120 → $0.0121 (+0.8%)
    KTA: entry $0.1623 → $0.1566 (-3.5%)

[01:57:08] Scan #904
  636 USD pairs found
  636 tickers fetched
  F&G: 32 (Fear) | Market 24h: +3.0% | BTC dom: 58.5% [cache]
  At max positions (3/3)
  Positions (3/3):
    SHAPE: entry $0.0009 → $0.0009 (-4.4%)
    KAT: entry $0.0120 → $0.0121 (+1.1%)
    KTA: entry $0.1623 → $0.1557 (-4.1%)

[02:02:18] Scan #905
  636 USD pairs found
  636 tickers fetched
  F&G: 32 (Fear) | Market 24h: +3.1% | BTC dom: 58.5% [cache]
  At max positions (3/3)
  Positions (3/3):
    SHAPE: entry $0.0009 → $0.0009 (-3.3%)
    KAT: entry $0.0120 → $0.0121 (+1.1%)
    KTA: entry $0.1623 → $0.1566 (-3.5%)

[02:07:27] Scan #906
  636 USD pairs found
  636 tickers fetched
  F&G: 32 (Fear) | Market 24h: +3.0% | BTC dom: 58.5% [cache]
  At max positions (3/3)
  Positions (3/3):
    SHAPE: entry $0.0009 → $0.0009 (-5.5%)
    KAT: entry $0.0120 → $0.0122 (+1.8%)
    KTA: entry $0.1623 → $0.1567 (-3.5%)

[02:12:36] Scan #907
  636 USD pairs found
  636 tickers fetched
  F&G: 33 (Fear) | Market 24h: +3.1% | BTC dom: 58.5% [cache]
  At max positions (3/3)
  Positions (3/3):
    SHAPE: entry $0.0009 → $0.0009 (-4.4%)
    KAT: entry $0.0120 → $0.0122 (+1.5%)
    KTA: entry $0.1623 → $0.1563 (-3.7%)

[02:17:45] Scan #908
  636 USD pairs found
  636 tickers fetched
  F&G: 33 (Fear) | Market 24h: +3.0% | BTC dom: 58.5% [cache]
  At max positions (3/3)
  Positions (3/3):
    SHAPE: entry $0.0009 → $0.0009 (-2.2%)
    KAT: entry $0.0120 → $0.0122 (+1.5%)
    KTA: entry $0.1623 → $0.1554 (-4.3%)

[02:22:54] Scan #909
  636 USD pairs found
  636 tickers fetched
  F&G: 33 (Fear) | Market 24h: +3.1% | BTC dom: 58.5% [cache]
  At max positions (3/3)
  Positions (3/3):
    SHAPE: entry $0.0009 → $0.0009 (+0.0%)
    KAT: entry $0.0120 → $0.0121 (+0.7%)
    KTA: entry $0.1623 → $0.1554 (-4.3%)

[02:28:04] Scan #910
  636 USD pairs found
  636 tickers fetched
  F&G: 33 (Fear) | Market 24h: +3.0% | BTC dom: 58.5% [cache]
  At max positions (3/3)
  Positions (3/3):
    SHAPE: entry $0.0009 → $0.0009 (-3.3%)
    KAT: entry $0.0120 → $0.0121 (+0.7%)
    KTA: entry $0.1623 → $0.1561 (-3.8%)

[02:33:13] Scan #911
  636 USD pairs found
  636 tickers fetched
  F&G: 33 (Fear) | Market 24h: +2.7% | BTC dom: 58.5% [cache]
  At max positions (3/3)
  Positions (3/3):
    SHAPE: entry $0.0009 → $0.0009 (-4.4%)
    KAT: entry $0.0120 → $0.0121 (+0.7%)
    KTA: entry $0.1623 → $0.1561 (-3.8%)

[02:38:22] Scan #912
  636 USD pairs found
  636 tickers fetched
  F&G: 33 (Fear) | Market 24h: +2.7% | BTC dom: 58.5% [cache]
  At max positions (3/3)
  Positions (3/3):
    SHAPE: entry $0.0009 → $0.0009 (-1.1%)
    KAT: entry $0.0120 → $0.0121 (+0.7%)
    KTA: entry $0.1623 → $0.1561 (-3.8%)

[02:43:31] Scan #913
  636 USD pairs found
  636 tickers fetched
  F&G: 33 (Fear) | Market 24h: +2.8% | BTC dom: 58.5% [cache]
  At max positions (3/3)
  Positions (3/3):
    SHAPE: entry $0.0009 → $0.0009 (-1.1%)
    KAT: entry $0.0120 → $0.0121 (+0.3%)
    KTA: entry $0.1623 → $0.1555 (-4.2%)

[02:48:41] Scan #914
  636 USD pairs found
  636 tickers fetched
  F&G: 33 (Fear) | Market 24h: +2.6% | BTC dom: 58.5% [cache]
  At max positions (3/3)
  Positions (3/3):
    SHAPE: entry $0.0009 → $0.0009 (-3.3%)
    KAT: entry $0.0120 → $0.0123 (+2.1%)
    KTA: entry $0.1623 → $0.1555 (-4.2%)

[02:53:50] Scan #915
  636 USD pairs found
  636 tickers fetched
  F&G: 33 (Fear) | Market 24h: +2.8% | BTC dom: 58.5% [cache]
  At max positions (3/3)
  Positions (3/3):
    SHAPE: entry $0.0009 → $0.0009 (-4.4%)
    KAT: entry $0.0120 → $0.0123 (+2.1%)
    KTA: entry $0.1623 → $0.1559 (-3.9%)

[02:58:59] Scan #916
  636 USD pairs found
  636 tickers fetched
  F&G: 33 (Fear) | Market 24h: +2.7% | BTC dom: 58.5% [cache]
  At max positions (3/3)
  Positions (3/3):
    SHAPE: entry $0.0009 → $0.0009 (-1.1%)
    KAT: entry $0.0120 → $0.0123 (+2.1%)
    KTA: entry $0.1623 → $0.1559 (-3.9%)

[03:04:08] Scan #917
  636 USD pairs found
  636 tickers fetched
  F&G: 33 (Fear) | Market 24h: +2.6% | BTC dom: 58.5% [cache]
  At max positions (3/3)
  Positions (3/3):
    SHAPE: entry $0.0009 → $0.0009 (-2.2%)
    KAT: entry $0.0120 → $0.0122 (+1.7%)
    KTA: entry $0.1623 → $0.1559 (-3.9%)

[03:09:17] Scan #918
  636 USD pairs found
  636 tickers fetched
  F&G: 33 (Fear) | Market 24h: +2.2% | BTC dom: 58.5% [cache]
  At max positions (3/3)
  Positions (3/3):
    SHAPE: entry $0.0009 → $0.0009 (+0.0%)
    KAT: entry $0.0120 → $0.0123 (+2.6%)
    KTA: entry $0.1623 → $0.1559 (-3.9%)

[03:14:27] Scan #919
  636 USD pairs found
  636 tickers fetched
  F&G: 32 (Fear) | Market 24h: +2.3% | BTC dom: 58.5% [cache]
  At max positions (3/3)
  Positions (3/3):
    SHAPE: entry $0.0009 → $0.0009 (-3.3%)
    KAT: entry $0.0120 → $0.0122 (+1.8%)
    KTA: entry $0.1623 → $0.1559 (-3.9%)

[03:19:36] Scan #920
  636 USD pairs found
  636 tickers fetched
  F&G: 32 (Fear) | Market 24h: +2.5% | BTC dom: 58.5% [cache]
  At max positions (3/3)
  Positions (3/3):
    SHAPE: entry $0.0009 → $0.0008 (-6.6%)
    KAT: entry $0.0120 → $0.0123 (+2.4%)
    KTA: entry $0.1623 → $0.1556 (-4.1%)

[03:24:45] Scan #921
  636 USD pairs found
  636 tickers fetched
  F&G: 32 (Fear) | Market 24h: +2.7% | BTC dom: 58.5% [cache]
  At max positions (3/3)
  Positions (3/3):
    SHAPE: entry $0.0009 → $0.0008 (-6.6%)
    KAT: entry $0.0120 → $0.0124 (+3.1%)
    KTA: entry $0.1623 → $0.1556 (-4.1%)

[03:29:55] Scan #922
  636 USD pairs found
  636 tickers fetched
  F&G: 32 (Fear) | Market 24h: +2.7% | BTC dom: 58.5% [cache]
  At max positions (3/3)
  Positions (3/3):
    SHAPE: entry $0.0009 → $0.0008 (-6.6%)
    KAT: entry $0.0120 → $0.0124 (+3.1%)
    KTA: entry $0.1623 → $0.1556 (-4.1%)

[03:35:04] Scan #923
  636 USD pairs found
  636 tickers fetched
  F&G: 32 (Fear) | Market 24h: +2.7% | BTC dom: 58.5% [cache]
  At max positions (3/3)
  Positions (3/3):
    SHAPE: entry $0.0009 → $0.0009 (-4.4%)
    KAT: entry $0.0120 → $0.0124 (+3.1%)
    KTA: entry $0.1623 → $0.1558 (-4.0%)

[03:40:13] Scan #924
  636 USD pairs found
  636 tickers fetched
  F&G: 32 (Fear) | Market 24h: +2.7% | BTC dom: 58.5% [cache]
  At max positions (3/3)
  Positions (3/3):
    SHAPE: entry $0.0009 → $0.0008 (-6.6%)
    KAT: entry $0.0120 → $0.0124 (+3.1%)
    KTA: entry $0.1623 → $0.1556 (-4.1%)

[03:45:23] Scan #925
  636 USD pairs found
  636 tickers fetched
  F&G: 32 (Fear) | Market 24h: +2.6% | BTC dom: 58.5% [cache]
  At max positions (3/3)
  Positions (3/3):
    SHAPE: entry $0.0009 → $0.0008 (-6.6%)
    KAT: entry $0.0120 → $0.0125 (+3.7%)
    KTA: entry $0.1623 → $0.1557 (-4.1%)

[03:50:33] Scan #926
  636 USD pairs found
  636 tickers fetched
  F&G: 32 (Fear) | Market 24h: +2.7% | BTC dom: 58.5% [cache]
  At max positions (3/3)
  Positions (3/3):
    SHAPE: entry $0.0009 → $0.0008 (-9.9%)
    KAT: entry $0.0120 → $0.0126 (+4.7%)
    KTA: entry $0.1623 → $0.1555 (-4.2%)

[03:55:42] Scan #927
  636 USD pairs found
  636 tickers fetched
  F&G: 32 (Fear) | Market 24h: +2.7% | BTC dom: 58.5% [cache]
  At max positions (3/3)
  Positions (3/3):
    SHAPE: entry $0.0009 → $0.0008 (-8.8%)
    KAT: entry $0.0120 → $0.0126 (+4.6%)
    KTA: entry $0.1623 → $0.1551 (-4.4%)

[04:00:51] Scan #928
  636 USD pairs found
  636 tickers fetched
  F&G: 32 (Fear) | Market 24h: +2.9% | BTC dom: 58.5% [cache]
  At max positions (3/3)
  Positions (3/3):
    SHAPE: entry $0.0009 → $0.0008 (-8.8%)
    KAT: entry $0.0120 → $0.0126 (+4.4%)
    KTA: entry $0.1623 → $0.1551 (-4.4%)

[04:06:00] Scan #929
  636 USD pairs found
  636 tickers fetched
  F&G: 32 (Fear) | Market 24h: +2.9% | BTC dom: 58.5% [cache]
  At max positions (3/3)
  Positions (3/3):
    SHAPE: entry $0.0009 → $0.0008 (-8.8%)
    KAT: entry $0.0120 → $0.0126 (+4.4%)
    KTA: entry $0.1623 → $0.1557 (-4.1%)

[04:11:10] Scan #930
  636 USD pairs found
  636 tickers fetched
  F&G: 33 (Fear) | Market 24h: +3.0% | BTC dom: 58.5% [cache]
  At max positions (3/3)
  Positions (3/3):
    SHAPE: entry $0.0009 → $0.0009 (-5.5%)
    KAT: entry $0.0120 → $0.0125 (+4.2%)
    KTA: entry $0.1623 → $0.1559 (-3.9%)

[04:16:19] Scan #931
  636 USD pairs found
  636 tickers fetched
  F&G: 33 (Fear) | Market 24h: +3.0% | BTC dom: 58.5% [cache]
  At max positions (3/3)
  Positions (3/3):
    SHAPE: entry $0.0009 → $0.0008 (-6.6%)
    KAT: entry $0.0120 → $0.0124 (+3.4%)
    KTA: entry $0.1623 → $0.1554 (-4.3%)

[04:21:28] Scan #932
  636 USD pairs found
  636 tickers fetched
  F&G: 33 (Fear) | Market 24h: +3.0% | BTC dom: 58.5% [cache]
  At max positions (3/3)
  Positions (3/3):
    SHAPE: entry $0.0009 → $0.0008 (-6.6%)
    KAT: entry $0.0120 → $0.0124 (+3.4%)
    KTA: entry $0.1623 → $0.1554 (-4.3%)

[04:26:37] Scan #933
  636 USD pairs found
  636 tickers fetched
  F&G: 33 (Fear) | Market 24h: +2.9% | BTC dom: 58.5% [cache]
  At max positions (3/3)
  Positions (3/3):
    SHAPE: entry $0.0009 → $0.0009 (-3.3%)
    KAT: entry $0.0120 → $0.0124 (+2.9%)
    KTA: entry $0.1623 → $0.1554 (-4.3%)

[04:31:46] Scan #934
  636 USD pairs found
  636 tickers fetched
  F&G: 33 (Fear) | Market 24h: +2.9% | BTC dom: 58.5% [cache]
  At max positions (3/3)
  Positions (3/3):
    SHAPE: entry $0.0009 → $0.0008 (-8.8%)
    KAT: entry $0.0120 → $0.0124 (+2.9%)
    KTA: entry $0.1623 → $0.1554 (-4.3%)

[04:36:55] Scan #935
  636 USD pairs found
  636 tickers fetched
  F&G: 33 (Fear) | Market 24h: +2.5% | BTC dom: 58.5% [cache]
  At max positions (3/3)
  Positions (3/3):
    SHAPE: entry $0.0009 → $0.0009 (-4.4%)
    KAT: entry $0.0120 → $0.0126 (+4.7%)
    KTA: entry $0.1623 → $0.1554 (-4.3%)

[04:42:05] Scan #936
  636 USD pairs found
  636 tickers fetched
  F&G: 32 (Fear) | Market 24h: +2.4% | BTC dom: 58.5% [cache]
  At max positions (3/3)
  Positions (3/3):
    SHAPE: entry $0.0009 → $0.0008 (-9.9%)
    KAT: entry $0.0120 → $0.0126 (+4.7%)
    KTA: entry $0.1623 → $0.1554 (-4.3%)

[04:47:14] Scan #937
  636 USD pairs found
  636 tickers fetched
  F&G: 32 (Fear) | Market 24h: +2.5% | BTC dom: 58.5% [cache]
  At max positions (3/3)
  Positions (3/3):
    SHAPE: entry $0.0009 → $0.0008 (-8.8%)
    KAT: entry $0.0120 → $0.0126 (+4.7%)
    KTA: entry $0.1623 → $0.1554 (-4.3%)

[04:52:23] Scan #938
  636 USD pairs found
  636 tickers fetched
  F&G: 32 (Fear) | Market 24h: +2.4% | BTC dom: 58.5% [cache]
  At max positions (3/3)
  Positions (3/3):
    SHAPE: entry $0.0009 → $0.0009 (-4.4%)
    KAT: entry $0.0120 → $0.0126 (+4.7%)
    KTA: entry $0.1623 → $0.1554 (-4.3%)

[04:57:32] Scan #939
  636 USD pairs found
  636 tickers fetched
  F&G: 32 (Fear) | Market 24h: +2.3% | BTC dom: 58.5% [cache]
  At max positions (3/3)
  Positions (3/3):
    SHAPE: entry $0.0009 → $0.0009 (-5.5%)
    KAT: entry $0.0120 → $0.0124 (+2.9%)
    KTA: entry $0.1623 → $0.1554 (-4.3%)

[05:02:41] Scan #940
  636 USD pairs found
  636 tickers fetched
  F&G: 32 (Fear) | Market 24h: +2.2% | BTC dom: 58.5% [cache]
  At max positions (3/3)
  Positions (3/3):
    SHAPE: entry $0.0009 → $0.0008 (-7.7%)
    KAT: entry $0.0120 → $0.0123 (+2.7%)
    KTA: entry $0.1623 → $0.1554 (-4.3%)

[05:07:51] Scan #941
  636 USD pairs found
  636 tickers fetched
  F&G: 32 (Fear) | Market 24h: +1.9% | BTC dom: 58.4% [cache]
  At max positions (3/3)
  Positions (3/3):
    SHAPE: entry $0.0009 → $0.0009 (+2.2%)
    KAT: entry $0.0120 → $0.0123 (+2.7%)
    KTA: entry $0.1623 → $0.1554 (-4.3%)

[05:13:00] Scan #942
  636 USD pairs found
  636 tickers fetched
  F&G: 32 (Fear) | Market 24h: +1.8% | BTC dom: 58.4% [cache]
  At max positions (3/3)
  Positions (3/3):
    SHAPE: entry $0.0009 → $0.0008 (-6.6%)
    KAT: entry $0.0120 → $0.0125 (+4.2%)
    KTA: entry $0.1623 → $0.1542 (-5.0%)

[05:18:09] Scan #943
  636 USD pairs found
  636 tickers fetched
  F&G: 32 (Fear) | Market 24h: +1.8% | BTC dom: 58.4% [cache]
  At max positions (3/3)
  Positions (3/3):
    SHAPE: entry $0.0009 → $0.0009 (-4.4%)
    KAT: entry $0.0120 → $0.0125 (+4.2%)
    KTA: entry $0.1623 → $0.1542 (-5.0%)

[05:23:18] Scan #944
  636 USD pairs found
  636 tickers fetched
  F&G: 32 (Fear) | Market 24h: +1.9% | BTC dom: 58.5% [cache]
  At max positions (3/3)
  Positions (3/3):
    SHAPE: entry $0.0009 → $0.0009 (-4.4%)
    KAT: entry $0.0120 → $0.0125 (+4.2%)
    KTA: entry $0.1623 → $0.1542 (-5.0%)

[05:28:27] Scan #945
  636 USD pairs found
  636 tickers fetched
  F&G: 32 (Fear) | Market 24h: +1.9% | BTC dom: 58.4% [cache]
  At max positions (3/3)
  Positions (3/3):
    SHAPE: entry $0.0009 → $0.0009 (-4.4%)
    KAT: entry $0.0120 → $0.0124 (+3.1%)
    KTA: entry $0.1623 → $0.1542 (-5.0%)

[05:33:36] Scan #946
  636 USD pairs found
  636 tickers fetched
  F&G: 32 (Fear) | Market 24h: +1.9% | BTC dom: 58.4% [cache]
  At max positions (3/3)
  Positions (3/3):
    SHAPE: entry $0.0009 → $0.0009 (-4.4%)
    KAT: entry $0.0120 → $0.0124 (+2.9%)
    KTA: entry $0.1623 → $0.1541 (-5.1%)

[05:38:46] Scan #947
  636 USD pairs found
  636 tickers fetched
  F&G: 32 (Fear) | Market 24h: +1.9% | BTC dom: 58.4% [cache]
  At max positions (3/3)
  Positions (3/3):
    SHAPE: entry $0.0009 → $0.0009 (-4.4%)
    KAT: entry $0.0120 → $0.0124 (+2.9%)
    KTA: entry $0.1623 → $0.1541 (-5.1%)

[05:43:56] Scan #948
  636 USD pairs found
  636 tickers fetched
  F&G: 32 (Fear) | Market 24h: +2.0% | BTC dom: 58.4% [cache]
  At max positions (3/3)
  Positions (3/3):
    SHAPE: entry $0.0009 → $0.0008 (-7.7%)
    KAT: entry $0.0120 → $0.0124 (+2.9%)
    KTA: entry $0.1623 → $0.1541 (-5.1%)

[05:49:05] Scan #949
  636 USD pairs found
  636 tickers fetched
  F&G: 32 (Fear) | Market 24h: +2.2% | BTC dom: 58.4% [cache]
  At max positions (3/3)
  Positions (3/3):
    SHAPE: entry $0.0009 → $0.0009 (-4.4%)
    KAT: entry $0.0120 → $0.0123 (+2.1%)
    KTA: entry $0.1623 → $0.1541 (-5.1%)

[05:54:15] Scan #950
  636 USD pairs found
  636 tickers fetched
  F&G: 32 (Fear) | Market 24h: +2.2% | BTC dom: 58.4% [cache]
  At max positions (3/3)
  Positions (3/3):
    SHAPE: entry $0.0009 → $0.0009 (-5.5%)
    KAT: entry $0.0120 → $0.0123 (+2.1%)
    KTA: entry $0.1623 → $0.1541 (-5.1%)

[05:59:24] Scan #951
  636 USD pairs found
  636 tickers fetched
  F&G: 32 (Fear) | Market 24h: +2.0% | BTC dom: 58.4% [cache]
  At max positions (3/3)
  Positions (3/3):
    SHAPE: entry $0.0009 → $0.0009 (-4.4%)
    KAT: entry $0.0120 → $0.0123 (+2.1%)
    KTA: entry $0.1623 → $0.1541 (-5.1%)

[06:04:33] Scan #952
  636 USD pairs found
  636 tickers fetched
  F&G: 32 (Fear) | Market 24h: +1.9% | BTC dom: 58.4% [cache]
  At max positions (3/3)
  Positions (3/3):
    SHAPE: entry $0.0009 → $0.0009 (-5.5%)
    KAT: entry $0.0120 → $0.0122 (+1.3%)
    KTA: entry $0.1623 → $0.1541 (-5.1%)

[06:09:42] Scan #953
  636 USD pairs found
  636 tickers fetched
  F&G: 32 (Fear) | Market 24h: +2.1% | BTC dom: 58.4% [cache]
  At max positions (3/3)
  Positions (3/3):
    SHAPE: entry $0.0009 → $0.0008 (-7.7%)
    KAT: entry $0.0120 → $0.0121 (+0.9%)
    KTA: entry $0.1623 → $0.1548 (-4.6%)

[06:14:51] Scan #954
  636 USD pairs found
  636 tickers fetched
  F&G: 32 (Fear) | Market 24h: +2.2% | BTC dom: 58.4% [cache]
  At max positions (3/3)
  Positions (3/3):
    SHAPE: entry $0.0009 → $0.0009 (-5.5%)
    KAT: entry $0.0120 → $0.0121 (+0.5%)
    KTA: entry $0.1623 → $0.1548 (-4.6%)

[06:20:00] Scan #955
  636 USD pairs found
  636 tickers fetched
  F&G: 32 (Fear) | Market 24h: +2.2% | BTC dom: 58.5% [cache]
  At max positions (3/3)
  Positions (3/3):
    SHAPE: entry $0.0009 → $0.0008 (-7.7%)
    KAT: entry $0.0120 → $0.0121 (+0.7%)
    KTA: entry $0.1623 → $0.1548 (-4.6%)

[06:25:10] Scan #956
  636 USD pairs found
  636 tickers fetched
  F&G: 32 (Fear) | Market 24h: +2.2% | BTC dom: 58.5% [cache]
  At max positions (3/3)
  Positions (3/3):
    SHAPE: entry $0.0009 → $0.0008 (-6.6%)
    KAT: entry $0.0120 → $0.0121 (+0.7%)
    KTA: entry $0.1623 → $0.1548 (-4.6%)

[06:30:19] Scan #957
  636 USD pairs found
  636 tickers fetched
  F&G: 32 (Fear) | Market 24h: +2.4% | BTC dom: 58.5% [cache]
  At max positions (3/3)
  Positions (3/3):
    SHAPE: entry $0.0009 → $0.0009 (-4.4%)
    KAT: entry $0.0120 → $0.0121 (+0.5%)
    KTA: entry $0.1623 → $0.1548 (-4.6%)

[06:35:28] Scan #958
  636 USD pairs found
  636 tickers fetched
  F&G: 32 (Fear) | Market 24h: +2.3% | BTC dom: 58.5% [cache]
  At max positions (3/3)
  Positions (3/3):
    SHAPE: entry $0.0009 → $0.0008 (-8.8%)
    KAT: entry $0.0120 → $0.0121 (+0.5%)
    KTA: entry $0.1623 → $0.1548 (-4.6%)

[06:40:37] Scan #959
  636 USD pairs found
  636 tickers fetched
  F&G: 32 (Fear) | Market 24h: +2.6% | BTC dom: 58.5% [cache]
  At max positions (3/3)
  Positions (3/3):
    SHAPE: entry $0.0009 → $0.0008 (-7.7%)
    KAT: entry $0.0120 → $0.0121 (+0.5%)
    KTA: entry $0.1623 → $0.1549 (-4.6%)

[06:45:47] Scan #960
  636 USD pairs found
  636 tickers fetched
  F&G: 33 (Fear) | Market 24h: +2.9% | BTC dom: 58.5% [cache]
  At max positions (3/3)
  Positions (3/3):
    SHAPE: entry $0.0009 → $0.0008 (-7.7%)
    KAT: entry $0.0120 → $0.0121 (+0.5%)
    KTA: entry $0.1623 → $0.1549 (-4.6%)

[06:50:56] Scan #961
  636 USD pairs found
  636 tickers fetched
  F&G: 33 (Fear) | Market 24h: +3.3% | BTC dom: 58.5% [cache]
  At max positions (3/3)
  Positions (3/3):
    SHAPE: entry $0.0009 → $0.0008 (-7.7%)
    KAT: entry $0.0120 → $0.0122 (+1.2%)
    KTA: entry $0.1623 → $0.1549 (-4.6%)

[06:56:05] Scan #962
  636 USD pairs found
  636 tickers fetched
  F&G: 33 (Fear) | Market 24h: +3.3% | BTC dom: 58.5% [cache]
  At max positions (3/3)
  Positions (3/3):
    SHAPE: entry $0.0009 → $0.0008 (-8.8%)
    KAT: entry $0.0120 → $0.0122 (+1.2%)
    KTA: entry $0.1623 → $0.1551 (-4.4%)

[07:01:14] Scan #963
  636 USD pairs found
  636 tickers fetched
  F&G: 32 (Fear) | Market 24h: +3.3% | BTC dom: 58.5% [cache]
  At max positions (3/3)
  Positions (3/3):
    SHAPE: entry $0.0009 → $0.0008 (-7.7%)
    KAT: entry $0.0120 → $0.0122 (+1.2%)
    KTA: entry $0.1623 → $0.1551 (-4.4%)

[07:06:23] Scan #964
  636 USD pairs found
  636 tickers fetched
  F&G: 32 (Fear) | Market 24h: +3.4% | BTC dom: 58.5% [cache]
  At max positions (3/3)
  Positions (3/3):
    SHAPE: entry $0.0009 → $0.0008 (-9.9%)
    KAT: entry $0.0120 → $0.0122 (+1.2%)
    KTA: entry $0.1623 → $0.1553 (-4.3%)

[07:11:32] Scan #965
  636 USD pairs found
  636 tickers fetched
  F&G: 32 (Fear) | Market 24h: +3.8% | BTC dom: 58.5% [cache]
  At max positions (3/3)
  Positions (3/3):
    SHAPE: entry $0.0009 → $0.0008 (-7.7%)
    KAT: entry $0.0120 → $0.0122 (+1.6%)
    KTA: entry $0.1623 → $0.1558 (-4.0%)

[07:16:41] Scan #966
  636 USD pairs found
  636 tickers fetched
  F&G: 33 (Fear) | Market 24h: +3.9% | BTC dom: 58.5% [cache]
  At max positions (3/3)
  Positions (3/3):
    SHAPE: entry $0.0009 → $0.0008 (-9.9%)
    KAT: entry $0.0120 → $0.0122 (+1.6%)
    KTA: entry $0.1623 → $0.1575 (-3.0%)

[07:21:51] Scan #967
  636 USD pairs found
  636 tickers fetched
  F&G: 33 (Fear) | Market 24h: +3.9% | BTC dom: 58.4% [cache]
  At max positions (3/3)
  Positions (3/3):
    SHAPE: entry $0.0009 → $0.0008 (-11.0%)
    KAT: entry $0.0120 → $0.0122 (+1.2%)
    KTA: entry $0.1623 → $0.1575 (-3.0%)

[07:27:00] Scan #968
  636 USD pairs found
  636 tickers fetched
  F&G: 33 (Fear) | Market 24h: +4.1% | BTC dom: 58.5% [cache]
  At max positions (3/3)
  Positions (3/3):
    SHAPE: entry $0.0009 → $0.0008 (-7.7%)
    KAT: entry $0.0120 → $0.0121 (+0.8%)
    KTA: entry $0.1623 → $0.1558 (-4.0%)

[07:32:09] Scan #969
  636 USD pairs found
  636 tickers fetched
  F&G: 34 (Fear) | Market 24h: +4.2% | BTC dom: 58.5% [cache]
  At max positions (3/3)
  Positions (3/3):
    SHAPE: entry $0.0009 → $0.0008 (-7.7%)
    KAT: entry $0.0120 → $0.0121 (+0.8%)
    KTA: entry $0.1623 → $0.1557 (-4.1%)

[07:37:18] Scan #970
  636 USD pairs found
  636 tickers fetched
  F&G: 34 (Fear) | Market 24h: +4.0% | BTC dom: 58.5% [cache]
  At max positions (3/3)
  Positions (3/3):
    SHAPE: entry $0.0009 → $0.0008 (-7.7%)
    KAT: entry $0.0120 → $0.0122 (+1.2%)
    KTA: entry $0.1623 → $0.1552 (-4.4%)

[07:42:28] Scan #971
  636 USD pairs found
  636 tickers fetched
  F&G: 34 (Fear) | Market 24h: +3.7% | BTC dom: 58.5% [cache]
  At max positions (3/3)
  Positions (3/3):
    SHAPE: entry $0.0009 → $0.0008 (-8.8%)
    KAT: entry $0.0120 → $0.0122 (+1.2%)
    KTA: entry $0.1623 → $0.1552 (-4.4%)

[07:47:37] Scan #972
  636 USD pairs found
  636 tickers fetched
  F&G: 34 (Fear) | Market 24h: +3.4% | BTC dom: 58.5% [cache]
  At max positions (3/3)
  Positions (3/3):
    SHAPE: entry $0.0009 → $0.0008 (-7.7%)
    KAT: entry $0.0120 → $0.0122 (+1.2%)
    KTA: entry $0.1623 → $0.1552 (-4.4%)

[07:52:46] Scan #973
  636 USD pairs found
  636 tickers fetched
  F&G: 34 (Fear) | Market 24h: +3.2% | BTC dom: 58.5% [cache]
  At max positions (3/3)
  Positions (3/3):
    SHAPE: entry $0.0009 → $0.0008 (-8.8%)
    KAT: entry $0.0120 → $0.0122 (+1.2%)
    KTA: entry $0.1623 → $0.1556 (-4.1%)

[07:57:55] Scan #974
  636 USD pairs found
  636 tickers fetched
  F&G: 34 (Fear) | Market 24h: +3.4% | BTC dom: 58.5% [cache]
  At max positions (3/3)
  Positions (3/3):
    SHAPE: entry $0.0009 → $0.0008 (-7.7%)
    KAT: entry $0.0120 → $0.0122 (+1.2%)
    KTA: entry $0.1623 → $0.1556 (-4.1%)

[08:03:04] Scan #975
  636 USD pairs found
  636 tickers fetched
  F&G: 34 (Fear) | Market 24h: +3.5% | BTC dom: 58.5% [cache]
  At max positions (3/3)
  Positions (3/3):
    SHAPE: entry $0.0009 → $0.0008 (-9.9%)
    KAT: entry $0.0120 → $0.0121 (+1.1%)
    KTA: entry $0.1623 → $0.1576 (-2.9%)

[08:08:13] Scan #976
  636 USD pairs found
  636 tickers fetched
  F&G: 34 (Fear) | Market 24h: +3.6% | BTC dom: 58.5% [cache]
  At max positions (3/3)
  Positions (3/3):
    SHAPE: entry $0.0009 → $0.0008 (-8.8%)
    KAT: entry $0.0120 → $0.0121 (+0.4%)
    KTA: entry $0.1623 → $0.1565 (-3.6%)

[08:13:23] Scan #977
  636 USD pairs found
  636 tickers fetched
  F&G: 35 (Fear) | Market 24h: +3.4% | BTC dom: 58.5% [cache]
  At max positions (3/3)
  Positions (3/3):
    SHAPE: entry $0.0009 → $0.0008 (-8.8%)
    KAT: entry $0.0120 → $0.0121 (+0.4%)
    KTA: entry $0.1623 → $0.1559 (-3.9%)

[08:18:32] Scan #978
  636 USD pairs found
  636 tickers fetched
  F&G: 35 (Fear) | Market 24h: +3.4% | BTC dom: 58.5% [cache]
  At max positions (3/3)
  Positions (3/3):
    SHAPE: entry $0.0009 → $0.0008 (-8.8%)
    KAT: entry $0.0120 → $0.0121 (+0.4%)
    KTA: entry $0.1623 → $0.1563 (-3.7%)

[08:23:41] Scan #979
  636 USD pairs found
  636 tickers fetched
  F&G: 34 (Fear) | Market 24h: +3.2% | BTC dom: 58.5% [cache]
  At max positions (3/3)
  Positions (3/3):
    SHAPE: entry $0.0009 → $0.0008 (-9.9%)
    KAT: entry $0.0120 → $0.0120 (-0.6%)
    KTA: entry $0.1623 → $0.1557 (-4.1%)

[08:28:50] Scan #980
  636 USD pairs found
  636 tickers fetched
  F&G: 34 (Fear) | Market 24h: +3.2% | BTC dom: 58.5% [cache]
  At max positions (3/3)
  Positions (3/3):
    SHAPE: entry $0.0009 → $0.0008 (-9.9%)
    KAT: entry $0.0120 → $0.0119 (-0.8%)
    KTA: entry $0.1623 → $0.1557 (-4.1%)

[08:33:59] Scan #981
  636 USD pairs found
  636 tickers fetched
  F&G: 34 (Fear) | Market 24h: +3.1% | BTC dom: 58.5% [cache]
  At max positions (3/3)
  Positions (3/3):
    SHAPE: entry $0.0009 → $0.0008 (-8.8%)
    KAT: entry $0.0120 → $0.0118 (-1.5%)
    KTA: entry $0.1623 → $0.1557 (-4.1%)

[08:39:08] Scan #982
  636 USD pairs found
  636 tickers fetched
  F&G: 34 (Fear) | Market 24h: +3.2% | BTC dom: 58.5% [cache]
  At max positions (3/3)
  Positions (3/3):
    SHAPE: entry $0.0009 → $0.0008 (-11.0%)
    KAT: entry $0.0120 → $0.0118 (-2.1%)
    KTA: entry $0.1623 → $0.1552 (-4.4%)

[08:44:17] Scan #983
  636 USD pairs found
  636 tickers fetched
  F&G: 34 (Fear) | Market 24h: +3.3% | BTC dom: 58.5% [cache]
  At max positions (3/3)
  Positions (3/3):
    SHAPE: entry $0.0009 → $0.0008 (-8.8%)
    KAT: entry $0.0120 → $0.0118 (-1.4%)
    KTA: entry $0.1623 → $0.1555 (-4.2%)

[08:49:27] Scan #984
  636 USD pairs found
  636 tickers fetched
  F&G: 34 (Fear) | Market 24h: +3.4% | BTC dom: 58.5% [cache]
  At max positions (3/3)
  Positions (3/3):
    SHAPE: entry $0.0009 → $0.0008 (-11.0%)
    KAT: entry $0.0120 → $0.0116 (-3.2%)
    KTA: entry $0.1623 → $0.1552 (-4.4%)

[08:54:36] Scan #985
  636 USD pairs found
  636 tickers fetched
  F&G: 34 (Fear) | Market 24h: +3.3% | BTC dom: 58.5% [cache]
  At max positions (3/3)
  Positions (3/3):
    SHAPE: entry $0.0009 → $0.0008 (-7.7%)
    KAT: entry $0.0120 → $0.0116 (-3.4%)
    KTA: entry $0.1623 → $0.1552 (-4.4%)

[08:59:45] Scan #986
  636 USD pairs found
  636 tickers fetched
  F&G: 34 (Fear) | Market 24h: +3.4% | BTC dom: 58.5% [cache]
  At max positions (3/3)
  Positions (3/3):
    SHAPE: entry $0.0009 → $0.0008 (-9.9%)
    KAT: entry $0.0120 → $0.0116 (-3.4%)
    KTA: entry $0.1623 → $0.1552 (-4.4%)

[09:04:54] Scan #987
  636 USD pairs found
  636 tickers fetched
  F&G: 34 (Fear) | Market 24h: +3.5% | BTC dom: 58.5% [cache]
  At max positions (3/3)
  Positions (3/3):
    SHAPE: entry $0.0009 → $0.0008 (-12.1%)
    KAT: entry $0.0120 → $0.0116 (-3.4%)
    KTA: entry $0.1623 → $0.1539 (-5.2%)

[09:10:03] Scan #988
  636 USD pairs found
  636 tickers fetched
  F&G: 34 (Fear) | Market 24h: +3.7% | BTC dom: 58.5% [cache]
  At max positions (3/3)
  Positions (3/3):
    SHAPE: entry $0.0009 → $0.0008 (-11.0%)
    KAT: entry $0.0120 → $0.0117 (-2.9%)
    KTA: entry $0.1623 → $0.1543 (-4.9%)

[09:15:12] Scan #989
  636 USD pairs found
  636 tickers fetched
  F&G: 34 (Fear) | Market 24h: +3.5% | BTC dom: 58.5% [cache]
  At max positions (3/3)
  Positions (3/3):
    SHAPE: entry $0.0009 → $0.0008 (-6.6%)
    KAT: entry $0.0120 → $0.0117 (-2.7%)
    KTA: entry $0.1623 → $0.1535 (-5.4%)

[09:20:22] Scan #990
  636 USD pairs found
  636 tickers fetched
  F&G: 34 (Fear) | Market 24h: +3.4% | BTC dom: 58.5% [cache]
  At max positions (3/3)
  Positions (3/3):
    SHAPE: entry $0.0009 → $0.0008 (-6.6%)
    KAT: entry $0.0120 → $0.0117 (-2.7%)
    KTA: entry $0.1623 → $0.1535 (-5.4%)

[09:25:31] Scan #991
  636 USD pairs found
  636 tickers fetched
  F&G: 34 (Fear) | Market 24h: +3.5% | BTC dom: 58.6% [cache]
  At max positions (3/3)
  Positions (3/3):
    SHAPE: entry $0.0009 → $0.0008 (-8.8%)
    KAT: entry $0.0120 → $0.0118 (-1.9%)
    KTA: entry $0.1623 → $0.1535 (-5.4%)

[09:30:40] Scan #992
  636 USD pairs found
  636 tickers fetched
  F&G: 34 (Fear) | Market 24h: +3.6% | BTC dom: 58.6% [cache]
  At max positions (3/3)
  Positions (3/3):
    SHAPE: entry $0.0009 → $0.0008 (-8.8%)
    KAT: entry $0.0120 → $0.0117 (-2.7%)
    KTA: entry $0.1623 → $0.1539 (-5.2%)

[09:35:49] Scan #993
  636 USD pairs found
  636 tickers fetched
  F&G: 34 (Fear) | Market 24h: +3.7% | BTC dom: 58.6% [cache]
  At max positions (3/3)
  Positions (3/3):
    SHAPE: entry $0.0009 → $0.0008 (-8.8%)
    KAT: entry $0.0120 → $0.0117 (-2.7%)
    KTA: entry $0.1623 → $0.1539 (-5.2%)

[09:40:58] Scan #994
  636 USD pairs found
  636 tickers fetched
  F&G: 34 (Fear) | Market 24h: +4.0% | BTC dom: 58.5% [cache]
  At max positions (3/3)
  Positions (3/3):
    SHAPE: entry $0.0009 → $0.0008 (-8.8%)
    KAT: entry $0.0120 → $0.0118 (-2.1%)
    KTA: entry $0.1623 → $0.1546 (-4.7%)

[09:46:08] Scan #995
  636 USD pairs found
  636 tickers fetched
  F&G: 34 (Fear) | Market 24h: +4.0% | BTC dom: 58.6% [cache]
  At max positions (3/3)
  Positions (3/3):
    SHAPE: entry $0.0009 → $0.0008 (-8.8%)
    KAT: entry $0.0120 → $0.0118 (-1.8%)
    KTA: entry $0.1623 → $0.1546 (-4.7%)

[09:51:17] Scan #996
  636 USD pairs found
  636 tickers fetched
  F&G: 34 (Fear) | Market 24h: +4.0% | BTC dom: 58.6% [cache]
  At max positions (3/3)
  Positions (3/3):
    SHAPE: entry $0.0009 → $0.0008 (-8.8%)
    KAT: entry $0.0120 → $0.0118 (-1.8%)
    KTA: entry $0.1623 → $0.1543 (-4.9%)

[09:56:26] Scan #997
  636 USD pairs found
  636 tickers fetched
  F&G: 34 (Fear) | Market 24h: +4.0% | BTC dom: 58.6% [cache]
  At max positions (3/3)
  Positions (3/3):
    SHAPE: entry $0.0009 → $0.0008 (-8.8%)
    KAT: entry $0.0120 → $0.0118 (-1.8%)
    KTA: entry $0.1623 → $0.1543 (-4.9%)

[10:01:35] Scan #998
  636 USD pairs found
  636 tickers fetched
  F&G: 34 (Fear) | Market 24h: +4.0% | BTC dom: 58.6% [cache]
  At max positions (3/3)
  Positions (3/3):
    SHAPE: entry $0.0009 → $0.0008 (-7.7%)
    KAT: entry $0.0120 → $0.0117 (-2.8%)
    KTA: entry $0.1623 → $0.1543 (-4.9%)

[10:06:44] Scan #999
  636 USD pairs found
  636 tickers fetched
  F&G: 34 (Fear) | Market 24h: +3.8% | BTC dom: 58.6% [cache]
  At max positions (3/3)
  Positions (3/3):
    SHAPE: entry $0.0009 → $0.0008 (-7.7%)
    KAT: entry $0.0120 → $0.0116 (-3.3%)
    KTA: entry $0.1623 → $0.1551 (-4.4%)

[10:11:53] Scan #1000
  636 USD pairs found
  636 tickers fetched
  F&G: 35 (Fear) | Market 24h: +3.7% | BTC dom: 58.6% [cache]
  At max positions (3/3)
  Positions (3/3):
    SHAPE: entry $0.0009 → $0.0008 (-7.7%)
    KAT: entry $0.0120 → $0.0116 (-3.3%)
    KTA: entry $0.1623 → $0.1551 (-4.4%)

[10:17:03] Scan #1001
  636 USD pairs found
  636 tickers fetched
  F&G: 35 (Fear) | Market 24h: +3.3% | BTC dom: 58.6% [cache]
  At max positions (3/3)
  Positions (3/3):
    SHAPE: entry $0.0009 → $0.0008 (-8.8%)
    KAT: entry $0.0120 → $0.0116 (-3.2%)
    KTA: entry $0.1623 → $0.1551 (-4.4%)

[10:22:12] Scan #1002
  636 USD pairs found
  636 tickers fetched
  F&G: 35 (Fear) | Market 24h: +3.4% | BTC dom: 58.6% [cache]
  At max positions (3/3)
  Positions (3/3):
    SHAPE: entry $0.0009 → $0.0008 (-7.7%)
    KAT: entry $0.0120 → $0.0116 (-3.7%)
    KTA: entry $0.1623 → $0.1548 (-4.6%)

[10:27:21] Scan #1003
  636 USD pairs found
  636 tickers fetched
  F&G: 34 (Fear) | Market 24h: +3.6% | BTC dom: 58.6% [cache]
  At max positions (3/3)
  Positions (3/3):
    SHAPE: entry $0.0009 → $0.0008 (-6.6%)
    KAT: entry $0.0120 → $0.0116 (-3.7%)
    KTA: entry $0.1623 → $0.1538 (-5.2%)

[10:32:30] Scan #1004
  636 USD pairs found
  636 tickers fetched
  F&G: 34 (Fear) | Market 24h: +3.5% | BTC dom: 58.6% [cache]
  At max positions (3/3)
  Positions (3/3):
    SHAPE: entry $0.0009 → $0.0008 (-7.7%)
    KAT: entry $0.0120 → $0.0116 (-3.6%)
    KTA: entry $0.1623 → $0.1537 (-5.3%)

[10:37:39] Scan #1005
  636 USD pairs found
  636 tickers fetched
  F&G: 34 (Fear) | Market 24h: +3.5% | BTC dom: 58.6% [cache]
  At max positions (3/3)
  Positions (3/3):
    SHAPE: entry $0.0009 → $0.0008 (-6.6%)
    KAT: entry $0.0120 → $0.0115 (-4.6%)
    KTA: entry $0.1623 → $0.1537 (-5.3%)

[10:42:49] Scan #1006
  636 USD pairs found
  636 tickers fetched
  F&G: 34 (Fear) | Market 24h: +3.5% | BTC dom: 58.6% [cache]
  At max positions (3/3)
  Positions (3/3):
    SHAPE: entry $0.0009 → $0.0008 (-6.6%)
    KAT: entry $0.0120 → $0.0115 (-4.2%)
    KTA: entry $0.1623 → $0.1547 (-4.7%)

[10:47:58] Scan #1007
  636 USD pairs found
  636 tickers fetched
  F&G: 34 (Fear) | Market 24h: +3.7% | BTC dom: 58.6% [cache]
  At max positions (3/3)
  Positions (3/3):
    SHAPE: entry $0.0009 → $0.0008 (-7.7%)
    KAT: entry $0.0120 → $0.0115 (-4.2%)
    KTA: entry $0.1623 → $0.1558 (-4.0%)

[10:53:07] Scan #1008
  636 USD pairs found
  636 tickers fetched
  F&G: 34 (Fear) | Market 24h: +3.7% | BTC dom: 58.6% [cache]
  At max positions (3/3)
  Positions (3/3):
    SHAPE: entry $0.0009 → $0.0008 (-8.8%)
    KAT: entry $0.0120 → $0.0117 (-2.6%)
    KTA: entry $0.1623 → $0.1546 (-4.7%)

[10:58:17] Scan #1009
  636 USD pairs found
  636 tickers fetched
  F&G: 34 (Fear) | Market 24h: +3.5% | BTC dom: 58.6% [cache]
  At max positions (3/3)
  Positions (3/3):
    SHAPE: entry $0.0009 → $0.0008 (-8.8%)
    KAT: entry $0.0120 → $0.0117 (-2.3%)
    KTA: entry $0.1623 → $0.1565 (-3.6%)

[11:03:26] Scan #1010
  636 USD pairs found
  636 tickers fetched
  F&G: 34 (Fear) | Market 24h: +3.6% | BTC dom: 58.6% [cache]
  At max positions (3/3)
  Positions (3/3):
    SHAPE: entry $0.0009 → $0.0008 (-8.8%)
    KAT: entry $0.0120 → $0.0117 (-2.4%)
    KTA: entry $0.1623 → $0.1568 (-3.4%)

[11:08:35] Scan #1011
  636 USD pairs found
  636 tickers fetched
  F&G: 34 (Fear) | Market 24h: +3.3% | BTC dom: 58.6% [cache]
  At max positions (3/3)
  Positions (3/3):
    SHAPE: entry $0.0009 → $0.0008 (-8.8%)
    KAT: entry $0.0120 → $0.0117 (-2.8%)
    KTA: entry $0.1623 → $0.1556 (-4.1%)

[11:13:44] Scan #1012
  636 USD pairs found
  636 tickers fetched
  F&G: 34 (Fear) | Market 24h: +0.7% | BTC dom: 58.6% [cache]
  At max positions (3/3)
  Positions (3/3):
    SHAPE: entry $0.0009 → $0.0008 (-8.8%)
    KAT: entry $0.0120 → $0.0117 (-2.6%)
    KTA: entry $0.1623 → $0.1553 (-4.3%)

[11:18:53] Scan #1013
  636 USD pairs found
  636 tickers fetched
  F&G: 34 (Fear) | Market 24h: -0.3% | BTC dom: 58.6% [cache]
  At max positions (3/3)
  Positions (3/3):
    SHAPE: entry $0.0009 → $0.0009 (-5.5%)
    KAT: entry $0.0120 → $0.0116 (-3.2%)
    KTA: entry $0.1623 → $0.1553 (-4.3%)

[11:24:02] Scan #1014
  636 USD pairs found
  636 tickers fetched
  F&G: 34 (Fear) | Market 24h: -0.0% | BTC dom: 58.5% [cache]
  At max positions (3/3)
  Positions (3/3):
    SHAPE: entry $0.0009 → $0.0008 (-6.6%)
    KAT: entry $0.0120 → $0.0116 (-3.2%)
    KTA: entry $0.1623 → $0.1553 (-4.3%)

[11:29:11] Scan #1015
  636 USD pairs found
  636 tickers fetched
  F&G: 34 (Fear) | Market 24h: +0.3% | BTC dom: 58.5% [cache]
  At max positions (3/3)
  Positions (3/3):
    SHAPE: entry $0.0009 → $0.0008 (-7.7%)
    KAT: entry $0.0120 → $0.0117 (-2.4%)
    KTA: entry $0.1623 → $0.1553 (-4.3%)

[11:34:21] Scan #1016
  636 USD pairs found
  636 tickers fetched
  F&G: 34 (Fear) | Market 24h: +0.2% | BTC dom: 58.5% [cache]
  At max positions (3/3)
  Positions (3/3):
    SHAPE: entry $0.0009 → $0.0008 (-7.7%)
    KAT: entry $0.0120 → $0.0117 (-2.4%)
    KTA: entry $0.1623 → $0.1553 (-4.3%)

[11:39:30] Scan #1017
  636 USD pairs found
  636 tickers fetched
  F&G: 34 (Fear) | Market 24h: -0.1% | BTC dom: 58.5% [cache]
  At max positions (3/3)
  Positions (3/3):
    SHAPE: entry $0.0009 → $0.0008 (-7.7%)
    KAT: entry $0.0120 → $0.0117 (-2.4%)
    KTA: entry $0.1623 → $0.1553 (-4.3%)

[11:44:39] Scan #1018
  636 USD pairs found
  636 tickers fetched
  F&G: 34 (Fear) | Market 24h: +0.6% | BTC dom: 58.5% [cache]
  At max positions (3/3)
  Positions (3/3):
    SHAPE: entry $0.0009 → $0.0008 (-7.7%)
    KAT: entry $0.0120 → $0.0117 (-2.4%)
    KTA: entry $0.1623 → $0.1549 (-4.6%)

[11:49:48] Scan #1019
  636 USD pairs found
  636 tickers fetched
  F&G: 34 (Fear) | Market 24h: +0.7% | BTC dom: 58.5% [cache]
  At max positions (3/3)
  Positions (3/3):
    SHAPE: entry $0.0009 → $0.0008 (-7.7%)
    KAT: entry $0.0120 → $0.0117 (-2.4%)
    KTA: entry $0.1623 → $0.1549 (-4.6%)

[11:54:58] Scan #1020
  636 USD pairs found
  636 tickers fetched
  F&G: 34 (Fear) | Market 24h: +1.3% | BTC dom: 58.5% [cache]
  At max positions (3/3)
  Positions (3/3):
    SHAPE: entry $0.0009 → $0.0008 (-7.7%)
    KAT: entry $0.0120 → $0.0117 (-2.4%)
    KTA: entry $0.1623 → $0.1549 (-4.6%)

[12:00:07] Scan #1021
  636 USD pairs found
  636 tickers fetched
  F&G: 35 (Fear) | Market 24h: +1.1% | BTC dom: 58.5% [cache]
  At max positions (3/3)
  Positions (3/3):
    SHAPE: entry $0.0009 → $0.0008 (-7.7%)
    KAT: entry $0.0120 → $0.0116 (-3.3%)
    KTA: entry $0.1623 → $0.1549 (-4.6%)

[12:05:16] Scan #1022
  636 USD pairs found
  636 tickers fetched
  F&G: 35 (Fear) | Market 24h: +1.3% | BTC dom: 58.5% [cache]
  At max positions (3/3)
  Positions (3/3):
    SHAPE: entry $0.0009 → $0.0008 (-7.7%)
    KAT: entry $0.0120 → $0.0116 (-3.7%)
    KTA: entry $0.1623 → $0.1549 (-4.6%)

[12:10:25] Scan #1023
  636 USD pairs found
  636 tickers fetched
  F&G: 35 (Fear) | Market 24h: +1.6% | BTC dom: 58.5% [cache]
  At max positions (3/3)
  Positions (3/3):
    SHAPE: entry $0.0009 → $0.0008 (-8.8%)
    KAT: entry $0.0120 → $0.0116 (-3.7%)
    KTA: entry $0.1623 → $0.1547 (-4.7%)

[12:15:35] Scan #1024
  636 USD pairs found
  636 tickers fetched
  F&G: 34 (Fear) | Market 24h: +1.5% | BTC dom: 58.5% [cache]
  At max positions (3/3)
  Positions (3/3):
    SHAPE: entry $0.0009 → $0.0008 (-8.8%)
    KAT: entry $0.0120 → $0.0116 (-3.7%)
    KTA: entry $0.1623 → $0.1547 (-4.7%)

[12:20:44] Scan #1025
  636 USD pairs found
  636 tickers fetched
  F&G: 34 (Fear) | Market 24h: +1.0% | BTC dom: 58.5% [cache]
  At max positions (3/3)
  Positions (3/3):
    SHAPE: entry $0.0009 → $0.0008 (-8.8%)
    KAT: entry $0.0120 → $0.0115 (-4.4%)
    KTA: entry $0.1623 → $0.1548 (-4.6%)

[12:25:53] Scan #1026
  636 USD pairs found
  636 tickers fetched
  F&G: 34 (Fear) | Market 24h: +1.0% | BTC dom: 58.5% [cache]
  At max positions (3/3)
  Positions (3/3):
    SHAPE: entry $0.0009 → $0.0008 (-8.8%)
    KAT: entry $0.0120 → $0.0115 (-4.4%)
    KTA: entry $0.1623 → $0.1558 (-4.0%)

[12:31:02] Scan #1027
  636 USD pairs found
  636 tickers fetched
  F&G: 34 (Fear) | Market 24h: +1.0% | BTC dom: 58.5% [cache]
  At max positions (3/3)
  Positions (3/3):
    SHAPE: entry $0.0009 → $0.0008 (-8.8%)
    KAT: entry $0.0120 → $0.0115 (-4.7%)
    KTA: entry $0.1623 → $0.1558 (-4.0%)

[12:36:12] Scan #1028
  636 USD pairs found
  636 tickers fetched
  F&G: 34 (Fear) | Market 24h: +0.8% | BTC dom: 58.5% [cache]
  At max positions (3/3)
  Positions (3/3):
    SHAPE: entry $0.0009 → $0.0008 (-9.9%)
    KAT: entry $0.0120 → $0.0114 (-5.5%)
    KTA: entry $0.1623 → $0.1558 (-4.0%)

[12:41:21] Scan #1029
  636 USD pairs found
  636 tickers fetched
  F&G: 34 (Fear) | Market 24h: +0.8% | BTC dom: 58.5% [cache]
  At max positions (3/3)
  Positions (3/3):
    SHAPE: entry $0.0009 → $0.0009 (-5.5%)
    KAT: entry $0.0120 → $0.0113 (-6.1%)
    KTA: entry $0.1623 → $0.1558 (-4.0%)

[12:46:30] Scan #1030
  636 USD pairs found
  636 tickers fetched
  F&G: 34 (Fear) | Market 24h: +0.3% | BTC dom: 58.5% [cache]
  At max positions (3/3)
  Positions (3/3):
    SHAPE: entry $0.0009 → $0.0009 (-5.5%)
    KAT: entry $0.0120 → $0.0113 (-6.1%)
    KTA: entry $0.1623 → $0.1558 (-4.0%)

[12:51:39] Scan #1031
  636 USD pairs found
  636 tickers fetched
  F&G: 34 (Fear) | Market 24h: +0.3% | BTC dom: 58.5% [cache]
  At max positions (3/3)
  Positions (3/3):
    SHAPE: entry $0.0009 → $0.0009 (-5.5%)
    KAT: entry $0.0120 → $0.0113 (-6.1%)
    KTA: entry $0.1623 → $0.1558 (-4.0%)

[12:56:49] Scan #1032
  636 USD pairs found
  636 tickers fetched
  F&G: 34 (Fear) | Market 24h: +0.4% | BTC dom: 58.5% [cache]
  At max positions (3/3)
  Positions (3/3):
    SHAPE: entry $0.0009 → $0.0009 (-5.5%)
    KAT: entry $0.0120 → $0.0113 (-6.1%)
    KTA: entry $0.1623 → $0.1551 (-4.4%)

[13:01:58] Scan #1033
  636 USD pairs found
  636 tickers fetched
  F&G: 34 (Fear) | Market 24h: +0.2% | BTC dom: 58.5% [cache]
  At max positions (3/3)
  Positions (3/3):
    SHAPE: entry $0.0009 → $0.0009 (-5.5%)
    KAT: entry $0.0120 → $0.0114 (-5.3%)
    KTA: entry $0.1623 → $0.1551 (-4.4%)

[13:07:08] Scan #1034
  636 USD pairs found
  636 tickers fetched
  F&G: 34 (Fear) | Market 24h: +0.4% | BTC dom: 58.5% [cache]
  At max positions (3/3)
  Positions (3/3):
    SHAPE: entry $0.0009 → $0.0009 (-5.5%)
    KAT: entry $0.0120 → $0.0114 (-5.0%)
    KTA: entry $0.1623 → $0.1551 (-4.4%)

[13:12:17] Scan #1035
  636 USD pairs found
  636 tickers fetched
  F&G: 34 (Fear) | Market 24h: +0.2% | BTC dom: 58.5% [cache]
  At max positions (3/3)
  Positions (3/3):
    SHAPE: entry $0.0009 → $0.0009 (-5.5%)
    KAT: entry $0.0120 → $0.0114 (-5.0%)
    KTA: entry $0.1623 → $0.1551 (-4.4%)

[13:17:26] Scan #1036
  636 USD pairs found
  636 tickers fetched
  F&G: 34 (Fear) | Market 24h: +0.2% | BTC dom: 58.5% [cache]
  At max positions (3/3)
  Positions (3/3):
    SHAPE: entry $0.0009 → $0.0008 (-6.6%)
    KAT: entry $0.0120 → $0.0114 (-5.0%)
    KTA: entry $0.1623 → $0.1548 (-4.6%)

[13:22:35] Scan #1037
  636 USD pairs found
  636 tickers fetched
  F&G: 34 (Fear) | Market 24h: -0.0% | BTC dom: 58.4% [cache]
  At max positions (3/3)
  Positions (3/3):
    SHAPE: entry $0.0009 → $0.0008 (-6.6%)
    KAT: entry $0.0120 → $0.0114 (-5.0%)
    KTA: entry $0.1623 → $0.1542 (-5.0%)

[13:27:45] Scan #1038
  636 USD pairs found
  636 tickers fetched
  F&G: 33 (Fear) | Market 24h: -0.1% | BTC dom: 58.4% [cache]
  At max positions (3/3)
  Positions (3/3):
    SHAPE: entry $0.0009 → $0.0009 (-2.2%)
    KAT: entry $0.0120 → $0.0114 (-5.0%)
    KTA: entry $0.1623 → $0.1542 (-5.0%)

[13:32:54] Scan #1039
  636 USD pairs found
  636 tickers fetched
  F&G: 33 (Fear) | Market 24h: -0.1% | BTC dom: 58.4% [cache]
  At max positions (3/3)
  Positions (3/3):
    SHAPE: entry $0.0009 → $0.0008 (-6.6%)
    KAT: entry $0.0120 → $0.0114 (-5.0%)
    KTA: entry $0.1623 → $0.1544 (-4.9%)

[13:38:04] Scan #1040
  636 USD pairs found
  636 tickers fetched
  F&G: 33 (Fear) | Market 24h: +0.1% | BTC dom: 58.4% [cache]
  At max positions (3/3)
  Positions (3/3):
    SHAPE: entry $0.0009 → $0.0009 (-5.5%)
    KAT: entry $0.0120 → $0.0112 (-6.4%)
    KTA: entry $0.1623 → $0.1551 (-4.4%)

[13:43:13] Scan #1041
  636 USD pairs found
  636 tickers fetched
  [13:43:22] SL fired: KAT (KATUSD) ~-8.0%
  F&G: 33 (Fear) | Market 24h: -0.5% | BTC dom: 58.4% [cache]
  No signals (636 pairs ready)
  Positions (2/3):
    SHAPE: entry $0.0009 → $0.0009 (-5.5%)
    KTA: entry $0.1623 → $0.1535 (-5.4%)

[13:48:23] Scan #1042
  636 USD pairs found
  636 tickers fetched
  F&G: 33 (Fear) | Market 24h: -1.1% | BTC dom: 58.4% [cache]
  No signals (636 pairs ready)
  Positions (2/3):
    SHAPE: entry $0.0009 → $0.0009 (-5.5%)
    KTA: entry $0.1623 → $0.1535 (-5.4%)

[13:53:32] Scan #1043
  636 USD pairs found
  636 tickers fetched
  F&G: 33 (Fear) | Market 24h: -1.2% | BTC dom: 58.4% [cache]
  No signals (636 pairs ready)
  Positions (2/3):
    SHAPE: entry $0.0009 → $0.0008 (-7.7%)
    KTA: entry $0.1623 → $0.1535 (-5.4%)

[13:58:42] Scan #1044
  636 USD pairs found
  636 tickers fetched
  F&G: 32 (Fear) | Market 24h: -1.4% | BTC dom: 58.4% [cache]
  No signals (636 pairs ready)
  Positions (2/3):
    SHAPE: entry $0.0009 → $0.0008 (-6.6%)
    KTA: entry $0.1623 → $0.1535 (-5.4%)

[14:03:51] Scan #1045
  636 USD pairs found
  636 tickers fetched
  F&G: 32 (Fear) | Market 24h: -1.6% | BTC dom: 58.4% [cache]
  No signals (636 pairs ready)
  Positions (2/3):
    SHAPE: entry $0.0009 → $0.0008 (-6.6%)
    KTA: entry $0.1623 → $0.1535 (-5.4%)

[14:09:00] Scan #1046
  636 USD pairs found
  636 tickers fetched
  F&G: 32 (Fear) | Market 24h: -1.5% | BTC dom: 58.4% [cache]
  1 signals found:
    LRC: +6.3% in 1h, vol $266k, activity 1.5x
  [14:09:09] BUY 340.00000000000006 LRC @ ~$0.0247 (~$8.40)
  ✅ Order placed: {'txid': ['OD6IHK-BCGM5-SMPJVD'], 'descr': {'order': 'buy 340.00000 LRCUSD @ market'}}
  [14:09:10] Bought: ['OD6IHK-BCGM5-SMPJVD']
  ✅ Order placed: {'txid': ['OAVOPN-YVA2P-G2GQ7N'], 'descr': {'order': 'sell 340.00000 LRCUSD @ stop loss 0.02273'}}
  [14:09:12] SL placed @ $0.02273 | TP target $0.0272 (bot loop)
  Positions (3/3):
    SHAPE: entry $0.0009 → $0.0008 (-6.6%)
    KTA: entry $0.1623 → $0.1536 (-5.4%)
    LRC: entry $0.0247 → $0.0247 (+0.0%)

[14:14:12] Scan #1047
  636 USD pairs found
  636 tickers fetched
  [14:14:22] TP reached: LRC +21.8% — selling @ $0.0301
  ✅ Cancelled: OAVOPN-YVA2P-G2GQ7N
  ✅ Order placed: {'txid': ['O7QBYM-TKLFV-FV73IU'], 'descr': {'order': 'sell 340.00000 LRCUSD @ market'}}
  F&G: 32 (Fear) | Market 24h: -1.6% | BTC dom: 58.4% [cache]
  No signals (636 pairs ready)
  Positions (2/3):
    SHAPE: entry $0.0009 → $0.0009 (-5.5%)
    KTA: entry $0.1623 → $0.1536 (-5.4%)

[14:19:23] Scan #1048
  636 USD pairs found
  636 tickers fetched
  F&G: 32 (Fear) | Market 24h: -1.9% | BTC dom: 58.3% [cache]
  No signals (636 pairs ready)
  Positions (2/3):
    SHAPE: entry $0.0009 → $0.0009 (-4.4%)
    KTA: entry $0.1623 → $0.1536 (-5.4%)

[14:24:33] Scan #1049
  636 USD pairs found
  636 tickers fetched
  F&G: 32 (Fear) | Market 24h: -1.8% | BTC dom: 58.3% [cache]
  No signals (636 pairs ready)
  Positions (2/3):
    SHAPE: entry $0.0009 → $0.0008 (-6.6%)
    KTA: entry $0.1623 → $0.1542 (-5.0%)

[14:29:42] Scan #1050
  636 USD pairs found
  636 tickers fetched
  F&G: 31 (Fear) | Market 24h: -1.9% | BTC dom: 58.3% [cache]
  No signals (636 pairs ready)
  Positions (2/3):
    SHAPE: entry $0.0009 → $0.0009 (-5.5%)
    KTA: entry $0.1623 → $0.1542 (-5.0%)

[14:34:51] Scan #1051
  636 USD pairs found
  636 tickers fetched
  F&G: 31 (Fear) | Market 24h: -1.6% | BTC dom: 58.4% [cache]
  No signals (636 pairs ready)
  Positions (2/3):
    SHAPE: entry $0.0009 → $0.0008 (-7.7%)
    KTA: entry $0.1623 → $0.1527 (-5.9%)

[14:40:01] Scan #1052
  636 USD pairs found
  636 tickers fetched
  F&G: 31 (Fear) | Market 24h: -1.4% | BTC dom: 58.4% [cache]
  No signals (636 pairs ready)
  Positions (2/3):
    SHAPE: entry $0.0009 → $0.0008 (-8.8%)
    KTA: entry $0.1623 → $0.1527 (-5.9%)

[14:45:10] Scan #1053
  636 USD pairs found
  636 tickers fetched
  F&G: 32 (Fear) | Market 24h: -1.8% | BTC dom: 58.3% [cache]
  No signals (636 pairs ready)
  Positions (2/3):
    SHAPE: entry $0.0009 → $0.0008 (-8.8%)
    KTA: entry $0.1623 → $0.1527 (-5.9%)

[14:50:20] Scan #1054
  636 USD pairs found
  636 tickers fetched
  F&G: 32 (Fear) | Market 24h: -1.8% | BTC dom: 58.3% [cache]
  No signals (636 pairs ready)
  Positions (2/3):
    SHAPE: entry $0.0009 → $0.0008 (-6.6%)
    KTA: entry $0.1623 → $0.1530 (-5.7%)

[14:55:29] Scan #1055
  636 USD pairs found
  636 tickers fetched
  F&G: 32 (Fear) | Market 24h: -1.8% | BTC dom: 58.2% [cache]
  No signals (636 pairs ready)
  Positions (2/3):
    SHAPE: entry $0.0009 → $0.0008 (-8.8%)
    KTA: entry $0.1623 → $0.1526 (-6.0%)

[15:00:38] Scan #1056
  636 USD pairs found
  636 tickers fetched
  F&G: 30 (Fear) | Market 24h: -1.6% | BTC dom: 58.3% [cache]
  No signals (636 pairs ready)
  Positions (2/3):
    SHAPE: entry $0.0009 → $0.0008 (-9.9%)
    KTA: entry $0.1623 → $0.1526 (-6.0%)

[15:05:48] Scan #1057
  636 USD pairs found
  636 tickers fetched
  F&G: 30 (Fear) | Market 24h: -1.8% | BTC dom: 58.3% [cache]
  1 signals found:
    LRC: +7.0% in 1h, vol $376k, activity 1.5x
  [15:05:57] Can't afford minimum for LRC
  Positions (2/3):
    SHAPE: entry $0.0009 → $0.0008 (-8.8%)
    KTA: entry $0.1623 → $0.1526 (-6.0%)

[15:10:57] Scan #1058
  636 USD pairs found
  636 tickers fetched
  F&G: 30 (Fear) | Market 24h: -1.8% | BTC dom: 58.3% [cache]
  No signals (636 pairs ready)
  Positions (2/3):
    SHAPE: entry $0.0009 → $0.0008 (-9.9%)
    KTA: entry $0.1623 → $0.1525 (-6.0%)

[15:16:07] Scan #1059
  636 USD pairs found
  636 tickers fetched
  F&G: 31 (Fear) | Market 24h: -1.8% | BTC dom: 58.3% [cache]
  No signals (636 pairs ready)
  Positions (2/3):
    SHAPE: entry $0.0009 → $0.0008 (-7.7%)
    KTA: entry $0.1623 → $0.1525 (-6.0%)

[15:21:16] Scan #1060
  636 USD pairs found
  636 tickers fetched
  F&G: 31 (Fear) | Market 24h: -1.6% | BTC dom: 58.3% [cache]
  1 signals found:
    LRC: +6.6% in 1h, vol $386k, activity 1.5x
  [15:21:25] BUY 340.0 LRC @ ~$0.0252 (~$8.57)
  ✅ Order placed: {'txid': ['OXGI43-WYZV4-75SLMQ'], 'descr': {'order': 'buy 340.00000 LRCUSD @ market'}}
  [15:21:25] Bought: ['OXGI43-WYZV4-75SLMQ']
  ✅ Order placed: {'txid': ['O2U557-RBDOY-JOS6SJ'], 'descr': {'order': 'sell 340.00000 LRCUSD @ stop loss 0.02318'}}
  [15:21:27] SL placed @ $0.02318 | TP target $0.0277 (bot loop)
  Positions (3/3):
    SHAPE: entry $0.0009 → $0.0008 (-8.8%)
    KTA: entry $0.1623 → $0.1525 (-6.0%)
    LRC: entry $0.0252 → $0.0252 (+0.0%)

[15:26:28] Scan #1061
  636 USD pairs found
  636 tickers fetched
  F&G: 31 (Fear) | Market 24h: -1.2% | BTC dom: 58.3% [cache]
  At max positions (3/3)
  Positions (3/3):
    SHAPE: entry $0.0009 → $0.0008 (-7.7%)
    KTA: entry $0.1623 → $0.1528 (-5.9%)
    LRC: entry $0.0252 → $0.0253 (+0.4%)

[15:31:37] Scan #1062
  636 USD pairs found
  636 tickers fetched
  F&G: 31 (Fear) | Market 24h: -0.9% | BTC dom: 58.3% [cache]
  At max positions (3/3)
  Positions (3/3):
    SHAPE: entry $0.0009 → $0.0008 (-7.7%)
    KTA: entry $0.1623 → $0.1528 (-5.9%)
    LRC: entry $0.0252 → $0.0252 (+0.0%)

[15:36:47] Scan #1063
  636 USD pairs found
  636 tickers fetched
  F&G: 31 (Fear) | Market 24h: -1.0% | BTC dom: 58.3% [cache]
  At max positions (3/3)
  Positions (3/3):
    SHAPE: entry $0.0009 → $0.0008 (-7.7%)
    KTA: entry $0.1623 → $0.1523 (-6.2%)
    LRC: entry $0.0252 → $0.0249 (-1.3%)

[15:41:56] Scan #1064
  636 USD pairs found
  636 tickers fetched
  F&G: 31 (Fear) | Market 24h: -1.1% | BTC dom: 58.3% [cache]
  At max positions (3/3)
  Positions (3/3):
    SHAPE: entry $0.0009 → $0.0008 (-7.7%)
    KTA: entry $0.1623 → $0.1530 (-5.7%)
    LRC: entry $0.0252 → $0.0249 (-1.2%)

[15:47:05] Scan #1065
  636 USD pairs found
  636 tickers fetched
  F&G: 31 (Fear) | Market 24h: -0.7% | BTC dom: 58.3% [cache]
  At max positions (3/3)
  Positions (3/3):
    SHAPE: entry $0.0009 → $0.0008 (-6.6%)
    KTA: entry $0.1623 → $0.1539 (-5.2%)
    LRC: entry $0.0252 → $0.0244 (-3.0%)

[15:52:14] Scan #1066
  636 USD pairs found
  636 tickers fetched
  F&G: 31 (Fear) | Market 24h: -0.6% | BTC dom: 58.3% [cache]
  At max positions (3/3)
  Positions (3/3):
    SHAPE: entry $0.0009 → $0.0008 (-6.6%)
    KTA: entry $0.1623 → $0.1528 (-5.9%)
    LRC: entry $0.0252 → $0.0247 (-2.1%)

[15:57:24] Scan #1067
  636 USD pairs found
  636 tickers fetched
  F&G: 31 (Fear) | Market 24h: -0.8% | BTC dom: 58.3% [cache]
  At max positions (3/3)
  Positions (3/3):
    SHAPE: entry $0.0009 → $0.0008 (-7.7%)
    KTA: entry $0.1623 → $0.1528 (-5.9%)
    LRC: entry $0.0252 → $0.0248 (-1.6%)

[16:02:33] Scan #1068
  636 USD pairs found
  636 tickers fetched
  F&G: 32 (Fear) | Market 24h: -0.2% | BTC dom: 58.3% [cache]
  At max positions (3/3)
  Positions (3/3):
    SHAPE: entry $0.0009 → $0.0008 (-7.7%)
    KTA: entry $0.1623 → $0.1530 (-5.7%)
    LRC: entry $0.0252 → $0.0248 (-1.7%)

[16:07:43] Scan #1069
  636 USD pairs found
  636 tickers fetched
  F&G: 32 (Fear) | Market 24h: -0.3% | BTC dom: 58.3% [cache]
  At max positions (3/3)
  Positions (3/3):
    SHAPE: entry $0.0009 → $0.0008 (-6.6%)
    KTA: entry $0.1623 → $0.1530 (-5.7%)
    LRC: entry $0.0252 → $0.0247 (-1.8%)

[16:12:52] Scan #1070
  636 USD pairs found
  636 tickers fetched
  F&G: 32 (Fear) | Market 24h: -0.4% | BTC dom: 58.3% [cache]
  At max positions (3/3)
  Positions (3/3):
    SHAPE: entry $0.0009 → $0.0008 (-6.6%)
    KTA: entry $0.1623 → $0.1530 (-5.7%)
    LRC: entry $0.0252 → $0.0241 (-4.3%)

[16:18:01] Scan #1071
  636 USD pairs found
  636 tickers fetched
  F&G: 31 (Fear) | Market 24h: -0.6% | BTC dom: 58.3% [cache]
  At max positions (3/3)
  Positions (3/3):
    SHAPE: entry $0.0009 → $0.0008 (-6.6%)
    KTA: entry $0.1623 → $0.1530 (-5.7%)
    LRC: entry $0.0252 → $0.0243 (-3.7%)

[16:23:11] Scan #1072
  636 USD pairs found
  636 tickers fetched
  F&G: 31 (Fear) | Market 24h: -0.6% | BTC dom: 58.3% [cache]
  At max positions (3/3)
  Positions (3/3):
    SHAPE: entry $0.0009 → $0.0008 (-6.6%)
    KTA: entry $0.1623 → $0.1530 (-5.7%)
    LRC: entry $0.0252 → $0.0245 (-2.6%)

[16:28:21] Scan #1073
  636 USD pairs found
  636 tickers fetched
  F&G: 31 (Fear) | Market 24h: -0.3% | BTC dom: 58.3% [cache]
  At max positions (3/3)
  Positions (3/3):
    SHAPE: entry $0.0009 → $0.0008 (-6.6%)
    KTA: entry $0.1623 → $0.1530 (-5.7%)
    LRC: entry $0.0252 → $0.0241 (-4.3%)

[16:33:31] Scan #1074
  636 USD pairs found
  636 tickers fetched
  F&G: 31 (Fear) | Market 24h: -0.3% | BTC dom: 58.2% [cache]
  At max positions (3/3)
  Positions (3/3):
    SHAPE: entry $0.0009 → $0.0008 (-6.6%)
    KTA: entry $0.1623 → $0.1530 (-5.7%)
    LRC: entry $0.0252 → $0.0242 (-3.8%)

[16:38:40] Scan #1075
  636 USD pairs found
  636 tickers fetched
  F&G: 31 (Fear) | Market 24h: -0.7% | BTC dom: 58.2% [cache]
  At max positions (3/3)
  Positions (3/3):
    SHAPE: entry $0.0009 → $0.0008 (-7.7%)
    KTA: entry $0.1623 → $0.1524 (-6.1%)
    LRC: entry $0.0252 → $0.0246 (-2.2%)

[16:43:50] Scan #1076
  636 USD pairs found
  636 tickers fetched
  F&G: 31 (Fear) | Market 24h: -1.0% | BTC dom: 58.2% [cache]
  At max positions (3/3)
  Positions (3/3):
    SHAPE: entry $0.0009 → $0.0008 (-7.7%)
    KTA: entry $0.1623 → $0.1522 (-6.2%)
    LRC: entry $0.0252 → $0.0252 (-0.1%)

[16:48:59] Scan #1077
  636 USD pairs found
  636 tickers fetched
  F&G: 31 (Fear) | Market 24h: -1.0% | BTC dom: 58.2% [cache]
  At max positions (3/3)
  Positions (3/3):
    SHAPE: entry $0.0009 → $0.0008 (-7.7%)
    KTA: entry $0.1623 → $0.1522 (-6.2%)
    LRC: entry $0.0252 → $0.0255 (+1.2%)

[16:54:08] Scan #1078
  636 USD pairs found
  636 tickers fetched
  F&G: 31 (Fear) | Market 24h: -1.0% | BTC dom: 58.2% [cache]
  At max positions (3/3)
  Positions (3/3):
    SHAPE: entry $0.0009 → $0.0008 (-7.7%)
    KTA: entry $0.1623 → $0.1522 (-6.2%)
    LRC: entry $0.0252 → $0.0262 (+4.0%)

[16:59:17] Scan #1079
  636 USD pairs found
  636 tickers fetched
  F&G: 30 (Fear) | Market 24h: -1.1% | BTC dom: 58.2% [cache]
  At max positions (3/3)
  Positions (3/3):
    SHAPE: entry $0.0009 → $0.0008 (-8.8%)
    KTA: entry $0.1623 → $0.1522 (-6.2%)
    LRC: entry $0.0252 → $0.0262 (+4.0%)

[17:04:27] Scan #1080
  636 USD pairs found
  636 tickers fetched
  F&G: 30 (Fear) | Market 24h: -1.1% | BTC dom: 58.2% [cache]
  At max positions (3/3)
  Positions (3/3):
    SHAPE: entry $0.0009 → $0.0008 (-9.9%)
    KTA: entry $0.1623 → $0.1516 (-6.6%)
    LRC: entry $0.0252 → $0.0260 (+3.1%)

[17:09:36] Scan #1081
  636 USD pairs found
  636 tickers fetched
  F&G: 30 (Fear) | Market 24h: -1.5% | BTC dom: 58.1% [cache]
  At max positions (3/3)
  Positions (3/3):
    SHAPE: entry $0.0009 → $0.0008 (-9.9%)
    KTA: entry $0.1623 → $0.1516 (-6.6%)
    LRC: entry $0.0252 → $0.0255 (+1.2%)

[17:14:45] Scan #1082
  636 USD pairs found
  636 tickers fetched
  F&G: 29 (Fear) | Market 24h: -1.7% | BTC dom: 58.2% [cache]
  At max positions (3/3)
  Positions (3/3):
    SHAPE: entry $0.0009 → $0.0008 (-11.0%)
    KTA: entry $0.1623 → $0.1510 (-7.0%)
    LRC: entry $0.0252 → $0.0253 (+0.4%)

[17:19:55] Scan #1083
  636 USD pairs found
  636 tickers fetched
  F&G: 29 (Fear) | Market 24h: -1.6% | BTC dom: 58.2% [cache]
  At max positions (3/3)
  Positions (3/3):
    SHAPE: entry $0.0009 → $0.0008 (-9.9%)
    KTA: entry $0.1623 → $0.1510 (-7.0%)
    LRC: entry $0.0252 → $0.0254 (+0.8%)

[17:25:04] Scan #1084
  636 USD pairs found
  636 tickers fetched
  F&G: 29 (Fear) | Market 24h: -1.4% | BTC dom: 58.2% [cache]
  At max positions (3/3)
  Positions (3/3):
    SHAPE: entry $0.0009 → $0.0008 (-7.7%)
    KTA: entry $0.1623 → $0.1517 (-6.5%)
    LRC: entry $0.0252 → $0.0254 (+0.6%)

[17:30:13] Scan #1085
  636 USD pairs found
  636 tickers fetched
  F&G: 29 (Fear) | Market 24h: -1.6% | BTC dom: 58.2% [cache]
  At max positions (3/3)
  Positions (3/3):
    SHAPE: entry $0.0009 → $0.0008 (-7.7%)
    KTA: entry $0.1623 → $0.1517 (-6.5%)
    LRC: entry $0.0252 → $0.0247 (-2.1%)

[17:35:22] Scan #1086
  636 USD pairs found
  636 tickers fetched
  F&G: 29 (Fear) | Market 24h: -1.5% | BTC dom: 58.2% [cache]
  At max positions (3/3)
  Positions (3/3):
    SHAPE: entry $0.0009 → $0.0008 (-9.9%)
    KTA: entry $0.1623 → $0.1507 (-7.1%)
    LRC: entry $0.0252 → $0.0256 (+1.6%)

[17:40:31] Scan #1087
  636 USD pairs found
  636 tickers fetched
  F&G: 29 (Fear) | Market 24h: -2.1% | BTC dom: 58.2% [cache]
  At max positions (3/3)
  Positions (3/3):
    SHAPE: entry $0.0009 → $0.0008 (-8.8%)
    KTA: entry $0.1623 → $0.1507 (-7.1%)
    LRC: entry $0.0252 → $0.0254 (+0.8%)

[17:45:41] Scan #1088
  636 USD pairs found
  636 tickers fetched
  F&G: 29 (Fear) | Market 24h: -1.9% | BTC dom: 58.2% [cache]
  At max positions (3/3)
  Positions (3/3):
    SHAPE: entry $0.0009 → $0.0008 (-8.8%)
    KTA: entry $0.1623 → $0.1506 (-7.2%)
    LRC: entry $0.0252 → $0.0253 (+0.5%)

[17:50:50] Scan #1089
  636 USD pairs found
  636 tickers fetched
  F&G: 29 (Fear) | Market 24h: -2.2% | BTC dom: 58.2% [cache]
  At max positions (3/3)
  Positions (3/3):
    SHAPE: entry $0.0009 → $0.0008 (-8.8%)
    KTA: entry $0.1623 → $0.1505 (-7.3%)
    LRC: entry $0.0252 → $0.0254 (+0.8%)

[17:55:59] Scan #1090
  636 USD pairs found
  636 tickers fetched
  F&G: 29 (Fear) | Market 24h: -2.2% | BTC dom: 58.2% [cache]
  At max positions (3/3)
  Positions (3/3):
    SHAPE: entry $0.0009 → $0.0008 (-11.0%)
    KTA: entry $0.1623 → $0.1502 (-7.5%)
    LRC: entry $0.0252 → $0.0250 (-1.0%)

[18:01:10] Scan #1091
  636 USD pairs found
  636 tickers fetched
  F&G: 29 (Fear) | Market 24h: -2.1% | BTC dom: 58.2% [cache]
  At max positions (3/3)
  Positions (3/3):
    SHAPE: entry $0.0009 → $0.0008 (-7.7%)
    KTA: entry $0.1623 → $0.1521 (-6.3%)
    LRC: entry $0.0252 → $0.0253 (+0.5%)

[18:06:20] Scan #1092
  636 USD pairs found
  636 tickers fetched
  F&G: 29 (Fear) | Market 24h: -2.1% | BTC dom: 58.2% [cache]
  At max positions (3/3)
  Positions (3/3):
    SHAPE: entry $0.0009 → $0.0008 (-6.6%)
    KTA: entry $0.1623 → $0.1514 (-6.7%)
    LRC: entry $0.0252 → $0.0250 (-0.7%)

[18:11:29] Scan #1093
  636 USD pairs found
  636 tickers fetched
  F&G: 29 (Fear) | Market 24h: -2.0% | BTC dom: 58.2% [cache]
  At max positions (3/3)
  Positions (3/3):
    SHAPE: entry $0.0009 → $0.0008 (-7.7%)
    KTA: entry $0.1623 → $0.1513 (-6.8%)
    LRC: entry $0.0252 → $0.0250 (-0.7%)

[18:16:38] Scan #1094
  636 USD pairs found
  636 tickers fetched
  F&G: 29 (Fear) | Market 24h: -1.9% | BTC dom: 58.2% [cache]
  At max positions (3/3)
  Positions (3/3):
    SHAPE: entry $0.0009 → $0.0008 (-9.9%)
    KTA: entry $0.1623 → $0.1513 (-6.8%)
    LRC: entry $0.0252 → $0.0253 (+0.5%)

[18:21:48] Scan #1095
  636 USD pairs found
  636 tickers fetched
  F&G: 29 (Fear) | Market 24h: -1.9% | BTC dom: 58.2% [cache]
  At max positions (3/3)
  Positions (3/3):
    SHAPE: entry $0.0009 → $0.0008 (-9.9%)
    KTA: entry $0.1623 → $0.1513 (-6.8%)
    LRC: entry $0.0252 → $0.0249 (-1.1%)

[18:26:57] Scan #1096
  636 USD pairs found
  636 tickers fetched
  F&G: 30 (Fear) | Market 24h: -1.7% | BTC dom: 58.3% [cache]
  At max positions (3/3)
  Positions (3/3):
    SHAPE: entry $0.0009 → $0.0008 (-8.8%)
    KTA: entry $0.1623 → $0.1513 (-6.8%)
    LRC: entry $0.0252 → $0.0253 (+0.4%)

[18:32:06] Scan #1097
  636 USD pairs found
  636 tickers fetched
  F&G: 30 (Fear) | Market 24h: -1.7% | BTC dom: 58.3% [cache]
  At max positions (3/3)
  Positions (3/3):
    SHAPE: entry $0.0009 → $0.0008 (-8.8%)
    KTA: entry $0.1623 → $0.1514 (-6.7%)
    LRC: entry $0.0252 → $0.0253 (+0.6%)

[18:37:18] Scan #1098
  636 USD pairs found
  636 tickers fetched
  F&G: 30 (Fear) | Market 24h: -1.7% | BTC dom: 58.3% [cache]
  At max positions (3/3)
  Positions (3/3):
    SHAPE: entry $0.0009 → $0.0008 (-8.8%)
    KTA: entry $0.1623 → $0.1514 (-6.7%)
    LRC: entry $0.0252 → $0.0254 (+0.9%)

[18:42:28] Scan #1099
  636 USD pairs found
  636 tickers fetched
  F&G: 30 (Fear) | Market 24h: -1.7% | BTC dom: 58.3% [cache]
  At max positions (3/3)
  Positions (3/3):
    SHAPE: entry $0.0009 → $0.0008 (-8.8%)
    KTA: entry $0.1623 → $0.1514 (-6.7%)
    LRC: entry $0.0252 → $0.0254 (+0.8%)

[18:47:37] Scan #1100
  636 USD pairs found
  636 tickers fetched
  F&G: 30 (Fear) | Market 24h: -1.7% | BTC dom: 58.2% [cache]
  At max positions (3/3)
  Positions (3/3):
    SHAPE: entry $0.0009 → $0.0008 (-8.8%)
    KTA: entry $0.1623 → $0.1514 (-6.7%)
    LRC: entry $0.0252 → $0.0251 (-0.4%)

[18:52:46] Scan #1101
  636 USD pairs found
  636 tickers fetched
  F&G: 30 (Fear) | Market 24h: -1.8% | BTC dom: 58.2% [cache]
  At max positions (3/3)
  Positions (3/3):
    SHAPE: entry $0.0009 → $0.0008 (-7.7%)
    KTA: entry $0.1623 → $0.1514 (-6.7%)
    LRC: entry $0.0252 → $0.0250 (-0.6%)

[18:57:56] Scan #1102
  636 USD pairs found
  636 tickers fetched
  F&G: 30 (Fear) | Market 24h: -1.7% | BTC dom: 58.2% [cache]
  At max positions (3/3)
  Positions (3/3):
    SHAPE: entry $0.0009 → $0.0008 (-8.8%)
    KTA: entry $0.1623 → $0.1514 (-6.7%)
    LRC: entry $0.0252 → $0.0251 (-0.5%)

[19:03:05] Scan #1103
  636 USD pairs found
  636 tickers fetched
  F&G: 30 (Fear) | Market 24h: -1.9% | BTC dom: 58.2% [cache]
  At max positions (3/3)
  Positions (3/3):
    SHAPE: entry $0.0009 → $0.0008 (-8.8%)
    KTA: entry $0.1623 → $0.1514 (-6.7%)
    LRC: entry $0.0252 → $0.0253 (+0.2%)

[19:08:14] Scan #1104
  636 USD pairs found
  636 tickers fetched
  F&G: 30 (Fear) | Market 24h: -1.8% | BTC dom: 58.2% [cache]
  At max positions (3/3)
  Positions (3/3):
    SHAPE: entry $0.0009 → $0.0008 (-9.9%)
    KTA: entry $0.1623 → $0.1514 (-6.7%)
    LRC: entry $0.0252 → $0.0257 (+1.9%)

[19:13:24] Scan #1105
  636 USD pairs found
  636 tickers fetched
  F&G: 30 (Fear) | Market 24h: -1.7% | BTC dom: 58.2% [cache]
  At max positions (3/3)
  Positions (3/3):
    SHAPE: entry $0.0009 → $0.0008 (-7.7%)
    KTA: entry $0.1623 → $0.1514 (-6.7%)
    LRC: entry $0.0252 → $0.0253 (+0.4%)

[19:18:33] Scan #1106
  636 USD pairs found
  636 tickers fetched
  F&G: 30 (Fear) | Market 24h: -1.6% | BTC dom: 58.3% [cache]
  At max positions (3/3)
  Positions (3/3):
    SHAPE: entry $0.0009 → $0.0008 (-7.7%)
    KTA: entry $0.1623 → $0.1516 (-6.6%)
    LRC: entry $0.0252 → $0.0251 (-0.4%)

[19:23:42] Scan #1107
  636 USD pairs found
  636 tickers fetched
  F&G: 30 (Fear) | Market 24h: -1.6% | BTC dom: 58.3% [cache]
  At max positions (3/3)
  Positions (3/3):
    SHAPE: entry $0.0009 → $0.0008 (-7.7%)
    KTA: entry $0.1623 → $0.1517 (-6.5%)
    LRC: entry $0.0252 → $0.0248 (-1.6%)

[19:28:52] Scan #1108
  636 USD pairs found
  636 tickers fetched
  F&G: 30 (Fear) | Market 24h: -1.7% | BTC dom: 58.3% [cache]
  At max positions (3/3)
  Positions (3/3):
    SHAPE: entry $0.0009 → $0.0008 (-11.0%)
    KTA: entry $0.1623 → $0.1517 (-6.5%)
    LRC: entry $0.0252 → $0.0248 (-1.7%)

[19:34:01] Scan #1109
  636 USD pairs found
  636 tickers fetched
  F&G: 30 (Fear) | Market 24h: -1.8% | BTC dom: 58.3% [cache]
  At max positions (3/3)
  Positions (3/3):
    SHAPE: entry $0.0009 → $0.0008 (-11.0%)
    KTA: entry $0.1623 → $0.1522 (-6.2%)
    LRC: entry $0.0252 → $0.0252 (+0.0%)

[19:39:11] Scan #1110
  636 USD pairs found
  636 tickers fetched
  F&G: 30 (Fear) | Market 24h: -1.9% | BTC dom: 58.2% [cache]
  At max positions (3/3)
  Positions (3/3):
    SHAPE: entry $0.0009 → $0.0008 (-8.8%)
    KTA: entry $0.1623 → $0.1521 (-6.3%)
    LRC: entry $0.0252 → $0.0252 (+0.0%)

[19:44:20] Scan #1111
  636 USD pairs found
  636 tickers fetched
  F&G: 30 (Fear) | Market 24h: -1.8% | BTC dom: 58.2% [cache]
  At max positions (3/3)
  Positions (3/3):
    SHAPE: entry $0.0009 → $0.0008 (-8.8%)
    KTA: entry $0.1623 → $0.1517 (-6.5%)
    LRC: entry $0.0252 → $0.0247 (-2.1%)

[19:49:29] Scan #1112
  636 USD pairs found
  636 tickers fetched
  F&G: 30 (Fear) | Market 24h: -1.6% | BTC dom: 58.2% [cache]
  At max positions (3/3)
  Positions (3/3):
    SHAPE: entry $0.0009 → $0.0008 (-8.8%)
    KTA: entry $0.1623 → $0.1517 (-6.5%)
    LRC: entry $0.0252 → $0.0247 (-2.0%)

[19:54:39] Scan #1113
  636 USD pairs found
  636 tickers fetched
  F&G: 30 (Fear) | Market 24h: -1.7% | BTC dom: 58.2% [cache]
  At max positions (3/3)
  Positions (3/3):
    SHAPE: entry $0.0009 → $0.0008 (-8.8%)
    KTA: entry $0.1623 → $0.1517 (-6.5%)
    LRC: entry $0.0252 → $0.0248 (-1.7%)

[19:59:48] Scan #1114
  636 USD pairs found
  636 tickers fetched
  F&G: 30 (Fear) | Market 24h: -1.6% | BTC dom: 58.2% [cache]
  At max positions (3/3)
  Positions (3/3):
    SHAPE: entry $0.0009 → $0.0008 (-8.8%)
    KTA: entry $0.1623 → $0.1521 (-6.3%)
    LRC: entry $0.0252 → $0.0247 (-1.9%)

[20:04:57] Scan #1115
  636 USD pairs found
  636 tickers fetched
  F&G: 30 (Fear) | Market 24h: -1.6% | BTC dom: 58.2% [cache]
  At max positions (3/3)
  Positions (3/3):
    SHAPE: entry $0.0009 → $0.0008 (-8.8%)
    KTA: entry $0.1623 → $0.1521 (-6.3%)
    LRC: entry $0.0252 → $0.0245 (-2.8%)

[20:10:06] Scan #1116
  636 USD pairs found
  636 tickers fetched
  F&G: 30 (Fear) | Market 24h: -1.4% | BTC dom: 58.2% [cache]
  At max positions (3/3)
  Positions (3/3):
    SHAPE: entry $0.0009 → $0.0008 (-8.8%)
    KTA: entry $0.1623 → $0.1522 (-6.2%)
    LRC: entry $0.0252 → $0.0251 (-0.2%)

[20:15:16] Scan #1117
  636 USD pairs found
  636 tickers fetched
  F&G: 30 (Fear) | Market 24h: -1.5% | BTC dom: 58.2% [cache]
  At max positions (3/3)
  Positions (3/3):
    SHAPE: entry $0.0009 → $0.0008 (-8.8%)
    KTA: entry $0.1623 → $0.1522 (-6.2%)
    LRC: entry $0.0252 → $0.0253 (+0.4%)

[20:20:25] Scan #1118
  636 USD pairs found
  636 tickers fetched
  F&G: 30 (Fear) | Market 24h: -1.7% | BTC dom: 58.2% [cache]
  At max positions (3/3)
  Positions (3/3):
    SHAPE: entry $0.0009 → $0.0008 (-11.0%)
    KTA: entry $0.1623 → $0.1530 (-5.7%)
    LRC: entry $0.0252 → $0.0253 (+0.4%)

[20:25:34] Scan #1119
  636 USD pairs found
  636 tickers fetched
  F&G: 30 (Fear) | Market 24h: -1.6% | BTC dom: 58.2% [cache]
  At max positions (3/3)
  Positions (3/3):
    SHAPE: entry $0.0009 → $0.0008 (-11.0%)
    KTA: entry $0.1623 → $0.1533 (-5.5%)
    LRC: entry $0.0252 → $0.0252 (-0.0%)

[20:30:44] Scan #1120
  636 USD pairs found
  636 tickers fetched
  F&G: 31 (Fear) | Market 24h: -1.1% | BTC dom: 58.2% [cache]
  At max positions (3/3)
  Positions (3/3):
    SHAPE: entry $0.0009 → $0.0008 (-11.0%)
    KTA: entry $0.1623 → $0.1531 (-5.7%)
    LRC: entry $0.0252 → $0.0252 (-0.1%)

[20:35:53] Scan #1121
  636 USD pairs found
  636 tickers fetched
  F&G: 31 (Fear) | Market 24h: -0.8% | BTC dom: 58.2% [cache]
  At max positions (3/3)
  Positions (3/3):
    SHAPE: entry $0.0009 → $0.0008 (-11.0%)
    KTA: entry $0.1623 → $0.1536 (-5.4%)
    LRC: entry $0.0252 → $0.0249 (-1.3%)

[20:41:02] Scan #1122
  636 USD pairs found
  636 tickers fetched
  F&G: 32 (Fear) | Market 24h: -1.0% | BTC dom: 58.2% [cache]
  At max positions (3/3)
  Positions (3/3):
    SHAPE: entry $0.0009 → $0.0008 (-9.9%)
    KTA: entry $0.1623 → $0.1529 (-5.8%)
    LRC: entry $0.0252 → $0.0249 (-1.2%)

[20:46:12] Scan #1123
  636 USD pairs found
  636 tickers fetched
  F&G: 32 (Fear) | Market 24h: -1.0% | BTC dom: 58.3% [cache]
  At max positions (3/3)
  Positions (3/3):
    SHAPE: entry $0.0009 → $0.0008 (-9.9%)
    KTA: entry $0.1623 → $0.1533 (-5.5%)
    LRC: entry $0.0252 → $0.0249 (-1.0%)

[20:51:21] Scan #1124
  636 USD pairs found
  636 tickers fetched
  F&G: 32 (Fear) | Market 24h: -1.1% | BTC dom: 58.2% [cache]
  At max positions (3/3)
  Positions (3/3):
    SHAPE: entry $0.0009 → $0.0008 (-9.9%)
    KTA: entry $0.1623 → $0.1533 (-5.5%)
    LRC: entry $0.0252 → $0.0249 (-1.2%)

[20:56:30] Scan #1125
  636 USD pairs found
  636 tickers fetched
  F&G: 32 (Fear) | Market 24h: -0.9% | BTC dom: 58.3% [cache]
  At max positions (3/3)
  Positions (3/3):
    SHAPE: entry $0.0009 → $0.0008 (-9.9%)
    KTA: entry $0.1623 → $0.1533 (-5.5%)
    LRC: entry $0.0252 → $0.0252 (-0.1%)

[21:01:39] Scan #1126
  636 USD pairs found
  636 tickers fetched
  F&G: 32 (Fear) | Market 24h: -1.0% | BTC dom: 58.2% [cache]
  At max positions (3/3)
  Positions (3/3):
    SHAPE: entry $0.0009 → $0.0008 (-9.9%)
    KTA: entry $0.1623 → $0.1533 (-5.5%)
    LRC: entry $0.0252 → $0.0248 (-1.6%)

[21:06:49] Scan #1127
  636 USD pairs found
  636 tickers fetched
  F&G: 32 (Fear) | Market 24h: -0.9% | BTC dom: 58.3% [cache]
  At max positions (3/3)
  Positions (3/3):
    SHAPE: entry $0.0009 → $0.0008 (-9.9%)
    KTA: entry $0.1623 → $0.1533 (-5.5%)
    LRC: entry $0.0252 → $0.0249 (-1.4%)

[21:11:58] Scan #1128
  636 USD pairs found
  636 tickers fetched
  F&G: 32 (Fear) | Market 24h: -1.0% | BTC dom: 58.2% [cache]
  At max positions (3/3)
  Positions (3/3):
    SHAPE: entry $0.0009 → $0.0008 (-9.9%)
    KTA: entry $0.1623 → $0.1533 (-5.5%)
    LRC: entry $0.0252 → $0.0248 (-1.5%)

[21:17:08] Scan #1129
  636 USD pairs found
  636 tickers fetched
  F&G: 32 (Fear) | Market 24h: -1.0% | BTC dom: 58.2% [cache]
  At max positions (3/3)
  Positions (3/3):
    SHAPE: entry $0.0009 → $0.0008 (-9.9%)
    KTA: entry $0.1623 → $0.1525 (-6.0%)
    LRC: entry $0.0252 → $0.0246 (-2.5%)

[21:22:17] Scan #1130
  636 USD pairs found
  636 tickers fetched
  F&G: 32 (Fear) | Market 24h: -1.0% | BTC dom: 58.2% [cache]
  At max positions (3/3)
  Positions (3/3):
    SHAPE: entry $0.0009 → $0.0008 (-12.1%)
    KTA: entry $0.1623 → $0.1525 (-6.0%)
    LRC: entry $0.0252 → $0.0249 (-1.3%)

[21:27:26] Scan #1131
  636 USD pairs found
  636 tickers fetched
  F&G: 31 (Fear) | Market 24h: -1.1% | BTC dom: 58.3% [cache]
  At max positions (3/3)
  Positions (3/3):
    SHAPE: entry $0.0009 → $0.0008 (-12.1%)
    KTA: entry $0.1623 → $0.1521 (-6.3%)
    LRC: entry $0.0252 → $0.0245 (-2.6%)

[21:32:36] Scan #1132
  636 USD pairs found
  636 tickers fetched
  F&G: 31 (Fear) | Market 24h: -1.0% | BTC dom: 58.3% [cache]
  At max positions (3/3)
  Positions (3/3):
    SHAPE: entry $0.0009 → $0.0008 (-12.1%)
    KTA: entry $0.1623 → $0.1528 (-5.9%)
    LRC: entry $0.0252 → $0.0246 (-2.5%)

[21:37:45] Scan #1133
  636 USD pairs found
  636 tickers fetched
  F&G: 31 (Fear) | Market 24h: -1.0% | BTC dom: 58.3% [cache]
  At max positions (3/3)
  Positions (3/3):
    SHAPE: entry $0.0009 → $0.0008 (-12.1%)
    KTA: entry $0.1623 → $0.1527 (-5.9%)
    LRC: entry $0.0252 → $0.0245 (-2.7%)

[21:42:54] Scan #1134
  636 USD pairs found
  636 tickers fetched
  F&G: 32 (Fear) | Market 24h: -1.0% | BTC dom: 58.3% [cache]
  At max positions (3/3)
  Positions (3/3):
    SHAPE: entry $0.0009 → $0.0008 (-9.9%)
    KTA: entry $0.1623 → $0.1532 (-5.6%)
    LRC: entry $0.0252 → $0.0245 (-2.9%)

[21:48:03] Scan #1135
  636 USD pairs found
  636 tickers fetched
  F&G: 32 (Fear) | Market 24h: -0.7% | BTC dom: 58.3% [cache]
  At max positions (3/3)
  Positions (3/3):
    SHAPE: entry $0.0009 → $0.0008 (-9.9%)
    KTA: entry $0.1623 → $0.1532 (-5.6%)
    LRC: entry $0.0252 → $0.0243 (-3.7%)

[21:53:13] Scan #1136
  636 USD pairs found
  636 tickers fetched
  F&G: 32 (Fear) | Market 24h: -0.7% | BTC dom: 58.3% [cache]
  At max positions (3/3)
  Positions (3/3):
    SHAPE: entry $0.0009 → $0.0008 (-9.9%)
    KTA: entry $0.1623 → $0.1532 (-5.6%)
    LRC: entry $0.0252 → $0.0246 (-2.4%)

[21:58:22] Scan #1137
  636 USD pairs found
  636 tickers fetched
  F&G: 32 (Fear) | Market 24h: -0.8% | BTC dom: 58.3% [cache]
  At max positions (3/3)
  Positions (3/3):
    SHAPE: entry $0.0009 → $0.0008 (-11.0%)
    KTA: entry $0.1623 → $0.1532 (-5.6%)
    LRC: entry $0.0252 → $0.0245 (-2.6%)

[22:03:31] Scan #1138
  636 USD pairs found
  636 tickers fetched
  F&G: 32 (Fear) | Market 24h: -0.6% | BTC dom: 58.3% [cache]
  At max positions (3/3)
  Positions (3/3):
    SHAPE: entry $0.0009 → $0.0008 (-11.0%)
    KTA: entry $0.1623 → $0.1532 (-5.6%)
    LRC: entry $0.0252 → $0.0244 (-3.1%)

[22:08:40] Scan #1139
  636 USD pairs found
  636 tickers fetched
  F&G: 32 (Fear) | Market 24h: -0.3% | BTC dom: 58.3% [cache]
  At max positions (3/3)
  Positions (3/3):
    SHAPE: entry $0.0009 → $0.0008 (-11.0%)
    KTA: entry $0.1623 → $0.1522 (-6.2%)
    LRC: entry $0.0252 → $0.0245 (-2.7%)

[22:13:49] Scan #1140
  636 USD pairs found
  636 tickers fetched
  F&G: 32 (Fear) | Market 24h: -0.2% | BTC dom: 58.3% [cache]
  At max positions (3/3)
  Positions (3/3):
    SHAPE: entry $0.0009 → $0.0008 (-12.1%)
    KTA: entry $0.1623 → $0.1522 (-6.2%)
    LRC: entry $0.0252 → $0.0246 (-2.4%)

[22:18:59] Scan #1141
  636 USD pairs found
  636 tickers fetched
  F&G: 32 (Fear) | Market 24h: -0.1% | BTC dom: 58.3% [cache]
  At max positions (3/3)
  Positions (3/3):
    SHAPE: entry $0.0009 → $0.0008 (-9.9%)
    KTA: entry $0.1623 → $0.1522 (-6.2%)
    LRC: entry $0.0252 → $0.0246 (-2.4%)

[22:24:08] Scan #1142
  636 USD pairs found
  636 tickers fetched
  F&G: 32 (Fear) | Market 24h: -0.3% | BTC dom: 58.3% [cache]
  At max positions (3/3)
  Positions (3/3):
    SHAPE: entry $0.0009 → $0.0008 (-9.9%)
    KTA: entry $0.1623 → $0.1527 (-5.9%)
    LRC: entry $0.0252 → $0.0249 (-1.3%)

[22:29:18] Scan #1143
  636 USD pairs found
  636 tickers fetched
  F&G: 33 (Fear) | Market 24h: -0.3% | BTC dom: 58.3% [cache]
  At max positions (3/3)
  Positions (3/3):
    SHAPE: entry $0.0009 → $0.0008 (-9.9%)
    KTA: entry $0.1623 → $0.1527 (-5.9%)
    LRC: entry $0.0252 → $0.0253 (+0.4%)

[22:34:27] Scan #1144
  636 USD pairs found
  636 tickers fetched
  F&G: 33 (Fear) | Market 24h: -0.4% | BTC dom: 58.3% [cache]
  At max positions (3/3)
  Positions (3/3):
    SHAPE: entry $0.0009 → $0.0008 (-8.8%)
    KTA: entry $0.1623 → $0.1527 (-5.9%)
    LRC: entry $0.0252 → $0.0249 (-1.2%)

[22:39:36] Scan #1145
  636 USD pairs found
  636 tickers fetched
  F&G: 33 (Fear) | Market 24h: -0.5% | BTC dom: 58.3% [cache]
  At max positions (3/3)
  Positions (3/3):
    SHAPE: entry $0.0009 → $0.0008 (-11.0%)
    KTA: entry $0.1623 → $0.1527 (-5.9%)
    LRC: entry $0.0252 → $0.0250 (-0.7%)

[22:44:46] Scan #1146
  636 USD pairs found
  636 tickers fetched
  F&G: 32 (Fear) | Market 24h: -0.4% | BTC dom: 58.3% [cache]
  At max positions (3/3)
  Positions (3/3):
    SHAPE: entry $0.0009 → $0.0008 (-9.9%)
    KTA: entry $0.1623 → $0.1527 (-5.9%)
    LRC: entry $0.0252 → $0.0250 (-0.7%)

[22:49:55] Scan #1147
  636 USD pairs found
  636 tickers fetched
  F&G: 32 (Fear) | Market 24h: -0.5% | BTC dom: 58.3% [cache]
  At max positions (3/3)
  Positions (3/3):
    SHAPE: entry $0.0009 → $0.0008 (-11.0%)
    KTA: entry $0.1623 → $0.1521 (-6.3%)
    LRC: entry $0.0252 → $0.0248 (-1.5%)

[22:55:04] Scan #1148
  636 USD pairs found
  636 tickers fetched
  F&G: 32 (Fear) | Market 24h: -0.4% | BTC dom: 58.3% [cache]
  At max positions (3/3)
  Positions (3/3):
    SHAPE: entry $0.0009 → $0.0008 (-12.1%)
    KTA: entry $0.1623 → $0.1520 (-6.3%)
    LRC: entry $0.0252 → $0.0248 (-1.4%)

[23:00:13] Scan #1149
  636 USD pairs found
  636 tickers fetched
  F&G: 32 (Fear) | Market 24h: -0.4% | BTC dom: 58.3% [cache]
  At max positions (3/3)
  Positions (3/3):
    SHAPE: entry $0.0009 → $0.0008 (-12.1%)
    KTA: entry $0.1623 → $0.1520 (-6.3%)
    LRC: entry $0.0252 → $0.0248 (-1.4%)

[23:05:22] Scan #1150
  636 USD pairs found
  636 tickers fetched
  F&G: 32 (Fear) | Market 24h: -0.5% | BTC dom: 58.3% [cache]
  At max positions (3/3)
  Positions (3/3):
    SHAPE: entry $0.0009 → $0.0008 (-11.0%)
    KTA: entry $0.1623 → $0.1520 (-6.3%)
    LRC: entry $0.0252 → $0.0248 (-1.4%)

[23:10:32] Scan #1151
  636 USD pairs found
  636 tickers fetched
  F&G: 32 (Fear) | Market 24h: -0.4% | BTC dom: 58.3% [cache]
  At max positions (3/3)
  Positions (3/3):
    SHAPE: entry $0.0009 → $0.0008 (-9.9%)
    KTA: entry $0.1623 → $0.1520 (-6.3%)
    LRC: entry $0.0252 → $0.0248 (-1.5%)

[23:15:41] Scan #1152
  636 USD pairs found
  636 tickers fetched
  F&G: 32 (Fear) | Market 24h: -0.0% | BTC dom: 58.4% [cache]
  At max positions (3/3)
  Positions (3/3):
    SHAPE: entry $0.0009 → $0.0008 (-12.1%)
    KTA: entry $0.1623 → $0.1520 (-6.3%)
    LRC: entry $0.0252 → $0.0250 (-0.7%)

[23:20:50] Scan #1153
  636 USD pairs found
  636 tickers fetched
  F&G: 32 (Fear) | Market 24h: +0.1% | BTC dom: 58.4% [cache]
  At max positions (3/3)
  Positions (3/3):
    SHAPE: entry $0.0009 → $0.0008 (-12.1%)
    KTA: entry $0.1623 → $0.1520 (-6.3%)
    LRC: entry $0.0252 → $0.0249 (-1.3%)

[23:25:59] Scan #1154
  636 USD pairs found
  636 tickers fetched
  F&G: 32 (Fear) | Market 24h: +0.2% | BTC dom: 58.3% [cache]
  At max positions (3/3)
  Positions (3/3):
    SHAPE: entry $0.0009 → $0.0008 (-11.0%)
    KTA: entry $0.1623 → $0.1516 (-6.6%)
    LRC: entry $0.0252 → $0.0247 (-2.0%)

[23:31:09] Scan #1155
  636 USD pairs found
  636 tickers fetched
  F&G: 33 (Fear) | Market 24h: +0.1% | BTC dom: 58.3% [cache]
  At max positions (3/3)
  Positions (3/3):
    SHAPE: entry $0.0009 → $0.0008 (-12.1%)
    KTA: entry $0.1623 → $0.1516 (-6.6%)
    LRC: entry $0.0252 → $0.0244 (-3.2%)

[23:36:18] Scan #1156
  636 USD pairs found
  636 tickers fetched
  F&G: 33 (Fear) | Market 24h: +0.2% | BTC dom: 58.4% [cache]
  At max positions (3/3)
  Positions (3/3):
    SHAPE: entry $0.0009 → $0.0008 (-12.1%)
    KTA: entry $0.1623 → $0.1516 (-6.6%)
    LRC: entry $0.0252 → $0.0246 (-2.4%)

[23:41:27] Scan #1157
  636 USD pairs found
  636 tickers fetched
  F&G: 33 (Fear) | Market 24h: +0.2% | BTC dom: 58.4% [cache]
  At max positions (3/3)
  Positions (3/3):
    SHAPE: entry $0.0009 → $0.0008 (-14.3%)
    KTA: entry $0.1623 → $0.1528 (-5.9%)
    LRC: entry $0.0252 → $0.0246 (-2.4%)

[23:46:36] Scan #1158
  636 USD pairs found
  636 tickers fetched
  F&G: 33 (Fear) | Market 24h: +0.1% | BTC dom: 58.4% [cache]
  At max positions (3/3)
  Positions (3/3):
    SHAPE: entry $0.0009 → $0.0008 (-12.1%)
    KTA: entry $0.1623 → $0.1522 (-6.2%)
    LRC: entry $0.0252 → $0.0246 (-2.5%)

[23:51:46] Scan #1159
  636 USD pairs found
  636 tickers fetched
  F&G: 33 (Fear) | Market 24h: -0.1% | BTC dom: 58.4% [cache]
  At max positions (3/3)
  Positions (3/3):
    SHAPE: entry $0.0009 → $0.0008 (-12.1%)
    KTA: entry $0.1623 → $0.1521 (-6.3%)
    LRC: entry $0.0252 → $0.0245 (-2.7%)

[23:56:55] Scan #1160
  636 USD pairs found
  636 tickers fetched
  F&G: 33 (Fear) | Market 24h: -0.1% | BTC dom: 58.4% [cache]
  At max positions (3/3)
  Positions (3/3):
    SHAPE: entry $0.0009 → $0.0008 (-9.9%)
    KTA: entry $0.1623 → $0.1521 (-6.3%)
    LRC: entry $0.0252 → $0.0245 (-2.7%)

[00:02:04] Scan #1161
  636 USD pairs found
  636 tickers fetched
  F&G: 33 (Fear) | Market 24h: -0.3% | BTC dom: 58.4% [cache]
  At max positions (3/3)
  Positions (3/3):
    SHAPE: entry $0.0009 → $0.0008 (-9.9%)
    KTA: entry $0.1623 → $0.1514 (-6.7%)
    LRC: entry $0.0252 → $0.0246 (-2.5%)

[00:07:14] Scan #1162
  636 USD pairs found
  636 tickers fetched
  F&G: 33 (Fear) | Market 24h: -0.5% | BTC dom: 58.4% [cache]
  At max positions (3/3)
  Positions (3/3):
    SHAPE: entry $0.0009 → $0.0008 (-12.1%)
    KTA: entry $0.1623 → $0.1516 (-6.6%)
    LRC: entry $0.0252 → $0.0244 (-3.1%)

[00:12:23] Scan #1163
  636 USD pairs found
  636 tickers fetched
  F&G: 33 (Fear) | Market 24h: -0.3% | BTC dom: 58.4% [cache]
  At max positions (3/3)
  Positions (3/3):
    SHAPE: entry $0.0009 → $0.0008 (-11.0%)
    KTA: entry $0.1623 → $0.1516 (-6.6%)
    LRC: entry $0.0252 → $0.0244 (-3.2%)

[00:17:32] Scan #1164
  636 USD pairs found
  636 tickers fetched
  F&G: 34 (Fear) | Market 24h: +0.0% | BTC dom: 58.4% [cache]
  At max positions (3/3)
  Positions (3/3):
    SHAPE: entry $0.0009 → $0.0008 (-12.1%)
    KTA: entry $0.1623 → $0.1516 (-6.6%)
    LRC: entry $0.0252 → $0.0243 (-3.8%)

[00:22:42] Scan #1165
  636 USD pairs found
  636 tickers fetched
  F&G: 34 (Fear) | Market 24h: +0.2% | BTC dom: 58.3% [cache]
  At max positions (3/3)
  Positions (3/3):
    SHAPE: entry $0.0009 → $0.0008 (-12.1%)
    KTA: entry $0.1623 → $0.1514 (-6.7%)
    LRC: entry $0.0252 → $0.0246 (-2.4%)

[00:27:51] Scan #1166
  636 USD pairs found
  636 tickers fetched
  F&G: 34 (Fear) | Market 24h: +0.0% | BTC dom: 58.3% [cache]
  At max positions (3/3)
  Positions (3/3):
    SHAPE: entry $0.0009 → $0.0008 (-12.1%)
    KTA: entry $0.1623 → $0.1501 (-7.5%)
    LRC: entry $0.0252 → $0.0247 (-2.0%)

[00:33:00] Scan #1167
  636 USD pairs found
  636 tickers fetched
  F&G: 34 (Fear) | Market 24h: +0.1% | BTC dom: 58.3% [cache]
  At max positions (3/3)
  Positions (3/3):
    SHAPE: entry $0.0009 → $0.0008 (-11.0%)
    KTA: entry $0.1623 → $0.1501 (-7.5%)
    LRC: entry $0.0252 → $0.0245 (-2.7%)

[00:38:09] Scan #1168
  636 USD pairs found
  636 tickers fetched
  F&G: 34 (Fear) | Market 24h: +0.2% | BTC dom: 58.3% [cache]
  At max positions (3/3)
  Positions (3/3):
    SHAPE: entry $0.0009 → $0.0008 (-11.0%)
    KTA: entry $0.1623 → $0.1508 (-7.1%)
    LRC: entry $0.0252 → $0.0247 (-2.0%)

[00:43:18] Scan #1169
  636 USD pairs found
  636 tickers fetched
  F&G: 34 (Fear) | Market 24h: +0.4% | BTC dom: 58.4% [cache]
  At max positions (3/3)
  Positions (3/3):
    SHAPE: entry $0.0009 → $0.0008 (-8.8%)
    KTA: entry $0.1623 → $0.1504 (-7.3%)
    LRC: entry $0.0252 → $0.0247 (-2.1%)

[00:48:28] Scan #1170
  636 USD pairs found
  636 tickers fetched
  F&G: 34 (Fear) | Market 24h: +0.5% | BTC dom: 58.4% [cache]
  At max positions (3/3)
  Positions (3/3):
    SHAPE: entry $0.0009 → $0.0008 (-8.8%)
    KTA: entry $0.1623 → $0.1504 (-7.3%)
    LRC: entry $0.0252 → $0.0252 (+0.0%)

[00:53:37] Scan #1171
  636 USD pairs found
  636 tickers fetched
  F&G: 34 (Fear) | Market 24h: +0.5% | BTC dom: 58.4% [cache]
  At max positions (3/3)
  Positions (3/3):
    SHAPE: entry $0.0009 → $0.0008 (-8.8%)
    KTA: entry $0.1623 → $0.1504 (-7.3%)
    LRC: entry $0.0252 → $0.0249 (-1.2%)

[00:58:46] Scan #1172
  636 USD pairs found
  636 tickers fetched
  F&G: 34 (Fear) | Market 24h: +0.4% | BTC dom: 58.4% [cache]
  At max positions (3/3)
  Positions (3/3):
    SHAPE: entry $0.0009 → $0.0008 (-8.8%)
    KTA: entry $0.1623 → $0.1504 (-7.3%)
    LRC: entry $0.0252 → $0.0255 (+1.2%)

[01:03:55] Scan #1173
  636 USD pairs found
  636 tickers fetched
  F&G: 34 (Fear) | Market 24h: +0.4% | BTC dom: 58.4% [cache]
  At max positions (3/3)
  Positions (3/3):
    SHAPE: entry $0.0009 → $0.0008 (-8.8%)
    KTA: entry $0.1623 → $0.1504 (-7.3%)
    LRC: entry $0.0252 → $0.0247 (-2.0%)

[01:09:04] Scan #1174
  636 USD pairs found
  636 tickers fetched
  F&G: 34 (Fear) | Market 24h: +0.4% | BTC dom: 58.4% [cache]
  At max positions (3/3)
  Positions (3/3):
    SHAPE: entry $0.0009 → $0.0008 (-8.8%)
    KTA: entry $0.1623 → $0.1504 (-7.3%)
    LRC: entry $0.0252 → $0.0246 (-2.3%)

[01:14:14] Scan #1175
  636 USD pairs found
  636 tickers fetched
  F&G: 34 (Fear) | Market 24h: +0.5% | BTC dom: 58.4% [cache]
  At max positions (3/3)
  Positions (3/3):
    SHAPE: entry $0.0009 → $0.0008 (-8.8%)
    KTA: entry $0.1623 → $0.1504 (-7.3%)
    LRC: entry $0.0252 → $0.0247 (-2.0%)

[01:19:23] Scan #1176
  636 USD pairs found
  636 tickers fetched
  F&G: 34 (Fear) | Market 24h: +0.5% | BTC dom: 58.3% [cache]
  At max positions (3/3)
  Positions (3/3):
    SHAPE: entry $0.0009 → $0.0008 (-8.8%)
    KTA: entry $0.1623 → $0.1508 (-7.1%)
    LRC: entry $0.0252 → $0.0244 (-3.2%)

[01:24:32] Scan #1177
  636 USD pairs found
  636 tickers fetched
  F&G: 34 (Fear) | Market 24h: +0.2% | BTC dom: 58.4% [cache]
  At max positions (3/3)
  Positions (3/3):
    SHAPE: entry $0.0009 → $0.0008 (-8.8%)
    KTA: entry $0.1623 → $0.1508 (-7.1%)
    LRC: entry $0.0252 → $0.0246 (-2.4%)

[01:29:41] Scan #1178
  636 USD pairs found
  636 tickers fetched
  F&G: 34 (Fear) | Market 24h: +0.2% | BTC dom: 58.3% [cache]
  At max positions (3/3)
  Positions (3/3):
    SHAPE: entry $0.0009 → $0.0008 (-8.8%)
    KTA: entry $0.1623 → $0.1504 (-7.3%)
    LRC: entry $0.0252 → $0.0244 (-3.0%)

[01:34:51] Scan #1179
  636 USD pairs found
  636 tickers fetched
  F&G: 34 (Fear) | Market 24h: +0.2% | BTC dom: 58.3% [cache]
  At max positions (3/3)
  Positions (3/3):
    SHAPE: entry $0.0009 → $0.0008 (-8.8%)
    KTA: entry $0.1623 → $0.1504 (-7.3%)
    LRC: entry $0.0252 → $0.0244 (-3.2%)

[01:40:00] Scan #1180
  636 USD pairs found
  636 tickers fetched
  F&G: 34 (Fear) | Market 24h: +0.2% | BTC dom: 58.3% [cache]
  At max positions (3/3)
  Positions (3/3):
    SHAPE: entry $0.0009 → $0.0008 (-11.0%)
    KTA: entry $0.1623 → $0.1503 (-7.4%)
    LRC: entry $0.0252 → $0.0245 (-2.9%)

[01:45:09] Scan #1181
  636 USD pairs found
  636 tickers fetched
  F&G: 34 (Fear) | Market 24h: +0.6% | BTC dom: 58.3% [cache]
  At max positions (3/3)
  Positions (3/3):
    SHAPE: entry $0.0009 → $0.0008 (-11.0%)
    KTA: entry $0.1623 → $0.1503 (-7.4%)
    LRC: entry $0.0252 → $0.0245 (-2.9%)

[01:50:18] Scan #1182
  636 USD pairs found
  636 tickers fetched
  F&G: 34 (Fear) | Market 24h: +0.7% | BTC dom: 58.3% [cache]
  At max positions (3/3)
  Positions (3/3):
    SHAPE: entry $0.0009 → $0.0008 (-11.0%)
    KTA: entry $0.1623 → $0.1503 (-7.4%)
    LRC: entry $0.0252 → $0.0243 (-3.5%)

[01:55:27] Scan #1183
  636 USD pairs found
  636 tickers fetched
  F&G: 34 (Fear) | Market 24h: +0.6% | BTC dom: 58.3% [cache]
  At max positions (3/3)
  Positions (3/3):
    SHAPE: entry $0.0009 → $0.0008 (-11.0%)
    KTA: entry $0.1623 → $0.1503 (-7.4%)
    LRC: entry $0.0252 → $0.0244 (-3.2%)

[02:00:37] Scan #1184
  636 USD pairs found
  636 tickers fetched
  F&G: 34 (Fear) | Market 24h: +0.6% | BTC dom: 58.3% [cache]
  At max positions (3/3)
  Positions (3/3):
    SHAPE: entry $0.0009 → $0.0008 (-11.0%)
    KTA: entry $0.1623 → $0.1517 (-6.5%)
    LRC: entry $0.0252 → $0.0243 (-3.8%)

[02:05:46] Scan #1185
  636 USD pairs found
  636 tickers fetched
  F&G: 34 (Fear) | Market 24h: +0.3% | BTC dom: 58.3% [cache]
  At max positions (3/3)
  Positions (3/3):
    SHAPE: entry $0.0009 → $0.0008 (-8.8%)
    KTA: entry $0.1623 → $0.1524 (-6.1%)
    LRC: entry $0.0252 → $0.0244 (-3.1%)

[02:10:55] Scan #1186
  636 USD pairs found
  636 tickers fetched
  F&G: 34 (Fear) | Market 24h: +0.3% | BTC dom: 58.3% [cache]
  At max positions (3/3)
  Positions (3/3):
    SHAPE: entry $0.0009 → $0.0008 (-8.8%)
    KTA: entry $0.1623 → $0.1524 (-6.1%)
    LRC: entry $0.0252 → $0.0246 (-2.4%)

[02:16:05] Scan #1187
  636 USD pairs found
  636 tickers fetched
  F&G: 34 (Fear) | Market 24h: +0.4% | BTC dom: 58.4% [cache]
  At max positions (3/3)
  Positions (3/3):
    SHAPE: entry $0.0009 → $0.0008 (-8.8%)
    KTA: entry $0.1623 → $0.1524 (-6.1%)
    LRC: entry $0.0252 → $0.0244 (-3.0%)

[02:21:14] Scan #1188
  636 USD pairs found
  636 tickers fetched
  F&G: 34 (Fear) | Market 24h: +0.4% | BTC dom: 58.3% [cache]
  At max positions (3/3)
  Positions (3/3):
    SHAPE: entry $0.0009 → $0.0008 (-8.8%)
    KTA: entry $0.1623 → $0.1524 (-6.1%)
    LRC: entry $0.0252 → $0.0242 (-4.0%)

[02:26:23] Scan #1189
  636 USD pairs found
  636 tickers fetched
  F&G: 34 (Fear) | Market 24h: +0.3% | BTC dom: 58.3% [cache]
  At max positions (3/3)
  Positions (3/3):
    SHAPE: entry $0.0009 → $0.0008 (-11.0%)
    KTA: entry $0.1623 → $0.1527 (-5.9%)
    LRC: entry $0.0252 → $0.0244 (-3.2%)

[02:31:32] Scan #1190
  636 USD pairs found
  636 tickers fetched
  F&G: 34 (Fear) | Market 24h: +0.4% | BTC dom: 58.4% [cache]
  At max positions (3/3)
  Positions (3/3):
    SHAPE: entry $0.0009 → $0.0008 (-11.0%)
    KTA: entry $0.1623 → $0.1535 (-5.4%)
    LRC: entry $0.0252 → $0.0244 (-3.0%)

[02:36:42] Scan #1191
  636 USD pairs found
  636 tickers fetched
  F&G: 34 (Fear) | Market 24h: +0.3% | BTC dom: 58.3% [cache]
  At max positions (3/3)
  Positions (3/3):
    SHAPE: entry $0.0009 → $0.0008 (-8.8%)
    KTA: entry $0.1623 → $0.1535 (-5.4%)
    LRC: entry $0.0252 → $0.0243 (-3.6%)

[02:41:51] Scan #1192
  636 USD pairs found
  636 tickers fetched
  F&G: 34 (Fear) | Market 24h: +0.5% | BTC dom: 58.4% [cache]
  At max positions (3/3)
  Positions (3/3):
    SHAPE: entry $0.0009 → $0.0008 (-8.8%)
    KTA: entry $0.1623 → $0.1535 (-5.4%)
    LRC: entry $0.0252 → $0.0243 (-3.6%)

[02:47:00] Scan #1193
  636 USD pairs found
  636 tickers fetched
  F&G: 34 (Fear) | Market 24h: +0.5% | BTC dom: 58.3% [cache]
  At max positions (3/3)
  Positions (3/3):
    SHAPE: entry $0.0009 → $0.0008 (-11.0%)
    KTA: entry $0.1623 → $0.1535 (-5.4%)
    LRC: entry $0.0252 → $0.0244 (-3.0%)

[02:52:09] Scan #1194
  636 USD pairs found
  636 tickers fetched
  F&G: 34 (Fear) | Market 24h: +0.4% | BTC dom: 58.3% [cache]
  At max positions (3/3)
  Positions (3/3):
    SHAPE: entry $0.0009 → $0.0008 (-11.0%)
    KTA: entry $0.1623 → $0.1529 (-5.8%)
    LRC: entry $0.0252 → $0.0242 (-3.8%)

[02:57:18] Scan #1195
  636 USD pairs found
  636 tickers fetched
  F&G: 34 (Fear) | Market 24h: +0.4% | BTC dom: 58.3% [cache]
  At max positions (3/3)
  Positions (3/3):
    SHAPE: entry $0.0009 → $0.0008 (-11.0%)
    KTA: entry $0.1623 → $0.1529 (-5.8%)
    LRC: entry $0.0252 → $0.0242 (-3.9%)

[03:02:27] Scan #1196
  636 USD pairs found
  636 tickers fetched
  F&G: 34 (Fear) | Market 24h: +0.3% | BTC dom: 58.3% [cache]
  At max positions (3/3)
  Positions (3/3):
    SHAPE: entry $0.0009 → $0.0008 (-11.0%)
    KTA: entry $0.1623 → $0.1529 (-5.8%)
    LRC: entry $0.0252 → $0.0242 (-3.9%)

[03:07:37] Scan #1197
  636 USD pairs found
  636 tickers fetched
  F&G: 34 (Fear) | Market 24h: +0.4% | BTC dom: 58.3% [cache]
  At max positions (3/3)
  Positions (3/3):
    SHAPE: entry $0.0009 → $0.0008 (-11.0%)
    KTA: entry $0.1623 → $0.1529 (-5.8%)
    LRC: entry $0.0252 → $0.0243 (-3.6%)

[03:12:46] Scan #1198
  636 USD pairs found
  636 tickers fetched
  F&G: 33 (Fear) | Market 24h: +0.4% | BTC dom: 58.3% [cache]
  At max positions (3/3)
  Positions (3/3):
    SHAPE: entry $0.0009 → $0.0008 (-11.0%)
    KTA: entry $0.1623 → $0.1530 (-5.7%)
    LRC: entry $0.0252 → $0.0242 (-4.0%)

[03:17:55] Scan #1199
  636 USD pairs found
  636 tickers fetched
  F&G: 33 (Fear) | Market 24h: +0.2% | BTC dom: 58.3% [cache]
  At max positions (3/3)
  Positions (3/3):
    SHAPE: entry $0.0009 → $0.0008 (-11.0%)
    KTA: entry $0.1623 → $0.1530 (-5.7%)
    LRC: entry $0.0252 → $0.0242 (-4.0%)

[03:23:04] Scan #1200
  636 USD pairs found
  636 tickers fetched
  F&G: 33 (Fear) | Market 24h: +0.2% | BTC dom: 58.4% [cache]
  At max positions (3/3)
  Positions (3/3):
    SHAPE: entry $0.0009 → $0.0008 (-9.9%)
    KTA: entry $0.1623 → $0.1530 (-5.7%)
    LRC: entry $0.0252 → $0.0242 (-4.2%)

[03:28:13] Scan #1201
  636 USD pairs found
  636 tickers fetched
  F&G: 33 (Fear) | Market 24h: +0.1% | BTC dom: 58.3% [cache]
  At max positions (3/3)
  Positions (3/3):
    SHAPE: entry $0.0009 → $0.0008 (-9.9%)
    KTA: entry $0.1623 → $0.1523 (-6.2%)
    LRC: entry $0.0252 → $0.0242 (-4.2%)

[03:33:23] Scan #1202
  636 USD pairs found
  636 tickers fetched
  F&G: 33 (Fear) | Market 24h: +0.1% | BTC dom: 58.3% [cache]
  At max positions (3/3)
  Positions (3/3):
    SHAPE: entry $0.0009 → $0.0008 (-12.1%)
    KTA: entry $0.1623 → $0.1523 (-6.2%)
    LRC: entry $0.0252 → $0.0241 (-4.4%)

[03:38:32] Scan #1203
  636 USD pairs found
  636 tickers fetched
  F&G: 33 (Fear) | Market 24h: +0.4% | BTC dom: 58.4% [cache]
  At max positions (3/3)
  Positions (3/3):
    SHAPE: entry $0.0009 → $0.0008 (-12.1%)
    KTA: entry $0.1623 → $0.1523 (-6.2%)
    LRC: entry $0.0252 → $0.0241 (-4.2%)

[03:43:41] Scan #1204
  636 USD pairs found
  636 tickers fetched
  F&G: 34 (Fear) | Market 24h: +0.6% | BTC dom: 58.4% [cache]
  At max positions (3/3)
  Positions (3/3):
    SHAPE: entry $0.0009 → $0.0008 (-11.0%)
    KTA: entry $0.1623 → $0.1523 (-6.2%)
    LRC: entry $0.0252 → $0.0242 (-4.0%)

[03:48:51] Scan #1205
  636 USD pairs found
  636 tickers fetched
  F&G: 34 (Fear) | Market 24h: +0.5% | BTC dom: 58.4% [cache]
  At max positions (3/3)
  Positions (3/3):
    SHAPE: entry $0.0009 → $0.0008 (-11.0%)
    KTA: entry $0.1623 → $0.1523 (-6.2%)
    LRC: entry $0.0252 → $0.0242 (-3.9%)

[03:54:00] Scan #1206
  636 USD pairs found
  636 tickers fetched
  F&G: 34 (Fear) | Market 24h: +0.5% | BTC dom: 58.4% [cache]
  At max positions (3/3)
  Positions (3/3):
    SHAPE: entry $0.0009 → $0.0008 (-11.0%)
    KTA: entry $0.1623 → $0.1523 (-6.2%)
    LRC: entry $0.0252 → $0.0243 (-3.7%)

[03:59:10] Scan #1207
  636 USD pairs found
  636 tickers fetched
  F&G: 34 (Fear) | Market 24h: +0.5% | BTC dom: 58.4% [cache]
  At max positions (3/3)
  Positions (3/3):
    SHAPE: entry $0.0009 → $0.0008 (-11.0%)
    KTA: entry $0.1623 → $0.1523 (-6.2%)
    LRC: entry $0.0252 → $0.0243 (-3.7%)

[04:04:19] Scan #1208
  636 USD pairs found
  636 tickers fetched
  F&G: 34 (Fear) | Market 24h: +0.5% | BTC dom: 58.4% [cache]
  At max positions (3/3)
  Positions (3/3):
    SHAPE: entry $0.0009 → $0.0008 (-11.0%)
    KTA: entry $0.1623 → $0.1520 (-6.3%)
    LRC: entry $0.0252 → $0.0243 (-3.7%)

[04:09:28] Scan #1209
  636 USD pairs found
  636 tickers fetched
  F&G: 34 (Fear) | Market 24h: +0.4% | BTC dom: 58.4% [cache]
  At max positions (3/3)
  Positions (3/3):
    SHAPE: entry $0.0009 → $0.0008 (-11.0%)
    KTA: entry $0.1623 → $0.1520 (-6.3%)
    LRC: entry $0.0252 → $0.0243 (-3.7%)

[04:14:37] Scan #1210
  636 USD pairs found
  636 tickers fetched
  F&G: 34 (Fear) | Market 24h: +0.4% | BTC dom: 58.4% [cache]
  At max positions (3/3)
  Positions (3/3):
    SHAPE: entry $0.0009 → $0.0008 (-11.0%)
    KTA: entry $0.1623 → $0.1520 (-6.3%)
    LRC: entry $0.0252 → $0.0243 (-3.7%)

[04:19:46] Scan #1211
  636 USD pairs found
  636 tickers fetched
  F&G: 34 (Fear) | Market 24h: +0.5% | BTC dom: 58.4% [cache]
  At max positions (3/3)
  Positions (3/3):
    SHAPE: entry $0.0009 → $0.0008 (-11.0%)
    KTA: entry $0.1623 → $0.1520 (-6.3%)
    LRC: entry $0.0252 → $0.0243 (-3.7%)

[04:24:56] Scan #1212
  636 USD pairs found
  636 tickers fetched
  F&G: 34 (Fear) | Market 24h: +0.6% | BTC dom: 58.4% [cache]
  At max positions (3/3)
  Positions (3/3):
    SHAPE: entry $0.0009 → $0.0008 (-12.1%)
    KTA: entry $0.1623 → $0.1516 (-6.6%)
    LRC: entry $0.0252 → $0.0243 (-3.7%)

[04:30:05] Scan #1213
  636 USD pairs found
  636 tickers fetched
  F&G: 34 (Fear) | Market 24h: +0.5% | BTC dom: 58.4% [cache]
  At max positions (3/3)
  Positions (3/3):
    SHAPE: entry $0.0009 → $0.0008 (-11.0%)
    KTA: entry $0.1623 → $0.1516 (-6.6%)
    LRC: entry $0.0252 → $0.0242 (-3.8%)

[04:35:14] Scan #1214
  636 USD pairs found
  636 tickers fetched
  F&G: 34 (Fear) | Market 24h: +0.7% | BTC dom: 58.4% [cache]
  At max positions (3/3)
  Positions (3/3):
    SHAPE: entry $0.0009 → $0.0008 (-11.0%)
    KTA: entry $0.1623 → $0.1516 (-6.6%)
    LRC: entry $0.0252 → $0.0242 (-3.8%)

[04:40:23] Scan #1215
  636 USD pairs found
  636 tickers fetched
  F&G: 34 (Fear) | Market 24h: +0.8% | BTC dom: 58.3% [cache]
  At max positions (3/3)
  Positions (3/3):
    SHAPE: entry $0.0009 → $0.0008 (-8.8%)
    KTA: entry $0.1623 → $0.1516 (-6.6%)
    LRC: entry $0.0252 → $0.0242 (-3.8%)

[04:45:32] Scan #1216
  636 USD pairs found
  636 tickers fetched
  F&G: 34 (Fear) | Market 24h: +0.8% | BTC dom: 58.3% [cache]
  At max positions (3/3)
  Positions (3/3):
    SHAPE: entry $0.0009 → $0.0008 (-8.8%)
    KTA: entry $0.1623 → $0.1516 (-6.6%)
    LRC: entry $0.0252 → $0.0242 (-4.2%)

[04:50:42] Scan #1217
  636 USD pairs found
  636 tickers fetched
  F&G: 34 (Fear) | Market 24h: +0.8% | BTC dom: 58.4% [cache]
  At max positions (3/3)
  Positions (3/3):
    SHAPE: entry $0.0009 → $0.0008 (-12.1%)
    KTA: entry $0.1623 → $0.1516 (-6.6%)
    LRC: entry $0.0252 → $0.0242 (-4.2%)

[04:55:51] Scan #1218
  636 USD pairs found
  636 tickers fetched
  F&G: 34 (Fear) | Market 24h: +0.8% | BTC dom: 58.4% [cache]
  At max positions (3/3)
  Positions (3/3):
    SHAPE: entry $0.0009 → $0.0008 (-12.1%)
    KTA: entry $0.1623 → $0.1511 (-6.9%)
    LRC: entry $0.0252 → $0.0241 (-4.4%)

[05:01:00] Scan #1219
  636 USD pairs found
  636 tickers fetched
  F&G: 34 (Fear) | Market 24h: +0.7% | BTC dom: 58.4% [cache]
  At max positions (3/3)
  Positions (3/3):
    SHAPE: entry $0.0009 → $0.0008 (-11.0%)
    KTA: entry $0.1623 → $0.1517 (-6.5%)
    LRC: entry $0.0252 → $0.0241 (-4.4%)

[05:06:09] Scan #1220
  636 USD pairs found
  636 tickers fetched
  F&G: 34 (Fear) | Market 24h: +0.9% | BTC dom: 58.4% [cache]
  At max positions (3/3)
  Positions (3/3):
    SHAPE: entry $0.0009 → $0.0008 (-11.0%)
    KTA: entry $0.1623 → $0.1520 (-6.3%)
    LRC: entry $0.0252 → $0.0242 (-3.9%)

[05:11:18] Scan #1221
  636 USD pairs found
  636 tickers fetched
  F&G: 34 (Fear) | Market 24h: +1.1% | BTC dom: 58.4% [cache]
  At max positions (3/3)
  Positions (3/3):
    SHAPE: entry $0.0009 → $0.0008 (-11.0%)
    KTA: entry $0.1623 → $0.1522 (-6.2%)
    LRC: entry $0.0252 → $0.0242 (-3.9%)

[05:16:27] Scan #1222
  636 USD pairs found
  636 tickers fetched
  F&G: 35 (Fear) | Market 24h: +1.5% | BTC dom: 58.5% [cache]
  At max positions (3/3)
  Positions (3/3):
    SHAPE: entry $0.0009 → $0.0008 (-12.1%)
    KTA: entry $0.1623 → $0.1522 (-6.2%)
    LRC: entry $0.0252 → $0.0244 (-3.2%)

[05:21:37] Scan #1223
  636 USD pairs found
  636 tickers fetched
  F&G: 35 (Fear) | Market 24h: +1.5% | BTC dom: 58.4% [cache]
  At max positions (3/3)
  Positions (3/3):
    SHAPE: entry $0.0009 → $0.0008 (-11.0%)
    KTA: entry $0.1623 → $0.1524 (-6.1%)
    LRC: entry $0.0252 → $0.0244 (-3.1%)

[05:26:46] Scan #1224
  636 USD pairs found
  636 tickers fetched
  F&G: 35 (Fear) | Market 24h: +1.3% | BTC dom: 58.4% [cache]
  At max positions (3/3)
  Positions (3/3):
    SHAPE: entry $0.0009 → $0.0008 (-8.8%)
    KTA: entry $0.1623 → $0.1533 (-5.5%)
    LRC: entry $0.0252 → $0.0252 (+0.0%)

[05:31:55] Scan #1225
  636 USD pairs found
  636 tickers fetched
  F&G: 35 (Fear) | Market 24h: +1.4% | BTC dom: 58.5% [cache]
  At max positions (3/3)
  Positions (3/3):
    SHAPE: entry $0.0009 → $0.0008 (-8.8%)
    KTA: entry $0.1623 → $0.1533 (-5.5%)
    LRC: entry $0.0252 → $0.0252 (+0.1%)

[05:37:05] Scan #1226
  636 USD pairs found
  636 tickers fetched
  F&G: 35 (Fear) | Market 24h: +1.3% | BTC dom: 58.4% [cache]
  At max positions (3/3)
  Positions (3/3):
    SHAPE: entry $0.0009 → $0.0008 (-8.8%)
    KTA: entry $0.1623 → $0.1529 (-5.8%)
    LRC: entry $0.0252 → $0.0247 (-2.0%)

[05:42:14] Scan #1227
  636 USD pairs found
  636 tickers fetched
  F&G: 35 (Fear) | Market 24h: +1.2% | BTC dom: 58.4% [cache]
  At max positions (3/3)
  Positions (3/3):
    SHAPE: entry $0.0009 → $0.0008 (-8.8%)
    KTA: entry $0.1623 → $0.1531 (-5.7%)
    LRC: entry $0.0252 → $0.0246 (-2.3%)

[05:47:23] Scan #1228
  636 USD pairs found
  636 tickers fetched
  F&G: 35 (Fear) | Market 24h: +1.2% | BTC dom: 58.5% [cache]
  At max positions (3/3)
  Positions (3/3):
    SHAPE: entry $0.0009 → $0.0008 (-12.1%)
    KTA: entry $0.1623 → $0.1527 (-5.9%)
    LRC: entry $0.0252 → $0.0244 (-3.2%)

[05:52:32] Scan #1229
  636 USD pairs found
  636 tickers fetched
  F&G: 35 (Fear) | Market 24h: +1.1% | BTC dom: 58.4% [cache]
  At max positions (3/3)
  Positions (3/3):
    SHAPE: entry $0.0009 → $0.0008 (-12.1%)
    KTA: entry $0.1623 → $0.1527 (-5.9%)
    LRC: entry $0.0252 → $0.0244 (-3.2%)

[05:57:41] Scan #1230
  636 USD pairs found
  636 tickers fetched
  F&G: 35 (Fear) | Market 24h: +1.1% | BTC dom: 58.4% [cache]
  At max positions (3/3)
  Positions (3/3):
    SHAPE: entry $0.0009 → $0.0008 (-13.2%)
    KTA: entry $0.1623 → $0.1527 (-5.9%)
    LRC: entry $0.0252 → $0.0244 (-3.2%)

[06:02:51] Scan #1231
  636 USD pairs found
  636 tickers fetched
  F&G: 35 (Fear) | Market 24h: +1.1% | BTC dom: 58.4% [cache]
  At max positions (3/3)
  Positions (3/3):
    SHAPE: entry $0.0009 → $0.0008 (-12.1%)
    KTA: entry $0.1623 → $0.1527 (-5.9%)
    LRC: entry $0.0252 → $0.0244 (-3.2%)

[06:08:00] Scan #1232
  636 USD pairs found
  636 tickers fetched
  F&G: 35 (Fear) | Market 24h: +1.0% | BTC dom: 58.4% [cache]
  At max positions (3/3)
  Positions (3/3):
    SHAPE: entry $0.0009 → $0.0008 (-12.1%)
    KTA: entry $0.1623 → $0.1528 (-5.9%)
    LRC: entry $0.0252 → $0.0247 (-2.0%)

[06:13:09] Scan #1233
  636 USD pairs found
  636 tickers fetched
  F&G: 35 (Fear) | Market 24h: +1.0% | BTC dom: 58.4% [cache]
  At max positions (3/3)
  Positions (3/3):
    SHAPE: entry $0.0009 → $0.0008 (-13.2%)
    KTA: entry $0.1623 → $0.1535 (-5.4%)
    LRC: entry $0.0252 → $0.0247 (-2.1%)

[06:18:18] Scan #1234
  636 USD pairs found
  636 tickers fetched
  F&G: 35 (Fear) | Market 24h: +1.1% | BTC dom: 58.4% [cache]
  At max positions (3/3)
  Positions (3/3):
    SHAPE: entry $0.0009 → $0.0008 (-13.2%)
    KTA: entry $0.1623 → $0.1542 (-5.0%)
    LRC: entry $0.0252 → $0.0250 (-0.8%)

[06:23:27] Scan #1235
  636 USD pairs found
  636 tickers fetched
  F&G: 35 (Fear) | Market 24h: +1.2% | BTC dom: 58.4% [cache]
  At max positions (3/3)
  Positions (3/3):
    SHAPE: entry $0.0009 → $0.0008 (-12.1%)
    KTA: entry $0.1623 → $0.1533 (-5.5%)
    LRC: entry $0.0252 → $0.0247 (-1.9%)

[06:28:37] Scan #1236
  636 USD pairs found
  636 tickers fetched
  F&G: 35 (Fear) | Market 24h: +1.3% | BTC dom: 58.4% [cache]
  At max positions (3/3)
  Positions (3/3):
    SHAPE: entry $0.0009 → $0.0008 (-13.2%)
    KTA: entry $0.1623 → $0.1537 (-5.3%)
    LRC: entry $0.0252 → $0.0246 (-2.3%)

[06:33:46] Scan #1237
  636 USD pairs found
  636 tickers fetched
  F&G: 35 (Fear) | Market 24h: +1.2% | BTC dom: 58.4% [cache]
  At max positions (3/3)
  Positions (3/3):
    SHAPE: entry $0.0009 → $0.0008 (-13.2%)
    KTA: entry $0.1623 → $0.1533 (-5.5%)
    LRC: entry $0.0252 → $0.0244 (-3.2%)

[06:38:55] Scan #1238
  636 USD pairs found
  636 tickers fetched
  F&G: 35 (Fear) | Market 24h: +1.2% | BTC dom: 58.4% [cache]
  At max positions (3/3)
  Positions (3/3):
    SHAPE: entry $0.0009 → $0.0008 (-12.1%)
    KTA: entry $0.1623 → $0.1534 (-5.5%)
    LRC: entry $0.0252 → $0.0246 (-2.5%)

[06:44:04] Scan #1239
  636 USD pairs found
  636 tickers fetched
  F&G: 35 (Fear) | Market 24h: +1.1% | BTC dom: 58.4% [cache]
  At max positions (3/3)
  Positions (3/3):
    SHAPE: entry $0.0009 → $0.0008 (-12.1%)
    KTA: entry $0.1623 → $0.1536 (-5.4%)
    LRC: entry $0.0252 → $0.0246 (-2.5%)

[06:49:13] Scan #1240
  636 USD pairs found
  636 tickers fetched
  F&G: 35 (Fear) | Market 24h: +1.2% | BTC dom: 58.4% [cache]
  At max positions (3/3)
  Positions (3/3):
    SHAPE: entry $0.0009 → $0.0008 (-12.1%)
    KTA: entry $0.1623 → $0.1536 (-5.4%)
    LRC: entry $0.0252 → $0.0246 (-2.5%)

[06:54:23] Scan #1241
  636 USD pairs found
  636 tickers fetched
  F&G: 35 (Fear) | Market 24h: +1.2% | BTC dom: 58.4% [cache]
  At max positions (3/3)
  Positions (3/3):
    SHAPE: entry $0.0009 → $0.0008 (-12.1%)
    KTA: entry $0.1623 → $0.1536 (-5.4%)
    LRC: entry $0.0252 → $0.0246 (-2.5%)

[06:59:32] Scan #1242
  636 USD pairs found
  636 tickers fetched
  F&G: 35 (Fear) | Market 24h: +1.1% | BTC dom: 58.4% [cache]
  At max positions (3/3)
  Positions (3/3):
    SHAPE: entry $0.0009 → $0.0008 (-12.1%)
    KTA: entry $0.1623 → $0.1538 (-5.2%)
    LRC: entry $0.0252 → $0.0244 (-3.1%)

[07:04:41] Scan #1243
  636 USD pairs found
  636 tickers fetched
  F&G: 35 (Fear) | Market 24h: +0.9% | BTC dom: 58.4% [cache]
  At max positions (3/3)
  Positions (3/3):
    SHAPE: entry $0.0009 → $0.0008 (-12.1%)
    KTA: entry $0.1623 → $0.1535 (-5.4%)
    LRC: entry $0.0252 → $0.0244 (-3.3%)

[07:09:50] Scan #1244
  636 USD pairs found
  636 tickers fetched
  F&G: 35 (Fear) | Market 24h: +0.6% | BTC dom: 58.4% [cache]
  At max positions (3/3)
  Positions (3/3):
    SHAPE: entry $0.0009 → $0.0008 (-12.1%)
    KTA: entry $0.1623 → $0.1538 (-5.2%)
    LRC: entry $0.0252 → $0.0246 (-2.5%)

[07:15:00] Scan #1245
  636 USD pairs found
  636 tickers fetched
  F&G: 35 (Fear) | Market 24h: +0.4% | BTC dom: 58.4% [cache]
  At max positions (3/3)
  Positions (3/3):
    SHAPE: entry $0.0009 → $0.0008 (-13.2%)
    KTA: entry $0.1623 → $0.1538 (-5.2%)
    LRC: entry $0.0252 → $0.0246 (-2.5%)

[07:20:09] Scan #1246
  636 USD pairs found
  636 tickers fetched
  F&G: 35 (Fear) | Market 24h: +0.5% | BTC dom: 58.4% [cache]
  At max positions (3/3)
  Positions (3/3):
    SHAPE: entry $0.0009 → $0.0008 (-13.2%)
    KTA: entry $0.1623 → $0.1541 (-5.1%)
    LRC: entry $0.0252 → $0.0246 (-2.2%)

[07:25:18] Scan #1247
  636 USD pairs found
  636 tickers fetched
  F&G: 35 (Fear) | Market 24h: +0.4% | BTC dom: 58.4% [cache]
  At max positions (3/3)
  Positions (3/3):
    SHAPE: entry $0.0009 → $0.0008 (-14.3%)
    KTA: entry $0.1623 → $0.1542 (-5.0%)
    LRC: entry $0.0252 → $0.0247 (-1.9%)

[07:30:27] Scan #1248
  636 USD pairs found
  636 tickers fetched
  F&G: 35 (Fear) | Market 24h: +0.4% | BTC dom: 58.4% [cache]
  At max positions (3/3)
  Positions (3/3):
    SHAPE: entry $0.0009 → $0.0008 (-14.3%)
    KTA: entry $0.1623 → $0.1539 (-5.2%)
    LRC: entry $0.0252 → $0.0249 (-1.2%)

[07:35:36] Scan #1249
  636 USD pairs found
  636 tickers fetched
  F&G: 35 (Fear) | Market 24h: +0.5% | BTC dom: 58.4% [cache]
  At max positions (3/3)
  Positions (3/3):
    SHAPE: entry $0.0009 → $0.0008 (-14.3%)
    KTA: entry $0.1623 → $0.1539 (-5.2%)
    LRC: entry $0.0252 → $0.0247 (-1.9%)

[07:40:46] Scan #1250
  636 USD pairs found
  636 tickers fetched
  F&G: 35 (Fear) | Market 24h: +0.6% | BTC dom: 58.4% [cache]
  At max positions (3/3)
  Positions (3/3):
    SHAPE: entry $0.0009 → $0.0008 (-8.8%)
    KTA: entry $0.1623 → $0.1538 (-5.2%)
    LRC: entry $0.0252 → $0.0247 (-1.9%)

[07:45:55] Scan #1251
  636 USD pairs found
  636 tickers fetched
  F&G: 35 (Fear) | Market 24h: +0.6% | BTC dom: 58.4% [cache]
  At max positions (3/3)
  Positions (3/3):
    SHAPE: entry $0.0009 → $0.0008 (-12.1%)
    KTA: entry $0.1623 → $0.1538 (-5.2%)
    LRC: entry $0.0252 → $0.0247 (-1.9%)

[07:51:04] Scan #1252
  636 USD pairs found
  636 tickers fetched
  F&G: 35 (Fear) | Market 24h: +0.4% | BTC dom: 58.4% [cache]
  At max positions (3/3)
  Positions (3/3):
    SHAPE: entry $0.0009 → $0.0008 (-11.0%)
    KTA: entry $0.1623 → $0.1538 (-5.2%)
    LRC: entry $0.0252 → $0.0245 (-2.9%)

[07:56:13] Scan #1253
  636 USD pairs found
  636 tickers fetched
  F&G: 35 (Fear) | Market 24h: +0.2% | BTC dom: 58.4% [cache]
  At max positions (3/3)
  Positions (3/3):
    SHAPE: entry $0.0009 → $0.0008 (-14.3%)
    KTA: entry $0.1623 → $0.1538 (-5.2%)
    LRC: entry $0.0252 → $0.0244 (-3.0%)

[08:01:22] Scan #1254
  636 USD pairs found
  636 tickers fetched
  F&G: 35 (Fear) | Market 24h: -0.2% | BTC dom: 58.4% [cache]
  At max positions (3/3)
  Positions (3/3):
    SHAPE: entry $0.0009 → $0.0008 (-9.9%)
    KTA: entry $0.1623 → $0.1538 (-5.2%)
    LRC: entry $0.0252 → $0.0244 (-3.0%)

[08:06:31] Scan #1255
  636 USD pairs found
  636 tickers fetched
  F&G: 35 (Fear) | Market 24h: -0.0% | BTC dom: 58.4% [cache]
  At max positions (3/3)
  Positions (3/3):
    SHAPE: entry $0.0009 → $0.0008 (-12.1%)
    KTA: entry $0.1623 → $0.1538 (-5.2%)
    LRC: entry $0.0252 → $0.0245 (-2.9%)

[08:11:41] Scan #1256
  636 USD pairs found
  636 tickers fetched
  F&G: 35 (Fear) | Market 24h: -0.1% | BTC dom: 58.3% [cache]
  At max positions (3/3)
  Positions (3/3):
    SHAPE: entry $0.0009 → $0.0008 (-12.1%)
    KTA: entry $0.1623 → $0.1538 (-5.2%)
    LRC: entry $0.0252 → $0.0244 (-3.1%)

[08:16:50] Scan #1257
  636 USD pairs found
  636 tickers fetched
  F&G: 35 (Fear) | Market 24h: -0.1% | BTC dom: 58.3% [cache]
  At max positions (3/3)
  Positions (3/3):
    SHAPE: entry $0.0009 → $0.0008 (-13.2%)
    KTA: entry $0.1623 → $0.1538 (-5.2%)
    LRC: entry $0.0252 → $0.0244 (-3.3%)

[08:21:59] Scan #1258
  636 USD pairs found
  636 tickers fetched
  F&G: 35 (Fear) | Market 24h: +0.2% | BTC dom: 58.3% [cache]
  At max positions (3/3)
  Positions (3/3):
    SHAPE: entry $0.0009 → $0.0008 (-14.3%)
    KTA: entry $0.1623 → $0.1538 (-5.2%)
    LRC: entry $0.0252 → $0.0243 (-3.5%)

[08:27:08] Scan #1259
  636 USD pairs found
  636 tickers fetched
  F&G: 35 (Fear) | Market 24h: +0.5% | BTC dom: 58.3% [cache]
  At max positions (3/3)
  Positions (3/3):
    SHAPE: entry $0.0009 → $0.0008 (-14.3%)
    KTA: entry $0.1623 → $0.1538 (-5.2%)
    LRC: entry $0.0252 → $0.0244 (-3.1%)

[08:32:17] Scan #1260
  636 USD pairs found
  636 tickers fetched
  F&G: 35 (Fear) | Market 24h: +0.5% | BTC dom: 58.3% [cache]
  At max positions (3/3)
  Positions (3/3):
    SHAPE: entry $0.0009 → $0.0008 (-14.3%)
    KTA: entry $0.1623 → $0.1538 (-5.2%)
    LRC: entry $0.0252 → $0.0245 (-2.6%)

[08:37:27] Scan #1261
  636 USD pairs found
  636 tickers fetched
  F&G: 35 (Fear) | Market 24h: +0.7% | BTC dom: 58.4% [cache]
  At max positions (3/3)
  Positions (3/3):
    SHAPE: entry $0.0009 → $0.0008 (-14.3%)
    KTA: entry $0.1623 → $0.1540 (-5.1%)
    LRC: entry $0.0252 → $0.0252 (+0.1%)

[08:42:36] Scan #1262
  636 USD pairs found
  636 tickers fetched
  F&G: 36 (Fear) | Market 24h: +0.6% | BTC dom: 58.4% [cache]
  At max positions (3/3)
  Positions (3/3):
    SHAPE: entry $0.0009 → $0.0008 (-12.1%)
    KTA: entry $0.1623 → $0.1540 (-5.1%)
    LRC: entry $0.0252 → $0.0249 (-1.2%)

[08:47:45] Scan #1263
  636 USD pairs found
  636 tickers fetched
  F&G: 36 (Fear) | Market 24h: +0.7% | BTC dom: 58.4% [cache]
  At max positions (3/3)
  Positions (3/3):
    SHAPE: entry $0.0009 → $0.0008 (-12.1%)
    KTA: entry $0.1623 → $0.1546 (-4.7%)
    LRC: entry $0.0252 → $0.0244 (-3.1%)

[08:52:54] Scan #1264
  636 USD pairs found
  636 tickers fetched
  F&G: 36 (Fear) | Market 24h: +0.6% | BTC dom: 58.4% [cache]
  At max positions (3/3)
  Positions (3/3):
    SHAPE: entry $0.0009 → $0.0008 (-12.1%)
    KTA: entry $0.1623 → $0.1546 (-4.7%)
    LRC: entry $0.0252 → $0.0247 (-1.9%)

[08:58:03] Scan #1265
  636 USD pairs found
  636 tickers fetched
  F&G: 36 (Fear) | Market 24h: +0.6% | BTC dom: 58.4% [cache]
  At max positions (3/3)
  Positions (3/3):
    SHAPE: entry $0.0009 → $0.0008 (-12.1%)
    KTA: entry $0.1623 → $0.1548 (-4.6%)
    LRC: entry $0.0252 → $0.0247 (-1.9%)

[09:03:12] Scan #1266
  636 USD pairs found
  636 tickers fetched
  F&G: 36 (Fear) | Market 24h: +0.6% | BTC dom: 58.4% [cache]
  At max positions (3/3)
  Positions (3/3):
    SHAPE: entry $0.0009 → $0.0008 (-12.1%)
    KTA: entry $0.1623 → $0.1548 (-4.6%)
    LRC: entry $0.0252 → $0.0245 (-2.8%)

[09:08:22] Scan #1267
  636 USD pairs found
  636 tickers fetched
  F&G: 36 (Fear) | Market 24h: +0.6% | BTC dom: 58.4% [cache]
  At max positions (3/3)
  Positions (3/3):
    SHAPE: entry $0.0009 → $0.0008 (-12.1%)
    KTA: entry $0.1623 → $0.1548 (-4.6%)
    LRC: entry $0.0252 → $0.0247 (-1.8%)

[09:13:31] Scan #1268
  636 USD pairs found
  636 tickers fetched
  F&G: 36 (Fear) | Market 24h: +0.7% | BTC dom: 58.4% [cache]
  At max positions (3/3)
  Positions (3/3):
    SHAPE: entry $0.0009 → $0.0008 (-12.1%)
    KTA: entry $0.1623 → $0.1548 (-4.6%)
    LRC: entry $0.0252 → $0.0249 (-1.3%)

[09:18:40] Scan #1269
  636 USD pairs found
  636 tickers fetched
  F&G: 36 (Fear) | Market 24h: +0.8% | BTC dom: 58.4% [cache]
  At max positions (3/3)
  Positions (3/3):
    SHAPE: entry $0.0009 → $0.0008 (-12.1%)
    KTA: entry $0.1623 → $0.1548 (-4.6%)
    LRC: entry $0.0252 → $0.0247 (-1.8%)

[09:23:49] Scan #1270
  636 USD pairs found
  636 tickers fetched
  F&G: 36 (Fear) | Market 24h: +0.7% | BTC dom: 58.4% [cache]
  At max positions (3/3)
  Positions (3/3):
    SHAPE: entry $0.0009 → $0.0008 (-12.1%)
    KTA: entry $0.1623 → $0.1547 (-4.7%)
    LRC: entry $0.0252 → $0.0247 (-1.9%)

[09:28:58] Scan #1271
  636 USD pairs found
  636 tickers fetched
  F&G: 36 (Fear) | Market 24h: +0.8% | BTC dom: 58.4% [cache]
  At max positions (3/3)
  Positions (3/3):
    SHAPE: entry $0.0009 → $0.0008 (-12.1%)
    KTA: entry $0.1623 → $0.1542 (-5.0%)
    LRC: entry $0.0252 → $0.0247 (-1.9%)

[09:34:08] Scan #1272
  636 USD pairs found
  636 tickers fetched
  F&G: 36 (Fear) | Market 24h: +0.6% | BTC dom: 58.4% [cache]
  At max positions (3/3)
  Positions (3/3):
    SHAPE: entry $0.0009 → $0.0008 (-12.1%)
    KTA: entry $0.1623 → $0.1542 (-5.0%)
    LRC: entry $0.0252 → $0.0246 (-2.3%)

[09:39:17] Scan #1273
  636 USD pairs found
  636 tickers fetched
  F&G: 36 (Fear) | Market 24h: +0.6% | BTC dom: 58.4% [cache]
  At max positions (3/3)
  Positions (3/3):
    SHAPE: entry $0.0009 → $0.0008 (-12.1%)
    KTA: entry $0.1623 → $0.1548 (-4.6%)
    LRC: entry $0.0252 → $0.0247 (-2.1%)

[09:44:26] Scan #1274
  636 USD pairs found
  636 tickers fetched
  F&G: 36 (Fear) | Market 24h: +0.6% | BTC dom: 58.4% [cache]
  At max positions (3/3)
  Positions (3/3):
    SHAPE: entry $0.0009 → $0.0008 (-12.1%)
    KTA: entry $0.1623 → $0.1542 (-5.0%)
    LRC: entry $0.0252 → $0.0247 (-2.1%)

[09:49:35] Scan #1275
  636 USD pairs found
  636 tickers fetched
  F&G: 36 (Fear) | Market 24h: +0.4% | BTC dom: 58.4% [cache]
  At max positions (3/3)
  Positions (3/3):
    SHAPE: entry $0.0009 → $0.0008 (-12.1%)
    KTA: entry $0.1623 → $0.1539 (-5.2%)
    LRC: entry $0.0252 → $0.0245 (-2.9%)

[09:54:44] Scan #1276
  636 USD pairs found
  636 tickers fetched
  F&G: 36 (Fear) | Market 24h: +0.2% | BTC dom: 58.4% [cache]
  At max positions (3/3)
  Positions (3/3):
    SHAPE: entry $0.0009 → $0.0008 (-13.2%)
    KTA: entry $0.1623 → $0.1536 (-5.4%)
    LRC: entry $0.0252 → $0.0245 (-2.9%)

[09:59:54] Scan #1277
  636 USD pairs found
  636 tickers fetched
  F&G: 35 (Fear) | Market 24h: +0.2% | BTC dom: 58.4% [cache]
  At max positions (3/3)
  Positions (3/3):
    SHAPE: entry $0.0009 → $0.0008 (-13.2%)
    KTA: entry $0.1623 → $0.1551 (-4.4%)
    LRC: entry $0.0252 → $0.0246 (-2.4%)

[10:05:03] Scan #1278
  636 USD pairs found
  636 tickers fetched
  F&G: 35 (Fear) | Market 24h: +0.3% | BTC dom: 58.4% [cache]
  At max positions (3/3)
  Positions (3/3):
    SHAPE: entry $0.0009 → $0.0008 (-13.2%)
    KTA: entry $0.1623 → $0.1551 (-4.4%)
    LRC: entry $0.0252 → $0.0245 (-2.8%)

[10:10:12] Scan #1279
  636 USD pairs found
  636 tickers fetched
  F&G: 35 (Fear) | Market 24h: +0.4% | BTC dom: 58.4% [cache]
  At max positions (3/3)
  Positions (3/3):
    SHAPE: entry $0.0009 → $0.0008 (-13.2%)
    KTA: entry $0.1623 → $0.1542 (-5.0%)
    LRC: entry $0.0252 → $0.0245 (-2.8%)

[10:15:21] Scan #1280
  636 USD pairs found
  636 tickers fetched
  F&G: 36 (Fear) | Market 24h: +0.4% | BTC dom: 58.4% [cache]
  At max positions (3/3)
  Positions (3/3):
    SHAPE: entry $0.0009 → $0.0008 (-13.2%)
    KTA: entry $0.1623 → $0.1542 (-5.0%)
    LRC: entry $0.0252 → $0.0245 (-2.8%)

[10:20:31] Scan #1281
  636 USD pairs found
  636 tickers fetched
  F&G: 36 (Fear) | Market 24h: +0.5% | BTC dom: 58.4% [cache]
  At max positions (3/3)
  Positions (3/3):
    SHAPE: entry $0.0009 → $0.0008 (-11.0%)
    KTA: entry $0.1623 → $0.1542 (-5.0%)
    LRC: entry $0.0252 → $0.0246 (-2.4%)

[10:25:40] Scan #1282
  636 USD pairs found
  636 tickers fetched
  F&G: 36 (Fear) | Market 24h: +0.6% | BTC dom: 58.4% [cache]
  At max positions (3/3)
  Positions (3/3):
    SHAPE: entry $0.0009 → $0.0008 (-12.1%)
    KTA: entry $0.1623 → $0.1542 (-5.0%)
    LRC: entry $0.0252 → $0.0246 (-2.4%)

[10:30:49] Scan #1283
  636 USD pairs found
  636 tickers fetched
  F&G: 36 (Fear) | Market 24h: +0.6% | BTC dom: 58.4% [cache]
  At max positions (3/3)
  Positions (3/3):
    SHAPE: entry $0.0009 → $0.0008 (-12.1%)
    KTA: entry $0.1623 → $0.1540 (-5.1%)
    LRC: entry $0.0252 → $0.0245 (-2.7%)

[10:35:58] Scan #1284
  636 USD pairs found
  636 tickers fetched
  F&G: 36 (Fear) | Market 24h: +0.6% | BTC dom: 58.4% [cache]
  At max positions (3/3)
  Positions (3/3):
    SHAPE: entry $0.0009 → $0.0008 (-12.1%)
    KTA: entry $0.1623 → $0.1544 (-4.9%)
    LRC: entry $0.0252 → $0.0247 (-2.1%)

[10:41:07] Scan #1285
  636 USD pairs found
  636 tickers fetched
  F&G: 36 (Fear) | Market 24h: +0.6% | BTC dom: 58.4% [cache]
  At max positions (3/3)
  Positions (3/3):
    SHAPE: entry $0.0009 → $0.0008 (-12.1%)
    KTA: entry $0.1623 → $0.1545 (-4.8%)
    LRC: entry $0.0252 → $0.0247 (-2.1%)

[10:46:17] Scan #1286
  636 USD pairs found
  636 tickers fetched
  F&G: 36 (Fear) | Market 24h: +0.5% | BTC dom: 58.4% [cache]
  At max positions (3/3)
  Positions (3/3):
    SHAPE: entry $0.0009 → $0.0008 (-12.1%)
    KTA: entry $0.1623 → $0.1545 (-4.8%)
    LRC: entry $0.0252 → $0.0247 (-2.1%)

[10:51:26] Scan #1287
  636 USD pairs found
  636 tickers fetched
  F&G: 36 (Fear) | Market 24h: +0.7% | BTC dom: 58.5% [cache]
  At max positions (3/3)
  Positions (3/3):
    SHAPE: entry $0.0009 → $0.0008 (-12.1%)
    KTA: entry $0.1623 → $0.1545 (-4.8%)
    LRC: entry $0.0252 → $0.0245 (-2.8%)

[10:56:35] Scan #1288
  636 USD pairs found
  636 tickers fetched
  F&G: 36 (Fear) | Market 24h: +0.7% | BTC dom: 58.5% [cache]
  At max positions (3/3)
  Positions (3/3):
    SHAPE: entry $0.0009 → $0.0008 (-12.1%)
    KTA: entry $0.1623 → $0.1545 (-4.8%)
    LRC: entry $0.0252 → $0.0245 (-2.8%)

[11:01:45] Scan #1289
  636 USD pairs found
  636 tickers fetched
  F&G: 36 (Fear) | Market 24h: +0.6% | BTC dom: 58.5% [cache]
  At max positions (3/3)
  Positions (3/3):
    SHAPE: entry $0.0009 → $0.0008 (-12.1%)
    KTA: entry $0.1623 → $0.1545 (-4.8%)
    LRC: entry $0.0252 → $0.0245 (-2.9%)

[11:06:54] Scan #1290
  636 USD pairs found
  636 tickers fetched
  F&G: 36 (Fear) | Market 24h: +0.8% | BTC dom: 58.5% [cache]
  At max positions (3/3)
  Positions (3/3):
    SHAPE: entry $0.0009 → $0.0008 (-13.2%)
    KTA: entry $0.1623 → $0.1551 (-4.4%)
    LRC: entry $0.0252 → $0.0245 (-2.7%)

[11:12:03] Scan #1291
  636 USD pairs found
  636 tickers fetched
  F&G: 36 (Fear) | Market 24h: +0.7% | BTC dom: 58.5% [cache]
  At max positions (3/3)
  Positions (3/3):
    SHAPE: entry $0.0009 → $0.0008 (-13.2%)
    KTA: entry $0.1623 → $0.1551 (-4.4%)
    LRC: entry $0.0252 → $0.0245 (-2.7%)

[11:17:13] Scan #1292
  636 USD pairs found
  636 tickers fetched
  F&G: 36 (Fear) | Market 24h: +0.9% | BTC dom: 58.4% [cache]
  At max positions (3/3)
  Positions (3/3):
    SHAPE: entry $0.0009 → $0.0008 (-14.3%)
    KTA: entry $0.1623 → $0.1551 (-4.4%)
    LRC: entry $0.0252 → $0.0245 (-2.7%)

[11:22:22] Scan #1293
  636 USD pairs found
  636 tickers fetched
  F&G: 36 (Fear) | Market 24h: +1.1% | BTC dom: 58.4% [cache]
  At max positions (3/3)
  Positions (3/3):
    SHAPE: entry $0.0009 → $0.0008 (-14.3%)
    KTA: entry $0.1623 → $0.1553 (-4.3%)
    LRC: entry $0.0252 → $0.0245 (-2.7%)

[11:27:31] Scan #1294
  636 USD pairs found
  636 tickers fetched
  F&G: 37 (Fear) | Market 24h: +1.1% | BTC dom: 58.4% [cache]
  At max positions (3/3)
  Positions (3/3):
    SHAPE: entry $0.0009 → $0.0008 (-14.3%)
    KTA: entry $0.1623 → $0.1553 (-4.3%)
    LRC: entry $0.0252 → $0.0245 (-2.7%)

[11:32:40] Scan #1295
  636 USD pairs found
  636 tickers fetched
  F&G: 37 (Fear) | Market 24h: +1.2% | BTC dom: 58.5% [cache]
  At max positions (3/3)
  Positions (3/3):
    SHAPE: entry $0.0009 → $0.0008 (-13.2%)
    KTA: entry $0.1623 → $0.1553 (-4.3%)
    LRC: entry $0.0252 → $0.0245 (-2.7%)

[11:37:49] Scan #1296
  636 USD pairs found
  636 tickers fetched
  F&G: 37 (Fear) | Market 24h: +1.2% | BTC dom: 58.5% [cache]
  At max positions (3/3)
  Positions (3/3):
    SHAPE: entry $0.0009 → $0.0008 (-11.0%)
    KTA: entry $0.1623 → $0.1561 (-3.8%)
    LRC: entry $0.0252 → $0.0244 (-3.1%)

[11:42:59] Scan #1297
  636 USD pairs found
  636 tickers fetched
  F&G: 38 (Fear) | Market 24h: +1.1% | BTC dom: 58.5% [cache]
  At max positions (3/3)
  Positions (3/3):
    SHAPE: entry $0.0009 → $0.0008 (-9.9%)
    KTA: entry $0.1623 → $0.1551 (-4.4%)
    LRC: entry $0.0252 → $0.0245 (-2.9%)

[11:48:08] Scan #1298
  636 USD pairs found
  636 tickers fetched
  F&G: 38 (Fear) | Market 24h: +0.9% | BTC dom: 58.5% [cache]
  At max positions (3/3)
  Positions (3/3):
    SHAPE: entry $0.0009 → $0.0008 (-12.1%)
    KTA: entry $0.1623 → $0.1551 (-4.4%)
    LRC: entry $0.0252 → $0.0246 (-2.4%)

[11:53:18] Scan #1299
  636 USD pairs found
  636 tickers fetched
  F&G: 38 (Fear) | Market 24h: +0.6% | BTC dom: 58.4% [cache]
  At max positions (3/3)
  Positions (3/3):
    SHAPE: entry $0.0009 → $0.0008 (-13.2%)
    KTA: entry $0.1623 → $0.1551 (-4.4%)
    LRC: entry $0.0252 → $0.0245 (-2.7%)

[11:58:27] Scan #1300
  636 USD pairs found
  636 tickers fetched
  F&G: 36 (Fear) | Market 24h: +0.8% | BTC dom: 58.4% [cache]
  At max positions (3/3)
  Positions (3/3):
    SHAPE: entry $0.0009 → $0.0008 (-11.0%)
    KTA: entry $0.1623 → $0.1558 (-4.0%)
    LRC: entry $0.0252 → $0.0246 (-2.4%)

[12:03:36] Scan #1301
  636 USD pairs found
  636 tickers fetched
  F&G: 36 (Fear) | Market 24h: +0.8% | BTC dom: 58.5% [cache]
  At max positions (3/3)
  Positions (3/3):
    SHAPE: entry $0.0009 → $0.0008 (-13.2%)
    KTA: entry $0.1623 → $0.1618 (-0.3%)
    LRC: entry $0.0252 → $0.0246 (-2.4%)

[12:08:45] Scan #1302
  636 USD pairs found
  636 tickers fetched
  F&G: 36 (Fear) | Market 24h: +1.1% | BTC dom: 58.5% [cache]
  At max positions (3/3)
  Positions (3/3):
    SHAPE: entry $0.0009 → $0.0008 (-11.0%)
    KTA: entry $0.1623 → $0.1571 (-3.2%)
    LRC: entry $0.0252 → $0.0246 (-2.4%)

[12:13:55] Scan #1303
  636 USD pairs found
  636 tickers fetched
  F&G: 37 (Fear) | Market 24h: +1.1% | BTC dom: 58.5% [cache]
  At max positions (3/3)
  Positions (3/3):
    SHAPE: entry $0.0009 → $0.0008 (-11.0%)
    KTA: entry $0.1623 → $0.1589 (-2.1%)
    LRC: entry $0.0252 → $0.0244 (-3.2%)

[12:19:04] Scan #1304
  636 USD pairs found
  636 tickers fetched
  F&G: 37 (Fear) | Market 24h: +1.1% | BTC dom: 58.4% [cache]
  At max positions (3/3)
  Positions (3/3):
    SHAPE: entry $0.0009 → $0.0008 (-12.1%)
    KTA: entry $0.1623 → $0.1587 (-2.2%)
    LRC: entry $0.0252 → $0.0244 (-3.3%)

[12:24:13] Scan #1305
  636 USD pairs found
  636 tickers fetched
  F&G: 37 (Fear) | Market 24h: +0.6% | BTC dom: 58.4% [cache]
  At max positions (3/3)
  Positions (3/3):
    SHAPE: entry $0.0009 → $0.0008 (-12.1%)
    KTA: entry $0.1623 → $0.1586 (-2.3%)
    LRC: entry $0.0252 → $0.0247 (-2.1%)

[12:29:22] Scan #1306
  636 USD pairs found
  636 tickers fetched
  F&G: 36 (Fear) | Market 24h: +0.4% | BTC dom: 58.4% [cache]
  At max positions (3/3)
  Positions (3/3):
    SHAPE: entry $0.0009 → $0.0008 (-12.1%)
    KTA: entry $0.1623 → $0.1570 (-3.3%)
    LRC: entry $0.0252 → $0.0253 (+0.5%)

[12:34:32] Scan #1307
  636 USD pairs found
  636 tickers fetched
  F&G: 36 (Fear) | Market 24h: +0.4% | BTC dom: 58.4% [cache]
  At max positions (3/3)
  Positions (3/3):
    SHAPE: entry $0.0009 → $0.0008 (-12.1%)
    KTA: entry $0.1623 → $0.1571 (-3.2%)
    LRC: entry $0.0252 → $0.0251 (-0.2%)

[12:39:41] Scan #1308
  636 USD pairs found
  636 tickers fetched
  F&G: 36 (Fear) | Market 24h: +0.7% | BTC dom: 58.4% [cache]
  At max positions (3/3)
  Positions (3/3):
    SHAPE: entry $0.0009 → $0.0008 (-12.1%)
    KTA: entry $0.1623 → $0.1571 (-3.2%)
    LRC: entry $0.0252 → $0.0260 (+3.1%)

[12:44:50] Scan #1309
  636 USD pairs found
  636 tickers fetched
  F&G: 36 (Fear) | Market 24h: +0.7% | BTC dom: 58.4% [cache]
  At max positions (3/3)
  Positions (3/3):
    SHAPE: entry $0.0009 → $0.0008 (-15.4%)
    KTA: entry $0.1623 → $0.1571 (-3.2%)
    LRC: entry $0.0252 → $0.0250 (-0.8%)

[12:49:59] Scan #1310
  636 USD pairs found
  636 tickers fetched
  F&G: 36 (Fear) | Market 24h: +0.7% | BTC dom: 58.4% [cache]
  At max positions (3/3)
  Positions (3/3):
    SHAPE: entry $0.0009 → $0.0008 (-13.2%)
    KTA: entry $0.1623 → $0.1571 (-3.2%)
    LRC: entry $0.0252 → $0.0250 (-0.9%)

[12:55:08] Scan #1311
  636 USD pairs found
  636 tickers fetched
  F&G: 36 (Fear) | Market 24h: +0.7% | BTC dom: 58.4% [cache]
  At max positions (3/3)
  Positions (3/3):
    SHAPE: entry $0.0009 → $0.0008 (-12.1%)
    KTA: entry $0.1623 → $0.1571 (-3.2%)
    LRC: entry $0.0252 → $0.0254 (+0.6%)

[13:00:17] Scan #1312
  636 USD pairs found
  636 tickers fetched
  F&G: 36 (Fear) | Market 24h: +1.0% | BTC dom: 58.5% [cache]
  At max positions (3/3)
  Positions (3/3):
    SHAPE: entry $0.0009 → $0.0008 (-12.1%)
    KTA: entry $0.1623 → $0.1571 (-3.2%)
    LRC: entry $0.0252 → $0.0251 (-0.3%)

[13:05:27] Scan #1313
  636 USD pairs found
  636 tickers fetched
  F&G: 36 (Fear) | Market 24h: +1.1% | BTC dom: 58.5% [cache]
  At max positions (3/3)
  Positions (3/3):
    SHAPE: entry $0.0009 → $0.0008 (-13.2%)
    KTA: entry $0.1623 → $0.1571 (-3.2%)
    LRC: entry $0.0252 → $0.0251 (-0.4%)

[13:10:36] Scan #1314
  636 USD pairs found
  636 tickers fetched
  F&G: 36 (Fear) | Market 24h: +1.2% | BTC dom: 58.5% [cache]
  At max positions (3/3)
  Positions (3/3):
    SHAPE: entry $0.0009 → $0.0008 (-14.3%)
    KTA: entry $0.1623 → $0.1571 (-3.2%)
    LRC: entry $0.0252 → $0.0251 (-0.4%)

[13:15:46] Scan #1315
  636 USD pairs found
  636 tickers fetched
  F&G: 37 (Fear) | Market 24h: +1.2% | BTC dom: 58.5% [cache]
  At max positions (3/3)
  Positions (3/3):
    SHAPE: entry $0.0009 → $0.0008 (-12.1%)
    KTA: entry $0.1623 → $0.1576 (-2.9%)
    LRC: entry $0.0252 → $0.0251 (-0.4%)

[13:20:55] Scan #1316
  636 USD pairs found
  636 tickers fetched
  F&G: 37 (Fear) | Market 24h: +1.2% | BTC dom: 58.5% [cache]
  At max positions (3/3)
  Positions (3/3):
    SHAPE: entry $0.0009 → $0.0008 (-14.3%)
    KTA: entry $0.1623 → $0.1576 (-2.9%)
    LRC: entry $0.0252 → $0.0246 (-2.2%)

[13:26:04] Scan #1317
  636 USD pairs found
  636 tickers fetched
  F&G: 37 (Fear) | Market 24h: +1.4% | BTC dom: 58.5% [cache]
  At max positions (3/3)
  Positions (3/3):
    SHAPE: entry $0.0009 → $0.0008 (-13.2%)
    KTA: entry $0.1623 → $0.1576 (-2.9%)
    LRC: entry $0.0252 → $0.0246 (-2.3%)

[13:31:14] Scan #1318
  636 USD pairs found
  636 tickers fetched
  F&G: 37 (Fear) | Market 24h: +1.3% | BTC dom: 58.5% [cache]
  At max positions (3/3)
  Positions (3/3):
    SHAPE: entry $0.0009 → $0.0008 (-13.2%)
    KTA: entry $0.1623 → $0.1576 (-2.9%)
    LRC: entry $0.0252 → $0.0246 (-2.3%)

[13:36:23] Scan #1319
  636 USD pairs found
  636 tickers fetched
  F&G: 37 (Fear) | Market 24h: +1.4% | BTC dom: 58.5% [cache]
  At max positions (3/3)
  Positions (3/3):
    SHAPE: entry $0.0009 → $0.0008 (-13.2%)
    KTA: entry $0.1623 → $0.1576 (-2.9%)
    LRC: entry $0.0252 → $0.0253 (+0.4%)

[13:41:32] Scan #1320
  636 USD pairs found
  636 tickers fetched
  F&G: 37 (Fear) | Market 24h: +1.5% | BTC dom: 58.5% [cache]
  At max positions (3/3)
  Positions (3/3):
    SHAPE: entry $0.0009 → $0.0008 (-14.3%)
    KTA: entry $0.1623 → $0.1571 (-3.2%)
    LRC: entry $0.0252 → $0.0251 (-0.4%)

[13:46:41] Scan #1321
  636 USD pairs found
  636 tickers fetched
  F&G: 37 (Fear) | Market 24h: +2.1% | BTC dom: 58.5% [cache]
  At max positions (3/3)
  Positions (3/3):
    SHAPE: entry $0.0009 → $0.0008 (-15.4%)
    KTA: entry $0.1623 → $0.1571 (-3.2%)
    LRC: entry $0.0252 → $0.0250 (-0.8%)

[13:51:51] Scan #1322
  636 USD pairs found
  636 tickers fetched
  F&G: 37 (Fear) | Market 24h: +1.9% | BTC dom: 58.4% [cache]
  At max positions (3/3)
  Positions (3/3):
    SHAPE: entry $0.0009 → $0.0008 (-14.3%)
    KTA: entry $0.1623 → $0.1571 (-3.2%)
    LRC: entry $0.0252 → $0.0255 (+1.3%)

[13:57:00] Scan #1323
  636 USD pairs found
  636 tickers fetched
  F&G: 36 (Fear) | Market 24h: +2.0% | BTC dom: 58.4% [cache]
  At max positions (3/3)
  Positions (3/3):
    SHAPE: entry $0.0009 → $0.0008 (-14.3%)
    KTA: entry $0.1623 → $0.1571 (-3.2%)
    LRC: entry $0.0252 → $0.0250 (-0.8%)

[14:02:09] Scan #1324
  636 USD pairs found
  636 tickers fetched
  F&G: 36 (Fear) | Market 24h: +2.1% | BTC dom: 58.5% [cache]
  At max positions (3/3)
  Positions (3/3):
    SHAPE: entry $0.0009 → $0.0008 (-13.2%)
    KTA: entry $0.1623 → $0.1571 (-3.2%)
    LRC: entry $0.0252 → $0.0249 (-1.0%)

[14:07:19] Scan #1325
  636 USD pairs found
  636 tickers fetched
  F&G: 36 (Fear) | Market 24h: +1.9% | BTC dom: 58.4% [cache]
  At max positions (3/3)
  Positions (3/3):
    SHAPE: entry $0.0009 → $0.0008 (-13.2%)
    KTA: entry $0.1623 → $0.1571 (-3.2%)
    LRC: entry $0.0252 → $0.0250 (-0.8%)

[14:12:28] Scan #1326
  636 USD pairs found
  636 tickers fetched
  F&G: 36 (Fear) | Market 24h: +1.6% | BTC dom: 58.4% [cache]
  At max positions (3/3)
  Positions (3/3):
    SHAPE: entry $0.0009 → $0.0008 (-14.3%)
    KTA: entry $0.1623 → $0.1571 (-3.2%)
    LRC: entry $0.0252 → $0.0249 (-1.2%)

[14:17:37] Scan #1327
  636 USD pairs found
  636 tickers fetched
  F&G: 36 (Fear) | Market 24h: +1.9% | BTC dom: 58.4% [cache]
  At max positions (3/3)
  Positions (3/3):
    SHAPE: entry $0.0009 → $0.0008 (-14.3%)
    KTA: entry $0.1623 → $0.1571 (-3.2%)
    LRC: entry $0.0252 → $0.0250 (-0.9%)

[14:22:47] Scan #1328
  636 USD pairs found
  636 tickers fetched
  F&G: 36 (Fear) | Market 24h: +2.1% | BTC dom: 58.4% [cache]
  At max positions (3/3)
  Positions (3/3):
    SHAPE: entry $0.0009 → $0.0008 (-15.4%)
    KTA: entry $0.1623 → $0.1573 (-3.1%)
    LRC: entry $0.0252 → $0.0250 (-0.8%)

[14:27:56] Scan #1329
  636 USD pairs found
  636 tickers fetched
  F&G: 36 (Fear) | Market 24h: +2.0% | BTC dom: 58.4% [cache]
  At max positions (3/3)
  Positions (3/3):
    SHAPE: entry $0.0009 → $0.0008 (-14.3%)
    KTA: entry $0.1623 → $0.1574 (-3.0%)
    LRC: entry $0.0252 → $0.0248 (-1.4%)

[14:33:05] Scan #1330
  636 USD pairs found
  636 tickers fetched
  F&G: 36 (Fear) | Market 24h: +1.9% | BTC dom: 58.4% [cache]
  At max positions (3/3)
  Positions (3/3):
    SHAPE: entry $0.0009 → $0.0008 (-15.4%)
    KTA: entry $0.1623 → $0.1574 (-3.0%)
    LRC: entry $0.0252 → $0.0248 (-1.6%)

[14:38:15] Scan #1331
  636 USD pairs found
  636 tickers fetched
  F&G: 36 (Fear) | Market 24h: +1.9% | BTC dom: 58.4% [cache]
  At max positions (3/3)
  Positions (3/3):
    SHAPE: entry $0.0009 → $0.0008 (-15.4%)
    KTA: entry $0.1623 → $0.1574 (-3.0%)
    LRC: entry $0.0252 → $0.0246 (-2.4%)

[14:43:24] Scan #1332
  636 USD pairs found
  636 tickers fetched
  F&G: 36 (Fear) | Market 24h: +1.9% | BTC dom: 58.4% [cache]
  At max positions (3/3)
  Positions (3/3):
    SHAPE: entry $0.0009 → $0.0008 (-14.3%)
    KTA: entry $0.1623 → $0.1560 (-3.9%)
    LRC: entry $0.0252 → $0.0244 (-3.1%)

[14:48:33] Scan #1333
  636 USD pairs found
  636 tickers fetched
  F&G: 36 (Fear) | Market 24h: +2.1% | BTC dom: 58.4% [cache]
  At max positions (3/3)
  Positions (3/3):
    SHAPE: entry $0.0009 → $0.0008 (-14.3%)
    KTA: entry $0.1623 → $0.1550 (-4.5%)
    LRC: entry $0.0252 → $0.0247 (-2.0%)

[14:53:42] Scan #1334
  636 USD pairs found
  636 tickers fetched
  F&G: 36 (Fear) | Market 24h: +2.1% | BTC dom: 58.4% [cache]
  At max positions (3/3)
  Positions (3/3):
    SHAPE: entry $0.0009 → $0.0008 (-14.3%)
    KTA: entry $0.1623 → $0.1555 (-4.2%)
    LRC: entry $0.0252 → $0.0251 (-0.4%)

[14:58:52] Scan #1335
  636 USD pairs found
  636 tickers fetched
  F&G: 36 (Fear) | Market 24h: +2.0% | BTC dom: 58.4% [cache]
  At max positions (3/3)
  Positions (3/3):
    SHAPE: entry $0.0009 → $0.0008 (-14.3%)
    KTA: entry $0.1623 → $0.1555 (-4.2%)
    LRC: entry $0.0252 → $0.0251 (-0.4%)

[15:04:01] Scan #1336
  636 USD pairs found
  636 tickers fetched
  F&G: 36 (Fear) | Market 24h: +1.8% | BTC dom: 58.4% [cache]
  At max positions (3/3)
  Positions (3/3):
    SHAPE: entry $0.0009 → $0.0008 (-14.3%)
    KTA: entry $0.1623 → $0.1558 (-4.0%)
    LRC: entry $0.0252 → $0.0245 (-2.8%)

[15:09:10] Scan #1337
  636 USD pairs found
  636 tickers fetched
  F&G: 36 (Fear) | Market 24h: +1.7% | BTC dom: 58.4% [cache]
  At max positions (3/3)
  Positions (3/3):
    SHAPE: entry $0.0009 → $0.0008 (-14.3%)
    KTA: entry $0.1623 → $0.1553 (-4.3%)
    LRC: entry $0.0252 → $0.0247 (-2.0%)

[15:14:20] Scan #1338
  636 USD pairs found
  636 tickers fetched
  F&G: 35 (Fear) | Market 24h: +1.6% | BTC dom: 58.3% [cache]
  At max positions (3/3)
  Positions (3/3):
    SHAPE: entry $0.0009 → $0.0008 (-14.3%)
    KTA: entry $0.1623 → $0.1552 (-4.4%)
    LRC: entry $0.0252 → $0.0247 (-2.1%)

[15:19:29] Scan #1339
  636 USD pairs found
  636 tickers fetched
  F&G: 35 (Fear) | Market 24h: +1.3% | BTC dom: 58.4% [cache]
  At max positions (3/3)
  Positions (3/3):
    SHAPE: entry $0.0009 → $0.0008 (-14.3%)
    KTA: entry $0.1623 → $0.1541 (-5.1%)
    LRC: entry $0.0252 → $0.0245 (-2.6%)

[15:24:38] Scan #1340
  636 USD pairs found
  636 tickers fetched
  F&G: 35 (Fear) | Market 24h: +1.0% | BTC dom: 58.3% [cache]
  At max positions (3/3)
  Positions (3/3):
    SHAPE: entry $0.0009 → $0.0008 (-13.2%)
    KTA: entry $0.1623 → $0.1541 (-5.1%)
    LRC: entry $0.0252 → $0.0245 (-2.7%)

[15:29:48] Scan #1341
  636 USD pairs found
  636 tickers fetched
  F&G: 34 (Fear) | Market 24h: +1.0% | BTC dom: 58.4% [cache]
  At max positions (3/3)
  Positions (3/3):
    SHAPE: entry $0.0009 → $0.0008 (-14.3%)
    KTA: entry $0.1623 → $0.1541 (-5.1%)
    LRC: entry $0.0252 → $0.0246 (-2.2%)

[15:34:57] Scan #1342
  636 USD pairs found
  636 tickers fetched
  F&G: 34 (Fear) | Market 24h: +1.5% | BTC dom: 58.4% [cache]
  At max positions (3/3)
  Positions (3/3):
    SHAPE: entry $0.0009 → $0.0008 (-13.2%)
    KTA: entry $0.1623 → $0.1535 (-5.4%)
    LRC: entry $0.0252 → $0.0245 (-2.9%)

[15:40:06] Scan #1343
  636 USD pairs found
  636 tickers fetched
  F&G: 34 (Fear) | Market 24h: +1.1% | BTC dom: 58.4% [cache]
  At max positions (3/3)
  Positions (3/3):
    SHAPE: entry $0.0009 → $0.0008 (-12.1%)
    KTA: entry $0.1623 → $0.1527 (-5.9%)
    LRC: entry $0.0252 → $0.0247 (-2.0%)

[15:45:16] Scan #1344
  636 USD pairs found
  636 tickers fetched
  F&G: 34 (Fear) | Market 24h: +1.1% | BTC dom: 58.3% [cache]
  At max positions (3/3)
  Positions (3/3):
    SHAPE: entry $0.0009 → $0.0008 (-12.1%)
    KTA: entry $0.1623 → $0.1529 (-5.8%)
    LRC: entry $0.0252 → $0.0245 (-2.8%)

[15:50:25] Scan #1345
  636 USD pairs found
  636 tickers fetched
  F&G: 34 (Fear) | Market 24h: +1.2% | BTC dom: 58.3% [cache]
  At max positions (3/3)
  Positions (3/3):
    SHAPE: entry $0.0009 → $0.0008 (-12.1%)
    KTA: entry $0.1623 → $0.1529 (-5.8%)
    LRC: entry $0.0252 → $0.0247 (-2.0%)

[15:55:34] Scan #1346
  636 USD pairs found
  636 tickers fetched
  F&G: 34 (Fear) | Market 24h: +1.2% | BTC dom: 58.3% [cache]
  At max positions (3/3)
  Positions (3/3):
    SHAPE: entry $0.0009 → $0.0008 (-14.3%)
    KTA: entry $0.1623 → $0.1529 (-5.8%)
    LRC: entry $0.0252 → $0.0250 (-0.6%)

[16:00:43] Scan #1347
  636 USD pairs found
  636 tickers fetched
  F&G: 34 (Fear) | Market 24h: +1.4% | BTC dom: 58.3% [cache]
  At max positions (3/3)
  Positions (3/3):
    SHAPE: entry $0.0009 → $0.0008 (-13.2%)
    KTA: entry $0.1623 → $0.1528 (-5.9%)
    LRC: entry $0.0252 → $0.0247 (-2.1%)

[16:05:53] Scan #1348
  636 USD pairs found
  636 tickers fetched
  F&G: 34 (Fear) | Market 24h: +1.4% | BTC dom: 58.3% [cache]
  At max positions (3/3)
  Positions (3/3):
    SHAPE: entry $0.0009 → $0.0008 (-14.3%)
    KTA: entry $0.1623 → $0.1530 (-5.7%)
    LRC: entry $0.0252 → $0.0248 (-1.7%)

[16:11:02] Scan #1349
  636 USD pairs found
  636 tickers fetched
  F&G: 34 (Fear) | Market 24h: +1.4% | BTC dom: 58.3% [cache]
  At max positions (3/3)
  Positions (3/3):
    SHAPE: entry $0.0009 → $0.0008 (-14.3%)
    KTA: entry $0.1623 → $0.1530 (-5.7%)
    LRC: entry $0.0252 → $0.0249 (-1.3%)

[16:16:11] Scan #1350
  636 USD pairs found
  636 tickers fetched
  F&G: 34 (Fear) | Market 24h: +1.3% | BTC dom: 58.4% [cache]
  At max positions (3/3)
  Positions (3/3):
    SHAPE: entry $0.0009 → $0.0008 (-12.1%)
    KTA: entry $0.1623 → $0.1531 (-5.7%)
    LRC: entry $0.0252 → $0.0246 (-2.5%)

[16:21:21] Scan #1351
  636 USD pairs found
  636 tickers fetched
  F&G: 34 (Fear) | Market 24h: +1.2% | BTC dom: 58.3% [cache]
  At max positions (3/3)
  Positions (3/3):
    SHAPE: entry $0.0009 → $0.0008 (-12.1%)
    KTA: entry $0.1623 → $0.1531 (-5.7%)
    LRC: entry $0.0252 → $0.0249 (-1.2%)

[16:26:31] Scan #1352
  636 USD pairs found
  636 tickers fetched
  F&G: 35 (Fear) | Market 24h: +1.3% | BTC dom: 58.4% [cache]
  At max positions (3/3)
  Positions (3/3):
    SHAPE: entry $0.0009 → $0.0008 (-14.3%)
    KTA: entry $0.1623 → $0.1538 (-5.2%)
    LRC: entry $0.0252 → $0.0247 (-2.0%)

[16:31:40] Scan #1353
  636 USD pairs found
  636 tickers fetched
  F&G: 35 (Fear) | Market 24h: +2.2% | BTC dom: 58.5% [cache]
  At max positions (3/3)
  Positions (3/3):
    SHAPE: entry $0.0009 → $0.0008 (-14.3%)
    KTA: entry $0.1623 → $0.1539 (-5.2%)
    LRC: entry $0.0252 → $0.0246 (-2.2%)

[16:36:49] Scan #1354
  636 USD pairs found
  636 tickers fetched
  F&G: 35 (Fear) | Market 24h: +2.1% | BTC dom: 58.4% [cache]
  At max positions (3/3)
  Positions (3/3):
    SHAPE: entry $0.0009 → $0.0008 (-13.2%)
    KTA: entry $0.1623 → $0.1541 (-5.1%)
    LRC: entry $0.0252 → $0.0246 (-2.2%)

[16:41:59] Scan #1355
  636 USD pairs found
  636 tickers fetched
  F&G: 36 (Fear) | Market 24h: +2.3% | BTC dom: 58.4% [cache]
  At max positions (3/3)
  Positions (3/3):
    SHAPE: entry $0.0009 → $0.0008 (-13.2%)
    KTA: entry $0.1623 → $0.1541 (-5.1%)
    LRC: entry $0.0252 → $0.0246 (-2.2%)

[16:47:08] Scan #1356
  636 USD pairs found
  636 tickers fetched
  F&G: 36 (Fear) | Market 24h: +2.5% | BTC dom: 58.4% [cache]
  At max positions (3/3)
  Positions (3/3):
    SHAPE: entry $0.0009 → $0.0008 (-13.2%)
    KTA: entry $0.1623 → $0.1538 (-5.2%)
    LRC: entry $0.0252 → $0.0248 (-1.6%)

[16:52:17] Scan #1357
  636 USD pairs found
  636 tickers fetched
  F&G: 36 (Fear) | Market 24h: +2.2% | BTC dom: 58.4% [cache]
  At max positions (3/3)
  Positions (3/3):
    SHAPE: entry $0.0009 → $0.0008 (-12.1%)
    KTA: entry $0.1623 → $0.1541 (-5.1%)
    LRC: entry $0.0252 → $0.0248 (-1.6%)

[16:57:27] Scan #1358
  636 USD pairs found
  636 tickers fetched
  F&G: 35 (Fear) | Market 24h: +2.2% | BTC dom: 58.4% [cache]
  At max positions (3/3)
  Positions (3/3):
    SHAPE: entry $0.0009 → $0.0008 (-12.1%)
    KTA: entry $0.1623 → $0.1541 (-5.1%)
    LRC: entry $0.0252 → $0.0249 (-1.2%)

[17:02:36] Scan #1359
  636 USD pairs found
  636 tickers fetched
  F&G: 35 (Fear) | Market 24h: +2.3% | BTC dom: 58.4% [cache]
  At max positions (3/3)
  Positions (3/3):
    SHAPE: entry $0.0009 → $0.0008 (-12.1%)
    KTA: entry $0.1623 → $0.1541 (-5.1%)
    LRC: entry $0.0252 → $0.0249 (-1.3%)

[17:07:45] Scan #1360
  636 USD pairs found
  636 tickers fetched
  F&G: 35 (Fear) | Market 24h: +2.4% | BTC dom: 58.4% [cache]
  At max positions (3/3)
  Positions (3/3):
    SHAPE: entry $0.0009 → $0.0008 (-12.1%)
    KTA: entry $0.1623 → $0.1541 (-5.1%)
    LRC: entry $0.0252 → $0.0247 (-2.1%)

[17:12:55] Scan #1361
  636 USD pairs found
  636 tickers fetched
  F&G: 35 (Fear) | Market 24h: +2.5% | BTC dom: 58.4% [cache]
  At max positions (3/3)
  Positions (3/3):
    SHAPE: entry $0.0009 → $0.0008 (-12.1%)
    KTA: entry $0.1623 → $0.1532 (-5.6%)
    LRC: entry $0.0252 → $0.0247 (-2.1%)

[17:18:04] Scan #1362
  636 USD pairs found
  636 tickers fetched
  F&G: 35 (Fear) | Market 24h: +2.5% | BTC dom: 58.3% [cache]
  At max positions (3/3)
  Positions (3/3):
    SHAPE: entry $0.0009 → $0.0008 (-14.3%)
    KTA: entry $0.1623 → $0.1526 (-6.0%)
    LRC: entry $0.0252 → $0.0247 (-2.1%)

[17:23:13] Scan #1363
  636 USD pairs found
  636 tickers fetched
  F&G: 35 (Fear) | Market 24h: +2.5% | BTC dom: 58.3% [cache]
  At max positions (3/3)
  Positions (3/3):
    SHAPE: entry $0.0009 → $0.0008 (-14.3%)
    KTA: entry $0.1623 → $0.1529 (-5.8%)
    LRC: entry $0.0252 → $0.0247 (-2.1%)

[17:28:23] Scan #1364
  636 USD pairs found
  636 tickers fetched
  F&G: 35 (Fear) | Market 24h: +2.5% | BTC dom: 58.3% [cache]
  At max positions (3/3)
  Positions (3/3):
    SHAPE: entry $0.0009 → $0.0008 (-12.1%)
    KTA: entry $0.1623 → $0.1529 (-5.8%)
    LRC: entry $0.0252 → $0.0247 (-2.1%)

[17:33:32] Scan #1365
  636 USD pairs found
  636 tickers fetched
  F&G: 35 (Fear) | Market 24h: +2.6% | BTC dom: 58.3% [cache]
  At max positions (3/3)
  Positions (3/3):
    SHAPE: entry $0.0009 → $0.0008 (-14.3%)
    KTA: entry $0.1623 → $0.1529 (-5.8%)
    LRC: entry $0.0252 → $0.0247 (-2.1%)

[17:38:41] Scan #1366
  636 USD pairs found
  636 tickers fetched
  F&G: 35 (Fear) | Market 24h: +2.5% | BTC dom: 58.3% [cache]
  At max positions (3/3)
  Positions (3/3):
    SHAPE: entry $0.0009 → $0.0008 (-13.2%)
    KTA: entry $0.1623 → $0.1529 (-5.8%)
    LRC: entry $0.0252 → $0.0247 (-2.1%)

[17:43:50] Scan #1367
  636 USD pairs found
  636 tickers fetched
  F&G: 35 (Fear) | Market 24h: +2.2% | BTC dom: 58.3% [cache]
  At max positions (3/3)
  Positions (3/3):
    SHAPE: entry $0.0009 → $0.0008 (-13.2%)
    KTA: entry $0.1623 → $0.1550 (-4.5%)
    LRC: entry $0.0252 → $0.0247 (-2.1%)

[17:49:00] Scan #1368
  636 USD pairs found
  636 tickers fetched
  F&G: 35 (Fear) | Market 24h: +2.6% | BTC dom: 58.3% [cache]
  At max positions (3/3)
  Positions (3/3):
    SHAPE: entry $0.0009 → $0.0008 (-13.2%)
    KTA: entry $0.1623 → $0.1553 (-4.3%)
    LRC: entry $0.0252 → $0.0245 (-2.8%)

[17:54:09] Scan #1369
  636 USD pairs found
  636 tickers fetched
  F&G: 35 (Fear) | Market 24h: +2.5% | BTC dom: 58.3% [cache]
  At max positions (3/3)
  Positions (3/3):
    SHAPE: entry $0.0009 → $0.0008 (-13.2%)
    KTA: entry $0.1623 → $0.1553 (-4.3%)
    LRC: entry $0.0252 → $0.0245 (-2.8%)

[17:59:18] Scan #1370
  636 USD pairs found
  636 tickers fetched
  F&G: 34 (Fear) | Market 24h: +2.4% | BTC dom: 58.3% [cache]
  At max positions (3/3)
  Positions (3/3):
    SHAPE: entry $0.0009 → $0.0008 (-14.3%)
    KTA: entry $0.1623 → $0.1546 (-4.7%)
    LRC: entry $0.0252 → $0.0246 (-2.2%)

[18:04:28] Scan #1371
  636 USD pairs found
  636 tickers fetched
  F&G: 34 (Fear) | Market 24h: +2.1% | BTC dom: 58.2% [cache]
  At max positions (3/3)
  Positions (3/3):
    SHAPE: entry $0.0009 → $0.0008 (-14.3%)
    KTA: entry $0.1623 → $0.1546 (-4.7%)
    LRC: entry $0.0252 → $0.0249 (-1.3%)

[18:09:37] Scan #1372
  636 USD pairs found
  636 tickers fetched
  F&G: 34 (Fear) | Market 24h: +2.2% | BTC dom: 58.3% [cache]
  At max positions (3/3)
  Positions (3/3):
    SHAPE: entry $0.0009 → $0.0008 (-13.2%)
    KTA: entry $0.1623 → $0.1542 (-5.0%)
    LRC: entry $0.0252 → $0.0249 (-1.3%)

[18:14:46] Scan #1373
  636 USD pairs found
  636 tickers fetched
  F&G: 34 (Fear) | Market 24h: +2.2% | BTC dom: 58.3% [cache]
  At max positions (3/3)
  Positions (3/3):
    SHAPE: entry $0.0009 → $0.0008 (-13.2%)
    KTA: entry $0.1623 → $0.1542 (-5.0%)
    LRC: entry $0.0252 → $0.0245 (-2.7%)

[18:19:56] Scan #1374
  636 USD pairs found
  636 tickers fetched
  F&G: 34 (Fear) | Market 24h: +2.2% | BTC dom: 58.3% [cache]
  At max positions (3/3)
  Positions (3/3):
    SHAPE: entry $0.0009 → $0.0008 (-13.2%)
    KTA: entry $0.1623 → $0.1542 (-5.0%)
    LRC: entry $0.0252 → $0.0245 (-2.7%)

[18:25:05] Scan #1375
  636 USD pairs found
  636 tickers fetched
  F&G: 34 (Fear) | Market 24h: +2.3% | BTC dom: 58.3% [cache]
  At max positions (3/3)
  Positions (3/3):
    SHAPE: entry $0.0009 → $0.0008 (-12.1%)
    KTA: entry $0.1623 → $0.1542 (-5.0%)
    LRC: entry $0.0252 → $0.0245 (-2.6%)

[18:30:14] Scan #1376
  636 USD pairs found
  636 tickers fetched
  F&G: 35 (Fear) | Market 24h: +2.3% | BTC dom: 58.3% [cache]
  At max positions (3/3)
  Positions (3/3):
    SHAPE: entry $0.0009 → $0.0008 (-13.2%)
    KTA: entry $0.1623 → $0.1537 (-5.3%)
    LRC: entry $0.0252 → $0.0246 (-2.2%)

[18:35:24] Scan #1377
  636 USD pairs found
  636 tickers fetched
  F&G: 35 (Fear) | Market 24h: +2.2% | BTC dom: 58.3% [cache]
  At max positions (3/3)
  Positions (3/3):
    SHAPE: entry $0.0009 → $0.0008 (-13.2%)
    KTA: entry $0.1623 → $0.1546 (-4.7%)
    LRC: entry $0.0252 → $0.0246 (-2.4%)

[18:40:33] Scan #1378
  636 USD pairs found
  636 tickers fetched
  F&G: 35 (Fear) | Market 24h: +2.0% | BTC dom: 58.3% [cache]
  At max positions (3/3)
  Positions (3/3):
    SHAPE: entry $0.0009 → $0.0008 (-13.2%)
    KTA: entry $0.1623 → $0.1546 (-4.7%)
    LRC: entry $0.0252 → $0.0246 (-2.4%)

[18:45:42] Scan #1379
  636 USD pairs found
  636 tickers fetched
  F&G: 35 (Fear) | Market 24h: +1.7% | BTC dom: 58.3% [cache]
  At max positions (3/3)
  Positions (3/3):
    SHAPE: entry $0.0009 → $0.0008 (-13.2%)
    KTA: entry $0.1623 → $0.1543 (-4.9%)
    LRC: entry $0.0252 → $0.0247 (-1.8%)

[18:50:51] Scan #1380
  636 USD pairs found
  636 tickers fetched
  F&G: 35 (Fear) | Market 24h: +1.8% | BTC dom: 58.3% [cache]
  At max positions (3/3)
  Positions (3/3):
    SHAPE: entry $0.0009 → $0.0008 (-13.2%)
    KTA: entry $0.1623 → $0.1543 (-4.9%)
    LRC: entry $0.0252 → $0.0247 (-1.8%)

[18:56:01] Scan #1381
  636 USD pairs found
  636 tickers fetched
  F&G: 35 (Fear) | Market 24h: +2.0% | BTC dom: 58.3% [cache]
  At max positions (3/3)
  Positions (3/3):
    SHAPE: entry $0.0009 → $0.0008 (-13.2%)
    KTA: entry $0.1623 → $0.1535 (-5.4%)
    LRC: entry $0.0252 → $0.0247 (-1.8%)

[19:01:10] Scan #1382
  636 USD pairs found
  636 tickers fetched
  F&G: 34 (Fear) | Market 24h: +2.0% | BTC dom: 58.3% [cache]
  At max positions (3/3)
  Positions (3/3):
    SHAPE: entry $0.0009 → $0.0008 (-13.2%)
    KTA: entry $0.1623 → $0.1522 (-6.2%)
    LRC: entry $0.0252 → $0.0247 (-1.8%)

[19:06:19] Scan #1383
  636 USD pairs found
  636 tickers fetched
  F&G: 34 (Fear) | Market 24h: +1.9% | BTC dom: 58.3% [cache]
  At max positions (3/3)
  Positions (3/3):
    SHAPE: entry $0.0009 → $0.0008 (-13.2%)
    KTA: entry $0.1623 → $0.1525 (-6.0%)
    LRC: entry $0.0252 → $0.0245 (-2.7%)

[19:11:29] Scan #1384
  636 USD pairs found
  636 tickers fetched
  F&G: 34 (Fear) | Market 24h: +1.9% | BTC dom: 58.3% [cache]
  At max positions (3/3)
  Positions (3/3):
    SHAPE: entry $0.0009 → $0.0008 (-13.2%)
    KTA: entry $0.1623 → $0.1525 (-6.0%)
    LRC: entry $0.0252 → $0.0245 (-2.7%)

[19:16:38] Scan #1385
  636 USD pairs found
  636 tickers fetched
  F&G: 35 (Fear) | Market 24h: +1.8% | BTC dom: 58.3% [cache]
  At max positions (3/3)
  Positions (3/3):
    SHAPE: entry $0.0009 → $0.0008 (-13.2%)
    KTA: entry $0.1623 → $0.1525 (-6.0%)
    LRC: entry $0.0252 → $0.0245 (-2.7%)

[19:21:47] Scan #1386
  636 USD pairs found
  636 tickers fetched
  F&G: 35 (Fear) | Market 24h: +1.7% | BTC dom: 58.3% [cache]
  At max positions (3/3)
  Positions (3/3):
    SHAPE: entry $0.0009 → $0.0008 (-13.2%)
    KTA: entry $0.1623 → $0.1525 (-6.0%)
    LRC: entry $0.0252 → $0.0245 (-2.7%)

[19:26:57] Scan #1387
  636 USD pairs found
  636 tickers fetched
  F&G: 35 (Fear) | Market 24h: +1.8% | BTC dom: 58.3% [cache]
  At max positions (3/3)
  Positions (3/3):
    SHAPE: entry $0.0009 → $0.0008 (-15.4%)
    KTA: entry $0.1623 → $0.1541 (-5.1%)
    LRC: entry $0.0252 → $0.0245 (-2.7%)

[19:32:06] Scan #1388
  636 USD pairs found
  636 tickers fetched
  F&G: 35 (Fear) | Market 24h: +1.9% | BTC dom: 58.3% [cache]
  At max positions (3/3)
  Positions (3/3):
    SHAPE: entry $0.0009 → $0.0008 (-14.3%)
    KTA: entry $0.1623 → $0.1533 (-5.5%)
    LRC: entry $0.0252 → $0.0245 (-2.7%)

[19:37:15] Scan #1389
  636 USD pairs found
  636 tickers fetched
  F&G: 35 (Fear) | Market 24h: +2.0% | BTC dom: 58.3% [cache]
  At max positions (3/3)
  Positions (3/3):
    SHAPE: entry $0.0009 → $0.0008 (-13.2%)
    KTA: entry $0.1623 → $0.1533 (-5.5%)
    LRC: entry $0.0252 → $0.0245 (-2.7%)

[19:42:25] Scan #1390
  636 USD pairs found
  636 tickers fetched
  F&G: 35 (Fear) | Market 24h: +2.1% | BTC dom: 58.3% [cache]
  At max positions (3/3)
  Positions (3/3):
    SHAPE: entry $0.0009 → $0.0008 (-13.2%)
    KTA: entry $0.1623 → $0.1534 (-5.5%)
    LRC: entry $0.0252 → $0.0245 (-2.7%)

[19:47:34] Scan #1391
  636 USD pairs found
  636 tickers fetched
  F&G: 35 (Fear) | Market 24h: +2.1% | BTC dom: 58.3% [cache]
  At max positions (3/3)
  Positions (3/3):
    SHAPE: entry $0.0009 → $0.0008 (-12.1%)
    KTA: entry $0.1623 → $0.1534 (-5.5%)
    LRC: entry $0.0252 → $0.0245 (-2.9%)

[19:52:44] Scan #1392
  636 USD pairs found
  636 tickers fetched
  F&G: 35 (Fear) | Market 24h: +2.2% | BTC dom: 58.3% [cache]
  At max positions (3/3)
  Positions (3/3):
    SHAPE: entry $0.0009 → $0.0008 (-14.3%)
    KTA: entry $0.1623 → $0.1535 (-5.4%)
    LRC: entry $0.0252 → $0.0245 (-2.9%)

[19:57:53] Scan #1393
  636 USD pairs found
  636 tickers fetched
  F&G: 35 (Fear) | Market 24h: +2.1% | BTC dom: 58.3% [cache]
  At max positions (3/3)
  Positions (3/3):
    SHAPE: entry $0.0009 → $0.0008 (-14.3%)
    KTA: entry $0.1623 → $0.1535 (-5.4%)
    LRC: entry $0.0252 → $0.0245 (-2.9%)

[20:03:02] Scan #1394
  636 USD pairs found
  636 tickers fetched
  F&G: 35 (Fear) | Market 24h: +2.0% | BTC dom: 58.3% [cache]
  At max positions (3/3)
  Positions (3/3):
    SHAPE: entry $0.0009 → $0.0008 (-13.2%)
    KTA: entry $0.1623 → $0.1537 (-5.3%)
    LRC: entry $0.0252 → $0.0245 (-2.9%)

[20:08:12] Scan #1395
  636 USD pairs found
  636 tickers fetched
  F&G: 35 (Fear) | Market 24h: +1.9% | BTC dom: 58.2% [cache]
  At max positions (3/3)
  Positions (3/3):
    SHAPE: entry $0.0009 → $0.0008 (-9.9%)
    KTA: entry $0.1623 → $0.1537 (-5.3%)
    LRC: entry $0.0252 → $0.0245 (-2.9%)

[20:13:21] Scan #1396
  636 USD pairs found
  636 tickers fetched
  F&G: 34 (Fear) | Market 24h: +1.9% | BTC dom: 58.2% [cache]
  At max positions (3/3)
  Positions (3/3):
    SHAPE: entry $0.0009 → $0.0008 (-12.1%)
    KTA: entry $0.1623 → $0.1537 (-5.3%)
    LRC: entry $0.0252 → $0.0245 (-2.8%)

[20:18:30] Scan #1397
  636 USD pairs found
  636 tickers fetched
  F&G: 34 (Fear) | Market 24h: +1.8% | BTC dom: 58.2% [cache]
  At max positions (3/3)
  Positions (3/3):
    SHAPE: entry $0.0009 → $0.0008 (-8.8%)
    KTA: entry $0.1623 → $0.1537 (-5.3%)
    LRC: entry $0.0252 → $0.0244 (-3.1%)

[20:23:40] Scan #1398
  636 USD pairs found
  636 tickers fetched
  F&G: 34 (Fear) | Market 24h: +1.5% | BTC dom: 58.3% [cache]
  At max positions (3/3)
  Positions (3/3):
    SHAPE: entry $0.0009 → $0.0008 (-9.9%)
    KTA: entry $0.1623 → $0.1537 (-5.3%)
    LRC: entry $0.0252 → $0.0244 (-3.1%)

[20:28:49] Scan #1399
  636 USD pairs found
  636 tickers fetched
  F&G: 34 (Fear) | Market 24h: +0.9% | BTC dom: 58.2% [cache]
  At max positions (3/3)
  Positions (3/3):
    SHAPE: entry $0.0009 → $0.0008 (-11.0%)
    KTA: entry $0.1623 → $0.1537 (-5.3%)
    LRC: entry $0.0252 → $0.0244 (-3.1%)

[20:33:58] Scan #1400
  636 USD pairs found
  636 tickers fetched
  F&G: 34 (Fear) | Market 24h: +0.9% | BTC dom: 58.3% [cache]
  At max positions (3/3)
  Positions (3/3):
    SHAPE: entry $0.0009 → $0.0008 (-11.0%)
    KTA: entry $0.1623 → $0.1537 (-5.3%)
    LRC: entry $0.0252 → $0.0244 (-3.1%)

[20:39:08] Scan #1401
  636 USD pairs found
  636 tickers fetched
  F&G: 34 (Fear) | Market 24h: +0.9% | BTC dom: 58.3% [cache]
  At max positions (3/3)
  Positions (3/3):
    SHAPE: entry $0.0009 → $0.0008 (-11.0%)
    KTA: entry $0.1623 → $0.1537 (-5.3%)
    LRC: entry $0.0252 → $0.0243 (-3.4%)

[20:44:17] Scan #1402
  636 USD pairs found
  636 tickers fetched
  F&G: 34 (Fear) | Market 24h: +0.9% | BTC dom: 58.3% [cache]
  At max positions (3/3)
  Positions (3/3):
    SHAPE: entry $0.0009 → $0.0008 (-7.7%)
    KTA: entry $0.1623 → $0.1537 (-5.3%)
    LRC: entry $0.0252 → $0.0243 (-3.4%)

[20:49:26] Scan #1403
  636 USD pairs found
  636 tickers fetched
  F&G: 34 (Fear) | Market 24h: +1.1% | BTC dom: 58.4% [cache]
  At max positions (3/3)
  Positions (3/3):
    SHAPE: entry $0.0009 → $0.0008 (-7.7%)
    KTA: entry $0.1623 → $0.1528 (-5.9%)
    LRC: entry $0.0252 → $0.0243 (-3.4%)

[20:54:35] Scan #1404
  636 USD pairs found
  636 tickers fetched
  F&G: 34 (Fear) | Market 24h: +1.1% | BTC dom: 58.4% [cache]
  At max positions (3/3)
  Positions (3/3):
    SHAPE: entry $0.0009 → $0.0008 (-8.8%)
    KTA: entry $0.1623 → $0.1529 (-5.8%)
    LRC: entry $0.0252 → $0.0242 (-4.0%)

[20:59:45] Scan #1405
  636 USD pairs found
  636 tickers fetched
  F&G: 35 (Fear) | Market 24h: +1.1% | BTC dom: 58.4% [cache]
  At max positions (3/3)
  Positions (3/3):
    SHAPE: entry $0.0009 → $0.0008 (-8.8%)
    KTA: entry $0.1623 → $0.1532 (-5.6%)
    LRC: entry $0.0252 → $0.0243 (-3.7%)

[21:04:54] Scan #1406
  636 USD pairs found
  636 tickers fetched
  F&G: 35 (Fear) | Market 24h: +1.1% | BTC dom: 58.4% [cache]
  At max positions (3/3)
  Positions (3/3):
    SHAPE: entry $0.0009 → $0.0008 (-9.9%)
    KTA: entry $0.1623 → $0.1532 (-5.6%)
    LRC: entry $0.0252 → $0.0243 (-3.7%)

[21:10:03] Scan #1407
  636 USD pairs found
  636 tickers fetched
  F&G: 35 (Fear) | Market 24h: +1.0% | BTC dom: 58.4% [cache]
  At max positions (3/3)
  Positions (3/3):
    SHAPE: entry $0.0009 → $0.0007 (-19.8%)
    KTA: entry $0.1623 → $0.1532 (-5.6%)
    LRC: entry $0.0252 → $0.0243 (-3.7%)

[21:15:12] Scan #1408
  636 USD pairs found
  636 tickers fetched
  F&G: 35 (Fear) | Market 24h: +1.2% | BTC dom: 58.4% [cache]
  At max positions (3/3)
  Positions (3/3):
    SHAPE: entry $0.0009 → $0.0008 (-16.5%)
    KTA: entry $0.1623 → $0.1532 (-5.6%)
    LRC: entry $0.0252 → $0.0243 (-3.7%)

[21:20:22] Scan #1409
  636 USD pairs found
  636 tickers fetched
  F&G: 35 (Fear) | Market 24h: +1.4% | BTC dom: 58.4% [cache]
  At max positions (3/3)
  Positions (3/3):
    SHAPE: entry $0.0009 → $0.0008 (-14.3%)
    KTA: entry $0.1623 → $0.1532 (-5.6%)
    LRC: entry $0.0252 → $0.0243 (-3.7%)

[21:25:31] Scan #1410
  636 USD pairs found
  636 tickers fetched
  F&G: 35 (Fear) | Market 24h: +1.4% | BTC dom: 58.4% [cache]
  At max positions (3/3)
  Positions (3/3):
    SHAPE: entry $0.0009 → $0.0008 (-11.0%)
    KTA: entry $0.1623 → $0.1544 (-4.9%)
    LRC: entry $0.0252 → $0.0243 (-3.7%)

[21:30:40] Scan #1411
  636 USD pairs found
  636 tickers fetched
  F&G: 35 (Fear) | Market 24h: +1.3% | BTC dom: 58.3% [cache]
  At max positions (3/3)
  Positions (3/3):
    SHAPE: entry $0.0009 → $0.0008 (-13.2%)
    KTA: entry $0.1623 → $0.1544 (-4.9%)
    LRC: entry $0.0252 → $0.0243 (-3.7%)

[21:35:50] Scan #1412
  636 USD pairs found
  636 tickers fetched
  F&G: 35 (Fear) | Market 24h: +1.2% | BTC dom: 58.3% [cache]
  At max positions (3/3)
  Positions (3/3):
    SHAPE: entry $0.0009 → $0.0008 (-11.0%)
    KTA: entry $0.1623 → $0.1544 (-4.9%)
    LRC: entry $0.0252 → $0.0241 (-4.3%)

[21:40:59] Scan #1413
  636 USD pairs found
  636 tickers fetched
  F&G: 35 (Fear) | Market 24h: +1.2% | BTC dom: 58.4% [cache]
  At max positions (3/3)
  Positions (3/3):
    SHAPE: entry $0.0009 → $0.0008 (-13.2%)
    KTA: entry $0.1623 → $0.1532 (-5.6%)
    LRC: entry $0.0252 → $0.0241 (-4.3%)

[21:46:08] Scan #1414
  636 USD pairs found
  636 tickers fetched
  F&G: 35 (Fear) | Market 24h: +1.0% | BTC dom: 58.4% [cache]
  At max positions (3/3)
  Positions (3/3):
    SHAPE: entry $0.0009 → $0.0008 (-13.2%)
    KTA: entry $0.1623 → $0.1534 (-5.5%)
    LRC: entry $0.0252 → $0.0241 (-4.3%)

[21:51:18] Scan #1415
  636 USD pairs found
  636 tickers fetched
  F&G: 35 (Fear) | Market 24h: +0.9% | BTC dom: 58.4% [cache]
  At max positions (3/3)
  Positions (3/3):
    SHAPE: entry $0.0009 → $0.0008 (-11.0%)
    KTA: entry $0.1623 → $0.1534 (-5.5%)
    LRC: entry $0.0252 → $0.0241 (-4.3%)

[21:56:27] Scan #1416
  636 USD pairs found
  636 tickers fetched
  F&G: 35 (Fear) | Market 24h: +0.9% | BTC dom: 58.4% [cache]
  At max positions (3/3)
  Positions (3/3):
    SHAPE: entry $0.0009 → $0.0008 (-12.1%)
    KTA: entry $0.1623 → $0.1534 (-5.5%)
    LRC: entry $0.0252 → $0.0243 (-3.7%)

[22:01:36] Scan #1417
  636 USD pairs found
  636 tickers fetched
  F&G: 35 (Fear) | Market 24h: +0.9% | BTC dom: 58.4% [cache]
  At max positions (3/3)
  Positions (3/3):
    SHAPE: entry $0.0009 → $0.0008 (-12.1%)
    KTA: entry $0.1623 → $0.1534 (-5.5%)
    LRC: entry $0.0252 → $0.0245 (-2.6%)

[22:06:46] Scan #1418
  636 USD pairs found
  636 tickers fetched
  F&G: 35 (Fear) | Market 24h: +0.9% | BTC dom: 58.4% [cache]
  At max positions (3/3)
  Positions (3/3):
    SHAPE: entry $0.0009 → $0.0008 (-12.1%)
    KTA: entry $0.1623 → $0.1533 (-5.5%)
    LRC: entry $0.0252 → $0.0245 (-2.6%)

[22:11:55] Scan #1419
  636 USD pairs found
  636 tickers fetched
  F&G: 35 (Fear) | Market 24h: +0.7% | BTC dom: 58.4% [cache]
  At max positions (3/3)
  Positions (3/3):
    SHAPE: entry $0.0009 → $0.0008 (-11.0%)
    KTA: entry $0.1623 → $0.1533 (-5.5%)
    LRC: entry $0.0252 → $0.0245 (-2.6%)

[22:17:04] Scan #1420
  636 USD pairs found
  636 tickers fetched
  F&G: 35 (Fear) | Market 24h: +0.6% | BTC dom: 58.4% [cache]
  At max positions (3/3)
  Positions (3/3):
    SHAPE: entry $0.0009 → $0.0008 (-9.9%)
    KTA: entry $0.1623 → $0.1533 (-5.5%)
    LRC: entry $0.0252 → $0.0245 (-2.6%)

[22:22:14] Scan #1421
  636 USD pairs found
  636 tickers fetched
  F&G: 35 (Fear) | Market 24h: +0.7% | BTC dom: 58.3% [cache]
  At max positions (3/3)
  Positions (3/3):
    SHAPE: entry $0.0009 → $0.0008 (-9.9%)
    KTA: entry $0.1623 → $0.1533 (-5.5%)
    LRC: entry $0.0252 → $0.0245 (-2.6%)

[22:27:23] Scan #1422
  636 USD pairs found
  636 tickers fetched
  F&G: 35 (Fear) | Market 24h: +0.8% | BTC dom: 58.3% [cache]
  At max positions (3/3)
  Positions (3/3):
    SHAPE: entry $0.0009 → $0.0008 (-9.9%)
    KTA: entry $0.1623 → $0.1533 (-5.5%)
    LRC: entry $0.0252 → $0.0244 (-3.4%)

[22:32:32] Scan #1423
  636 USD pairs found
  636 tickers fetched
  F&G: 35 (Fear) | Market 24h: +0.9% | BTC dom: 58.4% [cache]
  At max positions (3/3)
  Positions (3/3):
    SHAPE: entry $0.0009 → $0.0008 (-9.9%)
    KTA: entry $0.1623 → $0.1533 (-5.5%)
    LRC: entry $0.0252 → $0.0244 (-3.2%)

[22:37:41] Scan #1424
  636 USD pairs found
  636 tickers fetched
  F&G: 35 (Fear) | Market 24h: +1.2% | BTC dom: 58.4% [cache]
  At max positions (3/3)
  Positions (3/3):
    SHAPE: entry $0.0009 → $0.0008 (-9.9%)
    KTA: entry $0.1623 → $0.1535 (-5.4%)
    LRC: entry $0.0252 → $0.0244 (-3.2%)

[22:42:50] Scan #1425
  636 USD pairs found
  636 tickers fetched
  F&G: 35 (Fear) | Market 24h: +1.3% | BTC dom: 58.4% [cache]
  At max positions (3/3)
  Positions (3/3):
    SHAPE: entry $0.0009 → $0.0008 (-13.2%)
    KTA: entry $0.1623 → $0.1535 (-5.4%)
    LRC: entry $0.0252 → $0.0244 (-3.2%)

[22:48:00] Scan #1426
  636 USD pairs found
  636 tickers fetched
  F&G: 35 (Fear) | Market 24h: +1.4% | BTC dom: 58.5% [cache]
  At max positions (3/3)
  Positions (3/3):
    SHAPE: entry $0.0009 → $0.0008 (-11.0%)
    KTA: entry $0.1623 → $0.1535 (-5.4%)
    LRC: entry $0.0252 → $0.0243 (-3.5%)

[22:53:09] Scan #1427
  636 USD pairs found
  636 tickers fetched
  F&G: 35 (Fear) | Market 24h: +1.4% | BTC dom: 58.4% [cache]
  At max positions (3/3)
  Positions (3/3):
    SHAPE: entry $0.0009 → $0.0008 (-12.1%)
    KTA: entry $0.1623 → $0.1535 (-5.4%)
    LRC: entry $0.0252 → $0.0243 (-3.5%)

[22:58:18] Scan #1428
  636 USD pairs found
  636 tickers fetched
  F&G: 36 (Fear) | Market 24h: +1.3% | BTC dom: 58.4% [cache]
  At max positions (3/3)
  Positions (3/3):
    SHAPE: entry $0.0009 → $0.0008 (-12.1%)
    KTA: entry $0.1623 → $0.1527 (-5.9%)
    LRC: entry $0.0252 → $0.0243 (-3.5%)

[23:03:28] Scan #1429
  636 USD pairs found
  636 tickers fetched
  F&G: 36 (Fear) | Market 24h: +1.2% | BTC dom: 58.4% [cache]
  At max positions (3/3)
  Positions (3/3):
    SHAPE: entry $0.0009 → $0.0008 (-12.1%)
    KTA: entry $0.1623 → $0.1527 (-5.9%)
    LRC: entry $0.0252 → $0.0243 (-3.5%)

[23:08:37] Scan #1430
  636 USD pairs found
  636 tickers fetched
  F&G: 36 (Fear) | Market 24h: +1.4% | BTC dom: 58.4% [cache]
  At max positions (3/3)
  Positions (3/3):
    SHAPE: entry $0.0009 → $0.0008 (-12.1%)
    KTA: entry $0.1623 → $0.1527 (-5.9%)
    LRC: entry $0.0252 → $0.0244 (-3.0%)

[23:13:46] Scan #1431
  636 USD pairs found
  636 tickers fetched
  F&G: 36 (Fear) | Market 24h: +1.3% | BTC dom: 58.4% [cache]
  At max positions (3/3)
  Positions (3/3):
    SHAPE: entry $0.0009 → $0.0008 (-12.1%)
    KTA: entry $0.1623 → $0.1529 (-5.8%)
    LRC: entry $0.0252 → $0.0245 (-2.7%)

[23:18:55] Scan #1432
  636 USD pairs found
  636 tickers fetched
  F&G: 36 (Fear) | Market 24h: +1.1% | BTC dom: 58.4% [cache]
  At max positions (3/3)
  Positions (3/3):
    SHAPE: entry $0.0009 → $0.0008 (-13.2%)
    KTA: entry $0.1623 → $0.1530 (-5.7%)
    LRC: entry $0.0252 → $0.0245 (-2.8%)

[23:24:05] Scan #1433
  636 USD pairs found
  636 tickers fetched
  F&G: 36 (Fear) | Market 24h: +1.0% | BTC dom: 58.4% [cache]
  At max positions (3/3)
  Positions (3/3):
    SHAPE: entry $0.0009 → $0.0008 (-14.3%)
    KTA: entry $0.1623 → $0.1530 (-5.7%)
    LRC: entry $0.0252 → $0.0245 (-2.8%)

[23:29:14] Scan #1434
  636 USD pairs found
  636 tickers fetched
  F&G: 35 (Fear) | Market 24h: +0.9% | BTC dom: 58.4% [cache]
  At max positions (3/3)
  Positions (3/3):
    SHAPE: entry $0.0009 → $0.0008 (-14.3%)
    KTA: entry $0.1623 → $0.1531 (-5.7%)
    LRC: entry $0.0252 → $0.0245 (-2.8%)

[23:34:23] Scan #1435
  636 USD pairs found
  636 tickers fetched
  F&G: 35 (Fear) | Market 24h: +0.9% | BTC dom: 58.4% [cache]
  At max positions (3/3)
  Positions (3/3):
    SHAPE: entry $0.0009 → $0.0008 (-13.2%)
    KTA: entry $0.1623 → $0.1531 (-5.7%)
    LRC: entry $0.0252 → $0.0245 (-2.8%)

[23:39:32] Scan #1436
  636 USD pairs found
  636 tickers fetched
  F&G: 35 (Fear) | Market 24h: +0.7% | BTC dom: 58.4% [cache]
  At max positions (3/3)
  Positions (3/3):
    SHAPE: entry $0.0009 → $0.0008 (-13.2%)
    KTA: entry $0.1623 → $0.1527 (-5.9%)
    LRC: entry $0.0252 → $0.0245 (-2.8%)

[23:44:41] Scan #1437
  636 USD pairs found
  636 tickers fetched
  F&G: 36 (Fear) | Market 24h: +0.7% | BTC dom: 58.4% [cache]
  At max positions (3/3)
  Positions (3/3):
    SHAPE: entry $0.0009 → $0.0008 (-14.3%)
    KTA: entry $0.1623 → $0.1531 (-5.7%)
    LRC: entry $0.0252 → $0.0245 (-2.8%)

[23:49:51] Scan #1438
  636 USD pairs found
  636 tickers fetched
  F&G: 36 (Fear) | Market 24h: +0.8% | BTC dom: 58.4% [cache]
  At max positions (3/3)
  Positions (3/3):
    SHAPE: entry $0.0009 → $0.0008 (-14.3%)
    KTA: entry $0.1623 → $0.1525 (-6.0%)
    LRC: entry $0.0252 → $0.0244 (-3.1%)

[23:55:00] Scan #1439
  636 USD pairs found
  636 tickers fetched
  F&G: 35 (Fear) | Market 24h: +0.8% | BTC dom: 58.4% [cache]
  At max positions (3/3)
  Positions (3/3):
    SHAPE: entry $0.0009 → $0.0008 (-14.3%)
    KTA: entry $0.1623 → $0.1525 (-6.0%)
    LRC: entry $0.0252 → $0.0244 (-3.1%)

[00:00:09] Scan #1440
  636 USD pairs found
  636 tickers fetched
  F&G: 35 (Fear) | Market 24h: +1.0% | BTC dom: 58.4% [cache]
  At max positions (3/3)
  Positions (3/3):
    SHAPE: entry $0.0009 → $0.0008 (-11.0%)
    KTA: entry $0.1623 → $0.1532 (-5.6%)
    LRC: entry $0.0252 → $0.0244 (-3.1%)

[00:05:18] Scan #1441
  636 USD pairs found
  636 tickers fetched
  F&G: 35 (Fear) | Market 24h: +1.0% | BTC dom: 58.4% [cache]
  At max positions (3/3)
  Positions (3/3):
    SHAPE: entry $0.0009 → $0.0008 (-9.9%)
    KTA: entry $0.1623 → $0.1532 (-5.6%)
    LRC: entry $0.0252 → $0.0244 (-3.1%)

[00:10:28] Scan #1442
  636 USD pairs found
  636 tickers fetched
  F&G: 36 (Fear) | Market 24h: +0.8% | BTC dom: 58.4% [cache]
  At max positions (3/3)
  Positions (3/3):
    SHAPE: entry $0.0009 → $0.0008 (-9.9%)
    KTA: entry $0.1623 → $0.1531 (-5.7%)
    LRC: entry $0.0252 → $0.0244 (-3.1%)

[00:15:37] Scan #1443
  636 USD pairs found
  636 tickers fetched
  F&G: 36 (Fear) | Market 24h: +0.6% | BTC dom: 58.4% [cache]
  At max positions (3/3)
  Positions (3/3):
    SHAPE: entry $0.0009 → $0.0008 (-9.9%)
    KTA: entry $0.1623 → $0.1531 (-5.7%)
    LRC: entry $0.0252 → $0.0244 (-3.1%)

[00:20:46] Scan #1444
  636 USD pairs found
  636 tickers fetched
  F&G: 36 (Fear) | Market 24h: +0.8% | BTC dom: 58.4% [cache]
  At max positions (3/3)
  Positions (3/3):
    SHAPE: entry $0.0009 → $0.0008 (-9.9%)
    KTA: entry $0.1623 → $0.1526 (-6.0%)
    LRC: entry $0.0252 → $0.0244 (-3.0%)

[00:25:56] Scan #1445
  636 USD pairs found
  636 tickers fetched
  F&G: 36 (Fear) | Market 24h: +0.8% | BTC dom: 58.4% [cache]
  At max positions (3/3)
  Positions (3/3):
    SHAPE: entry $0.0009 → $0.0008 (-11.0%)
    KTA: entry $0.1623 → $0.1526 (-6.0%)
    LRC: entry $0.0252 → $0.0243 (-3.8%)

[00:31:05] Scan #1446
  636 USD pairs found
  636 tickers fetched
  F&G: 36 (Fear) | Market 24h: +0.7% | BTC dom: 58.4% [cache]
  At max positions (3/3)
  Positions (3/3):
    SHAPE: entry $0.0009 → $0.0008 (-12.1%)
    KTA: entry $0.1623 → $0.1526 (-6.0%)
    LRC: entry $0.0252 → $0.0242 (-4.0%)

[00:36:14] Scan #1447
  636 USD pairs found
  636 tickers fetched
  F&G: 36 (Fear) | Market 24h: +0.7% | BTC dom: 58.4% [cache]
  At max positions (3/3)
  Positions (3/3):
    SHAPE: entry $0.0009 → $0.0008 (-15.4%)
    KTA: entry $0.1623 → $0.1526 (-6.0%)
    LRC: entry $0.0252 → $0.0242 (-4.0%)

[00:41:23] Scan #1448
  636 USD pairs found
  636 tickers fetched
  F&G: 36 (Fear) | Market 24h: +0.6% | BTC dom: 58.4% [cache]
  At max positions (3/3)
  Positions (3/3):
    SHAPE: entry $0.0009 → $0.0008 (-14.3%)
    KTA: entry $0.1623 → $0.1526 (-6.0%)
    LRC: entry $0.0252 → $0.0242 (-4.0%)

[00:46:33] Scan #1449
  636 USD pairs found
  636 tickers fetched
  F&G: 36 (Fear) | Market 24h: +0.4% | BTC dom: 58.5% [cache]
  At max positions (3/3)
  Positions (3/3):
    SHAPE: entry $0.0009 → $0.0008 (-14.3%)
    KTA: entry $0.1623 → $0.1526 (-6.0%)
    LRC: entry $0.0252 → $0.0242 (-4.0%)

[00:51:42] Scan #1450
  636 USD pairs found
  636 tickers fetched
  F&G: 36 (Fear) | Market 24h: +0.5% | BTC dom: 58.5% [cache]
  At max positions (3/3)
  Positions (3/3):
    SHAPE: entry $0.0009 → $0.0008 (-14.3%)
    KTA: entry $0.1623 → $0.1526 (-6.0%)
    LRC: entry $0.0252 → $0.0242 (-4.0%)

[00:56:51] Scan #1451
  636 USD pairs found
  636 tickers fetched
  F&G: 36 (Fear) | Market 24h: +0.4% | BTC dom: 58.4% [cache]
  At max positions (3/3)
  Positions (3/3):
    SHAPE: entry $0.0009 → $0.0008 (-14.3%)
    KTA: entry $0.1623 → $0.1521 (-6.3%)
    LRC: entry $0.0252 → $0.0242 (-4.0%)

[01:02:01] Scan #1452
  636 USD pairs found
  636 tickers fetched
  F&G: 36 (Fear) | Market 24h: +0.4% | BTC dom: 58.5% [cache]
  At max positions (3/3)
  Positions (3/3):
    SHAPE: entry $0.0009 → $0.0008 (-14.3%)
    KTA: entry $0.1623 → $0.1516 (-6.6%)
    LRC: entry $0.0252 → $0.0242 (-4.0%)

[01:07:10] Scan #1453
  636 USD pairs found
  636 tickers fetched
  F&G: 36 (Fear) | Market 24h: +0.5% | BTC dom: 58.5% [cache]
  At max positions (3/3)
  Positions (3/3):
    SHAPE: entry $0.0009 → $0.0008 (-14.3%)
    KTA: entry $0.1623 → $0.1517 (-6.5%)
    LRC: entry $0.0252 → $0.0241 (-4.4%)

[01:12:19] Scan #1454
  636 USD pairs found
  636 tickers fetched
  F&G: 36 (Fear) | Market 24h: +0.5% | BTC dom: 58.4% [cache]
  At max positions (3/3)
  Positions (3/3):
    SHAPE: entry $0.0009 → $0.0008 (-12.1%)
    KTA: entry $0.1623 → $0.1517 (-6.5%)
    LRC: entry $0.0252 → $0.0240 (-4.7%)

[01:17:28] Scan #1455
  636 USD pairs found
  636 tickers fetched
  F&G: 36 (Fear) | Market 24h: +0.5% | BTC dom: 58.4% [cache]
  At max positions (3/3)
  Positions (3/3):
    SHAPE: entry $0.0009 → $0.0008 (-12.1%)
    KTA: entry $0.1623 → $0.1518 (-6.5%)
    LRC: entry $0.0252 → $0.0241 (-4.4%)

[01:22:38] Scan #1456
  636 USD pairs found
  636 tickers fetched
  F&G: 36 (Fear) | Market 24h: +0.5% | BTC dom: 58.4% [cache]
  At max positions (3/3)
  Positions (3/3):
    SHAPE: entry $0.0009 → $0.0008 (-12.1%)
    KTA: entry $0.1623 → $0.1516 (-6.6%)
    LRC: entry $0.0252 → $0.0242 (-4.0%)

[01:27:47] Scan #1457
  636 USD pairs found
  636 tickers fetched
  F&G: 36 (Fear) | Market 24h: +0.6% | BTC dom: 58.4% [cache]
  At max positions (3/3)
  Positions (3/3):
    SHAPE: entry $0.0009 → $0.0008 (-12.1%)
    KTA: entry $0.1623 → $0.1517 (-6.5%)
    LRC: entry $0.0252 → $0.0242 (-4.0%)

[01:32:56] Scan #1458
  636 USD pairs found
  636 tickers fetched
  F&G: 36 (Fear) | Market 24h: +0.6% | BTC dom: 58.4% [cache]
  At max positions (3/3)
  Positions (3/3):
    SHAPE: entry $0.0009 → $0.0008 (-12.1%)
    KTA: entry $0.1623 → $0.1516 (-6.6%)
    LRC: entry $0.0252 → $0.0242 (-4.0%)

[01:38:05] Scan #1459
  636 USD pairs found
  636 tickers fetched
  F&G: 36 (Fear) | Market 24h: +0.7% | BTC dom: 58.4% [cache]
  At max positions (3/3)
  Positions (3/3):
    SHAPE: entry $0.0009 → $0.0008 (-12.1%)
    KTA: entry $0.1623 → $0.1517 (-6.5%)
    LRC: entry $0.0252 → $0.0242 (-4.0%)

[01:43:14] Scan #1460
  636 USD pairs found
  636 tickers fetched
  F&G: 36 (Fear) | Market 24h: +0.7% | BTC dom: 58.4% [cache]
  At max positions (3/3)
  Positions (3/3):
    SHAPE: entry $0.0009 → $0.0008 (-14.3%)
    KTA: entry $0.1623 → $0.1517 (-6.5%)
    LRC: entry $0.0252 → $0.0244 (-3.3%)

[01:48:24] Scan #1461
  636 USD pairs found
  636 tickers fetched
  F&G: 36 (Fear) | Market 24h: +0.6% | BTC dom: 58.4% [cache]
  At max positions (3/3)
  Positions (3/3):
    SHAPE: entry $0.0009 → $0.0008 (-14.3%)
    KTA: entry $0.1623 → $0.1517 (-6.5%)
    LRC: entry $0.0252 → $0.0244 (-3.3%)

[01:53:33] Scan #1462
  636 USD pairs found
  636 tickers fetched
  F&G: 36 (Fear) | Market 24h: +0.5% | BTC dom: 58.4% [cache]
  At max positions (3/3)
  Positions (3/3):
    SHAPE: entry $0.0009 → $0.0008 (-14.3%)
    KTA: entry $0.1623 → $0.1518 (-6.5%)
    LRC: entry $0.0252 → $0.0243 (-3.4%)

[01:58:42] Scan #1463
  636 USD pairs found
  636 tickers fetched
  F&G: 36 (Fear) | Market 24h: +0.5% | BTC dom: 58.4% [cache]
  At max positions (3/3)
  Positions (3/3):
    SHAPE: entry $0.0009 → $0.0008 (-11.0%)
    KTA: entry $0.1623 → $0.1518 (-6.5%)
    LRC: entry $0.0252 → $0.0244 (-3.3%)

[02:03:51] Scan #1464
  636 USD pairs found
  636 tickers fetched
  F&G: 36 (Fear) | Market 24h: +0.6% | BTC dom: 58.4% [cache]
  At max positions (3/3)
  Positions (3/3):
    SHAPE: entry $0.0009 → $0.0008 (-12.1%)
    KTA: entry $0.1623 → $0.1518 (-6.5%)
    LRC: entry $0.0252 → $0.0244 (-3.0%)

[02:09:00] Scan #1465
  636 USD pairs found
  636 tickers fetched
  F&G: 36 (Fear) | Market 24h: +0.7% | BTC dom: 58.4% [cache]
  At max positions (3/3)
  Positions (3/3):
    SHAPE: entry $0.0009 → $0.0008 (-11.0%)
    KTA: entry $0.1623 → $0.1518 (-6.5%)
    LRC: entry $0.0252 → $0.0244 (-3.2%)

[02:14:10] Scan #1466
  636 USD pairs found
  636 tickers fetched
  F&G: 36 (Fear) | Market 24h: +0.6% | BTC dom: 58.4% [cache]
  At max positions (3/3)
  Positions (3/3):
    SHAPE: entry $0.0009 → $0.0008 (-8.8%)
    KTA: entry $0.1623 → $0.1518 (-6.5%)
    LRC: entry $0.0252 → $0.0244 (-3.2%)

[02:19:19] Scan #1467
  636 USD pairs found
  636 tickers fetched
  F&G: 36 (Fear) | Market 24h: +0.7% | BTC dom: 58.4% [cache]
  At max positions (3/3)
  Positions (3/3):
    SHAPE: entry $0.0009 → $0.0008 (-7.7%)
    KTA: entry $0.1623 → $0.1518 (-6.5%)
    LRC: entry $0.0252 → $0.0244 (-3.2%)

[02:24:28] Scan #1468
  636 USD pairs found
  636 tickers fetched
  F&G: 36 (Fear) | Market 24h: +0.4% | BTC dom: 58.4% [cache]
  At max positions (3/3)
  Positions (3/3):
    SHAPE: entry $0.0009 → $0.0008 (-12.1%)
    KTA: entry $0.1623 → $0.1517 (-6.5%)
    LRC: entry $0.0252 → $0.0245 (-2.9%)

[02:29:37] Scan #1469
  636 USD pairs found
  636 tickers fetched
  F&G: 35 (Fear) | Market 24h: +0.4% | BTC dom: 58.4% [cache]
  At max positions (3/3)
  Positions (3/3):
    SHAPE: entry $0.0009 → $0.0008 (-12.1%)
    KTA: entry $0.1623 → $0.1506 (-7.2%)
    LRC: entry $0.0252 → $0.0244 (-3.3%)

[02:34:46] Scan #1470
  636 USD pairs found
  636 tickers fetched
  F&G: 35 (Fear) | Market 24h: +0.4% | BTC dom: 58.4% [cache]
  At max positions (3/3)
  Positions (3/3):
    SHAPE: entry $0.0009 → $0.0008 (-12.1%)
    KTA: entry $0.1623 → $0.1513 (-6.8%)
    LRC: entry $0.0252 → $0.0244 (-3.3%)

[02:39:55] Scan #1471
  636 USD pairs found
  636 tickers fetched
  F&G: 35 (Fear) | Market 24h: +0.2% | BTC dom: 58.4% [cache]
  At max positions (3/3)
  Positions (3/3):
    SHAPE: entry $0.0009 → $0.0008 (-13.2%)
    KTA: entry $0.1623 → $0.1513 (-6.8%)
    LRC: entry $0.0252 → $0.0242 (-4.0%)

[02:45:05] Scan #1472
  636 USD pairs found
  636 tickers fetched
  F&G: 34 (Fear) | Market 24h: +0.1% | BTC dom: 58.4% [cache]
  At max positions (3/3)
  Positions (3/3):
    SHAPE: entry $0.0009 → $0.0008 (-11.0%)
    KTA: entry $0.1623 → $0.1513 (-6.8%)
    LRC: entry $0.0252 → $0.0241 (-4.5%)

[02:50:14] Scan #1473
  636 USD pairs found
  636 tickers fetched
  F&G: 34 (Fear) | Market 24h: +0.1% | BTC dom: 58.4% [cache]
  At max positions (3/3)
  Positions (3/3):
    SHAPE: entry $0.0009 → $0.0008 (-9.9%)
    KTA: entry $0.1623 → $0.1513 (-6.8%)
    LRC: entry $0.0252 → $0.0241 (-4.5%)

[02:55:23] Scan #1474
  636 USD pairs found
  636 tickers fetched
  F&G: 34 (Fear) | Market 24h: +0.1% | BTC dom: 58.4% [cache]
  At max positions (3/3)
  Positions (3/3):
    SHAPE: entry $0.0009 → $0.0008 (-8.8%)
    KTA: entry $0.1623 → $0.1513 (-6.8%)
    LRC: entry $0.0252 → $0.0241 (-4.5%)

[03:00:32] Scan #1475
  636 USD pairs found
  636 tickers fetched
  F&G: 35 (Fear) | Market 24h: +0.2% | BTC dom: 58.4% [cache]
  At max positions (3/3)
  Positions (3/3):
    SHAPE: entry $0.0009 → $0.0008 (-8.8%)
    KTA: entry $0.1623 → $0.1513 (-6.8%)
    LRC: entry $0.0252 → $0.0241 (-4.5%)

[03:05:42] Scan #1476
  636 USD pairs found
  636 tickers fetched
  F&G: 35 (Fear) | Market 24h: +0.3% | BTC dom: 58.4% [cache]
  At max positions (3/3)
  Positions (3/3):
    SHAPE: entry $0.0009 → $0.0008 (-12.1%)
    KTA: entry $0.1623 → $0.1514 (-6.7%)
    LRC: entry $0.0252 → $0.0243 (-3.8%)

[03:10:51] Scan #1477
  636 USD pairs found
  636 tickers fetched
  F&G: 35 (Fear) | Market 24h: +0.2% | BTC dom: 58.4% [cache]
  At max positions (3/3)
  Positions (3/3):
    SHAPE: entry $0.0009 → $0.0008 (-9.9%)
    KTA: entry $0.1623 → $0.1514 (-6.7%)
    LRC: entry $0.0252 → $0.0243 (-3.7%)

[03:16:00] Scan #1478
  636 USD pairs found
  636 tickers fetched
  F&G: 34 (Fear) | Market 24h: +0.4% | BTC dom: 58.4% [cache]
  At max positions (3/3)
  Positions (3/3):
    SHAPE: entry $0.0009 → $0.0008 (-8.8%)
    KTA: entry $0.1623 → $0.1514 (-6.7%)
    LRC: entry $0.0252 → $0.0243 (-3.7%)

[03:21:09] Scan #1479
  636 USD pairs found
  636 tickers fetched
  F&G: 34 (Fear) | Market 24h: +0.6% | BTC dom: 58.4% [cache]
  At max positions (3/3)
  Positions (3/3):
    SHAPE: entry $0.0009 → $0.0008 (-8.8%)
    KTA: entry $0.1623 → $0.1514 (-6.7%)
    LRC: entry $0.0252 → $0.0243 (-3.7%)

[03:26:18] Scan #1480
  636 USD pairs found
  636 tickers fetched
  F&G: 34 (Fear) | Market 24h: +0.5% | BTC dom: 58.4% [cache]
  At max positions (3/3)
  Positions (3/3):
    SHAPE: entry $0.0009 → $0.0008 (-9.9%)
    KTA: entry $0.1623 → $0.1514 (-6.7%)
    LRC: entry $0.0252 → $0.0243 (-3.7%)

[03:31:28] Scan #1481
  636 USD pairs found
  636 tickers fetched
  F&G: 35 (Fear) | Market 24h: +0.4% | BTC dom: 58.4% [cache]
  At max positions (3/3)
  Positions (3/3):
    SHAPE: entry $0.0009 → $0.0008 (-11.0%)
    KTA: entry $0.1623 → $0.1514 (-6.7%)
    LRC: entry $0.0252 → $0.0241 (-4.4%)

[03:36:37] Scan #1482
  636 USD pairs found
  636 tickers fetched
  F&G: 35 (Fear) | Market 24h: +0.1% | BTC dom: 58.4% [cache]
  At max positions (3/3)
  Positions (3/3):
    SHAPE: entry $0.0009 → $0.0008 (-7.7%)
    KTA: entry $0.1623 → $0.1507 (-7.1%)
    LRC: entry $0.0252 → $0.0242 (-3.9%)

[03:41:46] Scan #1483
  636 USD pairs found
  636 tickers fetched
  F&G: 35 (Fear) | Market 24h: +0.1% | BTC dom: 58.4% [cache]
  At max positions (3/3)
  Positions (3/3):
    SHAPE: entry $0.0009 → $0.0008 (-8.8%)
    KTA: entry $0.1623 → $0.1507 (-7.1%)
    LRC: entry $0.0252 → $0.0241 (-4.3%)

[03:46:56] Scan #1484
  636 USD pairs found
  636 tickers fetched
  F&G: 34 (Fear) | Market 24h: +0.1% | BTC dom: 58.4% [cache]
  At max positions (3/3)
  Positions (3/3):
    SHAPE: entry $0.0009 → $0.0008 (-8.8%)
    KTA: entry $0.1623 → $0.1512 (-6.8%)
    LRC: entry $0.0252 → $0.0241 (-4.4%)

[03:52:05] Scan #1485
  636 USD pairs found
  636 tickers fetched
  F&G: 34 (Fear) | Market 24h: +0.1% | BTC dom: 58.4% [cache]
  At max positions (3/3)
  Positions (3/3):
    SHAPE: entry $0.0009 → $0.0008 (-11.0%)
    KTA: entry $0.1623 → $0.1512 (-6.8%)
    LRC: entry $0.0252 → $0.0242 (-4.0%)

[03:57:15] Scan #1486
  636 USD pairs found
  636 tickers fetched
  F&G: 34 (Fear) | Market 24h: +0.1% | BTC dom: 58.4% [cache]
  At max positions (3/3)
  Positions (3/3):
    SHAPE: entry $0.0009 → $0.0008 (-8.8%)
    KTA: entry $0.1623 → $0.1512 (-6.8%)
    LRC: entry $0.0252 → $0.0241 (-4.4%)

[04:02:24] Scan #1487
  636 USD pairs found
  636 tickers fetched
  F&G: 34 (Fear) | Market 24h: +0.1% | BTC dom: 58.4% [cache]
  At max positions (3/3)
  Positions (3/3):
    SHAPE: entry $0.0009 → $0.0008 (-6.6%)
    KTA: entry $0.1623 → $0.1511 (-6.9%)
    LRC: entry $0.0252 → $0.0242 (-3.8%)

[04:07:33] Scan #1488
  636 USD pairs found
  636 tickers fetched
  F&G: 34 (Fear) | Market 24h: +0.0% | BTC dom: 58.4% [cache]
  At max positions (3/3)
  Positions (3/3):
    SHAPE: entry $0.0009 → $0.0008 (-8.8%)
    KTA: entry $0.1623 → $0.1506 (-7.2%)
    LRC: entry $0.0252 → $0.0242 (-3.8%)

[04:12:43] Scan #1489
  636 USD pairs found
  636 tickers fetched
  F&G: 34 (Fear) | Market 24h: -0.1% | BTC dom: 58.4% [cache]
  At max positions (3/3)
  Positions (3/3):
    SHAPE: entry $0.0009 → $0.0008 (-6.6%)
    KTA: entry $0.1623 → $0.1506 (-7.2%)
    LRC: entry $0.0252 → $0.0239 (-5.1%)

[04:17:52] Scan #1490
  636 USD pairs found
  636 tickers fetched
  F&G: 34 (Fear) | Market 24h: -0.2% | BTC dom: 58.4% [cache]
  At max positions (3/3)
  Positions (3/3):
    SHAPE: entry $0.0009 → $0.0008 (-11.0%)
    KTA: entry $0.1623 → $0.1506 (-7.2%)
    LRC: entry $0.0252 → $0.0239 (-5.1%)

[04:23:01] Scan #1491
  636 USD pairs found
  636 tickers fetched
  F&G: 34 (Fear) | Market 24h: -0.2% | BTC dom: 58.4% [cache]
  At max positions (3/3)
  Positions (3/3):
    SHAPE: entry $0.0009 → $0.0008 (-8.8%)
    KTA: entry $0.1623 → $0.1506 (-7.2%)
    LRC: entry $0.0252 → $0.0238 (-5.5%)

[04:28:10] Scan #1492
  636 USD pairs found
  636 tickers fetched
  F&G: 34 (Fear) | Market 24h: -0.1% | BTC dom: 58.4% [cache]
  At max positions (3/3)
  Positions (3/3):
    SHAPE: entry $0.0009 → $0.0008 (-9.9%)
    KTA: entry $0.1623 → $0.1506 (-7.2%)
    LRC: entry $0.0252 → $0.0238 (-5.5%)

[04:33:19] Scan #1493
  636 USD pairs found
  636 tickers fetched
  F&G: 34 (Fear) | Market 24h: -0.1% | BTC dom: 58.4% [cache]
  At max positions (3/3)
  Positions (3/3):
    SHAPE: entry $0.0009 → $0.0008 (-9.9%)
    KTA: entry $0.1623 → $0.1506 (-7.2%)
    LRC: entry $0.0252 → $0.0238 (-5.5%)

[04:38:29] Scan #1494
  636 USD pairs found
  636 tickers fetched
  F&G: 34 (Fear) | Market 24h: -0.0% | BTC dom: 58.4% [cache]
  At max positions (3/3)
  Positions (3/3):
    SHAPE: entry $0.0009 → $0.0008 (-9.9%)
    KTA: entry $0.1623 → $0.1506 (-7.2%)
    LRC: entry $0.0252 → $0.0238 (-5.5%)

[04:43:38] Scan #1495
  636 USD pairs found
  636 tickers fetched
  F&G: 35 (Fear) | Market 24h: +0.0% | BTC dom: 58.4% [cache]
  At max positions (3/3)
  Positions (3/3):
    SHAPE: entry $0.0009 → $0.0008 (-8.8%)
    KTA: entry $0.1623 → $0.1504 (-7.3%)
    LRC: entry $0.0252 → $0.0239 (-5.0%)

[04:48:47] Scan #1496
  636 USD pairs found
  636 tickers fetched
  F&G: 35 (Fear) | Market 24h: +0.0% | BTC dom: 58.4% [cache]
  At max positions (3/3)
  Positions (3/3):
    SHAPE: entry $0.0009 → $0.0008 (-9.9%)
    KTA: entry $0.1623 → $0.1500 (-7.6%)
    LRC: entry $0.0252 → $0.0239 (-5.0%)

[04:53:56] Scan #1497
  636 USD pairs found
  636 tickers fetched
  F&G: 35 (Fear) | Market 24h: +0.1% | BTC dom: 58.4% [cache]
  At max positions (3/3)
  Positions (3/3):
    SHAPE: entry $0.0009 → $0.0008 (-9.9%)
    KTA: entry $0.1623 → $0.1500 (-7.6%)
    LRC: entry $0.0252 → $0.0241 (-4.2%)

[04:59:06] Scan #1498
  636 USD pairs found
  636 tickers fetched
  F&G: 35 (Fear) | Market 24h: -0.1% | BTC dom: 58.4% [cache]
  At max positions (3/3)
  Positions (3/3):
    SHAPE: entry $0.0009 → $0.0008 (-9.9%)
    KTA: entry $0.1623 → $0.1500 (-7.6%)
    LRC: entry $0.0252 → $0.0243 (-3.5%)

[05:04:15] Scan #1499
  636 USD pairs found
  636 tickers fetched
  F&G: 35 (Fear) | Market 24h: -0.3% | BTC dom: 58.4% [cache]
  At max positions (3/3)
  Positions (3/3):
    SHAPE: entry $0.0009 → $0.0008 (-9.9%)
    KTA: entry $0.1623 → $0.1500 (-7.6%)
    LRC: entry $0.0252 → $0.0247 (-2.0%)

[05:09:24] Scan #1500
  636 USD pairs found
  636 tickers fetched
  F&G: 35 (Fear) | Market 24h: -0.5% | BTC dom: 58.4% [cache]
  At max positions (3/3)
  Positions (3/3):
    SHAPE: entry $0.0009 → $0.0008 (-9.9%)
    KTA: entry $0.1623 → $0.1500 (-7.6%)
    LRC: entry $0.0252 → $0.0245 (-2.8%)

[05:14:33] Scan #1501
  636 USD pairs found
  636 tickers fetched
  F&G: 34 (Fear) | Market 24h: -0.9% | BTC dom: 58.4% [cache]
  At max positions (3/3)
  Positions (3/3):
    SHAPE: entry $0.0009 → $0.0008 (-11.0%)
    KTA: entry $0.1623 → $0.1505 (-7.3%)
    LRC: entry $0.0252 → $0.0248 (-1.5%)

[05:19:42] Scan #1502
  636 USD pairs found
  636 tickers fetched
  F&G: 34 (Fear) | Market 24h: -0.8% | BTC dom: 58.4% [cache]
  At max positions (3/3)
  Positions (3/3):
    SHAPE: entry $0.0009 → $0.0008 (-11.0%)
    KTA: entry $0.1623 → $0.1505 (-7.3%)
    LRC: entry $0.0252 → $0.0245 (-2.8%)

[05:24:51] Scan #1503
  636 USD pairs found
  636 tickers fetched
  F&G: 34 (Fear) | Market 24h: -0.7% | BTC dom: 58.4% [cache]
  At max positions (3/3)
  Positions (3/3):
    SHAPE: entry $0.0009 → $0.0008 (-11.0%)
    KTA: entry $0.1623 → $0.1505 (-7.3%)
    LRC: entry $0.0252 → $0.0244 (-3.2%)

[05:30:00] Scan #1504
  636 USD pairs found
  636 tickers fetched
  F&G: 34 (Fear) | Market 24h: -0.7% | BTC dom: 58.4% [cache]
  At max positions (3/3)
  Positions (3/3):
    SHAPE: entry $0.0009 → $0.0008 (-11.0%)
    KTA: entry $0.1623 → $0.1500 (-7.6%)
    LRC: entry $0.0252 → $0.0244 (-3.2%)

[05:35:10] Scan #1505
  636 USD pairs found
  636 tickers fetched
  F&G: 34 (Fear) | Market 24h: -0.8% | BTC dom: 58.4% [cache]
  At max positions (3/3)
  Positions (3/3):
    SHAPE: entry $0.0009 → $0.0008 (-11.0%)
    KTA: entry $0.1623 → $0.1501 (-7.5%)
    LRC: entry $0.0252 → $0.0245 (-2.7%)

[05:40:19] Scan #1506
  636 USD pairs found
  636 tickers fetched
  F&G: 34 (Fear) | Market 24h: -0.7% | BTC dom: 58.4% [cache]
  At max positions (3/3)
  Positions (3/3):
    SHAPE: entry $0.0009 → $0.0008 (-11.0%)
    KTA: entry $0.1623 → $0.1495 (-7.9%)
    LRC: entry $0.0252 → $0.0245 (-2.7%)

[05:45:28] Scan #1507
  636 USD pairs found
  636 tickers fetched
  F&G: 34 (Fear) | Market 24h: -0.9% | BTC dom: 58.4% [cache]
  At max positions (3/3)
  Positions (3/3):
    SHAPE: entry $0.0009 → $0.0008 (-7.7%)
    KTA: entry $0.1623 → $0.1495 (-7.9%)
    LRC: entry $0.0252 → $0.0243 (-3.8%)

[05:50:37] Scan #1508
  636 USD pairs found
  636 tickers fetched
  [05:50:46] SL fired: KTA (KTAUSD) ~-8.0%
  F&G: 34 (Fear) | Market 24h: -1.2% | BTC dom: 58.4% [cache]
  3 signals found:
    CPOOL: +7.0% in 1h, vol $143k, activity 2.0x
    PTB: +4.9% in 1h, vol $219k, activity 2.0x
    UAI: +5.0% in 1h, vol $176k, activity 1.6x
  [05:50:47] BUY 520.0 CPOOL @ ~$0.0253 (~$13.18)
  ✅ Order placed: {'txid': ['ODEET4-TFPN4-3JA4DB'], 'descr': {'order': 'buy 520.000 CPOOLUSD @ market'}}
  [05:50:47] Bought: ['ODEET4-TFPN4-3JA4DB']
  ✅ Order placed: {'txid': ['O2FPCT-LA4S6-JDRXFR'], 'descr': {'order': 'sell 520.000 CPOOLUSD @ stop loss 0.02331'}}
  [05:50:49] SL placed @ $0.02331 | TP target $0.0279 (bot loop)
  Positions (3/3):
    SHAPE: entry $0.0009 → $0.0008 (-7.7%)
    LRC: entry $0.0252 → $0.0243 (-3.8%)
    CPOOL: entry $0.0253 → $0.0253 (+0.0%)

[05:55:50] Scan #1509
  636 USD pairs found
  636 tickers fetched
  F&G: 34 (Fear) | Market 24h: -1.2% | BTC dom: 58.4% [cache]
  At max positions (3/3)
  Positions (3/3):
    SHAPE: entry $0.0009 → $0.0008 (-9.9%)
    LRC: entry $0.0252 → $0.0241 (-4.4%)
    CPOOL: entry $0.0253 → $0.0250 (-1.3%)

[06:00:59] Scan #1510
  636 USD pairs found
  636 tickers fetched
  F&G: 33 (Fear) | Market 24h: -1.4% | BTC dom: 58.4% [cache]
  At max positions (3/3)
  Positions (3/3):
    SHAPE: entry $0.0009 → $0.0008 (-9.9%)
    LRC: entry $0.0252 → $0.0241 (-4.4%)
    CPOOL: entry $0.0253 → $0.0249 (-1.9%)

[06:06:08] Scan #1511
  636 USD pairs found
  636 tickers fetched
  F&G: 33 (Fear) | Market 24h: -1.6% | BTC dom: 58.4% [cache]
  At max positions (3/3)
  Positions (3/3):
    SHAPE: entry $0.0009 → $0.0008 (-9.9%)
    LRC: entry $0.0252 → $0.0241 (-4.4%)
    CPOOL: entry $0.0253 → $0.0249 (-1.9%)

[06:11:17] Scan #1512
  636 USD pairs found
  636 tickers fetched
  F&G: 33 (Fear) | Market 24h: -1.4% | BTC dom: 58.4% [cache]
  At max positions (3/3)
  Positions (3/3):
    SHAPE: entry $0.0009 → $0.0008 (-9.9%)
    LRC: entry $0.0252 → $0.0242 (-4.0%)
    CPOOL: entry $0.0253 → $0.0254 (+0.4%)

[06:16:26] Scan #1513
  636 USD pairs found
  636 tickers fetched
  F&G: 32 (Fear) | Market 24h: -1.3% | BTC dom: 58.3% [cache]
  At max positions (3/3)
  Positions (3/3):
    SHAPE: entry $0.0009 → $0.0008 (-9.9%)
    LRC: entry $0.0252 → $0.0242 (-3.8%)
    CPOOL: entry $0.0253 → $0.0257 (+1.6%)

[06:21:36] Scan #1514
  636 USD pairs found
  636 tickers fetched
  F&G: 32 (Fear) | Market 24h: -1.4% | BTC dom: 58.3% [cache]
  At max positions (3/3)
  Positions (3/3):
    SHAPE: entry $0.0009 → $0.0008 (-9.9%)
    LRC: entry $0.0252 → $0.0242 (-3.8%)
    CPOOL: entry $0.0253 → $0.0252 (-0.5%)

[06:26:45] Scan #1515
  636 USD pairs found
  636 tickers fetched
  F&G: 32 (Fear) | Market 24h: -1.5% | BTC dom: 58.3% [cache]
  At max positions (3/3)
  Positions (3/3):
    SHAPE: entry $0.0009 → $0.0008 (-8.8%)
    LRC: entry $0.0252 → $0.0242 (-3.8%)
    CPOOL: entry $0.0253 → $0.0252 (-0.5%)

[06:31:54] Scan #1516
  636 USD pairs found
  636 tickers fetched
  F&G: 32 (Fear) | Market 24h: -1.7% | BTC dom: 58.3% [cache]
  At max positions (3/3)
  Positions (3/3):
    SHAPE: entry $0.0009 → $0.0008 (-7.7%)
    LRC: entry $0.0252 → $0.0242 (-3.8%)
    CPOOL: entry $0.0253 → $0.0252 (-0.5%)

[06:37:03] Scan #1517
  636 USD pairs found
  636 tickers fetched
  F&G: 32 (Fear) | Market 24h: -1.6% | BTC dom: 58.4% [cache]
  At max positions (3/3)
  Positions (3/3):
    SHAPE: entry $0.0009 → $0.0008 (-9.9%)
    LRC: entry $0.0252 → $0.0239 (-5.2%)
    CPOOL: entry $0.0253 → $0.0252 (-0.5%)

[06:42:13] Scan #1518
  636 USD pairs found
  636 tickers fetched
  F&G: 32 (Fear) | Market 24h: -1.6% | BTC dom: 58.3% [cache]
  At max positions (3/3)
  Positions (3/3):
    SHAPE: entry $0.0009 → $0.0008 (-11.0%)
    LRC: entry $0.0252 → $0.0240 (-4.6%)
    CPOOL: entry $0.0253 → $0.0252 (-0.5%)

[06:47:22] Scan #1519
  636 USD pairs found
  636 tickers fetched
  F&G: 32 (Fear) | Market 24h: -1.7% | BTC dom: 58.4% [cache]
  At max positions (3/3)
  Positions (3/3):
    SHAPE: entry $0.0009 → $0.0008 (-9.9%)
    LRC: entry $0.0252 → $0.0240 (-4.6%)
    CPOOL: entry $0.0253 → $0.0248 (-2.2%)

[06:52:31] Scan #1520
  636 USD pairs found
  636 tickers fetched
  F&G: 32 (Fear) | Market 24h: -1.3% | BTC dom: 58.1% [cache]
  At max positions (3/3)
  Positions (3/3):
    SHAPE: entry $0.0009 → $0.0008 (-9.9%)
    LRC: entry $0.0252 → $0.0240 (-4.6%)
    CPOOL: entry $0.0253 → $0.0247 (-2.5%)

[06:57:40] Scan #1521
  636 USD pairs found
  636 tickers fetched
  F&G: 32 (Fear) | Market 24h: -1.6% | BTC dom: 58.4% [cache]
  At max positions (3/3)
  Positions (3/3):
    SHAPE: entry $0.0009 → $0.0008 (-11.0%)
    LRC: entry $0.0252 → $0.0240 (-4.6%)
    CPOOL: entry $0.0253 → $0.0250 (-1.3%)

[07:02:49] Scan #1522
  636 USD pairs found
  636 tickers fetched
  F&G: 32 (Fear) | Market 24h: -1.5% | BTC dom: 58.4% [cache]
  At max positions (3/3)
  Positions (3/3):
    SHAPE: entry $0.0009 → $0.0008 (-9.9%)
    LRC: entry $0.0252 → $0.0240 (-4.9%)
    CPOOL: entry $0.0253 → $0.0250 (-1.4%)

[07:07:58] Scan #1523
  636 USD pairs found
  636 tickers fetched
  F&G: 32 (Fear) | Market 24h: -1.4% | BTC dom: 58.4% [cache]
  At max positions (3/3)
  Positions (3/3):
    SHAPE: entry $0.0009 → $0.0008 (-11.0%)
    LRC: entry $0.0252 → $0.0239 (-5.2%)
    CPOOL: entry $0.0253 → $0.0248 (-2.1%)

[07:13:08] Scan #1524
  636 USD pairs found
  636 tickers fetched
  F&G: 32 (Fear) | Market 24h: -1.4% | BTC dom: 58.4% [cache]
  At max positions (3/3)
  Positions (3/3):
    SHAPE: entry $0.0009 → $0.0008 (-7.7%)
    LRC: entry $0.0252 → $0.0239 (-5.2%)
    CPOOL: entry $0.0253 → $0.0246 (-2.9%)

[07:18:17] Scan #1525
  636 USD pairs found
  636 tickers fetched
  F&G: 32 (Fear) | Market 24h: -1.5% | BTC dom: 58.4% [cache]
  At max positions (3/3)
  Positions (3/3):
    SHAPE: entry $0.0009 → $0.0008 (-8.8%)
    LRC: entry $0.0252 → $0.0238 (-5.4%)
    CPOOL: entry $0.0253 → $0.0246 (-3.0%)

[07:23:26] Scan #1526
  636 USD pairs found
  636 tickers fetched
  F&G: 32 (Fear) | Market 24h: -1.5% | BTC dom: 58.4% [cache]
  At max positions (3/3)
  Positions (3/3):
    SHAPE: entry $0.0009 → $0.0008 (-8.8%)
    LRC: entry $0.0252 → $0.0238 (-5.4%)
    CPOOL: entry $0.0253 → $0.0247 (-2.4%)

[07:28:35] Scan #1527
  636 USD pairs found
  636 tickers fetched
  F&G: 32 (Fear) | Market 24h: -1.6% | BTC dom: 58.3% [cache]
  At max positions (3/3)
  Positions (3/3):
    SHAPE: entry $0.0009 → $0.0008 (-9.9%)
    LRC: entry $0.0252 → $0.0238 (-5.7%)
    CPOOL: entry $0.0253 → $0.0247 (-2.4%)

[07:33:45] Scan #1528
  636 USD pairs found
  636 tickers fetched
  F&G: 32 (Fear) | Market 24h: -1.5% | BTC dom: 58.4% [cache]
  At max positions (3/3)
  Positions (3/3):
    SHAPE: entry $0.0009 → $0.0008 (-12.1%)
    LRC: entry $0.0252 → $0.0236 (-6.5%)
    CPOOL: entry $0.0253 → $0.0247 (-2.4%)

[07:38:54] Scan #1529
  636 USD pairs found
  636 tickers fetched
  F&G: 32 (Fear) | Market 24h: -1.6% | BTC dom: 58.3% [cache]
  At max positions (3/3)
  Positions (3/3):
    SHAPE: entry $0.0009 → $0.0008 (-12.1%)
    LRC: entry $0.0252 → $0.0236 (-6.5%)
    CPOOL: entry $0.0253 → $0.0247 (-2.4%)

[07:44:03] Scan #1530
  636 USD pairs found
  636 tickers fetched
  F&G: 32 (Fear) | Market 24h: -1.7% | BTC dom: 58.4% [cache]
  At max positions (3/3)
  Positions (3/3):
    SHAPE: entry $0.0009 → $0.0008 (-12.1%)
    LRC: entry $0.0252 → $0.0238 (-5.4%)
    CPOOL: entry $0.0253 → $0.0245 (-3.4%)

[07:49:13] Scan #1531
  636 USD pairs found
  636 tickers fetched
  F&G: 32 (Fear) | Market 24h: -1.6% | BTC dom: 58.4% [cache]
  At max positions (3/3)
  Positions (3/3):
    SHAPE: entry $0.0009 → $0.0008 (-9.9%)
    LRC: entry $0.0252 → $0.0238 (-5.7%)
    CPOOL: entry $0.0253 → $0.0242 (-4.5%)

[07:54:22] Scan #1532
  636 USD pairs found
  636 tickers fetched
  F&G: 32 (Fear) | Market 24h: -1.2% | BTC dom: 58.4% [cache]
  At max positions (3/3)
  Positions (3/3):
    SHAPE: entry $0.0009 → $0.0008 (-11.0%)
    LRC: entry $0.0252 → $0.0238 (-5.7%)
    CPOOL: entry $0.0253 → $0.0240 (-5.2%)

[07:59:31] Scan #1533
  636 USD pairs found
  636 tickers fetched
  F&G: 32 (Fear) | Market 24h: -1.2% | BTC dom: 58.4% [cache]
  At max positions (3/3)
  Positions (3/3):
    SHAPE: entry $0.0009 → $0.0008 (-12.1%)
    LRC: entry $0.0252 → $0.0238 (-5.7%)
    CPOOL: entry $0.0253 → $0.0240 (-5.2%)

[08:04:40] Scan #1534
  636 USD pairs found
  636 tickers fetched
  F&G: 32 (Fear) | Market 24h: -1.2% | BTC dom: 58.4% [cache]
  At max positions (3/3)
  Positions (3/3):
    SHAPE: entry $0.0009 → $0.0008 (-13.2%)
    LRC: entry $0.0252 → $0.0237 (-6.0%)
    CPOOL: entry $0.0253 → $0.0240 (-5.2%)

[08:09:49] Scan #1535
  636 USD pairs found
  636 tickers fetched
  F&G: 32 (Fear) | Market 24h: -1.2% | BTC dom: 58.4% [cache]
  At max positions (3/3)
  Positions (3/3):
    SHAPE: entry $0.0009 → $0.0008 (-9.9%)
    LRC: entry $0.0252 → $0.0237 (-6.0%)
    CPOOL: entry $0.0253 → $0.0240 (-5.2%)

[08:14:59] Scan #1536
  636 USD pairs found
  636 tickers fetched
  F&G: 32 (Fear) | Market 24h: -1.3% | BTC dom: 58.3% [cache]
  At max positions (3/3)
  Positions (3/3):
    SHAPE: entry $0.0009 → $0.0008 (-11.0%)
    LRC: entry $0.0252 → $0.0235 (-6.8%)
    CPOOL: entry $0.0253 → $0.0240 (-5.2%)

[08:20:08] Scan #1537
  636 USD pairs found
  636 tickers fetched
  F&G: 32 (Fear) | Market 24h: -1.4% | BTC dom: 58.4% [cache]
  At max positions (3/3)
  Positions (3/3):
    SHAPE: entry $0.0009 → $0.0008 (-11.0%)
    LRC: entry $0.0252 → $0.0241 (-4.5%)
    CPOOL: entry $0.0253 → $0.0240 (-5.2%)

[08:25:17] Scan #1538
  636 USD pairs found
  636 tickers fetched
  F&G: 32 (Fear) | Market 24h: -1.7% | BTC dom: 58.3% [cache]
  At max positions (3/3)
  Positions (3/3):
    SHAPE: entry $0.0009 → $0.0008 (-13.2%)
    LRC: entry $0.0252 → $0.0237 (-5.8%)
    CPOOL: entry $0.0253 → $0.0240 (-5.2%)

[08:30:26] Scan #1539
  636 USD pairs found
  636 tickers fetched
  F&G: 32 (Fear) | Market 24h: -1.9% | BTC dom: 58.3% [cache]
  At max positions (3/3)
  Positions (3/3):
    SHAPE: entry $0.0009 → $0.0008 (-13.2%)
    LRC: entry $0.0252 → $0.0237 (-6.0%)
    CPOOL: entry $0.0253 → $0.0240 (-5.2%)

[08:35:35] Scan #1540
  636 USD pairs found
  636 tickers fetched
  F&G: 32 (Fear) | Market 24h: -2.2% | BTC dom: 58.3% [cache]
  At max positions (3/3)
  Positions (3/3):
    SHAPE: entry $0.0009 → $0.0008 (-11.0%)
    LRC: entry $0.0252 → $0.0237 (-5.9%)
    CPOOL: entry $0.0253 → $0.0240 (-5.2%)

[08:40:45] Scan #1541
  636 USD pairs found
  636 tickers fetched
  F&G: 32 (Fear) | Market 24h: -2.0% | BTC dom: 58.3% [cache]
  At max positions (3/3)
  Positions (3/3):
    SHAPE: entry $0.0009 → $0.0008 (-13.2%)
    LRC: entry $0.0252 → $0.0236 (-6.5%)
    CPOOL: entry $0.0253 → $0.0240 (-5.4%)

[08:45:54] Scan #1542
  636 USD pairs found
  636 tickers fetched
  F&G: 32 (Fear) | Market 24h: -2.2% | BTC dom: 58.4% [cache]
  At max positions (3/3)
  Positions (3/3):
    SHAPE: entry $0.0009 → $0.0008 (-14.3%)
    LRC: entry $0.0252 → $0.0236 (-6.5%)
    CPOOL: entry $0.0253 → $0.0240 (-5.4%)

[08:51:03] Scan #1543
  636 USD pairs found
  636 tickers fetched
  F&G: 32 (Fear) | Market 24h: -2.0% | BTC dom: 58.4% [cache]
  At max positions (3/3)
  Positions (3/3):
    SHAPE: entry $0.0009 → $0.0008 (-15.4%)
    LRC: entry $0.0252 → $0.0236 (-6.5%)
    CPOOL: entry $0.0253 → $0.0240 (-5.4%)

[08:56:12] Scan #1544
  636 USD pairs found
  636 tickers fetched
  F&G: 32 (Fear) | Market 24h: -1.9% | BTC dom: 58.4% [cache]
  At max positions (3/3)
  Positions (3/3):
    SHAPE: entry $0.0009 → $0.0008 (-16.5%)
    LRC: entry $0.0252 → $0.0236 (-6.5%)
    CPOOL: entry $0.0253 → $0.0240 (-5.4%)

[09:01:21] Scan #1545
  636 USD pairs found
  636 tickers fetched
  F&G: 32 (Fear) | Market 24h: -1.8% | BTC dom: 58.4% [cache]
  At max positions (3/3)
  Positions (3/3):
    SHAPE: entry $0.0009 → $0.0008 (-15.4%)
    LRC: entry $0.0252 → $0.0236 (-6.5%)
    CPOOL: entry $0.0253 → $0.0241 (-4.9%)

[09:06:30] Scan #1546
  636 USD pairs found
  636 tickers fetched
  F&G: 32 (Fear) | Market 24h: -1.9% | BTC dom: 58.4% [cache]
  At max positions (3/3)
  Positions (3/3):
    SHAPE: entry $0.0009 → $0.0008 (-15.4%)
    LRC: entry $0.0252 → $0.0236 (-6.5%)
    CPOOL: entry $0.0253 → $0.0243 (-4.3%)

[09:11:40] Scan #1547
  636 USD pairs found
  636 tickers fetched
  F&G: 32 (Fear) | Market 24h: -1.8% | BTC dom: 58.4% [cache]
  At max positions (3/3)
  Positions (3/3):
    SHAPE: entry $0.0009 → $0.0008 (-15.4%)
    LRC: entry $0.0252 → $0.0236 (-6.5%)
    CPOOL: entry $0.0253 → $0.0248 (-2.3%)

[09:16:49] Scan #1548
  636 USD pairs found
  636 tickers fetched
  F&G: 32 (Fear) | Market 24h: -1.8% | BTC dom: 58.4% [cache]
  At max positions (3/3)
  Positions (3/3):
    SHAPE: entry $0.0009 → $0.0008 (-13.2%)
    LRC: entry $0.0252 → $0.0237 (-6.0%)
    CPOOL: entry $0.0253 → $0.0246 (-2.9%)

[09:21:58] Scan #1549
  636 USD pairs found
  636 tickers fetched
  F&G: 32 (Fear) | Market 24h: -1.9% | BTC dom: 58.4% [cache]
  At max positions (3/3)
  Positions (3/3):
    SHAPE: entry $0.0009 → $0.0008 (-15.4%)
    LRC: entry $0.0252 → $0.0237 (-6.0%)
    CPOOL: entry $0.0253 → $0.0246 (-2.9%)

[09:27:07] Scan #1550
  636 USD pairs found
  636 tickers fetched
  F&G: 32 (Fear) | Market 24h: -1.9% | BTC dom: 58.4% [cache]
  At max positions (3/3)
  Positions (3/3):
    SHAPE: entry $0.0009 → $0.0008 (-14.3%)
    LRC: entry $0.0252 → $0.0237 (-6.0%)
    CPOOL: entry $0.0253 → $0.0246 (-2.9%)

[09:32:16] Scan #1551
  636 USD pairs found
  636 tickers fetched
  F&G: 32 (Fear) | Market 24h: -1.8% | BTC dom: 58.4% [cache]
  At max positions (3/3)
  Positions (3/3):
    SHAPE: entry $0.0009 → $0.0008 (-14.3%)
    LRC: entry $0.0252 → $0.0238 (-5.4%)
    CPOOL: entry $0.0253 → $0.0247 (-2.5%)

[09:37:26] Scan #1552
  636 USD pairs found
  636 tickers fetched
  F&G: 32 (Fear) | Market 24h: -2.4% | BTC dom: 58.4% [cache]
  At max positions (3/3)
  Positions (3/3):
    SHAPE: entry $0.0009 → $0.0008 (-9.9%)
    LRC: entry $0.0252 → $0.0234 (-7.1%)
    CPOOL: entry $0.0253 → $0.0247 (-2.5%)

[09:42:35] Scan #1553
  636 USD pairs found
  636 tickers fetched
  F&G: 30 (Fear) | Market 24h: -2.5% | BTC dom: 58.4% [cache]
  At max positions (3/3)
  Positions (3/3):
    SHAPE: entry $0.0009 → $0.0008 (-8.8%)
    LRC: entry $0.0252 → $0.0235 (-6.9%)
    CPOOL: entry $0.0253 → $0.0239 (-5.6%)

[09:47:44] Scan #1554
  636 USD pairs found
  636 tickers fetched
  F&G: 30 (Fear) | Market 24h: -2.5% | BTC dom: 58.4% [cache]
  At max positions (3/3)
  Positions (3/3):
    SHAPE: entry $0.0009 → $0.0008 (-11.0%)
    LRC: entry $0.0252 → $0.0235 (-6.9%)
    CPOOL: entry $0.0253 → $0.0238 (-5.9%)

[09:52:53] Scan #1555
  636 USD pairs found
  636 tickers fetched
  F&G: 30 (Fear) | Market 24h: -2.4% | BTC dom: 58.4% [cache]
  At max positions (3/3)
  Positions (3/3):
    SHAPE: entry $0.0009 → $0.0008 (-11.0%)
    LRC: entry $0.0252 → $0.0235 (-6.9%)
    CPOOL: entry $0.0253 → $0.0239 (-5.8%)

[09:58:02] Scan #1556
  636 USD pairs found
  636 tickers fetched
  F&G: 30 (Fear) | Market 24h: -2.4% | BTC dom: 58.4% [cache]
  At max positions (3/3)
  Positions (3/3):
    SHAPE: entry $0.0009 → $0.0008 (-11.0%)
    LRC: entry $0.0252 → $0.0234 (-6.9%)
    CPOOL: entry $0.0253 → $0.0239 (-5.8%)

[10:03:12] Scan #1557
  636 USD pairs found
  636 tickers fetched
  F&G: 30 (Fear) | Market 24h: -2.5% | BTC dom: 58.4% [cache]
  At max positions (3/3)
  Positions (3/3):
    SHAPE: entry $0.0009 → $0.0008 (-8.8%)
    LRC: entry $0.0252 → $0.0234 (-6.9%)
    CPOOL: entry $0.0253 → $0.0236 (-6.9%)

[10:08:21] Scan #1558
  636 USD pairs found
  636 tickers fetched
  F&G: 30 (Fear) | Market 24h: -2.5% | BTC dom: 58.4% [cache]
  At max positions (3/3)
  Positions (3/3):
    SHAPE: entry $0.0009 → $0.0008 (-11.0%)
    LRC: entry $0.0252 → $0.0235 (-6.9%)
    CPOOL: entry $0.0253 → $0.0234 (-7.8%)

[10:13:30] Scan #1559
  636 USD pairs found
  636 tickers fetched
  F&G: 30 (Fear) | Market 24h: -2.6% | BTC dom: 58.4% [cache]
  At max positions (3/3)
  Positions (3/3):
    SHAPE: entry $0.0009 → $0.0008 (-11.0%)
    LRC: entry $0.0252 → $0.0234 (-7.1%)
    CPOOL: entry $0.0253 → $0.0234 (-7.5%)

[10:18:39] Scan #1560
  636 USD pairs found
  636 tickers fetched
  F&G: 30 (Fear) | Market 24h: -2.6% | BTC dom: 58.4% [cache]
  At max positions (3/3)
  Positions (3/3):
    SHAPE: entry $0.0009 → $0.0008 (-8.8%)
    LRC: entry $0.0252 → $0.0234 (-7.1%)
    CPOOL: entry $0.0253 → $0.0234 (-7.5%)

[10:23:49] Scan #1561
  636 USD pairs found
  636 tickers fetched
  F&G: 30 (Fear) | Market 24h: -2.6% | BTC dom: 58.5% [cache]
  At max positions (3/3)
  Positions (3/3):
    SHAPE: entry $0.0009 → $0.0008 (-9.9%)
    LRC: entry $0.0252 → $0.0234 (-7.1%)
    CPOOL: entry $0.0253 → $0.0234 (-7.5%)

[10:28:58] Scan #1562
  636 USD pairs found
  636 tickers fetched
  F&G: 31 (Fear) | Market 24h: -2.5% | BTC dom: 58.5% [cache]
  At max positions (3/3)
  Positions (3/3):
    SHAPE: entry $0.0009 → $0.0008 (-8.8%)
    LRC: entry $0.0252 → $0.0234 (-7.1%)
    CPOOL: entry $0.0253 → $0.0234 (-7.5%)

[10:34:07] Scan #1563
  636 USD pairs found
  636 tickers fetched
  [10:34:16] SL fired: CPOOL (CPOOLUSD) ~-8.0%
  F&G: 31 (Fear) | Market 24h: -2.5% | BTC dom: 58.4% [cache]
  1 signals found:
    BANANAS31: +4.0% in 1h, vol $173k, activity 1.5x
  [10:34:17] Can't afford minimum for BANANAS31
  Positions (2/3):
    SHAPE: entry $0.0009 → $0.0008 (-7.7%)
    LRC: entry $0.0252 → $0.0233 (-7.5%)

[10:39:17] Scan #1564
  636 USD pairs found
  636 tickers fetched
  F&G: 31 (Fear) | Market 24h: -2.4% | BTC dom: 58.4% [cache]
  1 signals found:
    BANANAS31: +3.2% in 1h, vol $175k, activity 1.5x
  [10:39:26] Can't afford minimum for BANANAS31
  Positions (2/3):
    SHAPE: entry $0.0009 → $0.0008 (-6.6%)
    LRC: entry $0.0252 → $0.0233 (-7.5%)

[10:44:26] Scan #1565
  636 USD pairs found
  636 tickers fetched
  F&G: 31 (Fear) | Market 24h: -2.5% | BTC dom: 58.4% [cache]
  1 signals found:
    BANANAS31: +3.3% in 1h, vol $175k, activity 1.5x
  [10:44:35] Can't afford minimum for BANANAS31
  Positions (2/3):
    SHAPE: entry $0.0009 → $0.0008 (-9.9%)
    LRC: entry $0.0252 → $0.0233 (-7.5%)

[10:49:35] Scan #1566
  636 USD pairs found
  636 tickers fetched
  F&G: 31 (Fear) | Market 24h: -2.6% | BTC dom: 58.4% [cache]
  1 signals found:
    BANANAS31: +3.4% in 1h, vol $184k, activity 1.5x
  [10:49:45] Can't afford minimum for BANANAS31
  Positions (2/3):
    SHAPE: entry $0.0009 → $0.0008 (-8.8%)
    LRC: entry $0.0252 → $0.0233 (-7.5%)

[10:54:45] Scan #1567
  636 USD pairs found
  636 tickers fetched
  F&G: 31 (Fear) | Market 24h: -2.7% | BTC dom: 58.4% [cache]
  2 signals found:
    PTB: +4.0% in 1h, vol $284k, activity 1.5x
    BANANAS31: +3.7% in 1h, vol $196k, activity 1.5x
  [10:54:54] Can't afford minimum for PTB
  [10:54:54] Can't afford minimum for BANANAS31
  Positions (2/3):
    SHAPE: entry $0.0009 → $0.0008 (-6.6%)
    LRC: entry $0.0252 → $0.0233 (-7.5%)

[10:59:54] Scan #1568
  636 USD pairs found
  636 tickers fetched
  F&G: 30 (Fear) | Market 24h: -2.8% | BTC dom: 58.4% [cache]
  1 signals found:
    PTB: +4.6% in 1h, vol $293k, activity 1.6x
  [11:00:03] Can't afford minimum for PTB
  Positions (2/3):
    SHAPE: entry $0.0009 → $0.0008 (-6.6%)
    LRC: entry $0.0252 → $0.0233 (-7.5%)

[11:05:03] Scan #1569
  636 USD pairs found
  636 tickers fetched
  F&G: 30 (Fear) | Market 24h: -2.8% | BTC dom: 58.4% [cache]
  1 signals found:
    PTB: +7.3% in 1h, vol $302k, activity 1.6x
  [11:05:12] Can't afford minimum for PTB
  Positions (2/3):
    SHAPE: entry $0.0009 → $0.0008 (-7.7%)
    LRC: entry $0.0252 → $0.0233 (-7.5%)

[11:10:12] Scan #1570
  636 USD pairs found
  636 tickers fetched
  F&G: 30 (Fear) | Market 24h: -2.6% | BTC dom: 58.4% [cache]
  2 signals found:
    BANANAS31: +3.8% in 1h, vol $208k, activity 1.6x
    PTB: +7.0% in 1h, vol $302k, activity 1.5x
  [11:10:21] Can't afford minimum for BANANAS31
  [11:10:21] Can't afford minimum for PTB
  Positions (2/3):
    SHAPE: entry $0.0009 → $0.0009 (-5.5%)
    LRC: entry $0.0252 → $0.0233 (-7.5%)

[11:15:21] Scan #1571
  636 USD pairs found
  636 tickers fetched
  F&G: 30 (Fear) | Market 24h: -2.7% | BTC dom: 58.4% [cache]
  1 signals found:
    BANANAS31: +3.7% in 1h, vol $215k, activity 1.6x
  [11:15:31] Can't afford minimum for BANANAS31
  Positions (2/3):
    SHAPE: entry $0.0009 → $0.0008 (-7.7%)
    LRC: entry $0.0252 → $0.0233 (-7.5%)

[11:20:31] Scan #1572
  636 USD pairs found
  636 tickers fetched
  F&G: 30 (Fear) | Market 24h: -2.9% | BTC dom: 58.5% [cache]
  No signals (636 pairs ready)
  Positions (2/3):
    SHAPE: entry $0.0009 → $0.0008 (-8.8%)
    LRC: entry $0.0252 → $0.0233 (-7.5%)

[11:25:40] Scan #1573
  636 USD pairs found
  636 tickers fetched
  F&G: 30 (Fear) | Market 24h: -3.2% | BTC dom: 58.5% [cache]
  No signals (636 pairs ready)
  Positions (2/3):
    SHAPE: entry $0.0009 → $0.0008 (-8.8%)
    LRC: entry $0.0252 → $0.0234 (-7.0%)

[11:30:49] Scan #1574
  636 USD pairs found
  636 tickers fetched
  F&G: 30 (Fear) | Market 24h: -3.5% | BTC dom: 58.4% [cache]
  No signals (636 pairs ready)
  Positions (2/3):
    SHAPE: entry $0.0009 → $0.0008 (-7.7%)
    LRC: entry $0.0252 → $0.0233 (-7.6%)

[11:35:59] Scan #1575
  636 USD pairs found
  636 tickers fetched
  F&G: 30 (Fear) | Market 24h: -3.5% | BTC dom: 58.4% [cache]
  1 signals found:
    CPOOL: +3.5% in 1h, vol $130k, activity 1.7x
  [11:36:09] Can't afford minimum for CPOOL
  Positions (2/3):
    SHAPE: entry $0.0009 → $0.0008 (-9.9%)
    LRC: entry $0.0252 → $0.0232 (-7.8%)

[11:41:09] Scan #1576
  636 USD pairs found
  636 tickers fetched
  F&G: 30 (Fear) | Market 24h: -3.5% | BTC dom: 58.5% [cache]
  1 signals found:
    CPOOL: +3.2% in 1h, vol $130k, activity 1.7x
  [11:41:18] Can't afford minimum for CPOOL
  Positions (2/3):
    SHAPE: entry $0.0009 → $0.0008 (-12.1%)
    LRC: entry $0.0252 → $0.0232 (-7.8%)

[11:46:18] Scan #1577
  636 USD pairs found
  636 tickers fetched
  [11:46:27] SL fired: LRC (LRCUSD) ~-8.0%
  F&G: 30 (Fear) | Market 24h: -3.2% | BTC dom: 58.4% [cache]
  1 signals found:
    CPOOL: +3.5% in 1h, vol $131k, activity 1.7x
  [11:46:28] Can't afford minimum for CPOOL
  Positions (1/3):
    SHAPE: entry $0.0009 → $0.0008 (-14.3%)

[11:51:28] Scan #1578
  636 USD pairs found
  636 tickers fetched
  F&G: 30 (Fear) | Market 24h: -3.0% | BTC dom: 58.4% [cache]
  1 signals found:
    PTB: +8.8% in 1h, vol $373k, activity 1.6x
  [11:51:39] Can't afford minimum for PTB
  Positions (1/3):
    SHAPE: entry $0.0009 → $0.0008 (-15.4%)

[11:56:39] Scan #1579
  636 USD pairs found
  636 tickers fetched
  F&G: 30 (Fear) | Market 24h: -3.1% | BTC dom: 58.4% [cache]
  1 signals found:
    PTB: +7.1% in 1h, vol $371k, activity 1.6x
  [11:56:48] Can't afford minimum for PTB
  Positions (1/3):
    SHAPE: entry $0.0009 → $0.0008 (-12.1%)

[12:01:48] Scan #1580
  636 USD pairs found
  636 tickers fetched
  F&G: 30 (Fear) | Market 24h: -3.3% | BTC dom: 58.4% [cache]
  1 signals found:
    PTB: +4.5% in 1h, vol $364k, activity 1.6x
  [12:01:59] Can't afford minimum for PTB
  Positions (1/3):
    SHAPE: entry $0.0009 → $0.0008 (-13.2%)

[12:06:59] Scan #1581
  636 USD pairs found
  636 tickers fetched
  F&G: 30 (Fear) | Market 24h: -3.3% | BTC dom: 58.4% [cache]
  1 signals found:
    PTB: +7.1% in 1h, vol $382k, activity 1.6x
  [12:07:08] Can't afford minimum for PTB
  Positions (1/3):
    SHAPE: entry $0.0009 → $0.0008 (-14.3%)

[12:12:08] Scan #1582
  636 USD pairs found
  636 tickers fetched
  F&G: 30 (Fear) | Market 24h: -3.4% | BTC dom: 58.4% [cache]
  1 signals found:
    PTB: +8.7% in 1h, vol $391k, activity 1.6x
  [12:12:17] Can't afford minimum for PTB
  Positions (1/3):
    SHAPE: entry $0.0009 → $0.0008 (-15.4%)

[12:17:18] Scan #1583
  636 USD pairs found
  636 tickers fetched
  F&G: 30 (Fear) | Market 24h: -3.3% | BTC dom: 58.4% [cache]
  1 signals found:
    PTB: +8.8% in 1h, vol $394k, activity 1.6x
  [12:17:27] Can't afford minimum for PTB
  Positions (1/3):
    SHAPE: entry $0.0009 → $0.0008 (-14.3%)

[12:22:27] Scan #1584
  636 USD pairs found
  636 tickers fetched
  F&G: 30 (Fear) | Market 24h: -2.9% | BTC dom: 58.4% [cache]
  No signals (636 pairs ready)
  Positions (1/3):
    SHAPE: entry $0.0009 → $0.0008 (-15.4%)

[12:27:36] Scan #1585
  636 USD pairs found
  636 tickers fetched
  F&G: 30 (Fear) | Market 24h: -2.7% | BTC dom: 58.4% [cache]
  No signals (636 pairs ready)
  Positions (1/3):
    SHAPE: entry $0.0009 → $0.0008 (-15.4%)

[12:32:46] Scan #1586
  636 USD pairs found
  636 tickers fetched
  F&G: 30 (Fear) | Market 24h: -2.6% | BTC dom: 58.4% [cache]
  No signals (636 pairs ready)
  Positions (1/3):
    SHAPE: entry $0.0009 → $0.0008 (-12.1%)

[12:37:55] Scan #1587
  636 USD pairs found
  636 tickers fetched
  F&G: 30 (Fear) | Market 24h: -2.9% | BTC dom: 58.4% [cache]
  1 signals found:
    CPOOL: +3.6% in 1h, vol $124k, activity 1.7x
  [12:38:04] Can't afford minimum for CPOOL
  Positions (1/3):
    SHAPE: entry $0.0009 → $0.0008 (-12.1%)

[12:43:04] Scan #1588
  636 USD pairs found
  636 tickers fetched
  F&G: 30 (Fear) | Market 24h: -2.9% | BTC dom: 58.4% [cache]
  2 signals found:
    CPOOL: +3.4% in 1h, vol $116k, activity 1.7x
    PTB: +8.4% in 1h, vol $413k, activity 1.6x
  [12:43:14] Can't afford minimum for CPOOL
  [12:43:14] Can't afford minimum for PTB
  Positions (1/3):
    SHAPE: entry $0.0009 → $0.0008 (-13.2%)

[12:48:15] Scan #1589
  636 USD pairs found
  636 tickers fetched
  F&G: 30 (Fear) | Market 24h: -2.7% | BTC dom: 58.4% [cache]
  2 signals found:
    CPOOL: +3.4% in 1h, vol $116k, activity 1.7x
    PTB: +8.4% in 1h, vol $414k, activity 1.6x
  [12:48:24] Can't afford minimum for CPOOL
  [12:48:24] Can't afford minimum for PTB
  Positions (1/3):
    SHAPE: entry $0.0009 → $0.0008 (-14.3%)

[12:53:24] Scan #1590
  636 USD pairs found
  636 tickers fetched
  F&G: 30 (Fear) | Market 24h: -2.7% | BTC dom: 58.4% [cache]
  1 signals found:
    PTB: +5.8% in 1h, vol $416k, activity 1.5x
  [12:53:34] Can't afford minimum for PTB
  Positions (1/3):
    SHAPE: entry $0.0009 → $0.0008 (-13.2%)

[12:58:34] Scan #1591
  636 USD pairs found
  636 tickers fetched
  F&G: 30 (Fear) | Market 24h: -3.1% | BTC dom: 58.4% [cache]
  1 signals found:
    PTB: +5.1% in 1h, vol $418k, activity 1.5x
  [12:58:43] Can't afford minimum for PTB
  Positions (1/3):
    SHAPE: entry $0.0009 → $0.0008 (-13.2%)

[13:03:43] Scan #1592
  636 USD pairs found
  636 tickers fetched
  F&G: 30 (Fear) | Market 24h: -3.2% | BTC dom: 58.4% [cache]
  No signals (636 pairs ready)
  Positions (1/3):
    SHAPE: entry $0.0009 → $0.0008 (-12.1%)

[13:08:52] Scan #1593
  636 USD pairs found
  636 tickers fetched
  F&G: 30 (Fear) | Market 24h: -3.0% | BTC dom: 58.4% [cache]
  1 signals found:
    PTB: +3.7% in 1h, vol $422k, activity 1.5x
  [13:09:02] Can't afford minimum for PTB
  Positions (1/3):
    SHAPE: entry $0.0009 → $0.0008 (-12.1%)

[13:14:02] Scan #1594
  636 USD pairs found
  636 tickers fetched
  F&G: 30 (Fear) | Market 24h: -3.0% | BTC dom: 58.4% [cache]
  No signals (636 pairs ready)
  Positions (1/3):
    SHAPE: entry $0.0009 → $0.0008 (-12.1%)

[13:19:12] Scan #1595
  636 USD pairs found
  636 tickers fetched
  F&G: 30 (Fear) | Market 24h: -2.9% | BTC dom: 58.4% [cache]
  No signals (636 pairs ready)
  Positions (1/3):
    SHAPE: entry $0.0009 → $0.0008 (-15.4%)

[13:24:21] Scan #1596
  636 USD pairs found
  636 tickers fetched
  F&G: 30 (Fear) | Market 24h: -2.9% | BTC dom: 58.4% [cache]
  No signals (636 pairs ready)
  Positions (1/3):
    SHAPE: entry $0.0009 → $0.0008 (-13.2%)

[13:29:31] Scan #1597
  636 USD pairs found
  636 tickers fetched
  F&G: 30 (Fear) | Market 24h: -2.9% | BTC dom: 58.4% [cache]
  No signals (636 pairs ready)
  Positions (1/3):
    SHAPE: entry $0.0009 → $0.0008 (-13.2%)

[13:34:40] Scan #1598
  636 USD pairs found
  636 tickers fetched
  F&G: 30 (Fear) | Market 24h: -3.2% | BTC dom: 58.4% [cache]
  No signals (636 pairs ready)
  Positions (1/3):
    SHAPE: entry $0.0009 → $0.0008 (-15.4%)

[13:39:50] Scan #1599
  636 USD pairs found
  636 tickers fetched
  F&G: 30 (Fear) | Market 24h: -3.3% | BTC dom: 58.4% [cache]
  No signals (636 pairs ready)
  Positions (1/3):
    SHAPE: entry $0.0009 → $0.0008 (-14.3%)

[13:44:59] Scan #1600
  636 USD pairs found
  636 tickers fetched
  F&G: 30 (Fear) | Market 24h: -3.4% | BTC dom: 58.4% [cache]
  No signals (636 pairs ready)
  Positions (1/3):
    SHAPE: entry $0.0009 → $0.0008 (-15.4%)

[13:50:09] Scan #1601
  636 USD pairs found
  636 tickers fetched
  F&G: 30 (Fear) | Market 24h: -2.9% | BTC dom: 58.5% [cache]
  No signals (636 pairs ready)
  Positions (1/3):
    SHAPE: entry $0.0009 → $0.0008 (-12.1%)

[13:55:18] Scan #1602
  636 USD pairs found
  636 tickers fetched
  F&G: 31 (Fear) | Market 24h: -2.6% | BTC dom: 58.5% [cache]
  No signals (636 pairs ready)
  Positions (1/3):
    SHAPE: entry $0.0009 → $0.0008 (-13.2%)

[14:00:28] Scan #1603
  636 USD pairs found
  636 tickers fetched
  F&G: 31 (Fear) | Market 24h: -2.9% | BTC dom: 58.4% [cache]
  No signals (636 pairs ready)
  Positions (1/3):
    SHAPE: entry $0.0009 → $0.0008 (-9.9%)

[14:05:37] Scan #1604
  636 USD pairs found
  636 tickers fetched
  F&G: 31 (Fear) | Market 24h: -2.7% | BTC dom: 58.5% [cache]
  No signals (636 pairs ready)
  Positions (1/3):
    SHAPE: entry $0.0009 → $0.0008 (-13.2%)

[14:10:47] Scan #1605
  636 USD pairs found
  636 tickers fetched
  F&G: 31 (Fear) | Market 24h: -2.6% | BTC dom: 58.5% [cache]
  No signals (636 pairs ready)
  Positions (1/3):
    SHAPE: entry $0.0009 → $0.0008 (-13.2%)

[14:15:56] Scan #1606
  636 USD pairs found
  636 tickers fetched
  F&G: 31 (Fear) | Market 24h: -2.5% | BTC dom: 58.4% [cache]
  No signals (636 pairs ready)
  Positions (1/3):
    SHAPE: entry $0.0009 → $0.0008 (-11.0%)

[14:21:06] Scan #1607
  636 USD pairs found
  636 tickers fetched
  F&G: 31 (Fear) | Market 24h: -2.6% | BTC dom: 58.4% [cache]
  No signals (636 pairs ready)
  Positions (1/3):
    SHAPE: entry $0.0009 → $0.0008 (-13.2%)

[14:26:15] Scan #1608
  636 USD pairs found
  636 tickers fetched
  F&G: 30 (Fear) | Market 24h: -2.6% | BTC dom: 58.4% [cache]
  No signals (636 pairs ready)
  Positions (1/3):
    SHAPE: entry $0.0009 → $0.0008 (-13.2%)

[14:31:24] Scan #1609
  636 USD pairs found
  636 tickers fetched
  F&G: 30 (Fear) | Market 24h: -2.5% | BTC dom: 58.5% [cache]
  No signals (636 pairs ready)
  Positions (1/3):
    SHAPE: entry $0.0009 → $0.0008 (-12.1%)

[14:36:34] Scan #1610
  636 USD pairs found
  636 tickers fetched
  F&G: 30 (Fear) | Market 24h: -2.6% | BTC dom: 58.5% [cache]
  No signals (636 pairs ready)
  Positions (1/3):
    SHAPE: entry $0.0009 → $0.0008 (-12.1%)

[14:41:43] Scan #1611
  636 USD pairs found
  636 tickers fetched
  F&G: 31 (Fear) | Market 24h: -2.5% | BTC dom: 58.4% [cache]
  No signals (636 pairs ready)
  Positions (1/3):
    SHAPE: entry $0.0009 → $0.0008 (-7.7%)

[14:46:53] Scan #1612
  636 USD pairs found
  636 tickers fetched
  F&G: 31 (Fear) | Market 24h: -2.7% | BTC dom: 58.5% [cache]
  No signals (636 pairs ready)
  Positions (1/3):
    SHAPE: entry $0.0009 → $0.0008 (-9.9%)

[14:52:02] Scan #1613
  636 USD pairs found
  636 tickers fetched
  F&G: 31 (Fear) | Market 24h: -2.8% | BTC dom: 58.4% [cache]
  No signals (636 pairs ready)
  Positions (1/3):
    SHAPE: entry $0.0009 → $0.0008 (-7.7%)

[14:57:12] Scan #1614
  636 USD pairs found
  636 tickers fetched
  F&G: 30 (Fear) | Market 24h: -2.9% | BTC dom: 58.4% [cache]
  No signals (636 pairs ready)
  Positions (1/3):
    SHAPE: entry $0.0009 → $0.0008 (-9.9%)

[15:02:21] Scan #1615
  636 USD pairs found
  636 tickers fetched
  F&G: 30 (Fear) | Market 24h: -2.6% | BTC dom: 58.5% [cache]
  No signals (636 pairs ready)
  Positions (1/3):
    SHAPE: entry $0.0009 → $0.0008 (-9.9%)

[15:07:31] Scan #1616
  636 USD pairs found
  636 tickers fetched
  F&G: 30 (Fear) | Market 24h: -2.7% | BTC dom: 58.4% [cache]
  No signals (636 pairs ready)
  Positions (1/3):
    SHAPE: entry $0.0009 → $0.0008 (-9.9%)

[15:12:40] Scan #1617
  636 USD pairs found
  636 tickers fetched
  F&G: 30 (Fear) | Market 24h: -2.6% | BTC dom: 58.4% [cache]
  No signals (636 pairs ready)
  Positions (1/3):
    SHAPE: entry $0.0009 → $0.0008 (-11.0%)

[15:17:50] Scan #1618
  636 USD pairs found
  636 tickers fetched
  F&G: 30 (Fear) | Market 24h: -2.6% | BTC dom: 58.4% [cache]
  No signals (636 pairs ready)
  Positions (1/3):
    SHAPE: entry $0.0009 → $0.0008 (-13.2%)

[15:22:59] Scan #1619
  636 USD pairs found
  636 tickers fetched
  F&G: 30 (Fear) | Market 24h: -2.7% | BTC dom: 58.3% [cache]
  No signals (636 pairs ready)
  Positions (1/3):
    SHAPE: entry $0.0009 → $0.0008 (-12.1%)

[15:28:08] Scan #1620
  636 USD pairs found
  636 tickers fetched
  F&G: 29 (Fear) | Market 24h: -2.8% | BTC dom: 58.4% [cache]
  No signals (636 pairs ready)
  Positions (1/3):
    SHAPE: entry $0.0009 → $0.0008 (-13.2%)

[15:33:17] Scan #1621
  636 USD pairs found
  636 tickers fetched
  F&G: 29 (Fear) | Market 24h: -2.8% | BTC dom: 58.4% [cache]
  No signals (636 pairs ready)
  Positions (1/3):
    SHAPE: entry $0.0009 → $0.0008 (-13.2%)

[15:38:26] Scan #1622
  636 USD pairs found
  636 tickers fetched
  F&G: 29 (Fear) | Market 24h: -2.8% | BTC dom: 58.4% [cache]
  No signals (636 pairs ready)
  Positions (1/3):
    SHAPE: entry $0.0009 → $0.0008 (-13.2%)

[15:43:36] Scan #1623
  636 USD pairs found
  636 tickers fetched
  F&G: 29 (Fear) | Market 24h: -2.8% | BTC dom: 58.4% [cache]
  No signals (636 pairs ready)
  Positions (1/3):
    SHAPE: entry $0.0009 → $0.0008 (-13.2%)

[15:48:45] Scan #1624
  636 USD pairs found
  636 tickers fetched
  F&G: 29 (Fear) | Market 24h: -2.7% | BTC dom: 58.4% [cache]
  No signals (636 pairs ready)
  Positions (1/3):
    SHAPE: entry $0.0009 → $0.0008 (-14.3%)

[15:53:54] Scan #1625
  636 USD pairs found
  636 tickers fetched
  F&G: 29 (Fear) | Market 24h: -2.7% | BTC dom: 58.4% [cache]
  No signals (636 pairs ready)
  Positions (1/3):
    SHAPE: entry $0.0009 → $0.0008 (-13.2%)

[15:59:04] Scan #1626
  636 USD pairs found
  636 tickers fetched
  F&G: 29 (Fear) | Market 24h: -2.6% | BTC dom: 58.4% [cache]
  No signals (636 pairs ready)
  Positions (1/3):
    SHAPE: entry $0.0009 → $0.0008 (-13.2%)

[16:04:13] Scan #1627
  636 USD pairs found
  636 tickers fetched
  F&G: 29 (Fear) | Market 24h: -2.7% | BTC dom: 58.4% [cache]
  No signals (636 pairs ready)
  Positions (1/3):
    SHAPE: entry $0.0009 → $0.0008 (-13.2%)

[16:09:23] Scan #1628
  636 USD pairs found
  636 tickers fetched
  F&G: 29 (Fear) | Market 24h: -2.7% | BTC dom: 58.4% [cache]
  No signals (636 pairs ready)
  Positions (1/3):
    SHAPE: entry $0.0009 → $0.0008 (-13.2%)

[16:14:33] Scan #1629
  636 USD pairs found
  636 tickers fetched
  F&G: 29 (Fear) | Market 24h: -2.7% | BTC dom: 58.3% [cache]
  No signals (636 pairs ready)
  Positions (1/3):
    SHAPE: entry $0.0009 → $0.0008 (-13.2%)

[16:19:42] Scan #1630
  636 USD pairs found
  636 tickers fetched
  F&G: 29 (Fear) | Market 24h: -2.8% | BTC dom: 58.3% [cache]
  No signals (636 pairs ready)
  Positions (1/3):
    SHAPE: entry $0.0009 → $0.0008 (-13.2%)

[16:24:51] Scan #1631
  636 USD pairs found
  636 tickers fetched
  F&G: 29 (Fear) | Market 24h: -2.8% | BTC dom: 58.3% [cache]
  No signals (636 pairs ready)
  Positions (1/3):
    SHAPE: entry $0.0009 → $0.0008 (-13.2%)

[16:30:01] Scan #1632
  636 USD pairs found
  636 tickers fetched
  F&G: 29 (Fear) | Market 24h: -3.4% | BTC dom: 58.3% [cache]
  No signals (636 pairs ready)
  Positions (1/3):
    SHAPE: entry $0.0009 → $0.0008 (-13.2%)

[16:35:10] Scan #1633
  636 USD pairs found
  636 tickers fetched
  F&G: 29 (Fear) | Market 24h: -3.4% | BTC dom: 58.3% [cache]
  No signals (636 pairs ready)
  Positions (1/3):
    SHAPE: entry $0.0009 → $0.0008 (-13.2%)

[16:40:20] Scan #1634
  636 USD pairs found
  636 tickers fetched
  F&G: 29 (Fear) | Market 24h: -3.5% | BTC dom: 58.3% [cache]
  No signals (636 pairs ready)
  Positions (1/3):
    SHAPE: entry $0.0009 → $0.0008 (-13.2%)

[16:45:30] Scan #1635
  636 USD pairs found
  636 tickers fetched
  F&G: 29 (Fear) | Market 24h: -3.5% | BTC dom: 58.3% [cache]
  No signals (636 pairs ready)
  Positions (1/3):
    SHAPE: entry $0.0009 → $0.0008 (-13.2%)

[16:50:39] Scan #1636
  636 USD pairs found
  636 tickers fetched
  F&G: 29 (Fear) | Market 24h: -3.3% | BTC dom: 58.3% [cache]
  No signals (636 pairs ready)
  Positions (1/3):
    SHAPE: entry $0.0009 → $0.0008 (-13.2%)

[16:55:48] Scan #1637
  636 USD pairs found
  636 tickers fetched
  F&G: 29 (Fear) | Market 24h: -3.3% | BTC dom: 58.3% [cache]
  No signals (636 pairs ready)
  Positions (1/3):
    SHAPE: entry $0.0009 → $0.0008 (-13.2%)

[17:00:58] Scan #1638
  636 USD pairs found
  636 tickers fetched
  F&G: 29 (Fear) | Market 24h: -3.3% | BTC dom: 58.3% [cache]
  No signals (636 pairs ready)
  Positions (1/3):
    SHAPE: entry $0.0009 → $0.0008 (-13.2%)

[17:06:08] Scan #1639
  636 USD pairs found
  636 tickers fetched
  F&G: 29 (Fear) | Market 24h: -3.1% | BTC dom: 58.4% [cache]
  No signals (636 pairs ready)
  Positions (1/3):
    SHAPE: entry $0.0009 → $0.0008 (-13.2%)

[17:11:17] Scan #1640
  636 USD pairs found
  636 tickers fetched
  F&G: 29 (Fear) | Market 24h: -3.1% | BTC dom: 58.3% [cache]
  No signals (636 pairs ready)
  Positions (1/3):
    SHAPE: entry $0.0009 → $0.0008 (-13.2%)

[17:16:27] Scan #1641
  636 USD pairs found
  636 tickers fetched
  F&G: 29 (Fear) | Market 24h: -3.1% | BTC dom: 58.3% [cache]
  No signals (636 pairs ready)
  Positions (1/3):
    SHAPE: entry $0.0009 → $0.0008 (-13.2%)

[17:21:37] Scan #1642
  636 USD pairs found
  636 tickers fetched
  F&G: 29 (Fear) | Market 24h: -2.9% | BTC dom: 58.3% [cache]
  No signals (636 pairs ready)
  Positions (1/3):
    SHAPE: entry $0.0009 → $0.0008 (-13.2%)

[17:26:46] Scan #1643
  636 USD pairs found
  636 tickers fetched
  F&G: 29 (Fear) | Market 24h: -3.0% | BTC dom: 58.3% [cache]
  No signals (636 pairs ready)
  Positions (1/3):
    SHAPE: entry $0.0009 → $0.0008 (-13.2%)

[17:31:56] Scan #1644
  636 USD pairs found
  636 tickers fetched
  F&G: 29 (Fear) | Market 24h: -2.9% | BTC dom: 58.4% [cache]
  No signals (636 pairs ready)
  Positions (1/3):
    SHAPE: entry $0.0009 → $0.0008 (-15.4%)

[17:37:06] Scan #1645
  636 USD pairs found
  636 tickers fetched
  F&G: 29 (Fear) | Market 24h: -2.8% | BTC dom: 58.4% [cache]
  No signals (636 pairs ready)
  Positions (1/3):
    SHAPE: entry $0.0009 → $0.0008 (-14.3%)

[17:42:15] Scan #1646
  636 USD pairs found
  636 tickers fetched
  F&G: 29 (Fear) | Market 24h: -2.8% | BTC dom: 58.3% [cache]
  No signals (636 pairs ready)
  Positions (1/3):
    SHAPE: entry $0.0009 → $0.0008 (-14.3%)

[17:47:24] Scan #1647
  636 USD pairs found
  636 tickers fetched
  F&G: 29 (Fear) | Market 24h: -2.9% | BTC dom: 58.3% [cache]
  No signals (636 pairs ready)
  Positions (1/3):
    SHAPE: entry $0.0009 → $0.0008 (-15.4%)

[17:52:33] Scan #1648
  636 USD pairs found
  636 tickers fetched
  F&G: 29 (Fear) | Market 24h: -3.0% | BTC dom: 58.3% [cache]
  No signals (636 pairs ready)
  Positions (1/3):
    SHAPE: entry $0.0009 → $0.0008 (-15.4%)

[17:57:43] Scan #1649
  636 USD pairs found
  636 tickers fetched
  F&G: 28 (Fear) | Market 24h: -3.0% | BTC dom: 58.3% [cache]
  No signals (636 pairs ready)
  Positions (1/3):
    SHAPE: entry $0.0009 → $0.0008 (-17.6%)

[18:02:52] Scan #1650
  636 USD pairs found
  636 tickers fetched
  F&G: 28 (Fear) | Market 24h: -3.2% | BTC dom: 58.3% [cache]
  No signals (636 pairs ready)
  Positions (1/3):
    SHAPE: entry $0.0009 → $0.0007 (-18.7%)

[18:08:02] Scan #1651
  636 USD pairs found
  636 tickers fetched
  F&G: 28 (Fear) | Market 24h: -3.5% | BTC dom: 58.2% [cache]
  No signals (636 pairs ready)
  Positions (1/3):
    SHAPE: entry $0.0009 → $0.0007 (-18.7%)

[18:13:11] Scan #1652
  636 USD pairs found
  636 tickers fetched
  F&G: 28 (Fear) | Market 24h: -3.5% | BTC dom: 58.3% [cache]
  No signals (636 pairs ready)
  Positions (1/3):
    SHAPE: entry $0.0009 → $0.0007 (-18.7%)

[18:18:20] Scan #1653
  636 USD pairs found
  636 tickers fetched
  F&G: 28 (Fear) | Market 24h: -3.6% | BTC dom: 58.3% [cache]
  No signals (636 pairs ready)
  Positions (1/3):
    SHAPE: entry $0.0009 → $0.0008 (-16.5%)

[18:23:29] Scan #1654
  636 USD pairs found
  636 tickers fetched
  F&G: 28 (Fear) | Market 24h: -3.9% | BTC dom: 58.3% [cache]
  No signals (636 pairs ready)
  Positions (1/3):
    SHAPE: entry $0.0009 → $0.0008 (-17.6%)

[18:28:39] Scan #1655
  636 USD pairs found
  636 tickers fetched
  F&G: 27 (Fear) | Market 24h: -3.9% | BTC dom: 58.3% [cache]
  No signals (636 pairs ready)
  Positions (1/3):
    SHAPE: entry $0.0009 → $0.0008 (-17.6%)

[18:33:48] Scan #1656
  636 USD pairs found
  636 tickers fetched
  F&G: 27 (Fear) | Market 24h: -3.9% | BTC dom: 58.3% [cache]
  No signals (636 pairs ready)
  Positions (1/3):
    SHAPE: entry $0.0009 → $0.0007 (-19.8%)

[18:38:57] Scan #1657
  636 USD pairs found
  636 tickers fetched
  F&G: 27 (Fear) | Market 24h: -3.8% | BTC dom: 58.3% [cache]
  No signals (636 pairs ready)
  Positions (1/3):
    SHAPE: entry $0.0009 → $0.0007 (-19.8%)

[18:44:06] Scan #1658
  636 USD pairs found
  636 tickers fetched
  F&G: 27 (Fear) | Market 24h: -3.6% | BTC dom: 58.3% [cache]
  No signals (636 pairs ready)
  Positions (1/3):
    SHAPE: entry $0.0009 → $0.0007 (-18.7%)

[18:49:16] Scan #1659
  636 USD pairs found
  636 tickers fetched
  F&G: 27 (Fear) | Market 24h: -3.6% | BTC dom: 58.3% [cache]
  No signals (636 pairs ready)
  Positions (1/3):
    SHAPE: entry $0.0009 → $0.0007 (-18.7%)

[18:54:25] Scan #1660
  636 USD pairs found
  636 tickers fetched
  F&G: 27 (Fear) | Market 24h: -3.6% | BTC dom: 58.3% [cache]
  No signals (636 pairs ready)
  Positions (1/3):
    SHAPE: entry $0.0009 → $0.0007 (-18.7%)

[18:59:34] Scan #1661
  636 USD pairs found
  636 tickers fetched
  F&G: 27 (Fear) | Market 24h: -3.4% | BTC dom: 58.3% [cache]
  No signals (636 pairs ready)
  Positions (1/3):
    SHAPE: entry $0.0009 → $0.0007 (-18.7%)

[19:04:43] Scan #1662
  636 USD pairs found
  636 tickers fetched
  F&G: 27 (Fear) | Market 24h: -3.4% | BTC dom: 58.3% [cache]
  No signals (636 pairs ready)
  Positions (1/3):
    SHAPE: entry $0.0009 → $0.0007 (-18.7%)

[19:09:52] Scan #1663
  636 USD pairs found
  636 tickers fetched
  F&G: 27 (Fear) | Market 24h: -3.6% | BTC dom: 58.3% [cache]
  No signals (636 pairs ready)
  Positions (1/3):
    SHAPE: entry $0.0009 → $0.0007 (-18.7%)

[19:15:02] Scan #1664
  636 USD pairs found
  636 tickers fetched
  F&G: 27 (Fear) | Market 24h: -3.4% | BTC dom: 58.3% [cache]
  No signals (636 pairs ready)
  Positions (1/3):
    SHAPE: entry $0.0009 → $0.0007 (-18.7%)

[19:20:11] Scan #1665
  636 USD pairs found
  636 tickers fetched
  F&G: 27 (Fear) | Market 24h: -3.5% | BTC dom: 58.3% [cache]
  No signals (636 pairs ready)
  Positions (1/3):
    SHAPE: entry $0.0009 → $0.0007 (-18.7%)

[19:25:21] Scan #1666
  636 USD pairs found
  636 tickers fetched
  F&G: 27 (Fear) | Market 24h: -3.5% | BTC dom: 58.3% [cache]
  No signals (636 pairs ready)
  Positions (1/3):
    SHAPE: entry $0.0009 → $0.0008 (-17.6%)

[19:30:30] Scan #1667
  636 USD pairs found
  636 tickers fetched
  F&G: 28 (Fear) | Market 24h: -3.5% | BTC dom: 58.3% [cache]
  No signals (636 pairs ready)
  Positions (1/3):
    SHAPE: entry $0.0009 → $0.0008 (-17.6%)

[19:35:39] Scan #1668
  636 USD pairs found
  636 tickers fetched
  F&G: 28 (Fear) | Market 24h: -3.6% | BTC dom: 58.3% [cache]
  No signals (636 pairs ready)
  Positions (1/3):
    SHAPE: entry $0.0009 → $0.0008 (-15.4%)

[19:40:49] Scan #1669
  636 USD pairs found
  636 tickers fetched
  F&G: 28 (Fear) | Market 24h: -3.5% | BTC dom: 58.4% [cache]
  No signals (636 pairs ready)
  Positions (1/3):
    SHAPE: entry $0.0009 → $0.0007 (-18.7%)

[19:45:58] Scan #1670
  636 USD pairs found
  636 tickers fetched
  F&G: 27 (Fear) | Market 24h: -3.5% | BTC dom: 58.4% [cache]
  No signals (636 pairs ready)
  Positions (1/3):
    SHAPE: entry $0.0009 → $0.0007 (-18.7%)

[19:51:07] Scan #1671
  636 USD pairs found
  636 tickers fetched
  F&G: 27 (Fear) | Market 24h: -3.4% | BTC dom: 58.4% [cache]
  No signals (636 pairs ready)
  Positions (1/3):
    SHAPE: entry $0.0009 → $0.0007 (-18.7%)

[19:56:16] Scan #1672
  636 USD pairs found
  636 tickers fetched
  F&G: 27 (Fear) | Market 24h: -3.4% | BTC dom: 58.4% [cache]
  No signals (636 pairs ready)
  Positions (1/3):
    SHAPE: entry $0.0009 → $0.0007 (-18.7%)

[20:01:25] Scan #1673
  636 USD pairs found
  636 tickers fetched
  F&G: 28 (Fear) | Market 24h: -3.3% | BTC dom: 58.4% [cache]
  No signals (636 pairs ready)
  Positions (1/3):
    SHAPE: entry $0.0009 → $0.0007 (-19.8%)

[20:06:35] Scan #1674
  636 USD pairs found
  636 tickers fetched
  F&G: 28 (Fear) | Market 24h: -3.4% | BTC dom: 58.4% [cache]
  No signals (636 pairs ready)
  Positions (1/3):
    SHAPE: entry $0.0009 → $0.0007 (-18.7%)

[20:11:44] Scan #1675
  636 USD pairs found
  636 tickers fetched
  F&G: 28 (Fear) | Market 24h: -3.4% | BTC dom: 58.3% [cache]
  No signals (636 pairs ready)
  Positions (1/3):
    SHAPE: entry $0.0009 → $0.0007 (-19.8%)

[20:16:53] Scan #1676
  636 USD pairs found
  636 tickers fetched
  F&G: 28 (Fear) | Market 24h: -2.9% | BTC dom: 58.4% [cache]
  No signals (636 pairs ready)
  Positions (1/3):
    SHAPE: entry $0.0009 → $0.0007 (-19.8%)

[20:22:02] Scan #1677
  636 USD pairs found
  636 tickers fetched
  F&G: 28 (Fear) | Market 24h: -2.5% | BTC dom: 58.4% [cache]
  No signals (636 pairs ready)
  Positions (1/3):
    SHAPE: entry $0.0009 → $0.0007 (-20.9%)

[20:27:11] Scan #1678
  636 USD pairs found
  636 tickers fetched
  F&G: 29 (Fear) | Market 24h: -2.6% | BTC dom: 58.4% [cache]
  No signals (636 pairs ready)
  Positions (1/3):
    SHAPE: entry $0.0009 → $0.0007 (-19.8%)

[20:32:21] Scan #1679
  636 USD pairs found
  636 tickers fetched
  F&G: 29 (Fear) | Market 24h: -2.4% | BTC dom: 58.4% [cache]
  No signals (636 pairs ready)
  Positions (1/3):
    SHAPE: entry $0.0009 → $0.0008 (-17.6%)

[20:37:30] Scan #1680
  636 USD pairs found
  636 tickers fetched
  F&G: 29 (Fear) | Market 24h: -2.3% | BTC dom: 58.4% [cache]
  No signals (636 pairs ready)
  Positions (1/3):
    SHAPE: entry $0.0009 → $0.0008 (-14.3%)

[20:42:39] Scan #1681
  636 USD pairs found
  636 tickers fetched
  F&G: 29 (Fear) | Market 24h: -2.4% | BTC dom: 58.4% [cache]
  No signals (636 pairs ready)
  Positions (1/3):
    SHAPE: entry $0.0009 → $0.0008 (-14.3%)

[20:47:48] Scan #1682
  636 USD pairs found
  636 tickers fetched
  F&G: 29 (Fear) | Market 24h: -2.5% | BTC dom: 58.4% [cache]
  No signals (636 pairs ready)
  Positions (1/3):
    SHAPE: entry $0.0009 → $0.0008 (-16.5%)

[20:52:58] Scan #1683
  636 USD pairs found
  636 tickers fetched
  F&G: 29 (Fear) | Market 24h: -2.5% | BTC dom: 58.4% [cache]
  No signals (636 pairs ready)
  Positions (1/3):
    SHAPE: entry $0.0009 → $0.0008 (-16.5%)

[20:58:07] Scan #1684
  636 USD pairs found
  636 tickers fetched
  F&G: 29 (Fear) | Market 24h: -2.7% | BTC dom: 58.4% [cache]
  No signals (636 pairs ready)
  Positions (1/3):
    SHAPE: entry $0.0009 → $0.0008 (-16.5%)

[21:03:16] Scan #1685
  636 USD pairs found
  636 tickers fetched
  F&G: 29 (Fear) | Market 24h: -2.9% | BTC dom: 58.3% [cache]
  No signals (636 pairs ready)
  Positions (1/3):
    SHAPE: entry $0.0009 → $0.0008 (-15.4%)

[21:08:27] Scan #1686
  636 USD pairs found
  636 tickers fetched
  F&G: 29 (Fear) | Market 24h: -2.9% | BTC dom: 58.4% [cache]
  No signals (636 pairs ready)
  Positions (1/3):
    SHAPE: entry $0.0009 → $0.0008 (-15.4%)

[21:13:36] Scan #1687
  636 USD pairs found
  636 tickers fetched
  F&G: 29 (Fear) | Market 24h: -2.9% | BTC dom: 58.3% [cache]
  No signals (636 pairs ready)
  Positions (1/3):
    SHAPE: entry $0.0009 → $0.0008 (-15.4%)

[21:18:45] Scan #1688
  636 USD pairs found
  636 tickers fetched
  F&G: 29 (Fear) | Market 24h: -3.0% | BTC dom: 58.3% [cache]
  No signals (636 pairs ready)
  Positions (1/3):
    SHAPE: entry $0.0009 → $0.0008 (-15.4%)

[21:23:54] Scan #1689
  636 USD pairs found
  636 tickers fetched
  F&G: 29 (Fear) | Market 24h: -3.0% | BTC dom: 58.3% [cache]
  No signals (636 pairs ready)
  Positions (1/3):
    SHAPE: entry $0.0009 → $0.0008 (-15.4%)

[21:29:03] Scan #1690
  636 USD pairs found
  636 tickers fetched
  F&G: 29 (Fear) | Market 24h: -2.8% | BTC dom: 58.3% [cache]
  No signals (636 pairs ready)
  Positions (1/3):
    SHAPE: entry $0.0009 → $0.0008 (-14.3%)

[21:34:13] Scan #1691
  636 USD pairs found
  636 tickers fetched
  F&G: 29 (Fear) | Market 24h: -2.7% | BTC dom: 58.3% [cache]
  No signals (636 pairs ready)
  Positions (1/3):
    SHAPE: entry $0.0009 → $0.0008 (-13.2%)

[21:39:22] Scan #1692
  636 USD pairs found
  636 tickers fetched
  F&G: 29 (Fear) | Market 24h: -2.7% | BTC dom: 58.3% [cache]
  No signals (636 pairs ready)
  Positions (1/3):
    SHAPE: entry $0.0009 → $0.0008 (-14.3%)

[21:44:31] Scan #1693
  636 USD pairs found
  636 tickers fetched
  F&G: 29 (Fear) | Market 24h: -2.7% | BTC dom: 58.3% [cache]
  No signals (636 pairs ready)
  Positions (1/3):
    SHAPE: entry $0.0009 → $0.0008 (-15.4%)

[21:49:40] Scan #1694
  636 USD pairs found
  636 tickers fetched
  F&G: 29 (Fear) | Market 24h: -2.7% | BTC dom: 58.3% [cache]
  No signals (636 pairs ready)
  Positions (1/3):
    SHAPE: entry $0.0009 → $0.0008 (-14.3%)

[21:54:49] Scan #1695
  636 USD pairs found
  636 tickers fetched
  F&G: 29 (Fear) | Market 24h: -2.8% | BTC dom: 58.3% [cache]
  No signals (636 pairs ready)
  Positions (1/3):
    SHAPE: entry $0.0009 → $0.0008 (-14.3%)

[21:59:59] Scan #1696
  636 USD pairs found
  636 tickers fetched
  F&G: 29 (Fear) | Market 24h: -2.8% | BTC dom: 58.3% [cache]
  No signals (636 pairs ready)
  Positions (1/3):
    SHAPE: entry $0.0009 → $0.0008 (-15.4%)

[22:05:08] Scan #1697
  636 USD pairs found
  636 tickers fetched
  F&G: 29 (Fear) | Market 24h: -2.9% | BTC dom: 58.3% [cache]
  No signals (636 pairs ready)
  Positions (1/3):
    SHAPE: entry $0.0009 → $0.0008 (-14.3%)

[22:10:17] Scan #1698
  636 USD pairs found
  636 tickers fetched
  F&G: 29 (Fear) | Market 24h: -2.7% | BTC dom: 58.3% [cache]
  No signals (636 pairs ready)
  Positions (1/3):
    SHAPE: entry $0.0009 → $0.0008 (-14.3%)

[22:15:26] Scan #1699
  636 USD pairs found
  636 tickers fetched
  F&G: 29 (Fear) | Market 24h: -2.8% | BTC dom: 58.3% [cache]
  No signals (636 pairs ready)
  Positions (1/3):
    SHAPE: entry $0.0009 → $0.0008 (-14.3%)

[22:20:35] Scan #1700
  636 USD pairs found
  636 tickers fetched
  F&G: 29 (Fear) | Market 24h: -2.8% | BTC dom: 58.3% [cache]
  No signals (636 pairs ready)
  Positions (1/3):
    SHAPE: entry $0.0009 → $0.0008 (-14.3%)

[22:25:44] Scan #1701
  636 USD pairs found
  636 tickers fetched
  F&G: 29 (Fear) | Market 24h: -2.9% | BTC dom: 58.3% [cache]
  No signals (636 pairs ready)
  Positions (1/3):
    SHAPE: entry $0.0009 → $0.0008 (-14.3%)

[22:30:54] Scan #1702
  636 USD pairs found
  636 tickers fetched
  F&G: 29 (Fear) | Market 24h: -3.0% | BTC dom: 58.3% [cache]
  No signals (636 pairs ready)
  Positions (1/3):
    SHAPE: entry $0.0009 → $0.0008 (-14.3%)

[22:36:03] Scan #1703
  636 USD pairs found
  636 tickers fetched
  F&G: 29 (Fear) | Market 24h: -3.3% | BTC dom: 58.3% [cache]
  No signals (636 pairs ready)
  Positions (1/3):
    SHAPE: entry $0.0009 → $0.0008 (-14.3%)

[22:41:12] Scan #1704
  636 USD pairs found
  636 tickers fetched
  F&G: 29 (Fear) | Market 24h: -3.3% | BTC dom: 58.3% [cache]
  No signals (636 pairs ready)
  Positions (1/3):
    SHAPE: entry $0.0009 → $0.0008 (-14.3%)

[22:46:21] Scan #1705
  636 USD pairs found
  636 tickers fetched
  F&G: 29 (Fear) | Market 24h: -3.4% | BTC dom: 58.3% [cache]
  No signals (636 pairs ready)
  Positions (1/3):
    SHAPE: entry $0.0009 → $0.0008 (-14.3%)

[22:51:30] Scan #1706
  636 USD pairs found
  636 tickers fetched
  F&G: 29 (Fear) | Market 24h: -3.5% | BTC dom: 58.3% [cache]
  No signals (636 pairs ready)
  Positions (1/3):
    SHAPE: entry $0.0009 → $0.0008 (-15.4%)

[22:56:39] Scan #1707
  636 USD pairs found
  636 tickers fetched
  F&G: 29 (Fear) | Market 24h: -3.4% | BTC dom: 58.3% [cache]
  No signals (636 pairs ready)
  Positions (1/3):
    SHAPE: entry $0.0009 → $0.0008 (-14.3%)

[23:01:49] Scan #1708
  636 USD pairs found
  636 tickers fetched
  F&G: 29 (Fear) | Market 24h: -3.4% | BTC dom: 58.3% [cache]
  No signals (636 pairs ready)
  Positions (1/3):
    SHAPE: entry $0.0009 → $0.0008 (-14.3%)

[23:06:58] Scan #1709
  636 USD pairs found
  636 tickers fetched
  F&G: 29 (Fear) | Market 24h: -3.3% | BTC dom: 58.3% [cache]
  No signals (636 pairs ready)
  Positions (1/3):
    SHAPE: entry $0.0009 → $0.0008 (-14.3%)

[23:12:07] Scan #1710
  636 USD pairs found
  636 tickers fetched
  F&G: 29 (Fear) | Market 24h: -3.3% | BTC dom: 58.3% [cache]
  No signals (636 pairs ready)
  Positions (1/3):
    SHAPE: entry $0.0009 → $0.0008 (-12.1%)

[23:17:16] Scan #1711
  636 USD pairs found
  636 tickers fetched
  F&G: 29 (Fear) | Market 24h: -3.4% | BTC dom: 58.3% [cache]
  No signals (636 pairs ready)
  Positions (1/3):
    SHAPE: entry $0.0009 → $0.0008 (-11.0%)

[23:22:25] Scan #1712
  636 USD pairs found
  636 tickers fetched
  F&G: 29 (Fear) | Market 24h: -3.3% | BTC dom: 58.3% [cache]
  No signals (636 pairs ready)
  Positions (1/3):
    SHAPE: entry $0.0009 → $0.0008 (-11.0%)

[23:27:35] Scan #1713
  636 USD pairs found
  636 tickers fetched
  F&G: 29 (Fear) | Market 24h: -3.4% | BTC dom: 58.3% [cache]
  No signals (636 pairs ready)
  Positions (1/3):
    SHAPE: entry $0.0009 → $0.0008 (-12.1%)

[23:32:44] Scan #1714
  636 USD pairs found
  636 tickers fetched
  F&G: 29 (Fear) | Market 24h: -3.5% | BTC dom: 58.2% [cache]
  No signals (636 pairs ready)
  Positions (1/3):
    SHAPE: entry $0.0009 → $0.0008 (-12.1%)

[23:37:53] Scan #1715
  636 USD pairs found
  636 tickers fetched
  F&G: 29 (Fear) | Market 24h: -3.5% | BTC dom: 58.3% [cache]
  No signals (636 pairs ready)
  Positions (1/3):
    SHAPE: entry $0.0009 → $0.0008 (-12.1%)

[23:43:02] Scan #1716
  636 USD pairs found
  636 tickers fetched
  F&G: 28 (Fear) | Market 24h: -3.4% | BTC dom: 58.3% [cache]
  No signals (636 pairs ready)
  Positions (1/3):
    SHAPE: entry $0.0009 → $0.0008 (-11.0%)

[23:48:11] Scan #1717
  636 USD pairs found
  636 tickers fetched
  F&G: 28 (Fear) | Market 24h: -3.4% | BTC dom: 58.3% [cache]
  No signals (636 pairs ready)
  Positions (1/3):
    SHAPE: entry $0.0009 → $0.0008 (-12.1%)

[23:53:20] Scan #1718
  636 USD pairs found
  636 tickers fetched
  F&G: 50 (Neutral) | Market 24h: +0.0% | BTC dom: 0.0% [cache]
  No signals (636 pairs ready)
  Positions (1/3):
    SHAPE: entry $0.0009 → $0.0008 (-11.0%)

[23:58:29] Scan #1719
  636 USD pairs found
  636 tickers fetched
  F&G: 50 (Neutral) | Market 24h: +0.0% | BTC dom: 0.0% [cache]
  No signals (636 pairs ready)
  Positions (1/3):
    SHAPE: entry $0.0009 → $0.0008 (-11.0%)

[00:03:39] Scan #1720
  636 USD pairs found
  636 tickers fetched
  F&G: 50 (Neutral) | Market 24h: +0.0% | BTC dom: 0.0% [cache]
  2 signals found:
    SLAY: +5.2% in 1h, vol $114k, activity 48.5x
    PTB: +5.6% in 1h, vol $478k, activity 48.0x
  [00:03:48] BUY 7000.0 SLAY @ ~$0.0011 (~$7.81)
  ✅ Order placed: {'txid': ['O4FW32-IQTRU-XGCJ3S'], 'descr': {'order': 'buy 7000.000 SLAYUSD @ market'}}
  [00:03:48] Bought: ['O4FW32-IQTRU-XGCJ3S']
  ✅ Order placed: {'txid': ['OPF2K2-BXU6S-OOSYUG'], 'descr': {'order': 'sell 7000.000 SLAYUSD @ stop loss 0.001026'}}
  [00:03:50] SL placed @ $0.001026 | TP target $0.0012 (bot loop)
  [00:03:51] BUY 8600.0 PTB @ ~$0.0017 (~$14.53)
  ✅ Order placed: {'txid': ['OQRA2G-RIGFG-N6APAM'], 'descr': {'order': 'buy 8600.00 PTBUSD @ market'}}
  [00:03:51] Bought: ['OQRA2G-RIGFG-N6APAM']
  ✅ Order placed: {'txid': ['OJTG2S-O3YPE-MFMH6U'], 'descr': {'order': 'sell 8600.00 PTBUSD @ stop loss 0.001555'}}
  [00:03:53] SL placed @ $0.001555 | TP target $0.0019 (bot loop)
  Positions (3/3):
    SHAPE: entry $0.0009 → $0.0008 (-11.0%)
    SLAY: entry $0.0011 → $0.0011 (+0.0%)
    PTB: entry $0.0017 → $0.0017 (+0.0%)

[00:08:54] Scan #1721
  636 USD pairs found
  636 tickers fetched
  F&G: 50 (Neutral) | Market 24h: +0.0% | BTC dom: 0.0% [cache]
  At max positions (3/3)
  Positions (3/3):
    SHAPE: entry $0.0009 → $0.0008 (-13.2%)
    SLAY: entry $0.0011 → $0.0011 (+1.0%)
    PTB: entry $0.0017 → $0.0017 (+0.6%)

[00:14:03] Scan #1722
  636 USD pairs found
  636 tickers fetched
  F&G: 50 (Neutral) | Market 24h: +0.0% | BTC dom: 0.0% [cache]
  At max positions (3/3)
  Positions (3/3):
    SHAPE: entry $0.0009 → $0.0008 (-8.8%)
    SLAY: entry $0.0011 → $0.0011 (+1.0%)
    PTB: entry $0.0017 → $0.0017 (+0.7%)

[00:19:12] Scan #1723
  636 USD pairs found
  636 tickers fetched
  [00:19:21] TP reached: SLAY +16.1% — selling @ $0.0013
  ✅ Cancelled: OPF2K2-BXU6S-OOSYUG
  ✅ Order placed: {'txid': ['OTZ4U2-LIVBU-GAGLUD'], 'descr': {'order': 'sell 7000.000 SLAYUSD @ market'}}
  F&G: 50 (Neutral) | Market 24h: +0.0% | BTC dom: 0.0% [cache]
  2 signals found:
    CPOOL: +3.5% in 1h, vol $150k, activity 5.9x
    AXS: +4.2% in 1h, vol $233k, activity 1.9x
  [00:19:23] Can't afford minimum for CPOOL
  [00:19:23] BUY 8.0 AXS @ ~$1.1080 (~$8.86)
  ✅ Order placed: {'txid': ['OZIW5F-GOO3R-ZMFEQI'], 'descr': {'order': 'buy 8.00000 AXSUSD @ market'}}
  [00:19:24] Bought: ['OZIW5F-GOO3R-ZMFEQI']
  ✅ Order placed: {'txid': ['OE5MB5-DLVTT-P7JEQR'], 'descr': {'order': 'sell 8.00000 AXSUSD @ stop loss 1.019'}}
  [00:19:26] SL placed @ $1.019 | TP target $1.2188 (bot loop)
  Positions (3/3):
    SHAPE: entry $0.0009 → $0.0008 (-8.8%)
    PTB: entry $0.0017 → $0.0017 (+0.3%)
    AXS: entry $1.1080 → $1.1080 (+0.0%)

[00:24:26] Scan #1724
  636 USD pairs found
  636 tickers fetched
  F&G: 50 (Neutral) | Market 24h: +0.0% | BTC dom: 0.0% [cache]
  At max positions (3/3)
  Positions (3/3):
    SHAPE: entry $0.0009 → $0.0008 (-11.0%)
    PTB: entry $0.0017 → $0.0017 (+1.4%)
    AXS: entry $1.1080 → $1.1030 (-0.5%)

[00:29:36] Scan #1725
  636 USD pairs found
  636 tickers fetched
  F&G: 50 (Neutral) | Market 24h: +0.0% | BTC dom: 0.0% [cache]
  At max positions (3/3)
  Positions (3/3):
    SHAPE: entry $0.0009 → $0.0008 (-11.0%)
    PTB: entry $0.0017 → $0.0017 (+2.0%)
    AXS: entry $1.1080 → $1.1070 (-0.1%)

[00:34:45] Scan #1726
  636 USD pairs found
  636 tickers fetched
  F&G: 50 (Neutral) | Market 24h: +0.0% | BTC dom: 0.0% [cache]
  At max positions (3/3)
  Positions (3/3):
    SHAPE: entry $0.0009 → $0.0008 (-11.0%)
    PTB: entry $0.0017 → $0.0017 (+2.0%)
    AXS: entry $1.1080 → $1.1050 (-0.3%)

[00:39:55] Scan #1727
  636 USD pairs found
  636 tickers fetched
  F&G: 50 (Neutral) | Market 24h: +0.0% | BTC dom: 0.0% [cache]
  At max positions (3/3)
  Positions (3/3):
    SHAPE: entry $0.0009 → $0.0008 (-11.0%)
    PTB: entry $0.0017 → $0.0017 (+2.0%)
    AXS: entry $1.1080 → $1.1000 (-0.7%)

[00:45:04] Scan #1728
  636 USD pairs found
  636 tickers fetched
  F&G: 50 (Neutral) | Market 24h: +0.0% | BTC dom: 0.0% [cache]
  At max positions (3/3)
  Positions (3/3):
    SHAPE: entry $0.0009 → $0.0008 (-12.1%)
    PTB: entry $0.0017 → $0.0017 (+2.0%)
    AXS: entry $1.1080 → $1.1010 (-0.6%)

[00:50:13] Scan #1729
  636 USD pairs found
  636 tickers fetched
  F&G: 50 (Neutral) | Market 24h: +0.0% | BTC dom: 0.0% [cache]
  At max positions (3/3)
  Positions (3/3):
    SHAPE: entry $0.0009 → $0.0008 (-11.0%)
    PTB: entry $0.0017 → $0.0017 (+2.0%)
    AXS: entry $1.1080 → $1.0990 (-0.8%)

[00:55:22] Scan #1730
  636 USD pairs found
  636 tickers fetched
  F&G: 50 (Neutral) | Market 24h: +0.0% | BTC dom: 0.0% [cache]
  At max positions (3/3)
  Positions (3/3):
    SHAPE: entry $0.0009 → $0.0008 (-11.0%)
    PTB: entry $0.0017 → $0.0017 (+2.0%)
    AXS: entry $1.1080 → $1.1040 (-0.4%)

[01:00:32] Scan #1731
  636 USD pairs found
  636 tickers fetched
  F&G: 50 (Neutral) | Market 24h: +0.0% | BTC dom: 0.0% [cache]
  At max positions (3/3)
  Positions (3/3):
    SHAPE: entry $0.0009 → $0.0008 (-9.9%)
    PTB: entry $0.0017 → $0.0017 (+1.5%)
    AXS: entry $1.1080 → $1.1100 (+0.2%)

[01:05:41] Scan #1732
  636 USD pairs found
  636 tickers fetched
  F&G: 50 (Neutral) | Market 24h: +0.0% | BTC dom: 0.0% [cache]
  At max positions (3/3)
  Positions (3/3):
    SHAPE: entry $0.0009 → $0.0008 (-11.0%)
    PTB: entry $0.0017 → $0.0017 (+1.5%)
    AXS: entry $1.1080 → $1.1130 (+0.5%)

[01:10:50] Scan #1733
  636 USD pairs found
  636 tickers fetched
  F&G: 50 (Neutral) | Market 24h: +0.0% | BTC dom: 0.0% [cache]
  At max positions (3/3)
  Positions (3/3):
    SHAPE: entry $0.0009 → $0.0008 (-11.0%)
    PTB: entry $0.0017 → $0.0017 (+1.5%)
    AXS: entry $1.1080 → $1.1160 (+0.7%)

[01:16:00] Scan #1734
  636 USD pairs found
  636 tickers fetched
  F&G: 50 (Neutral) | Market 24h: +0.0% | BTC dom: 0.0% [cache]
  At max positions (3/3)
  Positions (3/3):
    SHAPE: entry $0.0009 → $0.0008 (-8.8%)
    PTB: entry $0.0017 → $0.0017 (+1.6%)
    AXS: entry $1.1080 → $1.1140 (+0.5%)

[01:21:09] Scan #1735
  636 USD pairs found
  636 tickers fetched
  F&G: 50 (Neutral) | Market 24h: +0.0% | BTC dom: 0.0% [cache]
  At max positions (3/3)
  Positions (3/3):
    SHAPE: entry $0.0009 → $0.0008 (-12.1%)
    PTB: entry $0.0017 → $0.0017 (+1.1%)
    AXS: entry $1.1080 → $1.1160 (+0.7%)

[01:26:18] Scan #1736
  636 USD pairs found
  636 tickers fetched
  F&G: 50 (Neutral) | Market 24h: +0.0% | BTC dom: 0.0% [cache]
  At max positions (3/3)
  Positions (3/3):
    SHAPE: entry $0.0009 → $0.0008 (-11.0%)
    PTB: entry $0.0017 → $0.0017 (+1.5%)
    AXS: entry $1.1080 → $1.1140 (+0.5%)

[01:31:27] Scan #1737
  636 USD pairs found
  636 tickers fetched
  F&G: 50 (Neutral) | Market 24h: +0.0% | BTC dom: 0.0% [cache]
  At max positions (3/3)
  Positions (3/3):
    SHAPE: entry $0.0009 → $0.0008 (-11.0%)
    PTB: entry $0.0017 → $0.0017 (+0.9%)
    AXS: entry $1.1080 → $1.1140 (+0.5%)

[01:36:36] Scan #1738
  636 USD pairs found
  636 tickers fetched
  F&G: 50 (Neutral) | Market 24h: +0.0% | BTC dom: 0.0% [cache]
  At max positions (3/3)
  Positions (3/3):
    SHAPE: entry $0.0009 → $0.0008 (-8.8%)
    PTB: entry $0.0017 → $0.0017 (+0.9%)
    AXS: entry $1.1080 → $1.1140 (+0.5%)

[01:41:46] Scan #1739
  636 USD pairs found
  636 tickers fetched
  F&G: 50 (Neutral) | Market 24h: +0.0% | BTC dom: 0.0% [cache]
  At max positions (3/3)
  Positions (3/3):
    SHAPE: entry $0.0009 → $0.0008 (-9.9%)
    PTB: entry $0.0017 → $0.0017 (+1.3%)
    AXS: entry $1.1080 → $1.1130 (+0.5%)

[01:46:55] Scan #1740
  636 USD pairs found
  636 tickers fetched
  F&G: 50 (Neutral) | Market 24h: +0.0% | BTC dom: 0.0% [cache]
  At max positions (3/3)
  Positions (3/3):
    SHAPE: entry $0.0009 → $0.0008 (-12.1%)
    PTB: entry $0.0017 → $0.0017 (+1.3%)
    AXS: entry $1.1080 → $1.1110 (+0.3%)

[01:52:04] Scan #1741
  636 USD pairs found
  636 tickers fetched
  F&G: 50 (Neutral) | Market 24h: +0.0% | BTC dom: 0.0% [cache]
  At max positions (3/3)
  Positions (3/3):
    SHAPE: entry $0.0009 → $0.0008 (-8.8%)
    PTB: entry $0.0017 → $0.0017 (+1.3%)
    AXS: entry $1.1080 → $1.1110 (+0.3%)

[01:57:13] Scan #1742
  636 USD pairs found
  636 tickers fetched
  F&G: 50 (Neutral) | Market 24h: +0.0% | BTC dom: 0.0% [cache]
  At max positions (3/3)
  Positions (3/3):
    SHAPE: entry $0.0009 → $0.0008 (-8.8%)
    PTB: entry $0.0017 → $0.0017 (+1.3%)
    AXS: entry $1.1080 → $1.1110 (+0.3%)

[02:02:23] Scan #1743
  636 USD pairs found
  636 tickers fetched
  F&G: 50 (Neutral) | Market 24h: +0.0% | BTC dom: 0.0% [cache]
  At max positions (3/3)
  Positions (3/3):
    SHAPE: entry $0.0009 → $0.0008 (-8.8%)
    PTB: entry $0.0017 → $0.0017 (+1.1%)
    AXS: entry $1.1080 → $1.1140 (+0.5%)

[02:07:32] Scan #1744
  636 USD pairs found
  636 tickers fetched
  F&G: 50 (Neutral) | Market 24h: +0.0% | BTC dom: 0.0% [cache]
  At max positions (3/3)
  Positions (3/3):
    SHAPE: entry $0.0009 → $0.0008 (-9.9%)
    PTB: entry $0.0017 → $0.0017 (+1.1%)
    AXS: entry $1.1080 → $1.1150 (+0.6%)

[02:12:41] Scan #1745
  636 USD pairs found
  636 tickers fetched
  F&G: 50 (Neutral) | Market 24h: +0.0% | BTC dom: 0.0% [cache]
  At max positions (3/3)
  Positions (3/3):
    SHAPE: entry $0.0009 → $0.0008 (-8.8%)
    PTB: entry $0.0017 → $0.0017 (+1.1%)
    AXS: entry $1.1080 → $1.1160 (+0.7%)

[02:17:50] Scan #1746
  636 USD pairs found
  636 tickers fetched
  F&G: 50 (Neutral) | Market 24h: +0.0% | BTC dom: 0.0% [cache]
  At max positions (3/3)
  Positions (3/3):
    SHAPE: entry $0.0009 → $0.0008 (-16.5%)
    PTB: entry $0.0017 → $0.0017 (+2.0%)
    AXS: entry $1.1080 → $1.1120 (+0.4%)

[02:23:00] Scan #1747
  636 USD pairs found
  636 tickers fetched
  F&G: 50 (Neutral) | Market 24h: +0.0% | BTC dom: 0.0% [cache]
  At max positions (3/3)
  Positions (3/3):
    SHAPE: entry $0.0009 → $0.0008 (-9.9%)
    PTB: entry $0.0017 → $0.0017 (+1.7%)
    AXS: entry $1.1080 → $1.1110 (+0.3%)

[02:28:09] Scan #1748
  636 USD pairs found
  636 tickers fetched
  F&G: 50 (Neutral) | Market 24h: +0.0% | BTC dom: 0.0% [cache]
  At max positions (3/3)
  Positions (3/3):
    SHAPE: entry $0.0009 → $0.0008 (-6.6%)
    PTB: entry $0.0017 → $0.0017 (+1.7%)
    AXS: entry $1.1080 → $1.1170 (+0.8%)

[02:33:18] Scan #1749
  636 USD pairs found
  636 tickers fetched
  F&G: 50 (Neutral) | Market 24h: +0.0% | BTC dom: 0.0% [cache]
  At max positions (3/3)
  Positions (3/3):
    SHAPE: entry $0.0009 → $0.0008 (-9.9%)
    PTB: entry $0.0017 → $0.0017 (+1.7%)
    AXS: entry $1.1080 → $1.1220 (+1.3%)

[02:38:27] Scan #1750
  636 USD pairs found
  636 tickers fetched
  F&G: 50 (Neutral) | Market 24h: +0.0% | BTC dom: 0.0% [cache]
  At max positions (3/3)
  Positions (3/3):
    SHAPE: entry $0.0009 → $0.0008 (-9.9%)
    PTB: entry $0.0017 → $0.0017 (+1.7%)
    AXS: entry $1.1080 → $1.1220 (+1.3%)

[02:43:37] Scan #1751
  636 USD pairs found
  636 tickers fetched
  F&G: 50 (Neutral) | Market 24h: +0.0% | BTC dom: 0.0% [cache]
  At max positions (3/3)
  Positions (3/3):
    SHAPE: entry $0.0009 → $0.0008 (-11.0%)
    PTB: entry $0.0017 → $0.0017 (+2.6%)
    AXS: entry $1.1080 → $1.1200 (+1.1%)

[02:48:46] Scan #1752
  636 USD pairs found
  636 tickers fetched
  F&G: 50 (Neutral) | Market 24h: +0.0% | BTC dom: 0.0% [cache]
  At max positions (3/3)
  Positions (3/3):
    SHAPE: entry $0.0009 → $0.0009 (-5.5%)
    PTB: entry $0.0017 → $0.0017 (+2.6%)
    AXS: entry $1.1080 → $1.1190 (+1.0%)

[02:53:55] Scan #1753
  636 USD pairs found
  636 tickers fetched
  F&G: 50 (Neutral) | Market 24h: +0.0% | BTC dom: 0.0% [cache]
  At max positions (3/3)
  Positions (3/3):
    SHAPE: entry $0.0009 → $0.0008 (-9.9%)
    PTB: entry $0.0017 → $0.0018 (+3.6%)
    AXS: entry $1.1080 → $1.1230 (+1.4%)

[02:59:04] Scan #1754
  636 USD pairs found
  636 tickers fetched
  F&G: 50 (Neutral) | Market 24h: +0.0% | BTC dom: 0.0% [cache]
  At max positions (3/3)
  Positions (3/3):
    SHAPE: entry $0.0009 → $0.0008 (-11.0%)
    PTB: entry $0.0017 → $0.0018 (+4.5%)
    AXS: entry $1.1080 → $1.1270 (+1.7%)

[03:04:13] Scan #1755
  636 USD pairs found
  636 tickers fetched
  F&G: 50 (Neutral) | Market 24h: +0.0% | BTC dom: 0.0% [cache]
  At max positions (3/3)
  Positions (3/3):
    SHAPE: entry $0.0009 → $0.0008 (-8.8%)
    PTB: entry $0.0017 → $0.0018 (+5.3%)
    AXS: entry $1.1080 → $1.1290 (+1.9%)

[03:09:23] Scan #1756
  636 USD pairs found
  636 tickers fetched
  F&G: 50 (Neutral) | Market 24h: +0.0% | BTC dom: 0.0% [cache]
  At max positions (3/3)
  Positions (3/3):
    SHAPE: entry $0.0009 → $0.0008 (-14.3%)
    PTB: entry $0.0017 → $0.0018 (+5.3%)
    AXS: entry $1.1080 → $1.1240 (+1.4%)

[03:14:32] Scan #1757
  636 USD pairs found
  636 tickers fetched
  F&G: 50 (Neutral) | Market 24h: +0.0% | BTC dom: 0.0% [cache]
  At max positions (3/3)
  Positions (3/3):
    SHAPE: entry $0.0009 → $0.0008 (-16.5%)
    PTB: entry $0.0017 → $0.0018 (+5.2%)
    AXS: entry $1.1080 → $1.1280 (+1.8%)

[03:19:41] Scan #1758
  636 USD pairs found
  636 tickers fetched
  F&G: 50 (Neutral) | Market 24h: +0.0% | BTC dom: 0.0% [cache]
  At max positions (3/3)
  Positions (3/3):
    SHAPE: entry $0.0009 → $0.0008 (-12.1%)
    PTB: entry $0.0017 → $0.0018 (+5.2%)
    AXS: entry $1.1080 → $1.1300 (+2.0%)

[03:24:50] Scan #1759
  636 USD pairs found
  636 tickers fetched
  F&G: 50 (Neutral) | Market 24h: +0.0% | BTC dom: 0.0% [cache]
  At max positions (3/3)
  Positions (3/3):
    SHAPE: entry $0.0009 → $0.0008 (-8.8%)
    PTB: entry $0.0017 → $0.0018 (+5.2%)
    AXS: entry $1.1080 → $1.1240 (+1.4%)

[03:30:00] Scan #1760
  636 USD pairs found
  636 tickers fetched
  F&G: 50 (Neutral) | Market 24h: +0.0% | BTC dom: 0.0% [cache]
  At max positions (3/3)
  Positions (3/3):
    SHAPE: entry $0.0009 → $0.0008 (-12.1%)
    PTB: entry $0.0017 → $0.0018 (+5.9%)
    AXS: entry $1.1080 → $1.1290 (+1.9%)

[03:35:09] Scan #1761
  636 USD pairs found
  636 tickers fetched
  F&G: 50 (Neutral) | Market 24h: +0.0% | BTC dom: 0.0% [cache]
  At max positions (3/3)
  Positions (3/3):
    SHAPE: entry $0.0009 → $0.0008 (-12.1%)
    PTB: entry $0.0017 → $0.0018 (+5.6%)
    AXS: entry $1.1080 → $1.1360 (+2.5%)

[03:40:18] Scan #1762
  636 USD pairs found
  636 tickers fetched
  F&G: 50 (Neutral) | Market 24h: +0.0% | BTC dom: 0.0% [cache]
  At max positions (3/3)
  Positions (3/3):
    SHAPE: entry $0.0009 → $0.0008 (-13.2%)
    PTB: entry $0.0017 → $0.0018 (+5.8%)
    AXS: entry $1.1080 → $1.1550 (+4.2%)

[03:45:27] Scan #1763
  636 USD pairs found
  636 tickers fetched
  F&G: 50 (Neutral) | Market 24h: +0.0% | BTC dom: 0.0% [cache]
  At max positions (3/3)
  Positions (3/3):
    SHAPE: entry $0.0009 → $0.0008 (-11.0%)
    PTB: entry $0.0017 → $0.0018 (+5.7%)
    AXS: entry $1.1080 → $1.1530 (+4.1%)

[03:50:37] Scan #1764
  636 USD pairs found
  636 tickers fetched
  F&G: 50 (Neutral) | Market 24h: +0.0% | BTC dom: 0.0% [cache]
  At max positions (3/3)
  Positions (3/3):
    SHAPE: entry $0.0009 → $0.0008 (-12.1%)
    PTB: entry $0.0017 → $0.0018 (+6.6%)
    AXS: entry $1.1080 → $1.1450 (+3.3%)

[03:55:46] Scan #1765
  636 USD pairs found
  636 tickers fetched
  F&G: 50 (Neutral) | Market 24h: +0.0% | BTC dom: 0.0% [cache]
  At max positions (3/3)
  Positions (3/3):
    SHAPE: entry $0.0009 → $0.0008 (-12.1%)
    PTB: entry $0.0017 → $0.0018 (+6.2%)
    AXS: entry $1.1080 → $1.1330 (+2.3%)

[04:00:56] Scan #1766
  636 USD pairs found
  636 tickers fetched
  F&G: 50 (Neutral) | Market 24h: +0.0% | BTC dom: 0.0% [cache]
  At max positions (3/3)
  Positions (3/3):
    SHAPE: entry $0.0009 → $0.0008 (-12.1%)
    PTB: entry $0.0017 → $0.0018 (+7.0%)
    AXS: entry $1.1080 → $1.1310 (+2.1%)

[04:06:05] Scan #1767
  636 USD pairs found
  636 tickers fetched
  F&G: 50 (Neutral) | Market 24h: +0.0% | BTC dom: 0.0% [cache]
  At max positions (3/3)
  Positions (3/3):
    SHAPE: entry $0.0009 → $0.0008 (-9.9%)
    PTB: entry $0.0017 → $0.0018 (+6.7%)
    AXS: entry $1.1080 → $1.1300 (+2.0%)

[04:11:14] Scan #1768
  636 USD pairs found
  636 tickers fetched
  F&G: 50 (Neutral) | Market 24h: +0.0% | BTC dom: 0.0% [cache]
  At max positions (3/3)
  Positions (3/3):
    SHAPE: entry $0.0009 → $0.0008 (-8.8%)
    PTB: entry $0.0017 → $0.0018 (+6.9%)
    AXS: entry $1.1080 → $1.1260 (+1.6%)

[04:16:23] Scan #1769
  636 USD pairs found
  636 tickers fetched
  F&G: 50 (Neutral) | Market 24h: +0.0% | BTC dom: 0.0% [cache]
  At max positions (3/3)
  Positions (3/3):
    SHAPE: entry $0.0009 → $0.0008 (-8.8%)
    PTB: entry $0.0017 → $0.0018 (+7.0%)
    AXS: entry $1.1080 → $1.1340 (+2.3%)

[04:21:33] Scan #1770
  636 USD pairs found
  636 tickers fetched
  F&G: 50 (Neutral) | Market 24h: +0.0% | BTC dom: 0.0% [cache]
  At max positions (3/3)
  Positions (3/3):
    SHAPE: entry $0.0009 → $0.0008 (-12.1%)
    PTB: entry $0.0017 → $0.0018 (+7.2%)
    AXS: entry $1.1080 → $1.1340 (+2.3%)

[04:26:42] Scan #1771
  636 USD pairs found
  636 tickers fetched
  F&G: 50 (Neutral) | Market 24h: +0.0% | BTC dom: 0.0% [cache]
  At max positions (3/3)
  Positions (3/3):
    SHAPE: entry $0.0009 → $0.0008 (-12.1%)
    PTB: entry $0.0017 → $0.0018 (+7.3%)
    AXS: entry $1.1080 → $1.1380 (+2.7%)

[04:31:51] Scan #1772
  636 USD pairs found
  636 tickers fetched
  F&G: 50 (Neutral) | Market 24h: +0.0% | BTC dom: 0.0% [cache]
  At max positions (3/3)
  Positions (3/3):
    SHAPE: entry $0.0009 → $0.0008 (-12.1%)
    PTB: entry $0.0017 → $0.0018 (+7.3%)
    AXS: entry $1.1080 → $1.1420 (+3.1%)

[04:37:00] Scan #1773
  636 USD pairs found
  636 tickers fetched
  F&G: 50 (Neutral) | Market 24h: +0.0% | BTC dom: 0.0% [cache]
  At max positions (3/3)
  Positions (3/3):
    SHAPE: entry $0.0009 → $0.0008 (-14.3%)
    PTB: entry $0.0017 → $0.0018 (+8.2%)
    AXS: entry $1.1080 → $1.1430 (+3.2%)

[04:42:10] Scan #1774
  636 USD pairs found
  636 tickers fetched
  F&G: 50 (Neutral) | Market 24h: +0.0% | BTC dom: 0.0% [cache]
  At max positions (3/3)
  Positions (3/3):
    SHAPE: entry $0.0009 → $0.0008 (-13.2%)
    PTB: entry $0.0017 → $0.0018 (+8.2%)
    AXS: entry $1.1080 → $1.1480 (+3.6%)

[04:47:19] Scan #1775
  636 USD pairs found
  636 tickers fetched
  F&G: 50 (Neutral) | Market 24h: +0.0% | BTC dom: 0.0% [cache]
  At max positions (3/3)
  Positions (3/3):
    SHAPE: entry $0.0009 → $0.0008 (-13.2%)
    PTB: entry $0.0017 → $0.0018 (+7.8%)
    AXS: entry $1.1080 → $1.1430 (+3.2%)

[04:52:28] Scan #1776
  636 USD pairs found
  636 tickers fetched
  F&G: 50 (Neutral) | Market 24h: +0.0% | BTC dom: 0.0% [cache]
  At max positions (3/3)
  Positions (3/3):
    SHAPE: entry $0.0009 → $0.0008 (-14.3%)
    PTB: entry $0.0017 → $0.0018 (+8.2%)
    AXS: entry $1.1080 → $1.1430 (+3.2%)

[04:57:37] Scan #1777
  636 USD pairs found
  636 tickers fetched
  F&G: 50 (Neutral) | Market 24h: +0.0% | BTC dom: 0.0% [cache]
  At max positions (3/3)
  Positions (3/3):
    SHAPE: entry $0.0009 → $0.0008 (-14.3%)
    PTB: entry $0.0017 → $0.0018 (+8.8%)
    AXS: entry $1.1080 → $1.1430 (+3.2%)

[05:02:47] Scan #1778
  636 USD pairs found
  636 tickers fetched
  F&G: 50 (Neutral) | Market 24h: +0.0% | BTC dom: 0.0% [cache]
  At max positions (3/3)
  Positions (3/3):
    SHAPE: entry $0.0009 → $0.0008 (-14.3%)
    PTB: entry $0.0017 → $0.0018 (+8.8%)
    AXS: entry $1.1080 → $1.1410 (+3.0%)

[05:07:56] Scan #1779
  636 USD pairs found
  636 tickers fetched
  F&G: 50 (Neutral) | Market 24h: +0.0% | BTC dom: 0.0% [cache]
  At max positions (3/3)
  Positions (3/3):
    SHAPE: entry $0.0009 → $0.0008 (-14.3%)
    PTB: entry $0.0017 → $0.0018 (+9.4%)
    AXS: entry $1.1080 → $1.1370 (+2.6%)

[05:13:05] Scan #1780
  636 USD pairs found
  636 tickers fetched
  F&G: 50 (Neutral) | Market 24h: +0.0% | BTC dom: 0.0% [cache]
  At max positions (3/3)
  Positions (3/3):
    SHAPE: entry $0.0009 → $0.0008 (-14.3%)
    PTB: entry $0.0017 → $0.0018 (+9.4%)
    AXS: entry $1.1080 → $1.1390 (+2.8%)

[05:18:14] Scan #1781
  636 USD pairs found
  636 tickers fetched
  F&G: 50 (Neutral) | Market 24h: +0.0% | BTC dom: 0.0% [cache]
  At max positions (3/3)
  Positions (3/3):
    SHAPE: entry $0.0009 → $0.0008 (-14.3%)
    PTB: entry $0.0017 → $0.0018 (+9.4%)
    AXS: entry $1.1080 → $1.1360 (+2.5%)

[05:23:23] Scan #1782
  636 USD pairs found
  636 tickers fetched
  F&G: 50 (Neutral) | Market 24h: +0.0% | BTC dom: 0.0% [cache]
  At max positions (3/3)
  Positions (3/3):
    SHAPE: entry $0.0009 → $0.0008 (-14.3%)
    PTB: entry $0.0017 → $0.0019 (+9.7%)
    AXS: entry $1.1080 → $1.1340 (+2.3%)

[05:28:32] Scan #1783
  636 USD pairs found
  636 tickers fetched
  F&G: 50 (Neutral) | Market 24h: +0.0% | BTC dom: 0.0% [cache]
  At max positions (3/3)
  Positions (3/3):
    SHAPE: entry $0.0009 → $0.0008 (-14.3%)
    PTB: entry $0.0017 → $0.0019 (+9.8%)
    AXS: entry $1.1080 → $1.1310 (+2.1%)

[05:33:41] Scan #1784
  636 USD pairs found
  636 tickers fetched
  [05:33:50] SL fired: PTB (PTBUSD) ~-8.0%
  F&G: 50 (Neutral) | Market 24h: +0.0% | BTC dom: 0.0% [cache]
  No signals (636 pairs ready)
  Positions (2/3):
    SHAPE: entry $0.0009 → $0.0008 (-14.3%)
    AXS: entry $1.1080 → $1.1300 (+2.0%)

[05:38:51] Scan #1785
  636 USD pairs found
  636 tickers fetched
  F&G: 50 (Neutral) | Market 24h: +0.0% | BTC dom: 0.0% [cache]
  No signals (636 pairs ready)
  Positions (2/3):
    SHAPE: entry $0.0009 → $0.0008 (-14.3%)
    AXS: entry $1.1080 → $1.1320 (+2.2%)

[05:44:00] Scan #1786
  636 USD pairs found
  636 tickers fetched
  F&G: 50 (Neutral) | Market 24h: +0.0% | BTC dom: 0.0% [cache]
  No signals (636 pairs ready)
  Positions (2/3):
    SHAPE: entry $0.0009 → $0.0008 (-14.3%)
    AXS: entry $1.1080 → $1.1310 (+2.1%)

[05:49:09] Scan #1787
  636 USD pairs found
  636 tickers fetched
  F&G: 50 (Neutral) | Market 24h: +0.0% | BTC dom: 0.0% [cache]
  No signals (636 pairs ready)
  Positions (2/3):
    SHAPE: entry $0.0009 → $0.0008 (-13.2%)
    AXS: entry $1.1080 → $1.1340 (+2.3%)

[05:54:19] Scan #1788
  636 USD pairs found
  636 tickers fetched
  F&G: 50 (Neutral) | Market 24h: +0.0% | BTC dom: 0.0% [cache]
  No signals (636 pairs ready)
  Positions (2/3):
    SHAPE: entry $0.0009 → $0.0008 (-13.2%)
    AXS: entry $1.1080 → $1.1340 (+2.3%)

[05:59:28] Scan #1789
  636 USD pairs found
  636 tickers fetched
  F&G: 50 (Neutral) | Market 24h: +0.0% | BTC dom: 0.0% [cache]
  No signals (636 pairs ready)
  Positions (2/3):
    SHAPE: entry $0.0009 → $0.0008 (-13.2%)
    AXS: entry $1.1080 → $1.1330 (+2.3%)

[06:04:37] Scan #1790
  636 USD pairs found
  636 tickers fetched
  F&G: 50 (Neutral) | Market 24h: +0.0% | BTC dom: 0.0% [cache]
  2 signals found:
    ONDO: +3.4% in 1h, vol $1130k, activity 1.8x
    CFG: +3.3% in 1h, vol $103k, activity 1.7x
  [06:04:46] BUY 40.0 ONDO @ ~$0.2877 (~$11.51)
  ✅ Order placed: {'txid': ['OMNPJ2-45ZIV-SYAMRX'], 'descr': {'order': 'buy 40.000 ONDOUSD @ market'}}
  [06:04:46] Bought: ['OMNPJ2-45ZIV-SYAMRX']
  ✅ Order placed: {'txid': ['OCDN36-KQJZK-EGTSZV'], 'descr': {'order': 'sell 40.000 ONDOUSD @ stop loss 0.26469'}}
  [06:04:49] SL placed @ $0.26469 | TP target $0.3165 (bot loop)
  Positions (3/3):
    SHAPE: entry $0.0009 → $0.0008 (-13.2%)
    AXS: entry $1.1080 → $1.1370 (+2.6%)
    ONDO: entry $0.2877 → $0.2877 (+0.0%)

[06:09:49] Scan #1791
  636 USD pairs found
  636 tickers fetched
  F&G: 50 (Neutral) | Market 24h: +0.0% | BTC dom: 0.0% [cache]
  At max positions (3/3)
  Positions (3/3):
    SHAPE: entry $0.0009 → $0.0008 (-13.2%)
    AXS: entry $1.1080 → $1.1330 (+2.3%)
    ONDO: entry $0.2877 → $0.2889 (+0.4%)

[06:14:58] Scan #1792
  636 USD pairs found
  636 tickers fetched
  F&G: 50 (Neutral) | Market 24h: +0.0% | BTC dom: 0.0% [cache]
  At max positions (3/3)
  Positions (3/3):
    SHAPE: entry $0.0009 → $0.0008 (-15.4%)
    AXS: entry $1.1080 → $1.1330 (+2.3%)
    ONDO: entry $0.2877 → $0.2904 (+0.9%)

[06:20:07] Scan #1793
  636 USD pairs found
  636 tickers fetched
  F&G: 50 (Neutral) | Market 24h: +0.0% | BTC dom: 0.0% [cache]
  At max positions (3/3)
  Positions (3/3):
    SHAPE: entry $0.0009 → $0.0008 (-14.3%)
    AXS: entry $1.1080 → $1.1370 (+2.6%)
    ONDO: entry $0.2877 → $0.2894 (+0.6%)

[06:25:17] Scan #1794
  636 USD pairs found
  636 tickers fetched
  F&G: 50 (Neutral) | Market 24h: +0.0% | BTC dom: 0.0% [cache]
  At max positions (3/3)
  Positions (3/3):
    SHAPE: entry $0.0009 → $0.0008 (-13.2%)
    AXS: entry $1.1080 → $1.1350 (+2.4%)
    ONDO: entry $0.2877 → $0.2884 (+0.2%)

[06:30:26] Scan #1795
  636 USD pairs found
  636 tickers fetched
  F&G: 50 (Neutral) | Market 24h: +0.0% | BTC dom: 0.0% [cache]
  At max positions (3/3)
  Positions (3/3):
    SHAPE: entry $0.0009 → $0.0008 (-13.2%)
    AXS: entry $1.1080 → $1.1370 (+2.6%)
    ONDO: entry $0.2877 → $0.2890 (+0.5%)

[06:35:35] Scan #1796
  636 USD pairs found
  636 tickers fetched
  F&G: 50 (Neutral) | Market 24h: +0.0% | BTC dom: 0.0% [cache]
  At max positions (3/3)
  Positions (3/3):
    SHAPE: entry $0.0009 → $0.0008 (-14.3%)
    AXS: entry $1.1080 → $1.1410 (+3.0%)
    ONDO: entry $0.2877 → $0.2893 (+0.5%)

[06:40:44] Scan #1797
  636 USD pairs found
  636 tickers fetched
  F&G: 50 (Neutral) | Market 24h: +0.0% | BTC dom: 0.0% [cache]
  At max positions (3/3)
  Positions (3/3):
    SHAPE: entry $0.0009 → $0.0008 (-15.4%)
    AXS: entry $1.1080 → $1.1420 (+3.1%)
    ONDO: entry $0.2877 → $0.2883 (+0.2%)

[06:45:54] Scan #1798
  636 USD pairs found
  636 tickers fetched
  F&G: 50 (Neutral) | Market 24h: +0.0% | BTC dom: 0.0% [cache]
  At max positions (3/3)
  Positions (3/3):
    SHAPE: entry $0.0009 → $0.0008 (-14.3%)
    AXS: entry $1.1080 → $1.1500 (+3.8%)
    ONDO: entry $0.2877 → $0.2891 (+0.5%)

[06:51:04] Scan #1799
  636 USD pairs found
  636 tickers fetched
  F&G: 50 (Neutral) | Market 24h: +0.0% | BTC dom: 0.0% [cache]
  At max positions (3/3)
  Positions (3/3):
    SHAPE: entry $0.0009 → $0.0008 (-13.2%)
    AXS: entry $1.1080 → $1.1480 (+3.6%)
    ONDO: entry $0.2877 → $0.2881 (+0.1%)

[06:56:14] Scan #1800
  636 USD pairs found
  636 tickers fetched
  F&G: 50 (Neutral) | Market 24h: +0.0% | BTC dom: 0.0% [cache]
  At max positions (3/3)
  Positions (3/3):
    SHAPE: entry $0.0009 → $0.0008 (-14.3%)
    AXS: entry $1.1080 → $1.1440 (+3.2%)
    ONDO: entry $0.2877 → $0.2876 (-0.0%)

[07:01:23] Scan #1801
  636 USD pairs found
  636 tickers fetched
  F&G: 50 (Neutral) | Market 24h: +0.0% | BTC dom: 0.0% [cache]
  At max positions (3/3)
  Positions (3/3):
    SHAPE: entry $0.0009 → $0.0008 (-14.3%)
    AXS: entry $1.1080 → $1.1440 (+3.2%)
    ONDO: entry $0.2877 → $0.2858 (-0.7%)

[07:06:33] Scan #1802
  636 USD pairs found
  636 tickers fetched
  F&G: 50 (Neutral) | Market 24h: +0.0% | BTC dom: 0.0% [cache]
  At max positions (3/3)
  Positions (3/3):
    SHAPE: entry $0.0009 → $0.0008 (-14.3%)
    AXS: entry $1.1080 → $1.1470 (+3.5%)
    ONDO: entry $0.2877 → $0.2845 (-1.1%)

[07:11:43] Scan #1803
  636 USD pairs found
  636 tickers fetched
  F&G: 50 (Neutral) | Market 24h: +0.0% | BTC dom: 0.0% [cache]
  At max positions (3/3)
  Positions (3/3):
    SHAPE: entry $0.0009 → $0.0008 (-14.3%)
    AXS: entry $1.1080 → $1.1570 (+4.4%)
    ONDO: entry $0.2877 → $0.2836 (-1.4%)

[07:16:54] Scan #1804
  636 USD pairs found
  636 tickers fetched
  F&G: 50 (Neutral) | Market 24h: +0.0% | BTC dom: 0.0% [cache]
  At max positions (3/3)
  Positions (3/3):
    SHAPE: entry $0.0009 → $0.0008 (-14.3%)
    AXS: entry $1.1080 → $1.1560 (+4.3%)
    ONDO: entry $0.2877 → $0.2853 (-0.8%)

[07:22:03] Scan #1805
  636 USD pairs found
  636 tickers fetched
  F&G: 50 (Neutral) | Market 24h: +0.0% | BTC dom: 0.0% [cache]
  At max positions (3/3)
  Positions (3/3):
    SHAPE: entry $0.0009 → $0.0008 (-14.3%)
    AXS: entry $1.1080 → $1.1580 (+4.5%)
    ONDO: entry $0.2877 → $0.2881 (+0.1%)

[07:27:13] Scan #1806
  636 USD pairs found
  636 tickers fetched
  F&G: 50 (Neutral) | Market 24h: +0.0% | BTC dom: 0.0% [cache]
  At max positions (3/3)
  Positions (3/3):
    SHAPE: entry $0.0009 → $0.0008 (-13.2%)
    AXS: entry $1.1080 → $1.1530 (+4.1%)
    ONDO: entry $0.2877 → $0.2858 (-0.7%)

[07:32:23] Scan #1807
  636 USD pairs found
  636 tickers fetched
  F&G: 50 (Neutral) | Market 24h: +0.0% | BTC dom: 0.0% [cache]
  At max positions (3/3)
  Positions (3/3):
    SHAPE: entry $0.0009 → $0.0008 (-15.4%)
    AXS: entry $1.1080 → $1.1490 (+3.7%)
    ONDO: entry $0.2877 → $0.2845 (-1.1%)

[07:37:32] Scan #1808
  636 USD pairs found
  636 tickers fetched
  F&G: 50 (Neutral) | Market 24h: +0.0% | BTC dom: 0.0% [cache]
  At max positions (3/3)
  Positions (3/3):
    SHAPE: entry $0.0009 → $0.0008 (-15.4%)
    AXS: entry $1.1080 → $1.1440 (+3.2%)
    ONDO: entry $0.2877 → $0.2827 (-1.7%)

[07:42:43] Scan #1809
  636 USD pairs found
  636 tickers fetched
  F&G: 50 (Neutral) | Market 24h: +0.0% | BTC dom: 0.0% [cache]
  At max positions (3/3)
  Positions (3/3):
    SHAPE: entry $0.0009 → $0.0008 (-15.4%)
    AXS: entry $1.1080 → $1.1380 (+2.7%)
    ONDO: entry $0.2877 → $0.2814 (-2.2%)

[07:47:53] Scan #1810
  636 USD pairs found
  636 tickers fetched
  F&G: 50 (Neutral) | Market 24h: +0.0% | BTC dom: 0.0% [cache]
  At max positions (3/3)
  Positions (3/3):
    SHAPE: entry $0.0009 → $0.0008 (-15.4%)
    AXS: entry $1.1080 → $1.1360 (+2.5%)
    ONDO: entry $0.2877 → $0.2818 (-2.1%)

[07:53:03] Scan #1811
  636 USD pairs found
  636 tickers fetched
  F&G: 50 (Neutral) | Market 24h: +0.0% | BTC dom: 0.0% [cache]
  At max positions (3/3)
  Positions (3/3):
    SHAPE: entry $0.0009 → $0.0008 (-14.3%)
    AXS: entry $1.1080 → $1.1370 (+2.6%)
    ONDO: entry $0.2877 → $0.2819 (-2.0%)

[07:58:12] Scan #1812
  636 USD pairs found
  636 tickers fetched
  F&G: 50 (Neutral) | Market 24h: +0.0% | BTC dom: 0.0% [cache]
  At max positions (3/3)
  Positions (3/3):
    SHAPE: entry $0.0009 → $0.0008 (-13.2%)
    AXS: entry $1.1080 → $1.1370 (+2.6%)
    ONDO: entry $0.2877 → $0.2797 (-2.8%)

[08:03:23] Scan #1813
  636 USD pairs found
  636 tickers fetched
  F&G: 50 (Neutral) | Market 24h: +0.0% | BTC dom: 0.0% [cache]
  At max positions (3/3)
  Positions (3/3):
    SHAPE: entry $0.0009 → $0.0008 (-13.2%)
    AXS: entry $1.1080 → $1.1410 (+3.0%)
    ONDO: entry $0.2877 → $0.2813 (-2.2%)

[08:08:33] Scan #1814
  636 USD pairs found
  636 tickers fetched
  F&G: 50 (Neutral) | Market 24h: +0.0% | BTC dom: 0.0% [cache]
  At max positions (3/3)
  Positions (3/3):
    SHAPE: entry $0.0009 → $0.0008 (-13.2%)
    AXS: entry $1.1080 → $1.1400 (+2.9%)
    ONDO: entry $0.2877 → $0.2806 (-2.5%)

[08:13:42] Scan #1815
  636 USD pairs found
  636 tickers fetched
  F&G: 50 (Neutral) | Market 24h: +0.0% | BTC dom: 0.0% [cache]
  At max positions (3/3)
  Positions (3/3):
    SHAPE: entry $0.0009 → $0.0008 (-13.2%)
    AXS: entry $1.1080 → $1.1400 (+2.9%)
    ONDO: entry $0.2877 → $0.2799 (-2.7%)

[08:18:52] Scan #1816
  636 USD pairs found
  636 tickers fetched
  F&G: 50 (Neutral) | Market 24h: +0.0% | BTC dom: 0.0% [cache]
  At max positions (3/3)
  Positions (3/3):
    SHAPE: entry $0.0009 → $0.0008 (-13.2%)
    AXS: entry $1.1080 → $1.1370 (+2.6%)
    ONDO: entry $0.2877 → $0.2800 (-2.7%)

[08:24:02] Scan #1817
  636 USD pairs found
  636 tickers fetched
  F&G: 50 (Neutral) | Market 24h: +0.0% | BTC dom: 0.0% [cache]
  At max positions (3/3)
  Positions (3/3):
    SHAPE: entry $0.0009 → $0.0008 (-15.4%)
    AXS: entry $1.1080 → $1.1360 (+2.5%)
    ONDO: entry $0.2877 → $0.2789 (-3.1%)

[08:29:12] Scan #1818
  636 USD pairs found
  636 tickers fetched
  F&G: 50 (Neutral) | Market 24h: +0.0% | BTC dom: 0.0% [cache]
  At max positions (3/3)
  Positions (3/3):
    SHAPE: entry $0.0009 → $0.0008 (-15.4%)
    AXS: entry $1.1080 → $1.1350 (+2.4%)
    ONDO: entry $0.2877 → $0.2793 (-2.9%)

[08:34:21] Scan #1819
  636 USD pairs found
  636 tickers fetched
  F&G: 50 (Neutral) | Market 24h: +0.0% | BTC dom: 0.0% [cache]
  At max positions (3/3)
  Positions (3/3):
    SHAPE: entry $0.0009 → $0.0008 (-15.4%)
    AXS: entry $1.1080 → $1.1350 (+2.4%)
    ONDO: entry $0.2877 → $0.2789 (-3.1%)

[08:39:31] Scan #1820
  636 USD pairs found
  636 tickers fetched
  F&G: 50 (Neutral) | Market 24h: +0.0% | BTC dom: 0.0% [cache]
  At max positions (3/3)
  Positions (3/3):
    SHAPE: entry $0.0009 → $0.0008 (-15.4%)
    AXS: entry $1.1080 → $1.1190 (+1.0%)
    ONDO: entry $0.2877 → $0.2761 (-4.1%)

[08:44:41] Scan #1821
  636 USD pairs found
  636 tickers fetched
  F&G: 50 (Neutral) | Market 24h: +0.0% | BTC dom: 0.0% [cache]
  At max positions (3/3)
  Positions (3/3):
    SHAPE: entry $0.0009 → $0.0008 (-15.4%)
    AXS: entry $1.1080 → $1.1190 (+1.0%)
    ONDO: entry $0.2877 → $0.2758 (-4.1%)

[08:49:51] Scan #1822
  636 USD pairs found
  636 tickers fetched
  F&G: 50 (Neutral) | Market 24h: +0.0% | BTC dom: 0.0% [cache]
  At max positions (3/3)
  Positions (3/3):
    SHAPE: entry $0.0009 → $0.0008 (-15.4%)
    AXS: entry $1.1080 → $1.1260 (+1.6%)
    ONDO: entry $0.2877 → $0.2758 (-4.1%)

[08:55:00] Scan #1823
  636 USD pairs found
  636 tickers fetched
  F&G: 50 (Neutral) | Market 24h: +0.0% | BTC dom: 0.0% [cache]
  At max positions (3/3)
  Positions (3/3):
    SHAPE: entry $0.0009 → $0.0008 (-15.4%)
    AXS: entry $1.1080 → $1.1260 (+1.6%)
    ONDO: entry $0.2877 → $0.2784 (-3.2%)

[09:00:10] Scan #1824
  636 USD pairs found
  636 tickers fetched
  F&G: 50 (Neutral) | Market 24h: +0.0% | BTC dom: 0.0% [cache]
  At max positions (3/3)
  Positions (3/3):
    SHAPE: entry $0.0009 → $0.0008 (-15.4%)
    AXS: entry $1.1080 → $1.1260 (+1.6%)
    ONDO: entry $0.2877 → $0.2779 (-3.4%)

[09:05:20] Scan #1825
  636 USD pairs found
  636 tickers fetched
  F&G: 50 (Neutral) | Market 24h: +0.0% | BTC dom: 0.0% [cache]
  At max positions (3/3)
  Positions (3/3):
    SHAPE: entry $0.0009 → $0.0008 (-15.4%)
    AXS: entry $1.1080 → $1.1210 (+1.2%)
    ONDO: entry $0.2877 → $0.2759 (-4.1%)

[09:10:29] Scan #1826
  636 USD pairs found
  636 tickers fetched
  F&G: 50 (Neutral) | Market 24h: +0.0% | BTC dom: 0.0% [cache]
  At max positions (3/3)
  Positions (3/3):
    SHAPE: entry $0.0009 → $0.0008 (-15.4%)
    AXS: entry $1.1080 → $1.1170 (+0.8%)
    ONDO: entry $0.2877 → $0.2743 (-4.7%)

[09:15:39] Scan #1827
  636 USD pairs found
  636 tickers fetched
  F&G: 50 (Neutral) | Market 24h: +0.0% | BTC dom: 0.0% [cache]
  At max positions (3/3)
  Positions (3/3):
    SHAPE: entry $0.0009 → $0.0008 (-15.4%)
    AXS: entry $1.1080 → $1.1200 (+1.1%)
    ONDO: entry $0.2877 → $0.2746 (-4.6%)

[09:20:49] Scan #1828
  636 USD pairs found
  636 tickers fetched
  F&G: 50 (Neutral) | Market 24h: +0.0% | BTC dom: 0.0% [cache]
  At max positions (3/3)
  Positions (3/3):
    SHAPE: entry $0.0009 → $0.0008 (-15.4%)
    AXS: entry $1.1080 → $1.1220 (+1.3%)
    ONDO: entry $0.2877 → $0.2748 (-4.5%)

[09:25:58] Scan #1829
  636 USD pairs found
  636 tickers fetched
  F&G: 50 (Neutral) | Market 24h: +0.0% | BTC dom: 0.0% [cache]
  At max positions (3/3)
  Positions (3/3):
    SHAPE: entry $0.0009 → $0.0008 (-15.4%)
    AXS: entry $1.1080 → $1.1220 (+1.3%)
    ONDO: entry $0.2877 → $0.2756 (-4.2%)

[09:31:08] Scan #1830
  636 USD pairs found
  636 tickers fetched
  F&G: 50 (Neutral) | Market 24h: +0.0% | BTC dom: 0.0% [cache]
  At max positions (3/3)
  Positions (3/3):
    SHAPE: entry $0.0009 → $0.0008 (-15.4%)
    AXS: entry $1.1080 → $1.1250 (+1.5%)
    ONDO: entry $0.2877 → $0.2757 (-4.2%)

[09:36:18] Scan #1831
  636 USD pairs found
  636 tickers fetched
  F&G: 50 (Neutral) | Market 24h: +0.0% | BTC dom: 0.0% [cache]
  At max positions (3/3)
  Positions (3/3):
    SHAPE: entry $0.0009 → $0.0008 (-15.4%)
    AXS: entry $1.1080 → $1.1200 (+1.1%)
    ONDO: entry $0.2877 → $0.2738 (-4.8%)

[09:41:28] Scan #1832
  636 USD pairs found
  636 tickers fetched
  F&G: 50 (Neutral) | Market 24h: +0.0% | BTC dom: 0.0% [cache]
  At max positions (3/3)
  Positions (3/3):
    SHAPE: entry $0.0009 → $0.0008 (-15.4%)
    AXS: entry $1.1080 → $1.1190 (+1.0%)
    ONDO: entry $0.2877 → $0.2738 (-4.8%)

[09:46:37] Scan #1833
  636 USD pairs found
  636 tickers fetched
  F&G: 50 (Neutral) | Market 24h: +0.0% | BTC dom: 0.0% [cache]
  At max positions (3/3)
  Positions (3/3):
    SHAPE: entry $0.0009 → $0.0008 (-15.4%)
    AXS: entry $1.1080 → $1.1190 (+1.0%)
    ONDO: entry $0.2877 → $0.2738 (-4.8%)

[09:51:47] Scan #1834
  636 USD pairs found
  636 tickers fetched
  F&G: 50 (Neutral) | Market 24h: +0.0% | BTC dom: 0.0% [cache]
  At max positions (3/3)
  Positions (3/3):
    SHAPE: entry $0.0009 → $0.0008 (-15.4%)
    AXS: entry $1.1080 → $1.1210 (+1.2%)
    ONDO: entry $0.2877 → $0.2756 (-4.2%)

[09:56:57] Scan #1835
  636 USD pairs found
  636 tickers fetched
  F&G: 50 (Neutral) | Market 24h: +0.0% | BTC dom: 0.0% [cache]
  At max positions (3/3)
  Positions (3/3):
    SHAPE: entry $0.0009 → $0.0008 (-14.3%)
    AXS: entry $1.1080 → $1.1220 (+1.3%)
    ONDO: entry $0.2877 → $0.2762 (-4.0%)

[10:02:06] Scan #1836
  636 USD pairs found
  636 tickers fetched
  F&G: 50 (Neutral) | Market 24h: +0.0% | BTC dom: 0.0% [cache]
  At max positions (3/3)
  Positions (3/3):
    SHAPE: entry $0.0009 → $0.0008 (-14.3%)
    AXS: entry $1.1080 → $1.1190 (+1.0%)
    ONDO: entry $0.2877 → $0.2753 (-4.3%)

[10:07:16] Scan #1837
  636 USD pairs found
  636 tickers fetched
  F&G: 50 (Neutral) | Market 24h: +0.0% | BTC dom: 0.0% [cache]
  At max positions (3/3)
  Positions (3/3):
    SHAPE: entry $0.0009 → $0.0008 (-16.5%)
    AXS: entry $1.1080 → $1.1190 (+1.0%)
    ONDO: entry $0.2877 → $0.2771 (-3.7%)

[10:12:26] Scan #1838
  636 USD pairs found
  636 tickers fetched
  F&G: 50 (Neutral) | Market 24h: +0.0% | BTC dom: 0.0% [cache]
  At max positions (3/3)
  Positions (3/3):
    SHAPE: entry $0.0009 → $0.0008 (-15.4%)
    AXS: entry $1.1080 → $1.1190 (+1.0%)
    ONDO: entry $0.2877 → $0.2769 (-3.8%)

[10:17:36] Scan #1839
  636 USD pairs found
  636 tickers fetched
  F&G: 50 (Neutral) | Market 24h: +0.0% | BTC dom: 0.0% [cache]
  At max positions (3/3)
  Positions (3/3):
    SHAPE: entry $0.0009 → $0.0008 (-15.4%)
    AXS: entry $1.1080 → $1.1180 (+0.9%)
    ONDO: entry $0.2877 → $0.2770 (-3.7%)

[10:22:46] Scan #1840
  636 USD pairs found
  636 tickers fetched
  F&G: 50 (Neutral) | Market 24h: +0.0% | BTC dom: 0.0% [cache]
  At max positions (3/3)
  Positions (3/3):
    SHAPE: entry $0.0009 → $0.0008 (-15.4%)
    AXS: entry $1.1080 → $1.1170 (+0.8%)
    ONDO: entry $0.2877 → $0.2770 (-3.7%)

[10:27:56] Scan #1841
  636 USD pairs found
  636 tickers fetched
  F&G: 50 (Neutral) | Market 24h: +0.0% | BTC dom: 0.0% [cache]
  At max positions (3/3)
  Positions (3/3):
    SHAPE: entry $0.0009 → $0.0008 (-15.4%)
    AXS: entry $1.1080 → $1.1170 (+0.8%)
    ONDO: entry $0.2877 → $0.2775 (-3.5%)

[10:33:06] Scan #1842
  636 USD pairs found
  636 tickers fetched
  F&G: 50 (Neutral) | Market 24h: +0.0% | BTC dom: 0.0% [cache]
  At max positions (3/3)
  Positions (3/3):
    SHAPE: entry $0.0009 → $0.0008 (-15.4%)
    AXS: entry $1.1080 → $1.1180 (+0.9%)
    ONDO: entry $0.2877 → $0.2777 (-3.5%)

[10:38:15] Scan #1843
  636 USD pairs found
  636 tickers fetched
  F&G: 50 (Neutral) | Market 24h: +0.0% | BTC dom: 0.0% [cache]
  At max positions (3/3)
  Positions (3/3):
    SHAPE: entry $0.0009 → $0.0007 (-18.7%)
    AXS: entry $1.1080 → $1.1110 (+0.3%)
    ONDO: entry $0.2877 → $0.2763 (-4.0%)

[10:43:25] Scan #1844
  636 USD pairs found
  636 tickers fetched
  F&G: 50 (Neutral) | Market 24h: +0.0% | BTC dom: 0.0% [cache]
  At max positions (3/3)
  Positions (3/3):
    SHAPE: entry $0.0009 → $0.0008 (-16.5%)
    AXS: entry $1.1080 → $1.1070 (-0.1%)
    ONDO: entry $0.2877 → $0.2746 (-4.6%)

[10:48:35] Scan #1845
  636 USD pairs found
  636 tickers fetched
  F&G: 50 (Neutral) | Market 24h: +0.0% | BTC dom: 0.0% [cache]
  At max positions (3/3)
  Positions (3/3):
    SHAPE: entry $0.0009 → $0.0008 (-17.6%)
    AXS: entry $1.1080 → $1.1010 (-0.6%)
    ONDO: entry $0.2877 → $0.2729 (-5.1%)

[10:53:45] Scan #1846
  636 USD pairs found
  636 tickers fetched
  F&G: 50 (Neutral) | Market 24h: +0.0% | BTC dom: 0.0% [cache]
  At max positions (3/3)
  Positions (3/3):
    SHAPE: entry $0.0009 → $0.0008 (-17.6%)
    AXS: entry $1.1080 → $1.1030 (-0.5%)
    ONDO: entry $0.2877 → $0.2714 (-5.7%)

[10:58:55] Scan #1847
  636 USD pairs found
  636 tickers fetched
  F&G: 50 (Neutral) | Market 24h: +0.0% | BTC dom: 0.0% [cache]
  At max positions (3/3)
  Positions (3/3):
    SHAPE: entry $0.0009 → $0.0008 (-17.6%)
    AXS: entry $1.1080 → $1.0960 (-1.1%)
    ONDO: entry $0.2877 → $0.2677 (-6.9%)

[11:04:04] Scan #1848
  636 USD pairs found
  636 tickers fetched
  F&G: 50 (Neutral) | Market 24h: +0.0% | BTC dom: 0.0% [cache]
  At max positions (3/3)
  Positions (3/3):
    SHAPE: entry $0.0009 → $0.0008 (-17.6%)
    AXS: entry $1.1080 → $1.0970 (-1.0%)
    ONDO: entry $0.2877 → $0.2682 (-6.8%)

[11:09:13] Scan #1849
  636 USD pairs found
  636 tickers fetched
  F&G: 50 (Neutral) | Market 24h: +0.0% | BTC dom: 0.0% [cache]
  At max positions (3/3)
  Positions (3/3):
    SHAPE: entry $0.0009 → $0.0008 (-17.6%)
    AXS: entry $1.1080 → $1.0970 (-1.0%)
    ONDO: entry $0.2877 → $0.2682 (-6.8%)

[11:14:22] Scan #1850
  636 USD pairs found
  636 tickers fetched
  F&G: 50 (Neutral) | Market 24h: +0.0% | BTC dom: 0.0% [cache]
  At max positions (3/3)
  Positions (3/3):
    SHAPE: entry $0.0009 → $0.0008 (-17.6%)
    AXS: entry $1.1080 → $1.0980 (-0.9%)
    ONDO: entry $0.2877 → $0.2689 (-6.5%)

[11:19:32] Scan #1851
  636 USD pairs found
  636 tickers fetched
  F&G: 50 (Neutral) | Market 24h: +0.0% | BTC dom: 0.0% [cache]
  At max positions (3/3)
  Positions (3/3):
    SHAPE: entry $0.0009 → $0.0008 (-17.6%)
    AXS: entry $1.1080 → $1.1020 (-0.5%)
    ONDO: entry $0.2877 → $0.2700 (-6.1%)

[11:24:41] Scan #1852
  636 USD pairs found
  636 tickers fetched
  F&G: 50 (Neutral) | Market 24h: +0.0% | BTC dom: 0.0% [cache]
  At max positions (3/3)
  Positions (3/3):
    SHAPE: entry $0.0009 → $0.0008 (-17.6%)
    AXS: entry $1.1080 → $1.1010 (-0.6%)
    ONDO: entry $0.2877 → $0.2694 (-6.4%)

[11:29:50] Scan #1853
  636 USD pairs found
  636 tickers fetched
  F&G: 50 (Neutral) | Market 24h: +0.0% | BTC dom: 0.0% [cache]
  At max positions (3/3)
  Positions (3/3):
    SHAPE: entry $0.0009 → $0.0008 (-17.6%)
    AXS: entry $1.1080 → $1.1010 (-0.6%)
    ONDO: entry $0.2877 → $0.2696 (-6.3%)

[11:34:59] Scan #1854
  636 USD pairs found
  636 tickers fetched
  F&G: 50 (Neutral) | Market 24h: +0.0% | BTC dom: 0.0% [cache]
  At max positions (3/3)
  Positions (3/3):
    SHAPE: entry $0.0009 → $0.0008 (-17.6%)
    AXS: entry $1.1080 → $1.1010 (-0.6%)
    ONDO: entry $0.2877 → $0.2701 (-6.1%)

[11:40:08] Scan #1855
  636 USD pairs found
  636 tickers fetched
  F&G: 50 (Neutral) | Market 24h: +0.0% | BTC dom: 0.0% [cache]
  At max positions (3/3)
  Positions (3/3):
    SHAPE: entry $0.0009 → $0.0007 (-18.7%)
    AXS: entry $1.1080 → $1.1010 (-0.6%)
    ONDO: entry $0.2877 → $0.2693 (-6.4%)

[11:45:18] Scan #1856
  636 USD pairs found
  636 tickers fetched
  F&G: 50 (Neutral) | Market 24h: +0.0% | BTC dom: 0.0% [cache]
  At max positions (3/3)
  Positions (3/3):
    SHAPE: entry $0.0009 → $0.0008 (-17.6%)
    AXS: entry $1.1080 → $1.1010 (-0.6%)
    ONDO: entry $0.2877 → $0.2676 (-7.0%)

[11:50:27] Scan #1857
  636 USD pairs found
  636 tickers fetched
  F&G: 50 (Neutral) | Market 24h: +0.0% | BTC dom: 0.0% [cache]
  At max positions (3/3)
  Positions (3/3):
    SHAPE: entry $0.0009 → $0.0008 (-17.6%)
    AXS: entry $1.1080 → $1.1000 (-0.7%)
    ONDO: entry $0.2877 → $0.2678 (-6.9%)

[11:55:37] Scan #1858
  636 USD pairs found
  636 tickers fetched
  F&G: 50 (Neutral) | Market 24h: +0.0% | BTC dom: 0.0% [cache]
  At max positions (3/3)
  Positions (3/3):
    SHAPE: entry $0.0009 → $0.0008 (-17.6%)
    AXS: entry $1.1080 → $1.0970 (-1.0%)
    ONDO: entry $0.2877 → $0.2672 (-7.1%)

[12:00:46] Scan #1859
  636 USD pairs found
  636 tickers fetched
  F&G: 50 (Neutral) | Market 24h: +0.0% | BTC dom: 0.0% [cache]
  At max positions (3/3)
  Positions (3/3):
    SHAPE: entry $0.0009 → $0.0008 (-17.6%)
    AXS: entry $1.1080 → $1.0970 (-1.0%)
    ONDO: entry $0.2877 → $0.2665 (-7.4%)

[12:05:56] Scan #1860
  636 USD pairs found
  636 tickers fetched
  F&G: 50 (Neutral) | Market 24h: +0.0% | BTC dom: 0.0% [cache]
  At max positions (3/3)
  Positions (3/3):
    SHAPE: entry $0.0009 → $0.0008 (-17.6%)
    AXS: entry $1.1080 → $1.0950 (-1.2%)
    ONDO: entry $0.2877 → $0.2648 (-7.9%)

[12:11:06] Scan #1861
  636 USD pairs found
  636 tickers fetched
  F&G: 50 (Neutral) | Market 24h: +0.0% | BTC dom: 0.0% [cache]
  At max positions (3/3)
  Positions (3/3):
    SHAPE: entry $0.0009 → $0.0007 (-18.7%)
    AXS: entry $1.1080 → $1.0950 (-1.2%)
    ONDO: entry $0.2877 → $0.2653 (-7.8%)

[12:16:15] Scan #1862
  636 USD pairs found
  636 tickers fetched
  [12:16:24] SL fired: ONDO (ONDOUSD) ~-8.0%
  F&G: 50 (Neutral) | Market 24h: +0.0% | BTC dom: 0.0% [cache]
  No signals (636 pairs ready)
  Positions (2/3):
    SHAPE: entry $0.0009 → $0.0007 (-18.7%)
    AXS: entry $1.1080 → $1.0940 (-1.3%)

[12:21:25] Scan #1863
  636 USD pairs found
  636 tickers fetched
  F&G: 50 (Neutral) | Market 24h: +0.0% | BTC dom: 0.0% [cache]
  No signals (636 pairs ready)
  Positions (2/3):
    SHAPE: entry $0.0009 → $0.0008 (-17.6%)
    AXS: entry $1.1080 → $1.0930 (-1.4%)

[12:26:35] Scan #1864
  636 USD pairs found
  636 tickers fetched
  F&G: 50 (Neutral) | Market 24h: +0.0% | BTC dom: 0.0% [cache]
  No signals (636 pairs ready)
  Positions (2/3):
    SHAPE: entry $0.0009 → $0.0008 (-17.6%)
    AXS: entry $1.1080 → $1.0900 (-1.6%)

[12:31:44] Scan #1865
  636 USD pairs found
  636 tickers fetched
  F&G: 50 (Neutral) | Market 24h: +0.0% | BTC dom: 0.0% [cache]
  No signals (636 pairs ready)
  Positions (2/3):
    SHAPE: entry $0.0009 → $0.0008 (-17.6%)
    AXS: entry $1.1080 → $1.0890 (-1.7%)

[12:36:54] Scan #1866
  636 USD pairs found
  636 tickers fetched
  F&G: 50 (Neutral) | Market 24h: +0.0% | BTC dom: 0.0% [cache]
  No signals (636 pairs ready)
  Positions (2/3):
    SHAPE: entry $0.0009 → $0.0008 (-16.5%)
    AXS: entry $1.1080 → $1.0880 (-1.8%)

[12:42:04] Scan #1867
  636 USD pairs found
  636 tickers fetched
  F&G: 50 (Neutral) | Market 24h: +0.0% | BTC dom: 0.0% [cache]
  No signals (636 pairs ready)
  Positions (2/3):
    SHAPE: entry $0.0009 → $0.0008 (-16.5%)
    AXS: entry $1.1080 → $1.0890 (-1.7%)

[12:47:13] Scan #1868
  636 USD pairs found
  636 tickers fetched
  F&G: 50 (Neutral) | Market 24h: +0.0% | BTC dom: 0.0% [cache]
  No signals (636 pairs ready)
  Positions (2/3):
    SHAPE: entry $0.0009 → $0.0008 (-16.5%)
    AXS: entry $1.1080 → $1.0920 (-1.4%)

[12:52:23] Scan #1869
  636 USD pairs found
  636 tickers fetched
  F&G: 50 (Neutral) | Market 24h: +0.0% | BTC dom: 0.0% [cache]
  No signals (636 pairs ready)
  Positions (2/3):
    SHAPE: entry $0.0009 → $0.0008 (-16.5%)
    AXS: entry $1.1080 → $1.0920 (-1.4%)

[12:57:32] Scan #1870
  636 USD pairs found
  636 tickers fetched
  F&G: 50 (Neutral) | Market 24h: +0.0% | BTC dom: 0.0% [cache]
  No signals (636 pairs ready)
  Positions (2/3):
    SHAPE: entry $0.0009 → $0.0008 (-16.5%)
    AXS: entry $1.1080 → $1.0980 (-0.9%)

[13:02:41] Scan #1871
  636 USD pairs found
  636 tickers fetched
  F&G: 50 (Neutral) | Market 24h: +0.0% | BTC dom: 0.0% [cache]
  No signals (636 pairs ready)
  Positions (2/3):
    SHAPE: entry $0.0009 → $0.0008 (-16.5%)
    AXS: entry $1.1080 → $1.1010 (-0.6%)

[13:07:51] Scan #1872
  636 USD pairs found
  636 tickers fetched
  F&G: 50 (Neutral) | Market 24h: +0.0% | BTC dom: 0.0% [cache]
  No signals (636 pairs ready)
  Positions (2/3):
    SHAPE: entry $0.0009 → $0.0008 (-15.4%)
    AXS: entry $1.1080 → $1.0990 (-0.8%)

[13:13:01] Scan #1873
  636 USD pairs found
  636 tickers fetched
  F&G: 50 (Neutral) | Market 24h: +0.0% | BTC dom: 0.0% [cache]
  No signals (636 pairs ready)
  Positions (2/3):
    SHAPE: entry $0.0009 → $0.0008 (-16.5%)
    AXS: entry $1.1080 → $1.0970 (-1.0%)

[13:18:10] Scan #1874
  636 USD pairs found
  636 tickers fetched
  F&G: 50 (Neutral) | Market 24h: +0.0% | BTC dom: 0.0% [cache]
 bash: line 1: python: command not found
