
============================================================
  BOT MONITOR — 2026-03-15 15:00:01
============================================================

  [Health Check]
  All bots running

  [Learning]
  Not enough closed trades yet for tuning

  [Protection]
  All eligible positions protected

  [Summary]
  Bots running: 8/8

============================================================


============================================================
  BOT MONITOR — 2026-03-15 15:30:01
============================================================

  [Health Check]
  All bots running

  [Learning]
  Not enough closed trades yet for tuning

  [Protection]
  All eligible positions protected

  [Summary]
  Bots running: 8/8

============================================================


============================================================
  BOT MONITOR — 2026-03-15 16:00:01
============================================================

  [Health Check]
  All bots running

  [Learning]
  Not enough closed trades yet for tuning

  [Protection]
  [2026-03-15 16:00:04] STALE SL: NIGHTUSD price $0.0500 < SL $0.0513 — selling
  ✅ Cancelled: ODNVFO-2M6FK-Q3T5OR
  ✅ Order placed: {'txid': ['OV7N3S-VJBTV-SJ6GR7'], 'descr': {'order': 'sell 50.00 NIGHTUSD @ market'}}
  [2026-03-15 16:00:05]   SOLD NIGHTUSD: price below SL ($0.0500 < $0.0513)
  [2026-03-15 16:00:06] STALE SL: ALCXUSD price $5.0200 < SL $7.7200 — selling
  ✅ Cancelled: OKN4MN-UQFCY-OFCQHN
  ✅ Order placed: {'txid': ['OGNSF6-F7UT7-5MFX5B'], 'descr': {'order': 'sell 0.15000 ALCXUSD @ market'}}
  [2026-03-15 16:00:08]   SOLD ALCXUSD: price below SL ($5.0200 < $7.7200)
  [2026-03-15 16:00:08] STALE SL: DOTUSD price $1.4183 < SL $1.4186 — selling
  ✅ Cancelled: OV254R-WANTT-W32ZUE
  ✅ Order placed: {'txid': ['OGXWUA-4UC2U-QNGTNS'], 'descr': {'order': 'sell 1.80000000 DOTUSD @ market'}}
  [2026-03-15 16:00:10]   SOLD DOTUSD: price below SL ($1.4183 < $1.4186)
  ❌ Order error: ['EOrder:Invalid price:ALCX/USD price can only be specified up to 2 decimals.']
  [2026-03-15 16:00:11] Failed to protect ALCX: ['EOrder:Invalid price:ALCX/USD price can only be specified up to 2 decimals.']
  ❌ Order error: ['EOrder:Invalid price:DOT/USD price can only be specified up to 4 decimals.']
  [2026-03-15 16:00:11] Failed to protect DOT: ['EOrder:Invalid price:DOT/USD price can only be specified up to 4 decimals.']

  [Summary]
  Bots running: 9/9

============================================================


============================================================
  BOT MONITOR — 2026-03-15 16:30:01
============================================================

  [Health Check]
  All bots running

  [Learning]
  Not enough closed trades yet for tuning

  [Protection]
  [2026-03-15 16:30:04] STALE SL: NIGHTUSD price $0.0500 < SL $0.0502 — selling
  ✅ Cancelled: OOX46Y-6TVKC-7RNXP4
  ✅ Order placed: {'txid': ['OH6LVY-3NBYS-WCUEXH'], 'descr': {'order': 'sell 50.00 NIGHTUSD @ market'}}
  [2026-03-15 16:30:05]   SOLD NIGHTUSD: price below SL ($0.0500 < $0.0502)
  ❌ Order error: ['EOrder:Invalid price:NIGHT/USD price can only be specified up to 5 decimals.']
  [2026-03-15 16:30:08] Failed to protect NIGHT: ['EOrder:Invalid price:NIGHT/USD price can only be specified up to 5 decimals.']

  [Summary]
  Bots running: 9/9

============================================================


============================================================
  BOT MONITOR — 2026-03-15 17:00:01
============================================================

  [Health Check]
  All bots running

  [Learning]
  Not enough closed trades yet for tuning

  [Protection]
  All eligible positions protected

  [Summary]
  Bots running: 10/10

============================================================


============================================================
  BOT MONITOR — 2026-03-15 17:30:01
============================================================

  [Health Check]
  All bots running

  [Learning]
  Not enough closed trades yet for tuning

  [Protection]
  [2026-03-15 17:30:03] STALE SL: XCNUSD price $0.0059 < SL $0.0059 — selling
  ✅ Cancelled: OEILN4-46XKM-F4JJ6U
  ✅ Order placed: {'txid': ['OH2LWK-AJO7F-JSL7WN'], 'descr': {'order': 'sell 900.00 XCNUSD @ market'}}
  [2026-03-15 17:30:04]   SOLD XCNUSD: price below SL ($0.0059 < $0.0059)
  ❌ Order error: ['EOrder:Invalid price:XCN/USD price can only be specified up to 5 decimals.']
  [2026-03-15 17:30:07] Failed to protect XCN: ['EOrder:Invalid price:XCN/USD price can only be specified up to 5 decimals.']

  [Summary]
  Bots running: 10/10

============================================================


============================================================
  BOT MONITOR — 2026-03-15 18:00:01
============================================================

  [Health Check]
  All bots running

  [Learning]
  Not enough closed trades yet for tuning

  [Protection]
  All eligible positions protected

  [Summary]
  Bots running: 10/10

============================================================


============================================================
  BOT MONITOR — 2026-03-15 18:30:01
============================================================

  [Health Check]
  All bots running

  [Learning]
  Not enough closed trades yet for tuning

  [Protection]
  All eligible positions protected

  [Summary]
  Bots running: 10/10

============================================================


============================================================
  BOT MONITOR — 2026-03-15 19:00:02
============================================================

  [Health Check]
  All bots running

  [Learning]
  Not enough closed trades yet for tuning

  [Protection]
  All eligible positions protected

  [Summary]
  Bots running: 10/10

============================================================


============================================================
  BOT MONITOR — 2026-03-15 19:30:01
============================================================

  [Health Check]
  All bots running

  [Learning]
  Not enough closed trades yet for tuning

  [Protection]
  ❌ Order error: ['EOrder:Invalid price:TAO/USD price can only be specified up to 4 decimals.']
  [2026-03-15 19:30:05] Failed to protect TAO: ['EOrder:Invalid price:TAO/USD price can only be specified up to 4 decimals.']
  All eligible positions protected

  [Summary]
  Bots running: 10/10

============================================================


============================================================
  BOT MONITOR — 2026-03-15 20:00:01
============================================================

  [Health Check]
  All bots running

  [Learning]
  Not enough closed trades yet for tuning

  [Protection]
  ❌ Order error: ['EOrder:Invalid price:TAO/USD price can only be specified up to 4 decimals.']
  [2026-03-15 20:00:12] Failed to protect TAO: ['EOrder:Invalid price:TAO/USD price can only be specified up to 4 decimals.']
  All eligible positions protected

  [Summary]
  Bots running: 10/10

============================================================


============================================================
  BOT MONITOR — 2026-03-15 20:30:01
============================================================

  [Health Check]
  All bots running

  [Learning]
  Not enough closed trades yet for tuning

  [Protection]
  ❌ Order error: ['EOrder:Invalid price:TAO/USD price can only be specified up to 4 decimals.']
  [2026-03-15 20:30:05] Failed to protect TAO: ['EOrder:Invalid price:TAO/USD price can only be specified up to 4 decimals.']
  All eligible positions protected

  [Summary]
  Bots running: 10/10

============================================================


============================================================
  BOT MONITOR — 2026-03-15 21:00:01
============================================================

  [Health Check]
  All bots running

  [Learning]
  Not enough closed trades yet for tuning

  [Protection]
  ❌ Order error: ['EOrder:Invalid price:TAO/USD price can only be specified up to 4 decimals.']
  [2026-03-15 21:00:05] Failed to protect TAO: ['EOrder:Invalid price:TAO/USD price can only be specified up to 4 decimals.']
  All eligible positions protected

  [Summary]
  Bots running: 10/10

============================================================


============================================================
  BOT MONITOR — 2026-03-15 21:30:02
============================================================

  [Health Check]
  All bots running

  [Learning]
  Not enough closed trades yet for tuning

  [Protection]
  ❌ Order error: ['EOrder:Invalid price:TAO/USD price can only be specified up to 4 decimals.']
  [2026-03-15 21:30:05] Failed to protect TAO: ['EOrder:Invalid price:TAO/USD price can only be specified up to 4 decimals.']
  All eligible positions protected

  [Summary]
  Bots running: 10/10

============================================================


============================================================
  BOT MONITOR — 2026-03-15 22:00:01
============================================================

  [Health Check]
  All bots running

  [Learning]
  Not enough closed trades yet for tuning

  [Protection]
  ❌ Order error: ['EOrder:Invalid price:TAO/USD price can only be specified up to 4 decimals.']
  [2026-03-15 22:00:05] Failed to protect TAO: ['EOrder:Invalid price:TAO/USD price can only be specified up to 4 decimals.']
  All eligible positions protected

  [Summary]
  Bots running: 10/10

============================================================


============================================================
  BOT MONITOR — 2026-03-15 22:30:02
============================================================

  [Health Check]
  All bots running

  [Learning]
  Not enough closed trades yet for tuning

  [Protection]
  ❌ Order error: ['EOrder:Invalid price:TAO/USD price can only be specified up to 4 decimals.']
  [2026-03-15 22:30:06] Failed to protect TAO: ['EOrder:Invalid price:TAO/USD price can only be specified up to 4 decimals.']
  All eligible positions protected

  [Summary]
  Bots running: 10/10

============================================================


============================================================
  BOT MONITOR — 2026-03-15 23:00:01
============================================================

  [Health Check]
  All bots running

  [Learning]
  Not enough closed trades yet for tuning

  [Protection]
  ❌ Order error: ['EOrder:Invalid price:TAO/USD price can only be specified up to 4 decimals.']
  [2026-03-15 23:00:05] Failed to protect TAO: ['EOrder:Invalid price:TAO/USD price can only be specified up to 4 decimals.']
  All eligible positions protected

  [Summary]
  Bots running: 10/10

============================================================


============================================================
  BOT MONITOR — 2026-03-15 23:30:01
============================================================

  [Health Check]
  All bots running

  [Learning]
  Not enough closed trades yet for tuning

  [Protection]
  ❌ Order error: ['EOrder:Invalid price:TAO/USD price can only be specified up to 4 decimals.']
  [2026-03-15 23:30:05] Failed to protect TAO: ['EOrder:Invalid price:TAO/USD price can only be specified up to 4 decimals.']
  All eligible positions protected

  [Summary]
  Bots running: 10/10

============================================================


============================================================
  BOT MONITOR — 2026-03-16 00:00:01
============================================================

  [Health Check]
  All bots running

  [Learning]
  Not enough closed trades yet for tuning

  [Protection]
  ❌ Order error: ['EOrder:Invalid price:TAO/USD price can only be specified up to 4 decimals.']
  [2026-03-16 00:00:04] Failed to protect TAO: ['EOrder:Invalid price:TAO/USD price can only be specified up to 4 decimals.']
  All eligible positions protected

  [Summary]
  Bots running: 10/10

============================================================


============================================================
  BOT MONITOR — 2026-03-16 00:30:01
============================================================

  [Health Check]
  All bots running

  [Learning]
  Not enough closed trades yet for tuning

  [Protection]
  ❌ Order error: ['EOrder:Invalid price:TAO/USD price can only be specified up to 4 decimals.']
  [2026-03-16 00:30:06] Failed to protect TAO: ['EOrder:Invalid price:TAO/USD price can only be specified up to 4 decimals.']
  All eligible positions protected

  [Summary]
  Bots running: 10/10

============================================================


============================================================
  BOT MONITOR — 2026-03-16 01:00:01
============================================================

  [Health Check]
  All bots running

  [Learning]
  Not enough closed trades yet for tuning

  [Protection]
  ❌ Order error: ['EOrder:Invalid price:TAO/USD price can only be specified up to 4 decimals.']
  [2026-03-16 01:00:05] Failed to protect TAO: ['EOrder:Invalid price:TAO/USD price can only be specified up to 4 decimals.']
  All eligible positions protected

  [Summary]
  Bots running: 10/10

============================================================


============================================================
  BOT MONITOR — 2026-03-16 01:30:02
============================================================

  [Health Check]
  All bots running

  [Learning]
  Not enough closed trades yet for tuning

  [Protection]
  ❌ Order error: ['EOrder:Invalid price:TAO/USD price can only be specified up to 4 decimals.']
  [2026-03-16 01:30:06] Failed to protect TAO: ['EOrder:Invalid price:TAO/USD price can only be specified up to 4 decimals.']
  All eligible positions protected

  [Summary]
  Bots running: 10/10

============================================================


============================================================
  BOT MONITOR — 2026-03-16 02:00:01
============================================================

  [Health Check]
  All bots running

  [Learning]
  Not enough closed trades yet for tuning

  [Protection]
  ❌ Order error: ['EOrder:Invalid price:TAO/USD price can only be specified up to 4 decimals.']
  [2026-03-16 02:00:04] Failed to protect TAO: ['EOrder:Invalid price:TAO/USD price can only be specified up to 4 decimals.']
  All eligible positions protected

  [Summary]
  Bots running: 10/10

============================================================


============================================================
  BOT MONITOR — 2026-03-16 02:30:02
============================================================

  [Health Check]
  All bots running

  [Learning]
  Not enough closed trades yet for tuning

  [Protection]
  ❌ Order error: ['EOrder:Invalid price:TAO/USD price can only be specified up to 4 decimals.']
  [2026-03-16 02:30:04] Failed to protect TAO: ['EOrder:Invalid price:TAO/USD price can only be specified up to 4 decimals.']
  All eligible positions protected

  [Summary]
  Bots running: 10/10

============================================================


============================================================
  BOT MONITOR — 2026-03-16 03:00:01
============================================================

  [Health Check]
  All bots running

  [Learning]
  Not enough closed trades yet for tuning

  [Protection]
  ❌ Order error: ['EOrder:Invalid price:TAO/USD price can only be specified up to 4 decimals.']
  [2026-03-16 03:00:05] Failed to protect TAO: ['EOrder:Invalid price:TAO/USD price can only be specified up to 4 decimals.']
  All eligible positions protected

  [Summary]
  Bots running: 10/10

============================================================


============================================================
  BOT MONITOR — 2026-03-16 03:30:01
============================================================

  [Health Check]
  All bots running

  [Learning]
  Not enough closed trades yet for tuning

  [Protection]
  ❌ Order error: ['EOrder:Invalid price:TAO/USD price can only be specified up to 4 decimals.']
  [2026-03-16 03:30:06] Failed to protect TAO: ['EOrder:Invalid price:TAO/USD price can only be specified up to 4 decimals.']
  All eligible positions protected

  [Summary]
  Bots running: 10/10

============================================================


============================================================
  BOT MONITOR — 2026-03-16 04:00:01
============================================================

  [Health Check]
  All bots running

  [Learning]
  Not enough closed trades yet for tuning

  [Protection]
  ❌ Order error: ['EOrder:Invalid price:TAO/USD price can only be specified up to 4 decimals.']
  [2026-03-16 04:00:04] Failed to protect TAO: ['EOrder:Invalid price:TAO/USD price can only be specified up to 4 decimals.']
  All eligible positions protected

  [Summary]
  Bots running: 10/10

============================================================


============================================================
  BOT MONITOR — 2026-03-16 04:30:01
============================================================

  [Health Check]
  All bots running

  [Learning]
  Not enough closed trades yet for tuning

  [Protection]
  ❌ Order error: ['EOrder:Invalid price:TAO/USD price can only be specified up to 4 decimals.']
  [2026-03-16 04:30:05] Failed to protect TAO: ['EOrder:Invalid price:TAO/USD price can only be specified up to 4 decimals.']
  ❌ Order error: ['EOrder:Invalid price:ZRO/USD price can only be specified up to 3 decimals.']
  [2026-03-16 04:30:05] Failed to protect ZRO: ['EOrder:Invalid price:ZRO/USD price can only be specified up to 3 decimals.']
  All eligible positions protected

  [Summary]
  Bots running: 10/10

============================================================


============================================================
  BOT MONITOR — 2026-03-16 05:00:01
============================================================

  [Health Check]
  All bots running

  [Learning]
  Not enough closed trades yet for tuning

  [Protection]
  ❌ Order error: ['EOrder:Invalid price:DOT/USD price can only be specified up to 4 decimals.']
  [2026-03-16 05:00:03] Failed to protect DOT: ['EOrder:Invalid price:DOT/USD price can only be specified up to 4 decimals.']
  ❌ Order error: ['EOrder:Invalid price:TAO/USD price can only be specified up to 4 decimals.']
  [2026-03-16 05:00:03] Failed to protect TAO: ['EOrder:Invalid price:TAO/USD price can only be specified up to 4 decimals.']
  ❌ Order error: ['EOrder:Invalid price:ZRO/USD price can only be specified up to 3 decimals.']
  [2026-03-16 05:00:04] Failed to protect ZRO: ['EOrder:Invalid price:ZRO/USD price can only be specified up to 3 decimals.']
  All eligible positions protected

  [Summary]
  Bots running: 10/10

============================================================


============================================================
  BOT MONITOR — 2026-03-16 05:30:01
============================================================

  [Health Check]
  All bots running

  [Learning]
  Not enough closed trades yet for tuning

  [Protection]
  ❌ Order error: ['EOrder:Invalid price:DOT/USD price can only be specified up to 4 decimals.']
  [2026-03-16 05:30:03] Failed to protect DOT: ['EOrder:Invalid price:DOT/USD price can only be specified up to 4 decimals.']
  ❌ Order error: ['EOrder:Invalid price:FARTCOIN/USD price can only be specified up to 4 decimals.']
  [2026-03-16 05:30:03] Failed to protect FARTCOIN: ['EOrder:Invalid price:FARTCOIN/USD price can only be specified up to 4 decimals.']
  ❌ Order error: ['EOrder:Invalid price:TAO/USD price can only be specified up to 4 decimals.']
  [2026-03-16 05:30:04] Failed to protect TAO: ['EOrder:Invalid price:TAO/USD price can only be specified up to 4 decimals.']
  ❌ Order error: ['EOrder:Invalid price:ZRO/USD price can only be specified up to 3 decimals.']
  [2026-03-16 05:30:05] Failed to protect ZRO: ['EOrder:Invalid price:ZRO/USD price can only be specified up to 3 decimals.']
  All eligible positions protected

  [Summary]
  Bots running: 10/10

============================================================


============================================================
  BOT MONITOR — 2026-03-16 06:00:02
============================================================

  [Health Check]
  All bots running

  [Learning]
  Not enough closed trades yet for tuning

  [Protection]
  ❌ Order error: ['EOrder:Invalid price:DOT/USD price can only be specified up to 4 decimals.']
  [2026-03-16 06:00:03] Failed to protect DOT: ['EOrder:Invalid price:DOT/USD price can only be specified up to 4 decimals.']
  ❌ Order error: ['EOrder:Invalid price:FARTCOIN/USD price can only be specified up to 4 decimals.']
  [2026-03-16 06:00:04] Failed to protect FARTCOIN: ['EOrder:Invalid price:FARTCOIN/USD price can only be specified up to 4 decimals.']
  ❌ Order error: ['EOrder:Invalid price:TAO/USD price can only be specified up to 4 decimals.']
  [2026-03-16 06:00:05] Failed to protect TAO: ['EOrder:Invalid price:TAO/USD price can only be specified up to 4 decimals.']
  ❌ Order error: ['EOrder:Invalid price:ZRO/USD price can only be specified up to 3 decimals.']
  [2026-03-16 06:00:05] Failed to protect ZRO: ['EOrder:Invalid price:ZRO/USD price can only be specified up to 3 decimals.']
  All eligible positions protected

  [Summary]
  Bots running: 10/10

============================================================


============================================================
  BOT MONITOR — 2026-03-16 06:30:01
============================================================

  [Health Check]
  All bots running

  [Learning]
  Not enough closed trades yet for tuning

  [Protection]
  ❌ Order error: ['EOrder:Invalid price:DOT/USD price can only be specified up to 4 decimals.']
  [2026-03-16 06:30:03] Failed to protect DOT: ['EOrder:Invalid price:DOT/USD price can only be specified up to 4 decimals.']
  ❌ Order error: ['EOrder:Invalid price:FARTCOIN/USD price can only be specified up to 4 decimals.']
  [2026-03-16 06:30:03] Failed to protect FARTCOIN: ['EOrder:Invalid price:FARTCOIN/USD price can only be specified up to 4 decimals.']
  ❌ Order error: ['EOrder:Invalid price:TAO/USD price can only be specified up to 4 decimals.']
  [2026-03-16 06:30:04] Failed to protect TAO: ['EOrder:Invalid price:TAO/USD price can only be specified up to 4 decimals.']
  ❌ Order error: ['EOrder:Invalid price:ZRO/USD price can only be specified up to 3 decimals.']
  [2026-03-16 06:30:05] Failed to protect ZRO: ['EOrder:Invalid price:ZRO/USD price can only be specified up to 3 decimals.']
  All eligible positions protected

  [Summary]
  Bots running: 10/10

============================================================


============================================================
  BOT MONITOR — 2026-03-16 07:00:01
============================================================

  [Health Check]
  All bots running

  [Learning]
  Not enough closed trades yet for tuning

  [Protection]
  ❌ Order error: ['EOrder:Invalid price:DOT/USD price can only be specified up to 4 decimals.']
  [2026-03-16 07:00:03] Failed to protect DOT: ['EOrder:Invalid price:DOT/USD price can only be specified up to 4 decimals.']
  ❌ Order error: ['EOrder:Invalid price:FARTCOIN/USD price can only be specified up to 4 decimals.']
  [2026-03-16 07:00:04] Failed to protect FARTCOIN: ['EOrder:Invalid price:FARTCOIN/USD price can only be specified up to 4 decimals.']
  ❌ Order error: ['EOrder:Invalid price:TAO/USD price can only be specified up to 4 decimals.']
  [2026-03-16 07:00:05] Failed to protect TAO: ['EOrder:Invalid price:TAO/USD price can only be specified up to 4 decimals.']
  ❌ Order error: ['EOrder:Invalid price:ZRO/USD price can only be specified up to 3 decimals.']
  [2026-03-16 07:00:05] Failed to protect ZRO: ['EOrder:Invalid price:ZRO/USD price can only be specified up to 3 decimals.']
  All eligible positions protected

  [Summary]
  Bots running: 10/10

============================================================


============================================================
  BOT MONITOR — 2026-03-16 07:30:01
============================================================

  [Health Check]
  [2026-03-16 07:30:01] RESTART: bot_SOL is not running — relaunching
  Restarted: bot_SOL

  [Learning]
  Not enough closed trades yet for tuning

  [Protection]
  ❌ Order error: ['EOrder:Invalid price:TAO/USD price can only be specified up to 4 decimals.']
  [2026-03-16 07:30:05] Failed to protect TAO: ['EOrder:Invalid price:TAO/USD price can only be specified up to 4 decimals.']
  ❌ Order error: ['EOrder:Invalid price:ZRO/USD price can only be specified up to 3 decimals.']
  [2026-03-16 07:30:05] Failed to protect ZRO: ['EOrder:Invalid price:ZRO/USD price can only be specified up to 3 decimals.']
  All eligible positions protected

  [Summary]
  Bots running: 9/10

============================================================


============================================================
  BOT MONITOR — 2026-03-16 08:00:01
============================================================

  [Health Check]
  [2026-03-16 08:00:01] RESTART: bot_SOL is not running — relaunching
  Restarted: bot_SOL

  [Learning]
  Not enough closed trades yet for tuning

  [Protection]
  ❌ Order error: ['EOrder:Invalid price:TAO/USD price can only be specified up to 4 decimals.']
  [2026-03-16 08:00:05] Failed to protect TAO: ['EOrder:Invalid price:TAO/USD price can only be specified up to 4 decimals.']
  ❌ Order error: ['EOrder:Invalid price:ZRO/USD price can only be specified up to 3 decimals.']
  [2026-03-16 08:00:05] Failed to protect ZRO: ['EOrder:Invalid price:ZRO/USD price can only be specified up to 3 decimals.']
  All eligible positions protected

  [Summary]
  Bots running: 9/10

============================================================


============================================================
  BOT MONITOR — 2026-03-16 08:30:01
============================================================

  [Health Check]
  [2026-03-16 08:30:01] RESTART: bot_SOL is not running — relaunching
  Restarted: bot_SOL

  [Learning]
  Not enough closed trades yet for tuning

  [Protection]
  ❌ Order error: ['EOrder:Invalid price:TAO/USD price can only be specified up to 4 decimals.']
  [2026-03-16 08:30:04] Failed to protect TAO: ['EOrder:Invalid price:TAO/USD price can only be specified up to 4 decimals.']
  ❌ Order error: ['EOrder:Invalid price:ZRO/USD price can only be specified up to 3 decimals.']
  [2026-03-16 08:30:04] Failed to protect ZRO: ['EOrder:Invalid price:ZRO/USD price can only be specified up to 3 decimals.']
  All eligible positions protected

  [Summary]
  Bots running: 9/10

============================================================


============================================================
  BOT MONITOR — 2026-03-16 09:00:01
============================================================

  [Health Check]
  [2026-03-16 09:00:01] RESTART: bot_SOL is not running — relaunching
  Restarted: bot_SOL

  [Learning]
  Not enough closed trades yet for tuning

  [Protection]
  ❌ Order error: ['EOrder:Invalid price:TAO/USD price can only be specified up to 4 decimals.']
  [2026-03-16 09:00:04] Failed to protect TAO: ['EOrder:Invalid price:TAO/USD price can only be specified up to 4 decimals.']
  ❌ Order error: ['EOrder:Invalid price:ZRO/USD price can only be specified up to 3 decimals.']
  [2026-03-16 09:00:04] Failed to protect ZRO: ['EOrder:Invalid price:ZRO/USD price can only be specified up to 3 decimals.']
  All eligible positions protected

  [Summary]
  Bots running: 9/10

============================================================


============================================================
  BOT MONITOR — 2026-03-16 09:30:01
============================================================

  [Health Check]
  [2026-03-16 09:30:01] RESTART: bot_SOL is not running — relaunching
  Restarted: bot_SOL

  [Learning]
  Not enough closed trades yet for tuning

  [Protection]
  ❌ Order error: ['EOrder:Invalid price:TAO/USD price can only be specified up to 4 decimals.']
  [2026-03-16 09:30:04] Failed to protect TAO: ['EOrder:Invalid price:TAO/USD price can only be specified up to 4 decimals.']
  ❌ Order error: ['EOrder:Invalid price:ZRO/USD price can only be specified up to 3 decimals.']
  [2026-03-16 09:30:05] Failed to protect ZRO: ['EOrder:Invalid price:ZRO/USD price can only be specified up to 3 decimals.']
  All eligible positions protected

  [Summary]
  Bots running: 9/10

============================================================


============================================================
  BOT MONITOR — 2026-03-16 10:00:01
============================================================

  [Health Check]
  [2026-03-16 10:00:01] RESTART: bot_SOL is not running — relaunching
  Restarted: bot_SOL

  [Learning]
  Not enough closed trades yet for tuning

  [Protection]
  ✅ Order placed: {'txid': ['OF34AF-D2QID-POVW5A'], 'descr': {'order': 'sell 0.023892 TAOUSD @ limit 311.0400', 'close': 'close position @ stop loss 276.4800'}}
  [2026-03-16 10:00:05]   PROTECTED TAO (TAOUSD): TP @ $311.0400 | SL @ $276.4800
  ❌ Order error: ['EOrder:Invalid price:ZRO/USD price can only be specified up to 3 decimals.']
  [2026-03-16 10:00:06] Failed to protect ZRO: ['EOrder:Invalid price:ZRO/USD price can only be specified up to 3 decimals.']

  [Summary]
  Bots running: 9/10

============================================================


============================================================
  BOT MONITOR — 2026-03-16 10:30:01
============================================================

  [Health Check]
  [2026-03-16 10:30:01] RESTART: bot_SOL is not running — relaunching
  Restarted: bot_SOL

  [Learning]
  Not enough closed trades yet for tuning

  [Protection]
  ❌ Order error: ['EOrder:Invalid price:ZRO/USD price can only be specified up to 3 decimals.']
  [2026-03-16 10:30:05] Failed to protect ZRO: ['EOrder:Invalid price:ZRO/USD price can only be specified up to 3 decimals.']
  All eligible positions protected

  [Summary]
  Bots running: 9/10

============================================================


============================================================
  BOT MONITOR — 2026-03-16 11:00:01
============================================================

  [Health Check]
  [2026-03-16 11:00:01] RESTART: bot_SOL is not running — relaunching
  Restarted: bot_SOL

  [Learning]
  Not enough closed trades yet for tuning

  [Protection]
  ❌ Order error: ['EOrder:Invalid price:ZRO/USD price can only be specified up to 3 decimals.']
  [2026-03-16 11:00:07] Failed to protect ZRO: ['EOrder:Invalid price:ZRO/USD price can only be specified up to 3 decimals.']
  All eligible positions protected

  [Summary]
  Bots running: 9/10

============================================================


============================================================
  BOT MONITOR — 2026-03-16 11:30:01
============================================================

  [Health Check]
  [2026-03-16 11:30:01] RESTART: bot_SOL is not running — relaunching
  Restarted: bot_SOL

  [Learning]
  Not enough closed trades yet for tuning

  [Protection]
  ❌ Order error: ['EOrder:Invalid price:ZRO/USD price can only be specified up to 3 decimals.']
  [2026-03-16 11:30:07] Failed to protect ZRO: ['EOrder:Invalid price:ZRO/USD price can only be specified up to 3 decimals.']
  All eligible positions protected

  [Summary]
  Bots running: 9/10

============================================================


============================================================
  BOT MONITOR — 2026-03-16 12:00:01
============================================================

  [Health Check]
  [2026-03-16 12:00:01] RESTART: bot_SOL is not running — relaunching
  Restarted: bot_SOL

  [Learning]
  Not enough closed trades yet for tuning

  [Protection]
  ⚠️ Kraken API error on /0/private/Balance: ['EAPI:Invalid nonce']
  All eligible positions protected

  [Summary]
  Bots running: 9/10

============================================================


============================================================
  BOT MONITOR — 2026-03-16 12:30:01
============================================================

  [Health Check]
  [2026-03-16 12:30:01] RESTART: bot_SOL is not running — relaunching
  Restarted: bot_SOL

  [Learning]
  Not enough closed trades yet for tuning

  [Protection]
  ❌ Order error: ['EOrder:Invalid price:ZRO/USD price can only be specified up to 3 decimals.']
  [2026-03-16 12:30:06] Failed to protect ZRO: ['EOrder:Invalid price:ZRO/USD price can only be specified up to 3 decimals.']
  All eligible positions protected

  [Summary]
  Bots running: 9/10

============================================================


============================================================
  BOT MONITOR — 2026-03-16 13:00:01
============================================================

  [Health Check]
  [2026-03-16 13:00:01] RESTART: bot_SOL is not running — relaunching
  Restarted: bot_SOL

  [Learning]
  Not enough closed trades yet for tuning

  [Protection]
  ❌ Order error: ['EOrder:Invalid price:ZRO/USD price can only be specified up to 3 decimals.']
  [2026-03-16 13:00:06] Failed to protect ZRO: ['EOrder:Invalid price:ZRO/USD price can only be specified up to 3 decimals.']
  All eligible positions protected

  [Summary]
  Bots running: 9/10

============================================================


============================================================
  BOT MONITOR — 2026-03-16 13:30:02
============================================================

  [Health Check]
  [2026-03-16 13:30:02] RESTART: bot_SOL is not running — relaunching
  Restarted: bot_SOL

  [Learning]
  Not enough closed trades yet for tuning

  [Protection]
  ❌ Order error: ['EOrder:Invalid price:ZRO/USD price can only be specified up to 3 decimals.']
  [2026-03-16 13:30:06] Failed to protect ZRO: ['EOrder:Invalid price:ZRO/USD price can only be specified up to 3 decimals.']
  All eligible positions protected

  [Summary]
  Bots running: 9/10

============================================================


============================================================
  BOT MONITOR — 2026-03-16 14:00:01
============================================================

  [Health Check]
  [2026-03-16 14:00:01] RESTART: bot_SOL is not running — relaunching
  Restarted: bot_SOL

  [Learning]
  Not enough closed trades yet for tuning

  [Protection]
  ❌ Order error: ['EOrder:Invalid price:ZRO/USD price can only be specified up to 3 decimals.']
  [2026-03-16 14:00:06] Failed to protect ZRO: ['EOrder:Invalid price:ZRO/USD price can only be specified up to 3 decimals.']
  All eligible positions protected

  [Summary]
  Bots running: 9/10

============================================================


============================================================
  BOT MONITOR — 2026-03-16 14:30:01
============================================================

  [Health Check]
  [2026-03-16 14:30:01] RESTART: bot_SOL is not running — relaunching
  Restarted: bot_SOL

  [Learning]
  Not enough closed trades yet for tuning

  [Protection]
  ❌ Order error: ['EOrder:Invalid price:ZRO/USD price can only be specified up to 3 decimals.']
  [2026-03-16 14:30:05] Failed to protect ZRO: ['EOrder:Invalid price:ZRO/USD price can only be specified up to 3 decimals.']
  All eligible positions protected

  [Summary]
  Bots running: 9/10

============================================================


============================================================
  BOT MONITOR — 2026-03-16 15:00:01
============================================================

  [Health Check]
  [2026-03-16 15:00:01] RESTART: bot_SOL is not running — relaunching
  Restarted: bot_SOL

  [Learning]
  Not enough closed trades yet for tuning

  [Protection]
  ❌ Order error: ['EOrder:Invalid price:ZRO/USD price can only be specified up to 3 decimals.']
  [2026-03-16 15:00:04] Failed to protect ZRO: ['EOrder:Invalid price:ZRO/USD price can only be specified up to 3 decimals.']
  All eligible positions protected

  [Summary]
  Bots running: 9/10

============================================================


============================================================
  BOT MONITOR — 2026-03-16 15:30:01
============================================================

  [Health Check]
  [2026-03-16 15:30:01] RESTART: bot_SOL is not running — relaunching
  Restarted: bot_SOL

  [Learning]
  Not enough closed trades yet for tuning

  [Protection]
  ❌ Order error: ['EOrder:Invalid price:ZRO/USD price can only be specified up to 3 decimals.']
  [2026-03-16 15:30:07] Failed to protect ZRO: ['EOrder:Invalid price:ZRO/USD price can only be specified up to 3 decimals.']
  All eligible positions protected

  [Summary]
  Bots running: 9/10

============================================================


============================================================
  BOT MONITOR — 2026-03-16 16:00:02
============================================================

  [Health Check]
  [2026-03-16 16:00:02] RESTART: bot_SOL is not running — relaunching
  Restarted: bot_SOL

  [Learning]
  Not enough closed trades yet for tuning

  [Protection]
  ❌ Order error: ['EOrder:Invalid price:ZRO/USD price can only be specified up to 3 decimals.']
  [2026-03-16 16:00:05] Failed to protect ZRO: ['EOrder:Invalid price:ZRO/USD price can only be specified up to 3 decimals.']
  All eligible positions protected

  [Summary]
  Bots running: 9/10

============================================================


============================================================
  BOT MONITOR — 2026-03-16 16:30:01
============================================================

  [Health Check]
  [2026-03-16 16:30:01] RESTART: bot_SOL is not running — relaunching
  Restarted: bot_SOL

  [Learning]
  Not enough closed trades yet for tuning

  [Protection]
  ❌ Order error: ['EOrder:Invalid price:ZRO/USD price can only be specified up to 3 decimals.']
  [2026-03-16 16:30:06] Failed to protect ZRO: ['EOrder:Invalid price:ZRO/USD price can only be specified up to 3 decimals.']
  All eligible positions protected

  [Summary]
  Bots running: 9/10

============================================================


============================================================
  BOT MONITOR — 2026-03-16 17:00:01
============================================================

  [Health Check]
  [2026-03-16 17:00:01] RESTART: bot_SOL is not running — relaunching
  Restarted: bot_SOL

  [Learning]
  Not enough closed trades yet for tuning

  [Protection]
  ❌ Order error: ['EOrder:Invalid price:ZRO/USD price can only be specified up to 3 decimals.']
  [2026-03-16 17:00:06] Failed to protect ZRO: ['EOrder:Invalid price:ZRO/USD price can only be specified up to 3 decimals.']
  All eligible positions protected

  [Summary]
  Bots running: 9/10

============================================================


============================================================
  BOT MONITOR — 2026-03-16 17:30:01
============================================================

  [Health Check]
  [2026-03-16 17:30:01] RESTART: bot_SOL is not running — relaunching
  Restarted: bot_SOL

  [Learning]
  Not enough closed trades yet for tuning

  [Protection]
  ❌ Order error: ['EOrder:Invalid price:RIVER/USD price can only be specified up to 3 decimals.']
  [2026-03-16 17:30:05] Failed to protect RIVER: ['EOrder:Invalid price:RIVER/USD price can only be specified up to 3 decimals.']
  ❌ Order error: ['EOrder:Invalid price:ZRO/USD price can only be specified up to 3 decimals.']
  [2026-03-16 17:30:07] Failed to protect ZRO: ['EOrder:Invalid price:ZRO/USD price can only be specified up to 3 decimals.']
  All eligible positions protected

  [Summary]
  Bots running: 9/10

============================================================


============================================================
  BOT MONITOR — 2026-03-16 18:00:01
============================================================

  [Health Check]
  [2026-03-16 18:00:01] RESTART: bot_SOL is not running — relaunching
  Restarted: bot_SOL

  [Learning]
  Not enough closed trades yet for tuning

  [Protection]
  ❌ Order error: ['EOrder:Invalid price:RIVER/USD price can only be specified up to 3 decimals.']
  [2026-03-16 18:00:05] Failed to protect RIVER: ['EOrder:Invalid price:RIVER/USD price can only be specified up to 3 decimals.']
  ❌ Order error: ['EOrder:Invalid price:ZRO/USD price can only be specified up to 3 decimals.']
  [2026-03-16 18:00:07] Failed to protect ZRO: ['EOrder:Invalid price:ZRO/USD price can only be specified up to 3 decimals.']
  All eligible positions protected

  [Summary]
  Bots running: 9/10

============================================================


============================================================
  BOT MONITOR — 2026-03-16 18:30:01
============================================================

  [Health Check]
  [2026-03-16 18:30:01] RESTART: bot_SOL is not running — relaunching
  Restarted: bot_SOL

  [Learning]
  Not enough closed trades yet for tuning

  [Protection]
  [2026-03-16 18:30:08] STALE SL: IDOSUSD price $0.0228 < SL $0.0229 — selling
  ✅ Cancelled: OZ4JFZ-R7RFZ-C3ILJX
  ✅ Order placed: {'txid': ['OITOGJ-TNMWS-O6A3MV'], 'descr': {'order': 'sell 139.05 IDOSUSD @ market'}}
  [2026-03-16 18:30:09]   SOLD IDOSUSD: price below SL ($0.0228 < $0.0229)
  ❌ Order error: ['EOrder:Insufficient funds']
  [2026-03-16 18:30:11] Failed to protect IDOS: ['EOrder:Insufficient funds']
  ❌ Order error: ['EOrder:Invalid price:RIVER/USD price can only be specified up to 3 decimals.']
  [2026-03-16 18:30:12] Failed to protect RIVER: ['EOrder:Invalid price:RIVER/USD price can only be specified up to 3 decimals.']
  ❌ Order error: ['EOrder:Invalid price:ZRO/USD price can only be specified up to 3 decimals.']
  [2026-03-16 18:30:13] Failed to protect ZRO: ['EOrder:Invalid price:ZRO/USD price can only be specified up to 3 decimals.']

  [Summary]
  Bots running: 9/10

============================================================


============================================================
  BOT MONITOR — 2026-03-16 19:00:01
============================================================

  [Health Check]
  [2026-03-16 19:00:01] RESTART: bot_SOL is not running — relaunching
  Restarted: bot_SOL

  [Learning]
  Not enough closed trades yet for tuning

  [Protection]
  ❌ Order error: ['EOrder:Invalid price:RIVER/USD price can only be specified up to 3 decimals.']
  [2026-03-16 19:00:05] Failed to protect RIVER: ['EOrder:Invalid price:RIVER/USD price can only be specified up to 3 decimals.']
  ❌ Order error: ['EOrder:Invalid price:ZRO/USD price can only be specified up to 3 decimals.']
  [2026-03-16 19:00:06] Failed to protect ZRO: ['EOrder:Invalid price:ZRO/USD price can only be specified up to 3 decimals.']
  All eligible positions protected

  [Summary]
  Bots running: 9/10

============================================================


============================================================
  BOT MONITOR — 2026-03-16 19:30:01
============================================================

  [Health Check]
  [2026-03-16 19:30:01] RESTART: bot_SOL is not running — relaunching
  Restarted: bot_SOL

  [Learning]
  Not enough closed trades yet for tuning

  [Protection]
  ❌ Order error: ['EOrder:Invalid price:RIVER/USD price can only be specified up to 3 decimals.']
  [2026-03-16 19:30:05] Failed to protect RIVER: ['EOrder:Invalid price:RIVER/USD price can only be specified up to 3 decimals.']
  ❌ Order error: ['EOrder:Invalid price:ZRO/USD price can only be specified up to 3 decimals.']
  [2026-03-16 19:30:05] Failed to protect ZRO: ['EOrder:Invalid price:ZRO/USD price can only be specified up to 3 decimals.']
  All eligible positions protected

  [Summary]
  Bots running: 9/10

============================================================


============================================================
  BOT MONITOR — 2026-03-16 20:00:02
============================================================

  [Health Check]
  [2026-03-16 20:00:02] RESTART: bot_SOL is not running — relaunching
  Restarted: bot_SOL

  [Learning]
  Not enough closed trades yet for tuning

  [Protection]
  ❌ Order error: ['EOrder:Invalid price:RIVER/USD price can only be specified up to 3 decimals.']
  [2026-03-16 20:00:04] Failed to protect RIVER: ['EOrder:Invalid price:RIVER/USD price can only be specified up to 3 decimals.']
  ❌ Order error: ['EOrder:Invalid price:ZRO/USD price can only be specified up to 3 decimals.']
  [2026-03-16 20:00:05] Failed to protect ZRO: ['EOrder:Invalid price:ZRO/USD price can only be specified up to 3 decimals.']
  All eligible positions protected

  [Summary]
  Bots running: 9/10

============================================================


============================================================
  BOT MONITOR — 2026-03-16 20:30:01
============================================================

  [Health Check]
  [2026-03-16 20:30:01] RESTART: bot_SOL is not running — relaunching
  Restarted: bot_SOL

  [Learning]
  Not enough closed trades yet for tuning

  [Protection]
  ❌ Order error: ['EOrder:Invalid price:RIVER/USD price can only be specified up to 3 decimals.']
  [2026-03-16 20:30:05] Failed to protect RIVER: ['EOrder:Invalid price:RIVER/USD price can only be specified up to 3 decimals.']
  ❌ Order error: ['EOrder:Invalid price:ZRO/USD price can only be specified up to 3 decimals.']
  [2026-03-16 20:30:06] Failed to protect ZRO: ['EOrder:Invalid price:ZRO/USD price can only be specified up to 3 decimals.']
  All eligible positions protected

  [Summary]
  Bots running: 9/10

============================================================


============================================================
  BOT MONITOR — 2026-03-16 21:00:01
============================================================

  [Health Check]
  [2026-03-16 21:00:01] RESTART: bot_SOL is not running — relaunching
  Restarted: bot_SOL

  [Learning]
  Not enough closed trades yet for tuning

  [Protection]
  ❌ Order error: ['EOrder:Invalid price:RIVER/USD price can only be specified up to 3 decimals.']
  [2026-03-16 21:00:04] Failed to protect RIVER: ['EOrder:Invalid price:RIVER/USD price can only be specified up to 3 decimals.']
  ❌ Order error: ['EOrder:Invalid price:ZRO/USD price can only be specified up to 3 decimals.']
  [2026-03-16 21:00:05] Failed to protect ZRO: ['EOrder:Invalid price:ZRO/USD price can only be specified up to 3 decimals.']
  All eligible positions protected

  [Summary]
  Bots running: 9/10

============================================================


============================================================
  BOT MONITOR — 2026-03-16 21:30:01
============================================================

  [Health Check]
  [2026-03-16 21:30:01] RESTART: bot_SOL is not running — relaunching
  Restarted: bot_SOL

  [Learning]
  Not enough closed trades yet for tuning

  [Protection]
  ✅ Order placed: {'txid': ['ONZ5T6-KOGVR-UU7COW'], 'descr': {'order': 'sell 0.9940 RIVERUSD @ limit 22.680', 'close': 'close position @ stop loss 20.160'}}
  [2026-03-16 21:30:05]   PROTECTED RIVER (RIVERUSD): TP @ $22.6800 | SL @ $20.1600
  ❌ Order error: ['EOrder:Invalid price:ZRO/USD price can only be specified up to 3 decimals.']
  [2026-03-16 21:30:06] Failed to protect ZRO: ['EOrder:Invalid price:ZRO/USD price can only be specified up to 3 decimals.']

  [Summary]
  Bots running: 9/10

============================================================


============================================================
  BOT MONITOR — 2026-03-16 22:00:01
============================================================

  [Health Check]
  [2026-03-16 22:00:01] RESTART: bot_SOL is not running — relaunching
  Restarted: bot_SOL

  [Learning]
  Not enough closed trades yet for tuning

  [Protection]
  ❌ Order error: ['EOrder:Invalid price:ZRO/USD price can only be specified up to 3 decimals.']
  [2026-03-16 22:00:06] Failed to protect ZRO: ['EOrder:Invalid price:ZRO/USD price can only be specified up to 3 decimals.']
  All eligible positions protected

  [Summary]
  Bots running: 9/10

============================================================


============================================================
  BOT MONITOR — 2026-03-16 22:30:01
============================================================

  [Health Check]
  [2026-03-16 22:30:01] RESTART: bot_SOL is not running — relaunching
  Restarted: bot_SOL

  [Learning]
  Not enough closed trades yet for tuning

  [Protection]
  ❌ Order error: ['EOrder:Invalid price:ZRO/USD price can only be specified up to 3 decimals.']
  [2026-03-16 22:30:05] Failed to protect ZRO: ['EOrder:Invalid price:ZRO/USD price can only be specified up to 3 decimals.']
  All eligible positions protected

  [Summary]
  Bots running: 9/10

============================================================


============================================================
  BOT MONITOR — 2026-03-16 23:00:01
============================================================

  [Health Check]
  [2026-03-16 23:00:01] RESTART: bot_SOL is not running — relaunching
  Restarted: bot_SOL

  [Learning]
  Not enough closed trades yet for tuning

  [Protection]
  ❌ Order error: ['EOrder:Invalid price:ZRO/USD price can only be specified up to 3 decimals.']
  [2026-03-16 23:00:06] Failed to protect ZRO: ['EOrder:Invalid price:ZRO/USD price can only be specified up to 3 decimals.']
  All eligible positions protected

  [Summary]
  Bots running: 9/10

============================================================


============================================================
  BOT MONITOR — 2026-03-16 23:30:01
============================================================

  [Health Check]
  [2026-03-16 23:30:01] RESTART: bot_SOL is not running — relaunching
  Restarted: bot_SOL

  [Learning]
  Not enough closed trades yet for tuning

  [Protection]
  ❌ Order error: ['EOrder:Invalid price:ZRO/USD price can only be specified up to 3 decimals.']
  [2026-03-16 23:30:05] Failed to protect ZRO: ['EOrder:Invalid price:ZRO/USD price can only be specified up to 3 decimals.']
  All eligible positions protected

  [Summary]
  Bots running: 9/10

============================================================


============================================================
  BOT MONITOR — 2026-03-17 00:00:01
============================================================

  [Health Check]
  [2026-03-17 00:00:01] RESTART: bot_SOL is not running — relaunching
  Restarted: bot_SOL

  [Learning]
  Not enough closed trades yet for tuning

  [Protection]
  ❌ Order error: ['EOrder:Invalid price:ZRO/USD price can only be specified up to 3 decimals.']
  [2026-03-17 00:00:05] Failed to protect ZRO: ['EOrder:Invalid price:ZRO/USD price can only be specified up to 3 decimals.']
  All eligible positions protected

  [Summary]
  Bots running: 9/10

============================================================


============================================================
  BOT MONITOR — 2026-03-17 00:30:01
============================================================

  [Health Check]
  [2026-03-17 00:30:01] RESTART: bot_SOL is not running — relaunching
  Restarted: bot_SOL

  [Learning]
  Not enough closed trades yet for tuning

  [Protection]
  ❌ Order error: ['EOrder:Invalid price:ZRO/USD price can only be specified up to 3 decimals.']
  [2026-03-17 00:30:05] Failed to protect ZRO: ['EOrder:Invalid price:ZRO/USD price can only be specified up to 3 decimals.']
  All eligible positions protected

  [Summary]
  Bots running: 9/10

============================================================


============================================================
  BOT MONITOR — 2026-03-17 01:00:01
============================================================

  [Health Check]
  [2026-03-17 01:00:01] RESTART: bot_SOL is not running — relaunching
  Restarted: bot_SOL

  [Learning]
  Not enough closed trades yet for tuning

  [Protection]
  ❌ Order error: ['EOrder:Invalid price:FARTCOIN/USD price can only be specified up to 4 decimals.']
  [2026-03-17 01:00:04] Failed to protect FARTCOIN: ['EOrder:Invalid price:FARTCOIN/USD price can only be specified up to 4 decimals.']
  All eligible positions protected

  [Summary]
  Bots running: 9/10

============================================================


============================================================
  BOT MONITOR — 2026-03-17 01:30:01
============================================================

  [Health Check]
  [2026-03-17 01:30:01] RESTART: bot_SOL is not running — relaunching
  Restarted: bot_SOL

  [Learning]
  Not enough closed trades yet for tuning

  [Protection]
  ❌ Order error: ['EOrder:Invalid price:FARTCOIN/USD price can only be specified up to 4 decimals.']
  [2026-03-17 01:30:04] Failed to protect FARTCOIN: ['EOrder:Invalid price:FARTCOIN/USD price can only be specified up to 4 decimals.']
  All eligible positions protected

  [Summary]
  Bots running: 9/10

============================================================


============================================================
  BOT MONITOR — 2026-03-17 02:00:01
============================================================

  [Health Check]
  [2026-03-17 02:00:01] RESTART: bot_SOL is not running — relaunching
  Restarted: bot_SOL

  [Learning]
  Not enough closed trades yet for tuning

  [Protection]
  ❌ Order error: ['EOrder:Invalid price:FARTCOIN/USD price can only be specified up to 4 decimals.']
  [2026-03-17 02:00:04] Failed to protect FARTCOIN: ['EOrder:Invalid price:FARTCOIN/USD price can only be specified up to 4 decimals.']
  All eligible positions protected

  [Summary]
  Bots running: 9/10

============================================================


============================================================
  BOT MONITOR — 2026-03-17 02:30:01
============================================================

  [Health Check]
  [2026-03-17 02:30:01] RESTART: bot_SOL is not running — relaunching
  Restarted: bot_SOL

  [Learning]
  Not enough closed trades yet for tuning

  [Protection]
  ❌ Order error: ['EOrder:Invalid price:FARTCOIN/USD price can only be specified up to 4 decimals.']
  [2026-03-17 02:30:04] Failed to protect FARTCOIN: ['EOrder:Invalid price:FARTCOIN/USD price can only be specified up to 4 decimals.']
  All eligible positions protected

  [Summary]
  Bots running: 9/10

============================================================


============================================================
  BOT MONITOR — 2026-03-17 03:00:01
============================================================

  [Health Check]
  [2026-03-17 03:00:01] RESTART: bot_SOL is not running — relaunching
  Restarted: bot_SOL

  [Learning]
  Not enough closed trades yet for tuning

  [Protection]
  ❌ Order error: ['EOrder:Invalid price:FARTCOIN/USD price can only be specified up to 4 decimals.']
  [2026-03-17 03:00:04] Failed to protect FARTCOIN: ['EOrder:Invalid price:FARTCOIN/USD price can only be specified up to 4 decimals.']
  All eligible positions protected

  [Summary]
  Bots running: 9/10

============================================================


============================================================
  BOT MONITOR — 2026-03-17 03:30:02
============================================================

  [Health Check]
  [2026-03-17 03:30:02] RESTART: bot_SOL is not running — relaunching
  Restarted: bot_SOL

  [Learning]
  Not enough closed trades yet for tuning

  [Protection]
  ❌ Order error: ['EOrder:Invalid price:FARTCOIN/USD price can only be specified up to 4 decimals.']
  [2026-03-17 03:30:04] Failed to protect FARTCOIN: ['EOrder:Invalid price:FARTCOIN/USD price can only be specified up to 4 decimals.']
  All eligible positions protected

  [Summary]
  Bots running: 9/10

============================================================


============================================================
  BOT MONITOR — 2026-03-17 04:00:01
============================================================

  [Health Check]
  [2026-03-17 04:00:01] RESTART: bot_SOL is not running — relaunching
  Restarted: bot_SOL

  [Learning]
  Not enough closed trades yet for tuning

  [Protection]
  ❌ Order error: ['EOrder:Invalid price:FARTCOIN/USD price can only be specified up to 4 decimals.']
  [2026-03-17 04:00:04] Failed to protect FARTCOIN: ['EOrder:Invalid price:FARTCOIN/USD price can only be specified up to 4 decimals.']
  All eligible positions protected

  [Summary]
  Bots running: 9/10

============================================================


============================================================
  BOT MONITOR — 2026-03-17 04:30:01
============================================================

  [Health Check]
  [2026-03-17 04:30:01] RESTART: bot_SOL is not running — relaunching
  Restarted: bot_SOL

  [Learning]
  Not enough closed trades yet for tuning

  [Protection]
  [2026-03-17 04:30:03] STALE SL: XPLUSD price $0.1162 < SL $0.1187 — selling
  ✅ Cancelled: OEKDRQ-RLANS-6GX5S4
  ✅ Order placed: {'txid': ['O6JHKY-SFQ54-DZSL44'], 'descr': {'order': 'sell 45.000 XPLUSD @ market'}}
  [2026-03-17 04:30:04]   SOLD XPLUSD: price below SL ($0.1162 < $0.1187)
  ❌ Order error: ['EOrder:Invalid price:FARTCOIN/USD price can only be specified up to 4 decimals.']
  [2026-03-17 04:30:07] Failed to protect FARTCOIN: ['EOrder:Invalid price:FARTCOIN/USD price can only be specified up to 4 decimals.']
  ❌ Order error: ['EOrder:Invalid price:XPL/USD price can only be specified up to 4 decimals.']
  [2026-03-17 04:30:08] Failed to protect XPL: ['EOrder:Invalid price:XPL/USD price can only be specified up to 4 decimals.']

  [Summary]
  Bots running: 9/10

============================================================


============================================================
  BOT MONITOR — 2026-03-17 05:00:01
============================================================

  [Health Check]
  [2026-03-17 05:00:01] RESTART: bot_SOL is not running — relaunching
  Restarted: bot_SOL

  [Learning]
  Not enough closed trades yet for tuning

  [Protection]
  ❌ Order error: ['EOrder:Invalid price:FARTCOIN/USD price can only be specified up to 4 decimals.']
  [2026-03-17 05:00:03] Failed to protect FARTCOIN: ['EOrder:Invalid price:FARTCOIN/USD price can only be specified up to 4 decimals.']
  All eligible positions protected

  [Summary]
  Bots running: 9/10

============================================================


============================================================
  BOT MONITOR — 2026-03-17 05:30:01
============================================================

  [Health Check]
  [2026-03-17 05:30:01] RESTART: bot_SOL is not running — relaunching
  Restarted: bot_SOL

  [Learning]
  Not enough closed trades yet for tuning

  [Protection]
  ❌ Order error: ['EOrder:Invalid price:FARTCOIN/USD price can only be specified up to 4 decimals.']
  [2026-03-17 05:30:03] Failed to protect FARTCOIN: ['EOrder:Invalid price:FARTCOIN/USD price can only be specified up to 4 decimals.']
  All eligible positions protected

  [Summary]
  Bots running: 9/10

============================================================


============================================================
  BOT MONITOR — 2026-03-17 06:00:01
============================================================

  [Health Check]
  [2026-03-17 06:00:01] RESTART: bot_SOL is not running — relaunching
  Restarted: bot_SOL

  [Learning]
  Not enough closed trades yet for tuning

  [Protection]
  ❌ Order error: ['EOrder:Invalid price:FARTCOIN/USD price can only be specified up to 4 decimals.']
  [2026-03-17 06:00:03] Failed to protect FARTCOIN: ['EOrder:Invalid price:FARTCOIN/USD price can only be specified up to 4 decimals.']
  All eligible positions protected

  [Summary]
  Bots running: 9/10

============================================================


============================================================
  BOT MONITOR — 2026-03-17 06:30:01
============================================================

  [Health Check]
  [2026-03-17 06:30:01] RESTART: bot_SOL is not running — relaunching
  Restarted: bot_SOL

  [Learning]
  Not enough closed trades yet for tuning

  [Protection]
  ❌ Order error: ['EOrder:Invalid price:FARTCOIN/USD price can only be specified up to 4 decimals.']
  [2026-03-17 06:30:03] Failed to protect FARTCOIN: ['EOrder:Invalid price:FARTCOIN/USD price can only be specified up to 4 decimals.']
  All eligible positions protected

  [Summary]
  Bots running: 9/10

============================================================


============================================================
  BOT MONITOR — 2026-03-17 07:00:01
============================================================

  [Health Check]
  [2026-03-17 07:00:01] RESTART: bot_SOL is not running — relaunching
  Restarted: bot_SOL

  [Learning]
  Not enough closed trades yet for tuning

  [Protection]
  ❌ Order error: ['EOrder:Invalid price:FARTCOIN/USD price can only be specified up to 4 decimals.']
  [2026-03-17 07:00:03] Failed to protect FARTCOIN: ['EOrder:Invalid price:FARTCOIN/USD price can only be specified up to 4 decimals.']
  All eligible positions protected

  [Summary]
  Bots running: 9/10

============================================================


============================================================
  BOT MONITOR — 2026-03-17 07:30:01
============================================================

  [Health Check]
  [2026-03-17 07:30:01] RESTART: bot_SOL is not running — relaunching
  Restarted: bot_SOL

  [Learning]
  Not enough closed trades yet for tuning

  [Protection]
  ❌ Order error: ['EOrder:Invalid price:FARTCOIN/USD price can only be specified up to 4 decimals.']
  [2026-03-17 07:30:03] Failed to protect FARTCOIN: ['EOrder:Invalid price:FARTCOIN/USD price can only be specified up to 4 decimals.']
  All eligible positions protected

  [Summary]
  Bots running: 9/10

============================================================


============================================================
  BOT MONITOR — 2026-03-17 08:00:01
============================================================

  [Health Check]
  [2026-03-17 08:00:01] RESTART: bot_SOL is not running — relaunching
  Restarted: bot_SOL

  [Learning]
  Not enough closed trades yet for tuning

  [Protection]
  ❌ Order error: ['EOrder:Invalid price:FARTCOIN/USD price can only be specified up to 4 decimals.']
  [2026-03-17 08:00:03] Failed to protect FARTCOIN: ['EOrder:Invalid price:FARTCOIN/USD price can only be specified up to 4 decimals.']
  All eligible positions protected

  [Summary]
  Bots running: 9/10

============================================================


============================================================
  BOT MONITOR — 2026-03-17 08:30:01
============================================================

  [Health Check]
  [2026-03-17 08:30:01] RESTART: bot_SOL is not running — relaunching
  Restarted: bot_SOL

  [Learning]
  Not enough closed trades yet for tuning

  [Protection]
  ❌ Order error: ['EOrder:Invalid price:FARTCOIN/USD price can only be specified up to 4 decimals.']
  [2026-03-17 08:30:04] Failed to protect FARTCOIN: ['EOrder:Invalid price:FARTCOIN/USD price can only be specified up to 4 decimals.']
  All eligible positions protected

  [Summary]
  Bots running: 9/10

============================================================


============================================================
  BOT MONITOR — 2026-03-17 09:00:01
============================================================

  [Health Check]
  [2026-03-17 09:00:01] RESTART: bot_SOL is not running — relaunching
  Restarted: bot_SOL

  [Learning]
  Not enough closed trades yet for tuning

  [Protection]
  ❌ Order error: ['EOrder:Invalid price:FARTCOIN/USD price can only be specified up to 4 decimals.']
  [2026-03-17 09:00:04] Failed to protect FARTCOIN: ['EOrder:Invalid price:FARTCOIN/USD price can only be specified up to 4 decimals.']
  All eligible positions protected

  [Summary]
  Bots running: 9/10

============================================================


============================================================
  BOT MONITOR — 2026-03-17 09:30:01
============================================================

  [Health Check]
  [2026-03-17 09:30:01] RESTART: bot_SOL is not running — relaunching
  Restarted: bot_SOL

  [Learning]
  Not enough closed trades yet for tuning

  [Protection]
  ❌ Order error: ['EOrder:Invalid price:FARTCOIN/USD price can only be specified up to 4 decimals.']
  [2026-03-17 09:30:03] Failed to protect FARTCOIN: ['EOrder:Invalid price:FARTCOIN/USD price can only be specified up to 4 decimals.']
  All eligible positions protected

  [Summary]
  Bots running: 9/10

============================================================


============================================================
  BOT MONITOR — 2026-03-17 10:00:01
============================================================

  [Health Check]
  [2026-03-17 10:00:01] RESTART: bot_SOL is not running — relaunching
  Restarted: bot_SOL

  [Learning]
  Not enough closed trades yet for tuning

  [Protection]
  ❌ Order error: ['EOrder:Invalid price:FARTCOIN/USD price can only be specified up to 4 decimals.']
  [2026-03-17 10:00:04] Failed to protect FARTCOIN: ['EOrder:Invalid price:FARTCOIN/USD price can only be specified up to 4 decimals.']
  All eligible positions protected

  [Summary]
  Bots running: 9/10

============================================================


============================================================
  BOT MONITOR — 2026-03-17 10:30:01
============================================================

  [Health Check]
  [2026-03-17 10:30:01] RESTART: bot_SOL is not running — relaunching
  Restarted: bot_SOL

  [Learning]
  Not enough closed trades yet for tuning

  [Protection]
  ❌ Order error: ['EOrder:Invalid price:FARTCOIN/USD price can only be specified up to 4 decimals.']
  [2026-03-17 10:30:04] Failed to protect FARTCOIN: ['EOrder:Invalid price:FARTCOIN/USD price can only be specified up to 4 decimals.']
  All eligible positions protected

  [Summary]
  Bots running: 9/10

============================================================


============================================================
  BOT MONITOR — 2026-03-17 11:00:01
============================================================

  [Health Check]
  [2026-03-17 11:00:01] RESTART: bot_SOL is not running — relaunching
  Restarted: bot_SOL

  [Learning]
  Not enough closed trades yet for tuning

  [Protection]
  ❌ Order error: ['EOrder:Invalid price:FARTCOIN/USD price can only be specified up to 4 decimals.']
  [2026-03-17 11:00:03] Failed to protect FARTCOIN: ['EOrder:Invalid price:FARTCOIN/USD price can only be specified up to 4 decimals.']
  All eligible positions protected

  [Summary]
  Bots running: 9/10

============================================================


============================================================
  BOT MONITOR — 2026-03-17 11:30:01
============================================================

  [Health Check]
  [2026-03-17 11:30:01] RESTART: bot_SOL is not running — relaunching
  Restarted: bot_SOL

  [Learning]
  Not enough closed trades yet for tuning

  [Protection]
  ❌ Order error: ['EOrder:Invalid price:FARTCOIN/USD price can only be specified up to 4 decimals.']
  [2026-03-17 11:30:03] Failed to protect FARTCOIN: ['EOrder:Invalid price:FARTCOIN/USD price can only be specified up to 4 decimals.']
  All eligible positions protected

  [Summary]
  Bots running: 9/10

============================================================


============================================================
  BOT MONITOR — 2026-03-17 12:00:01
============================================================

  [Health Check]
  [2026-03-17 12:00:01] RESTART: bot_SOL is not running — relaunching
  Restarted: bot_SOL

  [Learning]
  Not enough closed trades yet for tuning

  [Protection]
  ❌ Order error: ['EOrder:Invalid price:FARTCOIN/USD price can only be specified up to 4 decimals.']
  [2026-03-17 12:00:04] Failed to protect FARTCOIN: ['EOrder:Invalid price:FARTCOIN/USD price can only be specified up to 4 decimals.']
  All eligible positions protected

  [Summary]
  Bots running: 9/10

============================================================


============================================================
  BOT MONITOR — 2026-03-17 12:30:01
============================================================

  [Health Check]
  [2026-03-17 12:30:01] RESTART: bot_SOL is not running — relaunching
  Restarted: bot_SOL

  [Learning]
  Not enough closed trades yet for tuning

  [Protection]
  ❌ Order error: ['EOrder:Invalid price:FARTCOIN/USD price can only be specified up to 4 decimals.']
  [2026-03-17 12:30:03] Failed to protect FARTCOIN: ['EOrder:Invalid price:FARTCOIN/USD price can only be specified up to 4 decimals.']
  All eligible positions protected

  [Summary]
  Bots running: 9/10

============================================================


============================================================
  BOT MONITOR — 2026-03-17 13:00:01
============================================================

  [Health Check]
  [2026-03-17 13:00:01] RESTART: bot_SOL is not running — relaunching
  Restarted: bot_SOL

  [Learning]
  Not enough closed trades yet for tuning

  [Protection]
  ❌ Order error: ['EOrder:Invalid price:FARTCOIN/USD price can only be specified up to 4 decimals.']
  [2026-03-17 13:00:05] Failed to protect FARTCOIN: ['EOrder:Invalid price:FARTCOIN/USD price can only be specified up to 4 decimals.']
  All eligible positions protected

  [Summary]
  Bots running: 9/10

============================================================


============================================================
  BOT MONITOR — 2026-03-17 13:30:02
============================================================

  [Health Check]
  [2026-03-17 13:30:02] RESTART: bot_SOL is not running — relaunching
  Restarted: bot_SOL

  [Learning]
  Not enough closed trades yet for tuning

  [Protection]
  ❌ Order error: ['EOrder:Invalid price:FARTCOIN/USD price can only be specified up to 4 decimals.']
  [2026-03-17 13:30:04] Failed to protect FARTCOIN: ['EOrder:Invalid price:FARTCOIN/USD price can only be specified up to 4 decimals.']
  All eligible positions protected

  [Summary]
  Bots running: 9/10

============================================================


============================================================
  BOT MONITOR — 2026-03-17 14:00:01
============================================================

  [Health Check]
  [2026-03-17 14:00:01] RESTART: bot_SOL is not running — relaunching
  Restarted: bot_SOL

  [Learning]
  [2026-03-17 14:00:01]   dynamic_hft_bot/DOT: 9 trades, 11% win rate, avg P&L -3.6%
  [2026-03-17 14:00:01]   dynamic_hft_bot/FARTCOIN: 5 trades, 80% win rate, avg P&L 6.5%
  [2026-03-17 14:00:01]   dynamic_hft_bot/SOL: 7 trades, 29% win rate, avg P&L -0.8%
  [2026-03-17 14:00:01]   dynamic_hft_bot/SUI: 5 trades, 100% win rate, avg P&L 8.8%
  [2026-03-17 14:00:01]   dynamic_hft_bot/WAR: 12 trades, 33% win rate, avg P&L 12.5%
  [2026-03-17 14:00:01] TUNED dynamic_hft_bot/WAR: {'min_confidence': 0.65, 'volatility_threshold': 0.045, 'profit_target': 0.085, 'stop_loss': 0.037, 'learning_enabled': True}
  [2026-03-17 14:00:01]   dynamic_hft_bot/XPL: 10 trades, 0% win rate, avg P&L -9.3%

  [Protection]
  ❌ Order error: ['EOrder:Invalid price:FARTCOIN/USD price can only be specified up to 4 decimals.']
  [2026-03-17 14:00:05] Failed to protect FARTCOIN: ['EOrder:Invalid price:FARTCOIN/USD price can only be specified up to 4 decimals.']
  All eligible positions protected

  [Summary]
  Bots running: 9/10

============================================================


============================================================
  BOT MONITOR — 2026-03-17 14:30:01
============================================================

  [Health Check]
  [2026-03-17 14:30:01] RESTART: bot_SOL is not running — relaunching
  Restarted: bot_SOL

  [Learning]
  [2026-03-17 14:30:01]   dynamic_hft_bot/DOT: 9 trades, 11% win rate, avg P&L -3.6%
  [2026-03-17 14:30:01]   dynamic_hft_bot/FARTCOIN: 5 trades, 80% win rate, avg P&L 6.5%
  [2026-03-17 14:30:01]   dynamic_hft_bot/SOL: 7 trades, 29% win rate, avg P&L -0.8%
  [2026-03-17 14:30:01]   dynamic_hft_bot/SUI: 5 trades, 100% win rate, avg P&L 8.8%
  [2026-03-17 14:30:01]   dynamic_hft_bot/WAR: 12 trades, 33% win rate, avg P&L 12.5%
  [2026-03-17 14:30:01] TUNED dynamic_hft_bot/WAR: {'min_confidence': 0.65, 'volatility_threshold': 0.045, 'profit_target': 0.085, 'stop_loss': 0.037, 'learning_enabled': True}
  [2026-03-17 14:30:01]   dynamic_hft_bot/XPL: 10 trades, 0% win rate, avg P&L -9.3%

  [Protection]
  ❌ Order error: ['EOrder:Invalid price:FARTCOIN/USD price can only be specified up to 4 decimals.']
  [2026-03-17 14:30:05] Failed to protect FARTCOIN: ['EOrder:Invalid price:FARTCOIN/USD price can only be specified up to 4 decimals.']
  All eligible positions protected

  [Summary]
  Bots running: 9/10

============================================================


============================================================
  BOT MONITOR — 2026-03-17 15:00:01
============================================================

  [Health Check]
  [2026-03-17 15:00:01] RESTART: bot_SOL is not running — relaunching
  Restarted: bot_SOL

  [Learning]
  [2026-03-17 15:00:01]   dynamic_hft_bot/DOT: 9 trades, 11% win rate, avg P&L -3.6%
  [2026-03-17 15:00:01]   dynamic_hft_bot/FARTCOIN: 5 trades, 80% win rate, avg P&L 6.5%
  [2026-03-17 15:00:01]   dynamic_hft_bot/SOL: 7 trades, 29% win rate, avg P&L -0.8%
  [2026-03-17 15:00:01]   dynamic_hft_bot/SUI: 5 trades, 100% win rate, avg P&L 8.8%
  [2026-03-17 15:00:01]   dynamic_hft_bot/WAR: 12 trades, 33% win rate, avg P&L 12.5%
  [2026-03-17 15:00:01] TUNED dynamic_hft_bot/WAR: {'min_confidence': 0.65, 'volatility_threshold': 0.045, 'profit_target': 0.085, 'stop_loss': 0.037, 'learning_enabled': True}
  [2026-03-17 15:00:01]   dynamic_hft_bot/XPL: 10 trades, 0% win rate, avg P&L -9.3%

  [Protection]
  ❌ Order error: ['EOrder:Invalid price:FARTCOIN/USD price can only be specified up to 4 decimals.']
  [2026-03-17 15:00:06] Failed to protect FARTCOIN: ['EOrder:Invalid price:FARTCOIN/USD price can only be specified up to 4 decimals.']
  All eligible positions protected

  [Summary]
  Bots running: 9/10

============================================================


============================================================
  BOT MONITOR — 2026-03-17 15:30:01
============================================================

  [Health Check]
  [2026-03-17 15:30:01] RESTART: bot_SOL is not running — relaunching
  Restarted: bot_SOL

  [Learning]
  [2026-03-17 15:30:01]   dynamic_hft_bot/DOT: 9 trades, 11% win rate, avg P&L -3.6%
  [2026-03-17 15:30:01]   dynamic_hft_bot/FARTCOIN: 5 trades, 80% win rate, avg P&L 6.5%
  [2026-03-17 15:30:01]   dynamic_hft_bot/SOL: 7 trades, 29% win rate, avg P&L -0.8%
  [2026-03-17 15:30:01]   dynamic_hft_bot/SUI: 5 trades, 100% win rate, avg P&L 8.8%
  [2026-03-17 15:30:01]   dynamic_hft_bot/WAR: 12 trades, 33% win rate, avg P&L 12.5%
  [2026-03-17 15:30:01] TUNED dynamic_hft_bot/WAR: {'min_confidence': 0.65, 'volatility_threshold': 0.045, 'profit_target': 0.085, 'stop_loss': 0.037, 'learning_enabled': True}
  [2026-03-17 15:30:01]   dynamic_hft_bot/XPL: 10 trades, 0% win rate, avg P&L -9.3%

  [Protection]
  ❌ Order error: ['EOrder:Invalid price:FARTCOIN/USD price can only be specified up to 4 decimals.']
  [2026-03-17 15:30:05] Failed to protect FARTCOIN: ['EOrder:Invalid price:FARTCOIN/USD price can only be specified up to 4 decimals.']
  All eligible positions protected

  [Summary]
  Bots running: 9/10

============================================================


============================================================
  BOT MONITOR — 2026-03-17 16:00:01
============================================================

  [Health Check]
  [2026-03-17 16:00:01] RESTART: bot_SOL is not running — relaunching
  Restarted: bot_SOL

  [Learning]
  [2026-03-17 16:00:01]   dynamic_hft_bot/DOT: 9 trades, 11% win rate, avg P&L -3.6%
  [2026-03-17 16:00:01]   dynamic_hft_bot/FARTCOIN: 5 trades, 80% win rate, avg P&L 6.5%
  [2026-03-17 16:00:01]   dynamic_hft_bot/SOL: 7 trades, 29% win rate, avg P&L -0.8%
  [2026-03-17 16:00:01]   dynamic_hft_bot/SUI: 5 trades, 100% win rate, avg P&L 8.8%
  [2026-03-17 16:00:01]   dynamic_hft_bot/WAR: 12 trades, 33% win rate, avg P&L 12.5%
  [2026-03-17 16:00:01] TUNED dynamic_hft_bot/WAR: {'min_confidence': 0.65, 'volatility_threshold': 0.045, 'profit_target': 0.085, 'stop_loss': 0.037, 'learning_enabled': True}
  [2026-03-17 16:00:01]   dynamic_hft_bot/XPL: 10 trades, 0% win rate, avg P&L -9.3%

  [Protection]
  ❌ Order error: ['EOrder:Invalid price:FARTCOIN/USD price can only be specified up to 4 decimals.']
  [2026-03-17 16:00:04] Failed to protect FARTCOIN: ['EOrder:Invalid price:FARTCOIN/USD price can only be specified up to 4 decimals.']
  All eligible positions protected

  [Summary]
  Bots running: 9/10

============================================================


============================================================
  BOT MONITOR — 2026-03-17 16:30:01
============================================================

  [Health Check]
  [2026-03-17 16:30:01] RESTART: bot_SOL is not running — relaunching
  Restarted: bot_SOL

  [Learning]
  [2026-03-17 16:30:01]   dynamic_hft_bot/DOT: 9 trades, 11% win rate, avg P&L -3.6%
  [2026-03-17 16:30:01]   dynamic_hft_bot/FARTCOIN: 5 trades, 80% win rate, avg P&L 6.5%
  [2026-03-17 16:30:01]   dynamic_hft_bot/SOL: 7 trades, 29% win rate, avg P&L -0.8%
  [2026-03-17 16:30:01]   dynamic_hft_bot/SUI: 5 trades, 100% win rate, avg P&L 8.8%
  [2026-03-17 16:30:01]   dynamic_hft_bot/WAR: 12 trades, 33% win rate, avg P&L 12.5%
  [2026-03-17 16:30:01] TUNED dynamic_hft_bot/WAR: {'min_confidence': 0.65, 'volatility_threshold': 0.045, 'profit_target': 0.085, 'stop_loss': 0.037, 'learning_enabled': True}
  [2026-03-17 16:30:01]   dynamic_hft_bot/XPL: 10 trades, 0% win rate, avg P&L -9.3%

  [Protection]
  ❌ Order error: ['EOrder:Invalid price:FARTCOIN/USD price can only be specified up to 4 decimals.']
  [2026-03-17 16:30:03] Failed to protect FARTCOIN: ['EOrder:Invalid price:FARTCOIN/USD price can only be specified up to 4 decimals.']
  All eligible positions protected

  [Summary]
  Bots running: 9/10

============================================================


============================================================
  BOT MONITOR — 2026-03-17 17:00:01
============================================================

  [Health Check]
  [2026-03-17 17:00:01] RESTART: bot_SOL is not running — relaunching
  Restarted: bot_SOL

  [Learning]
  [2026-03-17 17:00:01]   dynamic_hft_bot/DOT: 9 trades, 11% win rate, avg P&L -3.6%
  [2026-03-17 17:00:01]   dynamic_hft_bot/FARTCOIN: 5 trades, 80% win rate, avg P&L 6.5%
  [2026-03-17 17:00:01]   dynamic_hft_bot/SOL: 7 trades, 29% win rate, avg P&L -0.8%
  [2026-03-17 17:00:01]   dynamic_hft_bot/SUI: 5 trades, 100% win rate, avg P&L 8.8%
  [2026-03-17 17:00:01]   dynamic_hft_bot/WAR: 12 trades, 33% win rate, avg P&L 12.5%
  [2026-03-17 17:00:01] TUNED dynamic_hft_bot/WAR: {'min_confidence': 0.65, 'volatility_threshold': 0.045, 'profit_target': 0.085, 'stop_loss': 0.037, 'learning_enabled': True}
  [2026-03-17 17:00:01]   dynamic_hft_bot/XPL: 10 trades, 0% win rate, avg P&L -9.3%

  [Protection]
  ❌ Order error: ['EOrder:Invalid price:FARTCOIN/USD price can only be specified up to 4 decimals.']
  [2026-03-17 17:00:04] Failed to protect FARTCOIN: ['EOrder:Invalid price:FARTCOIN/USD price can only be specified up to 4 decimals.']
  All eligible positions protected

  [Summary]
  Bots running: 9/10

============================================================


============================================================
  BOT MONITOR — 2026-03-17 17:30:01
============================================================

  [Health Check]
  [2026-03-17 17:30:01] RESTART: bot_SOL is not running — relaunching
  Restarted: bot_SOL

  [Learning]
  [2026-03-17 17:30:01]   dynamic_hft_bot/DOT: 9 trades, 11% win rate, avg P&L -3.6%
  [2026-03-17 17:30:01]   dynamic_hft_bot/FARTCOIN: 5 trades, 80% win rate, avg P&L 6.5%
  [2026-03-17 17:30:01]   dynamic_hft_bot/SOL: 7 trades, 29% win rate, avg P&L -0.8%
  [2026-03-17 17:30:01]   dynamic_hft_bot/SUI: 5 trades, 100% win rate, avg P&L 8.8%
  [2026-03-17 17:30:01]   dynamic_hft_bot/WAR: 12 trades, 33% win rate, avg P&L 12.5%
  [2026-03-17 17:30:01] TUNED dynamic_hft_bot/WAR: {'min_confidence': 0.65, 'volatility_threshold': 0.045, 'profit_target': 0.085, 'stop_loss': 0.037, 'learning_enabled': True}
  [2026-03-17 17:30:01]   dynamic_hft_bot/XPL: 10 trades, 0% win rate, avg P&L -9.3%

  [Protection]
  ❌ Order error: ['EOrder:Invalid price:FARTCOIN/USD price can only be specified up to 4 decimals.']
  [2026-03-17 17:30:06] Failed to protect FARTCOIN: ['EOrder:Invalid price:FARTCOIN/USD price can only be specified up to 4 decimals.']
  All eligible positions protected

  [Summary]
  Bots running: 9/10

============================================================


============================================================
  BOT MONITOR — 2026-03-17 18:00:01
============================================================

  [Health Check]
  [2026-03-17 18:00:01] RESTART: bot_SOL is not running — relaunching
  Restarted: bot_SOL

  [Learning]
  [2026-03-17 18:00:01]   dynamic_hft_bot/DOT: 9 trades, 11% win rate, avg P&L -3.6%
  [2026-03-17 18:00:01]   dynamic_hft_bot/FARTCOIN: 5 trades, 80% win rate, avg P&L 6.5%
  [2026-03-17 18:00:01]   dynamic_hft_bot/SOL: 7 trades, 29% win rate, avg P&L -0.8%
  [2026-03-17 18:00:01]   dynamic_hft_bot/SUI: 5 trades, 100% win rate, avg P&L 8.8%
  [2026-03-17 18:00:01]   dynamic_hft_bot/WAR: 12 trades, 33% win rate, avg P&L 12.5%
  [2026-03-17 18:00:01] TUNED dynamic_hft_bot/WAR: {'min_confidence': 0.65, 'volatility_threshold': 0.045, 'profit_target': 0.085, 'stop_loss': 0.037, 'learning_enabled': True}
  [2026-03-17 18:00:01]   dynamic_hft_bot/XPL: 10 trades, 0% win rate, avg P&L -9.3%

  [Protection]
  ❌ Order error: ['EOrder:Invalid price:FARTCOIN/USD price can only be specified up to 4 decimals.']
  [2026-03-17 18:00:04] Failed to protect FARTCOIN: ['EOrder:Invalid price:FARTCOIN/USD price can only be specified up to 4 decimals.']
  All eligible positions protected

  [Summary]
  Bots running: 9/10

============================================================


============================================================
  BOT MONITOR — 2026-03-17 18:30:01
============================================================

  [Health Check]
  [2026-03-17 18:30:01] RESTART: bot_SOL is not running — relaunching
  Restarted: bot_SOL

  [Learning]
  [2026-03-17 18:30:01]   dynamic_hft_bot/DOT: 9 trades, 11% win rate, avg P&L -3.6%
  [2026-03-17 18:30:01]   dynamic_hft_bot/FARTCOIN: 5 trades, 80% win rate, avg P&L 6.5%
  [2026-03-17 18:30:01]   dynamic_hft_bot/SOL: 7 trades, 29% win rate, avg P&L -0.8%
  [2026-03-17 18:30:01]   dynamic_hft_bot/SUI: 5 trades, 100% win rate, avg P&L 8.8%
  [2026-03-17 18:30:01]   dynamic_hft_bot/WAR: 12 trades, 33% win rate, avg P&L 12.5%
  [2026-03-17 18:30:01] TUNED dynamic_hft_bot/WAR: {'min_confidence': 0.65, 'volatility_threshold': 0.045, 'profit_target': 0.085, 'stop_loss': 0.037, 'learning_enabled': True}
  [2026-03-17 18:30:01]   dynamic_hft_bot/XPL: 10 trades, 0% win rate, avg P&L -9.3%

  [Protection]
  ❌ Order error: ['EOrder:Invalid price:FARTCOIN/USD price can only be specified up to 4 decimals.']
  [2026-03-17 18:30:03] Failed to protect FARTCOIN: ['EOrder:Invalid price:FARTCOIN/USD price can only be specified up to 4 decimals.']
  All eligible positions protected

  [Summary]
  Bots running: 9/10

============================================================


============================================================
  BOT MONITOR — 2026-03-17 19:00:01
============================================================

  [Health Check]
  [2026-03-17 19:00:01] RESTART: bot_SOL is not running — relaunching
  Restarted: bot_SOL

  [Learning]
  [2026-03-17 19:00:01]   dynamic_hft_bot/DOT: 9 trades, 11% win rate, avg P&L -3.6%
  [2026-03-17 19:00:01]   dynamic_hft_bot/FARTCOIN: 5 trades, 80% win rate, avg P&L 6.5%
  [2026-03-17 19:00:01]   dynamic_hft_bot/SOL: 7 trades, 29% win rate, avg P&L -0.8%
  [2026-03-17 19:00:01]   dynamic_hft_bot/SUI: 5 trades, 100% win rate, avg P&L 8.8%
  [2026-03-17 19:00:01]   dynamic_hft_bot/WAR: 12 trades, 33% win rate, avg P&L 12.5%
  [2026-03-17 19:00:01] TUNED dynamic_hft_bot/WAR: {'min_confidence': 0.65, 'volatility_threshold': 0.045, 'profit_target': 0.085, 'stop_loss': 0.037, 'learning_enabled': True}
  [2026-03-17 19:00:01]   dynamic_hft_bot/XPL: 10 trades, 0% win rate, avg P&L -9.3%

  [Protection]
  ❌ Order error: ['EOrder:Invalid price:FARTCOIN/USD price can only be specified up to 4 decimals.']
  [2026-03-17 19:00:05] Failed to protect FARTCOIN: ['EOrder:Invalid price:FARTCOIN/USD price can only be specified up to 4 decimals.']
  All eligible positions protected

  [Summary]
  Bots running: 9/10

============================================================


============================================================
  BOT MONITOR — 2026-03-17 19:30:01
============================================================

  [Health Check]
  [2026-03-17 19:30:01] RESTART: bot_SOL is not running — relaunching
  Restarted: bot_SOL

  [Learning]
  [2026-03-17 19:30:01]   dynamic_hft_bot/DOT: 9 trades, 11% win rate, avg P&L -3.6%
  [2026-03-17 19:30:01]   dynamic_hft_bot/FARTCOIN: 5 trades, 80% win rate, avg P&L 6.5%
  [2026-03-17 19:30:01]   dynamic_hft_bot/SOL: 7 trades, 29% win rate, avg P&L -0.8%
  [2026-03-17 19:30:01]   dynamic_hft_bot/SUI: 5 trades, 100% win rate, avg P&L 8.8%
  [2026-03-17 19:30:01]   dynamic_hft_bot/WAR: 12 trades, 33% win rate, avg P&L 12.5%
  [2026-03-17 19:30:01] TUNED dynamic_hft_bot/WAR: {'min_confidence': 0.65, 'volatility_threshold': 0.045, 'profit_target': 0.085, 'stop_loss': 0.037, 'learning_enabled': True}
  [2026-03-17 19:30:01]   dynamic_hft_bot/XPL: 10 trades, 0% win rate, avg P&L -9.3%

  [Protection]
  ❌ Order error: ['EOrder:Invalid price:FARTCOIN/USD price can only be specified up to 4 decimals.']
  [2026-03-17 19:30:06] Failed to protect FARTCOIN: ['EOrder:Invalid price:FARTCOIN/USD price can only be specified up to 4 decimals.']
  All eligible positions protected

  [Summary]
  Bots running: 9/10

============================================================


============================================================
  BOT MONITOR — 2026-03-17 20:00:01
============================================================

  [Health Check]
  [2026-03-17 20:00:01] RESTART: bot_SOL is not running — relaunching
  Restarted: bot_SOL

  [Learning]
  [2026-03-17 20:00:01]   dynamic_hft_bot/DOT: 9 trades, 11% win rate, avg P&L -3.6%
  [2026-03-17 20:00:01]   dynamic_hft_bot/FARTCOIN: 5 trades, 80% win rate, avg P&L 6.5%
  [2026-03-17 20:00:01]   dynamic_hft_bot/SOL: 7 trades, 29% win rate, avg P&L -0.8%
  [2026-03-17 20:00:01]   dynamic_hft_bot/SUI: 5 trades, 100% win rate, avg P&L 8.8%
  [2026-03-17 20:00:01]   dynamic_hft_bot/WAR: 12 trades, 33% win rate, avg P&L 12.5%
  [2026-03-17 20:00:01] TUNED dynamic_hft_bot/WAR: {'min_confidence': 0.65, 'volatility_threshold': 0.045, 'profit_target': 0.085, 'stop_loss': 0.037, 'learning_enabled': True}
  [2026-03-17 20:00:01]   dynamic_hft_bot/XPL: 10 trades, 0% win rate, avg P&L -9.3%

  [Protection]
  ❌ Order error: ['EOrder:Invalid price:FARTCOIN/USD price can only be specified up to 4 decimals.']
  [2026-03-17 20:00:07] Failed to protect FARTCOIN: ['EOrder:Invalid price:FARTCOIN/USD price can only be specified up to 4 decimals.']
  All eligible positions protected

  [Summary]
  Bots running: 9/10

============================================================


============================================================
  BOT MONITOR — 2026-03-17 20:30:01
============================================================

  [Health Check]
  [2026-03-17 20:30:01] RESTART: bot_SOL is not running — relaunching
  Restarted: bot_SOL

  [Learning]
  [2026-03-17 20:30:01]   dynamic_hft_bot/DOT: 9 trades, 11% win rate, avg P&L -3.6%
  [2026-03-17 20:30:01]   dynamic_hft_bot/FARTCOIN: 5 trades, 80% win rate, avg P&L 6.5%
  [2026-03-17 20:30:01]   dynamic_hft_bot/SOL: 7 trades, 29% win rate, avg P&L -0.8%
  [2026-03-17 20:30:01]   dynamic_hft_bot/SUI: 5 trades, 100% win rate, avg P&L 8.8%
  [2026-03-17 20:30:01]   dynamic_hft_bot/WAR: 12 trades, 33% win rate, avg P&L 12.5%
  [2026-03-17 20:30:01] TUNED dynamic_hft_bot/WAR: {'min_confidence': 0.65, 'volatility_threshold': 0.045, 'profit_target': 0.085, 'stop_loss': 0.037, 'learning_enabled': True}
  [2026-03-17 20:30:01]   dynamic_hft_bot/XPL: 10 trades, 0% win rate, avg P&L -9.3%

  [Protection]
  ❌ Order error: ['EOrder:Invalid price:FARTCOIN/USD price can only be specified up to 4 decimals.']
  [2026-03-17 20:30:04] Failed to protect FARTCOIN: ['EOrder:Invalid price:FARTCOIN/USD price can only be specified up to 4 decimals.']
  All eligible positions protected

  [Summary]
  Bots running: 9/10

============================================================


============================================================
  BOT MONITOR — 2026-03-17 21:00:01
============================================================

  [Health Check]
  [2026-03-17 21:00:01] RESTART: bot_SOL is not running — relaunching
  Restarted: bot_SOL

  [Learning]
  [2026-03-17 21:00:01]   dynamic_hft_bot/DOT: 9 trades, 11% win rate, avg P&L -3.6%
  [2026-03-17 21:00:01]   dynamic_hft_bot/FARTCOIN: 5 trades, 80% win rate, avg P&L 6.5%
  [2026-03-17 21:00:01]   dynamic_hft_bot/SOL: 7 trades, 29% win rate, avg P&L -0.8%
  [2026-03-17 21:00:01]   dynamic_hft_bot/SUI: 5 trades, 100% win rate, avg P&L 8.8%
  [2026-03-17 21:00:01]   dynamic_hft_bot/WAR: 12 trades, 33% win rate, avg P&L 12.5%
  [2026-03-17 21:00:01] TUNED dynamic_hft_bot/WAR: {'min_confidence': 0.65, 'volatility_threshold': 0.045, 'profit_target': 0.085, 'stop_loss': 0.037, 'learning_enabled': True}
  [2026-03-17 21:00:01]   dynamic_hft_bot/XPL: 10 trades, 0% win rate, avg P&L -9.3%

  [Protection]
  ❌ Order error: ['EOrder:Invalid price:FARTCOIN/USD price can only be specified up to 4 decimals.']
  [2026-03-17 21:00:04] Failed to protect FARTCOIN: ['EOrder:Invalid price:FARTCOIN/USD price can only be specified up to 4 decimals.']
  All eligible positions protected

  [Summary]
  Bots running: 9/10

============================================================


============================================================
  BOT MONITOR — 2026-03-17 21:30:02
============================================================

  [Health Check]
  [2026-03-17 21:30:02] RESTART: bot_SOL is not running — relaunching
  Restarted: bot_SOL

  [Learning]
  [2026-03-17 21:30:02]   dynamic_hft_bot/DOT: 9 trades, 11% win rate, avg P&L -3.6%
  [2026-03-17 21:30:02]   dynamic_hft_bot/FARTCOIN: 5 trades, 80% win rate, avg P&L 6.5%
  [2026-03-17 21:30:02]   dynamic_hft_bot/SOL: 7 trades, 29% win rate, avg P&L -0.8%
  [2026-03-17 21:30:02]   dynamic_hft_bot/SUI: 5 trades, 100% win rate, avg P&L 8.8%
  [2026-03-17 21:30:02]   dynamic_hft_bot/WAR: 12 trades, 33% win rate, avg P&L 12.5%
  [2026-03-17 21:30:02] TUNED dynamic_hft_bot/WAR: {'min_confidence': 0.65, 'volatility_threshold': 0.045, 'profit_target': 0.085, 'stop_loss': 0.037, 'learning_enabled': True}
  [2026-03-17 21:30:02]   dynamic_hft_bot/XPL: 10 trades, 0% win rate, avg P&L -9.3%

  [Protection]
  ❌ Order error: ['EOrder:Invalid price:FARTCOIN/USD price can only be specified up to 4 decimals.']
  [2026-03-17 21:30:04] Failed to protect FARTCOIN: ['EOrder:Invalid price:FARTCOIN/USD price can only be specified up to 4 decimals.']
  All eligible positions protected

  [Summary]
  Bots running: 9/10

============================================================


============================================================
  BOT MONITOR — 2026-03-17 22:00:01
============================================================

  [Health Check]
  [2026-03-17 22:00:01] RESTART: bot_SOL is not running — relaunching
  Restarted: bot_SOL

  [Learning]
  [2026-03-17 22:00:01]   dynamic_hft_bot/DOT: 9 trades, 11% win rate, avg P&L -3.6%
  [2026-03-17 22:00:01]   dynamic_hft_bot/FARTCOIN: 5 trades, 80% win rate, avg P&L 6.5%
  [2026-03-17 22:00:01]   dynamic_hft_bot/SOL: 7 trades, 29% win rate, avg P&L -0.8%
  [2026-03-17 22:00:01]   dynamic_hft_bot/SUI: 5 trades, 100% win rate, avg P&L 8.8%
  [2026-03-17 22:00:01]   dynamic_hft_bot/WAR: 12 trades, 33% win rate, avg P&L 12.5%
  [2026-03-17 22:00:01] TUNED dynamic_hft_bot/WAR: {'min_confidence': 0.65, 'volatility_threshold': 0.045, 'profit_target': 0.085, 'stop_loss': 0.037, 'learning_enabled': True}
  [2026-03-17 22:00:01]   dynamic_hft_bot/XPL: 10 trades, 0% win rate, avg P&L -9.3%

  [Protection]
  ❌ Order error: ['EOrder:Invalid price:FARTCOIN/USD price can only be specified up to 4 decimals.']
  [2026-03-17 22:00:04] Failed to protect FARTCOIN: ['EOrder:Invalid price:FARTCOIN/USD price can only be specified up to 4 decimals.']
  All eligible positions protected

  [Summary]
  Bots running: 9/10

============================================================


============================================================
  BOT MONITOR — 2026-03-17 22:30:02
============================================================

  [Health Check]
  [2026-03-17 22:30:02] RESTART: bot_SOL is not running — relaunching
  Restarted: bot_SOL

  [Learning]
  [2026-03-17 22:30:02]   dynamic_hft_bot/DOT: 9 trades, 11% win rate, avg P&L -3.6%
  [2026-03-17 22:30:02]   dynamic_hft_bot/FARTCOIN: 5 trades, 80% win rate, avg P&L 6.5%
  [2026-03-17 22:30:02]   dynamic_hft_bot/SOL: 7 trades, 29% win rate, avg P&L -0.8%
  [2026-03-17 22:30:02]   dynamic_hft_bot/SUI: 5 trades, 100% win rate, avg P&L 8.8%
  [2026-03-17 22:30:02]   dynamic_hft_bot/WAR: 12 trades, 33% win rate, avg P&L 12.5%
  [2026-03-17 22:30:02] TUNED dynamic_hft_bot/WAR: {'min_confidence': 0.65, 'volatility_threshold': 0.045, 'profit_target': 0.085, 'stop_loss': 0.037, 'learning_enabled': True}
  [2026-03-17 22:30:02]   dynamic_hft_bot/XPL: 10 trades, 0% win rate, avg P&L -9.3%

  [Protection]
  ❌ Order error: ['EOrder:Invalid price:FARTCOIN/USD price can only be specified up to 4 decimals.']
  [2026-03-17 22:30:04] Failed to protect FARTCOIN: ['EOrder:Invalid price:FARTCOIN/USD price can only be specified up to 4 decimals.']
  All eligible positions protected

  [Summary]
  Bots running: 9/10

============================================================


============================================================
  BOT MONITOR — 2026-03-17 23:00:01
============================================================

  [Health Check]
  [2026-03-17 23:00:01] RESTART: bot_SOL is not running — relaunching
  Restarted: bot_SOL

  [Learning]
  [2026-03-17 23:00:01]   dynamic_hft_bot/DOT: 9 trades, 11% win rate, avg P&L -3.6%
  [2026-03-17 23:00:01]   dynamic_hft_bot/FARTCOIN: 5 trades, 80% win rate, avg P&L 6.5%
  [2026-03-17 23:00:01]   dynamic_hft_bot/SOL: 7 trades, 29% win rate, avg P&L -0.8%
  [2026-03-17 23:00:01]   dynamic_hft_bot/SUI: 5 trades, 100% win rate, avg P&L 8.8%
  [2026-03-17 23:00:01]   dynamic_hft_bot/WAR: 12 trades, 33% win rate, avg P&L 12.5%
  [2026-03-17 23:00:01] TUNED dynamic_hft_bot/WAR: {'min_confidence': 0.65, 'volatility_threshold': 0.045, 'profit_target': 0.085, 'stop_loss': 0.037, 'learning_enabled': True}
  [2026-03-17 23:00:01]   dynamic_hft_bot/XPL: 10 trades, 0% win rate, avg P&L -9.3%

  [Protection]
  [2026-03-17 23:00:03] STALE SL: USELESSUSD price $0.0435 < SL $0.0442 — selling
  ✅ Cancelled: OQMXDZ-ONLIX-O234A4
  ✅ Order placed: {'txid': ['O654ZU-EDU4J-WME3BF'], 'descr': {'order': 'sell 110.000 USELESSUSD @ market'}}
  [2026-03-17 23:00:04]   SOLD USELESSUSD: price below SL ($0.0435 < $0.0442)
  ❌ Order error: ['EOrder:Invalid price:FARTCOIN/USD price can only be specified up to 4 decimals.']
  [2026-03-17 23:00:07] Failed to protect FARTCOIN: ['EOrder:Invalid price:FARTCOIN/USD price can only be specified up to 4 decimals.']

  [Summary]
  Bots running: 9/10

============================================================


============================================================
  BOT MONITOR — 2026-03-17 23:30:01
============================================================

  [Health Check]
  [2026-03-17 23:30:01] RESTART: bot_SOL is not running — relaunching
  Restarted: bot_SOL

  [Learning]
  [2026-03-17 23:30:01]   dynamic_hft_bot/DOT: 9 trades, 11% win rate, avg P&L -3.6%
  [2026-03-17 23:30:01]   dynamic_hft_bot/FARTCOIN: 5 trades, 80% win rate, avg P&L 6.5%
  [2026-03-17 23:30:01]   dynamic_hft_bot/SOL: 7 trades, 29% win rate, avg P&L -0.8%
  [2026-03-17 23:30:01]   dynamic_hft_bot/SUI: 5 trades, 100% win rate, avg P&L 8.8%
  [2026-03-17 23:30:01]   dynamic_hft_bot/WAR: 12 trades, 33% win rate, avg P&L 12.5%
  [2026-03-17 23:30:01] TUNED dynamic_hft_bot/WAR: {'min_confidence': 0.65, 'volatility_threshold': 0.045, 'profit_target': 0.085, 'stop_loss': 0.037, 'learning_enabled': True}
  [2026-03-17 23:30:01]   dynamic_hft_bot/XPL: 10 trades, 0% win rate, avg P&L -9.3%

  [Protection]
  ❌ Order error: ['EOrder:Invalid price:FARTCOIN/USD price can only be specified up to 4 decimals.']
  [2026-03-17 23:30:04] Failed to protect FARTCOIN: ['EOrder:Invalid price:FARTCOIN/USD price can only be specified up to 4 decimals.']
  All eligible positions protected

  [Summary]
  Bots running: 9/10

============================================================


============================================================
  BOT MONITOR — 2026-03-18 00:00:01
============================================================

  [Health Check]
  [2026-03-18 00:00:01] RESTART: bot_SOL is not running — relaunching
  Restarted: bot_SOL

  [Learning]
  [2026-03-18 00:00:01]   dynamic_hft_bot/DOT: 9 trades, 11% win rate, avg P&L -3.6%
  [2026-03-18 00:00:01]   dynamic_hft_bot/FARTCOIN: 5 trades, 80% win rate, avg P&L 6.5%
  [2026-03-18 00:00:01]   dynamic_hft_bot/SOL: 7 trades, 29% win rate, avg P&L -0.8%
  [2026-03-18 00:00:01]   dynamic_hft_bot/SUI: 5 trades, 100% win rate, avg P&L 8.8%
  [2026-03-18 00:00:01]   dynamic_hft_bot/WAR: 12 trades, 33% win rate, avg P&L 12.5%
  [2026-03-18 00:00:01] TUNED dynamic_hft_bot/WAR: {'min_confidence': 0.65, 'volatility_threshold': 0.045, 'profit_target': 0.085, 'stop_loss': 0.037, 'learning_enabled': True}
  [2026-03-18 00:00:01]   dynamic_hft_bot/XPL: 10 trades, 0% win rate, avg P&L -9.3%

  [Protection]
  ❌ Order error: ['EOrder:Invalid price:FARTCOIN/USD price can only be specified up to 4 decimals.']
  [2026-03-18 00:00:04] Failed to protect FARTCOIN: ['EOrder:Invalid price:FARTCOIN/USD price can only be specified up to 4 decimals.']
  All eligible positions protected

  [Summary]
  Bots running: 9/10

============================================================


============================================================
  BOT MONITOR — 2026-03-18 00:30:01
============================================================

  [Health Check]
  [2026-03-18 00:30:01] RESTART: bot_SOL is not running — relaunching
  Restarted: bot_SOL

  [Learning]
  [2026-03-18 00:30:01]   dynamic_hft_bot/DOT: 9 trades, 11% win rate, avg P&L -3.6%
  [2026-03-18 00:30:01]   dynamic_hft_bot/FARTCOIN: 5 trades, 80% win rate, avg P&L 6.5%
  [2026-03-18 00:30:01]   dynamic_hft_bot/SOL: 7 trades, 29% win rate, avg P&L -0.8%
  [2026-03-18 00:30:01]   dynamic_hft_bot/SUI: 5 trades, 100% win rate, avg P&L 8.8%
  [2026-03-18 00:30:01]   dynamic_hft_bot/WAR: 12 trades, 33% win rate, avg P&L 12.5%
  [2026-03-18 00:30:01] TUNED dynamic_hft_bot/WAR: {'min_confidence': 0.65, 'volatility_threshold': 0.045, 'profit_target': 0.085, 'stop_loss': 0.037, 'learning_enabled': True}
  [2026-03-18 00:30:01]   dynamic_hft_bot/XPL: 10 trades, 0% win rate, avg P&L -9.3%

  [Protection]
  ❌ Order error: ['EOrder:Invalid price:FARTCOIN/USD price can only be specified up to 4 decimals.']
  [2026-03-18 00:30:05] Failed to protect FARTCOIN: ['EOrder:Invalid price:FARTCOIN/USD price can only be specified up to 4 decimals.']
  All eligible positions protected

  [Summary]
  Bots running: 9/10

============================================================


============================================================
  BOT MONITOR — 2026-03-18 01:00:01
============================================================

  [Health Check]
  [2026-03-18 01:00:01] RESTART: bot_SOL is not running — relaunching
  Restarted: bot_SOL

  [Learning]
  [2026-03-18 01:00:01]   dynamic_hft_bot/DOT: 9 trades, 11% win rate, avg P&L -3.6%
  [2026-03-18 01:00:01]   dynamic_hft_bot/FARTCOIN: 5 trades, 80% win rate, avg P&L 6.5%
  [2026-03-18 01:00:01]   dynamic_hft_bot/SOL: 7 trades, 29% win rate, avg P&L -0.8%
  [2026-03-18 01:00:01]   dynamic_hft_bot/SUI: 5 trades, 100% win rate, avg P&L 8.8%
  [2026-03-18 01:00:01]   dynamic_hft_bot/WAR: 12 trades, 33% win rate, avg P&L 12.5%
  [2026-03-18 01:00:01] TUNED dynamic_hft_bot/WAR: {'min_confidence': 0.65, 'volatility_threshold': 0.045, 'profit_target': 0.085, 'stop_loss': 0.037, 'learning_enabled': True}
  [2026-03-18 01:00:01]   dynamic_hft_bot/XPL: 10 trades, 0% win rate, avg P&L -9.3%

  [Protection]
  ❌ Order error: ['EOrder:Invalid price:FARTCOIN/USD price can only be specified up to 4 decimals.']
  [2026-03-18 01:00:04] Failed to protect FARTCOIN: ['EOrder:Invalid price:FARTCOIN/USD price can only be specified up to 4 decimals.']
  All eligible positions protected

  [Summary]
  Bots running: 9/10

============================================================


============================================================
  BOT MONITOR — 2026-03-18 01:30:01
============================================================

  [Health Check]
  [2026-03-18 01:30:01] RESTART: bot_SOL is not running — relaunching
  Restarted: bot_SOL

  [Learning]
  [2026-03-18 01:30:01]   dynamic_hft_bot/DOT: 9 trades, 11% win rate, avg P&L -3.6%
  [2026-03-18 01:30:01]   dynamic_hft_bot/FARTCOIN: 5 trades, 80% win rate, avg P&L 6.5%
  [2026-03-18 01:30:01]   dynamic_hft_bot/SOL: 7 trades, 29% win rate, avg P&L -0.8%
  [2026-03-18 01:30:01]   dynamic_hft_bot/SUI: 5 trades, 100% win rate, avg P&L 8.8%
  [2026-03-18 01:30:01]   dynamic_hft_bot/WAR: 12 trades, 33% win rate, avg P&L 12.5%
  [2026-03-18 01:30:01] TUNED dynamic_hft_bot/WAR: {'min_confidence': 0.65, 'volatility_threshold': 0.045, 'profit_target': 0.085, 'stop_loss': 0.037, 'learning_enabled': True}
  [2026-03-18 01:30:01]   dynamic_hft_bot/XPL: 10 trades, 0% win rate, avg P&L -9.3%

  [Protection]
  ❌ Order error: ['EOrder:Invalid price:FARTCOIN/USD price can only be specified up to 4 decimals.']
  [2026-03-18 01:30:05] Failed to protect FARTCOIN: ['EOrder:Invalid price:FARTCOIN/USD price can only be specified up to 4 decimals.']
  All eligible positions protected

  [Summary]
  Bots running: 9/10

============================================================


============================================================
  BOT MONITOR — 2026-03-18 02:00:01
============================================================

  [Health Check]
  [2026-03-18 02:00:01] RESTART: bot_SOL is not running — relaunching
  Restarted: bot_SOL

  [Learning]
  [2026-03-18 02:00:01]   dynamic_hft_bot/DOT: 9 trades, 11% win rate, avg P&L -3.6%
  [2026-03-18 02:00:01]   dynamic_hft_bot/FARTCOIN: 5 trades, 80% win rate, avg P&L 6.5%
  [2026-03-18 02:00:01]   dynamic_hft_bot/SOL: 7 trades, 29% win rate, avg P&L -0.8%
  [2026-03-18 02:00:01]   dynamic_hft_bot/SUI: 5 trades, 100% win rate, avg P&L 8.8%
  [2026-03-18 02:00:01]   dynamic_hft_bot/WAR: 12 trades, 33% win rate, avg P&L 12.5%
  [2026-03-18 02:00:01] TUNED dynamic_hft_bot/WAR: {'min_confidence': 0.65, 'volatility_threshold': 0.045, 'profit_target': 0.085, 'stop_loss': 0.037, 'learning_enabled': True}
  [2026-03-18 02:00:01]   dynamic_hft_bot/XPL: 10 trades, 0% win rate, avg P&L -9.3%

  [Protection]
  ❌ Order error: ['EOrder:Invalid price:FARTCOIN/USD price can only be specified up to 4 decimals.']
  [2026-03-18 02:00:05] Failed to protect FARTCOIN: ['EOrder:Invalid price:FARTCOIN/USD price can only be specified up to 4 decimals.']
  All eligible positions protected

  [Summary]
  Bots running: 9/10

============================================================


============================================================
  BOT MONITOR — 2026-03-18 02:30:01
============================================================

  [Health Check]
  [2026-03-18 02:30:01] RESTART: bot_SOL is not running — relaunching
  Restarted: bot_SOL

  [Learning]
  [2026-03-18 02:30:01]   dynamic_hft_bot/DOT: 9 trades, 11% win rate, avg P&L -3.6%
  [2026-03-18 02:30:01]   dynamic_hft_bot/FARTCOIN: 5 trades, 80% win rate, avg P&L 6.5%
  [2026-03-18 02:30:01]   dynamic_hft_bot/SOL: 7 trades, 29% win rate, avg P&L -0.8%
  [2026-03-18 02:30:01]   dynamic_hft_bot/SUI: 5 trades, 100% win rate, avg P&L 8.8%
  [2026-03-18 02:30:01]   dynamic_hft_bot/WAR: 12 trades, 33% win rate, avg P&L 12.5%
  [2026-03-18 02:30:01] TUNED dynamic_hft_bot/WAR: {'min_confidence': 0.65, 'volatility_threshold': 0.045, 'profit_target': 0.085, 'stop_loss': 0.037, 'learning_enabled': True}
  [2026-03-18 02:30:01]   dynamic_hft_bot/XPL: 10 trades, 0% win rate, avg P&L -9.3%

  [Protection]
  ❌ Order error: ['EOrder:Invalid price:FARTCOIN/USD price can only be specified up to 4 decimals.']
  [2026-03-18 02:30:05] Failed to protect FARTCOIN: ['EOrder:Invalid price:FARTCOIN/USD price can only be specified up to 4 decimals.']
  All eligible positions protected

  [Summary]
  Bots running: 9/10

============================================================


============================================================
  BOT MONITOR — 2026-03-18 03:00:01
============================================================

  [Health Check]
  [2026-03-18 03:00:01] RESTART: bot_SOL is not running — relaunching
  Restarted: bot_SOL

  [Learning]
  [2026-03-18 03:00:01]   dynamic_hft_bot/DOT: 9 trades, 11% win rate, avg P&L -3.6%
  [2026-03-18 03:00:01]   dynamic_hft_bot/FARTCOIN: 5 trades, 80% win rate, avg P&L 6.5%
  [2026-03-18 03:00:01]   dynamic_hft_bot/SOL: 7 trades, 29% win rate, avg P&L -0.8%
  [2026-03-18 03:00:01]   dynamic_hft_bot/SUI: 5 trades, 100% win rate, avg P&L 8.8%
  [2026-03-18 03:00:01]   dynamic_hft_bot/WAR: 12 trades, 33% win rate, avg P&L 12.5%
  [2026-03-18 03:00:01] TUNED dynamic_hft_bot/WAR: {'min_confidence': 0.65, 'volatility_threshold': 0.045, 'profit_target': 0.085, 'stop_loss': 0.037, 'learning_enabled': True}
  [2026-03-18 03:00:01]   dynamic_hft_bot/XPL: 10 trades, 0% win rate, avg P&L -9.3%

  [Protection]
  ❌ Order error: ['EOrder:Invalid price:FARTCOIN/USD price can only be specified up to 4 decimals.']
  [2026-03-18 03:00:03] Failed to protect FARTCOIN: ['EOrder:Invalid price:FARTCOIN/USD price can only be specified up to 4 decimals.']
  All eligible positions protected

  [Summary]
  Bots running: 9/10

============================================================


============================================================
  BOT MONITOR — 2026-03-18 03:30:01
============================================================

  [Health Check]
  [2026-03-18 03:30:01] RESTART: bot_SOL is not running — relaunching
  Restarted: bot_SOL

  [Learning]
  [2026-03-18 03:30:01]   dynamic_hft_bot/DOT: 9 trades, 11% win rate, avg P&L -3.6%
  [2026-03-18 03:30:01]   dynamic_hft_bot/FARTCOIN: 5 trades, 80% win rate, avg P&L 6.5%
  [2026-03-18 03:30:01]   dynamic_hft_bot/SOL: 7 trades, 29% win rate, avg P&L -0.8%
  [2026-03-18 03:30:01]   dynamic_hft_bot/SUI: 5 trades, 100% win rate, avg P&L 8.8%
  [2026-03-18 03:30:01]   dynamic_hft_bot/WAR: 12 trades, 33% win rate, avg P&L 12.5%
  [2026-03-18 03:30:01] TUNED dynamic_hft_bot/WAR: {'min_confidence': 0.65, 'volatility_threshold': 0.045, 'profit_target': 0.085, 'stop_loss': 0.037, 'learning_enabled': True}
  [2026-03-18 03:30:01]   dynamic_hft_bot/XPL: 10 trades, 0% win rate, avg P&L -9.3%

  [Protection]
  ❌ Order error: ['EOrder:Invalid price:FARTCOIN/USD price can only be specified up to 4 decimals.']
  [2026-03-18 03:30:05] Failed to protect FARTCOIN: ['EOrder:Invalid price:FARTCOIN/USD price can only be specified up to 4 decimals.']
  All eligible positions protected

  [Summary]
  Bots running: 9/10

============================================================


============================================================
  BOT MONITOR — 2026-03-18 04:00:01
============================================================

  [Health Check]
  [2026-03-18 04:00:01] RESTART: bot_SOL is not running — relaunching
  Restarted: bot_SOL

  [Learning]
  [2026-03-18 04:00:01]   dynamic_hft_bot/DOT: 9 trades, 11% win rate, avg P&L -3.6%
  [2026-03-18 04:00:01]   dynamic_hft_bot/FARTCOIN: 5 trades, 80% win rate, avg P&L 6.5%
  [2026-03-18 04:00:01]   dynamic_hft_bot/SOL: 7 trades, 29% win rate, avg P&L -0.8%
  [2026-03-18 04:00:01]   dynamic_hft_bot/SUI: 5 trades, 100% win rate, avg P&L 8.8%
  [2026-03-18 04:00:01]   dynamic_hft_bot/WAR: 12 trades, 33% win rate, avg P&L 12.5%
  [2026-03-18 04:00:01] TUNED dynamic_hft_bot/WAR: {'min_confidence': 0.65, 'volatility_threshold': 0.045, 'profit_target': 0.085, 'stop_loss': 0.037, 'learning_enabled': True}
  [2026-03-18 04:00:01]   dynamic_hft_bot/XPL: 10 trades, 0% win rate, avg P&L -9.3%

  [Protection]
  ❌ Order error: ['EOrder:Invalid price:FARTCOIN/USD price can only be specified up to 4 decimals.']
  [2026-03-18 04:00:05] Failed to protect FARTCOIN: ['EOrder:Invalid price:FARTCOIN/USD price can only be specified up to 4 decimals.']
  All eligible positions protected

  [Summary]
  Bots running: 9/10

============================================================


============================================================
  BOT MONITOR — 2026-03-18 04:30:01
============================================================

  [Health Check]
  [2026-03-18 04:30:01] RESTART: bot_SOL is not running — relaunching
  Restarted: bot_SOL

  [Learning]
  [2026-03-18 04:30:01]   dynamic_hft_bot/DOT: 9 trades, 11% win rate, avg P&L -3.6%
  [2026-03-18 04:30:01]   dynamic_hft_bot/FARTCOIN: 5 trades, 80% win rate, avg P&L 6.5%
  [2026-03-18 04:30:01]   dynamic_hft_bot/SOL: 7 trades, 29% win rate, avg P&L -0.8%
  [2026-03-18 04:30:01]   dynamic_hft_bot/SUI: 5 trades, 100% win rate, avg P&L 8.8%
  [2026-03-18 04:30:01]   dynamic_hft_bot/WAR: 12 trades, 33% win rate, avg P&L 12.5%
  [2026-03-18 04:30:01] TUNED dynamic_hft_bot/WAR: {'min_confidence': 0.65, 'volatility_threshold': 0.045, 'profit_target': 0.085, 'stop_loss': 0.037, 'learning_enabled': True}
  [2026-03-18 04:30:01]   dynamic_hft_bot/XPL: 10 trades, 0% win rate, avg P&L -9.3%

  [Protection]
  ❌ Order error: ['EOrder:Invalid price:FARTCOIN/USD price can only be specified up to 4 decimals.']
  [2026-03-18 04:30:04] Failed to protect FARTCOIN: ['EOrder:Invalid price:FARTCOIN/USD price can only be specified up to 4 decimals.']
  All eligible positions protected

  [Summary]
  Bots running: 9/10

============================================================


============================================================
  BOT MONITOR — 2026-03-18 05:00:01
============================================================

  [Health Check]
  [2026-03-18 05:00:01] RESTART: bot_SOL is not running — relaunching
  Restarted: bot_SOL

  [Learning]
  [2026-03-18 05:00:01]   dynamic_hft_bot/DOT: 9 trades, 11% win rate, avg P&L -3.6%
  [2026-03-18 05:00:01]   dynamic_hft_bot/FARTCOIN: 5 trades, 80% win rate, avg P&L 6.5%
  [2026-03-18 05:00:01]   dynamic_hft_bot/SOL: 7 trades, 29% win rate, avg P&L -0.8%
  [2026-03-18 05:00:01]   dynamic_hft_bot/SUI: 5 trades, 100% win rate, avg P&L 8.8%
  [2026-03-18 05:00:01]   dynamic_hft_bot/WAR: 12 trades, 33% win rate, avg P&L 12.5%
  [2026-03-18 05:00:01] TUNED dynamic_hft_bot/WAR: {'min_confidence': 0.65, 'volatility_threshold': 0.045, 'profit_target': 0.085, 'stop_loss': 0.037, 'learning_enabled': True}
  [2026-03-18 05:00:01]   dynamic_hft_bot/XPL: 10 trades, 0% win rate, avg P&L -9.3%

  [Protection]
  ❌ Order error: ['EOrder:Invalid price:FARTCOIN/USD price can only be specified up to 4 decimals.']
  [2026-03-18 05:00:04] Failed to protect FARTCOIN: ['EOrder:Invalid price:FARTCOIN/USD price can only be specified up to 4 decimals.']
  All eligible positions protected

  [Summary]
  Bots running: 9/10

============================================================


============================================================
  BOT MONITOR — 2026-03-18 05:30:01
============================================================

  [Health Check]
  [2026-03-18 05:30:01] RESTART: bot_SOL is not running — relaunching
  Restarted: bot_SOL

  [Learning]
  [2026-03-18 05:30:01]   dynamic_hft_bot/DOT: 9 trades, 11% win rate, avg P&L -3.6%
  [2026-03-18 05:30:01]   dynamic_hft_bot/FARTCOIN: 5 trades, 80% win rate, avg P&L 6.5%
  [2026-03-18 05:30:01]   dynamic_hft_bot/SOL: 7 trades, 29% win rate, avg P&L -0.8%
  [2026-03-18 05:30:01]   dynamic_hft_bot/SUI: 5 trades, 100% win rate, avg P&L 8.8%
  [2026-03-18 05:30:01]   dynamic_hft_bot/WAR: 12 trades, 33% win rate, avg P&L 12.5%
  [2026-03-18 05:30:01] TUNED dynamic_hft_bot/WAR: {'min_confidence': 0.65, 'volatility_threshold': 0.045, 'profit_target': 0.085, 'stop_loss': 0.037, 'learning_enabled': True}
  [2026-03-18 05:30:01]   dynamic_hft_bot/XPL: 10 trades, 0% win rate, avg P&L -9.3%

  [Protection]
  ❌ Order error: ['EOrder:Invalid price:FARTCOIN/USD price can only be specified up to 4 decimals.']
  [2026-03-18 05:30:03] Failed to protect FARTCOIN: ['EOrder:Invalid price:FARTCOIN/USD price can only be specified up to 4 decimals.']
  All eligible positions protected

  [Summary]
  Bots running: 9/10

============================================================


============================================================
  BOT MONITOR — 2026-03-18 06:00:01
============================================================

  [Health Check]
  [2026-03-18 06:00:01] RESTART: bot_SOL is not running — relaunching
  Restarted: bot_SOL

  [Learning]
  [2026-03-18 06:00:01]   dynamic_hft_bot/DOT: 9 trades, 11% win rate, avg P&L -3.6%
  [2026-03-18 06:00:01]   dynamic_hft_bot/FARTCOIN: 5 trades, 80% win rate, avg P&L 6.5%
  [2026-03-18 06:00:01]   dynamic_hft_bot/SOL: 7 trades, 29% win rate, avg P&L -0.8%
  [2026-03-18 06:00:01]   dynamic_hft_bot/SUI: 5 trades, 100% win rate, avg P&L 8.8%
  [2026-03-18 06:00:01]   dynamic_hft_bot/WAR: 12 trades, 33% win rate, avg P&L 12.5%
  [2026-03-18 06:00:01] TUNED dynamic_hft_bot/WAR: {'min_confidence': 0.65, 'volatility_threshold': 0.045, 'profit_target': 0.085, 'stop_loss': 0.037, 'learning_enabled': True}
  [2026-03-18 06:00:01]   dynamic_hft_bot/XPL: 10 trades, 0% win rate, avg P&L -9.3%

  [Protection]
  ❌ Order error: ['EOrder:Invalid price:FARTCOIN/USD price can only be specified up to 4 decimals.']
  [2026-03-18 06:00:03] Failed to protect FARTCOIN: ['EOrder:Invalid price:FARTCOIN/USD price can only be specified up to 4 decimals.']
  All eligible positions protected

  [Summary]
  Bots running: 9/10

============================================================


============================================================
  BOT MONITOR — 2026-03-18 06:30:02
============================================================

  [Health Check]
  [2026-03-18 06:30:02] RESTART: bot_SOL is not running — relaunching
  Restarted: bot_SOL

  [Learning]
  [2026-03-18 06:30:02]   dynamic_hft_bot/DOT: 9 trades, 11% win rate, avg P&L -3.6%
  [2026-03-18 06:30:02]   dynamic_hft_bot/FARTCOIN: 5 trades, 80% win rate, avg P&L 6.5%
  [2026-03-18 06:30:02]   dynamic_hft_bot/SOL: 7 trades, 29% win rate, avg P&L -0.8%
  [2026-03-18 06:30:02]   dynamic_hft_bot/SUI: 5 trades, 100% win rate, avg P&L 8.8%
  [2026-03-18 06:30:02]   dynamic_hft_bot/WAR: 12 trades, 33% win rate, avg P&L 12.5%
  [2026-03-18 06:30:02] TUNED dynamic_hft_bot/WAR: {'min_confidence': 0.65, 'volatility_threshold': 0.045, 'profit_target': 0.085, 'stop_loss': 0.037, 'learning_enabled': True}
  [2026-03-18 06:30:02]   dynamic_hft_bot/XPL: 10 trades, 0% win rate, avg P&L -9.3%

  [Protection]
  ❌ Order error: ['EOrder:Invalid price:FARTCOIN/USD price can only be specified up to 4 decimals.']
  [2026-03-18 06:30:04] Failed to protect FARTCOIN: ['EOrder:Invalid price:FARTCOIN/USD price can only be specified up to 4 decimals.']
  All eligible positions protected

  [Summary]
  Bots running: 9/10

============================================================


============================================================
  BOT MONITOR — 2026-03-18 07:00:01
============================================================

  [Health Check]
  [2026-03-18 07:00:01] RESTART: bot_SOL is not running — relaunching
  Restarted: bot_SOL

  [Learning]
  [2026-03-18 07:00:01]   dynamic_hft_bot/DOT: 9 trades, 11% win rate, avg P&L -3.6%
  [2026-03-18 07:00:01]   dynamic_hft_bot/FARTCOIN: 5 trades, 80% win rate, avg P&L 6.5%
  [2026-03-18 07:00:01]   dynamic_hft_bot/SOL: 7 trades, 29% win rate, avg P&L -0.8%
  [2026-03-18 07:00:01]   dynamic_hft_bot/SUI: 5 trades, 100% win rate, avg P&L 8.8%
  [2026-03-18 07:00:01]   dynamic_hft_bot/WAR: 12 trades, 33% win rate, avg P&L 12.5%
  [2026-03-18 07:00:01] TUNED dynamic_hft_bot/WAR: {'min_confidence': 0.65, 'volatility_threshold': 0.045, 'profit_target': 0.085, 'stop_loss': 0.037, 'learning_enabled': True}
  [2026-03-18 07:00:01]   dynamic_hft_bot/XPL: 10 trades, 0% win rate, avg P&L -9.3%

  [Protection]
  ❌ Order error: ['EOrder:Invalid price:FARTCOIN/USD price can only be specified up to 4 decimals.']
  [2026-03-18 07:00:04] Failed to protect FARTCOIN: ['EOrder:Invalid price:FARTCOIN/USD price can only be specified up to 4 decimals.']
  All eligible positions protected

  [Summary]
  Bots running: 9/10

============================================================


============================================================
  BOT MONITOR — 2026-03-18 07:30:01
============================================================

  [Health Check]
  [2026-03-18 07:30:01] RESTART: bot_SOL is not running — relaunching
  Restarted: bot_SOL

  [Learning]
  [2026-03-18 07:30:02]   dynamic_hft_bot/DOT: 9 trades, 11% win rate, avg P&L -3.6%
  [2026-03-18 07:30:02]   dynamic_hft_bot/FARTCOIN: 5 trades, 80% win rate, avg P&L 6.5%
  [2026-03-18 07:30:02]   dynamic_hft_bot/SOL: 7 trades, 29% win rate, avg P&L -0.8%
  [2026-03-18 07:30:02]   dynamic_hft_bot/SUI: 5 trades, 100% win rate, avg P&L 8.8%
  [2026-03-18 07:30:02]   dynamic_hft_bot/WAR: 12 trades, 33% win rate, avg P&L 12.5%
  [2026-03-18 07:30:02] TUNED dynamic_hft_bot/WAR: {'min_confidence': 0.65, 'volatility_threshold': 0.045, 'profit_target': 0.085, 'stop_loss': 0.037, 'learning_enabled': True}
  [2026-03-18 07:30:02]   dynamic_hft_bot/XPL: 10 trades, 0% win rate, avg P&L -9.3%

  [Protection]
  ❌ Order error: ['EOrder:Invalid price:FARTCOIN/USD price can only be specified up to 4 decimals.']
  [2026-03-18 07:30:04] Failed to protect FARTCOIN: ['EOrder:Invalid price:FARTCOIN/USD price can only be specified up to 4 decimals.']
  All eligible positions protected

  [Summary]
  Bots running: 9/10

============================================================


============================================================
  BOT MONITOR — 2026-03-18 08:00:01
============================================================

  [Health Check]
  [2026-03-18 08:00:01] RESTART: bot_SOL is not running — relaunching
  Restarted: bot_SOL

  [Learning]
  [2026-03-18 08:00:01]   dynamic_hft_bot/DOT: 9 trades, 11% win rate, avg P&L -3.6%
  [2026-03-18 08:00:01]   dynamic_hft_bot/FARTCOIN: 5 trades, 80% win rate, avg P&L 6.5%
  [2026-03-18 08:00:01]   dynamic_hft_bot/SOL: 7 trades, 29% win rate, avg P&L -0.8%
  [2026-03-18 08:00:01]   dynamic_hft_bot/SUI: 5 trades, 100% win rate, avg P&L 8.8%
  [2026-03-18 08:00:01]   dynamic_hft_bot/WAR: 12 trades, 33% win rate, avg P&L 12.5%
  [2026-03-18 08:00:01] TUNED dynamic_hft_bot/WAR: {'min_confidence': 0.65, 'volatility_threshold': 0.045, 'profit_target': 0.085, 'stop_loss': 0.037, 'learning_enabled': True}
  [2026-03-18 08:00:01]   dynamic_hft_bot/XPL: 10 trades, 0% win rate, avg P&L -9.3%

  [Protection]
  ❌ Order error: ['EOrder:Invalid price:FARTCOIN/USD price can only be specified up to 4 decimals.']
  [2026-03-18 08:00:03] Failed to protect FARTCOIN: ['EOrder:Invalid price:FARTCOIN/USD price can only be specified up to 4 decimals.']
  All eligible positions protected

  [Summary]
  Bots running: 9/10

============================================================


============================================================
  BOT MONITOR — 2026-03-18 08:30:01
============================================================

  [Health Check]
  [2026-03-18 08:30:01] RESTART: bot_SOL is not running — relaunching
  Restarted: bot_SOL

  [Learning]
  [2026-03-18 08:30:01]   dynamic_hft_bot/DOT: 9 trades, 11% win rate, avg P&L -3.6%
  [2026-03-18 08:30:01]   dynamic_hft_bot/FARTCOIN: 5 trades, 80% win rate, avg P&L 6.5%
  [2026-03-18 08:30:01]   dynamic_hft_bot/SOL: 7 trades, 29% win rate, avg P&L -0.8%
  [2026-03-18 08:30:01]   dynamic_hft_bot/SUI: 5 trades, 100% win rate, avg P&L 8.8%
  [2026-03-18 08:30:01]   dynamic_hft_bot/WAR: 12 trades, 33% win rate, avg P&L 12.5%
  [2026-03-18 08:30:01] TUNED dynamic_hft_bot/WAR: {'min_confidence': 0.65, 'volatility_threshold': 0.045, 'profit_target': 0.085, 'stop_loss': 0.037, 'learning_enabled': True}
  [2026-03-18 08:30:01]   dynamic_hft_bot/XPL: 10 trades, 0% win rate, avg P&L -9.3%

  [Protection]
  ❌ Order error: ['EOrder:Invalid price:FARTCOIN/USD price can only be specified up to 4 decimals.']
  [2026-03-18 08:30:04] Failed to protect FARTCOIN: ['EOrder:Invalid price:FARTCOIN/USD price can only be specified up to 4 decimals.']
  All eligible positions protected

  [Summary]
  Bots running: 9/10

============================================================


============================================================
  BOT MONITOR — 2026-03-18 09:00:01
============================================================

  [Health Check]
  [2026-03-18 09:00:01] RESTART: bot_SOL is not running — relaunching
  Restarted: bot_SOL

  [Learning]
  [2026-03-18 09:00:01]   dynamic_hft_bot/DOT: 9 trades, 11% win rate, avg P&L -3.6%
  [2026-03-18 09:00:01]   dynamic_hft_bot/FARTCOIN: 5 trades, 80% win rate, avg P&L 6.5%
  [2026-03-18 09:00:01]   dynamic_hft_bot/SOL: 7 trades, 29% win rate, avg P&L -0.8%
  [2026-03-18 09:00:01]   dynamic_hft_bot/SUI: 5 trades, 100% win rate, avg P&L 8.8%
  [2026-03-18 09:00:01]   dynamic_hft_bot/WAR: 12 trades, 33% win rate, avg P&L 12.5%
  [2026-03-18 09:00:01] TUNED dynamic_hft_bot/WAR: {'min_confidence': 0.65, 'volatility_threshold': 0.045, 'profit_target': 0.085, 'stop_loss': 0.037, 'learning_enabled': True}
  [2026-03-18 09:00:01]   dynamic_hft_bot/XPL: 10 trades, 0% win rate, avg P&L -9.3%

  [Protection]
  ❌ Order error: ['EOrder:Invalid price:FARTCOIN/USD price can only be specified up to 4 decimals.']
  [2026-03-18 09:00:04] Failed to protect FARTCOIN: ['EOrder:Invalid price:FARTCOIN/USD price can only be specified up to 4 decimals.']
  All eligible positions protected

  [Summary]
  Bots running: 9/10

============================================================


============================================================
  BOT MONITOR — 2026-03-18 09:30:02
============================================================

  [Health Check]
  [2026-03-18 09:30:02] RESTART: bot_SOL is not running — relaunching
  Restarted: bot_SOL

  [Learning]
  [2026-03-18 09:30:02]   dynamic_hft_bot/DOT: 9 trades, 11% win rate, avg P&L -3.6%
  [2026-03-18 09:30:02]   dynamic_hft_bot/FARTCOIN: 5 trades, 80% win rate, avg P&L 6.5%
  [2026-03-18 09:30:02]   dynamic_hft_bot/SOL: 7 trades, 29% win rate, avg P&L -0.8%
  [2026-03-18 09:30:02]   dynamic_hft_bot/SUI: 5 trades, 100% win rate, avg P&L 8.8%
  [2026-03-18 09:30:02]   dynamic_hft_bot/WAR: 12 trades, 33% win rate, avg P&L 12.5%
  [2026-03-18 09:30:02] TUNED dynamic_hft_bot/WAR: {'min_confidence': 0.65, 'volatility_threshold': 0.045, 'profit_target': 0.085, 'stop_loss': 0.037, 'learning_enabled': True}
  [2026-03-18 09:30:02]   dynamic_hft_bot/XPL: 10 trades, 0% win rate, avg P&L -9.3%

  [Protection]
  ❌ Order error: ['EOrder:Invalid price:FARTCOIN/USD price can only be specified up to 4 decimals.']
  [2026-03-18 09:30:04] Failed to protect FARTCOIN: ['EOrder:Invalid price:FARTCOIN/USD price can only be specified up to 4 decimals.']
  All eligible positions protected

  [Summary]
  Bots running: 9/10

============================================================


============================================================
  BOT MONITOR — 2026-03-18 10:00:01
============================================================

  [Health Check]
  [2026-03-18 10:00:01] RESTART: bot_SOL is not running — relaunching
  Restarted: bot_SOL

  [Learning]
  [2026-03-18 10:00:01]   dynamic_hft_bot/DOT: 9 trades, 11% win rate, avg P&L -3.6%
  [2026-03-18 10:00:01]   dynamic_hft_bot/FARTCOIN: 5 trades, 80% win rate, avg P&L 6.5%
  [2026-03-18 10:00:01]   dynamic_hft_bot/SOL: 7 trades, 29% win rate, avg P&L -0.8%
  [2026-03-18 10:00:01]   dynamic_hft_bot/SUI: 5 trades, 100% win rate, avg P&L 8.8%
  [2026-03-18 10:00:01]   dynamic_hft_bot/WAR: 12 trades, 33% win rate, avg P&L 12.5%
  [2026-03-18 10:00:01] TUNED dynamic_hft_bot/WAR: {'min_confidence': 0.65, 'volatility_threshold': 0.045, 'profit_target': 0.085, 'stop_loss': 0.037, 'learning_enabled': True}
  [2026-03-18 10:00:01]   dynamic_hft_bot/XPL: 10 trades, 0% win rate, avg P&L -9.3%

  [Protection]
  ❌ Order error: ['EOrder:Invalid price:FARTCOIN/USD price can only be specified up to 4 decimals.']
  [2026-03-18 10:00:04] Failed to protect FARTCOIN: ['EOrder:Invalid price:FARTCOIN/USD price can only be specified up to 4 decimals.']
  All eligible positions protected

  [Summary]
  Bots running: 9/10

============================================================


============================================================
  BOT MONITOR — 2026-03-18 10:30:01
============================================================

  [Health Check]
  [2026-03-18 10:30:01] RESTART: bot_SOL is not running — relaunching
  Restarted: bot_SOL

  [Learning]
  [2026-03-18 10:30:01]   dynamic_hft_bot/DOT: 9 trades, 11% win rate, avg P&L -3.6%
  [2026-03-18 10:30:01]   dynamic_hft_bot/FARTCOIN: 5 trades, 80% win rate, avg P&L 6.5%
  [2026-03-18 10:30:01]   dynamic_hft_bot/SOL: 7 trades, 29% win rate, avg P&L -0.8%
  [2026-03-18 10:30:01]   dynamic_hft_bot/SUI: 5 trades, 100% win rate, avg P&L 8.8%
  [2026-03-18 10:30:01]   dynamic_hft_bot/WAR: 12 trades, 33% win rate, avg P&L 12.5%
  [2026-03-18 10:30:01] TUNED dynamic_hft_bot/WAR: {'min_confidence': 0.65, 'volatility_threshold': 0.045, 'profit_target': 0.085, 'stop_loss': 0.037, 'learning_enabled': True}
  [2026-03-18 10:30:01]   dynamic_hft_bot/XPL: 10 trades, 0% win rate, avg P&L -9.3%

  [Protection]
  ❌ Order error: ['EOrder:Invalid price:FARTCOIN/USD price can only be specified up to 4 decimals.']
  [2026-03-18 10:30:07] Failed to protect FARTCOIN: ['EOrder:Invalid price:FARTCOIN/USD price can only be specified up to 4 decimals.']
  All eligible positions protected

  [Summary]
  Bots running: 9/10

============================================================


============================================================
  BOT MONITOR — 2026-03-18 11:00:01
============================================================

  [Health Check]
  [2026-03-18 11:00:01] RESTART: bot_SOL is not running — relaunching
  Restarted: bot_SOL

  [Learning]
  [2026-03-18 11:00:01]   dynamic_hft_bot/DOT: 9 trades, 11% win rate, avg P&L -3.6%
  [2026-03-18 11:00:01]   dynamic_hft_bot/FARTCOIN: 5 trades, 80% win rate, avg P&L 6.5%
  [2026-03-18 11:00:01]   dynamic_hft_bot/SOL: 7 trades, 29% win rate, avg P&L -0.8%
  [2026-03-18 11:00:01]   dynamic_hft_bot/SUI: 5 trades, 100% win rate, avg P&L 8.8%
  [2026-03-18 11:00:01]   dynamic_hft_bot/WAR: 12 trades, 33% win rate, avg P&L 12.5%
  [2026-03-18 11:00:01] TUNED dynamic_hft_bot/WAR: {'min_confidence': 0.65, 'volatility_threshold': 0.045, 'profit_target': 0.085, 'stop_loss': 0.037, 'learning_enabled': True}
  [2026-03-18 11:00:01]   dynamic_hft_bot/XPL: 10 trades, 0% win rate, avg P&L -9.3%

  [Protection]
  [2026-03-18 11:00:02] STALE SL: XPLUSD price $0.1166 < SL $0.1174 — selling
  ✅ Cancelled: OAOQ6O-JMWPW-5I3RQJ
  ✅ Order placed: {'txid': ['OPDWMK-AZLTY-G7PYHV'], 'descr': {'order': 'sell 45.000 XPLUSD @ market'}}
  [2026-03-18 11:00:03]   SOLD XPLUSD: price below SL ($0.1166 < $0.1174)
  ❌ Order error: ['EOrder:Invalid price:FARTCOIN/USD price can only be specified up to 4 decimals.']
  [2026-03-18 11:00:06] Failed to protect FARTCOIN: ['EOrder:Invalid price:FARTCOIN/USD price can only be specified up to 4 decimals.']
  ❌ Order error: ['EOrder:Invalid price:XPL/USD price can only be specified up to 4 decimals.']
  [2026-03-18 11:00:07] Failed to protect XPL: ['EOrder:Invalid price:XPL/USD price can only be specified up to 4 decimals.']

  [Summary]
  Bots running: 9/10

============================================================


============================================================
  BOT MONITOR — 2026-03-18 11:30:02
============================================================

  [Health Check]
  [2026-03-18 11:30:02] RESTART: bot_SOL is not running — relaunching
  Restarted: bot_SOL

  [Learning]
  [2026-03-18 11:30:02]   dynamic_hft_bot/DOT: 9 trades, 11% win rate, avg P&L -3.6%
  [2026-03-18 11:30:02]   dynamic_hft_bot/FARTCOIN: 5 trades, 80% win rate, avg P&L 6.5%
  [2026-03-18 11:30:02]   dynamic_hft_bot/SOL: 7 trades, 29% win rate, avg P&L -0.8%
  [2026-03-18 11:30:02]   dynamic_hft_bot/SUI: 5 trades, 100% win rate, avg P&L 8.8%
  [2026-03-18 11:30:02]   dynamic_hft_bot/WAR: 12 trades, 33% win rate, avg P&L 12.5%
  [2026-03-18 11:30:02] TUNED dynamic_hft_bot/WAR: {'min_confidence': 0.65, 'volatility_threshold': 0.045, 'profit_target': 0.085, 'stop_loss': 0.037, 'learning_enabled': True}
  [2026-03-18 11:30:02]   dynamic_hft_bot/XPL: 10 trades, 0% win rate, avg P&L -9.3%

  [Protection]
  ❌ Order error: ['EOrder:Invalid price:FARTCOIN/USD price can only be specified up to 4 decimals.']
  [2026-03-18 11:30:04] Failed to protect FARTCOIN: ['EOrder:Invalid price:FARTCOIN/USD price can only be specified up to 4 decimals.']
  All eligible positions protected

  [Summary]
  Bots running: 9/10

============================================================


============================================================
  BOT MONITOR — 2026-03-18 12:00:01
============================================================

  [Health Check]
  [2026-03-18 12:00:01] RESTART: bot_SOL is not running — relaunching
  Restarted: bot_SOL

  [Learning]
  [2026-03-18 12:00:01]   dynamic_hft_bot/DOT: 9 trades, 11% win rate, avg P&L -3.6%
  [2026-03-18 12:00:01]   dynamic_hft_bot/FARTCOIN: 5 trades, 80% win rate, avg P&L 6.5%
  [2026-03-18 12:00:01]   dynamic_hft_bot/SOL: 7 trades, 29% win rate, avg P&L -0.8%
  [2026-03-18 12:00:01]   dynamic_hft_bot/SUI: 5 trades, 100% win rate, avg P&L 8.8%
  [2026-03-18 12:00:01]   dynamic_hft_bot/WAR: 12 trades, 33% win rate, avg P&L 12.5%
  [2026-03-18 12:00:01] TUNED dynamic_hft_bot/WAR: {'min_confidence': 0.65, 'volatility_threshold': 0.045, 'profit_target': 0.085, 'stop_loss': 0.037, 'learning_enabled': True}
  [2026-03-18 12:00:01]   dynamic_hft_bot/XPL: 10 trades, 0% win rate, avg P&L -9.3%

  [Protection]
  [2026-03-18 12:00:03] STALE SL: WIFUSD price $0.1814 < SL $0.1822 — selling
  ✅ Cancelled: OVS3RX-JAK2L-ONDXG3
  ✅ Order placed: {'txid': ['OU7VLT-4XPTL-O2WDB3'], 'descr': {'order': 'sell 25.000 WIFUSD @ market'}}
  [2026-03-18 12:00:04]   SOLD WIFUSD: price below SL ($0.1814 < $0.1822)
  ❌ Order error: ['EOrder:Invalid price:FARTCOIN/USD price can only be specified up to 4 decimals.']
  [2026-03-18 12:00:07] Failed to protect FARTCOIN: ['EOrder:Invalid price:FARTCOIN/USD price can only be specified up to 4 decimals.']

  [Summary]
  Bots running: 9/10

============================================================


============================================================
  BOT MONITOR — 2026-03-18 12:30:01
============================================================

  [Health Check]
  [2026-03-18 12:30:01] RESTART: bot_SOL is not running — relaunching
  Restarted: bot_SOL

  [Learning]
  [2026-03-18 12:30:01]   dynamic_hft_bot/DOT: 9 trades, 11% win rate, avg P&L -3.6%
  [2026-03-18 12:30:01]   dynamic_hft_bot/FARTCOIN: 5 trades, 80% win rate, avg P&L 6.5%
  [2026-03-18 12:30:01]   dynamic_hft_bot/SOL: 7 trades, 29% win rate, avg P&L -0.8%
  [2026-03-18 12:30:01]   dynamic_hft_bot/SUI: 5 trades, 100% win rate, avg P&L 8.8%
  [2026-03-18 12:30:01]   dynamic_hft_bot/WAR: 12 trades, 33% win rate, avg P&L 12.5%
  [2026-03-18 12:30:01] TUNED dynamic_hft_bot/WAR: {'min_confidence': 0.65, 'volatility_threshold': 0.045, 'profit_target': 0.085, 'stop_loss': 0.037, 'learning_enabled': True}
  [2026-03-18 12:30:01]   dynamic_hft_bot/XPL: 10 trades, 0% win rate, avg P&L -9.3%

  [Protection]
  ❌ Order error: ['EOrder:Invalid price:FARTCOIN/USD price can only be specified up to 4 decimals.']
  [2026-03-18 12:30:03] Failed to protect FARTCOIN: ['EOrder:Invalid price:FARTCOIN/USD price can only be specified up to 4 decimals.']
  All eligible positions protected

  [Summary]
  Bots running: 9/10

============================================================


============================================================
  BOT MONITOR — 2026-03-18 13:00:01
============================================================

  [Health Check]
  [2026-03-18 13:00:01] RESTART: bot_SOL is not running — relaunching
  Restarted: bot_SOL

  [Learning]
  [2026-03-18 13:00:01]   dynamic_hft_bot/DOT: 9 trades, 11% win rate, avg P&L -3.6%
  [2026-03-18 13:00:01]   dynamic_hft_bot/FARTCOIN: 5 trades, 80% win rate, avg P&L 6.5%
  [2026-03-18 13:00:01]   dynamic_hft_bot/SOL: 7 trades, 29% win rate, avg P&L -0.8%
  [2026-03-18 13:00:01]   dynamic_hft_bot/SUI: 5 trades, 100% win rate, avg P&L 8.8%
  [2026-03-18 13:00:01]   dynamic_hft_bot/WAR: 12 trades, 33% win rate, avg P&L 12.5%
  [2026-03-18 13:00:01] TUNED dynamic_hft_bot/WAR: {'min_confidence': 0.65, 'volatility_threshold': 0.045, 'profit_target': 0.085, 'stop_loss': 0.037, 'learning_enabled': True}
  [2026-03-18 13:00:01]   dynamic_hft_bot/XPL: 10 trades, 0% win rate, avg P&L -9.3%

  [Protection]
  [2026-03-18 13:00:02] STALE SL: XRPUSD price $1.4645 < SL $1.4689 — selling
  ✅ Cancelled: OS3YF3-F7QKJ-QLG6ZW
  ✅ Order placed: {'txid': ['OZYSIK-W2TKG-YDDP4K'], 'descr': {'order': 'sell 1.65000 XRPUSD @ market'}}
  [2026-03-18 13:00:04]   SOLD XRPUSD: price below SL ($1.4645 < $1.4689)
  [2026-03-18 13:00:05] STALE SL: ZECUSD price $264.3400 < SL $265.3800 — selling
  ✅ Cancelled: O6XUWA-BYEHN-KOBQFK
  ✅ Order placed: {'txid': ['OSWV4U-IW62J-BJDXZK'], 'descr': {'order': 'sell 0.03000 ZECUSD @ market'}}
  [2026-03-18 13:00:06]   SOLD ZECUSD: price below SL ($264.3400 < $265.3800)
  ❌ Order error: ['EOrder:Invalid price:FARTCOIN/USD price can only be specified up to 4 decimals.']
  [2026-03-18 13:00:08] Failed to protect FARTCOIN: ['EOrder:Invalid price:FARTCOIN/USD price can only be specified up to 4 decimals.']
  ❌ Order error: ['EOrder:Insufficient funds']
  [2026-03-18 13:00:09] Failed to protect XZEC: ['EOrder:Insufficient funds']

  [Summary]
  Bots running: 9/10

============================================================


============================================================
  BOT MONITOR — 2026-03-18 13:30:01
============================================================

  [Health Check]
  [2026-03-18 13:30:01] RESTART: bot_SOL is not running — relaunching
  Restarted: bot_SOL

  [Learning]
  [2026-03-18 13:30:01]   dynamic_hft_bot/DOT: 9 trades, 11% win rate, avg P&L -3.6%
  [2026-03-18 13:30:01]   dynamic_hft_bot/FARTCOIN: 5 trades, 80% win rate, avg P&L 6.5%
  [2026-03-18 13:30:01]   dynamic_hft_bot/SOL: 7 trades, 29% win rate, avg P&L -0.8%
  [2026-03-18 13:30:01]   dynamic_hft_bot/SUI: 5 trades, 100% win rate, avg P&L 8.8%
  [2026-03-18 13:30:01]   dynamic_hft_bot/WAR: 12 trades, 33% win rate, avg P&L 12.5%
  [2026-03-18 13:30:01] TUNED dynamic_hft_bot/WAR: {'min_confidence': 0.65, 'volatility_threshold': 0.045, 'profit_target': 0.085, 'stop_loss': 0.037, 'learning_enabled': True}
  [2026-03-18 13:30:01]   dynamic_hft_bot/XPL: 10 trades, 0% win rate, avg P&L -9.3%

  [Protection]
  [2026-03-18 13:30:02] STALE SL: XRPUSD price $1.4672 < SL $1.4681 — selling
  ✅ Cancelled: OFA7V2-6FU7P-PZI4PL
  ✅ Order placed: {'txid': ['OEZVUS-3X7PI-KI5G2C'], 'descr': {'order': 'sell 1.65000 XRPUSD @ market'}}
  [2026-03-18 13:30:03]   SOLD XRPUSD: price below SL ($1.4672 < $1.4681)
  ❌ Order error: ['EOrder:Invalid price:FARTCOIN/USD price can only be specified up to 4 decimals.']
  [2026-03-18 13:30:05] Failed to protect FARTCOIN: ['EOrder:Invalid price:FARTCOIN/USD price can only be specified up to 4 decimals.']

  [Summary]
  Bots running: 9/10

============================================================


============================================================
  BOT MONITOR — 2026-03-18 14:00:01
============================================================

  [Health Check]
  [2026-03-18 14:00:01] RESTART: bot_SOL is not running — relaunching
  Restarted: bot_SOL

  [Learning]
  [2026-03-18 14:00:01]   dynamic_hft_bot/DOT: 9 trades, 11% win rate, avg P&L -3.6%
  [2026-03-18 14:00:01]   dynamic_hft_bot/FARTCOIN: 5 trades, 80% win rate, avg P&L 6.5%
  [2026-03-18 14:00:01]   dynamic_hft_bot/SOL: 7 trades, 29% win rate, avg P&L -0.8%
  [2026-03-18 14:00:01]   dynamic_hft_bot/SUI: 5 trades, 100% win rate, avg P&L 8.8%
  [2026-03-18 14:00:01]   dynamic_hft_bot/WAR: 12 trades, 33% win rate, avg P&L 12.5%
  [2026-03-18 14:00:01] TUNED dynamic_hft_bot/WAR: {'min_confidence': 0.65, 'volatility_threshold': 0.045, 'profit_target': 0.085, 'stop_loss': 0.037, 'learning_enabled': True}
  [2026-03-18 14:00:01]   dynamic_hft_bot/XPL: 10 trades, 0% win rate, avg P&L -9.3%

  [Protection]
  ❌ Order error: ['EOrder:Invalid price:FARTCOIN/USD price can only be specified up to 4 decimals.']
  [2026-03-18 14:00:04] Failed to protect FARTCOIN: ['EOrder:Invalid price:FARTCOIN/USD price can only be specified up to 4 decimals.']
  All eligible positions protected

  [Summary]
  Bots running: 9/10

============================================================


============================================================
  BOT MONITOR — 2026-03-18 14:30:01
============================================================

  [Health Check]
  [2026-03-18 14:30:01] RESTART: bot_SOL is not running — relaunching
  Restarted: bot_SOL

  [Learning]
  [2026-03-18 14:30:01]   dynamic_hft_bot/DOT: 9 trades, 11% win rate, avg P&L -3.6%
  [2026-03-18 14:30:01]   dynamic_hft_bot/FARTCOIN: 5 trades, 80% win rate, avg P&L 6.5%
  [2026-03-18 14:30:01]   dynamic_hft_bot/SOL: 7 trades, 29% win rate, avg P&L -0.8%
  [2026-03-18 14:30:01]   dynamic_hft_bot/SUI: 5 trades, 100% win rate, avg P&L 8.8%
  [2026-03-18 14:30:01]   dynamic_hft_bot/WAR: 12 trades, 33% win rate, avg P&L 12.5%
  [2026-03-18 14:30:01] TUNED dynamic_hft_bot/WAR: {'min_confidence': 0.65, 'volatility_threshold': 0.045, 'profit_target': 0.085, 'stop_loss': 0.037, 'learning_enabled': True}
  [2026-03-18 14:30:01]   dynamic_hft_bot/XPL: 10 trades, 0% win rate, avg P&L -9.3%

  [Protection]
  ❌ Order error: ['EOrder:Invalid price:FARTCOIN/USD price can only be specified up to 4 decimals.']
  [2026-03-18 14:30:03] Failed to protect FARTCOIN: ['EOrder:Invalid price:FARTCOIN/USD price can only be specified up to 4 decimals.']
  All eligible positions protected

  [Summary]
  Bots running: 9/10

============================================================


============================================================
  BOT MONITOR — 2026-03-18 15:00:01
============================================================

  [Health Check]
  All bots running

  [Learning]
  [2026-03-18 15:00:01]   dynamic_hft_bot/DOT: 9 trades, 11% win rate, avg P&L -3.6%
  [2026-03-18 15:00:01]   dynamic_hft_bot/FARTCOIN: 5 trades, 80% win rate, avg P&L 6.5%
  [2026-03-18 15:00:01]   dynamic_hft_bot/SOL: 7 trades, 29% win rate, avg P&L -0.8%
  [2026-03-18 15:00:01]   dynamic_hft_bot/SUI: 5 trades, 100% win rate, avg P&L 8.8%
  [2026-03-18 15:00:01]   dynamic_hft_bot/WAR: 12 trades, 33% win rate, avg P&L 12.5%
  [2026-03-18 15:00:01] TUNED dynamic_hft_bot/WAR: {'min_confidence': 0.65, 'volatility_threshold': 0.045, 'profit_target': 0.085, 'stop_loss': 0.037, 'learning_enabled': True}
  [2026-03-18 15:00:01]   dynamic_hft_bot/XPL: 10 trades, 0% win rate, avg P&L -9.3%

  [Protection]
  ❌ Order error: ['EOrder:Invalid price:FARTCOIN/USD price can only be specified up to 4 decimals.']
  [2026-03-18 15:00:03] Failed to protect FARTCOIN: ['EOrder:Invalid price:FARTCOIN/USD price can only be specified up to 4 decimals.']
  All eligible positions protected

  [Summary]
  Bots running: 10/10

============================================================


============================================================
  BOT MONITOR — 2026-03-18 15:30:01
============================================================

  [Health Check]
  All bots running

  [Learning]
  [2026-03-18 15:30:01]   dynamic_hft_bot/DOT: 9 trades, 11% win rate, avg P&L -3.6%
  [2026-03-18 15:30:01]   dynamic_hft_bot/FARTCOIN: 5 trades, 80% win rate, avg P&L 6.5%
  [2026-03-18 15:30:01]   dynamic_hft_bot/SOL: 7 trades, 29% win rate, avg P&L -0.8%
  [2026-03-18 15:30:01]   dynamic_hft_bot/SUI: 5 trades, 100% win rate, avg P&L 8.8%
  [2026-03-18 15:30:01]   dynamic_hft_bot/WAR: 12 trades, 33% win rate, avg P&L 12.5%
  [2026-03-18 15:30:01] TUNED dynamic_hft_bot/WAR: {'min_confidence': 0.65, 'volatility_threshold': 0.045, 'profit_target': 0.085, 'stop_loss': 0.037, 'learning_enabled': True}
  [2026-03-18 15:30:01]   dynamic_hft_bot/XPL: 10 trades, 0% win rate, avg P&L -9.3%

  [Protection]
  ❌ Order error: ['EOrder:Invalid price:FARTCOIN/USD price can only be specified up to 4 decimals.']
  [2026-03-18 15:30:03] Failed to protect FARTCOIN: ['EOrder:Invalid price:FARTCOIN/USD price can only be specified up to 4 decimals.']
  All eligible positions protected

  [Summary]
  Bots running: 10/10

============================================================


============================================================
  BOT MONITOR — 2026-03-18 16:00:01
============================================================

  [Health Check]
  All bots running

  [Learning]
  [2026-03-18 16:00:01]   dynamic_hft_bot/DOT: 9 trades, 11% win rate, avg P&L -3.6%
  [2026-03-18 16:00:01]   dynamic_hft_bot/FARTCOIN: 5 trades, 80% win rate, avg P&L 6.5%
  [2026-03-18 16:00:01]   dynamic_hft_bot/SOL: 7 trades, 29% win rate, avg P&L -0.8%
  [2026-03-18 16:00:01]   dynamic_hft_bot/SUI: 5 trades, 100% win rate, avg P&L 8.8%
  [2026-03-18 16:00:01]   dynamic_hft_bot/WAR: 12 trades, 33% win rate, avg P&L 12.5%
  [2026-03-18 16:00:01] TUNED dynamic_hft_bot/WAR: {'min_confidence': 0.65, 'volatility_threshold': 0.045, 'profit_target': 0.085, 'stop_loss': 0.037, 'learning_enabled': True}
  [2026-03-18 16:00:01]   dynamic_hft_bot/XPL: 10 trades, 0% win rate, avg P&L -9.3%

  [Protection]
  ❌ Order error: ['EOrder:Invalid price:FARTCOIN/USD price can only be specified up to 4 decimals.']
  [2026-03-18 16:00:03] Failed to protect FARTCOIN: ['EOrder:Invalid price:FARTCOIN/USD price can only be specified up to 4 decimals.']
  All eligible positions protected

  [Summary]
  Bots running: 10/10

============================================================


============================================================
  BOT MONITOR — 2026-03-18 16:30:01
============================================================

  [Health Check]
  All bots running

  [Learning]
  [2026-03-18 16:30:01]   dynamic_hft_bot/DOT: 9 trades, 11% win rate, avg P&L -3.6%
  [2026-03-18 16:30:01]   dynamic_hft_bot/FARTCOIN: 5 trades, 80% win rate, avg P&L 6.5%
  [2026-03-18 16:30:01]   dynamic_hft_bot/SOL: 7 trades, 29% win rate, avg P&L -0.8%
  [2026-03-18 16:30:01]   dynamic_hft_bot/SUI: 5 trades, 100% win rate, avg P&L 8.8%
  [2026-03-18 16:30:01]   dynamic_hft_bot/WAR: 12 trades, 33% win rate, avg P&L 12.5%
  [2026-03-18 16:30:01] TUNED dynamic_hft_bot/WAR: {'min_confidence': 0.65, 'volatility_threshold': 0.045, 'profit_target': 0.085, 'stop_loss': 0.037, 'learning_enabled': True}
  [2026-03-18 16:30:01]   dynamic_hft_bot/XPL: 10 trades, 0% win rate, avg P&L -9.3%

  [Protection]
  ❌ Order error: ['EOrder:Invalid price:FARTCOIN/USD price can only be specified up to 4 decimals.']
  [2026-03-18 16:30:04] Failed to protect FARTCOIN: ['EOrder:Invalid price:FARTCOIN/USD price can only be specified up to 4 decimals.']
  All eligible positions protected

  [Summary]
  Bots running: 10/10

============================================================


============================================================
  BOT MONITOR — 2026-03-18 17:00:01
============================================================

  [Health Check]
  All bots running

  [Learning]
  [2026-03-18 17:00:01]   dynamic_hft_bot/DOT: 9 trades, 11% win rate, avg P&L -3.6%
  [2026-03-18 17:00:01]   dynamic_hft_bot/FARTCOIN: 5 trades, 80% win rate, avg P&L 6.5%
  [2026-03-18 17:00:01]   dynamic_hft_bot/SOL: 7 trades, 29% win rate, avg P&L -0.8%
  [2026-03-18 17:00:01]   dynamic_hft_bot/SUI: 5 trades, 100% win rate, avg P&L 8.8%
  [2026-03-18 17:00:01]   dynamic_hft_bot/WAR: 12 trades, 33% win rate, avg P&L 12.5%
  [2026-03-18 17:00:01] TUNED dynamic_hft_bot/WAR: {'min_confidence': 0.65, 'volatility_threshold': 0.045, 'profit_target': 0.085, 'stop_loss': 0.037, 'learning_enabled': True}
  [2026-03-18 17:00:01]   dynamic_hft_bot/XPL: 10 trades, 0% win rate, avg P&L -9.3%

  [Protection]
  ❌ Order error: ['EOrder:Invalid price:FARTCOIN/USD price can only be specified up to 4 decimals.']
  [2026-03-18 17:00:04] Failed to protect FARTCOIN: ['EOrder:Invalid price:FARTCOIN/USD price can only be specified up to 4 decimals.']
  All eligible positions protected

  [Summary]
  Bots running: 10/10

============================================================


============================================================
  BOT MONITOR — 2026-03-18 17:30:01
============================================================

  [Health Check]
  All bots running

  [Learning]
  [2026-03-18 17:30:01]   dynamic_hft_bot/DOT: 9 trades, 11% win rate, avg P&L -3.6%
  [2026-03-18 17:30:01]   dynamic_hft_bot/FARTCOIN: 5 trades, 80% win rate, avg P&L 6.5%
  [2026-03-18 17:30:01]   dynamic_hft_bot/SOL: 7 trades, 29% win rate, avg P&L -0.8%
  [2026-03-18 17:30:01]   dynamic_hft_bot/SUI: 5 trades, 100% win rate, avg P&L 8.8%
  [2026-03-18 17:30:01]   dynamic_hft_bot/WAR: 12 trades, 33% win rate, avg P&L 12.5%
  [2026-03-18 17:30:01] TUNED dynamic_hft_bot/WAR: {'min_confidence': 0.65, 'volatility_threshold': 0.045, 'profit_target': 0.085, 'stop_loss': 0.037, 'learning_enabled': True}
  [2026-03-18 17:30:01]   dynamic_hft_bot/XPL: 10 trades, 0% win rate, avg P&L -9.3%

  [Protection]
  ❌ Order error: ['EOrder:Invalid price:FARTCOIN/USD price can only be specified up to 4 decimals.']
  [2026-03-18 17:30:02] Failed to protect FARTCOIN: ['EOrder:Invalid price:FARTCOIN/USD price can only be specified up to 4 decimals.']
  All eligible positions protected

  [Summary]
  Bots running: 10/10

============================================================


============================================================
  BOT MONITOR — 2026-03-18 18:00:01
============================================================

  [Health Check]
  All bots running

  [Learning]
  [2026-03-18 18:00:01]   dynamic_hft_bot/DOT: 9 trades, 11% win rate, avg P&L -3.6%
  [2026-03-18 18:00:01]   dynamic_hft_bot/FARTCOIN: 5 trades, 80% win rate, avg P&L 6.5%
  [2026-03-18 18:00:01]   dynamic_hft_bot/SOL: 7 trades, 29% win rate, avg P&L -0.8%
  [2026-03-18 18:00:01]   dynamic_hft_bot/SUI: 5 trades, 100% win rate, avg P&L 8.8%
  [2026-03-18 18:00:01]   dynamic_hft_bot/WAR: 12 trades, 33% win rate, avg P&L 12.5%
  [2026-03-18 18:00:01] TUNED dynamic_hft_bot/WAR: {'min_confidence': 0.65, 'volatility_threshold': 0.045, 'profit_target': 0.085, 'stop_loss': 0.037, 'learning_enabled': True}
  [2026-03-18 18:00:01]   dynamic_hft_bot/XPL: 10 trades, 0% win rate, avg P&L -9.3%

  [Protection]
  ❌ Order error: ['EOrder:Invalid price:FARTCOIN/USD price can only be specified up to 4 decimals.']
  [2026-03-18 18:00:13] Failed to protect FARTCOIN: ['EOrder:Invalid price:FARTCOIN/USD price can only be specified up to 4 decimals.']
  All eligible positions protected

  [Summary]
  Bots running: 10/10

============================================================


============================================================
  BOT MONITOR — 2026-03-18 18:30:01
============================================================

  [Health Check]
  All bots running

  [Learning]
  [2026-03-18 18:30:01]   dynamic_hft_bot/DOT: 9 trades, 11% win rate, avg P&L -3.6%
  [2026-03-18 18:30:01]   dynamic_hft_bot/FARTCOIN: 5 trades, 80% win rate, avg P&L 6.5%
  [2026-03-18 18:30:01]   dynamic_hft_bot/SOL: 7 trades, 29% win rate, avg P&L -0.8%
  [2026-03-18 18:30:01]   dynamic_hft_bot/SUI: 5 trades, 100% win rate, avg P&L 8.8%
  [2026-03-18 18:30:01]   dynamic_hft_bot/WAR: 12 trades, 33% win rate, avg P&L 12.5%
  [2026-03-18 18:30:01] TUNED dynamic_hft_bot/WAR: {'min_confidence': 0.65, 'volatility_threshold': 0.045, 'profit_target': 0.085, 'stop_loss': 0.037, 'learning_enabled': True}
  [2026-03-18 18:30:01]   dynamic_hft_bot/XPL: 10 trades, 0% win rate, avg P&L -9.3%

  [Protection]
  ❌ Order error: ['EOrder:Invalid price:FARTCOIN/USD price can only be specified up to 4 decimals.']
  [2026-03-18 18:30:04] Failed to protect FARTCOIN: ['EOrder:Invalid price:FARTCOIN/USD price can only be specified up to 4 decimals.']
  All eligible positions protected

  [Summary]
  Bots running: 10/10

============================================================


============================================================
  BOT MONITOR — 2026-03-18 19:00:01
============================================================

  [Health Check]
  All bots running

  [Learning]
  [2026-03-18 19:00:01]   dynamic_hft_bot/DOT: 9 trades, 11% win rate, avg P&L -3.6%
  [2026-03-18 19:00:01]   dynamic_hft_bot/FARTCOIN: 5 trades, 80% win rate, avg P&L 6.5%
  [2026-03-18 19:00:01]   dynamic_hft_bot/SOL: 7 trades, 29% win rate, avg P&L -0.8%
  [2026-03-18 19:00:01]   dynamic_hft_bot/SUI: 5 trades, 100% win rate, avg P&L 8.8%
  [2026-03-18 19:00:01]   dynamic_hft_bot/WAR: 12 trades, 33% win rate, avg P&L 12.5%
  [2026-03-18 19:00:01] TUNED dynamic_hft_bot/WAR: {'min_confidence': 0.65, 'volatility_threshold': 0.045, 'profit_target': 0.085, 'stop_loss': 0.037, 'learning_enabled': True}
  [2026-03-18 19:00:01]   dynamic_hft_bot/XPL: 10 trades, 0% win rate, avg P&L -9.3%

  [Protection]
  ❌ Order error: ['EOrder:Invalid price:FARTCOIN/USD price can only be specified up to 4 decimals.']
  [2026-03-18 19:00:04] Failed to protect FARTCOIN: ['EOrder:Invalid price:FARTCOIN/USD price can only be specified up to 4 decimals.']
  All eligible positions protected

  [Summary]
  Bots running: 10/10

============================================================


============================================================
  BOT MONITOR — 2026-03-18 19:30:01
============================================================

  [Health Check]
  All bots running

  [Learning]
  [2026-03-18 19:30:01]   dynamic_hft_bot/DOT: 9 trades, 11% win rate, avg P&L -3.6%
  [2026-03-18 19:30:01]   dynamic_hft_bot/FARTCOIN: 5 trades, 80% win rate, avg P&L 6.5%
  [2026-03-18 19:30:01]   dynamic_hft_bot/SOL: 7 trades, 29% win rate, avg P&L -0.8%
  [2026-03-18 19:30:01]   dynamic_hft_bot/SUI: 5 trades, 100% win rate, avg P&L 8.8%
  [2026-03-18 19:30:01]   dynamic_hft_bot/WAR: 12 trades, 33% win rate, avg P&L 12.5%
  [2026-03-18 19:30:01] TUNED dynamic_hft_bot/WAR: {'min_confidence': 0.65, 'volatility_threshold': 0.045, 'profit_target': 0.085, 'stop_loss': 0.037, 'learning_enabled': True}
  [2026-03-18 19:30:01]   dynamic_hft_bot/XPL: 10 trades, 0% win rate, avg P&L -9.3%

  [Protection]
  ❌ Order error: ['EOrder:Invalid price:FARTCOIN/USD price can only be specified up to 4 decimals.']
  [2026-03-18 19:30:04] Failed to protect FARTCOIN: ['EOrder:Invalid price:FARTCOIN/USD price can only be specified up to 4 decimals.']
  All eligible positions protected

  [Summary]
  Bots running: 10/10

============================================================


============================================================
  BOT MONITOR — 2026-03-18 20:00:01
============================================================

  [Health Check]
  All bots running

  [Learning]
  [2026-03-18 20:00:01]   dynamic_hft_bot/DOT: 9 trades, 11% win rate, avg P&L -3.6%
  [2026-03-18 20:00:01]   dynamic_hft_bot/FARTCOIN: 5 trades, 80% win rate, avg P&L 6.5%
  [2026-03-18 20:00:01]   dynamic_hft_bot/SOL: 7 trades, 29% win rate, avg P&L -0.8%
  [2026-03-18 20:00:01]   dynamic_hft_bot/SUI: 5 trades, 100% win rate, avg P&L 8.8%
  [2026-03-18 20:00:01]   dynamic_hft_bot/WAR: 12 trades, 33% win rate, avg P&L 12.5%
  [2026-03-18 20:00:01] TUNED dynamic_hft_bot/WAR: {'min_confidence': 0.65, 'volatility_threshold': 0.045, 'profit_target': 0.085, 'stop_loss': 0.037, 'learning_enabled': True}
  [2026-03-18 20:00:01]   dynamic_hft_bot/XPL: 10 trades, 0% win rate, avg P&L -9.3%

  [Protection]
  ❌ Order error: ['EOrder:Invalid price:FARTCOIN/USD price can only be specified up to 4 decimals.']
  [2026-03-18 20:00:03] Failed to protect FARTCOIN: ['EOrder:Invalid price:FARTCOIN/USD price can only be specified up to 4 decimals.']
  All eligible positions protected

  [Summary]
  Bots running: 10/10

============================================================


============================================================
  BOT MONITOR — 2026-03-18 20:30:01
============================================================

  [Health Check]
  All bots running

  [Learning]
  [2026-03-18 20:30:01]   dynamic_hft_bot/DOT: 9 trades, 11% win rate, avg P&L -3.6%
  [2026-03-18 20:30:01]   dynamic_hft_bot/FARTCOIN: 5 trades, 80% win rate, avg P&L 6.5%
  [2026-03-18 20:30:01]   dynamic_hft_bot/SOL: 7 trades, 29% win rate, avg P&L -0.8%
  [2026-03-18 20:30:01]   dynamic_hft_bot/SUI: 5 trades, 100% win rate, avg P&L 8.8%
  [2026-03-18 20:30:01]   dynamic_hft_bot/WAR: 12 trades, 33% win rate, avg P&L 12.5%
  [2026-03-18 20:30:01] TUNED dynamic_hft_bot/WAR: {'min_confidence': 0.65, 'volatility_threshold': 0.045, 'profit_target': 0.085, 'stop_loss': 0.037, 'learning_enabled': True}
  [2026-03-18 20:30:01]   dynamic_hft_bot/XPL: 10 trades, 0% win rate, avg P&L -9.3%

  [Protection]
  ❌ Order error: ['EOrder:Invalid price:FARTCOIN/USD price can only be specified up to 4 decimals.']
  [2026-03-18 20:30:03] Failed to protect FARTCOIN: ['EOrder:Invalid price:FARTCOIN/USD price can only be specified up to 4 decimals.']
  All eligible positions protected

  [Summary]
  Bots running: 10/10

============================================================


============================================================
  BOT MONITOR — 2026-03-18 21:00:01
============================================================

  [Health Check]
  All bots running

  [Learning]
  [2026-03-18 21:00:01]   dynamic_hft_bot/DOT: 9 trades, 11% win rate, avg P&L -3.6%
  [2026-03-18 21:00:01]   dynamic_hft_bot/FARTCOIN: 5 trades, 80% win rate, avg P&L 6.5%
  [2026-03-18 21:00:01]   dynamic_hft_bot/SOL: 7 trades, 29% win rate, avg P&L -0.8%
  [2026-03-18 21:00:01]   dynamic_hft_bot/SUI: 5 trades, 100% win rate, avg P&L 8.8%
  [2026-03-18 21:00:01]   dynamic_hft_bot/WAR: 12 trades, 33% win rate, avg P&L 12.5%
  [2026-03-18 21:00:01] TUNED dynamic_hft_bot/WAR: {'min_confidence': 0.65, 'volatility_threshold': 0.045, 'profit_target': 0.085, 'stop_loss': 0.037, 'learning_enabled': True}
  [2026-03-18 21:00:01]   dynamic_hft_bot/XPL: 10 trades, 0% win rate, avg P&L -9.3%

  [Protection]
  ❌ Order error: ['EOrder:Invalid price:FARTCOIN/USD price can only be specified up to 4 decimals.']
  [2026-03-18 21:00:04] Failed to protect FARTCOIN: ['EOrder:Invalid price:FARTCOIN/USD price can only be specified up to 4 decimals.']
  All eligible positions protected

  [Summary]
  Bots running: 10/10

============================================================


============================================================
  BOT MONITOR — 2026-03-18 21:30:01
============================================================

  [Health Check]
  All bots running

  [Learning]
  [2026-03-18 21:30:01]   dynamic_hft_bot/DOT: 9 trades, 11% win rate, avg P&L -3.6%
  [2026-03-18 21:30:01]   dynamic_hft_bot/FARTCOIN: 5 trades, 80% win rate, avg P&L 6.5%
  [2026-03-18 21:30:01]   dynamic_hft_bot/SOL: 7 trades, 29% win rate, avg P&L -0.8%
  [2026-03-18 21:30:01]   dynamic_hft_bot/SUI: 5 trades, 100% win rate, avg P&L 8.8%
  [2026-03-18 21:30:01]   dynamic_hft_bot/WAR: 12 trades, 33% win rate, avg P&L 12.5%
  [2026-03-18 21:30:01] TUNED dynamic_hft_bot/WAR: {'min_confidence': 0.65, 'volatility_threshold': 0.045, 'profit_target': 0.085, 'stop_loss': 0.037, 'learning_enabled': True}
  [2026-03-18 21:30:01]   dynamic_hft_bot/XPL: 10 trades, 0% win rate, avg P&L -9.3%

  [Protection]
  ❌ Order error: ['EOrder:Invalid price:FARTCOIN/USD price can only be specified up to 4 decimals.']
  [2026-03-18 21:30:04] Failed to protect FARTCOIN: ['EOrder:Invalid price:FARTCOIN/USD price can only be specified up to 4 decimals.']
  All eligible positions protected

  [Summary]
  Bots running: 10/10

============================================================


============================================================
  BOT MONITOR — 2026-03-18 22:00:01
============================================================

  [Health Check]
  All bots running

  [Learning]
  [2026-03-18 22:00:01]   dynamic_hft_bot/DOT: 9 trades, 11% win rate, avg P&L -3.6%
  [2026-03-18 22:00:01]   dynamic_hft_bot/FARTCOIN: 5 trades, 80% win rate, avg P&L 6.5%
  [2026-03-18 22:00:02]   dynamic_hft_bot/SOL: 7 trades, 29% win rate, avg P&L -0.8%
  [2026-03-18 22:00:02]   dynamic_hft_bot/SUI: 5 trades, 100% win rate, avg P&L 8.8%
  [2026-03-18 22:00:02]   dynamic_hft_bot/WAR: 12 trades, 33% win rate, avg P&L 12.5%
  [2026-03-18 22:00:02] TUNED dynamic_hft_bot/WAR: {'min_confidence': 0.65, 'volatility_threshold': 0.045, 'profit_target': 0.085, 'stop_loss': 0.037, 'learning_enabled': True}
  [2026-03-18 22:00:02]   dynamic_hft_bot/XPL: 10 trades, 0% win rate, avg P&L -9.3%

  [Protection]
  ❌ Order error: ['EOrder:Invalid price:FARTCOIN/USD price can only be specified up to 4 decimals.']
  [2026-03-18 22:00:04] Failed to protect FARTCOIN: ['EOrder:Invalid price:FARTCOIN/USD price can only be specified up to 4 decimals.']
  All eligible positions protected

  [Summary]
  Bots running: 10/10

============================================================


============================================================
  BOT MONITOR — 2026-03-18 22:30:01
============================================================

  [Health Check]
  All bots running

  [Learning]
  [2026-03-18 22:30:01]   dynamic_hft_bot/DOT: 9 trades, 11% win rate, avg P&L -3.6%
  [2026-03-18 22:30:01]   dynamic_hft_bot/FARTCOIN: 5 trades, 80% win rate, avg P&L 6.5%
  [2026-03-18 22:30:01]   dynamic_hft_bot/SOL: 7 trades, 29% win rate, avg P&L -0.8%
  [2026-03-18 22:30:01]   dynamic_hft_bot/SUI: 5 trades, 100% win rate, avg P&L 8.8%
  [2026-03-18 22:30:01]   dynamic_hft_bot/WAR: 12 trades, 33% win rate, avg P&L 12.5%
  [2026-03-18 22:30:01] TUNED dynamic_hft_bot/WAR: {'min_confidence': 0.65, 'volatility_threshold': 0.045, 'profit_target': 0.085, 'stop_loss': 0.037, 'learning_enabled': True}
  [2026-03-18 22:30:01]   dynamic_hft_bot/XPL: 10 trades, 0% win rate, avg P&L -9.3%

  [Protection]
  ❌ Order error: ['EOrder:Invalid price:FARTCOIN/USD price can only be specified up to 4 decimals.']
  [2026-03-18 22:30:03] Failed to protect FARTCOIN: ['EOrder:Invalid price:FARTCOIN/USD price can only be specified up to 4 decimals.']
  All eligible positions protected

  [Summary]
  Bots running: 10/10

============================================================


============================================================
  BOT MONITOR — 2026-03-18 23:00:01
============================================================

  [Health Check]
  All bots running

  [Learning]
  [2026-03-18 23:00:01]   dynamic_hft_bot/DOT: 9 trades, 11% win rate, avg P&L -3.6%
  [2026-03-18 23:00:01]   dynamic_hft_bot/FARTCOIN: 5 trades, 80% win rate, avg P&L 6.5%
  [2026-03-18 23:00:01]   dynamic_hft_bot/SOL: 7 trades, 29% win rate, avg P&L -0.8%
  [2026-03-18 23:00:01]   dynamic_hft_bot/SUI: 5 trades, 100% win rate, avg P&L 8.8%
  [2026-03-18 23:00:01]   dynamic_hft_bot/WAR: 12 trades, 33% win rate, avg P&L 12.5%
  [2026-03-18 23:00:01] TUNED dynamic_hft_bot/WAR: {'min_confidence': 0.65, 'volatility_threshold': 0.045, 'profit_target': 0.085, 'stop_loss': 0.037, 'learning_enabled': True}
  [2026-03-18 23:00:01]   dynamic_hft_bot/XPL: 10 trades, 0% win rate, avg P&L -9.3%

  [Protection]
  ❌ Order error: ['EOrder:Invalid price:FARTCOIN/USD price can only be specified up to 4 decimals.']
  [2026-03-18 23:00:05] Failed to protect FARTCOIN: ['EOrder:Invalid price:FARTCOIN/USD price can only be specified up to 4 decimals.']
  All eligible positions protected

  [Summary]
  Bots running: 10/10

============================================================


============================================================
  BOT MONITOR — 2026-03-18 23:30:01
============================================================

  [Health Check]
  All bots running

  [Learning]
  [2026-03-18 23:30:01]   dynamic_hft_bot/DOT: 9 trades, 11% win rate, avg P&L -3.6%
  [2026-03-18 23:30:01]   dynamic_hft_bot/FARTCOIN: 5 trades, 80% win rate, avg P&L 6.5%
  [2026-03-18 23:30:01]   dynamic_hft_bot/SOL: 7 trades, 29% win rate, avg P&L -0.8%
  [2026-03-18 23:30:01]   dynamic_hft_bot/SUI: 5 trades, 100% win rate, avg P&L 8.8%
  [2026-03-18 23:30:01]   dynamic_hft_bot/WAR: 12 trades, 33% win rate, avg P&L 12.5%
  [2026-03-18 23:30:01] TUNED dynamic_hft_bot/WAR: {'min_confidence': 0.65, 'volatility_threshold': 0.045, 'profit_target': 0.085, 'stop_loss': 0.037, 'learning_enabled': True}
  [2026-03-18 23:30:01]   dynamic_hft_bot/XPL: 10 trades, 0% win rate, avg P&L -9.3%

  [Protection]
  ❌ Order error: ['EOrder:Invalid price:FARTCOIN/USD price can only be specified up to 4 decimals.']
  [2026-03-18 23:30:03] Failed to protect FARTCOIN: ['EOrder:Invalid price:FARTCOIN/USD price can only be specified up to 4 decimals.']
  All eligible positions protected

  [Summary]
  Bots running: 10/10

============================================================


============================================================
  BOT MONITOR — 2026-03-19 00:00:01
============================================================

  [Health Check]
  All bots running

  [Learning]
  [2026-03-19 00:00:01]   dynamic_hft_bot/DOT: 9 trades, 11% win rate, avg P&L -3.6%
  [2026-03-19 00:00:01]   dynamic_hft_bot/FARTCOIN: 5 trades, 80% win rate, avg P&L 6.5%
  [2026-03-19 00:00:01]   dynamic_hft_bot/SOL: 7 trades, 29% win rate, avg P&L -0.8%
  [2026-03-19 00:00:01]   dynamic_hft_bot/SUI: 5 trades, 100% win rate, avg P&L 8.8%
  [2026-03-19 00:00:01]   dynamic_hft_bot/WAR: 12 trades, 33% win rate, avg P&L 12.5%
  [2026-03-19 00:00:01] TUNED dynamic_hft_bot/WAR: {'min_confidence': 0.65, 'volatility_threshold': 0.045, 'profit_target': 0.085, 'stop_loss': 0.037, 'learning_enabled': True}
  [2026-03-19 00:00:01]   dynamic_hft_bot/XPL: 10 trades, 0% win rate, avg P&L -9.3%

  [Protection]
  ❌ Order error: ['EOrder:Invalid price:FARTCOIN/USD price can only be specified up to 4 decimals.']
  [2026-03-19 00:00:04] Failed to protect FARTCOIN: ['EOrder:Invalid price:FARTCOIN/USD price can only be specified up to 4 decimals.']
  All eligible positions protected

  [Summary]
  Bots running: 10/10

============================================================


============================================================
  BOT MONITOR — 2026-03-19 00:30:01
============================================================

  [Health Check]
  All bots running

  [Learning]
  [2026-03-19 00:30:01]   dynamic_hft_bot/DOT: 9 trades, 11% win rate, avg P&L -3.6%
  [2026-03-19 00:30:01]   dynamic_hft_bot/FARTCOIN: 5 trades, 80% win rate, avg P&L 6.5%
  [2026-03-19 00:30:01]   dynamic_hft_bot/SOL: 7 trades, 29% win rate, avg P&L -0.8%
  [2026-03-19 00:30:01]   dynamic_hft_bot/SUI: 5 trades, 100% win rate, avg P&L 8.8%
  [2026-03-19 00:30:01]   dynamic_hft_bot/WAR: 12 trades, 33% win rate, avg P&L 12.5%
  [2026-03-19 00:30:01] TUNED dynamic_hft_bot/WAR: {'min_confidence': 0.65, 'volatility_threshold': 0.045, 'profit_target': 0.085, 'stop_loss': 0.037, 'learning_enabled': True}
  [2026-03-19 00:30:01]   dynamic_hft_bot/XPL: 10 trades, 0% win rate, avg P&L -9.3%

  [Protection]
  ❌ Order error: ['EOrder:Invalid price:FARTCOIN/USD price can only be specified up to 4 decimals.']
  [2026-03-19 00:30:04] Failed to protect FARTCOIN: ['EOrder:Invalid price:FARTCOIN/USD price can only be specified up to 4 decimals.']
  All eligible positions protected

  [Summary]
  Bots running: 10/10

============================================================


============================================================
  BOT MONITOR — 2026-03-19 01:00:01
============================================================

  [Health Check]
  All bots running

  [Learning]
  [2026-03-19 01:00:01]   dynamic_hft_bot/DOT: 9 trades, 11% win rate, avg P&L -3.6%
  [2026-03-19 01:00:01]   dynamic_hft_bot/FARTCOIN: 5 trades, 80% win rate, avg P&L 6.5%
  [2026-03-19 01:00:01]   dynamic_hft_bot/SOL: 7 trades, 29% win rate, avg P&L -0.8%
  [2026-03-19 01:00:01]   dynamic_hft_bot/SUI: 5 trades, 100% win rate, avg P&L 8.8%
  [2026-03-19 01:00:01]   dynamic_hft_bot/WAR: 12 trades, 33% win rate, avg P&L 12.5%
  [2026-03-19 01:00:01] TUNED dynamic_hft_bot/WAR: {'min_confidence': 0.65, 'volatility_threshold': 0.045, 'profit_target': 0.085, 'stop_loss': 0.037, 'learning_enabled': True}
  [2026-03-19 01:00:01]   dynamic_hft_bot/XPL: 10 trades, 0% win rate, avg P&L -9.3%

  [Protection]
  ❌ Order error: ['EOrder:Invalid price:FARTCOIN/USD price can only be specified up to 4 decimals.']
  [2026-03-19 01:00:04] Failed to protect FARTCOIN: ['EOrder:Invalid price:FARTCOIN/USD price can only be specified up to 4 decimals.']
  All eligible positions protected

  [Summary]
  Bots running: 10/10

============================================================


============================================================
  BOT MONITOR — 2026-03-19 01:30:01
============================================================

  [Health Check]
  All bots running

  [Learning]
  [2026-03-19 01:30:01]   dynamic_hft_bot/DOT: 9 trades, 11% win rate, avg P&L -3.6%
  [2026-03-19 01:30:01]   dynamic_hft_bot/FARTCOIN: 5 trades, 80% win rate, avg P&L 6.5%
  [2026-03-19 01:30:01]   dynamic_hft_bot/SOL: 7 trades, 29% win rate, avg P&L -0.8%
  [2026-03-19 01:30:01]   dynamic_hft_bot/SUI: 5 trades, 100% win rate, avg P&L 8.8%
  [2026-03-19 01:30:01]   dynamic_hft_bot/WAR: 12 trades, 33% win rate, avg P&L 12.5%
  [2026-03-19 01:30:01] TUNED dynamic_hft_bot/WAR: {'min_confidence': 0.65, 'volatility_threshold': 0.045, 'profit_target': 0.085, 'stop_loss': 0.037, 'learning_enabled': True}
  [2026-03-19 01:30:01]   dynamic_hft_bot/XPL: 10 trades, 0% win rate, avg P&L -9.3%

  [Protection]
  ❌ Order error: ['EOrder:Invalid price:FARTCOIN/USD price can only be specified up to 4 decimals.']
  [2026-03-19 01:30:04] Failed to protect FARTCOIN: ['EOrder:Invalid price:FARTCOIN/USD price can only be specified up to 4 decimals.']
  All eligible positions protected

  [Summary]
  Bots running: 10/10

============================================================


============================================================
  BOT MONITOR — 2026-03-19 02:00:01
============================================================

  [Health Check]
  All bots running

  [Learning]
  [2026-03-19 02:00:01]   dynamic_hft_bot/DOT: 9 trades, 11% win rate, avg P&L -3.6%
  [2026-03-19 02:00:01]   dynamic_hft_bot/FARTCOIN: 5 trades, 80% win rate, avg P&L 6.5%
  [2026-03-19 02:00:01]   dynamic_hft_bot/SOL: 7 trades, 29% win rate, avg P&L -0.8%
  [2026-03-19 02:00:01]   dynamic_hft_bot/SUI: 5 trades, 100% win rate, avg P&L 8.8%
  [2026-03-19 02:00:01]   dynamic_hft_bot/WAR: 12 trades, 33% win rate, avg P&L 12.5%
  [2026-03-19 02:00:02] TUNED dynamic_hft_bot/WAR: {'min_confidence': 0.65, 'volatility_threshold': 0.045, 'profit_target': 0.085, 'stop_loss': 0.037, 'learning_enabled': True}
  [2026-03-19 02:00:02]   dynamic_hft_bot/XPL: 10 trades, 0% win rate, avg P&L -9.3%

  [Protection]
  ❌ Order error: ['EOrder:Invalid price:FARTCOIN/USD price can only be specified up to 4 decimals.']
  [2026-03-19 02:00:04] Failed to protect FARTCOIN: ['EOrder:Invalid price:FARTCOIN/USD price can only be specified up to 4 decimals.']
  All eligible positions protected

  [Summary]
  Bots running: 10/10

============================================================


============================================================
  BOT MONITOR — 2026-03-19 02:30:01
============================================================

  [Health Check]
  All bots running

  [Learning]
  [2026-03-19 02:30:01]   dynamic_hft_bot/DOT: 9 trades, 11% win rate, avg P&L -3.6%
  [2026-03-19 02:30:01]   dynamic_hft_bot/FARTCOIN: 5 trades, 80% win rate, avg P&L 6.5%
  [2026-03-19 02:30:01]   dynamic_hft_bot/SOL: 7 trades, 29% win rate, avg P&L -0.8%
  [2026-03-19 02:30:01]   dynamic_hft_bot/SUI: 5 trades, 100% win rate, avg P&L 8.8%
  [2026-03-19 02:30:01]   dynamic_hft_bot/WAR: 12 trades, 33% win rate, avg P&L 12.5%
  [2026-03-19 02:30:01] TUNED dynamic_hft_bot/WAR: {'min_confidence': 0.65, 'volatility_threshold': 0.045, 'profit_target': 0.085, 'stop_loss': 0.037, 'learning_enabled': True}
  [2026-03-19 02:30:01]   dynamic_hft_bot/XPL: 10 trades, 0% win rate, avg P&L -9.3%

  [Protection]
  ❌ Order error: ['EOrder:Invalid price:FARTCOIN/USD price can only be specified up to 4 decimals.']
  [2026-03-19 02:30:04] Failed to protect FARTCOIN: ['EOrder:Invalid price:FARTCOIN/USD price can only be specified up to 4 decimals.']
  All eligible positions protected

  [Summary]
  Bots running: 10/10

============================================================


============================================================
  BOT MONITOR — 2026-03-19 03:00:01
============================================================

  [Health Check]
  All bots running

  [Learning]
  [2026-03-19 03:00:01]   dynamic_hft_bot/DOT: 9 trades, 11% win rate, avg P&L -3.6%
  [2026-03-19 03:00:01]   dynamic_hft_bot/FARTCOIN: 5 trades, 80% win rate, avg P&L 6.5%
  [2026-03-19 03:00:01]   dynamic_hft_bot/SOL: 7 trades, 29% win rate, avg P&L -0.8%
  [2026-03-19 03:00:01]   dynamic_hft_bot/SUI: 5 trades, 100% win rate, avg P&L 8.8%
  [2026-03-19 03:00:01]   dynamic_hft_bot/WAR: 12 trades, 33% win rate, avg P&L 12.5%
  [2026-03-19 03:00:01] TUNED dynamic_hft_bot/WAR: {'min_confidence': 0.65, 'volatility_threshold': 0.045, 'profit_target': 0.085, 'stop_loss': 0.037, 'learning_enabled': True}
  [2026-03-19 03:00:01]   dynamic_hft_bot/XPL: 10 trades, 0% win rate, avg P&L -9.3%

  [Protection]
  ❌ Order error: ['EOrder:Invalid price:FARTCOIN/USD price can only be specified up to 4 decimals.']
  [2026-03-19 03:00:05] Failed to protect FARTCOIN: ['EOrder:Invalid price:FARTCOIN/USD price can only be specified up to 4 decimals.']
  All eligible positions protected

  [Summary]
  Bots running: 10/10

============================================================


============================================================
  BOT MONITOR — 2026-03-19 03:30:01
============================================================

  [Health Check]
  All bots running

  [Learning]
  [2026-03-19 03:30:01]   dynamic_hft_bot/DOT: 9 trades, 11% win rate, avg P&L -3.6%
  [2026-03-19 03:30:01]   dynamic_hft_bot/FARTCOIN: 5 trades, 80% win rate, avg P&L 6.5%
  [2026-03-19 03:30:01]   dynamic_hft_bot/SOL: 7 trades, 29% win rate, avg P&L -0.8%
  [2026-03-19 03:30:01]   dynamic_hft_bot/SUI: 5 trades, 100% win rate, avg P&L 8.8%
  [2026-03-19 03:30:01]   dynamic_hft_bot/WAR: 12 trades, 33% win rate, avg P&L 12.5%
  [2026-03-19 03:30:01] TUNED dynamic_hft_bot/WAR: {'min_confidence': 0.65, 'volatility_threshold': 0.045, 'profit_target': 0.085, 'stop_loss': 0.037, 'learning_enabled': True}
  [2026-03-19 03:30:01]   dynamic_hft_bot/XPL: 10 trades, 0% win rate, avg P&L -9.3%

  [Protection]
  ❌ Order error: ['EOrder:Invalid price:FARTCOIN/USD price can only be specified up to 4 decimals.']
  [2026-03-19 03:30:03] Failed to protect FARTCOIN: ['EOrder:Invalid price:FARTCOIN/USD price can only be specified up to 4 decimals.']
  All eligible positions protected

  [Summary]
  Bots running: 10/10

============================================================


============================================================
  BOT MONITOR — 2026-03-19 04:00:01
============================================================

  [Health Check]
  All bots running

  [Learning]
  [2026-03-19 04:00:01]   dynamic_hft_bot/DOT: 9 trades, 11% win rate, avg P&L -3.6%
  [2026-03-19 04:00:01]   dynamic_hft_bot/FARTCOIN: 5 trades, 80% win rate, avg P&L 6.5%
  [2026-03-19 04:00:01]   dynamic_hft_bot/SOL: 7 trades, 29% win rate, avg P&L -0.8%
  [2026-03-19 04:00:01]   dynamic_hft_bot/SUI: 5 trades, 100% win rate, avg P&L 8.8%
  [2026-03-19 04:00:01]   dynamic_hft_bot/WAR: 12 trades, 33% win rate, avg P&L 12.5%
  [2026-03-19 04:00:01] TUNED dynamic_hft_bot/WAR: {'min_confidence': 0.65, 'volatility_threshold': 0.045, 'profit_target': 0.085, 'stop_loss': 0.037, 'learning_enabled': True}
  [2026-03-19 04:00:01]   dynamic_hft_bot/XPL: 10 trades, 0% win rate, avg P&L -9.3%

  [Protection]
  ❌ Order error: ['EOrder:Invalid price:FARTCOIN/USD price can only be specified up to 4 decimals.']
  [2026-03-19 04:00:04] Failed to protect FARTCOIN: ['EOrder:Invalid price:FARTCOIN/USD price can only be specified up to 4 decimals.']
  All eligible positions protected

  [Summary]
  Bots running: 10/10

============================================================


============================================================
  BOT MONITOR — 2026-03-19 04:30:02
============================================================

  [Health Check]
  All bots running

  [Learning]
  [2026-03-19 04:30:02]   dynamic_hft_bot/DOT: 9 trades, 11% win rate, avg P&L -3.6%
  [2026-03-19 04:30:02]   dynamic_hft_bot/FARTCOIN: 5 trades, 80% win rate, avg P&L 6.5%
  [2026-03-19 04:30:02]   dynamic_hft_bot/SOL: 7 trades, 29% win rate, avg P&L -0.8%
  [2026-03-19 04:30:02]   dynamic_hft_bot/SUI: 5 trades, 100% win rate, avg P&L 8.8%
  [2026-03-19 04:30:02]   dynamic_hft_bot/WAR: 12 trades, 33% win rate, avg P&L 12.5%
  [2026-03-19 04:30:02] TUNED dynamic_hft_bot/WAR: {'min_confidence': 0.65, 'volatility_threshold': 0.045, 'profit_target': 0.085, 'stop_loss': 0.037, 'learning_enabled': True}
  [2026-03-19 04:30:02]   dynamic_hft_bot/XPL: 10 trades, 0% win rate, avg P&L -9.3%

  [Protection]
  ❌ Order error: ['EOrder:Invalid price:FARTCOIN/USD price can only be specified up to 4 decimals.']
  [2026-03-19 04:30:04] Failed to protect FARTCOIN: ['EOrder:Invalid price:FARTCOIN/USD price can only be specified up to 4 decimals.']
  All eligible positions protected

  [Summary]
  Bots running: 10/10

============================================================


============================================================
  BOT MONITOR — 2026-03-19 05:00:01
============================================================

  [Health Check]
  All bots running

  [Learning]
  [2026-03-19 05:00:01]   dynamic_hft_bot/DOT: 9 trades, 11% win rate, avg P&L -3.6%
  [2026-03-19 05:00:01]   dynamic_hft_bot/FARTCOIN: 5 trades, 80% win rate, avg P&L 6.5%
  [2026-03-19 05:00:01]   dynamic_hft_bot/SOL: 7 trades, 29% win rate, avg P&L -0.8%
  [2026-03-19 05:00:01]   dynamic_hft_bot/SUI: 5 trades, 100% win rate, avg P&L 8.8%
  [2026-03-19 05:00:01]   dynamic_hft_bot/WAR: 12 trades, 33% win rate, avg P&L 12.5%
  [2026-03-19 05:00:01] TUNED dynamic_hft_bot/WAR: {'min_confidence': 0.65, 'volatility_threshold': 0.045, 'profit_target': 0.085, 'stop_loss': 0.037, 'learning_enabled': True}
  [2026-03-19 05:00:01]   dynamic_hft_bot/XPL: 10 trades, 0% win rate, avg P&L -9.3%

  [Protection]
  ❌ Order error: ['EOrder:Invalid price:FARTCOIN/USD price can only be specified up to 4 decimals.']
  [2026-03-19 05:00:04] Failed to protect FARTCOIN: ['EOrder:Invalid price:FARTCOIN/USD price can only be specified up to 4 decimals.']
  All eligible positions protected

  [Summary]
  Bots running: 10/10

============================================================


============================================================
  BOT MONITOR — 2026-03-19 05:30:01
============================================================

  [Health Check]
  All bots running

  [Learning]
  [2026-03-19 05:30:01]   dynamic_hft_bot/DOT: 9 trades, 11% win rate, avg P&L -3.6%
  [2026-03-19 05:30:01]   dynamic_hft_bot/FARTCOIN: 5 trades, 80% win rate, avg P&L 6.5%
  [2026-03-19 05:30:01]   dynamic_hft_bot/SOL: 7 trades, 29% win rate, avg P&L -0.8%
  [2026-03-19 05:30:01]   dynamic_hft_bot/SUI: 5 trades, 100% win rate, avg P&L 8.8%
  [2026-03-19 05:30:01]   dynamic_hft_bot/WAR: 12 trades, 33% win rate, avg P&L 12.5%
  [2026-03-19 05:30:01] TUNED dynamic_hft_bot/WAR: {'min_confidence': 0.65, 'volatility_threshold': 0.045, 'profit_target': 0.085, 'stop_loss': 0.037, 'learning_enabled': True}
  [2026-03-19 05:30:01]   dynamic_hft_bot/XPL: 10 trades, 0% win rate, avg P&L -9.3%

  [Protection]
  ❌ Order error: ['EOrder:Invalid price:FARTCOIN/USD price can only be specified up to 4 decimals.']
  [2026-03-19 05:30:03] Failed to protect FARTCOIN: ['EOrder:Invalid price:FARTCOIN/USD price can only be specified up to 4 decimals.']
  All eligible positions protected

  [Summary]
  Bots running: 10/10

============================================================


============================================================
  BOT MONITOR — 2026-03-19 06:00:01
============================================================

  [Health Check]
  All bots running

  [Learning]
  [2026-03-19 06:00:01]   dynamic_hft_bot/DOT: 9 trades, 11% win rate, avg P&L -3.6%
  [2026-03-19 06:00:01]   dynamic_hft_bot/FARTCOIN: 5 trades, 80% win rate, avg P&L 6.5%
  [2026-03-19 06:00:01]   dynamic_hft_bot/SOL: 7 trades, 29% win rate, avg P&L -0.8%
  [2026-03-19 06:00:01]   dynamic_hft_bot/SUI: 5 trades, 100% win rate, avg P&L 8.8%
  [2026-03-19 06:00:01]   dynamic_hft_bot/WAR: 12 trades, 33% win rate, avg P&L 12.5%
  [2026-03-19 06:00:01] TUNED dynamic_hft_bot/WAR: {'min_confidence': 0.65, 'volatility_threshold': 0.045, 'profit_target': 0.085, 'stop_loss': 0.037, 'learning_enabled': True}
  [2026-03-19 06:00:01]   dynamic_hft_bot/XPL: 10 trades, 0% win rate, avg P&L -9.3%

  [Protection]
  ❌ Order error: ['EOrder:Invalid price:FARTCOIN/USD price can only be specified up to 4 decimals.']
  [2026-03-19 06:00:03] Failed to protect FARTCOIN: ['EOrder:Invalid price:FARTCOIN/USD price can only be specified up to 4 decimals.']
  All eligible positions protected

  [Summary]
  Bots running: 10/10

============================================================


============================================================
  BOT MONITOR — 2026-03-19 06:30:01
============================================================

  [Health Check]
  All bots running

  [Learning]
  [2026-03-19 06:30:01]   dynamic_hft_bot/DOT: 9 trades, 11% win rate, avg P&L -3.6%
  [2026-03-19 06:30:01]   dynamic_hft_bot/FARTCOIN: 5 trades, 80% win rate, avg P&L 6.5%
  [2026-03-19 06:30:01]   dynamic_hft_bot/SOL: 7 trades, 29% win rate, avg P&L -0.8%
  [2026-03-19 06:30:01]   dynamic_hft_bot/SUI: 5 trades, 100% win rate, avg P&L 8.8%
  [2026-03-19 06:30:01]   dynamic_hft_bot/WAR: 12 trades, 33% win rate, avg P&L 12.5%
  [2026-03-19 06:30:01] TUNED dynamic_hft_bot/WAR: {'min_confidence': 0.65, 'volatility_threshold': 0.045, 'profit_target': 0.085, 'stop_loss': 0.037, 'learning_enabled': True}
  [2026-03-19 06:30:01]   dynamic_hft_bot/XPL: 10 trades, 0% win rate, avg P&L -9.3%

  [Protection]
  ❌ Order error: ['EOrder:Invalid price:FARTCOIN/USD price can only be specified up to 4 decimals.']
  [2026-03-19 06:30:03] Failed to protect FARTCOIN: ['EOrder:Invalid price:FARTCOIN/USD price can only be specified up to 4 decimals.']
  All eligible positions protected

  [Summary]
  Bots running: 10/10

============================================================


============================================================
  BOT MONITOR — 2026-03-19 07:00:01
============================================================

  [Health Check]
  All bots running

  [Learning]
  [2026-03-19 07:00:01]   dynamic_hft_bot/DOT: 9 trades, 11% win rate, avg P&L -3.6%
  [2026-03-19 07:00:01]   dynamic_hft_bot/FARTCOIN: 5 trades, 80% win rate, avg P&L 6.5%
  [2026-03-19 07:00:01]   dynamic_hft_bot/SOL: 7 trades, 29% win rate, avg P&L -0.8%
  [2026-03-19 07:00:01]   dynamic_hft_bot/SUI: 5 trades, 100% win rate, avg P&L 8.8%
  [2026-03-19 07:00:01]   dynamic_hft_bot/WAR: 12 trades, 33% win rate, avg P&L 12.5%
  [2026-03-19 07:00:01] TUNED dynamic_hft_bot/WAR: {'min_confidence': 0.65, 'volatility_threshold': 0.045, 'profit_target': 0.085, 'stop_loss': 0.037, 'learning_enabled': True}
  [2026-03-19 07:00:01]   dynamic_hft_bot/XPL: 10 trades, 0% win rate, avg P&L -9.3%

  [Protection]
  ❌ Order error: ['EOrder:Invalid price:FARTCOIN/USD price can only be specified up to 4 decimals.']
  [2026-03-19 07:00:03] Failed to protect FARTCOIN: ['EOrder:Invalid price:FARTCOIN/USD price can only be specified up to 4 decimals.']
  All eligible positions protected

  [Summary]
  Bots running: 10/10

============================================================


============================================================
  BOT MONITOR — 2026-03-19 07:30:01
============================================================

  [Health Check]
  All bots running

  [Learning]
  [2026-03-19 07:30:01]   dynamic_hft_bot/DOT: 9 trades, 11% win rate, avg P&L -3.6%
  [2026-03-19 07:30:01]   dynamic_hft_bot/FARTCOIN: 5 trades, 80% win rate, avg P&L 6.5%
  [2026-03-19 07:30:01]   dynamic_hft_bot/SOL: 7 trades, 29% win rate, avg P&L -0.8%
  [2026-03-19 07:30:01]   dynamic_hft_bot/SUI: 5 trades, 100% win rate, avg P&L 8.8%
  [2026-03-19 07:30:01]   dynamic_hft_bot/WAR: 12 trades, 33% win rate, avg P&L 12.5%
  [2026-03-19 07:30:01] TUNED dynamic_hft_bot/WAR: {'min_confidence': 0.65, 'volatility_threshold': 0.045, 'profit_target': 0.085, 'stop_loss': 0.037, 'learning_enabled': True}
  [2026-03-19 07:30:01]   dynamic_hft_bot/XPL: 10 trades, 0% win rate, avg P&L -9.3%

  [Protection]
  [2026-03-19 07:30:02] STALE SL: ETHUSD price $2155.6100 < SL $2174.1700 — selling
  ✅ Cancelled: OANQJE-EVESO-NK6Z3X
  ✅ Order placed: {'txid': ['OGGOV5-EGUT7-YKRVCZ'], 'descr': {'order': 'sell 0.00100 ETHUSD @ market'}}
  [2026-03-19 07:30:04]   SOLD ETHUSD: price below SL ($2155.6100 < $2174.1700)
  ❌ Order error: ['EOrder:Invalid price:FARTCOIN/USD price can only be specified up to 4 decimals.']
  [2026-03-19 07:30:06] Failed to protect FARTCOIN: ['EOrder:Invalid price:FARTCOIN/USD price can only be specified up to 4 decimals.']

  [Summary]
  Bots running: 10/10

============================================================


============================================================
  BOT MONITOR — 2026-03-19 08:00:01
============================================================

  [Health Check]
  All bots running

  [Learning]
  [2026-03-19 08:00:01]   dynamic_hft_bot/DOT: 9 trades, 11% win rate, avg P&L -3.6%
  [2026-03-19 08:00:01]   dynamic_hft_bot/FARTCOIN: 5 trades, 80% win rate, avg P&L 6.5%
  [2026-03-19 08:00:01]   dynamic_hft_bot/SOL: 7 trades, 29% win rate, avg P&L -0.8%
  [2026-03-19 08:00:01]   dynamic_hft_bot/SUI: 5 trades, 100% win rate, avg P&L 8.8%
  [2026-03-19 08:00:01]   dynamic_hft_bot/WAR: 12 trades, 33% win rate, avg P&L 12.5%
  [2026-03-19 08:00:01] TUNED dynamic_hft_bot/WAR: {'min_confidence': 0.65, 'volatility_threshold': 0.045, 'profit_target': 0.085, 'stop_loss': 0.037, 'learning_enabled': True}
  [2026-03-19 08:00:01]   dynamic_hft_bot/XPL: 10 trades, 0% win rate, avg P&L -9.3%

  [Protection]
  [2026-03-19 08:00:02] STALE SL: ETHUSD price $2167.0200 < SL $2185.0300 — selling
  ✅ Cancelled: ONDLKI-CEJSX-VEDKWA
  ✅ Order placed: {'txid': ['OEU3ZG-KNKNJ-MLFQPI'], 'descr': {'order': 'sell 0.00100 ETHUSD @ market'}}
  [2026-03-19 08:00:03]   SOLD ETHUSD: price below SL ($2167.0200 < $2185.0300)
  ❌ Order error: ['EOrder:Invalid price:FARTCOIN/USD price can only be specified up to 4 decimals.']
  [2026-03-19 08:00:05] Failed to protect FARTCOIN: ['EOrder:Invalid price:FARTCOIN/USD price can only be specified up to 4 decimals.']
  ❌ Order error: ['EOrder:Invalid price:ETH/USD price can only be specified up to 2 decimals.']
  [2026-03-19 08:00:06] Failed to protect XETH: ['EOrder:Invalid price:ETH/USD price can only be specified up to 2 decimals.']

  [Summary]
  Bots running: 10/10

============================================================


============================================================
  BOT MONITOR — 2026-03-19 08:30:01
============================================================

  [Health Check]
  All bots running

  [Learning]
  [2026-03-19 08:30:01]   dynamic_hft_bot/DOT: 9 trades, 11% win rate, avg P&L -3.6%
  [2026-03-19 08:30:01]   dynamic_hft_bot/FARTCOIN: 5 trades, 80% win rate, avg P&L 6.5%
  [2026-03-19 08:30:01]   dynamic_hft_bot/SOL: 7 trades, 29% win rate, avg P&L -0.8%
  [2026-03-19 08:30:01]   dynamic_hft_bot/SUI: 5 trades, 100% win rate, avg P&L 8.8%
  [2026-03-19 08:30:01]   dynamic_hft_bot/WAR: 12 trades, 33% win rate, avg P&L 12.5%
  [2026-03-19 08:30:01] TUNED dynamic_hft_bot/WAR: {'min_confidence': 0.65, 'volatility_threshold': 0.045, 'profit_target': 0.085, 'stop_loss': 0.037, 'learning_enabled': True}
  [2026-03-19 08:30:01]   dynamic_hft_bot/XPL: 10 trades, 0% win rate, avg P&L -9.3%

  [Protection]
  ❌ Order error: ['EOrder:Invalid price:FARTCOIN/USD price can only be specified up to 4 decimals.']
  [2026-03-19 08:30:03] Failed to protect FARTCOIN: ['EOrder:Invalid price:FARTCOIN/USD price can only be specified up to 4 decimals.']
  All eligible positions protected

  [Summary]
  Bots running: 10/10

============================================================


============================================================
  BOT MONITOR — 2026-03-19 09:00:01
============================================================

  [Health Check]
  All bots running

  [Learning]
  [2026-03-19 09:00:01]   dynamic_hft_bot/DOT: 9 trades, 11% win rate, avg P&L -3.6%
  [2026-03-19 09:00:01]   dynamic_hft_bot/FARTCOIN: 5 trades, 80% win rate, avg P&L 6.5%
  [2026-03-19 09:00:01]   dynamic_hft_bot/SOL: 7 trades, 29% win rate, avg P&L -0.8%
  [2026-03-19 09:00:01]   dynamic_hft_bot/SUI: 5 trades, 100% win rate, avg P&L 8.8%
  [2026-03-19 09:00:01]   dynamic_hft_bot/WAR: 12 trades, 33% win rate, avg P&L 12.5%
  [2026-03-19 09:00:01] TUNED dynamic_hft_bot/WAR: {'min_confidence': 0.65, 'volatility_threshold': 0.045, 'profit_target': 0.085, 'stop_loss': 0.037, 'learning_enabled': True}
  [2026-03-19 09:00:01]   dynamic_hft_bot/XPL: 10 trades, 0% win rate, avg P&L -9.3%

  [Protection]
  ❌ Order error: ['EOrder:Invalid price:FARTCOIN/USD price can only be specified up to 4 decimals.']
  [2026-03-19 09:00:03] Failed to protect FARTCOIN: ['EOrder:Invalid price:FARTCOIN/USD price can only be specified up to 4 decimals.']
  All eligible positions protected

  [Summary]
  Bots running: 10/10

============================================================


============================================================
  BOT MONITOR — 2026-03-19 09:30:01
============================================================

  [Health Check]
  All bots running

  [Learning]
  [2026-03-19 09:30:01]   dynamic_hft_bot/DOT: 9 trades, 11% win rate, avg P&L -3.6%
  [2026-03-19 09:30:01]   dynamic_hft_bot/FARTCOIN: 5 trades, 80% win rate, avg P&L 6.5%
  [2026-03-19 09:30:01]   dynamic_hft_bot/SOL: 7 trades, 29% win rate, avg P&L -0.8%
  [2026-03-19 09:30:01]   dynamic_hft_bot/SUI: 5 trades, 100% win rate, avg P&L 8.8%
  [2026-03-19 09:30:01]   dynamic_hft_bot/WAR: 12 trades, 33% win rate, avg P&L 12.5%
  [2026-03-19 09:30:01] TUNED dynamic_hft_bot/WAR: {'min_confidence': 0.65, 'volatility_threshold': 0.045, 'profit_target': 0.085, 'stop_loss': 0.037, 'learning_enabled': True}
  [2026-03-19 09:30:01]   dynamic_hft_bot/XPL: 10 trades, 0% win rate, avg P&L -9.3%

  [Protection]
  ❌ Order error: ['EOrder:Invalid price:FARTCOIN/USD price can only be specified up to 4 decimals.']
  [2026-03-19 09:30:03] Failed to protect FARTCOIN: ['EOrder:Invalid price:FARTCOIN/USD price can only be specified up to 4 decimals.']
  All eligible positions protected

  [Summary]
  Bots running: 10/10

============================================================


============================================================
  BOT MONITOR — 2026-03-19 10:00:01
============================================================

  [Health Check]
  All bots running

  [Learning]
  [2026-03-19 10:00:01]   dynamic_hft_bot/DOT: 9 trades, 11% win rate, avg P&L -3.6%
  [2026-03-19 10:00:01]   dynamic_hft_bot/FARTCOIN: 5 trades, 80% win rate, avg P&L 6.5%
  [2026-03-19 10:00:01]   dynamic_hft_bot/SOL: 7 trades, 29% win rate, avg P&L -0.8%
  [2026-03-19 10:00:01]   dynamic_hft_bot/SUI: 5 trades, 100% win rate, avg P&L 8.8%
  [2026-03-19 10:00:01]   dynamic_hft_bot/WAR: 12 trades, 33% win rate, avg P&L 12.5%
  [2026-03-19 10:00:01] TUNED dynamic_hft_bot/WAR: {'min_confidence': 0.65, 'volatility_threshold': 0.045, 'profit_target': 0.085, 'stop_loss': 0.037, 'learning_enabled': True}
  [2026-03-19 10:00:01]   dynamic_hft_bot/XPL: 10 trades, 0% win rate, avg P&L -9.3%

  [Protection]
  ❌ Order error: ['EOrder:Invalid price:FARTCOIN/USD price can only be specified up to 4 decimals.']
  [2026-03-19 10:00:03] Failed to protect FARTCOIN: ['EOrder:Invalid price:FARTCOIN/USD price can only be specified up to 4 decimals.']
  All eligible positions protected

  [Summary]
  Bots running: 10/10

============================================================


============================================================
  BOT MONITOR — 2026-03-19 10:30:01
============================================================

  [Health Check]
  All bots running

  [Learning]
  [2026-03-19 10:30:01]   dynamic_hft_bot/DOT: 9 trades, 11% win rate, avg P&L -3.6%
  [2026-03-19 10:30:01]   dynamic_hft_bot/FARTCOIN: 5 trades, 80% win rate, avg P&L 6.5%
  [2026-03-19 10:30:01]   dynamic_hft_bot/SOL: 7 trades, 29% win rate, avg P&L -0.8%
  [2026-03-19 10:30:01]   dynamic_hft_bot/SUI: 5 trades, 100% win rate, avg P&L 8.8%
  [2026-03-19 10:30:01]   dynamic_hft_bot/WAR: 12 trades, 33% win rate, avg P&L 12.5%
  [2026-03-19 10:30:01] TUNED dynamic_hft_bot/WAR: {'min_confidence': 0.65, 'volatility_threshold': 0.045, 'profit_target': 0.085, 'stop_loss': 0.037, 'learning_enabled': True}
  [2026-03-19 10:30:01]   dynamic_hft_bot/XPL: 10 trades, 0% win rate, avg P&L -9.3%

  [Protection]
  ❌ Order error: ['EOrder:Invalid price:FARTCOIN/USD price can only be specified up to 4 decimals.']
  [2026-03-19 10:30:04] Failed to protect FARTCOIN: ['EOrder:Invalid price:FARTCOIN/USD price can only be specified up to 4 decimals.']
  All eligible positions protected

  [Summary]
  Bots running: 10/10

============================================================


============================================================
  BOT MONITOR — 2026-03-19 11:00:01
============================================================

  [Health Check]
  All bots running

  [Learning]
  [2026-03-19 11:00:01]   dynamic_hft_bot/DOT: 9 trades, 11% win rate, avg P&L -3.6%
  [2026-03-19 11:00:01]   dynamic_hft_bot/FARTCOIN: 5 trades, 80% win rate, avg P&L 6.5%
  [2026-03-19 11:00:01]   dynamic_hft_bot/SOL: 7 trades, 29% win rate, avg P&L -0.8%
  [2026-03-19 11:00:01]   dynamic_hft_bot/SUI: 5 trades, 100% win rate, avg P&L 8.8%
  [2026-03-19 11:00:01]   dynamic_hft_bot/WAR: 12 trades, 33% win rate, avg P&L 12.5%
  [2026-03-19 11:00:01] TUNED dynamic_hft_bot/WAR: {'min_confidence': 0.65, 'volatility_threshold': 0.045, 'profit_target': 0.085, 'stop_loss': 0.037, 'learning_enabled': True}
  [2026-03-19 11:00:01]   dynamic_hft_bot/XPL: 10 trades, 0% win rate, avg P&L -9.3%

  [Protection]
  [2026-03-19 11:00:02] STALE SL: AKTUSD price $0.5039 < SL $0.5043 — selling
  ✅ Cancelled: OUU2WJ-GREHL-QDCLDH
  ✅ Order placed: {'txid': ['OTI26T-5TZJ3-Y5LABX'], 'descr': {'order': 'sell 15.00000 AKTUSD @ market'}}
  [2026-03-19 11:00:03]   SOLD AKTUSD: price below SL ($0.5039 < $0.5043)
  ❌ Order error: ['EOrder:Invalid price:FARTCOIN/USD price can only be specified up to 4 decimals.']
  [2026-03-19 11:00:06] Failed to protect FARTCOIN: ['EOrder:Invalid price:FARTCOIN/USD price can only be specified up to 4 decimals.']

  [Summary]
  Bots running: 10/10

============================================================


============================================================
  BOT MONITOR — 2026-03-19 11:30:02
============================================================

  [Health Check]
  All bots running

  [Learning]
  [2026-03-19 11:30:02]   dynamic_hft_bot/DOT: 9 trades, 11% win rate, avg P&L -3.6%
  [2026-03-19 11:30:02]   dynamic_hft_bot/FARTCOIN: 5 trades, 80% win rate, avg P&L 6.5%
  [2026-03-19 11:30:02]   dynamic_hft_bot/SOL: 7 trades, 29% win rate, avg P&L -0.8%
  [2026-03-19 11:30:02]   dynamic_hft_bot/SUI: 5 trades, 100% win rate, avg P&L 8.8%
  [2026-03-19 11:30:02]   dynamic_hft_bot/WAR: 12 trades, 33% win rate, avg P&L 12.5%
  [2026-03-19 11:30:02] TUNED dynamic_hft_bot/WAR: {'min_confidence': 0.65, 'volatility_threshold': 0.045, 'profit_target': 0.085, 'stop_loss': 0.037, 'learning_enabled': True}
  [2026-03-19 11:30:02]   dynamic_hft_bot/XPL: 10 trades, 0% win rate, avg P&L -9.3%

  [Protection]
  ❌ Order error: ['EOrder:Invalid price:FARTCOIN/USD price can only be specified up to 4 decimals.']
  [2026-03-19 11:30:03] Failed to protect FARTCOIN: ['EOrder:Invalid price:FARTCOIN/USD price can only be specified up to 4 decimals.']
  All eligible positions protected

  [Summary]
  Bots running: 10/10

============================================================


============================================================
  BOT MONITOR — 2026-03-19 12:00:02
============================================================

  [Health Check]
  All bots running

  [Learning]
  [2026-03-19 12:00:02]   dynamic_hft_bot/DOT: 9 trades, 11% win rate, avg P&L -3.6%
  [2026-03-19 12:00:02]   dynamic_hft_bot/FARTCOIN: 5 trades, 80% win rate, avg P&L 6.5%
  [2026-03-19 12:00:02]   dynamic_hft_bot/SOL: 7 trades, 29% win rate, avg P&L -0.8%
  [2026-03-19 12:00:02]   dynamic_hft_bot/SUI: 5 trades, 100% win rate, avg P&L 8.8%
  [2026-03-19 12:00:02]   dynamic_hft_bot/WAR: 12 trades, 33% win rate, avg P&L 12.5%
  [2026-03-19 12:00:02] TUNED dynamic_hft_bot/WAR: {'min_confidence': 0.65, 'volatility_threshold': 0.045, 'profit_target': 0.085, 'stop_loss': 0.037, 'learning_enabled': True}
  [2026-03-19 12:00:02]   dynamic_hft_bot/XPL: 10 trades, 0% win rate, avg P&L -9.3%

  [Protection]
  ❌ Order error: ['EOrder:Invalid price:FARTCOIN/USD price can only be specified up to 4 decimals.']
  [2026-03-19 12:00:04] Failed to protect FARTCOIN: ['EOrder:Invalid price:FARTCOIN/USD price can only be specified up to 4 decimals.']
  All eligible positions protected

  [Summary]
  Bots running: 10/10

============================================================


============================================================
  BOT MONITOR — 2026-03-19 12:30:01
============================================================

  [Health Check]
  All bots running

  [Learning]
  [2026-03-19 12:30:01]   dynamic_hft_bot/DOT: 9 trades, 11% win rate, avg P&L -3.6%
  [2026-03-19 12:30:01]   dynamic_hft_bot/FARTCOIN: 5 trades, 80% win rate, avg P&L 6.5%
  [2026-03-19 12:30:01]   dynamic_hft_bot/SOL: 7 trades, 29% win rate, avg P&L -0.8%
  [2026-03-19 12:30:01]   dynamic_hft_bot/SUI: 5 trades, 100% win rate, avg P&L 8.8%
  [2026-03-19 12:30:01]   dynamic_hft_bot/WAR: 12 trades, 33% win rate, avg P&L 12.5%
  [2026-03-19 12:30:01] TUNED dynamic_hft_bot/WAR: {'min_confidence': 0.65, 'volatility_threshold': 0.045, 'profit_target': 0.085, 'stop_loss': 0.037, 'learning_enabled': True}
  [2026-03-19 12:30:01]   dynamic_hft_bot/XPL: 10 trades, 0% win rate, avg P&L -9.3%

  [Protection]
  ❌ Order error: ['EOrder:Invalid price:FARTCOIN/USD price can only be specified up to 4 decimals.']
  [2026-03-19 12:30:04] Failed to protect FARTCOIN: ['EOrder:Invalid price:FARTCOIN/USD price can only be specified up to 4 decimals.']
  All eligible positions protected

  [Summary]
  Bots running: 10/10

============================================================


============================================================
  BOT MONITOR — 2026-03-19 13:00:01
============================================================

  [Health Check]
  All bots running

  [Learning]
  [2026-03-19 13:00:01]   dynamic_hft_bot/DOT: 9 trades, 11% win rate, avg P&L -3.6%
  [2026-03-19 13:00:01]   dynamic_hft_bot/FARTCOIN: 5 trades, 80% win rate, avg P&L 6.5%
  [2026-03-19 13:00:01]   dynamic_hft_bot/SOL: 7 trades, 29% win rate, avg P&L -0.8%
  [2026-03-19 13:00:01]   dynamic_hft_bot/SUI: 5 trades, 100% win rate, avg P&L 8.8%
  [2026-03-19 13:00:02]   dynamic_hft_bot/WAR: 12 trades, 33% win rate, avg P&L 12.5%
  [2026-03-19 13:00:02] TUNED dynamic_hft_bot/WAR: {'min_confidence': 0.65, 'volatility_threshold': 0.045, 'profit_target': 0.085, 'stop_loss': 0.037, 'learning_enabled': True}
  [2026-03-19 13:00:02]   dynamic_hft_bot/XPL: 10 trades, 0% win rate, avg P&L -9.3%

  [Protection]
  [2026-03-19 13:00:02] STALE SL: XDGUSD price $0.0926 < SL $0.0926 — selling
  ✅ Cancelled: O5KP7B-7S7GK-D3ZETL
  ✅ Order placed: {'txid': ['ONGUDH-YTRQN-7I4BW6'], 'descr': {'order': 'sell 13.00 XDGUSD @ market'}}
  [2026-03-19 13:00:04]   SOLD XDGUSD: price below SL ($0.0926 < $0.0926)
  ❌ Order error: ['EOrder:Invalid price:FARTCOIN/USD price can only be specified up to 4 decimals.']
  [2026-03-19 13:00:06] Failed to protect FARTCOIN: ['EOrder:Invalid price:FARTCOIN/USD price can only be specified up to 4 decimals.']

  [Summary]
  Bots running: 10/10

============================================================


============================================================
  BOT MONITOR — 2026-03-19 13:30:01
============================================================

  [Health Check]
  All bots running

  [Learning]
  [2026-03-19 13:30:01]   dynamic_hft_bot/DOT: 9 trades, 11% win rate, avg P&L -3.6%
  [2026-03-19 13:30:01]   dynamic_hft_bot/FARTCOIN: 5 trades, 80% win rate, avg P&L 6.5%
  [2026-03-19 13:30:01]   dynamic_hft_bot/SOL: 7 trades, 29% win rate, avg P&L -0.8%
  [2026-03-19 13:30:01]   dynamic_hft_bot/SUI: 5 trades, 100% win rate, avg P&L 8.8%
  [2026-03-19 13:30:01]   dynamic_hft_bot/WAR: 12 trades, 33% win rate, avg P&L 12.5%
  [2026-03-19 13:30:01] TUNED dynamic_hft_bot/WAR: {'min_confidence': 0.65, 'volatility_threshold': 0.045, 'profit_target': 0.085, 'stop_loss': 0.037, 'learning_enabled': True}
  [2026-03-19 13:30:01]   dynamic_hft_bot/XPL: 10 trades, 0% win rate, avg P&L -9.3%

  [Protection]
  [2026-03-19 13:30:02] STALE SL: XDGUSD price $0.0927 < SL $0.0958 — selling
  ✅ Cancelled: OCWIZF-YV5GS-LGWWMA
  ✅ Order placed: {'txid': ['OXMXDW-RJJUS-EFPXB3'], 'descr': {'order': 'sell 13.00 XDGUSD @ market'}}
  [2026-03-19 13:30:03]   SOLD XDGUSD: price below SL ($0.0927 < $0.0958)
  ❌ Order error: ['EOrder:Invalid price:FARTCOIN/USD price can only be specified up to 4 decimals.']
  [2026-03-19 13:30:06] Failed to protect FARTCOIN: ['EOrder:Invalid price:FARTCOIN/USD price can only be specified up to 4 decimals.']

  [Summary]
  Bots running: 10/10

============================================================


============================================================
  BOT MONITOR — 2026-03-19 14:00:01
============================================================

  [Health Check]
  All bots running

  [Learning]
  [2026-03-19 14:00:01]   dynamic_hft_bot/DOT: 9 trades, 11% win rate, avg P&L -3.6%
  [2026-03-19 14:00:01]   dynamic_hft_bot/FARTCOIN: 5 trades, 80% win rate, avg P&L 6.5%
  [2026-03-19 14:00:01]   dynamic_hft_bot/SOL: 7 trades, 29% win rate, avg P&L -0.8%
  [2026-03-19 14:00:01]   dynamic_hft_bot/SUI: 5 trades, 100% win rate, avg P&L 8.8%
  [2026-03-19 14:00:01]   dynamic_hft_bot/WAR: 12 trades, 33% win rate, avg P&L 12.5%
  [2026-03-19 14:00:01] TUNED dynamic_hft_bot/WAR: {'min_confidence': 0.65, 'volatility_threshold': 0.045, 'profit_target': 0.085, 'stop_loss': 0.037, 'learning_enabled': True}
  [2026-03-19 14:00:01]   dynamic_hft_bot/XPL: 10 trades, 0% win rate, avg P&L -9.3%

  [Protection]
  ❌ Order error: ['EOrder:Invalid price:FARTCOIN/USD price can only be specified up to 4 decimals.']
  [2026-03-19 14:00:03] Failed to protect FARTCOIN: ['EOrder:Invalid price:FARTCOIN/USD price can only be specified up to 4 decimals.']
  All eligible positions protected

  [Summary]
  Bots running: 10/10

============================================================


============================================================
  BOT MONITOR — 2026-03-19 14:30:01
============================================================

  [Health Check]
  All bots running

  [Learning]
  [2026-03-19 14:30:01]   dynamic_hft_bot/DOT: 9 trades, 11% win rate, avg P&L -3.6%
  [2026-03-19 14:30:01]   dynamic_hft_bot/FARTCOIN: 5 trades, 80% win rate, avg P&L 6.5%
  [2026-03-19 14:30:01]   dynamic_hft_bot/SOL: 7 trades, 29% win rate, avg P&L -0.8%
  [2026-03-19 14:30:01]   dynamic_hft_bot/SUI: 5 trades, 100% win rate, avg P&L 8.8%
  [2026-03-19 14:30:01]   dynamic_hft_bot/WAR: 12 trades, 33% win rate, avg P&L 12.5%
  [2026-03-19 14:30:01] TUNED dynamic_hft_bot/WAR: {'min_confidence': 0.65, 'volatility_threshold': 0.045, 'profit_target': 0.085, 'stop_loss': 0.037, 'learning_enabled': True}
  [2026-03-19 14:30:01]   dynamic_hft_bot/XPL: 10 trades, 0% win rate, avg P&L -9.3%

  [Protection]
  ❌ Order error: ['EOrder:Invalid price:FARTCOIN/USD price can only be specified up to 4 decimals.']
  [2026-03-19 14:30:03] Failed to protect FARTCOIN: ['EOrder:Invalid price:FARTCOIN/USD price can only be specified up to 4 decimals.']
  All eligible positions protected

  [Summary]
  Bots running: 10/10

============================================================


============================================================
  BOT MONITOR — 2026-03-19 15:00:01
============================================================

  [Health Check]
  All bots running

  [Learning]
  [2026-03-19 15:00:01]   dynamic_hft_bot/DOT: 9 trades, 11% win rate, avg P&L -3.6%
  [2026-03-19 15:00:01]   dynamic_hft_bot/FARTCOIN: 5 trades, 80% win rate, avg P&L 6.5%
  [2026-03-19 15:00:01]   dynamic_hft_bot/SOL: 7 trades, 29% win rate, avg P&L -0.8%
  [2026-03-19 15:00:01]   dynamic_hft_bot/SUI: 5 trades, 100% win rate, avg P&L 8.8%
  [2026-03-19 15:00:01]   dynamic_hft_bot/WAR: 12 trades, 33% win rate, avg P&L 12.5%
  [2026-03-19 15:00:01] TUNED dynamic_hft_bot/WAR: {'min_confidence': 0.65, 'volatility_threshold': 0.045, 'profit_target': 0.085, 'stop_loss': 0.037, 'learning_enabled': True}
  [2026-03-19 15:00:01]   dynamic_hft_bot/XPL: 10 trades, 0% win rate, avg P&L -9.3%

  [Protection]
  ❌ Order error: ['EOrder:Invalid price:FARTCOIN/USD price can only be specified up to 4 decimals.']
  [2026-03-19 15:00:03] Failed to protect FARTCOIN: ['EOrder:Invalid price:FARTCOIN/USD price can only be specified up to 4 decimals.']
  All eligible positions protected

  [Summary]
  Bots running: 10/10

============================================================


============================================================
  BOT MONITOR — 2026-03-19 15:30:01
============================================================

  [Health Check]
  All bots running

  [Learning]
  [2026-03-19 15:30:01]   dynamic_hft_bot/DOT: 9 trades, 11% win rate, avg P&L -3.6%
  [2026-03-19 15:30:01]   dynamic_hft_bot/FARTCOIN: 5 trades, 80% win rate, avg P&L 6.5%
  [2026-03-19 15:30:01]   dynamic_hft_bot/SOL: 7 trades, 29% win rate, avg P&L -0.8%
  [2026-03-19 15:30:01]   dynamic_hft_bot/SUI: 5 trades, 100% win rate, avg P&L 8.8%
  [2026-03-19 15:30:01]   dynamic_hft_bot/WAR: 12 trades, 33% win rate, avg P&L 12.5%
  [2026-03-19 15:30:01] TUNED dynamic_hft_bot/WAR: {'min_confidence': 0.65, 'volatility_threshold': 0.045, 'profit_target': 0.085, 'stop_loss': 0.037, 'learning_enabled': True}
  [2026-03-19 15:30:01]   dynamic_hft_bot/XPL: 10 trades, 0% win rate, avg P&L -9.3%

  [Protection]
  ❌ Order error: ['EOrder:Invalid price:FARTCOIN/USD price can only be specified up to 4 decimals.']
  [2026-03-19 15:30:03] Failed to protect FARTCOIN: ['EOrder:Invalid price:FARTCOIN/USD price can only be specified up to 4 decimals.']
  All eligible positions protected

  [Summary]
  Bots running: 10/10

============================================================


============================================================
  BOT MONITOR — 2026-03-19 16:00:01
============================================================

  [Health Check]
  All bots running

  [Learning]
  [2026-03-19 16:00:01]   dynamic_hft_bot/DOT: 9 trades, 11% win rate, avg P&L -3.6%
  [2026-03-19 16:00:01]   dynamic_hft_bot/FARTCOIN: 5 trades, 80% win rate, avg P&L 6.5%
  [2026-03-19 16:00:01]   dynamic_hft_bot/SOL: 7 trades, 29% win rate, avg P&L -0.8%
  [2026-03-19 16:00:01]   dynamic_hft_bot/SUI: 5 trades, 100% win rate, avg P&L 8.8%
  [2026-03-19 16:00:01]   dynamic_hft_bot/WAR: 12 trades, 33% win rate, avg P&L 12.5%
  [2026-03-19 16:00:01] TUNED dynamic_hft_bot/WAR: {'min_confidence': 0.65, 'volatility_threshold': 0.045, 'profit_target': 0.085, 'stop_loss': 0.037, 'learning_enabled': True}
  [2026-03-19 16:00:01]   dynamic_hft_bot/XPL: 10 trades, 0% win rate, avg P&L -9.3%

  [Protection]
  ❌ Order error: ['EOrder:Invalid price:FARTCOIN/USD price can only be specified up to 4 decimals.']
  [2026-03-19 16:00:03] Failed to protect FARTCOIN: ['EOrder:Invalid price:FARTCOIN/USD price can only be specified up to 4 decimals.']
  All eligible positions protected

  [Summary]
  Bots running: 10/10

============================================================


============================================================
  BOT MONITOR — 2026-03-19 16:30:01
============================================================

  [Health Check]
  All bots running

  [Learning]
  [2026-03-19 16:30:01]   dynamic_hft_bot/DOT: 9 trades, 11% win rate, avg P&L -3.6%
  [2026-03-19 16:30:01]   dynamic_hft_bot/FARTCOIN: 5 trades, 80% win rate, avg P&L 6.5%
  [2026-03-19 16:30:01]   dynamic_hft_bot/SOL: 7 trades, 29% win rate, avg P&L -0.8%
  [2026-03-19 16:30:01]   dynamic_hft_bot/SUI: 5 trades, 100% win rate, avg P&L 8.8%
  [2026-03-19 16:30:01]   dynamic_hft_bot/WAR: 12 trades, 33% win rate, avg P&L 12.5%
  [2026-03-19 16:30:01] TUNED dynamic_hft_bot/WAR: {'min_confidence': 0.65, 'volatility_threshold': 0.045, 'profit_target': 0.085, 'stop_loss': 0.037, 'learning_enabled': True}
  [2026-03-19 16:30:01]   dynamic_hft_bot/XPL: 10 trades, 0% win rate, avg P&L -9.3%

  [Protection]
  ❌ Order error: ['EOrder:Invalid price:FARTCOIN/USD price can only be specified up to 4 decimals.']
  [2026-03-19 16:30:02] Failed to protect FARTCOIN: ['EOrder:Invalid price:FARTCOIN/USD price can only be specified up to 4 decimals.']
  All eligible positions protected

  [Summary]
  Bots running: 10/10

============================================================


============================================================
  BOT MONITOR — 2026-03-19 17:00:01
============================================================

  [Health Check]
  All bots running

  [Learning]
  [2026-03-19 17:00:01]   dynamic_hft_bot/DOT: 9 trades, 11% win rate, avg P&L -3.6%
  [2026-03-19 17:00:01]   dynamic_hft_bot/FARTCOIN: 5 trades, 80% win rate, avg P&L 6.5%
  [2026-03-19 17:00:01]   dynamic_hft_bot/SOL: 7 trades, 29% win rate, avg P&L -0.8%
  [2026-03-19 17:00:01]   dynamic_hft_bot/SUI: 5 trades, 100% win rate, avg P&L 8.8%
  [2026-03-19 17:00:01]   dynamic_hft_bot/WAR: 12 trades, 33% win rate, avg P&L 12.5%
  [2026-03-19 17:00:01] TUNED dynamic_hft_bot/WAR: {'min_confidence': 0.65, 'volatility_threshold': 0.045, 'profit_target': 0.085, 'stop_loss': 0.037, 'learning_enabled': True}
  [2026-03-19 17:00:01]   dynamic_hft_bot/XPL: 10 trades, 0% win rate, avg P&L -9.3%

  [Protection]
  ❌ Order error: ['EOrder:Invalid price:FARTCOIN/USD price can only be specified up to 4 decimals.']
  [2026-03-19 17:00:03] Failed to protect FARTCOIN: ['EOrder:Invalid price:FARTCOIN/USD price can only be specified up to 4 decimals.']
  All eligible positions protected

  [Summary]
  Bots running: 10/10

============================================================


============================================================
  BOT MONITOR — 2026-03-19 17:30:01
============================================================

  [Health Check]
  All bots running

  [Learning]
  [2026-03-19 17:30:01]   dynamic_hft_bot/DOT: 9 trades, 11% win rate, avg P&L -3.6%
  [2026-03-19 17:30:01]   dynamic_hft_bot/FARTCOIN: 5 trades, 80% win rate, avg P&L 6.5%
  [2026-03-19 17:30:01]   dynamic_hft_bot/SOL: 7 trades, 29% win rate, avg P&L -0.8%
  [2026-03-19 17:30:01]   dynamic_hft_bot/SUI: 5 trades, 100% win rate, avg P&L 8.8%
  [2026-03-19 17:30:01]   dynamic_hft_bot/WAR: 12 trades, 33% win rate, avg P&L 12.5%
  [2026-03-19 17:30:01] TUNED dynamic_hft_bot/WAR: {'min_confidence': 0.65, 'volatility_threshold': 0.045, 'profit_target': 0.085, 'stop_loss': 0.037, 'learning_enabled': True}
  [2026-03-19 17:30:01]   dynamic_hft_bot/XPL: 10 trades, 0% win rate, avg P&L -9.3%

  [Protection]
  [2026-03-19 17:30:02] STALE SL: RIVERUSD price $24.7430 < SL $24.8870 — selling
  ✅ Cancelled: OZS7Y4-FZILC-WTT242
  ✅ Order placed: {'txid': ['OWRUK3-SPTDL-T3F2YS'], 'descr': {'order': 'sell 0.5000 RIVERUSD @ market'}}
  [2026-03-19 17:30:03]   SOLD RIVERUSD: price below SL ($24.7430 < $24.8870)
  ❌ Order error: ['EOrder:Invalid price:FARTCOIN/USD price can only be specified up to 4 decimals.']
  [2026-03-19 17:30:04] Failed to protect FARTCOIN: ['EOrder:Invalid price:FARTCOIN/USD price can only be specified up to 4 decimals.']
  ❌ Order error: ['EOrder:Invalid price:RIVER/USD price can only be specified up to 3 decimals.']
  [2026-03-19 17:30:05] Failed to protect RIVER: ['EOrder:Invalid price:RIVER/USD price can only be specified up to 3 decimals.']

  [Summary]
  Bots running: 10/10

============================================================


============================================================
  BOT MONITOR — 2026-03-19 18:00:01
============================================================

  [Health Check]
  All bots running

  [Learning]
  [2026-03-19 18:00:01]   dynamic_hft_bot/DOT: 9 trades, 11% win rate, avg P&L -3.6%
  [2026-03-19 18:00:01]   dynamic_hft_bot/FARTCOIN: 5 trades, 80% win rate, avg P&L 6.5%
  [2026-03-19 18:00:01]   dynamic_hft_bot/SOL: 7 trades, 29% win rate, avg P&L -0.8%
  [2026-03-19 18:00:01]   dynamic_hft_bot/SUI: 5 trades, 100% win rate, avg P&L 8.8%
  [2026-03-19 18:00:01]   dynamic_hft_bot/WAR: 12 trades, 33% win rate, avg P&L 12.5%
  [2026-03-19 18:00:01] TUNED dynamic_hft_bot/WAR: {'min_confidence': 0.65, 'volatility_threshold': 0.045, 'profit_target': 0.085, 'stop_loss': 0.037, 'learning_enabled': True}
  [2026-03-19 18:00:01]   dynamic_hft_bot/XPL: 10 trades, 0% win rate, avg P&L -9.3%

  [Protection]
  [2026-03-19 18:00:01] MIGRATE: XDGUSD OTO bracket → standalone SL @ $0.0855
  ✅ Cancelled: OJUEC2-OXLDO-IMJUFD
  ✅ Order placed: {'txid': ['OW47WV-CIPAB-V3TA5T'], 'descr': {'order': 'sell 13.00 XDGUSD @ stop loss 0.0854612'}}
  [2026-03-19 18:00:03]   MIGRATED XDGUSD: standalone SL @ $0.0855
  [2026-03-19 18:00:03] MIGRATE: XDGUSD OTO bracket → standalone SL @ $0.0874
  ✅ Cancelled: OIBPZF-OG3PV-AMIPVN
  ✅ Order placed: {'txid': ['OJSATS-5B6FW-KTFSDF'], 'descr': {'order': 'sell 13.00 XDGUSD @ stop loss 0.0873816'}}
  [2026-03-19 18:00:04]   MIGRATED XDGUSD: standalone SL @ $0.0874
  [2026-03-19 18:00:04] MIGRATE: ASTERUSD OTO bracket → standalone SL @ $0.6669
  ✅ Cancelled: O2BE6E-QQRS6-NDWB2E
  ✅ Order placed: {'txid': ['OIXW4X-D6TXM-RKS4U2'], 'descr': {'order': 'sell 8.0000 ASTERUSD @ stop loss 0.66689'}}
  [2026-03-19 18:00:06]   MIGRATED ASTERUSD: standalone SL @ $0.6669
  [2026-03-19 18:00:06] MIGRATE: XBTUSD OTO bracket → standalone SL @ $68613.5000
  ✅ Cancelled: OQEAST-OLUII-THNIOQ
  ✅ Order placed: {'txid': ['ON3I27-5A42W-KDB5LB'], 'descr': {'order': 'sell 0.00005 XBTUSD @ stop loss 68613.5'}}
  [2026-03-19 18:00:07]   MIGRATED XBTUSD: standalone SL @ $68613.5000
  [2026-03-19 18:00:07] MIGRATE: SOLUSD OTO bracket → standalone SL @ $87.2100
  ✅ Cancelled: OEXIWW-R4LAZ-CBYN3X
  ✅ Order placed: {'txid': ['OLNT6M-AIPEL-Y3NWWB'], 'descr': {'order': 'sell 0.02000 SOLUSD @ stop loss 87.21'}}
  [2026-03-19 18:00:09]   MIGRATED SOLUSD: standalone SL @ $87.2100
  ✅ Order placed: {'txid': ['OVKJIB-ZIBFW-KCNJAO'], 'descr': {'order': 'sell 30.000 FARTCOINUSD @ stop loss 0.1828'}}
  [2026-03-19 18:00:10]   PROTECTED FARTCOIN (FARTCOINUSD): SL @ $0.1828 (-4%)

  [Summary]
  Bots running: 10/10

============================================================


============================================================
  BOT MONITOR — 2026-03-19 18:30:01
============================================================

  [Health Check]
  All bots running

  [Learning]
  [2026-03-19 18:30:01]   dynamic_hft_bot/DOT: 9 trades, 11% win rate, avg P&L -3.6%
  [2026-03-19 18:30:01]   dynamic_hft_bot/FARTCOIN: 5 trades, 80% win rate, avg P&L 6.5%
  [2026-03-19 18:30:01]   dynamic_hft_bot/SOL: 7 trades, 29% win rate, avg P&L -0.8%
  [2026-03-19 18:30:01]   dynamic_hft_bot/SUI: 5 trades, 100% win rate, avg P&L 8.8%
  [2026-03-19 18:30:01]   dynamic_hft_bot/WAR: 12 trades, 33% win rate, avg P&L 12.5%
  [2026-03-19 18:30:01] TUNED dynamic_hft_bot/WAR: {'min_confidence': 0.65, 'volatility_threshold': 0.045, 'profit_target': 0.085, 'stop_loss': 0.037, 'learning_enabled': True}
  [2026-03-19 18:30:01]   dynamic_hft_bot/XPL: 10 trades, 0% win rate, avg P&L -9.3%

  [Protection]
  All eligible positions protected

  [Summary]
  Bots running: 10/10

============================================================


============================================================
  BOT MONITOR — 2026-03-19 19:00:01
============================================================

  [Health Check]
  All bots running

  [Learning]
  [2026-03-19 19:00:01]   dynamic_hft_bot/DOT: 9 trades, 11% win rate, avg P&L -3.6%
  [2026-03-19 19:00:01]   dynamic_hft_bot/FARTCOIN: 5 trades, 80% win rate, avg P&L 6.5%
  [2026-03-19 19:00:01]   dynamic_hft_bot/SOL: 7 trades, 29% win rate, avg P&L -0.8%
  [2026-03-19 19:00:01]   dynamic_hft_bot/SUI: 5 trades, 100% win rate, avg P&L 8.8%
  [2026-03-19 19:00:01]   dynamic_hft_bot/WAR: 12 trades, 33% win rate, avg P&L 12.5%
  [2026-03-19 19:00:01] TUNED dynamic_hft_bot/WAR: {'min_confidence': 0.65, 'volatility_threshold': 0.045, 'profit_target': 0.085, 'stop_loss': 0.037, 'learning_enabled': True}
  [2026-03-19 19:00:01]   dynamic_hft_bot/XPL: 10 trades, 0% win rate, avg P&L -9.3%

  [Protection]
  All eligible positions protected

  [Summary]
  Bots running: 10/10

============================================================


============================================================
  BOT MONITOR — 2026-03-19 19:30:01
============================================================

  [Health Check]
  All bots running

  [Learning]
  [2026-03-19 19:30:01]   dynamic_hft_bot/DOT: 9 trades, 11% win rate, avg P&L -3.6%
  [2026-03-19 19:30:01]   dynamic_hft_bot/FARTCOIN: 5 trades, 80% win rate, avg P&L 6.5%
  [2026-03-19 19:30:01]   dynamic_hft_bot/SOL: 7 trades, 29% win rate, avg P&L -0.8%
  [2026-03-19 19:30:01]   dynamic_hft_bot/SUI: 5 trades, 100% win rate, avg P&L 8.8%
  [2026-03-19 19:30:01]   dynamic_hft_bot/WAR: 12 trades, 33% win rate, avg P&L 12.5%
  [2026-03-19 19:30:01] TUNED dynamic_hft_bot/WAR: {'min_confidence': 0.65, 'volatility_threshold': 0.045, 'profit_target': 0.085, 'stop_loss': 0.037, 'learning_enabled': True}
  [2026-03-19 19:30:01]   dynamic_hft_bot/XPL: 10 trades, 0% win rate, avg P&L -9.3%

  [Protection]
  [2026-03-19 19:30:02] MIGRATE: HYPEUSD OTO bracket → standalone SL @ $38.7800
  ✅ Cancelled: O7ATP6-RFMVZ-ETAOF6
  ✅ Order placed: {'txid': ['OIMX4I-Y6KAD-VCKRWM'], 'descr': {'order': 'sell 0.20000 HYPEUSD @ stop loss 38.78'}}
  [2026-03-19 19:30:03]   MIGRATED HYPEUSD: standalone SL @ $38.7800
  [2026-03-19 19:30:03] MIGRATE: XDGUSD OTO bracket → standalone SL @ $0.0858
  ✅ Cancelled: O27YZ2-P3U7R-WRV6HE
  ✅ Order placed: {'txid': ['OBGZBI-CKY3O-664QGS'], 'descr': {'order': 'sell 13.00 XDGUSD @ stop loss 0.0857553'}}
  [2026-03-19 19:30:05]   MIGRATED XDGUSD: standalone SL @ $0.0858

  [Summary]
  Bots running: 10/10

============================================================


============================================================
  BOT MONITOR — 2026-03-19 20:00:01
============================================================

  [Health Check]
  All bots running

  [Learning]
  [2026-03-19 20:00:01]   dynamic_hft_bot/DOT: 9 trades, 11% win rate, avg P&L -3.6%
  [2026-03-19 20:00:01]   dynamic_hft_bot/FARTCOIN: 5 trades, 80% win rate, avg P&L 6.5%
  [2026-03-19 20:00:01]   dynamic_hft_bot/SOL: 7 trades, 29% win rate, avg P&L -0.8%
  [2026-03-19 20:00:01]   dynamic_hft_bot/SUI: 5 trades, 100% win rate, avg P&L 8.8%
  [2026-03-19 20:00:01]   dynamic_hft_bot/WAR: 12 trades, 33% win rate, avg P&L 12.5%
  [2026-03-19 20:00:01] TUNED dynamic_hft_bot/WAR: {'min_confidence': 0.65, 'volatility_threshold': 0.045, 'profit_target': 0.085, 'stop_loss': 0.037, 'learning_enabled': True}
  [2026-03-19 20:00:01]   dynamic_hft_bot/XPL: 10 trades, 0% win rate, avg P&L -9.3%

  [Protection]
  All eligible positions protected

  [Summary]
  Bots running: 10/10

============================================================


============================================================
  BOT MONITOR — 2026-03-19 20:30:01
============================================================

  [Health Check]
  All bots running

  [Learning]
  [2026-03-19 20:30:01]   dynamic_hft_bot/DOT: 9 trades, 11% win rate, avg P&L -3.6%
  [2026-03-19 20:30:01]   dynamic_hft_bot/FARTCOIN: 5 trades, 80% win rate, avg P&L 6.5%
  [2026-03-19 20:30:01]   dynamic_hft_bot/SOL: 7 trades, 29% win rate, avg P&L -0.8%
  [2026-03-19 20:30:01]   dynamic_hft_bot/SUI: 5 trades, 100% win rate, avg P&L 8.8%
  [2026-03-19 20:30:01]   dynamic_hft_bot/WAR: 12 trades, 33% win rate, avg P&L 12.5%
  [2026-03-19 20:30:01] TUNED dynamic_hft_bot/WAR: {'min_confidence': 0.65, 'volatility_threshold': 0.045, 'profit_target': 0.085, 'stop_loss': 0.037, 'learning_enabled': True}
  [2026-03-19 20:30:01]   dynamic_hft_bot/XPL: 10 trades, 0% win rate, avg P&L -9.3%

  [Protection]
  All eligible positions protected

  [Summary]
  Bots running: 10/10

============================================================


============================================================
  BOT MONITOR — 2026-03-19 21:00:01
============================================================

  [Health Check]
  All bots running

  [Learning]
  [2026-03-19 21:00:01]   dynamic_hft_bot/DOT: 9 trades, 11% win rate, avg P&L -3.6%
  [2026-03-19 21:00:01]   dynamic_hft_bot/FARTCOIN: 5 trades, 80% win rate, avg P&L 6.5%
  [2026-03-19 21:00:01]   dynamic_hft_bot/SOL: 7 trades, 29% win rate, avg P&L -0.8%
  [2026-03-19 21:00:01]   dynamic_hft_bot/SUI: 5 trades, 100% win rate, avg P&L 8.8%
  [2026-03-19 21:00:01]   dynamic_hft_bot/WAR: 12 trades, 33% win rate, avg P&L 12.5%
  [2026-03-19 21:00:01] TUNED dynamic_hft_bot/WAR: {'min_confidence': 0.65, 'volatility_threshold': 0.045, 'profit_target': 0.085, 'stop_loss': 0.037, 'learning_enabled': True}
  [2026-03-19 21:00:01]   dynamic_hft_bot/XPL: 10 trades, 0% win rate, avg P&L -9.3%

  [Protection]
  All eligible positions protected

  [Summary]
  Bots running: 10/10

============================================================

