  Learning: 0 closed trades | win rate 0.0% | avg P&L +0.00%
  Learning status: need 12 closed trades, have 0
  Position detected but no open trade row found — entry was not logged
============================================================
  🪙 Crypto SOL Swing Trading Bot 🟢 LIVE 🤖 AUTO
  Pair: SOLUSD
  Risk per trade: 2.0%
  Min risk/reward: 2.0:1
  Profit target: 8.0%
  Stop loss: 4.0%
  RSI thresholds: 30/80
============================================================

[00:50:26] Cycle 1
  💰 Current Price: $84.73
  🎯 Signal: HOLD (confidence: 0.03)
  📝 Reason: 5m: MACD bearish; 15m: MACD bearish; 1h: RSI oversold (26.0); 1h: MACD bearish

[00:50:57] Cycle 2
  💰 Current Price: $84.75
  🎯 Signal: HOLD (confidence: 0.03)
  📝 Reason: 5m: MACD bearish; 15m: MACD bearish; 1h: RSI oversold (26.3); 1h: MACD bearish

[00:51:28] Cycle 3
  💰 Current Price: $84.75
  🎯 Signal: HOLD (confidence: 0.03)
  📝 Reason: 5m: MACD bearish; 15m: MACD bearish; 1h: RSI oversold (26.3); 1h: MACD bearish

[00:51:59] Cycle 4
  💰 Current Price: $84.76
  🎯 Signal: HOLD (confidence: 0.03)
  📝 Reason: 5m: MACD bearish; 15m: MACD bearish; 1h: RSI oversold (26.4); 1h: MACD bearish

[00:52:30] Cycle 5
  💰 Current Price: $84.75
  🎯 Signal: HOLD (confidence: 0.03)
  📝 Reason: 5m: MACD bearish; 15m: MACD bearish; 1h: RSI oversold (26.2); 1h: MACD bearish

[00:53:01] Cycle 6
  💰 Current Price: $84.73
  🎯 Signal: HOLD (confidence: 0.03)
  📝 Reason: 5m: MACD bearish; 15m: MACD bearish; 1h: RSI oversold (26.0); 1h: MACD bearish

[00:53:31] Cycle 7
  💰 Current Price: $84.75
  🎯 Signal: HOLD (confidence: 0.03)
  📝 Reason: 5m: MACD bearish; 15m: MACD bearish; 1h: RSI oversold (26.3); 1h: MACD bearish

[00:54:02] Cycle 8
  💰 Current Price: $84.75
  🎯 Signal: HOLD (confidence: 0.03)
  📝 Reason: 5m: MACD bearish; 15m: MACD bearish; 1h: RSI oversold (26.3); 1h: MACD bearish

[00:54:32] Cycle 9
  💰 Current Price: $84.78
  🎯 Signal: HOLD (confidence: 0.03)
  📝 Reason: 5m: MACD bearish; 15m: MACD bearish; 1h: RSI oversold (26.6); 1h: MACD bearish

[00:55:03] Cycle 10
  💰 Current Price: $84.78
  🎯 Signal: HOLD (confidence: 0.03)
  📝 Reason: 5m: MACD bearish; 15m: MACD bearish; 1h: RSI oversold (26.9); 1h: MACD bearish

[00:55:34] Cycle 11
  💰 Current Price: $84.79
  🎯 Signal: HOLD (confidence: 0.03)
  📝 Reason: 5m: MACD bearish; 15m: MACD bearish; 1h: RSI oversold (26.8); 1h: MACD bearish

[00:56:05] Cycle 12
  💰 Current Price: $84.77
  🎯 Signal: HOLD (confidence: 0.03)
  📝 Reason: 5m: MACD bearish; 15m: MACD bearish; 1h: RSI oversold (26.5); 1h: MACD bearish

[00:56:36] Cycle 13
  💰 Current Price: $84.79
  🎯 Signal: HOLD (confidence: 0.03)
  📝 Reason: 5m: MACD bearish; 15m: MACD bearish; 1h: RSI oversold (26.8); 1h: MACD bearish

[00:57:07] Cycle 14
  💰 Current Price: $84.78
  🎯 Signal: HOLD (confidence: 0.03)
  📝 Reason: 5m: MACD bearish; 15m: MACD bearish; 1h: RSI oversold (26.6); 1h: MACD bearish

[00:57:37] Cycle 15
  💰 Current Price: $84.75
  🎯 Signal: HOLD (confidence: 0.03)
  📝 Reason: 5m: MACD bearish; 15m: MACD bearish; 1h: RSI oversold (26.3); 1h: MACD bearish

[00:58:08] Cycle 16
  💰 Current Price: $84.75
  🎯 Signal: HOLD (confidence: 0.03)
  📝 Reason: 5m: MACD bearish; 15m: MACD bearish; 1h: RSI oversold (26.3); 1h: MACD bearish

[00:58:39] Cycle 17
  💰 Current Price: $84.76
  🎯 Signal: HOLD (confidence: 0.03)
  📝 Reason: 5m: MACD bearish; 15m: MACD bearish; 1h: RSI oversold (26.4); 1h: MACD bearish

[00:59:09] Cycle 18
  💰 Current Price: $84.79
  🎯 Signal: HOLD (confidence: 0.03)
  📝 Reason: 5m: MACD bearish; 15m: MACD bearish; 1h: RSI oversold (26.8); 1h: MACD bearish

[00:59:40] Cycle 19
  💰 Current Price: $84.78
  🎯 Signal: HOLD (confidence: 0.03)
  📝 Reason: 5m: MACD bearish; 15m: MACD bearish; 1h: RSI oversold (26.6); 1h: MACD bearish

[01:00:11] Cycle 20
  💰 Current Price: $84.76
  🎯 Signal: HOLD (confidence: 0.03)
  📝 Reason: 5m: MACD bearish; 15m: MACD bearish; 1h: RSI oversold (28.6); 1h: MACD bearish

[01:00:42] Cycle 21
  💰 Current Price: $84.76
  🎯 Signal: HOLD (confidence: 0.03)
  📝 Reason: 5m: MACD bearish; 15m: MACD bearish; 1h: RSI oversold (28.6); 1h: MACD bearish

[01:01:13] Cycle 22
  💰 Current Price: $84.78
  🎯 Signal: HOLD (confidence: 0.03)
  📝 Reason: 5m: MACD bearish; 15m: MACD bearish; 1h: RSI oversold (28.7); 1h: MACD bearish

[01:01:44] Cycle 23
  💰 Current Price: $84.78
  🎯 Signal: HOLD (confidence: 0.03)
  📝 Reason: 5m: MACD bearish; 15m: MACD bearish; 1h: RSI oversold (28.7); 1h: MACD bearish

[01:02:15] Cycle 24
  💰 Current Price: $84.80
  🎯 Signal: HOLD (confidence: 0.03)
  📝 Reason: 5m: MACD bearish; 15m: MACD bearish; 1h: RSI oversold (28.9); 1h: MACD bearish

[01:02:46] Cycle 25
  💰 Current Price: $84.87
  🎯 Signal: HOLD (confidence: 0.03)
  📝 Reason: 5m: MACD bearish; 15m: MACD bearish; 1h: RSI oversold (29.8); 1h: MACD bearish

[01:03:17] Cycle 26
  💰 Current Price: $84.85
  🎯 Signal: HOLD (confidence: 0.03)
  📝 Reason: 5m: MACD bearish; 15m: MACD bearish; 1h: RSI oversold (29.5); 1h: MACD bearish

[01:03:47] Cycle 27
  💰 Current Price: $84.84
  🎯 Signal: HOLD (confidence: 0.03)
  📝 Reason: 5m: MACD bearish; 15m: MACD bearish; 1h: RSI oversold (29.4); 1h: MACD bearish

[01:04:18] Cycle 28
  💰 Current Price: $84.84
  🎯 Signal: HOLD (confidence: 0.03)
  📝 Reason: 5m: MACD bearish; 15m: MACD bearish; 1h: RSI oversold (29.4); 1h: MACD bearish

[01:04:49] Cycle 29
  💰 Current Price: $84.86
  🎯 Signal: HOLD (confidence: 0.03)
  📝 Reason: 5m: MACD bearish; 15m: MACD bearish; 1h: RSI oversold (29.7); 1h: MACD bearish

[01:05:20] Cycle 30
  💰 Current Price: $84.86
  🎯 Signal: HOLD (confidence: 0.12)
  📝 Reason: 5m: MACD bullish; 15m: MACD bearish; 1h: RSI oversold (29.4); 1h: MACD bearish

[01:05:51] Cycle 31
  💰 Current Price: $84.83
  🎯 Signal: HOLD (confidence: 0.12)
  📝 Reason: 5m: MACD bullish; 15m: MACD bearish; 1h: RSI oversold (29.3); 1h: MACD bearish

[01:06:21] Cycle 32
  💰 Current Price: $84.77
  🎯 Signal: HOLD (confidence: 0.03)
  📝 Reason: 5m: MACD bearish; 15m: MACD bearish; 1h: RSI oversold (28.6); 1h: MACD bearish

[01:06:52] Cycle 33
  💰 Current Price: $84.77
  🎯 Signal: HOLD (confidence: 0.03)
  📝 Reason: 5m: MACD bearish; 15m: MACD bearish; 1h: RSI oversold (28.6); 1h: MACD bearish

[01:07:23] Cycle 34
  💰 Current Price: $84.77
  🎯 Signal: HOLD (confidence: 0.03)
  📝 Reason: 5m: MACD bearish; 15m: MACD bearish; 1h: RSI oversold (28.6); 1h: MACD bearish

[01:07:54] Cycle 35
  💰 Current Price: $84.77
  🎯 Signal: HOLD (confidence: 0.03)
  📝 Reason: 5m: MACD bearish; 15m: MACD bearish; 1h: RSI oversold (28.6); 1h: MACD bearish

[01:08:25] Cycle 36
  💰 Current Price: $84.78
  🎯 Signal: HOLD (confidence: 0.03)
  📝 Reason: 5m: MACD bearish; 15m: MACD bearish; 1h: RSI oversold (28.7); 1h: MACD bearish

[01:08:56] Cycle 37
  💰 Current Price: $84.77
  🎯 Signal: HOLD (confidence: 0.03)
  📝 Reason: 5m: MACD bearish; 15m: MACD bearish; 1h: RSI oversold (28.6); 1h: MACD bearish

[01:09:27] Cycle 38
  💰 Current Price: $84.78
  🎯 Signal: HOLD (confidence: 0.03)
  📝 Reason: 5m: MACD bearish; 15m: MACD bearish; 1h: RSI oversold (28.7); 1h: MACD bearish

[01:09:58] Cycle 39
  💰 Current Price: $84.79
  🎯 Signal: HOLD (confidence: 0.03)
  📝 Reason: 5m: MACD bearish; 15m: MACD bearish; 1h: RSI oversold (28.8); 1h: MACD bearish

[01:10:29] Cycle 40
  💰 Current Price: $84.82
  🎯 Signal: HOLD (confidence: 0.12)
  📝 Reason: 5m: MACD bullish; 15m: MACD bearish; 1h: RSI oversold (29.2); 1h: MACD bearish

[01:11:00] Cycle 41
  💰 Current Price: $84.83
  🎯 Signal: HOLD (confidence: 0.12)
  📝 Reason: 5m: MACD bullish; 15m: MACD bearish; 1h: RSI oversold (29.3); 1h: MACD bearish

[01:11:31] Cycle 42
  💰 Current Price: $84.78
  🎯 Signal: HOLD (confidence: 0.03)
  📝 Reason: 5m: MACD bearish; 15m: MACD bearish; 1h: RSI oversold (28.7); 1h: MACD bearish

[01:12:02] Cycle 43
  Learning: 0 closed trades | win rate 0.0% | avg P&L +0.00%
  Learning status: need 12 closed trades, have 0
  Position detected but no open trade row found — entry was not logged
============================================================
  🪙 Crypto SOL Swing Trading Bot 🟢 LIVE 🤖 AUTO
  Pair: SOLUSD
  Risk per trade: 2.0%
  Min risk/reward: 2.0:1
  Profit target: 8.0%
  Stop loss: 4.0%
  RSI thresholds: 30/80
============================================================

[00:53:09] Cycle 1
  💰 Current Price: $84.74
  🎯 Signal: HOLD (confidence: 0.03)
  📝 Reason: 5m: MACD bearish; 15m: MACD bearish; 1h: RSI oversold (26.2); 1h: MACD bearish

[00:53:40] Cycle 2
  💰 Current Price: $84.75
  🎯 Signal: HOLD (confidence: 0.03)
  📝 Reason: 5m: MACD bearish; 15m: MACD bearish; 1h: RSI oversold (26.3); 1h: MACD bearish

[00:54:11] Cycle 3
  💰 Current Price: $84.75
  🎯 Signal: HOLD (confidence: 0.03)
  📝 Reason: 5m: MACD bearish; 15m: MACD bearish; 1h: RSI oversold (26.3); 1h: MACD bearish

[00:54:42] Cycle 4
  💰 Current Price: $84.78
  🎯 Signal: HOLD (confidence: 0.03)
  📝 Reason: 5m: MACD bearish; 15m: MACD bearish; 1h: RSI oversold (26.6); 1h: MACD bearish

[00:55:12] Cycle 5
  💰 Current Price: $84.80
  🎯 Signal: HOLD (confidence: 0.03)
  📝 Reason: 5m: MACD bearish; 15m: MACD bearish; 1h: RSI oversold (26.9); 1h: MACD bearish

[00:55:43] Cycle 6
  💰 Current Price: $84.76
  🎯 Signal: HOLD (confidence: 0.03)
  📝 Reason: 5m: MACD bearish; 15m: MACD bearish; 1h: RSI oversold (26.4); 1h: MACD bearish

[00:56:14] Cycle 7
  💰 Current Price: $84.77
  🎯 Signal: HOLD (confidence: 0.03)
  📝 Reason: 5m: MACD bearish; 15m: MACD bearish; 1h: RSI oversold (26.5); 1h: MACD bearish

[00:56:45] Cycle 8
  💰 Current Price: $84.78
  🎯 Signal: HOLD (confidence: 0.03)
  📝 Reason: 5m: MACD bearish; 15m: MACD bearish; 1h: RSI oversold (26.6); 1h: MACD bearish

[00:57:16] Cycle 9
  💰 Current Price: $84.76
  🎯 Signal: HOLD (confidence: 0.03)
  📝 Reason: 5m: MACD bearish; 15m: MACD bearish; 1h: RSI oversold (26.4); 1h: MACD bearish

[00:57:47] Cycle 10
  💰 Current Price: $84.75
  🎯 Signal: HOLD (confidence: 0.03)
  📝 Reason: 5m: MACD bearish; 15m: MACD bearish; 1h: RSI oversold (26.3); 1h: MACD bearish

[00:58:17] Cycle 11
  💰 Current Price: $84.75
  🎯 Signal: HOLD (confidence: 0.03)
  📝 Reason: 5m: MACD bearish; 15m: MACD bearish; 1h: RSI oversold (26.3); 1h: MACD bearish

[00:58:48] Cycle 12
  💰 Current Price: $84.76
  🎯 Signal: HOLD (confidence: 0.03)
  📝 Reason: 5m: MACD bearish; 15m: MACD bearish; 1h: RSI oversold (26.4); 1h: MACD bearish

[00:59:19] Cycle 13
  💰 Current Price: $84.78
  🎯 Signal: HOLD (confidence: 0.03)
  📝 Reason: 5m: MACD bearish; 15m: MACD bearish; 1h: RSI oversold (26.6); 1h: MACD bearish

[00:59:50] Cycle 14
  💰 Current Price: $84.78
  🎯 Signal: HOLD (confidence: 0.03)
  📝 Reason: 5m: MACD bearish; 15m: MACD bearish; 1h: RSI oversold (26.6); 1h: MACD bearish

[01:00:21] Cycle 15
  💰 Current Price: $84.76
  🎯 Signal: HOLD (confidence: 0.03)
  📝 Reason: 5m: MACD bearish; 15m: MACD bearish; 1h: RSI oversold (28.6); 1h: MACD bearish

[01:00:51] Cycle 16
  💰 Current Price: $84.76
  🎯 Signal: HOLD (confidence: 0.03)
  📝 Reason: 5m: MACD bearish; 15m: MACD bearish; 1h: RSI oversold (28.6); 1h: MACD bearish

[01:01:22] Cycle 17
  💰 Current Price: $84.78
  🎯 Signal: HOLD (confidence: 0.03)
  📝 Reason: 5m: MACD bearish; 15m: MACD bearish; 1h: RSI oversold (28.7); 1h: MACD bearish

[01:01:53] Cycle 18
  💰 Current Price: $84.80
  🎯 Signal: HOLD (confidence: 0.03)
  📝 Reason: 5m: MACD bearish; 15m: MACD bearish; 1h: RSI oversold (28.9); 1h: MACD bearish

[01:02:24] Cycle 19
  💰 Current Price: $84.87
  🎯 Signal: HOLD (confidence: 0.03)
  📝 Reason: 5m: MACD bearish; 15m: MACD bearish; 1h: RSI oversold (29.8); 1h: MACD bearish

[01:02:55] Cycle 20
  💰 Current Price: $84.87
  🎯 Signal: HOLD (confidence: 0.03)
  📝 Reason: 5m: MACD bearish; 15m: MACD bearish; 1h: RSI oversold (29.8); 1h: MACD bearish

[01:03:26] Cycle 21
  💰 Current Price: $84.85
  🎯 Signal: HOLD (confidence: 0.03)
  📝 Reason: 5m: MACD bearish; 15m: MACD bearish; 1h: RSI oversold (29.5); 1h: MACD bearish

[01:03:57] Cycle 22
  💰 Current Price: $84.84
  🎯 Signal: HOLD (confidence: 0.03)
  📝 Reason: 5m: MACD bearish; 15m: MACD bearish; 1h: RSI oversold (29.4); 1h: MACD bearish

[01:04:27] Cycle 23
  💰 Current Price: $84.86
  🎯 Signal: HOLD (confidence: 0.03)
  📝 Reason: 5m: MACD bearish; 15m: MACD bearish; 1h: RSI oversold (29.7); 1h: MACD bearish

[01:04:58] Cycle 24
  💰 Current Price: $84.86
  🎯 Signal: HOLD (confidence: 0.03)
  📝 Reason: 5m: MACD bearish; 15m: MACD bearish; 1h: RSI oversold (29.7); 1h: MACD bearish

[01:05:29] Cycle 25
  💰 Current Price: $84.82
  🎯 Signal: HOLD (confidence: 0.03)
  📝 Reason: 5m: MACD bearish; 15m: MACD bearish; 1h: RSI oversold (29.2); 1h: MACD bearish

[01:05:59] Cycle 26
  💰 Current Price: $84.83
  🎯 Signal: HOLD (confidence: 0.12)
  📝 Reason: 5m: MACD bullish; 15m: MACD bearish; 1h: RSI oversold (29.3); 1h: MACD bearish

[01:06:30] Cycle 27
  💰 Current Price: $84.77
  🎯 Signal: HOLD (confidence: 0.03)
  📝 Reason: 5m: MACD bearish; 15m: MACD bearish; 1h: RSI oversold (28.6); 1h: MACD bearish

[01:07:01] Cycle 28
  💰 Current Price: $84.77
  🎯 Signal: HOLD (confidence: 0.03)
  📝 Reason: 5m: MACD bearish; 15m: MACD bearish; 1h: RSI oversold (28.6); 1h: MACD bearish

[01:07:32] Cycle 29
  💰 Current Price: $84.77
  🎯 Signal: HOLD (confidence: 0.03)
  📝 Reason: 5m: MACD bearish; 15m: MACD bearish; 1h: RSI oversold (28.6); 1h: MACD bearish

[01:08:03] Cycle 30
  💰 Current Price: $84.76
  🎯 Signal: HOLD (confidence: 0.03)
  📝 Reason: 5m: MACD bearish; 15m: MACD bearish; 1h: RSI oversold (28.6); 1h: MACD bearish

[01:08:34] Cycle 31
  💰 Current Price: $84.78
  🎯 Signal: HOLD (confidence: 0.03)
  📝 Reason: 5m: MACD bearish; 15m: MACD bearish; 1h: RSI oversold (28.7); 1h: MACD bearish

[01:09:05] Cycle 32
  💰 Current Price: $84.77
  🎯 Signal: HOLD (confidence: 0.03)
  📝 Reason: 5m: MACD bearish; 15m: MACD bearish; 1h: RSI oversold (28.7); 1h: MACD bearish

[01:09:36] Cycle 33
  💰 Current Price: $84.78
  🎯 Signal: HOLD (confidence: 0.03)
  📝 Reason: 5m: MACD bearish; 15m: MACD bearish; 1h: RSI oversold (28.7); 1h: MACD bearish

[01:10:06] Cycle 34
  💰 Current Price: $84.81
  🎯 Signal: HOLD (confidence: 0.12)
  📝 Reason: 5m: MACD bullish; 15m: MACD bearish; 1h: RSI oversold (29.1); 1h: MACD bearish

[01:10:37] Cycle 35
  💰 Current Price: $84.83
  🎯 Signal: HOLD (confidence: 0.12)
  📝 Reason: 5m: MACD bullish; 15m: MACD bearish; 1h: RSI oversold (29.3); 1h: MACD bearish

[01:11:08] Cycle 36
  💰 Current Price: $84.82
  🎯 Signal: HOLD (confidence: 0.12)
  📝 Reason: 5m: MACD bullish; 15m: MACD bearish; 1h: RSI oversold (29.2); 1h: MACD bearish

[01:11:39] Cycle 37
  💰 Current Price: $84.78
  🎯 Signal: HOLD (confidence: 0.03)
  📝 Reason: 5m: MACD bearish; 15m: MACD bearish; 1h: RSI oversold (28.7); 1h: MACD bearish

[01:12:10] Cycle 38
  💰 Current Price: $84.74
  🎯 Signal: HOLD (confidence: 0.03)
  📝 Reason: 5m: MACD bearish; 15m: MACD bearish; 1h: RSI oversold (28.5); 1h: MACD bearish

[01:12:41] Cycle 39
  💰 Current Price: $84.72
  🎯 Signal: HOLD (confidence: 0.03)
  📝 Reason: 5m: MACD bearish; 15m: MACD bearish; 1h: RSI oversold (28.4); 1h: MACD bearish

[01:13:12] Cycle 40
  💰 Current Price: $84.74
  🎯 Signal: HOLD (confidence: 0.03)
  📝 Reason: 5m: MACD bearish; 15m: MACD bearish; 1h: RSI oversold (28.3); 1h: MACD bearish

[01:13:43] Cycle 41
  💰 Current Price: $84.71
  🎯 Signal: HOLD (confidence: 0.03)
  📝 Reason: 5m: MACD bearish; 15m: MACD bearish; 1h: RSI oversold (28.3); 1h: MACD bearish

[01:14:14] Cycle 42
  💰 Current Price: $84.66
  🎯 Signal: HOLD (confidence: 0.03)
  📝 Reason: 5m: MACD bearish; 15m: MACD bearish; 1h: RSI oversold (28.1); 1h: MACD bearish

[01:14:44] Cycle 43
  💰 Current Price: $84.77
  🎯 Signal: HOLD (confidence: 0.03)
  📝 Reason: 5m: MACD bearish; 15m: MACD bearish; 1h: RSI oversold (28.6); 1h: MACD bearish

[01:12:32] Cycle 44
  💰 Current Price: $84.72
  🎯 Signal: HOLD (confidence: 0.03)
  📝 Reason: 5m: MACD bearish; 15m: MACD bearish; 1h: RSI oversold (28.4); 1h: MACD bearish

[01:13:03] Cycle 45
  💰 Current Price: $84.75
  🎯 Signal: HOLD (confidence: 0.03)
  📝 Reason: 5m: MACD bearish; 15m: MACD bearish; 1h: RSI oversold (28.5); 1h: MACD bearish

[01:13:34] Cycle 46
  💰 Current Price: $84.71
  🎯 Signal: HOLD (confidence: 0.03)
  📝 Reason: 5m: MACD bearish; 15m: MACD bearish; 1h: RSI oversold (28.4); 1h: MACD bearish

[01:14:05] Cycle 47
  💰 Current Price: $84.67
  🎯 Signal: HOLD (confidence: 0.03)
  📝 Reason: 5m: MACD bearish; 15m: MACD bearish; 1h: RSI oversold (28.2); 1h: MACD bearish

[01:14:36] Cycle 48
  💰 Current Price: $84.66
  🎯 Signal: HOLD (confidence: 0.03)
  📝 Reason: 5m: MACD bearish; 15m: MACD bearish; 1h: RSI oversold (28.1); 1h: MACD bearish

[01:15:07] Cycle 49
  💰 Current Price: $84.77
  🎯 Signal: HOLD (confidence: 0.03)
  📝 Reason: 5m: MACD bearish; 15m: MACD bearish; 1h: RSI oversold (28.6); 1h: MACD bearish

[01:15:38] Cycle 50
  💰 Current Price: $84.77
  🎯 Signal: HOLD (confidence: 0.03)
  📝 Reason: 5m: MACD bearish; 15m: MACD bearish; 1h: RSI oversold (28.6); 1h: MACD bearish

[01:16:08] Cycle 51
  💰 Current Price: $84.72
  🎯 Signal: HOLD (confidence: 0.03)
  📝 Reason: 5m: MACD bearish; 15m: MACD bearish; 1h: RSI oversold (28.4); 1h: MACD bearish

[01:16:39] Cycle 52
  💰 Current Price: $84.72
  🎯 Signal: HOLD (confidence: 0.03)
  📝 Reason: 5m: MACD bearish; 15m: MACD bearish; 1h: RSI oversold (28.4); 1h: MACD bearish

[01:17:10] Cycle 53
  💰 Current Price: $84.71
  🎯 Signal: HOLD (confidence: 0.03)
  📝 Reason: 5m: MACD bearish; 15m: MACD bearish; 1h: RSI oversold (28.4); 1h: MACD bearish

[01:17:41] Cycle 54
  💰 Current Price: $84.72
  🎯 Signal: HOLD (confidence: 0.03)
  📝 Reason: 5m: MACD bearish; 15m: MACD bearish; 1h: RSI oversold (28.4); 1h: MACD bearish

[01:18:12] Cycle 55
  💰 Current Price: $84.75
  🎯 Signal: HOLD (confidence: 0.03)
  📝 Reason: 5m: MACD bearish; 15m: MACD bearish; 1h: RSI oversold (28.5); 1h: MACD bearish

[01:18:43] Cycle 56
  💰 Current Price: $84.75
  🎯 Signal: HOLD (confidence: 0.03)
  📝 Reason: 5m: MACD bearish; 15m: MACD bearish; 1h: RSI oversold (28.5); 1h: MACD bearish

[01:19:14] Cycle 57
  💰 Current Price: $84.74
  🎯 Signal: HOLD (confidence: 0.03)
  📝 Reason: 5m: MACD bearish; 15m: MACD bearish; 1h: RSI oversold (28.5); 1h: MACD bearish

[01:19:45] Cycle 58
  💰 Current Price: $84.74
  🎯 Signal: HOLD (confidence: 0.03)
  📝 Reason: 5m: MACD bearish; 15m: MACD bearish; 1h: RSI oversold (28.5); 1h: MACD bearish

[01:20:16] Cycle 59
  💰 Current Price: $84.75
  🎯 Signal: HOLD (confidence: 0.03)
  📝 Reason: 5m: MACD bearish; 15m: MACD bearish; 1h: RSI oversold (28.5); 1h: MACD bearish

[01:20:47] Cycle 60
  💰 Current Price: $84.72
  🎯 Signal: HOLD (confidence: 0.03)
  📝 Reason: 5m: MACD bearish; 15m: MACD bearish; 1h: RSI oversold (28.5); 1h: MACD bearish

[01:21:18] Cycle 61
  💰 Current Price: $84.75
  🎯 Signal: HOLD (confidence: 0.03)
  📝 Reason: 5m: MACD bearish; 15m: MACD bearish; 1h: RSI oversold (28.5); 1h: MACD bearish

[01:21:49] Cycle 62
  💰 Current Price: $84.75
  🎯 Signal: HOLD (confidence: 0.03)
  📝 Reason: 5m: MACD bearish; 15m: MACD bearish; 1h: RSI oversold (28.5); 1h: MACD bearish

[01:22:19] Cycle 63
  💰 Current Price: $84.75
  🎯 Signal: HOLD (confidence: 0.03)
  📝 Reason: 5m: MACD bearish; 15m: MACD bearish; 1h: RSI oversold (28.5); 1h: MACD bearish

[01:22:50] Cycle 64
  💰 Current Price: $84.70
  🎯 Signal: HOLD (confidence: 0.03)
  📝 Reason: 5m: MACD bearish; 15m: MACD bearish; 1h: RSI oversold (28.3); 1h: MACD bearish

[01:23:21] Cycle 65
  💰 Current Price: $84.70
  🎯 Signal: HOLD (confidence: 0.03)
  📝 Reason: 5m: MACD bearish; 15m: MACD bearish; 1h: RSI oversold (28.3); 1h: MACD bearish

[01:23:52] Cycle 66
  💰 Current Price: $84.64
  🎯 Signal: HOLD (confidence: 0.03)
  📝 Reason: 5m: MACD bearish; 15m: MACD bearish; 1h: RSI oversold (28.0); 1h: MACD bearish

[01:24:23] Cycle 67
  💰 Current Price: $84.64
  🎯 Signal: HOLD (confidence: 0.03)
  📝 Reason: 5m: MACD bearish; 15m: MACD bearish; 1h: RSI oversold (28.0); 1h: MACD bearish

[01:24:54] Cycle 68
  💰 Current Price: $84.65
  🎯 Signal: HOLD (confidence: 0.03)
  📝 Reason: 5m: MACD bearish; 15m: MACD bearish; 1h: RSI oversold (28.0); 1h: MACD bearish

[01:25:25] Cycle 69
  💰 Current Price: $84.63
  🎯 Signal: HOLD (confidence: 0.03)
  📝 Reason: 5m: MACD bearish; 15m: MACD bearish; 1h: RSI oversold (27.9); 1h: MACD bearish

[01:25:56] Cycle 70
  💰 Current Price: $84.61
  🎯 Signal: HOLD (confidence: 0.03)
  📝 Reason: 5m: MACD bearish; 15m: MACD bearish; 1h: RSI oversold (27.9); 1h: MACD bearish

[01:26:27] Cycle 71
  💰 Current Price: $84.61
  🎯 Signal: HOLD (confidence: 0.03)
  📝 Reason: 5m: MACD bearish; 15m: MACD bearish; 1h: RSI oversold (27.9); 1h: MACD bearish

[01:26:58] Cycle 72
  💰 Current Price: $84.64
  🎯 Signal: HOLD (confidence: 0.03)
  📝 Reason: 5m: MACD bearish; 15m: MACD bearish; 1h: RSI oversold (28.0); 1h: MACD bearish

[01:27:29] Cycle 73
  💰 Current Price: $84.64
  🎯 Signal: HOLD (confidence: 0.03)
  📝 Reason: 5m: MACD bearish; 15m: MACD bearish; 1h: RSI oversold (28.0); 1h: MACD bearish

[01:28:00] Cycle 74
  💰 Current Price: $84.62
  🎯 Signal: HOLD (confidence: 0.03)
  📝 Reason: 5m: MACD bearish; 15m: MACD bearish; 1h: RSI oversold (27.9); 1h: MACD bearish

[01:28:30] Cycle 75
  💰 Current Price: $84.64
  🎯 Signal: HOLD (confidence: 0.03)
  📝 Reason: 5m: MACD bearish; 15m: MACD bearish; 1h: RSI oversold (28.0); 1h: MACD bearish

[01:29:02] Cycle 76
  💰 Current Price: $84.64
  🎯 Signal: HOLD (confidence: 0.03)
  📝 Reason: 5m: MACD bearish; 15m: MACD bearish; 1h: RSI oversold (28.0); 1h: MACD bearish

[01:29:33] Cycle 77
  💰 Current Price: $84.65
  🎯 Signal: HOLD (confidence: 0.03)
  📝 Reason: 5m: MACD bearish; 15m: MACD bearish; 1h: RSI oversold (28.1); 1h: MACD bearish

[01:30:04] Cycle 78
  💰 Current Price: $84.66
  🎯 Signal: HOLD (confidence: 0.03)
  📝 Reason: 5m: MACD bearish; 15m: MACD bearish; 1h: RSI oversold (28.2); 1h: MACD bearish

[01:30:35] Cycle 79
  💰 Current Price: $84.67
  🎯 Signal: HOLD (confidence: 0.03)
  📝 Reason: 5m: MACD bearish; 15m: MACD bearish; 1h: RSI oversold (28.2); 1h: MACD bearish

[01:31:06] Cycle 80
  💰 Current Price: $84.66
  🎯 Signal: HOLD (confidence: 0.03)
  📝 Reason: 5m: MACD bearish; 15m: MACD bearish; 1h: RSI oversold (28.1); 1h: MACD bearish

[01:31:37] Cycle 81
  💰 Current Price: $84.64
  🎯 Signal: HOLD (confidence: 0.03)
  📝 Reason: 5m: MACD bearish; 15m: MACD bearish; 1h: RSI oversold (28.0); 1h: MACD bearish

[01:32:07] Cycle 82
  💰 Current Price: $84.63
  🎯 Signal: HOLD (confidence: 0.03)
  📝 Reason: 5m: MACD bearish; 15m: MACD bearish; 1h: RSI oversold (28.0); 1h: MACD bearish

[01:32:38] Cycle 83
  💰 Current Price: $84.69
  🎯 Signal: HOLD (confidence: 0.03)
  📝 Reason: 5m: MACD bearish; 15m: MACD bearish; 1h: RSI oversold (28.3); 1h: MACD bearish

[01:33:09] Cycle 84
  💰 Current Price: $84.67
  🎯 Signal: HOLD (confidence: 0.03)
  📝 Reason: 5m: MACD bearish; 15m: MACD bearish; 1h: RSI oversold (28.2); 1h: MACD bearish

[01:33:40] Cycle 85
  💰 Current Price: $84.65
  🎯 Signal: HOLD (confidence: 0.03)
  📝 Reason: 5m: MACD bearish; 15m: MACD bearish; 1h: RSI oversold (28.1); 1h: MACD bearish

[01:34:11] Cycle 86
  💰 Current Price: $84.67
  🎯 Signal: HOLD (confidence: 0.03)
  📝 Reason: 5m: MACD bearish; 15m: MACD bearish; 1h: RSI oversold (28.2); 1h: MACD bearish

[01:34:42] Cycle 87
  💰 Current Price: $84.69
  🎯 Signal: HOLD (confidence: 0.03)
  💰 Current Price: $84.66
  🎯 Signal: HOLD (confidence: 0.03)
  📝 Reason: 5m: MACD bearish; 15m: MACD bearish; 1h: RSI oversold (28.1); 1h: MACD bearish

[01:15:15] Cycle 44
  💰 Current Price: $84.77
  🎯 Signal: HOLD (confidence: 0.03)
  📝 Reason: 5m: MACD bearish; 15m: MACD bearish; 1h: RSI oversold (28.6); 1h: MACD bearish

[01:15:47] Cycle 45
  💰 Current Price: $84.77
  🎯 Signal: HOLD (confidence: 0.03)
  📝 Reason: 5m: MACD bearish; 15m: MACD bearish; 1h: RSI oversold (28.6); 1h: MACD bearish

[01:16:18] Cycle 46
  💰 Current Price: $84.72
  🎯 Signal: HOLD (confidence: 0.03)
  📝 Reason: 5m: MACD bearish; 15m: MACD bearish; 1h: RSI oversold (28.4); 1h: MACD bearish

[01:16:48] Cycle 47
  💰 Current Price: $84.72
  🎯 Signal: HOLD (confidence: 0.03)
  📝 Reason: 5m: MACD bearish; 15m: MACD bearish; 1h: RSI oversold (28.4); 1h: MACD bearish

[01:17:19] Cycle 48
  💰 Current Price: $84.71
  🎯 Signal: HOLD (confidence: 0.03)
  📝 Reason: 5m: MACD bearish; 15m: MACD bearish; 1h: RSI oversold (28.4); 1h: MACD bearish

[01:17:50] Cycle 49
  💰 Current Price: $84.72
  🎯 Signal: HOLD (confidence: 0.03)
  📝 Reason: 5m: MACD bearish; 15m: MACD bearish; 1h: RSI oversold (28.4); 1h: MACD bearish

[01:18:21] Cycle 50
  💰 Current Price: $84.75
  🎯 Signal: HOLD (confidence: 0.03)
  📝 Reason: 5m: MACD bearish; 15m: MACD bearish; 1h: RSI oversold (28.5); 1h: MACD bearish

[01:18:51] Cycle 51
  💰 Current Price: $84.75
  🎯 Signal: HOLD (confidence: 0.03)
  📝 Reason: 5m: MACD bearish; 15m: MACD bearish; 1h: RSI oversold (28.5); 1h: MACD bearish

[01:19:22] Cycle 52
  💰 Current Price: $84.74
  🎯 Signal: HOLD (confidence: 0.03)
  📝 Reason: 5m: MACD bearish; 15m: MACD bearish; 1h: RSI oversold (28.5); 1h: MACD bearish

[01:19:53] Cycle 53
  💰 Current Price: $84.74
  🎯 Signal: HOLD (confidence: 0.03)
  📝 Reason: 5m: MACD bearish; 15m: MACD bearish; 1h: RSI oversold (28.5); 1h: MACD bearish

[01:20:24] Cycle 54
  💰 Current Price: $84.72
  🎯 Signal: HOLD (confidence: 0.03)
  📝 Reason: 5m: MACD bearish; 15m: MACD bearish; 1h: RSI oversold (28.4); 1h: MACD bearish

[01:20:55] Cycle 55
  💰 Current Price: $84.74
  🎯 Signal: HOLD (confidence: 0.03)
  📝 Reason: 5m: MACD bearish; 15m: MACD bearish; 1h: RSI oversold (28.5); 1h: MACD bearish

[01:21:26] Cycle 56
  💰 Current Price: $84.75
  🎯 Signal: HOLD (confidence: 0.03)
  📝 Reason: 5m: MACD bearish; 15m: MACD bearish; 1h: RSI oversold (28.5); 1h: MACD bearish

[01:21:57] Cycle 57
  💰 Current Price: $84.75
  🎯 Signal: HOLD (confidence: 0.03)
  📝 Reason: 5m: MACD bearish; 15m: MACD bearish; 1h: RSI oversold (28.3); 1h: MACD bearish

[01:23:00] Cycle 58
  💰 Current Price: $84.68
  🎯 Signal: HOLD (confidence: 0.03)
  📝 Reason: 5m: MACD bearish; 15m: MACD bearish; 1h: RSI oversold (28.2); 1h: MACD bearish

[01:23:30] Cycle 59
  💰 Current Price: $84.70
  🎯 Signal: HOLD (confidence: 0.03)
  📝 Reason: 5m: MACD bearish; 15m: MACD bearish; 1h: RSI oversold (28.3); 1h: MACD bearish

[01:24:01] Cycle 60
  💰 Current Price: $84.64
  🎯 Signal: HOLD (confidence: 0.03)
  📝 Reason: 5m: MACD bearish; 15m: MACD bearish; 1h: RSI oversold (28.0); 1h: MACD bearish

[01:24:32] Cycle 61
  💰 Current Price: $84.65
  🎯 Signal: HOLD (confidence: 0.03)
  📝 Reason: 5m: MACD bearish; 15m: MACD bearish; 1h: RSI oversold (28.1); 1h: MACD bearish

[01:25:03] Cycle 62
  💰 Current Price: $84.63
  🎯 Signal: HOLD (confidence: 0.03)
  📝 Reason: 5m: MACD bearish; 15m: MACD bearish; 1h: RSI oversold (28.0); 1h: MACD bearish

[01:25:34] Cycle 63
  💰 Current Price: $84.62
  🎯 Signal: HOLD (confidence: 0.03)
  📝 Reason: 5m: MACD bearish; 15m: MACD bearish; 1h: RSI oversold (27.9); 1h: MACD bearish

[01:26:04] Cycle 64
  💰 Current Price: $84.60
  🎯 Signal: HOLD (confidence: 0.03)
  📝 Reason: 5m: MACD bearish; 15m: MACD bearish; 1h: RSI oversold (27.8); 1h: MACD bearish

[01:26:35] Cycle 65
  💰 Current Price: $84.64
  🎯 Signal: HOLD (confidence: 0.03)
  📝 Reason: 5m: MACD bearish; 15m: MACD bearish; 1h: RSI oversold (28.0); 1h: MACD bearish

[01:27:06] Cycle 66
  💰 Current Price: $84.64
  🎯 Signal: HOLD (confidence: 0.03)
  📝 Reason: 5m: MACD bearish; 15m: MACD bearish; 1h: RSI oversold (28.0); 1h: MACD bearish

[01:27:37] Cycle 67
  💰 Current Price: $84.64
  🎯 Signal: HOLD (confidence: 0.03)
  📝 Reason: 5m: MACD bearish; 15m: MACD bearish; 1h: RSI oversold (28.0); 1h: MACD bearish

[01:28:07] Cycle 68
  💰 Current Price: $84.65
  🎯 Signal: HOLD (confidence: 0.03)
  📝 Reason: 5m: MACD bearish; 15m: MACD bearish; 1h: RSI oversold (28.1); 1h: MACD bearish

[01:28:38] Cycle 69
  💰 Current Price: $84.64
  🎯 Signal: HOLD (confidence: 0.03)
  📝 Reason: 5m: MACD bearish; 15m: MACD bearish; 1h: RSI oversold (28.0); 1h: MACD bearish

[01:29:09] Cycle 70
  💰 Current Price: $84.64
  🎯 Signal: HOLD (confidence: 0.03)
  📝 Reason: 5m: MACD bearish; 15m: MACD bearish; 1h: RSI oversold (28.0); 1h: MACD bearish

[01:29:40] Cycle 71
  💰 Current Price: $84.65
  🎯 Signal: HOLD (confidence: 0.03)
  📝 Reason: 5m: MACD bearish; 15m: MACD bearish; 1h: RSI oversold (28.1); 1h: MACD bearish

[01:30:11] Cycle 72
  💰 Current Price: $84.67
  🎯 Signal: HOLD (confidence: 0.03)
  📝 Reason: 5m: MACD bearish; 15m: MACD bearish; 1h: RSI oversold (28.2); 1h: MACD bearish

[01:30:42] Cycle 73
  💰 Current Price: $84.66
  🎯 Signal: HOLD (confidence: 0.03)
  📝 Reason: 5m: MACD bearish; 15m: MACD bearish; 1h: RSI oversold (28.1); 1h: MACD bearish

[01:31:13] Cycle 74
  💰 Current Price: $84.66
  🎯 Signal: HOLD (confidence: 0.03)
  📝 Reason: 5m: MACD bearish; 15m: MACD bearish; 1h: RSI oversold (28.1); 1h: MACD bearish

[01:31:44] Cycle 75
  💰 Current Price: $84.64
  🎯 Signal: HOLD (confidence: 0.03)
  📝 Reason: 5m: MACD bearish; 15m: MACD bearish; 1h: RSI oversold (28.0); 1h: MACD bearish

[01:32:16] Cycle 76
  💰 Current Price: $84.63
  🎯 Signal: HOLD (confidence: 0.03)
  📝 Reason: 5m: MACD bearish; 15m: MACD bearish; 1h: RSI oversold (28.0); 1h: MACD bearish

[01:32:47] Cycle 77
  💰 Current Price: $84.66
  🎯 Signal: HOLD (confidence: 0.03)
  📝 Reason: 5m: MACD bearish; 15m: MACD bearish; 1h: RSI oversold (28.1); 1h: MACD bearish

[01:33:18] Cycle 78
  💰 Current Price: $84.65
  🎯 Signal: HOLD (confidence: 0.03)
  📝 Reason: 5m: MACD bearish; 15m: MACD bearish; 1h: RSI oversold (28.1); 1h: MACD bearish

[01:33:49] Cycle 79
  💰 Current Price: $84.65
  🎯 Signal: HOLD (confidence: 0.03)
  📝 Reason: 5m: MACD bearish; 15m: MACD bearish; 1h: RSI oversold (28.1); 1h: MACD bearish

[01:34:19] Cycle 80
  💰 Current Price: $84.67
  🎯 Signal: HOLD (confidence: 0.03)
  📝 Reason: 5m: MACD bearish; 15m: MACD bearish; 1h: RSI oversold (28.2); 1h: MACD bearish

[01:34:50] Cycle 81
  💰 Current Price: $84.67
  🎯 Signal: HOLD (confidence: 0.03)
  📝 Reason: 5m: MACD bearish; 15m: MACD bearish; 1h: RSI oversold (28.2); 1h: MACD bearish

[01:35:21] Cycle 82
  💰 Current Price: $84.69
  🎯 Signal: HOLD (confidence: 0.03)
  📝 Reason: 5m: MACD bearish; 15m: MACD bearish; 1h: RSI oversold (28.3); 1h: MACD bearish

[01:35:52] Cycle 83
  💰 Current Price: $84.67
  🎯 Signal: HOLD (confidence: 0.03)
  📝 Reason: 5m: MACD bearish; 15m: MACD bearish; 1h: RSI oversold (28.2); 1h: MACD bearish

[01:36:23] Cycle 84
  💰 Current Price: $84.69
  🎯 Signal: HOLD (confidence: 0.03)
  📝 Reason: 5m: MACD bearish; 15m: MACD bearish; 1h: RSI oversold (28.3); 1h: MACD bearish

[01:36:54] Cycle 85
  💰 Current Price: $84.70
  🎯 Signal: HOLD (confidence: 0.03)
  📝 Reason: 5m: MACD bearish; 15m: MACD bearish; 1h: RSI oversold (28.3); 1h: MACD bearish

[01:37:25] Cycle 86
  💰 Current Price: $84.69
  🎯 Signal: HOLD (confidence: 0.03)
  📝 Reason: 5m: MACD bearish; 15m: MACD bearish; 1h: RSI oversold (28.3); 1h: MACD bearish

[01:37:56] Cycle 87
  💰 Current Price: $84.74
  🎯 Signal: HOLD (confidence: 0.03)
  📝 Reason: 5m: MACD bearish; 15m: MACD bearish; 1h: RSI oversold (28.3); 1h: MACD bearish

[01:35:13] Cycle 88
  💰 Current Price: $84.69
  🎯 Signal: HOLD (confidence: 0.03)
  📝 Reason: 5m: MACD bearish; 15m: MACD bearish; 1h: RSI oversold (28.3); 1h: MACD bearish

[01:35:44] Cycle 89
  💰 Current Price: $84.68
  🎯 Signal: HOLD (confidence: 0.03)
  📝 Reason: 5m: MACD bearish; 15m: MACD bearish; 1h: RSI oversold (28.2); 1h: MACD bearish

[01:36:15] Cycle 90
  💰 Current Price: $84.70
  🎯 Signal: HOLD (confidence: 0.03)
  📝 Reason: 5m: MACD bearish; 15m: MACD bearish; 1h: RSI oversold (28.3); 1h: MACD bearish

[01:36:46] Cycle 91
  💰 Current Price: $84.69
  🎯 Signal: HOLD (confidence: 0.03)
  📝 Reason: 5m: MACD bearish; 15m: MACD bearish; 1h: RSI oversold (28.3); 1h: MACD bearish

[01:37:16] Cycle 92
  💰 Current Price: $84.70
  🎯 Signal: HOLD (confidence: 0.03)
  📝 Reason: 5m: MACD bearish; 15m: MACD bearish; 1h: RSI oversold (28.3); 1h: MACD bearish

[01:37:47] Cycle 93
  💰 Current Price: $84.74
  🎯 Signal: HOLD (confidence: 0.03)
  📝 Reason: 5m: MACD bearish; 15m: MACD bearish; 1h: RSI oversold (28.5); 1h: MACD bearish

[01:38:18] Cycle 94
  💰 Current Price: $84.75
  🎯 Signal: HOLD (confidence: 0.03)
  📝 Reason: 5m: MACD bearish; 15m: MACD bearish; 1h: RSI oversold (28.5); 1h: MACD bearish

[01:38:49] Cycle 95
  💰 Current Price: $84.72
  🎯 Signal: HOLD (confidence: 0.03)
  📝 Reason: 5m: MACD bearish; 15m: MACD bearish; 1h: RSI oversold (28.4); 1h: MACD bearish

[01:39:20] Cycle 96
  💰 Current Price: $84.75
  🎯 Signal: HOLD (confidence: 0.03)
  📝 Reason: 5m: MACD bearish; 15m: MACD bearish; 1h: RSI oversold (28.5); 1h: MACD bearish

[01:39:51] Cycle 97
  💰 Current Price: $84.75
  🎯 Signal: HOLD (confidence: 0.03)
  📝 Reason: 5m: MACD bearish; 15m: MACD bearish; 1h: RSI oversold (28.5); 1h: MACD bearish

[01:40:22] Cycle 98
  💰 Current Price: $84.71
  🎯 Signal: HOLD (confidence: 0.03)
  📝 Reason: 5m: MACD bearish; 15m: MACD bearish; 1h: RSI oversold (28.4); 1h: MACD bearish

[01:40:53] Cycle 99
  💰 Current Price: $84.71
  🎯 Signal: HOLD (confidence: 0.03)
  📝 Reason: 5m: MACD bearish; 15m: MACD bearish; 1h: RSI oversold (28.4); 1h: MACD bearish

[01:41:24] Cycle 100
  💰 Current Price: $84.70
  🎯 Signal: HOLD (confidence: 0.03)
  📝 Reason: 5m: MACD bearish; 15m: MACD bearish; 1h: RSI oversold (28.3); 1h: MACD bearish

[01:41:55] Cycle 101
  💰 Current Price: $84.70
  🎯 Signal: HOLD (confidence: 0.03)
  📝 Reason: 5m: MACD bearish; 15m: MACD bearish; 1h: RSI oversold (28.3); 1h: MACD bearish

[01:42:26] Cycle 102
  💰 Current Price: $84.69
  🎯 Signal: HOLD (confidence: 0.03)
  📝 Reason: 5m: MACD bearish; 15m: MACD bearish; 1h: RSI oversold (28.3); 1h: MACD bearish

[01:42:57] Cycle 103
  💰 Current Price: $84.70
  🎯 Signal: HOLD (confidence: 0.03)
  📝 Reason: 5m: MACD bearish; 15m: MACD bearish; 1h: RSI oversold (28.3); 1h: MACD bearish

[01:43:28] Cycle 104
  💰 Current Price: $84.70
  🎯 Signal: HOLD (confidence: 0.03)
  📝 Reason: 5m: MACD bearish; 15m: MACD bearish; 1h: RSI oversold (28.3); 1h: MACD bearish

[01:43:58] Cycle 105
  💰 Current Price: $84.70
  🎯 Signal: HOLD (confidence: 0.03)
  📝 Reason: 5m: MACD bearish; 15m: MACD bearish; 1h: RSI oversold (28.3); 1h: MACD bearish

[01:44:30] Cycle 106
  💰 Current Price: $84.70
  🎯 Signal: HOLD (confidence: 0.03)
  📝 Reason: 5m: MACD bearish; 15m: MACD bearish; 1h: RSI oversold (28.3); 1h: MACD bearish

[01:45:00] Cycle 107
  💰 Current Price: $84.68
  🎯 Signal: HOLD (confidence: 0.03)
  📝 Reason: 5m: MACD bearish; 15m: MACD bearish; 1h: RSI oversold (28.2); 1h: MACD bearish

[01:45:31] Cycle 108
  💰 Current Price: $84.76
  🎯 Signal: HOLD (confidence: 0.03)
  📝 Reason: 5m: MACD bearish; 15m: MACD bearish; 1h: RSI oversold (28.6); 1h: MACD bearish

[01:46:02] Cycle 109
  💰 Current Price: $84.74
  🎯 Signal: HOLD (confidence: 0.03)
  📝 Reason: 5m: MACD bearish; 15m: MACD bearish; 1h: RSI oversold (28.5); 1h: MACD bearish

[01:46:33] Cycle 110
  💰 Current Price: $84.75
  🎯 Signal: HOLD (confidence: 0.03)
  📝 Reason: 5m: MACD bearish; 15m: MACD bearish; 1h: RSI oversold (28.5); 1h: MACD bearish

[01:47:04] Cycle 111
  💰 Current Price: $84.74
  🎯 Signal: HOLD (confidence: 0.03)
  📝 Reason: 5m: MACD bearish; 15m: MACD bearish; 1h: RSI oversold (28.5); 1h: MACD bearish

[01:47:35] Cycle 112
  💰 Current Price: $84.74
  🎯 Signal: HOLD (confidence: 0.03)
  📝 Reason: 5m: MACD bearish; 15m: MACD bearish; 1h: RSI oversold (28.5); 1h: MACD bearish

[01:48:05] Cycle 113
  💰 Current Price: $84.76
  🎯 Signal: HOLD (confidence: 0.03)
  📝 Reason: 5m: MACD bearish; 15m: MACD bearish; 1h: RSI oversold (28.6); 1h: MACD bearish

[01:48:36] Cycle 114
  💰 Current Price: $84.75
  🎯 Signal: HOLD (confidence: 0.03)
  📝 Reason: 5m: MACD bearish; 15m: MACD bearish; 1h: RSI oversold (28.5); 1h: MACD bearish

[01:49:07] Cycle 115
  💰 Current Price: $84.75
  🎯 Signal: HOLD (confidence: 0.03)
  📝 Reason: 5m: MACD bearish; 15m: MACD bearish; 1h: RSI oversold (28.6); 1h: MACD bearish

[01:49:38] Cycle 116
  💰 Current Price: $84.76
  🎯 Signal: HOLD (confidence: 0.03)
  📝 Reason: 5m: MACD bearish; 15m: MACD bearish; 1h: RSI oversold (28.6); 1h: MACD bearish

[01:50:09] Cycle 117
  💰 Current Price: $84.81
  🎯 Signal: HOLD (confidence: 0.03)
  📝 Reason: 5m: MACD bearish; 15m: MACD bearish; 1h: RSI oversold (28.9); 1h: MACD bearish

[01:50:40] Cycle 118
  💰 Current Price: $84.81
  🎯 Signal: HOLD (confidence: 0.03)
  📝 Reason: 5m: MACD bearish; 15m: MACD bearish; 1h: RSI oversold (29.1); 1h: MACD bearish

[01:51:11] Cycle 119
  💰 Current Price: $84.81
  🎯 Signal: HOLD (confidence: 0.03)
  📝 Reason: 5m: MACD bearish; 15m: MACD bearish; 1h: RSI oversold (29.1); 1h: MACD bearish

[01:51:42] Cycle 120
  💰 Current Price: $84.81
  🎯 Signal: HOLD (confidence: 0.03)
  📝 Reason: 5m: MACD bearish; 15m: MACD bearish; 1h: RSI oversold (29.1); 1h: MACD bearish

[01:52:12] Cycle 121
  💰 Current Price: $84.80
  🎯 Signal: HOLD (confidence: 0.03)
  📝 Reason: 5m: MACD bearish; 15m: MACD bearish; 1h: RSI oversold (29.2); 1h: MACD bearish

[01:52:43] Cycle 122
  💰 Current Price: $84.82
  🎯 Signal: HOLD (confidence: 0.03)
  📝 Reason: 5m: MACD bearish; 15m: MACD bearish; 1h: RSI oversold (29.2); 1h: MACD bearish

[01:53:14] Cycle 123
  💰 Current Price: $84.82
  🎯 Signal: HOLD (confidence: 0.03)
  📝 Reason: 5m: MACD bearish; 15m: MACD bearish; 1h: RSI oversold (29.2); 1h: MACD bearish

[01:53:45] Cycle 124
  💰 Current Price: $84.82
  🎯 Signal: HOLD (confidence: 0.03)
  📝 Reason: 5m: MACD bearish; 15m: MACD bearish; 1h: RSI oversold (29.2); 1h: MACD bearish

[01:54:15] Cycle 125
  💰 Current Price: $84.81
  🎯 Signal: HOLD (confidence: 0.03)
  📝 Reason: 5m: MACD bearish; 15m: MACD bearish; 1h: RSI oversold (29.1); 1h: MACD bearish

[01:54:46] Cycle 126
  💰 Current Price: $84.82
  🎯 Signal: HOLD (confidence: 0.03)
  📝 Reason: 5m: MACD bearish; 15m: MACD bearish; 1h: RSI oversold (29.2); 1h: MACD bearish

[01:55:17] Cycle 127
  💰 Current Price: $84.78
  🎯 Signal: HOLD (confidence: 0.03)
  📝 Reason: 5m: MACD bearish; 15m: MACD bearish; 1h: RSI oversold (28.7); 1h: MACD bearish

[01:55:48] Cycle 128
  💰 Current Price: $84.78
  🎯 Signal: HOLD (confidence: 0.03)
  📝 Reason: 5m: MACD bearish; 15m: MACD bearish; 1h: RSI oversold (28.7); 1h: MACD bearish

[01:56:19] Cycle 129
  💰 Current Price: $84.78
  🎯 Signal: HOLD (confidence: 0.03)
  📝 Reason: 5m: MACD bearish; 15m: MACD bearish; 1h: RSI oversold (28.7); 1h: MACD bearish

[01:56:50] Cycle 130
  💰 Current Price: $84.78
  🎯 Signal: HOLD (confidence: 0.03)
  📝 Reason: 5m: MACD bearish; 15m: MACD bearish; 1h: RSI oversold (28.7); 1h: MACD bearish

[01:57:21] Cycle 131
  💰 Current Price: $84.74
  🎯 Signal: HOLD (confidence: 0.03)
  📝 Reason: 5m: MACD bearish; 15m: MACD bearish; 1h: RSI oversold (28.5); 1h: MACD bearish
  📝 Reason: 5m: MACD bearish; 15m: MACD bearish; 1h: RSI oversold (28.5); 1h: MACD bearish

[01:38:27] Cycle 88
  💰 Current Price: $84.74
  🎯 Signal: HOLD (confidence: 0.03)
  📝 Reason: 5m: MACD bearish; 15m: MACD bearish; 1h: RSI oversold (28.5); 1h: MACD bearish

[01:38:58] Cycle 89
  💰 Current Price: $84.72
  🎯 Signal: HOLD (confidence: 0.03)
  📝 Reason: 5m: MACD bearish; 15m: MACD bearish; 1h: RSI oversold (28.5); 1h: MACD bearish

[01:39:28] Cycle 90
  💰 Current Price: $84.75
  🎯 Signal: HOLD (confidence: 0.03)
  📝 Reason: 5m: MACD bearish; 15m: MACD bearish; 1h: RSI oversold (28.5); 1h: MACD bearish

[01:40:00] Cycle 91
  💰 Current Price: $84.75
  🎯 Signal: HOLD (confidence: 0.03)
  📝 Reason: 5m: MACD bearish; 15m: MACD bearish; 1h: RSI oversold (28.5); 1h: MACD bearish

[01:40:31] Cycle 92
  💰 Current Price: $84.71
  🎯 Signal: HOLD (confidence: 0.03)
  📝 Reason: 5m: MACD bearish; 15m: MACD bearish; 1h: RSI oversold (28.4); 1h: MACD bearish

[01:41:01] Cycle 93
  💰 Current Price: $84.72
  🎯 Signal: HOLD (confidence: 0.03)
  📝 Reason: 5m: MACD bearish; 15m: MACD bearish; 1h: RSI oversold (28.4); 1h: MACD bearish

[01:41:33] Cycle 94
  💰 Current Price: $84.69
  🎯 Signal: HOLD (confidence: 0.03)
  📝 Reason: 5m: MACD bearish; 15m: MACD bearish; 1h: RSI oversold (28.3); 1h: MACD bearish

[01:42:04] Cycle 95
  💰 Current Price: $84.69
  🎯 Signal: HOLD (confidence: 0.03)
  📝 Reason: 5m: MACD bearish; 15m: MACD bearish; 1h: RSI oversold (28.3); 1h: MACD bearish

[01:42:35] Cycle 96
  💰 Current Price: $84.69
  🎯 Signal: HOLD (confidence: 0.03)
  📝 Reason: 5m: MACD bearish; 15m: MACD bearish; 1h: RSI oversold (28.3); 1h: MACD bearish

[01:43:06] Cycle 97
  💰 Current Price: $84.70
  🎯 Signal: HOLD (confidence: 0.03)
  📝 Reason: 5m: MACD bearish; 15m: MACD bearish; 1h: RSI oversold (28.3); 1h: MACD bearish

[01:43:36] Cycle 98
  💰 Current Price: $84.70
  🎯 Signal: HOLD (confidence: 0.03)
  📝 Reason: 5m: MACD bearish; 15m: MACD bearish; 1h: RSI oversold (28.3); 1h: MACD bearish

[01:44:07] Cycle 99
  💰 Current Price: $84.70
  🎯 Signal: HOLD (confidence: 0.03)
  📝 Reason: 5m: MACD bearish; 15m: MACD bearish; 1h: RSI oversold (28.3); 1h: MACD bearish

[01:44:39] Cycle 100
  💰 Current Price: $84.70
  🎯 Signal: HOLD (confidence: 0.03)
  📝 Reason: 5m: MACD bearish; 15m: MACD bearish; 1h: RSI oversold (28.3); 1h: MACD bearish

[01:45:10] Cycle 101
  💰 Current Price: $84.76
  🎯 Signal: HOLD (confidence: 0.03)
  📝 Reason: 5m: MACD bearish; 15m: MACD bearish; 1h: RSI oversold (28.6); 1h: MACD bearish

[01:45:41] Cycle 102
  💰 Current Price: $84.76
  🎯 Signal: HOLD (confidence: 0.03)
  📝 Reason: 5m: MACD bearish; 15m: MACD bearish; 1h: RSI oversold (28.6); 1h: MACD bearish

[01:46:12] Cycle 103
  💰 Current Price: $84.74
  🎯 Signal: HOLD (confidence: 0.03)
  📝 Reason: 5m: MACD bearish; 15m: MACD bearish; 1h: RSI oversold (28.5); 1h: MACD bearish

[01:46:42] Cycle 104
  💰 Current Price: $84.75
  🎯 Signal: HOLD (confidence: 0.03)
  📝 Reason: 5m: MACD bearish; 15m: MACD bearish; 1h: RSI oversold (28.5); 1h: MACD bearish

[01:47:13] Cycle 105
  💰 Current Price: $84.75
  🎯 Signal: HOLD (confidence: 0.03)
  📝 Reason: 5m: MACD bearish; 15m: MACD bearish; 1h: RSI oversold (28.5); 1h: MACD bearish

[01:47:45] Cycle 106
  💰 Current Price: $84.76
  🎯 Signal: HOLD (confidence: 0.03)
  📝 Reason: 5m: MACD bearish; 15m: MACD bearish; 1h: RSI oversold (28.6); 1h: MACD bearish

[01:48:16] Cycle 107
  💰 Current Price: $84.76
  🎯 Signal: HOLD (confidence: 0.03)
  📝 Reason: 5m: MACD bearish; 15m: MACD bearish; 1h: RSI oversold (28.6); 1h: MACD bearish

[01:48:46] Cycle 108
  💰 Current Price: $84.76
  🎯 Signal: HOLD (confidence: 0.03)
  📝 Reason: 5m: MACD bearish; 15m: MACD bearish; 1h: RSI oversold (28.6); 1h: MACD bearish

[01:49:17] Cycle 109
  💰 Current Price: $84.76
  🎯 Signal: HOLD (confidence: 0.03)
  📝 Reason: 5m: MACD bearish; 15m: MACD bearish; 1h: RSI oversold (28.6); 1h: MACD bearish

[01:49:48] Cycle 110
  💰 Current Price: $84.76
  🎯 Signal: HOLD (confidence: 0.03)
  📝 Reason: 5m: MACD bearish; 15m: MACD bearish; 1h: RSI oversold (28.6); 1h: MACD bearish

[01:50:19] Cycle 111
  💰 Current Price: $84.80
  🎯 Signal: HOLD (confidence: 0.03)
  📝 Reason: 5m: MACD bearish; 15m: MACD bearish; 1h: RSI oversold (28.9); 1h: MACD bearish

[01:50:50] Cycle 112
  💰 Current Price: $84.81
  🎯 Signal: HOLD (confidence: 0.03)
  📝 Reason: 5m: MACD bearish; 15m: MACD bearish; 1h: RSI oversold (29.1); 1h: MACD bearish

[01:51:21] Cycle 113
  💰 Current Price: $84.81
  🎯 Signal: HOLD (confidence: 0.03)
  📝 Reason: 5m: MACD bearish; 15m: MACD bearish; 1h: RSI oversold (29.1); 1h: MACD bearish

[01:51:52] Cycle 114
  💰 Current Price: $84.81
  🎯 Signal: HOLD (confidence: 0.03)
  📝 Reason: 5m: MACD bearish; 15m: MACD bearish; 1h: RSI oversold (29.1); 1h: MACD bearish

[01:52:23] Cycle 115
  💰 Current Price: $84.82
  🎯 Signal: HOLD (confidence: 0.03)
  📝 Reason: 5m: MACD bearish; 15m: MACD bearish; 1h: RSI oversold (29.2); 1h: MACD bearish

[01:52:54] Cycle 116
  💰 Current Price: $84.82
  🎯 Signal: HOLD (confidence: 0.03)
  📝 Reason: 5m: MACD bearish; 15m: MACD bearish; 1h: RSI oversold (29.2); 1h: MACD bearish

[01:53:25] Cycle 117
  💰 Current Price: $84.82
  🎯 Signal: HOLD (confidence: 0.03)
  📝 Reason: 5m: MACD bearish; 15m: MACD bearish; 1h: RSI oversold (29.2); 1h: MACD bearish

[01:53:56] Cycle 118
  💰 Current Price: $84.82
  🎯 Signal: HOLD (confidence: 0.03)
  📝 Reason: 5m: MACD bearish; 15m: MACD bearish; 1h: RSI oversold (29.2); 1h: MACD bearish

[01:54:27] Cycle 119
  💰 Current Price: $84.81
  🎯 Signal: HOLD (confidence: 0.03)
  📝 Reason: 5m: MACD bearish; 15m: MACD bearish; 1h: RSI oversold (29.1); 1h: MACD bearish

[01:54:58] Cycle 120
  💰 Current Price: $84.82
  🎯 Signal: HOLD (confidence: 0.03)
  📝 Reason: 5m: MACD bearish; 15m: MACD bearish; 1h: RSI oversold (29.2); 1h: MACD bearish

[01:55:29] Cycle 121
  💰 Current Price: $84.78
  🎯 Signal: HOLD (confidence: 0.03)
  📝 Reason: 5m: MACD bearish; 15m: MACD bearish; 1h: RSI oversold (28.7); 1h: MACD bearish

[01:56:00] Cycle 122
  💰 Current Price: $84.78
  🎯 Signal: HOLD (confidence: 0.03)
  📝 Reason: 5m: MACD bearish; 15m: MACD bearish; 1h: RSI oversold (28.7); 1h: MACD bearish

[01:56:31] Cycle 123
  💰 Current Price: $84.78
  🎯 Signal: HOLD (confidence: 0.03)
  📝 Reason: 5m: MACD bearish; 15m: MACD bearish; 1h: RSI oversold (28.7); 1h: MACD bearish

[01:57:01] Cycle 124
  💰 Current Price: $84.73
  🎯 Signal: HOLD (confidence: 0.03)
  📝 Reason: 5m: MACD bearish; 15m: MACD bearish; 1h: RSI oversold (28.4); 1h: MACD bearish

[01:57:32] Cycle 125
  💰 Current Price: $84.73
  🎯 Signal: HOLD (confidence: 0.03)
  📝 Reason: 5m: MACD bearish; 15m: MACD bearish; 1h: RSI oversold (28.4); 1h: MACD bearish

[01:58:03] Cycle 126
  💰 Current Price: $84.73
  🎯 Signal: HOLD (confidence: 0.03)
  📝 Reason: 5m: MACD bearish; 15m: MACD bearish; 1h: RSI oversold (28.4); 1h: MACD bearish

[01:58:34] Cycle 127
  💰 Current Price: $84.73
  🎯 Signal: HOLD (confidence: 0.03)
  📝 Reason: 5m: MACD bearish; 15m: MACD bearish; 1h: RSI oversold (28.4); 1h: MACD bearish

[01:59:05] Cycle 128
  💰 Current Price: $84.73
  🎯 Signal: HOLD (confidence: 0.03)
  📝 Reason: 5m: MACD bearish; 15m: MACD bearish; 1h: RSI oversold (28.4); 1h: MACD bearish

[01:59:36] Cycle 129
  💰 Current Price: $84.73
  🎯 Signal: HOLD (confidence: 0.03)
  📝 Reason: 5m: MACD bearish; 15m: MACD bearish; 1h: RSI oversold (28.4); 1h: MACD bearish

[02:00:07] Cycle 130
  💰 Current Price: $84.70
  🎯 Signal: SELL (confidence: 0.28)
  📝 Reason: 5m: MACD bearish; 15m: MACD bearish; 1h: MACD bearish; 4h: RSI oversold (19.5)
  ⚠️ Sell signal but no position

[02:00:37] Cycle 131
  💰 Current Price: $84.72
  🎯 Signal: SELL (confidence: 0.28)

[01:57:52] Cycle 132
  💰 Current Price: $84.73
  🎯 Signal: HOLD (confidence: 0.03)
  📝 Reason: 5m: MACD bearish; 15m: MACD bearish; 1h: RSI oversold (28.4); 1h: MACD bearish

[01:58:23] Cycle 133
  💰 Current Price: $84.73
  🎯 Signal: HOLD (confidence: 0.03)
  📝 Reason: 5m: MACD bearish; 15m: MACD bearish; 1h: RSI oversold (28.4); 1h: MACD bearish

[01:58:53] Cycle 134
  💰 Current Price: $84.73
  🎯 Signal: HOLD (confidence: 0.03)
  📝 Reason: 5m: MACD bearish; 15m: MACD bearish; 1h: RSI oversold (28.4); 1h: MACD bearish

[01:59:24] Cycle 135
  💰 Current Price: $84.73
  🎯 Signal: HOLD (confidence: 0.03)
  📝 Reason: 5m: MACD bearish; 15m: MACD bearish; 1h: RSI oversold (28.4); 1h: MACD bearish

[01:59:55] Cycle 136
  💰 Current Price: $84.72
  🎯 Signal: HOLD (confidence: 0.03)
  📝 Reason: 5m: MACD bearish; 15m: MACD bearish; 1h: RSI oversold (28.3); 1h: MACD bearish

[02:00:26] Cycle 137
  💰 Current Price: $84.70
  🎯 Signal: SELL (confidence: 0.28)
  📝 Reason: 5m: MACD bearish; 15m: MACD bearish; 1h: MACD bearish; 4h: RSI oversold (19.5)
  ⚠️ Sell signal but no position

[02:00:57] Cycle 138
  💰 Current Price: $84.68
  🎯 Signal: SELL (confidence: 0.28)
  📝 Reason: 5m: MACD bearish; 15m: MACD bearish; 1h: MACD bearish; 4h: RSI oversold (19.4)
  ⚠️ Sell signal but no position

[02:01:28] Cycle 139
  💰 Current Price: $84.69
  🎯 Signal: SELL (confidence: 0.28)
  📝 Reason: 5m: MACD bearish; 15m: MACD bearish; 1h: MACD bearish; 4h: RSI oversold (19.4)
  ⚠️ Sell signal but no position

[02:01:58] Cycle 140
  💰 Current Price: $84.64
  🎯 Signal: SELL (confidence: 0.28)
  📝 Reason: 5m: MACD bearish; 15m: MACD bearish; 1h: MACD bearish; 4h: RSI oversold (19.4)
  ⚠️ Sell signal but no position

[02:02:29] Cycle 141
  💰 Current Price: $84.65
  🎯 Signal: SELL (confidence: 0.28)
  📝 Reason: 5m: MACD bearish; 15m: MACD bearish; 1h: MACD bearish; 4h: RSI oversold (19.4)
  ⚠️ Sell signal but no position

[02:03:00] Cycle 142
  💰 Current Price: $84.64
  🎯 Signal: SELL (confidence: 0.28)
  📝 Reason: 5m: MACD bearish; 15m: MACD bearish; 1h: MACD bearish; 4h: RSI oversold (19.4)
  ⚠️ Sell signal but no position

[02:03:31] Cycle 143
  💰 Current Price: $84.66
  🎯 Signal: SELL (confidence: 0.28)
  📝 Reason: 5m: MACD bearish; 15m: MACD bearish; 1h: MACD bearish; 4h: RSI oversold (19.4)
  ⚠️ Sell signal but no position

[02:04:02] Cycle 144
  💰 Current Price: $84.66
  🎯 Signal: SELL (confidence: 0.28)
  📝 Reason: 5m: MACD bearish; 15m: MACD bearish; 1h: MACD bearish; 4h: RSI oversold (19.4)
  ⚠️ Sell signal but no position

[02:04:33] Cycle 145
  💰 Current Price: $84.66
  🎯 Signal: SELL (confidence: 0.28)
  📝 Reason: 5m: MACD bearish; 15m: MACD bearish; 1h: MACD bearish; 4h: RSI oversold (19.4)
  ⚠️ Sell signal but no position

[02:05:04] Cycle 146
  💰 Current Price: $84.67
  🎯 Signal: SELL (confidence: 0.28)
  📝 Reason: 5m: MACD bearish; 15m: MACD bearish; 1h: MACD bearish; 4h: RSI oversold (19.4)
  ⚠️ Sell signal but no position

[02:05:36] Cycle 147
  💰 Current Price: $84.63
  🎯 Signal: SELL (confidence: 0.28)
  📝 Reason: 5m: MACD bearish; 15m: MACD bearish; 1h: MACD bearish; 4h: RSI oversold (19.3)
  ⚠️ Sell signal but no position

[02:06:07] Cycle 148
  💰 Current Price: $84.64
  🎯 Signal: SELL (confidence: 0.28)
  📝 Reason: 5m: MACD bearish; 15m: MACD bearish; 1h: MACD bearish; 4h: RSI oversold (19.4)
  ⚠️ Sell signal but no position

[02:06:38] Cycle 149
  💰 Current Price: $84.63
  🎯 Signal: SELL (confidence: 0.28)
  📝 Reason: 5m: MACD bearish; 15m: MACD bearish; 1h: MACD bearish; 4h: RSI oversold (19.3)
  ⚠️ Sell signal but no position

[02:07:09] Cycle 150
  💰 Current Price: $84.63
  🎯 Signal: SELL (confidence: 0.28)
  📝 Reason: 5m: MACD bearish; 15m: MACD bearish; 1h: MACD bearish; 4h: RSI oversold (19.3)
  ⚠️ Sell signal but no position

[02:07:40] Cycle 151
  💰 Current Price: $84.62
  🎯 Signal: SELL (confidence: 0.28)
  📝 Reason: 5m: MACD bearish; 15m: MACD bearish; 1h: MACD bearish; 4h: RSI oversold (19.3)
  ⚠️ Sell signal but no position

[02:08:11] Cycle 152
  💰 Current Price: $84.63
  🎯 Signal: SELL (confidence: 0.28)
  📝 Reason: 5m: MACD bearish; 15m: MACD bearish; 1h: MACD bearish; 4h: RSI oversold (19.3)
  ⚠️ Sell signal but no position

[02:08:42] Cycle 153
  💰 Current Price: $84.65
  🎯 Signal: SELL (confidence: 0.28)
  📝 Reason: 5m: MACD bearish; 15m: MACD bearish; 1h: MACD bearish; 4h: RSI oversold (19.4)
  ⚠️ Sell signal but no position

[02:09:12] Cycle 154
  💰 Current Price: $84.67
  🎯 Signal: SELL (confidence: 0.28)
  📝 Reason: 5m: MACD bearish; 15m: MACD bearish; 1h: MACD bearish; 4h: RSI oversold (19.4)
  ⚠️ Sell signal but no position

[02:09:43] Cycle 155
  💰 Current Price: $84.67
  🎯 Signal: SELL (confidence: 0.28)
  📝 Reason: 5m: MACD bearish; 15m: MACD bearish; 1h: MACD bearish; 4h: RSI oversold (19.4)
  ⚠️ Sell signal but no position

[02:10:14] Cycle 156
  💰 Current Price: $84.71
  🎯 Signal: SELL (confidence: 0.28)
  📝 Reason: 5m: MACD bearish; 15m: MACD bearish; 1h: MACD bearish; 4h: RSI oversold (19.5)
  ⚠️ Sell signal but no position

[02:10:45] Cycle 157
  💰 Current Price: $84.71
  🎯 Signal: SELL (confidence: 0.28)
  📝 Reason: 5m: MACD bearish; 15m: MACD bearish; 1h: MACD bearish; 4h: RSI oversold (19.5)
  ⚠️ Sell signal but no position

[02:11:16] Cycle 158
  💰 Current Price: $84.70
  🎯 Signal: SELL (confidence: 0.28)
  📝 Reason: 5m: MACD bearish; 15m: MACD bearish; 1h: MACD bearish; 4h: RSI oversold (19.5)
  ⚠️ Sell signal but no position

[02:11:47] Cycle 159
  💰 Current Price: $84.72
  🎯 Signal: SELL (confidence: 0.28)
  📝 Reason: 5m: MACD bearish; 15m: MACD bearish; 1h: MACD bearish; 4h: RSI oversold (19.6)
  ⚠️ Sell signal but no position

[02:12:20] Cycle 160
  💰 Current Price: $84.71
  🎯 Signal: SELL (confidence: 0.28)
  📝 Reason: 5m: MACD bearish; 15m: MACD bearish; 1h: MACD bearish; 4h: RSI oversold (19.5)
  ⚠️ Sell signal but no position

[02:12:51] Cycle 161
  💰 Current Price: $84.72
  🎯 Signal: SELL (confidence: 0.28)
  📝 Reason: 5m: MACD bearish; 15m: MACD bearish; 1h: MACD bearish; 4h: RSI oversold (19.6)
  ⚠️ Sell signal but no position

[02:13:22] Cycle 162
  💰 Current Price: $84.72
  🎯 Signal: SELL (confidence: 0.28)
  📝 Reason: 5m: MACD bearish; 15m: MACD bearish; 1h: MACD bearish; 4h: RSI oversold (19.6)
  ⚠️ Sell signal but no position

[02:13:53] Cycle 163
  💰 Current Price: $84.72
  🎯 Signal: SELL (confidence: 0.28)
  📝 Reason: 5m: MACD bearish; 15m: MACD bearish; 1h: MACD bearish; 4h: RSI oversold (19.6)
  ⚠️ Sell signal but no position

[02:14:24] Cycle 164
  💰 Current Price: $84.72
  🎯 Signal: SELL (confidence: 0.28)
  📝 Reason: 5m: MACD bearish; 15m: MACD bearish; 1h: MACD bearish; 4h: RSI oversold (19.6)
  ⚠️ Sell signal but no position

[02:14:55] Cycle 165
  💰 Current Price: $84.72
  🎯 Signal: SELL (confidence: 0.28)
  📝 Reason: 5m: MACD bearish; 15m: MACD bearish; 1h: MACD bearish; 4h: RSI oversold (19.6)
  ⚠️ Sell signal but no position

[02:15:26] Cycle 166
  💰 Current Price: $84.70
  🎯 Signal: SELL (confidence: 0.28)
  📝 Reason: 5m: MACD bearish; 15m: MACD bearish; 1h: MACD bearish; 4h: RSI oversold (19.5)
  ⚠️ Sell signal but no position

[02:15:57] Cycle 167
  💰 Current Price: $84.71
  🎯 Signal: SELL (confidence: 0.28)
  📝 Reason: 5m: MACD bearish; 15m: MACD bearish; 1h: MACD bearish; 4h: RSI oversold (19.5)
  ⚠️ Sell signal but no position

[02:16:28] Cycle 168
  💰 Current Price: $84.70
  🎯 Signal: SELL (confidence: 0.28)
  📝 Reason: 5m: MACD bearish; 15m: MACD bearish; 1h: MACD bearish; 4h: RSI oversold (19.5)
  ⚠️ Sell signal but no position

[02:16:59] Cycle 169
  💰 Current Price: $84.70
  🎯 Signal: SELL (confidence: 0.28)
  📝 Reason: 5m: MACD bearish; 15m: MACD bearish; 1h: MACD bearish; 4h: RSI oversold (19.5)
  📝 Reason: 5m: MACD bearish; 15m: MACD bearish; 1h: MACD bearish; 4h: RSI oversold (19.5)
  ⚠️ Sell signal but no position

[02:01:09] Cycle 132
  💰 Current Price: $84.69
  🎯 Signal: SELL (confidence: 0.28)
  📝 Reason: 5m: MACD bearish; 15m: MACD bearish; 1h: MACD bearish; 4h: RSI oversold (19.4)
  ⚠️ Sell signal but no position

[02:01:39] Cycle 133
  💰 Current Price: $84.67
  🎯 Signal: SELL (confidence: 0.28)
  📝 Reason: 5m: MACD bearish; 15m: MACD bearish; 1h: MACD bearish; 4h: RSI oversold (19.4)
  ⚠️ Sell signal but no position

[02:02:10] Cycle 134
  💰 Current Price: $84.64
  🎯 Signal: SELL (confidence: 0.28)
  📝 Reason: 5m: MACD bearish; 15m: MACD bearish; 1h: MACD bearish; 4h: RSI oversold (19.4)
  ⚠️ Sell signal but no position

[02:02:41] Cycle 135
  💰 Current Price: $84.65
  🎯 Signal: SELL (confidence: 0.28)
  📝 Reason: 5m: MACD bearish; 15m: MACD bearish; 1h: MACD bearish; 4h: RSI oversold (19.4)
  ⚠️ Sell signal but no position

[02:03:12] Cycle 136
  💰 Current Price: $84.65
  🎯 Signal: SELL (confidence: 0.28)
  📝 Reason: 5m: MACD bearish; 15m: MACD bearish; 1h: MACD bearish; 4h: RSI oversold (19.4)
  ⚠️ Sell signal but no position

[02:03:43] Cycle 137
  💰 Current Price: $84.67
  🎯 Signal: SELL (confidence: 0.28)
  📝 Reason: 5m: MACD bearish; 15m: MACD bearish; 1h: MACD bearish; 4h: RSI oversold (19.4)
  ⚠️ Sell signal but no position

[02:04:14] Cycle 138
  💰 Current Price: $84.66
  🎯 Signal: SELL (confidence: 0.28)
  📝 Reason: 5m: MACD bearish; 15m: MACD bearish; 1h: MACD bearish; 4h: RSI oversold (19.4)
  ⚠️ Sell signal but no position

[02:04:45] Cycle 139
  💰 Current Price: $84.67
  🎯 Signal: SELL (confidence: 0.28)
  📝 Reason: 5m: MACD bearish; 15m: MACD bearish; 1h: MACD bearish; 4h: RSI oversold (19.4)
  ⚠️ Sell signal but no position

[02:05:16] Cycle 140
  💰 Current Price: $84.67
  🎯 Signal: SELL (confidence: 0.28)
  📝 Reason: 5m: MACD bearish; 15m: MACD bearish; 1h: MACD bearish; 4h: RSI oversold (19.4)
  ⚠️ Sell signal but no position

[02:05:47] Cycle 141
  💰 Current Price: $84.65
  🎯 Signal: SELL (confidence: 0.28)
  📝 Reason: 5m: MACD bearish; 15m: MACD bearish; 1h: MACD bearish; 4h: RSI oversold (19.4)
  ⚠️ Sell signal but no position

[02:06:18] Cycle 142
  💰 Current Price: $84.64
  🎯 Signal: SELL (confidence: 0.28)
  📝 Reason: 5m: MACD bearish; 15m: MACD bearish; 1h: MACD bearish; 4h: RSI oversold (19.4)
  ⚠️ Sell signal but no position

[02:06:49] Cycle 143
  💰 Current Price: $84.62
  🎯 Signal: SELL (confidence: 0.28)
  📝 Reason: 5m: MACD bearish; 15m: MACD bearish; 1h: MACD bearish; 4h: RSI oversold (19.3)
  ⚠️ Sell signal but no position

[02:07:20] Cycle 144
  💰 Current Price: $84.63
  🎯 Signal: SELL (confidence: 0.28)
  📝 Reason: 5m: MACD bearish; 15m: MACD bearish; 1h: MACD bearish; 4h: RSI oversold (19.3)
  ⚠️ Sell signal but no position

[02:07:51] Cycle 145
  💰 Current Price: $84.61
  🎯 Signal: SELL (confidence: 0.28)
  📝 Reason: 5m: MACD bearish; 15m: MACD bearish; 1h: MACD bearish; 4h: RSI oversold (19.3)
  ⚠️ Sell signal but no position

[02:08:22] Cycle 146
  💰 Current Price: $84.64
  🎯 Signal: SELL (confidence: 0.28)
  📝 Reason: 5m: MACD bearish; 15m: MACD bearish; 1h: MACD bearish; 4h: RSI oversold (19.4)
  ⚠️ Sell signal but no position

[02:08:52] Cycle 147
  💰 Current Price: $84.65
  🎯 Signal: SELL (confidence: 0.28)
  📝 Reason: 5m: MACD bearish; 15m: MACD bearish; 1h: MACD bearish; 4h: RSI oversold (19.4)
  ⚠️ Sell signal but no position

[02:09:24] Cycle 148
  💰 Current Price: $84.67
  🎯 Signal: SELL (confidence: 0.28)
  📝 Reason: 5m: MACD bearish; 15m: MACD bearish; 1h: MACD bearish; 4h: RSI oversold (19.4)
  ⚠️ Sell signal but no position

[02:09:55] Cycle 149
  💰 Current Price: $84.67
  🎯 Signal: SELL (confidence: 0.28)
  📝 Reason: 5m: MACD bearish; 15m: MACD bearish; 1h: MACD bearish; 4h: RSI oversold (19.4)
  ⚠️ Sell signal but no position

[02:10:25] Cycle 150
  💰 Current Price: $84.70
  🎯 Signal: SELL (confidence: 0.28)
  📝 Reason: 5m: MACD bearish; 15m: MACD bearish; 1h: MACD bearish; 4h: RSI oversold (19.5)
  ⚠️ Sell signal but no position

[02:10:56] Cycle 151
  💰 Current Price: $84.72
  🎯 Signal: SELL (confidence: 0.28)
  📝 Reason: 5m: MACD bearish; 15m: MACD bearish; 1h: MACD bearish; 4h: RSI oversold (19.6)
  ⚠️ Sell signal but no position

[02:11:27] Cycle 152
  💰 Current Price: $84.72
  🎯 Signal: SELL (confidence: 0.28)
  📝 Reason: 5m: MACD bearish; 15m: MACD bearish; 1h: MACD bearish; 4h: RSI oversold (19.6)
  ⚠️ Sell signal but no position

[02:11:58] Cycle 153
  💰 Current Price: $84.72
  🎯 Signal: SELL (confidence: 0.28)
  📝 Reason: 5m: MACD bearish; 15m: MACD bearish; 1h: MACD bearish; 4h: RSI oversold (19.6)
  ⚠️ Sell signal but no position

[02:12:29] Cycle 154
  💰 Current Price: $84.72
  🎯 Signal: SELL (confidence: 0.28)
  📝 Reason: 5m: MACD bearish; 15m: MACD bearish; 1h: MACD bearish; 4h: RSI oversold (19.6)
  ⚠️ Sell signal but no position

[02:13:00] Cycle 155
  💰 Current Price: $84.72
  🎯 Signal: SELL (confidence: 0.28)
  📝 Reason: 5m: MACD bearish; 15m: MACD bearish; 1h: MACD bearish; 4h: RSI oversold (19.6)
  ⚠️ Sell signal but no position

[02:13:31] Cycle 156
  💰 Current Price: $84.74
  🎯 Signal: SELL (confidence: 0.28)
  📝 Reason: 5m: MACD bearish; 15m: MACD bearish; 1h: MACD bearish; 4h: RSI oversold (19.7)
  ⚠️ Sell signal but no position

[02:14:02] Cycle 157
  💰 Current Price: $84.72
  🎯 Signal: SELL (confidence: 0.28)
  📝 Reason: 5m: MACD bearish; 15m: MACD bearish; 1h: MACD bearish; 4h: RSI oversold (19.6)
  ⚠️ Sell signal but no position

[02:14:32] Cycle 158
  💰 Current Price: $84.72
  🎯 Signal: SELL (confidence: 0.28)
  📝 Reason: 5m: MACD bearish; 15m: MACD bearish; 1h: MACD bearish; 4h: RSI oversold (19.6)
  ⚠️ Sell signal but no position

[02:15:03] Cycle 159
  💰 Current Price: $84.71
  🎯 Signal: SELL (confidence: 0.28)
  📝 Reason: 5m: MACD bearish; 15m: MACD bearish; 1h: MACD bearish; 4h: RSI oversold (19.5)
  ⚠️ Sell signal but no position

[02:15:34] Cycle 160
  💰 Current Price: $84.70
  🎯 Signal: SELL (confidence: 0.28)
  📝 Reason: 5m: MACD bearish; 15m: MACD bearish; 1h: MACD bearish; 4h: RSI oversold (19.5)
  ⚠️ Sell signal but no position

[02:16:05] Cycle 161
  💰 Current Price: $84.71
  🎯 Signal: SELL (confidence: 0.28)
  📝 Reason: 5m: MACD bearish; 15m: MACD bearish; 1h: MACD bearish; 4h: RSI oversold (19.5)
  ⚠️ Sell signal but no position

[02:16:36] Cycle 162
  💰 Current Price: $84.70
  🎯 Signal: SELL (confidence: 0.28)
  📝 Reason: 5m: MACD bearish; 15m: MACD bearish; 1h: MACD bearish; 4h: RSI oversold (19.5)
  ⚠️ Sell signal but no position

[02:17:07] Cycle 163
  💰 Current Price: $84.70
  🎯 Signal: SELL (confidence: 0.28)
  📝 Reason: 5m: MACD bearish; 15m: MACD bearish; 1h: MACD bearish; 4h: RSI oversold (19.5)
  ⚠️ Sell signal but no position

[02:17:37] Cycle 164
  💰 Current Price: $84.67
  🎯 Signal: SELL (confidence: 0.28)
  📝 Reason: 5m: MACD bearish; 15m: MACD bearish; 1h: MACD bearish; 4h: RSI oversold (19.4)
  ⚠️ Sell signal but no position

[02:18:08] Cycle 165
  💰 Current Price: $84.67
  🎯 Signal: SELL (confidence: 0.28)
  📝 Reason: 5m: MACD bearish; 15m: MACD bearish; 1h: MACD bearish; 4h: RSI oversold (19.4)
  ⚠️ Sell signal but no position

[02:18:39] Cycle 166
  💰 Current Price: $84.67
  🎯 Signal: SELL (confidence: 0.28)
  📝 Reason: 5m: MACD bearish; 15m: MACD bearish; 1h: MACD bearish; 4h: RSI oversold (19.4)
  ⚠️ Sell signal but no position

[02:19:10] Cycle 167
  💰 Current Price: $84.66
  🎯 Signal: SELL (confidence: 0.28)
  📝 Reason: 5m: MACD bearish; 15m: MACD bearish; 1h: MACD bearish; 4h: RSI oversold (19.4)
  ⚠️ Sell signal but no position

[02:19:41] Cycle 168
  💰 Current Price: $84.66
  🎯 Signal: SELL (confidence: 0.28)
  ⚠️ Sell signal but no position

[02:17:30] Cycle 170
  💰 Current Price: $84.67
  🎯 Signal: SELL (confidence: 0.28)
  📝 Reason: 5m: MACD bearish; 15m: MACD bearish; 1h: MACD bearish; 4h: RSI oversold (19.4)
  ⚠️ Sell signal but no position

[02:18:01] Cycle 171
  💰 Current Price: $84.65
  🎯 Signal: SELL (confidence: 0.28)
  📝 Reason: 5m: MACD bearish; 15m: MACD bearish; 1h: MACD bearish; 4h: RSI oversold (19.4)
  ⚠️ Sell signal but no position

[02:18:32] Cycle 172
  💰 Current Price: $84.67
  🎯 Signal: SELL (confidence: 0.28)
  📝 Reason: 5m: MACD bearish; 15m: MACD bearish; 1h: MACD bearish; 4h: RSI oversold (19.4)
  ⚠️ Sell signal but no position

[02:19:03] Cycle 173
  💰 Current Price: $84.66
  🎯 Signal: SELL (confidence: 0.28)
  📝 Reason: 5m: MACD bearish; 15m: MACD bearish; 1h: MACD bearish; 4h: RSI oversold (19.4)
  ⚠️ Sell signal but no position

[02:19:34] Cycle 174
  💰 Current Price: $84.66
  🎯 Signal: SELL (confidence: 0.28)
  📝 Reason: 5m: MACD bearish; 15m: MACD bearish; 1h: MACD bearish; 4h: RSI oversold (19.4)
  ⚠️ Sell signal but no position

[02:20:05] Cycle 175
  💰 Current Price: $84.65
  🎯 Signal: SELL (confidence: 0.28)
  📝 Reason: 5m: MACD bearish; 15m: MACD bearish; 1h: MACD bearish; 4h: RSI oversold (19.4)
  ⚠️ Sell signal but no position

[02:20:36] Cycle 176
  💰 Current Price: $84.65
  🎯 Signal: SELL (confidence: 0.28)
  📝 Reason: 5m: MACD bearish; 15m: MACD bearish; 1h: MACD bearish; 4h: RSI oversold (19.4)
  ⚠️ Sell signal but no position

[02:21:06] Cycle 177
  💰 Current Price: $84.60
  🎯 Signal: SELL (confidence: 0.28)
  📝 Reason: 5m: MACD bearish; 15m: MACD bearish; 1h: MACD bearish; 4h: RSI oversold (19.3)
  ⚠️ Sell signal but no position

[02:21:37] Cycle 178
  💰 Current Price: $84.61
  🎯 Signal: SELL (confidence: 0.28)
  📝 Reason: 5m: MACD bearish; 15m: MACD bearish; 1h: MACD bearish; 4h: RSI oversold (19.3)
  ⚠️ Sell signal but no position

[02:22:08] Cycle 179
  💰 Current Price: $84.61
  🎯 Signal: SELL (confidence: 0.28)
  📝 Reason: 5m: MACD bearish; 15m: MACD bearish; 1h: MACD bearish; 4h: RSI oversold (19.3)
  ⚠️ Sell signal but no position

[02:22:39] Cycle 180
  💰 Current Price: $84.56
  🎯 Signal: SELL (confidence: 0.28)
  📝 Reason: 5m: MACD bearish; 15m: MACD bearish; 1h: MACD bearish; 4h: RSI oversold (19.2)
  ⚠️ Sell signal but no position

[02:23:10] Cycle 181
  💰 Current Price: $84.56
  🎯 Signal: SELL (confidence: 0.28)
  📝 Reason: 5m: MACD bearish; 15m: MACD bearish; 1h: MACD bearish; 4h: RSI oversold (19.2)
  ⚠️ Sell signal but no position

[02:23:40] Cycle 182
  💰 Current Price: $84.52
  🎯 Signal: SELL (confidence: 0.28)
  📝 Reason: 5m: MACD bearish; 15m: MACD bearish; 1h: MACD bearish; 4h: RSI oversold (19.2)
  ⚠️ Sell signal but no position

[02:24:11] Cycle 183
  💰 Current Price: $84.47
  🎯 Signal: SELL (confidence: 0.28)
  📝 Reason: 5m: MACD bearish; 15m: MACD bearish; 1h: MACD bearish; 4h: RSI oversold (19.1)
  ⚠️ Sell signal but no position

[02:24:42] Cycle 184
  💰 Current Price: $84.49
  🎯 Signal: SELL (confidence: 0.28)
  📝 Reason: 5m: MACD bearish; 15m: MACD bearish; 1h: MACD bearish; 4h: RSI oversold (19.2)
  ⚠️ Sell signal but no position

[02:25:13] Cycle 185
  💰 Current Price: $84.52
  🎯 Signal: SELL (confidence: 0.28)
  📝 Reason: 5m: MACD bearish; 15m: MACD bearish; 1h: MACD bearish; 4h: RSI oversold (19.2)
  ⚠️ Sell signal but no position

[02:25:44] Cycle 186
  💰 Current Price: $84.54
  🎯 Signal: SELL (confidence: 0.28)
  📝 Reason: 5m: MACD bearish; 15m: MACD bearish; 1h: MACD bearish; 4h: RSI oversold (19.2)
  ⚠️ Sell signal but no position

[02:26:15] Cycle 187
  💰 Current Price: $84.53
  🎯 Signal: SELL (confidence: 0.28)
  📝 Reason: 5m: MACD bearish; 15m: MACD bearish; 1h: MACD bearish; 4h: RSI oversold (19.2)
  ⚠️ Sell signal but no position

[02:26:46] Cycle 188
  💰 Current Price: $84.54
  🎯 Signal: SELL (confidence: 0.28)
  📝 Reason: 5m: MACD bearish; 15m: MACD bearish; 1h: MACD bearish; 4h: RSI oversold (19.2)
  ⚠️ Sell signal but no position

[02:27:17] Cycle 189
  💰 Current Price: $84.52
  🎯 Signal: SELL (confidence: 0.28)
  📝 Reason: 5m: MACD bearish; 15m: MACD bearish; 1h: MACD bearish; 4h: RSI oversold (19.2)
  ⚠️ Sell signal but no position

[02:27:47] Cycle 190
  💰 Current Price: $84.52
  🎯 Signal: SELL (confidence: 0.28)
  📝 Reason: 5m: MACD bearish; 15m: MACD bearish; 1h: MACD bearish; 4h: RSI oversold (19.2)
  ⚠️ Sell signal but no position

[02:28:18] Cycle 191
  💰 Current Price: $84.52
  🎯 Signal: SELL (confidence: 0.28)
  📝 Reason: 5m: MACD bearish; 15m: MACD bearish; 1h: MACD bearish; 4h: RSI oversold (19.2)
  ⚠️ Sell signal but no position

[02:28:49] Cycle 192
  💰 Current Price: $84.49
  🎯 Signal: SELL (confidence: 0.28)
  📝 Reason: 5m: MACD bearish; 15m: MACD bearish; 1h: MACD bearish; 4h: RSI oversold (19.2)
  ⚠️ Sell signal but no position

[02:29:20] Cycle 193
  💰 Current Price: $84.50
  🎯 Signal: SELL (confidence: 0.28)
  📝 Reason: 5m: MACD bearish; 15m: MACD bearish; 1h: MACD bearish; 4h: RSI oversold (19.2)
  ⚠️ Sell signal but no position

[02:29:51] Cycle 194
  💰 Current Price: $84.49
  🎯 Signal: SELL (confidence: 0.28)
  📝 Reason: 5m: MACD bearish; 15m: MACD bearish; 1h: MACD bearish; 4h: RSI oversold (19.2)
  ⚠️ Sell signal but no position

[02:30:21] Cycle 195
  💰 Current Price: $84.35
  🎯 Signal: HOLD (confidence: 0.07)
  📝 Reason: 5m: MACD bearish; 15m: RSI oversold (23.8); 15m: MACD bearish; 1h: MACD bearish

[02:30:52] Cycle 196
  💰 Current Price: $84.35
  🎯 Signal: HOLD (confidence: 0.07)
  📝 Reason: 5m: MACD bearish; 15m: RSI oversold (23.8); 15m: MACD bearish; 1h: MACD bearish

[02:31:23] Cycle 197
  💰 Current Price: $84.35
  🎯 Signal: HOLD (confidence: 0.07)
  📝 Reason: 5m: MACD bearish; 15m: RSI oversold (24.2); 15m: MACD bearish; 1h: MACD bearish

[02:31:54] Cycle 198
  💰 Current Price: $84.38
  🎯 Signal: HOLD (confidence: 0.07)
  📝 Reason: 5m: MACD bearish; 15m: RSI oversold (24.4); 15m: MACD bearish; 1h: MACD bearish

[02:32:25] Cycle 199
  💰 Current Price: $84.37
  🎯 Signal: HOLD (confidence: 0.07)
  📝 Reason: 5m: MACD bearish; 15m: RSI oversold (24.2); 15m: MACD bearish; 1h: MACD bearish

[02:32:56] Cycle 200
  💰 Current Price: $84.41
  🎯 Signal: HOLD (confidence: 0.07)
  📝 Reason: 5m: MACD bearish; 15m: RSI oversold (25.0); 15m: MACD bearish; 1h: MACD bearish

[02:33:27] Cycle 201
  💰 Current Price: $84.40
  🎯 Signal: HOLD (confidence: 0.07)
  📝 Reason: 5m: MACD bearish; 15m: RSI oversold (24.8); 15m: MACD bearish; 1h: MACD bearish

[02:33:57] Cycle 202
  💰 Current Price: $84.41
  🎯 Signal: HOLD (confidence: 0.07)
  📝 Reason: 5m: MACD bearish; 15m: RSI oversold (25.0); 15m: MACD bearish; 1h: MACD bearish

[02:34:28] Cycle 203
  💰 Current Price: $84.37
  🎯 Signal: HOLD (confidence: 0.07)
  📝 Reason: 5m: MACD bearish; 15m: RSI oversold (24.2); 15m: MACD bearish; 1h: MACD bearish

[02:34:59] Cycle 204
  💰 Current Price: $84.33
  🎯 Signal: HOLD (confidence: 0.07)
  📝 Reason: 5m: MACD bearish; 15m: RSI oversold (23.5); 15m: MACD bearish; 1h: MACD bearish

[02:35:30] Cycle 205
  💰 Current Price: $84.36
  🎯 Signal: HOLD (confidence: 0.07)
  📝 Reason: 5m: MACD bearish; 15m: RSI oversold (24.0); 15m: MACD bearish; 1h: MACD bearish

[02:36:00] Cycle 206
  💰 Current Price: $84.40
  🎯 Signal: HOLD (confidence: 0.07)
  📝 Reason: 5m: MACD bearish; 15m: RSI oversold (24.8); 15m: MACD bearish; 1h: MACD bearish

[02:36:31] Cycle 207
  💰 Current Price: $84.38
  🎯 Signal: HOLD (confidence: 0.07)
  📝 Reason: 5m: MACD bearish; 15m: RSI oversold (24.4); 15m: MACD bearish; 1h: MACD bearish

[02:37:02] Cycle 208
  💰 Current Price: $84.39
  🎯 Signal: HOLD (confidence: 0.07)
  📝 Reason: 5m: MACD bearish; 15m: RSI oversold (24.6); 15m: MACD bearish; 1h: MACD bearish

[02:37:33] Cycle 209
  📝 Reason: 5m: MACD bearish; 15m: MACD bearish; 1h: MACD bearish; 4h: RSI oversold (19.4)
  ⚠️ Sell signal but no position

[02:20:12] Cycle 169
  💰 Current Price: $84.65
  🎯 Signal: SELL (confidence: 0.28)
  📝 Reason: 5m: MACD bearish; 15m: MACD bearish; 1h: MACD bearish; 4h: RSI oversold (19.4)
  ⚠️ Sell signal but no position

[02:20:43] Cycle 170
  💰 Current Price: $84.61
  🎯 Signal: SELL (confidence: 0.28)
  📝 Reason: 5m: MACD bearish; 15m: MACD bearish; 1h: MACD bearish; 4h: RSI oversold (19.3)
  ⚠️ Sell signal but no position

[02:21:14] Cycle 171
  💰 Current Price: $84.61
  🎯 Signal: SELL (confidence: 0.28)
  📝 Reason: 5m: MACD bearish; 15m: MACD bearish; 1h: MACD bearish; 4h: RSI oversold (19.3)
  ⚠️ Sell signal but no position

[02:21:45] Cycle 172
  💰 Current Price: $84.61
  🎯 Signal: SELL (confidence: 0.28)
  📝 Reason: 5m: MACD bearish; 15m: MACD bearish; 1h: MACD bearish; 4h: RSI oversold (19.3)
  ⚠️ Sell signal but no position

[02:22:16] Cycle 173
  💰 Current Price: $84.61
  🎯 Signal: SELL (confidence: 0.28)
  📝 Reason: 5m: MACD bearish; 15m: MACD bearish; 1h: MACD bearish; 4h: RSI oversold (19.3)
  ⚠️ Sell signal but no position

[02:22:47] Cycle 174
  💰 Current Price: $84.56
  🎯 Signal: SELL (confidence: 0.28)
  📝 Reason: 5m: MACD bearish; 15m: MACD bearish; 1h: MACD bearish; 4h: RSI oversold (19.2)
  ⚠️ Sell signal but no position

[02:23:18] Cycle 175
  💰 Current Price: $84.54
  🎯 Signal: SELL (confidence: 0.28)
  📝 Reason: 5m: MACD bearish; 15m: MACD bearish; 1h: MACD bearish; 4h: RSI oversold (19.2)
  ⚠️ Sell signal but no position

[02:23:48] Cycle 176
  💰 Current Price: $84.50
  🎯 Signal: SELL (confidence: 0.28)
  📝 Reason: 5m: MACD bearish; 15m: MACD bearish; 1h: MACD bearish; 4h: RSI oversold (19.1)
  ⚠️ Sell signal but no position

[02:24:20] Cycle 177
  💰 Current Price: $84.47
  🎯 Signal: SELL (confidence: 0.28)
  📝 Reason: 5m: MACD bearish; 15m: MACD bearish; 1h: MACD bearish; 4h: RSI oversold (19.1)
  ⚠️ Sell signal but no position

[02:24:50] Cycle 178
  💰 Current Price: $84.49
  🎯 Signal: SELL (confidence: 0.28)
  📝 Reason: 5m: MACD bearish; 15m: MACD bearish; 1h: MACD bearish; 4h: RSI oversold (19.2)
  ⚠️ Sell signal but no position

[02:25:21] Cycle 179
  💰 Current Price: $84.52
  🎯 Signal: SELL (confidence: 0.28)
  📝 Reason: 5m: MACD bearish; 15m: MACD bearish; 1h: MACD bearish; 4h: RSI oversold (19.2)
  ⚠️ Sell signal but no position

[02:25:52] Cycle 180
  💰 Current Price: $84.54
  🎯 Signal: SELL (confidence: 0.28)
  📝 Reason: 5m: MACD bearish; 15m: MACD bearish; 1h: MACD bearish; 4h: RSI oversold (19.2)
  ⚠️ Sell signal but no position

[02:26:23] Cycle 181
  💰 Current Price: $84.54
  🎯 Signal: SELL (confidence: 0.28)
  📝 Reason: 5m: MACD bearish; 15m: MACD bearish; 1h: MACD bearish; 4h: RSI oversold (19.2)
  ⚠️ Sell signal but no position

[02:26:54] Cycle 182
  💰 Current Price: $84.54
  🎯 Signal: SELL (confidence: 0.28)
  📝 Reason: 5m: MACD bearish; 15m: MACD bearish; 1h: MACD bearish; 4h: RSI oversold (19.2)
  ⚠️ Sell signal but no position

[02:27:25] Cycle 183
  💰 Current Price: $84.52
  🎯 Signal: SELL (confidence: 0.28)
  📝 Reason: 5m: MACD bearish; 15m: MACD bearish; 1h: MACD bearish; 4h: RSI oversold (19.2)
  ⚠️ Sell signal but no position

[02:27:56] Cycle 184
  💰 Current Price: $84.52
  🎯 Signal: SELL (confidence: 0.28)
  📝 Reason: 5m: MACD bearish; 15m: MACD bearish; 1h: MACD bearish; 4h: RSI oversold (19.2)
  ⚠️ Sell signal but no position

[02:28:27] Cycle 185
  💰 Current Price: $84.52
  🎯 Signal: SELL (confidence: 0.28)
  📝 Reason: 5m: MACD bearish; 15m: MACD bearish; 1h: MACD bearish; 4h: RSI oversold (19.2)
  ⚠️ Sell signal but no position

[02:28:57] Cycle 186
  💰 Current Price: $84.49
  🎯 Signal: SELL (confidence: 0.28)
  📝 Reason: 5m: MACD bearish; 15m: MACD bearish; 1h: MACD bearish; 4h: RSI oversold (19.2)
  ⚠️ Sell signal but no position

[02:29:28] Cycle 187
  💰 Current Price: $84.50
  🎯 Signal: SELL (confidence: 0.28)
  📝 Reason: 5m: MACD bearish; 15m: MACD bearish; 1h: MACD bearish; 4h: RSI oversold (19.2)
  ⚠️ Sell signal but no position

[02:29:59] Cycle 188
  💰 Current Price: $84.47
  🎯 Signal: SELL (confidence: 0.28)
  📝 Reason: 5m: MACD bearish; 15m: MACD bearish; 1h: MACD bearish; 4h: RSI oversold (19.1)
  ⚠️ Sell signal but no position

[02:30:30] Cycle 189
  💰 Current Price: $84.33
  🎯 Signal: HOLD (confidence: 0.07)
  📝 Reason: 5m: MACD bearish; 15m: RSI oversold (23.5); 15m: MACD bearish; 1h: MACD bearish

[02:31:01] Cycle 190
  💰 Current Price: $84.35
  🎯 Signal: HOLD (confidence: 0.07)
  📝 Reason: 5m: MACD bearish; 15m: RSI oversold (23.8); 15m: MACD bearish; 1h: MACD bearish

[02:31:32] Cycle 191
  💰 Current Price: $84.38
  🎯 Signal: HOLD (confidence: 0.07)
  📝 Reason: 5m: MACD bearish; 15m: RSI oversold (24.4); 15m: MACD bearish; 1h: MACD bearish

[02:32:03] Cycle 192
  💰 Current Price: $84.38
  🎯 Signal: HOLD (confidence: 0.07)
  📝 Reason: 5m: MACD bearish; 15m: RSI oversold (24.4); 15m: MACD bearish; 1h: MACD bearish

[02:32:33] Cycle 193
  💰 Current Price: $84.37
  🎯 Signal: HOLD (confidence: 0.07)
  📝 Reason: 5m: MACD bearish; 15m: RSI oversold (24.6); 15m: MACD bearish; 1h: MACD bearish

[02:33:04] Cycle 194
  💰 Current Price: $84.41
  🎯 Signal: HOLD (confidence: 0.07)
  📝 Reason: 5m: MACD bearish; 15m: RSI oversold (25.0); 15m: MACD bearish; 1h: MACD bearish

[02:33:35] Cycle 195
  💰 Current Price: $84.40
  🎯 Signal: HOLD (confidence: 0.07)
  📝 Reason: 5m: MACD bearish; 15m: RSI oversold (24.8); 15m: MACD bearish; 1h: MACD bearish

[02:34:06] Cycle 196
  💰 Current Price: $84.41
  🎯 Signal: HOLD (confidence: 0.07)
  📝 Reason: 5m: MACD bearish; 15m: RSI oversold (25.0); 15m: MACD bearish; 1h: MACD bearish

[02:34:37] Cycle 197
  💰 Current Price: $84.37
  🎯 Signal: HOLD (confidence: 0.07)
  📝 Reason: 5m: MACD bearish; 15m: RSI oversold (24.2); 15m: MACD bearish; 1h: MACD bearish

[02:35:07] Cycle 198
  💰 Current Price: $84.37
  🎯 Signal: HOLD (confidence: 0.07)
  📝 Reason: 5m: MACD bearish; 15m: RSI oversold (24.2); 15m: MACD bearish; 1h: MACD bearish

[02:35:38] Cycle 199
  💰 Current Price: $84.36
  🎯 Signal: HOLD (confidence: 0.07)
  📝 Reason: 5m: MACD bearish; 15m: RSI oversold (24.0); 15m: MACD bearish; 1h: MACD bearish

[02:36:09] Cycle 200
  💰 Current Price: $84.40
  🎯 Signal: HOLD (confidence: 0.07)
  📝 Reason: 5m: MACD bearish; 15m: RSI oversold (24.8); 15m: MACD bearish; 1h: MACD bearish

[02:36:41] Cycle 201
  💰 Current Price: $84.38
  🎯 Signal: HOLD (confidence: 0.07)
  📝 Reason: 5m: MACD bearish; 15m: RSI oversold (24.4); 15m: MACD bearish; 1h: MACD bearish

[02:37:12] Cycle 202
  💰 Current Price: $84.34
  🎯 Signal: HOLD (confidence: 0.07)
  📝 Reason: 5m: MACD bearish; 15m: RSI oversold (23.7); 15m: MACD bearish; 1h: MACD bearish

[02:37:42] Cycle 203
  💰 Current Price: $84.34
  🎯 Signal: HOLD (confidence: 0.07)
  📝 Reason: 5m: MACD bearish; 15m: RSI oversold (23.7); 15m: MACD bearish; 1h: MACD bearish

[02:38:13] Cycle 204
  💰 Current Price: $84.36
  🎯 Signal: HOLD (confidence: 0.07)
  📝 Reason: 5m: MACD bearish; 15m: RSI oversold (24.0); 15m: MACD bearish; 1h: MACD bearish

[02:38:44] Cycle 205
  💰 Current Price: $84.38
  🎯 Signal: HOLD (confidence: 0.07)
  📝 Reason: 5m: MACD bearish; 15m: RSI oversold (24.4); 15m: MACD bearish; 1h: MACD bearish

[02:39:15] Cycle 206
  💰 Current Price: $84.33
  🎯 Signal: HOLD (confidence: 0.07)
  📝 Reason: 5m: MACD bearish; 15m: RSI oversold (24.2); 15m: MACD bearish; 1h: MACD bearish

[02:39:46] Cycle 207
  💰 Current Price: $84.41
  🎯 Signal: HOLD (confidence: 0.07)
  📝 Reason: 5m: MACD bearish; 15m: RSI oversold (25.0); 15m: MACD bearish; 1h: MACD bearish

[02:40:17] Cycle 208
  💰 Current Price: $84.46
  🎯 Signal: HOLD (confidence: 0.07)
  💰 Current Price: $84.33
  🎯 Signal: HOLD (confidence: 0.03)
  📝 Reason: 5m: RSI oversold (29.1); 5m: MACD bearish; 15m: RSI oversold (23.5); 15m: MACD bearish

[02:38:04] Cycle 210
  💰 Current Price: $84.34
  🎯 Signal: HOLD (confidence: 0.07)
  📝 Reason: 5m: MACD bearish; 15m: RSI oversold (24.0); 15m: MACD bearish; 1h: MACD bearish

[02:38:35] Cycle 211
  💰 Current Price: $84.40
  🎯 Signal: HOLD (confidence: 0.07)
  📝 Reason: 5m: MACD bearish; 15m: RSI oversold (24.8); 15m: MACD bearish; 1h: MACD bearish

[02:39:05] Cycle 212
  💰 Current Price: $84.33
  🎯 Signal: HOLD (confidence: 0.03)
  📝 Reason: 5m: RSI oversold (29.1); 5m: MACD bearish; 15m: RSI oversold (23.5); 15m: MACD bearish

[02:39:36] Cycle 213
  💰 Current Price: $84.37
  🎯 Signal: HOLD (confidence: 0.07)
  📝 Reason: 5m: MACD bearish; 15m: RSI oversold (24.2); 15m: MACD bearish; 1h: MACD bearish

[02:40:07] Cycle 214
  💰 Current Price: $84.41
  🎯 Signal: HOLD (confidence: 0.07)
  📝 Reason: 5m: MACD bearish; 15m: RSI oversold (25.0); 15m: MACD bearish; 1h: MACD bearish

[02:40:38] Cycle 215
  💰 Current Price: $84.46
  🎯 Signal: HOLD (confidence: 0.07)
  📝 Reason: 5m: MACD bearish; 15m: RSI oversold (26.1); 15m: MACD bearish; 1h: MACD bearish

[02:41:09] Cycle 216
  💰 Current Price: $84.46
  🎯 Signal: HOLD (confidence: 0.07)
  📝 Reason: 5m: MACD bearish; 15m: RSI oversold (26.1); 15m: MACD bearish; 1h: MACD bearish

[02:41:40] Cycle 217
  💰 Current Price: $84.46
  🎯 Signal: HOLD (confidence: 0.07)
  📝 Reason: 5m: MACD bearish; 15m: RSI oversold (26.1); 15m: MACD bearish; 1h: MACD bearish

[02:42:11] Cycle 218
  💰 Current Price: $84.54
  🎯 Signal: SELL (confidence: 0.28)
  📝 Reason: 5m: MACD bearish; 15m: MACD bearish; 1h: MACD bearish; 4h: RSI oversold (19.2)
  ⚠️ Sell signal but no position

[02:42:42] Cycle 219
  💰 Current Price: $84.54
  🎯 Signal: SELL (confidence: 0.28)
  📝 Reason: 5m: MACD bearish; 15m: MACD bearish; 1h: MACD bearish; 4h: RSI oversold (19.2)
  ⚠️ Sell signal but no position

[02:43:12] Cycle 220
  💰 Current Price: $84.55
  🎯 Signal: SELL (confidence: 0.28)
  📝 Reason: 5m: MACD bearish; 15m: MACD bearish; 1h: MACD bearish; 4h: RSI oversold (19.2)
  ⚠️ Sell signal but no position

[02:43:43] Cycle 221
  💰 Current Price: $84.53
  🎯 Signal: HOLD (confidence: 0.07)
  📝 Reason: 5m: MACD bearish; 15m: RSI oversold (29.8); 15m: MACD bearish; 1h: MACD bearish

[02:44:14] Cycle 222
  💰 Current Price: $84.53
  🎯 Signal: HOLD (confidence: 0.07)
  📝 Reason: 5m: MACD bearish; 15m: RSI oversold (29.8); 15m: MACD bearish; 1h: MACD bearish

[02:44:45] Cycle 223
  💰 Current Price: $84.51
  🎯 Signal: HOLD (confidence: 0.07)
  📝 Reason: 5m: MACD bearish; 15m: RSI oversold (28.7); 15m: MACD bearish; 1h: MACD bearish

[02:45:16] Cycle 224
  💰 Current Price: $84.47
  🎯 Signal: HOLD (confidence: 0.07)
  📝 Reason: 5m: MACD bearish; 15m: RSI oversold (27.8); 15m: MACD bearish; 1h: MACD bearish

[02:45:47] Cycle 225
  💰 Current Price: $84.47
  🎯 Signal: HOLD (confidence: 0.07)
  📝 Reason: 5m: MACD bearish; 15m: RSI oversold (27.8); 15m: MACD bearish; 1h: MACD bearish

[02:46:18] Cycle 226
  💰 Current Price: $84.49
  🎯 Signal: HOLD (confidence: 0.07)
  📝 Reason: 5m: MACD bearish; 15m: RSI oversold (29.1); 15m: MACD bearish; 1h: MACD bearish

[02:46:49] Cycle 227
  💰 Current Price: $84.41
  🎯 Signal: HOLD (confidence: 0.07)
  📝 Reason: 5m: MACD bearish; 15m: RSI oversold (26.1); 15m: MACD bearish; 1h: MACD bearish

[02:47:20] Cycle 228
  💰 Current Price: $84.44
  🎯 Signal: HOLD (confidence: 0.07)
  📝 Reason: 5m: MACD bearish; 15m: RSI oversold (26.7); 15m: MACD bearish; 1h: MACD bearish

[02:47:51] Cycle 229
  💰 Current Price: $84.38
  🎯 Signal: HOLD (confidence: 0.03)
  📝 Reason: 5m: RSI oversold (29.7); 5m: MACD bearish; 15m: RSI oversold (25.4); 15m: MACD bearish

[02:48:22] Cycle 230
  💰 Current Price: $84.42
  🎯 Signal: HOLD (confidence: 0.07)
  📝 Reason: 5m: MACD bearish; 15m: RSI oversold (26.3); 15m: MACD bearish; 1h: MACD bearish

[02:48:53] Cycle 231
  💰 Current Price: $84.42
  🎯 Signal: HOLD (confidence: 0.07)
  📝 Reason: 5m: MACD bearish; 15m: RSI oversold (26.3); 15m: MACD bearish; 1h: MACD bearish

[02:49:23] Cycle 232
  💰 Current Price: $84.45
  🎯 Signal: HOLD (confidence: 0.07)
  📝 Reason: 5m: MACD bearish; 15m: RSI oversold (27.0); 15m: MACD bearish; 1h: MACD bearish

[02:49:55] Cycle 233
  💰 Current Price: $84.44
  🎯 Signal: HOLD (confidence: 0.07)
  📝 Reason: 5m: MACD bearish; 15m: RSI oversold (26.7); 15m: MACD bearish; 1h: MACD bearish

[02:50:25] Cycle 234
  💰 Current Price: $84.50
  🎯 Signal: HOLD (confidence: 0.07)
  📝 Reason: 5m: MACD bearish; 15m: RSI oversold (29.7); 15m: MACD bearish; 1h: MACD bearish

[02:50:56] Cycle 235
  💰 Current Price: $84.51
  🎯 Signal: SELL (confidence: 0.28)
  📝 Reason: 5m: MACD bearish; 15m: MACD bearish; 1h: MACD bearish; 4h: RSI oversold (19.2)
  ⚠️ Sell signal but no position

[02:51:27] Cycle 236
  💰 Current Price: $84.56
  🎯 Signal: SELL (confidence: 0.28)
  📝 Reason: 5m: MACD bearish; 15m: MACD bearish; 1h: MACD bearish; 4h: RSI oversold (19.2)
  ⚠️ Sell signal but no position

[02:51:57] Cycle 237
  💰 Current Price: $84.54
  🎯 Signal: SELL (confidence: 0.28)
  📝 Reason: 5m: MACD bearish; 15m: MACD bearish; 1h: MACD bearish; 4h: RSI oversold (19.2)
  ⚠️ Sell signal but no position

[02:52:28] Cycle 238
  💰 Current Price: $84.55
  🎯 Signal: SELL (confidence: 0.28)
  📝 Reason: 5m: MACD bearish; 15m: MACD bearish; 1h: MACD bearish; 4h: RSI oversold (19.2)
  ⚠️ Sell signal but no position

[02:52:59] Cycle 239
  💰 Current Price: $84.55
  🎯 Signal: SELL (confidence: 0.28)
  📝 Reason: 5m: MACD bearish; 15m: MACD bearish; 1h: MACD bearish; 4h: RSI oversold (19.2)
  ⚠️ Sell signal but no position

[02:53:30] Cycle 240
  💰 Current Price: $84.56
  🎯 Signal: SELL (confidence: 0.28)
  📝 Reason: 5m: MACD bearish; 15m: MACD bearish; 1h: MACD bearish; 4h: RSI oversold (19.2)
  ⚠️ Sell signal but no position

[02:54:00] Cycle 241
  💰 Current Price: $84.56
  🎯 Signal: SELL (confidence: 0.28)
  📝 Reason: 5m: MACD bearish; 15m: MACD bearish; 1h: MACD bearish; 4h: RSI oversold (19.2)
  ⚠️ Sell signal but no position

[02:54:31] Cycle 242
  💰 Current Price: $84.56
  🎯 Signal: SELL (confidence: 0.28)
  📝 Reason: 5m: MACD bearish; 15m: MACD bearish; 1h: MACD bearish; 4h: RSI oversold (19.2)
  ⚠️ Sell signal but no position

[02:55:02] Cycle 243
  💰 Current Price: $84.47
  🎯 Signal: HOLD (confidence: 0.03)
  📝 Reason: 5m: RSI oversold (27.1); 5m: MACD bearish; 15m: RSI oversold (27.8); 15m: MACD bearish

[02:55:33] Cycle 244
  💰 Current Price: $84.46
  🎯 Signal: HOLD (confidence: 0.03)
  📝 Reason: 5m: RSI oversold (29.2); 5m: MACD bearish; 15m: RSI oversold (27.2); 15m: MACD bearish

[02:56:04] Cycle 245
  💰 Current Price: $84.51
  🎯 Signal: SELL (confidence: 0.28)
  📝 Reason: 5m: MACD bearish; 15m: MACD bearish; 1h: MACD bearish; 4h: RSI oversold (19.2)
  ⚠️ Sell signal but no position

[02:56:35] Cycle 246
  💰 Current Price: $84.51
  🎯 Signal: SELL (confidence: 0.28)
  📝 Reason: 5m: MACD bearish; 15m: MACD bearish; 1h: MACD bearish; 4h: RSI oversold (19.2)
  ⚠️ Sell signal but no position

[02:57:06] Cycle 247
  💰 Current Price: $84.50
  🎯 Signal: HOLD (confidence: 0.07)
  📝 Reason: 5m: MACD bearish; 15m: RSI oversold (29.7); 15m: MACD bearish; 1h: MACD bearish

[02:57:37] Cycle 248
  💰 Current Price: $84.52
  🎯 Signal: SELL (confidence: 0.28)
  📝 Reason: 5m: MACD bearish; 15m: MACD bearish; 1h: MACD bearish; 4h: RSI oversold (19.2)
  ⚠️ Sell signal but no position

[02:58:08] Cycle 249
  💰 Current Price: $84.54
  🎯 Signal: SELL (confidence: 0.28)
  📝 Reason: 5m: MACD bearish; 15m: MACD bearish; 1h: MACD bearish; 4h: RSI oversold (19.2)
  ⚠️ Sell signal but no position

[02:58:39] Cycle 250
  💰 Current Price: $84.57
  📝 Reason: 5m: MACD bearish; 15m: RSI oversold (26.1); 15m: MACD bearish; 1h: MACD bearish

[02:40:47] Cycle 209
  💰 Current Price: $84.46
  🎯 Signal: HOLD (confidence: 0.07)
  📝 Reason: 5m: MACD bearish; 15m: RSI oversold (26.1); 15m: MACD bearish; 1h: MACD bearish

[02:41:18] Cycle 210
  💰 Current Price: $84.46
  🎯 Signal: HOLD (confidence: 0.07)
  📝 Reason: 5m: MACD bearish; 15m: RSI oversold (26.1); 15m: MACD bearish; 1h: MACD bearish

[02:41:49] Cycle 211
  💰 Current Price: $84.54
  🎯 Signal: SELL (confidence: 0.28)
  📝 Reason: 5m: MACD bearish; 15m: MACD bearish; 1h: MACD bearish; 4h: RSI oversold (19.2)
  ⚠️ Sell signal but no position

[02:42:20] Cycle 212
  💰 Current Price: $84.54
  🎯 Signal: SELL (confidence: 0.28)
  📝 Reason: 5m: MACD bearish; 15m: MACD bearish; 1h: MACD bearish; 4h: RSI oversold (19.2)
  ⚠️ Sell signal but no position

[02:42:51] Cycle 213
  💰 Current Price: $84.54
  🎯 Signal: SELL (confidence: 0.28)
  📝 Reason: 5m: MACD bearish; 15m: MACD bearish; 1h: MACD bearish; 4h: RSI oversold (19.2)
  ⚠️ Sell signal but no position

[02:43:22] Cycle 214
  💰 Current Price: $84.53
  🎯 Signal: HOLD (confidence: 0.07)
  📝 Reason: 5m: MACD bearish; 15m: RSI oversold (29.8); 15m: MACD bearish; 1h: MACD bearish

[02:43:52] Cycle 215
  💰 Current Price: $84.53
  🎯 Signal: HOLD (confidence: 0.07)
  📝 Reason: 5m: MACD bearish; 15m: RSI oversold (29.8); 15m: MACD bearish; 1h: MACD bearish

[02:44:24] Cycle 216
  💰 Current Price: $84.53
  🎯 Signal: HOLD (confidence: 0.07)
  📝 Reason: 5m: MACD bearish; 15m: RSI oversold (29.8); 15m: MACD bearish; 1h: MACD bearish

[02:44:54] Cycle 217
  💰 Current Price: $84.50
  🎯 Signal: HOLD (confidence: 0.07)
  📝 Reason: 5m: MACD bearish; 15m: RSI oversold (28.1); 15m: MACD bearish; 1h: MACD bearish

[02:45:25] Cycle 218
  💰 Current Price: $84.47
  🎯 Signal: HOLD (confidence: 0.07)
  📝 Reason: 5m: MACD bearish; 15m: RSI oversold (29.1); 15m: MACD bearish; 1h: MACD bearish

[02:45:56] Cycle 219
  💰 Current Price: $84.47
  🎯 Signal: HOLD (confidence: 0.07)
  📝 Reason: 5m: MACD bearish; 15m: RSI oversold (27.8); 15m: MACD bearish; 1h: MACD bearish

[02:46:27] Cycle 220
  💰 Current Price: $84.48
  🎯 Signal: HOLD (confidence: 0.07)
  📝 Reason: 5m: MACD bearish; 15m: RSI oversold (28.4); 15m: MACD bearish; 1h: MACD bearish

[02:46:57] Cycle 221
  💰 Current Price: $84.43
  🎯 Signal: HOLD (confidence: 0.07)
  📝 Reason: 5m: MACD bearish; 15m: RSI oversold (26.5); 15m: MACD bearish; 1h: MACD bearish

[02:47:28] Cycle 222
  💰 Current Price: $84.42
  🎯 Signal: HOLD (confidence: 0.07)
  📝 Reason: 5m: MACD bearish; 15m: RSI oversold (26.3); 15m: MACD bearish; 1h: MACD bearish

[02:47:59] Cycle 223
  💰 Current Price: $84.38
  🎯 Signal: HOLD (confidence: 0.03)
  📝 Reason: 5m: RSI oversold (29.7); 5m: MACD bearish; 15m: RSI oversold (25.4); 15m: MACD bearish

[02:48:30] Cycle 224
  💰 Current Price: $84.42
  🎯 Signal: HOLD (confidence: 0.07)
  📝 Reason: 5m: MACD bearish; 15m: RSI oversold (26.3); 15m: MACD bearish; 1h: MACD bearish

[02:49:01] Cycle 225
  💰 Current Price: $84.45
  🎯 Signal: HOLD (confidence: 0.07)
  📝 Reason: 5m: MACD bearish; 15m: RSI oversold (27.0); 15m: MACD bearish; 1h: MACD bearish

[02:49:32] Cycle 226
  💰 Current Price: $84.45
  🎯 Signal: HOLD (confidence: 0.07)
  📝 Reason: 5m: MACD bearish; 15m: RSI oversold (27.0); 15m: MACD bearish; 1h: MACD bearish

[02:50:03] Cycle 227
  💰 Current Price: $84.44
  🎯 Signal: HOLD (confidence: 0.07)
  📝 Reason: 5m: MACD bearish; 15m: RSI oversold (26.7); 15m: MACD bearish; 1h: MACD bearish

[02:50:34] Cycle 228
  💰 Current Price: $84.50
  🎯 Signal: HOLD (confidence: 0.07)
  📝 Reason: 5m: MACD bearish; 15m: RSI oversold (29.7); 15m: MACD bearish; 1h: MACD bearish

[02:51:05] Cycle 229
  💰 Current Price: $84.51
  🎯 Signal: SELL (confidence: 0.28)
  📝 Reason: 5m: MACD bearish; 15m: MACD bearish; 1h: MACD bearish; 4h: RSI oversold (19.2)
  ⚠️ Sell signal but no position

[02:51:36] Cycle 230
  💰 Current Price: $84.55
  🎯 Signal: SELL (confidence: 0.28)
  📝 Reason: 5m: MACD bearish; 15m: MACD bearish; 1h: MACD bearish; 4h: RSI oversold (19.2)
  ⚠️ Sell signal but no position

[02:52:06] Cycle 231
  💰 Current Price: $84.58
  🎯 Signal: SELL (confidence: 0.28)
  📝 Reason: 5m: MACD bearish; 15m: MACD bearish; 1h: MACD bearish; 4h: RSI oversold (19.2)
  ⚠️ Sell signal but no position

[02:52:37] Cycle 232
  💰 Current Price: $84.59
  🎯 Signal: SELL (confidence: 0.28)
  📝 Reason: 5m: MACD bearish; 15m: MACD bearish; 1h: MACD bearish; 4h: RSI oversold (19.3)
  ⚠️ Sell signal but no position

[02:53:08] Cycle 233
  💰 Current Price: $84.55
  🎯 Signal: SELL (confidence: 0.28)
  📝 Reason: 5m: MACD bearish; 15m: MACD bearish; 1h: MACD bearish; 4h: RSI oversold (19.2)
  ⚠️ Sell signal but no position

[02:53:39] Cycle 234
  💰 Current Price: $84.56
  🎯 Signal: SELL (confidence: 0.28)
  📝 Reason: 5m: MACD bearish; 15m: MACD bearish; 1h: MACD bearish; 4h: RSI oversold (19.2)
  ⚠️ Sell signal but no position

[02:54:10] Cycle 235
  💰 Current Price: $84.56
  🎯 Signal: SELL (confidence: 0.28)
  📝 Reason: 5m: MACD bearish; 15m: MACD bearish; 1h: MACD bearish; 4h: RSI oversold (19.2)
  ⚠️ Sell signal but no position

[02:54:41] Cycle 236
  💰 Current Price: $84.56
  🎯 Signal: SELL (confidence: 0.28)
  📝 Reason: 5m: MACD bearish; 15m: MACD bearish; 1h: MACD bearish; 4h: RSI oversold (19.2)
  ⚠️ Sell signal but no position

[02:55:12] Cycle 237
  💰 Current Price: $84.47
  🎯 Signal: HOLD (confidence: 0.07)
  📝 Reason: 5m: MACD bearish; 15m: RSI oversold (27.8); 15m: MACD bearish; 1h: MACD bearish

[02:55:42] Cycle 238
  💰 Current Price: $84.46
  🎯 Signal: HOLD (confidence: 0.03)
  📝 Reason: 5m: RSI oversold (29.2); 5m: MACD bearish; 15m: RSI oversold (27.2); 15m: MACD bearish

[02:56:13] Cycle 239
  💰 Current Price: $84.51
  🎯 Signal: SELL (confidence: 0.28)
  📝 Reason: 5m: MACD bearish; 15m: MACD bearish; 1h: MACD bearish; 4h: RSI oversold (19.2)
  ⚠️ Sell signal but no position

[02:56:44] Cycle 240
  💰 Current Price: $84.51
  🎯 Signal: SELL (confidence: 0.28)
  📝 Reason: 5m: MACD bearish; 15m: MACD bearish; 1h: MACD bearish; 4h: RSI oversold (19.2)
  ⚠️ Sell signal but no position

[02:57:15] Cycle 241
  💰 Current Price: $84.50
  🎯 Signal: HOLD (confidence: 0.07)
  📝 Reason: 5m: MACD bearish; 15m: RSI oversold (29.7); 15m: MACD bearish; 1h: MACD bearish

[02:57:46] Cycle 242
  💰 Current Price: $84.51
  🎯 Signal: SELL (confidence: 0.28)
  📝 Reason: 5m: MACD bearish; 15m: MACD bearish; 1h: MACD bearish; 4h: RSI oversold (19.2)
  ⚠️ Sell signal but no position

[02:58:17] Cycle 243
  💰 Current Price: $84.54
  🎯 Signal: SELL (confidence: 0.28)
  📝 Reason: 5m: MACD bearish; 15m: MACD bearish; 1h: MACD bearish; 4h: RSI oversold (19.2)
  ⚠️ Sell signal but no position

[02:58:48] Cycle 244
  💰 Current Price: $84.61
  🎯 Signal: SELL (confidence: 0.28)
  📝 Reason: 5m: MACD bearish; 15m: MACD bearish; 1h: MACD bearish; 4h: RSI oversold (19.3)
  ⚠️ Sell signal but no position

[02:59:19] Cycle 245
  💰 Current Price: $84.61
  🎯 Signal: SELL (confidence: 0.28)
  📝 Reason: 5m: MACD bearish; 15m: MACD bearish; 1h: MACD bearish; 4h: RSI oversold (19.4)
  ⚠️ Sell signal but no position

[02:59:50] Cycle 246
  💰 Current Price: $84.67
  🎯 Signal: SELL (confidence: 0.28)
  📝 Reason: 5m: MACD bearish; 15m: MACD bearish; 1h: MACD bearish; 4h: RSI oversold (19.4)
  ⚠️ Sell signal but no position

[03:00:21] Cycle 247
  💰 Current Price: $84.66
  🎯 Signal: SELL (confidence: 0.28)
  📝 Reason: 5m: MACD bearish; 15m: MACD bearish; 1h: MACD bearish; 4h: RSI oversold (19.4)
  ⚠️ Sell signal but no position

[03:00:51] Cycle 248
  💰 Current Price: $84.66
  🎯 Signal: SELL (confidence: 0.28)
  📝 Reason: 5m: MACD bearish; 15m: MACD bearish; 1h: MACD bearish; 4h: RSI oversold (19.4)
  🎯 Signal: SELL (confidence: 0.28)
  📝 Reason: 5m: MACD bearish; 15m: MACD bearish; 1h: MACD bearish; 4h: RSI oversold (19.3)
  ⚠️ Sell signal but no position

[02:59:09] Cycle 251
  💰 Current Price: $84.59
  🎯 Signal: SELL (confidence: 0.28)
  📝 Reason: 5m: MACD bearish; 15m: MACD bearish; 1h: MACD bearish; 4h: RSI oversold (19.3)
  ⚠️ Sell signal but no position

[02:59:40] Cycle 252
  💰 Current Price: $84.65
  🎯 Signal: SELL (confidence: 0.28)
  📝 Reason: 5m: MACD bearish; 15m: MACD bearish; 1h: MACD bearish; 4h: RSI oversold (19.4)
  ⚠️ Sell signal but no position

[03:00:11] Cycle 253
  💰 Current Price: $84.66
  🎯 Signal: SELL (confidence: 0.28)
  📝 Reason: 5m: MACD bearish; 15m: MACD bearish; 1h: MACD bearish; 4h: RSI oversold (19.4)
  ⚠️ Sell signal but no position

[03:00:42] Cycle 254
  💰 Current Price: $84.66
  🎯 Signal: SELL (confidence: 0.28)
  📝 Reason: 5m: MACD bearish; 15m: MACD bearish; 1h: MACD bearish; 4h: RSI oversold (19.4)
  ⚠️ Sell signal but no position

[03:01:13] Cycle 255
  💰 Current Price: $84.67
  🎯 Signal: SELL (confidence: 0.28)
  📝 Reason: 5m: MACD bearish; 15m: MACD bearish; 1h: MACD bearish; 4h: RSI oversold (19.4)
  ⚠️ Sell signal but no position

[03:01:44] Cycle 256
  💰 Current Price: $84.66
  🎯 Signal: SELL (confidence: 0.28)
  📝 Reason: 5m: MACD bearish; 15m: MACD bearish; 1h: MACD bearish; 4h: RSI oversold (19.4)
  ⚠️ Sell signal but no position

[03:02:15] Cycle 257
  💰 Current Price: $84.74
  🎯 Signal: SELL (confidence: 0.28)
  📝 Reason: 5m: MACD bearish; 15m: MACD bearish; 1h: MACD bearish; 4h: RSI oversold (19.7)
  ⚠️ Sell signal but no position

[03:02:46] Cycle 258
  💰 Current Price: $84.71
  🎯 Signal: SELL (confidence: 0.28)
  📝 Reason: 5m: MACD bearish; 15m: MACD bearish; 1h: MACD bearish; 4h: RSI oversold (19.5)
  ⚠️ Sell signal but no position

[03:03:17] Cycle 259
  💰 Current Price: $84.71
  🎯 Signal: SELL (confidence: 0.28)
  📝 Reason: 5m: MACD bearish; 15m: MACD bearish; 1h: MACD bearish; 4h: RSI oversold (19.5)
  ⚠️ Sell signal but no position

[03:03:48] Cycle 260
  💰 Current Price: $84.70
  🎯 Signal: SELL (confidence: 0.28)
  📝 Reason: 5m: MACD bearish; 15m: MACD bearish; 1h: MACD bearish; 4h: RSI oversold (19.5)
  ⚠️ Sell signal but no position

[03:04:18] Cycle 261
  💰 Current Price: $84.70
  🎯 Signal: SELL (confidence: 0.28)
  📝 Reason: 5m: MACD bearish; 15m: MACD bearish; 1h: MACD bearish; 4h: RSI oversold (19.5)
  ⚠️ Sell signal but no position

[03:04:49] Cycle 262
  💰 Current Price: $84.66
  🎯 Signal: SELL (confidence: 0.28)
  📝 Reason: 5m: MACD bearish; 15m: MACD bearish; 1h: MACD bearish; 4h: RSI oversold (19.4)
  ⚠️ Sell signal but no position

[03:05:20] Cycle 263
  💰 Current Price: $84.71
  🎯 Signal: SELL (confidence: 0.28)
  📝 Reason: 5m: MACD bearish; 15m: MACD bearish; 1h: MACD bearish; 4h: RSI oversold (19.5)
  ⚠️ Sell signal but no position

[03:05:51] Cycle 264
  💰 Current Price: $84.72
  🎯 Signal: SELL (confidence: 0.28)
  📝 Reason: 5m: MACD bearish; 15m: MACD bearish; 1h: MACD bearish; 4h: RSI oversold (19.6)
  ⚠️ Sell signal but no position

[03:06:21] Cycle 265
  💰 Current Price: $84.72
  🎯 Signal: SELL (confidence: 0.28)
  📝 Reason: 5m: MACD bearish; 15m: MACD bearish; 1h: MACD bearish; 4h: RSI oversold (19.6)
  ⚠️ Sell signal but no position

[03:06:52] Cycle 266
  💰 Current Price: $84.73
  🎯 Signal: SELL (confidence: 0.28)
  📝 Reason: 5m: MACD bearish; 15m: MACD bearish; 1h: MACD bearish; 4h: RSI oversold (19.7)
  ⚠️ Sell signal but no position

[03:07:23] Cycle 267
  💰 Current Price: $84.74
  🎯 Signal: SELL (confidence: 0.28)
  📝 Reason: 5m: MACD bearish; 15m: MACD bearish; 1h: MACD bearish; 4h: RSI oversold (19.7)
  ⚠️ Sell signal but no position

[03:07:54] Cycle 268
  💰 Current Price: $84.75
  🎯 Signal: SELL (confidence: 0.28)
  📝 Reason: 5m: MACD bearish; 15m: MACD bearish; 1h: MACD bearish; 4h: RSI oversold (19.8)
  ⚠️ Sell signal but no position

[03:08:25] Cycle 269
  💰 Current Price: $84.75
  🎯 Signal: SELL (confidence: 0.28)
  📝 Reason: 5m: MACD bearish; 15m: MACD bearish; 1h: MACD bearish; 4h: RSI oversold (19.8)
  ⚠️ Sell signal but no position

[03:08:55] Cycle 270
  💰 Current Price: $84.76
  🎯 Signal: SELL (confidence: 0.28)
  📝 Reason: 5m: MACD bearish; 15m: MACD bearish; 1h: MACD bearish; 4h: RSI oversold (19.8)
  ⚠️ Sell signal but no position

[03:09:26] Cycle 271
  💰 Current Price: $84.75
  🎯 Signal: SELL (confidence: 0.28)
  📝 Reason: 5m: MACD bearish; 15m: MACD bearish; 1h: MACD bearish; 4h: RSI oversold (19.8)
  ⚠️ Sell signal but no position

[03:09:57] Cycle 272
  💰 Current Price: $84.72
  🎯 Signal: SELL (confidence: 0.28)
  📝 Reason: 5m: MACD bearish; 15m: MACD bearish; 1h: MACD bearish; 4h: RSI oversold (19.6)
  ⚠️ Sell signal but no position

[03:10:28] Cycle 273
  💰 Current Price: $84.73
  🎯 Signal: SELL (confidence: 0.28)
  📝 Reason: 5m: MACD bearish; 15m: MACD bearish; 1h: MACD bearish; 4h: RSI oversold (19.7)
  ⚠️ Sell signal but no position

[03:10:58] Cycle 274
  💰 Current Price: $84.74
  🎯 Signal: SELL (confidence: 0.28)
  📝 Reason: 5m: MACD bearish; 15m: MACD bearish; 1h: MACD bearish; 4h: RSI oversold (19.7)
  ⚠️ Sell signal but no position

[03:11:30] Cycle 275
  💰 Current Price: $84.74
  🎯 Signal: SELL (confidence: 0.28)
  📝 Reason: 5m: MACD bearish; 15m: MACD bearish; 1h: MACD bearish; 4h: RSI oversold (19.7)
  ⚠️ Sell signal but no position

[03:12:00] Cycle 276
  💰 Current Price: $84.74
  🎯 Signal: SELL (confidence: 0.28)
  📝 Reason: 5m: MACD bearish; 15m: MACD bearish; 1h: MACD bearish; 4h: RSI oversold (19.7)
  ⚠️ Sell signal but no position

[03:12:31] Cycle 277
  💰 Current Price: $84.72
  🎯 Signal: SELL (confidence: 0.28)
  📝 Reason: 5m: MACD bearish; 15m: MACD bearish; 1h: MACD bearish; 4h: RSI oversold (19.6)
  ⚠️ Sell signal but no position

[03:13:02] Cycle 278
  💰 Current Price: $84.72
  🎯 Signal: SELL (confidence: 0.28)
  📝 Reason: 5m: MACD bearish; 15m: MACD bearish; 1h: MACD bearish; 4h: RSI oversold (19.7)
  ⚠️ Sell signal but no position

[03:13:33] Cycle 279
  💰 Current Price: $84.78
  🎯 Signal: SELL (confidence: 0.28)
  📝 Reason: 5m: MACD bearish; 15m: MACD bearish; 1h: MACD bearish; 4h: RSI oversold (19.9)
  ⚠️ Sell signal but no position

[03:14:03] Cycle 280
  💰 Current Price: $84.98
  🎯 Signal: SELL (confidence: 0.28)
  📝 Reason: 5m: MACD bearish; 15m: MACD bearish; 1h: MACD bearish; 4h: RSI oversold (21.1)
  ⚠️ Sell signal but no position

[03:14:34] Cycle 281
  💰 Current Price: $85.01
  🎯 Signal: SELL (confidence: 0.28)
  📝 Reason: 5m: MACD bearish; 15m: MACD bearish; 1h: MACD bearish; 4h: RSI oversold (21.2)
  ⚠️ Sell signal but no position

[03:15:05] Cycle 282
  💰 Current Price: $85.02
  🎯 Signal: SELL (confidence: 0.17)
  📝 Reason: 5m: MACD bullish; 15m: MACD bearish; 1h: MACD bearish; 4h: RSI oversold (21.3)
  ⚠️ Sell signal but no position

[03:15:36] Cycle 283
  💰 Current Price: $84.97
  🎯 Signal: SELL (confidence: 0.17)
  📝 Reason: 5m: MACD bullish; 15m: MACD bearish; 1h: MACD bearish; 4h: RSI oversold (21.0)
  ⚠️ Sell signal but no position

[03:16:06] Cycle 284
  💰 Current Price: $84.93
  🎯 Signal: SELL (confidence: 0.17)
  📝 Reason: 5m: MACD bullish; 15m: MACD bearish; 1h: MACD bearish; 4h: RSI oversold (20.8)
  ⚠️ Sell signal but no position

[03:16:37] Cycle 285
  💰 Current Price: $84.90
  🎯 Signal: SELL (confidence: 0.17)
  📝 Reason: 5m: MACD bullish; 15m: MACD bearish; 1h: MACD bearish; 4h: RSI oversold (20.6)
  ⚠️ Sell signal but no position

[03:17:08] Cycle 286
  💰 Current Price: $84.90
  🎯 Signal: SELL (confidence: 0.17)
  📝 Reason: 5m: MACD bullish; 15m: MACD bearish; 1h: MACD bearish; 4h: RSI oversold (20.6)
  ⚠️ Sell signal but no position

[03:17:39] Cycle 287
  💰 Current Price: $84.84
  ⚠️ Sell signal but no position

[03:01:22] Cycle 249
  💰 Current Price: $84.66
  🎯 Signal: SELL (confidence: 0.28)
  📝 Reason: 5m: MACD bearish; 15m: MACD bearish; 1h: MACD bearish; 4h: RSI oversold (19.4)
  ⚠️ Sell signal but no position

[03:01:53] Cycle 250
  💰 Current Price: $84.66
  🎯 Signal: SELL (confidence: 0.28)
  📝 Reason: 5m: MACD bearish; 15m: MACD bearish; 1h: MACD bearish; 4h: RSI oversold (19.4)
  ⚠️ Sell signal but no position

[03:02:24] Cycle 251
  💰 Current Price: $84.71
  🎯 Signal: SELL (confidence: 0.28)
  📝 Reason: 5m: MACD bearish; 15m: MACD bearish; 1h: MACD bearish; 4h: RSI oversold (19.5)
  ⚠️ Sell signal but no position

[03:02:55] Cycle 252
  💰 Current Price: $84.71
  🎯 Signal: SELL (confidence: 0.28)
  📝 Reason: 5m: MACD bearish; 15m: MACD bearish; 1h: MACD bearish; 4h: RSI oversold (19.4)
  ⚠️ Sell signal but no position

[03:03:26] Cycle 253
  💰 Current Price: $84.72
  🎯 Signal: SELL (confidence: 0.28)
  📝 Reason: 5m: MACD bearish; 15m: MACD bearish; 1h: MACD bearish; 4h: RSI oversold (19.5)
  ⚠️ Sell signal but no position

[03:03:57] Cycle 254
  💰 Current Price: $84.70
  🎯 Signal: SELL (confidence: 0.28)
  📝 Reason: 5m: MACD bearish; 15m: MACD bearish; 1h: MACD bearish; 4h: RSI oversold (19.5)
  ⚠️ Sell signal but no position

[03:04:28] Cycle 255
  💰 Current Price: $84.66
  🎯 Signal: SELL (confidence: 0.28)
  📝 Reason: 5m: MACD bearish; 15m: MACD bearish; 1h: MACD bearish; 4h: RSI oversold (19.4)
  ⚠️ Sell signal but no position

[03:04:59] Cycle 256
  💰 Current Price: $84.68
  🎯 Signal: SELL (confidence: 0.28)
  📝 Reason: 5m: MACD bearish; 15m: MACD bearish; 1h: MACD bearish; 4h: RSI oversold (19.4)
  ⚠️ Sell signal but no position

[03:05:29] Cycle 257
  💰 Current Price: $84.72
  🎯 Signal: SELL (confidence: 0.28)
  📝 Reason: 5m: MACD bearish; 15m: MACD bearish; 1h: MACD bearish; 4h: RSI oversold (19.6)
  ⚠️ Sell signal but no position

[03:06:00] Cycle 258
  💰 Current Price: $84.72
  🎯 Signal: SELL (confidence: 0.28)
  📝 Reason: 5m: MACD bearish; 15m: MACD bearish; 1h: MACD bearish; 4h: RSI oversold (19.6)
  ⚠️ Sell signal but no position

[03:06:31] Cycle 259
  💰 Current Price: $84.72
  🎯 Signal: SELL (confidence: 0.28)
  📝 Reason: 5m: MACD bearish; 15m: MACD bearish; 1h: MACD bearish; 4h: RSI oversold (19.6)
  ⚠️ Sell signal but no position

[03:07:02] Cycle 260
  💰 Current Price: $84.74
  🎯 Signal: SELL (confidence: 0.28)
  📝 Reason: 5m: MACD bearish; 15m: MACD bearish; 1h: MACD bearish; 4h: RSI oversold (19.7)
  ⚠️ Sell signal but no position

[03:07:33] Cycle 261
  💰 Current Price: $84.75
  🎯 Signal: SELL (confidence: 0.28)
  📝 Reason: 5m: MACD bearish; 15m: MACD bearish; 1h: MACD bearish; 4h: RSI oversold (19.8)
  ⚠️ Sell signal but no position

[03:08:04] Cycle 262
  💰 Current Price: $84.75
  🎯 Signal: SELL (confidence: 0.28)
  📝 Reason: 5m: MACD bearish; 15m: MACD bearish; 1h: MACD bearish; 4h: RSI oversold (19.8)
  ⚠️ Sell signal but no position

[03:08:35] Cycle 263
  💰 Current Price: $84.76
  🎯 Signal: SELL (confidence: 0.28)
  📝 Reason: 5m: MACD bearish; 15m: MACD bearish; 1h: MACD bearish; 4h: RSI oversold (19.8)
  ⚠️ Sell signal but no position

[03:09:06] Cycle 264
  💰 Current Price: $84.75
  🎯 Signal: SELL (confidence: 0.28)
  📝 Reason: 5m: MACD bearish; 15m: MACD bearish; 1h: MACD bearish; 4h: RSI oversold (19.8)
  ⚠️ Sell signal but no position

[03:09:37] Cycle 265
  💰 Current Price: $84.72
  🎯 Signal: SELL (confidence: 0.28)
  📝 Reason: 5m: MACD bearish; 15m: MACD bearish; 1h: MACD bearish; 4h: RSI oversold (19.6)
  ⚠️ Sell signal but no position

[03:10:08] Cycle 266
  💰 Current Price: $84.73
  🎯 Signal: SELL (confidence: 0.28)
  📝 Reason: 5m: MACD bearish; 15m: MACD bearish; 1h: MACD bearish; 4h: RSI oversold (19.7)
  ⚠️ Sell signal but no position

[03:10:39] Cycle 267
  💰 Current Price: $84.73
  🎯 Signal: SELL (confidence: 0.28)
  📝 Reason: 5m: MACD bearish; 15m: MACD bearish; 1h: MACD bearish; 4h: RSI oversold (19.7)
  ⚠️ Sell signal but no position

[03:11:10] Cycle 268
  💰 Current Price: $84.74
  🎯 Signal: SELL (confidence: 0.28)
  📝 Reason: 5m: MACD bearish; 15m: MACD bearish; 1h: MACD bearish; 4h: RSI oversold (19.7)
  ⚠️ Sell signal but no position

[03:11:41] Cycle 269
  💰 Current Price: $84.74
  🎯 Signal: SELL (confidence: 0.28)
  📝 Reason: 5m: MACD bearish; 15m: MACD bearish; 1h: MACD bearish; 4h: RSI oversold (19.7)
  ⚠️ Sell signal but no position

[03:12:12] Cycle 270
  💰 Current Price: $84.72
  🎯 Signal: SELL (confidence: 0.28)
  📝 Reason: 5m: MACD bearish; 15m: MACD bearish; 1h: MACD bearish; 4h: RSI oversold (19.6)
  ⚠️ Sell signal but no position

[03:12:42] Cycle 271
  💰 Current Price: $84.72
  🎯 Signal: SELL (confidence: 0.28)
  📝 Reason: 5m: MACD bearish; 15m: MACD bearish; 1h: MACD bearish; 4h: RSI oversold (19.6)
  ⚠️ Sell signal but no position

[03:13:13] Cycle 272
  💰 Current Price: $84.74
  🎯 Signal: SELL (confidence: 0.28)
  📝 Reason: 5m: MACD bearish; 15m: MACD bearish; 1h: MACD bearish; 4h: RSI oversold (19.7)
  ⚠️ Sell signal but no position

[03:13:44] Cycle 273
  💰 Current Price: $84.83
  🎯 Signal: SELL (confidence: 0.28)
  📝 Reason: 5m: MACD bearish; 15m: MACD bearish; 1h: MACD bearish; 4h: RSI oversold (20.3)
  ⚠️ Sell signal but no position

[03:14:15] Cycle 274
  💰 Current Price: $84.95
  🎯 Signal: SELL (confidence: 0.28)
  📝 Reason: 5m: MACD bearish; 15m: MACD bearish; 1h: MACD bearish; 4h: RSI oversold (20.9)
  ⚠️ Sell signal but no position

[03:14:46] Cycle 275
  💰 Current Price: $85.04
  🎯 Signal: SELL (confidence: 0.28)
  📝 Reason: 5m: MACD bearish; 15m: MACD bearish; 1h: MACD bearish; 4h: RSI oversold (21.4)
  ⚠️ Sell signal but no position

[03:15:17] Cycle 276
  💰 Current Price: $84.98
  🎯 Signal: SELL (confidence: 0.17)
  📝 Reason: 5m: MACD bullish; 15m: MACD bearish; 1h: MACD bearish; 4h: RSI oversold (21.1)
  ⚠️ Sell signal but no position

[03:15:48] Cycle 277
  💰 Current Price: $84.94
  🎯 Signal: SELL (confidence: 0.17)
  📝 Reason: 5m: MACD bullish; 15m: MACD bearish; 1h: MACD bearish; 4h: RSI oversold (20.8)
  ⚠️ Sell signal but no position

[03:16:19] Cycle 278
  💰 Current Price: $84.91
  🎯 Signal: SELL (confidence: 0.17)
  📝 Reason: 5m: MACD bullish; 15m: MACD bearish; 1h: MACD bearish; 4h: RSI oversold (20.6)
  ⚠️ Sell signal but no position

[03:16:49] Cycle 279
  💰 Current Price: $84.90
  🎯 Signal: SELL (confidence: 0.17)
  📝 Reason: 5m: MACD bullish; 15m: MACD bearish; 1h: MACD bearish; 4h: RSI oversold (20.6)
  ⚠️ Sell signal but no position

[03:17:20] Cycle 280
  💰 Current Price: $84.89
  🎯 Signal: SELL (confidence: 0.17)
  📝 Reason: 5m: MACD bullish; 15m: MACD bearish; 1h: MACD bearish; 4h: RSI oversold (20.6)
  ⚠️ Sell signal but no position

[03:17:51] Cycle 281
  💰 Current Price: $84.83
  🎯 Signal: SELL (confidence: 0.17)
  📝 Reason: 5m: MACD bullish; 15m: MACD bearish; 1h: MACD bearish; 4h: RSI oversold (20.2)
  ⚠️ Sell signal but no position

[03:18:22] Cycle 282
  💰 Current Price: $84.82
  🎯 Signal: SELL (confidence: 0.17)
  📝 Reason: 5m: MACD bullish; 15m: MACD bearish; 1h: MACD bearish; 4h: RSI oversold (20.2)
  ⚠️ Sell signal but no position

[03:18:53] Cycle 283
  💰 Current Price: $84.81
  🎯 Signal: SELL (confidence: 0.17)
  📝 Reason: 5m: MACD bullish; 15m: MACD bearish; 1h: MACD bearish; 4h: RSI oversold (20.1)
  ⚠️ Sell signal but no position

[03:19:24] Cycle 284
  💰 Current Price: $84.77
  🎯 Signal: SELL (confidence: 0.17)
  📝 Reason: 5m: MACD bullish; 15m: MACD bearish; 1h: MACD bearish; 4h: RSI oversold (19.9)
  ⚠️ Sell signal but no position

[03:19:55] Cycle 285
  💰 Current Price: $84.78
  🎯 Signal: SELL (confidence: 0.17)
  📝 Reason: 5m: MACD bullish; 15m: MACD bearish; 1h: MACD bearish; 4h: RSI oversold (19.9)
  🎯 Signal: SELL (confidence: 0.17)
  📝 Reason: 5m: MACD bullish; 15m: MACD bearish; 1h: MACD bearish; 4h: RSI oversold (20.3)
  ⚠️ Sell signal but no position

[03:18:10] Cycle 288
  💰 Current Price: $84.83
  🎯 Signal: SELL (confidence: 0.17)
  📝 Reason: 5m: MACD bullish; 15m: MACD bearish; 1h: MACD bearish; 4h: RSI oversold (20.2)
  ⚠️ Sell signal but no position

[03:18:41] Cycle 289
  💰 Current Price: $84.80
  🎯 Signal: SELL (confidence: 0.17)
  📝 Reason: 5m: MACD bullish; 15m: MACD bearish; 1h: MACD bearish; 4h: RSI oversold (20.1)
  ⚠️ Sell signal but no position

[03:19:12] Cycle 290
  💰 Current Price: $84.82
  🎯 Signal: SELL (confidence: 0.17)
  📝 Reason: 5m: MACD bullish; 15m: MACD bearish; 1h: MACD bearish; 4h: RSI oversold (20.2)
  ⚠️ Sell signal but no position

[03:19:43] Cycle 291
  💰 Current Price: $84.77
  🎯 Signal: SELL (confidence: 0.17)
  📝 Reason: 5m: MACD bullish; 15m: MACD bearish; 1h: MACD bearish; 4h: RSI oversold (19.9)
  ⚠️ Sell signal but no position

[03:20:14] Cycle 292
  💰 Current Price: $84.77
  🎯 Signal: SELL (confidence: 0.17)
  📝 Reason: 5m: MACD bullish; 15m: MACD bearish; 1h: MACD bearish; 4h: RSI oversold (19.9)
  ⚠️ Sell signal but no position

[03:20:44] Cycle 293
  💰 Current Price: $84.73
  🎯 Signal: SELL (confidence: 0.17)
  📝 Reason: 5m: MACD bullish; 15m: MACD bearish; 1h: MACD bearish; 4h: RSI oversold (19.7)
  ⚠️ Sell signal but no position

[03:21:15] Cycle 294
  💰 Current Price: $84.71
  🎯 Signal: SELL (confidence: 0.17)
  📝 Reason: 5m: MACD bullish; 15m: MACD bearish; 1h: MACD bearish; 4h: RSI oversold (19.5)
  ⚠️ Sell signal but no position

[03:21:46] Cycle 295
  💰 Current Price: $84.70
  🎯 Signal: SELL (confidence: 0.17)
  📝 Reason: 5m: MACD bullish; 15m: MACD bearish; 1h: MACD bearish; 4h: RSI oversold (19.5)
  ⚠️ Sell signal but no position

[03:22:17] Cycle 296
  💰 Current Price: $84.70
  🎯 Signal: SELL (confidence: 0.17)
  📝 Reason: 5m: MACD bullish; 15m: MACD bearish; 1h: MACD bearish; 4h: RSI oversold (19.5)
  ⚠️ Sell signal but no position

[03:22:48] Cycle 297
  💰 Current Price: $84.70
  🎯 Signal: SELL (confidence: 0.17)
  📝 Reason: 5m: MACD bullish; 15m: MACD bearish; 1h: MACD bearish; 4h: RSI oversold (19.5)
  ⚠️ Sell signal but no position

[03:23:19] Cycle 298
  💰 Current Price: $84.63
  🎯 Signal: SELL (confidence: 0.17)
  📝 Reason: 5m: MACD bullish; 15m: MACD bearish; 1h: MACD bearish; 4h: RSI oversold (19.3)
  ⚠️ Sell signal but no position

[03:23:50] Cycle 299
  💰 Current Price: $84.64
  🎯 Signal: SELL (confidence: 0.17)
  📝 Reason: 5m: MACD bullish; 15m: MACD bearish; 1h: MACD bearish; 4h: RSI oversold (19.4)
  ⚠️ Sell signal but no position

[03:24:21] Cycle 300
  💰 Current Price: $84.67
  🎯 Signal: SELL (confidence: 0.17)
  📝 Reason: 5m: MACD bullish; 15m: MACD bearish; 1h: MACD bearish; 4h: RSI oversold (19.4)
  ⚠️ Sell signal but no position

[03:24:52] Cycle 301
  💰 Current Price: $84.68
  🎯 Signal: SELL (confidence: 0.17)
  📝 Reason: 5m: MACD bullish; 15m: MACD bearish; 1h: MACD bearish; 4h: RSI oversold (19.4)
  ⚠️ Sell signal but no position

[03:25:23] Cycle 302
  💰 Current Price: $84.69
  🎯 Signal: SELL (confidence: 0.17)
  📝 Reason: 5m: MACD bullish; 15m: MACD bearish; 1h: MACD bearish; 4h: RSI oversold (19.4)
  ⚠️ Sell signal but no position

[03:25:54] Cycle 303
  💰 Current Price: $84.68
  🎯 Signal: SELL (confidence: 0.17)
  📝 Reason: 5m: MACD bullish; 15m: MACD bearish; 1h: MACD bearish; 4h: RSI oversold (19.4)
  ⚠️ Sell signal but no position

[03:26:25] Cycle 304
  💰 Current Price: $84.69
  🎯 Signal: SELL (confidence: 0.17)
  📝 Reason: 5m: MACD bullish; 15m: MACD bearish; 1h: MACD bearish; 4h: RSI oversold (19.4)
  ⚠️ Sell signal but no position

[03:26:55] Cycle 305
  💰 Current Price: $84.63
  🎯 Signal: SELL (confidence: 0.17)
  📝 Reason: 5m: MACD bullish; 15m: MACD bearish; 1h: MACD bearish; 4h: RSI oversold (19.3)
  ⚠️ Sell signal but no position

[03:27:26] Cycle 306
  💰 Current Price: $84.64
  🎯 Signal: SELL (confidence: 0.17)
  📝 Reason: 5m: MACD bullish; 15m: MACD bearish; 1h: MACD bearish; 4h: RSI oversold (19.4)
  ⚠️ Sell signal but no position

[03:27:57] Cycle 307
  💰 Current Price: $84.64
  🎯 Signal: SELL (confidence: 0.17)
  📝 Reason: 5m: MACD bullish; 15m: MACD bearish; 1h: MACD bearish; 4h: RSI oversold (19.4)
  ⚠️ Sell signal but no position

[03:28:28] Cycle 308
  💰 Current Price: $84.64
  🎯 Signal: SELL (confidence: 0.17)
  📝 Reason: 5m: MACD bullish; 15m: MACD bearish; 1h: MACD bearish; 4h: RSI oversold (19.4)
  ⚠️ Sell signal but no position

[03:28:59] Cycle 309
  💰 Current Price: $84.64
  🎯 Signal: SELL (confidence: 0.17)
  📝 Reason: 5m: MACD bullish; 15m: MACD bearish; 1h: MACD bearish; 4h: RSI oversold (19.4)
  ⚠️ Sell signal but no position

[03:29:30] Cycle 310
  💰 Current Price: $84.64
  🎯 Signal: SELL (confidence: 0.17)
  📝 Reason: 5m: MACD bullish; 15m: MACD bearish; 1h: MACD bearish; 4h: RSI oversold (19.4)
  ⚠️ Sell signal but no position

[03:30:01] Cycle 311
  💰 Current Price: $84.64
  🎯 Signal: SELL (confidence: 0.17)
  📝 Reason: 5m: MACD bullish; 15m: MACD bearish; 1h: MACD bearish; 4h: RSI oversold (19.4)
  ⚠️ Sell signal but no position

[03:30:31] Cycle 312
  💰 Current Price: $84.64
  🎯 Signal: SELL (confidence: 0.17)
  📝 Reason: 5m: MACD bullish; 15m: MACD bearish; 1h: MACD bearish; 4h: RSI oversold (19.4)
  ⚠️ Sell signal but no position

[03:31:02] Cycle 313
  💰 Current Price: $84.67
  🎯 Signal: SELL (confidence: 0.17)
  📝 Reason: 5m: MACD bullish; 15m: MACD bearish; 1h: MACD bearish; 4h: RSI oversold (19.4)
  ⚠️ Sell signal but no position

[03:31:33] Cycle 314
  💰 Current Price: $84.63
  🎯 Signal: SELL (confidence: 0.17)
  📝 Reason: 5m: MACD bullish; 15m: MACD bearish; 1h: MACD bearish; 4h: RSI oversold (19.3)
  ⚠️ Sell signal but no position

[03:32:04] Cycle 315
  💰 Current Price: $84.56
  🎯 Signal: SELL (confidence: 0.17)
  📝 Reason: 5m: MACD bullish; 15m: MACD bearish; 1h: MACD bearish; 4h: RSI oversold (19.2)
  ⚠️ Sell signal but no position

[03:32:34] Cycle 316
  💰 Current Price: $84.63
  🎯 Signal: SELL (confidence: 0.17)
  📝 Reason: 5m: MACD bullish; 15m: MACD bearish; 1h: MACD bearish; 4h: RSI oversold (19.3)
  ⚠️ Sell signal but no position

[03:33:05] Cycle 317
  💰 Current Price: $84.60
  🎯 Signal: SELL (confidence: 0.17)
  📝 Reason: 5m: MACD bullish; 15m: MACD bearish; 1h: MACD bearish; 4h: RSI oversold (19.3)
  ⚠️ Sell signal but no position

[03:33:36] Cycle 318
  💰 Current Price: $84.63
  🎯 Signal: SELL (confidence: 0.17)
  📝 Reason: 5m: MACD bullish; 15m: MACD bearish; 1h: MACD bearish; 4h: RSI oversold (19.3)
  ⚠️ Sell signal but no position

[03:34:07] Cycle 319
  💰 Current Price: $84.64
  🎯 Signal: SELL (confidence: 0.17)
  📝 Reason: 5m: MACD bullish; 15m: MACD bearish; 1h: MACD bearish; 4h: RSI oversold (19.4)
  ⚠️ Sell signal but no position

[03:34:38] Cycle 320
  💰 Current Price: $84.62
  🎯 Signal: SELL (confidence: 0.17)
  📝 Reason: 5m: MACD bullish; 15m: MACD bearish; 1h: MACD bearish; 4h: RSI oversold (19.3)
  ⚠️ Sell signal but no position

[03:35:09] Cycle 321
  💰 Current Price: $84.63
  🎯 Signal: SELL (confidence: 0.17)
  📝 Reason: 5m: MACD bullish; 15m: MACD bearish; 1h: MACD bearish; 4h: RSI oversold (19.3)
  ⚠️ Sell signal but no position

[03:35:40] Cycle 322
  💰 Current Price: $84.64
  🎯 Signal: SELL (confidence: 0.17)
  📝 Reason: 5m: MACD bullish; 15m: MACD bearish; 1h: MACD bearish; 4h: RSI oversold (19.4)
  ⚠️ Sell signal but no position

[03:36:10] Cycle 323
  💰 Current Price: $84.65
  🎯 Signal: SELL (confidence: 0.17)
  📝 Reason: 5m: MACD bullish; 15m: MACD bearish; 1h: MACD bearish; 4h: RSI oversold (19.4)
  ⚠️ Sell signal but no position

[03:36:41] Cycle 324
  💰 Current Price: $84.65
  ⚠️ Sell signal but no position

[03:20:26] Cycle 286
  💰 Current Price: $84.77
  🎯 Signal: SELL (confidence: 0.17)
  📝 Reason: 5m: MACD bullish; 15m: MACD bearish; 1h: MACD bearish; 4h: RSI oversold (19.9)
  ⚠️ Sell signal but no position

[03:20:57] Cycle 287
  💰 Current Price: $84.71
  🎯 Signal: SELL (confidence: 0.17)
  📝 Reason: 5m: MACD bullish; 15m: MACD bearish; 1h: MACD bearish; 4h: RSI oversold (19.5)
  ⚠️ Sell signal but no position

[03:21:28] Cycle 288
  💰 Current Price: $84.71
  🎯 Signal: SELL (confidence: 0.17)
  📝 Reason: 5m: MACD bullish; 15m: MACD bearish; 1h: MACD bearish; 4h: RSI oversold (19.5)
  ⚠️ Sell signal but no position

[03:21:59] Cycle 289
  💰 Current Price: $84.71
  🎯 Signal: SELL (confidence: 0.17)
  📝 Reason: 5m: MACD bullish; 15m: MACD bearish; 1h: MACD bearish; 4h: RSI oversold (19.5)
  ⚠️ Sell signal but no position

[03:22:30] Cycle 290
  💰 Current Price: $84.70
  🎯 Signal: SELL (confidence: 0.17)
  📝 Reason: 5m: MACD bullish; 15m: MACD bearish; 1h: MACD bearish; 4h: RSI oversold (19.5)
  ⚠️ Sell signal but no position

[03:23:00] Cycle 291
  💰 Current Price: $84.71
  🎯 Signal: SELL (confidence: 0.17)
  📝 Reason: 5m: MACD bullish; 15m: MACD bearish; 1h: MACD bearish; 4h: RSI oversold (19.4)
  ⚠️ Sell signal but no position

[03:23:31] Cycle 292
  💰 Current Price: $84.63
  🎯 Signal: SELL (confidence: 0.17)
  📝 Reason: 5m: MACD bullish; 15m: MACD bearish; 1h: MACD bearish; 4h: RSI oversold (19.3)
  ⚠️ Sell signal but no position

[03:24:02] Cycle 293
  💰 Current Price: $84.66
  🎯 Signal: SELL (confidence: 0.17)
  📝 Reason: 5m: MACD bullish; 15m: MACD bearish; 1h: MACD bearish; 4h: RSI oversold (19.4)
  ⚠️ Sell signal but no position

[03:24:33] Cycle 294
  💰 Current Price: $84.66
  🎯 Signal: SELL (confidence: 0.17)
  📝 Reason: 5m: MACD bullish; 15m: MACD bearish; 1h: MACD bearish; 4h: RSI oversold (19.4)
  ⚠️ Sell signal but no position

[03:25:03] Cycle 295
  💰 Current Price: $84.68
  🎯 Signal: SELL (confidence: 0.17)
  📝 Reason: 5m: MACD bullish; 15m: MACD bearish; 1h: MACD bearish; 4h: RSI oversold (19.5)
  ⚠️ Sell signal but no position

[03:25:34] Cycle 296
  💰 Current Price: $84.67
  🎯 Signal: SELL (confidence: 0.17)
  📝 Reason: 5m: MACD bullish; 15m: MACD bearish; 1h: MACD bearish; 4h: RSI oversold (19.4)
  ⚠️ Sell signal but no position

[03:26:05] Cycle 297
  💰 Current Price: $84.69
  🎯 Signal: SELL (confidence: 0.17)
  📝 Reason: 5m: MACD bullish; 15m: MACD bearish; 1h: MACD bearish; 4h: RSI oversold (19.4)
  ⚠️ Sell signal but no position

[03:26:36] Cycle 298
  💰 Current Price: $84.67
  🎯 Signal: SELL (confidence: 0.17)
  📝 Reason: 5m: MACD bullish; 15m: MACD bearish; 1h: MACD bearish; 4h: RSI oversold (19.4)
  ⚠️ Sell signal but no position

[03:27:06] Cycle 299
  💰 Current Price: $84.63
  🎯 Signal: SELL (confidence: 0.17)
  📝 Reason: 5m: MACD bullish; 15m: MACD bearish; 1h: MACD bearish; 4h: RSI oversold (19.3)
  ⚠️ Sell signal but no position

[03:27:37] Cycle 300
  💰 Current Price: $84.64
  🎯 Signal: SELL (confidence: 0.17)
  📝 Reason: 5m: MACD bullish; 15m: MACD bearish; 1h: MACD bearish; 4h: RSI oversold (19.4)
  ⚠️ Sell signal but no position

[03:28:08] Cycle 301
  💰 Current Price: $84.64
  🎯 Signal: SELL (confidence: 0.17)
  📝 Reason: 5m: MACD bullish; 15m: MACD bearish; 1h: MACD bearish; 4h: RSI oversold (19.4)
  ⚠️ Sell signal but no position

[03:28:39] Cycle 302
  💰 Current Price: $84.64
  🎯 Signal: SELL (confidence: 0.17)
  📝 Reason: 5m: MACD bullish; 15m: MACD bearish; 1h: MACD bearish; 4h: RSI oversold (19.4)
  ⚠️ Sell signal but no position

[03:29:09] Cycle 303
  💰 Current Price: $84.64
  🎯 Signal: SELL (confidence: 0.17)
  📝 Reason: 5m: MACD bullish; 15m: MACD bearish; 1h: MACD bearish; 4h: RSI oversold (19.4)
  ⚠️ Sell signal but no position

[03:29:40] Cycle 304
  💰 Current Price: $84.64
  🎯 Signal: SELL (confidence: 0.17)
  📝 Reason: 5m: MACD bullish; 15m: MACD bearish; 1h: MACD bearish; 4h: RSI oversold (19.4)
  ⚠️ Sell signal but no position

[03:30:11] Cycle 305
  💰 Current Price: $84.64
  🎯 Signal: SELL (confidence: 0.17)
  📝 Reason: 5m: MACD bullish; 15m: MACD bearish; 1h: MACD bearish; 4h: RSI oversold (19.4)
  ⚠️ Sell signal but no position

[03:30:42] Cycle 306
  💰 Current Price: $84.66
  🎯 Signal: SELL (confidence: 0.17)
  📝 Reason: 5m: MACD bullish; 15m: MACD bearish; 1h: MACD bearish; 4h: RSI oversold (19.4)
  ⚠️ Sell signal but no position

[03:31:13] Cycle 307
  💰 Current Price: $84.64
  🎯 Signal: SELL (confidence: 0.17)
  📝 Reason: 5m: MACD bullish; 15m: MACD bearish; 1h: MACD bearish; 4h: RSI oversold (19.4)
  ⚠️ Sell signal but no position

[03:31:44] Cycle 308
  💰 Current Price: $84.52
  🎯 Signal: SELL (confidence: 0.17)
  📝 Reason: 5m: MACD bullish; 15m: MACD bearish; 1h: MACD bearish; 4h: RSI oversold (19.2)
  ⚠️ Sell signal but no position

[03:32:15] Cycle 309
  💰 Current Price: $84.60
  🎯 Signal: SELL (confidence: 0.17)
  📝 Reason: 5m: MACD bullish; 15m: MACD bearish; 1h: MACD bearish; 4h: RSI oversold (19.3)
  ⚠️ Sell signal but no position

[03:32:46] Cycle 310
  💰 Current Price: $84.60
  🎯 Signal: SELL (confidence: 0.17)
  📝 Reason: 5m: MACD bullish; 15m: MACD bearish; 1h: MACD bearish; 4h: RSI oversold (19.3)
  ⚠️ Sell signal but no position

[03:33:16] Cycle 311
  💰 Current Price: $84.60
  🎯 Signal: SELL (confidence: 0.17)
  📝 Reason: 5m: MACD bullish; 15m: MACD bearish; 1h: MACD bearish; 4h: RSI oversold (19.3)
  ⚠️ Sell signal but no position

[03:33:47] Cycle 312
  💰 Current Price: $84.63
  🎯 Signal: SELL (confidence: 0.17)
  📝 Reason: 5m: MACD bullish; 15m: MACD bearish; 1h: MACD bearish; 4h: RSI oversold (19.3)
  ⚠️ Sell signal but no position

[03:34:18] Cycle 313
  💰 Current Price: $84.64
  🎯 Signal: SELL (confidence: 0.17)
  📝 Reason: 5m: MACD bullish; 15m: MACD bearish; 1h: MACD bearish; 4h: RSI oversold (19.4)
  ⚠️ Sell signal but no position

[03:34:49] Cycle 314
  💰 Current Price: $84.62
  🎯 Signal: SELL (confidence: 0.17)
  📝 Reason: 5m: MACD bullish; 15m: MACD bearish; 1h: MACD bearish; 4h: RSI oversold (19.3)
  ⚠️ Sell signal but no position

[03:35:31] Cycle 315
  💰 Current Price: $84.64
  🎯 Signal: SELL (confidence: 0.17)
  📝 Reason: 5m: MACD bullish; 15m: MACD bearish; 1h: MACD bearish; 4h: RSI oversold (19.4)
  ⚠️ Sell signal but no position

[03:36:01] Cycle 316
  💰 Current Price: $84.64
  🎯 Signal: SELL (confidence: 0.17)
  📝 Reason: 5m: MACD bullish; 15m: MACD bearish; 1h: MACD bearish; 4h: RSI oversold (19.3)
  ⚠️ Sell signal but no position

[03:36:32] Cycle 317
  💰 Current Price: $84.64
  🎯 Signal: SELL (confidence: 0.17)
  📝 Reason: 5m: MACD bullish; 15m: MACD bearish; 1h: MACD bearish; 4h: RSI oversold (19.4)
  ⚠️ Sell signal but no position

[03:37:03] Cycle 318
  💰 Current Price: $84.65
  🎯 Signal: SELL (confidence: 0.17)
  📝 Reason: 5m: MACD bullish; 15m: MACD bearish; 1h: MACD bearish; 4h: RSI oversold (19.4)
  ⚠️ Sell signal but no position

[03:37:34] Cycle 319
  💰 Current Price: $84.67
  🎯 Signal: SELL (confidence: 0.17)
  📝 Reason: 5m: MACD bullish; 15m: MACD bearish; 1h: MACD bearish; 4h: RSI oversold (19.4)
  ⚠️ Sell signal but no position

[03:38:05] Cycle 320
  💰 Current Price: $84.66
  🎯 Signal: SELL (confidence: 0.17)
  📝 Reason: 5m: MACD bullish; 15m: MACD bearish; 1h: MACD bearish; 4h: RSI oversold (19.4)
  ⚠️ Sell signal but no position

[03:38:36] Cycle 321
  💰 Current Price: $84.64
  🎯 Signal: SELL (confidence: 0.17)
  📝 Reason: 5m: MACD bullish; 15m: MACD bearish; 1h: MACD bearish; 4h: RSI oversold (19.4)
  ⚠️ Sell signal but no position

[03:39:07] Cycle 322
  💰 Current Price: $84.64
  🎯 Signal: SELL (confidence: 0.17)
  📝 Reason: 5m: MACD bullish; 15m: MACD bearish; 1h: MACD bearish; 4h: RSI oversold (19.4)
  🎯 Signal: SELL (confidence: 0.17)
  📝 Reason: 5m: MACD bullish; 15m: MACD bearish; 1h: MACD bearish; 4h: RSI oversold (19.4)
  ⚠️ Sell signal but no position

[03:37:12] Cycle 325
  💰 Current Price: $84.65
  🎯 Signal: SELL (confidence: 0.17)
  📝 Reason: 5m: MACD bullish; 15m: MACD bearish; 1h: MACD bearish; 4h: RSI oversold (19.4)
  ⚠️ Sell signal but no position

[03:37:43] Cycle 326
  💰 Current Price: $84.66
  🎯 Signal: SELL (confidence: 0.17)
  📝 Reason: 5m: MACD bullish; 15m: MACD bearish; 1h: MACD bearish; 4h: RSI oversold (19.4)
  ⚠️ Sell signal but no position

[03:38:14] Cycle 327
  💰 Current Price: $84.66
  🎯 Signal: SELL (confidence: 0.17)
  📝 Reason: 5m: MACD bullish; 15m: MACD bearish; 1h: MACD bearish; 4h: RSI oversold (19.4)
  ⚠️ Sell signal but no position

[03:38:44] Cycle 328
  💰 Current Price: $84.64
  🎯 Signal: SELL (confidence: 0.17)
  📝 Reason: 5m: MACD bullish; 15m: MACD bearish; 1h: MACD bearish; 4h: RSI oversold (19.4)
  ⚠️ Sell signal but no position

[03:39:15] Cycle 329
  💰 Current Price: $84.64
  🎯 Signal: SELL (confidence: 0.17)
  📝 Reason: 5m: MACD bullish; 15m: MACD bearish; 1h: MACD bearish; 4h: RSI oversold (19.4)
  ⚠️ Sell signal but no position

[03:39:46] Cycle 330
  💰 Current Price: $84.60
  🎯 Signal: SELL (confidence: 0.17)
  📝 Reason: 5m: MACD bullish; 15m: MACD bearish; 1h: MACD bearish; 4h: RSI oversold (19.3)
  ⚠️ Sell signal but no position

[03:40:17] Cycle 331
  💰 Current Price: $84.55
  🎯 Signal: SELL (confidence: 0.17)
  📝 Reason: 5m: MACD bullish; 15m: MACD bearish; 1h: MACD bearish; 4h: RSI oversold (19.3)
  ⚠️ Sell signal but no position

[03:40:47] Cycle 332
  💰 Current Price: $84.56
  🎯 Signal: SELL (confidence: 0.17)
  📝 Reason: 5m: MACD bullish; 15m: MACD bearish; 1h: MACD bearish; 4h: RSI oversold (19.2)
  ⚠️ Sell signal but no position

[03:41:18] Cycle 333
  💰 Current Price: $84.55
  🎯 Signal: SELL (confidence: 0.17)
  📝 Reason: 5m: MACD bullish; 15m: MACD bearish; 1h: MACD bearish; 4h: RSI oversold (19.2)
  ⚠️ Sell signal but no position

[03:41:49] Cycle 334
  💰 Current Price: $84.54
  🎯 Signal: SELL (confidence: 0.17)
  📝 Reason: 5m: MACD bullish; 15m: MACD bearish; 1h: MACD bearish; 4h: RSI oversold (19.2)
  ⚠️ Sell signal but no position

[03:42:20] Cycle 335
  💰 Current Price: $84.52
  🎯 Signal: SELL (confidence: 0.17)
  📝 Reason: 5m: MACD bullish; 15m: MACD bearish; 1h: MACD bearish; 4h: RSI oversold (19.2)
  ⚠️ Sell signal but no position

[03:42:50] Cycle 336
  💰 Current Price: $84.52
  🎯 Signal: SELL (confidence: 0.17)
  📝 Reason: 5m: MACD bullish; 15m: MACD bearish; 1h: MACD bearish; 4h: RSI oversold (19.2)
  ⚠️ Sell signal but no position

[03:43:21] Cycle 337
  💰 Current Price: $84.52
  🎯 Signal: SELL (confidence: 0.17)
  📝 Reason: 5m: MACD bullish; 15m: MACD bearish; 1h: MACD bearish; 4h: RSI oversold (19.2)
  ⚠️ Sell signal but no position

[03:43:52] Cycle 338
  💰 Current Price: $84.57
  🎯 Signal: SELL (confidence: 0.17)
  📝 Reason: 5m: MACD bullish; 15m: MACD bearish; 1h: MACD bearish; 4h: RSI oversold (19.3)
  ⚠️ Sell signal but no position

[03:44:23] Cycle 339
  💰 Current Price: $84.55
  🎯 Signal: SELL (confidence: 0.17)
  📝 Reason: 5m: MACD bullish; 15m: MACD bearish; 1h: MACD bearish; 4h: RSI oversold (19.2)
  ⚠️ Sell signal but no position

[03:44:53] Cycle 340
  💰 Current Price: $84.54
  🎯 Signal: SELL (confidence: 0.17)
  📝 Reason: 5m: MACD bullish; 15m: MACD bearish; 1h: MACD bearish; 4h: RSI oversold (19.2)
  ⚠️ Sell signal but no position

[03:45:24] Cycle 341
  💰 Current Price: $84.54
  🎯 Signal: SELL (confidence: 0.17)
  📝 Reason: 5m: MACD bullish; 15m: MACD bearish; 1h: MACD bearish; 4h: RSI oversold (19.2)
  ⚠️ Sell signal but no position

[03:45:55] Cycle 342
  💰 Current Price: $84.49
  🎯 Signal: SELL (confidence: 0.17)
  📝 Reason: 5m: MACD bullish; 15m: MACD bearish; 1h: MACD bearish; 4h: RSI oversold (19.2)
  ⚠️ Sell signal but no position

[03:46:26] Cycle 343
  💰 Current Price: $84.50
  🎯 Signal: SELL (confidence: 0.17)
  📝 Reason: 5m: MACD bullish; 15m: MACD bearish; 1h: MACD bearish; 4h: RSI oversold (19.2)
  ⚠️ Sell signal but no position

[03:46:57] Cycle 344
  💰 Current Price: $84.50
  🎯 Signal: SELL (confidence: 0.17)
  📝 Reason: 5m: MACD bullish; 15m: MACD bearish; 1h: MACD bearish; 4h: RSI oversold (19.2)
  ⚠️ Sell signal but no position

[03:47:28] Cycle 345
  ⚠️ Ticker exception: HTTPSConnectionPool(host='api.kraken.com', port=443): Max retries exceeded with url: /0/public/Ticker?pair=SOLUSD (Caused by ConnectTimeoutError(<HTTPSConnection(host='api.kraken.com', port=443) at 0x7fa387020d50>, 'Connection to api.kraken.com timed out. (connect timeout=8)'))
  ⚠️ No ticker data

[03:48:38] Cycle 346
  💰 Current Price: $84.50
  🎯 Signal: SELL (confidence: 0.17)
  📝 Reason: 5m: MACD bullish; 15m: MACD bearish; 1h: MACD bearish; 4h: RSI oversold (19.2)
  ⚠️ Sell signal but no position

[03:49:12] Cycle 347
  💰 Current Price: $84.52
  🎯 Signal: SELL (confidence: 0.17)
  📝 Reason: 5m: MACD bullish; 15m: MACD bearish; 1h: MACD bearish; 4h: RSI oversold (19.2)
  ⚠️ Sell signal but no position

[03:49:43] Cycle 348
  💰 Current Price: $84.54
  🎯 Signal: SELL (confidence: 0.17)
  📝 Reason: 5m: MACD bullish; 15m: MACD bearish; 1h: MACD bearish; 4h: RSI oversold (19.2)
  ⚠️ Sell signal but no position

[03:50:13] Cycle 349
  💰 Current Price: $84.51
  🎯 Signal: SELL (confidence: 0.17)
  📝 Reason: 5m: MACD bullish; 15m: MACD bearish; 1h: MACD bearish; 4h: RSI oversold (19.2)
  ⚠️ Sell signal but no position

[03:50:44] Cycle 350
  💰 Current Price: $84.38
  🎯 Signal: SELL (confidence: 0.17)
  📝 Reason: 5m: MACD bullish; 15m: MACD bearish; 1h: MACD bearish; 4h: RSI oversold (19.0)
  ⚠️ Sell signal but no position

[03:51:15] Cycle 351
  💰 Current Price: $84.37
  🎯 Signal: SELL (confidence: 0.28)
  📝 Reason: 5m: MACD bearish; 15m: MACD bearish; 1h: MACD bearish; 4h: RSI oversold (19.0)
  ⚠️ Sell signal but no position

[03:51:46] Cycle 352
  💰 Current Price: $84.40
  🎯 Signal: SELL (confidence: 0.17)
  📝 Reason: 5m: MACD bullish; 15m: MACD bearish; 1h: MACD bearish; 4h: RSI oversold (19.0)
  ⚠️ Sell signal but no position

[03:52:17] Cycle 353
  💰 Current Price: $84.41
  🎯 Signal: SELL (confidence: 0.17)
  📝 Reason: 5m: MACD bullish; 15m: MACD bearish; 1h: MACD bearish; 4h: RSI oversold (19.0)
  ⚠️ Sell signal but no position

[03:52:48] Cycle 354
  💰 Current Price: $84.41
  🎯 Signal: SELL (confidence: 0.17)
  📝 Reason: 5m: MACD bullish; 15m: MACD bearish; 1h: MACD bearish; 4h: RSI oversold (19.0)
  ⚠️ Sell signal but no position

[03:53:18] Cycle 355
  💰 Current Price: $84.38
  🎯 Signal: SELL (confidence: 0.17)
  📝 Reason: 5m: MACD bullish; 15m: MACD bearish; 1h: MACD bearish; 4h: RSI oversold (19.0)
  ⚠️ Sell signal but no position

[03:53:50] Cycle 356
  💰 Current Price: $84.38
  🎯 Signal: SELL (confidence: 0.17)
  📝 Reason: 5m: MACD bullish; 15m: MACD bearish; 1h: MACD bearish; 4h: RSI oversold (19.0)
  ⚠️ Sell signal but no position

[03:54:20] Cycle 357
  💰 Current Price: $84.42
  🎯 Signal: SELL (confidence: 0.17)
  📝 Reason: 5m: MACD bullish; 15m: MACD bearish; 1h: MACD bearish; 4h: RSI oversold (19.1)
  ⚠️ Sell signal but no position

[03:54:52] Cycle 358
  💰 Current Price: $84.42
  🎯 Signal: SELL (confidence: 0.17)
  📝 Reason: 5m: MACD bullish; 15m: MACD bearish; 1h: MACD bearish; 4h: RSI oversold (19.1)
  ⚠️ Sell signal but no position

[03:55:22] Cycle 359
  💰 Current Price: $84.43
  🎯 Signal: SELL (confidence: 0.28)
  📝 Reason: 5m: MACD bearish; 15m: MACD bearish; 1h: MACD bearish; 4h: RSI oversold (19.1)
  ⚠️ Sell signal but no position

[03:55:54] Cycle 360
  💰 Current Price: $84.47
  🎯 Signal: SELL (confidence: 0.28)
  ⚠️ Sell signal but no position

[03:39:38] Cycle 323
  💰 Current Price: $84.60
  🎯 Signal: SELL (confidence: 0.17)
  📝 Reason: 5m: MACD bullish; 15m: MACD bearish; 1h: MACD bearish; 4h: RSI oversold (19.3)
  ⚠️ Sell signal but no position

[03:40:09] Cycle 324
  💰 Current Price: $84.60
  🎯 Signal: SELL (confidence: 0.17)
  📝 Reason: 5m: MACD bullish; 15m: MACD bearish; 1h: MACD bearish; 4h: RSI oversold (19.3)
  ⚠️ Sell signal but no position

[03:40:40] Cycle 325
  💰 Current Price: $84.57
  🎯 Signal: SELL (confidence: 0.17)
  📝 Reason: 5m: MACD bullish; 15m: MACD bearish; 1h: MACD bearish; 4h: RSI oversold (19.3)
  ⚠️ Sell signal but no position

[03:41:10] Cycle 326
  💰 Current Price: $84.56
  🎯 Signal: SELL (confidence: 0.17)
  📝 Reason: 5m: MACD bullish; 15m: MACD bearish; 1h: MACD bearish; 4h: RSI oversold (19.2)
  ⚠️ Sell signal but no position

[03:41:41] Cycle 327
  💰 Current Price: $84.54
  🎯 Signal: SELL (confidence: 0.17)
  📝 Reason: 5m: MACD bullish; 15m: MACD bearish; 1h: MACD bearish; 4h: RSI oversold (19.2)
  ⚠️ Sell signal but no position

[03:42:12] Cycle 328
  💰 Current Price: $84.52
  🎯 Signal: SELL (confidence: 0.17)
  📝 Reason: 5m: MACD bullish; 15m: MACD bearish; 1h: MACD bearish; 4h: RSI oversold (19.2)
  ⚠️ Sell signal but no position

[03:42:43] Cycle 329
  💰 Current Price: $84.52
  🎯 Signal: SELL (confidence: 0.17)
  📝 Reason: 5m: MACD bullish; 15m: MACD bearish; 1h: MACD bearish; 4h: RSI oversold (19.2)
  ⚠️ Sell signal but no position

[03:43:13] Cycle 330
  💰 Current Price: $84.52
  🎯 Signal: SELL (confidence: 0.17)
  📝 Reason: 5m: MACD bullish; 15m: MACD bearish; 1h: MACD bearish; 4h: RSI oversold (19.2)
  ⚠️ Sell signal but no position

[03:43:44] Cycle 331
  💰 Current Price: $84.57
  🎯 Signal: SELL (confidence: 0.17)
  📝 Reason: 5m: MACD bullish; 15m: MACD bearish; 1h: MACD bearish; 4h: RSI oversold (19.3)
  ⚠️ Sell signal but no position

[03:44:15] Cycle 332
  💰 Current Price: $84.55
  🎯 Signal: SELL (confidence: 0.17)
  📝 Reason: 5m: MACD bullish; 15m: MACD bearish; 1h: MACD bearish; 4h: RSI oversold (19.2)
  ⚠️ Sell signal but no position

[03:44:46] Cycle 333
  💰 Current Price: $84.56
  🎯 Signal: SELL (confidence: 0.17)
  📝 Reason: 5m: MACD bullish; 15m: MACD bearish; 1h: MACD bearish; 4h: RSI oversold (19.2)
  ⚠️ Sell signal but no position

[03:45:17] Cycle 334
  💰 Current Price: $84.54
  🎯 Signal: SELL (confidence: 0.17)
  📝 Reason: 5m: MACD bullish; 15m: MACD bearish; 1h: MACD bearish; 4h: RSI oversold (19.2)
  ⚠️ Sell signal but no position

[03:45:47] Cycle 335
  💰 Current Price: $84.49
  🎯 Signal: SELL (confidence: 0.17)
  📝 Reason: 5m: MACD bullish; 15m: MACD bearish; 1h: MACD bearish; 4h: RSI oversold (19.2)
  ⚠️ Sell signal but no position

[03:46:19] Cycle 336
  💰 Current Price: $84.50
  🎯 Signal: SELL (confidence: 0.17)
  📝 Reason: 5m: MACD bullish; 15m: MACD bearish; 1h: MACD bearish; 4h: RSI oversold (19.2)
  ⚠️ Sell signal but no position

[03:46:49] Cycle 337
  💰 Current Price: $84.50
  🎯 Signal: SELL (confidence: 0.17)
  📝 Reason: 5m: MACD bullish; 15m: MACD bearish; 1h: MACD bearish; 4h: RSI oversold (19.2)
  ⚠️ Sell signal but no position

[03:47:20] Cycle 338
  💰 Current Price: $84.53
  ⚠️ OHLC exception: HTTPSConnectionPool(host='api.kraken.com', port=443): Max retries exceeded with url: /0/public/OHLC?pair=SOLUSD&interval=5 (Caused by ConnectTimeoutError(<HTTPSConnection(host='api.kraken.com', port=443) at 0x7f62a98ac990>, 'Connection to api.kraken.com timed out. (connect timeout=8)'))
  ⚠️ OHLC exception: HTTPSConnectionPool(host='api.kraken.com', port=443): Max retries exceeded with url: /0/public/OHLC?pair=SOLUSD&interval=15 (Caused by ConnectTimeoutError(<HTTPSConnection(host='api.kraken.com', port=443) at 0x7f62a98ae110>, 'Connection to api.kraken.com timed out. (connect timeout=8)'))
  🎯 Signal: SELL (confidence: 0.18)
  📝 Reason: 1h: MACD bearish; 4h: RSI oversold (19.2); 4h: MACD bearish
  ⚠️ Sell signal but no position

[03:49:11] Cycle 339
  💰 Current Price: $84.52
  🎯 Signal: SELL (confidence: 0.17)
  📝 Reason: 5m: MACD bullish; 15m: MACD bearish; 1h: MACD bearish; 4h: RSI oversold (19.2)
  ⚠️ Sell signal but no position

[03:49:42] Cycle 340
  💰 Current Price: $84.54
  🎯 Signal: SELL (confidence: 0.17)
  📝 Reason: 5m: MACD bullish; 15m: MACD bearish; 1h: MACD bearish; 4h: RSI oversold (19.2)
  ⚠️ Sell signal but no position

[03:50:13] Cycle 341
  💰 Current Price: $84.51
  🎯 Signal: SELL (confidence: 0.17)
  📝 Reason: 5m: MACD bullish; 15m: MACD bearish; 1h: MACD bearish; 4h: RSI oversold (19.2)
  ⚠️ Sell signal but no position

[03:50:44] Cycle 342
  💰 Current Price: $84.38
  🎯 Signal: SELL (confidence: 0.17)
  📝 Reason: 5m: MACD bullish; 15m: MACD bearish; 1h: MACD bearish; 4h: RSI oversold (19.0)
  ⚠️ Sell signal but no position

[03:51:15] Cycle 343
  💰 Current Price: $84.37
  🎯 Signal: SELL (confidence: 0.28)
  📝 Reason: 5m: MACD bearish; 15m: MACD bearish; 1h: MACD bearish; 4h: RSI oversold (19.0)
  ⚠️ Sell signal but no position

[03:51:46] Cycle 344
  💰 Current Price: $84.40
  🎯 Signal: SELL (confidence: 0.17)
  📝 Reason: 5m: MACD bullish; 15m: MACD bearish; 1h: MACD bearish; 4h: RSI oversold (19.0)
  ⚠️ Sell signal but no position

[03:52:17] Cycle 345
  💰 Current Price: $84.41
  🎯 Signal: SELL (confidence: 0.17)
  📝 Reason: 5m: MACD bullish; 15m: MACD bearish; 1h: MACD bearish; 4h: RSI oversold (19.0)
  ⚠️ Sell signal but no position

[03:52:48] Cycle 346
  💰 Current Price: $84.41
  🎯 Signal: SELL (confidence: 0.17)
  📝 Reason: 5m: MACD bullish; 15m: MACD bearish; 1h: MACD bearish; 4h: RSI oversold (19.0)
  ⚠️ Sell signal but no position

[03:53:18] Cycle 347
  💰 Current Price: $84.38
  🎯 Signal: SELL (confidence: 0.17)
  📝 Reason: 5m: MACD bullish; 15m: MACD bearish; 1h: MACD bearish; 4h: RSI oversold (19.0)
  ⚠️ Sell signal but no position

[03:53:50] Cycle 348
  💰 Current Price: $84.38
  🎯 Signal: SELL (confidence: 0.17)
  📝 Reason: 5m: MACD bullish; 15m: MACD bearish; 1h: MACD bearish; 4h: RSI oversold (19.0)
  ⚠️ Sell signal but no position

[03:54:20] Cycle 349
  💰 Current Price: $84.42
  🎯 Signal: SELL (confidence: 0.17)
  📝 Reason: 5m: MACD bullish; 15m: MACD bearish; 1h: MACD bearish; 4h: RSI oversold (19.1)
  ⚠️ Sell signal but no position

[03:54:51] Cycle 350
  💰 Current Price: $84.42
  🎯 Signal: SELL (confidence: 0.17)
  📝 Reason: 5m: MACD bullish; 15m: MACD bearish; 1h: MACD bearish; 4h: RSI oversold (19.1)
  ⚠️ Sell signal but no position

[03:55:22] Cycle 351
  💰 Current Price: $84.46
  🎯 Signal: SELL (confidence: 0.28)
  📝 Reason: 5m: MACD bearish; 15m: MACD bearish; 1h: MACD bearish; 4h: RSI oversold (19.1)
  ⚠️ Sell signal but no position

[03:55:54] Cycle 352
  💰 Current Price: $84.47
  🎯 Signal: SELL (confidence: 0.28)
  📝 Reason: 5m: MACD bearish; 15m: MACD bearish; 1h: MACD bearish; 4h: RSI oversold (19.1)
  ⚠️ Sell signal but no position

[03:56:25] Cycle 353
  💰 Current Price: $84.46
  🎯 Signal: SELL (confidence: 0.28)
  📝 Reason: 5m: MACD bearish; 15m: MACD bearish; 1h: MACD bearish; 4h: RSI oversold (19.1)
  ⚠️ Sell signal but no position

[03:56:56] Cycle 354
  💰 Current Price: $84.43
  🎯 Signal: SELL (confidence: 0.28)
  📝 Reason: 5m: MACD bearish; 15m: MACD bearish; 1h: MACD bearish; 4h: RSI oversold (19.1)
  ⚠️ Sell signal but no position

[03:57:27] Cycle 355
  💰 Current Price: $84.44
  🎯 Signal: SELL (confidence: 0.28)
  📝 Reason: 5m: MACD bearish; 15m: MACD bearish; 1h: MACD bearish; 4h: RSI oversold (19.1)
  ⚠️ Sell signal but no position

[03:57:59] Cycle 356
  💰 Current Price: $84.44
  🎯 Signal: SELL (confidence: 0.28)
  📝 Reason: 5m: MACD bearish; 15m: MACD bearish; 1h: MACD bearish; 4h: RSI oversold (19.1)
  ⚠️ Sell signal but no position

[03:58:30] Cycle 357
  📝 Reason: 5m: MACD bearish; 15m: MACD bearish; 1h: MACD bearish; 4h: RSI oversold (19.1)
  ⚠️ Sell signal but no position

[03:56:25] Cycle 361
  💰 Current Price: $84.46
  🎯 Signal: SELL (confidence: 0.28)
  📝 Reason: 5m: MACD bearish; 15m: MACD bearish; 1h: MACD bearish; 4h: RSI oversold (19.1)
  ⚠️ Sell signal but no position

[03:56:56] Cycle 362
  💰 Current Price: $84.43
  🎯 Signal: SELL (confidence: 0.28)
  📝 Reason: 5m: MACD bearish; 15m: MACD bearish; 1h: MACD bearish; 4h: RSI oversold (19.1)
  ⚠️ Sell signal but no position

[03:57:27] Cycle 363
  💰 Current Price: $84.44
  🎯 Signal: SELL (confidence: 0.28)
  📝 Reason: 5m: MACD bearish; 15m: MACD bearish; 1h: MACD bearish; 4h: RSI oversold (19.1)
  ⚠️ Sell signal but no position

[03:57:59] Cycle 364
  💰 Current Price: $84.44
  🎯 Signal: SELL (confidence: 0.28)
  📝 Reason: 5m: MACD bearish; 15m: MACD bearish; 1h: MACD bearish; 4h: RSI oversold (19.1)
  ⚠️ Sell signal but no position

[03:58:30] Cycle 365
  💰 Current Price: $84.46
  🎯 Signal: SELL (confidence: 0.28)
  📝 Reason: 5m: MACD bearish; 15m: MACD bearish; 1h: MACD bearish; 4h: RSI oversold (19.1)
  ⚠️ Sell signal but no position

[03:59:01] Cycle 366
  💰 Current Price: $84.51
  🎯 Signal: SELL (confidence: 0.28)
  📝 Reason: 5m: MACD bearish; 15m: MACD bearish; 1h: MACD bearish; 4h: RSI oversold (19.2)
  ⚠️ Sell signal but no position

[03:59:33] Cycle 367
  💰 Current Price: $84.54
  🎯 Signal: SELL (confidence: 0.28)
  📝 Reason: 5m: MACD bearish; 15m: MACD bearish; 1h: MACD bearish; 4h: RSI oversold (19.2)
  ⚠️ Sell signal but no position

[04:00:04] Cycle 368
  💰 Current Price: $84.55
  🎯 Signal: SELL (confidence: 0.17)
  📝 Reason: 5m: MACD bearish; 15m: MACD bearish; 1h: MACD bearish; 4h: RSI oversold (23.0)
  ⚠️ Sell signal but no position

[04:00:35] Cycle 369
  💰 Current Price: $84.53
  🎯 Signal: SELL (confidence: 0.17)
  📝 Reason: 5m: MACD bearish; 15m: MACD bearish; 1h: MACD bearish; 4h: RSI oversold (23.0)
  ⚠️ Sell signal but no position

[04:01:06] Cycle 370
  💰 Current Price: $84.51
  🎯 Signal: SELL (confidence: 0.17)
  📝 Reason: 5m: MACD bearish; 15m: MACD bearish; 1h: MACD bearish; 4h: RSI oversold (23.0)
  ⚠️ Sell signal but no position

[04:01:37] Cycle 371
  💰 Current Price: $84.50
  🎯 Signal: SELL (confidence: 0.17)
  📝 Reason: 5m: MACD bearish; 15m: MACD bearish; 1h: MACD bearish; 4h: RSI oversold (22.9)
  ⚠️ Sell signal but no position

[04:02:08] Cycle 372
  💰 Current Price: $84.50
  🎯 Signal: SELL (confidence: 0.17)
  📝 Reason: 5m: MACD bearish; 15m: MACD bearish; 1h: MACD bearish; 4h: RSI oversold (22.9)
  ⚠️ Sell signal but no position

[04:02:39] Cycle 373
  💰 Current Price: $84.48
  🎯 Signal: SELL (confidence: 0.17)
  📝 Reason: 5m: MACD bearish; 15m: MACD bearish; 1h: MACD bearish; 4h: RSI oversold (22.9)
  ⚠️ Sell signal but no position

[04:03:09] Cycle 374
  💰 Current Price: $84.38
  🎯 Signal: SELL (confidence: 0.17)
  📝 Reason: 5m: MACD bearish; 15m: MACD bearish; 1h: MACD bearish; 4h: RSI oversold (22.7)
  ⚠️ Sell signal but no position

[04:03:40] Cycle 375
  💰 Current Price: $84.35
  🎯 Signal: SELL (confidence: 0.17)
  📝 Reason: 5m: MACD bearish; 15m: MACD bearish; 1h: MACD bearish; 4h: RSI oversold (22.7)
  ⚠️ Sell signal but no position

[04:04:11] Cycle 376
  💰 Current Price: $84.24
  🎯 Signal: SELL (confidence: 0.17)
  📝 Reason: 5m: MACD bearish; 15m: MACD bearish; 1h: MACD bearish; 4h: RSI oversold (22.5)
  ⚠️ Sell signal but no position

[04:04:42] Cycle 377
  💰 Current Price: $84.10
  🎯 Signal: SELL (confidence: 0.17)
  📝 Reason: 5m: MACD bearish; 15m: MACD bearish; 1h: MACD bearish; 4h: RSI oversold (22.3)
  ⚠️ Sell signal but no position

[04:05:13] Cycle 378
  💰 Current Price: $84.21
  🎯 Signal: SELL (confidence: 0.17)
  📝 Reason: 5m: MACD bearish; 15m: MACD bearish; 1h: MACD bearish; 4h: RSI oversold (22.4)
  ⚠️ Sell signal but no position

[04:05:43] Cycle 379
  💰 Current Price: $84.19
  🎯 Signal: SELL (confidence: 0.17)
  📝 Reason: 5m: MACD bearish; 15m: MACD bearish; 1h: MACD bearish; 4h: RSI oversold (22.4)
  ⚠️ Sell signal but no position

[04:06:14] Cycle 380
  💰 Current Price: $84.24
  🎯 Signal: SELL (confidence: 0.17)
  📝 Reason: 5m: MACD bearish; 15m: MACD bearish; 1h: MACD bearish; 4h: RSI oversold (22.5)
  ⚠️ Sell signal but no position

[04:06:45] Cycle 381
  💰 Current Price: $84.25
  🎯 Signal: SELL (confidence: 0.17)
  📝 Reason: 5m: MACD bearish; 15m: MACD bearish; 1h: MACD bearish; 4h: RSI oversold (22.5)
  ⚠️ Sell signal but no position

[04:07:16] Cycle 382
  💰 Current Price: $84.27
  🎯 Signal: SELL (confidence: 0.17)
  📝 Reason: 5m: MACD bearish; 15m: MACD bearish; 1h: MACD bearish; 4h: RSI oversold (22.5)
  ⚠️ Sell signal but no position

[04:07:47] Cycle 383
  💰 Current Price: $84.24
  🎯 Signal: SELL (confidence: 0.17)
  📝 Reason: 5m: MACD bearish; 15m: MACD bearish; 1h: MACD bearish; 4h: RSI oversold (22.5)
  ⚠️ Sell signal but no position

[04:08:17] Cycle 384
  💰 Current Price: $84.24
  🎯 Signal: SELL (confidence: 0.17)
  📝 Reason: 5m: MACD bearish; 15m: MACD bearish; 1h: MACD bearish; 4h: RSI oversold (22.5)
  ⚠️ Sell signal but no position

[04:08:48] Cycle 385
  💰 Current Price: $84.26
  🎯 Signal: SELL (confidence: 0.17)
  📝 Reason: 5m: MACD bearish; 15m: MACD bearish; 1h: MACD bearish; 4h: RSI oversold (22.5)
  ⚠️ Sell signal but no position

[04:09:19] Cycle 386
  💰 Current Price: $84.20
  🎯 Signal: SELL (confidence: 0.17)
  📝 Reason: 5m: MACD bearish; 15m: MACD bearish; 1h: MACD bearish; 4h: RSI oversold (22.4)
  ⚠️ Sell signal but no position

[04:09:50] Cycle 387
  💰 Current Price: $84.14
  🎯 Signal: SELL (confidence: 0.17)
  📝 Reason: 5m: MACD bearish; 15m: MACD bearish; 1h: MACD bearish; 4h: RSI oversold (22.3)
  ⚠️ Sell signal but no position

[04:10:20] Cycle 388
  💰 Current Price: $84.16
  🎯 Signal: SELL (confidence: 0.17)
  📝 Reason: 5m: MACD bearish; 15m: MACD bearish; 1h: MACD bearish; 4h: RSI oversold (22.3)
  ⚠️ Sell signal but no position

[04:10:51] Cycle 389
  💰 Current Price: $84.16
  🎯 Signal: SELL (confidence: 0.17)
  📝 Reason: 5m: MACD bearish; 15m: MACD bearish; 1h: MACD bearish; 4h: RSI oversold (22.3)
  ⚠️ Sell signal but no position

[04:11:22] Cycle 390
  💰 Current Price: $84.16
  🎯 Signal: SELL (confidence: 0.17)
  📝 Reason: 5m: MACD bearish; 15m: MACD bearish; 1h: MACD bearish; 4h: RSI oversold (22.3)
  ⚠️ Sell signal but no position

[04:11:53] Cycle 391
  💰 Current Price: $84.24
  🎯 Signal: SELL (confidence: 0.17)
  📝 Reason: 5m: MACD bearish; 15m: MACD bearish; 1h: MACD bearish; 4h: RSI oversold (22.5)
  ⚠️ Sell signal but no position

[04:12:23] Cycle 392
  💰 Current Price: $84.24
  🎯 Signal: SELL (confidence: 0.17)
  📝 Reason: 5m: MACD bearish; 15m: MACD bearish; 1h: MACD bearish; 4h: RSI oversold (22.5)
  ⚠️ Sell signal but no position

[04:12:54] Cycle 393
  💰 Current Price: $84.21
  🎯 Signal: SELL (confidence: 0.17)
  📝 Reason: 5m: MACD bearish; 15m: MACD bearish; 1h: MACD bearish; 4h: RSI oversold (22.4)
  ⚠️ Sell signal but no position

[04:13:25] Cycle 394
  💰 Current Price: $84.21
  🎯 Signal: SELL (confidence: 0.17)
  📝 Reason: 5m: MACD bearish; 15m: MACD bearish; 1h: MACD bearish; 4h: RSI oversold (22.4)
  ⚠️ Sell signal but no position

[04:13:56] Cycle 395
  💰 Current Price: $84.20
  🎯 Signal: SELL (confidence: 0.17)
  📝 Reason: 5m: MACD bearish; 15m: MACD bearish; 1h: MACD bearish; 4h: RSI oversold (22.4)
  ⚠️ Sell signal but no position

[04:14:27] Cycle 396
  💰 Current Price: $84.23
  🎯 Signal: SELL (confidence: 0.17)
  📝 Reason: 5m: MACD bearish; 15m: MACD bearish; 1h: MACD bearish; 4h: RSI oversold (22.4)
  ⚠️ Sell signal but no position

[04:14:57] Cycle 397
  💰 Current Price: $84.23
  🎯 Signal: SELL (confidence: 0.17)
  💰 Current Price: $84.46
  🎯 Signal: SELL (confidence: 0.28)
  📝 Reason: 5m: MACD bearish; 15m: MACD bearish; 1h: MACD bearish; 4h: RSI oversold (19.1)
  ⚠️ Sell signal but no position

[03:59:01] Cycle 358
  💰 Current Price: $84.51
  🎯 Signal: SELL (confidence: 0.28)
  📝 Reason: 5m: MACD bearish; 15m: MACD bearish; 1h: MACD bearish; 4h: RSI oversold (19.2)
  ⚠️ Sell signal but no position

[03:59:33] Cycle 359
  💰 Current Price: $84.54
  🎯 Signal: SELL (confidence: 0.28)
  📝 Reason: 5m: MACD bearish; 15m: MACD bearish; 1h: MACD bearish; 4h: RSI oversold (19.2)
  ⚠️ Sell signal but no position

[04:00:04] Cycle 360
  💰 Current Price: $84.55
  🎯 Signal: SELL (confidence: 0.17)
  📝 Reason: 5m: MACD bearish; 15m: MACD bearish; 1h: MACD bearish; 4h: RSI oversold (23.0)
  ⚠️ Sell signal but no position

[04:00:35] Cycle 361
  💰 Current Price: $84.53
  🎯 Signal: SELL (confidence: 0.17)
  📝 Reason: 5m: MACD bearish; 15m: MACD bearish; 1h: MACD bearish; 4h: RSI oversold (23.0)
  ⚠️ Sell signal but no position

[04:01:06] Cycle 362
  💰 Current Price: $84.51
  🎯 Signal: SELL (confidence: 0.17)
  📝 Reason: 5m: MACD bearish; 15m: MACD bearish; 1h: MACD bearish; 4h: RSI oversold (23.0)
  ⚠️ Sell signal but no position

[04:01:37] Cycle 363
  💰 Current Price: $84.50
  🎯 Signal: SELL (confidence: 0.17)
  📝 Reason: 5m: MACD bearish; 15m: MACD bearish; 1h: MACD bearish; 4h: RSI oversold (22.9)
  ⚠️ Sell signal but no position

[04:02:08] Cycle 364
  💰 Current Price: $84.50
  🎯 Signal: SELL (confidence: 0.17)
  📝 Reason: 5m: MACD bearish; 15m: MACD bearish; 1h: MACD bearish; 4h: RSI oversold (22.9)
  ⚠️ Sell signal but no position

[04:02:39] Cycle 365
  💰 Current Price: $84.48
  🎯 Signal: SELL (confidence: 0.17)
  📝 Reason: 5m: MACD bearish; 15m: MACD bearish; 1h: MACD bearish; 4h: RSI oversold (22.9)
  ⚠️ Sell signal but no position

[04:03:09] Cycle 366
  💰 Current Price: $84.38
  🎯 Signal: SELL (confidence: 0.17)
  📝 Reason: 5m: MACD bearish; 15m: MACD bearish; 1h: MACD bearish; 4h: RSI oversold (22.7)
  ⚠️ Sell signal but no position

[04:03:40] Cycle 367
  💰 Current Price: $84.35
  🎯 Signal: SELL (confidence: 0.17)
  📝 Reason: 5m: MACD bearish; 15m: MACD bearish; 1h: MACD bearish; 4h: RSI oversold (22.7)
  ⚠️ Sell signal but no position

[04:04:11] Cycle 368
  💰 Current Price: $84.24
  🎯 Signal: SELL (confidence: 0.17)
  📝 Reason: 5m: MACD bearish; 15m: MACD bearish; 1h: MACD bearish; 4h: RSI oversold (22.5)
  ⚠️ Sell signal but no position

[04:04:42] Cycle 369
  💰 Current Price: $84.10
  🎯 Signal: SELL (confidence: 0.17)
  📝 Reason: 5m: MACD bearish; 15m: MACD bearish; 1h: MACD bearish; 4h: RSI oversold (22.3)
  ⚠️ Sell signal but no position

[04:05:13] Cycle 370
  💰 Current Price: $84.21
  🎯 Signal: SELL (confidence: 0.17)
  📝 Reason: 5m: MACD bearish; 15m: MACD bearish; 1h: MACD bearish; 4h: RSI oversold (22.4)
  ⚠️ Sell signal but no position

[04:05:43] Cycle 371
  💰 Current Price: $84.20
  🎯 Signal: SELL (confidence: 0.17)
  📝 Reason: 5m: MACD bearish; 15m: MACD bearish; 1h: MACD bearish; 4h: RSI oversold (22.4)
  ⚠️ Sell signal but no position

[04:06:14] Cycle 372
  💰 Current Price: $84.24
  🎯 Signal: SELL (confidence: 0.17)
  📝 Reason: 5m: MACD bearish; 15m: MACD bearish; 1h: MACD bearish; 4h: RSI oversold (22.5)
  ⚠️ Sell signal but no position

[04:06:45] Cycle 373
  💰 Current Price: $84.25
  🎯 Signal: SELL (confidence: 0.17)
  📝 Reason: 5m: MACD bearish; 15m: MACD bearish; 1h: MACD bearish; 4h: RSI oversold (22.5)
  ⚠️ Sell signal but no position

[04:07:16] Cycle 374
  💰 Current Price: $84.27
  🎯 Signal: SELL (confidence: 0.17)
  📝 Reason: 5m: MACD bearish; 15m: MACD bearish; 1h: MACD bearish; 4h: RSI oversold (22.5)
  ⚠️ Sell signal but no position

[04:07:47] Cycle 375
  💰 Current Price: $84.24
  🎯 Signal: SELL (confidence: 0.17)
  📝 Reason: 5m: MACD bearish; 15m: MACD bearish; 1h: MACD bearish; 4h: RSI oversold (22.5)
  ⚠️ Sell signal but no position

[04:08:17] Cycle 376
  💰 Current Price: $84.24
  🎯 Signal: SELL (confidence: 0.17)
  📝 Reason: 5m: MACD bearish; 15m: MACD bearish; 1h: MACD bearish; 4h: RSI oversold (22.5)
  ⚠️ Sell signal but no position

[04:08:48] Cycle 377
  💰 Current Price: $84.26
  🎯 Signal: SELL (confidence: 0.17)
  📝 Reason: 5m: MACD bearish; 15m: MACD bearish; 1h: MACD bearish; 4h: RSI oversold (22.5)
  ⚠️ Sell signal but no position

[04:09:19] Cycle 378
  💰 Current Price: $84.20
  🎯 Signal: SELL (confidence: 0.17)
  📝 Reason: 5m: MACD bearish; 15m: MACD bearish; 1h: MACD bearish; 4h: RSI oversold (22.4)
  ⚠️ Sell signal but no position

[04:09:50] Cycle 379
  💰 Current Price: $84.14
  🎯 Signal: SELL (confidence: 0.17)
  📝 Reason: 5m: MACD bearish; 15m: MACD bearish; 1h: MACD bearish; 4h: RSI oversold (22.3)
  ⚠️ Sell signal but no position

[04:10:20] Cycle 380
  💰 Current Price: $84.16
  🎯 Signal: SELL (confidence: 0.17)
  📝 Reason: 5m: MACD bearish; 15m: MACD bearish; 1h: MACD bearish; 4h: RSI oversold (22.3)
  ⚠️ Sell signal but no position

[04:10:51] Cycle 381
  💰 Current Price: $84.16
  🎯 Signal: SELL (confidence: 0.17)
  📝 Reason: 5m: MACD bearish; 15m: MACD bearish; 1h: MACD bearish; 4h: RSI oversold (22.3)
  ⚠️ Sell signal but no position

[04:11:22] Cycle 382
  💰 Current Price: $84.16
  🎯 Signal: SELL (confidence: 0.17)
  📝 Reason: 5m: MACD bearish; 15m: MACD bearish; 1h: MACD bearish; 4h: RSI oversold (22.3)
  ⚠️ Sell signal but no position

[04:11:53] Cycle 383
  💰 Current Price: $84.24
  🎯 Signal: SELL (confidence: 0.17)
  📝 Reason: 5m: MACD bearish; 15m: MACD bearish; 1h: MACD bearish; 4h: RSI oversold (22.5)
  ⚠️ Sell signal but no position

[04:12:23] Cycle 384
  💰 Current Price: $84.24
  🎯 Signal: SELL (confidence: 0.17)
  📝 Reason: 5m: MACD bearish; 15m: MACD bearish; 1h: MACD bearish; 4h: RSI oversold (22.5)
  ⚠️ Sell signal but no position

[04:12:54] Cycle 385
  💰 Current Price: $84.21
  🎯 Signal: SELL (confidence: 0.17)
  📝 Reason: 5m: MACD bearish; 15m: MACD bearish; 1h: MACD bearish; 4h: RSI oversold (22.4)
  ⚠️ Sell signal but no position

[04:13:25] Cycle 386
  💰 Current Price: $84.21
  🎯 Signal: SELL (confidence: 0.17)
  📝 Reason: 5m: MACD bearish; 15m: MACD bearish; 1h: MACD bearish; 4h: RSI oversold (22.4)
  ⚠️ Sell signal but no position

[04:13:56] Cycle 387
  💰 Current Price: $84.20
  🎯 Signal: SELL (confidence: 0.17)
  📝 Reason: 5m: MACD bearish; 15m: MACD bearish; 1h: MACD bearish; 4h: RSI oversold (22.4)
  ⚠️ Sell signal but no position

[04:14:27] Cycle 388
  💰 Current Price: $84.23
  🎯 Signal: SELL (confidence: 0.17)
  📝 Reason: 5m: MACD bearish; 15m: MACD bearish; 1h: MACD bearish; 4h: RSI oversold (22.4)
  ⚠️ Sell signal but no position

[04:14:57] Cycle 389
  💰 Current Price: $84.23
  🎯 Signal: SELL (confidence: 0.17)
  📝 Reason: 5m: MACD bearish; 15m: MACD bearish; 1h: MACD bearish; 4h: RSI oversold (22.4)
  ⚠️ Sell signal but no position

[04:15:28] Cycle 390
  💰 Current Price: $84.12
  🎯 Signal: SELL (confidence: 0.17)
  📝 Reason: 5m: MACD bearish; 15m: MACD bearish; 1h: MACD bearish; 4h: RSI oversold (22.2)
  ⚠️ Sell signal but no position

[04:15:59] Cycle 391
  💰 Current Price: $84.16
  🎯 Signal: SELL (confidence: 0.17)
  📝 Reason: 5m: MACD bearish; 15m: MACD bearish; 1h: MACD bearish; 4h: RSI oversold (22.3)
  ⚠️ Sell signal but no position

[04:16:30] Cycle 392
  💰 Current Price: $84.26
  🎯 Signal: SELL (confidence: 0.17)
  📝 Reason: 5m: MACD bearish; 15m: MACD bearish; 1h: MACD bearish; 4h: RSI oversold (22.5)
  ⚠️ Sell signal but no position

[04:17:01] Cycle 393
  💰 Current Price: $84.31
  🎯 Signal: SELL (confidence: 0.17)
  📝 Reason: 5m: MACD bearish; 15m: MACD bearish; 1h: MACD bearish; 4h: RSI oversold (22.6)
  ⚠️ Sell signal but no position

[04:17:31] Cycle 394
  📝 Reason: 5m: MACD bearish; 15m: MACD bearish; 1h: MACD bearish; 4h: RSI oversold (22.4)
  ⚠️ Sell signal but no position

[04:15:28] Cycle 398
  💰 Current Price: $84.12
  🎯 Signal: SELL (confidence: 0.17)
  📝 Reason: 5m: MACD bearish; 15m: MACD bearish; 1h: MACD bearish; 4h: RSI oversold (22.2)
  ⚠️ Sell signal but no position

[04:15:59] Cycle 399
  💰 Current Price: $84.16
  🎯 Signal: SELL (confidence: 0.17)
  📝 Reason: 5m: MACD bearish; 15m: MACD bearish; 1h: MACD bearish; 4h: RSI oversold (22.3)
  ⚠️ Sell signal but no position

[04:16:30] Cycle 400
  💰 Current Price: $84.26
  🎯 Signal: SELL (confidence: 0.17)
  📝 Reason: 5m: MACD bearish; 15m: MACD bearish; 1h: MACD bearish; 4h: RSI oversold (22.5)
  ⚠️ Sell signal but no position

[04:17:01] Cycle 401
  💰 Current Price: $84.31
  🎯 Signal: SELL (confidence: 0.17)
  📝 Reason: 5m: MACD bearish; 15m: MACD bearish; 1h: MACD bearish; 4h: RSI oversold (22.6)
  ⚠️ Sell signal but no position

[04:17:31] Cycle 402
  💰 Current Price: $84.29
  🎯 Signal: SELL (confidence: 0.17)
  📝 Reason: 5m: MACD bearish; 15m: MACD bearish; 1h: MACD bearish; 4h: RSI oversold (22.5)
  ⚠️ Sell signal but no position

[04:18:02] Cycle 403
  💰 Current Price: $84.30
  🎯 Signal: SELL (confidence: 0.17)
  📝 Reason: 5m: MACD bearish; 15m: MACD bearish; 1h: MACD bearish; 4h: RSI oversold (22.6)
  ⚠️ Sell signal but no position

[04:18:33] Cycle 404
  💰 Current Price: $84.29
  🎯 Signal: SELL (confidence: 0.17)
  📝 Reason: 5m: MACD bearish; 15m: MACD bearish; 1h: MACD bearish; 4h: RSI oversold (22.5)
  ⚠️ Sell signal but no position

[04:19:04] Cycle 405
  💰 Current Price: $84.30
  🎯 Signal: SELL (confidence: 0.17)
  📝 Reason: 5m: MACD bearish; 15m: MACD bearish; 1h: MACD bearish; 4h: RSI oversold (22.6)
  ⚠️ Sell signal but no position

[04:19:35] Cycle 406
  💰 Current Price: $84.33
  🎯 Signal: SELL (confidence: 0.17)
  📝 Reason: 5m: MACD bearish; 15m: MACD bearish; 1h: MACD bearish; 4h: RSI oversold (22.6)
  ⚠️ Sell signal but no position

[04:20:06] Cycle 407
  💰 Current Price: $84.33
  🎯 Signal: HOLD (confidence: 0.07)
  📝 Reason: 5m: RSI oversold (28.0); 5m: MACD bearish; 15m: MACD bearish; 1h: MACD bearish

[04:20:37] Cycle 408
  💰 Current Price: $84.27
  🎯 Signal: HOLD (confidence: 0.07)
  📝 Reason: 5m: RSI oversold (27.0); 5m: MACD bearish; 15m: MACD bearish; 1h: MACD bearish

[04:21:07] Cycle 409
  💰 Current Price: $84.26
  🎯 Signal: HOLD (confidence: 0.07)
  📝 Reason: 5m: RSI oversold (26.8); 5m: MACD bearish; 15m: MACD bearish; 1h: MACD bearish

[04:21:38] Cycle 410
  💰 Current Price: $84.26
  🎯 Signal: HOLD (confidence: 0.07)
  📝 Reason: 5m: RSI oversold (26.8); 5m: MACD bearish; 15m: MACD bearish; 1h: MACD bearish

[04:22:09] Cycle 411
  💰 Current Price: $84.27
  🎯 Signal: HOLD (confidence: 0.07)
  📝 Reason: 5m: RSI oversold (27.0); 5m: MACD bearish; 15m: MACD bearish; 1h: MACD bearish

[04:22:39] Cycle 412
  💰 Current Price: $84.28
  🎯 Signal: HOLD (confidence: 0.07)
  📝 Reason: 5m: RSI oversold (27.2); 5m: MACD bearish; 15m: MACD bearish; 1h: MACD bearish

[04:23:10] Cycle 413
  💰 Current Price: $84.31
  🎯 Signal: HOLD (confidence: 0.07)
  📝 Reason: 5m: RSI oversold (27.7); 5m: MACD bearish; 15m: MACD bearish; 1h: MACD bearish

[04:23:41] Cycle 414
  💰 Current Price: $84.33
  🎯 Signal: HOLD (confidence: 0.07)
  📝 Reason: 5m: RSI oversold (28.0); 5m: MACD bearish; 15m: MACD bearish; 1h: MACD bearish

[04:24:12] Cycle 415
  💰 Current Price: $84.36
  🎯 Signal: HOLD (confidence: 0.07)
  📝 Reason: 5m: RSI oversold (29.4); 5m: MACD bearish; 15m: MACD bearish; 1h: MACD bearish

[04:24:42] Cycle 416
  💰 Current Price: $84.36
  🎯 Signal: HOLD (confidence: 0.07)
  📝 Reason: 5m: RSI oversold (29.4); 5m: MACD bearish; 15m: MACD bearish; 1h: MACD bearish

[04:25:13] Cycle 417
  💰 Current Price: $84.37
  🎯 Signal: SELL (confidence: 0.17)
  📝 Reason: 5m: MACD bearish; 15m: MACD bearish; 1h: MACD bearish; 4h: RSI oversold (22.7)
  ⚠️ Sell signal but no position

[04:25:44] Cycle 418
  💰 Current Price: $84.34
  🎯 Signal: SELL (confidence: 0.17)
  📝 Reason: 5m: MACD bearish; 15m: MACD bearish; 1h: MACD bearish; 4h: RSI oversold (22.6)
  ⚠️ Sell signal but no position

[04:26:15] Cycle 419
  💰 Current Price: $84.34
  🎯 Signal: SELL (confidence: 0.17)
  📝 Reason: 5m: MACD bearish; 15m: MACD bearish; 1h: MACD bearish; 4h: RSI oversold (22.6)
  ⚠️ Sell signal but no position

[04:26:45] Cycle 420
  💰 Current Price: $84.33
  🎯 Signal: SELL (confidence: 0.17)
  📝 Reason: 5m: MACD bearish; 15m: MACD bearish; 1h: MACD bearish; 4h: RSI oversold (22.6)
  ⚠️ Sell signal but no position

[04:27:16] Cycle 421
  💰 Current Price: $84.30
  🎯 Signal: SELL (confidence: 0.17)
  📝 Reason: 5m: MACD bearish; 15m: MACD bearish; 1h: MACD bearish; 4h: RSI oversold (22.6)
  ⚠️ Sell signal but no position

[04:27:47] Cycle 422
  💰 Current Price: $84.32
  🎯 Signal: SELL (confidence: 0.17)
  📝 Reason: 5m: MACD bearish; 15m: MACD bearish; 1h: MACD bearish; 4h: RSI oversold (22.6)
  ⚠️ Sell signal but no position

[04:28:18] Cycle 423
  💰 Current Price: $84.31
  🎯 Signal: SELL (confidence: 0.17)
  📝 Reason: 5m: MACD bearish; 15m: MACD bearish; 1h: MACD bearish; 4h: RSI oversold (22.6)
  ⚠️ Sell signal but no position

[04:28:49] Cycle 424
  💰 Current Price: $84.32
  🎯 Signal: SELL (confidence: 0.17)
  📝 Reason: 5m: MACD bearish; 15m: MACD bearish; 1h: MACD bearish; 4h: RSI oversold (22.6)
  ⚠️ Sell signal but no position

[04:29:19] Cycle 425
  💰 Current Price: $84.32
  🎯 Signal: SELL (confidence: 0.17)
  📝 Reason: 5m: MACD bearish; 15m: MACD bearish; 1h: MACD bearish; 4h: RSI oversold (22.6)
  ⚠️ Sell signal but no position

[04:29:50] Cycle 426
  💰 Current Price: $84.32
  🎯 Signal: SELL (confidence: 0.17)
  📝 Reason: 5m: MACD bearish; 15m: MACD bearish; 1h: MACD bearish; 4h: RSI oversold (22.6)
  ⚠️ Sell signal but no position

[04:30:21] Cycle 427
  💰 Current Price: $84.30
  🎯 Signal: SELL (confidence: 0.17)
  📝 Reason: 5m: MACD bearish; 15m: MACD bearish; 1h: MACD bearish; 4h: RSI oversold (22.6)
  ⚠️ Sell signal but no position

[04:30:52] Cycle 428
  💰 Current Price: $84.30
  🎯 Signal: SELL (confidence: 0.17)
  📝 Reason: 5m: MACD bearish; 15m: MACD bearish; 1h: MACD bearish; 4h: RSI oversold (22.6)
  ⚠️ Sell signal but no position

[04:31:23] Cycle 429
  💰 Current Price: $84.33
  🎯 Signal: SELL (confidence: 0.17)
  📝 Reason: 5m: MACD bearish; 15m: MACD bearish; 1h: MACD bearish; 4h: RSI oversold (22.6)
  ⚠️ Sell signal but no position

[04:31:53] Cycle 430
  💰 Current Price: $84.33
  🎯 Signal: SELL (confidence: 0.17)
  📝 Reason: 5m: MACD bearish; 15m: MACD bearish; 1h: MACD bearish; 4h: RSI oversold (22.6)
  ⚠️ Sell signal but no position

[04:32:24] Cycle 431
  💰 Current Price: $84.34
  🎯 Signal: SELL (confidence: 0.17)
  📝 Reason: 5m: MACD bearish; 15m: MACD bearish; 1h: MACD bearish; 4h: RSI oversold (22.6)
  ⚠️ Sell signal but no position

[04:32:55] Cycle 432
  💰 Current Price: $84.33
  🎯 Signal: SELL (confidence: 0.17)
  📝 Reason: 5m: MACD bearish; 15m: MACD bearish; 1h: MACD bearish; 4h: RSI oversold (22.6)
  ⚠️ Sell signal but no position

[04:33:26] Cycle 433
  💰 Current Price: $84.31
  🎯 Signal: SELL (confidence: 0.17)
  📝 Reason: 5m: MACD bearish; 15m: MACD bearish; 1h: MACD bearish; 4h: RSI oversold (22.6)
  ⚠️ Sell signal but no position

[04:33:57] Cycle 434
  💰 Current Price: $84.30
  🎯 Signal: SELL (confidence: 0.17)
  📝 Reason: 5m: MACD bearish; 15m: MACD bearish; 1h: MACD bearish; 4h: RSI oversold (22.6)
  ⚠️ Sell signal but no position

[04:34:27] Cycle 435
  💰 Current Price: $84.30
  🎯 Signal: SELL (confidence: 0.17)
  📝 Reason: 5m: MACD bearish; 15m: MACD bearish; 1h: MACD bearish; 4h: RSI oversold (22.6)
  ⚠️ Sell signal but no position

[04:34:58] Cycle 436
  💰 Current Price: $84.29
  🎯 Signal: SELL (confidence: 0.17)
  📝 Reason: 5m: MACD bearish; 15m: MACD bearish; 1h: MACD bearish; 4h: RSI oversold (22.5)
  ⚠️ Sell signal but no position

[04:18:02] Cycle 395
  💰 Current Price: $84.30
  🎯 Signal: SELL (confidence: 0.17)
  📝 Reason: 5m: MACD bearish; 15m: MACD bearish; 1h: MACD bearish; 4h: RSI oversold (22.6)
  ⚠️ Sell signal but no position

[04:18:33] Cycle 396
  💰 Current Price: $84.29
  🎯 Signal: SELL (confidence: 0.17)
  📝 Reason: 5m: MACD bearish; 15m: MACD bearish; 1h: MACD bearish; 4h: RSI oversold (22.5)
  ⚠️ Sell signal but no position

[04:19:04] Cycle 397
  💰 Current Price: $84.30
  🎯 Signal: SELL (confidence: 0.17)
  📝 Reason: 5m: MACD bearish; 15m: MACD bearish; 1h: MACD bearish; 4h: RSI oversold (22.6)
  ⚠️ Sell signal but no position

[04:19:35] Cycle 398
  💰 Current Price: $84.33
  🎯 Signal: SELL (confidence: 0.17)
  📝 Reason: 5m: MACD bearish; 15m: MACD bearish; 1h: MACD bearish; 4h: RSI oversold (22.6)
  ⚠️ Sell signal but no position

[04:20:06] Cycle 399
  💰 Current Price: $84.33
  🎯 Signal: HOLD (confidence: 0.07)
  📝 Reason: 5m: RSI oversold (28.0); 5m: MACD bearish; 15m: MACD bearish; 1h: MACD bearish

[04:20:37] Cycle 400
  💰 Current Price: $84.27
  🎯 Signal: HOLD (confidence: 0.07)
  📝 Reason: 5m: RSI oversold (27.0); 5m: MACD bearish; 15m: MACD bearish; 1h: MACD bearish

[04:21:07] Cycle 401
  💰 Current Price: $84.26
  🎯 Signal: HOLD (confidence: 0.07)
  📝 Reason: 5m: RSI oversold (26.8); 5m: MACD bearish; 15m: MACD bearish; 1h: MACD bearish

[04:21:38] Cycle 402
  💰 Current Price: $84.26
  🎯 Signal: HOLD (confidence: 0.07)
  📝 Reason: 5m: RSI oversold (26.8); 5m: MACD bearish; 15m: MACD bearish; 1h: MACD bearish

[04:22:09] Cycle 403
  💰 Current Price: $84.27
  🎯 Signal: HOLD (confidence: 0.07)
  📝 Reason: 5m: RSI oversold (27.0); 5m: MACD bearish; 15m: MACD bearish; 1h: MACD bearish

[04:22:40] Cycle 404
  💰 Current Price: $84.28
  🎯 Signal: HOLD (confidence: 0.07)
  📝 Reason: 5m: RSI oversold (27.2); 5m: MACD bearish; 15m: MACD bearish; 1h: MACD bearish

[04:23:11] Cycle 405
  💰 Current Price: $84.31
  🎯 Signal: HOLD (confidence: 0.07)
  📝 Reason: 5m: RSI oversold (27.7); 5m: MACD bearish; 15m: MACD bearish; 1h: MACD bearish

[04:23:42] Cycle 406
  💰 Current Price: $84.33
  🎯 Signal: HOLD (confidence: 0.07)
  📝 Reason: 5m: RSI oversold (28.0); 5m: MACD bearish; 15m: MACD bearish; 1h: MACD bearish

[04:24:13] Cycle 407
  💰 Current Price: $84.36
  🎯 Signal: HOLD (confidence: 0.07)
  📝 Reason: 5m: RSI oversold (29.4); 5m: MACD bearish; 15m: MACD bearish; 1h: MACD bearish

[04:24:43] Cycle 408
  💰 Current Price: $84.36
  🎯 Signal: HOLD (confidence: 0.07)
  📝 Reason: 5m: RSI oversold (29.4); 5m: MACD bearish; 15m: MACD bearish; 1h: MACD bearish

[04:25:14] Cycle 409
  💰 Current Price: $84.37
  🎯 Signal: SELL (confidence: 0.17)
  📝 Reason: 5m: MACD bearish; 15m: MACD bearish; 1h: MACD bearish; 4h: RSI oversold (22.7)
  ⚠️ Sell signal but no position

[04:25:44] Cycle 410
  💰 Current Price: $84.34
  🎯 Signal: SELL (confidence: 0.17)
  📝 Reason: 5m: MACD bearish; 15m: MACD bearish; 1h: MACD bearish; 4h: RSI oversold (22.6)
  ⚠️ Sell signal but no position

[04:26:15] Cycle 411
  💰 Current Price: $84.34
  🎯 Signal: SELL (confidence: 0.17)
  📝 Reason: 5m: MACD bearish; 15m: MACD bearish; 1h: MACD bearish; 4h: RSI oversold (22.6)
  ⚠️ Sell signal but no position

[04:26:46] Cycle 412
  💰 Current Price: $84.33
  🎯 Signal: SELL (confidence: 0.17)
  📝 Reason: 5m: MACD bearish; 15m: MACD bearish; 1h: MACD bearish; 4h: RSI oversold (22.6)
  ⚠️ Sell signal but no position

[04:27:16] Cycle 413
  💰 Current Price: $84.30
  🎯 Signal: SELL (confidence: 0.17)
  📝 Reason: 5m: MACD bearish; 15m: MACD bearish; 1h: MACD bearish; 4h: RSI oversold (22.6)
  ⚠️ Sell signal but no position

[04:27:47] Cycle 414
  💰 Current Price: $84.32
  🎯 Signal: SELL (confidence: 0.17)
  📝 Reason: 5m: MACD bearish; 15m: MACD bearish; 1h: MACD bearish; 4h: RSI oversold (22.6)
  ⚠️ Sell signal but no position

[04:28:18] Cycle 415
  💰 Current Price: $84.31
  🎯 Signal: SELL (confidence: 0.17)
  📝 Reason: 5m: MACD bearish; 15m: MACD bearish; 1h: MACD bearish; 4h: RSI oversold (22.6)
  ⚠️ Sell signal but no position

[04:28:48] Cycle 416
  💰 Current Price: $84.32
  🎯 Signal: SELL (confidence: 0.17)
  📝 Reason: 5m: MACD bearish; 15m: MACD bearish; 1h: MACD bearish; 4h: RSI oversold (22.6)
  ⚠️ Sell signal but no position

[04:29:19] Cycle 417
  💰 Current Price: $84.32
  🎯 Signal: SELL (confidence: 0.17)
  📝 Reason: 5m: MACD bearish; 15m: MACD bearish; 1h: MACD bearish; 4h: RSI oversold (22.6)
  ⚠️ Sell signal but no position

[04:29:50] Cycle 418
  💰 Current Price: $84.32
  🎯 Signal: SELL (confidence: 0.17)
  📝 Reason: 5m: MACD bearish; 15m: MACD bearish; 1h: MACD bearish; 4h: RSI oversold (22.6)
  ⚠️ Sell signal but no position

[04:30:21] Cycle 419
  💰 Current Price: $84.30
  🎯 Signal: SELL (confidence: 0.17)
  📝 Reason: 5m: MACD bearish; 15m: MACD bearish; 1h: MACD bearish; 4h: RSI oversold (22.6)
  ⚠️ Sell signal but no position

[04:30:52] Cycle 420
  💰 Current Price: $84.30
  🎯 Signal: SELL (confidence: 0.17)
  📝 Reason: 5m: MACD bearish; 15m: MACD bearish; 1h: MACD bearish; 4h: RSI oversold (22.6)
  ⚠️ Sell signal but no position

[04:31:23] Cycle 421
  💰 Current Price: $84.33
  🎯 Signal: SELL (confidence: 0.17)
  📝 Reason: 5m: MACD bearish; 15m: MACD bearish; 1h: MACD bearish; 4h: RSI oversold (22.6)
  ⚠️ Sell signal but no position

[04:31:53] Cycle 422
  💰 Current Price: $84.33
  🎯 Signal: SELL (confidence: 0.17)
  📝 Reason: 5m: MACD bearish; 15m: MACD bearish; 1h: MACD bearish; 4h: RSI oversold (22.6)
  ⚠️ Sell signal but no position

[04:32:24] Cycle 423
  💰 Current Price: $84.34
  🎯 Signal: SELL (confidence: 0.17)
  📝 Reason: 5m: MACD bearish; 15m: MACD bearish; 1h: MACD bearish; 4h: RSI oversold (22.6)
  ⚠️ Sell signal but no position

[04:32:55] Cycle 424
  💰 Current Price: $84.33
  🎯 Signal: SELL (confidence: 0.17)
  📝 Reason: 5m: MACD bearish; 15m: MACD bearish; 1h: MACD bearish; 4h: RSI oversold (22.6)
  ⚠️ Sell signal but no position

[04:33:26] Cycle 425
  💰 Current Price: $84.31
  🎯 Signal: SELL (confidence: 0.17)
  📝 Reason: 5m: MACD bearish; 15m: MACD bearish; 1h: MACD bearish; 4h: RSI oversold (22.6)
  ⚠️ Sell signal but no position

[04:33:57] Cycle 426
  💰 Current Price: $84.30
  🎯 Signal: SELL (confidence: 0.17)
  📝 Reason: 5m: MACD bearish; 15m: MACD bearish; 1h: MACD bearish; 4h: RSI oversold (22.6)
  ⚠️ Sell signal but no position

[04:34:27] Cycle 427
  💰 Current Price: $84.30
  🎯 Signal: SELL (confidence: 0.17)
  📝 Reason: 5m: MACD bearish; 15m: MACD bearish; 1h: MACD bearish; 4h: RSI oversold (22.6)
  ⚠️ Sell signal but no position

[04:34:58] Cycle 428
  💰 Current Price: $84.27
  🎯 Signal: SELL (confidence: 0.17)
  📝 Reason: 5m: MACD bearish; 15m: MACD bearish; 1h: MACD bearish; 4h: RSI oversold (22.5)
  ⚠️ Sell signal but no position

[04:35:29] Cycle 429
  💰 Current Price: $84.21
  🎯 Signal: SELL (confidence: 0.17)
  📝 Reason: 5m: MACD bearish; 15m: MACD bearish; 1h: MACD bearish; 4h: RSI oversold (22.4)
  ⚠️ Sell signal but no position

[04:35:59] Cycle 430
  💰 Current Price: $84.26
  🎯 Signal: SELL (confidence: 0.17)
  📝 Reason: 5m: MACD bearish; 15m: MACD bearish; 1h: MACD bearish; 4h: RSI oversold (22.5)
  ⚠️ Sell signal but no position

[04:36:30] Cycle 431
  💰 Current Price: $84.27
  🎯 Signal: SELL (confidence: 0.17)
  📝 Reason: 5m: MACD bearish; 15m: MACD bearish; 1h: MACD bearish; 4h: RSI oversold (22.5)
  ⚠️ Sell signal but no position

[04:37:01] Cycle 432
  💰 Current Price: $84.27
  🎯 Signal: SELL (confidence: 0.17)
  📝 Reason: 5m: MACD bearish; 15m: MACD bearish; 1h: MACD bearish; 4h: RSI oversold (22.5)
  💰 Current Price: $84.27
  🎯 Signal: SELL (confidence: 0.17)
  📝 Reason: 5m: MACD bearish; 15m: MACD bearish; 1h: MACD bearish; 4h: RSI oversold (22.5)
  ⚠️ Sell signal but no position

[04:35:29] Cycle 437
  💰 Current Price: $84.21
  🎯 Signal: SELL (confidence: 0.17)
  📝 Reason: 5m: MACD bearish; 15m: MACD bearish; 1h: MACD bearish; 4h: RSI oversold (22.4)
  ⚠️ Sell signal but no position

[04:36:00] Cycle 438
  💰 Current Price: $84.26
  🎯 Signal: SELL (confidence: 0.17)
  📝 Reason: 5m: MACD bearish; 15m: MACD bearish; 1h: MACD bearish; 4h: RSI oversold (22.5)
  ⚠️ Sell signal but no position

[04:36:30] Cycle 439
  💰 Current Price: $84.27
  🎯 Signal: SELL (confidence: 0.17)
  📝 Reason: 5m: MACD bearish; 15m: MACD bearish; 1h: MACD bearish; 4h: RSI oversold (22.5)
  ⚠️ Sell signal but no position

[04:37:01] Cycle 440
  💰 Current Price: $84.27
  🎯 Signal: SELL (confidence: 0.17)
  📝 Reason: 5m: MACD bearish; 15m: MACD bearish; 1h: MACD bearish; 4h: RSI oversold (22.5)
  ⚠️ Sell signal but no position

[04:37:32] Cycle 441
  💰 Current Price: $84.27
  🎯 Signal: SELL (confidence: 0.17)
  📝 Reason: 5m: MACD bearish; 15m: MACD bearish; 1h: MACD bearish; 4h: RSI oversold (22.5)
  ⚠️ Sell signal but no position

[04:38:03] Cycle 442
  💰 Current Price: $84.29
  🎯 Signal: SELL (confidence: 0.17)
  📝 Reason: 5m: MACD bearish; 15m: MACD bearish; 1h: MACD bearish; 4h: RSI oversold (22.5)
  ⚠️ Sell signal but no position

[04:38:33] Cycle 443
  💰 Current Price: $84.33
  🎯 Signal: SELL (confidence: 0.17)
  📝 Reason: 5m: MACD bearish; 15m: MACD bearish; 1h: MACD bearish; 4h: RSI oversold (22.6)
  ⚠️ Sell signal but no position

[04:39:04] Cycle 444
  💰 Current Price: $84.37
  🎯 Signal: SELL (confidence: 0.17)
  📝 Reason: 5m: MACD bearish; 15m: MACD bearish; 1h: MACD bearish; 4h: RSI oversold (22.7)
  ⚠️ Sell signal but no position

[04:39:35] Cycle 445
  💰 Current Price: $84.37
  🎯 Signal: SELL (confidence: 0.17)
  📝 Reason: 5m: MACD bearish; 15m: MACD bearish; 1h: MACD bearish; 4h: RSI oversold (22.7)
  ⚠️ Sell signal but no position

[04:40:06] Cycle 446
  💰 Current Price: $84.37
  🎯 Signal: SELL (confidence: 0.17)
  📝 Reason: 5m: MACD bearish; 15m: MACD bearish; 1h: MACD bearish; 4h: RSI oversold (22.7)
  ⚠️ Sell signal but no position

[04:40:37] Cycle 447
  💰 Current Price: $84.38
  🎯 Signal: SELL (confidence: 0.17)
  📝 Reason: 5m: MACD bearish; 15m: MACD bearish; 1h: MACD bearish; 4h: RSI oversold (22.7)
  ⚠️ Sell signal but no position

[04:41:08] Cycle 448
  💰 Current Price: $84.39
  🎯 Signal: SELL (confidence: 0.17)
  📝 Reason: 5m: MACD bearish; 15m: MACD bearish; 1h: MACD bearish; 4h: RSI oversold (22.7)
  ⚠️ Sell signal but no position

[04:41:39] Cycle 449
  💰 Current Price: $84.39
  🎯 Signal: SELL (confidence: 0.17)
  📝 Reason: 5m: MACD bearish; 15m: MACD bearish; 1h: MACD bearish; 4h: RSI oversold (22.7)
  ⚠️ Sell signal but no position

[04:42:10] Cycle 450
  💰 Current Price: $84.37
  🎯 Signal: SELL (confidence: 0.17)
  📝 Reason: 5m: MACD bearish; 15m: MACD bearish; 1h: MACD bearish; 4h: RSI oversold (22.7)
  ⚠️ Sell signal but no position

[04:42:40] Cycle 451
  💰 Current Price: $84.37
  🎯 Signal: SELL (confidence: 0.17)
  📝 Reason: 5m: MACD bearish; 15m: MACD bearish; 1h: MACD bearish; 4h: RSI oversold (22.7)
  ⚠️ Sell signal but no position

[04:43:11] Cycle 452
  💰 Current Price: $84.33
  🎯 Signal: SELL (confidence: 0.17)
  📝 Reason: 5m: MACD bearish; 15m: MACD bearish; 1h: MACD bearish; 4h: RSI oversold (22.6)
  ⚠️ Sell signal but no position

[04:43:42] Cycle 453
  💰 Current Price: $84.30
  🎯 Signal: SELL (confidence: 0.17)
  📝 Reason: 5m: MACD bearish; 15m: MACD bearish; 1h: MACD bearish; 4h: RSI oversold (22.6)
  ⚠️ Sell signal but no position

[04:44:13] Cycle 454
  💰 Current Price: $84.32
  🎯 Signal: SELL (confidence: 0.17)
  📝 Reason: 5m: MACD bearish; 15m: MACD bearish; 1h: MACD bearish; 4h: RSI oversold (22.6)
  ⚠️ Sell signal but no position

[04:44:44] Cycle 455
  💰 Current Price: $84.31
  🎯 Signal: SELL (confidence: 0.17)
  📝 Reason: 5m: MACD bearish; 15m: MACD bearish; 1h: MACD bearish; 4h: RSI oversold (22.6)
  ⚠️ Sell signal but no position

[04:45:14] Cycle 456
  💰 Current Price: $84.33
  🎯 Signal: SELL (confidence: 0.17)
  📝 Reason: 5m: MACD bearish; 15m: MACD bearish; 1h: MACD bearish; 4h: RSI oversold (22.6)
  ⚠️ Sell signal but no position

[04:45:45] Cycle 457
  💰 Current Price: $84.32
  🎯 Signal: SELL (confidence: 0.17)
  📝 Reason: 5m: MACD bearish; 15m: MACD bearish; 1h: MACD bearish; 4h: RSI oversold (22.6)
  ⚠️ Sell signal but no position

[04:46:16] Cycle 458
  💰 Current Price: $84.32
  🎯 Signal: SELL (confidence: 0.17)
  📝 Reason: 5m: MACD bearish; 15m: MACD bearish; 1h: MACD bearish; 4h: RSI oversold (22.6)
  ⚠️ Sell signal but no position

[04:46:47] Cycle 459
  💰 Current Price: $84.24
  🎯 Signal: SELL (confidence: 0.17)
  📝 Reason: 5m: MACD bearish; 15m: MACD bearish; 1h: MACD bearish; 4h: RSI oversold (22.5)
  ⚠️ Sell signal but no position

[04:47:17] Cycle 460
  💰 Current Price: $84.25
  🎯 Signal: SELL (confidence: 0.17)
  📝 Reason: 5m: MACD bearish; 15m: MACD bearish; 1h: MACD bearish; 4h: RSI oversold (22.5)
  ⚠️ Sell signal but no position

[04:47:48] Cycle 461
  💰 Current Price: $84.29
  🎯 Signal: SELL (confidence: 0.17)
  📝 Reason: 5m: MACD bearish; 15m: MACD bearish; 1h: MACD bearish; 4h: RSI oversold (22.5)
  ⚠️ Sell signal but no position

[04:48:19] Cycle 462
  💰 Current Price: $84.24
  🎯 Signal: SELL (confidence: 0.17)
  📝 Reason: 5m: MACD bearish; 15m: MACD bearish; 1h: MACD bearish; 4h: RSI oversold (22.5)
  ⚠️ Sell signal but no position

[04:48:50] Cycle 463
  💰 Current Price: $84.24
  🎯 Signal: SELL (confidence: 0.17)
  📝 Reason: 5m: MACD bearish; 15m: MACD bearish; 1h: MACD bearish; 4h: RSI oversold (22.5)
  ⚠️ Sell signal but no position

[04:49:21] Cycle 464
  💰 Current Price: $84.28
  🎯 Signal: SELL (confidence: 0.17)
  📝 Reason: 5m: MACD bearish; 15m: MACD bearish; 1h: MACD bearish; 4h: RSI oversold (22.5)
  ⚠️ Sell signal but no position

[04:49:52] Cycle 465
  💰 Current Price: $84.29
  🎯 Signal: SELL (confidence: 0.17)
  📝 Reason: 5m: MACD bearish; 15m: MACD bearish; 1h: MACD bearish; 4h: RSI oversold (22.5)
  ⚠️ Sell signal but no position

[04:50:22] Cycle 466
  💰 Current Price: $84.34
  🎯 Signal: SELL (confidence: 0.17)
  📝 Reason: 5m: MACD bearish; 15m: MACD bearish; 1h: MACD bearish; 4h: RSI oversold (22.6)
  ⚠️ Sell signal but no position

[04:50:53] Cycle 467
  💰 Current Price: $84.36
  🎯 Signal: SELL (confidence: 0.17)
  📝 Reason: 5m: MACD bearish; 15m: MACD bearish; 1h: MACD bearish; 4h: RSI oversold (22.7)
  ⚠️ Sell signal but no position

[04:51:24] Cycle 468
  💰 Current Price: $84.34
  🎯 Signal: SELL (confidence: 0.17)
  📝 Reason: 5m: MACD bearish; 15m: MACD bearish; 1h: MACD bearish; 4h: RSI oversold (22.6)
  ⚠️ Sell signal but no position

[04:51:55] Cycle 469
  💰 Current Price: $84.34
  🎯 Signal: SELL (confidence: 0.17)
  📝 Reason: 5m: MACD bearish; 15m: MACD bearish; 1h: MACD bearish; 4h: RSI oversold (22.6)
  ⚠️ Sell signal but no position

[04:52:26] Cycle 470
  💰 Current Price: $84.35
  🎯 Signal: SELL (confidence: 0.17)
  📝 Reason: 5m: MACD bearish; 15m: MACD bearish; 1h: MACD bearish; 4h: RSI oversold (22.7)
  ⚠️ Sell signal but no position

[04:52:56] Cycle 471
  💰 Current Price: $84.35
  🎯 Signal: SELL (confidence: 0.17)
  📝 Reason: 5m: MACD bearish; 15m: MACD bearish; 1h: MACD bearish; 4h: RSI oversold (22.7)
  ⚠️ Sell signal but no position

[04:53:27] Cycle 472
  💰 Current Price: $84.35
  🎯 Signal: SELL (confidence: 0.17)
  📝 Reason: 5m: MACD bearish; 15m: MACD bearish; 1h: MACD bearish; 4h: RSI oversold (22.7)
  ⚠️ Sell signal but no position

[04:53:58] Cycle 473
  ⚠️ Sell signal but no position

[04:37:32] Cycle 433
  💰 Current Price: $84.27
  🎯 Signal: SELL (confidence: 0.17)
  📝 Reason: 5m: MACD bearish; 15m: MACD bearish; 1h: MACD bearish; 4h: RSI oversold (22.5)
  ⚠️ Sell signal but no position

[04:38:03] Cycle 434
  💰 Current Price: $84.29
  🎯 Signal: SELL (confidence: 0.17)
  📝 Reason: 5m: MACD bearish; 15m: MACD bearish; 1h: MACD bearish; 4h: RSI oversold (22.5)
  ⚠️ Sell signal but no position

[04:38:33] Cycle 435
  💰 Current Price: $84.33
  🎯 Signal: SELL (confidence: 0.17)
  📝 Reason: 5m: MACD bearish; 15m: MACD bearish; 1h: MACD bearish; 4h: RSI oversold (22.6)
  ⚠️ Sell signal but no position

[04:39:04] Cycle 436
  💰 Current Price: $84.37
  🎯 Signal: SELL (confidence: 0.17)
  📝 Reason: 5m: MACD bearish; 15m: MACD bearish; 1h: MACD bearish; 4h: RSI oversold (22.7)
  ⚠️ Sell signal but no position

[04:39:35] Cycle 437
  💰 Current Price: $84.37
  🎯 Signal: SELL (confidence: 0.17)
  📝 Reason: 5m: MACD bearish; 15m: MACD bearish; 1h: MACD bearish; 4h: RSI oversold (22.7)
  ⚠️ Sell signal but no position

[04:40:06] Cycle 438
  💰 Current Price: $84.37
  🎯 Signal: SELL (confidence: 0.17)
  📝 Reason: 5m: MACD bearish; 15m: MACD bearish; 1h: MACD bearish; 4h: RSI oversold (22.7)
  ⚠️ Sell signal but no position

[04:40:37] Cycle 439
  💰 Current Price: $84.38
  🎯 Signal: SELL (confidence: 0.17)
  📝 Reason: 5m: MACD bearish; 15m: MACD bearish; 1h: MACD bearish; 4h: RSI oversold (22.7)
  ⚠️ Sell signal but no position

[04:41:08] Cycle 440
  💰 Current Price: $84.39
  🎯 Signal: SELL (confidence: 0.17)
  📝 Reason: 5m: MACD bearish; 15m: MACD bearish; 1h: MACD bearish; 4h: RSI oversold (22.7)
  ⚠️ Sell signal but no position

[04:41:39] Cycle 441
  💰 Current Price: $84.39
  🎯 Signal: SELL (confidence: 0.17)
  📝 Reason: 5m: MACD bearish; 15m: MACD bearish; 1h: MACD bearish; 4h: RSI oversold (22.7)
  ⚠️ Sell signal but no position

[04:42:10] Cycle 442
  💰 Current Price: $84.37
  🎯 Signal: SELL (confidence: 0.17)
  📝 Reason: 5m: MACD bearish; 15m: MACD bearish; 1h: MACD bearish; 4h: RSI oversold (22.7)
  ⚠️ Sell signal but no position

[04:42:40] Cycle 443
  💰 Current Price: $84.37
  🎯 Signal: SELL (confidence: 0.17)
  📝 Reason: 5m: MACD bearish; 15m: MACD bearish; 1h: MACD bearish; 4h: RSI oversold (22.7)
  ⚠️ Sell signal but no position

[04:43:11] Cycle 444
  💰 Current Price: $84.33
  🎯 Signal: SELL (confidence: 0.17)
  📝 Reason: 5m: MACD bearish; 15m: MACD bearish; 1h: MACD bearish; 4h: RSI oversold (22.6)
  ⚠️ Sell signal but no position

[04:43:42] Cycle 445
  💰 Current Price: $84.30
  🎯 Signal: SELL (confidence: 0.17)
  📝 Reason: 5m: MACD bearish; 15m: MACD bearish; 1h: MACD bearish; 4h: RSI oversold (22.6)
  ⚠️ Sell signal but no position

[04:44:13] Cycle 446
  💰 Current Price: $84.32
  🎯 Signal: SELL (confidence: 0.17)
  📝 Reason: 5m: MACD bearish; 15m: MACD bearish; 1h: MACD bearish; 4h: RSI oversold (22.6)
  ⚠️ Sell signal but no position

[04:44:44] Cycle 447
  💰 Current Price: $84.31
  🎯 Signal: SELL (confidence: 0.17)
  📝 Reason: 5m: MACD bearish; 15m: MACD bearish; 1h: MACD bearish; 4h: RSI oversold (22.6)
  ⚠️ Sell signal but no position

[04:45:14] Cycle 448
  💰 Current Price: $84.33
  🎯 Signal: SELL (confidence: 0.17)
  📝 Reason: 5m: MACD bearish; 15m: MACD bearish; 1h: MACD bearish; 4h: RSI oversold (22.6)
  ⚠️ Sell signal but no position

[04:45:45] Cycle 449
  💰 Current Price: $84.32
  🎯 Signal: SELL (confidence: 0.17)
  📝 Reason: 5m: MACD bearish; 15m: MACD bearish; 1h: MACD bearish; 4h: RSI oversold (22.6)
  ⚠️ Sell signal but no position

[04:46:16] Cycle 450
  💰 Current Price: $84.32
  🎯 Signal: SELL (confidence: 0.17)
  📝 Reason: 5m: MACD bearish; 15m: MACD bearish; 1h: MACD bearish; 4h: RSI oversold (22.6)
  ⚠️ Sell signal but no position

[04:46:47] Cycle 451
  💰 Current Price: $84.24
  🎯 Signal: SELL (confidence: 0.17)
  📝 Reason: 5m: MACD bearish; 15m: MACD bearish; 1h: MACD bearish; 4h: RSI oversold (22.5)
  ⚠️ Sell signal but no position

[04:47:17] Cycle 452
  💰 Current Price: $84.25
  🎯 Signal: SELL (confidence: 0.17)
  📝 Reason: 5m: MACD bearish; 15m: MACD bearish; 1h: MACD bearish; 4h: RSI oversold (22.5)
  ⚠️ Sell signal but no position

[04:47:48] Cycle 453
  💰 Current Price: $84.29
  🎯 Signal: SELL (confidence: 0.17)
  📝 Reason: 5m: MACD bearish; 15m: MACD bearish; 1h: MACD bearish; 4h: RSI oversold (22.5)
  ⚠️ Sell signal but no position

[04:48:19] Cycle 454
  💰 Current Price: $84.24
  🎯 Signal: SELL (confidence: 0.17)
  📝 Reason: 5m: MACD bearish; 15m: MACD bearish; 1h: MACD bearish; 4h: RSI oversold (22.5)
  ⚠️ Sell signal but no position

[04:48:50] Cycle 455
  💰 Current Price: $84.24
  🎯 Signal: SELL (confidence: 0.17)
  📝 Reason: 5m: MACD bearish; 15m: MACD bearish; 1h: MACD bearish; 4h: RSI oversold (22.5)
  ⚠️ Sell signal but no position

[04:49:21] Cycle 456
  💰 Current Price: $84.28
  🎯 Signal: SELL (confidence: 0.17)
  📝 Reason: 5m: MACD bearish; 15m: MACD bearish; 1h: MACD bearish; 4h: RSI oversold (22.5)
  ⚠️ Sell signal but no position

[04:49:52] Cycle 457
  💰 Current Price: $84.29
  🎯 Signal: SELL (confidence: 0.17)
  📝 Reason: 5m: MACD bearish; 15m: MACD bearish; 1h: MACD bearish; 4h: RSI oversold (22.5)
  ⚠️ Sell signal but no position

[04:50:22] Cycle 458
  💰 Current Price: $84.34
  🎯 Signal: SELL (confidence: 0.17)
  📝 Reason: 5m: MACD bearish; 15m: MACD bearish; 1h: MACD bearish; 4h: RSI oversold (22.6)
  ⚠️ Sell signal but no position

[04:50:53] Cycle 459
  💰 Current Price: $84.36
  🎯 Signal: SELL (confidence: 0.17)
  📝 Reason: 5m: MACD bearish; 15m: MACD bearish; 1h: MACD bearish; 4h: RSI oversold (22.7)
  ⚠️ Sell signal but no position

[04:51:24] Cycle 460
  💰 Current Price: $84.34
  🎯 Signal: SELL (confidence: 0.17)
  📝 Reason: 5m: MACD bearish; 15m: MACD bearish; 1h: MACD bearish; 4h: RSI oversold (22.6)
  ⚠️ Sell signal but no position

[04:51:55] Cycle 461
  💰 Current Price: $84.34
  🎯 Signal: SELL (confidence: 0.17)
  📝 Reason: 5m: MACD bearish; 15m: MACD bearish; 1h: MACD bearish; 4h: RSI oversold (22.6)
  ⚠️ Sell signal but no position

[04:52:26] Cycle 462
  💰 Current Price: $84.35
  🎯 Signal: SELL (confidence: 0.17)
  📝 Reason: 5m: MACD bearish; 15m: MACD bearish; 1h: MACD bearish; 4h: RSI oversold (22.7)
  ⚠️ Sell signal but no position

[04:52:56] Cycle 463
  💰 Current Price: $84.35
  🎯 Signal: SELL (confidence: 0.17)
  📝 Reason: 5m: MACD bearish; 15m: MACD bearish; 1h: MACD bearish; 4h: RSI oversold (22.7)
  ⚠️ Sell signal but no position

[04:53:27] Cycle 464
  💰 Current Price: $84.35
  🎯 Signal: SELL (confidence: 0.17)
  📝 Reason: 5m: MACD bearish; 15m: MACD bearish; 1h: MACD bearish; 4h: RSI oversold (22.7)
  ⚠️ Sell signal but no position

[04:53:58] Cycle 465
  💰 Current Price: $84.36
  🎯 Signal: SELL (confidence: 0.17)
  📝 Reason: 5m: MACD bearish; 15m: MACD bearish; 1h: MACD bearish; 4h: RSI oversold (22.7)
  ⚠️ Sell signal but no position

[04:54:28] Cycle 466
  💰 Current Price: $84.38
  🎯 Signal: SELL (confidence: 0.17)
  📝 Reason: 5m: MACD bearish; 15m: MACD bearish; 1h: MACD bearish; 4h: RSI oversold (22.7)
  ⚠️ Sell signal but no position

[04:54:59] Cycle 467
  💰 Current Price: $84.36
  🎯 Signal: SELL (confidence: 0.17)
  📝 Reason: 5m: MACD bearish; 15m: MACD bearish; 1h: MACD bearish; 4h: RSI oversold (22.7)
  ⚠️ Sell signal but no position

[04:55:30] Cycle 468
  💰 Current Price: $84.36
  🎯 Signal: SELL (confidence: 0.17)
  📝 Reason: 5m: MACD bearish; 15m: MACD bearish; 1h: MACD bearish; 4h: RSI oversold (22.7)
  ⚠️ Sell signal but no position

[04:56:01] Cycle 469
  💰 Current Price: $84.36
  🎯 Signal: SELL (confidence: 0.17)
  📝 Reason: 5m: MACD bearish; 15m: MACD bearish; 1h: MACD bearish; 4h: RSI oversold (22.7)
  💰 Current Price: $84.36
  🎯 Signal: SELL (confidence: 0.17)
  📝 Reason: 5m: MACD bearish; 15m: MACD bearish; 1h: MACD bearish; 4h: RSI oversold (22.7)
  ⚠️ Sell signal but no position

[04:54:28] Cycle 474
  💰 Current Price: $84.38
  🎯 Signal: SELL (confidence: 0.17)
  📝 Reason: 5m: MACD bearish; 15m: MACD bearish; 1h: MACD bearish; 4h: RSI oversold (22.7)
  ⚠️ Sell signal but no position

[04:54:59] Cycle 475
  💰 Current Price: $84.36
  🎯 Signal: SELL (confidence: 0.17)
  📝 Reason: 5m: MACD bearish; 15m: MACD bearish; 1h: MACD bearish; 4h: RSI oversold (22.7)
  ⚠️ Sell signal but no position

[04:55:30] Cycle 476
  💰 Current Price: $84.36
  🎯 Signal: SELL (confidence: 0.17)
  📝 Reason: 5m: MACD bearish; 15m: MACD bearish; 1h: MACD bearish; 4h: RSI oversold (22.7)
  ⚠️ Sell signal but no position

[04:56:01] Cycle 477
  💰 Current Price: $84.36
  🎯 Signal: SELL (confidence: 0.17)
  📝 Reason: 5m: MACD bearish; 15m: MACD bearish; 1h: MACD bearish; 4h: RSI oversold (22.7)
  ⚠️ Sell signal but no position

[04:56:32] Cycle 478
  💰 Current Price: $84.39
  🎯 Signal: SELL (confidence: 0.17)
  📝 Reason: 5m: MACD bearish; 15m: MACD bearish; 1h: MACD bearish; 4h: RSI oversold (22.7)
  ⚠️ Sell signal but no position

[04:57:03] Cycle 479
  💰 Current Price: $84.37
  🎯 Signal: SELL (confidence: 0.17)
  📝 Reason: 5m: MACD bearish; 15m: MACD bearish; 1h: MACD bearish; 4h: RSI oversold (22.7)
  ⚠️ Sell signal but no position

[04:57:33] Cycle 480
  💰 Current Price: $84.37
  🎯 Signal: SELL (confidence: 0.17)
  📝 Reason: 5m: MACD bearish; 15m: MACD bearish; 1h: MACD bearish; 4h: RSI oversold (22.7)
  ⚠️ Sell signal but no position

[04:58:04] Cycle 481
  💰 Current Price: $84.32
  🎯 Signal: SELL (confidence: 0.17)
  📝 Reason: 5m: MACD bearish; 15m: MACD bearish; 1h: MACD bearish; 4h: RSI oversold (22.6)
  ⚠️ Sell signal but no position

[04:58:35] Cycle 482
  💰 Current Price: $84.30
  🎯 Signal: SELL (confidence: 0.17)
  📝 Reason: 5m: MACD bearish; 15m: MACD bearish; 1h: MACD bearish; 4h: RSI oversold (22.6)
  ⚠️ Sell signal but no position

[04:59:06] Cycle 483
  💰 Current Price: $84.29
  🎯 Signal: SELL (confidence: 0.17)
  📝 Reason: 5m: MACD bearish; 15m: MACD bearish; 1h: MACD bearish; 4h: RSI oversold (22.5)
  ⚠️ Sell signal but no position

[04:59:36] Cycle 484
  💰 Current Price: $84.29
  🎯 Signal: SELL (confidence: 0.17)
  📝 Reason: 5m: MACD bearish; 15m: MACD bearish; 1h: MACD bearish; 4h: RSI oversold (22.5)
  ⚠️ Sell signal but no position

[05:00:07] Cycle 485
  💰 Current Price: $84.29
  🎯 Signal: SELL (confidence: 0.17)
  📝 Reason: 5m: MACD bearish; 15m: MACD bearish; 1h: MACD bearish; 4h: RSI oversold (22.5)
  ⚠️ Sell signal but no position

[05:00:38] Cycle 486
  💰 Current Price: $84.29
  🎯 Signal: SELL (confidence: 0.17)
  📝 Reason: 5m: MACD bearish; 15m: MACD bearish; 1h: MACD bearish; 4h: RSI oversold (22.5)
  ⚠️ Sell signal but no position

[05:01:09] Cycle 487
  💰 Current Price: $84.29
  🎯 Signal: SELL (confidence: 0.17)
  📝 Reason: 5m: MACD bearish; 15m: MACD bearish; 1h: MACD bearish; 4h: RSI oversold (22.5)
  ⚠️ Sell signal but no position

[05:01:39] Cycle 488
  💰 Current Price: $84.30
  🎯 Signal: SELL (confidence: 0.17)
  📝 Reason: 5m: MACD bearish; 15m: MACD bearish; 1h: MACD bearish; 4h: RSI oversold (22.6)
  ⚠️ Sell signal but no position

[05:02:10] Cycle 489
  💰 Current Price: $84.30
  🎯 Signal: SELL (confidence: 0.17)
  📝 Reason: 5m: MACD bearish; 15m: MACD bearish; 1h: MACD bearish; 4h: RSI oversold (22.6)
  ⚠️ Sell signal but no position

[05:02:41] Cycle 490
  💰 Current Price: $84.30
  🎯 Signal: SELL (confidence: 0.17)
  📝 Reason: 5m: MACD bearish; 15m: MACD bearish; 1h: MACD bearish; 4h: RSI oversold (22.6)
  ⚠️ Sell signal but no position

[05:03:12] Cycle 491
  💰 Current Price: $84.30
  🎯 Signal: SELL (confidence: 0.17)
  📝 Reason: 5m: MACD bearish; 15m: MACD bearish; 1h: MACD bearish; 4h: RSI oversold (22.6)
  ⚠️ Sell signal but no position

[05:03:42] Cycle 492
  💰 Current Price: $84.30
  🎯 Signal: SELL (confidence: 0.17)
  📝 Reason: 5m: MACD bearish; 15m: MACD bearish; 1h: MACD bearish; 4h: RSI oversold (22.6)
  ⚠️ Sell signal but no position

[05:04:13] Cycle 493
  💰 Current Price: $84.29
  🎯 Signal: SELL (confidence: 0.17)
  📝 Reason: 5m: MACD bearish; 15m: MACD bearish; 1h: MACD bearish; 4h: RSI oversold (22.5)
  ⚠️ Sell signal but no position

[05:04:44] Cycle 494
  💰 Current Price: $84.31
  🎯 Signal: SELL (confidence: 0.17)
  📝 Reason: 5m: MACD bearish; 15m: MACD bearish; 1h: MACD bearish; 4h: RSI oversold (22.6)
  ⚠️ Sell signal but no position

[05:05:15] Cycle 495
  💰 Current Price: $84.32
  🎯 Signal: SELL (confidence: 0.17)
  📝 Reason: 5m: MACD bearish; 15m: MACD bearish; 1h: MACD bearish; 4h: RSI oversold (22.6)
  ⚠️ Sell signal but no position

[05:05:46] Cycle 496
  💰 Current Price: $84.30
  🎯 Signal: SELL (confidence: 0.17)
  📝 Reason: 5m: MACD bearish; 15m: MACD bearish; 1h: MACD bearish; 4h: RSI oversold (22.6)
  ⚠️ Sell signal but no position

[05:06:16] Cycle 497
  💰 Current Price: $84.29
  🎯 Signal: SELL (confidence: 0.17)
  📝 Reason: 5m: MACD bearish; 15m: MACD bearish; 1h: MACD bearish; 4h: RSI oversold (22.5)
  ⚠️ Sell signal but no position

[05:06:47] Cycle 498
  💰 Current Price: $84.29
  🎯 Signal: SELL (confidence: 0.17)
  📝 Reason: 5m: MACD bearish; 15m: MACD bearish; 1h: MACD bearish; 4h: RSI oversold (22.5)
  ⚠️ Sell signal but no position

[05:07:18] Cycle 499
  💰 Current Price: $84.29
  🎯 Signal: SELL (confidence: 0.17)
  📝 Reason: 5m: MACD bearish; 15m: MACD bearish; 1h: MACD bearish; 4h: RSI oversold (22.5)
  ⚠️ Sell signal but no position

[05:07:49] Cycle 500
  💰 Current Price: $84.30
  🎯 Signal: SELL (confidence: 0.17)
  📝 Reason: 5m: MACD bearish; 15m: MACD bearish; 1h: MACD bearish; 4h: RSI oversold (22.6)
  ⚠️ Sell signal but no position

[05:08:19] Cycle 501
  💰 Current Price: $84.30
  🎯 Signal: SELL (confidence: 0.17)
  📝 Reason: 5m: MACD bearish; 15m: MACD bearish; 1h: MACD bearish; 4h: RSI oversold (22.5)
  ⚠️ Sell signal but no position

[05:08:50] Cycle 502
  💰 Current Price: $84.30
  🎯 Signal: SELL (confidence: 0.17)
  📝 Reason: 5m: MACD bearish; 15m: MACD bearish; 1h: MACD bearish; 4h: RSI oversold (22.6)
  ⚠️ Sell signal but no position

[05:09:21] Cycle 503
  💰 Current Price: $84.30
  🎯 Signal: SELL (confidence: 0.17)
  📝 Reason: 5m: MACD bearish; 15m: MACD bearish; 1h: MACD bearish; 4h: RSI oversold (22.6)
  ⚠️ Sell signal but no position

[05:09:52] Cycle 504
  💰 Current Price: $84.30
  🎯 Signal: SELL (confidence: 0.17)
  📝 Reason: 5m: MACD bearish; 15m: MACD bearish; 1h: MACD bearish; 4h: RSI oversold (22.6)
  ⚠️ Sell signal but no position

[05:10:23] Cycle 505
  💰 Current Price: $84.31
  🎯 Signal: SELL (confidence: 0.17)
  📝 Reason: 5m: MACD bearish; 15m: MACD bearish; 1h: MACD bearish; 4h: RSI oversold (22.6)
  ⚠️ Sell signal but no position

[05:10:54] Cycle 506
  💰 Current Price: $84.23
  🎯 Signal: SELL (confidence: 0.17)
  📝 Reason: 5m: MACD bearish; 15m: MACD bearish; 1h: MACD bearish; 4h: RSI oversold (22.4)
  ⚠️ Sell signal but no position

[05:11:24] Cycle 507
  💰 Current Price: $84.23
  🎯 Signal: SELL (confidence: 0.17)
  📝 Reason: 5m: MACD bearish; 15m: MACD bearish; 1h: MACD bearish; 4h: RSI oversold (22.5)
  ⚠️ Sell signal but no position

[05:11:55] Cycle 508
  💰 Current Price: $84.20
  🎯 Signal: SELL (confidence: 0.17)
  📝 Reason: 5m: MACD bearish; 15m: MACD bearish; 1h: MACD bearish; 4h: RSI oversold (22.4)
  ⚠️ Sell signal but no position

[05:12:26] Cycle 509
  💰 Current Price: $84.20
  🎯 Signal: SELL (confidence: 0.17)
  📝 Reason: 5m: MACD bearish; 15m: MACD bearish; 1h: MACD bearish; 4h: RSI oversold (22.4)
  ⚠️ Sell signal but no position

[05:12:57] Cycle 510
  ⚠️ Sell signal but no position

[04:56:32] Cycle 470
  💰 Current Price: $84.39
  🎯 Signal: SELL (confidence: 0.17)
  📝 Reason: 5m: MACD bearish; 15m: MACD bearish; 1h: MACD bearish; 4h: RSI oversold (22.7)
  ⚠️ Sell signal but no position

[04:57:03] Cycle 471
  💰 Current Price: $84.37
  🎯 Signal: SELL (confidence: 0.17)
  📝 Reason: 5m: MACD bearish; 15m: MACD bearish; 1h: MACD bearish; 4h: RSI oversold (22.7)
  ⚠️ Sell signal but no position

[04:57:33] Cycle 472
  💰 Current Price: $84.37
  🎯 Signal: SELL (confidence: 0.17)
  📝 Reason: 5m: MACD bearish; 15m: MACD bearish; 1h: MACD bearish; 4h: RSI oversold (22.7)
  ⚠️ Sell signal but no position

[04:58:04] Cycle 473
  💰 Current Price: $84.32
  🎯 Signal: SELL (confidence: 0.17)
  📝 Reason: 5m: MACD bearish; 15m: MACD bearish; 1h: MACD bearish; 4h: RSI oversold (22.6)
  ⚠️ Sell signal but no position

[04:58:35] Cycle 474
  💰 Current Price: $84.30
  🎯 Signal: SELL (confidence: 0.17)
  📝 Reason: 5m: MACD bearish; 15m: MACD bearish; 1h: MACD bearish; 4h: RSI oversold (22.6)
  ⚠️ Sell signal but no position

[04:59:06] Cycle 475
  💰 Current Price: $84.29
  🎯 Signal: SELL (confidence: 0.17)
  📝 Reason: 5m: MACD bearish; 15m: MACD bearish; 1h: MACD bearish; 4h: RSI oversold (22.5)
  ⚠️ Sell signal but no position

[04:59:36] Cycle 476
  💰 Current Price: $84.29
  🎯 Signal: SELL (confidence: 0.17)
  📝 Reason: 5m: MACD bearish; 15m: MACD bearish; 1h: MACD bearish; 4h: RSI oversold (22.5)
  ⚠️ Sell signal but no position

[05:00:07] Cycle 477
  💰 Current Price: $84.29
  🎯 Signal: SELL (confidence: 0.17)
  📝 Reason: 5m: MACD bearish; 15m: MACD bearish; 1h: MACD bearish; 4h: RSI oversold (22.5)
  ⚠️ Sell signal but no position

[05:00:38] Cycle 478
  💰 Current Price: $84.29
  🎯 Signal: SELL (confidence: 0.17)
  📝 Reason: 5m: MACD bearish; 15m: MACD bearish; 1h: MACD bearish; 4h: RSI oversold (22.5)
  ⚠️ Sell signal but no position

[05:01:09] Cycle 479
  💰 Current Price: $84.29
  🎯 Signal: SELL (confidence: 0.17)
  📝 Reason: 5m: MACD bearish; 15m: MACD bearish; 1h: MACD bearish; 4h: RSI oversold (22.5)
  ⚠️ Sell signal but no position

[05:01:39] Cycle 480
  💰 Current Price: $84.30
  🎯 Signal: SELL (confidence: 0.17)
  📝 Reason: 5m: MACD bearish; 15m: MACD bearish; 1h: MACD bearish; 4h: RSI oversold (22.6)
  ⚠️ Sell signal but no position

[05:02:10] Cycle 481
  💰 Current Price: $84.30
  🎯 Signal: SELL (confidence: 0.17)
  📝 Reason: 5m: MACD bearish; 15m: MACD bearish; 1h: MACD bearish; 4h: RSI oversold (22.6)
  ⚠️ Sell signal but no position

[05:02:41] Cycle 482
  💰 Current Price: $84.30
  🎯 Signal: SELL (confidence: 0.17)
  📝 Reason: 5m: MACD bearish; 15m: MACD bearish; 1h: MACD bearish; 4h: RSI oversold (22.6)
  ⚠️ Sell signal but no position

[05:03:12] Cycle 483
  💰 Current Price: $84.30
  🎯 Signal: SELL (confidence: 0.17)
  📝 Reason: 5m: MACD bearish; 15m: MACD bearish; 1h: MACD bearish; 4h: RSI oversold (22.6)
  ⚠️ Sell signal but no position

[05:03:42] Cycle 484
  💰 Current Price: $84.30
  🎯 Signal: SELL (confidence: 0.17)
  📝 Reason: 5m: MACD bearish; 15m: MACD bearish; 1h: MACD bearish; 4h: RSI oversold (22.6)
  ⚠️ Sell signal but no position

[05:04:13] Cycle 485
  💰 Current Price: $84.29
  🎯 Signal: SELL (confidence: 0.17)
  📝 Reason: 5m: MACD bearish; 15m: MACD bearish; 1h: MACD bearish; 4h: RSI oversold (22.5)
  ⚠️ Sell signal but no position

[05:04:44] Cycle 486
  💰 Current Price: $84.31
  🎯 Signal: SELL (confidence: 0.17)
  📝 Reason: 5m: MACD bearish; 15m: MACD bearish; 1h: MACD bearish; 4h: RSI oversold (22.6)
  ⚠️ Sell signal but no position

[05:05:15] Cycle 487
  💰 Current Price: $84.32
  🎯 Signal: SELL (confidence: 0.17)
  📝 Reason: 5m: MACD bearish; 15m: MACD bearish; 1h: MACD bearish; 4h: RSI oversold (22.6)
  ⚠️ Sell signal but no position

[05:05:46] Cycle 488
  💰 Current Price: $84.30
  🎯 Signal: SELL (confidence: 0.17)
  📝 Reason: 5m: MACD bearish; 15m: MACD bearish; 1h: MACD bearish; 4h: RSI oversold (22.6)
  ⚠️ Sell signal but no position

[05:06:16] Cycle 489
  💰 Current Price: $84.29
  🎯 Signal: SELL (confidence: 0.17)
  📝 Reason: 5m: MACD bearish; 15m: MACD bearish; 1h: MACD bearish; 4h: RSI oversold (22.5)
  ⚠️ Sell signal but no position

[05:06:47] Cycle 490
  💰 Current Price: $84.29
  🎯 Signal: SELL (confidence: 0.17)
  📝 Reason: 5m: MACD bearish; 15m: MACD bearish; 1h: MACD bearish; 4h: RSI oversold (22.5)
  ⚠️ Sell signal but no position

[05:07:18] Cycle 491
  💰 Current Price: $84.29
  🎯 Signal: SELL (confidence: 0.17)
  📝 Reason: 5m: MACD bearish; 15m: MACD bearish; 1h: MACD bearish; 4h: RSI oversold (22.5)
  ⚠️ Sell signal but no position

[05:07:49] Cycle 492
  💰 Current Price: $84.30
  🎯 Signal: SELL (confidence: 0.17)
  📝 Reason: 5m: MACD bearish; 15m: MACD bearish; 1h: MACD bearish; 4h: RSI oversold (22.6)
  ⚠️ Sell signal but no position

[05:08:19] Cycle 493
  💰 Current Price: $84.30
  🎯 Signal: SELL (confidence: 0.17)
  📝 Reason: 5m: MACD bearish; 15m: MACD bearish; 1h: MACD bearish; 4h: RSI oversold (22.5)
  ⚠️ Sell signal but no position

[05:08:50] Cycle 494
  💰 Current Price: $84.30
  🎯 Signal: SELL (confidence: 0.17)
  📝 Reason: 5m: MACD bearish; 15m: MACD bearish; 1h: MACD bearish; 4h: RSI oversold (22.6)
  ⚠️ Sell signal but no position

[05:09:21] Cycle 495
  💰 Current Price: $84.30
  🎯 Signal: SELL (confidence: 0.17)
  📝 Reason: 5m: MACD bearish; 15m: MACD bearish; 1h: MACD bearish; 4h: RSI oversold (22.6)
  ⚠️ Sell signal but no position

[05:09:52] Cycle 496
  💰 Current Price: $84.30
  🎯 Signal: SELL (confidence: 0.17)
  📝 Reason: 5m: MACD bearish; 15m: MACD bearish; 1h: MACD bearish; 4h: RSI oversold (22.6)
  ⚠️ Sell signal but no position

[05:10:23] Cycle 497
  💰 Current Price: $84.31
  🎯 Signal: SELL (confidence: 0.17)
  📝 Reason: 5m: MACD bearish; 15m: MACD bearish; 1h: MACD bearish; 4h: RSI oversold (22.6)
  ⚠️ Sell signal but no position

[05:10:54] Cycle 498
  💰 Current Price: $84.23
  🎯 Signal: SELL (confidence: 0.17)
  📝 Reason: 5m: MACD bearish; 15m: MACD bearish; 1h: MACD bearish; 4h: RSI oversold (22.4)
  ⚠️ Sell signal but no position

[05:11:24] Cycle 499
  💰 Current Price: $84.23
  🎯 Signal: SELL (confidence: 0.17)
  📝 Reason: 5m: MACD bearish; 15m: MACD bearish; 1h: MACD bearish; 4h: RSI oversold (22.5)
  ⚠️ Sell signal but no position

[05:11:55] Cycle 500
  💰 Current Price: $84.20
  🎯 Signal: SELL (confidence: 0.17)
  📝 Reason: 5m: MACD bearish; 15m: MACD bearish; 1h: MACD bearish; 4h: RSI oversold (22.4)
  ⚠️ Sell signal but no position

[05:12:26] Cycle 501
  💰 Current Price: $84.20
  🎯 Signal: SELL (confidence: 0.17)
  📝 Reason: 5m: MACD bearish; 15m: MACD bearish; 1h: MACD bearish; 4h: RSI oversold (22.4)
  ⚠️ Sell signal but no position

[05:12:57] Cycle 502
  💰 Current Price: $84.19
  🎯 Signal: SELL (confidence: 0.17)
  📝 Reason: 5m: MACD bearish; 15m: MACD bearish; 1h: MACD bearish; 4h: RSI oversold (22.4)
  ⚠️ Sell signal but no position

[05:13:27] Cycle 503
  💰 Current Price: $84.22
  🎯 Signal: SELL (confidence: 0.17)
  📝 Reason: 5m: MACD bearish; 15m: MACD bearish; 1h: MACD bearish; 4h: RSI oversold (22.4)
  ⚠️ Sell signal but no position

[05:13:58] Cycle 504
  💰 Current Price: $84.20
  🎯 Signal: SELL (confidence: 0.17)
  📝 Reason: 5m: MACD bearish; 15m: MACD bearish; 1h: MACD bearish; 4h: RSI oversold (22.4)
  ⚠️ Sell signal but no position

[05:14:29] Cycle 505
  💰 Current Price: $84.23
  🎯 Signal: SELL (confidence: 0.17)
  📝 Reason: 5m: MACD bearish; 15m: MACD bearish; 1h: MACD bearish; 4h: RSI oversold (22.4)
  ⚠️ Sell signal but no position

[05:15:00] Cycle 506
  💰 Current Price: $84.26
  🎯 Signal: SELL (confidence: 0.17)
  📝 Reason: 5m: MACD bearish; 15m: MACD bearish; 1h: MACD bearish; 4h: RSI oversold (22.5)
  💰 Current Price: $84.19
  🎯 Signal: SELL (confidence: 0.17)
  📝 Reason: 5m: MACD bearish; 15m: MACD bearish; 1h: MACD bearish; 4h: RSI oversold (22.4)
  ⚠️ Sell signal but no position

[05:13:27] Cycle 511
  💰 Current Price: $84.22
  🎯 Signal: SELL (confidence: 0.17)
  📝 Reason: 5m: MACD bearish; 15m: MACD bearish; 1h: MACD bearish; 4h: RSI oversold (22.4)
  ⚠️ Sell signal but no position

[05:13:58] Cycle 512
  💰 Current Price: $84.20
  🎯 Signal: SELL (confidence: 0.17)
  📝 Reason: 5m: MACD bearish; 15m: MACD bearish; 1h: MACD bearish; 4h: RSI oversold (22.4)
  ⚠️ Sell signal but no position

[05:14:29] Cycle 513
  💰 Current Price: $84.23
  🎯 Signal: SELL (confidence: 0.17)
  📝 Reason: 5m: MACD bearish; 15m: MACD bearish; 1h: MACD bearish; 4h: RSI oversold (22.4)
  ⚠️ Sell signal but no position

[05:15:00] Cycle 514
  💰 Current Price: $84.26
  🎯 Signal: SELL (confidence: 0.17)
  📝 Reason: 5m: MACD bearish; 15m: MACD bearish; 1h: MACD bearish; 4h: RSI oversold (22.5)
  ⚠️ Sell signal but no position

[05:15:31] Cycle 515
  💰 Current Price: $84.24
  🎯 Signal: SELL (confidence: 0.17)
  📝 Reason: 5m: MACD bearish; 15m: MACD bearish; 1h: MACD bearish; 4h: RSI oversold (22.5)
  ⚠️ Sell signal but no position

[05:16:02] Cycle 516
  💰 Current Price: $84.25
  🎯 Signal: SELL (confidence: 0.17)
  📝 Reason: 5m: MACD bearish; 15m: MACD bearish; 1h: MACD bearish; 4h: RSI oversold (22.5)
  ⚠️ Sell signal but no position

[05:16:32] Cycle 517
  💰 Current Price: $84.26
  🎯 Signal: SELL (confidence: 0.17)
  📝 Reason: 5m: MACD bearish; 15m: MACD bearish; 1h: MACD bearish; 4h: RSI oversold (22.5)
  ⚠️ Sell signal but no position

[05:17:03] Cycle 518
  💰 Current Price: $84.18
  🎯 Signal: SELL (confidence: 0.17)
  📝 Reason: 5m: MACD bearish; 15m: MACD bearish; 1h: MACD bearish; 4h: RSI oversold (22.3)
  ⚠️ Sell signal but no position

[05:17:34] Cycle 519
  💰 Current Price: $84.15
  🎯 Signal: SELL (confidence: 0.17)
  📝 Reason: 5m: MACD bearish; 15m: MACD bearish; 1h: MACD bearish; 4h: RSI oversold (22.3)
  ⚠️ Sell signal but no position

[05:18:05] Cycle 520
  💰 Current Price: $84.18
  🎯 Signal: SELL (confidence: 0.17)
  📝 Reason: 5m: MACD bearish; 15m: MACD bearish; 1h: MACD bearish; 4h: RSI oversold (22.3)
  ⚠️ Sell signal but no position

[05:18:36] Cycle 521
  💰 Current Price: $84.18
  🎯 Signal: SELL (confidence: 0.17)
  📝 Reason: 5m: MACD bearish; 15m: MACD bearish; 1h: MACD bearish; 4h: RSI oversold (22.3)
  ⚠️ Sell signal but no position

[05:19:07] Cycle 522
  💰 Current Price: $84.18
  🎯 Signal: SELL (confidence: 0.17)
  📝 Reason: 5m: MACD bearish; 15m: MACD bearish; 1h: MACD bearish; 4h: RSI oversold (22.4)
  ⚠️ Sell signal but no position

[05:19:38] Cycle 523
  💰 Current Price: $84.22
  🎯 Signal: SELL (confidence: 0.17)
  📝 Reason: 5m: MACD bearish; 15m: MACD bearish; 1h: MACD bearish; 4h: RSI oversold (22.4)
  ⚠️ Sell signal but no position

[05:20:08] Cycle 524
  💰 Current Price: $84.21
  🎯 Signal: SELL (confidence: 0.17)
  📝 Reason: 5m: MACD bearish; 15m: MACD bearish; 1h: MACD bearish; 4h: RSI oversold (22.4)
  ⚠️ Sell signal but no position

[05:20:39] Cycle 525
  💰 Current Price: $84.21
  🎯 Signal: SELL (confidence: 0.17)
  📝 Reason: 5m: MACD bearish; 15m: MACD bearish; 1h: MACD bearish; 4h: RSI oversold (22.4)
  ⚠️ Sell signal but no position

[05:21:10] Cycle 526
  💰 Current Price: $84.21
  🎯 Signal: SELL (confidence: 0.17)
  📝 Reason: 5m: MACD bearish; 15m: MACD bearish; 1h: MACD bearish; 4h: RSI oversold (22.4)
  ⚠️ Sell signal but no position

[05:21:41] Cycle 527
  💰 Current Price: $84.22
  🎯 Signal: SELL (confidence: 0.17)
  📝 Reason: 5m: MACD bearish; 15m: MACD bearish; 1h: MACD bearish; 4h: RSI oversold (22.4)
  ⚠️ Sell signal but no position

[05:22:11] Cycle 528
  💰 Current Price: $84.26
  🎯 Signal: SELL (confidence: 0.17)
  📝 Reason: 5m: MACD bearish; 15m: MACD bearish; 1h: MACD bearish; 4h: RSI oversold (22.5)
  ⚠️ Sell signal but no position

[05:22:42] Cycle 529
  💰 Current Price: $84.26
  🎯 Signal: SELL (confidence: 0.17)
  📝 Reason: 5m: MACD bearish; 15m: MACD bearish; 1h: MACD bearish; 4h: RSI oversold (22.5)
  ⚠️ Sell signal but no position

[05:23:13] Cycle 530
  💰 Current Price: $84.28
  🎯 Signal: SELL (confidence: 0.17)
  📝 Reason: 5m: MACD bearish; 15m: MACD bearish; 1h: MACD bearish; 4h: RSI oversold (22.5)
  ⚠️ Sell signal but no position

[05:23:44] Cycle 531
  💰 Current Price: $84.27
  🎯 Signal: SELL (confidence: 0.17)
  📝 Reason: 5m: MACD bearish; 15m: MACD bearish; 1h: MACD bearish; 4h: RSI oversold (22.5)
  ⚠️ Sell signal but no position

[05:24:14] Cycle 532
  💰 Current Price: $84.28
  🎯 Signal: SELL (confidence: 0.17)
  📝 Reason: 5m: MACD bearish; 15m: MACD bearish; 1h: MACD bearish; 4h: RSI oversold (22.5)
  ⚠️ Sell signal but no position

[05:24:45] Cycle 533
  💰 Current Price: $84.29
  🎯 Signal: SELL (confidence: 0.17)
  📝 Reason: 5m: MACD bearish; 15m: MACD bearish; 1h: MACD bearish; 4h: RSI oversold (22.5)
  ⚠️ Sell signal but no position

[05:25:16] Cycle 534
  💰 Current Price: $84.29
  🎯 Signal: SELL (confidence: 0.17)
  📝 Reason: 5m: MACD bearish; 15m: MACD bearish; 1h: MACD bearish; 4h: RSI oversold (22.5)
  ⚠️ Sell signal but no position

[05:25:47] Cycle 535
  💰 Current Price: $84.28
  🎯 Signal: SELL (confidence: 0.17)
  📝 Reason: 5m: MACD bearish; 15m: MACD bearish; 1h: MACD bearish; 4h: RSI oversold (22.5)
  ⚠️ Sell signal but no position

[05:26:18] Cycle 536
  💰 Current Price: $84.28
  🎯 Signal: SELL (confidence: 0.17)
  📝 Reason: 5m: MACD bearish; 15m: MACD bearish; 1h: MACD bearish; 4h: RSI oversold (22.5)
  ⚠️ Sell signal but no position

[05:26:48] Cycle 537
  💰 Current Price: $84.28
  🎯 Signal: SELL (confidence: 0.17)
  📝 Reason: 5m: MACD bearish; 15m: MACD bearish; 1h: MACD bearish; 4h: RSI oversold (22.5)
  ⚠️ Sell signal but no position

[05:27:19] Cycle 538
  💰 Current Price: $84.28
  🎯 Signal: SELL (confidence: 0.17)
  📝 Reason: 5m: MACD bearish; 15m: MACD bearish; 1h: MACD bearish; 4h: RSI oversold (22.5)
  ⚠️ Sell signal but no position

[05:27:50] Cycle 539
  💰 Current Price: $84.32
  🎯 Signal: SELL (confidence: 0.17)
  📝 Reason: 5m: MACD bearish; 15m: MACD bearish; 1h: MACD bearish; 4h: RSI oversold (22.6)
  ⚠️ Sell signal but no position

[05:28:20] Cycle 540
  💰 Current Price: $84.39
  🎯 Signal: SELL (confidence: 0.17)
  📝 Reason: 5m: MACD bearish; 15m: MACD bearish; 1h: MACD bearish; 4h: RSI oversold (22.7)
  ⚠️ Sell signal but no position

[05:28:51] Cycle 541
  💰 Current Price: $84.39
  🎯 Signal: SELL (confidence: 0.17)
  📝 Reason: 5m: MACD bearish; 15m: MACD bearish; 1h: MACD bearish; 4h: RSI oversold (22.7)
  ⚠️ Sell signal but no position

[05:29:22] Cycle 542
  💰 Current Price: $84.36
  🎯 Signal: SELL (confidence: 0.17)
  📝 Reason: 5m: MACD bearish; 15m: MACD bearish; 1h: MACD bearish; 4h: RSI oversold (22.7)
  ⚠️ Sell signal but no position

[05:29:53] Cycle 543
  💰 Current Price: $84.36
  🎯 Signal: SELL (confidence: 0.17)
  📝 Reason: 5m: MACD bearish; 15m: MACD bearish; 1h: MACD bearish; 4h: RSI oversold (22.7)
  ⚠️ Sell signal but no position

[05:30:23] Cycle 544
  💰 Current Price: $84.38
  🎯 Signal: SELL (confidence: 0.17)
  📝 Reason: 5m: MACD bearish; 15m: MACD bearish; 1h: MACD bearish; 4h: RSI oversold (22.7)
  ⚠️ Sell signal but no position

[05:30:54] Cycle 545
  💰 Current Price: $84.37
  🎯 Signal: SELL (confidence: 0.17)
  📝 Reason: 5m: MACD bearish; 15m: MACD bearish; 1h: MACD bearish; 4h: RSI oversold (22.7)
  ⚠️ Sell signal but no position

[05:31:25] Cycle 546
  💰 Current Price: $84.36
  🎯 Signal: SELL (confidence: 0.17)
  📝 Reason: 5m: MACD bearish; 15m: MACD bearish; 1h: MACD bearish; 4h: RSI oversold (22.7)
  ⚠️ Sell signal but no position

[05:31:56] Cycle 547
  ⚠️ Sell signal but no position

[05:15:31] Cycle 507
  💰 Current Price: $84.24
  🎯 Signal: SELL (confidence: 0.17)
  📝 Reason: 5m: MACD bearish; 15m: MACD bearish; 1h: MACD bearish; 4h: RSI oversold (22.5)
  ⚠️ Sell signal but no position

[05:16:02] Cycle 508
  💰 Current Price: $84.25
  🎯 Signal: SELL (confidence: 0.17)
  📝 Reason: 5m: MACD bearish; 15m: MACD bearish; 1h: MACD bearish; 4h: RSI oversold (22.5)
  ⚠️ Sell signal but no position

[05:16:32] Cycle 509
  💰 Current Price: $84.26
  🎯 Signal: SELL (confidence: 0.17)
  📝 Reason: 5m: MACD bearish; 15m: MACD bearish; 1h: MACD bearish; 4h: RSI oversold (22.5)
  ⚠️ Sell signal but no position

[05:17:03] Cycle 510
  💰 Current Price: $84.18
  🎯 Signal: SELL (confidence: 0.17)
  📝 Reason: 5m: MACD bearish; 15m: MACD bearish; 1h: MACD bearish; 4h: RSI oversold (22.3)
  ⚠️ Sell signal but no position

[05:17:34] Cycle 511
  💰 Current Price: $84.15
  🎯 Signal: SELL (confidence: 0.17)
  📝 Reason: 5m: MACD bearish; 15m: MACD bearish; 1h: MACD bearish; 4h: RSI oversold (22.3)
  ⚠️ Sell signal but no position

[05:18:05] Cycle 512
  💰 Current Price: $84.18
  🎯 Signal: SELL (confidence: 0.17)
  📝 Reason: 5m: MACD bearish; 15m: MACD bearish; 1h: MACD bearish; 4h: RSI oversold (22.3)
  ⚠️ Sell signal but no position

[05:18:36] Cycle 513
  💰 Current Price: $84.18
  🎯 Signal: SELL (confidence: 0.17)
  📝 Reason: 5m: MACD bearish; 15m: MACD bearish; 1h: MACD bearish; 4h: RSI oversold (22.3)
  ⚠️ Sell signal but no position

[05:19:07] Cycle 514
  💰 Current Price: $84.18
  🎯 Signal: SELL (confidence: 0.17)
  📝 Reason: 5m: MACD bearish; 15m: MACD bearish; 1h: MACD bearish; 4h: RSI oversold (22.4)
  ⚠️ Sell signal but no position

[05:19:38] Cycle 515
  💰 Current Price: $84.22
  🎯 Signal: SELL (confidence: 0.17)
  📝 Reason: 5m: MACD bearish; 15m: MACD bearish; 1h: MACD bearish; 4h: RSI oversold (22.4)
  ⚠️ Sell signal but no position

[05:20:08] Cycle 516
  💰 Current Price: $84.21
  🎯 Signal: SELL (confidence: 0.17)
  📝 Reason: 5m: MACD bearish; 15m: MACD bearish; 1h: MACD bearish; 4h: RSI oversold (22.4)
  ⚠️ Sell signal but no position

[05:20:39] Cycle 517
  💰 Current Price: $84.21
  🎯 Signal: SELL (confidence: 0.17)
  📝 Reason: 5m: MACD bearish; 15m: MACD bearish; 1h: MACD bearish; 4h: RSI oversold (22.4)
  ⚠️ Sell signal but no position

[05:21:10] Cycle 518
  💰 Current Price: $84.21
  🎯 Signal: SELL (confidence: 0.17)
  📝 Reason: 5m: MACD bearish; 15m: MACD bearish; 1h: MACD bearish; 4h: RSI oversold (22.4)
  ⚠️ Sell signal but no position

[05:21:41] Cycle 519
  💰 Current Price: $84.22
  🎯 Signal: SELL (confidence: 0.17)
  📝 Reason: 5m: MACD bearish; 15m: MACD bearish; 1h: MACD bearish; 4h: RSI oversold (22.4)
  ⚠️ Sell signal but no position

[05:22:11] Cycle 520
  💰 Current Price: $84.26
  🎯 Signal: SELL (confidence: 0.17)
  📝 Reason: 5m: MACD bearish; 15m: MACD bearish; 1h: MACD bearish; 4h: RSI oversold (22.5)
  ⚠️ Sell signal but no position

[05:22:42] Cycle 521
  💰 Current Price: $84.26
  🎯 Signal: SELL (confidence: 0.17)
  📝 Reason: 5m: MACD bearish; 15m: MACD bearish; 1h: MACD bearish; 4h: RSI oversold (22.5)
  ⚠️ Sell signal but no position

[05:23:13] Cycle 522
  💰 Current Price: $84.28
  🎯 Signal: SELL (confidence: 0.17)
  📝 Reason: 5m: MACD bearish; 15m: MACD bearish; 1h: MACD bearish; 4h: RSI oversold (22.5)
  ⚠️ Sell signal but no position

[05:23:44] Cycle 523
  💰 Current Price: $84.27
  🎯 Signal: SELL (confidence: 0.17)
  📝 Reason: 5m: MACD bearish; 15m: MACD bearish; 1h: MACD bearish; 4h: RSI oversold (22.5)
  ⚠️ Sell signal but no position

[05:24:14] Cycle 524
  💰 Current Price: $84.28
  🎯 Signal: SELL (confidence: 0.17)
  📝 Reason: 5m: MACD bearish; 15m: MACD bearish; 1h: MACD bearish; 4h: RSI oversold (22.5)
  ⚠️ Sell signal but no position

[05:24:45] Cycle 525
  💰 Current Price: $84.29
  🎯 Signal: SELL (confidence: 0.17)
  📝 Reason: 5m: MACD bearish; 15m: MACD bearish; 1h: MACD bearish; 4h: RSI oversold (22.5)
  ⚠️ Sell signal but no position

[05:25:16] Cycle 526
  💰 Current Price: $84.29
  🎯 Signal: SELL (confidence: 0.17)
  📝 Reason: 5m: MACD bearish; 15m: MACD bearish; 1h: MACD bearish; 4h: RSI oversold (22.5)
  ⚠️ Sell signal but no position

[05:25:47] Cycle 527
  💰 Current Price: $84.28
  🎯 Signal: SELL (confidence: 0.17)
  📝 Reason: 5m: MACD bearish; 15m: MACD bearish; 1h: MACD bearish; 4h: RSI oversold (22.5)
  ⚠️ Sell signal but no position

[05:26:17] Cycle 528
  💰 Current Price: $84.28
  🎯 Signal: SELL (confidence: 0.17)
  📝 Reason: 5m: MACD bearish; 15m: MACD bearish; 1h: MACD bearish; 4h: RSI oversold (22.5)
  ⚠️ Sell signal but no position

[05:26:48] Cycle 529
  💰 Current Price: $84.28
  🎯 Signal: SELL (confidence: 0.17)
  📝 Reason: 5m: MACD bearish; 15m: MACD bearish; 1h: MACD bearish; 4h: RSI oversold (22.5)
  ⚠️ Sell signal but no position

[05:27:19] Cycle 530
  💰 Current Price: $84.28
  🎯 Signal: SELL (confidence: 0.17)
  📝 Reason: 5m: MACD bearish; 15m: MACD bearish; 1h: MACD bearish; 4h: RSI oversold (22.5)
  ⚠️ Sell signal but no position

[05:27:50] Cycle 531
  💰 Current Price: $84.32
  🎯 Signal: SELL (confidence: 0.17)
  📝 Reason: 5m: MACD bearish; 15m: MACD bearish; 1h: MACD bearish; 4h: RSI oversold (22.6)
  ⚠️ Sell signal but no position

[05:28:20] Cycle 532
  💰 Current Price: $84.39
  🎯 Signal: SELL (confidence: 0.17)
  📝 Reason: 5m: MACD bearish; 15m: MACD bearish; 1h: MACD bearish; 4h: RSI oversold (22.7)
  ⚠️ Sell signal but no position

[05:28:51] Cycle 533
  💰 Current Price: $84.39
  🎯 Signal: SELL (confidence: 0.17)
  📝 Reason: 5m: MACD bearish; 15m: MACD bearish; 1h: MACD bearish; 4h: RSI oversold (22.7)
  ⚠️ Sell signal but no position

[05:29:22] Cycle 534
  💰 Current Price: $84.36
  🎯 Signal: SELL (confidence: 0.17)
  📝 Reason: 5m: MACD bearish; 15m: MACD bearish; 1h: MACD bearish; 4h: RSI oversold (22.7)
  ⚠️ Sell signal but no position

[05:29:53] Cycle 535
  💰 Current Price: $84.36
  🎯 Signal: SELL (confidence: 0.17)
  📝 Reason: 5m: MACD bearish; 15m: MACD bearish; 1h: MACD bearish; 4h: RSI oversold (22.7)
  ⚠️ Sell signal but no position

[05:30:23] Cycle 536
  💰 Current Price: $84.38
  🎯 Signal: SELL (confidence: 0.17)
  📝 Reason: 5m: MACD bearish; 15m: MACD bearish; 1h: MACD bearish; 4h: RSI oversold (22.7)
  ⚠️ Sell signal but no position

[05:30:54] Cycle 537
  💰 Current Price: $84.37
  🎯 Signal: SELL (confidence: 0.17)
  📝 Reason: 5m: MACD bearish; 15m: MACD bearish; 1h: MACD bearish; 4h: RSI oversold (22.7)
  ⚠️ Sell signal but no position

[05:31:25] Cycle 538
  💰 Current Price: $84.36
  🎯 Signal: SELL (confidence: 0.17)
  📝 Reason: 5m: MACD bearish; 15m: MACD bearish; 1h: MACD bearish; 4h: RSI oversold (22.7)
  ⚠️ Sell signal but no position

[05:31:56] Cycle 539
  💰 Current Price: $84.36
  🎯 Signal: SELL (confidence: 0.17)
  📝 Reason: 5m: MACD bearish; 15m: MACD bearish; 1h: MACD bearish; 4h: RSI oversold (22.7)
  ⚠️ Sell signal but no position

[05:32:26] Cycle 540
  💰 Current Price: $84.30
  🎯 Signal: SELL (confidence: 0.17)
  📝 Reason: 5m: MACD bearish; 15m: MACD bearish; 1h: MACD bearish; 4h: RSI oversold (22.5)
  ⚠️ Sell signal but no position

[05:32:57] Cycle 541
  💰 Current Price: $84.26
  🎯 Signal: SELL (confidence: 0.17)
  📝 Reason: 5m: MACD bearish; 15m: MACD bearish; 1h: MACD bearish; 4h: RSI oversold (22.5)
  ⚠️ Sell signal but no position

[05:33:28] Cycle 542
  💰 Current Price: $84.21
  🎯 Signal: SELL (confidence: 0.17)
  📝 Reason: 5m: MACD bearish; 15m: MACD bearish; 1h: MACD bearish; 4h: RSI oversold (22.4)
  ⚠️ Sell signal but no position

[05:33:58] Cycle 543
  💰 Current Price: $84.20
  🎯 Signal: SELL (confidence: 0.17)
  📝 Reason: 5m: MACD bearish; 15m: MACD bearish; 1h: MACD bearish; 4h: RSI oversold (22.3)
  💰 Current Price: $84.36
  🎯 Signal: SELL (confidence: 0.17)
  📝 Reason: 5m: MACD bearish; 15m: MACD bearish; 1h: MACD bearish; 4h: RSI oversold (22.7)
  ⚠️ Sell signal but no position

[05:32:26] Cycle 548
  💰 Current Price: $84.30
  🎯 Signal: SELL (confidence: 0.17)
  📝 Reason: 5m: MACD bearish; 15m: MACD bearish; 1h: MACD bearish; 4h: RSI oversold (22.5)
  ⚠️ Sell signal but no position

[05:32:57] Cycle 549
  💰 Current Price: $84.26
  🎯 Signal: SELL (confidence: 0.17)
  📝 Reason: 5m: MACD bearish; 15m: MACD bearish; 1h: MACD bearish; 4h: RSI oversold (22.5)
  ⚠️ Sell signal but no position

[05:33:28] Cycle 550
  💰 Current Price: $84.21
  🎯 Signal: SELL (confidence: 0.17)
  📝 Reason: 5m: MACD bearish; 15m: MACD bearish; 1h: MACD bearish; 4h: RSI oversold (22.4)
  ⚠️ Sell signal but no position

[05:33:58] Cycle 551
  💰 Current Price: $84.20
  🎯 Signal: SELL (confidence: 0.17)
  📝 Reason: 5m: MACD bearish; 15m: MACD bearish; 1h: MACD bearish; 4h: RSI oversold (22.3)
  ⚠️ Sell signal but no position

[05:34:29] Cycle 552
  💰 Current Price: $84.19
  🎯 Signal: SELL (confidence: 0.17)
  📝 Reason: 5m: MACD bearish; 15m: MACD bearish; 1h: MACD bearish; 4h: RSI oversold (22.4)
  ⚠️ Sell signal but no position

[05:35:00] Cycle 553
  💰 Current Price: $84.19
  🎯 Signal: SELL (confidence: 0.17)
  📝 Reason: 5m: MACD bearish; 15m: MACD bearish; 1h: MACD bearish; 4h: RSI oversold (22.4)
  ⚠️ Sell signal but no position

[05:35:31] Cycle 554
  💰 Current Price: $84.16
  🎯 Signal: SELL (confidence: 0.17)
  📝 Reason: 5m: MACD bearish; 15m: MACD bearish; 1h: MACD bearish; 4h: RSI oversold (22.3)
  ⚠️ Sell signal but no position

[05:36:02] Cycle 555
  💰 Current Price: $84.13
  🎯 Signal: SELL (confidence: 0.17)
  📝 Reason: 5m: MACD bearish; 15m: MACD bearish; 1h: MACD bearish; 4h: RSI oversold (22.2)
  ⚠️ Sell signal but no position

[05:36:32] Cycle 556
  💰 Current Price: $84.12
  🎯 Signal: SELL (confidence: 0.17)
  📝 Reason: 5m: MACD bearish; 15m: MACD bearish; 1h: MACD bearish; 4h: RSI oversold (22.2)
  ⚠️ Sell signal but no position

[05:37:03] Cycle 557
  💰 Current Price: $84.13
  🎯 Signal: SELL (confidence: 0.17)
  📝 Reason: 5m: MACD bearish; 15m: MACD bearish; 1h: MACD bearish; 4h: RSI oversold (22.3)
  ⚠️ Sell signal but no position

[05:37:34] Cycle 558
  💰 Current Price: $84.14
  🎯 Signal: SELL (confidence: 0.17)
  📝 Reason: 5m: MACD bearish; 15m: MACD bearish; 1h: MACD bearish; 4h: RSI oversold (22.3)
  ⚠️ Sell signal but no position

[05:38:05] Cycle 559
  💰 Current Price: $84.21
  🎯 Signal: SELL (confidence: 0.17)
  📝 Reason: 5m: MACD bearish; 15m: MACD bearish; 1h: MACD bearish; 4h: RSI oversold (22.4)
  ⚠️ Sell signal but no position

[05:38:35] Cycle 560
  💰 Current Price: $84.21
  🎯 Signal: SELL (confidence: 0.17)
  📝 Reason: 5m: MACD bearish; 15m: MACD bearish; 1h: MACD bearish; 4h: RSI oversold (22.4)
  ⚠️ Sell signal but no position

[05:39:06] Cycle 561
  💰 Current Price: $84.21
  🎯 Signal: SELL (confidence: 0.17)
  📝 Reason: 5m: MACD bearish; 15m: MACD bearish; 1h: MACD bearish; 4h: RSI oversold (22.4)
  ⚠️ Sell signal but no position

[05:39:37] Cycle 562
  💰 Current Price: $84.27
  🎯 Signal: SELL (confidence: 0.17)
  📝 Reason: 5m: MACD bearish; 15m: MACD bearish; 1h: MACD bearish; 4h: RSI oversold (22.5)
  ⚠️ Sell signal but no position

[05:40:08] Cycle 563
  💰 Current Price: $84.32
  🎯 Signal: SELL (confidence: 0.17)
  📝 Reason: 5m: MACD bearish; 15m: MACD bearish; 1h: MACD bearish; 4h: RSI oversold (22.6)
  ⚠️ Sell signal but no position

[05:40:39] Cycle 564
  💰 Current Price: $84.35
  🎯 Signal: SELL (confidence: 0.17)
  📝 Reason: 5m: MACD bearish; 15m: MACD bearish; 1h: MACD bearish; 4h: RSI oversold (22.7)
  ⚠️ Sell signal but no position

[05:41:09] Cycle 565
  💰 Current Price: $84.37
  🎯 Signal: SELL (confidence: 0.17)
  📝 Reason: 5m: MACD bearish; 15m: MACD bearish; 1h: MACD bearish; 4h: RSI oversold (22.7)
  ⚠️ Sell signal but no position

[05:41:40] Cycle 566
  💰 Current Price: $84.38
  🎯 Signal: SELL (confidence: 0.17)
  📝 Reason: 5m: MACD bearish; 15m: MACD bearish; 1h: MACD bearish; 4h: RSI oversold (22.7)
  ⚠️ Sell signal but no position

[05:42:11] Cycle 567
  💰 Current Price: $84.38
  🎯 Signal: SELL (confidence: 0.17)
  📝 Reason: 5m: MACD bearish; 15m: MACD bearish; 1h: MACD bearish; 4h: RSI oversold (22.7)
  ⚠️ Sell signal but no position

[05:42:42] Cycle 568
  💰 Current Price: $84.38
  🎯 Signal: SELL (confidence: 0.17)
  📝 Reason: 5m: MACD bearish; 15m: MACD bearish; 1h: MACD bearish; 4h: RSI oversold (22.7)
  ⚠️ Sell signal but no position

[05:43:12] Cycle 569
  💰 Current Price: $84.39
  🎯 Signal: SELL (confidence: 0.17)
  📝 Reason: 5m: MACD bearish; 15m: MACD bearish; 1h: MACD bearish; 4h: RSI oversold (22.7)
  ⚠️ Sell signal but no position

[05:43:43] Cycle 570
  💰 Current Price: $84.35
  🎯 Signal: SELL (confidence: 0.17)
  📝 Reason: 5m: MACD bearish; 15m: MACD bearish; 1h: MACD bearish; 4h: RSI oversold (22.7)
  ⚠️ Sell signal but no position

[05:44:14] Cycle 571
  💰 Current Price: $84.37
  🎯 Signal: SELL (confidence: 0.17)
  📝 Reason: 5m: MACD bearish; 15m: MACD bearish; 1h: MACD bearish; 4h: RSI oversold (22.7)
  ⚠️ Sell signal but no position

[05:44:45] Cycle 572
  💰 Current Price: $84.36
  🎯 Signal: SELL (confidence: 0.17)
  📝 Reason: 5m: MACD bearish; 15m: MACD bearish; 1h: MACD bearish; 4h: RSI oversold (22.7)
  ⚠️ Sell signal but no position

[05:45:15] Cycle 573
  💰 Current Price: $84.36
  🎯 Signal: HOLD (confidence: 0.07)
  📝 Reason: 5m: MACD bullish; 15m: MACD bearish; 1h: MACD bearish; 4h: RSI oversold (22.8)

[05:45:46] Cycle 574
  💰 Current Price: $84.40
  🎯 Signal: HOLD (confidence: 0.07)
  📝 Reason: 5m: MACD bullish; 15m: MACD bearish; 1h: MACD bearish; 4h: RSI oversold (22.7)

[05:46:17] Cycle 575
  💰 Current Price: $84.39
  🎯 Signal: HOLD (confidence: 0.07)
  📝 Reason: 5m: MACD bullish; 15m: MACD bearish; 1h: MACD bearish; 4h: RSI oversold (22.8)

[05:46:47] Cycle 576
  💰 Current Price: $84.39
  🎯 Signal: HOLD (confidence: 0.07)
  📝 Reason: 5m: MACD bullish; 15m: MACD bearish; 1h: MACD bearish; 4h: RSI oversold (22.7)

[05:47:18] Cycle 577
  💰 Current Price: $84.43
  🎯 Signal: HOLD (confidence: 0.07)
  📝 Reason: 5m: MACD bullish; 15m: MACD bearish; 1h: MACD bearish; 4h: RSI oversold (22.8)

[05:47:49] Cycle 578
  💰 Current Price: $84.43
  🎯 Signal: HOLD (confidence: 0.07)
  📝 Reason: 5m: MACD bullish; 15m: MACD bearish; 1h: MACD bearish; 4h: RSI oversold (22.8)

[05:48:19] Cycle 579
  💰 Current Price: $84.42
  🎯 Signal: HOLD (confidence: 0.07)
  📝 Reason: 5m: MACD bullish; 15m: MACD bearish; 1h: MACD bearish; 4h: RSI oversold (22.8)

[05:48:50] Cycle 580
  💰 Current Price: $84.42
  🎯 Signal: HOLD (confidence: 0.07)
  📝 Reason: 5m: MACD bullish; 15m: MACD bearish; 1h: MACD bearish; 4h: RSI oversold (22.8)

[05:49:21] Cycle 581
  💰 Current Price: $84.42
  🎯 Signal: HOLD (confidence: 0.07)
  📝 Reason: 5m: MACD bullish; 15m: MACD bearish; 1h: MACD bearish; 4h: RSI oversold (22.8)

[05:49:51] Cycle 582
  💰 Current Price: $84.42
  🎯 Signal: HOLD (confidence: 0.07)
  📝 Reason: 5m: MACD bullish; 15m: MACD bearish; 1h: MACD bearish; 4h: RSI oversold (22.8)

[05:50:22] Cycle 583
  💰 Current Price: $84.42
  🎯 Signal: HOLD (confidence: 0.07)
  📝 Reason: 5m: MACD bullish; 15m: MACD bearish; 1h: MACD bearish; 4h: RSI oversold (22.8)

[05:50:53] Cycle 584
  💰 Current Price: $84.42
  🎯 Signal: HOLD (confidence: 0.07)
  📝 Reason: 5m: MACD bullish; 15m: MACD bearish; 1h: MACD bearish; 4h: RSI oversold (22.8)

[05:51:24] Cycle 585
  💰 Current Price: $84.42
  🎯 Signal: HOLD (confidence: 0.07)
  📝 Reason: 5m: MACD bullish; 15m: MACD bearish; 1h: MACD bearish; 4h: RSI oversold (22.8)

[05:51:55] Cycle 586
  💰 Current Price: $84.44
  ⚠️ Sell signal but no position

[05:34:29] Cycle 544
  💰 Current Price: $84.19
  🎯 Signal: SELL (confidence: 0.17)
  📝 Reason: 5m: MACD bearish; 15m: MACD bearish; 1h: MACD bearish; 4h: RSI oversold (22.4)
  ⚠️ Sell signal but no position

[05:35:00] Cycle 545
  💰 Current Price: $84.19
  🎯 Signal: SELL (confidence: 0.17)
  📝 Reason: 5m: MACD bearish; 15m: MACD bearish; 1h: MACD bearish; 4h: RSI oversold (22.4)
  ⚠️ Sell signal but no position

[05:35:31] Cycle 546
  💰 Current Price: $84.16
  🎯 Signal: SELL (confidence: 0.17)
  📝 Reason: 5m: MACD bearish; 15m: MACD bearish; 1h: MACD bearish; 4h: RSI oversold (22.3)
  ⚠️ Sell signal but no position

[05:36:02] Cycle 547
  💰 Current Price: $84.13
  🎯 Signal: SELL (confidence: 0.17)
  📝 Reason: 5m: MACD bearish; 15m: MACD bearish; 1h: MACD bearish; 4h: RSI oversold (22.2)
  ⚠️ Sell signal but no position

[05:36:33] Cycle 548
  💰 Current Price: $84.12
  🎯 Signal: SELL (confidence: 0.17)
  📝 Reason: 5m: MACD bearish; 15m: MACD bearish; 1h: MACD bearish; 4h: RSI oversold (22.2)
  ⚠️ Sell signal but no position

[05:37:03] Cycle 549
  💰 Current Price: $84.14
  🎯 Signal: SELL (confidence: 0.17)
  📝 Reason: 5m: MACD bearish; 15m: MACD bearish; 1h: MACD bearish; 4h: RSI oversold (22.3)
  ⚠️ Sell signal but no position

[05:37:34] Cycle 550
  💰 Current Price: $84.14
  🎯 Signal: SELL (confidence: 0.17)
  📝 Reason: 5m: MACD bearish; 15m: MACD bearish; 1h: MACD bearish; 4h: RSI oversold (22.3)
  ⚠️ Sell signal but no position

[05:38:05] Cycle 551
  💰 Current Price: $84.21
  🎯 Signal: SELL (confidence: 0.17)
  📝 Reason: 5m: MACD bearish; 15m: MACD bearish; 1h: MACD bearish; 4h: RSI oversold (22.4)
  ⚠️ Sell signal but no position

[05:38:35] Cycle 552
  💰 Current Price: $84.21
  🎯 Signal: SELL (confidence: 0.17)
  📝 Reason: 5m: MACD bearish; 15m: MACD bearish; 1h: MACD bearish; 4h: RSI oversold (22.4)
  ⚠️ Sell signal but no position

[05:39:06] Cycle 553
  💰 Current Price: $84.21
  🎯 Signal: SELL (confidence: 0.17)
  📝 Reason: 5m: MACD bearish; 15m: MACD bearish; 1h: MACD bearish; 4h: RSI oversold (22.4)
  ⚠️ Sell signal but no position

[05:39:37] Cycle 554
  💰 Current Price: $84.27
  🎯 Signal: SELL (confidence: 0.17)
  📝 Reason: 5m: MACD bearish; 15m: MACD bearish; 1h: MACD bearish; 4h: RSI oversold (22.5)
  ⚠️ Sell signal but no position

[05:40:08] Cycle 555
  💰 Current Price: $84.32
  🎯 Signal: SELL (confidence: 0.17)
  📝 Reason: 5m: MACD bearish; 15m: MACD bearish; 1h: MACD bearish; 4h: RSI oversold (22.6)
  ⚠️ Sell signal but no position

[05:40:39] Cycle 556
  💰 Current Price: $84.35
  🎯 Signal: SELL (confidence: 0.17)
  📝 Reason: 5m: MACD bearish; 15m: MACD bearish; 1h: MACD bearish; 4h: RSI oversold (22.7)
  ⚠️ Sell signal but no position

[05:41:09] Cycle 557
  💰 Current Price: $84.37
  🎯 Signal: SELL (confidence: 0.17)
  📝 Reason: 5m: MACD bearish; 15m: MACD bearish; 1h: MACD bearish; 4h: RSI oversold (22.7)
  ⚠️ Sell signal but no position

[05:41:40] Cycle 558
  💰 Current Price: $84.38
  🎯 Signal: SELL (confidence: 0.17)
  📝 Reason: 5m: MACD bearish; 15m: MACD bearish; 1h: MACD bearish; 4h: RSI oversold (22.7)
  ⚠️ Sell signal but no position

[05:42:11] Cycle 559
  💰 Current Price: $84.38
  🎯 Signal: SELL (confidence: 0.17)
  📝 Reason: 5m: MACD bearish; 15m: MACD bearish; 1h: MACD bearish; 4h: RSI oversold (22.7)
  ⚠️ Sell signal but no position

[05:42:42] Cycle 560
  💰 Current Price: $84.38
  🎯 Signal: SELL (confidence: 0.17)
  📝 Reason: 5m: MACD bearish; 15m: MACD bearish; 1h: MACD bearish; 4h: RSI oversold (22.7)
  ⚠️ Sell signal but no position

[05:43:12] Cycle 561
  💰 Current Price: $84.39
  🎯 Signal: SELL (confidence: 0.17)
  📝 Reason: 5m: MACD bearish; 15m: MACD bearish; 1h: MACD bearish; 4h: RSI oversold (22.7)
  ⚠️ Sell signal but no position

[05:43:43] Cycle 562
  💰 Current Price: $84.35
  🎯 Signal: SELL (confidence: 0.17)
  📝 Reason: 5m: MACD bearish; 15m: MACD bearish; 1h: MACD bearish; 4h: RSI oversold (22.7)
  ⚠️ Sell signal but no position

[05:44:14] Cycle 563
  💰 Current Price: $84.37
  🎯 Signal: SELL (confidence: 0.17)
  📝 Reason: 5m: MACD bearish; 15m: MACD bearish; 1h: MACD bearish; 4h: RSI oversold (22.7)
  ⚠️ Sell signal but no position

[05:44:45] Cycle 564
  💰 Current Price: $84.36
  🎯 Signal: SELL (confidence: 0.17)
  📝 Reason: 5m: MACD bearish; 15m: MACD bearish; 1h: MACD bearish; 4h: RSI oversold (22.7)
  ⚠️ Sell signal but no position

[05:45:15] Cycle 565
  💰 Current Price: $84.36
  🎯 Signal: HOLD (confidence: 0.07)
  📝 Reason: 5m: MACD bullish; 15m: MACD bearish; 1h: MACD bearish; 4h: RSI oversold (22.8)

[05:45:46] Cycle 566
  💰 Current Price: $84.40
  🎯 Signal: HOLD (confidence: 0.07)
  📝 Reason: 5m: MACD bullish; 15m: MACD bearish; 1h: MACD bearish; 4h: RSI oversold (22.7)

[05:46:17] Cycle 567
  💰 Current Price: $84.39
  🎯 Signal: HOLD (confidence: 0.07)
  📝 Reason: 5m: MACD bullish; 15m: MACD bearish; 1h: MACD bearish; 4h: RSI oversold (22.8)

[05:46:47] Cycle 568
  💰 Current Price: $84.39
  🎯 Signal: HOLD (confidence: 0.07)
  📝 Reason: 5m: MACD bullish; 15m: MACD bearish; 1h: MACD bearish; 4h: RSI oversold (22.7)

[05:47:18] Cycle 569
  💰 Current Price: $84.43
  🎯 Signal: HOLD (confidence: 0.07)
  📝 Reason: 5m: MACD bullish; 15m: MACD bearish; 1h: MACD bearish; 4h: RSI oversold (22.8)

[05:47:49] Cycle 570
  💰 Current Price: $84.43
  🎯 Signal: HOLD (confidence: 0.07)
  📝 Reason: 5m: MACD bullish; 15m: MACD bearish; 1h: MACD bearish; 4h: RSI oversold (22.8)

[05:48:19] Cycle 571
  💰 Current Price: $84.42
  🎯 Signal: HOLD (confidence: 0.07)
  📝 Reason: 5m: MACD bullish; 15m: MACD bearish; 1h: MACD bearish; 4h: RSI oversold (22.8)

[05:48:50] Cycle 572
  💰 Current Price: $84.42
  🎯 Signal: HOLD (confidence: 0.07)
  📝 Reason: 5m: MACD bullish; 15m: MACD bearish; 1h: MACD bearish; 4h: RSI oversold (22.8)

[05:49:21] Cycle 573
  💰 Current Price: $84.42
  🎯 Signal: HOLD (confidence: 0.07)
  📝 Reason: 5m: MACD bullish; 15m: MACD bearish; 1h: MACD bearish; 4h: RSI oversold (22.8)

[05:49:51] Cycle 574
  💰 Current Price: $84.42
  🎯 Signal: HOLD (confidence: 0.07)
  📝 Reason: 5m: MACD bullish; 15m: MACD bearish; 1h: MACD bearish; 4h: RSI oversold (22.8)

[05:50:22] Cycle 575
  💰 Current Price: $84.42
  🎯 Signal: HOLD (confidence: 0.07)
  📝 Reason: 5m: MACD bullish; 15m: MACD bearish; 1h: MACD bearish; 4h: RSI oversold (22.8)

[05:50:53] Cycle 576
  💰 Current Price: $84.42
  🎯 Signal: HOLD (confidence: 0.07)
  📝 Reason: 5m: MACD bullish; 15m: MACD bearish; 1h: MACD bearish; 4h: RSI oversold (22.8)

[05:51:24] Cycle 577
  💰 Current Price: $84.42
  🎯 Signal: HOLD (confidence: 0.07)
  📝 Reason: 5m: MACD bullish; 15m: MACD bearish; 1h: MACD bearish; 4h: RSI oversold (22.8)

[05:51:54] Cycle 578
  💰 Current Price: $84.44
  🎯 Signal: HOLD (confidence: 0.07)
  📝 Reason: 5m: MACD bullish; 15m: MACD bearish; 1h: MACD bearish; 4h: RSI oversold (22.8)

[05:52:25] Cycle 579
  💰 Current Price: $84.45
  🎯 Signal: HOLD (confidence: 0.07)
  📝 Reason: 5m: MACD bullish; 15m: MACD bearish; 1h: MACD bearish; 4h: RSI oversold (22.8)

[05:52:56] Cycle 580
  💰 Current Price: $84.46
  🎯 Signal: HOLD (confidence: 0.07)
  📝 Reason: 5m: MACD bullish; 15m: MACD bearish; 1h: MACD bearish; 4h: RSI oversold (22.9)

[05:53:26] Cycle 581
  💰 Current Price: $84.46
  🎯 Signal: HOLD (confidence: 0.07)
  📝 Reason: 5m: MACD bullish; 15m: MACD bearish; 1h: MACD bearish; 4h: RSI oversold (22.9)

[05:53:57] Cycle 582
  💰 Current Price: $84.46
  🎯 Signal: HOLD (confidence: 0.07)
  📝 Reason: 5m: MACD bullish; 15m: MACD bearish; 1h: MACD bearish; 4h: RSI oversold (22.9)

[05:54:28] Cycle 583
  💰 Current Price: $84.46
  🎯 Signal: HOLD (confidence: 0.07)
  📝 Reason: 5m: MACD bullish; 15m: MACD bearish; 1h: MACD bearish; 4h: RSI oversold (22.9)
  🎯 Signal: HOLD (confidence: 0.07)
  📝 Reason: 5m: MACD bullish; 15m: MACD bearish; 1h: MACD bearish; 4h: RSI oversold (22.8)

[05:52:25] Cycle 587
  💰 Current Price: $84.45
  🎯 Signal: HOLD (confidence: 0.07)
  📝 Reason: 5m: MACD bullish; 15m: MACD bearish; 1h: MACD bearish; 4h: RSI oversold (22.8)

[05:52:56] Cycle 588
  💰 Current Price: $84.46
  🎯 Signal: HOLD (confidence: 0.07)
  📝 Reason: 5m: MACD bullish; 15m: MACD bearish; 1h: MACD bearish; 4h: RSI oversold (22.9)

[05:53:26] Cycle 589
  💰 Current Price: $84.46
  🎯 Signal: HOLD (confidence: 0.07)
  📝 Reason: 5m: MACD bullish; 15m: MACD bearish; 1h: MACD bearish; 4h: RSI oversold (22.9)

[05:53:57] Cycle 590
  💰 Current Price: $84.46
  🎯 Signal: HOLD (confidence: 0.07)
  📝 Reason: 5m: MACD bullish; 15m: MACD bearish; 1h: MACD bearish; 4h: RSI oversold (22.9)

[05:54:28] Cycle 591
  💰 Current Price: $84.46
  🎯 Signal: HOLD (confidence: 0.07)
  📝 Reason: 5m: MACD bullish; 15m: MACD bearish; 1h: MACD bearish; 4h: RSI oversold (22.9)

[05:54:59] Cycle 592
  💰 Current Price: $84.46
  🎯 Signal: HOLD (confidence: 0.07)
  📝 Reason: 5m: MACD bullish; 15m: MACD bearish; 1h: MACD bearish; 4h: RSI oversold (22.9)

[05:55:30] Cycle 593
  💰 Current Price: $84.48
  🎯 Signal: HOLD (confidence: 0.07)
  📝 Reason: 5m: MACD bullish; 15m: MACD bearish; 1h: MACD bearish; 4h: RSI oversold (22.9)

[05:56:01] Cycle 594
  💰 Current Price: $84.46
  🎯 Signal: HOLD (confidence: 0.07)
  📝 Reason: 5m: MACD bullish; 15m: MACD bearish; 1h: MACD bearish; 4h: RSI oversold (22.9)

[05:56:32] Cycle 595
  💰 Current Price: $84.43
  🎯 Signal: HOLD (confidence: 0.07)
  📝 Reason: 5m: MACD bullish; 15m: MACD bearish; 1h: MACD bearish; 4h: RSI oversold (22.8)

[05:57:03] Cycle 596
  💰 Current Price: $84.39
  🎯 Signal: HOLD (confidence: 0.07)
  📝 Reason: 5m: MACD bullish; 15m: MACD bearish; 1h: MACD bearish; 4h: RSI oversold (22.7)

[05:57:34] Cycle 597
  💰 Current Price: $84.39
  🎯 Signal: HOLD (confidence: 0.07)
  📝 Reason: 5m: MACD bullish; 15m: MACD bearish; 1h: MACD bearish; 4h: RSI oversold (22.7)

[05:58:04] Cycle 598
  💰 Current Price: $84.38
  🎯 Signal: HOLD (confidence: 0.07)
  📝 Reason: 5m: MACD bullish; 15m: MACD bearish; 1h: MACD bearish; 4h: RSI oversold (22.7)

[05:58:35] Cycle 599
  💰 Current Price: $84.34
  🎯 Signal: HOLD (confidence: 0.07)
  📝 Reason: 5m: MACD bullish; 15m: MACD bearish; 1h: MACD bearish; 4h: RSI oversold (22.6)

[05:59:06] Cycle 600
  💰 Current Price: $84.33
  🎯 Signal: HOLD (confidence: 0.07)
  📝 Reason: 5m: MACD bullish; 15m: MACD bearish; 1h: MACD bearish; 4h: RSI oversold (22.6)

[05:59:36] Cycle 601
  💰 Current Price: $84.33
  🎯 Signal: HOLD (confidence: 0.07)
  📝 Reason: 5m: MACD bullish; 15m: MACD bearish; 1h: MACD bearish; 4h: RSI oversold (22.6)

[06:00:07] Cycle 602
  💰 Current Price: $84.34
  🎯 Signal: HOLD (confidence: 0.07)
  📝 Reason: 5m: MACD bullish; 15m: MACD bearish; 1h: MACD bearish; 4h: RSI oversold (22.6)

[06:00:38] Cycle 603
  💰 Current Price: $84.34
  🎯 Signal: HOLD (confidence: 0.07)
  📝 Reason: 5m: MACD bullish; 15m: MACD bearish; 1h: MACD bearish; 4h: RSI oversold (22.6)

[06:01:09] Cycle 604
  💰 Current Price: $84.34
  🎯 Signal: HOLD (confidence: 0.07)
  📝 Reason: 5m: MACD bullish; 15m: MACD bearish; 1h: MACD bearish; 4h: RSI oversold (22.6)

[06:01:39] Cycle 605
  💰 Current Price: $84.30
  🎯 Signal: HOLD (confidence: 0.07)
  📝 Reason: 5m: MACD bullish; 15m: MACD bearish; 1h: MACD bearish; 4h: RSI oversold (22.5)

[06:02:10] Cycle 606
  💰 Current Price: $84.24
  🎯 Signal: HOLD (confidence: 0.07)
  📝 Reason: 5m: MACD bullish; 15m: MACD bearish; 1h: MACD bearish; 4h: RSI oversold (22.5)

[06:02:41] Cycle 607
  💰 Current Price: $84.24
  🎯 Signal: HOLD (confidence: 0.07)
  📝 Reason: 5m: MACD bullish; 15m: MACD bearish; 1h: MACD bearish; 4h: RSI oversold (22.5)

[06:03:12] Cycle 608
  💰 Current Price: $84.21
  🎯 Signal: HOLD (confidence: 0.07)
  📝 Reason: 5m: MACD bullish; 15m: MACD bearish; 1h: MACD bearish; 4h: RSI oversold (22.4)

[06:03:42] Cycle 609
  💰 Current Price: $84.24
  🎯 Signal: HOLD (confidence: 0.07)
  📝 Reason: 5m: MACD bullish; 15m: MACD bearish; 1h: MACD bearish; 4h: RSI oversold (22.5)

[06:04:13] Cycle 610
  💰 Current Price: $84.27
  🎯 Signal: HOLD (confidence: 0.07)
  📝 Reason: 5m: MACD bullish; 15m: MACD bearish; 1h: MACD bearish; 4h: RSI oversold (22.5)

[06:04:44] Cycle 611
  💰 Current Price: $84.27
  🎯 Signal: HOLD (confidence: 0.07)
  📝 Reason: 5m: MACD bullish; 15m: MACD bearish; 1h: MACD bearish; 4h: RSI oversold (22.5)

[06:05:15] Cycle 612
  💰 Current Price: $84.29
  🎯 Signal: HOLD (confidence: 0.07)
  📝 Reason: 5m: MACD bullish; 15m: MACD bearish; 1h: MACD bearish; 4h: RSI oversold (22.5)

[06:05:45] Cycle 613
  💰 Current Price: $84.27
  🎯 Signal: HOLD (confidence: 0.07)
  📝 Reason: 5m: MACD bullish; 15m: MACD bearish; 1h: MACD bearish; 4h: RSI oversold (22.5)

[06:06:16] Cycle 614
  💰 Current Price: $84.28
  🎯 Signal: HOLD (confidence: 0.07)
  📝 Reason: 5m: MACD bullish; 15m: MACD bearish; 1h: MACD bearish; 4h: RSI oversold (22.5)

[06:06:47] Cycle 615
  💰 Current Price: $84.26
  🎯 Signal: HOLD (confidence: 0.07)
  📝 Reason: 5m: MACD bullish; 15m: MACD bearish; 1h: MACD bearish; 4h: RSI oversold (22.5)

[06:07:18] Cycle 616
  💰 Current Price: $84.20
  🎯 Signal: HOLD (confidence: 0.07)
  📝 Reason: 5m: MACD bullish; 15m: MACD bearish; 1h: MACD bearish; 4h: RSI oversold (22.4)

[06:07:49] Cycle 617
  💰 Current Price: $84.20
  🎯 Signal: HOLD (confidence: 0.07)
  📝 Reason: 5m: MACD bullish; 15m: MACD bearish; 1h: MACD bearish; 4h: RSI oversold (22.4)

[06:08:20] Cycle 618
  💰 Current Price: $84.23
  🎯 Signal: HOLD (confidence: 0.07)
  📝 Reason: 5m: MACD bullish; 15m: MACD bearish; 1h: MACD bearish; 4h: RSI oversold (22.4)

[06:08:50] Cycle 619
  💰 Current Price: $84.21
  🎯 Signal: HOLD (confidence: 0.07)
  📝 Reason: 5m: MACD bullish; 15m: MACD bearish; 1h: MACD bearish; 4h: RSI oversold (22.4)

[06:09:21] Cycle 620
  💰 Current Price: $84.22
  🎯 Signal: HOLD (confidence: 0.07)
  📝 Reason: 5m: MACD bullish; 15m: MACD bearish; 1h: MACD bearish; 4h: RSI oversold (22.4)

[06:09:52] Cycle 621
  💰 Current Price: $84.22
  🎯 Signal: HOLD (confidence: 0.07)
  📝 Reason: 5m: MACD bullish; 15m: MACD bearish; 1h: MACD bearish; 4h: RSI oversold (22.3)

[06:10:23] Cycle 622
  💰 Current Price: $84.15
  🎯 Signal: SELL (confidence: 0.17)
  📝 Reason: 5m: MACD bearish; 15m: MACD bearish; 1h: MACD bearish; 4h: RSI oversold (22.3)
  ⚠️ Sell signal but no position

[06:10:54] Cycle 623
  💰 Current Price: $84.16
  🎯 Signal: SELL (confidence: 0.17)
  📝 Reason: 5m: MACD bearish; 15m: MACD bearish; 1h: MACD bearish; 4h: RSI oversold (22.3)
  ⚠️ Sell signal but no position

[06:11:25] Cycle 624
  💰 Current Price: $84.15
  🎯 Signal: SELL (confidence: 0.17)
  📝 Reason: 5m: MACD bearish; 15m: MACD bearish; 1h: MACD bearish; 4h: RSI oversold (22.3)
  ⚠️ Sell signal but no position

[06:11:56] Cycle 625
  💰 Current Price: $84.14
  🎯 Signal: SELL (confidence: 0.17)
  📝 Reason: 5m: MACD bearish; 15m: MACD bearish; 1h: MACD bearish; 4h: RSI oversold (22.3)
  ⚠️ Sell signal but no position

[06:12:27] Cycle 626
  💰 Current Price: $84.14
  🎯 Signal: SELL (confidence: 0.17)
  📝 Reason: 5m: MACD bearish; 15m: MACD bearish; 1h: MACD bearish; 4h: RSI oversold (22.3)
  ⚠️ Sell signal but no position

[06:12:57] Cycle 627
  💰 Current Price: $84.11
  🎯 Signal: SELL (confidence: 0.17)
  📝 Reason: 5m: MACD bearish; 15m: MACD bearish; 1h: MACD bearish; 4h: RSI oversold (22.2)
  ⚠️ Sell signal but no position

[06:13:28] Cycle 628
  💰 Current Price: $84.11
  🎯 Signal: SELL (confidence: 0.17)
  📝 Reason: 5m: MACD bearish; 15m: MACD bearish; 1h: MACD bearish; 4h: RSI oversold (22.2)
  ⚠️ Sell signal but no position

[06:13:59] Cycle 629
  💰 Current Price: $84.11

[05:54:59] Cycle 584
  💰 Current Price: $84.46
  🎯 Signal: HOLD (confidence: 0.07)
  📝 Reason: 5m: MACD bullish; 15m: MACD bearish; 1h: MACD bearish; 4h: RSI oversold (22.9)

[05:55:30] Cycle 585
  💰 Current Price: $84.48
  🎯 Signal: HOLD (confidence: 0.07)
  📝 Reason: 5m: MACD bullish; 15m: MACD bearish; 1h: MACD bearish; 4h: RSI oversold (22.9)

[05:56:01] Cycle 586
  💰 Current Price: $84.46
  🎯 Signal: HOLD (confidence: 0.07)
  📝 Reason: 5m: MACD bullish; 15m: MACD bearish; 1h: MACD bearish; 4h: RSI oversold (22.9)

[05:56:32] Cycle 587
  💰 Current Price: $84.43
  🎯 Signal: HOLD (confidence: 0.07)
  📝 Reason: 5m: MACD bullish; 15m: MACD bearish; 1h: MACD bearish; 4h: RSI oversold (22.8)

[05:57:03] Cycle 588
  💰 Current Price: $84.39
  🎯 Signal: HOLD (confidence: 0.07)
  📝 Reason: 5m: MACD bullish; 15m: MACD bearish; 1h: MACD bearish; 4h: RSI oversold (22.7)

[05:57:34] Cycle 589
  💰 Current Price: $84.39
  🎯 Signal: HOLD (confidence: 0.07)
  📝 Reason: 5m: MACD bullish; 15m: MACD bearish; 1h: MACD bearish; 4h: RSI oversold (22.7)

[05:58:04] Cycle 590
  💰 Current Price: $84.38
  🎯 Signal: HOLD (confidence: 0.07)
  📝 Reason: 5m: MACD bullish; 15m: MACD bearish; 1h: MACD bearish; 4h: RSI oversold (22.7)

[05:58:35] Cycle 591
  💰 Current Price: $84.34
  🎯 Signal: HOLD (confidence: 0.07)
  📝 Reason: 5m: MACD bullish; 15m: MACD bearish; 1h: MACD bearish; 4h: RSI oversold (22.6)

[05:59:06] Cycle 592
  💰 Current Price: $84.33
  🎯 Signal: HOLD (confidence: 0.07)
  📝 Reason: 5m: MACD bullish; 15m: MACD bearish; 1h: MACD bearish; 4h: RSI oversold (22.6)

[05:59:36] Cycle 593
  💰 Current Price: $84.33
  🎯 Signal: HOLD (confidence: 0.07)
  📝 Reason: 5m: MACD bullish; 15m: MACD bearish; 1h: MACD bearish; 4h: RSI oversold (22.6)

[06:00:07] Cycle 594
  💰 Current Price: $84.34
  🎯 Signal: HOLD (confidence: 0.07)
  📝 Reason: 5m: MACD bullish; 15m: MACD bearish; 1h: MACD bearish; 4h: RSI oversold (22.6)

[06:00:38] Cycle 595
  💰 Current Price: $84.34
  🎯 Signal: HOLD (confidence: 0.07)
  📝 Reason: 5m: MACD bullish; 15m: MACD bearish; 1h: MACD bearish; 4h: RSI oversold (22.6)

[06:01:09] Cycle 596
  💰 Current Price: $84.34
  🎯 Signal: HOLD (confidence: 0.07)
  📝 Reason: 5m: MACD bullish; 15m: MACD bearish; 1h: MACD bearish; 4h: RSI oversold (22.6)

[06:01:39] Cycle 597
  💰 Current Price: $84.30
  🎯 Signal: HOLD (confidence: 0.07)
  📝 Reason: 5m: MACD bullish; 15m: MACD bearish; 1h: MACD bearish; 4h: RSI oversold (22.5)

[06:02:10] Cycle 598
  💰 Current Price: $84.24
  🎯 Signal: HOLD (confidence: 0.07)
  📝 Reason: 5m: MACD bullish; 15m: MACD bearish; 1h: MACD bearish; 4h: RSI oversold (22.5)

[06:02:41] Cycle 599
  💰 Current Price: $84.24
  🎯 Signal: HOLD (confidence: 0.07)
  📝 Reason: 5m: MACD bullish; 15m: MACD bearish; 1h: MACD bearish; 4h: RSI oversold (22.5)

[06:03:12] Cycle 600
  💰 Current Price: $84.21
  🎯 Signal: HOLD (confidence: 0.07)
  📝 Reason: 5m: MACD bullish; 15m: MACD bearish; 1h: MACD bearish; 4h: RSI oversold (22.4)

[06:03:42] Cycle 601
  💰 Current Price: $84.24
  🎯 Signal: HOLD (confidence: 0.07)
  📝 Reason: 5m: MACD bullish; 15m: MACD bearish; 1h: MACD bearish; 4h: RSI oversold (22.5)

[06:04:13] Cycle 602
  💰 Current Price: $84.27
  🎯 Signal: HOLD (confidence: 0.07)
  📝 Reason: 5m: MACD bullish; 15m: MACD bearish; 1h: MACD bearish; 4h: RSI oversold (22.5)

[06:04:44] Cycle 603
  💰 Current Price: $84.27
  🎯 Signal: HOLD (confidence: 0.07)
  📝 Reason: 5m: MACD bullish; 15m: MACD bearish; 1h: MACD bearish; 4h: RSI oversold (22.5)

[06:05:15] Cycle 604
  💰 Current Price: $84.29
  🎯 Signal: HOLD (confidence: 0.07)
  📝 Reason: 5m: MACD bullish; 15m: MACD bearish; 1h: MACD bearish; 4h: RSI oversold (22.5)

[06:05:45] Cycle 605
  💰 Current Price: $84.27
  🎯 Signal: HOLD (confidence: 0.07)
  📝 Reason: 5m: MACD bullish; 15m: MACD bearish; 1h: MACD bearish; 4h: RSI oversold (22.5)

[06:06:16] Cycle 606
  💰 Current Price: $84.28
  🎯 Signal: HOLD (confidence: 0.07)
  📝 Reason: 5m: MACD bullish; 15m: MACD bearish; 1h: MACD bearish; 4h: RSI oversold (22.5)

[06:06:47] Cycle 607
  💰 Current Price: $84.26
  🎯 Signal: HOLD (confidence: 0.07)
  📝 Reason: 5m: MACD bullish; 15m: MACD bearish; 1h: MACD bearish; 4h: RSI oversold (22.5)

[06:07:18] Cycle 608
  💰 Current Price: $84.20
  🎯 Signal: HOLD (confidence: 0.07)
  📝 Reason: 5m: MACD bullish; 15m: MACD bearish; 1h: MACD bearish; 4h: RSI oversold (22.4)

[06:07:49] Cycle 609
  💰 Current Price: $84.20
  🎯 Signal: HOLD (confidence: 0.07)
  📝 Reason: 5m: MACD bullish; 15m: MACD bearish; 1h: MACD bearish; 4h: RSI oversold (22.4)

[06:08:20] Cycle 610
  💰 Current Price: $84.23
  🎯 Signal: HOLD (confidence: 0.07)
  📝 Reason: 5m: MACD bullish; 15m: MACD bearish; 1h: MACD bearish; 4h: RSI oversold (22.4)

[06:08:50] Cycle 611
  💰 Current Price: $84.21
  🎯 Signal: HOLD (confidence: 0.07)
  📝 Reason: 5m: MACD bullish; 15m: MACD bearish; 1h: MACD bearish; 4h: RSI oversold (22.4)

[06:09:21] Cycle 612
  💰 Current Price: $84.22
  🎯 Signal: HOLD (confidence: 0.07)
  📝 Reason: 5m: MACD bullish; 15m: MACD bearish; 1h: MACD bearish; 4h: RSI oversold (22.4)

[06:09:52] Cycle 613
  💰 Current Price: $84.22
  🎯 Signal: HOLD (confidence: 0.07)
  📝 Reason: 5m: MACD bullish; 15m: MACD bearish; 1h: MACD bearish; 4h: RSI oversold (22.3)

[06:10:23] Cycle 614
  💰 Current Price: $84.15
  🎯 Signal: SELL (confidence: 0.17)
  📝 Reason: 5m: MACD bearish; 15m: MACD bearish; 1h: MACD bearish; 4h: RSI oversold (22.3)
  ⚠️ Sell signal but no position

[06:10:54] Cycle 615
  💰 Current Price: $84.16
  🎯 Signal: SELL (confidence: 0.17)
  📝 Reason: 5m: MACD bearish; 15m: MACD bearish; 1h: MACD bearish; 4h: RSI oversold (22.3)
  ⚠️ Sell signal but no position

[06:11:24] Cycle 616
  💰 Current Price: $84.15
  🎯 Signal: SELL (confidence: 0.17)
  📝 Reason: 5m: MACD bearish; 15m: MACD bearish; 1h: MACD bearish; 4h: RSI oversold (22.3)
  ⚠️ Sell signal but no position

[06:11:56] Cycle 617
  💰 Current Price: $84.14
  🎯 Signal: SELL (confidence: 0.17)
  📝 Reason: 5m: MACD bearish; 15m: MACD bearish; 1h: MACD bearish; 4h: RSI oversold (22.3)
  ⚠️ Sell signal but no position

[06:12:27] Cycle 618
  💰 Current Price: $84.14
  🎯 Signal: SELL (confidence: 0.17)
  📝 Reason: 5m: MACD bearish; 15m: MACD bearish; 1h: MACD bearish; 4h: RSI oversold (22.3)
  ⚠️ Sell signal but no position

[06:12:57] Cycle 619
  💰 Current Price: $84.11
  🎯 Signal: SELL (confidence: 0.17)
  📝 Reason: 5m: MACD bearish; 15m: MACD bearish; 1h: MACD bearish; 4h: RSI oversold (22.2)
  ⚠️ Sell signal but no position

[06:13:28] Cycle 620
  💰 Current Price: $84.11
  🎯 Signal: SELL (confidence: 0.17)
  📝 Reason: 5m: MACD bearish; 15m: MACD bearish; 1h: MACD bearish; 4h: RSI oversold (22.2)
  ⚠️ Sell signal but no position

[06:13:59] Cycle 621
  💰 Current Price: $84.11
  🎯 Signal: SELL (confidence: 0.17)
  📝 Reason: 5m: MACD bearish; 15m: MACD bearish; 1h: MACD bearish; 4h: RSI oversold (22.2)
  ⚠️ Sell signal but no position

[06:14:30] Cycle 622
  💰 Current Price: $84.10
  🎯 Signal: SELL (confidence: 0.17)
  📝 Reason: 5m: MACD bearish; 15m: MACD bearish; 1h: MACD bearish; 4h: RSI oversold (22.2)
  ⚠️ Sell signal but no position

[06:15:01] Cycle 623
  💰 Current Price: $84.11
  🎯 Signal: SELL (confidence: 0.17)
  📝 Reason: 5m: MACD bearish; 15m: MACD bearish; 1h: MACD bearish; 4h: RSI oversold (22.2)
  ⚠️ Sell signal but no position

[06:15:32] Cycle 624
  💰 Current Price: $84.12
  🎯 Signal: SELL (confidence: 0.17)
  📝 Reason: 5m: MACD bearish; 15m: MACD bearish; 1h: MACD bearish; 4h: RSI oversold (22.2)
  ⚠️ Sell signal but no position

[06:16:02] Cycle 625
  💰 Current Price: $84.12
  🎯 Signal: SELL (confidence: 0.17)
  📝 Reason: 5m: MACD bearish; 15m: MACD bearish; 1h: MACD bearish; 4h: RSI oversold (22.2)
  ⚠️ Sell signal but no position
  🎯 Signal: SELL (confidence: 0.17)
  📝 Reason: 5m: MACD bearish; 15m: MACD bearish; 1h: MACD bearish; 4h: RSI oversold (22.2)
  ⚠️ Sell signal but no position

[06:14:30] Cycle 630
  💰 Current Price: $84.10
  🎯 Signal: SELL (confidence: 0.17)
  📝 Reason: 5m: MACD bearish; 15m: MACD bearish; 1h: MACD bearish; 4h: RSI oversold (22.2)
  ⚠️ Sell signal but no position

[06:15:01] Cycle 631
  💰 Current Price: $84.11
  🎯 Signal: SELL (confidence: 0.17)
  📝 Reason: 5m: MACD bearish; 15m: MACD bearish; 1h: MACD bearish; 4h: RSI oversold (22.2)
  ⚠️ Sell signal but no position

[06:15:31] Cycle 632
  💰 Current Price: $84.12
  🎯 Signal: SELL (confidence: 0.17)
  📝 Reason: 5m: MACD bearish; 15m: MACD bearish; 1h: MACD bearish; 4h: RSI oversold (22.2)
  ⚠️ Sell signal but no position

[06:16:02] Cycle 633
  💰 Current Price: $84.12
  🎯 Signal: SELL (confidence: 0.17)
  📝 Reason: 5m: MACD bearish; 15m: MACD bearish; 1h: MACD bearish; 4h: RSI oversold (22.2)
  ⚠️ Sell signal but no position

[06:16:33] Cycle 634
  💰 Current Price: $84.12
  🎯 Signal: SELL (confidence: 0.17)
  📝 Reason: 5m: MACD bearish; 15m: MACD bearish; 1h: MACD bearish; 4h: RSI oversold (22.2)
  ⚠️ Sell signal but no position

[06:17:04] Cycle 635
  💰 Current Price: $84.11
  🎯 Signal: SELL (confidence: 0.17)
  📝 Reason: 5m: MACD bearish; 15m: MACD bearish; 1h: MACD bearish; 4h: RSI oversold (22.3)
  ⚠️ Sell signal but no position

[06:17:34] Cycle 636
  💰 Current Price: $84.14
  🎯 Signal: SELL (confidence: 0.17)
  📝 Reason: 5m: MACD bearish; 15m: MACD bearish; 1h: MACD bearish; 4h: RSI oversold (22.3)
  ⚠️ Sell signal but no position

[06:18:05] Cycle 637
  💰 Current Price: $84.20
  🎯 Signal: SELL (confidence: 0.17)
  📝 Reason: 5m: MACD bearish; 15m: MACD bearish; 1h: MACD bearish; 4h: RSI oversold (22.4)
  ⚠️ Sell signal but no position

[06:18:36] Cycle 638
  💰 Current Price: $84.18
  🎯 Signal: SELL (confidence: 0.17)
  📝 Reason: 5m: MACD bearish; 15m: MACD bearish; 1h: MACD bearish; 4h: RSI oversold (22.3)
  ⚠️ Sell signal but no position

[06:19:06] Cycle 639
  💰 Current Price: $84.21
  🎯 Signal: SELL (confidence: 0.17)
  📝 Reason: 5m: MACD bearish; 15m: MACD bearish; 1h: MACD bearish; 4h: RSI oversold (22.4)
  ⚠️ Sell signal but no position

[06:19:37] Cycle 640
  💰 Current Price: $84.23
  🎯 Signal: SELL (confidence: 0.17)
  📝 Reason: 5m: MACD bearish; 15m: MACD bearish; 1h: MACD bearish; 4h: RSI oversold (22.4)
  ⚠️ Sell signal but no position

[06:20:08] Cycle 641
  💰 Current Price: $84.15
  🎯 Signal: SELL (confidence: 0.17)
  📝 Reason: 5m: MACD bearish; 15m: MACD bearish; 1h: MACD bearish; 4h: RSI oversold (22.3)
  ⚠️ Sell signal but no position

[06:20:39] Cycle 642
  💰 Current Price: $84.13
  🎯 Signal: SELL (confidence: 0.17)
  📝 Reason: 5m: MACD bearish; 15m: MACD bearish; 1h: MACD bearish; 4h: RSI oversold (22.2)
  ⚠️ Sell signal but no position

[06:21:10] Cycle 643
  💰 Current Price: $84.16
  🎯 Signal: SELL (confidence: 0.17)
  📝 Reason: 5m: MACD bearish; 15m: MACD bearish; 1h: MACD bearish; 4h: RSI oversold (22.3)
  ⚠️ Sell signal but no position

[06:21:41] Cycle 644
  💰 Current Price: $84.18
  🎯 Signal: SELL (confidence: 0.17)
  📝 Reason: 5m: MACD bearish; 15m: MACD bearish; 1h: MACD bearish; 4h: RSI oversold (22.3)
  ⚠️ Sell signal but no position

[06:22:12] Cycle 645
  💰 Current Price: $84.21
  🎯 Signal: SELL (confidence: 0.17)
  📝 Reason: 5m: MACD bearish; 15m: MACD bearish; 1h: MACD bearish; 4h: RSI oversold (22.4)
  ⚠️ Sell signal but no position

[06:22:43] Cycle 646
  💰 Current Price: $84.20
  🎯 Signal: SELL (confidence: 0.17)
  📝 Reason: 5m: MACD bearish; 15m: MACD bearish; 1h: MACD bearish; 4h: RSI oversold (22.4)
  ⚠️ Sell signal but no position

[06:23:13] Cycle 647
  💰 Current Price: $84.21
  🎯 Signal: SELL (confidence: 0.17)
  📝 Reason: 5m: MACD bearish; 15m: MACD bearish; 1h: MACD bearish; 4h: RSI oversold (22.4)
  ⚠️ Sell signal but no position

[06:23:44] Cycle 648
  💰 Current Price: $84.22
  🎯 Signal: SELL (confidence: 0.17)
  📝 Reason: 5m: MACD bearish; 15m: MACD bearish; 1h: MACD bearish; 4h: RSI oversold (22.4)
  ⚠️ Sell signal but no position

[06:24:15] Cycle 649
  💰 Current Price: $84.18
  🎯 Signal: SELL (confidence: 0.17)
  📝 Reason: 5m: MACD bearish; 15m: MACD bearish; 1h: MACD bearish; 4h: RSI oversold (22.3)
  ⚠️ Sell signal but no position

[06:24:46] Cycle 650
  💰 Current Price: $84.23
  🎯 Signal: SELL (confidence: 0.17)
  📝 Reason: 5m: MACD bearish; 15m: MACD bearish; 1h: MACD bearish; 4h: RSI oversold (22.4)
  ⚠️ Sell signal but no position

[06:25:17] Cycle 651
  💰 Current Price: $84.20
  🎯 Signal: SELL (confidence: 0.17)
  📝 Reason: 5m: MACD bearish; 15m: MACD bearish; 1h: MACD bearish; 4h: RSI oversold (22.4)
  ⚠️ Sell signal but no position

[06:25:48] Cycle 652
  💰 Current Price: $84.21
  🎯 Signal: SELL (confidence: 0.17)
  📝 Reason: 5m: MACD bearish; 15m: MACD bearish; 1h: MACD bearish; 4h: RSI oversold (22.4)
  ⚠️ Sell signal but no position

[06:26:18] Cycle 653
  💰 Current Price: $84.21
  🎯 Signal: SELL (confidence: 0.17)
  📝 Reason: 5m: MACD bearish; 15m: MACD bearish; 1h: MACD bearish; 4h: RSI oversold (22.4)
  ⚠️ Sell signal but no position

[06:26:49] Cycle 654
  💰 Current Price: $84.21
  🎯 Signal: SELL (confidence: 0.17)
  📝 Reason: 5m: MACD bearish; 15m: MACD bearish; 1h: MACD bearish; 4h: RSI oversold (22.4)
  ⚠️ Sell signal but no position

[06:27:20] Cycle 655
  💰 Current Price: $84.21
  🎯 Signal: SELL (confidence: 0.17)
  📝 Reason: 5m: MACD bearish; 15m: MACD bearish; 1h: MACD bearish; 4h: RSI oversold (22.4)
  ⚠️ Sell signal but no position

[06:27:51] Cycle 656
  💰 Current Price: $84.20
  🎯 Signal: SELL (confidence: 0.17)
  📝 Reason: 5m: MACD bearish; 15m: MACD bearish; 1h: MACD bearish; 4h: RSI oversold (22.4)
  ⚠️ Sell signal but no position

[06:28:22] Cycle 657
  💰 Current Price: $84.20
  🎯 Signal: SELL (confidence: 0.17)
  📝 Reason: 5m: MACD bearish; 15m: MACD bearish; 1h: MACD bearish; 4h: RSI oversold (22.4)
  ⚠️ Sell signal but no position

[06:28:52] Cycle 658
  💰 Current Price: $84.20
  🎯 Signal: SELL (confidence: 0.17)
  📝 Reason: 5m: MACD bearish; 15m: MACD bearish; 1h: MACD bearish; 4h: RSI oversold (22.4)
  ⚠️ Sell signal but no position

[06:29:23] Cycle 659
  💰 Current Price: $84.19
  🎯 Signal: SELL (confidence: 0.17)
  📝 Reason: 5m: MACD bearish; 15m: MACD bearish; 1h: MACD bearish; 4h: RSI oversold (22.4)
  ⚠️ Sell signal but no position

[06:29:54] Cycle 660
  💰 Current Price: $84.20
  🎯 Signal: SELL (confidence: 0.17)
  📝 Reason: 5m: MACD bearish; 15m: MACD bearish; 1h: MACD bearish; 4h: RSI oversold (22.4)
  ⚠️ Sell signal but no position

[06:30:25] Cycle 661
  💰 Current Price: $84.20
  🎯 Signal: HOLD (confidence: 0.03)
  📝 Reason: 5m: MACD bearish; 15m: RSI oversold (25.0); 15m: MACD bearish; 1h: MACD bearish

[06:30:56] Cycle 662
  💰 Current Price: $84.19
  🎯 Signal: HOLD (confidence: 0.03)
  📝 Reason: 5m: MACD bearish; 15m: RSI oversold (24.8); 15m: MACD bearish; 1h: MACD bearish

[06:31:26] Cycle 663
  💰 Current Price: $84.20
  🎯 Signal: HOLD (confidence: 0.03)
  📝 Reason: 5m: MACD bearish; 15m: RSI oversold (25.0); 15m: MACD bearish; 1h: MACD bearish

[06:31:57] Cycle 664
  💰 Current Price: $84.23
  🎯 Signal: HOLD (confidence: 0.03)
  📝 Reason: 5m: MACD bearish; 15m: RSI oversold (26.3); 15m: MACD bearish; 1h: MACD bearish

[06:32:28] Cycle 665
  💰 Current Price: $84.24
  🎯 Signal: HOLD (confidence: 0.03)
  📝 Reason: 5m: MACD bearish; 15m: RSI oversold (26.8); 15m: MACD bearish; 1h: MACD bearish

[06:32:58] Cycle 666
  💰 Current Price: $84.21
  🎯 Signal: HOLD (confidence: 0.03)
  📝 Reason: 5m: MACD bearish; 15m: RSI oversold (25.5); 15m: MACD bearish; 1h: MACD bearish

[06:33:29] Cycle 667
  💰 Current Price: $84.16

[06:16:33] Cycle 626
  💰 Current Price: $84.12
  🎯 Signal: SELL (confidence: 0.17)
  📝 Reason: 5m: MACD bearish; 15m: MACD bearish; 1h: MACD bearish; 4h: RSI oversold (22.2)
  ⚠️ Sell signal but no position

[06:17:04] Cycle 627
  💰 Current Price: $84.11
  🎯 Signal: SELL (confidence: 0.17)
  📝 Reason: 5m: MACD bearish; 15m: MACD bearish; 1h: MACD bearish; 4h: RSI oversold (22.3)
  ⚠️ Sell signal but no position

[06:17:34] Cycle 628
  💰 Current Price: $84.14
  🎯 Signal: SELL (confidence: 0.17)
  📝 Reason: 5m: MACD bearish; 15m: MACD bearish; 1h: MACD bearish; 4h: RSI oversold (22.3)
  ⚠️ Sell signal but no position

[06:18:05] Cycle 629
  💰 Current Price: $84.20
  🎯 Signal: SELL (confidence: 0.17)
  📝 Reason: 5m: MACD bearish; 15m: MACD bearish; 1h: MACD bearish; 4h: RSI oversold (22.4)
  ⚠️ Sell signal but no position

[06:18:36] Cycle 630
  💰 Current Price: $84.18
  🎯 Signal: SELL (confidence: 0.17)
  📝 Reason: 5m: MACD bearish; 15m: MACD bearish; 1h: MACD bearish; 4h: RSI oversold (22.3)
  ⚠️ Sell signal but no position

[06:19:07] Cycle 631
  💰 Current Price: $84.21
  🎯 Signal: SELL (confidence: 0.17)
  📝 Reason: 5m: MACD bearish; 15m: MACD bearish; 1h: MACD bearish; 4h: RSI oversold (22.4)
  ⚠️ Sell signal but no position

[06:19:37] Cycle 632
  💰 Current Price: $84.23
  🎯 Signal: SELL (confidence: 0.17)
  📝 Reason: 5m: MACD bearish; 15m: MACD bearish; 1h: MACD bearish; 4h: RSI oversold (22.4)
  ⚠️ Sell signal but no position

[06:20:08] Cycle 633
  💰 Current Price: $84.15
  🎯 Signal: SELL (confidence: 0.17)
  📝 Reason: 5m: MACD bearish; 15m: MACD bearish; 1h: MACD bearish; 4h: RSI oversold (22.3)
  ⚠️ Sell signal but no position

[06:20:39] Cycle 634
  💰 Current Price: $84.13
  🎯 Signal: SELL (confidence: 0.17)
  📝 Reason: 5m: MACD bearish; 15m: MACD bearish; 1h: MACD bearish; 4h: RSI oversold (22.2)
  ⚠️ Sell signal but no position

[06:21:10] Cycle 635
  💰 Current Price: $84.16
  🎯 Signal: SELL (confidence: 0.17)
  📝 Reason: 5m: MACD bearish; 15m: MACD bearish; 1h: MACD bearish; 4h: RSI oversold (22.3)
  ⚠️ Sell signal but no position

[06:21:41] Cycle 636
  💰 Current Price: $84.18
  🎯 Signal: SELL (confidence: 0.17)
  📝 Reason: 5m: MACD bearish; 15m: MACD bearish; 1h: MACD bearish; 4h: RSI oversold (22.3)
  ⚠️ Sell signal but no position

[06:22:12] Cycle 637
  💰 Current Price: $84.21
  🎯 Signal: SELL (confidence: 0.17)
  📝 Reason: 5m: MACD bearish; 15m: MACD bearish; 1h: MACD bearish; 4h: RSI oversold (22.4)
  ⚠️ Sell signal but no position

[06:22:43] Cycle 638
  💰 Current Price: $84.20
  🎯 Signal: SELL (confidence: 0.17)
  📝 Reason: 5m: MACD bearish; 15m: MACD bearish; 1h: MACD bearish; 4h: RSI oversold (22.4)
  ⚠️ Sell signal but no position

[06:23:13] Cycle 639
  💰 Current Price: $84.21
  🎯 Signal: SELL (confidence: 0.17)
  📝 Reason: 5m: MACD bearish; 15m: MACD bearish; 1h: MACD bearish; 4h: RSI oversold (22.4)
  ⚠️ Sell signal but no position

[06:23:44] Cycle 640
  💰 Current Price: $84.22
  🎯 Signal: SELL (confidence: 0.17)
  📝 Reason: 5m: MACD bearish; 15m: MACD bearish; 1h: MACD bearish; 4h: RSI oversold (22.4)
  ⚠️ Sell signal but no position

[06:24:15] Cycle 641
  💰 Current Price: $84.18
  🎯 Signal: SELL (confidence: 0.17)
  📝 Reason: 5m: MACD bearish; 15m: MACD bearish; 1h: MACD bearish; 4h: RSI oversold (22.3)
  ⚠️ Sell signal but no position

[06:24:46] Cycle 642
  💰 Current Price: $84.23
  🎯 Signal: SELL (confidence: 0.17)
  📝 Reason: 5m: MACD bearish; 15m: MACD bearish; 1h: MACD bearish; 4h: RSI oversold (22.4)
  ⚠️ Sell signal but no position

[06:25:17] Cycle 643
  💰 Current Price: $84.20
  🎯 Signal: SELL (confidence: 0.17)
  📝 Reason: 5m: MACD bearish; 15m: MACD bearish; 1h: MACD bearish; 4h: RSI oversold (22.4)
  ⚠️ Sell signal but no position

[06:25:48] Cycle 644
  💰 Current Price: $84.21
  🎯 Signal: SELL (confidence: 0.17)
  📝 Reason: 5m: MACD bearish; 15m: MACD bearish; 1h: MACD bearish; 4h: RSI oversold (22.4)
  ⚠️ Sell signal but no position

[06:26:18] Cycle 645
  💰 Current Price: $84.21
  🎯 Signal: SELL (confidence: 0.17)
  📝 Reason: 5m: MACD bearish; 15m: MACD bearish; 1h: MACD bearish; 4h: RSI oversold (22.4)
  ⚠️ Sell signal but no position

[06:26:49] Cycle 646
  💰 Current Price: $84.21
  🎯 Signal: SELL (confidence: 0.17)
  📝 Reason: 5m: MACD bearish; 15m: MACD bearish; 1h: MACD bearish; 4h: RSI oversold (22.4)
  ⚠️ Sell signal but no position

[06:27:20] Cycle 647
  💰 Current Price: $84.21
  🎯 Signal: SELL (confidence: 0.17)
  📝 Reason: 5m: MACD bearish; 15m: MACD bearish; 1h: MACD bearish; 4h: RSI oversold (22.4)
  ⚠️ Sell signal but no position

[06:27:51] Cycle 648
  💰 Current Price: $84.20
  🎯 Signal: SELL (confidence: 0.17)
  📝 Reason: 5m: MACD bearish; 15m: MACD bearish; 1h: MACD bearish; 4h: RSI oversold (22.4)
  ⚠️ Sell signal but no position

[06:28:22] Cycle 649
  💰 Current Price: $84.20
  🎯 Signal: SELL (confidence: 0.17)
  📝 Reason: 5m: MACD bearish; 15m: MACD bearish; 1h: MACD bearish; 4h: RSI oversold (22.4)
  ⚠️ Sell signal but no position

[06:28:52] Cycle 650
  💰 Current Price: $84.20
  🎯 Signal: SELL (confidence: 0.17)
  📝 Reason: 5m: MACD bearish; 15m: MACD bearish; 1h: MACD bearish; 4h: RSI oversold (22.4)
  ⚠️ Sell signal but no position

[06:29:23] Cycle 651
  💰 Current Price: $84.19
  🎯 Signal: SELL (confidence: 0.17)
  📝 Reason: 5m: MACD bearish; 15m: MACD bearish; 1h: MACD bearish; 4h: RSI oversold (22.4)
  ⚠️ Sell signal but no position

[06:29:54] Cycle 652
  💰 Current Price: $84.20
  🎯 Signal: SELL (confidence: 0.17)
  📝 Reason: 5m: MACD bearish; 15m: MACD bearish; 1h: MACD bearish; 4h: RSI oversold (22.4)
  ⚠️ Sell signal but no position

[06:30:25] Cycle 653
  💰 Current Price: $84.20
  🎯 Signal: HOLD (confidence: 0.03)
  📝 Reason: 5m: MACD bearish; 15m: RSI oversold (25.0); 15m: MACD bearish; 1h: MACD bearish

[06:30:56] Cycle 654
  💰 Current Price: $84.19
  🎯 Signal: HOLD (confidence: 0.03)
  📝 Reason: 5m: MACD bearish; 15m: RSI oversold (24.8); 15m: MACD bearish; 1h: MACD bearish

[06:31:26] Cycle 655
  💰 Current Price: $84.20
  🎯 Signal: HOLD (confidence: 0.03)
  📝 Reason: 5m: MACD bearish; 15m: RSI oversold (25.0); 15m: MACD bearish; 1h: MACD bearish

[06:31:57] Cycle 656
  💰 Current Price: $84.23
  🎯 Signal: HOLD (confidence: 0.03)
  📝 Reason: 5m: MACD bearish; 15m: RSI oversold (26.3); 15m: MACD bearish; 1h: MACD bearish

[06:32:28] Cycle 657
  💰 Current Price: $84.24
  🎯 Signal: HOLD (confidence: 0.03)
  📝 Reason: 5m: MACD bearish; 15m: RSI oversold (26.8); 15m: MACD bearish; 1h: MACD bearish

[06:32:58] Cycle 658
  💰 Current Price: $84.21
  🎯 Signal: HOLD (confidence: 0.03)
  📝 Reason: 5m: MACD bearish; 15m: RSI oversold (25.5); 15m: MACD bearish; 1h: MACD bearish

[06:33:29] Cycle 659
  💰 Current Price: $84.16
  🎯 Signal: HOLD (confidence: 0.03)
  📝 Reason: 5m: MACD bearish; 15m: RSI oversold (24.4); 15m: MACD bearish; 1h: MACD bearish

[06:34:00] Cycle 660
  💰 Current Price: $84.15
  🎯 Signal: HOLD (confidence: 0.03)
  📝 Reason: 5m: MACD bearish; 15m: RSI oversold (24.3); 15m: MACD bearish; 1h: MACD bearish

[06:34:31] Cycle 661
  💰 Current Price: $84.16
  🎯 Signal: HOLD (confidence: 0.03)
  📝 Reason: 5m: MACD bearish; 15m: RSI oversold (24.4); 15m: MACD bearish; 1h: MACD bearish

[06:35:01] Cycle 662
  💰 Current Price: $84.12
  🎯 Signal: HOLD (confidence: 0.03)
  📝 Reason: 5m: MACD bearish; 15m: RSI oversold (23.8); 15m: MACD bearish; 1h: MACD bearish

[06:35:32] Cycle 663
  💰 Current Price: $84.00
  🎯 Signal: HOLD (confidence: 0.07)
  📝 Reason: 5m: MACD bearish; 15m: RSI oversold (22.7); 15m: MACD bearish; 1h: MACD bearish

[06:36:03] Cycle 664
  💰 Current Price: $84.09
  🎯 Signal: HOLD (confidence: 0.03)
  📝 Reason: 5m: MACD bearish; 15m: RSI oversold (23.4); 15m: MACD bearish; 1h: MACD bearish
  🎯 Signal: HOLD (confidence: 0.03)
  📝 Reason: 5m: MACD bearish; 15m: RSI oversold (24.4); 15m: MACD bearish; 1h: MACD bearish

[06:34:00] Cycle 668
  💰 Current Price: $84.15
  🎯 Signal: HOLD (confidence: 0.03)
  📝 Reason: 5m: MACD bearish; 15m: RSI oversold (24.3); 15m: MACD bearish; 1h: MACD bearish

[06:34:31] Cycle 669
  💰 Current Price: $84.16
  🎯 Signal: HOLD (confidence: 0.03)
  📝 Reason: 5m: MACD bearish; 15m: RSI oversold (24.4); 15m: MACD bearish; 1h: MACD bearish

[06:35:01] Cycle 670
  💰 Current Price: $84.12
  🎯 Signal: HOLD (confidence: 0.03)
  📝 Reason: 5m: MACD bearish; 15m: RSI oversold (23.8); 15m: MACD bearish; 1h: MACD bearish

[06:35:32] Cycle 671
  💰 Current Price: $84.00
  🎯 Signal: HOLD (confidence: 0.07)
  📝 Reason: 5m: MACD bearish; 15m: RSI oversold (22.7); 15m: MACD bearish; 1h: MACD bearish

[06:36:03] Cycle 672
  💰 Current Price: $84.09
  🎯 Signal: HOLD (confidence: 0.03)
  📝 Reason: 5m: MACD bearish; 15m: RSI oversold (23.4); 15m: MACD bearish; 1h: MACD bearish

[06:36:34] Cycle 673
  💰 Current Price: $84.13
  🎯 Signal: HOLD (confidence: 0.03)
  📝 Reason: 5m: MACD bearish; 15m: RSI oversold (24.0); 15m: MACD bearish; 1h: MACD bearish

[06:37:04] Cycle 674
  💰 Current Price: $84.10
  🎯 Signal: HOLD (confidence: 0.03)
  📝 Reason: 5m: MACD bearish; 15m: RSI oversold (23.7); 15m: MACD bearish; 1h: MACD bearish

[06:37:35] Cycle 675
  💰 Current Price: $84.11
  🎯 Signal: HOLD (confidence: 0.03)
  📝 Reason: 5m: MACD bearish; 15m: RSI oversold (23.2); 15m: MACD bearish; 1h: MACD bearish

[06:38:06] Cycle 676
  💰 Current Price: $84.11
  🎯 Signal: HOLD (confidence: 0.03)
  📝 Reason: 5m: MACD bearish; 15m: RSI oversold (23.6); 15m: MACD bearish; 1h: MACD bearish

[06:38:36] Cycle 677
  💰 Current Price: $84.12
  🎯 Signal: HOLD (confidence: 0.03)
  📝 Reason: 5m: MACD bearish; 15m: RSI oversold (24.0); 15m: MACD bearish; 1h: MACD bearish

[06:39:07] Cycle 678
  💰 Current Price: $84.12
  🎯 Signal: HOLD (confidence: 0.03)
  📝 Reason: 5m: MACD bearish; 15m: RSI oversold (23.8); 15m: MACD bearish; 1h: MACD bearish

[06:39:38] Cycle 679
  💰 Current Price: $84.06
  🎯 Signal: HOLD (confidence: 0.07)
  📝 Reason: 5m: MACD bearish; 15m: RSI oversold (23.0); 15m: MACD bearish; 1h: MACD bearish

[06:40:09] Cycle 680
  💰 Current Price: $84.11
  🎯 Signal: HOLD (confidence: 0.03)
  📝 Reason: 5m: MACD bearish; 15m: RSI oversold (23.7); 15m: MACD bearish; 1h: MACD bearish

[06:40:40] Cycle 681
  💰 Current Price: $84.11
  🎯 Signal: HOLD (confidence: 0.03)
  📝 Reason: 5m: MACD bearish; 15m: RSI oversold (23.7); 15m: MACD bearish; 1h: MACD bearish

[06:41:10] Cycle 682
  💰 Current Price: $84.16
  🎯 Signal: HOLD (confidence: 0.03)
  📝 Reason: 5m: MACD bearish; 15m: RSI oversold (24.4); 15m: MACD bearish; 1h: MACD bearish

[06:41:41] Cycle 683
  💰 Current Price: $84.19
  🎯 Signal: HOLD (confidence: 0.03)
  📝 Reason: 5m: MACD bearish; 15m: RSI oversold (24.7); 15m: MACD bearish; 1h: MACD bearish

[06:42:12] Cycle 684
  💰 Current Price: $84.16
  🎯 Signal: HOLD (confidence: 0.03)
  📝 Reason: 5m: MACD bearish; 15m: RSI oversold (24.4); 15m: MACD bearish; 1h: MACD bearish

[06:42:43] Cycle 685
  💰 Current Price: $84.16
  🎯 Signal: HOLD (confidence: 0.03)
  📝 Reason: 5m: MACD bearish; 15m: RSI oversold (24.4); 15m: MACD bearish; 1h: MACD bearish

[06:43:14] Cycle 686
  💰 Current Price: $84.17
  🎯 Signal: HOLD (confidence: 0.03)
  📝 Reason: 5m: MACD bearish; 15m: RSI oversold (24.6); 15m: MACD bearish; 1h: MACD bearish

[06:43:44] Cycle 687
  💰 Current Price: $84.17
  🎯 Signal: HOLD (confidence: 0.03)
  📝 Reason: 5m: MACD bearish; 15m: RSI oversold (24.6); 15m: MACD bearish; 1h: MACD bearish

[06:44:15] Cycle 688
  💰 Current Price: $84.18
  🎯 Signal: HOLD (confidence: 0.03)
  📝 Reason: 5m: MACD bearish; 15m: RSI oversold (24.7); 15m: MACD bearish; 1h: MACD bearish

[06:44:46] Cycle 689
  💰 Current Price: $84.22
  🎯 Signal: HOLD (confidence: 0.03)
  📝 Reason: 5m: MACD bearish; 15m: RSI oversold (25.9); 15m: MACD bearish; 1h: MACD bearish

[06:45:17] Cycle 690
  💰 Current Price: $84.20
  🎯 Signal: SELL (confidence: 0.17)
  📝 Reason: 5m: MACD bearish; 15m: MACD bearish; 1h: MACD bearish; 4h: RSI oversold (22.4)
  ⚠️ Sell signal but no position

[06:45:47] Cycle 691
  💰 Current Price: $84.22
  🎯 Signal: SELL (confidence: 0.17)
  📝 Reason: 5m: MACD bearish; 15m: MACD bearish; 1h: MACD bearish; 4h: RSI oversold (22.4)
  ⚠️ Sell signal but no position

[06:46:18] Cycle 692
  💰 Current Price: $84.19
  🎯 Signal: SELL (confidence: 0.17)
  📝 Reason: 5m: MACD bearish; 15m: MACD bearish; 1h: MACD bearish; 4h: RSI oversold (22.4)
  ⚠️ Sell signal but no position

[06:46:49] Cycle 693
  💰 Current Price: $84.22
  🎯 Signal: SELL (confidence: 0.17)
  📝 Reason: 5m: MACD bearish; 15m: MACD bearish; 1h: MACD bearish; 4h: RSI oversold (22.4)
  ⚠️ Sell signal but no position

[06:47:20] Cycle 694
  💰 Current Price: $84.19
  🎯 Signal: SELL (confidence: 0.17)
  📝 Reason: 5m: MACD bearish; 15m: MACD bearish; 1h: MACD bearish; 4h: RSI oversold (22.4)
  ⚠️ Sell signal but no position

[06:47:50] Cycle 695
  💰 Current Price: $84.17
  🎯 Signal: SELL (confidence: 0.17)
  📝 Reason: 5m: MACD bearish; 15m: MACD bearish; 1h: MACD bearish; 4h: RSI oversold (22.3)
  ⚠️ Sell signal but no position

[06:48:21] Cycle 696
  💰 Current Price: $84.17
  🎯 Signal: SELL (confidence: 0.17)
  📝 Reason: 5m: MACD bearish; 15m: MACD bearish; 1h: MACD bearish; 4h: RSI oversold (22.3)
  ⚠️ Sell signal but no position

[06:48:52] Cycle 697
  💰 Current Price: $84.17
  🎯 Signal: SELL (confidence: 0.17)
  📝 Reason: 5m: MACD bearish; 15m: MACD bearish; 1h: MACD bearish; 4h: RSI oversold (22.3)
  ⚠️ Sell signal but no position

[06:49:22] Cycle 698
  💰 Current Price: $84.14
  🎯 Signal: SELL (confidence: 0.17)
  📝 Reason: 5m: MACD bearish; 15m: MACD bearish; 1h: MACD bearish; 4h: RSI oversold (22.3)
  ⚠️ Sell signal but no position

[06:49:53] Cycle 699
  💰 Current Price: $84.15
  🎯 Signal: SELL (confidence: 0.17)
  📝 Reason: 5m: MACD bearish; 15m: MACD bearish; 1h: MACD bearish; 4h: RSI oversold (22.3)
  ⚠️ Sell signal but no position

[06:50:23] Cycle 700
  💰 Current Price: $84.15
  🎯 Signal: SELL (confidence: 0.17)
  📝 Reason: 5m: MACD bearish; 15m: MACD bearish; 1h: MACD bearish; 4h: RSI oversold (22.2)
  ⚠️ Sell signal but no position

[06:50:54] Cycle 701
  💰 Current Price: $84.06
  🎯 Signal: HOLD (confidence: 0.07)
  📝 Reason: 5m: MACD bearish; 15m: RSI oversold (28.9); 15m: MACD bearish; 1h: MACD bearish

[06:51:25] Cycle 702
  💰 Current Price: $84.02
  🎯 Signal: HOLD (confidence: 0.07)
  📝 Reason: 5m: MACD bearish; 15m: RSI oversold (29.1); 15m: MACD bearish; 1h: MACD bearish

[06:51:56] Cycle 703
  💰 Current Price: $84.02
  🎯 Signal: HOLD (confidence: 0.07)
  📝 Reason: 5m: MACD bearish; 15m: RSI oversold (29.1); 15m: MACD bearish; 1h: MACD bearish

[06:52:26] Cycle 704
  💰 Current Price: $84.05
  🎯 Signal: HOLD (confidence: 0.07)
  📝 Reason: 5m: MACD bearish; 15m: RSI oversold (29.5); 15m: MACD bearish; 1h: MACD bearish

[06:52:57] Cycle 705
  💰 Current Price: $84.05
  🎯 Signal: HOLD (confidence: 0.07)
  📝 Reason: 5m: MACD bearish; 15m: RSI oversold (29.7); 15m: MACD bearish; 1h: MACD bearish

[06:53:28] Cycle 706
  💰 Current Price: $83.92
  🎯 Signal: HOLD (confidence: 0.07)
  📝 Reason: 5m: MACD bearish; 15m: RSI oversold (27.2); 15m: MACD bearish; 1h: MACD bearish

[06:53:58] Cycle 707
  💰 Current Price: $84.01
  🎯 Signal: HOLD (confidence: 0.07)
  📝 Reason: 5m: MACD bearish; 15m: RSI oversold (28.9); 15m: MACD bearish; 1h: MACD bearish

[06:54:29] Cycle 708
  💰 Current Price: $84.03
  🎯 Signal: HOLD (confidence: 0.07)
  📝 Reason: 5m: MACD bearish; 15m: RSI oversold (29.3); 15m: MACD bearish; 1h: MACD bearish

[06:55:00] Cycle 709
  💰 Current Price: $84.03

[06:36:34] Cycle 665
  💰 Current Price: $84.13
  🎯 Signal: HOLD (confidence: 0.03)
  📝 Reason: 5m: MACD bearish; 15m: RSI oversold (24.0); 15m: MACD bearish; 1h: MACD bearish

[06:37:04] Cycle 666
  💰 Current Price: $84.10
  🎯 Signal: HOLD (confidence: 0.03)
  📝 Reason: 5m: MACD bearish; 15m: RSI oversold (23.7); 15m: MACD bearish; 1h: MACD bearish

[06:37:35] Cycle 667
  💰 Current Price: $84.11
  🎯 Signal: HOLD (confidence: 0.03)
  📝 Reason: 5m: MACD bearish; 15m: RSI oversold (23.2); 15m: MACD bearish; 1h: MACD bearish

[06:38:06] Cycle 668
  💰 Current Price: $84.11
  🎯 Signal: HOLD (confidence: 0.03)
  📝 Reason: 5m: MACD bearish; 15m: RSI oversold (23.6); 15m: MACD bearish; 1h: MACD bearish

[06:38:36] Cycle 669
  💰 Current Price: $84.12
  🎯 Signal: HOLD (confidence: 0.03)
  📝 Reason: 5m: MACD bearish; 15m: RSI oversold (24.0); 15m: MACD bearish; 1h: MACD bearish

[06:39:07] Cycle 670
  💰 Current Price: $84.12
  🎯 Signal: HOLD (confidence: 0.03)
  📝 Reason: 5m: MACD bearish; 15m: RSI oversold (23.8); 15m: MACD bearish; 1h: MACD bearish

[06:39:38] Cycle 671
  💰 Current Price: $84.06
  🎯 Signal: HOLD (confidence: 0.07)
  📝 Reason: 5m: MACD bearish; 15m: RSI oversold (23.0); 15m: MACD bearish; 1h: MACD bearish

[06:40:09] Cycle 672
  💰 Current Price: $84.11
  🎯 Signal: HOLD (confidence: 0.03)
  📝 Reason: 5m: MACD bearish; 15m: RSI oversold (23.7); 15m: MACD bearish; 1h: MACD bearish

[06:40:40] Cycle 673
  💰 Current Price: $84.11
  🎯 Signal: HOLD (confidence: 0.03)
  📝 Reason: 5m: MACD bearish; 15m: RSI oversold (23.7); 15m: MACD bearish; 1h: MACD bearish

[06:41:10] Cycle 674
  💰 Current Price: $84.16
  🎯 Signal: HOLD (confidence: 0.03)
  📝 Reason: 5m: MACD bearish; 15m: RSI oversold (24.4); 15m: MACD bearish; 1h: MACD bearish

[06:41:41] Cycle 675
  💰 Current Price: $84.19
  🎯 Signal: HOLD (confidence: 0.03)
  📝 Reason: 5m: MACD bearish; 15m: RSI oversold (24.7); 15m: MACD bearish; 1h: MACD bearish

[06:42:12] Cycle 676
  💰 Current Price: $84.16
  🎯 Signal: HOLD (confidence: 0.03)
  📝 Reason: 5m: MACD bearish; 15m: RSI oversold (24.4); 15m: MACD bearish; 1h: MACD bearish

[06:42:43] Cycle 677
  💰 Current Price: $84.16
  🎯 Signal: HOLD (confidence: 0.03)
  📝 Reason: 5m: MACD bearish; 15m: RSI oversold (24.4); 15m: MACD bearish; 1h: MACD bearish

[06:43:14] Cycle 678
  💰 Current Price: $84.17
  🎯 Signal: HOLD (confidence: 0.03)
  📝 Reason: 5m: MACD bearish; 15m: RSI oversold (24.6); 15m: MACD bearish; 1h: MACD bearish

[06:43:44] Cycle 679
  💰 Current Price: $84.17
  🎯 Signal: HOLD (confidence: 0.03)
  📝 Reason: 5m: MACD bearish; 15m: RSI oversold (24.6); 15m: MACD bearish; 1h: MACD bearish

[06:44:15] Cycle 680
  💰 Current Price: $84.18
  🎯 Signal: HOLD (confidence: 0.03)
  📝 Reason: 5m: MACD bearish; 15m: RSI oversold (24.7); 15m: MACD bearish; 1h: MACD bearish

[06:44:46] Cycle 681
  💰 Current Price: $84.22
  🎯 Signal: HOLD (confidence: 0.03)
  📝 Reason: 5m: MACD bearish; 15m: RSI oversold (25.9); 15m: MACD bearish; 1h: MACD bearish

[06:45:17] Cycle 682
  💰 Current Price: $84.20
  🎯 Signal: SELL (confidence: 0.17)
  📝 Reason: 5m: MACD bearish; 15m: MACD bearish; 1h: MACD bearish; 4h: RSI oversold (22.4)
  ⚠️ Sell signal but no position

[06:45:47] Cycle 683
  💰 Current Price: $84.22
  🎯 Signal: SELL (confidence: 0.17)
  📝 Reason: 5m: MACD bearish; 15m: MACD bearish; 1h: MACD bearish; 4h: RSI oversold (22.4)
  ⚠️ Sell signal but no position

[06:46:18] Cycle 684
  💰 Current Price: $84.19
  🎯 Signal: SELL (confidence: 0.17)
  📝 Reason: 5m: MACD bearish; 15m: MACD bearish; 1h: MACD bearish; 4h: RSI oversold (22.4)
  ⚠️ Sell signal but no position

[06:46:49] Cycle 685
  💰 Current Price: $84.22
  🎯 Signal: SELL (confidence: 0.17)
  📝 Reason: 5m: MACD bearish; 15m: MACD bearish; 1h: MACD bearish; 4h: RSI oversold (22.4)
  ⚠️ Sell signal but no position

[06:47:20] Cycle 686
  💰 Current Price: $84.19
  🎯 Signal: SELL (confidence: 0.17)
  📝 Reason: 5m: MACD bearish; 15m: MACD bearish; 1h: MACD bearish; 4h: RSI oversold (22.4)
  ⚠️ Sell signal but no position

[06:47:50] Cycle 687
  💰 Current Price: $84.17
  🎯 Signal: SELL (confidence: 0.17)
  📝 Reason: 5m: MACD bearish; 15m: MACD bearish; 1h: MACD bearish; 4h: RSI oversold (22.3)
  ⚠️ Sell signal but no position

[06:48:21] Cycle 688
  💰 Current Price: $84.17
  🎯 Signal: SELL (confidence: 0.17)
  📝 Reason: 5m: MACD bearish; 15m: MACD bearish; 1h: MACD bearish; 4h: RSI oversold (22.3)
  ⚠️ Sell signal but no position

[06:48:52] Cycle 689
  💰 Current Price: $84.17
  🎯 Signal: SELL (confidence: 0.17)
  📝 Reason: 5m: MACD bearish; 15m: MACD bearish; 1h: MACD bearish; 4h: RSI oversold (22.3)
  ⚠️ Sell signal but no position

[06:49:22] Cycle 690
  💰 Current Price: $84.14
  🎯 Signal: SELL (confidence: 0.17)
  📝 Reason: 5m: MACD bearish; 15m: MACD bearish; 1h: MACD bearish; 4h: RSI oversold (22.3)
  ⚠️ Sell signal but no position

[06:49:53] Cycle 691
  💰 Current Price: $84.15
  🎯 Signal: SELL (confidence: 0.17)
  📝 Reason: 5m: MACD bearish; 15m: MACD bearish; 1h: MACD bearish; 4h: RSI oversold (22.3)
  ⚠️ Sell signal but no position

[06:50:24] Cycle 692
  💰 Current Price: $84.15
  🎯 Signal: SELL (confidence: 0.17)
  📝 Reason: 5m: MACD bearish; 15m: MACD bearish; 1h: MACD bearish; 4h: RSI oversold (22.2)
  ⚠️ Sell signal but no position

[06:50:54] Cycle 693
  💰 Current Price: $84.06
  🎯 Signal: HOLD (confidence: 0.07)
  📝 Reason: 5m: MACD bearish; 15m: RSI oversold (28.9); 15m: MACD bearish; 1h: MACD bearish

[06:51:25] Cycle 694
  💰 Current Price: $84.02
  🎯 Signal: HOLD (confidence: 0.07)
  📝 Reason: 5m: MACD bearish; 15m: RSI oversold (29.1); 15m: MACD bearish; 1h: MACD bearish

[06:51:55] Cycle 695
  💰 Current Price: $84.02
  🎯 Signal: HOLD (confidence: 0.07)
  📝 Reason: 5m: MACD bearish; 15m: RSI oversold (29.1); 15m: MACD bearish; 1h: MACD bearish

[06:52:26] Cycle 696
  💰 Current Price: $84.05
  🎯 Signal: HOLD (confidence: 0.07)
  📝 Reason: 5m: MACD bearish; 15m: RSI oversold (29.5); 15m: MACD bearish; 1h: MACD bearish

[06:52:57] Cycle 697
  💰 Current Price: $84.05
  🎯 Signal: HOLD (confidence: 0.07)
  📝 Reason: 5m: MACD bearish; 15m: RSI oversold (29.7); 15m: MACD bearish; 1h: MACD bearish

[06:53:28] Cycle 698
  💰 Current Price: $83.92
  🎯 Signal: HOLD (confidence: 0.07)
  📝 Reason: 5m: MACD bearish; 15m: RSI oversold (27.2); 15m: MACD bearish; 1h: MACD bearish

[06:53:58] Cycle 699
  💰 Current Price: $84.01
  🎯 Signal: HOLD (confidence: 0.07)
  📝 Reason: 5m: MACD bearish; 15m: RSI oversold (28.9); 15m: MACD bearish; 1h: MACD bearish

[06:54:29] Cycle 700
  💰 Current Price: $84.03
  🎯 Signal: HOLD (confidence: 0.07)
  📝 Reason: 5m: MACD bearish; 15m: RSI oversold (29.3); 15m: MACD bearish; 1h: MACD bearish

[06:55:00] Cycle 701
  💰 Current Price: $84.03
  🎯 Signal: HOLD (confidence: 0.03)
  📝 Reason: 5m: RSI oversold (29.9); 5m: MACD bearish; 15m: RSI oversold (29.3); 15m: MACD bearish

[06:55:31] Cycle 702
  💰 Current Price: $84.01
  🎯 Signal: HOLD (confidence: 0.03)
  📝 Reason: 5m: RSI oversold (29.3); 5m: MACD bearish; 15m: RSI oversold (29.1); 15m: MACD bearish

[06:56:01] Cycle 703
  💰 Current Price: $84.02
  🎯 Signal: HOLD (confidence: 0.03)
  📝 Reason: 5m: RSI oversold (29.6); 5m: MACD bearish; 15m: RSI oversold (29.1); 15m: MACD bearish

[06:56:32] Cycle 704
  💰 Current Price: $84.02
  🎯 Signal: HOLD (confidence: 0.03)
  📝 Reason: 5m: RSI oversold (29.6); 5m: MACD bearish; 15m: RSI oversold (29.1); 15m: MACD bearish

[06:57:03] Cycle 705
  💰 Current Price: $84.03
  🎯 Signal: HOLD (confidence: 0.07)
  📝 Reason: 5m: MACD bearish; 15m: RSI oversold (29.9); 15m: MACD bearish; 1h: MACD bearish

[06:57:34] Cycle 706
  💰 Current Price: $84.04
  🎯 Signal: HOLD (confidence: 0.07)
  🎯 Signal: HOLD (confidence: 0.03)
  📝 Reason: 5m: RSI oversold (29.9); 5m: MACD bearish; 15m: RSI oversold (29.3); 15m: MACD bearish

[06:55:31] Cycle 710
  💰 Current Price: $84.01
  🎯 Signal: HOLD (confidence: 0.03)
  📝 Reason: 5m: RSI oversold (29.3); 5m: MACD bearish; 15m: RSI oversold (29.1); 15m: MACD bearish

[06:56:01] Cycle 711
  💰 Current Price: $84.02
  🎯 Signal: HOLD (confidence: 0.03)
  📝 Reason: 5m: RSI oversold (29.6); 5m: MACD bearish; 15m: RSI oversold (29.1); 15m: MACD bearish

[06:56:32] Cycle 712
  💰 Current Price: $84.02
  🎯 Signal: HOLD (confidence: 0.03)
  📝 Reason: 5m: RSI oversold (29.6); 5m: MACD bearish; 15m: RSI oversold (29.1); 15m: MACD bearish

[06:57:03] Cycle 713
  💰 Current Price: $84.03
  🎯 Signal: HOLD (confidence: 0.07)
  📝 Reason: 5m: MACD bearish; 15m: RSI oversold (29.9); 15m: MACD bearish; 1h: MACD bearish

[06:57:34] Cycle 714
  💰 Current Price: $84.04
  🎯 Signal: HOLD (confidence: 0.07)
  📝 Reason: 5m: MACD bearish; 15m: RSI oversold (29.5); 15m: MACD bearish; 1h: MACD bearish

[06:58:04] Cycle 715
  💰 Current Price: $84.07
  🎯 Signal: SELL (confidence: 0.17)
  📝 Reason: 5m: MACD bearish; 15m: MACD bearish; 1h: MACD bearish; 4h: RSI oversold (22.2)
  ⚠️ Sell signal but no position

[06:58:35] Cycle 716
  💰 Current Price: $84.08
  🎯 Signal: SELL (confidence: 0.17)
  📝 Reason: 5m: MACD bearish; 15m: MACD bearish; 1h: MACD bearish; 4h: RSI oversold (22.2)
  ⚠️ Sell signal but no position

[06:59:06] Cycle 717
  💰 Current Price: $84.06
  🎯 Signal: HOLD (confidence: 0.07)
  📝 Reason: 5m: MACD bearish; 15m: RSI oversold (29.9); 15m: MACD bearish; 1h: MACD bearish

[06:59:36] Cycle 718
  💰 Current Price: $84.07
  🎯 Signal: HOLD (confidence: 0.07)
  📝 Reason: 5m: MACD bearish; 15m: RSI oversold (29.9); 15m: MACD bearish; 1h: MACD bearish

[07:00:07] Cycle 719
  💰 Current Price: $84.05
  🎯 Signal: SELL (confidence: 0.17)
  📝 Reason: 5m: RSI oversold (27.7); 5m: MACD bearish; 15m: MACD bearish; 1h: MACD bearish
  ⚠️ Sell signal but no position

[07:00:38] Cycle 720
  💰 Current Price: $84.04
  🎯 Signal: SELL (confidence: 0.17)
  📝 Reason: 5m: RSI oversold (27.4); 5m: MACD bearish; 15m: MACD bearish; 1h: MACD bearish
  ⚠️ Sell signal but no position

[07:01:08] Cycle 721
  💰 Current Price: $84.03
  🎯 Signal: SELL (confidence: 0.17)
  📝 Reason: 5m: RSI oversold (27.1); 5m: MACD bearish; 15m: MACD bearish; 1h: MACD bearish
  ⚠️ Sell signal but no position

[07:01:39] Cycle 722
  💰 Current Price: $84.00
  🎯 Signal: SELL (confidence: 0.17)
  📝 Reason: 5m: RSI oversold (26.3); 5m: MACD bearish; 15m: MACD bearish; 1h: MACD bearish
  ⚠️ Sell signal but no position

[07:02:10] Cycle 723
  💰 Current Price: $84.01
  🎯 Signal: SELL (confidence: 0.17)
  📝 Reason: 5m: RSI oversold (26.5); 5m: MACD bearish; 15m: MACD bearish; 1h: MACD bearish
  ⚠️ Sell signal but no position

[07:02:41] Cycle 724
  💰 Current Price: $84.01
  🎯 Signal: SELL (confidence: 0.17)
  📝 Reason: 5m: RSI oversold (26.5); 5m: MACD bearish; 15m: MACD bearish; 1h: MACD bearish
  ⚠️ Sell signal but no position

[07:03:11] Cycle 725
  💰 Current Price: $84.01
  🎯 Signal: SELL (confidence: 0.17)
  📝 Reason: 5m: RSI oversold (26.3); 5m: MACD bearish; 15m: MACD bearish; 1h: MACD bearish
  ⚠️ Sell signal but no position

[07:03:42] Cycle 726
  💰 Current Price: $83.97
  🎯 Signal: HOLD (confidence: 0.03)
  📝 Reason: 5m: RSI oversold (25.2); 5m: MACD bearish; 15m: RSI oversold (29.9); 15m: MACD bearish

[07:04:13] Cycle 727
  💰 Current Price: $83.94
  🎯 Signal: HOLD (confidence: 0.03)
  📝 Reason: 5m: RSI oversold (24.8); 5m: MACD bearish; 15m: RSI oversold (29.5); 15m: MACD bearish

[07:04:43] Cycle 728
  💰 Current Price: $83.96
  🎯 Signal: HOLD (confidence: 0.03)
  📝 Reason: 5m: RSI oversold (25.2); 5m: MACD bearish; 15m: RSI oversold (29.9); 15m: MACD bearish

[07:05:14] Cycle 729
  💰 Current Price: $83.93
  🎯 Signal: HOLD (confidence: 0.03)
  📝 Reason: 5m: RSI oversold (28.9); 5m: MACD bearish; 15m: RSI oversold (29.7); 15m: MACD bearish

[07:05:45] Cycle 730
  💰 Current Price: $84.06
  🎯 Signal: SELL (confidence: 0.28)
  📝 Reason: 5m: MACD bearish; 15m: MACD bearish; 1h: MACD bearish; 4h: RSI oversold (22.1)
  ⚠️ Sell signal but no position

[07:06:16] Cycle 731
  💰 Current Price: $83.91
  🎯 Signal: HOLD (confidence: 0.03)
  📝 Reason: 5m: RSI oversold (27.7); 5m: MACD bearish; 15m: RSI oversold (28.9); 15m: MACD bearish

[07:06:46] Cycle 732
  💰 Current Price: $83.91
  🎯 Signal: HOLD (confidence: 0.03)
  📝 Reason: 5m: RSI oversold (27.7); 5m: MACD bearish; 15m: RSI oversold (28.9); 15m: MACD bearish

[07:07:17] Cycle 733
  💰 Current Price: $83.93
  🎯 Signal: HOLD (confidence: 0.03)
  📝 Reason: 5m: RSI oversold (28.3); 5m: MACD bearish; 15m: RSI oversold (29.3); 15m: MACD bearish

[07:07:48] Cycle 734
  💰 Current Price: $83.96
  🎯 Signal: HOLD (confidence: 0.03)
  📝 Reason: 5m: RSI oversold (29.2); 5m: MACD bearish; 15m: RSI oversold (29.9); 15m: MACD bearish

[07:08:19] Cycle 735
  💰 Current Price: $83.97
  🎯 Signal: SELL (confidence: 0.17)
  📝 Reason: 5m: RSI oversold (30.0); 5m: MACD bearish; 15m: MACD bearish; 1h: MACD bearish
  ⚠️ Sell signal but no position

[07:08:49] Cycle 736
  💰 Current Price: $83.96
  🎯 Signal: SELL (confidence: 0.28)
  📝 Reason: 5m: MACD bearish; 15m: MACD bearish; 1h: MACD bearish; 4h: RSI oversold (22.0)
  ⚠️ Sell signal but no position

[07:09:20] Cycle 737
  💰 Current Price: $84.03
  🎯 Signal: SELL (confidence: 0.28)
  📝 Reason: 5m: MACD bearish; 15m: MACD bearish; 1h: MACD bearish; 4h: RSI oversold (22.1)
  ⚠️ Sell signal but no position

[07:09:51] Cycle 738
  💰 Current Price: $84.01
  🎯 Signal: SELL (confidence: 0.28)
  📝 Reason: 5m: MACD bearish; 15m: MACD bearish; 1h: MACD bearish; 4h: RSI oversold (22.0)
  ⚠️ Sell signal but no position

[07:10:22] Cycle 739
  💰 Current Price: $83.96
  🎯 Signal: HOLD (confidence: 0.07)
  📝 Reason: 5m: MACD bearish; 15m: RSI oversold (29.9); 15m: MACD bearish; 1h: MACD bearish

[07:10:52] Cycle 740
  💰 Current Price: $84.01
  🎯 Signal: SELL (confidence: 0.28)
  📝 Reason: 5m: MACD bearish; 15m: MACD bearish; 1h: MACD bearish; 4h: RSI oversold (22.0)
  ⚠️ Sell signal but no position

[07:11:23] Cycle 741
  💰 Current Price: $84.01
  🎯 Signal: SELL (confidence: 0.28)
  📝 Reason: 5m: MACD bearish; 15m: MACD bearish; 1h: MACD bearish; 4h: RSI oversold (22.0)
  ⚠️ Sell signal but no position

[07:11:54] Cycle 742
  💰 Current Price: $84.03
  🎯 Signal: SELL (confidence: 0.28)
  📝 Reason: 5m: MACD bearish; 15m: MACD bearish; 1h: MACD bearish; 4h: RSI oversold (22.1)
  ⚠️ Sell signal but no position

[07:12:24] Cycle 743
  💰 Current Price: $84.06
  🎯 Signal: SELL (confidence: 0.17)
  📝 Reason: 5m: MACD bearish; 15m: MACD bearish; 1h: MACD bearish; 4h: RSI oversold (22.1)
  ⚠️ Sell signal but no position

[07:12:55] Cycle 744
  💰 Current Price: $84.12
  🎯 Signal: SELL (confidence: 0.17)
  📝 Reason: 5m: MACD bearish; 15m: MACD bearish; 1h: MACD bearish; 4h: RSI oversold (22.3)
  ⚠️ Sell signal but no position

[07:13:26] Cycle 745
  💰 Current Price: $84.14
  🎯 Signal: SELL (confidence: 0.17)
  📝 Reason: 5m: MACD bearish; 15m: MACD bearish; 1h: MACD bearish; 4h: RSI oversold (22.3)
  ⚠️ Sell signal but no position

[07:13:57] Cycle 746
  💰 Current Price: $84.14
  🎯 Signal: SELL (confidence: 0.17)
  📝 Reason: 5m: MACD bearish; 15m: MACD bearish; 1h: MACD bearish; 4h: RSI oversold (22.3)
  ⚠️ Sell signal but no position

[07:14:27] Cycle 747
  💰 Current Price: $84.14
  🎯 Signal: SELL (confidence: 0.17)
  📝 Reason: 5m: MACD bearish; 15m: MACD bearish; 1h: MACD bearish; 4h: RSI oversold (22.3)
  ⚠️ Sell signal but no position

[07:14:58] Cycle 748
  💰 Current Price: $84.16
  🎯 Signal: SELL (confidence: 0.17)
  📝 Reason: 5m: MACD bearish; 15m: RSI oversold (29.5); 15m: MACD bearish; 1h: MACD bearish

[06:58:04] Cycle 707
  💰 Current Price: $84.07
  🎯 Signal: SELL (confidence: 0.17)
  📝 Reason: 5m: MACD bearish; 15m: MACD bearish; 1h: MACD bearish; 4h: RSI oversold (22.2)
  ⚠️ Sell signal but no position

[06:58:35] Cycle 708
  💰 Current Price: $84.08
  🎯 Signal: SELL (confidence: 0.17)
  📝 Reason: 5m: MACD bearish; 15m: MACD bearish; 1h: MACD bearish; 4h: RSI oversold (22.2)
  ⚠️ Sell signal but no position

[06:59:06] Cycle 709
  💰 Current Price: $84.06
  🎯 Signal: HOLD (confidence: 0.07)
  📝 Reason: 5m: MACD bearish; 15m: RSI oversold (29.9); 15m: MACD bearish; 1h: MACD bearish

[06:59:36] Cycle 710
  💰 Current Price: $84.07
  🎯 Signal: HOLD (confidence: 0.07)
  📝 Reason: 5m: MACD bearish; 15m: RSI oversold (29.9); 15m: MACD bearish; 1h: MACD bearish

[07:00:07] Cycle 711
  💰 Current Price: $84.05
  🎯 Signal: SELL (confidence: 0.17)
  📝 Reason: 5m: RSI oversold (27.7); 5m: MACD bearish; 15m: MACD bearish; 1h: MACD bearish
  ⚠️ Sell signal but no position

[07:00:38] Cycle 712
  💰 Current Price: $84.04
  🎯 Signal: SELL (confidence: 0.17)
  📝 Reason: 5m: RSI oversold (27.4); 5m: MACD bearish; 15m: MACD bearish; 1h: MACD bearish
  ⚠️ Sell signal but no position

[07:01:08] Cycle 713
  💰 Current Price: $84.03
  🎯 Signal: SELL (confidence: 0.17)
  📝 Reason: 5m: RSI oversold (27.1); 5m: MACD bearish; 15m: MACD bearish; 1h: MACD bearish
  ⚠️ Sell signal but no position

[07:01:39] Cycle 714
  💰 Current Price: $84.00
  🎯 Signal: SELL (confidence: 0.17)
  📝 Reason: 5m: RSI oversold (26.3); 5m: MACD bearish; 15m: MACD bearish; 1h: MACD bearish
  ⚠️ Sell signal but no position

[07:02:10] Cycle 715
  💰 Current Price: $84.01
  🎯 Signal: SELL (confidence: 0.17)
  📝 Reason: 5m: RSI oversold (26.5); 5m: MACD bearish; 15m: MACD bearish; 1h: MACD bearish
  ⚠️ Sell signal but no position

[07:02:41] Cycle 716
  💰 Current Price: $84.01
  🎯 Signal: SELL (confidence: 0.17)
  📝 Reason: 5m: RSI oversold (26.5); 5m: MACD bearish; 15m: MACD bearish; 1h: MACD bearish
  ⚠️ Sell signal but no position

[07:03:11] Cycle 717
  💰 Current Price: $84.01
  🎯 Signal: SELL (confidence: 0.17)
  📝 Reason: 5m: RSI oversold (26.3); 5m: MACD bearish; 15m: MACD bearish; 1h: MACD bearish
  ⚠️ Sell signal but no position

[07:03:42] Cycle 718
  💰 Current Price: $83.97
  🎯 Signal: HOLD (confidence: 0.03)
  📝 Reason: 5m: RSI oversold (25.2); 5m: MACD bearish; 15m: RSI oversold (29.9); 15m: MACD bearish

[07:04:13] Cycle 719
  💰 Current Price: $83.94
  🎯 Signal: HOLD (confidence: 0.03)
  📝 Reason: 5m: RSI oversold (24.8); 5m: MACD bearish; 15m: RSI oversold (29.5); 15m: MACD bearish

[07:04:43] Cycle 720
  💰 Current Price: $83.96
  🎯 Signal: HOLD (confidence: 0.03)
  📝 Reason: 5m: RSI oversold (25.2); 5m: MACD bearish; 15m: RSI oversold (29.9); 15m: MACD bearish

[07:05:14] Cycle 721
  💰 Current Price: $83.93
  🎯 Signal: HOLD (confidence: 0.03)
  📝 Reason: 5m: RSI oversold (28.9); 5m: MACD bearish; 15m: RSI oversold (29.7); 15m: MACD bearish

[07:05:45] Cycle 722
  💰 Current Price: $84.06
  🎯 Signal: SELL (confidence: 0.28)
  📝 Reason: 5m: MACD bearish; 15m: MACD bearish; 1h: MACD bearish; 4h: RSI oversold (22.1)
  ⚠️ Sell signal but no position

[07:06:16] Cycle 723
  💰 Current Price: $83.91
  🎯 Signal: HOLD (confidence: 0.03)
  📝 Reason: 5m: RSI oversold (27.7); 5m: MACD bearish; 15m: RSI oversold (28.9); 15m: MACD bearish

[07:06:46] Cycle 724
  💰 Current Price: $83.91
  🎯 Signal: HOLD (confidence: 0.03)
  📝 Reason: 5m: RSI oversold (27.7); 5m: MACD bearish; 15m: RSI oversold (28.9); 15m: MACD bearish

[07:07:17] Cycle 725
  💰 Current Price: $83.93
  🎯 Signal: HOLD (confidence: 0.03)
  📝 Reason: 5m: RSI oversold (28.3); 5m: MACD bearish; 15m: RSI oversold (29.3); 15m: MACD bearish

[07:07:48] Cycle 726
  💰 Current Price: $83.96
  🎯 Signal: HOLD (confidence: 0.03)
  📝 Reason: 5m: RSI oversold (29.2); 5m: MACD bearish; 15m: RSI oversold (29.9); 15m: MACD bearish

[07:08:19] Cycle 727
  💰 Current Price: $83.97
  🎯 Signal: SELL (confidence: 0.17)
  📝 Reason: 5m: RSI oversold (30.0); 5m: MACD bearish; 15m: MACD bearish; 1h: MACD bearish
  ⚠️ Sell signal but no position

[07:08:49] Cycle 728
  💰 Current Price: $83.96
  🎯 Signal: SELL (confidence: 0.28)
  📝 Reason: 5m: MACD bearish; 15m: MACD bearish; 1h: MACD bearish; 4h: RSI oversold (22.0)
  ⚠️ Sell signal but no position

[07:09:20] Cycle 729
  💰 Current Price: $84.03
  🎯 Signal: SELL (confidence: 0.28)
  📝 Reason: 5m: MACD bearish; 15m: MACD bearish; 1h: MACD bearish; 4h: RSI oversold (22.1)
  ⚠️ Sell signal but no position

[07:09:51] Cycle 730
  💰 Current Price: $84.01
  🎯 Signal: SELL (confidence: 0.28)
  📝 Reason: 5m: MACD bearish; 15m: MACD bearish; 1h: MACD bearish; 4h: RSI oversold (22.0)
  ⚠️ Sell signal but no position

[07:10:22] Cycle 731
  💰 Current Price: $83.96
  🎯 Signal: HOLD (confidence: 0.07)
  📝 Reason: 5m: MACD bearish; 15m: RSI oversold (29.9); 15m: MACD bearish; 1h: MACD bearish

[07:10:52] Cycle 732
  💰 Current Price: $84.01
  🎯 Signal: SELL (confidence: 0.28)
  📝 Reason: 5m: MACD bearish; 15m: MACD bearish; 1h: MACD bearish; 4h: RSI oversold (22.0)
  ⚠️ Sell signal but no position

[07:11:23] Cycle 733
  💰 Current Price: $84.01
  🎯 Signal: SELL (confidence: 0.28)
  📝 Reason: 5m: MACD bearish; 15m: MACD bearish; 1h: MACD bearish; 4h: RSI oversold (22.0)
  ⚠️ Sell signal but no position

[07:11:54] Cycle 734
  💰 Current Price: $84.03
  🎯 Signal: SELL (confidence: 0.28)
  📝 Reason: 5m: MACD bearish; 15m: MACD bearish; 1h: MACD bearish; 4h: RSI oversold (22.1)
  ⚠️ Sell signal but no position

[07:12:24] Cycle 735
  💰 Current Price: $84.06
  🎯 Signal: SELL (confidence: 0.17)
  📝 Reason: 5m: MACD bearish; 15m: MACD bearish; 1h: MACD bearish; 4h: RSI oversold (22.1)
  ⚠️ Sell signal but no position

[07:12:55] Cycle 736
  💰 Current Price: $84.12
  🎯 Signal: SELL (confidence: 0.17)
  📝 Reason: 5m: MACD bearish; 15m: MACD bearish; 1h: MACD bearish; 4h: RSI oversold (22.3)
  ⚠️ Sell signal but no position

[07:13:26] Cycle 737
  💰 Current Price: $84.14
  🎯 Signal: SELL (confidence: 0.17)
  📝 Reason: 5m: MACD bearish; 15m: MACD bearish; 1h: MACD bearish; 4h: RSI oversold (22.3)
  ⚠️ Sell signal but no position

[07:13:57] Cycle 738
  💰 Current Price: $84.14
  🎯 Signal: SELL (confidence: 0.17)
  📝 Reason: 5m: MACD bearish; 15m: MACD bearish; 1h: MACD bearish; 4h: RSI oversold (22.3)
  ⚠️ Sell signal but no position

[07:14:27] Cycle 739
  💰 Current Price: $84.14
  🎯 Signal: SELL (confidence: 0.17)
  📝 Reason: 5m: MACD bearish; 15m: MACD bearish; 1h: MACD bearish; 4h: RSI oversold (22.3)
  ⚠️ Sell signal but no position

[07:14:58] Cycle 740
  💰 Current Price: $84.16
  🎯 Signal: SELL (confidence: 0.17)
  📝 Reason: 5m: MACD bearish; 15m: MACD bearish; 1h: MACD bearish; 4h: RSI oversold (22.3)
  ⚠️ Sell signal but no position

[07:15:29] Cycle 741
  💰 Current Price: $84.07
  🎯 Signal: SELL (confidence: 0.17)
  📝 Reason: 5m: MACD bearish; 15m: MACD bearish; 1h: MACD bearish; 4h: RSI oversold (22.1)
  ⚠️ Sell signal but no position

[07:16:00] Cycle 742
  💰 Current Price: $84.10
  🎯 Signal: SELL (confidence: 0.17)
  📝 Reason: 5m: MACD bearish; 15m: MACD bearish; 1h: MACD bearish; 4h: RSI oversold (22.2)
  ⚠️ Sell signal but no position

[07:16:31] Cycle 743
  💰 Current Price: $84.09
  🎯 Signal: SELL (confidence: 0.17)
  📝 Reason: 5m: MACD bearish; 15m: MACD bearish; 1h: MACD bearish; 4h: RSI oversold (22.2)
  ⚠️ Sell signal but no position

[07:17:01] Cycle 744
  💰 Current Price: $84.10
  🎯 Signal: SELL (confidence: 0.17)
  📝 Reason: 5m: MACD bearish; 15m: MACD bearish; 1h: MACD bearish; 4h: RSI oversold (22.2)
  ⚠️ Sell signal but no position

[07:17:32] Cycle 745
  📝 Reason: 5m: MACD bearish; 15m: MACD bearish; 1h: MACD bearish; 4h: RSI oversold (22.3)
  ⚠️ Sell signal but no position

[07:15:29] Cycle 749
  💰 Current Price: $84.07
  🎯 Signal: SELL (confidence: 0.17)
  📝 Reason: 5m: MACD bearish; 15m: MACD bearish; 1h: MACD bearish; 4h: RSI oversold (22.1)
  ⚠️ Sell signal but no position

[07:16:00] Cycle 750
  💰 Current Price: $84.10
  🎯 Signal: SELL (confidence: 0.17)
  📝 Reason: 5m: MACD bearish; 15m: MACD bearish; 1h: MACD bearish; 4h: RSI oversold (22.2)
  ⚠️ Sell signal but no position

[07:16:31] Cycle 751
  💰 Current Price: $84.09
  🎯 Signal: SELL (confidence: 0.17)
  📝 Reason: 5m: MACD bearish; 15m: MACD bearish; 1h: MACD bearish; 4h: RSI oversold (22.2)
  ⚠️ Sell signal but no position

[07:17:01] Cycle 752
  💰 Current Price: $84.10
  🎯 Signal: SELL (confidence: 0.17)
  📝 Reason: 5m: MACD bearish; 15m: MACD bearish; 1h: MACD bearish; 4h: RSI oversold (22.2)
  ⚠️ Sell signal but no position

[07:17:32] Cycle 753
  💰 Current Price: $84.10
  🎯 Signal: SELL (confidence: 0.17)
  📝 Reason: 5m: MACD bearish; 15m: MACD bearish; 1h: MACD bearish; 4h: RSI oversold (22.2)
  ⚠️ Sell signal but no position

[07:18:03] Cycle 754
  💰 Current Price: $84.10
  🎯 Signal: SELL (confidence: 0.17)
  📝 Reason: 5m: MACD bearish; 15m: MACD bearish; 1h: MACD bearish; 4h: RSI oversold (22.2)
  ⚠️ Sell signal but no position

[07:18:34] Cycle 755
  💰 Current Price: $84.14
  🎯 Signal: SELL (confidence: 0.17)
  📝 Reason: 5m: MACD bearish; 15m: MACD bearish; 1h: MACD bearish; 4h: RSI oversold (22.2)
  ⚠️ Sell signal but no position

[07:19:04] Cycle 756
  💰 Current Price: $84.09
  🎯 Signal: SELL (confidence: 0.17)
  📝 Reason: 5m: MACD bearish; 15m: MACD bearish; 1h: MACD bearish; 4h: RSI oversold (22.2)
  ⚠️ Sell signal but no position

[07:19:35] Cycle 757
  💰 Current Price: $84.09
  🎯 Signal: SELL (confidence: 0.17)
  📝 Reason: 5m: MACD bearish; 15m: MACD bearish; 1h: MACD bearish; 4h: RSI oversold (22.2)
  ⚠️ Sell signal but no position

[07:20:06] Cycle 758
  💰 Current Price: $84.09
  🎯 Signal: SELL (confidence: 0.28)
  📝 Reason: 5m: MACD bearish; 15m: MACD bearish; 1h: MACD bearish; 4h: RSI oversold (22.1)
  ⚠️ Sell signal but no position

[07:20:37] Cycle 759
  💰 Current Price: $84.05
  🎯 Signal: SELL (confidence: 0.28)
  📝 Reason: 5m: MACD bearish; 15m: MACD bearish; 1h: MACD bearish; 4h: RSI oversold (22.1)
  ⚠️ Sell signal but no position

[07:21:07] Cycle 760
  💰 Current Price: $84.06
  🎯 Signal: SELL (confidence: 0.28)
  📝 Reason: 5m: MACD bearish; 15m: MACD bearish; 1h: MACD bearish; 4h: RSI oversold (22.1)
  ⚠️ Sell signal but no position

[07:21:38] Cycle 761
  💰 Current Price: $84.02
  🎯 Signal: SELL (confidence: 0.28)
  📝 Reason: 5m: MACD bearish; 15m: MACD bearish; 1h: MACD bearish; 4h: RSI oversold (22.1)
  ⚠️ Sell signal but no position

[07:22:09] Cycle 762
  💰 Current Price: $84.02
  🎯 Signal: SELL (confidence: 0.28)
  📝 Reason: 5m: MACD bearish; 15m: MACD bearish; 1h: MACD bearish; 4h: RSI oversold (22.1)
  ⚠️ Sell signal but no position

[07:22:40] Cycle 763
  💰 Current Price: $84.02
  🎯 Signal: SELL (confidence: 0.28)
  📝 Reason: 5m: MACD bearish; 15m: MACD bearish; 1h: MACD bearish; 4h: RSI oversold (22.1)
  ⚠️ Sell signal but no position

[07:23:11] Cycle 764
  💰 Current Price: $84.03
  🎯 Signal: SELL (confidence: 0.28)
  📝 Reason: 5m: MACD bearish; 15m: MACD bearish; 1h: MACD bearish; 4h: RSI oversold (22.1)
  ⚠️ Sell signal but no position

[07:23:41] Cycle 765
  💰 Current Price: $84.04
  🎯 Signal: SELL (confidence: 0.28)
  📝 Reason: 5m: MACD bearish; 15m: MACD bearish; 1h: MACD bearish; 4h: RSI oversold (22.1)
  ⚠️ Sell signal but no position

[07:24:12] Cycle 766
  💰 Current Price: $84.07
  🎯 Signal: SELL (confidence: 0.17)
  📝 Reason: 5m: MACD bearish; 15m: MACD bearish; 1h: MACD bearish; 4h: RSI oversold (22.2)
  ⚠️ Sell signal but no position

[07:24:43] Cycle 767
  💰 Current Price: $84.12
  🎯 Signal: SELL (confidence: 0.17)
  📝 Reason: 5m: MACD bearish; 15m: MACD bearish; 1h: MACD bearish; 4h: RSI oversold (22.2)
  ⚠️ Sell signal but no position

[07:25:13] Cycle 768
  💰 Current Price: $84.15
  🎯 Signal: SELL (confidence: 0.17)
  📝 Reason: 5m: MACD bearish; 15m: MACD bearish; 1h: MACD bearish; 4h: RSI oversold (22.3)
  ⚠️ Sell signal but no position

[07:25:44] Cycle 769
  💰 Current Price: $84.14
  🎯 Signal: SELL (confidence: 0.17)
  📝 Reason: 5m: MACD bearish; 15m: MACD bearish; 1h: MACD bearish; 4h: RSI oversold (22.3)
  ⚠️ Sell signal but no position

[07:26:15] Cycle 770
  💰 Current Price: $84.14
  🎯 Signal: SELL (confidence: 0.17)
  📝 Reason: 5m: MACD bearish; 15m: MACD bearish; 1h: MACD bearish; 4h: RSI oversold (22.3)
  ⚠️ Sell signal but no position

[07:26:46] Cycle 771
  💰 Current Price: $84.15
  🎯 Signal: SELL (confidence: 0.17)
  📝 Reason: 5m: MACD bearish; 15m: MACD bearish; 1h: MACD bearish; 4h: RSI oversold (22.3)
  ⚠️ Sell signal but no position

[07:27:17] Cycle 772
  💰 Current Price: $84.15
  🎯 Signal: SELL (confidence: 0.17)
  📝 Reason: 5m: MACD bearish; 15m: MACD bearish; 1h: MACD bearish; 4h: RSI oversold (22.3)
  ⚠️ Sell signal but no position

[07:27:47] Cycle 773
  💰 Current Price: $84.15
  🎯 Signal: SELL (confidence: 0.17)
  📝 Reason: 5m: MACD bearish; 15m: MACD bearish; 1h: MACD bearish; 4h: RSI oversold (22.3)
  ⚠️ Sell signal but no position

[07:28:18] Cycle 774
  💰 Current Price: $84.17
  🎯 Signal: SELL (confidence: 0.17)
  📝 Reason: 5m: MACD bearish; 15m: MACD bearish; 1h: MACD bearish; 4h: RSI oversold (22.3)
  ⚠️ Sell signal but no position

[07:28:49] Cycle 775
  💰 Current Price: $84.17
  🎯 Signal: SELL (confidence: 0.17)
  📝 Reason: 5m: MACD bearish; 15m: MACD bearish; 1h: MACD bearish; 4h: RSI oversold (22.3)
  ⚠️ Sell signal but no position

[07:29:19] Cycle 776
  💰 Current Price: $84.16
  🎯 Signal: SELL (confidence: 0.17)
  📝 Reason: 5m: MACD bearish; 15m: MACD bearish; 1h: MACD bearish; 4h: RSI oversold (22.3)
  ⚠️ Sell signal but no position

[07:29:50] Cycle 777
  💰 Current Price: $84.16
  🎯 Signal: SELL (confidence: 0.17)
  📝 Reason: 5m: MACD bearish; 15m: MACD bearish; 1h: MACD bearish; 4h: RSI oversold (22.3)
  ⚠️ Sell signal but no position

[07:30:21] Cycle 778
  💰 Current Price: $84.14
  🎯 Signal: SELL (confidence: 0.17)
  📝 Reason: 5m: MACD bearish; 15m: MACD bearish; 1h: MACD bearish; 4h: RSI oversold (22.3)
  ⚠️ Sell signal but no position

[07:30:52] Cycle 779
  💰 Current Price: $84.15
  🎯 Signal: SELL (confidence: 0.17)
  📝 Reason: 5m: MACD bearish; 15m: MACD bearish; 1h: MACD bearish; 4h: RSI oversold (22.3)
  ⚠️ Sell signal but no position

[07:31:22] Cycle 780
  💰 Current Price: $84.16
  🎯 Signal: SELL (confidence: 0.17)
  📝 Reason: 5m: MACD bearish; 15m: MACD bearish; 1h: MACD bearish; 4h: RSI oversold (22.3)
  ⚠️ Sell signal but no position

[07:31:53] Cycle 781
  💰 Current Price: $84.16
  🎯 Signal: SELL (confidence: 0.17)
  📝 Reason: 5m: MACD bearish; 15m: MACD bearish; 1h: MACD bearish; 4h: RSI oversold (22.3)
  ⚠️ Sell signal but no position

[07:32:24] Cycle 782
  💰 Current Price: $84.16
  🎯 Signal: SELL (confidence: 0.17)
  📝 Reason: 5m: MACD bearish; 15m: MACD bearish; 1h: MACD bearish; 4h: RSI oversold (22.3)
  ⚠️ Sell signal but no position

[07:32:54] Cycle 783
  💰 Current Price: $84.16
  🎯 Signal: SELL (confidence: 0.17)
  📝 Reason: 5m: MACD bearish; 15m: MACD bearish; 1h: MACD bearish; 4h: RSI oversold (22.3)
  ⚠️ Sell signal but no position

[07:33:25] Cycle 784
  💰 Current Price: $84.16
  🎯 Signal: SELL (confidence: 0.17)
  📝 Reason: 5m: MACD bearish; 15m: MACD bearish; 1h: MACD bearish; 4h: RSI oversold (22.3)
  ⚠️ Sell signal but no position

[07:33:56] Cycle 785
  💰 Current Price: $84.16
  🎯 Signal: SELL (confidence: 0.17)
  💰 Current Price: $84.10
  🎯 Signal: SELL (confidence: 0.17)
  📝 Reason: 5m: MACD bearish; 15m: MACD bearish; 1h: MACD bearish; 4h: RSI oversold (22.2)
  ⚠️ Sell signal but no position

[07:18:03] Cycle 746
  💰 Current Price: $84.10
  🎯 Signal: SELL (confidence: 0.17)
  📝 Reason: 5m: MACD bearish; 15m: MACD bearish; 1h: MACD bearish; 4h: RSI oversold (22.2)
  ⚠️ Sell signal but no position

[07:18:34] Cycle 747
  💰 Current Price: $84.14
  🎯 Signal: SELL (confidence: 0.17)
  📝 Reason: 5m: MACD bearish; 15m: MACD bearish; 1h: MACD bearish; 4h: RSI oversold (22.2)
  ⚠️ Sell signal but no position

[07:19:04] Cycle 748
  💰 Current Price: $84.09
  🎯 Signal: SELL (confidence: 0.17)
  📝 Reason: 5m: MACD bearish; 15m: MACD bearish; 1h: MACD bearish; 4h: RSI oversold (22.2)
  ⚠️ Sell signal but no position

[07:19:35] Cycle 749
  💰 Current Price: $84.09
  🎯 Signal: SELL (confidence: 0.17)
  📝 Reason: 5m: MACD bearish; 15m: MACD bearish; 1h: MACD bearish; 4h: RSI oversold (22.2)
  ⚠️ Sell signal but no position

[07:20:06] Cycle 750
  💰 Current Price: $84.09
  🎯 Signal: SELL (confidence: 0.28)
  📝 Reason: 5m: MACD bearish; 15m: MACD bearish; 1h: MACD bearish; 4h: RSI oversold (22.1)
  ⚠️ Sell signal but no position

[07:20:37] Cycle 751
  💰 Current Price: $84.05
  🎯 Signal: SELL (confidence: 0.28)
  📝 Reason: 5m: MACD bearish; 15m: MACD bearish; 1h: MACD bearish; 4h: RSI oversold (22.1)
  ⚠️ Sell signal but no position

[07:21:07] Cycle 752
  💰 Current Price: $84.06
  🎯 Signal: SELL (confidence: 0.28)
  📝 Reason: 5m: MACD bearish; 15m: MACD bearish; 1h: MACD bearish; 4h: RSI oversold (22.1)
  ⚠️ Sell signal but no position

[07:21:38] Cycle 753
  💰 Current Price: $84.02
  🎯 Signal: SELL (confidence: 0.28)
  📝 Reason: 5m: MACD bearish; 15m: MACD bearish; 1h: MACD bearish; 4h: RSI oversold (22.1)
  ⚠️ Sell signal but no position

[07:22:09] Cycle 754
  💰 Current Price: $84.02
  🎯 Signal: SELL (confidence: 0.28)
  📝 Reason: 5m: MACD bearish; 15m: MACD bearish; 1h: MACD bearish; 4h: RSI oversold (22.1)
  ⚠️ Sell signal but no position

[07:22:40] Cycle 755
  💰 Current Price: $84.02
  🎯 Signal: SELL (confidence: 0.28)
  📝 Reason: 5m: MACD bearish; 15m: MACD bearish; 1h: MACD bearish; 4h: RSI oversold (22.1)
  ⚠️ Sell signal but no position

[07:23:11] Cycle 756
  💰 Current Price: $84.03
  🎯 Signal: SELL (confidence: 0.28)
  📝 Reason: 5m: MACD bearish; 15m: MACD bearish; 1h: MACD bearish; 4h: RSI oversold (22.1)
  ⚠️ Sell signal but no position

[07:23:41] Cycle 757
  💰 Current Price: $84.04
  🎯 Signal: SELL (confidence: 0.28)
  📝 Reason: 5m: MACD bearish; 15m: MACD bearish; 1h: MACD bearish; 4h: RSI oversold (22.1)
  ⚠️ Sell signal but no position

[07:24:12] Cycle 758
  💰 Current Price: $84.07
  🎯 Signal: SELL (confidence: 0.17)
  📝 Reason: 5m: MACD bearish; 15m: MACD bearish; 1h: MACD bearish; 4h: RSI oversold (22.2)
  ⚠️ Sell signal but no position

[07:24:43] Cycle 759
  💰 Current Price: $84.12
  🎯 Signal: SELL (confidence: 0.17)
  📝 Reason: 5m: MACD bearish; 15m: MACD bearish; 1h: MACD bearish; 4h: RSI oversold (22.2)
  ⚠️ Sell signal but no position

[07:25:13] Cycle 760
  💰 Current Price: $84.15
  🎯 Signal: SELL (confidence: 0.17)
  📝 Reason: 5m: MACD bearish; 15m: MACD bearish; 1h: MACD bearish; 4h: RSI oversold (22.3)
  ⚠️ Sell signal but no position

[07:25:44] Cycle 761
  💰 Current Price: $84.14
  🎯 Signal: SELL (confidence: 0.17)
  📝 Reason: 5m: MACD bearish; 15m: MACD bearish; 1h: MACD bearish; 4h: RSI oversold (22.3)
  ⚠️ Sell signal but no position

[07:26:15] Cycle 762
  💰 Current Price: $84.14
  🎯 Signal: SELL (confidence: 0.17)
  📝 Reason: 5m: MACD bearish; 15m: MACD bearish; 1h: MACD bearish; 4h: RSI oversold (22.3)
  ⚠️ Sell signal but no position

[07:26:46] Cycle 763
  💰 Current Price: $84.15
  🎯 Signal: SELL (confidence: 0.17)
  📝 Reason: 5m: MACD bearish; 15m: MACD bearish; 1h: MACD bearish; 4h: RSI oversold (22.3)
  ⚠️ Sell signal but no position

[07:27:17] Cycle 764
  💰 Current Price: $84.15
  🎯 Signal: SELL (confidence: 0.17)
  📝 Reason: 5m: MACD bearish; 15m: MACD bearish; 1h: MACD bearish; 4h: RSI oversold (22.3)
  ⚠️ Sell signal but no position

[07:27:47] Cycle 765
  💰 Current Price: $84.15
  🎯 Signal: SELL (confidence: 0.17)
  📝 Reason: 5m: MACD bearish; 15m: MACD bearish; 1h: MACD bearish; 4h: RSI oversold (22.3)
  ⚠️ Sell signal but no position

[07:28:18] Cycle 766
  💰 Current Price: $84.17
  🎯 Signal: SELL (confidence: 0.17)
  📝 Reason: 5m: MACD bearish; 15m: MACD bearish; 1h: MACD bearish; 4h: RSI oversold (22.3)
  ⚠️ Sell signal but no position

[07:28:49] Cycle 767
  💰 Current Price: $84.17
  🎯 Signal: SELL (confidence: 0.17)
  📝 Reason: 5m: MACD bearish; 15m: MACD bearish; 1h: MACD bearish; 4h: RSI oversold (22.3)
  ⚠️ Sell signal but no position

[07:29:19] Cycle 768
  💰 Current Price: $84.16
  🎯 Signal: SELL (confidence: 0.17)
  📝 Reason: 5m: MACD bearish; 15m: MACD bearish; 1h: MACD bearish; 4h: RSI oversold (22.3)
  ⚠️ Sell signal but no position

[07:29:50] Cycle 769
  💰 Current Price: $84.16
  🎯 Signal: SELL (confidence: 0.17)
  📝 Reason: 5m: MACD bearish; 15m: MACD bearish; 1h: MACD bearish; 4h: RSI oversold (22.3)
  ⚠️ Sell signal but no position

[07:30:21] Cycle 770
  💰 Current Price: $84.14
  🎯 Signal: SELL (confidence: 0.17)
  📝 Reason: 5m: MACD bearish; 15m: MACD bearish; 1h: MACD bearish; 4h: RSI oversold (22.3)
  ⚠️ Sell signal but no position

[07:30:52] Cycle 771
  💰 Current Price: $84.15
  🎯 Signal: SELL (confidence: 0.17)
  📝 Reason: 5m: MACD bearish; 15m: MACD bearish; 1h: MACD bearish; 4h: RSI oversold (22.3)
  ⚠️ Sell signal but no position

[07:31:22] Cycle 772
  💰 Current Price: $84.16
  🎯 Signal: SELL (confidence: 0.17)
  📝 Reason: 5m: MACD bearish; 15m: MACD bearish; 1h: MACD bearish; 4h: RSI oversold (22.3)
  ⚠️ Sell signal but no position

[07:31:53] Cycle 773
  💰 Current Price: $84.16
  🎯 Signal: SELL (confidence: 0.17)
  📝 Reason: 5m: MACD bearish; 15m: MACD bearish; 1h: MACD bearish; 4h: RSI oversold (22.3)
  ⚠️ Sell signal but no position

[07:32:24] Cycle 774
  💰 Current Price: $84.16
  🎯 Signal: SELL (confidence: 0.17)
  📝 Reason: 5m: MACD bearish; 15m: MACD bearish; 1h: MACD bearish; 4h: RSI oversold (22.3)
  ⚠️ Sell signal but no position

[07:32:54] Cycle 775
  💰 Current Price: $84.16
  🎯 Signal: SELL (confidence: 0.17)
  📝 Reason: 5m: MACD bearish; 15m: MACD bearish; 1h: MACD bearish; 4h: RSI oversold (22.3)
  ⚠️ Sell signal but no position

[07:33:25] Cycle 776
  💰 Current Price: $84.16
  🎯 Signal: SELL (confidence: 0.17)
  📝 Reason: 5m: MACD bearish; 15m: MACD bearish; 1h: MACD bearish; 4h: RSI oversold (22.3)
  ⚠️ Sell signal but no position

[07:33:56] Cycle 777
  💰 Current Price: $84.16
  🎯 Signal: SELL (confidence: 0.17)
  📝 Reason: 5m: MACD bearish; 15m: MACD bearish; 1h: MACD bearish; 4h: RSI oversold (22.3)
  ⚠️ Sell signal but no position

[07:34:26] Cycle 778
  💰 Current Price: $84.17
  🎯 Signal: SELL (confidence: 0.17)
  📝 Reason: 5m: MACD bearish; 15m: MACD bearish; 1h: MACD bearish; 4h: RSI oversold (22.3)
  ⚠️ Sell signal but no position

[07:34:57] Cycle 779
  💰 Current Price: $84.19
  🎯 Signal: SELL (confidence: 0.17)
  📝 Reason: 5m: MACD bearish; 15m: MACD bearish; 1h: MACD bearish; 4h: RSI oversold (22.4)
  ⚠️ Sell signal but no position

[07:35:27] Cycle 780
  💰 Current Price: $84.18
  🎯 Signal: SELL (confidence: 0.17)
  📝 Reason: 5m: MACD bearish; 15m: MACD bearish; 1h: MACD bearish; 4h: RSI oversold (22.3)
  ⚠️ Sell signal but no position

[07:35:59] Cycle 781
  💰 Current Price: $84.18
  🎯 Signal: SELL (confidence: 0.17)
  📝 Reason: 5m: MACD bearish; 15m: MACD bearish; 1h: MACD bearish; 4h: RSI oversold (22.3)
  ⚠️ Sell signal but no position

[07:36:29] Cycle 782
  📝 Reason: 5m: MACD bearish; 15m: MACD bearish; 1h: MACD bearish; 4h: RSI oversold (22.3)
  ⚠️ Sell signal but no position

[07:34:26] Cycle 786
  💰 Current Price: $84.17
  🎯 Signal: SELL (confidence: 0.17)
  📝 Reason: 5m: MACD bearish; 15m: MACD bearish; 1h: MACD bearish; 4h: RSI oversold (22.3)
  ⚠️ Sell signal but no position

[07:34:57] Cycle 787
  💰 Current Price: $84.19
  🎯 Signal: SELL (confidence: 0.17)
  📝 Reason: 5m: MACD bearish; 15m: MACD bearish; 1h: MACD bearish; 4h: RSI oversold (22.4)
  ⚠️ Sell signal but no position

[07:35:28] Cycle 788
  💰 Current Price: $84.18
  🎯 Signal: SELL (confidence: 0.17)
  📝 Reason: 5m: MACD bearish; 15m: MACD bearish; 1h: MACD bearish; 4h: RSI oversold (22.3)
  ⚠️ Sell signal but no position

[07:35:59] Cycle 789
  💰 Current Price: $84.18
  🎯 Signal: SELL (confidence: 0.17)
  📝 Reason: 5m: MACD bearish; 15m: MACD bearish; 1h: MACD bearish; 4h: RSI oversold (22.3)
  ⚠️ Sell signal but no position

[07:36:29] Cycle 790
  💰 Current Price: $84.16
  🎯 Signal: SELL (confidence: 0.17)
  📝 Reason: 5m: MACD bearish; 15m: MACD bearish; 1h: MACD bearish; 4h: RSI oversold (22.3)
  ⚠️ Sell signal but no position

[07:37:00] Cycle 791
  💰 Current Price: $84.14
  🎯 Signal: SELL (confidence: 0.17)
  📝 Reason: 5m: MACD bearish; 15m: MACD bearish; 1h: MACD bearish; 4h: RSI oversold (22.3)
  ⚠️ Sell signal but no position

[07:37:31] Cycle 792
  💰 Current Price: $84.09
  🎯 Signal: SELL (confidence: 0.17)
  📝 Reason: 5m: MACD bearish; 15m: MACD bearish; 1h: MACD bearish; 4h: RSI oversold (22.2)
  ⚠️ Sell signal but no position

[07:38:02] Cycle 793
  💰 Current Price: $84.08
  🎯 Signal: SELL (confidence: 0.17)
  📝 Reason: 5m: MACD bearish; 15m: MACD bearish; 1h: MACD bearish; 4h: RSI oversold (22.1)
  ⚠️ Sell signal but no position

[07:38:32] Cycle 794
  💰 Current Price: $84.07
  🎯 Signal: SELL (confidence: 0.17)
  📝 Reason: 5m: MACD bearish; 15m: MACD bearish; 1h: MACD bearish; 4h: RSI oversold (22.1)
  ⚠️ Sell signal but no position

[07:39:03] Cycle 795
  💰 Current Price: $84.06
  🎯 Signal: SELL (confidence: 0.28)
  📝 Reason: 5m: MACD bearish; 15m: MACD bearish; 1h: MACD bearish; 4h: RSI oversold (22.1)
  ⚠️ Sell signal but no position

[07:39:34] Cycle 796
  💰 Current Price: $84.06
  🎯 Signal: SELL (confidence: 0.28)
  📝 Reason: 5m: MACD bearish; 15m: MACD bearish; 1h: MACD bearish; 4h: RSI oversold (22.1)
  ⚠️ Sell signal but no position

[07:40:04] Cycle 797
  💰 Current Price: $83.99
  🎯 Signal: SELL (confidence: 0.28)
  📝 Reason: 5m: MACD bearish; 15m: MACD bearish; 1h: MACD bearish; 4h: RSI oversold (22.1)
  ⚠️ Sell signal but no position

[07:40:35] Cycle 798
  💰 Current Price: $84.01
  🎯 Signal: SELL (confidence: 0.28)
  📝 Reason: 5m: MACD bearish; 15m: MACD bearish; 1h: MACD bearish; 4h: RSI oversold (22.1)
  ⚠️ Sell signal but no position

[07:41:06] Cycle 799
  💰 Current Price: $84.05
  🎯 Signal: SELL (confidence: 0.28)
  📝 Reason: 5m: MACD bearish; 15m: MACD bearish; 1h: MACD bearish; 4h: RSI oversold (22.1)
  ⚠️ Sell signal but no position

[07:41:37] Cycle 800
  💰 Current Price: $84.09
  🎯 Signal: SELL (confidence: 0.17)
  📝 Reason: 5m: MACD bearish; 15m: MACD bearish; 1h: MACD bearish; 4h: RSI oversold (22.2)
  ⚠️ Sell signal but no position

[07:42:07] Cycle 801
  💰 Current Price: $84.10
  🎯 Signal: SELL (confidence: 0.17)
  📝 Reason: 5m: MACD bearish; 15m: MACD bearish; 1h: MACD bearish; 4h: RSI oversold (22.2)
  ⚠️ Sell signal but no position

[07:42:38] Cycle 802
  💰 Current Price: $84.12
  🎯 Signal: SELL (confidence: 0.17)
  📝 Reason: 5m: MACD bearish; 15m: MACD bearish; 1h: MACD bearish; 4h: RSI oversold (22.2)
  ⚠️ Sell signal but no position

[07:43:09] Cycle 803
  💰 Current Price: $84.13
  🎯 Signal: SELL (confidence: 0.17)
  📝 Reason: 5m: MACD bearish; 15m: MACD bearish; 1h: MACD bearish; 4h: RSI oversold (22.2)
  ⚠️ Sell signal but no position

[07:43:40] Cycle 804
  💰 Current Price: $84.19
  🎯 Signal: SELL (confidence: 0.17)
  📝 Reason: 5m: MACD bearish; 15m: MACD bearish; 1h: MACD bearish; 4h: RSI oversold (22.4)
  ⚠️ Sell signal but no position

[07:44:10] Cycle 805
  💰 Current Price: $84.20
  🎯 Signal: SELL (confidence: 0.17)
  📝 Reason: 5m: MACD bearish; 15m: MACD bearish; 1h: MACD bearish; 4h: RSI oversold (22.4)
  ⚠️ Sell signal but no position

[07:44:41] Cycle 806
  💰 Current Price: $84.19
  🎯 Signal: SELL (confidence: 0.17)
  📝 Reason: 5m: MACD bearish; 15m: MACD bearish; 1h: MACD bearish; 4h: RSI oversold (22.4)
  ⚠️ Sell signal but no position

[07:45:12] Cycle 807
  💰 Current Price: $84.20
  🎯 Signal: SELL (confidence: 0.17)
  📝 Reason: 5m: MACD bearish; 15m: MACD bearish; 1h: MACD bearish; 4h: RSI oversold (22.4)
  ⚠️ Sell signal but no position

[07:45:43] Cycle 808
  💰 Current Price: $84.22
  🎯 Signal: SELL (confidence: 0.17)
  📝 Reason: 5m: MACD bearish; 15m: MACD bearish; 1h: MACD bearish; 4h: RSI oversold (22.4)
  ⚠️ Sell signal but no position

[07:46:14] Cycle 809
  💰 Current Price: $84.24
  🎯 Signal: SELL (confidence: 0.17)
  📝 Reason: 5m: MACD bearish; 15m: MACD bearish; 1h: MACD bearish; 4h: RSI oversold (22.5)
  ⚠️ Sell signal but no position

[07:46:44] Cycle 810
  💰 Current Price: $84.27
  🎯 Signal: SELL (confidence: 0.17)
  📝 Reason: 5m: MACD bearish; 15m: MACD bearish; 1h: MACD bearish; 4h: RSI oversold (22.5)
  ⚠️ Sell signal but no position

[07:47:15] Cycle 811
  💰 Current Price: $84.28
  🎯 Signal: SELL (confidence: 0.17)
  📝 Reason: 5m: MACD bearish; 15m: MACD bearish; 1h: MACD bearish; 4h: RSI oversold (22.5)
  ⚠️ Sell signal but no position

[07:47:46] Cycle 812
  💰 Current Price: $84.26
  🎯 Signal: SELL (confidence: 0.17)
  📝 Reason: 5m: MACD bearish; 15m: MACD bearish; 1h: MACD bearish; 4h: RSI oversold (22.5)
  ⚠️ Sell signal but no position

[07:48:16] Cycle 813
  💰 Current Price: $84.26
  🎯 Signal: SELL (confidence: 0.17)
  📝 Reason: 5m: MACD bearish; 15m: MACD bearish; 1h: MACD bearish; 4h: RSI oversold (22.5)
  ⚠️ Sell signal but no position

[07:48:47] Cycle 814
  💰 Current Price: $84.25
  🎯 Signal: SELL (confidence: 0.17)
  📝 Reason: 5m: MACD bearish; 15m: MACD bearish; 1h: MACD bearish; 4h: RSI oversold (22.5)
  ⚠️ Sell signal but no position

[07:49:18] Cycle 815
  💰 Current Price: $84.25
  🎯 Signal: SELL (confidence: 0.17)
  📝 Reason: 5m: MACD bearish; 15m: MACD bearish; 1h: MACD bearish; 4h: RSI oversold (22.5)
  ⚠️ Sell signal but no position

[07:49:49] Cycle 816
  💰 Current Price: $84.23
  🎯 Signal: SELL (confidence: 0.17)
  📝 Reason: 5m: MACD bearish; 15m: MACD bearish; 1h: MACD bearish; 4h: RSI oversold (22.4)
  ⚠️ Sell signal but no position

[07:50:19] Cycle 817
  💰 Current Price: $84.23
  🎯 Signal: SELL (confidence: 0.17)
  📝 Reason: 5m: MACD bearish; 15m: MACD bearish; 1h: MACD bearish; 4h: RSI oversold (22.4)
  ⚠️ Sell signal but no position

[07:50:50] Cycle 818
  💰 Current Price: $84.23
  🎯 Signal: SELL (confidence: 0.17)
  📝 Reason: 5m: MACD bearish; 15m: MACD bearish; 1h: MACD bearish; 4h: RSI oversold (22.4)
  ⚠️ Sell signal but no position

[07:51:21] Cycle 819
  💰 Current Price: $84.23
  🎯 Signal: SELL (confidence: 0.17)
  📝 Reason: 5m: MACD bearish; 15m: MACD bearish; 1h: MACD bearish; 4h: RSI oversold (22.4)
  ⚠️ Sell signal but no position

[07:51:52] Cycle 820
  💰 Current Price: $84.28
  🎯 Signal: SELL (confidence: 0.17)
  📝 Reason: 5m: MACD bearish; 15m: MACD bearish; 1h: MACD bearish; 4h: RSI oversold (22.5)
  ⚠️ Sell signal but no position

[07:52:23] Cycle 821
  💰 Current Price: $84.29
  🎯 Signal: SELL (confidence: 0.17)
  📝 Reason: 5m: MACD bearish; 15m: MACD bearish; 1h: MACD bearish; 4h: RSI oversold (22.5)
  ⚠️ Sell signal but no position

[07:52:54] Cycle 822
  💰 Current Price: $84.29
  🎯 Signal: SELL (confidence: 0.17)
  💰 Current Price: $84.16
  🎯 Signal: SELL (confidence: 0.17)
  📝 Reason: 5m: MACD bearish; 15m: MACD bearish; 1h: MACD bearish; 4h: RSI oversold (22.3)
  ⚠️ Sell signal but no position

[07:37:00] Cycle 783
  💰 Current Price: $84.14
  🎯 Signal: SELL (confidence: 0.17)
  📝 Reason: 5m: MACD bearish; 15m: MACD bearish; 1h: MACD bearish; 4h: RSI oversold (22.3)
  ⚠️ Sell signal but no position

[07:37:31] Cycle 784
  💰 Current Price: $84.09
  🎯 Signal: SELL (confidence: 0.17)
  📝 Reason: 5m: MACD bearish; 15m: MACD bearish; 1h: MACD bearish; 4h: RSI oversold (22.2)
  ⚠️ Sell signal but no position

[07:38:02] Cycle 785
  💰 Current Price: $84.08
  🎯 Signal: SELL (confidence: 0.17)
  📝 Reason: 5m: MACD bearish; 15m: MACD bearish; 1h: MACD bearish; 4h: RSI oversold (22.1)
  ⚠️ Sell signal but no position

[07:38:32] Cycle 786
  💰 Current Price: $84.07
  🎯 Signal: SELL (confidence: 0.17)
  📝 Reason: 5m: MACD bearish; 15m: MACD bearish; 1h: MACD bearish; 4h: RSI oversold (22.1)
  ⚠️ Sell signal but no position

[07:39:03] Cycle 787
  💰 Current Price: $84.06
  🎯 Signal: SELL (confidence: 0.28)
  📝 Reason: 5m: MACD bearish; 15m: MACD bearish; 1h: MACD bearish; 4h: RSI oversold (22.1)
  ⚠️ Sell signal but no position

[07:39:34] Cycle 788
  💰 Current Price: $84.06
  🎯 Signal: SELL (confidence: 0.28)
  📝 Reason: 5m: MACD bearish; 15m: MACD bearish; 1h: MACD bearish; 4h: RSI oversold (22.1)
  ⚠️ Sell signal but no position

[07:40:04] Cycle 789
  💰 Current Price: $83.99
  🎯 Signal: SELL (confidence: 0.28)
  📝 Reason: 5m: MACD bearish; 15m: MACD bearish; 1h: MACD bearish; 4h: RSI oversold (22.1)
  ⚠️ Sell signal but no position

[07:40:35] Cycle 790
  💰 Current Price: $84.01
  🎯 Signal: SELL (confidence: 0.28)
  📝 Reason: 5m: MACD bearish; 15m: MACD bearish; 1h: MACD bearish; 4h: RSI oversold (22.1)
  ⚠️ Sell signal but no position

[07:41:06] Cycle 791
  💰 Current Price: $84.05
  🎯 Signal: SELL (confidence: 0.28)
  📝 Reason: 5m: MACD bearish; 15m: MACD bearish; 1h: MACD bearish; 4h: RSI oversold (22.1)
  ⚠️ Sell signal but no position

[07:41:37] Cycle 792
  💰 Current Price: $84.09
  🎯 Signal: SELL (confidence: 0.17)
  📝 Reason: 5m: MACD bearish; 15m: MACD bearish; 1h: MACD bearish; 4h: RSI oversold (22.2)
  ⚠️ Sell signal but no position

[07:42:07] Cycle 793
  💰 Current Price: $84.10
  🎯 Signal: SELL (confidence: 0.17)
  📝 Reason: 5m: MACD bearish; 15m: MACD bearish; 1h: MACD bearish; 4h: RSI oversold (22.2)
  ⚠️ Sell signal but no position

[07:42:38] Cycle 794
  💰 Current Price: $84.12
  🎯 Signal: SELL (confidence: 0.17)
  📝 Reason: 5m: MACD bearish; 15m: MACD bearish; 1h: MACD bearish; 4h: RSI oversold (22.2)
  ⚠️ Sell signal but no position

[07:43:09] Cycle 795
  💰 Current Price: $84.13
  🎯 Signal: SELL (confidence: 0.17)
  📝 Reason: 5m: MACD bearish; 15m: MACD bearish; 1h: MACD bearish; 4h: RSI oversold (22.2)
  ⚠️ Sell signal but no position

[07:43:40] Cycle 796
  💰 Current Price: $84.19
  🎯 Signal: SELL (confidence: 0.17)
  📝 Reason: 5m: MACD bearish; 15m: MACD bearish; 1h: MACD bearish; 4h: RSI oversold (22.4)
  ⚠️ Sell signal but no position

[07:44:10] Cycle 797
  💰 Current Price: $84.20
  🎯 Signal: SELL (confidence: 0.17)
  📝 Reason: 5m: MACD bearish; 15m: MACD bearish; 1h: MACD bearish; 4h: RSI oversold (22.4)
  ⚠️ Sell signal but no position

[07:44:41] Cycle 798
  💰 Current Price: $84.19
  🎯 Signal: SELL (confidence: 0.17)
  📝 Reason: 5m: MACD bearish; 15m: MACD bearish; 1h: MACD bearish; 4h: RSI oversold (22.4)
  ⚠️ Sell signal but no position

[07:45:12] Cycle 799
  💰 Current Price: $84.20
  🎯 Signal: SELL (confidence: 0.17)
  📝 Reason: 5m: MACD bearish; 15m: MACD bearish; 1h: MACD bearish; 4h: RSI oversold (22.4)
  ⚠️ Sell signal but no position

[07:45:43] Cycle 800
  💰 Current Price: $84.22
  🎯 Signal: SELL (confidence: 0.17)
  📝 Reason: 5m: MACD bearish; 15m: MACD bearish; 1h: MACD bearish; 4h: RSI oversold (22.4)
  ⚠️ Sell signal but no position

[07:46:14] Cycle 801
  💰 Current Price: $84.24
  🎯 Signal: SELL (confidence: 0.17)
  📝 Reason: 5m: MACD bearish; 15m: MACD bearish; 1h: MACD bearish; 4h: RSI oversold (22.5)
  ⚠️ Sell signal but no position

[07:46:44] Cycle 802
  💰 Current Price: $84.27
  🎯 Signal: SELL (confidence: 0.17)
  📝 Reason: 5m: MACD bearish; 15m: MACD bearish; 1h: MACD bearish; 4h: RSI oversold (22.5)
  ⚠️ Sell signal but no position

[07:47:15] Cycle 803
  💰 Current Price: $84.28
  🎯 Signal: SELL (confidence: 0.17)
  📝 Reason: 5m: MACD bearish; 15m: MACD bearish; 1h: MACD bearish; 4h: RSI oversold (22.5)
  ⚠️ Sell signal but no position

[07:47:46] Cycle 804
  💰 Current Price: $84.26
  🎯 Signal: SELL (confidence: 0.17)
  📝 Reason: 5m: MACD bearish; 15m: MACD bearish; 1h: MACD bearish; 4h: RSI oversold (22.5)
  ⚠️ Sell signal but no position

[07:48:16] Cycle 805
  💰 Current Price: $84.26
  🎯 Signal: SELL (confidence: 0.17)
  📝 Reason: 5m: MACD bearish; 15m: MACD bearish; 1h: MACD bearish; 4h: RSI oversold (22.5)
  ⚠️ Sell signal but no position

[07:48:47] Cycle 806
  💰 Current Price: $84.25
  🎯 Signal: SELL (confidence: 0.17)
  📝 Reason: 5m: MACD bearish; 15m: MACD bearish; 1h: MACD bearish; 4h: RSI oversold (22.5)
  ⚠️ Sell signal but no position

[07:49:18] Cycle 807
  💰 Current Price: $84.25
  🎯 Signal: SELL (confidence: 0.17)
  📝 Reason: 5m: MACD bearish; 15m: MACD bearish; 1h: MACD bearish; 4h: RSI oversold (22.5)
  ⚠️ Sell signal but no position

[07:49:49] Cycle 808
  💰 Current Price: $84.23
  🎯 Signal: SELL (confidence: 0.17)
  📝 Reason: 5m: MACD bearish; 15m: MACD bearish; 1h: MACD bearish; 4h: RSI oversold (22.4)
  ⚠️ Sell signal but no position

[07:50:19] Cycle 809
  💰 Current Price: $84.23
  🎯 Signal: SELL (confidence: 0.17)
  📝 Reason: 5m: MACD bearish; 15m: MACD bearish; 1h: MACD bearish; 4h: RSI oversold (22.4)
  ⚠️ Sell signal but no position

[07:50:50] Cycle 810
  💰 Current Price: $84.23
  🎯 Signal: SELL (confidence: 0.17)
  📝 Reason: 5m: MACD bearish; 15m: MACD bearish; 1h: MACD bearish; 4h: RSI oversold (22.4)
  ⚠️ Sell signal but no position

[07:51:21] Cycle 811
  💰 Current Price: $84.23
  🎯 Signal: SELL (confidence: 0.17)
  📝 Reason: 5m: MACD bearish; 15m: MACD bearish; 1h: MACD bearish; 4h: RSI oversold (22.4)
  ⚠️ Sell signal but no position

[07:51:52] Cycle 812
  💰 Current Price: $84.28
  🎯 Signal: SELL (confidence: 0.17)
  📝 Reason: 5m: MACD bearish; 15m: MACD bearish; 1h: MACD bearish; 4h: RSI oversold (22.5)
  ⚠️ Sell signal but no position

[07:52:23] Cycle 813
  💰 Current Price: $84.29
  🎯 Signal: SELL (confidence: 0.17)
  📝 Reason: 5m: MACD bearish; 15m: MACD bearish; 1h: MACD bearish; 4h: RSI oversold (22.5)
  ⚠️ Sell signal but no position

[07:52:54] Cycle 814
  💰 Current Price: $84.29
  🎯 Signal: SELL (confidence: 0.17)
  📝 Reason: 5m: MACD bearish; 15m: MACD bearish; 1h: MACD bearish; 4h: RSI oversold (22.5)
  ⚠️ Sell signal but no position

[07:53:24] Cycle 815
  💰 Current Price: $84.29
  🎯 Signal: SELL (confidence: 0.17)
  📝 Reason: 5m: MACD bearish; 15m: MACD bearish; 1h: MACD bearish; 4h: RSI oversold (22.5)
  ⚠️ Sell signal but no position

[07:53:55] Cycle 816
  💰 Current Price: $84.31
  🎯 Signal: HOLD (confidence: 0.07)
  📝 Reason: 5m: MACD bullish; 15m: MACD bearish; 1h: MACD bearish; 4h: RSI oversold (22.6)

[07:54:26] Cycle 817
  💰 Current Price: $84.33
  🎯 Signal: HOLD (confidence: 0.07)
  📝 Reason: 5m: MACD bullish; 15m: MACD bearish; 1h: MACD bearish; 4h: RSI oversold (22.6)

[07:54:57] Cycle 818
  💰 Current Price: $84.33
  🎯 Signal: HOLD (confidence: 0.07)
  📝 Reason: 5m: MACD bullish; 15m: MACD bearish; 1h: MACD bearish; 4h: RSI oversold (22.6)

[07:55:27] Cycle 819
  💰 Current Price: $84.34
  🎯 Signal: HOLD (confidence: 0.07)
  📝 Reason: 5m: MACD bearish; 15m: MACD bearish; 1h: MACD bearish; 4h: RSI oversold (22.5)
  ⚠️ Sell signal but no position

[07:53:24] Cycle 823
  💰 Current Price: $84.29
  🎯 Signal: SELL (confidence: 0.17)
  📝 Reason: 5m: MACD bearish; 15m: MACD bearish; 1h: MACD bearish; 4h: RSI oversold (22.5)
  ⚠️ Sell signal but no position

[07:53:55] Cycle 824
  💰 Current Price: $84.31
  🎯 Signal: HOLD (confidence: 0.07)
  📝 Reason: 5m: MACD bullish; 15m: MACD bearish; 1h: MACD bearish; 4h: RSI oversold (22.6)

[07:54:26] Cycle 825
  💰 Current Price: $84.33
  🎯 Signal: HOLD (confidence: 0.07)
  📝 Reason: 5m: MACD bullish; 15m: MACD bearish; 1h: MACD bearish; 4h: RSI oversold (22.6)

[07:54:57] Cycle 826
  💰 Current Price: $84.33
  🎯 Signal: HOLD (confidence: 0.07)
  📝 Reason: 5m: MACD bullish; 15m: MACD bearish; 1h: MACD bearish; 4h: RSI oversold (22.6)

[07:55:27] Cycle 827
  💰 Current Price: $84.34
  🎯 Signal: HOLD (confidence: 0.07)
  📝 Reason: 5m: MACD bullish; 15m: MACD bearish; 1h: MACD bearish; 4h: RSI oversold (22.6)

[07:55:58] Cycle 828
  💰 Current Price: $84.26
  🎯 Signal: HOLD (confidence: 0.07)
  📝 Reason: 5m: MACD bullish; 15m: MACD bearish; 1h: MACD bearish; 4h: RSI oversold (22.6)

[07:56:29] Cycle 829
  💰 Current Price: $84.29
  🎯 Signal: HOLD (confidence: 0.07)
  📝 Reason: 5m: MACD bullish; 15m: MACD bearish; 1h: MACD bearish; 4h: RSI oversold (22.5)

[07:57:00] Cycle 830
  💰 Current Price: $84.30
  🎯 Signal: HOLD (confidence: 0.07)
  📝 Reason: 5m: MACD bullish; 15m: MACD bearish; 1h: MACD bearish; 4h: RSI oversold (22.6)

[07:57:30] Cycle 831
  💰 Current Price: $84.33
  🎯 Signal: HOLD (confidence: 0.07)
  📝 Reason: 5m: MACD bullish; 15m: MACD bearish; 1h: MACD bearish; 4h: RSI oversold (22.6)

[07:58:01] Cycle 832
  💰 Current Price: $84.43
  🎯 Signal: HOLD (confidence: 0.07)
  📝 Reason: 5m: MACD bullish; 15m: MACD bearish; 1h: MACD bearish; 4h: RSI oversold (22.8)

[07:58:32] Cycle 833
  💰 Current Price: $84.38
  🎯 Signal: HOLD (confidence: 0.07)
  📝 Reason: 5m: MACD bullish; 15m: MACD bearish; 1h: MACD bearish; 4h: RSI oversold (22.7)

[07:59:02] Cycle 834
  💰 Current Price: $84.38
  🎯 Signal: HOLD (confidence: 0.07)
  📝 Reason: 5m: MACD bullish; 15m: MACD bearish; 1h: MACD bearish; 4h: RSI oversold (22.7)

[07:59:33] Cycle 835
  💰 Current Price: $84.37
  🎯 Signal: HOLD (confidence: 0.07)
  📝 Reason: 5m: MACD bullish; 15m: MACD bearish; 1h: MACD bearish; 4h: RSI oversold (22.7)

[08:00:04] Cycle 836
  💰 Current Price: $84.33
  🎯 Signal: BUY (confidence: 0.20)
  📝 Reason: 5m: MACD bullish; 15m: MACD bearish; 1h: RSI oversold (27.9); 1h: MACD bearish

[08:00:35] Cycle 837
  💰 Current Price: $84.24
  🎯 Signal: BUY (confidence: 0.20)
  📝 Reason: 5m: MACD bullish; 15m: MACD bearish; 1h: RSI oversold (27.0); 1h: MACD bearish

[08:01:05] Cycle 838
  💰 Current Price: $84.25
  🎯 Signal: BUY (confidence: 0.20)
  📝 Reason: 5m: MACD bullish; 15m: MACD bearish; 1h: RSI oversold (27.0); 1h: MACD bearish

[08:01:36] Cycle 839
  💰 Current Price: $84.24
  🎯 Signal: BUY (confidence: 0.20)
  📝 Reason: 5m: MACD bullish; 15m: MACD bearish; 1h: RSI oversold (27.0); 1h: MACD bearish

[08:02:07] Cycle 840
  💰 Current Price: $84.24
  🎯 Signal: BUY (confidence: 0.20)
  📝 Reason: 5m: MACD bullish; 15m: MACD bearish; 1h: RSI oversold (27.0); 1h: MACD bearish

[08:02:38] Cycle 841
  💰 Current Price: $84.24
  🎯 Signal: BUY (confidence: 0.20)
  📝 Reason: 5m: MACD bullish; 15m: MACD bearish; 1h: RSI oversold (27.0); 1h: MACD bearish

[08:03:08] Cycle 842
  💰 Current Price: $84.25
  🎯 Signal: BUY (confidence: 0.20)
  📝 Reason: 5m: MACD bullish; 15m: MACD bearish; 1h: RSI oversold (26.8); 1h: MACD bearish

[08:03:39] Cycle 843
  💰 Current Price: $84.23
  🎯 Signal: BUY (confidence: 0.20)
  📝 Reason: 5m: MACD bullish; 15m: MACD bearish; 1h: RSI oversold (26.8); 1h: MACD bearish

[08:04:10] Cycle 844
  💰 Current Price: $84.23
  🎯 Signal: BUY (confidence: 0.20)
  📝 Reason: 5m: MACD bullish; 15m: MACD bearish; 1h: RSI oversold (27.1); 1h: MACD bearish

[08:04:40] Cycle 845
  💰 Current Price: $84.25
  🎯 Signal: BUY (confidence: 0.20)
  📝 Reason: 5m: MACD bullish; 15m: MACD bearish; 1h: RSI oversold (27.1); 1h: MACD bearish

[08:05:11] Cycle 846
  💰 Current Price: $84.28
  🎯 Signal: BUY (confidence: 0.20)
  📝 Reason: 5m: MACD bullish; 15m: MACD bearish; 1h: RSI oversold (27.4); 1h: MACD bearish

[08:05:42] Cycle 847
  💰 Current Price: $84.29
  🎯 Signal: BUY (confidence: 0.20)
  📝 Reason: 5m: MACD bullish; 15m: MACD bearish; 1h: RSI oversold (27.6); 1h: MACD bearish

[08:06:13] Cycle 848
  💰 Current Price: $84.27
  🎯 Signal: BUY (confidence: 0.20)
  📝 Reason: 5m: MACD bullish; 15m: MACD bearish; 1h: RSI oversold (27.3); 1h: MACD bearish

[08:06:44] Cycle 849
  💰 Current Price: $84.22
  🎯 Signal: BUY (confidence: 0.20)
  📝 Reason: 5m: MACD bullish; 15m: MACD bearish; 1h: RSI oversold (27.0); 1h: MACD bearish

[08:07:14] Cycle 850
  💰 Current Price: $84.25
  🎯 Signal: BUY (confidence: 0.20)
  📝 Reason: 5m: MACD bullish; 15m: MACD bearish; 1h: RSI oversold (27.1); 1h: MACD bearish

[08:07:45] Cycle 851
  💰 Current Price: $84.25
  🎯 Signal: BUY (confidence: 0.20)
  📝 Reason: 5m: MACD bullish; 15m: MACD bearish; 1h: RSI oversold (27.1); 1h: MACD bearish

[08:08:16] Cycle 852
  💰 Current Price: $84.28
  🎯 Signal: BUY (confidence: 0.20)
  📝 Reason: 5m: MACD bullish; 15m: MACD bearish; 1h: RSI oversold (27.4); 1h: MACD bearish

[08:08:47] Cycle 853
  💰 Current Price: $84.27
  🎯 Signal: BUY (confidence: 0.20)
  📝 Reason: 5m: MACD bullish; 15m: MACD bearish; 1h: RSI oversold (27.3); 1h: MACD bearish

[08:09:18] Cycle 854
  💰 Current Price: $84.26
  🎯 Signal: BUY (confidence: 0.20)
  📝 Reason: 5m: MACD bullish; 15m: MACD bearish; 1h: RSI oversold (27.1); 1h: MACD bearish

[08:09:49] Cycle 855
  💰 Current Price: $84.20
  🎯 Signal: BUY (confidence: 0.20)
  📝 Reason: 5m: MACD bullish; 15m: MACD bearish; 1h: RSI oversold (26.5); 1h: MACD bearish

[08:10:19] Cycle 856
  💰 Current Price: $84.20
  🎯 Signal: BUY (confidence: 0.20)
  📝 Reason: 5m: MACD bullish; 15m: MACD bearish; 1h: RSI oversold (26.5); 1h: MACD bearish

[08:10:50] Cycle 857
  💰 Current Price: $84.15
  🎯 Signal: BUY (confidence: 0.20)
  📝 Reason: 5m: MACD bullish; 15m: MACD bearish; 1h: RSI oversold (25.9); 1h: MACD bearish

[08:11:21] Cycle 858
  💰 Current Price: $84.13
  🎯 Signal: BUY (confidence: 0.20)
  📝 Reason: 5m: MACD bullish; 15m: MACD bearish; 1h: RSI oversold (25.8); 1h: MACD bearish

[08:11:52] Cycle 859
  💰 Current Price: $84.15
  🎯 Signal: BUY (confidence: 0.20)
  📝 Reason: 5m: MACD bullish; 15m: MACD bearish; 1h: RSI oversold (25.9); 1h: MACD bearish

[08:12:23] Cycle 860
  💰 Current Price: $84.15
  🎯 Signal: BUY (confidence: 0.20)
  📝 Reason: 5m: MACD bullish; 15m: MACD bearish; 1h: RSI oversold (25.9); 1h: MACD bearish

[08:12:53] Cycle 861
  💰 Current Price: $84.15
  🎯 Signal: BUY (confidence: 0.20)
  📝 Reason: 5m: MACD bullish; 15m: MACD bearish; 1h: RSI oversold (25.9); 1h: MACD bearish

[08:13:24] Cycle 862
  💰 Current Price: $84.16
  🎯 Signal: BUY (confidence: 0.20)
  📝 Reason: 5m: MACD bullish; 15m: MACD bearish; 1h: RSI oversold (26.1); 1h: MACD bearish

[08:13:55] Cycle 863
  💰 Current Price: $84.17
  🎯 Signal: BUY (confidence: 0.20)
  📝 Reason: 5m: MACD bullish; 15m: MACD bearish; 1h: RSI oversold (26.2); 1h: MACD bearish

[08:14:26] Cycle 864
  💰 Current Price: $84.17
  🎯 Signal: BUY (confidence: 0.20)
  📝 Reason: 5m: MACD bullish; 15m: MACD bearish; 1h: RSI oversold (26.2); 1h: MACD bearish

[08:14:57] Cycle 865
  💰 Current Price: $84.17
  🎯 Signal: BUY (confidence: 0.20)
  📝 Reason: 5m: MACD bullish; 15m: MACD bearish; 1h: RSI oversold (26.2); 1h: MACD bearish

[08:15:28] Cycle 866
  💰 Current Price: $84.22
  🎯 Signal: BUY (confidence: 0.20)
  📝 Reason: 5m: MACD bullish; 15m: MACD bearish; 1h: MACD bearish; 4h: RSI oversold (22.6)

[07:55:58] Cycle 820
  💰 Current Price: $84.26
  🎯 Signal: HOLD (confidence: 0.07)
  📝 Reason: 5m: MACD bullish; 15m: MACD bearish; 1h: MACD bearish; 4h: RSI oversold (22.6)

[07:56:29] Cycle 821
  💰 Current Price: $84.29
  🎯 Signal: HOLD (confidence: 0.07)
  📝 Reason: 5m: MACD bullish; 15m: MACD bearish; 1h: MACD bearish; 4h: RSI oversold (22.5)

[07:57:00] Cycle 822
  💰 Current Price: $84.30
  🎯 Signal: HOLD (confidence: 0.07)
  📝 Reason: 5m: MACD bullish; 15m: MACD bearish; 1h: MACD bearish; 4h: RSI oversold (22.6)

[07:57:30] Cycle 823
  💰 Current Price: $84.33
  🎯 Signal: HOLD (confidence: 0.07)
  📝 Reason: 5m: MACD bullish; 15m: MACD bearish; 1h: MACD bearish; 4h: RSI oversold (22.6)

[07:58:01] Cycle 824
  💰 Current Price: $84.43
  🎯 Signal: HOLD (confidence: 0.07)
  📝 Reason: 5m: MACD bullish; 15m: MACD bearish; 1h: MACD bearish; 4h: RSI oversold (22.8)

[07:58:32] Cycle 825
  💰 Current Price: $84.38
  🎯 Signal: HOLD (confidence: 0.07)
  📝 Reason: 5m: MACD bullish; 15m: MACD bearish; 1h: MACD bearish; 4h: RSI oversold (22.7)

[07:59:02] Cycle 826
  💰 Current Price: $84.38
  🎯 Signal: HOLD (confidence: 0.07)
  📝 Reason: 5m: MACD bullish; 15m: MACD bearish; 1h: MACD bearish; 4h: RSI oversold (22.7)

[07:59:33] Cycle 827
  💰 Current Price: $84.37
  🎯 Signal: HOLD (confidence: 0.07)
  📝 Reason: 5m: MACD bullish; 15m: MACD bearish; 1h: MACD bearish; 4h: RSI oversold (22.7)

[08:00:04] Cycle 828
  💰 Current Price: $84.33
  🎯 Signal: BUY (confidence: 0.20)
  📝 Reason: 5m: MACD bullish; 15m: MACD bearish; 1h: RSI oversold (27.9); 1h: MACD bearish

[08:00:34] Cycle 829
  💰 Current Price: $84.24
  🎯 Signal: BUY (confidence: 0.20)
  📝 Reason: 5m: MACD bullish; 15m: MACD bearish; 1h: RSI oversold (27.0); 1h: MACD bearish

[08:01:05] Cycle 830
  💰 Current Price: $84.25
  🎯 Signal: BUY (confidence: 0.20)
  📝 Reason: 5m: MACD bullish; 15m: MACD bearish; 1h: RSI oversold (27.0); 1h: MACD bearish

[08:01:36] Cycle 831
  💰 Current Price: $84.24
  🎯 Signal: BUY (confidence: 0.20)
  📝 Reason: 5m: MACD bullish; 15m: MACD bearish; 1h: RSI oversold (27.0); 1h: MACD bearish

[08:02:07] Cycle 832
  💰 Current Price: $84.24
  🎯 Signal: BUY (confidence: 0.20)
  📝 Reason: 5m: MACD bullish; 15m: MACD bearish; 1h: RSI oversold (27.0); 1h: MACD bearish

[08:02:38] Cycle 833
  💰 Current Price: $84.24
  🎯 Signal: BUY (confidence: 0.20)
  📝 Reason: 5m: MACD bullish; 15m: MACD bearish; 1h: RSI oversold (27.0); 1h: MACD bearish

[08:03:08] Cycle 834
  💰 Current Price: $84.25
  🎯 Signal: BUY (confidence: 0.20)
  📝 Reason: 5m: MACD bullish; 15m: MACD bearish; 1h: RSI oversold (26.8); 1h: MACD bearish

[08:03:39] Cycle 835
  💰 Current Price: $84.23
  🎯 Signal: BUY (confidence: 0.20)
  📝 Reason: 5m: MACD bullish; 15m: MACD bearish; 1h: RSI oversold (26.8); 1h: MACD bearish

[08:04:10] Cycle 836
  💰 Current Price: $84.23
  🎯 Signal: BUY (confidence: 0.20)
  📝 Reason: 5m: MACD bullish; 15m: MACD bearish; 1h: RSI oversold (27.1); 1h: MACD bearish

[08:04:40] Cycle 837
  💰 Current Price: $84.25
  🎯 Signal: BUY (confidence: 0.20)
  📝 Reason: 5m: MACD bullish; 15m: MACD bearish; 1h: RSI oversold (27.1); 1h: MACD bearish

[08:05:11] Cycle 838
  💰 Current Price: $84.28
  🎯 Signal: BUY (confidence: 0.20)
  📝 Reason: 5m: MACD bullish; 15m: MACD bearish; 1h: RSI oversold (27.4); 1h: MACD bearish

[08:05:42] Cycle 839
  💰 Current Price: $84.29
  🎯 Signal: BUY (confidence: 0.20)
  📝 Reason: 5m: MACD bullish; 15m: MACD bearish; 1h: RSI oversold (27.6); 1h: MACD bearish

[08:06:13] Cycle 840
  💰 Current Price: $84.27
  🎯 Signal: BUY (confidence: 0.20)
  📝 Reason: 5m: MACD bullish; 15m: MACD bearish; 1h: RSI oversold (27.3); 1h: MACD bearish

[08:06:44] Cycle 841
  💰 Current Price: $84.22
  🎯 Signal: BUY (confidence: 0.20)
  📝 Reason: 5m: MACD bullish; 15m: MACD bearish; 1h: RSI oversold (27.0); 1h: MACD bearish

[08:07:14] Cycle 842
  💰 Current Price: $84.25
  🎯 Signal: BUY (confidence: 0.20)
  📝 Reason: 5m: MACD bullish; 15m: MACD bearish; 1h: RSI oversold (27.1); 1h: MACD bearish

[08:07:45] Cycle 843
  💰 Current Price: $84.25
  🎯 Signal: BUY (confidence: 0.20)
  📝 Reason: 5m: MACD bullish; 15m: MACD bearish; 1h: RSI oversold (27.1); 1h: MACD bearish

[08:08:16] Cycle 844
  💰 Current Price: $84.28
  🎯 Signal: BUY (confidence: 0.20)
  📝 Reason: 5m: MACD bullish; 15m: MACD bearish; 1h: RSI oversold (27.4); 1h: MACD bearish

[08:08:47] Cycle 845
  💰 Current Price: $84.27
  🎯 Signal: BUY (confidence: 0.20)
  📝 Reason: 5m: MACD bullish; 15m: MACD bearish; 1h: RSI oversold (27.3); 1h: MACD bearish

[08:09:18] Cycle 846
  💰 Current Price: $84.26
  🎯 Signal: BUY (confidence: 0.20)
  📝 Reason: 5m: MACD bullish; 15m: MACD bearish; 1h: RSI oversold (27.1); 1h: MACD bearish

[08:09:49] Cycle 847
  💰 Current Price: $84.20
  🎯 Signal: BUY (confidence: 0.20)
  📝 Reason: 5m: MACD bullish; 15m: MACD bearish; 1h: RSI oversold (26.5); 1h: MACD bearish

[08:10:19] Cycle 848
  💰 Current Price: $84.20
  🎯 Signal: BUY (confidence: 0.20)
  📝 Reason: 5m: MACD bullish; 15m: MACD bearish; 1h: RSI oversold (26.5); 1h: MACD bearish

[08:10:50] Cycle 849
  💰 Current Price: $84.15
  🎯 Signal: BUY (confidence: 0.20)
  📝 Reason: 5m: MACD bullish; 15m: MACD bearish; 1h: RSI oversold (25.9); 1h: MACD bearish

[08:11:21] Cycle 850
  💰 Current Price: $84.13
  🎯 Signal: BUY (confidence: 0.20)
  📝 Reason: 5m: MACD bullish; 15m: MACD bearish; 1h: RSI oversold (25.8); 1h: MACD bearish

[08:11:52] Cycle 851
  💰 Current Price: $84.15
  🎯 Signal: BUY (confidence: 0.20)
  📝 Reason: 5m: MACD bullish; 15m: MACD bearish; 1h: RSI oversold (25.9); 1h: MACD bearish

[08:12:23] Cycle 852
  💰 Current Price: $84.15
  🎯 Signal: BUY (confidence: 0.20)
  📝 Reason: 5m: MACD bullish; 15m: MACD bearish; 1h: RSI oversold (25.9); 1h: MACD bearish

[08:12:53] Cycle 853
  💰 Current Price: $84.15
  🎯 Signal: BUY (confidence: 0.20)
  📝 Reason: 5m: MACD bullish; 15m: MACD bearish; 1h: RSI oversold (25.9); 1h: MACD bearish

[08:13:24] Cycle 854
  💰 Current Price: $84.16
  🎯 Signal: BUY (confidence: 0.20)
  📝 Reason: 5m: MACD bullish; 15m: MACD bearish; 1h: RSI oversold (26.1); 1h: MACD bearish

[08:13:55] Cycle 855
  💰 Current Price: $84.17
  🎯 Signal: BUY (confidence: 0.20)
  📝 Reason: 5m: MACD bullish; 15m: MACD bearish; 1h: RSI oversold (26.2); 1h: MACD bearish

[08:14:26] Cycle 856
  💰 Current Price: $84.17
  🎯 Signal: BUY (confidence: 0.20)
  📝 Reason: 5m: MACD bullish; 15m: MACD bearish; 1h: RSI oversold (26.2); 1h: MACD bearish

[08:14:57] Cycle 857
  💰 Current Price: $84.17
  🎯 Signal: BUY (confidence: 0.20)
  📝 Reason: 5m: MACD bullish; 15m: MACD bearish; 1h: RSI oversold (26.2); 1h: MACD bearish

[08:15:28] Cycle 858
  💰 Current Price: $84.22
  🎯 Signal: BUY (confidence: 0.20)
  📝 Reason: 5m: MACD bullish; 15m: MACD bearish; 1h: RSI oversold (26.7); 1h: MACD bearish

[08:15:59] Cycle 859
  💰 Current Price: $84.24
  🎯 Signal: BUY (confidence: 0.20)
  📝 Reason: 5m: MACD bullish; 15m: MACD bearish; 1h: RSI oversold (27.0); 1h: MACD bearish

[08:16:29] Cycle 860
  💰 Current Price: $84.22
  🎯 Signal: BUY (confidence: 0.20)
  📝 Reason: 5m: MACD bullish; 15m: MACD bearish; 1h: RSI oversold (26.8); 1h: MACD bearish

[08:17:00] Cycle 861
  💰 Current Price: $84.23
  🎯 Signal: BUY (confidence: 0.20)
  📝 Reason: 5m: MACD bullish; 15m: MACD bearish; 1h: RSI oversold (26.8); 1h: MACD bearish

[08:17:31] Cycle 862
  💰 Current Price: $84.24
  🎯 Signal: BUY (confidence: 0.20)
  📝 Reason: 5m: MACD bullish; 15m: MACD bearish; 1h: RSI oversold (27.1); 1h: MACD bearish

[08:18:02] Cycle 863
  💰 Current Price: $84.25
  🎯 Signal: BUY (confidence: 0.20)
  📝 Reason: 5m: MACD bullish; 15m: MACD bearish; 1h: RSI oversold (27.1); 1h: MACD bearish

[08:18:32] Cycle 864
  📝 Reason: 5m: MACD bullish; 15m: MACD bearish; 1h: RSI oversold (26.7); 1h: MACD bearish

[08:15:59] Cycle 867
  💰 Current Price: $84.24
  🎯 Signal: BUY (confidence: 0.20)
  📝 Reason: 5m: MACD bullish; 15m: MACD bearish; 1h: RSI oversold (27.0); 1h: MACD bearish

[08:16:29] Cycle 868
  💰 Current Price: $84.22
  🎯 Signal: BUY (confidence: 0.20)
  📝 Reason: 5m: MACD bullish; 15m: MACD bearish; 1h: RSI oversold (26.8); 1h: MACD bearish

[08:17:00] Cycle 869
  💰 Current Price: $84.23
  🎯 Signal: BUY (confidence: 0.20)
  📝 Reason: 5m: MACD bullish; 15m: MACD bearish; 1h: RSI oversold (26.8); 1h: MACD bearish

[08:17:31] Cycle 870
  💰 Current Price: $84.24
  🎯 Signal: BUY (confidence: 0.20)
  📝 Reason: 5m: MACD bullish; 15m: MACD bearish; 1h: RSI oversold (27.1); 1h: MACD bearish

[08:18:02] Cycle 871
  💰 Current Price: $84.25
  🎯 Signal: BUY (confidence: 0.20)
  📝 Reason: 5m: MACD bullish; 15m: MACD bearish; 1h: RSI oversold (27.1); 1h: MACD bearish

[08:18:32] Cycle 872
  💰 Current Price: $84.37
  🎯 Signal: BUY (confidence: 0.20)
  📝 Reason: 5m: MACD bullish; 15m: MACD bearish; 1h: RSI oversold (30.0); 1h: MACD bearish

[08:19:03] Cycle 873
  💰 Current Price: $84.41
  🎯 Signal: HOLD (confidence: 0.10)
  📝 Reason: 5m: MACD bullish; 15m: MACD bearish; 1h: MACD bearish; 4h: RSI oversold (24.9)

[08:19:34] Cycle 874
  💰 Current Price: $84.37
  🎯 Signal: BUY (confidence: 0.20)
  📝 Reason: 5m: MACD bullish; 15m: MACD bearish; 1h: RSI oversold (29.3); 1h: MACD bearish

[08:20:04] Cycle 875
  💰 Current Price: $84.37
  🎯 Signal: BUY (confidence: 0.20)
  📝 Reason: 5m: MACD bullish; 15m: MACD bearish; 1h: RSI oversold (29.3); 1h: MACD bearish

[08:20:35] Cycle 876
  💰 Current Price: $84.36
  🎯 Signal: BUY (confidence: 0.20)
  📝 Reason: 5m: MACD bullish; 15m: MACD bearish; 1h: RSI oversold (29.0); 1h: MACD bearish

[08:21:06] Cycle 877
  💰 Current Price: $84.32
  🎯 Signal: BUY (confidence: 0.20)
  📝 Reason: 5m: MACD bullish; 15m: MACD bearish; 1h: RSI oversold (27.9); 1h: MACD bearish

[08:21:37] Cycle 878
  💰 Current Price: $84.33
  🎯 Signal: BUY (confidence: 0.20)
  📝 Reason: 5m: MACD bullish; 15m: MACD bearish; 1h: RSI oversold (28.1); 1h: MACD bearish

[08:22:07] Cycle 879
  💰 Current Price: $84.34
  🎯 Signal: BUY (confidence: 0.20)
  📝 Reason: 5m: MACD bullish; 15m: MACD bearish; 1h: RSI oversold (28.4); 1h: MACD bearish

[08:22:38] Cycle 880
  💰 Current Price: $84.34
  🎯 Signal: BUY (confidence: 0.20)
  📝 Reason: 5m: MACD bullish; 15m: MACD bearish; 1h: RSI oversold (28.7); 1h: MACD bearish

[08:23:09] Cycle 881
  💰 Current Price: $84.38
  🎯 Signal: BUY (confidence: 0.20)
  📝 Reason: 5m: MACD bullish; 15m: MACD bearish; 1h: RSI oversold (29.6); 1h: MACD bearish

[08:23:40] Cycle 882
  💰 Current Price: $84.44
  🎯 Signal: HOLD (confidence: 0.10)
  📝 Reason: 5m: MACD bullish; 15m: MACD bearish; 1h: MACD bearish; 4h: RSI oversold (25.1)

[08:24:11] Cycle 883
  💰 Current Price: $84.45
  🎯 Signal: HOLD (confidence: 0.10)
  📝 Reason: 5m: MACD bullish; 15m: MACD bearish; 1h: MACD bearish; 4h: RSI oversold (25.1)

[08:24:41] Cycle 884
  💰 Current Price: $84.45
  🎯 Signal: HOLD (confidence: 0.10)
  📝 Reason: 5m: MACD bullish; 15m: MACD bearish; 1h: MACD bearish; 4h: RSI oversold (25.2)

[08:25:12] Cycle 885
  💰 Current Price: $84.40
  🎯 Signal: HOLD (confidence: 0.10)
  📝 Reason: 5m: MACD bullish; 15m: MACD bearish; 1h: MACD bearish; 4h: RSI oversold (24.9)

[08:25:43] Cycle 886
  💰 Current Price: $84.40
  🎯 Signal: HOLD (confidence: 0.10)
  📝 Reason: 5m: MACD bullish; 15m: MACD bearish; 1h: MACD bearish; 4h: RSI oversold (24.9)

[08:26:14] Cycle 887
  💰 Current Price: $84.40
  🎯 Signal: HOLD (confidence: 0.10)
  📝 Reason: 5m: MACD bullish; 15m: MACD bearish; 1h: MACD bearish; 4h: RSI oversold (24.9)

[08:26:44] Cycle 888
  💰 Current Price: $84.41
  🎯 Signal: BUY (confidence: 0.20)
  📝 Reason: 5m: MACD bullish; 15m: MACD bearish; 1h: RSI oversold (30.0); 1h: MACD bearish

[08:27:15] Cycle 889
  💰 Current Price: $84.38
  🎯 Signal: BUY (confidence: 0.20)
  📝 Reason: 5m: MACD bullish; 15m: MACD bearish; 1h: RSI oversold (29.6); 1h: MACD bearish

[08:27:46] Cycle 890
  💰 Current Price: $84.39
  🎯 Signal: BUY (confidence: 0.20)
  📝 Reason: 5m: MACD bullish; 15m: MACD bearish; 1h: RSI oversold (30.0); 1h: MACD bearish

[08:28:17] Cycle 891
  💰 Current Price: $84.39
  🎯 Signal: BUY (confidence: 0.20)
  📝 Reason: 5m: MACD bullish; 15m: MACD bearish; 1h: RSI oversold (30.0); 1h: MACD bearish

[08:28:47] Cycle 892
  💰 Current Price: $84.44
  🎯 Signal: HOLD (confidence: 0.10)
  📝 Reason: 5m: MACD bullish; 15m: MACD bearish; 1h: MACD bearish; 4h: RSI oversold (25.1)

[08:29:18] Cycle 893
  💰 Current Price: $84.43
  🎯 Signal: HOLD (confidence: 0.10)
  📝 Reason: 5m: MACD bullish; 15m: MACD bearish; 1h: MACD bearish; 4h: RSI oversold (25.1)

[08:29:48] Cycle 894
  💰 Current Price: $84.43
  🎯 Signal: HOLD (confidence: 0.10)
  📝 Reason: 5m: MACD bullish; 15m: MACD bearish; 1h: MACD bearish; 4h: RSI oversold (25.1)

[08:30:20] Cycle 895
  💰 Current Price: $84.40
  🎯 Signal: HOLD (confidence: 0.10)
  📝 Reason: 5m: MACD bullish; 15m: MACD bearish; 1h: MACD bearish; 4h: RSI oversold (24.9)

[08:30:50] Cycle 896
  💰 Current Price: $84.39
  🎯 Signal: BUY (confidence: 0.20)
  📝 Reason: 5m: MACD bullish; 15m: MACD bearish; 1h: RSI oversold (30.0); 1h: MACD bearish

[08:31:21] Cycle 897
  💰 Current Price: $84.44
  🎯 Signal: HOLD (confidence: 0.10)
  📝 Reason: 5m: MACD bullish; 15m: MACD bearish; 1h: MACD bearish; 4h: RSI oversold (25.1)

[08:31:52] Cycle 898
  💰 Current Price: $84.60
  🎯 Signal: HOLD (confidence: 0.10)
  📝 Reason: 5m: MACD bullish; 15m: MACD bearish; 1h: MACD bearish; 4h: RSI oversold (26.0)

[08:32:23] Cycle 899
  💰 Current Price: $84.56
  🎯 Signal: HOLD (confidence: 0.10)
  📝 Reason: 5m: MACD bullish; 15m: MACD bearish; 1h: MACD bearish; 4h: RSI oversold (25.9)

[08:32:53] Cycle 900
  💰 Current Price: $84.54
  🎯 Signal: HOLD (confidence: 0.10)
  📝 Reason: 5m: MACD bullish; 15m: MACD bearish; 1h: MACD bearish; 4h: RSI oversold (25.8)

[08:33:24] Cycle 901
  💰 Current Price: $84.52
  🎯 Signal: HOLD (confidence: 0.10)
  📝 Reason: 5m: MACD bullish; 15m: MACD bearish; 1h: MACD bearish; 4h: RSI oversold (25.5)

[08:33:55] Cycle 902
  💰 Current Price: $84.51
  🎯 Signal: HOLD (confidence: 0.10)
  📝 Reason: 5m: MACD bullish; 15m: MACD bearish; 1h: MACD bearish; 4h: RSI oversold (25.6)

[08:34:26] Cycle 903
  💰 Current Price: $84.50
  🎯 Signal: HOLD (confidence: 0.10)
  📝 Reason: 5m: MACD bullish; 15m: MACD bearish; 1h: MACD bearish; 4h: RSI oversold (25.5)

[08:34:56] Cycle 904
  💰 Current Price: $84.50
  🎯 Signal: HOLD (confidence: 0.10)
  📝 Reason: 5m: MACD bullish; 15m: MACD bearish; 1h: MACD bearish; 4h: RSI oversold (25.5)

[08:35:27] Cycle 905
  💰 Current Price: $84.48
  🎯 Signal: HOLD (confidence: 0.10)
  📝 Reason: 5m: MACD bullish; 15m: MACD bearish; 1h: MACD bearish; 4h: RSI oversold (25.3)

[08:35:58] Cycle 906
  💰 Current Price: $84.47
  🎯 Signal: HOLD (confidence: 0.10)
  📝 Reason: 5m: MACD bullish; 15m: MACD bearish; 1h: MACD bearish; 4h: RSI oversold (25.3)

[08:36:28] Cycle 907
  💰 Current Price: $84.49
  🎯 Signal: HOLD (confidence: 0.10)
  📝 Reason: 5m: MACD bullish; 15m: MACD bearish; 1h: MACD bearish; 4h: RSI oversold (25.5)

[08:36:59] Cycle 908
  💰 Current Price: $84.49
  🎯 Signal: HOLD (confidence: 0.10)
  📝 Reason: 5m: MACD bullish; 15m: MACD bearish; 1h: MACD bearish; 4h: RSI oversold (25.5)

[08:37:29] Cycle 909
  💰 Current Price: $84.49
  🎯 Signal: HOLD (confidence: 0.10)
  📝 Reason: 5m: MACD bullish; 15m: MACD bearish; 1h: MACD bearish; 4h: RSI oversold (25.5)

[08:38:00] Cycle 910
  💰 Current Price: $84.52
  🎯 Signal: HOLD (confidence: 0.10)
  📝 Reason: 5m: MACD bullish; 15m: MACD bearish; 1h: MACD bearish; 4h: RSI oversold (25.5)

[08:38:31] Cycle 911  💰 Current Price: $84.37
  🎯 Signal: BUY (confidence: 0.20)
  📝 Reason: 5m: MACD bullish; 15m: MACD bearish; 1h: RSI oversold (30.0); 1h: MACD bearish

[08:19:03] Cycle 865
  💰 Current Price: $84.41
  🎯 Signal: HOLD (confidence: 0.10)
  📝 Reason: 5m: MACD bullish; 15m: MACD bearish; 1h: MACD bearish; 4h: RSI oversold (24.9)

[08:19:34] Cycle 866
  💰 Current Price: $84.37
  🎯 Signal: BUY (confidence: 0.20)
  📝 Reason: 5m: MACD bullish; 15m: MACD bearish; 1h: RSI oversold (29.3); 1h: MACD bearish

[08:20:04] Cycle 867
  💰 Current Price: $84.37
  🎯 Signal: BUY (confidence: 0.20)
  📝 Reason: 5m: MACD bullish; 15m: MACD bearish; 1h: RSI oversold (29.3); 1h: MACD bearish

[08:20:35] Cycle 868
  💰 Current Price: $84.36
  🎯 Signal: BUY (confidence: 0.20)
  📝 Reason: 5m: MACD bullish; 15m: MACD bearish; 1h: RSI oversold (29.0); 1h: MACD bearish

[08:21:06] Cycle 869
  💰 Current Price: $84.32
  🎯 Signal: BUY (confidence: 0.20)
  📝 Reason: 5m: MACD bullish; 15m: MACD bearish; 1h: RSI oversold (27.9); 1h: MACD bearish

[08:21:37] Cycle 870
  💰 Current Price: $84.33
  🎯 Signal: BUY (confidence: 0.20)
  📝 Reason: 5m: MACD bullish; 15m: MACD bearish; 1h: RSI oversold (28.1); 1h: MACD bearish

[08:22:07] Cycle 871
  💰 Current Price: $84.34
  🎯 Signal: BUY (confidence: 0.20)
  📝 Reason: 5m: MACD bullish; 15m: MACD bearish; 1h: RSI oversold (28.4); 1h: MACD bearish

[08:22:38] Cycle 872
  💰 Current Price: $84.34
  🎯 Signal: BUY (confidence: 0.20)
  📝 Reason: 5m: MACD bullish; 15m: MACD bearish; 1h: RSI oversold (28.7); 1h: MACD bearish

[08:23:09] Cycle 873
  💰 Current Price: $84.38
  🎯 Signal: BUY (confidence: 0.20)
  📝 Reason: 5m: MACD bullish; 15m: MACD bearish; 1h: RSI oversold (29.6); 1h: MACD bearish

[08:23:40] Cycle 874
  💰 Current Price: $84.44
  🎯 Signal: HOLD (confidence: 0.10)
  📝 Reason: 5m: MACD bullish; 15m: MACD bearish; 1h: MACD bearish; 4h: RSI oversold (25.1)

[08:24:11] Cycle 875
  💰 Current Price: $84.45
  🎯 Signal: HOLD (confidence: 0.10)
  📝 Reason: 5m: MACD bullish; 15m: MACD bearish; 1h: MACD bearish; 4h: RSI oversold (25.1)

[08:24:41] Cycle 876
  💰 Current Price: $84.45
  🎯 Signal: HOLD (confidence: 0.10)
  📝 Reason: 5m: MACD bullish; 15m: MACD bearish; 1h: MACD bearish; 4h: RSI oversold (25.2)

[08:25:12] Cycle 877
  💰 Current Price: $84.40
  🎯 Signal: HOLD (confidence: 0.10)
  📝 Reason: 5m: MACD bullish; 15m: MACD bearish; 1h: MACD bearish; 4h: RSI oversold (24.9)

[08:25:43] Cycle 878
  💰 Current Price: $84.40
  🎯 Signal: HOLD (confidence: 0.10)
  📝 Reason: 5m: MACD bullish; 15m: MACD bearish; 1h: MACD bearish; 4h: RSI oversold (24.9)

[08:26:14] Cycle 879
  💰 Current Price: $84.40
  🎯 Signal: HOLD (confidence: 0.10)
  📝 Reason: 5m: MACD bullish; 15m: MACD bearish; 1h: MACD bearish; 4h: RSI oversold (24.9)

[08:26:44] Cycle 880
  💰 Current Price: $84.41
  🎯 Signal: BUY (confidence: 0.20)
  📝 Reason: 5m: MACD bullish; 15m: MACD bearish; 1h: RSI oversold (30.0); 1h: MACD bearish

[08:27:15] Cycle 881
  💰 Current Price: $84.38
  🎯 Signal: BUY (confidence: 0.20)
  📝 Reason: 5m: MACD bullish; 15m: MACD bearish; 1h: RSI oversold (29.6); 1h: MACD bearish

[08:27:46] Cycle 882
  💰 Current Price: $84.39
  🎯 Signal: BUY (confidence: 0.20)
  📝 Reason: 5m: MACD bullish; 15m: MACD bearish; 1h: RSI oversold (30.0); 1h: MACD bearish

[08:28:17] Cycle 883
  💰 Current Price: $84.39
  🎯 Signal: BUY (confidence: 0.20)
  📝 Reason: 5m: MACD bullish; 15m: MACD bearish; 1h: RSI oversold (30.0); 1h: MACD bearish

[08:28:47] Cycle 884
  💰 Current Price: $84.44
  🎯 Signal: HOLD (confidence: 0.10)
  📝 Reason: 5m: MACD bullish; 15m: MACD bearish; 1h: MACD bearish; 4h: RSI oversold (25.1)

[08:29:18] Cycle 885
  💰 Current Price: $84.43
  🎯 Signal: HOLD (confidence: 0.10)
  📝 Reason: 5m: MACD bullish; 15m: MACD bearish; 1h: MACD bearish; 4h: RSI oversold (25.1)

[08:29:49] Cycle 886
  💰 Current Price: $84.43
  🎯 Signal: HOLD (confidence: 0.10)
  📝 Reason: 5m: MACD bullish; 15m: MACD bearish; 1h: MACD bearish; 4h: RSI oversold (25.1)

[08:30:20] Cycle 887
  💰 Current Price: $84.40
  🎯 Signal: HOLD (confidence: 0.10)
  📝 Reason: 5m: MACD bullish; 15m: MACD bearish; 1h: MACD bearish; 4h: RSI oversold (24.9)

[08:30:50] Cycle 888
  💰 Current Price: $84.39
  🎯 Signal: BUY (confidence: 0.20)
  📝 Reason: 5m: MACD bullish; 15m: MACD bearish; 1h: RSI oversold (30.0); 1h: MACD bearish

[08:31:21] Cycle 889
  💰 Current Price: $84.44
  🎯 Signal: HOLD (confidence: 0.10)
  📝 Reason: 5m: MACD bullish; 15m: MACD bearish; 1h: MACD bearish; 4h: RSI oversold (25.1)

[08:31:52] Cycle 890
  💰 Current Price: $84.60
  🎯 Signal: HOLD (confidence: 0.10)
  📝 Reason: 5m: MACD bullish; 15m: MACD bearish; 1h: MACD bearish; 4h: RSI oversold (26.0)

[08:32:23] Cycle 891
  💰 Current Price: $84.56
  🎯 Signal: HOLD (confidence: 0.10)
  📝 Reason: 5m: MACD bullish; 15m: MACD bearish; 1h: MACD bearish; 4h: RSI oversold (25.9)

[08:32:53] Cycle 892
  💰 Current Price: $84.54
  🎯 Signal: HOLD (confidence: 0.10)
  📝 Reason: 5m: MACD bullish; 15m: MACD bearish; 1h: MACD bearish; 4h: RSI oversold (25.8)

[08:33:24] Cycle 893
  💰 Current Price: $84.52
  🎯 Signal: HOLD (confidence: 0.10)
  📝 Reason: 5m: MACD bullish; 15m: MACD bearish; 1h: MACD bearish; 4h: RSI oversold (25.5)

[08:33:55] Cycle 894
  💰 Current Price: $84.51
  🎯 Signal: HOLD (confidence: 0.10)
  📝 Reason: 5m: MACD bullish; 15m: MACD bearish; 1h: MACD bearish; 4h: RSI oversold (25.6)

[08:34:26] Cycle 895
  💰 Current Price: $84.50
  🎯 Signal: HOLD (confidence: 0.10)
  📝 Reason: 5m: MACD bullish; 15m: MACD bearish; 1h: MACD bearish; 4h: RSI oversold (25.5)

[08:34:56] Cycle 896
  💰 Current Price: $84.50
  🎯 Signal: HOLD (confidence: 0.10)
  📝 Reason: 5m: MACD bullish; 15m: MACD bearish; 1h: MACD bearish; 4h: RSI oversold (25.5)

[08:35:27] Cycle 897
  💰 Current Price: $84.48
  🎯 Signal: HOLD (confidence: 0.10)
  📝 Reason: 5m: MACD bullish; 15m: MACD bearish; 1h: MACD bearish; 4h: RSI oversold (25.3)

[08:35:58] Cycle 898
  💰 Current Price: $84.47
  🎯 Signal: HOLD (confidence: 0.10)
  📝 Reason: 5m: MACD bullish; 15m: MACD bearish; 1h: MACD bearish; 4h: RSI oversold (25.3)

[08:36:28] Cycle 899
  💰 Current Price: $84.49
  🎯 Signal: HOLD (confidence: 0.10)
  📝 Reason: 5m: MACD bullish; 15m: MACD bearish; 1h: MACD bearish; 4h: RSI oversold (25.5)

[08:36:59] Cycle 900
  💰 Current Price: $84.49
  🎯 Signal: HOLD (confidence: 0.10)
  📝 Reason: 5m: MACD bullish; 15m: MACD bearish; 1h: MACD bearish; 4h: RSI oversold (25.5)

[08:37:29] Cycle 901
  💰 Current Price: $84.49
  🎯 Signal: HOLD (confidence: 0.10)
  📝 Reason: 5m: MACD bullish; 15m: MACD bearish; 1h: MACD bearish; 4h: RSI oversold (25.5)

[08:38:00] Cycle 902
  💰 Current Price: $84.52
  🎯 Signal: HOLD (confidence: 0.10)
  📝 Reason: 5m: MACD bullish; 15m: MACD bearish; 1h: MACD bearish; 4h: RSI oversold (25.5)

[08:38:31] Cycle 903
  💰 Current Price: $84.46
  🎯 Signal: HOLD (confidence: 0.10)
  📝 Reason: 5m: MACD bullish; 15m: MACD bearish; 1h: MACD bearish; 4h: RSI oversold (25.3)

[08:39:02] Cycle 904
  💰 Current Price: $84.46
  🎯 Signal: HOLD (confidence: 0.10)
  📝 Reason: 5m: MACD bullish; 15m: MACD bearish; 1h: MACD bearish; 4h: RSI oversold (25.3)

[08:39:32] Cycle 905
  💰 Current Price: $84.47
  🎯 Signal: HOLD (confidence: 0.10)
  📝 Reason: 5m: MACD bullish; 15m: MACD bearish; 1h: MACD bearish; 4h: RSI oversold (25.3)

[08:40:03] Cycle 906
  💰 Current Price: $84.45
  🎯 Signal: HOLD (confidence: 0.10)
  📝 Reason: 5m: MACD bullish; 15m: MACD bearish; 1h: MACD bearish; 4h: RSI oversold (25.2)

[08:40:34] Cycle 907
  💰 Current Price: $84.49
  🎯 Signal: HOLD (confidence: 0.10)
  📝 Reason: 5m: MACD bullish; 15m: MACD bearish; 1h: MACD bearish; 4h: RSI oversold (25.5)

[08:41:05] Cycle 908
  💰 Current Price: $84.49
  🎯 Signal: HOLD (confidence: 0.10)

  💰 Current Price: $84.46
  🎯 Signal: HOLD (confidence: 0.10)
  📝 Reason: 5m: MACD bullish; 15m: MACD bearish; 1h: MACD bearish; 4h: RSI oversold (25.3)

[08:39:02] Cycle 912
  💰 Current Price: $84.46
  🎯 Signal: HOLD (confidence: 0.10)
  📝 Reason: 5m: MACD bullish; 15m: MACD bearish; 1h: MACD bearish; 4h: RSI oversold (25.3)

[08:39:32] Cycle 913
  💰 Current Price: $84.47
  🎯 Signal: HOLD (confidence: 0.10)
  📝 Reason: 5m: MACD bullish; 15m: MACD bearish; 1h: MACD bearish; 4h: RSI oversold (25.3)

[08:40:03] Cycle 914
  💰 Current Price: $84.45
  🎯 Signal: HOLD (confidence: 0.10)
  📝 Reason: 5m: MACD bullish; 15m: MACD bearish; 1h: MACD bearish; 4h: RSI oversold (25.2)

[08:40:34] Cycle 915
  💰 Current Price: $84.49
  🎯 Signal: HOLD (confidence: 0.10)
  📝 Reason: 5m: MACD bullish; 15m: MACD bearish; 1h: MACD bearish; 4h: RSI oversold (25.5)

[08:41:05] Cycle 916
  💰 Current Price: $84.49
  🎯 Signal: HOLD (confidence: 0.10)
  📝 Reason: 5m: MACD bullish; 15m: MACD bearish; 1h: MACD bearish; 4h: RSI oversold (25.3)

[08:41:35] Cycle 917
  💰 Current Price: $84.48
  🎯 Signal: HOLD (confidence: 0.10)
  📝 Reason: 5m: MACD bullish; 15m: MACD bearish; 1h: MACD bearish; 4h: RSI oversold (25.4)

[08:42:06] Cycle 918
  💰 Current Price: $84.48
  🎯 Signal: HOLD (confidence: 0.10)
  📝 Reason: 5m: MACD bullish; 15m: MACD bearish; 1h: MACD bearish; 4h: RSI oversold (25.3)

[08:42:37] Cycle 919
  💰 Current Price: $84.48
  🎯 Signal: HOLD (confidence: 0.10)
  📝 Reason: 5m: MACD bullish; 15m: MACD bearish; 1h: MACD bearish; 4h: RSI oversold (25.4)

[08:43:08] Cycle 920
  💰 Current Price: $84.48
  🎯 Signal: HOLD (confidence: 0.10)
  📝 Reason: 5m: MACD bullish; 15m: MACD bearish; 1h: MACD bearish; 4h: RSI oversold (25.3)

[08:43:38] Cycle 921
  💰 Current Price: $84.47
  🎯 Signal: HOLD (confidence: 0.10)
  📝 Reason: 5m: MACD bullish; 15m: MACD bearish; 1h: MACD bearish; 4h: RSI oversold (25.3)

[08:44:09] Cycle 922
  💰 Current Price: $84.48
  🎯 Signal: HOLD (confidence: 0.10)
  📝 Reason: 5m: MACD bullish; 15m: MACD bearish; 1h: MACD bearish; 4h: RSI oversold (25.4)

[08:44:40] Cycle 923
  💰 Current Price: $84.48
  🎯 Signal: HOLD (confidence: 0.10)
  📝 Reason: 5m: MACD bullish; 15m: MACD bearish; 1h: MACD bearish; 4h: RSI oversold (25.4)

[08:45:10] Cycle 924
  💰 Current Price: $84.46
  🎯 Signal: HOLD (confidence: 0.10)
  📝 Reason: 5m: MACD bullish; 15m: MACD bearish; 1h: MACD bearish; 4h: RSI oversold (25.3)

[08:45:41] Cycle 925
  💰 Current Price: $84.47
  🎯 Signal: HOLD (confidence: 0.10)
  📝 Reason: 5m: MACD bullish; 15m: MACD bearish; 1h: MACD bearish; 4h: RSI oversold (25.3)

[08:46:12] Cycle 926
  💰 Current Price: $84.47
  🎯 Signal: HOLD (confidence: 0.10)
  📝 Reason: 5m: MACD bullish; 15m: MACD bearish; 1h: MACD bearish; 4h: RSI oversold (25.3)

[08:46:43] Cycle 927
  💰 Current Price: $84.47
  🎯 Signal: HOLD (confidence: 0.10)
  📝 Reason: 5m: MACD bullish; 15m: MACD bearish; 1h: MACD bearish; 4h: RSI oversold (25.3)

[08:47:14] Cycle 928
  💰 Current Price: $84.47
  🎯 Signal: HOLD (confidence: 0.10)
  📝 Reason: 5m: MACD bullish; 15m: MACD bearish; 1h: MACD bearish; 4h: RSI oversold (25.3)

[08:47:45] Cycle 929
  💰 Current Price: $84.47
  🎯 Signal: HOLD (confidence: 0.10)
  📝 Reason: 5m: MACD bullish; 15m: MACD bearish; 1h: MACD bearish; 4h: RSI oversold (25.3)

[08:48:15] Cycle 930
  💰 Current Price: $84.46
  🎯 Signal: HOLD (confidence: 0.10)
  📝 Reason: 5m: MACD bullish; 15m: MACD bearish; 1h: MACD bearish; 4h: RSI oversold (25.2)

[08:48:46] Cycle 931
  💰 Current Price: $84.47
  🎯 Signal: HOLD (confidence: 0.10)
  📝 Reason: 5m: MACD bullish; 15m: MACD bearish; 1h: MACD bearish; 4h: RSI oversold (25.3)

[08:49:17] Cycle 932
  💰 Current Price: $84.47
  🎯 Signal: HOLD (confidence: 0.10)
  📝 Reason: 5m: MACD bullish; 15m: MACD bearish; 1h: MACD bearish; 4h: RSI oversold (25.3)

[08:49:48] Cycle 933
  💰 Current Price: $84.48
  🎯 Signal: HOLD (confidence: 0.10)
  📝 Reason: 5m: MACD bullish; 15m: MACD bearish; 1h: MACD bearish; 4h: RSI oversold (25.4)

[08:50:18] Cycle 934
  💰 Current Price: $84.51
  🎯 Signal: HOLD (confidence: 0.10)
  📝 Reason: 5m: MACD bullish; 15m: MACD bearish; 1h: MACD bearish; 4h: RSI oversold (25.6)

[08:50:49] Cycle 935
  💰 Current Price: $84.51
  🎯 Signal: HOLD (confidence: 0.10)
  📝 Reason: 5m: MACD bullish; 15m: MACD bearish; 1h: MACD bearish; 4h: RSI oversold (25.6)

[08:51:20] Cycle 936
  💰 Current Price: $84.50
  🎯 Signal: HOLD (confidence: 0.10)
  📝 Reason: 5m: MACD bullish; 15m: MACD bearish; 1h: MACD bearish; 4h: RSI oversold (25.5)

[08:51:50] Cycle 937
  💰 Current Price: $84.53
  🎯 Signal: HOLD (confidence: 0.10)
  📝 Reason: 5m: MACD bullish; 15m: MACD bearish; 1h: MACD bearish; 4h: RSI oversold (25.8)

[08:52:21] Cycle 938
  💰 Current Price: $84.53
  🎯 Signal: HOLD (confidence: 0.10)
  📝 Reason: 5m: MACD bullish; 15m: MACD bearish; 1h: MACD bearish; 4h: RSI oversold (25.8)

[08:52:52] Cycle 939
  💰 Current Price: $84.53
  🎯 Signal: HOLD (confidence: 0.10)
  📝 Reason: 5m: MACD bullish; 15m: MACD bearish; 1h: MACD bearish; 4h: RSI oversold (25.7)

[08:53:23] Cycle 940
  💰 Current Price: $84.54
  🎯 Signal: HOLD (confidence: 0.10)
  📝 Reason: 5m: MACD bullish; 15m: MACD bearish; 1h: MACD bearish; 4h: RSI oversold (25.8)

[08:53:53] Cycle 941
  💰 Current Price: $84.54
  🎯 Signal: HOLD (confidence: 0.10)
  📝 Reason: 5m: MACD bullish; 15m: MACD bearish; 1h: MACD bearish; 4h: RSI oversold (25.8)

[08:54:24] Cycle 942
  💰 Current Price: $84.54
  🎯 Signal: HOLD (confidence: 0.10)
  📝 Reason: 5m: MACD bullish; 15m: MACD bearish; 1h: MACD bearish; 4h: RSI oversold (25.8)

[08:54:55] Cycle 943
  💰 Current Price: $84.50
  🎯 Signal: HOLD (confidence: 0.10)
  📝 Reason: 5m: MACD bullish; 15m: MACD bearish; 1h: MACD bearish; 4h: RSI oversold (25.5)

[08:55:26] Cycle 944
  💰 Current Price: $84.47
  🎯 Signal: HOLD (confidence: 0.10)
  📝 Reason: 5m: MACD bullish; 15m: MACD bearish; 1h: MACD bearish; 4h: RSI oversold (25.3)

[08:55:56] Cycle 945
  💰 Current Price: $84.47
  🎯 Signal: HOLD (confidence: 0.10)
  📝 Reason: 5m: MACD bullish; 15m: MACD bearish; 1h: MACD bearish; 4h: RSI oversold (25.3)

[08:56:27] Cycle 946
  💰 Current Price: $84.38
  🎯 Signal: BUY (confidence: 0.20)
  📝 Reason: 5m: MACD bullish; 15m: MACD bearish; 1h: RSI oversold (29.6); 1h: MACD bearish

[08:56:57] Cycle 947
  💰 Current Price: $84.38
  🎯 Signal: BUY (confidence: 0.20)
  📝 Reason: 5m: MACD bullish; 15m: MACD bearish; 1h: RSI oversold (27.2); 1h: MACD bearish

[08:57:28] Cycle 948
  💰 Current Price: $84.26
  🎯 Signal: BUY (confidence: 0.20)
  📝 Reason: 5m: MACD bullish; 15m: MACD bearish; 1h: RSI oversold (27.2); 1h: MACD bearish

[08:57:59] Cycle 949
  💰 Current Price: $84.27
  🎯 Signal: BUY (confidence: 0.20)
  📝 Reason: 5m: MACD bullish; 15m: MACD bearish; 1h: RSI oversold (27.3); 1h: MACD bearish

[08:58:30] Cycle 950
  💰 Current Price: $84.30
  🎯 Signal: BUY (confidence: 0.20)
  📝 Reason: 5m: MACD bullish; 15m: MACD bearish; 1h: RSI oversold (27.7); 1h: MACD bearish

[08:59:01] Cycle 951
  💰 Current Price: $84.27
  🎯 Signal: BUY (confidence: 0.20)
  📝 Reason: 5m: MACD bullish; 15m: MACD bearish; 1h: RSI oversold (27.3); 1h: MACD bearish

[08:59:31] Cycle 952
  💰 Current Price: $84.39
  🎯 Signal: BUY (confidence: 0.20)
  📝 Reason: 5m: MACD bullish; 15m: MACD bearish; 1h: RSI oversold (30.0); 1h: MACD bearish

[09:00:02] Cycle 953
  💰 Current Price: $84.36
  🎯 Signal: BUY (confidence: 0.20)
  📝 Reason: 5m: MACD bullish; 15m: MACD bearish; 1h: RSI oversold (30.0); 1h: MACD bearish

[09:00:33] Cycle 954
  💰 Current Price: $84.36
  🎯 Signal: BUY (confidence: 0.20)
  📝 Reason: 5m: MACD bullish; 15m: MACD bearish; 1h: RSI oversold (30.0); 1h: MACD bearish

[09:01:04] Cycle 955
  💰 Current Price: $84.33
  🎯 Signal: BUY (confidence: 0.20)
  📝 Reason: 5m: MACD bullish; 15m: MACD bearish; 1h: MACD bearish; 4h: RSI oversold (25.3)

[08:41:35] Cycle 909
  💰 Current Price: $84.48
  🎯 Signal: HOLD (confidence: 0.10)
  📝 Reason: 5m: MACD bullish; 15m: MACD bearish; 1h: MACD bearish; 4h: RSI oversold (25.4)

[08:42:06] Cycle 910
  💰 Current Price: $84.48
  🎯 Signal: HOLD (confidence: 0.10)
  📝 Reason: 5m: MACD bullish; 15m: MACD bearish; 1h: MACD bearish; 4h: RSI oversold (25.3)

[08:42:37] Cycle 911
  💰 Current Price: $84.48
  🎯 Signal: HOLD (confidence: 0.10)
  📝 Reason: 5m: MACD bullish; 15m: MACD bearish; 1h: MACD bearish; 4h: RSI oversold (25.4)

[08:43:08] Cycle 912
  💰 Current Price: $84.48
  🎯 Signal: HOLD (confidence: 0.10)
  📝 Reason: 5m: MACD bullish; 15m: MACD bearish; 1h: MACD bearish; 4h: RSI oversold (25.3)

[08:43:38] Cycle 913
  💰 Current Price: $84.47
  🎯 Signal: HOLD (confidence: 0.10)
  📝 Reason: 5m: MACD bullish; 15m: MACD bearish; 1h: MACD bearish; 4h: RSI oversold (25.3)

[08:44:09] Cycle 914
  💰 Current Price: $84.48
  🎯 Signal: HOLD (confidence: 0.10)
  📝 Reason: 5m: MACD bullish; 15m: MACD bearish; 1h: MACD bearish; 4h: RSI oversold (25.4)

[08:44:40] Cycle 915
  💰 Current Price: $84.48
  🎯 Signal: HOLD (confidence: 0.10)
  📝 Reason: 5m: MACD bullish; 15m: MACD bearish; 1h: MACD bearish; 4h: RSI oversold (25.4)

[08:45:10] Cycle 916
  💰 Current Price: $84.46
  🎯 Signal: HOLD (confidence: 0.10)
  📝 Reason: 5m: MACD bullish; 15m: MACD bearish; 1h: MACD bearish; 4h: RSI oversold (25.3)

[08:45:41] Cycle 917
  💰 Current Price: $84.47
  🎯 Signal: HOLD (confidence: 0.10)
  📝 Reason: 5m: MACD bullish; 15m: MACD bearish; 1h: MACD bearish; 4h: RSI oversold (25.3)

[08:46:12] Cycle 918
  💰 Current Price: $84.47
  🎯 Signal: HOLD (confidence: 0.10)
  📝 Reason: 5m: MACD bullish; 15m: MACD bearish; 1h: MACD bearish; 4h: RSI oversold (25.3)

[08:46:43] Cycle 919
  💰 Current Price: $84.47
  🎯 Signal: HOLD (confidence: 0.10)
  📝 Reason: 5m: MACD bullish; 15m: MACD bearish; 1h: MACD bearish; 4h: RSI oversold (25.3)

[08:47:14] Cycle 920
  💰 Current Price: $84.47
  🎯 Signal: HOLD (confidence: 0.10)
  📝 Reason: 5m: MACD bullish; 15m: MACD bearish; 1h: MACD bearish; 4h: RSI oversold (25.3)

[08:47:45] Cycle 921
  💰 Current Price: $84.47
  🎯 Signal: HOLD (confidence: 0.10)
  📝 Reason: 5m: MACD bullish; 15m: MACD bearish; 1h: MACD bearish; 4h: RSI oversold (25.3)

[08:48:15] Cycle 922
  💰 Current Price: $84.46
  🎯 Signal: HOLD (confidence: 0.10)
  📝 Reason: 5m: MACD bullish; 15m: MACD bearish; 1h: MACD bearish; 4h: RSI oversold (25.2)

[08:48:46] Cycle 923
  💰 Current Price: $84.47
  🎯 Signal: HOLD (confidence: 0.10)
  📝 Reason: 5m: MACD bullish; 15m: MACD bearish; 1h: MACD bearish; 4h: RSI oversold (25.3)

[08:49:17] Cycle 924
  💰 Current Price: $84.47
  🎯 Signal: HOLD (confidence: 0.10)
  📝 Reason: 5m: MACD bullish; 15m: MACD bearish; 1h: MACD bearish; 4h: RSI oversold (25.3)

[08:49:48] Cycle 925
  💰 Current Price: $84.48
  🎯 Signal: HOLD (confidence: 0.10)
  📝 Reason: 5m: MACD bullish; 15m: MACD bearish; 1h: MACD bearish; 4h: RSI oversold (25.4)

[08:50:18] Cycle 926
  💰 Current Price: $84.51
  🎯 Signal: HOLD (confidence: 0.10)
  📝 Reason: 5m: MACD bullish; 15m: MACD bearish; 1h: MACD bearish; 4h: RSI oversold (25.6)

[08:50:49] Cycle 927
  💰 Current Price: $84.51
  🎯 Signal: HOLD (confidence: 0.10)
  📝 Reason: 5m: MACD bullish; 15m: MACD bearish; 1h: MACD bearish; 4h: RSI oversold (25.6)

[08:51:20] Cycle 928
  💰 Current Price: $84.50
  🎯 Signal: HOLD (confidence: 0.10)
  📝 Reason: 5m: MACD bullish; 15m: MACD bearish; 1h: MACD bearish; 4h: RSI oversold (25.5)

[08:51:50] Cycle 929
  💰 Current Price: $84.53
  🎯 Signal: HOLD (confidence: 0.10)
  📝 Reason: 5m: MACD bullish; 15m: MACD bearish; 1h: MACD bearish; 4h: RSI oversold (25.8)

[08:52:21] Cycle 930
  💰 Current Price: $84.53
  🎯 Signal: HOLD (confidence: 0.10)
  📝 Reason: 5m: MACD bullish; 15m: MACD bearish; 1h: MACD bearish; 4h: RSI oversold (25.8)

[08:52:52] Cycle 931
  💰 Current Price: $84.53
  🎯 Signal: HOLD (confidence: 0.10)
  📝 Reason: 5m: MACD bullish; 15m: MACD bearish; 1h: MACD bearish; 4h: RSI oversold (25.7)

[08:53:23] Cycle 932
  💰 Current Price: $84.54
  🎯 Signal: HOLD (confidence: 0.10)
  📝 Reason: 5m: MACD bullish; 15m: MACD bearish; 1h: MACD bearish; 4h: RSI oversold (25.8)

[08:53:53] Cycle 933
  💰 Current Price: $84.54
  🎯 Signal: HOLD (confidence: 0.10)
  📝 Reason: 5m: MACD bullish; 15m: MACD bearish; 1h: MACD bearish; 4h: RSI oversold (25.8)

[08:54:24] Cycle 934
  💰 Current Price: $84.54
  🎯 Signal: HOLD (confidence: 0.10)
  📝 Reason: 5m: MACD bullish; 15m: MACD bearish; 1h: MACD bearish; 4h: RSI oversold (25.8)

[08:54:55] Cycle 935
  💰 Current Price: $84.50
  🎯 Signal: HOLD (confidence: 0.10)
  📝 Reason: 5m: MACD bullish; 15m: MACD bearish; 1h: MACD bearish; 4h: RSI oversold (25.5)

[08:55:26] Cycle 936
  💰 Current Price: $84.47
  🎯 Signal: HOLD (confidence: 0.10)
  📝 Reason: 5m: MACD bullish; 15m: MACD bearish; 1h: MACD bearish; 4h: RSI oversold (25.3)

[08:55:56] Cycle 937
  💰 Current Price: $84.47
  🎯 Signal: HOLD (confidence: 0.10)
  📝 Reason: 5m: MACD bullish; 15m: MACD bearish; 1h: MACD bearish; 4h: RSI oversold (25.3)

[08:56:27] Cycle 938
  💰 Current Price: $84.38
  🎯 Signal: BUY (confidence: 0.20)
  📝 Reason: 5m: MACD bullish; 15m: MACD bearish; 1h: RSI oversold (29.6); 1h: MACD bearish

[08:56:57] Cycle 939
  💰 Current Price: $84.38
  🎯 Signal: BUY (confidence: 0.20)
  📝 Reason: 5m: MACD bullish; 15m: MACD bearish; 1h: RSI oversold (27.2); 1h: MACD bearish

[08:57:28] Cycle 940
  💰 Current Price: $84.26
  🎯 Signal: BUY (confidence: 0.20)
  📝 Reason: 5m: MACD bullish; 15m: MACD bearish; 1h: RSI oversold (27.2); 1h: MACD bearish

[08:57:59] Cycle 941
  💰 Current Price: $84.27
  🎯 Signal: BUY (confidence: 0.20)
  📝 Reason: 5m: MACD bullish; 15m: MACD bearish; 1h: RSI oversold (27.3); 1h: MACD bearish

[08:58:30] Cycle 942
  💰 Current Price: $84.30
  🎯 Signal: BUY (confidence: 0.20)
  📝 Reason: 5m: MACD bullish; 15m: MACD bearish; 1h: RSI oversold (27.7); 1h: MACD bearish

[08:59:01] Cycle 943
  💰 Current Price: $84.27
  🎯 Signal: BUY (confidence: 0.20)
  📝 Reason: 5m: MACD bullish; 15m: MACD bearish; 1h: RSI oversold (27.3); 1h: MACD bearish

[08:59:31] Cycle 944
  💰 Current Price: $84.39
  🎯 Signal: BUY (confidence: 0.20)
  📝 Reason: 5m: MACD bullish; 15m: MACD bearish; 1h: RSI oversold (30.0); 1h: MACD bearish

[09:00:02] Cycle 945
  💰 Current Price: $84.36
  🎯 Signal: BUY (confidence: 0.20)
  📝 Reason: 5m: MACD bullish; 15m: MACD bearish; 1h: RSI oversold (30.0); 1h: MACD bearish

[09:00:33] Cycle 946
  💰 Current Price: $84.36
  🎯 Signal: BUY (confidence: 0.20)
  📝 Reason: 5m: MACD bullish; 15m: MACD bearish; 1h: RSI oversold (30.0); 1h: MACD bearish

[09:01:04] Cycle 947
  💰 Current Price: $84.33
  🎯 Signal: BUY (confidence: 0.20)
  📝 Reason: 5m: MACD bullish; 15m: MACD bearish; 1h: RSI oversold (29.5); 1h: MACD bearish

[09:01:34] Cycle 948
  💰 Current Price: $84.32
  🎯 Signal: BUY (confidence: 0.20)
  📝 Reason: 5m: MACD bullish; 15m: MACD bearish; 1h: RSI oversold (29.4); 1h: MACD bearish

[09:02:05] Cycle 949
  💰 Current Price: $84.28
  🎯 Signal: BUY (confidence: 0.20)
  📝 Reason: 5m: MACD bullish; 15m: MACD bearish; 1h: RSI oversold (28.5); 1h: MACD bearish

[09:02:36] Cycle 950
  💰 Current Price: $84.25
  🎯 Signal: BUY (confidence: 0.20)
  📝 Reason: 5m: MACD bullish; 15m: MACD bearish; 1h: RSI oversold (28.5); 1h: MACD bearish

[09:03:06] Cycle 951
  💰 Current Price: $84.20
  🎯 Signal: BUY (confidence: 0.20)
  📝 Reason: 5m: MACD bullish; 15m: MACD bearish; 1h: RSI oversold (27.9); 1h: MACD bearish

[09:03:37] Cycle 952
  💰 Current Price: $84.21
  🎯 Signal: BUY (confidence: 0.20)
  📝 Reason: 5m: MACD bullish; 15m: MACD bearish; 1h: RSI oversold (28.0); 1h: MACD bearish
  📝 Reason: 5m: MACD bullish; 15m: MACD bearish; 1h: RSI oversold (29.5); 1h: MACD bearish

[09:01:34] Cycle 956
  💰 Current Price: $84.32
  🎯 Signal: BUY (confidence: 0.20)
  📝 Reason: 5m: MACD bullish; 15m: MACD bearish; 1h: RSI oversold (29.4); 1h: MACD bearish

[09:02:05] Cycle 957
  💰 Current Price: $84.28
  🎯 Signal: BUY (confidence: 0.20)
  📝 Reason: 5m: MACD bullish; 15m: MACD bearish; 1h: RSI oversold (28.5); 1h: MACD bearish

[09:02:36] Cycle 958
  💰 Current Price: $84.25
  🎯 Signal: BUY (confidence: 0.20)
  📝 Reason: 5m: MACD bullish; 15m: MACD bearish; 1h: RSI oversold (28.5); 1h: MACD bearish

[09:03:06] Cycle 959
  💰 Current Price: $84.20
  🎯 Signal: BUY (confidence: 0.20)
  📝 Reason: 5m: MACD bullish; 15m: MACD bearish; 1h: RSI oversold (27.9); 1h: MACD bearish

[09:03:37] Cycle 960
  💰 Current Price: $84.21
  🎯 Signal: BUY (confidence: 0.20)
  📝 Reason: 5m: MACD bullish; 15m: MACD bearish; 1h: RSI oversold (28.0); 1h: MACD bearish

[09:04:08] Cycle 961
  💰 Current Price: $84.26
  🎯 Signal: BUY (confidence: 0.20)
  📝 Reason: 5m: MACD bullish; 15m: MACD bearish; 1h: RSI oversold (28.6); 1h: MACD bearish

[09:04:39] Cycle 962
  💰 Current Price: $84.23
  🎯 Signal: BUY (confidence: 0.20)
  📝 Reason: 5m: MACD bullish; 15m: MACD bearish; 1h: RSI oversold (28.3); 1h: MACD bearish

[09:05:10] Cycle 963
  💰 Current Price: $84.26
  🎯 Signal: BUY (confidence: 0.20)
  📝 Reason: 5m: MACD bullish; 15m: MACD bearish; 1h: RSI oversold (28.9); 1h: MACD bearish

[09:05:40] Cycle 964
  💰 Current Price: $84.28
  🎯 Signal: BUY (confidence: 0.20)
  📝 Reason: 5m: MACD bullish; 15m: MACD bearish; 1h: RSI oversold (29.0); 1h: MACD bearish

[09:06:11] Cycle 965
  💰 Current Price: $84.28
  🎯 Signal: BUY (confidence: 0.20)
  📝 Reason: 5m: MACD bullish; 15m: MACD bearish; 1h: RSI oversold (28.9); 1h: MACD bearish

[09:06:42] Cycle 966
  💰 Current Price: $84.28
  🎯 Signal: BUY (confidence: 0.20)
  📝 Reason: 5m: MACD bullish; 15m: MACD bearish; 1h: RSI oversold (29.0); 1h: MACD bearish

[09:07:13] Cycle 967
  💰 Current Price: $84.29
  🎯 Signal: BUY (confidence: 0.20)
  📝 Reason: 5m: MACD bullish; 15m: MACD bearish; 1h: RSI oversold (29.0); 1h: MACD bearish

[09:07:44] Cycle 968
  💰 Current Price: $84.28
  🎯 Signal: BUY (confidence: 0.20)
  📝 Reason: 5m: MACD bullish; 15m: MACD bearish; 1h: RSI oversold (29.0); 1h: MACD bearish

[09:08:14] Cycle 969
  💰 Current Price: $84.29
  🎯 Signal: BUY (confidence: 0.20)
  📝 Reason: 5m: MACD bullish; 15m: MACD bearish; 1h: RSI oversold (29.4); 1h: MACD bearish

[09:08:45] Cycle 970
  💰 Current Price: $84.31
  🎯 Signal: BUY (confidence: 0.20)
  📝 Reason: 5m: MACD bullish; 15m: MACD bearish; 1h: RSI oversold (29.3); 1h: MACD bearish

[09:09:16] Cycle 971
  💰 Current Price: $84.33
  🎯 Signal: BUY (confidence: 0.20)
  📝 Reason: 5m: MACD bullish; 15m: MACD bearish; 1h: RSI oversold (29.5); 1h: MACD bearish

[09:09:47] Cycle 972
  💰 Current Price: $84.35
  🎯 Signal: BUY (confidence: 0.20)
  📝 Reason: 5m: MACD bullish; 15m: MACD bearish; 1h: RSI oversold (29.8); 1h: MACD bearish

[09:10:18] Cycle 973
  💰 Current Price: $84.35
  🎯 Signal: BUY (confidence: 0.20)
  📝 Reason: 5m: MACD bullish; 15m: MACD bearish; 1h: RSI oversold (29.8); 1h: MACD bearish

[09:10:49] Cycle 974
  💰 Current Price: $84.36
  🎯 Signal: HOLD (confidence: 0.10)
  📝 Reason: 5m: MACD bullish; 15m: MACD bearish; 1h: MACD bearish; 4h: RSI oversold (24.7)

[09:11:19] Cycle 975
  💰 Current Price: $84.37
  🎯 Signal: HOLD (confidence: 0.10)
  📝 Reason: 5m: MACD bullish; 15m: MACD bearish; 1h: MACD bearish; 4h: RSI oversold (24.7)

[09:11:50] Cycle 976
  💰 Current Price: $84.47
  🎯 Signal: HOLD (confidence: 0.10)
  📝 Reason: 5m: MACD bullish; 15m: MACD bearish; 1h: MACD bearish; 4h: RSI oversold (25.3)

[09:12:21] Cycle 977
  💰 Current Price: $84.51
  🎯 Signal: HOLD (confidence: 0.10)
  📝 Reason: 5m: MACD bullish; 15m: MACD bearish; 1h: MACD bearish; 4h: RSI oversold (25.6)

[09:12:52] Cycle 978
  💰 Current Price: $84.51
  🎯 Signal: HOLD (confidence: 0.10)
  📝 Reason: 5m: MACD bullish; 15m: MACD bearish; 1h: MACD bearish; 4h: RSI oversold (25.6)

[09:13:23] Cycle 979
  💰 Current Price: $84.55
  🎯 Signal: HOLD (confidence: 0.10)
  📝 Reason: 5m: MACD bullish; 15m: MACD bullish; 1h: MACD bearish; 4h: RSI oversold (25.9)

[09:13:53] Cycle 980
  💰 Current Price: $84.55
  🎯 Signal: HOLD (confidence: 0.10)
  📝 Reason: 5m: MACD bullish; 15m: MACD bullish; 1h: MACD bearish; 4h: RSI oversold (25.9)

[09:14:24] Cycle 981
  💰 Current Price: $84.55
  🎯 Signal: HOLD (confidence: 0.10)
  📝 Reason: 5m: MACD bullish; 15m: MACD bullish; 1h: MACD bearish; 4h: RSI oversold (25.9)

[09:14:55] Cycle 982
  💰 Current Price: $84.55
  🎯 Signal: HOLD (confidence: 0.10)
  📝 Reason: 5m: MACD bullish; 15m: MACD bullish; 1h: MACD bearish; 4h: RSI oversold (25.9)

[09:15:25] Cycle 983
  💰 Current Price: $84.56
  🎯 Signal: HOLD (confidence: 0.10)
  📝 Reason: 5m: MACD bullish; 15m: MACD bullish; 1h: MACD bearish; 4h: RSI oversold (26.0)

[09:15:56] Cycle 984
  💰 Current Price: $84.63
  🎯 Signal: HOLD (confidence: 0.10)
  📝 Reason: 5m: MACD bullish; 15m: MACD bullish; 1h: MACD bearish; 4h: RSI oversold (26.4)

[09:16:27] Cycle 985
  💰 Current Price: $84.63
  🎯 Signal: HOLD (confidence: 0.10)
  📝 Reason: 5m: MACD bullish; 15m: MACD bullish; 1h: MACD bearish; 4h: RSI oversold (26.4)

[09:16:58] Cycle 986
  💰 Current Price: $84.64
  🎯 Signal: HOLD (confidence: 0.10)
  📝 Reason: 5m: MACD bullish; 15m: MACD bullish; 1h: MACD bearish; 4h: RSI oversold (26.4)

[09:17:29] Cycle 987
  💰 Current Price: $84.57
  🎯 Signal: HOLD (confidence: 0.10)
  📝 Reason: 5m: MACD bullish; 15m: MACD bullish; 1h: MACD bearish; 4h: RSI oversold (26.0)

[09:18:00] Cycle 988
  💰 Current Price: $84.59
  🎯 Signal: HOLD (confidence: 0.10)
  📝 Reason: 5m: MACD bullish; 15m: MACD bullish; 1h: MACD bearish; 4h: RSI oversold (26.1)

[09:18:30] Cycle 989
  💰 Current Price: $84.61
  🎯 Signal: HOLD (confidence: 0.10)
  📝 Reason: 5m: MACD bullish; 15m: MACD bullish; 1h: MACD bearish; 4h: RSI oversold (26.3)

[09:19:01] Cycle 990
  💰 Current Price: $84.56
  🎯 Signal: HOLD (confidence: 0.10)
  📝 Reason: 5m: MACD bullish; 15m: MACD bullish; 1h: MACD bearish; 4h: RSI oversold (25.9)

[09:19:32] Cycle 991
  💰 Current Price: $84.56
  🎯 Signal: HOLD (confidence: 0.10)
  📝 Reason: 5m: MACD bullish; 15m: MACD bullish; 1h: MACD bearish; 4h: RSI oversold (25.9)

[09:20:03] Cycle 992
  💰 Current Price: $84.54
  🎯 Signal: HOLD (confidence: 0.10)
  📝 Reason: 5m: MACD bullish; 15m: MACD bullish; 1h: MACD bearish; 4h: RSI oversold (26.0)

[09:20:34] Cycle 993
  💰 Current Price: $84.57
  🎯 Signal: HOLD (confidence: 0.10)
  📝 Reason: 5m: MACD bullish; 15m: MACD bullish; 1h: MACD bearish; 4h: RSI oversold (26.0)

[09:21:04] Cycle 994
  💰 Current Price: $84.58
  🎯 Signal: HOLD (confidence: 0.10)
  📝 Reason: 5m: MACD bullish; 15m: MACD bullish; 1h: MACD bearish; 4h: RSI oversold (25.9)

[09:21:35] Cycle 995
  💰 Current Price: $84.54
  🎯 Signal: HOLD (confidence: 0.10)
  📝 Reason: 5m: MACD bullish; 15m: MACD bullish; 1h: MACD bearish; 4h: RSI oversold (25.8)

[09:22:06] Cycle 996
  💰 Current Price: $84.54
  🎯 Signal: HOLD (confidence: 0.10)
  📝 Reason: 5m: MACD bullish; 15m: MACD bullish; 1h: MACD bearish; 4h: RSI oversold (25.8)

[09:22:37] Cycle 997
  💰 Current Price: $84.53
  🎯 Signal: HOLD (confidence: 0.10)
  📝 Reason: 5m: MACD bullish; 15m: MACD bullish; 1h: MACD bearish; 4h: RSI oversold (25.7)

[09:23:07] Cycle 998
  💰 Current Price: $84.52
  🎯 Signal: HOLD (confidence: 0.10)
  📝 Reason: 5m: MACD bullish; 15m: MACD bullish; 1h: MACD bearish; 4h: RSI oversold (25.8)

[09:23:38] Cycle 999
  💰 Current Price: $84.55
  🎯 Signal: HOLD (confidence: 0.10)
  📝 Reason: 5m: MACD bullish; 15m: MACD bullish; 1h: MACD bearish; 4h: RSI oversold (25.9)

[09:04:08] Cycle 953
  💰 Current Price: $84.26
  🎯 Signal: BUY (confidence: 0.20)
  📝 Reason: 5m: MACD bullish; 15m: MACD bearish; 1h: RSI oversold (28.6); 1h: MACD bearish

[09:04:39] Cycle 954
  💰 Current Price: $84.23
  🎯 Signal: BUY (confidence: 0.20)
  📝 Reason: 5m: MACD bullish; 15m: MACD bearish; 1h: RSI oversold (28.3); 1h: MACD bearish

[09:05:10] Cycle 955
  💰 Current Price: $84.26
  🎯 Signal: BUY (confidence: 0.20)
  📝 Reason: 5m: MACD bullish; 15m: MACD bearish; 1h: RSI oversold (28.9); 1h: MACD bearish

[09:05:40] Cycle 956
  💰 Current Price: $84.28
  🎯 Signal: BUY (confidence: 0.20)
  📝 Reason: 5m: MACD bullish; 15m: MACD bearish; 1h: RSI oversold (29.0); 1h: MACD bearish

[09:06:11] Cycle 957
  💰 Current Price: $84.28
  🎯 Signal: BUY (confidence: 0.20)
  📝 Reason: 5m: MACD bullish; 15m: MACD bearish; 1h: RSI oversold (28.9); 1h: MACD bearish

[09:06:42] Cycle 958
  💰 Current Price: $84.28
  🎯 Signal: BUY (confidence: 0.20)
  📝 Reason: 5m: MACD bullish; 15m: MACD bearish; 1h: RSI oversold (29.0); 1h: MACD bearish

[09:07:13] Cycle 959
  💰 Current Price: $84.29
  🎯 Signal: BUY (confidence: 0.20)
  📝 Reason: 5m: MACD bullish; 15m: MACD bearish; 1h: RSI oversold (29.0); 1h: MACD bearish

[09:07:44] Cycle 960
  💰 Current Price: $84.28
  🎯 Signal: BUY (confidence: 0.20)
  📝 Reason: 5m: MACD bullish; 15m: MACD bearish; 1h: RSI oversold (29.0); 1h: MACD bearish

[09:08:14] Cycle 961
  💰 Current Price: $84.29
  🎯 Signal: BUY (confidence: 0.20)
  📝 Reason: 5m: MACD bullish; 15m: MACD bearish; 1h: RSI oversold (29.4); 1h: MACD bearish

[09:08:45] Cycle 962
  💰 Current Price: $84.31
  🎯 Signal: BUY (confidence: 0.20)
  📝 Reason: 5m: MACD bullish; 15m: MACD bearish; 1h: RSI oversold (29.3); 1h: MACD bearish

[09:09:16] Cycle 963
  💰 Current Price: $84.33
  🎯 Signal: BUY (confidence: 0.20)
  📝 Reason: 5m: MACD bullish; 15m: MACD bearish; 1h: RSI oversold (29.5); 1h: MACD bearish

[09:09:47] Cycle 964
  💰 Current Price: $84.35
  🎯 Signal: BUY (confidence: 0.20)
  📝 Reason: 5m: MACD bullish; 15m: MACD bearish; 1h: RSI oversold (29.8); 1h: MACD bearish

[09:10:18] Cycle 965
  💰 Current Price: $84.35
  🎯 Signal: BUY (confidence: 0.20)
  📝 Reason: 5m: MACD bullish; 15m: MACD bearish; 1h: RSI oversold (29.8); 1h: MACD bearish

[09:10:49] Cycle 966
  💰 Current Price: $84.36
  🎯 Signal: HOLD (confidence: 0.10)
  📝 Reason: 5m: MACD bullish; 15m: MACD bearish; 1h: MACD bearish; 4h: RSI oversold (24.7)

[09:11:19] Cycle 967
  💰 Current Price: $84.37
  🎯 Signal: HOLD (confidence: 0.10)
  📝 Reason: 5m: MACD bullish; 15m: MACD bearish; 1h: MACD bearish; 4h: RSI oversold (24.7)

[09:11:50] Cycle 968
  💰 Current Price: $84.47
  🎯 Signal: HOLD (confidence: 0.10)
  📝 Reason: 5m: MACD bullish; 15m: MACD bearish; 1h: MACD bearish; 4h: RSI oversold (25.3)

[09:12:21] Cycle 969
  💰 Current Price: $84.51
  🎯 Signal: HOLD (confidence: 0.10)
  📝 Reason: 5m: MACD bullish; 15m: MACD bearish; 1h: MACD bearish; 4h: RSI oversold (25.6)

[09:12:52] Cycle 970
  💰 Current Price: $84.51
  🎯 Signal: HOLD (confidence: 0.10)
  📝 Reason: 5m: MACD bullish; 15m: MACD bearish; 1h: MACD bearish; 4h: RSI oversold (25.6)

[09:13:23] Cycle 971
  💰 Current Price: $84.55
  🎯 Signal: HOLD (confidence: 0.10)
  📝 Reason: 5m: MACD bullish; 15m: MACD bullish; 1h: MACD bearish; 4h: RSI oversold (25.9)

[09:13:53] Cycle 972
  💰 Current Price: $84.55
  🎯 Signal: HOLD (confidence: 0.10)
  📝 Reason: 5m: MACD bullish; 15m: MACD bullish; 1h: MACD bearish; 4h: RSI oversold (25.9)

[09:14:24] Cycle 973
  💰 Current Price: $84.55
  🎯 Signal: HOLD (confidence: 0.10)
  📝 Reason: 5m: MACD bullish; 15m: MACD bullish; 1h: MACD bearish; 4h: RSI oversold (25.9)

[09:14:55] Cycle 974
  💰 Current Price: $84.55
  🎯 Signal: HOLD (confidence: 0.10)
  📝 Reason: 5m: MACD bullish; 15m: MACD bullish; 1h: MACD bearish; 4h: RSI oversold (25.9)

[09:15:25] Cycle 975
  💰 Current Price: $84.56
  🎯 Signal: HOLD (confidence: 0.10)
  📝 Reason: 5m: MACD bullish; 15m: MACD bullish; 1h: MACD bearish; 4h: RSI oversold (26.0)

[09:15:56] Cycle 976
  💰 Current Price: $84.63
  🎯 Signal: HOLD (confidence: 0.10)
  📝 Reason: 5m: MACD bullish; 15m: MACD bullish; 1h: MACD bearish; 4h: RSI oversold (26.4)

[09:16:27] Cycle 977
  💰 Current Price: $84.63
  🎯 Signal: HOLD (confidence: 0.10)
  📝 Reason: 5m: MACD bullish; 15m: MACD bullish; 1h: MACD bearish; 4h: RSI oversold (26.4)

[09:16:58] Cycle 978
  💰 Current Price: $84.64
  🎯 Signal: HOLD (confidence: 0.10)
  📝 Reason: 5m: MACD bullish; 15m: MACD bullish; 1h: MACD bearish; 4h: RSI oversold (26.4)

[09:17:29] Cycle 979
  💰 Current Price: $84.57
  🎯 Signal: HOLD (confidence: 0.10)
  📝 Reason: 5m: MACD bullish; 15m: MACD bullish; 1h: MACD bearish; 4h: RSI oversold (26.0)

[09:18:00] Cycle 980
  💰 Current Price: $84.59
  🎯 Signal: HOLD (confidence: 0.10)
  📝 Reason: 5m: MACD bullish; 15m: MACD bullish; 1h: MACD bearish; 4h: RSI oversold (26.1)

[09:18:30] Cycle 981
  💰 Current Price: $84.61
  🎯 Signal: HOLD (confidence: 0.10)
  📝 Reason: 5m: MACD bullish; 15m: MACD bullish; 1h: MACD bearish; 4h: RSI oversold (26.3)

[09:19:01] Cycle 982
  💰 Current Price: $84.56
  🎯 Signal: HOLD (confidence: 0.10)
  📝 Reason: 5m: MACD bullish; 15m: MACD bullish; 1h: MACD bearish; 4h: RSI oversold (25.9)

[09:19:32] Cycle 983
  💰 Current Price: $84.56
  🎯 Signal: HOLD (confidence: 0.10)
  📝 Reason: 5m: MACD bullish; 15m: MACD bullish; 1h: MACD bearish; 4h: RSI oversold (25.9)

[09:20:03] Cycle 984
  💰 Current Price: $84.54
  🎯 Signal: HOLD (confidence: 0.10)
  📝 Reason: 5m: MACD bullish; 15m: MACD bullish; 1h: MACD bearish; 4h: RSI oversold (26.0)

[09:20:34] Cycle 985
  💰 Current Price: $84.57
  🎯 Signal: HOLD (confidence: 0.10)
  📝 Reason: 5m: MACD bullish; 15m: MACD bullish; 1h: MACD bearish; 4h: RSI oversold (26.0)

[09:21:04] Cycle 986
  💰 Current Price: $84.58
  🎯 Signal: HOLD (confidence: 0.10)
  📝 Reason: 5m: MACD bullish; 15m: MACD bullish; 1h: MACD bearish; 4h: RSI oversold (25.9)

[09:21:35] Cycle 987
  💰 Current Price: $84.54
  🎯 Signal: HOLD (confidence: 0.10)
  📝 Reason: 5m: MACD bullish; 15m: MACD bullish; 1h: MACD bearish; 4h: RSI oversold (25.8)

[09:22:06] Cycle 988
  💰 Current Price: $84.54
  🎯 Signal: HOLD (confidence: 0.10)
  📝 Reason: 5m: MACD bullish; 15m: MACD bullish; 1h: MACD bearish; 4h: RSI oversold (25.8)

[09:22:37] Cycle 989
  💰 Current Price: $84.53
  🎯 Signal: HOLD (confidence: 0.10)
  📝 Reason: 5m: MACD bullish; 15m: MACD bullish; 1h: MACD bearish; 4h: RSI oversold (25.7)

[09:23:07] Cycle 990
  💰 Current Price: $84.52
  🎯 Signal: HOLD (confidence: 0.10)
  📝 Reason: 5m: MACD bullish; 15m: MACD bullish; 1h: MACD bearish; 4h: RSI oversold (25.8)

[09:23:38] Cycle 991
  💰 Current Price: $84.55
  🎯 Signal: HOLD (confidence: 0.10)
  📝 Reason: 5m: MACD bullish; 15m: MACD bullish; 1h: MACD bearish; 4h: RSI oversold (25.9)

[09:24:09] Cycle 992
  💰 Current Price: $84.56
  🎯 Signal: HOLD (confidence: 0.10)
  📝 Reason: 5m: MACD bullish; 15m: MACD bullish; 1h: MACD bearish; 4h: RSI oversold (25.9)

[09:24:40] Cycle 993
  💰 Current Price: $84.56
  🎯 Signal: HOLD (confidence: 0.10)
  📝 Reason: 5m: MACD bullish; 15m: MACD bullish; 1h: MACD bearish; 4h: RSI oversold (25.9)

[09:25:10] Cycle 994
  💰 Current Price: $84.60
  🎯 Signal: HOLD (confidence: 0.10)
  📝 Reason: 5m: MACD bullish; 15m: MACD bullish; 1h: MACD bearish; 4h: RSI oversold (26.2)

[09:25:41] Cycle 995
  💰 Current Price: $84.60
  🎯 Signal: HOLD (confidence: 0.10)
  📝 Reason: 5m: MACD bullish; 15m: MACD bullish; 1h: MACD bearish; 4h: RSI oversold (26.2)

[09:26:12] Cycle 996
  💰 Current Price: $84.59
  🎯 Signal: HOLD (confidence: 0.10)
  📝 Reason: 5m: MACD bullish; 15m: MACD bullish; 1h: MACD bearish; 4h: RSI oversold (26.1)

[09:26:43] Cycle 997
  💰 Current Price: $84.59
  🎯 Signal: HOLD (confidence: 0.10)

[09:24:09] Cycle 1000
  💰 Current Price: $84.56
  🎯 Signal: HOLD (confidence: 0.10)
  📝 Reason: 5m: MACD bullish; 15m: MACD bullish; 1h: MACD bearish; 4h: RSI oversold (25.9)

[09:24:40] Cycle 1001
  💰 Current Price: $84.56
  🎯 Signal: HOLD (confidence: 0.10)
  📝 Reason: 5m: MACD bullish; 15m: MACD bullish; 1h: MACD bearish; 4h: RSI oversold (25.9)

[09:25:10] Cycle 1002
  💰 Current Price: $84.60
  🎯 Signal: HOLD (confidence: 0.10)
  📝 Reason: 5m: MACD bullish; 15m: MACD bullish; 1h: MACD bearish; 4h: RSI oversold (26.2)

[09:25:41] Cycle 1003
  💰 Current Price: $84.60
  🎯 Signal: HOLD (confidence: 0.10)
  📝 Reason: 5m: MACD bullish; 15m: MACD bullish; 1h: MACD bearish; 4h: RSI oversold (26.2)

[09:26:12] Cycle 1004
  💰 Current Price: $84.59
  🎯 Signal: HOLD (confidence: 0.10)
  📝 Reason: 5m: MACD bullish; 15m: MACD bullish; 1h: MACD bearish; 4h: RSI oversold (26.1)

[09:26:43] Cycle 1005
  💰 Current Price: $84.59
  🎯 Signal: HOLD (confidence: 0.10)
  📝 Reason: 5m: MACD bullish; 15m: MACD bullish; 1h: MACD bearish; 4h: RSI oversold (26.1)

[09:27:13] Cycle 1006
  💰 Current Price: $84.59
  🎯 Signal: HOLD (confidence: 0.10)
  📝 Reason: 5m: MACD bullish; 15m: MACD bullish; 1h: MACD bearish; 4h: RSI oversold (26.1)

[09:27:44] Cycle 1007
  💰 Current Price: $84.54
  🎯 Signal: HOLD (confidence: 0.10)
  📝 Reason: 5m: MACD bullish; 15m: MACD bullish; 1h: MACD bearish; 4h: RSI oversold (25.8)

[09:28:15] Cycle 1008
  💰 Current Price: $84.52
  🎯 Signal: HOLD (confidence: 0.10)
  📝 Reason: 5m: MACD bullish; 15m: MACD bullish; 1h: MACD bearish; 4h: RSI oversold (25.7)

[09:28:46] Cycle 1009
  💰 Current Price: $84.52
  🎯 Signal: HOLD (confidence: 0.10)
  📝 Reason: 5m: MACD bullish; 15m: MACD bullish; 1h: MACD bearish; 4h: RSI oversold (25.7)

[09:29:16] Cycle 1010
  💰 Current Price: $84.53
  🎯 Signal: HOLD (confidence: 0.10)
  📝 Reason: 5m: MACD bullish; 15m: MACD bullish; 1h: MACD bearish; 4h: RSI oversold (25.7)

[09:29:47] Cycle 1011
  💰 Current Price: $84.52
  🎯 Signal: HOLD (confidence: 0.10)
  📝 Reason: 5m: MACD bullish; 15m: MACD bullish; 1h: MACD bearish; 4h: RSI oversold (25.7)

[09:30:18] Cycle 1012
  💰 Current Price: $84.55
  🎯 Signal: HOLD (confidence: 0.10)
  📝 Reason: 5m: MACD bullish; 15m: MACD bullish; 1h: MACD bearish; 4h: RSI oversold (25.9)

[09:30:48] Cycle 1013
  💰 Current Price: $84.54
  🎯 Signal: HOLD (confidence: 0.10)
  📝 Reason: 5m: MACD bullish; 15m: MACD bullish; 1h: MACD bearish; 4h: RSI oversold (25.8)

[09:31:19] Cycle 1014
  💰 Current Price: $84.55
  🎯 Signal: HOLD (confidence: 0.10)
  📝 Reason: 5m: MACD bullish; 15m: MACD bullish; 1h: MACD bearish; 4h: RSI oversold (25.9)

[09:31:50] Cycle 1015
  💰 Current Price: $84.61
  🎯 Signal: HOLD (confidence: 0.10)
  📝 Reason: 5m: MACD bullish; 15m: MACD bullish; 1h: MACD bearish; 4h: RSI oversold (26.3)

[09:32:21] Cycle 1016
  💰 Current Price: $84.62
  🎯 Signal: HOLD (confidence: 0.10)
  📝 Reason: 5m: MACD bullish; 15m: MACD bullish; 1h: MACD bearish; 4h: RSI oversold (26.3)

[09:32:51] Cycle 1017
  💰 Current Price: $84.61
  🎯 Signal: HOLD (confidence: 0.10)
  📝 Reason: 5m: MACD bullish; 15m: MACD bullish; 1h: MACD bearish; 4h: RSI oversold (26.4)

[09:33:22] Cycle 1018
  💰 Current Price: $84.58
  🎯 Signal: HOLD (confidence: 0.10)
  📝 Reason: 5m: MACD bullish; 15m: MACD bullish; 1h: MACD bearish; 4h: RSI oversold (26.1)

[09:33:53] Cycle 1019
  💰 Current Price: $84.58
  🎯 Signal: HOLD (confidence: 0.10)
  📝 Reason: 5m: MACD bullish; 15m: MACD bullish; 1h: MACD bearish; 4h: RSI oversold (26.1)

[09:34:24] Cycle 1020
  💰 Current Price: $84.59
  🎯 Signal: HOLD (confidence: 0.10)
  📝 Reason: 5m: MACD bullish; 15m: MACD bullish; 1h: MACD bearish; 4h: RSI oversold (26.1)

[09:34:55] Cycle 1021
  💰 Current Price: $84.56
  🎯 Signal: HOLD (confidence: 0.10)
  📝 Reason: 5m: MACD bullish; 15m: MACD bullish; 1h: MACD bearish; 4h: RSI oversold (25.9)

[09:35:25] Cycle 1022
  💰 Current Price: $84.55
  🎯 Signal: HOLD (confidence: 0.10)
  📝 Reason: 5m: MACD bullish; 15m: MACD bullish; 1h: MACD bearish; 4h: RSI oversold (25.9)

[09:35:56] Cycle 1023
  💰 Current Price: $84.55
  🎯 Signal: HOLD (confidence: 0.10)
  📝 Reason: 5m: MACD bullish; 15m: MACD bullish; 1h: MACD bearish; 4h: RSI oversold (25.9)

[09:36:27] Cycle 1024
  💰 Current Price: $84.56
  🎯 Signal: HOLD (confidence: 0.10)
  📝 Reason: 5m: MACD bullish; 15m: MACD bullish; 1h: MACD bearish; 4h: RSI oversold (25.9)

[09:36:57] Cycle 1025
  💰 Current Price: $84.56
  🎯 Signal: HOLD (confidence: 0.10)
  📝 Reason: 5m: MACD bullish; 15m: MACD bullish; 1h: MACD bearish; 4h: RSI oversold (25.9)

[09:37:28] Cycle 1026
  💰 Current Price: $84.56
  🎯 Signal: HOLD (confidence: 0.10)
  📝 Reason: 5m: MACD bullish; 15m: MACD bullish; 1h: MACD bearish; 4h: RSI oversold (25.9)

[09:37:59] Cycle 1027
  💰 Current Price: $84.56
  🎯 Signal: HOLD (confidence: 0.10)
  📝 Reason: 5m: MACD bullish; 15m: MACD bullish; 1h: MACD bearish; 4h: RSI oversold (25.9)

[09:38:30] Cycle 1028
  💰 Current Price: $84.55
  🎯 Signal: HOLD (confidence: 0.10)
  📝 Reason: 5m: MACD bullish; 15m: MACD bullish; 1h: MACD bearish; 4h: RSI oversold (25.9)

[09:39:00] Cycle 1029
  💰 Current Price: $84.55
  🎯 Signal: HOLD (confidence: 0.10)
  📝 Reason: 5m: MACD bullish; 15m: MACD bullish; 1h: MACD bearish; 4h: RSI oversold (25.9)

[09:39:31] Cycle 1030
  💰 Current Price: $84.53
  🎯 Signal: HOLD (confidence: 0.10)
  📝 Reason: 5m: MACD bullish; 15m: MACD bullish; 1h: MACD bearish; 4h: RSI oversold (25.7)

[09:40:02] Cycle 1031
  💰 Current Price: $84.53
  🎯 Signal: HOLD (confidence: 0.10)
  📝 Reason: 5m: MACD bullish; 15m: MACD bullish; 1h: MACD bearish; 4h: RSI oversold (25.7)

[09:40:33] Cycle 1032
  💰 Current Price: $84.53
  🎯 Signal: HOLD (confidence: 0.10)
  📝 Reason: 5m: MACD bullish; 15m: MACD bullish; 1h: MACD bearish; 4h: RSI oversold (25.7)

[09:41:03] Cycle 1033
  💰 Current Price: $84.52
  🎯 Signal: HOLD (confidence: 0.10)
  📝 Reason: 5m: MACD bullish; 15m: MACD bullish; 1h: MACD bearish; 4h: RSI oversold (25.7)

[09:41:34] Cycle 1034
  💰 Current Price: $84.53
  🎯 Signal: HOLD (confidence: 0.10)
  📝 Reason: 5m: MACD bullish; 15m: MACD bullish; 1h: MACD bearish; 4h: RSI oversold (25.7)

[09:42:05] Cycle 1035
  💰 Current Price: $84.52
  🎯 Signal: HOLD (confidence: 0.10)
  📝 Reason: 5m: MACD bullish; 15m: MACD bullish; 1h: MACD bearish; 4h: RSI oversold (25.6)

[09:42:36] Cycle 1036
  💰 Current Price: $84.50
  🎯 Signal: HOLD (confidence: 0.10)
  📝 Reason: 5m: MACD bullish; 15m: MACD bullish; 1h: MACD bearish; 4h: RSI oversold (25.5)

[09:43:07] Cycle 1037
  💰 Current Price: $84.50
  🎯 Signal: HOLD (confidence: 0.10)
  📝 Reason: 5m: MACD bullish; 15m: MACD bullish; 1h: MACD bearish; 4h: RSI oversold (25.5)

[09:43:37] Cycle 1038
  💰 Current Price: $84.49
  🎯 Signal: HOLD (confidence: 0.10)
  📝 Reason: 5m: MACD bullish; 15m: MACD bullish; 1h: MACD bearish; 4h: RSI oversold (25.4)

[09:44:08] Cycle 1039
  💰 Current Price: $84.46
  🎯 Signal: HOLD (confidence: 0.10)
  📝 Reason: 5m: MACD bullish; 15m: MACD bullish; 1h: MACD bearish; 4h: RSI oversold (25.3)

[09:44:39] Cycle 1040
  💰 Current Price: $84.47
  🎯 Signal: HOLD (confidence: 0.10)
  📝 Reason: 5m: MACD bullish; 15m: MACD bullish; 1h: MACD bearish; 4h: RSI oversold (25.3)

[09:45:10] Cycle 1041
  💰 Current Price: $84.51
  🎯 Signal: HOLD (confidence: 0.10)
  📝 Reason: 5m: MACD bullish; 15m: MACD bullish; 1h: MACD bearish; 4h: RSI oversold (25.6)

[09:45:40] Cycle 1042
  💰 Current Price: $84.48
  🎯 Signal: HOLD (confidence: 0.10)
  📝 Reason: 5m: MACD bullish; 15m: MACD bullish; 1h: MACD bearish; 4h: RSI oversold (25.4)

[09:46:11] Cycle 1043
  💰 Current Price: $84.46
  🎯 Signal: HOLD (confidence: 0.10)
  📝 Reason: 5m: MACD bullish; 15m: MACD bullish; 1h: MACD bearish; 4h: RSI oversold (25.3)

[09:46:42] Cycle 1044
  💰 Current Price: $84.52
  📝 Reason: 5m: MACD bullish; 15m: MACD bullish; 1h: MACD bearish; 4h: RSI oversold (26.1)

[09:27:13] Cycle 998
  💰 Current Price: $84.59
  🎯 Signal: HOLD (confidence: 0.10)
  📝 Reason: 5m: MACD bullish; 15m: MACD bullish; 1h: MACD bearish; 4h: RSI oversold (26.1)

[09:27:44] Cycle 999
  💰 Current Price: $84.54
  🎯 Signal: HOLD (confidence: 0.10)
  📝 Reason: 5m: MACD bullish; 15m: MACD bullish; 1h: MACD bearish; 4h: RSI oversold (25.8)

[09:28:15] Cycle 1000
  💰 Current Price: $84.52
  🎯 Signal: HOLD (confidence: 0.10)
  📝 Reason: 5m: MACD bullish; 15m: MACD bullish; 1h: MACD bearish; 4h: RSI oversold (25.7)

[09:28:46] Cycle 1001
  💰 Current Price: $84.52
  🎯 Signal: HOLD (confidence: 0.10)
  📝 Reason: 5m: MACD bullish; 15m: MACD bullish; 1h: MACD bearish; 4h: RSI oversold (25.7)

[09:29:16] Cycle 1002
  💰 Current Price: $84.53
  🎯 Signal: HOLD (confidence: 0.10)
  📝 Reason: 5m: MACD bullish; 15m: MACD bullish; 1h: MACD bearish; 4h: RSI oversold (25.7)

[09:29:47] Cycle 1003
  💰 Current Price: $84.52
  🎯 Signal: HOLD (confidence: 0.10)
  📝 Reason: 5m: MACD bullish; 15m: MACD bullish; 1h: MACD bearish; 4h: RSI oversold (25.7)

[09:30:18] Cycle 1004
  💰 Current Price: $84.55
  🎯 Signal: HOLD (confidence: 0.10)
  📝 Reason: 5m: MACD bullish; 15m: MACD bullish; 1h: MACD bearish; 4h: RSI oversold (25.9)

[09:30:48] Cycle 1005
  💰 Current Price: $84.54
  🎯 Signal: HOLD (confidence: 0.10)
  📝 Reason: 5m: MACD bullish; 15m: MACD bullish; 1h: MACD bearish; 4h: RSI oversold (25.8)

[09:31:19] Cycle 1006
  💰 Current Price: $84.55
  🎯 Signal: HOLD (confidence: 0.10)
  📝 Reason: 5m: MACD bullish; 15m: MACD bullish; 1h: MACD bearish; 4h: RSI oversold (25.9)

[09:31:50] Cycle 1007
  💰 Current Price: $84.61
  🎯 Signal: HOLD (confidence: 0.10)
  📝 Reason: 5m: MACD bullish; 15m: MACD bullish; 1h: MACD bearish; 4h: RSI oversold (26.3)

[09:32:21] Cycle 1008
  💰 Current Price: $84.62
  🎯 Signal: HOLD (confidence: 0.10)
  📝 Reason: 5m: MACD bullish; 15m: MACD bullish; 1h: MACD bearish; 4h: RSI oversold (26.3)

[09:32:51] Cycle 1009
  💰 Current Price: $84.61
  🎯 Signal: HOLD (confidence: 0.10)
  📝 Reason: 5m: MACD bullish; 15m: MACD bullish; 1h: MACD bearish; 4h: RSI oversold (26.4)

[09:33:23] Cycle 1010
  💰 Current Price: $84.58
  🎯 Signal: HOLD (confidence: 0.10)
  📝 Reason: 5m: MACD bullish; 15m: MACD bullish; 1h: MACD bearish; 4h: RSI oversold (26.1)

[09:33:53] Cycle 1011
  💰 Current Price: $84.58
  🎯 Signal: HOLD (confidence: 0.10)
  📝 Reason: 5m: MACD bullish; 15m: MACD bullish; 1h: MACD bearish; 4h: RSI oversold (26.1)

[09:34:24] Cycle 1012
  💰 Current Price: $84.59
  🎯 Signal: HOLD (confidence: 0.10)
  📝 Reason: 5m: MACD bullish; 15m: MACD bullish; 1h: MACD bearish; 4h: RSI oversold (26.1)

[09:34:54] Cycle 1013
  💰 Current Price: $84.56
  🎯 Signal: HOLD (confidence: 0.10)
  📝 Reason: 5m: MACD bullish; 15m: MACD bullish; 1h: MACD bearish; 4h: RSI oversold (25.9)

[09:35:25] Cycle 1014
  💰 Current Price: $84.55
  🎯 Signal: HOLD (confidence: 0.10)
  📝 Reason: 5m: MACD bullish; 15m: MACD bullish; 1h: MACD bearish; 4h: RSI oversold (25.9)

[09:35:56] Cycle 1015
  💰 Current Price: $84.55
  🎯 Signal: HOLD (confidence: 0.10)
  📝 Reason: 5m: MACD bullish; 15m: MACD bullish; 1h: MACD bearish; 4h: RSI oversold (25.9)

[09:36:27] Cycle 1016
  💰 Current Price: $84.56
  🎯 Signal: HOLD (confidence: 0.10)
  📝 Reason: 5m: MACD bullish; 15m: MACD bullish; 1h: MACD bearish; 4h: RSI oversold (25.9)

[09:36:57] Cycle 1017
  💰 Current Price: $84.56
  🎯 Signal: HOLD (confidence: 0.10)
  📝 Reason: 5m: MACD bullish; 15m: MACD bullish; 1h: MACD bearish; 4h: RSI oversold (25.9)

[09:37:28] Cycle 1018
  💰 Current Price: $84.56
  🎯 Signal: HOLD (confidence: 0.10)
  📝 Reason: 5m: MACD bullish; 15m: MACD bullish; 1h: MACD bearish; 4h: RSI oversold (25.9)

[09:37:59] Cycle 1019
  💰 Current Price: $84.56
  🎯 Signal: HOLD (confidence: 0.10)
  📝 Reason: 5m: MACD bullish; 15m: MACD bullish; 1h: MACD bearish; 4h: RSI oversold (25.9)

[09:38:30] Cycle 1020
  💰 Current Price: $84.55
  🎯 Signal: HOLD (confidence: 0.10)
  📝 Reason: 5m: MACD bullish; 15m: MACD bullish; 1h: MACD bearish; 4h: RSI oversold (25.9)

[09:39:00] Cycle 1021
  💰 Current Price: $84.55
  🎯 Signal: HOLD (confidence: 0.10)
  📝 Reason: 5m: MACD bullish; 15m: MACD bullish; 1h: MACD bearish; 4h: RSI oversold (25.9)

[09:39:31] Cycle 1022
  💰 Current Price: $84.53
  🎯 Signal: HOLD (confidence: 0.10)
  📝 Reason: 5m: MACD bullish; 15m: MACD bullish; 1h: MACD bearish; 4h: RSI oversold (25.7)

[09:40:02] Cycle 1023
  💰 Current Price: $84.53
  🎯 Signal: HOLD (confidence: 0.10)
  📝 Reason: 5m: MACD bullish; 15m: MACD bullish; 1h: MACD bearish; 4h: RSI oversold (25.7)

[09:40:33] Cycle 1024
  💰 Current Price: $84.53
  🎯 Signal: HOLD (confidence: 0.10)
  📝 Reason: 5m: MACD bullish; 15m: MACD bullish; 1h: MACD bearish; 4h: RSI oversold (25.7)

[09:41:03] Cycle 1025
  💰 Current Price: $84.52
  🎯 Signal: HOLD (confidence: 0.10)
  📝 Reason: 5m: MACD bullish; 15m: MACD bullish; 1h: MACD bearish; 4h: RSI oversold (25.7)

[09:41:34] Cycle 1026
  💰 Current Price: $84.53
  🎯 Signal: HOLD (confidence: 0.10)
  📝 Reason: 5m: MACD bullish; 15m: MACD bullish; 1h: MACD bearish; 4h: RSI oversold (25.7)

[09:42:05] Cycle 1027
  💰 Current Price: $84.52
  🎯 Signal: HOLD (confidence: 0.10)
  📝 Reason: 5m: MACD bullish; 15m: MACD bullish; 1h: MACD bearish; 4h: RSI oversold (25.6)

[09:42:36] Cycle 1028
  💰 Current Price: $84.50
  🎯 Signal: HOLD (confidence: 0.10)
  📝 Reason: 5m: MACD bullish; 15m: MACD bullish; 1h: MACD bearish; 4h: RSI oversold (25.5)

[09:43:07] Cycle 1029
  💰 Current Price: $84.50
  🎯 Signal: HOLD (confidence: 0.10)
  📝 Reason: 5m: MACD bullish; 15m: MACD bullish; 1h: MACD bearish; 4h: RSI oversold (25.5)

[09:43:37] Cycle 1030
  💰 Current Price: $84.49
  🎯 Signal: HOLD (confidence: 0.10)
  📝 Reason: 5m: MACD bullish; 15m: MACD bullish; 1h: MACD bearish; 4h: RSI oversold (25.4)

[09:44:08] Cycle 1031
  💰 Current Price: $84.46
  🎯 Signal: HOLD (confidence: 0.10)
  📝 Reason: 5m: MACD bullish; 15m: MACD bullish; 1h: MACD bearish; 4h: RSI oversold (25.3)

[09:44:39] Cycle 1032
  💰 Current Price: $84.47
  🎯 Signal: HOLD (confidence: 0.10)
  📝 Reason: 5m: MACD bullish; 15m: MACD bullish; 1h: MACD bearish; 4h: RSI oversold (25.3)

[09:45:10] Cycle 1033
  💰 Current Price: $84.51
  🎯 Signal: HOLD (confidence: 0.10)
  📝 Reason: 5m: MACD bullish; 15m: MACD bullish; 1h: MACD bearish; 4h: RSI oversold (25.6)

[09:45:40] Cycle 1034
  💰 Current Price: $84.48
  🎯 Signal: HOLD (confidence: 0.10)
  📝 Reason: 5m: MACD bullish; 15m: MACD bullish; 1h: MACD bearish; 4h: RSI oversold (25.4)

[09:46:11] Cycle 1035
  💰 Current Price: $84.46
  🎯 Signal: HOLD (confidence: 0.10)
  📝 Reason: 5m: MACD bullish; 15m: MACD bullish; 1h: MACD bearish; 4h: RSI oversold (25.3)

[09:46:42] Cycle 1036
  💰 Current Price: $84.52
  🎯 Signal: HOLD (confidence: 0.10)
  📝 Reason: 5m: MACD bullish; 15m: MACD bullish; 1h: MACD bearish; 4h: RSI oversold (25.6)

[09:47:13] Cycle 1037
  💰 Current Price: $84.54
  🎯 Signal: HOLD (confidence: 0.10)
  📝 Reason: 5m: MACD bullish; 15m: MACD bullish; 1h: MACD bearish; 4h: RSI oversold (25.8)

[09:47:43] Cycle 1038
  💰 Current Price: $84.55
  🎯 Signal: HOLD (confidence: 0.10)
  📝 Reason: 5m: MACD bullish; 15m: MACD bullish; 1h: MACD bearish; 4h: RSI oversold (25.9)

[09:48:14] Cycle 1039
  💰 Current Price: $84.58
  🎯 Signal: HOLD (confidence: 0.10)
  📝 Reason: 5m: MACD bullish; 15m: MACD bullish; 1h: MACD bearish; 4h: RSI oversold (26.1)

[09:48:45] Cycle 1040
  💰 Current Price: $84.62
  🎯 Signal: HOLD (confidence: 0.10)
  📝 Reason: 5m: MACD bullish; 15m: MACD bullish; 1h: MACD bearish; 4h: RSI oversold (26.3)

[09:49:16] Cycle 1041
  💰 Current Price: $84.60
  🎯 Signal: HOLD (confidence: 0.10)
  🎯 Signal: HOLD (confidence: 0.10)
  📝 Reason: 5m: MACD bullish; 15m: MACD bullish; 1h: MACD bearish; 4h: RSI oversold (25.6)

[09:47:13] Cycle 1045
  💰 Current Price: $84.54
  🎯 Signal: HOLD (confidence: 0.10)
  📝 Reason: 5m: MACD bullish; 15m: MACD bullish; 1h: MACD bearish; 4h: RSI oversold (25.8)

[09:47:43] Cycle 1046
  💰 Current Price: $84.55
  🎯 Signal: HOLD (confidence: 0.10)
  📝 Reason: 5m: MACD bullish; 15m: MACD bullish; 1h: MACD bearish; 4h: RSI oversold (25.9)

[09:48:14] Cycle 1047
  💰 Current Price: $84.58
  🎯 Signal: HOLD (confidence: 0.10)
  📝 Reason: 5m: MACD bullish; 15m: MACD bullish; 1h: MACD bearish; 4h: RSI oversold (26.1)

[09:48:45] Cycle 1048
  💰 Current Price: $84.62
  🎯 Signal: HOLD (confidence: 0.10)
  📝 Reason: 5m: MACD bullish; 15m: MACD bullish; 1h: MACD bearish; 4h: RSI oversold (26.3)

[09:49:16] Cycle 1049
  💰 Current Price: $84.60
  🎯 Signal: HOLD (confidence: 0.10)
  📝 Reason: 5m: MACD bullish; 15m: MACD bullish; 1h: MACD bearish; 4h: RSI oversold (26.2)

[09:49:47] Cycle 1050
  💰 Current Price: $84.62
  🎯 Signal: HOLD (confidence: 0.10)
  📝 Reason: 5m: MACD bullish; 15m: MACD bullish; 1h: MACD bearish; 4h: RSI oversold (26.2)

[09:50:17] Cycle 1051
  💰 Current Price: $84.59
  🎯 Signal: HOLD (confidence: 0.10)
  📝 Reason: 5m: MACD bullish; 15m: MACD bullish; 1h: MACD bearish; 4h: RSI oversold (26.1)

[09:50:48] Cycle 1052
  💰 Current Price: $84.62
  🎯 Signal: HOLD (confidence: 0.10)
  📝 Reason: 5m: MACD bullish; 15m: MACD bullish; 1h: MACD bearish; 4h: RSI oversold (26.3)

[09:51:19] Cycle 1053
  💰 Current Price: $84.62
  🎯 Signal: HOLD (confidence: 0.10)
  📝 Reason: 5m: MACD bullish; 15m: MACD bullish; 1h: MACD bearish; 4h: RSI oversold (26.3)

[09:51:50] Cycle 1054
  💰 Current Price: $84.61
  🎯 Signal: HOLD (confidence: 0.10)
  📝 Reason: 5m: MACD bullish; 15m: MACD bullish; 1h: MACD bearish; 4h: RSI oversold (26.3)

[09:52:20] Cycle 1055
  💰 Current Price: $84.61
  🎯 Signal: HOLD (confidence: 0.10)
  📝 Reason: 5m: MACD bullish; 15m: MACD bullish; 1h: MACD bearish; 4h: RSI oversold (26.3)

[09:52:51] Cycle 1056
  💰 Current Price: $84.63
  🎯 Signal: HOLD (confidence: 0.10)
  📝 Reason: 5m: MACD bullish; 15m: MACD bullish; 1h: MACD bearish; 4h: RSI oversold (26.4)

[09:53:22] Cycle 1057
  💰 Current Price: $84.62
  🎯 Signal: HOLD (confidence: 0.10)
  📝 Reason: 5m: MACD bullish; 15m: MACD bullish; 1h: MACD bearish; 4h: RSI oversold (26.3)

[09:53:53] Cycle 1058
  💰 Current Price: $84.62
  🎯 Signal: HOLD (confidence: 0.10)
  📝 Reason: 5m: MACD bullish; 15m: MACD bullish; 1h: MACD bearish; 4h: RSI oversold (26.2)

[09:54:24] Cycle 1059
  💰 Current Price: $84.59
  🎯 Signal: HOLD (confidence: 0.10)
  📝 Reason: 5m: MACD bullish; 15m: MACD bullish; 1h: MACD bearish; 4h: RSI oversold (26.1)

[09:54:54] Cycle 1060
  💰 Current Price: $84.58
  🎯 Signal: HOLD (confidence: 0.10)
  📝 Reason: 5m: MACD bullish; 15m: MACD bullish; 1h: MACD bearish; 4h: RSI oversold (26.0)

[09:55:25] Cycle 1061
  💰 Current Price: $84.61
  🎯 Signal: HOLD (confidence: 0.10)
  📝 Reason: 5m: MACD bullish; 15m: MACD bullish; 1h: MACD bearish; 4h: RSI oversold (26.3)

[09:55:56] Cycle 1062
  💰 Current Price: $84.61
  🎯 Signal: HOLD (confidence: 0.10)
  📝 Reason: 5m: MACD bullish; 15m: MACD bullish; 1h: MACD bearish; 4h: RSI oversold (26.3)

[09:56:26] Cycle 1063
  💰 Current Price: $84.60
  🎯 Signal: HOLD (confidence: 0.10)
  📝 Reason: 5m: MACD bullish; 15m: MACD bullish; 1h: MACD bearish; 4h: RSI oversold (26.2)

[09:56:57] Cycle 1064
  💰 Current Price: $84.60
  🎯 Signal: HOLD (confidence: 0.10)
  📝 Reason: 5m: MACD bullish; 15m: MACD bullish; 1h: MACD bearish; 4h: RSI oversold (26.2)

[09:57:28] Cycle 1065
  💰 Current Price: $84.61
  🎯 Signal: HOLD (confidence: 0.10)
  📝 Reason: 5m: MACD bullish; 15m: MACD bullish; 1h: MACD bearish; 4h: RSI oversold (26.3)

[09:57:59] Cycle 1066
  💰 Current Price: $84.62
  🎯 Signal: HOLD (confidence: 0.10)
  📝 Reason: 5m: MACD bullish; 15m: MACD bullish; 1h: MACD bearish; 4h: RSI oversold (26.3)

[09:58:29] Cycle 1067
  💰 Current Price: $84.62
  🎯 Signal: HOLD (confidence: 0.10)
  📝 Reason: 5m: MACD bullish; 15m: MACD bullish; 1h: MACD bearish; 4h: RSI oversold (26.3)

[09:59:00] Cycle 1068
  💰 Current Price: $84.62
  🎯 Signal: HOLD (confidence: 0.10)
  📝 Reason: 5m: MACD bullish; 15m: MACD bullish; 1h: MACD bearish; 4h: RSI oversold (26.3)

[09:59:31] Cycle 1069
  💰 Current Price: $84.61
  🎯 Signal: HOLD (confidence: 0.10)
  📝 Reason: 5m: MACD bullish; 15m: MACD bullish; 1h: MACD bearish; 4h: RSI oversold (26.3)

[10:00:02] Cycle 1070
  💰 Current Price: $84.58
  🎯 Signal: HOLD (confidence: 0.10)
  📝 Reason: 5m: MACD bullish; 15m: MACD bullish; 1h: MACD bearish; 4h: RSI oversold (26.1)

[10:00:32] Cycle 1071
  💰 Current Price: $84.58
  🎯 Signal: HOLD (confidence: 0.10)
  📝 Reason: 5m: MACD bullish; 15m: MACD bullish; 1h: MACD bearish; 4h: RSI oversold (26.1)

[10:01:03] Cycle 1072
  💰 Current Price: $84.58
  🎯 Signal: HOLD (confidence: 0.10)
  📝 Reason: 5m: MACD bullish; 15m: MACD bullish; 1h: MACD bearish; 4h: RSI oversold (26.1)

[10:01:34] Cycle 1073
  💰 Current Price: $84.58
  🎯 Signal: HOLD (confidence: 0.10)
  📝 Reason: 5m: MACD bullish; 15m: MACD bullish; 1h: MACD bearish; 4h: RSI oversold (26.1)

[10:02:05] Cycle 1074
  💰 Current Price: $84.58
  🎯 Signal: HOLD (confidence: 0.10)
  📝 Reason: 5m: MACD bullish; 15m: MACD bullish; 1h: MACD bearish; 4h: RSI oversold (26.0)

[10:02:36] Cycle 1075
  💰 Current Price: $84.56
  🎯 Signal: HOLD (confidence: 0.10)
  📝 Reason: 5m: MACD bullish; 15m: MACD bullish; 1h: MACD bearish; 4h: RSI oversold (26.1)

[10:03:07] Cycle 1076
  💰 Current Price: $84.56
  🎯 Signal: HOLD (confidence: 0.10)
  📝 Reason: 5m: MACD bullish; 15m: MACD bullish; 1h: MACD bearish; 4h: RSI oversold (25.9)

[10:03:38] Cycle 1077
  💰 Current Price: $84.58
  🎯 Signal: HOLD (confidence: 0.10)
  📝 Reason: 5m: MACD bullish; 15m: MACD bullish; 1h: MACD bearish; 4h: RSI oversold (26.1)

[10:04:08] Cycle 1078
  💰 Current Price: $84.58
  🎯 Signal: HOLD (confidence: 0.10)
  📝 Reason: 5m: MACD bullish; 15m: MACD bullish; 1h: MACD bearish; 4h: RSI oversold (26.1)

[10:04:39] Cycle 1079
  💰 Current Price: $84.58
  🎯 Signal: HOLD (confidence: 0.10)
  📝 Reason: 5m: MACD bullish; 15m: MACD bullish; 1h: MACD bearish; 4h: RSI oversold (26.1)

[10:05:10] Cycle 1080
  💰 Current Price: $84.65
  🎯 Signal: HOLD (confidence: 0.10)
  📝 Reason: 5m: MACD bullish; 15m: MACD bullish; 1h: MACD bearish; 4h: RSI oversold (26.5)

[10:05:41] Cycle 1081
  💰 Current Price: $84.64
  🎯 Signal: HOLD (confidence: 0.10)
  📝 Reason: 5m: MACD bullish; 15m: MACD bullish; 1h: MACD bearish; 4h: RSI oversold (26.4)

[10:06:11] Cycle 1082
  💰 Current Price: $84.63
  🎯 Signal: HOLD (confidence: 0.10)
  📝 Reason: 5m: MACD bullish; 15m: MACD bullish; 1h: MACD bearish; 4h: RSI oversold (26.4)

[10:06:42] Cycle 1083
  💰 Current Price: $84.63
  🎯 Signal: HOLD (confidence: 0.10)
  📝 Reason: 5m: MACD bullish; 15m: MACD bullish; 1h: MACD bearish; 4h: RSI oversold (26.4)

[10:07:13] Cycle 1084
  💰 Current Price: $84.62
  🎯 Signal: HOLD (confidence: 0.10)
  📝 Reason: 5m: MACD bullish; 15m: MACD bullish; 1h: MACD bearish; 4h: RSI oversold (26.3)

[10:07:44] Cycle 1085
  💰 Current Price: $84.63
  🎯 Signal: HOLD (confidence: 0.10)
  📝 Reason: 5m: MACD bullish; 15m: MACD bullish; 1h: MACD bearish; 4h: RSI oversold (26.4)

[10:08:14] Cycle 1086
  💰 Current Price: $84.61
  🎯 Signal: HOLD (confidence: 0.10)
  📝 Reason: 5m: MACD bullish; 15m: MACD bullish; 1h: MACD bearish; 4h: RSI oversold (26.3)

[10:08:45] Cycle 1087
  💰 Current Price: $84.63
  🎯 Signal: HOLD (confidence: 0.10)
  📝 Reason: 5m: MACD bullish; 15m: MACD bullish; 1h: MACD bearish; 4h: RSI oversold (26.4)

[10:09:16] Cycle 1088
  💰 Current Price: $84.63
  🎯 Signal: HOLD (confidence: 0.10)
  📝 Reason: 5m: MACD bullish; 15m: MACD bullish; 1h: MACD bearish; 4h: RSI oversold (26.2)

[09:49:47] Cycle 1042
  💰 Current Price: $84.62
  🎯 Signal: HOLD (confidence: 0.10)
  📝 Reason: 5m: MACD bullish; 15m: MACD bullish; 1h: MACD bearish; 4h: RSI oversold (26.2)

[09:50:17] Cycle 1043
  💰 Current Price: $84.59
  🎯 Signal: HOLD (confidence: 0.10)
  📝 Reason: 5m: MACD bullish; 15m: MACD bullish; 1h: MACD bearish; 4h: RSI oversold (26.1)

[09:50:48] Cycle 1044
  💰 Current Price: $84.62
  🎯 Signal: HOLD (confidence: 0.10)
  📝 Reason: 5m: MACD bullish; 15m: MACD bullish; 1h: MACD bearish; 4h: RSI oversold (26.3)

[09:51:19] Cycle 1045
  💰 Current Price: $84.62
  🎯 Signal: HOLD (confidence: 0.10)
  📝 Reason: 5m: MACD bullish; 15m: MACD bullish; 1h: MACD bearish; 4h: RSI oversold (26.3)

[09:51:50] Cycle 1046
  💰 Current Price: $84.61
  🎯 Signal: HOLD (confidence: 0.10)
  📝 Reason: 5m: MACD bullish; 15m: MACD bullish; 1h: MACD bearish; 4h: RSI oversold (26.3)

[09:52:20] Cycle 1047
  💰 Current Price: $84.61
  🎯 Signal: HOLD (confidence: 0.10)
  📝 Reason: 5m: MACD bullish; 15m: MACD bullish; 1h: MACD bearish; 4h: RSI oversold (26.3)

[09:52:51] Cycle 1048
  💰 Current Price: $84.63
  🎯 Signal: HOLD (confidence: 0.10)
  📝 Reason: 5m: MACD bullish; 15m: MACD bullish; 1h: MACD bearish; 4h: RSI oversold (26.4)

[09:53:22] Cycle 1049
  💰 Current Price: $84.62
  🎯 Signal: HOLD (confidence: 0.10)
  📝 Reason: 5m: MACD bullish; 15m: MACD bullish; 1h: MACD bearish; 4h: RSI oversold (26.3)

[09:53:53] Cycle 1050
  💰 Current Price: $84.62
  🎯 Signal: HOLD (confidence: 0.10)
  📝 Reason: 5m: MACD bullish; 15m: MACD bullish; 1h: MACD bearish; 4h: RSI oversold (26.2)

[09:54:24] Cycle 1051
  💰 Current Price: $84.59
  🎯 Signal: HOLD (confidence: 0.10)
  📝 Reason: 5m: MACD bullish; 15m: MACD bullish; 1h: MACD bearish; 4h: RSI oversold (26.1)

[09:54:54] Cycle 1052
  💰 Current Price: $84.58
  🎯 Signal: HOLD (confidence: 0.10)
  📝 Reason: 5m: MACD bullish; 15m: MACD bullish; 1h: MACD bearish; 4h: RSI oversold (26.0)

[09:55:25] Cycle 1053
  💰 Current Price: $84.61
  🎯 Signal: HOLD (confidence: 0.10)
  📝 Reason: 5m: MACD bullish; 15m: MACD bullish; 1h: MACD bearish; 4h: RSI oversold (26.3)

[09:55:56] Cycle 1054
  💰 Current Price: $84.61
  🎯 Signal: HOLD (confidence: 0.10)
  📝 Reason: 5m: MACD bullish; 15m: MACD bullish; 1h: MACD bearish; 4h: RSI oversold (26.3)

[09:56:26] Cycle 1055
  💰 Current Price: $84.60
  🎯 Signal: HOLD (confidence: 0.10)
  📝 Reason: 5m: MACD bullish; 15m: MACD bullish; 1h: MACD bearish; 4h: RSI oversold (26.2)

[09:56:57] Cycle 1056
  💰 Current Price: $84.60
  🎯 Signal: HOLD (confidence: 0.10)
  📝 Reason: 5m: MACD bullish; 15m: MACD bullish; 1h: MACD bearish; 4h: RSI oversold (26.2)

[09:57:28] Cycle 1057
  💰 Current Price: $84.61
  🎯 Signal: HOLD (confidence: 0.10)
  📝 Reason: 5m: MACD bullish; 15m: MACD bullish; 1h: MACD bearish; 4h: RSI oversold (26.3)

[09:57:59] Cycle 1058
  💰 Current Price: $84.62
  🎯 Signal: HOLD (confidence: 0.10)
  📝 Reason: 5m: MACD bullish; 15m: MACD bullish; 1h: MACD bearish; 4h: RSI oversold (26.3)

[09:58:29] Cycle 1059
  💰 Current Price: $84.62
  🎯 Signal: HOLD (confidence: 0.10)
  📝 Reason: 5m: MACD bullish; 15m: MACD bullish; 1h: MACD bearish; 4h: RSI oversold (26.3)

[09:59:00] Cycle 1060
  💰 Current Price: $84.62
  🎯 Signal: HOLD (confidence: 0.10)
  📝 Reason: 5m: MACD bullish; 15m: MACD bullish; 1h: MACD bearish; 4h: RSI oversold (26.3)

[09:59:31] Cycle 1061
  💰 Current Price: $84.61
  🎯 Signal: HOLD (confidence: 0.10)
  📝 Reason: 5m: MACD bullish; 15m: MACD bullish; 1h: MACD bearish; 4h: RSI oversold (26.3)

[10:00:02] Cycle 1062
  💰 Current Price: $84.58
  🎯 Signal: HOLD (confidence: 0.10)
  📝 Reason: 5m: MACD bullish; 15m: MACD bullish; 1h: MACD bearish; 4h: RSI oversold (26.1)

[10:00:32] Cycle 1063
  💰 Current Price: $84.58
  🎯 Signal: HOLD (confidence: 0.10)
  📝 Reason: 5m: MACD bullish; 15m: MACD bullish; 1h: MACD bearish; 4h: RSI oversold (26.1)

[10:01:03] Cycle 1064
  💰 Current Price: $84.58
  🎯 Signal: HOLD (confidence: 0.10)
  📝 Reason: 5m: MACD bullish; 15m: MACD bullish; 1h: MACD bearish; 4h: RSI oversold (26.1)

[10:01:34] Cycle 1065
  💰 Current Price: $84.58
  🎯 Signal: HOLD (confidence: 0.10)
  📝 Reason: 5m: MACD bullish; 15m: MACD bullish; 1h: MACD bearish; 4h: RSI oversold (26.1)

[10:02:05] Cycle 1066
  💰 Current Price: $84.58
  🎯 Signal: HOLD (confidence: 0.10)
  📝 Reason: 5m: MACD bullish; 15m: MACD bullish; 1h: MACD bearish; 4h: RSI oversold (26.0)

[10:02:36] Cycle 1067
  💰 Current Price: $84.56
  🎯 Signal: HOLD (confidence: 0.10)
  📝 Reason: 5m: MACD bullish; 15m: MACD bullish; 1h: MACD bearish; 4h: RSI oversold (26.1)

[10:03:07] Cycle 1068
  💰 Current Price: $84.56
  🎯 Signal: HOLD (confidence: 0.10)
  📝 Reason: 5m: MACD bullish; 15m: MACD bullish; 1h: MACD bearish; 4h: RSI oversold (25.9)

[10:03:38] Cycle 1069
  💰 Current Price: $84.58
  🎯 Signal: HOLD (confidence: 0.10)
  📝 Reason: 5m: MACD bullish; 15m: MACD bullish; 1h: MACD bearish; 4h: RSI oversold (26.1)

[10:04:08] Cycle 1070
  💰 Current Price: $84.58
  🎯 Signal: HOLD (confidence: 0.10)
  📝 Reason: 5m: MACD bullish; 15m: MACD bullish; 1h: MACD bearish; 4h: RSI oversold (26.1)

[10:04:39] Cycle 1071
  💰 Current Price: $84.58
  🎯 Signal: HOLD (confidence: 0.10)
  📝 Reason: 5m: MACD bullish; 15m: MACD bullish; 1h: MACD bearish; 4h: RSI oversold (26.1)

[10:05:10] Cycle 1072
  💰 Current Price: $84.65
  🎯 Signal: HOLD (confidence: 0.10)
  📝 Reason: 5m: MACD bullish; 15m: MACD bullish; 1h: MACD bearish; 4h: RSI oversold (26.5)

[10:05:41] Cycle 1073
  💰 Current Price: $84.64
  🎯 Signal: HOLD (confidence: 0.10)
  📝 Reason: 5m: MACD bullish; 15m: MACD bullish; 1h: MACD bearish; 4h: RSI oversold (26.4)

[10:06:11] Cycle 1074
  💰 Current Price: $84.63
  🎯 Signal: HOLD (confidence: 0.10)
  📝 Reason: 5m: MACD bullish; 15m: MACD bullish; 1h: MACD bearish; 4h: RSI oversold (26.4)

[10:06:42] Cycle 1075
  💰 Current Price: $84.63
  🎯 Signal: HOLD (confidence: 0.10)
  📝 Reason: 5m: MACD bullish; 15m: MACD bullish; 1h: MACD bearish; 4h: RSI oversold (26.4)

[10:07:13] Cycle 1076
  💰 Current Price: $84.62
  🎯 Signal: HOLD (confidence: 0.10)
  📝 Reason: 5m: MACD bullish; 15m: MACD bullish; 1h: MACD bearish; 4h: RSI oversold (26.3)

[10:07:44] Cycle 1077
  💰 Current Price: $84.63
  🎯 Signal: HOLD (confidence: 0.10)
  📝 Reason: 5m: MACD bullish; 15m: MACD bullish; 1h: MACD bearish; 4h: RSI oversold (26.4)

[10:08:14] Cycle 1078
  💰 Current Price: $84.61
  🎯 Signal: HOLD (confidence: 0.10)
  📝 Reason: 5m: MACD bullish; 15m: MACD bullish; 1h: MACD bearish; 4h: RSI oversold (26.3)

[10:08:45] Cycle 1079
  💰 Current Price: $84.63
  🎯 Signal: HOLD (confidence: 0.10)
  📝 Reason: 5m: MACD bullish; 15m: MACD bullish; 1h: MACD bearish; 4h: RSI oversold (26.4)

[10:09:16] Cycle 1080
  💰 Current Price: $84.63
  🎯 Signal: HOLD (confidence: 0.10)
  📝 Reason: 5m: MACD bullish; 15m: MACD bullish; 1h: MACD bearish; 4h: RSI oversold (26.4)

[10:09:46] Cycle 1081
  💰 Current Price: $84.66
  🎯 Signal: HOLD (confidence: 0.10)
  📝 Reason: 5m: MACD bullish; 15m: MACD bullish; 1h: MACD bearish; 4h: RSI oversold (26.6)

[10:10:17] Cycle 1082
  💰 Current Price: $84.64
  🎯 Signal: HOLD (confidence: 0.10)
  📝 Reason: 5m: MACD bullish; 15m: MACD bullish; 1h: MACD bearish; 4h: RSI oversold (26.4)

[10:10:48] Cycle 1083
  💰 Current Price: $84.66
  🎯 Signal: HOLD (confidence: 0.10)
  📝 Reason: 5m: MACD bullish; 15m: MACD bullish; 1h: MACD bearish; 4h: RSI oversold (26.4)

[10:11:19] Cycle 1084
  💰 Current Price: $84.66
  🎯 Signal: HOLD (confidence: 0.10)
  📝 Reason: 5m: MACD bullish; 15m: MACD bullish; 1h: MACD bearish; 4h: RSI oversold (26.6)

[10:11:49] Cycle 1085
  💰 Current Price: $84.66
  🎯 Signal: HOLD (confidence: 0.10)
  📝 Reason: 5m: MACD bullish; 15m: MACD bullish; 1h: MACD bearish; 4h: RSI oversold (26.4)

[10:09:46] Cycle 1089
  💰 Current Price: $84.66
  🎯 Signal: HOLD (confidence: 0.10)
  📝 Reason: 5m: MACD bullish; 15m: MACD bullish; 1h: MACD bearish; 4h: RSI oversold (26.6)

[10:10:17] Cycle 1090
  💰 Current Price: $84.64
  🎯 Signal: HOLD (confidence: 0.10)
  📝 Reason: 5m: MACD bullish; 15m: MACD bullish; 1h: MACD bearish; 4h: RSI oversold (26.4)

[10:10:48] Cycle 1091
  💰 Current Price: $84.66
  🎯 Signal: HOLD (confidence: 0.10)
  📝 Reason: 5m: MACD bullish; 15m: MACD bullish; 1h: MACD bearish; 4h: RSI oversold (26.4)

[10:11:19] Cycle 1092
  💰 Current Price: $84.66
  🎯 Signal: HOLD (confidence: 0.10)
  📝 Reason: 5m: MACD bullish; 15m: MACD bullish; 1h: MACD bearish; 4h: RSI oversold (26.6)

[10:11:49] Cycle 1093
  💰 Current Price: $84.66
  🎯 Signal: HOLD (confidence: 0.10)
  📝 Reason: 5m: MACD bullish; 15m: MACD bullish; 1h: MACD bearish; 4h: RSI oversold (26.6)

[10:12:20] Cycle 1094
  💰 Current Price: $84.66
  🎯 Signal: HOLD (confidence: 0.10)
  📝 Reason: 5m: MACD bullish; 15m: MACD bullish; 1h: MACD bearish; 4h: RSI oversold (26.6)

[10:12:51] Cycle 1095
  💰 Current Price: $84.70
  🎯 Signal: HOLD (confidence: 0.10)
  📝 Reason: 5m: MACD bullish; 15m: MACD bullish; 1h: MACD bearish; 4h: RSI oversold (26.8)

[10:13:22] Cycle 1096
  💰 Current Price: $84.70
  🎯 Signal: HOLD (confidence: 0.10)
  📝 Reason: 5m: MACD bullish; 15m: MACD bullish; 1h: MACD bearish; 4h: RSI oversold (26.8)

[10:13:53] Cycle 1097
  💰 Current Price: $84.69
  🎯 Signal: HOLD (confidence: 0.10)
  📝 Reason: 5m: MACD bullish; 15m: MACD bullish; 1h: MACD bearish; 4h: RSI oversold (26.9)

[10:14:23] Cycle 1098
  💰 Current Price: $84.71
  🎯 Signal: HOLD (confidence: 0.10)
  📝 Reason: 5m: MACD bullish; 15m: MACD bullish; 1h: MACD bearish; 4h: RSI oversold (27.0)

[10:14:54] Cycle 1099
  💰 Current Price: $84.72
  🎯 Signal: HOLD (confidence: 0.10)
  📝 Reason: 5m: MACD bullish; 15m: MACD bullish; 1h: MACD bearish; 4h: RSI oversold (27.0)

[10:15:25] Cycle 1100
  💰 Current Price: $84.74
  🎯 Signal: HOLD (confidence: 0.10)
  📝 Reason: 5m: MACD bullish; 15m: MACD bullish; 1h: MACD bearish; 4h: RSI oversold (27.1)

[10:15:55] Cycle 1101
  💰 Current Price: $84.74
  🎯 Signal: HOLD (confidence: 0.10)
  📝 Reason: 5m: MACD bullish; 15m: MACD bullish; 1h: MACD bearish; 4h: RSI oversold (27.1)

[10:16:26] Cycle 1102
  💰 Current Price: $84.67
  🎯 Signal: HOLD (confidence: 0.10)
  📝 Reason: 5m: MACD bullish; 15m: MACD bullish; 1h: MACD bearish; 4h: RSI oversold (26.6)

[10:16:57] Cycle 1103
  💰 Current Price: $84.67
  🎯 Signal: HOLD (confidence: 0.10)
  📝 Reason: 5m: MACD bullish; 15m: MACD bullish; 1h: MACD bearish; 4h: RSI oversold (26.6)

[10:17:28] Cycle 1104
  💰 Current Price: $84.58
  🎯 Signal: HOLD (confidence: 0.10)
  📝 Reason: 5m: MACD bullish; 15m: MACD bullish; 1h: MACD bearish; 4h: RSI oversold (26.1)

[10:17:59] Cycle 1105
  💰 Current Price: $84.63
  🎯 Signal: HOLD (confidence: 0.10)
  📝 Reason: 5m: MACD bullish; 15m: MACD bullish; 1h: MACD bearish; 4h: RSI oversold (26.4)

[10:18:29] Cycle 1106
  💰 Current Price: $84.65
  🎯 Signal: HOLD (confidence: 0.10)
  📝 Reason: 5m: MACD bullish; 15m: MACD bullish; 1h: MACD bearish; 4h: RSI oversold (26.4)

[10:19:00] Cycle 1107
  💰 Current Price: $84.67
  🎯 Signal: HOLD (confidence: 0.10)
  📝 Reason: 5m: MACD bullish; 15m: MACD bullish; 1h: MACD bearish; 4h: RSI oversold (26.6)

[10:19:31] Cycle 1108
  💰 Current Price: $84.71
  🎯 Signal: HOLD (confidence: 0.10)
  📝 Reason: 5m: MACD bullish; 15m: MACD bullish; 1h: MACD bearish; 4h: RSI oversold (26.8)

[10:20:02] Cycle 1109
  💰 Current Price: $84.65
  🎯 Signal: HOLD (confidence: 0.10)
  📝 Reason: 5m: MACD bullish; 15m: MACD bullish; 1h: MACD bearish; 4h: RSI oversold (26.5)

[10:20:32] Cycle 1110
  💰 Current Price: $84.63
  🎯 Signal: HOLD (confidence: 0.10)
  📝 Reason: 5m: MACD bullish; 15m: MACD bullish; 1h: MACD bearish; 4h: RSI oversold (26.4)

[10:21:03] Cycle 1111
  💰 Current Price: $84.63
  🎯 Signal: HOLD (confidence: 0.10)
  📝 Reason: 5m: MACD bullish; 15m: MACD bullish; 1h: MACD bearish; 4h: RSI oversold (26.4)

[10:21:34] Cycle 1112
  💰 Current Price: $84.61
  🎯 Signal: HOLD (confidence: 0.10)
  📝 Reason: 5m: MACD bullish; 15m: MACD bullish; 1h: MACD bearish; 4h: RSI oversold (26.3)

[10:22:05] Cycle 1113
  💰 Current Price: $84.61
  🎯 Signal: HOLD (confidence: 0.10)
  📝 Reason: 5m: MACD bullish; 15m: MACD bullish; 1h: MACD bearish; 4h: RSI oversold (26.3)

[10:22:35] Cycle 1114
  💰 Current Price: $84.61
  🎯 Signal: HOLD (confidence: 0.10)
  📝 Reason: 5m: MACD bullish; 15m: MACD bullish; 1h: MACD bearish; 4h: RSI oversold (26.3)

[10:23:06] Cycle 1115
  💰 Current Price: $84.63
  🎯 Signal: HOLD (confidence: 0.10)
  📝 Reason: 5m: MACD bullish; 15m: MACD bullish; 1h: MACD bearish; 4h: RSI oversold (26.4)

[10:23:37] Cycle 1116
  💰 Current Price: $84.64
  🎯 Signal: HOLD (confidence: 0.10)
  📝 Reason: 5m: MACD bullish; 15m: MACD bullish; 1h: MACD bearish; 4h: RSI oversold (26.4)

[10:24:08] Cycle 1117
  💰 Current Price: $84.62
  🎯 Signal: HOLD (confidence: 0.10)
  📝 Reason: 5m: MACD bullish; 15m: MACD bullish; 1h: MACD bearish; 4h: RSI oversold (26.3)

[10:24:39] Cycle 1118
  💰 Current Price: $84.61
  🎯 Signal: HOLD (confidence: 0.10)
  📝 Reason: 5m: MACD bullish; 15m: MACD bullish; 1h: MACD bearish; 4h: RSI oversold (26.3)

[10:25:10] Cycle 1119
  💰 Current Price: $84.61
  🎯 Signal: HOLD (confidence: 0.10)
  📝 Reason: 5m: MACD bullish; 15m: MACD bullish; 1h: MACD bearish; 4h: RSI oversold (26.3)

[10:25:40] Cycle 1120
  💰 Current Price: $84.61
  🎯 Signal: HOLD (confidence: 0.10)
  📝 Reason: 5m: MACD bullish; 15m: MACD bullish; 1h: MACD bearish; 4h: RSI oversold (26.3)

[10:26:11] Cycle 1121
  💰 Current Price: $84.61
  🎯 Signal: HOLD (confidence: 0.10)
  📝 Reason: 5m: MACD bullish; 15m: MACD bullish; 1h: MACD bearish; 4h: RSI oversold (26.3)

[10:26:42] Cycle 1122
  💰 Current Price: $84.61
  🎯 Signal: HOLD (confidence: 0.10)
  📝 Reason: 5m: MACD bullish; 15m: MACD bullish; 1h: MACD bearish; 4h: RSI oversold (26.3)

[10:27:13] Cycle 1123
  💰 Current Price: $84.61
  🎯 Signal: HOLD (confidence: 0.10)
  📝 Reason: 5m: MACD bullish; 15m: MACD bullish; 1h: MACD bearish; 4h: RSI oversold (26.3)

[10:27:43] Cycle 1124
  💰 Current Price: $84.61
  🎯 Signal: HOLD (confidence: 0.10)
  📝 Reason: 5m: MACD bullish; 15m: MACD bullish; 1h: MACD bearish; 4h: RSI oversold (26.3)

[10:28:14] Cycle 1125
  💰 Current Price: $84.61
  🎯 Signal: HOLD (confidence: 0.10)
  📝 Reason: 5m: MACD bullish; 15m: MACD bullish; 1h: MACD bearish; 4h: RSI oversold (26.3)

[10:28:45] Cycle 1126
  💰 Current Price: $84.58
  🎯 Signal: HOLD (confidence: 0.10)
  📝 Reason: 5m: MACD bullish; 15m: MACD bullish; 1h: MACD bearish; 4h: RSI oversold (26.1)

[10:29:16] Cycle 1127
  💰 Current Price: $84.58
  🎯 Signal: HOLD (confidence: 0.10)
  📝 Reason: 5m: MACD bullish; 15m: MACD bullish; 1h: MACD bearish; 4h: RSI oversold (26.1)

[10:29:47] Cycle 1128
  💰 Current Price: $84.58
  🎯 Signal: HOLD (confidence: 0.10)
  📝 Reason: 5m: MACD bullish; 15m: MACD bullish; 1h: MACD bearish; 4h: RSI oversold (26.1)

[10:30:18] Cycle 1129
  💰 Current Price: $84.60
  🎯 Signal: HOLD (confidence: 0.10)
  📝 Reason: 5m: MACD bullish; 15m: MACD bullish; 1h: MACD bearish; 4h: RSI oversold (26.2)

[10:30:48] Cycle 1130
  💰 Current Price: $84.61
  🎯 Signal: HOLD (confidence: 0.10)
  📝 Reason: 5m: MACD bullish; 15m: MACD bullish; 1h: MACD bearish; 4h: RSI oversold (26.3)

[10:31:19] Cycle 1131
  💰 Current Price: $84.61
  🎯 Signal: HOLD (confidence: 0.10)
  📝 Reason: 5m: MACD bullish; 15m: MACD bullish; 1h: MACD bearish; 4h: RSI oversold (26.3)

[10:31:50] Cycle 1132
  💰 Current Price: $84.61
  🎯 Signal: HOLD (confidence: 0.10)
  📝 Reason: 5m: MACD bullish; 15m: MACD bullish; 1h: MACD bearish; 4h: RSI oversold (26.6)

[10:12:20] Cycle 1086
  💰 Current Price: $84.66
  🎯 Signal: HOLD (confidence: 0.10)
  📝 Reason: 5m: MACD bullish; 15m: MACD bullish; 1h: MACD bearish; 4h: RSI oversold (26.6)

[10:12:51] Cycle 1087
  💰 Current Price: $84.70
  🎯 Signal: HOLD (confidence: 0.10)
  📝 Reason: 5m: MACD bullish; 15m: MACD bullish; 1h: MACD bearish; 4h: RSI oversold (26.8)

[10:13:22] Cycle 1088
  💰 Current Price: $84.70
  🎯 Signal: HOLD (confidence: 0.10)
  📝 Reason: 5m: MACD bullish; 15m: MACD bullish; 1h: MACD bearish; 4h: RSI oversold (26.8)

[10:13:53] Cycle 1089
  💰 Current Price: $84.69
  🎯 Signal: HOLD (confidence: 0.10)
  📝 Reason: 5m: MACD bullish; 15m: MACD bullish; 1h: MACD bearish; 4h: RSI oversold (26.9)

[10:14:23] Cycle 1090
  💰 Current Price: $84.71
  🎯 Signal: HOLD (confidence: 0.10)
  📝 Reason: 5m: MACD bullish; 15m: MACD bullish; 1h: MACD bearish; 4h: RSI oversold (27.0)

[10:14:54] Cycle 1091
  💰 Current Price: $84.72
  🎯 Signal: HOLD (confidence: 0.10)
  📝 Reason: 5m: MACD bullish; 15m: MACD bullish; 1h: MACD bearish; 4h: RSI oversold (27.0)

[10:15:25] Cycle 1092
  💰 Current Price: $84.74
  🎯 Signal: HOLD (confidence: 0.10)
  📝 Reason: 5m: MACD bullish; 15m: MACD bullish; 1h: MACD bearish; 4h: RSI oversold (27.1)

[10:15:55] Cycle 1093
  💰 Current Price: $84.74
  🎯 Signal: HOLD (confidence: 0.10)
  📝 Reason: 5m: MACD bullish; 15m: MACD bullish; 1h: MACD bearish; 4h: RSI oversold (27.1)

[10:16:26] Cycle 1094
  💰 Current Price: $84.67
  🎯 Signal: HOLD (confidence: 0.10)
  📝 Reason: 5m: MACD bullish; 15m: MACD bullish; 1h: MACD bearish; 4h: RSI oversold (26.6)

[10:16:57] Cycle 1095
  💰 Current Price: $84.67
  🎯 Signal: HOLD (confidence: 0.10)
  📝 Reason: 5m: MACD bullish; 15m: MACD bullish; 1h: MACD bearish; 4h: RSI oversold (26.6)

[10:17:28] Cycle 1096
  💰 Current Price: $84.58
  🎯 Signal: HOLD (confidence: 0.10)
  📝 Reason: 5m: MACD bullish; 15m: MACD bullish; 1h: MACD bearish; 4h: RSI oversold (26.1)

[10:17:59] Cycle 1097
  💰 Current Price: $84.63
  🎯 Signal: HOLD (confidence: 0.10)
  📝 Reason: 5m: MACD bullish; 15m: MACD bullish; 1h: MACD bearish; 4h: RSI oversold (26.4)

[10:18:29] Cycle 1098
  💰 Current Price: $84.65
  🎯 Signal: HOLD (confidence: 0.10)
  📝 Reason: 5m: MACD bullish; 15m: MACD bullish; 1h: MACD bearish; 4h: RSI oversold (26.5)

[10:19:00] Cycle 1099
  💰 Current Price: $84.67
  🎯 Signal: HOLD (confidence: 0.10)
  📝 Reason: 5m: MACD bullish; 15m: MACD bullish; 1h: MACD bearish; 4h: RSI oversold (26.6)

[10:19:31] Cycle 1100
  💰 Current Price: $84.71
  🎯 Signal: HOLD (confidence: 0.10)
  📝 Reason: 5m: MACD bullish; 15m: MACD bullish; 1h: MACD bearish; 4h: RSI oversold (26.8)

[10:20:02] Cycle 1101
  💰 Current Price: $84.65
  🎯 Signal: HOLD (confidence: 0.10)
  📝 Reason: 5m: MACD bullish; 15m: MACD bullish; 1h: MACD bearish; 4h: RSI oversold (26.5)

[10:20:32] Cycle 1102
  💰 Current Price: $84.63
  🎯 Signal: HOLD (confidence: 0.10)
  📝 Reason: 5m: MACD bullish; 15m: MACD bullish; 1h: MACD bearish; 4h: RSI oversold (26.4)

[10:21:03] Cycle 1103
  💰 Current Price: $84.63
  🎯 Signal: HOLD (confidence: 0.10)
  📝 Reason: 5m: MACD bullish; 15m: MACD bullish; 1h: MACD bearish; 4h: RSI oversold (26.4)

[10:21:34] Cycle 1104
  💰 Current Price: $84.61
  🎯 Signal: HOLD (confidence: 0.10)
  📝 Reason: 5m: MACD bullish; 15m: MACD bullish; 1h: MACD bearish; 4h: RSI oversold (26.3)

[10:22:05] Cycle 1105
  💰 Current Price: $84.61
  🎯 Signal: HOLD (confidence: 0.10)
  📝 Reason: 5m: MACD bullish; 15m: MACD bullish; 1h: MACD bearish; 4h: RSI oversold (26.3)

[10:22:35] Cycle 1106
  💰 Current Price: $84.61
  🎯 Signal: HOLD (confidence: 0.10)
  📝 Reason: 5m: MACD bullish; 15m: MACD bullish; 1h: MACD bearish; 4h: RSI oversold (26.3)

[10:23:06] Cycle 1107
  💰 Current Price: $84.63
  🎯 Signal: HOLD (confidence: 0.10)
  📝 Reason: 5m: MACD bullish; 15m: MACD bullish; 1h: MACD bearish; 4h: RSI oversold (26.4)

[10:23:37] Cycle 1108
  💰 Current Price: $84.64
  🎯 Signal: HOLD (confidence: 0.10)
  📝 Reason: 5m: MACD bullish; 15m: MACD bullish; 1h: MACD bearish; 4h: RSI oversold (26.4)

[10:24:08] Cycle 1109
  💰 Current Price: $84.62
  🎯 Signal: HOLD (confidence: 0.10)
  📝 Reason: 5m: MACD bullish; 15m: MACD bullish; 1h: MACD bearish; 4h: RSI oversold (26.3)

[10:24:39] Cycle 1110
  💰 Current Price: $84.61
  🎯 Signal: HOLD (confidence: 0.10)
  📝 Reason: 5m: MACD bullish; 15m: MACD bullish; 1h: MACD bearish; 4h: RSI oversold (26.3)

[10:25:10] Cycle 1111
  💰 Current Price: $84.61
  🎯 Signal: HOLD (confidence: 0.10)
  📝 Reason: 5m: MACD bullish; 15m: MACD bullish; 1h: MACD bearish; 4h: RSI oversold (26.3)

[10:25:40] Cycle 1112
  💰 Current Price: $84.61
  🎯 Signal: HOLD (confidence: 0.10)
  📝 Reason: 5m: MACD bullish; 15m: MACD bullish; 1h: MACD bearish; 4h: RSI oversold (26.3)

[10:26:11] Cycle 1113
  💰 Current Price: $84.61
  🎯 Signal: HOLD (confidence: 0.10)
  📝 Reason: 5m: MACD bullish; 15m: MACD bullish; 1h: MACD bearish; 4h: RSI oversold (26.3)

[10:26:42] Cycle 1114
  💰 Current Price: $84.61
  🎯 Signal: HOLD (confidence: 0.10)
  📝 Reason: 5m: MACD bullish; 15m: MACD bullish; 1h: MACD bearish; 4h: RSI oversold (26.3)

[10:27:13] Cycle 1115
  💰 Current Price: $84.61
  🎯 Signal: HOLD (confidence: 0.10)
  📝 Reason: 5m: MACD bullish; 15m: MACD bullish; 1h: MACD bearish; 4h: RSI oversold (26.3)

[10:27:43] Cycle 1116
  💰 Current Price: $84.61
  🎯 Signal: HOLD (confidence: 0.10)
  📝 Reason: 5m: MACD bullish; 15m: MACD bullish; 1h: MACD bearish; 4h: RSI oversold (26.3)

[10:28:14] Cycle 1117
  💰 Current Price: $84.61
  🎯 Signal: HOLD (confidence: 0.10)
  📝 Reason: 5m: MACD bullish; 15m: MACD bullish; 1h: MACD bearish; 4h: RSI oversold (26.3)

[10:28:45] Cycle 1118
  💰 Current Price: $84.58
  🎯 Signal: HOLD (confidence: 0.10)
  📝 Reason: 5m: MACD bullish; 15m: MACD bullish; 1h: MACD bearish; 4h: RSI oversold (26.1)

[10:29:16] Cycle 1119
  💰 Current Price: $84.58
  🎯 Signal: HOLD (confidence: 0.10)
  📝 Reason: 5m: MACD bullish; 15m: MACD bullish; 1h: MACD bearish; 4h: RSI oversold (26.1)

[10:29:47] Cycle 1120
  💰 Current Price: $84.58
  🎯 Signal: HOLD (confidence: 0.10)
  📝 Reason: 5m: MACD bullish; 15m: MACD bullish; 1h: MACD bearish; 4h: RSI oversold (26.1)

[10:30:18] Cycle 1121
  💰 Current Price: $84.60
  🎯 Signal: HOLD (confidence: 0.10)
  📝 Reason: 5m: MACD bullish; 15m: MACD bullish; 1h: MACD bearish; 4h: RSI oversold (26.2)

[10:30:48] Cycle 1122
  💰 Current Price: $84.61
  🎯 Signal: HOLD (confidence: 0.10)
  📝 Reason: 5m: MACD bullish; 15m: MACD bullish; 1h: MACD bearish; 4h: RSI oversold (26.3)

[10:31:19] Cycle 1123
  💰 Current Price: $84.61
  🎯 Signal: HOLD (confidence: 0.10)
  📝 Reason: 5m: MACD bullish; 15m: MACD bullish; 1h: MACD bearish; 4h: RSI oversold (26.3)

[10:31:50] Cycle 1124
  💰 Current Price: $84.61
  🎯 Signal: HOLD (confidence: 0.10)
  📝 Reason: 5m: MACD bullish; 15m: MACD bullish; 1h: MACD bearish; 4h: RSI oversold (26.3)

[10:32:21] Cycle 1125
  💰 Current Price: $84.61
  🎯 Signal: HOLD (confidence: 0.10)
  📝 Reason: 5m: MACD bullish; 15m: MACD bullish; 1h: MACD bearish; 4h: RSI oversold (26.3)

[10:32:52] Cycle 1126
  💰 Current Price: $84.61
  🎯 Signal: HOLD (confidence: 0.10)
  📝 Reason: 5m: MACD bullish; 15m: MACD bullish; 1h: MACD bearish; 4h: RSI oversold (26.3)

[10:33:23] Cycle 1127
  💰 Current Price: $84.60
  🎯 Signal: HOLD (confidence: 0.10)
  📝 Reason: 5m: MACD bullish; 15m: MACD bullish; 1h: MACD bearish; 4h: RSI oversold (26.2)

[10:33:54] Cycle 1128
  💰 Current Price: $84.59
  🎯 Signal: HOLD (confidence: 0.10)
  📝 Reason: 5m: MACD bullish; 15m: MACD bullish; 1h: MACD bearish; 4h: RSI oversold (26.1)

[10:34:24] Cycle 1129
  💰 Current Price: $84.59
  🎯 Signal: HOLD (confidence: 0.10)
  📝 Reason: 5m: MACD bullish; 15m: MACD bullish; 1h: MACD bearish; 4h: RSI oversold (26.3)

[10:32:21] Cycle 1133
  💰 Current Price: $84.61
  🎯 Signal: HOLD (confidence: 0.10)
  📝 Reason: 5m: MACD bullish; 15m: MACD bullish; 1h: MACD bearish; 4h: RSI oversold (26.3)

[10:32:52] Cycle 1134
  💰 Current Price: $84.61
  🎯 Signal: HOLD (confidence: 0.10)
  📝 Reason: 5m: MACD bullish; 15m: MACD bullish; 1h: MACD bearish; 4h: RSI oversold (26.3)

[10:33:23] Cycle 1135
  💰 Current Price: $84.60
  🎯 Signal: HOLD (confidence: 0.10)
  📝 Reason: 5m: MACD bullish; 15m: MACD bullish; 1h: MACD bearish; 4h: RSI oversold (26.2)

[10:33:54] Cycle 1136
  💰 Current Price: $84.59
  🎯 Signal: HOLD (confidence: 0.10)
  📝 Reason: 5m: MACD bullish; 15m: MACD bullish; 1h: MACD bearish; 4h: RSI oversold (26.1)

[10:34:24] Cycle 1137
  💰 Current Price: $84.59
  🎯 Signal: HOLD (confidence: 0.10)
  📝 Reason: 5m: MACD bullish; 15m: MACD bullish; 1h: MACD bearish; 4h: RSI oversold (26.1)

[10:34:55] Cycle 1138
  💰 Current Price: $84.60
  🎯 Signal: HOLD (confidence: 0.10)
  📝 Reason: 5m: MACD bullish; 15m: MACD bullish; 1h: MACD bearish; 4h: RSI oversold (26.2)

[10:35:26] Cycle 1139
  💰 Current Price: $84.60
  🎯 Signal: HOLD (confidence: 0.10)
  📝 Reason: 5m: MACD bullish; 15m: MACD bullish; 1h: MACD bearish; 4h: RSI oversold (26.2)

[10:35:56] Cycle 1140
  💰 Current Price: $84.60
  🎯 Signal: HOLD (confidence: 0.10)
  📝 Reason: 5m: MACD bullish; 15m: MACD bullish; 1h: MACD bearish; 4h: RSI oversold (26.2)

[10:36:27] Cycle 1141
  💰 Current Price: $84.63
  🎯 Signal: HOLD (confidence: 0.10)
  📝 Reason: 5m: MACD bullish; 15m: MACD bullish; 1h: MACD bearish; 4h: RSI oversold (26.4)

[10:36:58] Cycle 1142
  💰 Current Price: $84.63
  🎯 Signal: HOLD (confidence: 0.10)
  📝 Reason: 5m: MACD bullish; 15m: MACD bullish; 1h: MACD bearish; 4h: RSI oversold (26.4)

[10:37:28] Cycle 1143
  💰 Current Price: $84.63
  🎯 Signal: HOLD (confidence: 0.10)
  📝 Reason: 5m: MACD bullish; 15m: MACD bullish; 1h: MACD bearish; 4h: RSI oversold (26.4)

[10:37:59] Cycle 1144
  💰 Current Price: $84.62
  🎯 Signal: HOLD (confidence: 0.10)
  📝 Reason: 5m: MACD bullish; 15m: MACD bullish; 1h: MACD bearish; 4h: RSI oversold (26.3)

[10:38:30] Cycle 1145
  💰 Current Price: $84.62
  🎯 Signal: HOLD (confidence: 0.10)
  📝 Reason: 5m: MACD bullish; 15m: MACD bullish; 1h: MACD bearish; 4h: RSI oversold (26.4)

[10:39:01] Cycle 1146
  💰 Current Price: $84.64
  🎯 Signal: HOLD (confidence: 0.10)
  📝 Reason: 5m: MACD bullish; 15m: MACD bullish; 1h: MACD bearish; 4h: RSI oversold (26.4)

[10:39:31] Cycle 1147
  💰 Current Price: $84.64
  🎯 Signal: HOLD (confidence: 0.10)
  📝 Reason: 5m: MACD bullish; 15m: MACD bullish; 1h: MACD bearish; 4h: RSI oversold (26.6)

[10:40:02] Cycle 1148
  💰 Current Price: $84.66
  🎯 Signal: HOLD (confidence: 0.10)
  📝 Reason: 5m: MACD bullish; 15m: MACD bullish; 1h: MACD bearish; 4h: RSI oversold (26.6)

[10:40:33] Cycle 1149
  💰 Current Price: $84.66
  🎯 Signal: HOLD (confidence: 0.10)
  📝 Reason: 5m: MACD bullish; 15m: MACD bullish; 1h: MACD bearish; 4h: RSI oversold (26.6)

[10:41:04] Cycle 1150
  💰 Current Price: $84.66
  🎯 Signal: HOLD (confidence: 0.10)
  📝 Reason: 5m: MACD bullish; 15m: MACD bullish; 1h: MACD bearish; 4h: RSI oversold (26.6)

[10:41:35] Cycle 1151
  💰 Current Price: $84.66
  🎯 Signal: HOLD (confidence: 0.10)
  📝 Reason: 5m: MACD bullish; 15m: MACD bullish; 1h: MACD bearish; 4h: RSI oversold (26.6)

[10:42:05] Cycle 1152
  💰 Current Price: $84.66
  🎯 Signal: HOLD (confidence: 0.10)
  📝 Reason: 5m: MACD bullish; 15m: MACD bullish; 1h: MACD bearish; 4h: RSI oversold (26.6)

[10:42:36] Cycle 1153
  💰 Current Price: $84.66
  🎯 Signal: HOLD (confidence: 0.10)
  📝 Reason: 5m: MACD bullish; 15m: MACD bullish; 1h: MACD bearish; 4h: RSI oversold (26.6)

[10:43:07] Cycle 1154
  💰 Current Price: $84.66
  🎯 Signal: HOLD (confidence: 0.10)
  📝 Reason: 5m: MACD bullish; 15m: MACD bullish; 1h: MACD bearish; 4h: RSI oversold (26.6)

[10:43:37] Cycle 1155
  💰 Current Price: $84.66
  🎯 Signal: HOLD (confidence: 0.10)
  📝 Reason: 5m: MACD bullish; 15m: MACD bullish; 1h: MACD bearish; 4h: RSI oversold (26.6)

[10:44:08] Cycle 1156
  💰 Current Price: $84.66
  🎯 Signal: HOLD (confidence: 0.10)
  📝 Reason: 5m: MACD bullish; 15m: MACD bullish; 1h: MACD bearish; 4h: RSI oversold (26.6)

[10:44:38] Cycle 1157
  💰 Current Price: $84.66
  🎯 Signal: HOLD (confidence: 0.10)
  📝 Reason: 5m: MACD bullish; 15m: MACD bullish; 1h: MACD bearish; 4h: RSI oversold (26.6)

[10:45:09] Cycle 1158
  💰 Current Price: $84.65
  🎯 Signal: HOLD (confidence: 0.10)
  📝 Reason: 5m: MACD bullish; 15m: MACD bullish; 1h: MACD bearish; 4h: RSI oversold (26.3)

[10:45:40] Cycle 1159
  💰 Current Price: $84.61
  🎯 Signal: HOLD (confidence: 0.10)
  📝 Reason: 5m: MACD bullish; 15m: MACD bullish; 1h: MACD bearish; 4h: RSI oversold (26.3)

[10:46:11] Cycle 1160
  💰 Current Price: $84.62
  🎯 Signal: HOLD (confidence: 0.10)
  📝 Reason: 5m: MACD bullish; 15m: MACD bullish; 1h: MACD bearish; 4h: RSI oversold (26.3)

[10:46:41] Cycle 1161
  💰 Current Price: $84.62
  🎯 Signal: HOLD (confidence: 0.10)
  📝 Reason: 5m: MACD bullish; 15m: MACD bullish; 1h: MACD bearish; 4h: RSI oversold (26.3)

[10:47:12] Cycle 1162
  💰 Current Price: $84.60
  🎯 Signal: HOLD (confidence: 0.10)
  📝 Reason: 5m: MACD bullish; 15m: MACD bullish; 1h: MACD bearish; 4h: RSI oversold (26.2)

[10:47:43] Cycle 1163
  💰 Current Price: $84.61
  🎯 Signal: HOLD (confidence: 0.10)
  📝 Reason: 5m: MACD bullish; 15m: MACD bullish; 1h: MACD bearish; 4h: RSI oversold (26.3)

[10:48:14] Cycle 1164
  💰 Current Price: $84.60
  🎯 Signal: HOLD (confidence: 0.10)
  📝 Reason: 5m: MACD bullish; 15m: MACD bullish; 1h: MACD bearish; 4h: RSI oversold (26.2)

[10:48:44] Cycle 1165
  💰 Current Price: $84.58
  🎯 Signal: HOLD (confidence: 0.10)
  📝 Reason: 5m: MACD bullish; 15m: MACD bullish; 1h: MACD bearish; 4h: RSI oversold (26.1)

[10:49:15] Cycle 1166
  💰 Current Price: $84.63
  🎯 Signal: HOLD (confidence: 0.10)
  📝 Reason: 5m: MACD bullish; 15m: MACD bullish; 1h: MACD bearish; 4h: RSI oversold (26.4)

[10:49:46] Cycle 1167
  💰 Current Price: $84.63
  🎯 Signal: HOLD (confidence: 0.10)
  📝 Reason: 5m: MACD bullish; 15m: MACD bullish; 1h: MACD bearish; 4h: RSI oversold (26.4)

[10:50:17] Cycle 1168
  💰 Current Price: $84.64
  🎯 Signal: HOLD (confidence: 0.10)
  📝 Reason: 5m: MACD bullish; 15m: MACD bullish; 1h: MACD bearish; 4h: RSI oversold (26.4)

[10:50:47] Cycle 1169
  💰 Current Price: $84.64
  🎯 Signal: HOLD (confidence: 0.10)
  📝 Reason: 5m: MACD bullish; 15m: MACD bullish; 1h: MACD bearish; 4h: RSI oversold (26.4)

[10:51:18] Cycle 1170
  💰 Current Price: $84.64
  🎯 Signal: HOLD (confidence: 0.10)
  📝 Reason: 5m: MACD bullish; 15m: MACD bullish; 1h: MACD bearish; 4h: RSI oversold (26.4)

[10:51:49] Cycle 1171
  💰 Current Price: $84.61
  🎯 Signal: HOLD (confidence: 0.10)
  📝 Reason: 5m: MACD bullish; 15m: MACD bullish; 1h: MACD bearish; 4h: RSI oversold (26.3)

[10:52:20] Cycle 1172
  💰 Current Price: $84.56
  🎯 Signal: HOLD (confidence: 0.10)
  📝 Reason: 5m: MACD bullish; 15m: MACD bullish; 1h: MACD bearish; 4h: RSI oversold (25.9)

[10:52:50] Cycle 1173
  💰 Current Price: $84.55
  🎯 Signal: HOLD (confidence: 0.10)
  📝 Reason: 5m: MACD bullish; 15m: MACD bullish; 1h: MACD bearish; 4h: RSI oversold (25.9)

[10:53:21] Cycle 1174
  💰 Current Price: $84.53
  🎯 Signal: HOLD (confidence: 0.10)
  📝 Reason: 5m: MACD bullish; 15m: MACD bullish; 1h: MACD bearish; 4h: RSI oversold (25.7)

[10:53:52] Cycle 1175
  💰 Current Price: $84.49
  🎯 Signal: HOLD (confidence: 0.10)
  📝 Reason: 5m: MACD bullish; 15m: MACD bullish; 1h: MACD bearish; 4h: RSI oversold (25.5)

[10:54:22] Cycle 1176
  💰 Current Price: $84.49
  🎯 Signal: HOLD (confidence: 0.10)
  📝 Reason: 5m: MACD bullish; 15m: MACD bullish; 1h: MACD bearish; 4h: RSI oversold (26.1)

[10:34:55] Cycle 1130
  💰 Current Price: $84.60
  🎯 Signal: HOLD (confidence: 0.10)
  📝 Reason: 5m: MACD bullish; 15m: MACD bullish; 1h: MACD bearish; 4h: RSI oversold (26.2)

[10:35:26] Cycle 1131
  💰 Current Price: $84.60
  🎯 Signal: HOLD (confidence: 0.10)
  📝 Reason: 5m: MACD bullish; 15m: MACD bullish; 1h: MACD bearish; 4h: RSI oversold (26.2)

[10:35:56] Cycle 1132
  💰 Current Price: $84.60
  🎯 Signal: HOLD (confidence: 0.10)
  📝 Reason: 5m: MACD bullish; 15m: MACD bullish; 1h: MACD bearish; 4h: RSI oversold (26.2)

[10:36:27] Cycle 1133
  💰 Current Price: $84.63
  🎯 Signal: HOLD (confidence: 0.10)
  📝 Reason: 5m: MACD bullish; 15m: MACD bullish; 1h: MACD bearish; 4h: RSI oversold (26.4)

[10:36:58] Cycle 1134
  💰 Current Price: $84.63
  🎯 Signal: HOLD (confidence: 0.10)
  📝 Reason: 5m: MACD bullish; 15m: MACD bullish; 1h: MACD bearish; 4h: RSI oversold (26.4)

[10:37:28] Cycle 1135
  💰 Current Price: $84.63
  🎯 Signal: HOLD (confidence: 0.10)
  📝 Reason: 5m: MACD bullish; 15m: MACD bullish; 1h: MACD bearish; 4h: RSI oversold (26.4)

[10:37:59] Cycle 1136
  💰 Current Price: $84.62
  🎯 Signal: HOLD (confidence: 0.10)
  📝 Reason: 5m: MACD bullish; 15m: MACD bullish; 1h: MACD bearish; 4h: RSI oversold (26.3)

[10:38:30] Cycle 1137
  💰 Current Price: $84.62
  🎯 Signal: HOLD (confidence: 0.10)
  📝 Reason: 5m: MACD bullish; 15m: MACD bullish; 1h: MACD bearish; 4h: RSI oversold (26.4)

[10:39:01] Cycle 1138
  💰 Current Price: $84.64
  🎯 Signal: HOLD (confidence: 0.10)
  📝 Reason: 5m: MACD bullish; 15m: MACD bullish; 1h: MACD bearish; 4h: RSI oversold (26.4)

[10:39:31] Cycle 1139
  💰 Current Price: $84.64
  🎯 Signal: HOLD (confidence: 0.10)
  📝 Reason: 5m: MACD bullish; 15m: MACD bullish; 1h: MACD bearish; 4h: RSI oversold (26.6)

[10:40:02] Cycle 1140
  💰 Current Price: $84.66
  🎯 Signal: HOLD (confidence: 0.10)
  📝 Reason: 5m: MACD bullish; 15m: MACD bullish; 1h: MACD bearish; 4h: RSI oversold (26.6)

[10:40:33] Cycle 1141
  💰 Current Price: $84.66
  🎯 Signal: HOLD (confidence: 0.10)
  📝 Reason: 5m: MACD bullish; 15m: MACD bullish; 1h: MACD bearish; 4h: RSI oversold (26.6)

[10:41:04] Cycle 1142
  💰 Current Price: $84.66
  🎯 Signal: HOLD (confidence: 0.10)
  📝 Reason: 5m: MACD bullish; 15m: MACD bullish; 1h: MACD bearish; 4h: RSI oversold (26.6)

[10:41:35] Cycle 1143
  💰 Current Price: $84.66
  🎯 Signal: HOLD (confidence: 0.10)
  📝 Reason: 5m: MACD bullish; 15m: MACD bullish; 1h: MACD bearish; 4h: RSI oversold (26.6)

[10:42:05] Cycle 1144
  💰 Current Price: $84.66
  🎯 Signal: HOLD (confidence: 0.10)
  📝 Reason: 5m: MACD bullish; 15m: MACD bullish; 1h: MACD bearish; 4h: RSI oversold (26.6)

[10:42:36] Cycle 1145
  💰 Current Price: $84.66
  🎯 Signal: HOLD (confidence: 0.10)
  📝 Reason: 5m: MACD bullish; 15m: MACD bullish; 1h: MACD bearish; 4h: RSI oversold (26.6)

[10:43:07] Cycle 1146
  💰 Current Price: $84.66
  🎯 Signal: HOLD (confidence: 0.10)
  📝 Reason: 5m: MACD bullish; 15m: MACD bullish; 1h: MACD bearish; 4h: RSI oversold (26.6)

[10:43:37] Cycle 1147
  💰 Current Price: $84.66
  🎯 Signal: HOLD (confidence: 0.10)
  📝 Reason: 5m: MACD bullish; 15m: MACD bullish; 1h: MACD bearish; 4h: RSI oversold (26.6)

[10:44:08] Cycle 1148
  💰 Current Price: $84.66
  🎯 Signal: HOLD (confidence: 0.10)
  📝 Reason: 5m: MACD bullish; 15m: MACD bullish; 1h: MACD bearish; 4h: RSI oversold (26.6)

[10:44:38] Cycle 1149
  💰 Current Price: $84.66
  🎯 Signal: HOLD (confidence: 0.10)
  📝 Reason: 5m: MACD bullish; 15m: MACD bullish; 1h: MACD bearish; 4h: RSI oversold (26.6)

[10:45:09] Cycle 1150
  💰 Current Price: $84.65
  🎯 Signal: HOLD (confidence: 0.10)
  📝 Reason: 5m: MACD bullish; 15m: MACD bullish; 1h: MACD bearish; 4h: RSI oversold (26.3)

[10:45:40] Cycle 1151
  💰 Current Price: $84.61
  🎯 Signal: HOLD (confidence: 0.10)
  📝 Reason: 5m: MACD bullish; 15m: MACD bullish; 1h: MACD bearish; 4h: RSI oversold (26.3)

[10:46:11] Cycle 1152
  💰 Current Price: $84.62
  🎯 Signal: HOLD (confidence: 0.10)
  📝 Reason: 5m: MACD bullish; 15m: MACD bullish; 1h: MACD bearish; 4h: RSI oversold (26.3)

[10:46:41] Cycle 1153
  💰 Current Price: $84.62
  🎯 Signal: HOLD (confidence: 0.10)
  📝 Reason: 5m: MACD bullish; 15m: MACD bullish; 1h: MACD bearish; 4h: RSI oversold (26.3)

[10:47:12] Cycle 1154
  💰 Current Price: $84.60
  🎯 Signal: HOLD (confidence: 0.10)
  📝 Reason: 5m: MACD bullish; 15m: MACD bullish; 1h: MACD bearish; 4h: RSI oversold (26.2)

[10:47:43] Cycle 1155
  💰 Current Price: $84.61
  🎯 Signal: HOLD (confidence: 0.10)
  📝 Reason: 5m: MACD bullish; 15m: MACD bullish; 1h: MACD bearish; 4h: RSI oversold (26.3)

[10:48:14] Cycle 1156
  💰 Current Price: $84.60
  🎯 Signal: HOLD (confidence: 0.10)
  📝 Reason: 5m: MACD bullish; 15m: MACD bullish; 1h: MACD bearish; 4h: RSI oversold (26.2)

[10:48:44] Cycle 1157
  💰 Current Price: $84.58
  🎯 Signal: HOLD (confidence: 0.10)
  📝 Reason: 5m: MACD bullish; 15m: MACD bullish; 1h: MACD bearish; 4h: RSI oversold (26.1)

[10:49:15] Cycle 1158
  💰 Current Price: $84.63
  🎯 Signal: HOLD (confidence: 0.10)
  📝 Reason: 5m: MACD bullish; 15m: MACD bullish; 1h: MACD bearish; 4h: RSI oversold (26.4)

[10:49:46] Cycle 1159
  💰 Current Price: $84.63
  🎯 Signal: HOLD (confidence: 0.10)
  📝 Reason: 5m: MACD bullish; 15m: MACD bullish; 1h: MACD bearish; 4h: RSI oversold (26.4)

[10:50:17] Cycle 1160
  💰 Current Price: $84.64
  🎯 Signal: HOLD (confidence: 0.10)
  📝 Reason: 5m: MACD bullish; 15m: MACD bullish; 1h: MACD bearish; 4h: RSI oversold (26.4)

[10:50:47] Cycle 1161
  💰 Current Price: $84.64
  🎯 Signal: HOLD (confidence: 0.10)
  📝 Reason: 5m: MACD bullish; 15m: MACD bullish; 1h: MACD bearish; 4h: RSI oversold (26.4)

[10:51:18] Cycle 1162
  💰 Current Price: $84.64
  🎯 Signal: HOLD (confidence: 0.10)
  📝 Reason: 5m: MACD bullish; 15m: MACD bullish; 1h: MACD bearish; 4h: RSI oversold (26.4)

[10:51:49] Cycle 1163
  💰 Current Price: $84.61
  🎯 Signal: HOLD (confidence: 0.10)
  📝 Reason: 5m: MACD bullish; 15m: MACD bullish; 1h: MACD bearish; 4h: RSI oversold (26.3)

[10:52:20] Cycle 1164
  💰 Current Price: $84.56
  🎯 Signal: HOLD (confidence: 0.10)
  📝 Reason: 5m: MACD bullish; 15m: MACD bullish; 1h: MACD bearish; 4h: RSI oversold (25.9)

[10:52:50] Cycle 1165
  💰 Current Price: $84.55
  🎯 Signal: HOLD (confidence: 0.10)
  📝 Reason: 5m: MACD bullish; 15m: MACD bullish; 1h: MACD bearish; 4h: RSI oversold (25.9)

[10:53:21] Cycle 1166
  💰 Current Price: $84.53
  🎯 Signal: HOLD (confidence: 0.10)
  📝 Reason: 5m: MACD bullish; 15m: MACD bullish; 1h: MACD bearish; 4h: RSI oversold (25.7)

[10:53:52] Cycle 1167
  💰 Current Price: $84.49
  🎯 Signal: HOLD (confidence: 0.10)
  📝 Reason: 5m: MACD bullish; 15m: MACD bullish; 1h: MACD bearish; 4h: RSI oversold (25.5)

[10:54:22] Cycle 1168
  💰 Current Price: $84.49
  🎯 Signal: HOLD (confidence: 0.10)
  📝 Reason: 5m: MACD bullish; 15m: MACD bullish; 1h: MACD bearish; 4h: RSI oversold (25.7)

[10:54:53] Cycle 1169
  💰 Current Price: $84.52
  🎯 Signal: HOLD (confidence: 0.10)
  📝 Reason: 5m: MACD bullish; 15m: MACD bullish; 1h: MACD bearish; 4h: RSI oversold (25.7)

[10:55:24] Cycle 1170
  💰 Current Price: $84.48
  🎯 Signal: HOLD (confidence: 0.10)
  📝 Reason: 5m: MACD bullish; 15m: MACD bullish; 1h: MACD bearish; 4h: RSI oversold (25.5)

[10:55:54] Cycle 1171
  💰 Current Price: $84.50
  🎯 Signal: HOLD (confidence: 0.10)
  📝 Reason: 5m: MACD bullish; 15m: MACD bullish; 1h: MACD bearish; 4h: RSI oversold (25.5)

[10:56:25] Cycle 1172
  💰 Current Price: $84.50
  🎯 Signal: HOLD (confidence: 0.10)
  📝 Reason: 5m: MACD bullish; 15m: MACD bullish; 1h: MACD bearish; 4h: RSI oversold (25.5)

[10:56:56] Cycle 1173
  💰 Current Price: $84.50
  🎯 Signal: HOLD (confidence: 0.10)
  📝 Reason: 5m: MACD bullish; 15m: MACD bullish; 1h: MACD bearish; 4h: RSI oversold (25.7)

[10:54:53] Cycle 1177
  💰 Current Price: $84.52
  🎯 Signal: HOLD (confidence: 0.10)
  📝 Reason: 5m: MACD bullish; 15m: MACD bullish; 1h: MACD bearish; 4h: RSI oversold (25.7)

[10:55:24] Cycle 1178
  💰 Current Price: $84.48
  🎯 Signal: HOLD (confidence: 0.10)
  📝 Reason: 5m: MACD bullish; 15m: MACD bullish; 1h: MACD bearish; 4h: RSI oversold (25.5)

[10:55:54] Cycle 1179
  💰 Current Price: $84.50
  🎯 Signal: HOLD (confidence: 0.10)
  📝 Reason: 5m: MACD bullish; 15m: MACD bullish; 1h: MACD bearish; 4h: RSI oversold (25.5)

[10:56:25] Cycle 1180
  💰 Current Price: $84.50
  🎯 Signal: HOLD (confidence: 0.10)
  📝 Reason: 5m: MACD bullish; 15m: MACD bullish; 1h: MACD bearish; 4h: RSI oversold (25.5)

[10:56:56] Cycle 1181
  💰 Current Price: $84.50
  🎯 Signal: HOLD (confidence: 0.10)
  📝 Reason: 5m: MACD bullish; 15m: MACD bullish; 1h: MACD bearish; 4h: RSI oversold (25.5)

[10:57:26] Cycle 1182
  💰 Current Price: $84.45
  🎯 Signal: HOLD (confidence: 0.10)
  📝 Reason: 5m: MACD bullish; 15m: MACD bullish; 1h: MACD bearish; 4h: RSI oversold (25.1)

[10:57:57] Cycle 1183
  💰 Current Price: $84.43
  🎯 Signal: HOLD (confidence: 0.10)
  📝 Reason: 5m: MACD bullish; 15m: MACD bullish; 1h: MACD bearish; 4h: RSI oversold (25.1)

[10:58:28] Cycle 1184
  💰 Current Price: $84.44
  🎯 Signal: HOLD (confidence: 0.10)
  📝 Reason: 5m: MACD bullish; 15m: MACD bullish; 1h: MACD bearish; 4h: RSI oversold (25.3)

[10:58:58] Cycle 1185
  💰 Current Price: $84.47
  🎯 Signal: HOLD (confidence: 0.10)
  📝 Reason: 5m: MACD bullish; 15m: MACD bullish; 1h: MACD bearish; 4h: RSI oversold (25.3)

[10:59:29] Cycle 1186
  💰 Current Price: $84.47
  🎯 Signal: HOLD (confidence: 0.10)
  📝 Reason: 5m: MACD bullish; 15m: MACD bullish; 1h: MACD bearish; 4h: RSI oversold (25.4)

[11:00:00] Cycle 1187
  💰 Current Price: $84.48
  🎯 Signal: HOLD (confidence: 0.10)
  📝 Reason: 5m: MACD bullish; 15m: MACD bullish; 1h: MACD bearish; 4h: RSI oversold (25.3)

[11:00:31] Cycle 1188
  💰 Current Price: $84.43
  🎯 Signal: HOLD (confidence: 0.00)
  📝 Reason: 5m: MACD bearish; 15m: MACD bullish; 1h: MACD bearish; 4h: RSI oversold (25.1)

[11:01:01] Cycle 1189
  💰 Current Price: $84.44
  🎯 Signal: HOLD (confidence: 0.00)
  📝 Reason: 5m: MACD bearish; 15m: MACD bullish; 1h: MACD bearish; 4h: RSI oversold (25.1)

[11:01:32] Cycle 1190
  💰 Current Price: $84.45
  🎯 Signal: HOLD (confidence: 0.10)
  📝 Reason: 5m: MACD bullish; 15m: MACD bullish; 1h: MACD bearish; 4h: RSI oversold (25.2)

[11:02:03] Cycle 1191
  💰 Current Price: $84.44
  🎯 Signal: HOLD (confidence: 0.00)
  📝 Reason: 5m: MACD bearish; 15m: MACD bullish; 1h: MACD bearish; 4h: RSI oversold (24.9)

[11:02:34] Cycle 1192
  💰 Current Price: $84.42
  🎯 Signal: HOLD (confidence: 0.00)
  📝 Reason: 5m: MACD bearish; 15m: MACD bullish; 1h: MACD bearish; 4h: RSI oversold (25.0)

[11:03:05] Cycle 1193
  💰 Current Price: $84.38
  🎯 Signal: HOLD (confidence: 0.00)
  📝 Reason: 5m: MACD bearish; 15m: MACD bullish; 1h: MACD bearish; 4h: RSI oversold (24.7)

[11:03:36] Cycle 1194
  💰 Current Price: $84.37
  🎯 Signal: HOLD (confidence: 0.00)
  📝 Reason: 5m: MACD bearish; 15m: MACD bullish; 1h: MACD bearish; 4h: RSI oversold (24.7)

[11:04:06] Cycle 1195
  💰 Current Price: $84.37
  🎯 Signal: HOLD (confidence: 0.00)
  📝 Reason: 5m: MACD bearish; 15m: MACD bullish; 1h: MACD bearish; 4h: RSI oversold (24.6)

[11:04:37] Cycle 1196
  💰 Current Price: $84.34
  🎯 Signal: HOLD (confidence: 0.00)
  📝 Reason: 5m: MACD bearish; 15m: MACD bullish; 1h: MACD bearish; 4h: RSI oversold (24.5)

[11:05:08] Cycle 1197
  💰 Current Price: $84.35
  🎯 Signal: HOLD (confidence: 0.00)
  📝 Reason: 5m: MACD bearish; 15m: MACD bullish; 1h: MACD bearish; 4h: RSI oversold (24.5)

[11:05:38] Cycle 1198
  💰 Current Price: $84.33
  🎯 Signal: HOLD (confidence: 0.00)
  📝 Reason: 5m: MACD bearish; 15m: MACD bullish; 1h: MACD bearish; 4h: RSI oversold (24.4)

[11:06:09] Cycle 1199
  💰 Current Price: $84.31
  🎯 Signal: HOLD (confidence: 0.10)
  📝 Reason: 5m: RSI oversold (29.0); 5m: MACD bearish; 15m: MACD bullish; 1h: MACD bearish

[11:06:40] Cycle 1200
  💰 Current Price: $84.31
  🎯 Signal: HOLD (confidence: 0.10)
  📝 Reason: 5m: RSI oversold (29.9); 5m: MACD bearish; 15m: MACD bullish; 1h: MACD bearish

[11:07:11] Cycle 1201
  💰 Current Price: $84.31
  🎯 Signal: HOLD (confidence: 0.10)
  📝 Reason: 5m: RSI oversold (29.9); 5m: MACD bearish; 15m: MACD bullish; 1h: MACD bearish

[11:07:42] Cycle 1202
  💰 Current Price: $84.38
  🎯 Signal: HOLD (confidence: 0.00)
  📝 Reason: 5m: MACD bearish; 15m: MACD bullish; 1h: MACD bearish; 4h: RSI oversold (24.7)

[11:08:13] Cycle 1203
  💰 Current Price: $84.37
  🎯 Signal: HOLD (confidence: 0.00)
  📝 Reason: 5m: MACD bearish; 15m: MACD bullish; 1h: MACD bearish; 4h: RSI oversold (24.7)

[11:08:43] Cycle 1204
  💰 Current Price: $84.38
  🎯 Signal: HOLD (confidence: 0.00)
  📝 Reason: 5m: MACD bearish; 15m: MACD bullish; 1h: MACD bearish; 4h: RSI oversold (24.7)

[11:09:14] Cycle 1205
  💰 Current Price: $84.37
  🎯 Signal: HOLD (confidence: 0.00)
  📝 Reason: 5m: MACD bearish; 15m: MACD bullish; 1h: MACD bearish; 4h: RSI oversold (24.7)

[11:09:45] Cycle 1206
  💰 Current Price: $84.37
  🎯 Signal: HOLD (confidence: 0.00)
  📝 Reason: 5m: MACD bearish; 15m: MACD bullish; 1h: MACD bearish; 4h: RSI oversold (24.7)

[11:10:16] Cycle 1207
  💰 Current Price: $84.37
  🎯 Signal: HOLD (confidence: 0.10)
  📝 Reason: 5m: RSI oversold (25.9); 5m: MACD bearish; 15m: MACD bullish; 1h: MACD bearish

[11:10:46] Cycle 1208
  💰 Current Price: $84.37
  🎯 Signal: HOLD (confidence: 0.10)
  📝 Reason: 5m: RSI oversold (25.4); 5m: MACD bearish; 15m: MACD bullish; 1h: MACD bearish

[11:11:17] Cycle 1209
  💰 Current Price: $84.35
  🎯 Signal: HOLD (confidence: 0.10)
  📝 Reason: 5m: RSI oversold (25.0); 5m: MACD bearish; 15m: MACD bullish; 1h: MACD bearish

[11:11:48] Cycle 1210
  💰 Current Price: $84.46
  🎯 Signal: HOLD (confidence: 0.00)
  📝 Reason: 5m: MACD bearish; 15m: MACD bullish; 1h: MACD bearish; 4h: RSI oversold (25.3)

[11:12:18] Cycle 1211
  💰 Current Price: $84.49
  🎯 Signal: HOLD (confidence: 0.00)
  📝 Reason: 5m: MACD bearish; 15m: MACD bullish; 1h: MACD bearish; 4h: RSI oversold (25.5)

[11:12:49] Cycle 1212
  💰 Current Price: $84.57
  🎯 Signal: HOLD (confidence: 0.00)
  📝 Reason: 5m: MACD bearish; 15m: MACD bullish; 1h: MACD bearish; 4h: RSI oversold (26.1)

[11:13:20] Cycle 1213
  💰 Current Price: $84.59
  🎯 Signal: HOLD (confidence: 0.00)
  📝 Reason: 5m: MACD bearish; 15m: MACD bullish; 1h: MACD bearish; 4h: RSI oversold (26.1)

[11:13:50] Cycle 1214
  💰 Current Price: $84.63
  🎯 Signal: HOLD (confidence: 0.00)
  📝 Reason: 5m: MACD bearish; 15m: MACD bullish; 1h: MACD bearish; 4h: RSI oversold (26.4)

[11:14:21] Cycle 1215
  💰 Current Price: $84.64
  🎯 Signal: HOLD (confidence: 0.00)
  📝 Reason: 5m: MACD bearish; 15m: MACD bullish; 1h: MACD bearish; 4h: RSI oversold (26.4)

[11:14:52] Cycle 1216
  💰 Current Price: $84.69
  🎯 Signal: HOLD (confidence: 0.00)
  📝 Reason: 5m: MACD bearish; 15m: MACD bullish; 1h: MACD bearish; 4h: RSI oversold (26.8)

[11:15:22] Cycle 1217
  💰 Current Price: $84.86
  🎯 Signal: HOLD (confidence: 0.10)
  📝 Reason: 5m: MACD bullish; 15m: MACD bullish; 1h: MACD bearish; 4h: RSI oversold (27.8)

[11:15:53] Cycle 1218
  💰 Current Price: $84.90
  🎯 Signal: HOLD (confidence: 0.10)
  📝 Reason: 5m: MACD bullish; 15m: MACD bullish; 1h: MACD bearish; 4h: RSI oversold (28.1)

[11:16:24] Cycle 1219
  💰 Current Price: $84.89
  🎯 Signal: HOLD (confidence: 0.10)
  📝 Reason: 5m: MACD bullish; 15m: MACD bullish; 1h: MACD bearish; 4h: RSI oversold (28.0)

[11:16:55] Cycle 1220
  💰 Current Price: $84.77
  🎯 Signal: HOLD (confidence: 0.10)
  📝 Reason: 5m: MACD bullish; 15m: MACD bullish; 1h: MACD bearish; 4h: RSI oversold (25.5)

[10:57:26] Cycle 1174
  💰 Current Price: $84.45
  🎯 Signal: HOLD (confidence: 0.10)
  📝 Reason: 5m: MACD bullish; 15m: MACD bullish; 1h: MACD bearish; 4h: RSI oversold (25.1)

[10:57:57] Cycle 1175
  💰 Current Price: $84.43
  🎯 Signal: HOLD (confidence: 0.10)
  📝 Reason: 5m: MACD bullish; 15m: MACD bullish; 1h: MACD bearish; 4h: RSI oversold (25.1)

[10:58:28] Cycle 1176
  💰 Current Price: $84.44
  🎯 Signal: HOLD (confidence: 0.10)
  📝 Reason: 5m: MACD bullish; 15m: MACD bullish; 1h: MACD bearish; 4h: RSI oversold (25.3)

[10:58:58] Cycle 1177
  💰 Current Price: $84.47
  🎯 Signal: HOLD (confidence: 0.10)
  📝 Reason: 5m: MACD bullish; 15m: MACD bullish; 1h: MACD bearish; 4h: RSI oversold (25.3)

[10:59:29] Cycle 1178
  💰 Current Price: $84.47
  🎯 Signal: HOLD (confidence: 0.10)
  📝 Reason: 5m: MACD bullish; 15m: MACD bullish; 1h: MACD bearish; 4h: RSI oversold (25.4)

[11:00:00] Cycle 1179
  💰 Current Price: $84.48
  🎯 Signal: HOLD (confidence: 0.10)
  📝 Reason: 5m: MACD bullish; 15m: MACD bullish; 1h: MACD bearish; 4h: RSI oversold (25.3)

[11:00:31] Cycle 1180
  💰 Current Price: $84.43
  🎯 Signal: HOLD (confidence: 0.00)
  📝 Reason: 5m: MACD bearish; 15m: MACD bullish; 1h: MACD bearish; 4h: RSI oversold (25.1)

[11:01:01] Cycle 1181
  💰 Current Price: $84.44
  🎯 Signal: HOLD (confidence: 0.00)
  📝 Reason: 5m: MACD bearish; 15m: MACD bullish; 1h: MACD bearish; 4h: RSI oversold (25.1)

[11:01:32] Cycle 1182
  💰 Current Price: $84.45
  🎯 Signal: HOLD (confidence: 0.10)
  📝 Reason: 5m: MACD bullish; 15m: MACD bullish; 1h: MACD bearish; 4h: RSI oversold (25.2)

[11:02:03] Cycle 1183
  💰 Current Price: $84.44
  🎯 Signal: HOLD (confidence: 0.00)
  📝 Reason: 5m: MACD bearish; 15m: MACD bullish; 1h: MACD bearish; 4h: RSI oversold (24.9)

[11:02:34] Cycle 1184
  💰 Current Price: $84.42
  🎯 Signal: HOLD (confidence: 0.00)
  📝 Reason: 5m: MACD bearish; 15m: MACD bullish; 1h: MACD bearish; 4h: RSI oversold (25.0)

[11:03:05] Cycle 1185
  💰 Current Price: $84.38
  🎯 Signal: HOLD (confidence: 0.00)
  📝 Reason: 5m: MACD bearish; 15m: MACD bullish; 1h: MACD bearish; 4h: RSI oversold (24.7)

[11:03:36] Cycle 1186
  💰 Current Price: $84.37
  🎯 Signal: HOLD (confidence: 0.00)
  📝 Reason: 5m: MACD bearish; 15m: MACD bullish; 1h: MACD bearish; 4h: RSI oversold (24.7)

[11:04:06] Cycle 1187
  💰 Current Price: $84.37
  🎯 Signal: HOLD (confidence: 0.00)
  📝 Reason: 5m: MACD bearish; 15m: MACD bullish; 1h: MACD bearish; 4h: RSI oversold (24.6)

[11:04:37] Cycle 1188
  💰 Current Price: $84.34
  🎯 Signal: HOLD (confidence: 0.00)
  📝 Reason: 5m: MACD bearish; 15m: MACD bullish; 1h: MACD bearish; 4h: RSI oversold (24.5)

[11:05:08] Cycle 1189
  💰 Current Price: $84.35
  🎯 Signal: HOLD (confidence: 0.00)
  📝 Reason: 5m: MACD bearish; 15m: MACD bullish; 1h: MACD bearish; 4h: RSI oversold (24.5)

[11:05:38] Cycle 1190
  💰 Current Price: $84.33
  🎯 Signal: HOLD (confidence: 0.00)
  📝 Reason: 5m: MACD bearish; 15m: MACD bullish; 1h: MACD bearish; 4h: RSI oversold (24.4)

[11:06:09] Cycle 1191
  💰 Current Price: $84.31
  🎯 Signal: HOLD (confidence: 0.10)
  📝 Reason: 5m: RSI oversold (29.0); 5m: MACD bearish; 15m: MACD bullish; 1h: MACD bearish

[11:06:40] Cycle 1192
  💰 Current Price: $84.31
  🎯 Signal: HOLD (confidence: 0.10)
  📝 Reason: 5m: RSI oversold (29.9); 5m: MACD bearish; 15m: MACD bullish; 1h: MACD bearish

[11:07:11] Cycle 1193
  💰 Current Price: $84.31
  🎯 Signal: HOLD (confidence: 0.10)
  📝 Reason: 5m: RSI oversold (29.9); 5m: MACD bearish; 15m: MACD bullish; 1h: MACD bearish

[11:07:42] Cycle 1194
  💰 Current Price: $84.38
  🎯 Signal: HOLD (confidence: 0.00)
  📝 Reason: 5m: MACD bearish; 15m: MACD bullish; 1h: MACD bearish; 4h: RSI oversold (24.7)

[11:08:13] Cycle 1195
  💰 Current Price: $84.37
  🎯 Signal: HOLD (confidence: 0.00)
  📝 Reason: 5m: MACD bearish; 15m: MACD bullish; 1h: MACD bearish; 4h: RSI oversold (24.7)

[11:08:43] Cycle 1196
  💰 Current Price: $84.38
  🎯 Signal: HOLD (confidence: 0.00)
  📝 Reason: 5m: MACD bearish; 15m: MACD bullish; 1h: MACD bearish; 4h: RSI oversold (24.7)

[11:09:14] Cycle 1197
  💰 Current Price: $84.37
  🎯 Signal: HOLD (confidence: 0.00)
  📝 Reason: 5m: MACD bearish; 15m: MACD bullish; 1h: MACD bearish; 4h: RSI oversold (24.7)

[11:09:45] Cycle 1198
  💰 Current Price: $84.37
  🎯 Signal: HOLD (confidence: 0.00)
  📝 Reason: 5m: MACD bearish; 15m: MACD bullish; 1h: MACD bearish; 4h: RSI oversold (24.7)

[11:10:16] Cycle 1199
  💰 Current Price: $84.37
  🎯 Signal: HOLD (confidence: 0.10)
  📝 Reason: 5m: RSI oversold (25.9); 5m: MACD bearish; 15m: MACD bullish; 1h: MACD bearish

[11:10:46] Cycle 1200
  💰 Current Price: $84.37
  🎯 Signal: HOLD (confidence: 0.10)
  📝 Reason: 5m: RSI oversold (25.4); 5m: MACD bearish; 15m: MACD bullish; 1h: MACD bearish

[11:11:17] Cycle 1201
  💰 Current Price: $84.35
  🎯 Signal: HOLD (confidence: 0.10)
  📝 Reason: 5m: RSI oversold (25.0); 5m: MACD bearish; 15m: MACD bullish; 1h: MACD bearish

[11:11:48] Cycle 1202
  💰 Current Price: $84.46
  🎯 Signal: HOLD (confidence: 0.00)
  📝 Reason: 5m: MACD bearish; 15m: MACD bullish; 1h: MACD bearish; 4h: RSI oversold (25.3)

[11:12:18] Cycle 1203
  💰 Current Price: $84.49
  🎯 Signal: HOLD (confidence: 0.00)
  📝 Reason: 5m: MACD bearish; 15m: MACD bullish; 1h: MACD bearish; 4h: RSI oversold (25.5)

[11:12:49] Cycle 1204
  💰 Current Price: $84.57
  🎯 Signal: HOLD (confidence: 0.00)
  📝 Reason: 5m: MACD bearish; 15m: MACD bullish; 1h: MACD bearish; 4h: RSI oversold (26.1)

[11:13:20] Cycle 1205
  💰 Current Price: $84.59
  🎯 Signal: HOLD (confidence: 0.00)
  📝 Reason: 5m: MACD bearish; 15m: MACD bullish; 1h: MACD bearish; 4h: RSI oversold (26.1)

[11:13:50] Cycle 1206
  💰 Current Price: $84.63
  🎯 Signal: HOLD (confidence: 0.00)
  📝 Reason: 5m: MACD bearish; 15m: MACD bullish; 1h: MACD bearish; 4h: RSI oversold (26.4)

[11:14:21] Cycle 1207
  💰 Current Price: $84.64
  🎯 Signal: HOLD (confidence: 0.00)
  📝 Reason: 5m: MACD bearish; 15m: MACD bullish; 1h: MACD bearish; 4h: RSI oversold (26.4)

[11:14:52] Cycle 1208
  💰 Current Price: $84.69
  🎯 Signal: HOLD (confidence: 0.00)
  📝 Reason: 5m: MACD bearish; 15m: MACD bullish; 1h: MACD bearish; 4h: RSI oversold (26.8)

[11:15:22] Cycle 1209
  💰 Current Price: $84.86
  🎯 Signal: HOLD (confidence: 0.10)
  📝 Reason: 5m: MACD bullish; 15m: MACD bullish; 1h: MACD bearish; 4h: RSI oversold (27.8)

[11:15:53] Cycle 1210
  💰 Current Price: $84.90
  🎯 Signal: HOLD (confidence: 0.10)
  📝 Reason: 5m: MACD bullish; 15m: MACD bullish; 1h: MACD bearish; 4h: RSI oversold (28.1)

[11:16:24] Cycle 1211
  💰 Current Price: $84.89
  🎯 Signal: HOLD (confidence: 0.10)
  📝 Reason: 5m: MACD bullish; 15m: MACD bullish; 1h: MACD bearish; 4h: RSI oversold (28.0)

[11:16:55] Cycle 1212
  💰 Current Price: $84.77
  🎯 Signal: HOLD (confidence: 0.10)
  📝 Reason: 5m: MACD bullish; 15m: MACD bullish; 1h: MACD bearish; 4h: RSI oversold (27.3)

[11:17:25] Cycle 1213
  💰 Current Price: $84.77
  🎯 Signal: HOLD (confidence: 0.10)
  📝 Reason: 5m: MACD bullish; 15m: MACD bullish; 1h: MACD bearish; 4h: RSI oversold (27.3)

[11:17:56] Cycle 1214
  💰 Current Price: $84.80
  🎯 Signal: HOLD (confidence: 0.10)
  📝 Reason: 5m: MACD bullish; 15m: MACD bullish; 1h: MACD bearish; 4h: RSI oversold (27.5)

[11:18:27] Cycle 1215
  💰 Current Price: $84.78
  🎯 Signal: HOLD (confidence: 0.10)
  📝 Reason: 5m: MACD bullish; 15m: MACD bullish; 1h: MACD bearish; 4h: RSI oversold (27.3)

[11:18:57] Cycle 1216
  💰 Current Price: $84.78
  🎯 Signal: HOLD (confidence: 0.10)
  📝 Reason: 5m: MACD bullish; 15m: MACD bullish; 1h: MACD bearish; 4h: RSI oversold (27.2)

[11:19:28] Cycle 1217
  💰 Current Price: $84.78
  🎯 Signal: HOLD (confidence: 0.10)
  📝 Reason: 5m: MACD bullish; 15m: MACD bullish; 1h: MACD bearish; 4h: RSI oversold (27.3)

[11:17:25] Cycle 1221
  💰 Current Price: $84.77
  🎯 Signal: HOLD (confidence: 0.10)
  📝 Reason: 5m: MACD bullish; 15m: MACD bullish; 1h: MACD bearish; 4h: RSI oversold (27.3)

[11:17:56] Cycle 1222
  💰 Current Price: $84.80
  🎯 Signal: HOLD (confidence: 0.10)
  📝 Reason: 5m: MACD bullish; 15m: MACD bullish; 1h: MACD bearish; 4h: RSI oversold (27.5)

[11:18:27] Cycle 1223
  💰 Current Price: $84.78
  🎯 Signal: HOLD (confidence: 0.10)
  📝 Reason: 5m: MACD bullish; 15m: MACD bullish; 1h: MACD bearish; 4h: RSI oversold (27.3)

[11:18:57] Cycle 1224
  💰 Current Price: $84.78
  🎯 Signal: HOLD (confidence: 0.10)
  📝 Reason: 5m: MACD bullish; 15m: MACD bullish; 1h: MACD bearish; 4h: RSI oversold (27.2)

[11:19:28] Cycle 1225
  💰 Current Price: $84.78
  🎯 Signal: HOLD (confidence: 0.10)
  📝 Reason: 5m: MACD bullish; 15m: MACD bullish; 1h: MACD bearish; 4h: RSI oversold (27.3)

[11:19:59] Cycle 1226
  💰 Current Price: $84.78
  🎯 Signal: HOLD (confidence: 0.10)
  📝 Reason: 5m: MACD bullish; 15m: MACD bullish; 1h: MACD bearish; 4h: RSI oversold (27.3)

[11:20:29] Cycle 1227
  💰 Current Price: $84.83
  🎯 Signal: HOLD (confidence: 0.10)
  📝 Reason: 5m: MACD bullish; 15m: MACD bullish; 1h: MACD bearish; 4h: RSI oversold (27.6)

[11:21:00] Cycle 1228
  💰 Current Price: $84.82
  🎯 Signal: HOLD (confidence: 0.10)
  📝 Reason: 5m: MACD bullish; 15m: MACD bullish; 1h: MACD bearish; 4h: RSI oversold (27.6)

[11:21:31] Cycle 1229
  💰 Current Price: $84.73
  🎯 Signal: HOLD (confidence: 0.10)
  📝 Reason: 5m: MACD bullish; 15m: MACD bullish; 1h: MACD bearish; 4h: RSI oversold (27.0)

[11:22:02] Cycle 1230
  💰 Current Price: $84.72
  🎯 Signal: HOLD (confidence: 0.10)
  📝 Reason: 5m: MACD bullish; 15m: MACD bullish; 1h: MACD bearish; 4h: RSI oversold (27.0)

[11:22:33] Cycle 1231
  💰 Current Price: $84.78
  🎯 Signal: HOLD (confidence: 0.10)
  📝 Reason: 5m: MACD bullish; 15m: MACD bullish; 1h: MACD bearish; 4h: RSI oversold (27.3)

[11:23:03] Cycle 1232
  💰 Current Price: $84.78
  🎯 Signal: HOLD (confidence: 0.10)
  📝 Reason: 5m: MACD bullish; 15m: MACD bullish; 1h: MACD bearish; 4h: RSI oversold (27.3)

[11:23:34] Cycle 1233
  💰 Current Price: $84.74
  🎯 Signal: HOLD (confidence: 0.10)
  📝 Reason: 5m: MACD bullish; 15m: MACD bullish; 1h: MACD bearish; 4h: RSI oversold (27.1)

[11:24:05] Cycle 1234
  💰 Current Price: $84.74
  🎯 Signal: HOLD (confidence: 0.10)
  📝 Reason: 5m: MACD bullish; 15m: MACD bullish; 1h: MACD bearish; 4h: RSI oversold (27.1)

[11:24:36] Cycle 1235
  💰 Current Price: $84.73
  🎯 Signal: HOLD (confidence: 0.10)
  📝 Reason: 5m: MACD bullish; 15m: MACD bullish; 1h: MACD bearish; 4h: RSI oversold (27.0)

[11:25:07] Cycle 1236
  💰 Current Price: $84.69
  🎯 Signal: HOLD (confidence: 0.10)
  📝 Reason: 5m: MACD bullish; 15m: MACD bullish; 1h: MACD bearish; 4h: RSI oversold (26.8)

[11:25:37] Cycle 1237
  💰 Current Price: $84.72
  🎯 Signal: HOLD (confidence: 0.10)
  📝 Reason: 5m: MACD bullish; 15m: MACD bullish; 1h: MACD bearish; 4h: RSI oversold (27.0)

[11:26:08] Cycle 1238
  💰 Current Price: $84.72
  🎯 Signal: HOLD (confidence: 0.10)
  📝 Reason: 5m: MACD bullish; 15m: MACD bullish; 1h: MACD bearish; 4h: RSI oversold (27.1)

[11:26:39] Cycle 1239
  💰 Current Price: $84.78
  🎯 Signal: HOLD (confidence: 0.10)
  📝 Reason: 5m: MACD bullish; 15m: MACD bullish; 1h: MACD bearish; 4h: RSI oversold (27.3)

[11:27:10] Cycle 1240
  💰 Current Price: $84.75
  🎯 Signal: HOLD (confidence: 0.10)
  📝 Reason: 5m: MACD bullish; 15m: MACD bullish; 1h: MACD bearish; 4h: RSI oversold (27.1)

[11:27:41] Cycle 1241
  💰 Current Price: $84.73
  🎯 Signal: HOLD (confidence: 0.10)
  📝 Reason: 5m: MACD bullish; 15m: MACD bullish; 1h: MACD bearish; 4h: RSI oversold (27.0)

[11:28:11] Cycle 1242
  💰 Current Price: $84.74
  🎯 Signal: HOLD (confidence: 0.10)
  📝 Reason: 5m: MACD bullish; 15m: MACD bullish; 1h: MACD bearish; 4h: RSI oversold (27.1)

[11:28:42] Cycle 1243
  💰 Current Price: $84.71
  🎯 Signal: HOLD (confidence: 0.10)
  📝 Reason: 5m: MACD bullish; 15m: MACD bullish; 1h: MACD bearish; 4h: RSI oversold (26.9)

[11:29:13] Cycle 1244
  💰 Current Price: $84.71
  🎯 Signal: HOLD (confidence: 0.10)
  📝 Reason: 5m: MACD bullish; 15m: MACD bullish; 1h: MACD bearish; 4h: RSI oversold (26.9)

[11:29:44] Cycle 1245
  💰 Current Price: $84.73
  🎯 Signal: HOLD (confidence: 0.10)
  📝 Reason: 5m: MACD bullish; 15m: MACD bullish; 1h: MACD bearish; 4h: RSI oversold (27.0)

[11:30:14] Cycle 1246
  💰 Current Price: $84.72
  🎯 Signal: HOLD (confidence: 0.10)
  📝 Reason: 5m: MACD bullish; 15m: MACD bullish; 1h: MACD bearish; 4h: RSI oversold (27.0)

[11:30:45] Cycle 1247
  💰 Current Price: $84.71
  🎯 Signal: HOLD (confidence: 0.10)
  📝 Reason: 5m: MACD bullish; 15m: MACD bullish; 1h: MACD bearish; 4h: RSI oversold (26.9)

[11:31:16] Cycle 1248
  💰 Current Price: $84.71
  🎯 Signal: HOLD (confidence: 0.10)
  📝 Reason: 5m: MACD bullish; 15m: MACD bullish; 1h: MACD bearish; 4h: RSI oversold (26.9)

[11:31:46] Cycle 1249
  💰 Current Price: $84.71
  🎯 Signal: HOLD (confidence: 0.10)
  📝 Reason: 5m: MACD bullish; 15m: MACD bullish; 1h: MACD bearish; 4h: RSI oversold (26.9)

[11:32:17] Cycle 1250
  💰 Current Price: $84.70
  🎯 Signal: HOLD (confidence: 0.10)
  📝 Reason: 5m: MACD bullish; 15m: MACD bullish; 1h: MACD bearish; 4h: RSI oversold (26.8)

[11:32:48] Cycle 1251
  💰 Current Price: $84.68
  🎯 Signal: HOLD (confidence: 0.10)
  📝 Reason: 5m: MACD bullish; 15m: MACD bullish; 1h: MACD bearish; 4h: RSI oversold (26.6)

[11:33:18] Cycle 1252
  💰 Current Price: $84.65
  🎯 Signal: HOLD (confidence: 0.10)
  📝 Reason: 5m: MACD bullish; 15m: MACD bullish; 1h: MACD bearish; 4h: RSI oversold (26.8)

[11:33:49] Cycle 1253
  💰 Current Price: $84.65
  🎯 Signal: HOLD (confidence: 0.10)
  📝 Reason: 5m: MACD bullish; 15m: MACD bullish; 1h: MACD bearish; 4h: RSI oversold (26.5)

[11:34:20] Cycle 1254
  💰 Current Price: $84.67
  🎯 Signal: HOLD (confidence: 0.10)
  📝 Reason: 5m: MACD bullish; 15m: MACD bullish; 1h: MACD bearish; 4h: RSI oversold (26.6)

[11:34:51] Cycle 1255
  💰 Current Price: $84.67
  🎯 Signal: HOLD (confidence: 0.10)
  📝 Reason: 5m: MACD bullish; 15m: MACD bullish; 1h: MACD bearish; 4h: RSI oversold (27.0)

[11:35:22] Cycle 1256
  💰 Current Price: $84.72
  🎯 Signal: HOLD (confidence: 0.10)
  📝 Reason: 5m: MACD bullish; 15m: MACD bullish; 1h: MACD bearish; 4h: RSI oversold (27.0)

[11:35:52] Cycle 1257
  💰 Current Price: $84.77
  🎯 Signal: HOLD (confidence: 0.10)
  📝 Reason: 5m: MACD bullish; 15m: MACD bullish; 1h: MACD bearish; 4h: RSI oversold (27.3)

[11:36:23] Cycle 1258
  💰 Current Price: $84.77
  🎯 Signal: HOLD (confidence: 0.10)
  📝 Reason: 5m: MACD bullish; 15m: MACD bullish; 1h: MACD bearish; 4h: RSI oversold (27.3)

[11:36:54] Cycle 1259
  💰 Current Price: $84.77
  🎯 Signal: HOLD (confidence: 0.10)
  📝 Reason: 5m: MACD bullish; 15m: MACD bullish; 1h: MACD bearish; 4h: RSI oversold (27.3)

[11:37:25] Cycle 1260
  💰 Current Price: $84.74
  🎯 Signal: HOLD (confidence: 0.10)
  📝 Reason: 5m: MACD bullish; 15m: MACD bullish; 1h: MACD bearish; 4h: RSI oversold (27.1)

[11:37:55] Cycle 1261
  💰 Current Price: $84.71
  🎯 Signal: HOLD (confidence: 0.10)
  📝 Reason: 5m: MACD bullish; 15m: MACD bullish; 1h: MACD bearish; 4h: RSI oversold (26.9)

[11:38:26] Cycle 1262
  💰 Current Price: $84.71
  🎯 Signal: HOLD (confidence: 0.10)
  📝 Reason: 5m: MACD bullish; 15m: MACD bullish; 1h: MACD bearish; 4h: RSI oversold (26.9)

[11:38:57] Cycle 1263
  💰 Current Price: $84.75
  🎯 Signal: HOLD (confidence: 0.10)
  📝 Reason: 5m: MACD bullish; 15m: MACD bullish; 1h: MACD bearish; 4h: RSI oversold (27.1)

[11:39:28] Cycle 1264
  💰 Current Price: $84.79
  🎯 Signal: HOLD (confidence: 0.10)
  📝 Reason: 5m: MACD bullish; 15m: MACD bullish; 1h: MACD bearish; 4h: RSI oversold (27.3)

[11:19:59] Cycle 1218
  💰 Current Price: $84.78
  🎯 Signal: HOLD (confidence: 0.10)
  📝 Reason: 5m: MACD bullish; 15m: MACD bullish; 1h: MACD bearish; 4h: RSI oversold (27.3)

[11:20:29] Cycle 1219
  💰 Current Price: $84.83
  🎯 Signal: HOLD (confidence: 0.10)
  📝 Reason: 5m: MACD bullish; 15m: MACD bullish; 1h: MACD bearish; 4h: RSI oversold (27.6)

[11:21:00] Cycle 1220
  💰 Current Price: $84.82
  🎯 Signal: HOLD (confidence: 0.10)
  📝 Reason: 5m: MACD bullish; 15m: MACD bullish; 1h: MACD bearish; 4h: RSI oversold (27.6)

[11:21:31] Cycle 1221
  💰 Current Price: $84.73
  🎯 Signal: HOLD (confidence: 0.10)
  📝 Reason: 5m: MACD bullish; 15m: MACD bullish; 1h: MACD bearish; 4h: RSI oversold (27.0)

[11:22:02] Cycle 1222
  💰 Current Price: $84.72
  🎯 Signal: HOLD (confidence: 0.10)
  📝 Reason: 5m: MACD bullish; 15m: MACD bullish; 1h: MACD bearish; 4h: RSI oversold (27.0)

[11:22:33] Cycle 1223
  💰 Current Price: $84.78
  🎯 Signal: HOLD (confidence: 0.10)
  📝 Reason: 5m: MACD bullish; 15m: MACD bullish; 1h: MACD bearish; 4h: RSI oversold (27.3)

[11:23:03] Cycle 1224
  💰 Current Price: $84.78
  🎯 Signal: HOLD (confidence: 0.10)
  📝 Reason: 5m: MACD bullish; 15m: MACD bullish; 1h: MACD bearish; 4h: RSI oversold (27.3)

[11:23:34] Cycle 1225
  💰 Current Price: $84.74
  🎯 Signal: HOLD (confidence: 0.10)
  📝 Reason: 5m: MACD bullish; 15m: MACD bullish; 1h: MACD bearish; 4h: RSI oversold (27.1)

[11:24:05] Cycle 1226
  💰 Current Price: $84.74
  🎯 Signal: HOLD (confidence: 0.10)
  📝 Reason: 5m: MACD bullish; 15m: MACD bullish; 1h: MACD bearish; 4h: RSI oversold (27.1)

[11:24:36] Cycle 1227
  💰 Current Price: $84.73
  🎯 Signal: HOLD (confidence: 0.10)
  📝 Reason: 5m: MACD bullish; 15m: MACD bullish; 1h: MACD bearish; 4h: RSI oversold (27.0)

[11:25:06] Cycle 1228
  💰 Current Price: $84.69
  🎯 Signal: HOLD (confidence: 0.10)
  📝 Reason: 5m: MACD bullish; 15m: MACD bullish; 1h: MACD bearish; 4h: RSI oversold (26.8)

[11:25:37] Cycle 1229
  💰 Current Price: $84.72
  🎯 Signal: HOLD (confidence: 0.10)
  📝 Reason: 5m: MACD bullish; 15m: MACD bullish; 1h: MACD bearish; 4h: RSI oversold (27.0)

[11:26:08] Cycle 1230
  💰 Current Price: $84.72
  🎯 Signal: HOLD (confidence: 0.10)
  📝 Reason: 5m: MACD bullish; 15m: MACD bullish; 1h: MACD bearish; 4h: RSI oversold (27.1)

[11:26:39] Cycle 1231
  💰 Current Price: $84.78
  🎯 Signal: HOLD (confidence: 0.10)
  📝 Reason: 5m: MACD bullish; 15m: MACD bullish; 1h: MACD bearish; 4h: RSI oversold (27.3)

[11:27:10] Cycle 1232
  💰 Current Price: $84.75
  🎯 Signal: HOLD (confidence: 0.10)
  📝 Reason: 5m: MACD bullish; 15m: MACD bullish; 1h: MACD bearish; 4h: RSI oversold (27.1)

[11:27:41] Cycle 1233
  💰 Current Price: $84.73
  🎯 Signal: HOLD (confidence: 0.10)
  📝 Reason: 5m: MACD bullish; 15m: MACD bullish; 1h: MACD bearish; 4h: RSI oversold (27.0)

[11:28:11] Cycle 1234
  💰 Current Price: $84.74
  🎯 Signal: HOLD (confidence: 0.10)
  📝 Reason: 5m: MACD bullish; 15m: MACD bullish; 1h: MACD bearish; 4h: RSI oversold (27.1)

[11:28:42] Cycle 1235
  💰 Current Price: $84.71
  🎯 Signal: HOLD (confidence: 0.10)
  📝 Reason: 5m: MACD bullish; 15m: MACD bullish; 1h: MACD bearish; 4h: RSI oversold (26.9)

[11:29:13] Cycle 1236
  💰 Current Price: $84.71
  🎯 Signal: HOLD (confidence: 0.10)
  📝 Reason: 5m: MACD bullish; 15m: MACD bullish; 1h: MACD bearish; 4h: RSI oversold (26.9)

[11:29:44] Cycle 1237
  💰 Current Price: $84.73
  🎯 Signal: HOLD (confidence: 0.10)
  📝 Reason: 5m: MACD bullish; 15m: MACD bullish; 1h: MACD bearish; 4h: RSI oversold (27.0)

[11:30:14] Cycle 1238
  💰 Current Price: $84.72
  🎯 Signal: HOLD (confidence: 0.10)
  📝 Reason: 5m: MACD bullish; 15m: MACD bullish; 1h: MACD bearish; 4h: RSI oversold (27.0)

[11:30:45] Cycle 1239
  💰 Current Price: $84.71
  🎯 Signal: HOLD (confidence: 0.10)
  📝 Reason: 5m: MACD bullish; 15m: MACD bullish; 1h: MACD bearish; 4h: RSI oversold (26.9)

[11:31:16] Cycle 1240
  💰 Current Price: $84.71
  🎯 Signal: HOLD (confidence: 0.10)
  📝 Reason: 5m: MACD bullish; 15m: MACD bullish; 1h: MACD bearish; 4h: RSI oversold (26.9)

[11:31:46] Cycle 1241
  💰 Current Price: $84.71
  🎯 Signal: HOLD (confidence: 0.10)
  📝 Reason: 5m: MACD bullish; 15m: MACD bullish; 1h: MACD bearish; 4h: RSI oversold (26.9)

[11:32:17] Cycle 1242
  💰 Current Price: $84.70
  🎯 Signal: HOLD (confidence: 0.10)
  📝 Reason: 5m: MACD bullish; 15m: MACD bullish; 1h: MACD bearish; 4h: RSI oversold (26.8)

[11:32:48] Cycle 1243
  💰 Current Price: $84.68
  🎯 Signal: HOLD (confidence: 0.10)
  📝 Reason: 5m: MACD bullish; 15m: MACD bullish; 1h: MACD bearish; 4h: RSI oversold (26.6)

[11:33:18] Cycle 1244
  💰 Current Price: $84.65
  🎯 Signal: HOLD (confidence: 0.10)
  📝 Reason: 5m: MACD bullish; 15m: MACD bullish; 1h: MACD bearish; 4h: RSI oversold (26.8)

[11:33:49] Cycle 1245
  💰 Current Price: $84.65
  🎯 Signal: HOLD (confidence: 0.10)
  📝 Reason: 5m: MACD bullish; 15m: MACD bullish; 1h: MACD bearish; 4h: RSI oversold (26.5)

[11:34:20] Cycle 1246
  💰 Current Price: $84.67
  🎯 Signal: HOLD (confidence: 0.10)
  📝 Reason: 5m: MACD bullish; 15m: MACD bullish; 1h: MACD bearish; 4h: RSI oversold (26.6)

[11:34:51] Cycle 1247
  💰 Current Price: $84.67
  🎯 Signal: HOLD (confidence: 0.10)
  📝 Reason: 5m: MACD bullish; 15m: MACD bullish; 1h: MACD bearish; 4h: RSI oversold (27.0)

[11:35:22] Cycle 1248
  💰 Current Price: $84.72
  🎯 Signal: HOLD (confidence: 0.10)
  📝 Reason: 5m: MACD bullish; 15m: MACD bullish; 1h: MACD bearish; 4h: RSI oversold (27.0)

[11:35:52] Cycle 1249
  💰 Current Price: $84.77
  🎯 Signal: HOLD (confidence: 0.10)
  📝 Reason: 5m: MACD bullish; 15m: MACD bullish; 1h: MACD bearish; 4h: RSI oversold (27.3)

[11:36:23] Cycle 1250
  💰 Current Price: $84.77
  🎯 Signal: HOLD (confidence: 0.10)
  📝 Reason: 5m: MACD bullish; 15m: MACD bullish; 1h: MACD bearish; 4h: RSI oversold (27.3)

[11:36:54] Cycle 1251
  💰 Current Price: $84.77
  🎯 Signal: HOLD (confidence: 0.10)
  📝 Reason: 5m: MACD bullish; 15m: MACD bullish; 1h: MACD bearish; 4h: RSI oversold (27.3)

[11:37:25] Cycle 1252
  💰 Current Price: $84.74
  🎯 Signal: HOLD (confidence: 0.10)
  📝 Reason: 5m: MACD bullish; 15m: MACD bullish; 1h: MACD bearish; 4h: RSI oversold (27.1)

[11:37:55] Cycle 1253
  💰 Current Price: $84.71
  🎯 Signal: HOLD (confidence: 0.10)
  📝 Reason: 5m: MACD bullish; 15m: MACD bullish; 1h: MACD bearish; 4h: RSI oversold (26.9)

[11:38:26] Cycle 1254
  💰 Current Price: $84.71
  🎯 Signal: HOLD (confidence: 0.10)
  📝 Reason: 5m: MACD bullish; 15m: MACD bullish; 1h: MACD bearish; 4h: RSI oversold (26.9)

[11:38:57] Cycle 1255
  💰 Current Price: $84.75
  🎯 Signal: HOLD (confidence: 0.10)
  📝 Reason: 5m: MACD bullish; 15m: MACD bullish; 1h: MACD bearish; 4h: RSI oversold (27.1)

[11:39:28] Cycle 1256
  💰 Current Price: $84.79
  🎯 Signal: HOLD (confidence: 0.10)
  📝 Reason: 5m: MACD bullish; 15m: MACD bullish; 1h: MACD bearish; 4h: RSI oversold (27.3)

[11:39:59] Cycle 1257
  💰 Current Price: $84.76
  🎯 Signal: HOLD (confidence: 0.10)
  📝 Reason: 5m: MACD bullish; 15m: MACD bullish; 1h: MACD bearish; 4h: RSI oversold (27.2)

[11:40:30] Cycle 1258
  💰 Current Price: $84.77
  🎯 Signal: HOLD (confidence: 0.10)
  📝 Reason: 5m: MACD bullish; 15m: MACD bullish; 1h: MACD bearish; 4h: RSI oversold (27.3)

[11:41:00] Cycle 1259
  💰 Current Price: $84.78
  🎯 Signal: HOLD (confidence: 0.10)
  📝 Reason: 5m: MACD bullish; 15m: MACD bullish; 1h: MACD bearish; 4h: RSI oversold (27.3)

[11:41:31] Cycle 1260
  💰 Current Price: $84.77
  🎯 Signal: HOLD (confidence: 0.10)
  📝 Reason: 5m: MACD bullish; 15m: MACD bullish; 1h: MACD bearish; 4h: RSI oversold (27.3)

[11:42:02] Cycle 1261
  💰 Current Price: $84.77
  🎯 Signal: HOLD (confidence: 0.10)
  📝 Reason: 5m: MACD bullish; 15m: MACD bullish; 1h: MACD bearish; 4h: RSI oversold (27.3)

[11:39:59] Cycle 1265
  💰 Current Price: $84.76
  🎯 Signal: HOLD (confidence: 0.10)
  📝 Reason: 5m: MACD bullish; 15m: MACD bullish; 1h: MACD bearish; 4h: RSI oversold (27.2)

[11:40:30] Cycle 1266
  💰 Current Price: $84.77
  🎯 Signal: HOLD (confidence: 0.10)
  📝 Reason: 5m: MACD bullish; 15m: MACD bullish; 1h: MACD bearish; 4h: RSI oversold (27.3)

[11:41:00] Cycle 1267
  💰 Current Price: $84.78
  🎯 Signal: HOLD (confidence: 0.10)
  📝 Reason: 5m: MACD bullish; 15m: MACD bullish; 1h: MACD bearish; 4h: RSI oversold (27.3)

[11:41:31] Cycle 1268
  💰 Current Price: $84.77
  🎯 Signal: HOLD (confidence: 0.10)
  📝 Reason: 5m: MACD bullish; 15m: MACD bullish; 1h: MACD bearish; 4h: RSI oversold (27.3)

[11:42:02] Cycle 1269
  💰 Current Price: $84.77
  🎯 Signal: HOLD (confidence: 0.10)
  📝 Reason: 5m: MACD bullish; 15m: MACD bullish; 1h: MACD bearish; 4h: RSI oversold (27.3)

[11:42:33] Cycle 1270
  💰 Current Price: $84.78
  🎯 Signal: HOLD (confidence: 0.10)
  📝 Reason: 5m: MACD bullish; 15m: MACD bullish; 1h: MACD bearish; 4h: RSI oversold (27.3)

[11:43:04] Cycle 1271
  💰 Current Price: $84.78
  🎯 Signal: HOLD (confidence: 0.10)
  📝 Reason: 5m: MACD bullish; 15m: MACD bullish; 1h: MACD bearish; 4h: RSI oversold (27.3)

[11:43:35] Cycle 1272
  💰 Current Price: $84.78
  🎯 Signal: HOLD (confidence: 0.10)
  📝 Reason: 5m: MACD bullish; 15m: MACD bullish; 1h: MACD bearish; 4h: RSI oversold (27.3)

[11:44:05] Cycle 1273
  💰 Current Price: $84.78
  🎯 Signal: HOLD (confidence: 0.10)
  📝 Reason: 5m: MACD bullish; 15m: MACD bullish; 1h: MACD bearish; 4h: RSI oversold (27.5)

[11:44:36] Cycle 1274
  💰 Current Price: $84.81
  🎯 Signal: HOLD (confidence: 0.10)
  📝 Reason: 5m: MACD bullish; 15m: MACD bullish; 1h: MACD bearish; 4h: RSI oversold (27.5)

[11:45:07] Cycle 1275
  💰 Current Price: $84.82
  🎯 Signal: HOLD (confidence: 0.10)
  📝 Reason: 5m: MACD bullish; 15m: MACD bullish; 1h: MACD bearish; 4h: RSI oversold (27.6)

[11:45:38] Cycle 1276
  💰 Current Price: $84.81
  🎯 Signal: HOLD (confidence: 0.10)
  📝 Reason: 5m: MACD bullish; 15m: MACD bullish; 1h: MACD bearish; 4h: RSI oversold (27.5)

[11:46:08] Cycle 1277
  💰 Current Price: $84.81
  🎯 Signal: HOLD (confidence: 0.10)
  📝 Reason: 5m: MACD bullish; 15m: MACD bullish; 1h: MACD bearish; 4h: RSI oversold (27.5)

[11:46:39] Cycle 1278
  💰 Current Price: $84.80
  🎯 Signal: HOLD (confidence: 0.10)
  📝 Reason: 5m: MACD bullish; 15m: MACD bullish; 1h: MACD bearish; 4h: RSI oversold (27.5)

[11:47:10] Cycle 1279
  💰 Current Price: $84.81
  🎯 Signal: HOLD (confidence: 0.10)
  📝 Reason: 5m: MACD bullish; 15m: MACD bullish; 1h: MACD bearish; 4h: RSI oversold (27.5)

[11:47:41] Cycle 1280
  💰 Current Price: $84.80
  🎯 Signal: HOLD (confidence: 0.10)
  📝 Reason: 5m: MACD bullish; 15m: MACD bullish; 1h: MACD bearish; 4h: RSI oversold (27.0)

[11:48:11] Cycle 1281
  💰 Current Price: $84.69
  🎯 Signal: HOLD (confidence: 0.10)
  📝 Reason: 5m: MACD bullish; 15m: MACD bullish; 1h: MACD bearish; 4h: RSI oversold (26.8)

[11:48:42] Cycle 1282
  💰 Current Price: $84.70
  🎯 Signal: HOLD (confidence: 0.10)
  📝 Reason: 5m: MACD bullish; 15m: MACD bullish; 1h: MACD bearish; 4h: RSI oversold (26.8)

[11:49:13] Cycle 1283
  💰 Current Price: $84.73
  🎯 Signal: HOLD (confidence: 0.10)
  📝 Reason: 5m: MACD bullish; 15m: MACD bullish; 1h: MACD bearish; 4h: RSI oversold (27.0)

[11:49:44] Cycle 1284
  💰 Current Price: $84.72
  🎯 Signal: HOLD (confidence: 0.10)
  📝 Reason: 5m: MACD bullish; 15m: MACD bullish; 1h: MACD bearish; 4h: RSI oversold (27.0)

[11:50:14] Cycle 1285
  💰 Current Price: $84.73
  🎯 Signal: HOLD (confidence: 0.10)
  📝 Reason: 5m: MACD bullish; 15m: MACD bullish; 1h: MACD bearish; 4h: RSI oversold (27.0)

[11:50:45] Cycle 1286
  💰 Current Price: $84.73
  🎯 Signal: HOLD (confidence: 0.10)
  📝 Reason: 5m: MACD bullish; 15m: MACD bullish; 1h: MACD bearish; 4h: RSI oversold (27.0)

[11:51:16] Cycle 1287
  💰 Current Price: $84.73
  🎯 Signal: HOLD (confidence: 0.10)
  📝 Reason: 5m: MACD bullish; 15m: MACD bullish; 1h: MACD bearish; 4h: RSI oversold (27.0)

[11:51:47] Cycle 1288
  💰 Current Price: $84.72
  🎯 Signal: HOLD (confidence: 0.10)
  📝 Reason: 5m: MACD bullish; 15m: MACD bullish; 1h: MACD bearish; 4h: RSI oversold (27.0)

[11:52:17] Cycle 1289
  💰 Current Price: $84.71
  🎯 Signal: HOLD (confidence: 0.10)
  📝 Reason: 5m: MACD bullish; 15m: MACD bullish; 1h: MACD bearish; 4h: RSI oversold (26.9)

[11:52:48] Cycle 1290
  💰 Current Price: $84.75
  🎯 Signal: HOLD (confidence: 0.10)
  📝 Reason: 5m: MACD bullish; 15m: MACD bullish; 1h: MACD bearish; 4h: RSI oversold (27.1)

[11:53:19] Cycle 1291
  💰 Current Price: $84.76
  🎯 Signal: HOLD (confidence: 0.10)
  📝 Reason: 5m: MACD bullish; 15m: MACD bullish; 1h: MACD bearish; 4h: RSI oversold (27.2)

[11:53:49] Cycle 1292
  💰 Current Price: $84.75
  🎯 Signal: HOLD (confidence: 0.10)
  📝 Reason: 5m: MACD bullish; 15m: MACD bullish; 1h: MACD bearish; 4h: RSI oversold (27.3)

[11:54:20] Cycle 1293
  💰 Current Price: $84.78
  🎯 Signal: HOLD (confidence: 0.10)
  📝 Reason: 5m: MACD bullish; 15m: MACD bullish; 1h: MACD bearish; 4h: RSI oversold (27.3)

[11:54:51] Cycle 1294
  💰 Current Price: $84.76
  🎯 Signal: HOLD (confidence: 0.10)
  📝 Reason: 5m: MACD bullish; 15m: MACD bullish; 1h: MACD bearish; 4h: RSI oversold (27.3)

[11:55:22] Cycle 1295
  💰 Current Price: $84.77
  🎯 Signal: HOLD (confidence: 0.10)
  📝 Reason: 5m: MACD bullish; 15m: MACD bullish; 1h: MACD bearish; 4h: RSI oversold (27.3)

[11:55:53] Cycle 1296
  💰 Current Price: $84.77
  🎯 Signal: HOLD (confidence: 0.10)
  📝 Reason: 5m: MACD bullish; 15m: MACD bullish; 1h: MACD bearish; 4h: RSI oversold (27.3)

[11:56:23] Cycle 1297
  💰 Current Price: $84.73
  🎯 Signal: HOLD (confidence: 0.10)
  📝 Reason: 5m: MACD bullish; 15m: MACD bullish; 1h: MACD bearish; 4h: RSI oversold (27.0)

[11:56:54] Cycle 1298
  💰 Current Price: $84.74
  🎯 Signal: HOLD (confidence: 0.10)
  📝 Reason: 5m: MACD bullish; 15m: MACD bullish; 1h: MACD bearish; 4h: RSI oversold (27.1)

[11:57:25] Cycle 1299
  💰 Current Price: $84.74
  🎯 Signal: HOLD (confidence: 0.10)
  📝 Reason: 5m: MACD bullish; 15m: MACD bullish; 1h: MACD bearish; 4h: RSI oversold (27.1)

[11:57:55] Cycle 1300
  💰 Current Price: $84.70
  🎯 Signal: HOLD (confidence: 0.10)
  📝 Reason: 5m: MACD bullish; 15m: MACD bullish; 1h: MACD bearish; 4h: RSI oversold (26.8)

[11:58:26] Cycle 1301
  💰 Current Price: $84.69
  🎯 Signal: HOLD (confidence: 0.10)
  📝 Reason: 5m: MACD bullish; 15m: MACD bullish; 1h: MACD bearish; 4h: RSI oversold (26.8)

[11:58:57] Cycle 1302
  💰 Current Price: $84.68
  🎯 Signal: HOLD (confidence: 0.10)
  📝 Reason: 5m: MACD bullish; 15m: MACD bullish; 1h: MACD bearish; 4h: RSI oversold (26.6)

[11:59:27] Cycle 1303
  💰 Current Price: $84.66
  🎯 Signal: HOLD (confidence: 0.10)
  📝 Reason: 5m: MACD bullish; 15m: MACD bullish; 1h: MACD bearish; 4h: RSI oversold (26.6)

[11:59:58] Cycle 1304
  💰 Current Price: $84.65
  🎯 Signal: HOLD (confidence: 0.10)
  📝 Reason: 5m: MACD bullish; 15m: MACD bullish; 1h: MACD bearish; 4h: RSI oversold (26.5)

[12:00:29] Cycle 1305
  💰 Current Price: $84.66
  🎯 Signal: HOLD (confidence: 0.10)
  📝 Reason: 5m: MACD bullish; 15m: MACD bullish; 1h: MACD bearish; 4h: RSI oversold (25.7)

[12:01:00] Cycle 1306
  💰 Current Price: $84.66
  🎯 Signal: HOLD (confidence: 0.10)
  📝 Reason: 5m: MACD bullish; 15m: MACD bullish; 1h: MACD bearish; 4h: RSI oversold (25.7)

[12:01:30] Cycle 1307
  💰 Current Price: $84.64
  🎯 Signal: HOLD (confidence: 0.10)
  📝 Reason: 5m: MACD bullish; 15m: MACD bullish; 1h: MACD bearish; 4h: RSI oversold (25.6)

[12:02:01] Cycle 1308
  💰 Current Price: $84.64
  🎯 Signal: HOLD (confidence: 0.10)
  📝 Reason: 5m: MACD bullish; 15m: MACD bullish; 1h: MACD bearish; 4h: RSI oversold (27.3)

[11:42:33] Cycle 1262
  💰 Current Price: $84.78
  🎯 Signal: HOLD (confidence: 0.10)
  📝 Reason: 5m: MACD bullish; 15m: MACD bullish; 1h: MACD bearish; 4h: RSI oversold (27.3)

[11:43:04] Cycle 1263
  💰 Current Price: $84.78
  🎯 Signal: HOLD (confidence: 0.10)
  📝 Reason: 5m: MACD bullish; 15m: MACD bullish; 1h: MACD bearish; 4h: RSI oversold (27.3)

[11:43:35] Cycle 1264
  💰 Current Price: $84.78
  🎯 Signal: HOLD (confidence: 0.10)
  📝 Reason: 5m: MACD bullish; 15m: MACD bullish; 1h: MACD bearish; 4h: RSI oversold (27.3)

[11:44:05] Cycle 1265
  💰 Current Price: $84.78
  🎯 Signal: HOLD (confidence: 0.10)
  📝 Reason: 5m: MACD bullish; 15m: MACD bullish; 1h: MACD bearish; 4h: RSI oversold (27.5)

[11:44:36] Cycle 1266
  💰 Current Price: $84.81
  🎯 Signal: HOLD (confidence: 0.10)
  📝 Reason: 5m: MACD bullish; 15m: MACD bullish; 1h: MACD bearish; 4h: RSI oversold (27.5)

[11:45:07] Cycle 1267
  💰 Current Price: $84.82
  🎯 Signal: HOLD (confidence: 0.10)
  📝 Reason: 5m: MACD bullish; 15m: MACD bullish; 1h: MACD bearish; 4h: RSI oversold (27.6)

[11:45:38] Cycle 1268
  💰 Current Price: $84.81
  🎯 Signal: HOLD (confidence: 0.10)
  📝 Reason: 5m: MACD bullish; 15m: MACD bullish; 1h: MACD bearish; 4h: RSI oversold (27.5)

[11:46:08] Cycle 1269
  💰 Current Price: $84.81
  🎯 Signal: HOLD (confidence: 0.10)
  📝 Reason: 5m: MACD bullish; 15m: MACD bullish; 1h: MACD bearish; 4h: RSI oversold (27.5)

[11:46:39] Cycle 1270
  💰 Current Price: $84.80
  🎯 Signal: HOLD (confidence: 0.10)
  📝 Reason: 5m: MACD bullish; 15m: MACD bullish; 1h: MACD bearish; 4h: RSI oversold (27.5)

[11:47:10] Cycle 1271
  💰 Current Price: $84.81
  🎯 Signal: HOLD (confidence: 0.10)
  📝 Reason: 5m: MACD bullish; 15m: MACD bullish; 1h: MACD bearish; 4h: RSI oversold (27.5)

[11:47:41] Cycle 1272
  💰 Current Price: $84.80
  🎯 Signal: HOLD (confidence: 0.10)
  📝 Reason: 5m: MACD bullish; 15m: MACD bullish; 1h: MACD bearish; 4h: RSI oversold (27.0)

[11:48:11] Cycle 1273
  💰 Current Price: $84.69
  🎯 Signal: HOLD (confidence: 0.10)
  📝 Reason: 5m: MACD bullish; 15m: MACD bullish; 1h: MACD bearish; 4h: RSI oversold (26.8)

[11:48:42] Cycle 1274
  💰 Current Price: $84.70
  🎯 Signal: HOLD (confidence: 0.10)
  📝 Reason: 5m: MACD bullish; 15m: MACD bullish; 1h: MACD bearish; 4h: RSI oversold (26.8)

[11:49:12] Cycle 1275
  💰 Current Price: $84.73
  🎯 Signal: HOLD (confidence: 0.10)
  📝 Reason: 5m: MACD bullish; 15m: MACD bullish; 1h: MACD bearish; 4h: RSI oversold (27.0)

[11:49:44] Cycle 1276
  💰 Current Price: $84.72
  🎯 Signal: HOLD (confidence: 0.10)
  📝 Reason: 5m: MACD bullish; 15m: MACD bullish; 1h: MACD bearish; 4h: RSI oversold (27.0)

[11:50:14] Cycle 1277
  💰 Current Price: $84.73
  🎯 Signal: HOLD (confidence: 0.10)
  📝 Reason: 5m: MACD bullish; 15m: MACD bullish; 1h: MACD bearish; 4h: RSI oversold (27.0)

[11:50:45] Cycle 1278
  💰 Current Price: $84.73
  🎯 Signal: HOLD (confidence: 0.10)
  📝 Reason: 5m: MACD bullish; 15m: MACD bullish; 1h: MACD bearish; 4h: RSI oversold (27.0)

[11:51:16] Cycle 1279
  💰 Current Price: $84.73
  🎯 Signal: HOLD (confidence: 0.10)
  📝 Reason: 5m: MACD bullish; 15m: MACD bullish; 1h: MACD bearish; 4h: RSI oversold (27.0)

[11:51:47] Cycle 1280
  💰 Current Price: $84.72
  🎯 Signal: HOLD (confidence: 0.10)
  📝 Reason: 5m: MACD bullish; 15m: MACD bullish; 1h: MACD bearish; 4h: RSI oversold (27.0)

[11:52:17] Cycle 1281
  💰 Current Price: $84.71
  🎯 Signal: HOLD (confidence: 0.10)
  📝 Reason: 5m: MACD bullish; 15m: MACD bullish; 1h: MACD bearish; 4h: RSI oversold (26.9)

[11:52:48] Cycle 1282
  💰 Current Price: $84.75
  🎯 Signal: HOLD (confidence: 0.10)
  📝 Reason: 5m: MACD bullish; 15m: MACD bullish; 1h: MACD bearish; 4h: RSI oversold (27.1)

[11:53:19] Cycle 1283
  💰 Current Price: $84.76
  🎯 Signal: HOLD (confidence: 0.10)
  📝 Reason: 5m: MACD bullish; 15m: MACD bullish; 1h: MACD bearish; 4h: RSI oversold (27.2)

[11:53:49] Cycle 1284
  💰 Current Price: $84.75
  🎯 Signal: HOLD (confidence: 0.10)
  📝 Reason: 5m: MACD bullish; 15m: MACD bullish; 1h: MACD bearish; 4h: RSI oversold (27.3)

[11:54:20] Cycle 1285
  💰 Current Price: $84.78
  🎯 Signal: HOLD (confidence: 0.10)
  📝 Reason: 5m: MACD bullish; 15m: MACD bullish; 1h: MACD bearish; 4h: RSI oversold (27.3)

[11:54:51] Cycle 1286
  💰 Current Price: $84.76
  🎯 Signal: HOLD (confidence: 0.10)
  📝 Reason: 5m: MACD bullish; 15m: MACD bullish; 1h: MACD bearish; 4h: RSI oversold (27.3)

[11:55:22] Cycle 1287
  💰 Current Price: $84.77
  🎯 Signal: HOLD (confidence: 0.10)
  📝 Reason: 5m: MACD bullish; 15m: MACD bullish; 1h: MACD bearish; 4h: RSI oversold (27.3)

[11:55:52] Cycle 1288
  💰 Current Price: $84.77
  🎯 Signal: HOLD (confidence: 0.10)
  📝 Reason: 5m: MACD bullish; 15m: MACD bullish; 1h: MACD bearish; 4h: RSI oversold (27.3)

[11:56:23] Cycle 1289
  💰 Current Price: $84.73
  🎯 Signal: HOLD (confidence: 0.10)
  📝 Reason: 5m: MACD bullish; 15m: MACD bullish; 1h: MACD bearish; 4h: RSI oversold (27.0)

[11:56:54] Cycle 1290
  💰 Current Price: $84.74
  🎯 Signal: HOLD (confidence: 0.10)
  📝 Reason: 5m: MACD bullish; 15m: MACD bullish; 1h: MACD bearish; 4h: RSI oversold (27.1)

[11:57:25] Cycle 1291
  💰 Current Price: $84.74
  🎯 Signal: HOLD (confidence: 0.10)
  📝 Reason: 5m: MACD bullish; 15m: MACD bullish; 1h: MACD bearish; 4h: RSI oversold (27.1)

[11:57:55] Cycle 1292
  💰 Current Price: $84.70
  🎯 Signal: HOLD (confidence: 0.10)
  📝 Reason: 5m: MACD bullish; 15m: MACD bullish; 1h: MACD bearish; 4h: RSI oversold (26.8)

[11:58:26] Cycle 1293
  💰 Current Price: $84.69
  🎯 Signal: HOLD (confidence: 0.10)
  📝 Reason: 5m: MACD bullish; 15m: MACD bullish; 1h: MACD bearish; 4h: RSI oversold (26.8)

[11:58:57] Cycle 1294
  💰 Current Price: $84.68
  🎯 Signal: HOLD (confidence: 0.10)
  📝 Reason: 5m: MACD bullish; 15m: MACD bullish; 1h: MACD bearish; 4h: RSI oversold (26.6)

[11:59:27] Cycle 1295
  💰 Current Price: $84.66
  🎯 Signal: HOLD (confidence: 0.10)
  📝 Reason: 5m: MACD bullish; 15m: MACD bullish; 1h: MACD bearish; 4h: RSI oversold (26.6)

[11:59:58] Cycle 1296
  💰 Current Price: $84.65
  🎯 Signal: HOLD (confidence: 0.10)
  📝 Reason: 5m: MACD bullish; 15m: MACD bullish; 1h: MACD bearish; 4h: RSI oversold (26.5)

[12:00:29] Cycle 1297
  💰 Current Price: $84.66
  🎯 Signal: HOLD (confidence: 0.10)
  📝 Reason: 5m: MACD bullish; 15m: MACD bullish; 1h: MACD bearish; 4h: RSI oversold (25.7)

[12:01:00] Cycle 1298
  💰 Current Price: $84.66
  🎯 Signal: HOLD (confidence: 0.10)
  📝 Reason: 5m: MACD bullish; 15m: MACD bullish; 1h: MACD bearish; 4h: RSI oversold (25.7)

[12:01:30] Cycle 1299
  💰 Current Price: $84.64
  🎯 Signal: HOLD (confidence: 0.10)
  📝 Reason: 5m: MACD bullish; 15m: MACD bullish; 1h: MACD bearish; 4h: RSI oversold (25.6)

[12:02:01] Cycle 1300
  💰 Current Price: $84.64
  🎯 Signal: HOLD (confidence: 0.10)
  📝 Reason: 5m: MACD bullish; 15m: MACD bullish; 1h: MACD bearish; 4h: RSI oversold (25.6)

[12:02:32] Cycle 1301
  💰 Current Price: $84.64
  🎯 Signal: HOLD (confidence: 0.10)
  📝 Reason: 5m: MACD bullish; 15m: MACD bullish; 1h: MACD bearish; 4h: RSI oversold (25.6)

[12:03:03] Cycle 1302
  💰 Current Price: $84.65
  🎯 Signal: HOLD (confidence: 0.10)
  📝 Reason: 5m: MACD bullish; 15m: MACD bullish; 1h: MACD bearish; 4h: RSI oversold (25.7)

[12:03:33] Cycle 1303
  💰 Current Price: $84.66
  🎯 Signal: HOLD (confidence: 0.10)
  📝 Reason: 5m: MACD bullish; 15m: MACD bullish; 1h: MACD bearish; 4h: RSI oversold (25.7)

[12:04:04] Cycle 1304
  💰 Current Price: $84.67
  🎯 Signal: HOLD (confidence: 0.10)
  📝 Reason: 5m: MACD bullish; 15m: MACD bullish; 1h: MACD bearish; 4h: RSI oversold (25.8)

[12:04:35] Cycle 1305
  💰 Current Price: $84.67
  🎯 Signal: HOLD (confidence: 0.10)
  📝 Reason: 5m: MACD bullish; 15m: MACD bullish; 1h: MACD bearish; 4h: RSI oversold (25.6)

[12:02:32] Cycle 1309
  💰 Current Price: $84.64
  🎯 Signal: HOLD (confidence: 0.10)
  📝 Reason: 5m: MACD bullish; 15m: MACD bullish; 1h: MACD bearish; 4h: RSI oversold (25.6)

[12:03:03] Cycle 1310
  💰 Current Price: $84.65
  🎯 Signal: HOLD (confidence: 0.10)
  📝 Reason: 5m: MACD bullish; 15m: MACD bullish; 1h: MACD bearish; 4h: RSI oversold (25.7)

[12:03:33] Cycle 1311
  💰 Current Price: $84.66
  🎯 Signal: HOLD (confidence: 0.10)
  📝 Reason: 5m: MACD bullish; 15m: MACD bullish; 1h: MACD bearish; 4h: RSI oversold (25.7)

[12:04:04] Cycle 1312
  💰 Current Price: $84.67
  🎯 Signal: HOLD (confidence: 0.10)
  📝 Reason: 5m: MACD bullish; 15m: MACD bullish; 1h: MACD bearish; 4h: RSI oversold (25.8)

[12:04:35] Cycle 1313
  💰 Current Price: $84.67
  🎯 Signal: HOLD (confidence: 0.10)
  📝 Reason: 5m: MACD bullish; 15m: MACD bullish; 1h: MACD bearish; 4h: RSI oversold (25.8)

[12:05:06] Cycle 1314
  💰 Current Price: $84.74
  🎯 Signal: HOLD (confidence: 0.10)
  📝 Reason: 5m: MACD bullish; 15m: MACD bullish; 1h: MACD bearish; 4h: RSI oversold (26.3)

[12:05:37] Cycle 1315
  💰 Current Price: $84.76
  🎯 Signal: HOLD (confidence: 0.10)
  📝 Reason: 5m: MACD bullish; 15m: MACD bullish; 1h: MACD bearish; 4h: RSI oversold (26.4)

[12:06:08] Cycle 1316
  💰 Current Price: $84.74
  🎯 Signal: HOLD (confidence: 0.10)
  📝 Reason: 5m: MACD bullish; 15m: MACD bullish; 1h: MACD bearish; 4h: RSI oversold (26.3)

[12:06:38] Cycle 1317
  💰 Current Price: $84.74
  🎯 Signal: HOLD (confidence: 0.10)
  📝 Reason: 5m: MACD bullish; 15m: MACD bullish; 1h: MACD bearish; 4h: RSI oversold (26.3)

[12:07:09] Cycle 1318
  💰 Current Price: $84.74
  🎯 Signal: HOLD (confidence: 0.10)
  📝 Reason: 5m: MACD bullish; 15m: MACD bullish; 1h: MACD bearish; 4h: RSI oversold (25.9)

[12:07:40] Cycle 1319
  💰 Current Price: $84.69
  🎯 Signal: HOLD (confidence: 0.10)
  📝 Reason: 5m: MACD bullish; 15m: MACD bullish; 1h: MACD bearish; 4h: RSI oversold (25.9)

[12:08:11] Cycle 1320
  💰 Current Price: $84.65
  🎯 Signal: HOLD (confidence: 0.10)
  📝 Reason: 5m: MACD bullish; 15m: MACD bullish; 1h: MACD bearish; 4h: RSI oversold (25.6)

[12:08:42] Cycle 1321
  💰 Current Price: $84.60
  🎯 Signal: HOLD (confidence: 0.10)
  📝 Reason: 5m: MACD bullish; 15m: MACD bullish; 1h: MACD bearish; 4h: RSI oversold (25.6)

[12:09:13] Cycle 1322
  💰 Current Price: $84.62
  🎯 Signal: HOLD (confidence: 0.10)
  📝 Reason: 5m: MACD bullish; 15m: MACD bullish; 1h: MACD bearish; 4h: RSI oversold (25.6)

[12:09:44] Cycle 1323
  💰 Current Price: $84.62
  🎯 Signal: HOLD (confidence: 0.10)
  📝 Reason: 5m: MACD bullish; 15m: MACD bullish; 1h: MACD bearish; 4h: RSI oversold (25.6)

[12:10:15] Cycle 1324
  💰 Current Price: $84.64
  🎯 Signal: HOLD (confidence: 0.10)
  📝 Reason: 5m: MACD bullish; 15m: MACD bullish; 1h: MACD bearish; 4h: RSI oversold (25.6)

[12:10:45] Cycle 1325
  💰 Current Price: $84.62
  🎯 Signal: HOLD (confidence: 0.10)
  📝 Reason: 5m: MACD bullish; 15m: MACD bullish; 1h: MACD bearish; 4h: RSI oversold (25.6)

[12:11:16] Cycle 1326
  💰 Current Price: $84.61
  🎯 Signal: HOLD (confidence: 0.10)
  📝 Reason: 5m: MACD bullish; 15m: MACD bullish; 1h: MACD bearish; 4h: RSI oversold (25.6)

[12:11:47] Cycle 1327
  💰 Current Price: $84.61
  🎯 Signal: HOLD (confidence: 0.10)
  📝 Reason: 5m: MACD bullish; 15m: MACD bullish; 1h: MACD bearish; 4h: RSI oversold (25.6)

[12:12:18] Cycle 1328
  💰 Current Price: $84.61
  🎯 Signal: HOLD (confidence: 0.10)
  📝 Reason: 5m: MACD bullish; 15m: MACD bullish; 1h: MACD bearish; 4h: RSI oversold (25.6)

[12:12:48] Cycle 1329
  💰 Current Price: $84.61
  🎯 Signal: HOLD (confidence: 0.10)
  📝 Reason: 5m: MACD bullish; 15m: MACD bullish; 1h: MACD bearish; 4h: RSI oversold (25.6)

[12:13:19] Cycle 1330
  💰 Current Price: $84.61
  🎯 Signal: HOLD (confidence: 0.10)
  📝 Reason: 5m: MACD bullish; 15m: MACD bullish; 1h: MACD bearish; 4h: RSI oversold (25.6)

[12:13:50] Cycle 1331
  💰 Current Price: $84.61
  🎯 Signal: HOLD (confidence: 0.10)
  📝 Reason: 5m: MACD bullish; 15m: MACD bullish; 1h: MACD bearish; 4h: RSI oversold (25.6)

[12:14:21] Cycle 1332
  💰 Current Price: $84.59
  🎯 Signal: HOLD (confidence: 0.10)
  📝 Reason: 5m: MACD bullish; 15m: MACD bullish; 1h: MACD bearish; 4h: RSI oversold (25.5)

[12:14:51] Cycle 1333
  💰 Current Price: $84.57
  🎯 Signal: HOLD (confidence: 0.10)
  📝 Reason: 5m: MACD bullish; 15m: MACD bullish; 1h: MACD bearish; 4h: RSI oversold (25.5)

[12:15:22] Cycle 1334
  💰 Current Price: $84.58
  🎯 Signal: HOLD (confidence: 0.10)
  📝 Reason: 5m: MACD bullish; 15m: MACD bullish; 1h: MACD bearish; 4h: RSI oversold (25.5)

[12:15:52] Cycle 1335
  💰 Current Price: $84.63
  🎯 Signal: HOLD (confidence: 0.10)
  📝 Reason: 5m: MACD bullish; 15m: MACD bullish; 1h: MACD bearish; 4h: RSI oversold (25.6)

[12:16:23] Cycle 1336
  💰 Current Price: $84.61
  🎯 Signal: HOLD (confidence: 0.10)
  📝 Reason: 5m: MACD bullish; 15m: MACD bullish; 1h: MACD bearish; 4h: RSI oversold (25.6)

[12:16:54] Cycle 1337
  💰 Current Price: $84.64
  🎯 Signal: HOLD (confidence: 0.10)
  📝 Reason: 5m: MACD bullish; 15m: MACD bullish; 1h: MACD bearish; 4h: RSI oversold (25.6)

[12:17:25] Cycle 1338
  💰 Current Price: $84.64
  🎯 Signal: HOLD (confidence: 0.10)
  📝 Reason: 5m: MACD bullish; 15m: MACD bullish; 1h: MACD bearish; 4h: RSI oversold (25.6)

[12:17:55] Cycle 1339
  💰 Current Price: $84.63
  🎯 Signal: HOLD (confidence: 0.10)
  📝 Reason: 5m: MACD bullish; 15m: MACD bullish; 1h: MACD bearish; 4h: RSI oversold (25.6)

[12:18:26] Cycle 1340
  💰 Current Price: $84.63
  🎯 Signal: HOLD (confidence: 0.10)
  📝 Reason: 5m: MACD bullish; 15m: MACD bullish; 1h: MACD bearish; 4h: RSI oversold (25.6)

[12:18:57] Cycle 1341
  💰 Current Price: $84.63
  🎯 Signal: HOLD (confidence: 0.10)
  📝 Reason: 5m: MACD bullish; 15m: MACD bullish; 1h: MACD bearish; 4h: RSI oversold (25.6)

[12:19:28] Cycle 1342
  💰 Current Price: $84.69
  🎯 Signal: HOLD (confidence: 0.10)
  📝 Reason: 5m: MACD bullish; 15m: MACD bullish; 1h: MACD bearish; 4h: RSI oversold (25.9)

[12:19:59] Cycle 1343
  💰 Current Price: $84.69
  🎯 Signal: HOLD (confidence: 0.10)
  📝 Reason: 5m: MACD bullish; 15m: MACD bullish; 1h: MACD bearish; 4h: RSI oversold (25.9)

[12:20:29] Cycle 1344
  💰 Current Price: $84.67
  🎯 Signal: HOLD (confidence: 0.10)
  📝 Reason: 5m: MACD bullish; 15m: MACD bullish; 1h: MACD bearish; 4h: RSI oversold (25.8)

[12:21:00] Cycle 1345
  💰 Current Price: $84.68
  🎯 Signal: HOLD (confidence: 0.10)
  📝 Reason: 5m: MACD bullish; 15m: MACD bullish; 1h: MACD bearish; 4h: RSI oversold (25.8)

[12:21:31] Cycle 1346
  💰 Current Price: $84.69
  🎯 Signal: HOLD (confidence: 0.10)
  📝 Reason: 5m: MACD bullish; 15m: MACD bullish; 1h: MACD bearish; 4h: RSI oversold (25.9)

[12:22:02] Cycle 1347
  💰 Current Price: $84.68
  🎯 Signal: HOLD (confidence: 0.10)
  📝 Reason: 5m: MACD bullish; 15m: MACD bullish; 1h: MACD bearish; 4h: RSI oversold (25.9)

[12:22:33] Cycle 1348
  💰 Current Price: $84.66
  🎯 Signal: HOLD (confidence: 0.10)
  📝 Reason: 5m: MACD bullish; 15m: MACD bullish; 1h: MACD bearish; 4h: RSI oversold (25.7)

[12:23:03] Cycle 1349
  💰 Current Price: $84.63
  🎯 Signal: HOLD (confidence: 0.10)
  📝 Reason: 5m: MACD bullish; 15m: MACD bullish; 1h: MACD bearish; 4h: RSI oversold (25.7)

[12:23:34] Cycle 1350
  💰 Current Price: $84.65
  🎯 Signal: HOLD (confidence: 0.10)
  📝 Reason: 5m: MACD bullish; 15m: MACD bullish; 1h: MACD bearish; 4h: RSI oversold (25.7)

[12:24:05] Cycle 1351
  💰 Current Price: $84.68
  🎯 Signal: HOLD (confidence: 0.10)
  📝 Reason: 5m: MACD bullish; 15m: MACD bullish; 1h: MACD bearish; 4h: RSI oversold (25.9)

[12:24:35] Cycle 1352
  💰 Current Price: $84.68
  🎯 Signal: HOLD (confidence: 0.10)
  📝 Reason: 5m: MACD bullish; 15m: MACD bullish; 1h: MACD bearish; 4h: RSI oversold (25.8)

[12:05:06] Cycle 1306
  💰 Current Price: $84.74
  🎯 Signal: HOLD (confidence: 0.10)
  📝 Reason: 5m: MACD bullish; 15m: MACD bullish; 1h: MACD bearish; 4h: RSI oversold (26.3)

[12:05:37] Cycle 1307
  💰 Current Price: $84.76
  🎯 Signal: HOLD (confidence: 0.10)
  📝 Reason: 5m: MACD bullish; 15m: MACD bullish; 1h: MACD bearish; 4h: RSI oversold (26.4)

[12:06:08] Cycle 1308
  💰 Current Price: $84.74
  🎯 Signal: HOLD (confidence: 0.10)
  📝 Reason: 5m: MACD bullish; 15m: MACD bullish; 1h: MACD bearish; 4h: RSI oversold (26.3)

[12:06:38] Cycle 1309
  💰 Current Price: $84.74
  🎯 Signal: HOLD (confidence: 0.10)
  📝 Reason: 5m: MACD bullish; 15m: MACD bullish; 1h: MACD bearish; 4h: RSI oversold (26.3)

[12:07:09] Cycle 1310
  💰 Current Price: $84.74
  🎯 Signal: HOLD (confidence: 0.10)
  📝 Reason: 5m: MACD bullish; 15m: MACD bullish; 1h: MACD bearish; 4h: RSI oversold (25.9)

[12:07:40] Cycle 1311
  💰 Current Price: $84.69
  🎯 Signal: HOLD (confidence: 0.10)
  📝 Reason: 5m: MACD bullish; 15m: MACD bullish; 1h: MACD bearish; 4h: RSI oversold (25.9)

[12:08:11] Cycle 1312
  💰 Current Price: $84.65
  🎯 Signal: HOLD (confidence: 0.10)
  📝 Reason: 5m: MACD bullish; 15m: MACD bullish; 1h: MACD bearish; 4h: RSI oversold (25.6)

[12:08:42] Cycle 1313
  💰 Current Price: $84.60
  🎯 Signal: HOLD (confidence: 0.10)
  📝 Reason: 5m: MACD bullish; 15m: MACD bullish; 1h: MACD bearish; 4h: RSI oversold (25.6)

[12:09:13] Cycle 1314
  💰 Current Price: $84.62
  🎯 Signal: HOLD (confidence: 0.10)
  📝 Reason: 5m: MACD bullish; 15m: MACD bullish; 1h: MACD bearish; 4h: RSI oversold (25.6)

[12:09:44] Cycle 1315
  💰 Current Price: $84.62
  🎯 Signal: HOLD (confidence: 0.10)
  📝 Reason: 5m: MACD bullish; 15m: MACD bullish; 1h: MACD bearish; 4h: RSI oversold (25.6)

[12:10:15] Cycle 1316
  💰 Current Price: $84.64
  🎯 Signal: HOLD (confidence: 0.10)
  📝 Reason: 5m: MACD bullish; 15m: MACD bullish; 1h: MACD bearish; 4h: RSI oversold (25.6)

[12:10:45] Cycle 1317
  💰 Current Price: $84.62
  🎯 Signal: HOLD (confidence: 0.10)
  📝 Reason: 5m: MACD bullish; 15m: MACD bullish; 1h: MACD bearish; 4h: RSI oversold (25.6)

[12:11:16] Cycle 1318
  💰 Current Price: $84.61
  🎯 Signal: HOLD (confidence: 0.10)
  📝 Reason: 5m: MACD bullish; 15m: MACD bullish; 1h: MACD bearish; 4h: RSI oversold (25.6)

[12:11:47] Cycle 1319
  💰 Current Price: $84.61
  🎯 Signal: HOLD (confidence: 0.10)
  📝 Reason: 5m: MACD bullish; 15m: MACD bullish; 1h: MACD bearish; 4h: RSI oversold (25.6)

[12:12:18] Cycle 1320
  💰 Current Price: $84.61
  🎯 Signal: HOLD (confidence: 0.10)
  📝 Reason: 5m: MACD bullish; 15m: MACD bullish; 1h: MACD bearish; 4h: RSI oversold (25.6)

[12:12:48] Cycle 1321
  💰 Current Price: $84.61
  🎯 Signal: HOLD (confidence: 0.10)
  📝 Reason: 5m: MACD bullish; 15m: MACD bullish; 1h: MACD bearish; 4h: RSI oversold (25.6)

[12:13:19] Cycle 1322
  💰 Current Price: $84.61
  🎯 Signal: HOLD (confidence: 0.10)
  📝 Reason: 5m: MACD bullish; 15m: MACD bullish; 1h: MACD bearish; 4h: RSI oversold (25.6)

[12:13:50] Cycle 1323
  💰 Current Price: $84.61
  🎯 Signal: HOLD (confidence: 0.10)
  📝 Reason: 5m: MACD bullish; 15m: MACD bullish; 1h: MACD bearish; 4h: RSI oversold (25.6)

[12:14:20] Cycle 1324
  💰 Current Price: $84.59
  🎯 Signal: HOLD (confidence: 0.10)
  📝 Reason: 5m: MACD bullish; 15m: MACD bullish; 1h: MACD bearish; 4h: RSI oversold (25.5)

[12:14:51] Cycle 1325
  💰 Current Price: $84.57
  🎯 Signal: HOLD (confidence: 0.10)
  📝 Reason: 5m: MACD bullish; 15m: MACD bullish; 1h: MACD bearish; 4h: RSI oversold (25.5)

[12:15:22] Cycle 1326
  💰 Current Price: $84.58
  🎯 Signal: HOLD (confidence: 0.10)
  📝 Reason: 5m: MACD bullish; 15m: MACD bullish; 1h: MACD bearish; 4h: RSI oversold (25.5)

[12:15:52] Cycle 1327
  💰 Current Price: $84.63
  🎯 Signal: HOLD (confidence: 0.10)
  📝 Reason: 5m: MACD bullish; 15m: MACD bullish; 1h: MACD bearish; 4h: RSI oversold (25.6)

[12:16:23] Cycle 1328
  💰 Current Price: $84.61
  🎯 Signal: HOLD (confidence: 0.10)
  📝 Reason: 5m: MACD bullish; 15m: MACD bullish; 1h: MACD bearish; 4h: RSI oversold (25.6)

[12:16:54] Cycle 1329
  💰 Current Price: $84.64
  🎯 Signal: HOLD (confidence: 0.10)
  📝 Reason: 5m: MACD bullish; 15m: MACD bullish; 1h: MACD bearish; 4h: RSI oversold (25.6)

[12:17:25] Cycle 1330
  💰 Current Price: $84.64
  🎯 Signal: HOLD (confidence: 0.10)
  📝 Reason: 5m: MACD bullish; 15m: MACD bullish; 1h: MACD bearish; 4h: RSI oversold (25.6)

[12:17:55] Cycle 1331
  💰 Current Price: $84.63
  🎯 Signal: HOLD (confidence: 0.10)
  📝 Reason: 5m: MACD bullish; 15m: MACD bullish; 1h: MACD bearish; 4h: RSI oversold (25.6)

[12:18:26] Cycle 1332
  💰 Current Price: $84.63
  🎯 Signal: HOLD (confidence: 0.10)
  📝 Reason: 5m: MACD bullish; 15m: MACD bullish; 1h: MACD bearish; 4h: RSI oversold (25.6)

[12:18:57] Cycle 1333
  💰 Current Price: $84.63
  🎯 Signal: HOLD (confidence: 0.10)
  📝 Reason: 5m: MACD bullish; 15m: MACD bullish; 1h: MACD bearish; 4h: RSI oversold (25.6)

[12:19:28] Cycle 1334
  💰 Current Price: $84.69
  🎯 Signal: HOLD (confidence: 0.10)
  📝 Reason: 5m: MACD bullish; 15m: MACD bullish; 1h: MACD bearish; 4h: RSI oversold (25.9)

[12:19:59] Cycle 1335
  💰 Current Price: $84.69
  🎯 Signal: HOLD (confidence: 0.10)
  📝 Reason: 5m: MACD bullish; 15m: MACD bullish; 1h: MACD bearish; 4h: RSI oversold (25.9)

[12:20:29] Cycle 1336
  💰 Current Price: $84.67
  🎯 Signal: HOLD (confidence: 0.10)
  📝 Reason: 5m: MACD bullish; 15m: MACD bullish; 1h: MACD bearish; 4h: RSI oversold (25.8)

[12:21:00] Cycle 1337
  💰 Current Price: $84.68
  🎯 Signal: HOLD (confidence: 0.10)
  📝 Reason: 5m: MACD bullish; 15m: MACD bullish; 1h: MACD bearish; 4h: RSI oversold (25.8)

[12:21:31] Cycle 1338
  💰 Current Price: $84.69
  🎯 Signal: HOLD (confidence: 0.10)
  📝 Reason: 5m: MACD bullish; 15m: MACD bullish; 1h: MACD bearish; 4h: RSI oversold (25.9)

[12:22:01] Cycle 1339
  💰 Current Price: $84.68
  🎯 Signal: HOLD (confidence: 0.10)
  📝 Reason: 5m: MACD bullish; 15m: MACD bullish; 1h: MACD bearish; 4h: RSI oversold (25.9)

[12:22:33] Cycle 1340
  💰 Current Price: $84.66
  🎯 Signal: HOLD (confidence: 0.10)
  📝 Reason: 5m: MACD bullish; 15m: MACD bullish; 1h: MACD bearish; 4h: RSI oversold (25.7)

[12:23:03] Cycle 1341
  💰 Current Price: $84.63
  🎯 Signal: HOLD (confidence: 0.10)
  📝 Reason: 5m: MACD bullish; 15m: MACD bullish; 1h: MACD bearish; 4h: RSI oversold (25.7)

[12:23:34] Cycle 1342
  💰 Current Price: $84.65
  🎯 Signal: HOLD (confidence: 0.10)
  📝 Reason: 5m: MACD bullish; 15m: MACD bullish; 1h: MACD bearish; 4h: RSI oversold (25.7)

[12:24:05] Cycle 1343
  💰 Current Price: $84.68
  🎯 Signal: HOLD (confidence: 0.10)
  📝 Reason: 5m: MACD bullish; 15m: MACD bullish; 1h: MACD bearish; 4h: RSI oversold (25.9)

[12:24:35] Cycle 1344
  💰 Current Price: $84.68
  🎯 Signal: HOLD (confidence: 0.10)
  📝 Reason: 5m: MACD bullish; 15m: MACD bullish; 1h: MACD bearish; 4h: RSI oversold (25.9)

[12:25:06] Cycle 1345
  💰 Current Price: $84.68
  🎯 Signal: HOLD (confidence: 0.10)
  📝 Reason: 5m: MACD bullish; 15m: MACD bullish; 1h: MACD bearish; 4h: RSI oversold (25.9)

[12:25:37] Cycle 1346
  💰 Current Price: $84.68
  🎯 Signal: HOLD (confidence: 0.10)
  📝 Reason: 5m: MACD bullish; 15m: MACD bullish; 1h: MACD bearish; 4h: RSI oversold (25.9)

[12:26:08] Cycle 1347
  💰 Current Price: $84.70
  🎯 Signal: HOLD (confidence: 0.10)
  📝 Reason: 5m: MACD bullish; 15m: MACD bullish; 1h: MACD bearish; 4h: RSI oversold (26.0)

[12:26:38] Cycle 1348
  💰 Current Price: $84.70
  🎯 Signal: HOLD (confidence: 0.10)
  📝 Reason: 5m: MACD bullish; 15m: MACD bullish; 1h: MACD bearish; 4h: RSI oversold (26.0)

[12:27:09] Cycle 1349
  💰 Current Price: $84.68
  🎯 Signal: HOLD (confidence: 0.10)
  📝 Reason: 5m: MACD bullish; 15m: MACD bullish; 1h: MACD bearish; 4h: RSI oversold (25.9)

[12:25:06] Cycle 1353
  💰 Current Price: $84.68
  🎯 Signal: HOLD (confidence: 0.10)
  📝 Reason: 5m: MACD bullish; 15m: MACD bullish; 1h: MACD bearish; 4h: RSI oversold (25.9)

[12:25:37] Cycle 1354
  💰 Current Price: $84.68
  🎯 Signal: HOLD (confidence: 0.10)
  📝 Reason: 5m: MACD bullish; 15m: MACD bullish; 1h: MACD bearish; 4h: RSI oversold (25.9)

[12:26:08] Cycle 1355
  💰 Current Price: $84.70
  🎯 Signal: HOLD (confidence: 0.10)
  📝 Reason: 5m: MACD bullish; 15m: MACD bullish; 1h: MACD bearish; 4h: RSI oversold (26.0)

[12:26:38] Cycle 1356
  💰 Current Price: $84.70
  🎯 Signal: HOLD (confidence: 0.10)
  📝 Reason: 5m: MACD bullish; 15m: MACD bullish; 1h: MACD bearish; 4h: RSI oversold (26.0)

[12:27:09] Cycle 1357
  💰 Current Price: $84.68
  🎯 Signal: HOLD (confidence: 0.10)
  📝 Reason: 5m: MACD bullish; 15m: MACD bullish; 1h: MACD bearish; 4h: RSI oversold (25.9)

[12:27:40] Cycle 1358
  💰 Current Price: $84.67
  🎯 Signal: HOLD (confidence: 0.10)
  📝 Reason: 5m: MACD bullish; 15m: MACD bullish; 1h: MACD bearish; 4h: RSI oversold (25.8)

[12:28:11] Cycle 1359
  💰 Current Price: $84.67
  🎯 Signal: HOLD (confidence: 0.10)
  📝 Reason: 5m: MACD bullish; 15m: MACD bullish; 1h: MACD bearish; 4h: RSI oversold (25.8)

[12:28:42] Cycle 1360
  💰 Current Price: $84.64
  🎯 Signal: HOLD (confidence: 0.10)
  📝 Reason: 5m: MACD bullish; 15m: MACD bullish; 1h: MACD bearish; 4h: RSI oversold (25.6)

[12:29:12] Cycle 1361
  💰 Current Price: $84.64
  🎯 Signal: HOLD (confidence: 0.10)
  📝 Reason: 5m: MACD bullish; 15m: MACD bullish; 1h: MACD bearish; 4h: RSI oversold (25.6)

[12:29:43] Cycle 1362
  💰 Current Price: $84.64
  🎯 Signal: HOLD (confidence: 0.10)
  📝 Reason: 5m: MACD bullish; 15m: MACD bullish; 1h: MACD bearish; 4h: RSI oversold (25.6)

[12:30:14] Cycle 1363
  💰 Current Price: $84.65
  🎯 Signal: HOLD (confidence: 0.10)
  📝 Reason: 5m: MACD bullish; 15m: MACD bullish; 1h: MACD bearish; 4h: RSI oversold (25.7)

[12:30:44] Cycle 1364
  💰 Current Price: $84.68
  🎯 Signal: HOLD (confidence: 0.10)
  📝 Reason: 5m: MACD bullish; 15m: MACD bullish; 1h: MACD bearish; 4h: RSI oversold (25.9)

[12:31:15] Cycle 1365
  💰 Current Price: $84.66
  🎯 Signal: HOLD (confidence: 0.10)
  📝 Reason: 5m: MACD bullish; 15m: MACD bullish; 1h: MACD bearish; 4h: RSI oversold (25.7)

[12:31:46] Cycle 1366
  💰 Current Price: $84.65
  🎯 Signal: HOLD (confidence: 0.10)
  📝 Reason: 5m: MACD bullish; 15m: MACD bullish; 1h: MACD bearish; 4h: RSI oversold (25.7)

[12:32:17] Cycle 1367
  💰 Current Price: $84.63
  🎯 Signal: HOLD (confidence: 0.10)
  📝 Reason: 5m: MACD bullish; 15m: MACD bullish; 1h: MACD bearish; 4h: RSI oversold (25.6)

[12:32:48] Cycle 1368
  💰 Current Price: $84.63
  🎯 Signal: HOLD (confidence: 0.10)
  📝 Reason: 5m: MACD bullish; 15m: MACD bullish; 1h: MACD bearish; 4h: RSI oversold (25.6)

[12:33:18] Cycle 1369
  💰 Current Price: $84.66
  🎯 Signal: HOLD (confidence: 0.10)
  📝 Reason: 5m: MACD bullish; 15m: MACD bullish; 1h: MACD bearish; 4h: RSI oversold (25.7)

[12:33:49] Cycle 1370
  💰 Current Price: $84.67
  🎯 Signal: HOLD (confidence: 0.10)
  📝 Reason: 5m: MACD bullish; 15m: MACD bullish; 1h: MACD bearish; 4h: RSI oversold (25.8)

[12:34:20] Cycle 1371
  💰 Current Price: $84.66
  🎯 Signal: HOLD (confidence: 0.10)
  📝 Reason: 5m: MACD bullish; 15m: MACD bullish; 1h: MACD bearish; 4h: RSI oversold (25.7)

[12:34:51] Cycle 1372
  💰 Current Price: $84.66
  🎯 Signal: HOLD (confidence: 0.10)
  📝 Reason: 5m: MACD bullish; 15m: MACD bullish; 1h: MACD bearish; 4h: RSI oversold (25.7)

[12:35:22] Cycle 1373
  💰 Current Price: $84.67
  🎯 Signal: HOLD (confidence: 0.10)
  📝 Reason: 5m: MACD bullish; 15m: MACD bullish; 1h: MACD bearish; 4h: RSI oversold (25.8)

[12:35:53] Cycle 1374
  💰 Current Price: $84.66
  🎯 Signal: HOLD (confidence: 0.10)
  📝 Reason: 5m: MACD bullish; 15m: MACD bullish; 1h: MACD bearish; 4h: RSI oversold (25.7)

[12:36:24] Cycle 1375
  💰 Current Price: $84.65
  🎯 Signal: HOLD (confidence: 0.10)
  📝 Reason: 5m: MACD bullish; 15m: MACD bullish; 1h: MACD bearish; 4h: RSI oversold (25.7)

[12:36:54] Cycle 1376
  💰 Current Price: $84.66
  🎯 Signal: HOLD (confidence: 0.10)
  📝 Reason: 5m: MACD bullish; 15m: MACD bullish; 1h: MACD bearish; 4h: RSI oversold (25.7)

[12:37:25] Cycle 1377
  💰 Current Price: $84.66
  🎯 Signal: HOLD (confidence: 0.10)
  📝 Reason: 5m: MACD bullish; 15m: MACD bullish; 1h: MACD bearish; 4h: RSI oversold (25.7)

[12:37:56] Cycle 1378
  💰 Current Price: $84.65
  🎯 Signal: HOLD (confidence: 0.10)
  📝 Reason: 5m: MACD bullish; 15m: MACD bullish; 1h: MACD bearish; 4h: RSI oversold (25.7)

[12:38:27] Cycle 1379
  💰 Current Price: $84.64
  🎯 Signal: HOLD (confidence: 0.10)
  📝 Reason: 5m: MACD bullish; 15m: MACD bullish; 1h: MACD bearish; 4h: RSI oversold (25.6)

[12:38:57] Cycle 1380
  💰 Current Price: $84.61
  🎯 Signal: HOLD (confidence: 0.10)
  📝 Reason: 5m: MACD bullish; 15m: MACD bullish; 1h: MACD bearish; 4h: RSI oversold (25.6)

[12:39:28] Cycle 1381
  💰 Current Price: $84.61
  🎯 Signal: HOLD (confidence: 0.10)
  📝 Reason: 5m: MACD bullish; 15m: MACD bullish; 1h: MACD bearish; 4h: RSI oversold (25.6)

[12:39:59] Cycle 1382
  💰 Current Price: $84.64
  🎯 Signal: HOLD (confidence: 0.10)
  📝 Reason: 5m: MACD bullish; 15m: MACD bullish; 1h: MACD bearish; 4h: RSI oversold (25.6)

[12:40:29] Cycle 1383
  💰 Current Price: $84.64
  🎯 Signal: HOLD (confidence: 0.00)
  📝 Reason: 5m: MACD bearish; 15m: MACD bullish; 1h: MACD bearish; 4h: RSI oversold (25.6)

[12:41:00] Cycle 1384
  💰 Current Price: $84.64
  🎯 Signal: HOLD (confidence: 0.00)
  📝 Reason: 5m: MACD bearish; 15m: MACD bullish; 1h: MACD bearish; 4h: RSI oversold (25.6)

[12:41:31] Cycle 1385
  💰 Current Price: $84.63
  🎯 Signal: HOLD (confidence: 0.00)
  📝 Reason: 5m: MACD bearish; 15m: MACD bullish; 1h: MACD bearish; 4h: RSI oversold (25.6)

[12:42:01] Cycle 1386
  💰 Current Price: $84.59
  🎯 Signal: HOLD (confidence: 0.00)
  📝 Reason: 5m: MACD bearish; 15m: MACD bullish; 1h: MACD bearish; 4h: RSI oversold (25.5)

[12:42:32] Cycle 1387
  💰 Current Price: $84.55
  🎯 Signal: HOLD (confidence: 0.00)
  📝 Reason: 5m: MACD bearish; 15m: MACD bullish; 1h: MACD bearish; 4h: RSI oversold (25.4)

[12:43:03] Cycle 1388
  💰 Current Price: $84.53
  🎯 Signal: HOLD (confidence: 0.00)
  📝 Reason: 5m: MACD bearish; 15m: MACD bullish; 1h: MACD bearish; 4h: RSI oversold (25.4)

[12:43:34] Cycle 1389
  💰 Current Price: $84.50
  🎯 Signal: HOLD (confidence: 0.00)
  📝 Reason: 5m: MACD bearish; 15m: MACD bullish; 1h: MACD bearish; 4h: RSI oversold (25.3)

[12:44:05] Cycle 1390
  💰 Current Price: $84.47
  🎯 Signal: HOLD (confidence: 0.00)
  📝 Reason: 5m: MACD bearish; 15m: MACD bullish; 1h: MACD bearish; 4h: RSI oversold (25.3)

[12:44:35] Cycle 1391
  💰 Current Price: $84.47
  🎯 Signal: HOLD (confidence: 0.00)
  📝 Reason: 5m: MACD bearish; 15m: MACD bullish; 1h: MACD bearish; 4h: RSI oversold (25.3)

[12:45:06] Cycle 1392
  💰 Current Price: $84.46
  🎯 Signal: HOLD (confidence: 0.00)
  📝 Reason: 5m: MACD bearish; 15m: MACD bullish; 1h: MACD bearish; 4h: RSI oversold (25.2)

[12:45:37] Cycle 1393
  💰 Current Price: $84.47
  🎯 Signal: HOLD (confidence: 0.00)
  📝 Reason: 5m: MACD bearish; 15m: MACD bullish; 1h: MACD bearish; 4h: RSI oversold (25.3)

[12:46:08] Cycle 1394
  💰 Current Price: $84.49
  🎯 Signal: HOLD (confidence: 0.00)
  📝 Reason: 5m: MACD bearish; 15m: MACD bullish; 1h: MACD bearish; 4h: RSI oversold (25.3)

[12:46:38] Cycle 1395
  💰 Current Price: $84.49
  🎯 Signal: HOLD (confidence: 0.00)
  📝 Reason: 5m: MACD bearish; 15m: MACD bullish; 1h: MACD bearish; 4h: RSI oversold (25.3)

[12:47:09] Cycle 1396
  💰 Current Price: $84.49
  🎯 Signal: HOLD (confidence: 0.00)
  📝 Reason: 5m: MACD bullish; 15m: MACD bullish; 1h: MACD bearish; 4h: RSI oversold (25.9)

[12:27:40] Cycle 1350
  💰 Current Price: $84.67
  🎯 Signal: HOLD (confidence: 0.10)
  📝 Reason: 5m: MACD bullish; 15m: MACD bullish; 1h: MACD bearish; 4h: RSI oversold (25.8)

[12:28:11] Cycle 1351
  💰 Current Price: $84.67
  🎯 Signal: HOLD (confidence: 0.10)
  📝 Reason: 5m: MACD bullish; 15m: MACD bullish; 1h: MACD bearish; 4h: RSI oversold (25.8)

[12:28:42] Cycle 1352
  💰 Current Price: $84.64
  🎯 Signal: HOLD (confidence: 0.10)
  📝 Reason: 5m: MACD bullish; 15m: MACD bullish; 1h: MACD bearish; 4h: RSI oversold (25.6)

[12:29:12] Cycle 1353
  💰 Current Price: $84.64
  🎯 Signal: HOLD (confidence: 0.10)
  📝 Reason: 5m: MACD bullish; 15m: MACD bullish; 1h: MACD bearish; 4h: RSI oversold (25.6)

[12:29:43] Cycle 1354
  💰 Current Price: $84.64
  🎯 Signal: HOLD (confidence: 0.10)
  📝 Reason: 5m: MACD bullish; 15m: MACD bullish; 1h: MACD bearish; 4h: RSI oversold (25.6)

[12:30:14] Cycle 1355
  💰 Current Price: $84.65
  🎯 Signal: HOLD (confidence: 0.10)
  📝 Reason: 5m: MACD bullish; 15m: MACD bullish; 1h: MACD bearish; 4h: RSI oversold (25.7)

[12:30:44] Cycle 1356
  💰 Current Price: $84.68
  🎯 Signal: HOLD (confidence: 0.10)
  📝 Reason: 5m: MACD bullish; 15m: MACD bullish; 1h: MACD bearish; 4h: RSI oversold (25.9)

[12:31:15] Cycle 1357
  💰 Current Price: $84.66
  🎯 Signal: HOLD (confidence: 0.10)
  📝 Reason: 5m: MACD bullish; 15m: MACD bullish; 1h: MACD bearish; 4h: RSI oversold (25.7)

[12:31:46] Cycle 1358
  💰 Current Price: $84.65
  🎯 Signal: HOLD (confidence: 0.10)
  📝 Reason: 5m: MACD bullish; 15m: MACD bullish; 1h: MACD bearish; 4h: RSI oversold (25.7)

[12:32:17] Cycle 1359
  💰 Current Price: $84.63
  🎯 Signal: HOLD (confidence: 0.10)
  📝 Reason: 5m: MACD bullish; 15m: MACD bullish; 1h: MACD bearish; 4h: RSI oversold (25.6)

[12:32:48] Cycle 1360
  💰 Current Price: $84.63
  🎯 Signal: HOLD (confidence: 0.10)
  📝 Reason: 5m: MACD bullish; 15m: MACD bullish; 1h: MACD bearish; 4h: RSI oversold (25.6)

[12:33:18] Cycle 1361
  💰 Current Price: $84.66
  🎯 Signal: HOLD (confidence: 0.10)
  📝 Reason: 5m: MACD bullish; 15m: MACD bullish; 1h: MACD bearish; 4h: RSI oversold (25.7)

[12:33:49] Cycle 1362
  💰 Current Price: $84.67
  🎯 Signal: HOLD (confidence: 0.10)
  📝 Reason: 5m: MACD bullish; 15m: MACD bullish; 1h: MACD bearish; 4h: RSI oversold (25.8)

[12:34:20] Cycle 1363
  💰 Current Price: $84.66
  🎯 Signal: HOLD (confidence: 0.10)
  📝 Reason: 5m: MACD bullish; 15m: MACD bullish; 1h: MACD bearish; 4h: RSI oversold (25.7)

[12:34:51] Cycle 1364
  💰 Current Price: $84.66
  🎯 Signal: HOLD (confidence: 0.10)
  📝 Reason: 5m: MACD bullish; 15m: MACD bullish; 1h: MACD bearish; 4h: RSI oversold (25.7)

[12:35:22] Cycle 1365
  💰 Current Price: $84.67
  🎯 Signal: HOLD (confidence: 0.10)
  📝 Reason: 5m: MACD bullish; 15m: MACD bullish; 1h: MACD bearish; 4h: RSI oversold (25.8)

[12:35:53] Cycle 1366
  💰 Current Price: $84.66
  🎯 Signal: HOLD (confidence: 0.10)
  📝 Reason: 5m: MACD bullish; 15m: MACD bullish; 1h: MACD bearish; 4h: RSI oversold (25.7)

[12:36:23] Cycle 1367
  💰 Current Price: $84.65
  🎯 Signal: HOLD (confidence: 0.10)
  📝 Reason: 5m: MACD bullish; 15m: MACD bullish; 1h: MACD bearish; 4h: RSI oversold (25.7)

[12:36:54] Cycle 1368
  💰 Current Price: $84.66
  🎯 Signal: HOLD (confidence: 0.10)
  📝 Reason: 5m: MACD bullish; 15m: MACD bullish; 1h: MACD bearish; 4h: RSI oversold (25.7)

[12:37:25] Cycle 1369
  💰 Current Price: $84.66
  🎯 Signal: HOLD (confidence: 0.10)
  📝 Reason: 5m: MACD bullish; 15m: MACD bullish; 1h: MACD bearish; 4h: RSI oversold (25.7)

[12:37:56] Cycle 1370
  💰 Current Price: $84.65
  🎯 Signal: HOLD (confidence: 0.10)
  📝 Reason: 5m: MACD bullish; 15m: MACD bullish; 1h: MACD bearish; 4h: RSI oversold (25.7)

[12:38:27] Cycle 1371
  💰 Current Price: $84.64
  🎯 Signal: HOLD (confidence: 0.10)
  📝 Reason: 5m: MACD bullish; 15m: MACD bullish; 1h: MACD bearish; 4h: RSI oversold (25.6)

[12:38:57] Cycle 1372
  💰 Current Price: $84.61
  🎯 Signal: HOLD (confidence: 0.10)
  📝 Reason: 5m: MACD bullish; 15m: MACD bullish; 1h: MACD bearish; 4h: RSI oversold (25.6)

[12:39:28] Cycle 1373
  💰 Current Price: $84.61
  🎯 Signal: HOLD (confidence: 0.10)
  📝 Reason: 5m: MACD bullish; 15m: MACD bullish; 1h: MACD bearish; 4h: RSI oversold (25.6)

[12:39:59] Cycle 1374
  💰 Current Price: $84.64
  🎯 Signal: HOLD (confidence: 0.10)
  📝 Reason: 5m: MACD bullish; 15m: MACD bullish; 1h: MACD bearish; 4h: RSI oversold (25.6)

[12:40:29] Cycle 1375
  💰 Current Price: $84.64
  🎯 Signal: HOLD (confidence: 0.00)
  📝 Reason: 5m: MACD bearish; 15m: MACD bullish; 1h: MACD bearish; 4h: RSI oversold (25.6)

[12:41:00] Cycle 1376
  💰 Current Price: $84.64
  🎯 Signal: HOLD (confidence: 0.00)
  📝 Reason: 5m: MACD bearish; 15m: MACD bullish; 1h: MACD bearish; 4h: RSI oversold (25.6)

[12:41:31] Cycle 1377
  💰 Current Price: $84.63
  🎯 Signal: HOLD (confidence: 0.00)
  📝 Reason: 5m: MACD bearish; 15m: MACD bullish; 1h: MACD bearish; 4h: RSI oversold (25.6)

[12:42:01] Cycle 1378
  💰 Current Price: $84.59
  🎯 Signal: HOLD (confidence: 0.00)
  📝 Reason: 5m: MACD bearish; 15m: MACD bullish; 1h: MACD bearish; 4h: RSI oversold (25.5)

[12:42:32] Cycle 1379
  💰 Current Price: $84.55
  🎯 Signal: HOLD (confidence: 0.00)
  📝 Reason: 5m: MACD bearish; 15m: MACD bullish; 1h: MACD bearish; 4h: RSI oversold (25.4)

[12:43:03] Cycle 1380
  💰 Current Price: $84.53
  🎯 Signal: HOLD (confidence: 0.00)
  📝 Reason: 5m: MACD bearish; 15m: MACD bullish; 1h: MACD bearish; 4h: RSI oversold (25.4)

[12:43:34] Cycle 1381
  💰 Current Price: $84.50
  🎯 Signal: HOLD (confidence: 0.00)
  📝 Reason: 5m: MACD bearish; 15m: MACD bullish; 1h: MACD bearish; 4h: RSI oversold (25.3)

[12:44:05] Cycle 1382
  💰 Current Price: $84.47
  🎯 Signal: HOLD (confidence: 0.00)
  📝 Reason: 5m: MACD bearish; 15m: MACD bullish; 1h: MACD bearish; 4h: RSI oversold (25.3)

[12:44:35] Cycle 1383
  💰 Current Price: $84.47
  🎯 Signal: HOLD (confidence: 0.00)
  📝 Reason: 5m: MACD bearish; 15m: MACD bullish; 1h: MACD bearish; 4h: RSI oversold (25.3)

[12:45:06] Cycle 1384
  💰 Current Price: $84.46
  🎯 Signal: HOLD (confidence: 0.00)
  📝 Reason: 5m: MACD bearish; 15m: MACD bullish; 1h: MACD bearish; 4h: RSI oversold (25.2)

[12:45:37] Cycle 1385
  💰 Current Price: $84.47
  🎯 Signal: HOLD (confidence: 0.00)
  📝 Reason: 5m: MACD bearish; 15m: MACD bullish; 1h: MACD bearish; 4h: RSI oversold (25.3)

[12:46:08] Cycle 1386
  💰 Current Price: $84.49
  🎯 Signal: HOLD (confidence: 0.00)
  📝 Reason: 5m: MACD bearish; 15m: MACD bullish; 1h: MACD bearish; 4h: RSI oversold (25.3)

[12:46:38] Cycle 1387
  💰 Current Price: $84.49
  🎯 Signal: HOLD (confidence: 0.00)
  📝 Reason: 5m: MACD bearish; 15m: MACD bullish; 1h: MACD bearish; 4h: RSI oversold (25.3)

[12:47:09] Cycle 1388
  💰 Current Price: $84.49
  🎯 Signal: HOLD (confidence: 0.00)
  📝 Reason: 5m: MACD bearish; 15m: MACD bullish; 1h: MACD bearish; 4h: RSI oversold (25.3)

[12:47:40] Cycle 1389
  💰 Current Price: $84.38
  🎯 Signal: HOLD (confidence: 0.00)
  📝 Reason: 5m: MACD bearish; 15m: MACD bullish; 1h: MACD bearish; 4h: RSI oversold (25.0)

[12:48:11] Cycle 1390
  💰 Current Price: $84.32
  🎯 Signal: HOLD (confidence: 0.00)
  📝 Reason: 5m: MACD bearish; 15m: MACD bullish; 1h: MACD bearish; 4h: RSI oversold (25.0)

[12:48:41] Cycle 1391
  💰 Current Price: $84.37
  🎯 Signal: HOLD (confidence: 0.00)
  📝 Reason: 5m: MACD bearish; 15m: MACD bullish; 1h: MACD bearish; 4h: RSI oversold (25.0)

[12:49:12] Cycle 1392
  💰 Current Price: $84.30
  🎯 Signal: HOLD (confidence: 0.10)
  📝 Reason: 5m: RSI oversold (29.3); 5m: MACD bearish; 15m: MACD bullish; 1h: MACD bearish

[12:49:43] Cycle 1393
  💰 Current Price: $84.30
  🎯 Signal: HOLD (confidence: 0.10)
  📝 Reason: 5m: MACD bearish; 15m: MACD bullish; 1h: MACD bearish; 4h: RSI oversold (25.3)

[12:47:40] Cycle 1397
  💰 Current Price: $84.38
  🎯 Signal: HOLD (confidence: 0.00)
  📝 Reason: 5m: MACD bearish; 15m: MACD bullish; 1h: MACD bearish; 4h: RSI oversold (25.0)

[12:48:11] Cycle 1398
  💰 Current Price: $84.32
  🎯 Signal: HOLD (confidence: 0.00)
  📝 Reason: 5m: MACD bearish; 15m: MACD bullish; 1h: MACD bearish; 4h: RSI oversold (25.0)

[12:48:41] Cycle 1399
  💰 Current Price: $84.37
  🎯 Signal: HOLD (confidence: 0.00)
  📝 Reason: 5m: MACD bearish; 15m: MACD bullish; 1h: MACD bearish; 4h: RSI oversold (25.0)

[12:49:12] Cycle 1400
  💰 Current Price: $84.30
  🎯 Signal: HOLD (confidence: 0.10)
  📝 Reason: 5m: RSI oversold (29.3); 5m: MACD bearish; 15m: MACD bullish; 1h: MACD bearish

[12:49:43] Cycle 1401
  💰 Current Price: $84.30
  🎯 Signal: HOLD (confidence: 0.10)
  📝 Reason: 5m: RSI oversold (29.8); 5m: MACD bearish; 15m: MACD bullish; 1h: MACD bearish

[12:50:14] Cycle 1402
  💰 Current Price: $84.32
  🎯 Signal: HOLD (confidence: 0.10)
  📝 Reason: 5m: RSI oversold (27.3); 5m: MACD bearish; 15m: MACD bullish; 1h: MACD bearish

[12:50:45] Cycle 1403
  💰 Current Price: $84.32
  🎯 Signal: HOLD (confidence: 0.10)
  📝 Reason: 5m: RSI oversold (27.3); 5m: MACD bearish; 15m: MACD bullish; 1h: MACD bearish

[12:51:15] Cycle 1404
  💰 Current Price: $84.38
  🎯 Signal: HOLD (confidence: 0.00)
  📝 Reason: 5m: MACD bearish; 15m: MACD bullish; 1h: MACD bearish; 4h: RSI oversold (25.1)

[12:51:46] Cycle 1405
  💰 Current Price: $84.36
  🎯 Signal: HOLD (confidence: 0.10)
  📝 Reason: 5m: RSI oversold (29.8); 5m: MACD bearish; 15m: MACD bullish; 1h: MACD bearish

[12:52:17] Cycle 1406
  💰 Current Price: $84.38
  🎯 Signal: HOLD (confidence: 0.00)
  📝 Reason: 5m: MACD bearish; 15m: MACD bullish; 1h: MACD bearish; 4h: RSI oversold (25.1)

[12:52:48] Cycle 1407
  💰 Current Price: $84.39
  🎯 Signal: HOLD (confidence: 0.00)
  📝 Reason: 5m: MACD bearish; 15m: MACD bullish; 1h: MACD bearish; 4h: RSI oversold (25.1)

[12:53:19] Cycle 1408
  💰 Current Price: $84.40
  🎯 Signal: HOLD (confidence: 0.00)
  📝 Reason: 5m: MACD bearish; 15m: MACD bullish; 1h: MACD bearish; 4h: RSI oversold (25.1)

[12:53:49] Cycle 1409
  💰 Current Price: $84.40
  🎯 Signal: HOLD (confidence: 0.00)
  📝 Reason: 5m: MACD bearish; 15m: MACD bullish; 1h: MACD bearish; 4h: RSI oversold (25.0)

[12:54:20] Cycle 1410
  💰 Current Price: $84.35
  🎯 Signal: HOLD (confidence: 0.10)
  📝 Reason: 5m: RSI oversold (29.2); 5m: MACD bearish; 15m: MACD bullish; 1h: MACD bearish

[12:54:51] Cycle 1411
  💰 Current Price: $84.35
  🎯 Signal: HOLD (confidence: 0.10)
  📝 Reason: 5m: RSI oversold (29.8); 5m: MACD bearish; 15m: MACD bullish; 1h: MACD bearish

[12:55:22] Cycle 1412
  💰 Current Price: $84.36
  🎯 Signal: HOLD (confidence: 0.00)
  📝 Reason: 5m: MACD bearish; 15m: MACD bullish; 1h: MACD bearish; 4h: RSI oversold (25.0)

[12:55:53] Cycle 1413
  💰 Current Price: $84.32
  🎯 Signal: HOLD (confidence: 0.00)
  📝 Reason: 5m: MACD bearish; 15m: MACD bullish; 1h: MACD bearish; 4h: RSI oversold (24.9)

[12:56:23] Cycle 1414
  💰 Current Price: $84.31
  🎯 Signal: HOLD (confidence: 0.00)
  📝 Reason: 5m: MACD bearish; 15m: MACD bullish; 1h: MACD bearish; 4h: RSI oversold (24.9)

[12:56:54] Cycle 1415
  💰 Current Price: $84.32
  🎯 Signal: HOLD (confidence: 0.00)
  📝 Reason: 5m: MACD bearish; 15m: MACD bullish; 1h: MACD bearish; 4h: RSI oversold (24.9)

[12:57:25] Cycle 1416
  💰 Current Price: $84.31
  🎯 Signal: HOLD (confidence: 0.00)
  📝 Reason: 5m: MACD bearish; 15m: MACD bullish; 1h: MACD bearish; 4h: RSI oversold (24.9)

[12:57:56] Cycle 1417
  💰 Current Price: $84.31
  🎯 Signal: HOLD (confidence: 0.00)
  📝 Reason: 5m: MACD bearish; 15m: MACD bullish; 1h: MACD bearish; 4h: RSI oversold (24.9)

[12:58:26] Cycle 1418
  💰 Current Price: $84.32
  🎯 Signal: HOLD (confidence: 0.00)
  📝 Reason: 5m: MACD bearish; 15m: MACD bullish; 1h: MACD bearish; 4h: RSI oversold (24.9)

[12:58:57] Cycle 1419
  💰 Current Price: $84.31
  🎯 Signal: HOLD (confidence: 0.00)
  📝 Reason: 5m: MACD bearish; 15m: MACD bullish; 1h: MACD bearish; 4h: RSI oversold (24.9)

[12:59:28] Cycle 1420
  💰 Current Price: $84.30
  🎯 Signal: HOLD (confidence: 0.00)
  📝 Reason: 5m: MACD bearish; 15m: MACD bullish; 1h: MACD bearish; 4h: RSI oversold (24.9)

[12:59:59] Cycle 1421
  💰 Current Price: $84.29
  🎯 Signal: HOLD (confidence: 0.00)
  📝 Reason: 5m: MACD bearish; 15m: MACD bullish; 1h: MACD bearish; 4h: RSI oversold (24.9)

[13:00:30] Cycle 1422
  💰 Current Price: $84.33
  🎯 Signal: HOLD (confidence: 0.00)
  📝 Reason: 5m: MACD bearish; 15m: MACD bullish; 1h: MACD bearish; 4h: RSI oversold (24.9)

[13:01:01] Cycle 1423
  💰 Current Price: $84.32
  🎯 Signal: HOLD (confidence: 0.10)
  📝 Reason: 5m: RSI oversold (29.7); 5m: MACD bearish; 15m: MACD bullish; 1h: MACD bearish

[13:01:31] Cycle 1424
  💰 Current Price: $84.40
  🎯 Signal: HOLD (confidence: 0.00)
  📝 Reason: 5m: MACD bearish; 15m: MACD bullish; 1h: MACD bearish; 4h: RSI oversold (25.1)

[13:02:02] Cycle 1425
  💰 Current Price: $84.40
  🎯 Signal: HOLD (confidence: 0.00)
  📝 Reason: 5m: MACD bearish; 15m: MACD bullish; 1h: MACD bearish; 4h: RSI oversold (25.1)

[13:02:33] Cycle 1426
  💰 Current Price: $84.37
  🎯 Signal: HOLD (confidence: 0.00)
  📝 Reason: 5m: MACD bearish; 15m: MACD bullish; 1h: MACD bearish; 4h: RSI oversold (25.1)

[13:03:03] Cycle 1427
  💰 Current Price: $84.39
  🎯 Signal: HOLD (confidence: 0.00)
  📝 Reason: 5m: MACD bearish; 15m: MACD bullish; 1h: MACD bearish; 4h: RSI oversold (25.1)

[13:03:34] Cycle 1428
  💰 Current Price: $84.46
  🎯 Signal: HOLD (confidence: 0.00)
  📝 Reason: 5m: MACD bearish; 15m: MACD bullish; 1h: MACD bearish; 4h: RSI oversold (25.2)

[13:04:05] Cycle 1429
  💰 Current Price: $84.43
  🎯 Signal: HOLD (confidence: 0.00)
  📝 Reason: 5m: MACD bearish; 15m: MACD bullish; 1h: MACD bearish; 4h: RSI oversold (25.1)

[13:04:36] Cycle 1430
  💰 Current Price: $84.47
  🎯 Signal: HOLD (confidence: 0.00)
  📝 Reason: 5m: MACD bearish; 15m: MACD bullish; 1h: MACD bearish; 4h: RSI oversold (25.3)

[13:05:06] Cycle 1431
  💰 Current Price: $84.47
  🎯 Signal: HOLD (confidence: 0.00)
  📝 Reason: 5m: MACD bearish; 15m: MACD bullish; 1h: MACD bearish; 4h: RSI oversold (25.3)

[13:05:37] Cycle 1432
  💰 Current Price: $84.45
  🎯 Signal: HOLD (confidence: 0.00)
  📝 Reason: 5m: MACD bearish; 15m: MACD bullish; 1h: MACD bearish; 4h: RSI oversold (25.2)

[13:06:08] Cycle 1433
  💰 Current Price: $84.47
  🎯 Signal: HOLD (confidence: 0.00)
  📝 Reason: 5m: MACD bearish; 15m: MACD bullish; 1h: MACD bearish; 4h: RSI oversold (25.3)

[13:06:39] Cycle 1434
  💰 Current Price: $84.38
  🎯 Signal: HOLD (confidence: 0.00)
  📝 Reason: 5m: MACD bearish; 15m: MACD bullish; 1h: MACD bearish; 4h: RSI oversold (25.1)

[13:07:10] Cycle 1435
  💰 Current Price: $84.35
  🎯 Signal: HOLD (confidence: 0.00)
  📝 Reason: 5m: MACD bearish; 15m: MACD bullish; 1h: MACD bearish; 4h: RSI oversold (25.0)

[13:07:40] Cycle 1436
  💰 Current Price: $84.34
  🎯 Signal: HOLD (confidence: 0.00)
  📝 Reason: 5m: MACD bearish; 15m: MACD bullish; 1h: MACD bearish; 4h: RSI oversold (25.0)

[13:08:11] Cycle 1437
  💰 Current Price: $84.34
  🎯 Signal: HOLD (confidence: 0.00)
  📝 Reason: 5m: MACD bearish; 15m: MACD bullish; 1h: MACD bearish; 4h: RSI oversold (25.0)

[13:08:42] Cycle 1438
  💰 Current Price: $84.34
  🎯 Signal: HOLD (confidence: 0.00)
  📝 Reason: 5m: MACD bearish; 15m: MACD bullish; 1h: MACD bearish; 4h: RSI oversold (25.0)

[13:09:12] Cycle 1439
  💰 Current Price: $84.34
  🎯 Signal: HOLD (confidence: 0.00)
  📝 Reason: 5m: MACD bearish; 15m: MACD bullish; 1h: MACD bearish; 4h: RSI oversold (25.0)

[13:09:43] Cycle 1440
  💰 Current Price: $84.44
  🎯 Signal: HOLD (confidence: 0.00)
  📝 Reason: 5m: RSI oversold (29.8); 5m: MACD bearish; 15m: MACD bullish; 1h: MACD bearish

[12:50:14] Cycle 1394
  💰 Current Price: $84.32
  🎯 Signal: HOLD (confidence: 0.10)
  📝 Reason: 5m: RSI oversold (27.3); 5m: MACD bearish; 15m: MACD bullish; 1h: MACD bearish

[12:50:45] Cycle 1395
  💰 Current Price: $84.32
  🎯 Signal: HOLD (confidence: 0.10)
  📝 Reason: 5m: RSI oversold (27.3); 5m: MACD bearish; 15m: MACD bullish; 1h: MACD bearish

[12:51:15] Cycle 1396
  💰 Current Price: $84.38
  🎯 Signal: HOLD (confidence: 0.00)
  📝 Reason: 5m: MACD bearish; 15m: MACD bullish; 1h: MACD bearish; 4h: RSI oversold (25.1)

[12:51:46] Cycle 1397
  💰 Current Price: $84.36
  🎯 Signal: HOLD (confidence: 0.10)
  📝 Reason: 5m: RSI oversold (29.8); 5m: MACD bearish; 15m: MACD bullish; 1h: MACD bearish

[12:52:17] Cycle 1398
  💰 Current Price: $84.38
  🎯 Signal: HOLD (confidence: 0.00)
  📝 Reason: 5m: MACD bearish; 15m: MACD bullish; 1h: MACD bearish; 4h: RSI oversold (25.1)

[12:52:48] Cycle 1399
  💰 Current Price: $84.39
  🎯 Signal: HOLD (confidence: 0.00)
  📝 Reason: 5m: MACD bearish; 15m: MACD bullish; 1h: MACD bearish; 4h: RSI oversold (25.1)

[12:53:19] Cycle 1400
  💰 Current Price: $84.40
  🎯 Signal: HOLD (confidence: 0.00)
  📝 Reason: 5m: MACD bearish; 15m: MACD bullish; 1h: MACD bearish; 4h: RSI oversold (25.1)

[12:53:49] Cycle 1401
  💰 Current Price: $84.40
  🎯 Signal: HOLD (confidence: 0.00)
  📝 Reason: 5m: MACD bearish; 15m: MACD bullish; 1h: MACD bearish; 4h: RSI oversold (25.0)

[12:54:20] Cycle 1402
  💰 Current Price: $84.35
  🎯 Signal: HOLD (confidence: 0.10)
  📝 Reason: 5m: RSI oversold (29.2); 5m: MACD bearish; 15m: MACD bullish; 1h: MACD bearish

[12:54:51] Cycle 1403
  💰 Current Price: $84.35
  🎯 Signal: HOLD (confidence: 0.10)
  📝 Reason: 5m: RSI oversold (29.8); 5m: MACD bearish; 15m: MACD bullish; 1h: MACD bearish

[12:55:22] Cycle 1404
  💰 Current Price: $84.36
  🎯 Signal: HOLD (confidence: 0.00)
  📝 Reason: 5m: MACD bearish; 15m: MACD bullish; 1h: MACD bearish; 4h: RSI oversold (25.0)

[12:55:52] Cycle 1405
  💰 Current Price: $84.32
  🎯 Signal: HOLD (confidence: 0.00)
  📝 Reason: 5m: MACD bearish; 15m: MACD bullish; 1h: MACD bearish; 4h: RSI oversold (24.9)

[12:56:23] Cycle 1406
  💰 Current Price: $84.31
  🎯 Signal: HOLD (confidence: 0.00)
  📝 Reason: 5m: MACD bearish; 15m: MACD bullish; 1h: MACD bearish; 4h: RSI oversold (24.9)

[12:56:54] Cycle 1407
  💰 Current Price: $84.32
  🎯 Signal: HOLD (confidence: 0.00)
  📝 Reason: 5m: MACD bearish; 15m: MACD bullish; 1h: MACD bearish; 4h: RSI oversold (24.9)

[12:57:25] Cycle 1408
  💰 Current Price: $84.31
  🎯 Signal: HOLD (confidence: 0.00)
  📝 Reason: 5m: MACD bearish; 15m: MACD bullish; 1h: MACD bearish; 4h: RSI oversold (24.9)

[12:57:56] Cycle 1409
  💰 Current Price: $84.31
  🎯 Signal: HOLD (confidence: 0.00)
  📝 Reason: 5m: MACD bearish; 15m: MACD bullish; 1h: MACD bearish; 4h: RSI oversold (24.9)

[12:58:26] Cycle 1410
  💰 Current Price: $84.32
  🎯 Signal: HOLD (confidence: 0.00)
  📝 Reason: 5m: MACD bearish; 15m: MACD bullish; 1h: MACD bearish; 4h: RSI oversold (24.9)

[12:58:57] Cycle 1411
  💰 Current Price: $84.31
  🎯 Signal: HOLD (confidence: 0.00)
  📝 Reason: 5m: MACD bearish; 15m: MACD bullish; 1h: MACD bearish; 4h: RSI oversold (24.9)

[12:59:28] Cycle 1412
  💰 Current Price: $84.30
  🎯 Signal: HOLD (confidence: 0.00)
  📝 Reason: 5m: MACD bearish; 15m: MACD bullish; 1h: MACD bearish; 4h: RSI oversold (24.9)

[12:59:59] Cycle 1413
  💰 Current Price: $84.29
  🎯 Signal: HOLD (confidence: 0.00)
  📝 Reason: 5m: MACD bearish; 15m: MACD bullish; 1h: MACD bearish; 4h: RSI oversold (24.9)

[13:00:30] Cycle 1414
  💰 Current Price: $84.33
  🎯 Signal: HOLD (confidence: 0.00)
  📝 Reason: 5m: MACD bearish; 15m: MACD bullish; 1h: MACD bearish; 4h: RSI oversold (24.9)

[13:01:01] Cycle 1415
  💰 Current Price: $84.32
  🎯 Signal: HOLD (confidence: 0.10)
  📝 Reason: 5m: RSI oversold (29.7); 5m: MACD bearish; 15m: MACD bullish; 1h: MACD bearish

[13:01:31] Cycle 1416
  💰 Current Price: $84.40
  🎯 Signal: HOLD (confidence: 0.00)
  📝 Reason: 5m: MACD bearish; 15m: MACD bullish; 1h: MACD bearish; 4h: RSI oversold (25.1)

[13:02:02] Cycle 1417
  💰 Current Price: $84.40
  🎯 Signal: HOLD (confidence: 0.00)
  📝 Reason: 5m: MACD bearish; 15m: MACD bullish; 1h: MACD bearish; 4h: RSI oversold (25.1)

[13:02:33] Cycle 1418
  💰 Current Price: $84.37
  🎯 Signal: HOLD (confidence: 0.00)
  📝 Reason: 5m: MACD bearish; 15m: MACD bullish; 1h: MACD bearish; 4h: RSI oversold (25.1)

[13:03:03] Cycle 1419
  💰 Current Price: $84.39
  🎯 Signal: HOLD (confidence: 0.00)
  📝 Reason: 5m: MACD bearish; 15m: MACD bullish; 1h: MACD bearish; 4h: RSI oversold (25.1)

[13:03:34] Cycle 1420
  💰 Current Price: $84.46
  🎯 Signal: HOLD (confidence: 0.00)
  📝 Reason: 5m: MACD bearish; 15m: MACD bullish; 1h: MACD bearish; 4h: RSI oversold (25.2)

[13:04:05] Cycle 1421
  💰 Current Price: $84.43
  🎯 Signal: HOLD (confidence: 0.00)
  📝 Reason: 5m: MACD bearish; 15m: MACD bullish; 1h: MACD bearish; 4h: RSI oversold (25.1)

[13:04:36] Cycle 1422
  💰 Current Price: $84.47
  🎯 Signal: HOLD (confidence: 0.00)
  📝 Reason: 5m: MACD bearish; 15m: MACD bullish; 1h: MACD bearish; 4h: RSI oversold (25.3)

[13:05:06] Cycle 1423
  💰 Current Price: $84.47
  🎯 Signal: HOLD (confidence: 0.00)
  📝 Reason: 5m: MACD bearish; 15m: MACD bullish; 1h: MACD bearish; 4h: RSI oversold (25.3)

[13:05:37] Cycle 1424
  💰 Current Price: $84.45
  🎯 Signal: HOLD (confidence: 0.00)
  📝 Reason: 5m: MACD bearish; 15m: MACD bullish; 1h: MACD bearish; 4h: RSI oversold (25.2)

[13:06:08] Cycle 1425
  💰 Current Price: $84.47
  🎯 Signal: HOLD (confidence: 0.00)
  📝 Reason: 5m: MACD bearish; 15m: MACD bullish; 1h: MACD bearish; 4h: RSI oversold (25.3)

[13:06:39] Cycle 1426
  💰 Current Price: $84.38
  🎯 Signal: HOLD (confidence: 0.00)
  📝 Reason: 5m: MACD bearish; 15m: MACD bullish; 1h: MACD bearish; 4h: RSI oversold (25.1)

[13:07:10] Cycle 1427
  💰 Current Price: $84.35
  🎯 Signal: HOLD (confidence: 0.00)
  📝 Reason: 5m: MACD bearish; 15m: MACD bullish; 1h: MACD bearish; 4h: RSI oversold (25.0)

[13:07:40] Cycle 1428
  💰 Current Price: $84.34
  🎯 Signal: HOLD (confidence: 0.00)
  📝 Reason: 5m: MACD bearish; 15m: MACD bullish; 1h: MACD bearish; 4h: RSI oversold (25.0)

[13:08:11] Cycle 1429
  💰 Current Price: $84.34
  🎯 Signal: HOLD (confidence: 0.00)
  📝 Reason: 5m: MACD bearish; 15m: MACD bullish; 1h: MACD bearish; 4h: RSI oversold (25.0)

[13:08:42] Cycle 1430
  💰 Current Price: $84.34
  🎯 Signal: HOLD (confidence: 0.00)
  📝 Reason: 5m: MACD bearish; 15m: MACD bullish; 1h: MACD bearish; 4h: RSI oversold (25.0)

[13:09:12] Cycle 1431
  💰 Current Price: $84.34
  🎯 Signal: HOLD (confidence: 0.00)
  📝 Reason: 5m: MACD bearish; 15m: MACD bullish; 1h: MACD bearish; 4h: RSI oversold (25.0)

[13:09:43] Cycle 1432
  💰 Current Price: $84.44
  🎯 Signal: HOLD (confidence: 0.00)
  📝 Reason: 5m: MACD bearish; 15m: MACD bullish; 1h: MACD bearish; 4h: RSI oversold (25.2)

[13:10:14] Cycle 1433
  💰 Current Price: $84.43
  🎯 Signal: HOLD (confidence: 0.00)
  📝 Reason: 5m: MACD bearish; 15m: MACD bullish; 1h: MACD bearish; 4h: RSI oversold (25.2)

[13:10:44] Cycle 1434
  💰 Current Price: $84.44
  🎯 Signal: HOLD (confidence: 0.00)
  📝 Reason: 5m: MACD bearish; 15m: MACD bullish; 1h: MACD bearish; 4h: RSI oversold (25.2)

[13:11:15] Cycle 1435
  💰 Current Price: $84.44
  🎯 Signal: HOLD (confidence: 0.00)
  📝 Reason: 5m: MACD bearish; 15m: MACD bullish; 1h: MACD bearish; 4h: RSI oversold (25.2)

[13:11:46] Cycle 1436
  💰 Current Price: $84.45
  🎯 Signal: HOLD (confidence: 0.00)
  📝 Reason: 5m: MACD bearish; 15m: MACD bullish; 1h: MACD bearish; 4h: RSI oversold (25.2)

[13:12:17] Cycle 1437
  💰 Current Price: $84.45
  🎯 Signal: HOLD (confidence: 0.00)
  📝 Reason: 5m: MACD bearish; 15m: MACD bullish; 1h: MACD bearish; 4h: RSI oversold (25.2)

[13:10:14] Cycle 1441
  💰 Current Price: $84.43
  🎯 Signal: HOLD (confidence: 0.00)
  📝 Reason: 5m: MACD bearish; 15m: MACD bullish; 1h: MACD bearish; 4h: RSI oversold (25.2)

[13:10:44] Cycle 1442
  💰 Current Price: $84.44
  🎯 Signal: HOLD (confidence: 0.00)
  📝 Reason: 5m: MACD bearish; 15m: MACD bullish; 1h: MACD bearish; 4h: RSI oversold (25.2)

[13:11:15] Cycle 1443
  💰 Current Price: $84.44
  🎯 Signal: HOLD (confidence: 0.00)
  📝 Reason: 5m: MACD bearish; 15m: MACD bullish; 1h: MACD bearish; 4h: RSI oversold (25.2)

[13:11:46] Cycle 1444
  💰 Current Price: $84.45
  🎯 Signal: HOLD (confidence: 0.00)
  📝 Reason: 5m: MACD bearish; 15m: MACD bullish; 1h: MACD bearish; 4h: RSI oversold (25.2)

[13:12:17] Cycle 1445
  💰 Current Price: $84.45
  🎯 Signal: HOLD (confidence: 0.00)
  📝 Reason: 5m: MACD bearish; 15m: MACD bullish; 1h: MACD bearish; 4h: RSI oversold (25.2)

[13:12:48] Cycle 1446
  💰 Current Price: $84.45
  🎯 Signal: HOLD (confidence: 0.00)
  📝 Reason: 5m: MACD bearish; 15m: MACD bullish; 1h: MACD bearish; 4h: RSI oversold (25.2)

[13:13:18] Cycle 1447
  💰 Current Price: $84.44
  🎯 Signal: HOLD (confidence: 0.00)
  📝 Reason: 5m: MACD bearish; 15m: MACD bullish; 1h: MACD bearish; 4h: RSI oversold (25.2)

[13:13:49] Cycle 1448
  💰 Current Price: $84.45
  🎯 Signal: HOLD (confidence: 0.00)
  📝 Reason: 5m: MACD bearish; 15m: MACD bullish; 1h: MACD bearish; 4h: RSI oversold (25.2)

[13:14:20] Cycle 1449
  💰 Current Price: $84.46
  🎯 Signal: HOLD (confidence: 0.00)
  📝 Reason: 5m: MACD bearish; 15m: MACD bullish; 1h: MACD bearish; 4h: RSI oversold (25.2)

[13:14:50] Cycle 1450
  💰 Current Price: $84.45
  🎯 Signal: HOLD (confidence: 0.00)
  📝 Reason: 5m: MACD bearish; 15m: MACD bullish; 1h: MACD bearish; 4h: RSI oversold (25.2)

[13:15:21] Cycle 1451
  💰 Current Price: $84.47
  🎯 Signal: HOLD (confidence: 0.00)
  📝 Reason: 5m: MACD bearish; 15m: MACD bullish; 1h: MACD bearish; 4h: RSI oversold (25.3)

[13:15:52] Cycle 1452
  💰 Current Price: $84.49
  🎯 Signal: HOLD (confidence: 0.00)
  📝 Reason: 5m: MACD bearish; 15m: MACD bullish; 1h: MACD bearish; 4h: RSI oversold (25.3)

[13:16:23] Cycle 1453
  💰 Current Price: $84.52
  🎯 Signal: HOLD (confidence: 0.00)
  📝 Reason: 5m: MACD bearish; 15m: MACD bullish; 1h: MACD bearish; 4h: RSI oversold (25.4)

[13:16:54] Cycle 1454
  💰 Current Price: $84.52
  🎯 Signal: HOLD (confidence: 0.00)
  📝 Reason: 5m: MACD bearish; 15m: MACD bullish; 1h: MACD bearish; 4h: RSI oversold (25.4)

[13:17:24] Cycle 1455
  💰 Current Price: $84.49
  🎯 Signal: HOLD (confidence: 0.00)
  📝 Reason: 5m: MACD bearish; 15m: MACD bullish; 1h: MACD bearish; 4h: RSI oversold (25.3)

[13:17:55] Cycle 1456
  💰 Current Price: $84.49
  🎯 Signal: HOLD (confidence: 0.00)
  📝 Reason: 5m: MACD bearish; 15m: MACD bullish; 1h: MACD bearish; 4h: RSI oversold (25.3)

[13:18:26] Cycle 1457
  💰 Current Price: $84.48
  🎯 Signal: HOLD (confidence: 0.00)
  📝 Reason: 5m: MACD bearish; 15m: MACD bullish; 1h: MACD bearish; 4h: RSI oversold (25.3)

[13:18:57] Cycle 1458
  💰 Current Price: $84.50
  🎯 Signal: HOLD (confidence: 0.00)
  📝 Reason: 5m: MACD bearish; 15m: MACD bullish; 1h: MACD bearish; 4h: RSI oversold (25.3)

[13:19:27] Cycle 1459
  💰 Current Price: $84.52
  🎯 Signal: HOLD (confidence: 0.00)
  📝 Reason: 5m: MACD bearish; 15m: MACD bullish; 1h: MACD bearish; 4h: RSI oversold (25.3)

[13:19:58] Cycle 1460
  💰 Current Price: $84.49
  🎯 Signal: HOLD (confidence: 0.00)
  📝 Reason: 5m: MACD bearish; 15m: MACD bullish; 1h: MACD bearish; 4h: RSI oversold (25.2)

[13:20:29] Cycle 1461
  💰 Current Price: $84.36
  🎯 Signal: HOLD (confidence: 0.00)
  📝 Reason: 5m: MACD bearish; 15m: MACD bullish; 1h: MACD bearish; 4h: RSI oversold (25.0)

[13:21:00] Cycle 1462
  💰 Current Price: $84.37
  🎯 Signal: HOLD (confidence: 0.00)
  📝 Reason: 5m: MACD bearish; 15m: MACD bullish; 1h: MACD bearish; 4h: RSI oversold (25.0)

[13:21:31] Cycle 1463
  💰 Current Price: $84.42
  🎯 Signal: HOLD (confidence: 0.00)
  📝 Reason: 5m: MACD bearish; 15m: MACD bullish; 1h: MACD bearish; 4h: RSI oversold (25.2)

[13:22:01] Cycle 1464
  💰 Current Price: $84.42
  🎯 Signal: HOLD (confidence: 0.00)
  📝 Reason: 5m: MACD bearish; 15m: MACD bullish; 1h: MACD bearish; 4h: RSI oversold (25.2)

[13:22:32] Cycle 1465
  💰 Current Price: $84.46
  🎯 Signal: HOLD (confidence: 0.00)
  📝 Reason: 5m: MACD bearish; 15m: MACD bullish; 1h: MACD bearish; 4h: RSI oversold (25.2)

[13:23:03] Cycle 1466
  💰 Current Price: $84.47
  🎯 Signal: HOLD (confidence: 0.00)
  📝 Reason: 5m: MACD bearish; 15m: MACD bullish; 1h: MACD bearish; 4h: RSI oversold (25.3)

[13:23:33] Cycle 1467
  💰 Current Price: $84.47
  🎯 Signal: HOLD (confidence: 0.00)
  📝 Reason: 5m: MACD bearish; 15m: MACD bullish; 1h: MACD bearish; 4h: RSI oversold (25.3)

[13:24:04] Cycle 1468
  💰 Current Price: $84.48
  🎯 Signal: HOLD (confidence: 0.00)
  📝 Reason: 5m: MACD bearish; 15m: MACD bullish; 1h: MACD bearish; 4h: RSI oversold (25.3)

[13:24:35] Cycle 1469
  💰 Current Price: $84.46
  🎯 Signal: HOLD (confidence: 0.00)
  📝 Reason: 5m: MACD bearish; 15m: MACD bullish; 1h: MACD bearish; 4h: RSI oversold (25.2)

[13:25:06] Cycle 1470
  💰 Current Price: $84.47
  🎯 Signal: HOLD (confidence: 0.00)
  📝 Reason: 5m: MACD bearish; 15m: MACD bullish; 1h: MACD bearish; 4h: RSI oversold (25.3)

[13:25:37] Cycle 1471
  💰 Current Price: $84.47
  🎯 Signal: HOLD (confidence: 0.00)
  📝 Reason: 5m: MACD bearish; 15m: MACD bullish; 1h: MACD bearish; 4h: RSI oversold (25.3)

[13:26:07] Cycle 1472
  💰 Current Price: $84.47
  🎯 Signal: HOLD (confidence: 0.00)
  📝 Reason: 5m: MACD bearish; 15m: MACD bullish; 1h: MACD bearish; 4h: RSI oversold (25.3)

[13:26:38] Cycle 1473
  💰 Current Price: $84.41
  🎯 Signal: HOLD (confidence: 0.00)
  📝 Reason: 5m: MACD bearish; 15m: MACD bullish; 1h: MACD bearish; 4h: RSI oversold (25.1)

[13:27:09] Cycle 1474
  💰 Current Price: $84.44
  🎯 Signal: HOLD (confidence: 0.00)
  📝 Reason: 5m: MACD bearish; 15m: MACD bullish; 1h: MACD bearish; 4h: RSI oversold (25.2)

[13:27:40] Cycle 1475
  💰 Current Price: $84.45
  🎯 Signal: HOLD (confidence: 0.00)
  📝 Reason: 5m: MACD bearish; 15m: MACD bullish; 1h: MACD bearish; 4h: RSI oversold (25.2)

[13:28:11] Cycle 1476
  💰 Current Price: $84.45
  🎯 Signal: HOLD (confidence: 0.00)
  📝 Reason: 5m: MACD bearish; 15m: MACD bullish; 1h: MACD bearish; 4h: RSI oversold (25.2)

[13:28:41] Cycle 1477
  💰 Current Price: $84.45
  🎯 Signal: HOLD (confidence: 0.00)
  📝 Reason: 5m: MACD bearish; 15m: MACD bullish; 1h: MACD bearish; 4h: RSI oversold (25.2)

[13:29:12] Cycle 1478
  💰 Current Price: $84.45
  🎯 Signal: HOLD (confidence: 0.00)
  📝 Reason: 5m: MACD bearish; 15m: MACD bullish; 1h: MACD bearish; 4h: RSI oversold (25.2)

[13:29:43] Cycle 1479
  💰 Current Price: $84.49
  🎯 Signal: HOLD (confidence: 0.00)
  📝 Reason: 5m: MACD bearish; 15m: MACD bullish; 1h: MACD bearish; 4h: RSI oversold (25.3)

[13:30:14] Cycle 1480
  💰 Current Price: $84.45
  🎯 Signal: SELL (confidence: 0.20)
  📝 Reason: 5m: MACD bearish; 15m: MACD bearish; 1h: MACD bearish; 4h: RSI oversold (25.2)
  ⚠️ Sell signal but no position

[13:30:45] Cycle 1481
  💰 Current Price: $84.45
  🎯 Signal: SELL (confidence: 0.20)
  📝 Reason: 5m: MACD bearish; 15m: MACD bearish; 1h: MACD bearish; 4h: RSI oversold (25.2)
  ⚠️ Sell signal but no position

[13:31:15] Cycle 1482
  💰 Current Price: $84.50
  🎯 Signal: HOLD (confidence: 0.00)
  📝 Reason: 5m: MACD bearish; 15m: MACD bullish; 1h: MACD bearish; 4h: RSI oversold (25.3)

[13:31:46] Cycle 1483
  💰 Current Price: $84.51
  🎯 Signal: HOLD (confidence: 0.00)
  📝 Reason: 5m: MACD bearish; 15m: MACD bullish; 1h: MACD bearish; 4h: RSI oversold (25.3)

[13:32:17] Cycle 1484
  💰 Current Price: $84.50
  📝 Reason: 5m: MACD bearish; 15m: MACD bullish; 1h: MACD bearish; 4h: RSI oversold (25.2)

[13:12:48] Cycle 1438
  💰 Current Price: $84.45
  🎯 Signal: HOLD (confidence: 0.00)
  📝 Reason: 5m: MACD bearish; 15m: MACD bullish; 1h: MACD bearish; 4h: RSI oversold (25.2)

[13:13:18] Cycle 1439
  💰 Current Price: $84.44
  🎯 Signal: HOLD (confidence: 0.00)
  📝 Reason: 5m: MACD bearish; 15m: MACD bullish; 1h: MACD bearish; 4h: RSI oversold (25.2)

[13:13:49] Cycle 1440
  💰 Current Price: $84.45
  🎯 Signal: HOLD (confidence: 0.00)
  📝 Reason: 5m: MACD bearish; 15m: MACD bullish; 1h: MACD bearish; 4h: RSI oversold (25.2)

[13:14:20] Cycle 1441
  💰 Current Price: $84.46
  🎯 Signal: HOLD (confidence: 0.00)
  📝 Reason: 5m: MACD bearish; 15m: MACD bullish; 1h: MACD bearish; 4h: RSI oversold (25.2)

[13:14:51] Cycle 1442
  💰 Current Price: $84.45
  🎯 Signal: HOLD (confidence: 0.00)
  📝 Reason: 5m: MACD bearish; 15m: MACD bullish; 1h: MACD bearish; 4h: RSI oversold (25.2)

[13:15:21] Cycle 1443
  💰 Current Price: $84.47
  🎯 Signal: HOLD (confidence: 0.00)
  📝 Reason: 5m: MACD bearish; 15m: MACD bullish; 1h: MACD bearish; 4h: RSI oversold (25.3)

[13:15:52] Cycle 1444
  💰 Current Price: $84.49
  🎯 Signal: HOLD (confidence: 0.00)
  📝 Reason: 5m: MACD bearish; 15m: MACD bullish; 1h: MACD bearish; 4h: RSI oversold (25.3)

[13:16:23] Cycle 1445
  💰 Current Price: $84.52
  🎯 Signal: HOLD (confidence: 0.00)
  📝 Reason: 5m: MACD bearish; 15m: MACD bullish; 1h: MACD bearish; 4h: RSI oversold (25.4)

[13:16:54] Cycle 1446
  💰 Current Price: $84.52
  🎯 Signal: HOLD (confidence: 0.00)
  📝 Reason: 5m: MACD bearish; 15m: MACD bullish; 1h: MACD bearish; 4h: RSI oversold (25.4)

[13:17:24] Cycle 1447
  💰 Current Price: $84.49
  🎯 Signal: HOLD (confidence: 0.00)
  📝 Reason: 5m: MACD bearish; 15m: MACD bullish; 1h: MACD bearish; 4h: RSI oversold (25.3)

[13:17:55] Cycle 1448
  💰 Current Price: $84.49
  🎯 Signal: HOLD (confidence: 0.00)
  📝 Reason: 5m: MACD bearish; 15m: MACD bullish; 1h: MACD bearish; 4h: RSI oversold (25.3)

[13:18:26] Cycle 1449
  💰 Current Price: $84.48
  🎯 Signal: HOLD (confidence: 0.00)
  📝 Reason: 5m: MACD bearish; 15m: MACD bullish; 1h: MACD bearish; 4h: RSI oversold (25.3)

[13:18:57] Cycle 1450
  💰 Current Price: $84.50
  🎯 Signal: HOLD (confidence: 0.00)
  📝 Reason: 5m: MACD bearish; 15m: MACD bullish; 1h: MACD bearish; 4h: RSI oversold (25.3)

[13:19:27] Cycle 1451
  💰 Current Price: $84.52
  🎯 Signal: HOLD (confidence: 0.00)
  📝 Reason: 5m: MACD bearish; 15m: MACD bullish; 1h: MACD bearish; 4h: RSI oversold (25.3)

[13:19:58] Cycle 1452
  💰 Current Price: $84.49
  🎯 Signal: HOLD (confidence: 0.00)
  📝 Reason: 5m: MACD bearish; 15m: MACD bullish; 1h: MACD bearish; 4h: RSI oversold (25.2)

[13:20:29] Cycle 1453
  💰 Current Price: $84.36
  🎯 Signal: HOLD (confidence: 0.00)
  📝 Reason: 5m: MACD bearish; 15m: MACD bullish; 1h: MACD bearish; 4h: RSI oversold (25.0)

[13:21:00] Cycle 1454
  💰 Current Price: $84.37
  🎯 Signal: HOLD (confidence: 0.00)
  📝 Reason: 5m: MACD bearish; 15m: MACD bullish; 1h: MACD bearish; 4h: RSI oversold (25.0)

[13:21:30] Cycle 1455
  💰 Current Price: $84.37
  🎯 Signal: HOLD (confidence: 0.00)
  📝 Reason: 5m: MACD bearish; 15m: MACD bullish; 1h: MACD bearish; 4h: RSI oversold (25.2)

[13:22:01] Cycle 1456
  💰 Current Price: $84.42
  🎯 Signal: HOLD (confidence: 0.00)
  📝 Reason: 5m: MACD bearish; 15m: MACD bullish; 1h: MACD bearish; 4h: RSI oversold (25.2)

[13:22:32] Cycle 1457
  💰 Current Price: $84.46
  🎯 Signal: HOLD (confidence: 0.00)
  📝 Reason: 5m: MACD bearish; 15m: MACD bullish; 1h: MACD bearish; 4h: RSI oversold (25.2)

[13:23:02] Cycle 1458
  💰 Current Price: $84.47
  🎯 Signal: HOLD (confidence: 0.00)
  📝 Reason: 5m: MACD bearish; 15m: MACD bullish; 1h: MACD bearish; 4h: RSI oversold (25.3)

[13:23:33] Cycle 1459
  💰 Current Price: $84.47
  🎯 Signal: HOLD (confidence: 0.00)
  📝 Reason: 5m: MACD bearish; 15m: MACD bullish; 1h: MACD bearish; 4h: RSI oversold (25.3)

[13:24:04] Cycle 1460
  💰 Current Price: $84.48
  🎯 Signal: HOLD (confidence: 0.00)
  📝 Reason: 5m: MACD bearish; 15m: MACD bullish; 1h: MACD bearish; 4h: RSI oversold (25.3)

[13:24:35] Cycle 1461
  💰 Current Price: $84.46
  🎯 Signal: HOLD (confidence: 0.00)
  📝 Reason: 5m: MACD bearish; 15m: MACD bullish; 1h: MACD bearish; 4h: RSI oversold (25.2)

[13:25:06] Cycle 1462
  💰 Current Price: $84.47
  🎯 Signal: HOLD (confidence: 0.00)
  📝 Reason: 5m: MACD bearish; 15m: MACD bullish; 1h: MACD bearish; 4h: RSI oversold (25.3)

[13:25:37] Cycle 1463
  💰 Current Price: $84.47
  🎯 Signal: HOLD (confidence: 0.00)
  📝 Reason: 5m: MACD bearish; 15m: MACD bullish; 1h: MACD bearish; 4h: RSI oversold (25.3)

[13:26:07] Cycle 1464
  💰 Current Price: $84.47
  🎯 Signal: HOLD (confidence: 0.00)
  📝 Reason: 5m: MACD bearish; 15m: MACD bullish; 1h: MACD bearish; 4h: RSI oversold (25.3)

[13:26:38] Cycle 1465
  💰 Current Price: $84.41
  🎯 Signal: HOLD (confidence: 0.00)
  📝 Reason: 5m: MACD bearish; 15m: MACD bullish; 1h: MACD bearish; 4h: RSI oversold (25.1)

[13:27:09] Cycle 1466
  💰 Current Price: $84.44
  🎯 Signal: HOLD (confidence: 0.00)
  📝 Reason: 5m: MACD bearish; 15m: MACD bullish; 1h: MACD bearish; 4h: RSI oversold (25.2)

[13:27:40] Cycle 1467
  💰 Current Price: $84.45
  🎯 Signal: HOLD (confidence: 0.00)
  📝 Reason: 5m: MACD bearish; 15m: MACD bullish; 1h: MACD bearish; 4h: RSI oversold (25.2)

[13:28:11] Cycle 1468
  💰 Current Price: $84.45
  🎯 Signal: HOLD (confidence: 0.00)
  📝 Reason: 5m: MACD bearish; 15m: MACD bullish; 1h: MACD bearish; 4h: RSI oversold (25.2)

[13:28:41] Cycle 1469
  💰 Current Price: $84.45
  🎯 Signal: HOLD (confidence: 0.00)
  📝 Reason: 5m: MACD bearish; 15m: MACD bullish; 1h: MACD bearish; 4h: RSI oversold (25.2)

[13:29:12] Cycle 1470
  💰 Current Price: $84.45
  🎯 Signal: HOLD (confidence: 0.00)
  📝 Reason: 5m: MACD bearish; 15m: MACD bullish; 1h: MACD bearish; 4h: RSI oversold (25.2)

[13:29:43] Cycle 1471
  💰 Current Price: $84.49
  🎯 Signal: HOLD (confidence: 0.00)
  📝 Reason: 5m: MACD bearish; 15m: MACD bullish; 1h: MACD bearish; 4h: RSI oversold (25.3)

[13:30:14] Cycle 1472
  💰 Current Price: $84.45
  🎯 Signal: SELL (confidence: 0.20)
  📝 Reason: 5m: MACD bearish; 15m: MACD bearish; 1h: MACD bearish; 4h: RSI oversold (25.2)
  ⚠️ Sell signal but no position

[13:30:45] Cycle 1473
  💰 Current Price: $84.45
  🎯 Signal: SELL (confidence: 0.20)
  📝 Reason: 5m: MACD bearish; 15m: MACD bearish; 1h: MACD bearish; 4h: RSI oversold (25.2)
  ⚠️ Sell signal but no position

[13:31:15] Cycle 1474
  💰 Current Price: $84.50
  🎯 Signal: HOLD (confidence: 0.00)
  📝 Reason: 5m: MACD bearish; 15m: MACD bullish; 1h: MACD bearish; 4h: RSI oversold (25.3)

[13:31:46] Cycle 1475
  💰 Current Price: $84.51
  🎯 Signal: HOLD (confidence: 0.00)
  📝 Reason: 5m: MACD bearish; 15m: MACD bullish; 1h: MACD bearish; 4h: RSI oversold (25.3)

[13:32:17] Cycle 1476
  💰 Current Price: $84.50
  🎯 Signal: HOLD (confidence: 0.00)
  📝 Reason: 5m: MACD bearish; 15m: MACD bullish; 1h: MACD bearish; 4h: RSI oversold (25.3)

[13:32:48] Cycle 1477
  💰 Current Price: $84.49
  🎯 Signal: HOLD (confidence: 0.00)
  📝 Reason: 5m: MACD bearish; 15m: MACD bullish; 1h: MACD bearish; 4h: RSI oversold (25.3)

[13:33:18] Cycle 1478
  💰 Current Price: $84.51
  🎯 Signal: HOLD (confidence: 0.00)
  📝 Reason: 5m: MACD bearish; 15m: MACD bullish; 1h: MACD bearish; 4h: RSI oversold (25.4)

[13:33:49] Cycle 1479
  💰 Current Price: $84.53
  🎯 Signal: HOLD (confidence: 0.00)
  📝 Reason: 5m: MACD bearish; 15m: MACD bullish; 1h: MACD bearish; 4h: RSI oversold (25.4)

[13:34:20] Cycle 1480
  💰 Current Price: $84.53
  🎯 Signal: HOLD (confidence: 0.00)
  📝 Reason: 5m: MACD bearish; 15m: MACD bullish; 1h: MACD bearish; 4h: RSI oversold (25.3)

[13:34:51] Cycle 1481
  💰 Current Price: $84.49
  🎯 Signal: HOLD (confidence: 0.00)
  📝 Reason: 5m: MACD bearish; 15m: MACD bullish; 1h: MACD bearish; 4h: RSI oversold (25.3)

[13:32:48] Cycle 1485
  💰 Current Price: $84.49
  🎯 Signal: HOLD (confidence: 0.00)
  📝 Reason: 5m: MACD bearish; 15m: MACD bullish; 1h: MACD bearish; 4h: RSI oversold (25.3)

[13:33:18] Cycle 1486
  💰 Current Price: $84.51
  🎯 Signal: HOLD (confidence: 0.00)
  📝 Reason: 5m: MACD bearish; 15m: MACD bullish; 1h: MACD bearish; 4h: RSI oversold (25.4)

[13:33:49] Cycle 1487
  💰 Current Price: $84.53
  🎯 Signal: HOLD (confidence: 0.00)
  📝 Reason: 5m: MACD bearish; 15m: MACD bullish; 1h: MACD bearish; 4h: RSI oversold (25.4)

[13:34:20] Cycle 1488
  💰 Current Price: $84.53
  🎯 Signal: HOLD (confidence: 0.00)
  📝 Reason: 5m: MACD bearish; 15m: MACD bullish; 1h: MACD bearish; 4h: RSI oversold (25.3)

[13:34:51] Cycle 1489
  💰 Current Price: $84.49
  🎯 Signal: HOLD (confidence: 0.00)
  📝 Reason: 5m: MACD bearish; 15m: MACD bullish; 1h: MACD bearish; 4h: RSI oversold (25.3)

[13:35:21] Cycle 1490
  💰 Current Price: $84.45
  🎯 Signal: SELL (confidence: 0.20)
  📝 Reason: 5m: MACD bearish; 15m: MACD bearish; 1h: MACD bearish; 4h: RSI oversold (25.2)
  ⚠️ Sell signal but no position

[13:35:53] Cycle 1491
  💰 Current Price: $84.44
  🎯 Signal: SELL (confidence: 0.20)
  📝 Reason: 5m: MACD bearish; 15m: MACD bearish; 1h: MACD bearish; 4h: RSI oversold (25.2)
  ⚠️ Sell signal but no position

[13:36:23] Cycle 1492
  💰 Current Price: $84.45
  🎯 Signal: SELL (confidence: 0.20)
  📝 Reason: 5m: MACD bearish; 15m: MACD bearish; 1h: MACD bearish; 4h: RSI oversold (25.2)
  ⚠️ Sell signal but no position

[13:36:54] Cycle 1493
  💰 Current Price: $84.45
  🎯 Signal: SELL (confidence: 0.20)
  📝 Reason: 5m: MACD bearish; 15m: MACD bearish; 1h: MACD bearish; 4h: RSI oversold (25.2)
  ⚠️ Sell signal but no position

[13:37:25] Cycle 1494
  💰 Current Price: $84.45
  🎯 Signal: SELL (confidence: 0.20)
  📝 Reason: 5m: MACD bearish; 15m: MACD bearish; 1h: MACD bearish; 4h: RSI oversold (25.2)
  ⚠️ Sell signal but no position

[13:37:56] Cycle 1495
  💰 Current Price: $84.43
  🎯 Signal: SELL (confidence: 0.20)
  📝 Reason: 5m: MACD bearish; 15m: MACD bearish; 1h: MACD bearish; 4h: RSI oversold (25.2)
  ⚠️ Sell signal but no position

[13:38:27] Cycle 1496
  💰 Current Price: $84.38
  🎯 Signal: SELL (confidence: 0.20)
  📝 Reason: 5m: MACD bearish; 15m: MACD bearish; 1h: MACD bearish; 4h: RSI oversold (25.1)
  ⚠️ Sell signal but no position

[13:38:58] Cycle 1497
  💰 Current Price: $84.19
  🎯 Signal: HOLD (confidence: 0.10)
  📝 Reason: 5m: RSI oversold (28.0); 5m: MACD bearish; 15m: MACD bearish; 1h: MACD bearish

[13:39:28] Cycle 1498
  💰 Current Price: $84.19
  🎯 Signal: HOLD (confidence: 0.10)
  📝 Reason: 5m: RSI oversold (28.3); 5m: MACD bearish; 15m: MACD bearish; 1h: MACD bearish

[13:39:59] Cycle 1499
  💰 Current Price: $84.19
  🎯 Signal: HOLD (confidence: 0.10)
  📝 Reason: 5m: RSI oversold (28.3); 5m: MACD bearish; 15m: MACD bearish; 1h: MACD bearish

[13:40:30] Cycle 1500
  💰 Current Price: $84.19
  🎯 Signal: HOLD (confidence: 0.10)
  📝 Reason: 5m: RSI oversold (26.9); 5m: MACD bearish; 15m: MACD bearish; 1h: MACD bearish

[13:41:01] Cycle 1501
  💰 Current Price: $84.23
  🎯 Signal: HOLD (confidence: 0.10)
  📝 Reason: 5m: RSI oversold (29.6); 5m: MACD bearish; 15m: MACD bearish; 1h: MACD bearish

[13:41:31] Cycle 1502
  💰 Current Price: $84.25
  🎯 Signal: SELL (confidence: 0.20)
  📝 Reason: 5m: MACD bearish; 15m: MACD bearish; 1h: MACD bearish; 4h: RSI oversold (24.8)
  ⚠️ Sell signal but no position

[13:42:02] Cycle 1503
  💰 Current Price: $84.29
  🎯 Signal: SELL (confidence: 0.20)
  📝 Reason: 5m: MACD bearish; 15m: MACD bearish; 1h: MACD bearish; 4h: RSI oversold (24.9)
  ⚠️ Sell signal but no position

[13:42:33] Cycle 1504
  💰 Current Price: $84.27
  🎯 Signal: SELL (confidence: 0.20)
  📝 Reason: 5m: MACD bearish; 15m: MACD bearish; 1h: MACD bearish; 4h: RSI oversold (24.8)
  ⚠️ Sell signal but no position

[13:43:04] Cycle 1505
  💰 Current Price: $84.27
  🎯 Signal: SELL (confidence: 0.20)
  📝 Reason: 5m: MACD bearish; 15m: MACD bearish; 1h: MACD bearish; 4h: RSI oversold (24.8)
  ⚠️ Sell signal but no position

[13:43:34] Cycle 1506
  💰 Current Price: $84.27
  🎯 Signal: SELL (confidence: 0.20)
  📝 Reason: 5m: MACD bearish; 15m: MACD bearish; 1h: MACD bearish; 4h: RSI oversold (24.8)
  ⚠️ Sell signal but no position

[13:44:06] Cycle 1507
  💰 Current Price: $84.25
  🎯 Signal: SELL (confidence: 0.20)
  📝 Reason: 5m: MACD bearish; 15m: MACD bearish; 1h: MACD bearish; 4h: RSI oversold (24.8)
  ⚠️ Sell signal but no position

[13:44:36] Cycle 1508
  💰 Current Price: $84.30
  🎯 Signal: SELL (confidence: 0.20)
  📝 Reason: 5m: MACD bearish; 15m: MACD bearish; 1h: MACD bearish; 4h: RSI oversold (24.9)
  ⚠️ Sell signal but no position

[13:45:07] Cycle 1509
  💰 Current Price: $84.29
  🎯 Signal: SELL (confidence: 0.20)
  📝 Reason: 5m: MACD bearish; 15m: MACD bearish; 1h: MACD bearish; 4h: RSI oversold (24.9)
  ⚠️ Sell signal but no position

[13:45:38] Cycle 1510
  💰 Current Price: $84.24
  🎯 Signal: SELL (confidence: 0.20)
  📝 Reason: 5m: MACD bearish; 15m: MACD bearish; 1h: MACD bearish; 4h: RSI oversold (24.8)
  ⚠️ Sell signal but no position

[13:46:08] Cycle 1511
  💰 Current Price: $84.26
  🎯 Signal: SELL (confidence: 0.20)
  📝 Reason: 5m: MACD bearish; 15m: MACD bearish; 1h: MACD bearish; 4h: RSI oversold (24.8)
  ⚠️ Sell signal but no position

[13:46:39] Cycle 1512
  💰 Current Price: $84.26
  🎯 Signal: SELL (confidence: 0.20)
  📝 Reason: 5m: MACD bearish; 15m: MACD bearish; 1h: MACD bearish; 4h: RSI oversold (24.8)
  ⚠️ Sell signal but no position

[13:47:10] Cycle 1513
  💰 Current Price: $84.32
  🎯 Signal: SELL (confidence: 0.20)
  📝 Reason: 5m: MACD bearish; 15m: MACD bearish; 1h: MACD bearish; 4h: RSI oversold (24.9)
  ⚠️ Sell signal but no position

[13:47:40] Cycle 1514
  💰 Current Price: $84.32
  🎯 Signal: SELL (confidence: 0.20)
  📝 Reason: 5m: MACD bearish; 15m: MACD bearish; 1h: MACD bearish; 4h: RSI oversold (24.9)
  ⚠️ Sell signal but no position

[13:48:11] Cycle 1515
  💰 Current Price: $84.35
  🎯 Signal: SELL (confidence: 0.20)
  📝 Reason: 5m: MACD bearish; 15m: MACD bearish; 1h: MACD bearish; 4h: RSI oversold (25.0)
  ⚠️ Sell signal but no position

[13:48:42] Cycle 1516
  💰 Current Price: $84.31
  🎯 Signal: SELL (confidence: 0.20)
  📝 Reason: 5m: MACD bearish; 15m: MACD bearish; 1h: MACD bearish; 4h: RSI oversold (24.9)
  ⚠️ Sell signal but no position

[13:49:13] Cycle 1517
  💰 Current Price: $84.31
  🎯 Signal: SELL (confidence: 0.20)
  📝 Reason: 5m: MACD bearish; 15m: MACD bearish; 1h: MACD bearish; 4h: RSI oversold (24.9)
  ⚠️ Sell signal but no position

[13:49:44] Cycle 1518
  💰 Current Price: $84.31
  🎯 Signal: SELL (confidence: 0.20)
  📝 Reason: 5m: MACD bearish; 15m: MACD bearish; 1h: MACD bearish; 4h: RSI oversold (24.9)
  ⚠️ Sell signal but no position

[13:50:14] Cycle 1519
  💰 Current Price: $84.31
  🎯 Signal: SELL (confidence: 0.20)
  📝 Reason: 5m: MACD bearish; 15m: MACD bearish; 1h: MACD bearish; 4h: RSI oversold (24.9)
  ⚠️ Sell signal but no position

[13:50:45] Cycle 1520
  💰 Current Price: $84.31
  🎯 Signal: SELL (confidence: 0.20)
  📝 Reason: 5m: MACD bearish; 15m: MACD bearish; 1h: MACD bearish; 4h: RSI oversold (24.9)
  ⚠️ Sell signal but no position

[13:51:16] Cycle 1521
  💰 Current Price: $84.31
  🎯 Signal: SELL (confidence: 0.20)
  📝 Reason: 5m: MACD bearish; 15m: MACD bearish; 1h: MACD bearish; 4h: RSI oversold (24.9)
  ⚠️ Sell signal but no position

[13:51:47] Cycle 1522
  💰 Current Price: $84.31
  🎯 Signal: SELL (confidence: 0.20)
  📝 Reason: 5m: MACD bearish; 15m: MACD bearish; 1h: MACD bearish; 4h: RSI oversold (24.9)
  🎯 Signal: HOLD (confidence: 0.00)
  📝 Reason: 5m: MACD bearish; 15m: MACD bullish; 1h: MACD bearish; 4h: RSI oversold (25.3)

[13:35:21] Cycle 1482
  💰 Current Price: $84.45
  🎯 Signal: SELL (confidence: 0.20)
  📝 Reason: 5m: MACD bearish; 15m: MACD bearish; 1h: MACD bearish; 4h: RSI oversold (25.2)
  ⚠️ Sell signal but no position

[13:35:53] Cycle 1483
  💰 Current Price: $84.44
  🎯 Signal: SELL (confidence: 0.20)
  📝 Reason: 5m: MACD bearish; 15m: MACD bearish; 1h: MACD bearish; 4h: RSI oversold (25.2)
  ⚠️ Sell signal but no position

[13:36:23] Cycle 1484
  💰 Current Price: $84.45
  🎯 Signal: SELL (confidence: 0.20)
  📝 Reason: 5m: MACD bearish; 15m: MACD bearish; 1h: MACD bearish; 4h: RSI oversold (25.2)
  ⚠️ Sell signal but no position

[13:36:54] Cycle 1485
  💰 Current Price: $84.45
  🎯 Signal: SELL (confidence: 0.20)
  📝 Reason: 5m: MACD bearish; 15m: MACD bearish; 1h: MACD bearish; 4h: RSI oversold (25.2)
  ⚠️ Sell signal but no position

[13:37:25] Cycle 1486
  💰 Current Price: $84.45
  🎯 Signal: SELL (confidence: 0.20)
  📝 Reason: 5m: MACD bearish; 15m: MACD bearish; 1h: MACD bearish; 4h: RSI oversold (25.2)
  ⚠️ Sell signal but no position

[13:37:56] Cycle 1487
  💰 Current Price: $84.43
  🎯 Signal: SELL (confidence: 0.20)
  📝 Reason: 5m: MACD bearish; 15m: MACD bearish; 1h: MACD bearish; 4h: RSI oversold (25.2)
  ⚠️ Sell signal but no position

[13:38:27] Cycle 1488
  💰 Current Price: $84.38
  🎯 Signal: SELL (confidence: 0.20)
  📝 Reason: 5m: MACD bearish; 15m: MACD bearish; 1h: MACD bearish; 4h: RSI oversold (25.1)
  ⚠️ Sell signal but no position

[13:38:58] Cycle 1489
  💰 Current Price: $84.19
  🎯 Signal: HOLD (confidence: 0.10)
  📝 Reason: 5m: RSI oversold (28.0); 5m: MACD bearish; 15m: MACD bearish; 1h: MACD bearish

[13:39:28] Cycle 1490
  💰 Current Price: $84.19
  🎯 Signal: HOLD (confidence: 0.10)
  📝 Reason: 5m: RSI oversold (28.3); 5m: MACD bearish; 15m: MACD bearish; 1h: MACD bearish

[13:39:59] Cycle 1491
  💰 Current Price: $84.19
  🎯 Signal: HOLD (confidence: 0.10)
  📝 Reason: 5m: RSI oversold (28.3); 5m: MACD bearish; 15m: MACD bearish; 1h: MACD bearish

[13:40:30] Cycle 1492
  💰 Current Price: $84.19
  🎯 Signal: HOLD (confidence: 0.10)
  📝 Reason: 5m: RSI oversold (26.9); 5m: MACD bearish; 15m: MACD bearish; 1h: MACD bearish

[13:41:01] Cycle 1493
  💰 Current Price: $84.23
  🎯 Signal: HOLD (confidence: 0.10)
  📝 Reason: 5m: RSI oversold (29.6); 5m: MACD bearish; 15m: MACD bearish; 1h: MACD bearish

[13:41:31] Cycle 1494
  💰 Current Price: $84.25
  🎯 Signal: SELL (confidence: 0.20)
  📝 Reason: 5m: MACD bearish; 15m: MACD bearish; 1h: MACD bearish; 4h: RSI oversold (24.8)
  ⚠️ Sell signal but no position

[13:42:02] Cycle 1495
  💰 Current Price: $84.29
  🎯 Signal: SELL (confidence: 0.20)
  📝 Reason: 5m: MACD bearish; 15m: MACD bearish; 1h: MACD bearish; 4h: RSI oversold (24.9)
  ⚠️ Sell signal but no position

[13:42:33] Cycle 1496
  💰 Current Price: $84.27
  🎯 Signal: SELL (confidence: 0.20)
  📝 Reason: 5m: MACD bearish; 15m: MACD bearish; 1h: MACD bearish; 4h: RSI oversold (24.8)
  ⚠️ Sell signal but no position

[13:43:04] Cycle 1497
  💰 Current Price: $84.27
  🎯 Signal: SELL (confidence: 0.20)
  📝 Reason: 5m: MACD bearish; 15m: MACD bearish; 1h: MACD bearish; 4h: RSI oversold (24.8)
  ⚠️ Sell signal but no position

[13:43:34] Cycle 1498
  💰 Current Price: $84.27
  🎯 Signal: SELL (confidence: 0.20)
  📝 Reason: 5m: MACD bearish; 15m: MACD bearish; 1h: MACD bearish; 4h: RSI oversold (24.8)
  ⚠️ Sell signal but no position

[13:44:06] Cycle 1499
  💰 Current Price: $84.25
  🎯 Signal: SELL (confidence: 0.20)
  📝 Reason: 5m: MACD bearish; 15m: MACD bearish; 1h: MACD bearish; 4h: RSI oversold (24.8)
  ⚠️ Sell signal but no position

[13:44:36] Cycle 1500
  💰 Current Price: $84.30
  🎯 Signal: SELL (confidence: 0.20)
  📝 Reason: 5m: MACD bearish; 15m: MACD bearish; 1h: MACD bearish; 4h: RSI oversold (24.9)
  ⚠️ Sell signal but no position

[13:45:07] Cycle 1501
  💰 Current Price: $84.29
  🎯 Signal: SELL (confidence: 0.20)
  📝 Reason: 5m: MACD bearish; 15m: MACD bearish; 1h: MACD bearish; 4h: RSI oversold (24.9)
  ⚠️ Sell signal but no position

[13:45:38] Cycle 1502
  💰 Current Price: $84.24
  🎯 Signal: SELL (confidence: 0.20)
  📝 Reason: 5m: MACD bearish; 15m: MACD bearish; 1h: MACD bearish; 4h: RSI oversold (24.8)
  ⚠️ Sell signal but no position

[13:46:08] Cycle 1503
  💰 Current Price: $84.26
  🎯 Signal: SELL (confidence: 0.20)
  📝 Reason: 5m: MACD bearish; 15m: MACD bearish; 1h: MACD bearish; 4h: RSI oversold (24.8)
  ⚠️ Sell signal but no position

[13:46:39] Cycle 1504
  💰 Current Price: $84.26
  🎯 Signal: SELL (confidence: 0.20)
  📝 Reason: 5m: MACD bearish; 15m: MACD bearish; 1h: MACD bearish; 4h: RSI oversold (24.8)
  ⚠️ Sell signal but no position

[13:47:10] Cycle 1505
  💰 Current Price: $84.32
  🎯 Signal: SELL (confidence: 0.20)
  📝 Reason: 5m: MACD bearish; 15m: MACD bearish; 1h: MACD bearish; 4h: RSI oversold (24.9)
  ⚠️ Sell signal but no position

[13:47:40] Cycle 1506
  💰 Current Price: $84.32
  🎯 Signal: SELL (confidence: 0.20)
  📝 Reason: 5m: MACD bearish; 15m: MACD bearish; 1h: MACD bearish; 4h: RSI oversold (24.9)
  ⚠️ Sell signal but no position

[13:48:11] Cycle 1507
  💰 Current Price: $84.35
  🎯 Signal: SELL (confidence: 0.20)
  📝 Reason: 5m: MACD bearish; 15m: MACD bearish; 1h: MACD bearish; 4h: RSI oversold (25.0)
  ⚠️ Sell signal but no position

[13:48:42] Cycle 1508
  💰 Current Price: $84.31
  🎯 Signal: SELL (confidence: 0.20)
  📝 Reason: 5m: MACD bearish; 15m: MACD bearish; 1h: MACD bearish; 4h: RSI oversold (24.9)
  ⚠️ Sell signal but no position

[13:49:13] Cycle 1509
  💰 Current Price: $84.31
  🎯 Signal: SELL (confidence: 0.20)
  📝 Reason: 5m: MACD bearish; 15m: MACD bearish; 1h: MACD bearish; 4h: RSI oversold (24.9)
  ⚠️ Sell signal but no position

[13:49:44] Cycle 1510
  💰 Current Price: $84.31
  🎯 Signal: SELL (confidence: 0.20)
  📝 Reason: 5m: MACD bearish; 15m: MACD bearish; 1h: MACD bearish; 4h: RSI oversold (24.9)
  ⚠️ Sell signal but no position

[13:50:14] Cycle 1511
  💰 Current Price: $84.31
  🎯 Signal: SELL (confidence: 0.20)
  📝 Reason: 5m: MACD bearish; 15m: MACD bearish; 1h: MACD bearish; 4h: RSI oversold (24.9)
  ⚠️ Sell signal but no position

[13:50:45] Cycle 1512
  💰 Current Price: $84.31
  🎯 Signal: SELL (confidence: 0.20)
  📝 Reason: 5m: MACD bearish; 15m: MACD bearish; 1h: MACD bearish; 4h: RSI oversold (24.9)
  ⚠️ Sell signal but no position

[13:51:16] Cycle 1513
  💰 Current Price: $84.31
  🎯 Signal: SELL (confidence: 0.20)
  📝 Reason: 5m: MACD bearish; 15m: MACD bearish; 1h: MACD bearish; 4h: RSI oversold (24.9)
  ⚠️ Sell signal but no position

[13:51:47] Cycle 1514
  💰 Current Price: $84.31
  🎯 Signal: SELL (confidence: 0.20)
  📝 Reason: 5m: MACD bearish; 15m: MACD bearish; 1h: MACD bearish; 4h: RSI oversold (24.9)
  ⚠️ Sell signal but no position

[13:52:18] Cycle 1515
  💰 Current Price: $84.31
  🎯 Signal: SELL (confidence: 0.20)
  📝 Reason: 5m: MACD bearish; 15m: MACD bearish; 1h: MACD bearish; 4h: RSI oversold (25.0)
  ⚠️ Sell signal but no position

[13:52:48] Cycle 1516
  💰 Current Price: $84.34
  🎯 Signal: SELL (confidence: 0.20)
  📝 Reason: 5m: MACD bearish; 15m: MACD bearish; 1h: MACD bearish; 4h: RSI oversold (25.0)
  ⚠️ Sell signal but no position

[13:53:19] Cycle 1517
  💰 Current Price: $84.34
  🎯 Signal: SELL (confidence: 0.20)
  📝 Reason: 5m: MACD bearish; 15m: MACD bearish; 1h: MACD bearish; 4h: RSI oversold (25.0)
  ⚠️ Sell signal but no position

[13:53:50] Cycle 1518
  💰 Current Price: $84.34
  🎯 Signal: SELL (confidence: 0.20)
  📝 Reason: 5m: MACD bearish; 15m: MACD bearish; 1h: MACD bearish; 4h: RSI oversold (25.0)
  ⚠️ Sell signal but no position

[13:54:21] Cycle 1519
  ⚠️ Sell signal but no position

[13:52:18] Cycle 1523
  💰 Current Price: $84.31
  🎯 Signal: SELL (confidence: 0.20)
  📝 Reason: 5m: MACD bearish; 15m: MACD bearish; 1h: MACD bearish; 4h: RSI oversold (25.0)
  ⚠️ Sell signal but no position

[13:52:48] Cycle 1524
  💰 Current Price: $84.34
  🎯 Signal: SELL (confidence: 0.20)
  📝 Reason: 5m: MACD bearish; 15m: MACD bearish; 1h: MACD bearish; 4h: RSI oversold (25.0)
  ⚠️ Sell signal but no position

[13:53:19] Cycle 1525
  💰 Current Price: $84.34
  🎯 Signal: SELL (confidence: 0.20)
  📝 Reason: 5m: MACD bearish; 15m: MACD bearish; 1h: MACD bearish; 4h: RSI oversold (25.0)
  ⚠️ Sell signal but no position

[13:53:50] Cycle 1526
  💰 Current Price: $84.34
  🎯 Signal: SELL (confidence: 0.20)
  📝 Reason: 5m: MACD bearish; 15m: MACD bearish; 1h: MACD bearish; 4h: RSI oversold (25.0)
  ⚠️ Sell signal but no position

[13:54:21] Cycle 1527
  💰 Current Price: $84.31
  🎯 Signal: SELL (confidence: 0.20)
  📝 Reason: 5m: MACD bearish; 15m: MACD bearish; 1h: MACD bearish; 4h: RSI oversold (24.9)
  ⚠️ Sell signal but no position

[13:54:51] Cycle 1528
  💰 Current Price: $84.33
  🎯 Signal: SELL (confidence: 0.20)
  📝 Reason: 5m: MACD bearish; 15m: MACD bearish; 1h: MACD bearish; 4h: RSI oversold (25.0)
  ⚠️ Sell signal but no position

[13:55:22] Cycle 1529
  💰 Current Price: $84.30
  🎯 Signal: SELL (confidence: 0.20)
  📝 Reason: 5m: MACD bearish; 15m: MACD bearish; 1h: MACD bearish; 4h: RSI oversold (24.9)
  ⚠️ Sell signal but no position

[13:55:53] Cycle 1530
  💰 Current Price: $84.30
  🎯 Signal: SELL (confidence: 0.20)
  📝 Reason: 5m: MACD bearish; 15m: MACD bearish; 1h: MACD bearish; 4h: RSI oversold (24.9)
  ⚠️ Sell signal but no position

[13:56:24] Cycle 1531
  💰 Current Price: $84.30
  🎯 Signal: SELL (confidence: 0.20)
  📝 Reason: 5m: MACD bearish; 15m: MACD bearish; 1h: MACD bearish; 4h: RSI oversold (24.9)
  ⚠️ Sell signal but no position

[13:56:55] Cycle 1532
  💰 Current Price: $84.30
  🎯 Signal: SELL (confidence: 0.20)
  📝 Reason: 5m: MACD bearish; 15m: MACD bearish; 1h: MACD bearish; 4h: RSI oversold (24.9)
  ⚠️ Sell signal but no position

[13:57:25] Cycle 1533
  💰 Current Price: $84.27
  🎯 Signal: SELL (confidence: 0.20)
  📝 Reason: 5m: MACD bearish; 15m: MACD bearish; 1h: MACD bearish; 4h: RSI oversold (24.8)
  ⚠️ Sell signal but no position

[13:57:56] Cycle 1534
  💰 Current Price: $84.24
  🎯 Signal: SELL (confidence: 0.20)
  📝 Reason: 5m: MACD bearish; 15m: MACD bearish; 1h: MACD bearish; 4h: RSI oversold (24.8)
  ⚠️ Sell signal but no position

[13:58:27] Cycle 1535
  💰 Current Price: $84.24
  🎯 Signal: SELL (confidence: 0.20)
  📝 Reason: 5m: MACD bearish; 15m: MACD bearish; 1h: MACD bearish; 4h: RSI oversold (24.8)
  ⚠️ Sell signal but no position

[13:58:58] Cycle 1536
  💰 Current Price: $84.25
  🎯 Signal: SELL (confidence: 0.20)
  📝 Reason: 5m: MACD bearish; 15m: MACD bearish; 1h: MACD bearish; 4h: RSI oversold (24.8)
  ⚠️ Sell signal but no position

[13:59:28] Cycle 1537
  💰 Current Price: $84.30
  🎯 Signal: SELL (confidence: 0.20)
  📝 Reason: 5m: MACD bearish; 15m: MACD bearish; 1h: MACD bearish; 4h: RSI oversold (24.9)
  ⚠️ Sell signal but no position

[13:59:59] Cycle 1538
  💰 Current Price: $84.31
  🎯 Signal: SELL (confidence: 0.20)
  📝 Reason: 5m: MACD bearish; 15m: MACD bearish; 1h: MACD bearish; 4h: RSI oversold (24.9)
  ⚠️ Sell signal but no position

[14:00:30] Cycle 1539
  💰 Current Price: $84.27
  🎯 Signal: SELL (confidence: 0.20)
  📝 Reason: 5m: MACD bearish; 15m: MACD bearish; 1h: MACD bearish; 4h: RSI oversold (24.8)
  ⚠️ Sell signal but no position

[14:01:00] Cycle 1540
  💰 Current Price: $84.23
  🎯 Signal: SELL (confidence: 0.20)
  📝 Reason: 5m: MACD bearish; 15m: MACD bearish; 1h: MACD bearish; 4h: RSI oversold (24.7)
  ⚠️ Sell signal but no position

[14:01:31] Cycle 1541
  💰 Current Price: $84.22
  🎯 Signal: SELL (confidence: 0.20)
  📝 Reason: 5m: MACD bearish; 15m: MACD bearish; 1h: MACD bearish; 4h: RSI oversold (24.7)
  ⚠️ Sell signal but no position

[14:02:02] Cycle 1542
  💰 Current Price: $84.07
  🎯 Signal: SELL (confidence: 0.20)
  📝 Reason: 5m: MACD bearish; 15m: MACD bearish; 1h: MACD bearish; 4h: RSI oversold (24.5)
  ⚠️ Sell signal but no position

[14:02:33] Cycle 1543
  💰 Current Price: $84.10
  🎯 Signal: SELL (confidence: 0.20)
  📝 Reason: 5m: MACD bearish; 15m: MACD bearish; 1h: MACD bearish; 4h: RSI oversold (24.5)
  ⚠️ Sell signal but no position

[14:03:03] Cycle 1544
  💰 Current Price: $84.01
  🎯 Signal: SELL (confidence: 0.20)
  📝 Reason: 5m: MACD bearish; 15m: MACD bearish; 1h: MACD bearish; 4h: RSI oversold (24.3)
  ⚠️ Sell signal but no position

[14:03:34] Cycle 1545
  💰 Current Price: $84.08
  🎯 Signal: SELL (confidence: 0.20)
  📝 Reason: 5m: MACD bearish; 15m: MACD bearish; 1h: MACD bearish; 4h: RSI oversold (24.4)
  ⚠️ Sell signal but no position

[14:04:05] Cycle 1546
  💰 Current Price: $84.09
  🎯 Signal: SELL (confidence: 0.20)
  📝 Reason: 5m: MACD bearish; 15m: MACD bearish; 1h: MACD bearish; 4h: RSI oversold (24.5)
  ⚠️ Sell signal but no position

[14:04:35] Cycle 1547
  💰 Current Price: $84.12
  🎯 Signal: SELL (confidence: 0.20)
  📝 Reason: 5m: MACD bearish; 15m: MACD bearish; 1h: MACD bearish; 4h: RSI oversold (24.5)
  ⚠️ Sell signal but no position

[14:05:06] Cycle 1548
  💰 Current Price: $84.12
  🎯 Signal: SELL (confidence: 0.20)
  📝 Reason: 5m: MACD bearish; 15m: MACD bearish; 1h: MACD bearish; 4h: RSI oversold (24.5)
  ⚠️ Sell signal but no position

[14:05:37] Cycle 1549
  💰 Current Price: $84.06
  🎯 Signal: SELL (confidence: 0.20)
  📝 Reason: 5m: MACD bearish; 15m: MACD bearish; 1h: MACD bearish; 4h: RSI oversold (24.4)
  ⚠️ Sell signal but no position

[14:06:08] Cycle 1550
  💰 Current Price: $84.04
  🎯 Signal: SELL (confidence: 0.20)
  📝 Reason: 5m: MACD bearish; 15m: MACD bearish; 1h: MACD bearish; 4h: RSI oversold (24.3)
  ⚠️ Sell signal but no position

[14:06:39] Cycle 1551
  💰 Current Price: $84.04
  🎯 Signal: SELL (confidence: 0.20)
  📝 Reason: 5m: MACD bearish; 15m: MACD bearish; 1h: MACD bearish; 4h: RSI oversold (24.3)
  ⚠️ Sell signal but no position

[14:07:10] Cycle 1552
  💰 Current Price: $84.02
  🎯 Signal: SELL (confidence: 0.20)
  📝 Reason: 5m: MACD bearish; 15m: MACD bearish; 1h: MACD bearish; 4h: RSI oversold (24.3)
  ⚠️ Sell signal but no position

[14:07:41] Cycle 1553
  💰 Current Price: $84.02
  🎯 Signal: SELL (confidence: 0.20)
  📝 Reason: 5m: MACD bearish; 15m: MACD bearish; 1h: MACD bearish; 4h: RSI oversold (24.3)
  ⚠️ Sell signal but no position

[14:08:11] Cycle 1554
  💰 Current Price: $84.01
  🎯 Signal: SELL (confidence: 0.20)
  📝 Reason: 5m: MACD bearish; 15m: MACD bearish; 1h: MACD bearish; 4h: RSI oversold (24.3)
  ⚠️ Sell signal but no position

[14:08:42] Cycle 1555
  💰 Current Price: $84.02
  🎯 Signal: SELL (confidence: 0.20)
  📝 Reason: 5m: MACD bearish; 15m: MACD bearish; 1h: MACD bearish; 4h: RSI oversold (24.3)
  ⚠️ Sell signal but no position

[14:09:13] Cycle 1556
  💰 Current Price: $83.97
  🎯 Signal: SELL (confidence: 0.20)
  📝 Reason: 5m: MACD bearish; 15m: MACD bearish; 1h: MACD bearish; 4h: RSI oversold (24.2)
  ⚠️ Sell signal but no position

[14:09:44] Cycle 1557
  💰 Current Price: $83.98
  🎯 Signal: SELL (confidence: 0.20)
  📝 Reason: 5m: MACD bearish; 15m: MACD bearish; 1h: MACD bearish; 4h: RSI oversold (24.2)
  ⚠️ Sell signal but no position

[14:10:15] Cycle 1558
  💰 Current Price: $83.95
  🎯 Signal: HOLD (confidence: 0.10)
  📝 Reason: 5m: RSI oversold (24.5); 5m: MACD bearish; 15m: MACD bearish; 1h: MACD bearish

[14:10:46] Cycle 1559
  💰 Current Price: $83.97
  🎯 Signal: HOLD (confidence: 0.10)
  📝 Reason: 5m: RSI oversold (26.0); 5m: MACD bearish; 15m: MACD bearish; 1h: MACD bearish
  💰 Current Price: $84.31
  🎯 Signal: SELL (confidence: 0.20)
  📝 Reason: 5m: MACD bearish; 15m: MACD bearish; 1h: MACD bearish; 4h: RSI oversold (24.9)
  ⚠️ Sell signal but no position

[13:54:51] Cycle 1520
  💰 Current Price: $84.33
  🎯 Signal: SELL (confidence: 0.20)
  📝 Reason: 5m: MACD bearish; 15m: MACD bearish; 1h: MACD bearish; 4h: RSI oversold (25.0)
  ⚠️ Sell signal but no position

[13:55:23] Cycle 1521
  💰 Current Price: $84.30
  🎯 Signal: SELL (confidence: 0.20)
  📝 Reason: 5m: MACD bearish; 15m: MACD bearish; 1h: MACD bearish; 4h: RSI oversold (24.9)
  ⚠️ Sell signal but no position

[13:55:54] Cycle 1522
  💰 Current Price: $84.30
  🎯 Signal: SELL (confidence: 0.20)
  📝 Reason: 5m: MACD bearish; 15m: MACD bearish; 1h: MACD bearish; 4h: RSI oversold (24.9)
  ⚠️ Sell signal but no position

[13:56:24] Cycle 1523
  💰 Current Price: $84.30
  🎯 Signal: SELL (confidence: 0.20)
  📝 Reason: 5m: MACD bearish; 15m: MACD bearish; 1h: MACD bearish; 4h: RSI oversold (24.9)
  ⚠️ Sell signal but no position

[13:56:55] Cycle 1524
  💰 Current Price: $84.30
  🎯 Signal: SELL (confidence: 0.20)
  📝 Reason: 5m: MACD bearish; 15m: MACD bearish; 1h: MACD bearish; 4h: RSI oversold (24.9)
  ⚠️ Sell signal but no position

[13:57:25] Cycle 1525
  💰 Current Price: $84.27
  🎯 Signal: SELL (confidence: 0.20)
  📝 Reason: 5m: MACD bearish; 15m: MACD bearish; 1h: MACD bearish; 4h: RSI oversold (24.8)
  ⚠️ Sell signal but no position

[13:57:56] Cycle 1526
  💰 Current Price: $84.24
  🎯 Signal: SELL (confidence: 0.20)
  📝 Reason: 5m: MACD bearish; 15m: MACD bearish; 1h: MACD bearish; 4h: RSI oversold (24.8)
  ⚠️ Sell signal but no position

[13:58:27] Cycle 1527
  💰 Current Price: $84.24
  🎯 Signal: SELL (confidence: 0.20)
  📝 Reason: 5m: MACD bearish; 15m: MACD bearish; 1h: MACD bearish; 4h: RSI oversold (24.8)
  ⚠️ Sell signal but no position

[13:58:58] Cycle 1528
  💰 Current Price: $84.25
  🎯 Signal: SELL (confidence: 0.20)
  📝 Reason: 5m: MACD bearish; 15m: MACD bearish; 1h: MACD bearish; 4h: RSI oversold (24.8)
  ⚠️ Sell signal but no position

[13:59:28] Cycle 1529
  💰 Current Price: $84.30
  🎯 Signal: SELL (confidence: 0.20)
  📝 Reason: 5m: MACD bearish; 15m: MACD bearish; 1h: MACD bearish; 4h: RSI oversold (24.9)
  ⚠️ Sell signal but no position

[13:59:59] Cycle 1530
  💰 Current Price: $84.31
  🎯 Signal: SELL (confidence: 0.20)
  📝 Reason: 5m: MACD bearish; 15m: MACD bearish; 1h: MACD bearish; 4h: RSI oversold (24.9)
  ⚠️ Sell signal but no position

[14:00:30] Cycle 1531
  💰 Current Price: $84.27
  🎯 Signal: SELL (confidence: 0.20)
  📝 Reason: 5m: MACD bearish; 15m: MACD bearish; 1h: MACD bearish; 4h: RSI oversold (24.8)
  ⚠️ Sell signal but no position

[14:01:00] Cycle 1532
  💰 Current Price: $84.23
  🎯 Signal: SELL (confidence: 0.20)
  📝 Reason: 5m: MACD bearish; 15m: MACD bearish; 1h: MACD bearish; 4h: RSI oversold (24.7)
  ⚠️ Sell signal but no position

[14:01:31] Cycle 1533
  💰 Current Price: $84.22
  🎯 Signal: SELL (confidence: 0.20)
  📝 Reason: 5m: MACD bearish; 15m: MACD bearish; 1h: MACD bearish; 4h: RSI oversold (24.7)
  ⚠️ Sell signal but no position

[14:02:02] Cycle 1534
  💰 Current Price: $84.07
  🎯 Signal: SELL (confidence: 0.20)
  📝 Reason: 5m: MACD bearish; 15m: MACD bearish; 1h: MACD bearish; 4h: RSI oversold (24.5)
  ⚠️ Sell signal but no position

[14:02:33] Cycle 1535
  💰 Current Price: $84.10
  🎯 Signal: SELL (confidence: 0.20)
  📝 Reason: 5m: MACD bearish; 15m: MACD bearish; 1h: MACD bearish; 4h: RSI oversold (24.5)
  ⚠️ Sell signal but no position

[14:03:03] Cycle 1536
  💰 Current Price: $84.01
  🎯 Signal: SELL (confidence: 0.20)
  📝 Reason: 5m: MACD bearish; 15m: MACD bearish; 1h: MACD bearish; 4h: RSI oversold (24.3)
  ⚠️ Sell signal but no position

[14:03:34] Cycle 1537
  💰 Current Price: $84.08
  🎯 Signal: SELL (confidence: 0.20)
  📝 Reason: 5m: MACD bearish; 15m: MACD bearish; 1h: MACD bearish; 4h: RSI oversold (24.4)
  ⚠️ Sell signal but no position

[14:04:05] Cycle 1538
  💰 Current Price: $84.09
  🎯 Signal: SELL (confidence: 0.20)
  📝 Reason: 5m: MACD bearish; 15m: MACD bearish; 1h: MACD bearish; 4h: RSI oversold (24.5)
  ⚠️ Sell signal but no position

[14:04:35] Cycle 1539
  💰 Current Price: $84.12
  🎯 Signal: SELL (confidence: 0.20)
  📝 Reason: 5m: MACD bearish; 15m: MACD bearish; 1h: MACD bearish; 4h: RSI oversold (24.5)
  ⚠️ Sell signal but no position

[14:05:06] Cycle 1540
  💰 Current Price: $84.12
  🎯 Signal: SELL (confidence: 0.20)
  📝 Reason: 5m: MACD bearish; 15m: MACD bearish; 1h: MACD bearish; 4h: RSI oversold (24.5)
  ⚠️ Sell signal but no position

[14:05:37] Cycle 1541
  💰 Current Price: $84.06
  🎯 Signal: SELL (confidence: 0.20)
  📝 Reason: 5m: MACD bearish; 15m: MACD bearish; 1h: MACD bearish; 4h: RSI oversold (24.4)
  ⚠️ Sell signal but no position

[14:06:08] Cycle 1542
  💰 Current Price: $84.04
  🎯 Signal: SELL (confidence: 0.20)
  📝 Reason: 5m: MACD bearish; 15m: MACD bearish; 1h: MACD bearish; 4h: RSI oversold (24.3)
  ⚠️ Sell signal but no position

[14:06:39] Cycle 1543
  💰 Current Price: $84.04
  🎯 Signal: SELL (confidence: 0.20)
  📝 Reason: 5m: MACD bearish; 15m: MACD bearish; 1h: MACD bearish; 4h: RSI oversold (24.3)
  ⚠️ Sell signal but no position

[14:07:10] Cycle 1544
  💰 Current Price: $84.02
  🎯 Signal: SELL (confidence: 0.20)
  📝 Reason: 5m: MACD bearish; 15m: MACD bearish; 1h: MACD bearish; 4h: RSI oversold (24.3)
  ⚠️ Sell signal but no position

[14:07:40] Cycle 1545
  💰 Current Price: $84.02
  🎯 Signal: SELL (confidence: 0.20)
  📝 Reason: 5m: MACD bearish; 15m: MACD bearish; 1h: MACD bearish; 4h: RSI oversold (24.3)
  ⚠️ Sell signal but no position

[14:08:11] Cycle 1546
  💰 Current Price: $84.01
  🎯 Signal: SELL (confidence: 0.20)
  📝 Reason: 5m: MACD bearish; 15m: MACD bearish; 1h: MACD bearish; 4h: RSI oversold (24.3)
  ⚠️ Sell signal but no position

[14:08:42] Cycle 1547
  💰 Current Price: $84.02
  🎯 Signal: SELL (confidence: 0.20)
  📝 Reason: 5m: MACD bearish; 15m: MACD bearish; 1h: MACD bearish; 4h: RSI oversold (24.3)
  ⚠️ Sell signal but no position

[14:09:13] Cycle 1548
  💰 Current Price: $83.97
  🎯 Signal: SELL (confidence: 0.20)
  📝 Reason: 5m: MACD bearish; 15m: MACD bearish; 1h: MACD bearish; 4h: RSI oversold (24.2)
  ⚠️ Sell signal but no position

[14:09:44] Cycle 1549
  💰 Current Price: $83.98
  🎯 Signal: SELL (confidence: 0.20)
  📝 Reason: 5m: MACD bearish; 15m: MACD bearish; 1h: MACD bearish; 4h: RSI oversold (24.2)
  ⚠️ Sell signal but no position

[14:10:15] Cycle 1550
  💰 Current Price: $83.95
  🎯 Signal: HOLD (confidence: 0.10)
  📝 Reason: 5m: RSI oversold (24.5); 5m: MACD bearish; 15m: MACD bearish; 1h: MACD bearish

[14:10:46] Cycle 1551
  💰 Current Price: $83.97
  🎯 Signal: HOLD (confidence: 0.10)
  📝 Reason: 5m: RSI oversold (26.0); 5m: MACD bearish; 15m: MACD bearish; 1h: MACD bearish

[14:11:16] Cycle 1552
  💰 Current Price: $83.90
  🎯 Signal: HOLD (confidence: 0.10)
  📝 Reason: 5m: RSI oversold (20.6); 5m: MACD bearish; 15m: MACD bearish; 1h: MACD bearish

[14:11:47] Cycle 1553
  💰 Current Price: $83.83
  🎯 Signal: HOLD (confidence: 0.10)
  📝 Reason: 5m: RSI oversold (18.0); 5m: MACD bearish; 15m: MACD bearish; 1h: MACD bearish

[14:12:18] Cycle 1554
  💰 Current Price: $83.83
  🎯 Signal: HOLD (confidence: 0.10)
  📝 Reason: 5m: RSI oversold (18.0); 5m: MACD bearish; 15m: MACD bearish; 1h: MACD bearish

[14:12:49] Cycle 1555
  💰 Current Price: $83.69
  🎯 Signal: BUY (confidence: 0.40)
  📝 Reason: 5m: RSI oversold (15.8); 5m: MACD bearish; 15m: RSI oversold (30.0); 15m: MACD bearish

[14:13:20] Cycle 1556
  💰 Current Price: $83.71
  🎯 Signal: BUY (confidence: 0.20)
  📝 Reason: 5m: RSI oversold (16.1); 5m: MACD bearish; 15m: MACD bearish; 1h: RSI oversold (29.5)

[14:13:50] Cycle 1557

[14:11:16] Cycle 1560
  💰 Current Price: $83.90
  🎯 Signal: HOLD (confidence: 0.10)
  📝 Reason: 5m: RSI oversold (20.6); 5m: MACD bearish; 15m: MACD bearish; 1h: MACD bearish

[14:11:47] Cycle 1561
  💰 Current Price: $83.83
  🎯 Signal: HOLD (confidence: 0.10)
  📝 Reason: 5m: RSI oversold (18.0); 5m: MACD bearish; 15m: MACD bearish; 1h: MACD bearish

[14:12:18] Cycle 1562
  💰 Current Price: $83.83
  🎯 Signal: HOLD (confidence: 0.10)
  📝 Reason: 5m: RSI oversold (18.0); 5m: MACD bearish; 15m: MACD bearish; 1h: MACD bearish

[14:12:49] Cycle 1563
  💰 Current Price: $83.69
  🎯 Signal: BUY (confidence: 0.40)
  📝 Reason: 5m: RSI oversold (15.8); 5m: MACD bearish; 15m: RSI oversold (30.0); 15m: MACD bearish

[14:13:20] Cycle 1564
  💰 Current Price: $83.71
  🎯 Signal: BUY (confidence: 0.20)
  📝 Reason: 5m: RSI oversold (16.1); 5m: MACD bearish; 15m: MACD bearish; 1h: RSI oversold (29.5)

[14:13:50] Cycle 1565
  💰 Current Price: $83.68
  🎯 Signal: BUY (confidence: 0.40)
  📝 Reason: 5m: RSI oversold (15.7); 5m: MACD bearish; 15m: RSI oversold (29.9); 15m: MACD bearish

[14:14:21] Cycle 1566
  💰 Current Price: $83.71
  🎯 Signal: HOLD (confidence: 0.10)
  📝 Reason: 5m: RSI oversold (17.1); 5m: MACD bearish; 15m: MACD bearish; 1h: MACD bearish

[14:14:52] Cycle 1567
  💰 Current Price: $83.87
  🎯 Signal: HOLD (confidence: 0.10)
  📝 Reason: 5m: RSI oversold (18.8); 5m: MACD bearish; 15m: MACD bearish; 1h: MACD bearish

[14:15:23] Cycle 1568
  💰 Current Price: $83.83
  🎯 Signal: HOLD (confidence: 0.10)
  📝 Reason: 5m: RSI oversold (18.6); 5m: MACD bearish; 15m: MACD bearish; 1h: MACD bearish

[14:15:54] Cycle 1569
  💰 Current Price: $83.85
  🎯 Signal: HOLD (confidence: 0.10)
  📝 Reason: 5m: RSI oversold (18.9); 5m: MACD bearish; 15m: MACD bearish; 1h: MACD bearish

[14:16:24] Cycle 1570
  💰 Current Price: $83.88
  🎯 Signal: HOLD (confidence: 0.10)
  📝 Reason: 5m: RSI oversold (18.8); 5m: MACD bearish; 15m: MACD bearish; 1h: MACD bearish

[14:16:55] Cycle 1571
  💰 Current Price: $83.87
  🎯 Signal: HOLD (confidence: 0.10)
  📝 Reason: 5m: RSI oversold (20.0); 5m: MACD bearish; 15m: MACD bearish; 1h: MACD bearish

[14:17:26] Cycle 1572
  💰 Current Price: $83.89
  🎯 Signal: HOLD (confidence: 0.10)
  📝 Reason: 5m: RSI oversold (21.6); 5m: MACD bearish; 15m: MACD bearish; 1h: MACD bearish

[14:17:57] Cycle 1573
  💰 Current Price: $83.85
  🎯 Signal: HOLD (confidence: 0.10)
  📝 Reason: 5m: RSI oversold (18.9); 5m: MACD bearish; 15m: MACD bearish; 1h: MACD bearish

[14:18:28] Cycle 1574
  💰 Current Price: $83.85
  🎯 Signal: HOLD (confidence: 0.10)
  📝 Reason: 5m: RSI oversold (18.9); 5m: MACD bearish; 15m: MACD bearish; 1h: MACD bearish

[14:18:58] Cycle 1575
  💰 Current Price: $83.93
  🎯 Signal: HOLD (confidence: 0.10)
  📝 Reason: 5m: RSI oversold (24.8); 5m: MACD bearish; 15m: MACD bearish; 1h: MACD bearish

[14:19:29] Cycle 1576
  💰 Current Price: $83.91
  🎯 Signal: HOLD (confidence: 0.10)
  📝 Reason: 5m: RSI oversold (23.2); 5m: MACD bearish; 15m: MACD bearish; 1h: MACD bearish

[14:20:00] Cycle 1577
  💰 Current Price: $83.90
  🎯 Signal: HOLD (confidence: 0.10)
  📝 Reason: 5m: RSI oversold (24.0); 5m: MACD bearish; 15m: MACD bearish; 1h: MACD bearish

[14:20:31] Cycle 1578
  💰 Current Price: $83.92
  🎯 Signal: HOLD (confidence: 0.10)
  📝 Reason: 5m: RSI oversold (23.2); 5m: MACD bearish; 15m: MACD bearish; 1h: MACD bearish

[14:21:02] Cycle 1579
  💰 Current Price: $83.92
  🎯 Signal: HOLD (confidence: 0.10)
  📝 Reason: 5m: RSI oversold (23.2); 5m: MACD bearish; 15m: MACD bearish; 1h: MACD bearish

[14:21:32] Cycle 1580
  💰 Current Price: $83.85
  🎯 Signal: HOLD (confidence: 0.10)
  📝 Reason: 5m: RSI oversold (21.1); 5m: MACD bearish; 15m: MACD bearish; 1h: MACD bearish

[14:22:03] Cycle 1581
  💰 Current Price: $83.82
  🎯 Signal: HOLD (confidence: 0.10)
  📝 Reason: 5m: RSI oversold (21.1); 5m: MACD bearish; 15m: MACD bearish; 1h: MACD bearish

[14:22:34] Cycle 1582
  💰 Current Price: $83.84
  🎯 Signal: HOLD (confidence: 0.10)
  📝 Reason: 5m: RSI oversold (21.5); 5m: MACD bearish; 15m: MACD bearish; 1h: MACD bearish

[14:23:05] Cycle 1583
  💰 Current Price: $83.85
  🎯 Signal: HOLD (confidence: 0.10)
  📝 Reason: 5m: RSI oversold (21.7); 5m: MACD bearish; 15m: MACD bearish; 1h: MACD bearish

[14:23:36] Cycle 1584
  💰 Current Price: $83.90
  🎯 Signal: HOLD (confidence: 0.10)
  📝 Reason: 5m: RSI oversold (23.2); 5m: MACD bearish; 15m: MACD bearish; 1h: MACD bearish

[14:24:07] Cycle 1585
  💰 Current Price: $83.92
  🎯 Signal: HOLD (confidence: 0.10)
  📝 Reason: 5m: RSI oversold (23.2); 5m: MACD bearish; 15m: MACD bearish; 1h: MACD bearish

[14:24:38] Cycle 1586
  💰 Current Price: $83.92
  🎯 Signal: HOLD (confidence: 0.10)
  📝 Reason: 5m: RSI oversold (23.2); 5m: MACD bearish; 15m: MACD bearish; 1h: MACD bearish

[14:25:09] Cycle 1587
  💰 Current Price: $83.90
  🎯 Signal: HOLD (confidence: 0.10)
  📝 Reason: 5m: RSI oversold (22.8); 5m: MACD bearish; 15m: MACD bearish; 1h: MACD bearish

[14:25:39] Cycle 1588
  💰 Current Price: $83.86
  🎯 Signal: HOLD (confidence: 0.10)
  📝 Reason: 5m: RSI oversold (21.9); 5m: MACD bearish; 15m: MACD bearish; 1h: MACD bearish

[14:26:10] Cycle 1589
  💰 Current Price: $83.86
  🎯 Signal: HOLD (confidence: 0.10)
  📝 Reason: 5m: RSI oversold (21.9); 5m: MACD bearish; 15m: MACD bearish; 1h: MACD bearish

[14:26:41] Cycle 1590
  💰 Current Price: $83.86
  🎯 Signal: HOLD (confidence: 0.10)
  📝 Reason: 5m: RSI oversold (21.9); 5m: MACD bearish; 15m: MACD bearish; 1h: MACD bearish

[14:27:11] Cycle 1591
  💰 Current Price: $83.87
  🎯 Signal: HOLD (confidence: 0.10)
  📝 Reason: 5m: RSI oversold (22.1); 5m: MACD bearish; 15m: MACD bearish; 1h: MACD bearish

[14:27:42] Cycle 1592
  💰 Current Price: $83.86
  🎯 Signal: HOLD (confidence: 0.10)
  📝 Reason: 5m: RSI oversold (21.9); 5m: MACD bearish; 15m: MACD bearish; 1h: MACD bearish

[14:28:13] Cycle 1593
  💰 Current Price: $83.87
  🎯 Signal: HOLD (confidence: 0.10)
  📝 Reason: 5m: RSI oversold (22.1); 5m: MACD bearish; 15m: MACD bearish; 1h: MACD bearish

[14:28:44] Cycle 1594
  💰 Current Price: $83.87
  🎯 Signal: HOLD (confidence: 0.10)
  📝 Reason: 5m: RSI oversold (22.1); 5m: MACD bearish; 15m: MACD bearish; 1h: MACD bearish

[14:29:14] Cycle 1595
  💰 Current Price: $83.86
  🎯 Signal: HOLD (confidence: 0.10)
  📝 Reason: 5m: RSI oversold (21.9); 5m: MACD bearish; 15m: MACD bearish; 1h: MACD bearish

[14:29:45] Cycle 1596
  💰 Current Price: $83.84
  🎯 Signal: HOLD (confidence: 0.10)
  📝 Reason: 5m: RSI oversold (21.5); 5m: MACD bearish; 15m: MACD bearish; 1h: MACD bearish

[14:30:17] Cycle 1597
  💰 Current Price: $83.85
  🎯 Signal: HOLD (confidence: 0.10)
  📝 Reason: 5m: RSI oversold (20.8); 5m: MACD bearish; 15m: RSI oversold (22.9); 15m: MACD bearish

[14:30:47] Cycle 1598
  💰 Current Price: $83.85
  🎯 Signal: HOLD (confidence: 0.10)
  📝 Reason: 5m: RSI oversold (20.8); 5m: MACD bearish; 15m: RSI oversold (22.9); 15m: MACD bearish

[14:31:18] Cycle 1599
  💰 Current Price: $83.85
  🎯 Signal: HOLD (confidence: 0.10)
  📝 Reason: 5m: RSI oversold (20.8); 5m: MACD bearish; 15m: RSI oversold (22.9); 15m: MACD bearish

[14:31:49] Cycle 1600
  💰 Current Price: $83.86
  🎯 Signal: HOLD (confidence: 0.10)
  📝 Reason: 5m: RSI oversold (21.5); 5m: MACD bearish; 15m: RSI oversold (23.3); 15m: MACD bearish

[14:32:20] Cycle 1601
  💰 Current Price: $83.85
  🎯 Signal: HOLD (confidence: 0.10)
  📝 Reason: 5m: RSI oversold (20.8); 5m: MACD bearish; 15m: RSI oversold (22.9); 15m: MACD bearish

[14:32:50] Cycle 1602
  💰 Current Price: $83.85
  🎯 Signal: HOLD (confidence: 0.10)
  📝 Reason: 5m: RSI oversold (20.8); 5m: MACD bearish; 15m: RSI oversold (22.9); 15m: MACD bearish

[14:33:21] Cycle 1603
  💰 Current Price: $83.85
  🎯 Signal: HOLD (confidence: 0.10)
  💰 Current Price: $83.68
  🎯 Signal: BUY (confidence: 0.40)
  📝 Reason: 5m: RSI oversold (15.7); 5m: MACD bearish; 15m: RSI oversold (29.9); 15m: MACD bearish

[14:14:21] Cycle 1558
  💰 Current Price: $83.71
  🎯 Signal: HOLD (confidence: 0.10)
  📝 Reason: 5m: RSI oversold (17.1); 5m: MACD bearish; 15m: MACD bearish; 1h: MACD bearish

[14:14:52] Cycle 1559
  💰 Current Price: $83.87
  🎯 Signal: HOLD (confidence: 0.10)
  📝 Reason: 5m: RSI oversold (18.8); 5m: MACD bearish; 15m: MACD bearish; 1h: MACD bearish

[14:15:23] Cycle 1560
  💰 Current Price: $83.83
  🎯 Signal: HOLD (confidence: 0.10)
  📝 Reason: 5m: RSI oversold (18.6); 5m: MACD bearish; 15m: MACD bearish; 1h: MACD bearish

[14:15:54] Cycle 1561
  💰 Current Price: $83.85
  🎯 Signal: HOLD (confidence: 0.10)
  📝 Reason: 5m: RSI oversold (18.9); 5m: MACD bearish; 15m: MACD bearish; 1h: MACD bearish

[14:16:24] Cycle 1562
  💰 Current Price: $83.88
  🎯 Signal: HOLD (confidence: 0.10)
  📝 Reason: 5m: RSI oversold (18.8); 5m: MACD bearish; 15m: MACD bearish; 1h: MACD bearish

[14:16:55] Cycle 1563
  💰 Current Price: $83.87
  🎯 Signal: HOLD (confidence: 0.10)
  📝 Reason: 5m: RSI oversold (20.0); 5m: MACD bearish; 15m: MACD bearish; 1h: MACD bearish

[14:17:26] Cycle 1564
  💰 Current Price: $83.89
  🎯 Signal: HOLD (confidence: 0.10)
  📝 Reason: 5m: RSI oversold (21.6); 5m: MACD bearish; 15m: MACD bearish; 1h: MACD bearish

[14:17:57] Cycle 1565
  💰 Current Price: $83.85
  🎯 Signal: HOLD (confidence: 0.10)
  📝 Reason: 5m: RSI oversold (18.9); 5m: MACD bearish; 15m: MACD bearish; 1h: MACD bearish

[14:18:28] Cycle 1566
  💰 Current Price: $83.85
  🎯 Signal: HOLD (confidence: 0.10)
  📝 Reason: 5m: RSI oversold (18.9); 5m: MACD bearish; 15m: MACD bearish; 1h: MACD bearish

[14:18:58] Cycle 1567
  💰 Current Price: $83.93
  🎯 Signal: HOLD (confidence: 0.10)
  📝 Reason: 5m: RSI oversold (24.8); 5m: MACD bearish; 15m: MACD bearish; 1h: MACD bearish

[14:19:29] Cycle 1568
  💰 Current Price: $83.91
  🎯 Signal: HOLD (confidence: 0.10)
  📝 Reason: 5m: RSI oversold (23.2); 5m: MACD bearish; 15m: MACD bearish; 1h: MACD bearish

[14:20:00] Cycle 1569
  💰 Current Price: $83.90
  🎯 Signal: HOLD (confidence: 0.10)
  📝 Reason: 5m: RSI oversold (24.0); 5m: MACD bearish; 15m: MACD bearish; 1h: MACD bearish

[14:20:31] Cycle 1570
  💰 Current Price: $83.92
  🎯 Signal: HOLD (confidence: 0.10)
  📝 Reason: 5m: RSI oversold (23.2); 5m: MACD bearish; 15m: MACD bearish; 1h: MACD bearish

[14:21:02] Cycle 1571
  💰 Current Price: $83.92
  🎯 Signal: HOLD (confidence: 0.10)
  📝 Reason: 5m: RSI oversold (23.2); 5m: MACD bearish; 15m: MACD bearish; 1h: MACD bearish

[14:21:32] Cycle 1572
  💰 Current Price: $83.85
  🎯 Signal: HOLD (confidence: 0.10)
  📝 Reason: 5m: RSI oversold (21.1); 5m: MACD bearish; 15m: MACD bearish; 1h: MACD bearish

[14:22:03] Cycle 1573
  💰 Current Price: $83.82
  🎯 Signal: HOLD (confidence: 0.10)
  📝 Reason: 5m: RSI oversold (21.1); 5m: MACD bearish; 15m: MACD bearish; 1h: MACD bearish

[14:22:34] Cycle 1574
  💰 Current Price: $83.84
  🎯 Signal: HOLD (confidence: 0.10)
  📝 Reason: 5m: RSI oversold (21.5); 5m: MACD bearish; 15m: MACD bearish; 1h: MACD bearish

[14:23:05] Cycle 1575
  💰 Current Price: $83.85
  🎯 Signal: HOLD (confidence: 0.10)
  📝 Reason: 5m: RSI oversold (21.7); 5m: MACD bearish; 15m: MACD bearish; 1h: MACD bearish

[14:23:36] Cycle 1576
  💰 Current Price: $83.90
  🎯 Signal: HOLD (confidence: 0.10)
  📝 Reason: 5m: RSI oversold (23.2); 5m: MACD bearish; 15m: MACD bearish; 1h: MACD bearish

[14:24:07] Cycle 1577
  💰 Current Price: $83.92
  🎯 Signal: HOLD (confidence: 0.10)
  📝 Reason: 5m: RSI oversold (23.2); 5m: MACD bearish; 15m: MACD bearish; 1h: MACD bearish

[14:24:38] Cycle 1578
  💰 Current Price: $83.92
  🎯 Signal: HOLD (confidence: 0.10)
  📝 Reason: 5m: RSI oversold (23.2); 5m: MACD bearish; 15m: MACD bearish; 1h: MACD bearish

[14:25:08] Cycle 1579
  💰 Current Price: $83.90
  🎯 Signal: HOLD (confidence: 0.10)
  📝 Reason: 5m: RSI oversold (22.8); 5m: MACD bearish; 15m: MACD bearish; 1h: MACD bearish

[14:25:39] Cycle 1580
  💰 Current Price: $83.86
  🎯 Signal: HOLD (confidence: 0.10)
  📝 Reason: 5m: RSI oversold (21.9); 5m: MACD bearish; 15m: MACD bearish; 1h: MACD bearish

[14:26:10] Cycle 1581
  💰 Current Price: $83.86
  🎯 Signal: HOLD (confidence: 0.10)
  📝 Reason: 5m: RSI oversold (21.9); 5m: MACD bearish; 15m: MACD bearish; 1h: MACD bearish

[14:26:41] Cycle 1582
  💰 Current Price: $83.86
  🎯 Signal: HOLD (confidence: 0.10)
  📝 Reason: 5m: RSI oversold (21.9); 5m: MACD bearish; 15m: MACD bearish; 1h: MACD bearish

[14:27:11] Cycle 1583
  💰 Current Price: $83.87
  🎯 Signal: HOLD (confidence: 0.10)
  📝 Reason: 5m: RSI oversold (22.1); 5m: MACD bearish; 15m: MACD bearish; 1h: MACD bearish

[14:27:42] Cycle 1584
  💰 Current Price: $83.86
  🎯 Signal: HOLD (confidence: 0.10)
  📝 Reason: 5m: RSI oversold (21.9); 5m: MACD bearish; 15m: MACD bearish; 1h: MACD bearish

[14:28:13] Cycle 1585
  💰 Current Price: $83.87
  🎯 Signal: HOLD (confidence: 0.10)
  📝 Reason: 5m: RSI oversold (22.1); 5m: MACD bearish; 15m: MACD bearish; 1h: MACD bearish

[14:28:44] Cycle 1586
  💰 Current Price: $83.87
  🎯 Signal: HOLD (confidence: 0.10)
  📝 Reason: 5m: RSI oversold (22.1); 5m: MACD bearish; 15m: MACD bearish; 1h: MACD bearish

[14:29:15] Cycle 1587
  💰 Current Price: $83.86
  🎯 Signal: HOLD (confidence: 0.10)
  📝 Reason: 5m: RSI oversold (21.9); 5m: MACD bearish; 15m: MACD bearish; 1h: MACD bearish

[14:29:45] Cycle 1588
  💰 Current Price: $83.84
  🎯 Signal: HOLD (confidence: 0.10)
  📝 Reason: 5m: RSI oversold (21.5); 5m: MACD bearish; 15m: MACD bearish; 1h: MACD bearish

[14:30:17] Cycle 1589
  💰 Current Price: $83.85
  🎯 Signal: HOLD (confidence: 0.10)
  📝 Reason: 5m: RSI oversold (20.8); 5m: MACD bearish; 15m: RSI oversold (22.9); 15m: MACD bearish

[14:30:47] Cycle 1590
  💰 Current Price: $83.85
  🎯 Signal: HOLD (confidence: 0.10)
  📝 Reason: 5m: RSI oversold (20.8); 5m: MACD bearish; 15m: RSI oversold (22.9); 15m: MACD bearish

[14:31:18] Cycle 1591
  💰 Current Price: $83.85
  🎯 Signal: HOLD (confidence: 0.10)
  📝 Reason: 5m: RSI oversold (20.8); 5m: MACD bearish; 15m: RSI oversold (22.9); 15m: MACD bearish

[14:31:49] Cycle 1592
  💰 Current Price: $83.86
  🎯 Signal: HOLD (confidence: 0.10)
  📝 Reason: 5m: RSI oversold (21.5); 5m: MACD bearish; 15m: RSI oversold (23.3); 15m: MACD bearish

[14:32:20] Cycle 1593
  💰 Current Price: $83.85
  🎯 Signal: HOLD (confidence: 0.10)
  📝 Reason: 5m: RSI oversold (20.8); 5m: MACD bearish; 15m: RSI oversold (22.9); 15m: MACD bearish

[14:32:50] Cycle 1594
  💰 Current Price: $83.85
  🎯 Signal: HOLD (confidence: 0.10)
  📝 Reason: 5m: RSI oversold (20.8); 5m: MACD bearish; 15m: RSI oversold (22.9); 15m: MACD bearish

[14:33:21] Cycle 1595
  💰 Current Price: $83.85
  🎯 Signal: HOLD (confidence: 0.10)
  📝 Reason: 5m: RSI oversold (20.8); 5m: MACD bearish; 15m: RSI oversold (22.9); 15m: MACD bearish

[14:33:52] Cycle 1596
  💰 Current Price: $83.86
  🎯 Signal: HOLD (confidence: 0.10)
  📝 Reason: 5m: RSI oversold (25.0); 5m: MACD bearish; 15m: RSI oversold (23.3); 15m: MACD bearish

[14:34:23] Cycle 1597
  💰 Current Price: $83.91
  🎯 Signal: HOLD (confidence: 0.10)
  📝 Reason: 5m: RSI oversold (25.0); 5m: MACD bearish; 15m: RSI oversold (25.4); 15m: MACD bearish

[14:34:54] Cycle 1598
  💰 Current Price: $83.93
  🎯 Signal: HOLD (confidence: 0.10)
  📝 Reason: 5m: RSI oversold (26.3); 5m: MACD bearish; 15m: RSI oversold (26.2); 15m: MACD bearish

[14:35:25] Cycle 1599
  💰 Current Price: $83.93
  🎯 Signal: HOLD (confidence: 0.10)
  📝 Reason: 5m: RSI oversold (25.7); 5m: MACD bearish; 15m: RSI oversold (26.2); 15m: MACD bearish

[14:35:56] Cycle 1600
  💰 Current Price: $84.02
  🎯 Signal: HOLD (confidence: 0.10)
  📝 Reason: 5m: RSI oversold (20.8); 5m: MACD bearish; 15m: RSI oversold (22.9); 15m: MACD bearish

[14:33:52] Cycle 1604
  💰 Current Price: $83.86
  🎯 Signal: HOLD (confidence: 0.10)
  📝 Reason: 5m: RSI oversold (21.5); 5m: MACD bearish; 15m: RSI oversold (23.3); 15m: MACD bearish

[14:34:23] Cycle 1605
  💰 Current Price: $83.91
  🎯 Signal: HOLD (confidence: 0.10)
  📝 Reason: 5m: RSI oversold (25.0); 5m: MACD bearish; 15m: RSI oversold (25.4); 15m: MACD bearish

[14:34:54] Cycle 1606
  💰 Current Price: $83.93
  🎯 Signal: HOLD (confidence: 0.10)
  📝 Reason: 5m: RSI oversold (26.3); 5m: MACD bearish; 15m: RSI oversold (26.2); 15m: MACD bearish

[14:35:25] Cycle 1607
  💰 Current Price: $83.93
  🎯 Signal: HOLD (confidence: 0.10)
  📝 Reason: 5m: RSI oversold (25.7); 5m: MACD bearish; 15m: RSI oversold (26.2); 15m: MACD bearish

[14:35:56] Cycle 1608
  💰 Current Price: $84.02
  🎯 Signal: HOLD (confidence: 0.10)
  📝 Reason: 5m: RSI oversold (30.0); 5m: MACD bearish; 15m: RSI oversold (28.9); 15m: MACD bearish

[14:36:27] Cycle 1609
  💰 Current Price: $83.95
  🎯 Signal: HOLD (confidence: 0.10)
  📝 Reason: 5m: RSI oversold (27.0); 5m: MACD bearish; 15m: RSI oversold (27.0); 15m: MACD bearish

[14:36:57] Cycle 1610
  💰 Current Price: $83.97
  🎯 Signal: HOLD (confidence: 0.10)
  📝 Reason: 5m: RSI oversold (28.2); 5m: MACD bearish; 15m: RSI oversold (27.8); 15m: MACD bearish

[14:37:28] Cycle 1611
  💰 Current Price: $83.97
  🎯 Signal: HOLD (confidence: 0.10)
  📝 Reason: 5m: RSI oversold (28.2); 5m: MACD bearish; 15m: RSI oversold (27.8); 15m: MACD bearish

[14:37:59] Cycle 1612
  💰 Current Price: $83.98
  🎯 Signal: HOLD (confidence: 0.10)
  📝 Reason: 5m: RSI oversold (28.8); 5m: MACD bearish; 15m: RSI oversold (28.2); 15m: MACD bearish

[14:38:30] Cycle 1613
  💰 Current Price: $83.99
  🎯 Signal: HOLD (confidence: 0.10)
  📝 Reason: 5m: RSI oversold (29.4); 5m: MACD bearish; 15m: RSI oversold (28.6); 15m: MACD bearish

[14:39:00] Cycle 1614
  💰 Current Price: $84.07
  🎯 Signal: SELL (confidence: 0.20)
  📝 Reason: 5m: MACD bearish; 15m: MACD bearish; 1h: MACD bearish; 4h: RSI oversold (24.4)
  ⚠️ Sell signal but no position

[14:39:31] Cycle 1615
  💰 Current Price: $84.14
  🎯 Signal: SELL (confidence: 0.20)
  📝 Reason: 5m: MACD bearish; 15m: MACD bearish; 1h: MACD bearish; 4h: RSI oversold (24.6)
  ⚠️ Sell signal but no position

[14:40:02] Cycle 1616
  💰 Current Price: $84.38
  🎯 Signal: SELL (confidence: 0.20)
  📝 Reason: 5m: MACD bearish; 15m: MACD bearish; 1h: MACD bearish; 4h: RSI oversold (25.1)
  ⚠️ Sell signal but no position

[14:40:33] Cycle 1617
  💰 Current Price: $84.28
  🎯 Signal: SELL (confidence: 0.20)
  📝 Reason: 5m: MACD bearish; 15m: MACD bearish; 1h: MACD bearish; 4h: RSI oversold (24.8)
  ⚠️ Sell signal but no position

[14:41:03] Cycle 1618
  💰 Current Price: $84.25
  🎯 Signal: SELL (confidence: 0.20)
  📝 Reason: 5m: MACD bearish; 15m: MACD bearish; 1h: MACD bearish; 4h: RSI oversold (24.8)
  ⚠️ Sell signal but no position

[14:41:34] Cycle 1619
  💰 Current Price: $84.32
  🎯 Signal: SELL (confidence: 0.20)
  📝 Reason: 5m: MACD bearish; 15m: MACD bearish; 1h: MACD bearish; 4h: RSI oversold (24.9)
  ⚠️ Sell signal but no position

[14:42:05] Cycle 1620
  💰 Current Price: $84.26
  🎯 Signal: SELL (confidence: 0.20)
  📝 Reason: 5m: MACD bearish; 15m: MACD bearish; 1h: MACD bearish; 4h: RSI oversold (24.9)
  ⚠️ Sell signal but no position

[14:42:36] Cycle 1621
  💰 Current Price: $84.29
  🎯 Signal: SELL (confidence: 0.20)
  📝 Reason: 5m: MACD bearish; 15m: MACD bearish; 1h: MACD bearish; 4h: RSI oversold (24.9)
  ⚠️ Sell signal but no position

[14:43:07] Cycle 1622
  💰 Current Price: $84.26
  🎯 Signal: SELL (confidence: 0.20)
  📝 Reason: 5m: MACD bearish; 15m: MACD bearish; 1h: MACD bearish; 4h: RSI oversold (24.8)
  ⚠️ Sell signal but no position

[14:43:38] Cycle 1623
  💰 Current Price: $84.26
  🎯 Signal: SELL (confidence: 0.20)
  📝 Reason: 5m: MACD bearish; 15m: MACD bearish; 1h: MACD bearish; 4h: RSI oversold (24.8)
  ⚠️ Sell signal but no position

[14:44:09] Cycle 1624
  💰 Current Price: $84.24
  🎯 Signal: SELL (confidence: 0.20)
  📝 Reason: 5m: MACD bearish; 15m: MACD bearish; 1h: MACD bearish; 4h: RSI oversold (24.8)
  ⚠️ Sell signal but no position

[14:44:40] Cycle 1625
  💰 Current Price: $84.24
  🎯 Signal: SELL (confidence: 0.20)
  📝 Reason: 5m: MACD bearish; 15m: MACD bearish; 1h: MACD bearish; 4h: RSI oversold (24.7)
  ⚠️ Sell signal but no position

[14:45:11] Cycle 1626
  💰 Current Price: $84.21
  🎯 Signal: SELL (confidence: 0.20)
  📝 Reason: 5m: MACD bearish; 15m: MACD bearish; 1h: MACD bearish; 4h: RSI oversold (24.7)
  ⚠️ Sell signal but no position

[14:45:41] Cycle 1627
  💰 Current Price: $84.21
  🎯 Signal: SELL (confidence: 0.20)
  📝 Reason: 5m: MACD bearish; 15m: MACD bearish; 1h: MACD bearish; 4h: RSI oversold (24.7)
  ⚠️ Sell signal but no position

[14:46:12] Cycle 1628
  💰 Current Price: $84.21
  🎯 Signal: SELL (confidence: 0.20)
  📝 Reason: 5m: MACD bearish; 15m: MACD bearish; 1h: MACD bearish; 4h: RSI oversold (24.8)
  ⚠️ Sell signal but no position

[14:46:43] Cycle 1629
  💰 Current Price: $84.25
  🎯 Signal: SELL (confidence: 0.20)
  📝 Reason: 5m: MACD bearish; 15m: MACD bearish; 1h: MACD bearish; 4h: RSI oversold (24.8)
  ⚠️ Sell signal but no position

[14:47:14] Cycle 1630
  💰 Current Price: $84.24
  🎯 Signal: SELL (confidence: 0.20)
  📝 Reason: 5m: MACD bearish; 15m: MACD bearish; 1h: MACD bearish; 4h: RSI oversold (24.8)
  ⚠️ Sell signal but no position

[14:47:45] Cycle 1631
  💰 Current Price: $84.19
  🎯 Signal: SELL (confidence: 0.20)
  📝 Reason: 5m: MACD bearish; 15m: MACD bearish; 1h: MACD bearish; 4h: RSI oversold (24.7)
  ⚠️ Sell signal but no position

[14:48:16] Cycle 1632
  💰 Current Price: $84.19
  🎯 Signal: SELL (confidence: 0.20)
  📝 Reason: 5m: MACD bearish; 15m: MACD bearish; 1h: MACD bearish; 4h: RSI oversold (24.7)
  ⚠️ Sell signal but no position

[14:48:46] Cycle 1633
  💰 Current Price: $84.16
  🎯 Signal: SELL (confidence: 0.20)
  📝 Reason: 5m: MACD bearish; 15m: MACD bearish; 1h: MACD bearish; 4h: RSI oversold (24.6)
  ⚠️ Sell signal but no position

[14:49:18] Cycle 1634
  💰 Current Price: $84.15
  🎯 Signal: SELL (confidence: 0.20)
  📝 Reason: 5m: MACD bearish; 15m: MACD bearish; 1h: MACD bearish; 4h: RSI oversold (24.6)
  ⚠️ Sell signal but no position

[14:49:49] Cycle 1635
  💰 Current Price: $84.20
  🎯 Signal: SELL (confidence: 0.20)
  📝 Reason: 5m: MACD bearish; 15m: MACD bearish; 1h: MACD bearish; 4h: RSI oversold (24.7)
  ⚠️ Sell signal but no position

[14:50:20] Cycle 1636
  💰 Current Price: $84.20
  🎯 Signal: SELL (confidence: 0.20)
  📝 Reason: 5m: MACD bearish; 15m: MACD bearish; 1h: MACD bearish; 4h: RSI oversold (24.7)
  ⚠️ Sell signal but no position

[14:50:51] Cycle 1637
  💰 Current Price: $84.25
  🎯 Signal: SELL (confidence: 0.20)
  📝 Reason: 5m: MACD bearish; 15m: MACD bearish; 1h: MACD bearish; 4h: RSI oversold (24.8)
  ⚠️ Sell signal but no position

[14:51:22] Cycle 1638
  💰 Current Price: $84.16
  🎯 Signal: SELL (confidence: 0.20)
  📝 Reason: 5m: MACD bearish; 15m: MACD bearish; 1h: MACD bearish; 4h: RSI oversold (24.6)
  ⚠️ Sell signal but no position

[14:51:52] Cycle 1639
  💰 Current Price: $84.24
  🎯 Signal: SELL (confidence: 0.20)
  📝 Reason: 5m: MACD bearish; 15m: MACD bearish; 1h: MACD bearish; 4h: RSI oversold (24.8)
  ⚠️ Sell signal but no position

[14:52:23] Cycle 1640
  💰 Current Price: $84.24
  🎯 Signal: SELL (confidence: 0.20)
  📝 Reason: 5m: MACD bearish; 15m: MACD bearish; 1h: MACD bearish; 4h: RSI oversold (24.8)
  ⚠️ Sell signal but no position

[14:52:54] Cycle 1641
  💰 Current Price: $84.22
  🎯 Signal: SELL (confidence: 0.20)
  📝 Reason: 5m: RSI oversold (30.0); 5m: MACD bearish; 15m: RSI oversold (28.9); 15m: MACD bearish

[14:36:27] Cycle 1601
  💰 Current Price: $83.95
  🎯 Signal: HOLD (confidence: 0.10)
  📝 Reason: 5m: RSI oversold (27.0); 5m: MACD bearish; 15m: RSI oversold (27.0); 15m: MACD bearish

[14:36:57] Cycle 1602
  💰 Current Price: $83.97
  🎯 Signal: HOLD (confidence: 0.10)
  📝 Reason: 5m: RSI oversold (28.2); 5m: MACD bearish; 15m: RSI oversold (27.8); 15m: MACD bearish

[14:37:28] Cycle 1603
  💰 Current Price: $83.97
  🎯 Signal: HOLD (confidence: 0.10)
  📝 Reason: 5m: RSI oversold (28.2); 5m: MACD bearish; 15m: RSI oversold (27.8); 15m: MACD bearish

[14:37:59] Cycle 1604
  💰 Current Price: $83.98
  🎯 Signal: HOLD (confidence: 0.10)
  📝 Reason: 5m: RSI oversold (28.8); 5m: MACD bearish; 15m: RSI oversold (28.2); 15m: MACD bearish

[14:38:30] Cycle 1605
  💰 Current Price: $83.99
  🎯 Signal: HOLD (confidence: 0.10)
  📝 Reason: 5m: RSI oversold (29.4); 5m: MACD bearish; 15m: RSI oversold (28.6); 15m: MACD bearish

[14:39:00] Cycle 1606
  💰 Current Price: $84.07
  🎯 Signal: SELL (confidence: 0.20)
  📝 Reason: 5m: MACD bearish; 15m: MACD bearish; 1h: MACD bearish; 4h: RSI oversold (24.4)
  ⚠️ Sell signal but no position

[14:39:31] Cycle 1607
  💰 Current Price: $84.14
  🎯 Signal: SELL (confidence: 0.20)
  📝 Reason: 5m: MACD bearish; 15m: MACD bearish; 1h: MACD bearish; 4h: RSI oversold (24.6)
  ⚠️ Sell signal but no position

[14:40:02] Cycle 1608
  💰 Current Price: $84.38
  🎯 Signal: SELL (confidence: 0.20)
  📝 Reason: 5m: MACD bearish; 15m: MACD bearish; 1h: MACD bearish; 4h: RSI oversold (25.1)
  ⚠️ Sell signal but no position

[14:40:33] Cycle 1609
  💰 Current Price: $84.28
  🎯 Signal: SELL (confidence: 0.20)
  📝 Reason: 5m: MACD bearish; 15m: MACD bearish; 1h: MACD bearish; 4h: RSI oversold (24.8)
  ⚠️ Sell signal but no position

[14:41:03] Cycle 1610
  💰 Current Price: $84.25
  🎯 Signal: SELL (confidence: 0.20)
  📝 Reason: 5m: MACD bearish; 15m: MACD bearish; 1h: MACD bearish; 4h: RSI oversold (24.8)
  ⚠️ Sell signal but no position

[14:41:34] Cycle 1611
  💰 Current Price: $84.32
  🎯 Signal: SELL (confidence: 0.20)
  📝 Reason: 5m: MACD bearish; 15m: MACD bearish; 1h: MACD bearish; 4h: RSI oversold (24.9)
  ⚠️ Sell signal but no position

[14:42:05] Cycle 1612
  💰 Current Price: $84.26
  🎯 Signal: SELL (confidence: 0.20)
  📝 Reason: 5m: MACD bearish; 15m: MACD bearish; 1h: MACD bearish; 4h: RSI oversold (24.9)
  ⚠️ Sell signal but no position

[14:42:36] Cycle 1613
  💰 Current Price: $84.29
  🎯 Signal: SELL (confidence: 0.20)
  📝 Reason: 5m: MACD bearish; 15m: MACD bearish; 1h: MACD bearish; 4h: RSI oversold (24.9)
  ⚠️ Sell signal but no position

[14:43:07] Cycle 1614
  💰 Current Price: $84.26
  🎯 Signal: SELL (confidence: 0.20)
  📝 Reason: 5m: MACD bearish; 15m: MACD bearish; 1h: MACD bearish; 4h: RSI oversold (24.8)
  ⚠️ Sell signal but no position

[14:43:38] Cycle 1615
  💰 Current Price: $84.26
  🎯 Signal: SELL (confidence: 0.20)
  📝 Reason: 5m: MACD bearish; 15m: MACD bearish; 1h: MACD bearish; 4h: RSI oversold (24.8)
  ⚠️ Sell signal but no position

[14:44:09] Cycle 1616
  💰 Current Price: $84.24
  🎯 Signal: SELL (confidence: 0.20)
  📝 Reason: 5m: MACD bearish; 15m: MACD bearish; 1h: MACD bearish; 4h: RSI oversold (24.8)
  ⚠️ Sell signal but no position

[14:44:40] Cycle 1617
  💰 Current Price: $84.24
  🎯 Signal: SELL (confidence: 0.20)
  📝 Reason: 5m: MACD bearish; 15m: MACD bearish; 1h: MACD bearish; 4h: RSI oversold (24.7)
  ⚠️ Sell signal but no position

[14:45:11] Cycle 1618
  💰 Current Price: $84.21
  🎯 Signal: SELL (confidence: 0.20)
  📝 Reason: 5m: MACD bearish; 15m: MACD bearish; 1h: MACD bearish; 4h: RSI oversold (24.7)
  ⚠️ Sell signal but no position

[14:45:41] Cycle 1619
  💰 Current Price: $84.21
  🎯 Signal: SELL (confidence: 0.20)
  📝 Reason: 5m: MACD bearish; 15m: MACD bearish; 1h: MACD bearish; 4h: RSI oversold (24.7)
  ⚠️ Sell signal but no position

[14:46:12] Cycle 1620
  💰 Current Price: $84.21
  🎯 Signal: SELL (confidence: 0.20)
  📝 Reason: 5m: MACD bearish; 15m: MACD bearish; 1h: MACD bearish; 4h: RSI oversold (24.8)
  ⚠️ Sell signal but no position

[14:46:43] Cycle 1621
  💰 Current Price: $84.25
  🎯 Signal: SELL (confidence: 0.20)
  📝 Reason: 5m: MACD bearish; 15m: MACD bearish; 1h: MACD bearish; 4h: RSI oversold (24.8)
  ⚠️ Sell signal but no position

[14:47:14] Cycle 1622
  💰 Current Price: $84.24
  🎯 Signal: SELL (confidence: 0.20)
  📝 Reason: 5m: MACD bearish; 15m: MACD bearish; 1h: MACD bearish; 4h: RSI oversold (24.8)
  ⚠️ Sell signal but no position

[14:47:45] Cycle 1623
  💰 Current Price: $84.19
  🎯 Signal: SELL (confidence: 0.20)
  📝 Reason: 5m: MACD bearish; 15m: MACD bearish; 1h: MACD bearish; 4h: RSI oversold (24.7)
  ⚠️ Sell signal but no position

[14:48:16] Cycle 1624
  💰 Current Price: $84.19
  🎯 Signal: SELL (confidence: 0.20)
  📝 Reason: 5m: MACD bearish; 15m: MACD bearish; 1h: MACD bearish; 4h: RSI oversold (24.7)
  ⚠️ Sell signal but no position

[14:48:46] Cycle 1625
  💰 Current Price: $84.16
  🎯 Signal: SELL (confidence: 0.20)
  📝 Reason: 5m: MACD bearish; 15m: MACD bearish; 1h: MACD bearish; 4h: RSI oversold (24.6)
  ⚠️ Sell signal but no position

[14:49:18] Cycle 1626
  💰 Current Price: $84.15
  🎯 Signal: SELL (confidence: 0.20)
  📝 Reason: 5m: MACD bearish; 15m: MACD bearish; 1h: MACD bearish; 4h: RSI oversold (24.6)
  ⚠️ Sell signal but no position

[14:49:49] Cycle 1627
  💰 Current Price: $84.20
  🎯 Signal: SELL (confidence: 0.20)
  📝 Reason: 5m: MACD bearish; 15m: MACD bearish; 1h: MACD bearish; 4h: RSI oversold (24.7)
  ⚠️ Sell signal but no position

[14:50:20] Cycle 1628
  💰 Current Price: $84.20
  🎯 Signal: SELL (confidence: 0.20)
  📝 Reason: 5m: MACD bearish; 15m: MACD bearish; 1h: MACD bearish; 4h: RSI oversold (24.7)
  ⚠️ Sell signal but no position

[14:50:51] Cycle 1629
  💰 Current Price: $84.25
  🎯 Signal: SELL (confidence: 0.20)
  📝 Reason: 5m: MACD bearish; 15m: MACD bearish; 1h: MACD bearish; 4h: RSI oversold (24.8)
  ⚠️ Sell signal but no position

[14:51:22] Cycle 1630
  💰 Current Price: $84.16
  🎯 Signal: SELL (confidence: 0.20)
  📝 Reason: 5m: MACD bearish; 15m: MACD bearish; 1h: MACD bearish; 4h: RSI oversold (24.6)
  ⚠️ Sell signal but no position

[14:51:52] Cycle 1631
  💰 Current Price: $84.24
  🎯 Signal: SELL (confidence: 0.20)
  📝 Reason: 5m: MACD bearish; 15m: MACD bearish; 1h: MACD bearish; 4h: RSI oversold (24.8)
  ⚠️ Sell signal but no position

[14:52:23] Cycle 1632
  💰 Current Price: $84.24
  🎯 Signal: SELL (confidence: 0.20)
  📝 Reason: 5m: MACD bearish; 15m: MACD bearish; 1h: MACD bearish; 4h: RSI oversold (24.8)
  ⚠️ Sell signal but no position

[14:52:54] Cycle 1633
  💰 Current Price: $84.22
  🎯 Signal: SELL (confidence: 0.20)
  📝 Reason: 5m: MACD bearish; 15m: MACD bearish; 1h: MACD bearish; 4h: RSI oversold (24.7)
  ⚠️ Sell signal but no position

[14:53:25] Cycle 1634
  💰 Current Price: $84.20
  🎯 Signal: SELL (confidence: 0.20)
  📝 Reason: 5m: MACD bearish; 15m: MACD bearish; 1h: MACD bearish; 4h: RSI oversold (24.7)
  ⚠️ Sell signal but no position

[14:53:56] Cycle 1635
  💰 Current Price: $84.21
  🎯 Signal: SELL (confidence: 0.20)
  📝 Reason: 5m: MACD bearish; 15m: MACD bearish; 1h: MACD bearish; 4h: RSI oversold (24.7)
  ⚠️ Sell signal but no position

[14:54:27] Cycle 1636
  💰 Current Price: $84.22
  🎯 Signal: SELL (confidence: 0.20)
  📝 Reason: 5m: MACD bearish; 15m: MACD bearish; 1h: MACD bearish; 4h: RSI oversold (24.7)
  ⚠️ Sell signal but no position

[14:54:57] Cycle 1637
  💰 Current Price: $84.24
  🎯 Signal: SELL (confidence: 0.20)
  📝 Reason: 5m: MACD bearish; 15m: MACD bearish; 1h: MACD bearish; 4h: RSI oversold (24.8)
  ⚠️ Sell signal but no position
  📝 Reason: 5m: MACD bearish; 15m: MACD bearish; 1h: MACD bearish; 4h: RSI oversold (24.7)
  ⚠️ Sell signal but no position

[14:53:25] Cycle 1642
  💰 Current Price: $84.20
  🎯 Signal: SELL (confidence: 0.20)
  📝 Reason: 5m: MACD bearish; 15m: MACD bearish; 1h: MACD bearish; 4h: RSI oversold (24.7)
  ⚠️ Sell signal but no position

[14:53:56] Cycle 1643
  💰 Current Price: $84.21
  🎯 Signal: SELL (confidence: 0.20)
  📝 Reason: 5m: MACD bearish; 15m: MACD bearish; 1h: MACD bearish; 4h: RSI oversold (24.7)
  ⚠️ Sell signal but no position

[14:54:27] Cycle 1644
  💰 Current Price: $84.22
  🎯 Signal: SELL (confidence: 0.20)
  📝 Reason: 5m: MACD bearish; 15m: MACD bearish; 1h: MACD bearish; 4h: RSI oversold (24.7)
  ⚠️ Sell signal but no position

[14:54:57] Cycle 1645
  💰 Current Price: $84.24
  🎯 Signal: SELL (confidence: 0.20)
  📝 Reason: 5m: MACD bearish; 15m: MACD bearish; 1h: MACD bearish; 4h: RSI oversold (24.8)
  ⚠️ Sell signal but no position

[14:55:28] Cycle 1646
  💰 Current Price: $84.24
  🎯 Signal: SELL (confidence: 0.20)
  📝 Reason: 5m: MACD bearish; 15m: MACD bearish; 1h: MACD bearish; 4h: RSI oversold (24.8)
  ⚠️ Sell signal but no position

[14:55:59] Cycle 1647
  💰 Current Price: $84.28
  🎯 Signal: SELL (confidence: 0.20)
  📝 Reason: 5m: MACD bearish; 15m: MACD bearish; 1h: MACD bearish; 4h: RSI oversold (24.9)
  ⚠️ Sell signal but no position

[14:56:30] Cycle 1648
  💰 Current Price: $84.26
  🎯 Signal: SELL (confidence: 0.20)
  📝 Reason: 5m: MACD bearish; 15m: MACD bearish; 1h: MACD bearish; 4h: RSI oversold (24.8)
  ⚠️ Sell signal but no position

[14:57:01] Cycle 1649
  💰 Current Price: $84.25
  🎯 Signal: SELL (confidence: 0.20)
  📝 Reason: 5m: MACD bearish; 15m: MACD bearish; 1h: MACD bearish; 4h: RSI oversold (24.8)
  ⚠️ Sell signal but no position

[14:57:31] Cycle 1650
  💰 Current Price: $84.26
  🎯 Signal: SELL (confidence: 0.20)
  📝 Reason: 5m: MACD bearish; 15m: MACD bearish; 1h: MACD bearish; 4h: RSI oversold (24.8)
  ⚠️ Sell signal but no position

[14:58:02] Cycle 1651
  💰 Current Price: $84.28
  🎯 Signal: SELL (confidence: 0.20)
  📝 Reason: 5m: MACD bearish; 15m: MACD bearish; 1h: MACD bearish; 4h: RSI oversold (24.9)
  ⚠️ Sell signal but no position

[14:58:33] Cycle 1652
  💰 Current Price: $84.26
  🎯 Signal: SELL (confidence: 0.20)
  📝 Reason: 5m: MACD bearish; 15m: MACD bearish; 1h: MACD bearish; 4h: RSI oversold (24.8)
  ⚠️ Sell signal but no position

[14:59:03] Cycle 1653
  💰 Current Price: $84.26
  🎯 Signal: SELL (confidence: 0.20)
  📝 Reason: 5m: MACD bearish; 15m: MACD bearish; 1h: MACD bearish; 4h: RSI oversold (24.8)
  ⚠️ Sell signal but no position

[14:59:35] Cycle 1654
  💰 Current Price: $84.24
  🎯 Signal: SELL (confidence: 0.20)
  📝 Reason: 5m: MACD bearish; 15m: MACD bearish; 1h: MACD bearish; 4h: RSI oversold (24.8)
  ⚠️ Sell signal but no position

[15:00:06] Cycle 1655
  💰 Current Price: $84.24
  🎯 Signal: SELL (confidence: 0.20)
  📝 Reason: 5m: MACD bearish; 15m: MACD bearish; 1h: MACD bearish; 4h: RSI oversold (24.7)
  ⚠️ Sell signal but no position

[15:00:36] Cycle 1656
  💰 Current Price: $84.20
  🎯 Signal: SELL (confidence: 0.20)
  📝 Reason: 5m: MACD bearish; 15m: MACD bearish; 1h: MACD bearish; 4h: RSI oversold (24.7)
  ⚠️ Sell signal but no position

[15:01:07] Cycle 1657
  💰 Current Price: $84.19
  🎯 Signal: SELL (confidence: 0.20)
  📝 Reason: 5m: MACD bearish; 15m: MACD bearish; 1h: MACD bearish; 4h: RSI oversold (24.7)
  ⚠️ Sell signal but no position

[15:01:38] Cycle 1658
  💰 Current Price: $84.18
  🎯 Signal: SELL (confidence: 0.20)
  📝 Reason: 5m: MACD bearish; 15m: MACD bearish; 1h: MACD bearish; 4h: RSI oversold (24.6)
  ⚠️ Sell signal but no position

[15:02:08] Cycle 1659
  💰 Current Price: $84.17
  🎯 Signal: SELL (confidence: 0.20)
  📝 Reason: 5m: MACD bearish; 15m: MACD bearish; 1h: MACD bearish; 4h: RSI oversold (24.5)
  ⚠️ Sell signal but no position

[15:02:39] Cycle 1660
  💰 Current Price: $84.12
  🎯 Signal: SELL (confidence: 0.20)
  📝 Reason: 5m: MACD bearish; 15m: MACD bearish; 1h: MACD bearish; 4h: RSI oversold (24.5)
  ⚠️ Sell signal but no position

[15:03:10] Cycle 1661
  💰 Current Price: $84.14
  🎯 Signal: SELL (confidence: 0.20)
  📝 Reason: 5m: MACD bearish; 15m: MACD bearish; 1h: MACD bearish; 4h: RSI oversold (24.5)
  ⚠️ Sell signal but no position

[15:03:40] Cycle 1662
  💰 Current Price: $84.14
  🎯 Signal: SELL (confidence: 0.20)
  📝 Reason: 5m: MACD bearish; 15m: MACD bearish; 1h: MACD bearish; 4h: RSI oversold (24.6)
  ⚠️ Sell signal but no position

[15:04:11] Cycle 1663
  💰 Current Price: $84.13
  🎯 Signal: SELL (confidence: 0.20)
  📝 Reason: 5m: MACD bearish; 15m: MACD bearish; 1h: MACD bearish; 4h: RSI oversold (24.5)
  ⚠️ Sell signal but no position

[15:04:42] Cycle 1664
  💰 Current Price: $84.10
  🎯 Signal: SELL (confidence: 0.20)
  📝 Reason: 5m: MACD bearish; 15m: MACD bearish; 1h: MACD bearish; 4h: RSI oversold (24.5)
  ⚠️ Sell signal but no position

[15:05:13] Cycle 1665
  💰 Current Price: $84.05
  🎯 Signal: SELL (confidence: 0.20)
  📝 Reason: 5m: MACD bearish; 15m: MACD bearish; 1h: MACD bearish; 4h: RSI oversold (24.3)
  ⚠️ Sell signal but no position

[15:05:44] Cycle 1666
  💰 Current Price: $84.02
  🎯 Signal: SELL (confidence: 0.20)
  📝 Reason: 5m: MACD bearish; 15m: MACD bearish; 1h: MACD bearish; 4h: RSI oversold (24.3)
  ⚠️ Sell signal but no position

[15:06:15] Cycle 1667
  💰 Current Price: $84.04
  🎯 Signal: SELL (confidence: 0.20)
  📝 Reason: 5m: MACD bearish; 15m: MACD bearish; 1h: MACD bearish; 4h: RSI oversold (24.3)
  ⚠️ Sell signal but no position

[15:06:45] Cycle 1668
  💰 Current Price: $84.10
  🎯 Signal: SELL (confidence: 0.20)
  📝 Reason: 5m: MACD bearish; 15m: MACD bearish; 1h: MACD bearish; 4h: RSI oversold (24.5)
  ⚠️ Sell signal but no position

[15:07:16] Cycle 1669
  💰 Current Price: $84.11
  🎯 Signal: SELL (confidence: 0.20)
  📝 Reason: 5m: MACD bearish; 15m: MACD bearish; 1h: MACD bearish; 4h: RSI oversold (24.5)
  ⚠️ Sell signal but no position

[15:07:47] Cycle 1670
  💰 Current Price: $84.10
  🎯 Signal: SELL (confidence: 0.20)
  📝 Reason: 5m: MACD bearish; 15m: MACD bearish; 1h: MACD bearish; 4h: RSI oversold (24.5)
  ⚠️ Sell signal but no position

[15:08:18] Cycle 1671
  💰 Current Price: $84.12
  🎯 Signal: SELL (confidence: 0.20)
  📝 Reason: 5m: MACD bearish; 15m: MACD bearish; 1h: MACD bearish; 4h: RSI oversold (24.5)
  ⚠️ Sell signal but no position

[15:08:49] Cycle 1672
  💰 Current Price: $84.11
  🎯 Signal: SELL (confidence: 0.20)
  📝 Reason: 5m: MACD bearish; 15m: MACD bearish; 1h: MACD bearish; 4h: RSI oversold (24.5)
  ⚠️ Sell signal but no position

[15:09:19] Cycle 1673
  💰 Current Price: $84.10
  🎯 Signal: SELL (confidence: 0.20)
  📝 Reason: 5m: MACD bearish; 15m: MACD bearish; 1h: MACD bearish; 4h: RSI oversold (24.5)
  ⚠️ Sell signal but no position

[15:09:50] Cycle 1674
  💰 Current Price: $84.06
  🎯 Signal: SELL (confidence: 0.20)
  📝 Reason: 5m: MACD bearish; 15m: MACD bearish; 1h: MACD bearish; 4h: RSI oversold (24.5)
  ⚠️ Sell signal but no position

[15:10:21] Cycle 1675
  💰 Current Price: $84.05
  🎯 Signal: SELL (confidence: 0.20)
  📝 Reason: 5m: MACD bearish; 15m: MACD bearish; 1h: MACD bearish; 4h: RSI oversold (24.4)
  ⚠️ Sell signal but no position

[15:10:52] Cycle 1676
  💰 Current Price: $84.05
  🎯 Signal: SELL (confidence: 0.20)
  📝 Reason: 5m: MACD bearish; 15m: MACD bearish; 1h: MACD bearish; 4h: RSI oversold (24.4)
  ⚠️ Sell signal but no position

[15:11:23] Cycle 1677
  💰 Current Price: $84.00
  🎯 Signal: SELL (confidence: 0.20)
  📝 Reason: 5m: MACD bearish; 15m: MACD bearish; 1h: MACD bearish; 4h: RSI oversold (24.3)
  ⚠️ Sell signal but no position

[15:11:54] Cycle 1678
  💰 Current Price: $84.00

[14:55:28] Cycle 1638
  💰 Current Price: $84.24
  🎯 Signal: SELL (confidence: 0.20)
  📝 Reason: 5m: MACD bearish; 15m: MACD bearish; 1h: MACD bearish; 4h: RSI oversold (24.8)
  ⚠️ Sell signal but no position

[14:55:59] Cycle 1639
  💰 Current Price: $84.28
  🎯 Signal: SELL (confidence: 0.20)
  📝 Reason: 5m: MACD bearish; 15m: MACD bearish; 1h: MACD bearish; 4h: RSI oversold (24.9)
  ⚠️ Sell signal but no position

[14:56:30] Cycle 1640
  💰 Current Price: $84.26
  🎯 Signal: SELL (confidence: 0.20)
  📝 Reason: 5m: MACD bearish; 15m: MACD bearish; 1h: MACD bearish; 4h: RSI oversold (24.8)
  ⚠️ Sell signal but no position

[14:57:01] Cycle 1641
  💰 Current Price: $84.25
  🎯 Signal: SELL (confidence: 0.20)
  📝 Reason: 5m: MACD bearish; 15m: MACD bearish; 1h: MACD bearish; 4h: RSI oversold (24.8)
  ⚠️ Sell signal but no position

[14:57:31] Cycle 1642
  💰 Current Price: $84.26
  🎯 Signal: SELL (confidence: 0.20)
  📝 Reason: 5m: MACD bearish; 15m: MACD bearish; 1h: MACD bearish; 4h: RSI oversold (24.8)
  ⚠️ Sell signal but no position

[14:58:02] Cycle 1643
  💰 Current Price: $84.28
  🎯 Signal: SELL (confidence: 0.20)
  📝 Reason: 5m: MACD bearish; 15m: MACD bearish; 1h: MACD bearish; 4h: RSI oversold (24.9)
  ⚠️ Sell signal but no position

[14:58:33] Cycle 1644
  💰 Current Price: $84.26
  🎯 Signal: SELL (confidence: 0.20)
  📝 Reason: 5m: MACD bearish; 15m: MACD bearish; 1h: MACD bearish; 4h: RSI oversold (24.8)
  ⚠️ Sell signal but no position

[14:59:03] Cycle 1645
  💰 Current Price: $84.26
  🎯 Signal: SELL (confidence: 0.20)
  📝 Reason: 5m: MACD bearish; 15m: MACD bearish; 1h: MACD bearish; 4h: RSI oversold (24.8)
  ⚠️ Sell signal but no position

[14:59:35] Cycle 1646
  💰 Current Price: $84.24
  🎯 Signal: SELL (confidence: 0.20)
  📝 Reason: 5m: MACD bearish; 15m: MACD bearish; 1h: MACD bearish; 4h: RSI oversold (24.8)
  ⚠️ Sell signal but no position

[15:00:06] Cycle 1647
  💰 Current Price: $84.24
  🎯 Signal: SELL (confidence: 0.20)
  📝 Reason: 5m: MACD bearish; 15m: MACD bearish; 1h: MACD bearish; 4h: RSI oversold (24.7)
  ⚠️ Sell signal but no position

[15:00:36] Cycle 1648
  💰 Current Price: $84.20
  🎯 Signal: SELL (confidence: 0.20)
  📝 Reason: 5m: MACD bearish; 15m: MACD bearish; 1h: MACD bearish; 4h: RSI oversold (24.7)
  ⚠️ Sell signal but no position

[15:01:07] Cycle 1649
  💰 Current Price: $84.19
  🎯 Signal: SELL (confidence: 0.20)
  📝 Reason: 5m: MACD bearish; 15m: MACD bearish; 1h: MACD bearish; 4h: RSI oversold (24.7)
  ⚠️ Sell signal but no position

[15:01:38] Cycle 1650
  💰 Current Price: $84.18
  🎯 Signal: SELL (confidence: 0.20)
  📝 Reason: 5m: MACD bearish; 15m: MACD bearish; 1h: MACD bearish; 4h: RSI oversold (24.6)
  ⚠️ Sell signal but no position

[15:02:08] Cycle 1651
  💰 Current Price: $84.17
  🎯 Signal: SELL (confidence: 0.20)
  📝 Reason: 5m: MACD bearish; 15m: MACD bearish; 1h: MACD bearish; 4h: RSI oversold (24.5)
  ⚠️ Sell signal but no position

[15:02:39] Cycle 1652
  💰 Current Price: $84.12
  🎯 Signal: SELL (confidence: 0.20)
  📝 Reason: 5m: MACD bearish; 15m: MACD bearish; 1h: MACD bearish; 4h: RSI oversold (24.5)
  ⚠️ Sell signal but no position

[15:03:10] Cycle 1653
  💰 Current Price: $84.14
  🎯 Signal: SELL (confidence: 0.20)
  📝 Reason: 5m: MACD bearish; 15m: MACD bearish; 1h: MACD bearish; 4h: RSI oversold (24.5)
  ⚠️ Sell signal but no position

[15:03:41] Cycle 1654
  💰 Current Price: $84.14
  🎯 Signal: SELL (confidence: 0.20)
  📝 Reason: 5m: MACD bearish; 15m: MACD bearish; 1h: MACD bearish; 4h: RSI oversold (24.6)
  ⚠️ Sell signal but no position

[15:04:11] Cycle 1655
  💰 Current Price: $84.13
  🎯 Signal: SELL (confidence: 0.20)
  📝 Reason: 5m: MACD bearish; 15m: MACD bearish; 1h: MACD bearish; 4h: RSI oversold (24.5)
  ⚠️ Sell signal but no position

[15:04:42] Cycle 1656
  💰 Current Price: $84.10
  🎯 Signal: SELL (confidence: 0.20)
  📝 Reason: 5m: MACD bearish; 15m: MACD bearish; 1h: MACD bearish; 4h: RSI oversold (24.5)
  ⚠️ Sell signal but no position

[15:05:13] Cycle 1657
  💰 Current Price: $84.05
  🎯 Signal: SELL (confidence: 0.20)
  📝 Reason: 5m: MACD bearish; 15m: MACD bearish; 1h: MACD bearish; 4h: RSI oversold (24.3)
  ⚠️ Sell signal but no position

[15:05:44] Cycle 1658
  💰 Current Price: $84.02
  🎯 Signal: SELL (confidence: 0.20)
  📝 Reason: 5m: MACD bearish; 15m: MACD bearish; 1h: MACD bearish; 4h: RSI oversold (24.3)
  ⚠️ Sell signal but no position

[15:06:15] Cycle 1659
  💰 Current Price: $84.04
  🎯 Signal: SELL (confidence: 0.20)
  📝 Reason: 5m: MACD bearish; 15m: MACD bearish; 1h: MACD bearish; 4h: RSI oversold (24.3)
  ⚠️ Sell signal but no position

[15:06:45] Cycle 1660
  💰 Current Price: $84.10
  🎯 Signal: SELL (confidence: 0.20)
  📝 Reason: 5m: MACD bearish; 15m: MACD bearish; 1h: MACD bearish; 4h: RSI oversold (24.5)
  ⚠️ Sell signal but no position

[15:07:16] Cycle 1661
  💰 Current Price: $84.11
  🎯 Signal: SELL (confidence: 0.20)
  📝 Reason: 5m: MACD bearish; 15m: MACD bearish; 1h: MACD bearish; 4h: RSI oversold (24.5)
  ⚠️ Sell signal but no position

[15:07:47] Cycle 1662
  💰 Current Price: $84.10
  🎯 Signal: SELL (confidence: 0.20)
  📝 Reason: 5m: MACD bearish; 15m: MACD bearish; 1h: MACD bearish; 4h: RSI oversold (24.5)
  ⚠️ Sell signal but no position

[15:08:18] Cycle 1663
  💰 Current Price: $84.12
  🎯 Signal: SELL (confidence: 0.20)
  📝 Reason: 5m: MACD bearish; 15m: MACD bearish; 1h: MACD bearish; 4h: RSI oversold (24.5)
  ⚠️ Sell signal but no position

[15:08:49] Cycle 1664
  💰 Current Price: $84.11
  🎯 Signal: SELL (confidence: 0.20)
  📝 Reason: 5m: MACD bearish; 15m: MACD bearish; 1h: MACD bearish; 4h: RSI oversold (24.5)
  ⚠️ Sell signal but no position

[15:09:19] Cycle 1665
  💰 Current Price: $84.10
  🎯 Signal: SELL (confidence: 0.20)
  📝 Reason: 5m: MACD bearish; 15m: MACD bearish; 1h: MACD bearish; 4h: RSI oversold (24.5)
  ⚠️ Sell signal but no position

[15:09:50] Cycle 1666
  💰 Current Price: $84.06
  🎯 Signal: SELL (confidence: 0.20)
  📝 Reason: 5m: MACD bearish; 15m: MACD bearish; 1h: MACD bearish; 4h: RSI oversold (24.5)
  ⚠️ Sell signal but no position

[15:10:21] Cycle 1667
  💰 Current Price: $84.05
  🎯 Signal: SELL (confidence: 0.20)
  📝 Reason: 5m: MACD bearish; 15m: MACD bearish; 1h: MACD bearish; 4h: RSI oversold (24.4)
  ⚠️ Sell signal but no position

[15:10:52] Cycle 1668
  💰 Current Price: $84.05
  🎯 Signal: SELL (confidence: 0.20)
  📝 Reason: 5m: MACD bearish; 15m: MACD bearish; 1h: MACD bearish; 4h: RSI oversold (24.4)
  ⚠️ Sell signal but no position

[15:11:23] Cycle 1669
  💰 Current Price: $84.00
  🎯 Signal: SELL (confidence: 0.20)
  📝 Reason: 5m: MACD bearish; 15m: MACD bearish; 1h: MACD bearish; 4h: RSI oversold (24.3)
  ⚠️ Sell signal but no position

[15:11:54] Cycle 1670
  💰 Current Price: $84.00
  🎯 Signal: SELL (confidence: 0.20)
  📝 Reason: 5m: MACD bearish; 15m: MACD bearish; 1h: MACD bearish; 4h: RSI oversold (24.3)
  ⚠️ Sell signal but no position

[15:12:24] Cycle 1671
  💰 Current Price: $84.00
  🎯 Signal: SELL (confidence: 0.20)
  📝 Reason: 5m: MACD bearish; 15m: MACD bearish; 1h: MACD bearish; 4h: RSI oversold (24.3)
  ⚠️ Sell signal but no position

[15:12:55] Cycle 1672
  💰 Current Price: $84.05
  🎯 Signal: SELL (confidence: 0.20)
  📝 Reason: 5m: MACD bearish; 15m: MACD bearish; 1h: MACD bearish; 4h: RSI oversold (24.4)
  ⚠️ Sell signal but no position

[15:13:26] Cycle 1673
  💰 Current Price: $84.09
  🎯 Signal: SELL (confidence: 0.20)
  📝 Reason: 5m: MACD bearish; 15m: MACD bearish; 1h: MACD bearish; 4h: RSI oversold (24.5)
  ⚠️ Sell signal but no position

[15:13:57] Cycle 1674
  💰 Current Price: $84.10
  🎯 Signal: SELL (confidence: 0.20)
  📝 Reason: 5m: MACD bearish; 15m: MACD bearish; 1h: MACD bearish; 4h: RSI oversold (24.5)
